instrument,trading_date,day_of_week,range_type,dr_high,dr_low,dr_range,idr_high,idr_low,idr_range,confirmed,direction,confirmation_time,confirmation_price,dr_rule_true,retraced_into_dr,outside_dr_closed,mean_sd_up,mean_sd_down,extension_sd,extension_price,extension_time,max_retracement_sd,max_retracement_price,max_retracement_time,reached_05_sd,time_05_sd,retracement_before_extreme_sd,retracement_after_05_sd,first_retracement_occurred,first_retracement_price,first_retracement_time,first_retracement_exact
ES,2015-01-02,Friday,ODR,2066.75,2060.5,6.25,2067.0,2060.5,6.5,True,SHORT,2015-01-02 04:00:00,2060.0,True,True,False,0.0,0.44,0.44,2057.75,2015-01-02 05:18:00,0.2,2061.75,2015-01-02 05:43:00,False,,0.16,,True,2060.75,2015-01-02 04:11:00,0.04
ES,2015-01-02,Friday,RDR,2066.0,2055.75,10.25,2066.25,2055.0,11.25,True,SHORT,2015-01-02 10:30:00,2054.5,True,True,True,0.0,1.6585,1.6585,2038.75,2015-01-02 13:32:00,0.0,2055.75,2015-01-02 15:51:00,True,2015-01-02 10:39:00,0.0,0.0,True,2055.75,2015-01-02 15:51:00,0.0
ES,2015-01-05,Monday,ADR,2042.5,2037.5,5.0,2043.0,2037.25,5.75,True,LONG,2015-01-04 20:40:00,2043.25,True,True,True,1.0,0.0,1.0,2047.5,2015-01-04 23:43:00,0.15,2041.75,2015-01-04 21:37:00,True,2015-01-04 22:39:00,0.15,0.0,True,2042.5,2015-01-04 21:13:00,0.0
ES,2015-01-05,Monday,ODR,2047.5,2041.25,6.25,2048.0,2041.25,6.75,True,SHORT,2015-01-05 05:40:00,2041.0,True,True,True,0.04,0.2,0.2,2040.0,2015-01-05 05:59:00,0.4,2043.75,2015-01-05 06:25:00,False,,0.08,,True,2041.25,2015-01-05 05:45:00,0.0
ES,2015-01-05,Monday,RDR,2039.5,2027.25,12.25,2040.25,2025.5,14.75,True,SHORT,2015-01-05 10:30:00,2025.25,True,False,,0.0,1.449,1.449,2009.5,2015-01-05 15:01:00,0.0,2027.0,2015-01-05 10:57:00,True,2015-01-05 11:10:00,0.0,0.0,False,,,
ES,2015-01-06,Tuesday,ADR,2018.75,2015.75,3.0,2019.0,2015.5,3.5,True,SHORT,2015-01-05 22:40:00,2015.25,True,True,True,0.0,0.9167,0.9167,2013.0,2015-01-05 23:21:00,0.0833,2016.0,2015-01-05 22:52:00,True,2015-01-05 23:12:00,0.0833,0.0,True,2016.0,2015-01-05 22:52:00,0.0833
ES,2015-01-06,Tuesday,ODR,2018.75,2012.25,6.5,2019.0,2011.5,7.5,True,LONG,2015-01-06 06:45:00,2020.0,True,True,False,0.5385,0.1538,0.5385,2022.25,2015-01-06 06:56:00,0.8077,2013.5,2015-01-06 08:23:00,True,2015-01-06 06:51:00,0.0,0.8077,True,2018.5,2015-01-06 07:19:00,0.0385
ES,2015-01-06,Tuesday,RDR,2021.75,2014.0,7.75,2023.25,2012.75,10.5,True,SHORT,2015-01-06 10:45:00,2011.75,True,False,,0.0323,3.8065,3.8065,1984.5,2015-01-06 13:25:00,0.0,2013.5,2015-01-06 10:53:00,True,2015-01-06 10:57:00,0.0,0.0,False,,,
ES,2015-01-07,Wednesday,ODR,2002.5,2000.25,2.25,2002.75,1999.0,3.75,True,SHORT,2015-01-07 04:25:00,1998.5,False,True,False,5.1111,1.4444,1.4444,1997.0,2015-01-07 04:31:00,6.1111,2014.0,2015-01-07 08:15:00,True,2015-01-07 04:30:00,0.0,6.1111,True,2000.75,2015-01-07 04:34:00,0.2222
ES,2015-01-07,Wednesday,RDR,2017.0,2009.25,7.75,2018.0,2007.5,10.5,True,SHORT,2015-01-07 11:10:00,2006.75,False,True,False,0.8387,0.5806,0.5806,2004.75,2015-01-07 11:27:00,1.8387,2023.5,2015-01-07 12:08:00,True,2015-01-07 11:27:00,0.0,1.8387,True,2009.5,2015-01-07 11:32:00,0.0323
ES,2015-01-08,Thursday,ADR,2029.0,2020.25,8.75,2029.25,2020.25,9.0,True,LONG,2015-01-07 20:30:00,2031.0,True,False,,1.0286,0.0,1.0286,2038.0,2015-01-07 20:48:00,0.0,2030.25,2015-01-07 20:36:00,True,2015-01-07 20:44:00,0.0,0.0,False,,,
ES,2015-01-08,Thursday,ODR,2034.25,2030.75,3.5,2034.5,2030.5,4.0,True,LONG,2015-01-08 06:15:00,2036.5,True,False,,1.8571,0.0,1.8571,2040.75,2015-01-08 07:10:00,0.0,2035.0,2015-01-08 08:24:00,True,2015-01-08 06:20:00,0.0,0.0,False,,,
ES,2015-01-08,Thursday,RDR,2048.5,2036.5,12.0,2048.75,2036.0,12.75,True,LONG,2015-01-08 10:45:00,2049.25,True,True,True,0.8125,0.0,0.8125,2058.25,2015-01-08 14:42:00,0.0417,2048.0,2015-01-08 10:51:00,True,2015-01-08 11:07:00,0.0417,0.0,True,2048.25,2015-01-08 10:50:00,0.0208
ES,2015-01-09,Friday,ODR,2053.0,2050.0,3.0,2053.5,2049.75,3.75,True,LONG,2015-01-09 04:05:00,2054.75,False,True,False,0.5833,1.25,0.5833,2054.75,2015-01-09 04:10:00,2.25,2046.25,2015-01-09 08:25:00,True,2015-01-09 04:10:00,0.0,2.25,True,2053.0,2015-01-09 04:30:00,0.0
ES,2015-01-09,Friday,RDR,2060.75,2043.5,17.25,2060.75,2042.5,18.25,True,SHORT,2015-01-09 10:30:00,2039.0,True,True,True,0.0,0.7101,0.7101,2031.25,2015-01-09 11:23:00,0.1884,2046.75,2015-01-09 15:12:00,True,2015-01-09 11:12:00,0.0,0.1884,True,2043.5,2015-01-09 12:08:00,0.0
ES,2015-01-12,Monday,ODR,2045.0,2037.5,7.5,2045.0,2037.5,7.5,True,LONG,2015-01-12 04:55:00,2045.25,True,True,False,0.4,0.0667,0.4,2048.0,2015-01-12 06:15:00,1.0,2037.5,2015-01-12 08:29:00,False,,0.0667,,True,2044.5,2015-01-12 05:29:00,0.0667
ES,2015-01-12,Monday,RDR,2040.5,2018.0,22.5,2042.0,2015.25,26.75,False,,,,,,,0.0,0.1,,,,,,,False,,,,False,,,
ES,2015-01-13,Tuesday,ADR,2023.75,2022.25,1.5,2024.0,2022.25,1.75,True,LONG,2015-01-12 21:05:00,2024.75,True,True,True,2.3333,0.0,2.3333,2027.25,2015-01-13 01:13:00,1.0,2022.25,2015-01-12 22:48:00,True,2015-01-12 21:10:00,1.0,1.0,True,2023.75,2015-01-12 21:17:00,0.0
ES,2015-01-13,Tuesday,ODR,2027.0,2021.0,6.0,2027.0,2020.0,7.0,True,LONG,2015-01-13 04:35:00,2029.75,True,True,True,1.4167,0.0,1.4167,2035.5,2015-01-13 07:00:00,0.0417,2026.75,2015-01-13 05:28:00,True,2015-01-13 04:40:00,0.0417,0.0417,True,2027.0,2015-01-13 05:25:00,0.0
ES,2015-01-13,Tuesday,RDR,2050.25,2038.0,12.25,2051.25,2037.25,14.0,True,SHORT,2015-01-13 12:20:00,2034.75,True,False,,0.0204,3.0204,3.0204,2001.0,2015-01-13 14:14:00,0.0,2036.25,2015-01-13 13:06:00,True,2015-01-13 12:40:00,0.0,0.0,False,,,
ES,2015-01-14,Wednesday,ADR,2016.0,2015.0,1.0,2016.0,2014.75,1.25,True,SHORT,2015-01-13 20:30:00,2013.5,True,False,,0.0,18.75,18.75,1996.25,2015-01-14 01:52:00,0.0,2014.25,2015-01-13 20:56:00,True,2015-01-13 20:35:00,0.0,0.0,False,,,
ES,2015-01-14,Wednesday,ODR,2007.5,2001.5,6.0,2011.5,2001.25,10.25,True,LONG,2015-01-14 04:50:00,2011.75,False,True,False,2.0,0.2917,2.0,2019.5,2015-01-14 05:07:00,1.2917,1999.75,2015-01-14 08:24:00,True,2015-01-14 04:55:00,0.0,1.2917,True,2006.75,2015-01-14 06:59:00,0.125
ES,2015-01-14,Wednesday,RDR,2005.25,1992.0,13.25,2006.75,1990.25,16.5,True,SHORT,2015-01-14 12:50:00,1990.0,True,True,False,0.0755,0.8113,0.8113,1981.25,2015-01-14 13:45:00,1.0755,2006.25,2015-01-14 15:20:00,True,2015-01-14 13:39:00,0.1509,1.0755,True,1992.5,2015-01-14 12:58:00,0.0377
ES,2015-01-15,Thursday,ADR,2010.75,2008.0,2.75,2010.75,2007.5,3.25,True,LONG,2015-01-15 00:25:00,2013.25,True,False,,5.9091,0.2727,5.9091,2027.0,2015-01-15 01:50:00,0.0,2013.5,2015-01-15 00:30:00,True,2015-01-15 00:30:00,0.0,0.0,False,,,
ES,2015-01-15,Thursday,ODR,2024.25,2019.25,5.0,2024.25,2018.75,5.5,True,SHORT,2015-01-15 04:30:00,2015.25,True,False,,0.0,6.65,6.65,1986.0,2015-01-15 04:52:00,0.0,2017.25,2015-01-15 04:44:00,True,2015-01-15 04:35:00,0.0,0.0,False,,,
ES,2015-01-15,Thursday,RDR,2011.5,1993.75,17.75,2015.75,1991.25,24.5,True,SHORT,2015-01-15 12:35:00,1990.75,True,True,True,0.0,0.507,0.507,1984.75,2015-01-15 15:57:00,0.2394,1998.0,2015-01-15 14:59:00,True,2015-01-15 15:57:00,0.2394,0.0,True,1994.5,2015-01-15 13:05:00,0.0423
ES,2015-01-16,Friday,ADR,1978.25,1973.75,4.5,1979.0,1973.75,5.25,True,SHORT,2015-01-15 21:10:00,1973.5,False,True,False,0.3333,0.7778,0.7778,1970.25,2015-01-15 21:45:00,1.3333,1979.75,2015-01-16 01:07:00,True,2015-01-15 21:32:00,0.0556,1.3333,True,1973.75,2015-01-15 21:15:00,0.0
ES,2015-01-16,Friday,ODR,1988.25,1980.75,7.5,1988.5,1979.5,9.0,True,SHORT,2015-01-16 04:25:00,1979.25,True,True,True,0.0,1.0,1.0,1973.25,2015-01-16 04:47:00,0.9333,1987.75,2015-01-16 06:31:00,True,2015-01-16 04:31:00,0.0,0.9333,True,1980.75,2015-01-16 05:36:00,0.0
ES,2015-01-16,Friday,RDR,1992.0,1981.25,10.75,1994.25,1981.25,13.0,True,LONG,2015-01-16 10:55:00,1998.25,True,False,,2.0698,0.0,2.0698,2014.25,2015-01-16 15:57:00,0.0,1992.75,2015-01-16 11:28:00,True,2015-01-16 11:00:00,0.0,0.0,False,,,
ES,2015-01-19,Monday,ADR,2021.25,2016.25,5.0,2023.5,2015.5,8.0,True,SHORT,2015-01-18 20:35:00,2015.25,True,True,True,0.0,1.65,1.65,2008.0,2015-01-19 01:59:00,0.0,2016.25,2015-01-18 20:45:00,True,2015-01-18 20:49:00,0.0,0.0,True,2016.25,2015-01-18 20:45:00,0.0
ES,2015-01-19,Monday,ODR,2010.0,2005.75,4.25,2010.5,2005.0,5.5,True,SHORT,2015-01-19 04:40:00,2004.5,True,True,False,0.0,0.6471,0.6471,2003.0,2015-01-19 05:54:00,0.8235,2009.25,2015-01-19 08:25:00,True,2015-01-19 05:03:00,0.2941,0.8235,True,2005.75,2015-01-19 04:48:00,0.0
ES,2015-01-19,Monday,RDR,2017.75,2014.5,3.25,2018.75,2014.0,4.75,True,SHORT,2015-01-19 11:10:00,2013.25,True,False,,0.0,2.3846,2.3846,2006.75,2015-01-19 12:33:00,0.0,2013.25,2015-01-19 11:16:00,True,2015-01-19 11:15:00,0.0,0.0,False,,,
ES,2015-01-20,Tuesday,ADR,2013.75,2009.5,4.25,2013.75,2008.75,5.0,True,LONG,2015-01-19 20:45:00,2014.25,True,True,True,1.4118,0.0,1.4118,2019.75,2015-01-20 01:31:00,0.4118,2012.0,2015-01-19 22:10:00,True,2015-01-19 20:56:00,0.4118,0.4118,True,2013.75,2015-01-19 21:46:00,0.0
ES,2015-01-20,Tuesday,ODR,2021.75,2016.75,5.0,2021.75,2016.25,5.5,True,SHORT,2015-01-20 04:40:00,2016.0,False,True,False,0.85,0.3,0.3,2015.25,2015-01-20 04:52:00,1.85,2026.0,2015-01-20 07:48:00,False,,0.0,,True,2016.75,2015-01-20 04:57:00,0.0
ES,2015-01-20,Tuesday,RDR,2022.0,2005.5,16.5,2023.25,2003.5,19.75,True,SHORT,2015-01-20 10:40:00,2003.0,True,True,False,0.0,0.4848,0.4848,1997.5,2015-01-20 11:48:00,0.8485,2019.5,2015-01-20 15:18:00,False,,0.0909,,True,2005.5,2015-01-20 10:46:00,0.0
ES,2015-01-21,Wednesday,ODR,2016.75,2013.0,3.75,2017.5,2012.5,5.0,True,LONG,2015-01-21 04:05:00,2017.75,False,True,False,0.3333,1.3333,0.3333,2018.0,2015-01-21 05:48:00,2.3333,2008.0,2015-01-21 07:23:00,False,,0.5333,,True,2016.75,2015-01-21 04:11:00,0.0
ES,2015-01-21,Wednesday,RDR,2021.25,2006.0,15.25,2024.0,2005.25,18.75,True,LONG,2015-01-21 10:45:00,2027.0,True,True,True,0.7377,0.0,0.7377,2032.5,2015-01-21 11:01:00,0.3279,2016.25,2015-01-21 14:02:00,True,2015-01-21 10:53:00,0.0,0.3279,True,2021.25,2015-01-21 13:27:00,0.0
ES,2015-01-22,Thursday,ADR,2029.0,2026.0,3.0,2029.0,2026.0,3.0,True,LONG,2015-01-21 20:55:00,2030.0,True,True,True,1.0833,0.0,1.0833,2032.25,2015-01-22 01:43:00,0.1667,2028.5,2015-01-21 21:22:00,True,2015-01-22 01:07:00,0.1667,0.0,True,2029.0,2015-01-21 21:05:00,0.0
ES,2015-01-22,Thursday,ODR,2034.25,2031.75,2.5,2034.25,2031.75,2.5,True,LONG,2015-01-22 04:30:00,2034.75,False,True,True,1.7,1.5,1.7,2038.5,2015-01-22 07:57:00,2.5,2028.0,2015-01-22 06:16:00,True,2015-01-22 04:37:00,2.5,2.5,True,2034.0,2015-01-22 04:39:00,0.1
ES,2015-01-22,Thursday,RDR,2036.75,2022.75,14.0,2040.75,2019.25,21.5,True,LONG,2015-01-22 10:50:00,2041.75,True,True,True,1.5714,0.0,1.5714,2058.75,2015-01-22 15:20:00,0.0179,2036.5,2015-01-22 11:51:00,True,2015-01-22 10:55:00,0.0179,0.0179,True,2036.75,2015-01-22 11:50:00,0.0
ES,2015-01-23,Friday,ADR,2054.5,2053.75,0.75,2054.75,2053.5,1.25,True,SHORT,2015-01-22 21:20:00,2053.25,False,True,False,1.3333,1.3333,1.3333,2052.75,2015-01-22 21:40:00,2.3333,2055.5,2015-01-23 01:17:00,True,2015-01-22 21:25:00,0.0,2.3333,True,2053.75,2015-01-22 21:58:00,0.0
ES,2015-01-23,Friday,ODR,2061.5,2054.5,7.0,2061.75,2054.0,7.75,False,,,,,,,0.0714,0.0,,,,,,,False,,,,False,,,
ES,2015-01-23,Friday,RDR,2053.5,2049.5,4.0,2055.0,2048.5,6.5,True,SHORT,2015-01-23 10:45:00,2048.0,False,True,True,0.875,1.375,1.375,2044.0,2015-01-23 15:57:00,1.875,2057.0,2015-01-23 12:38:00,True,2015-01-23 10:51:00,1.875,1.875,True,2051.0,2015-01-23 10:53:00,0.375
ES,2015-01-26,Monday,ADR,2033.5,2029.75,3.75,2034.0,2029.5,4.5,True,LONG,2015-01-26 01:50:00,2035.5,True,False,,0.5333,0.0,0.4667,2035.25,2015-01-26 01:55:00,0.0,2034.25,2015-01-26 01:57:00,False,,0.0,,False,,,
ES,2015-01-26,Monday,ODR,2039.0,2035.5,3.5,2039.5,2035.25,4.25,True,LONG,2015-01-26 04:10:00,2040.5,True,True,True,1.2143,0.0714,1.2143,2043.25,2015-01-26 08:07:00,1.0714,2035.25,2015-01-26 04:38:00,True,2015-01-26 04:16:00,1.0714,1.0714,True,2038.75,2015-01-26 04:19:00,0.0714
ES,2015-01-26,Monday,RDR,2043.0,2034.75,8.25,2043.5,2034.5,9.0,True,LONG,2015-01-26 10:40:00,2044.5,True,True,True,1.0303,0.0,1.0303,2051.5,2015-01-26 13:48:00,0.0909,2042.25,2015-01-26 11:35:00,True,2015-01-26 10:50:00,0.0909,0.0909,True,2042.75,2015-01-26 11:28:00,0.0303
ES,2015-01-27,Tuesday,ODR,2053.0,2048.25,4.75,2053.25,2047.0,6.25,True,SHORT,2015-01-27 04:05:00,2046.5,True,False,,0.0,3.5789,3.5789,2031.25,2015-01-27 08:11:00,0.0,2048.0,2015-01-27 04:18:00,True,2015-01-27 04:47:00,0.0,0.0,False,,,
ES,2015-01-27,Tuesday,RDR,2028.5,2022.25,6.25,2029.5,2021.5,8.0,True,SHORT,2015-01-27 10:30:00,2019.0,False,True,False,1.36,1.44,1.44,2013.25,2015-01-27 10:45:00,2.36,2037.0,2015-01-27 14:27:00,True,2015-01-27 10:35:00,0.0,2.36,True,2022.75,2015-01-27 11:31:00,0.08
ES,2015-01-28,Wednesday,ADR,2036.75,2033.25,3.5,2037.0,2033.25,3.75,True,LONG,2015-01-27 22:10:00,2037.75,True,False,,2.7143,0.0,2.7143,2046.25,2015-01-27 23:12:00,0.0,2037.25,2015-01-27 22:16:00,True,2015-01-27 22:30:00,0.0,0.0,False,,,
ES,2015-01-28,Wednesday,ODR,2042.25,2035.75,6.5,2043.0,2035.25,7.75,True,SHORT,2015-01-28 04:05:00,2033.5,True,True,False,0.0,1.1154,1.1154,2028.5,2015-01-28 05:25:00,0.7308,2040.5,2015-01-28 04:51:00,True,2015-01-28 05:18:00,0.7308,0.6154,True,2035.75,2015-01-28 04:20:00,0.0
ES,2015-01-28,Wednesday,RDR,2037.25,2029.75,7.5,2038.5,2029.75,8.75,True,SHORT,2015-01-28 10:30:00,2026.25,True,True,True,0.0,4.7,4.7,1994.5,2015-01-28 15:45:00,0.2,2031.25,2015-01-28 14:01:00,True,2015-01-28 10:35:00,0.2,0.2,True,2030.5,2015-01-28 12:27:00,0.1
ES,2015-01-29,Thursday,ADR,1996.75,1994.75,2.0,1996.75,1994.5,2.25,True,SHORT,2015-01-29 00:15:00,1992.75,True,False,,0.25,3.5,3.5,1987.75,2015-01-29 00:46:00,0.0,1993.75,2015-01-29 01:33:00,True,2015-01-29 00:20:00,0.0,0.0,False,,,
ES,2015-01-29,Thursday,ODR,1998.75,1992.5,6.25,1999.0,1991.75,7.25,True,LONG,2015-01-29 05:40:00,1999.5,True,True,False,0.64,0.16,0.64,2002.75,2015-01-29 06:57:00,1.08,1992.0,2015-01-29 08:11:00,True,2015-01-29 06:53:00,0.48,1.08,True,1998.5,2015-01-29 05:49:00,0.04
ES,2015-01-29,Thursday,RDR,1998.75,1988.25,10.5,2001.25,1985.75,15.5,True,SHORT,2015-01-29 10:40:00,1984.25,False,True,False,1.881,0.5952,0.5952,1982.0,2015-01-29 10:45:00,2.881,2018.5,2015-01-29 15:41:00,True,2015-01-29 10:45:00,0.0,2.881,True,1988.25,2015-01-29 10:58:00,0.0
ES,2015-01-30,Friday,ADR,2016.25,2014.75,1.5,2016.25,2014.75,1.5,True,SHORT,2015-01-29 20:40:00,2013.75,True,True,True,0.0,2.0,2.0,2011.75,2015-01-29 23:15:00,0.3333,2015.25,2015-01-30 01:54:00,True,2015-01-29 20:45:00,0.0,0.3333,True,2014.75,2015-01-29 21:28:00,0.0
ES,2015-01-30,Friday,ODR,2012.5,2008.25,4.25,2013.5,2007.5,6.0,True,SHORT,2015-01-30 04:05:00,2006.0,True,False,,0.0,2.5882,2.5882,1997.25,2015-01-30 08:27:00,0.0,2007.75,2015-01-30 04:12:00,True,2015-01-30 04:10:00,0.0,0.0,False,,,
ES,2015-01-30,Friday,RDR,2009.5,2000.25,9.25,2012.25,1999.25,13.0,True,SHORT,2015-01-30 10:30:00,1997.25,False,True,True,0.8108,1.5135,1.5135,1986.25,2015-01-30 15:59:00,1.8108,2017.0,2015-01-30 14:30:00,True,2015-01-30 11:13:00,1.8108,1.8108,True,2001.0,2015-01-30 10:42:00,0.0811
ES,2015-02-02,Monday,ADR,1992.0,1988.75,3.25,1992.5,1988.0,4.5,True,LONG,2015-02-01 20:55:00,1993.25,True,True,False,0.7692,0.0,0.7692,1994.5,2015-02-01 21:15:00,0.4615,1990.5,2015-02-01 21:41:00,True,2015-02-01 21:15:00,0.0,0.4615,True,1991.75,2015-02-01 21:37:00,0.0769
ES,2015-02-02,Monday,ODR,1995.25,1990.75,4.5,1996.0,1990.5,5.5,True,SHORT,2015-02-02 04:15:00,1989.5,False,True,False,0.5556,0.7778,0.7778,1987.25,2015-02-02 05:10:00,1.5556,1997.75,2015-02-02 06:26:00,True,2015-02-02 05:05:00,0.5556,1.5556,True,1991.25,2015-02-02 04:24:00,0.1111
ES,2015-02-02,Monday,RDR,1995.5,1976.25,19.25,1997.75,1973.75,24.0,True,LONG,2015-02-02 11:30:00,2000.0,True,True,True,1.026,0.0,1.026,2015.25,2015-02-02 15:43:00,0.6234,1983.5,2015-02-02 13:57:00,True,2015-02-02 15:37:00,0.6234,0.0,True,1995.25,2015-02-02 12:02:00,0.013
ES,2015-02-03,Tuesday,ADR,2013.5,2011.0,2.5,2013.5,2011.0,2.5,True,SHORT,2015-02-02 23:05:00,2009.5,True,True,False,0.5,1.6,1.6,2007.0,2015-02-03 00:22:00,0.7,2012.75,2015-02-03 01:56:00,True,2015-02-02 23:10:00,0.0,0.7,True,2011.0,2015-02-03 01:48:00,0.0
ES,2015-02-03,Tuesday,ODR,2024.25,2013.75,10.5,2024.75,2013.0,11.75,True,LONG,2015-02-03 06:30:00,2026.25,True,True,False,0.2857,0.0,0.2857,2027.25,2015-02-03 06:36:00,0.5952,2018.0,2015-02-03 08:10:00,False,,0.0,,True,2024.25,2015-02-03 06:48:00,0.0
ES,2015-02-03,Tuesday,RDR,2033.5,2025.5,8.0,2034.25,2024.0,10.25,True,SHORT,2015-02-03 10:55:00,2023.0,False,True,False,1.2812,0.5625,0.5625,2021.0,2015-02-03 12:03:00,2.2812,2043.75,2015-02-03 15:59:00,True,2015-02-03 12:03:00,0.6875,2.2812,True,2025.5,2015-02-03 11:03:00,0.0
ES,2015-02-04,Wednesday,ADR,2042.5,2039.5,3.0,2042.5,2039.5,3.0,True,LONG,2015-02-04 00:30:00,2042.75,True,True,False,0.0833,0.0,0.0833,2042.75,2015-02-04 00:35:00,0.8333,2040.0,2015-02-04 01:21:00,False,,0.0,,True,2042.5,2015-02-04 00:35:00,0.0
ES,2015-02-04,Wednesday,ODR,2040.5,2037.5,3.0,2041.5,2037.5,4.0,True,SHORT,2015-02-04 04:40:00,2037.25,True,True,True,0.75,1.5,1.5,2033.0,2015-02-04 05:26:00,1.75,2042.75,2015-02-04 05:27:00,True,2015-02-04 04:48:00,0.1667,1.75,True,2037.75,2015-02-04 04:45:00,0.0833
ES,2015-02-04,Wednesday,RDR,2040.0,2034.75,5.25,2042.5,2033.5,9.0,True,LONG,2015-02-04 11:20:00,2043.25,False,True,False,1.7143,0.8571,1.7143,2049.0,2015-02-04 15:34:00,1.8571,2030.25,2015-02-04 15:46:00,True,2015-02-04 11:25:00,0.8095,1.8571,True,2039.5,2015-02-04 12:29:00,0.0952
ES,2015-02-05,Thursday,ADR,2026.25,2024.5,1.75,2026.25,2024.5,1.75,True,SHORT,2015-02-04 21:05:00,2023.75,False,True,True,0.7143,2.1429,2.1429,2020.75,2015-02-04 21:16:00,1.7143,2027.5,2015-02-05 00:08:00,True,2015-02-04 21:10:00,0.0,1.7143,True,2025.0,2015-02-04 21:50:00,0.2857
ES,2015-02-05,Thursday,ODR,2036.5,2029.5,7.0,2037.5,2028.0,9.5,True,LONG,2015-02-05 04:40:00,2039.0,True,False,,1.3571,0.0,1.3571,2046.0,2015-02-05 07:17:00,0.0,2037.5,2015-02-05 06:50:00,True,2015-02-05 04:57:00,0.0,0.0,False,,,
ES,2015-02-05,Thursday,RDR,2051.25,2044.25,7.0,2052.5,2043.0,9.5,True,LONG,2015-02-05 10:35:00,2052.75,True,True,True,1.0357,0.0,1.0357,2058.5,2015-02-05 15:44:00,0.3929,2048.5,2015-02-05 12:56:00,True,2015-02-05 10:50:00,0.3929,0.3929,True,2050.5,2015-02-05 11:17:00,0.1071
ES,2015-02-06,Friday,ODR,2057.25,2056.0,1.25,2058.5,2055.0,3.5,False,,,,,,,1.0,1.0,,,,,,,False,,,,False,,,
ES,2015-02-06,Friday,RDR,2064.5,2058.0,6.5,2065.0,2056.0,9.0,True,LONG,2015-02-06 10:40:00,2067.0,False,True,False,0.5,2.0769,0.5,2067.75,2015-02-06 10:48:00,3.0769,2044.5,2015-02-06 15:30:00,True,2015-02-06 10:48:00,0.0,3.0769,True,2064.25,2015-02-06 11:04:00,0.0385
ES,2015-02-09,Monday,ADR,2045.5,2041.5,4.0,2045.75,2041.0,4.75,False,,,,,,,0.125,0.0,,,,,,,False,,,,False,,,
ES,2015-02-09,Monday,ODR,2046.5,2040.25,6.25,2047.0,2039.5,7.5,False,,,,,,,0.0,0.12,,,,,,,False,,,,False,,,
ES,2015-02-09,Monday,RDR,2049.25,2043.0,6.25,2051.25,2042.75,8.5,True,SHORT,2015-02-09 14:15:00,2041.75,True,True,True,0.36,1.04,1.04,2036.5,2015-02-09 15:20:00,0.4,2045.5,2015-02-09 14:39:00,True,2015-02-09 15:00:00,0.4,0.2,True,2043.25,2015-02-09 14:22:00,0.04
ES,2015-02-10,Tuesday,ADR,2045.75,2043.5,2.25,2045.75,2043.5,2.25,True,LONG,2015-02-10 00:35:00,2046.0,True,True,False,0.3333,0.0,0.0,2045.75,2015-02-10 00:40:00,0.7778,2044.0,2015-02-10 01:03:00,False,,0.0,,True,2045.75,2015-02-10 00:40:00,0.0
ES,2015-02-10,Tuesday,ODR,2046.25,2041.0,5.25,2047.0,2041.0,6.0,True,SHORT,2015-02-10 04:25:00,2040.5,False,True,False,2.381,0.0952,0.0952,2040.5,2015-02-10 04:30:00,3.381,2058.75,2015-02-10 07:16:00,False,,0.0,,True,2041.25,2015-02-10 04:32:00,0.0476
ES,2015-02-10,Tuesday,RDR,2053.5,2047.5,6.0,2054.25,2046.5,7.75,True,SHORT,2015-02-10 10:45:00,2044.25,False,True,False,2.125,0.7083,0.5833,2044.0,2015-02-10 10:50:00,3.125,2066.25,2015-02-10 15:44:00,True,2015-02-10 10:50:00,0.0,3.125,True,2047.5,2015-02-10 10:58:00,0.0
ES,2015-02-11,Wednesday,ODR,2061.5,2059.25,2.25,2061.75,2058.75,3.0,True,SHORT,2015-02-11 06:30:00,2058.25,True,True,False,0.0,0.6667,0.6667,2057.75,2015-02-11 06:41:00,0.5556,2060.5,2015-02-11 07:31:00,True,2015-02-11 06:35:00,0.0,0.5556,True,2059.5,2015-02-11 06:51:00,0.1111
ES,2015-02-11,Wednesday,RDR,2064.0,2060.75,3.25,2064.5,2059.5,5.0,True,SHORT,2015-02-11 12:55:00,2059.0,False,True,False,1.6923,2.3077,2.3077,2053.25,2015-02-11 13:14:00,2.6923,2069.5,2015-02-11 15:26:00,True,2015-02-11 13:00:00,0.0,2.6923,True,2061.5,2015-02-11 13:57:00,0.2308
ES,2015-02-12,Thursday,ADR,2067.0,2059.75,7.25,2067.0,2059.5,7.5,True,SHORT,2015-02-11 20:40:00,2059.0,True,True,False,0.0,0.1724,0.1724,2058.5,2015-02-11 20:48:00,0.7931,2065.5,2015-02-11 23:55:00,False,,0.0,,True,2060.25,2015-02-11 20:54:00,0.069
ES,2015-02-12,Thursday,ODR,2066.75,2061.75,5.0,2067.75,2061.75,6.0,True,LONG,2015-02-12 04:05:00,2071.75,True,False,,2.15,0.0,2.15,2077.5,2015-02-12 05:49:00,0.0,2069.5,2015-02-12 04:20:00,True,2015-02-12 04:10:00,0.0,0.0,False,,,
ES,2015-02-12,Thursday,RDR,2078.75,2072.25,6.5,2079.5,2071.75,7.75,True,LONG,2015-02-12 13:00:00,2080.0,True,False,,1.0,0.0,1.0,2085.25,2015-02-12 15:43:00,0.0,2079.25,2015-02-12 13:23:00,True,2015-02-12 13:34:00,0.0,0.0,False,,,
ES,2015-02-13,Friday,ODR,2087.5,2084.75,2.75,2088.0,2084.0,4.0,True,LONG,2015-02-13 04:10:00,2088.75,True,True,True,0.7273,0.0,0.5455,2089.0,2015-02-13 04:15:00,0.5455,2086.0,2015-02-13 07:19:00,True,2015-02-13 04:15:00,0.0,0.5455,True,2087.5,2015-02-13 04:24:00,0.0
ES,2015-02-13,Friday,RDR,2089.75,2085.75,4.0,2090.5,2084.75,5.75,True,LONG,2015-02-13 11:10:00,2090.75,False,True,True,0.9375,0.75,0.9375,2093.5,2015-02-13 15:57:00,1.75,2082.75,2015-02-13 13:36:00,True,2015-02-13 15:26:00,1.75,0.0,True,2089.5,2015-02-13 11:22:00,0.0625
ES,2015-02-16,Monday,ADR,2089.75,2088.75,1.0,2089.75,2088.75,1.0,True,LONG,2015-02-15 20:45:00,2090.0,True,True,True,1.5,0.0,1.5,2091.25,2015-02-16 00:21:00,0.5,2089.25,2015-02-15 22:39:00,True,2015-02-15 21:31:00,0.5,0.5,True,2089.75,2015-02-15 21:47:00,0.0
ES,2015-02-16,Monday,ODR,2090.25,2087.75,2.5,2090.25,2087.75,2.5,True,LONG,2015-02-16 04:45:00,2090.5,True,True,False,0.5,0.0,0.5,2091.5,2015-02-16 08:20:00,0.4,2089.25,2015-02-16 05:51:00,True,2015-02-16 08:20:00,0.4,0.2,True,2090.25,2015-02-16 04:50:00,0.0
ES,2015-02-17,Tuesday,ODR,2084.0,2081.5,2.5,2084.25,2080.75,3.5,True,LONG,2015-02-17 04:00:00,2085.0,True,False,,3.5,0.0,3.5,2092.75,2015-02-17 06:05:00,0.0,2084.5,2015-02-17 04:06:00,True,2015-02-17 04:08:00,0.0,0.0,False,,,
ES,2015-02-17,Tuesday,RDR,2092.0,2086.5,5.5,2092.0,2086.25,5.75,True,LONG,2015-02-17 12:00:00,2092.25,True,True,True,1.1818,0.0,1.1818,2098.5,2015-02-17 13:32:00,0.1364,2091.25,2015-02-17 12:12:00,True,2015-02-17 13:04:00,0.1364,0.0,True,2092.0,2015-02-17 12:05:00,0.0
ES,2015-02-18,Wednesday,ODR,2097.25,2095.75,1.5,2097.75,2095.5,2.25,True,SHORT,2015-02-18 05:10:00,2095.0,True,True,True,0.3333,2.0,2.0,2092.75,2015-02-18 08:25:00,0.0,2095.75,2015-02-18 06:17:00,True,2015-02-18 05:15:00,0.0,0.0,True,2095.75,2015-02-18 06:17:00,0.0
ES,2015-02-18,Wednesday,RDR,2094.0,2089.25,4.75,2094.25,2088.5,5.75,True,LONG,2015-02-18 14:05:00,2095.0,True,True,True,0.6842,0.0526,0.6842,2097.25,2015-02-18 15:19:00,0.6842,2090.75,2015-02-18 14:28:00,True,2015-02-18 15:06:00,0.6842,0.0526,True,2094.0,2015-02-18 14:18:00,0.0
ES,2015-02-19,Thursday,ODR,2090.5,2088.5,2.0,2091.0,2087.5,3.5,True,LONG,2015-02-19 04:15:00,2091.25,True,True,True,4.375,0.0,4.375,2099.25,2015-02-19 07:10:00,0.25,2090.0,2015-02-19 07:25:00,True,2015-02-19 04:21:00,0.0,0.25,True,2090.0,2015-02-19 07:25:00,0.25
ES,2015-02-19,Thursday,RDR,2094.75,2088.5,6.25,2095.25,2087.5,7.75,True,LONG,2015-02-19 10:35:00,2095.5,True,True,True,0.72,0.0,0.72,2099.25,2015-02-19 11:45:00,0.52,2091.5,2015-02-19 12:36:00,True,2015-02-19 11:41:00,0.12,0.52,True,2094.75,2015-02-19 10:40:00,0.0
ES,2015-02-20,Friday,ODR,2094.0,2092.5,1.5,2094.75,2092.5,2.25,True,LONG,2015-02-20 05:50:00,2096.0,False,True,False,2.8333,2.3333,2.8333,2098.25,2015-02-20 07:04:00,3.3333,2089.0,2015-02-20 08:29:00,True,2015-02-20 05:55:00,0.0,3.3333,True,2094.0,2015-02-20 07:07:00,0.0
ES,2015-02-20,Friday,RDR,2093.0,2083.25,9.75,2093.25,2082.0,11.25,True,LONG,2015-02-20 12:15:00,2094.0,True,True,True,1.5897,0.0,1.5897,2108.5,2015-02-20 15:10:00,0.1538,2091.5,2015-02-20 12:33:00,True,2015-02-20 12:42:00,0.1538,0.0,True,2093.0,2015-02-20 12:27:00,0.0
ES,2015-02-23,Monday,ODR,2105.25,2103.0,2.25,2105.5,2102.75,2.75,True,SHORT,2015-02-23 04:05:00,2102.0,True,True,False,0.0,0.7778,0.7778,2101.25,2015-02-23 06:30:00,0.4444,2104.0,2015-02-23 07:50:00,True,2015-02-23 06:27:00,0.1111,0.4444,True,2103.0,2015-02-23 04:21:00,0.0
ES,2015-02-23,Monday,RDR,2104.25,2100.75,3.5,2104.75,2099.75,5.0,True,LONG,2015-02-23 11:20:00,2105.25,False,True,True,0.7857,0.1429,0.7857,2107.0,2015-02-23 15:59:00,1.1429,2100.25,2015-02-23 15:06:00,True,2015-02-23 11:35:00,1.1429,1.1429,True,2103.5,2015-02-23 12:20:00,0.2143
ES,2015-02-24,Tuesday,ODR,2107.75,2105.75,2.0,2108.0,2105.75,2.25,True,SHORT,2015-02-24 04:00:00,2105.25,True,True,False,0.0,0.375,0.375,2105.0,2015-02-24 04:06:00,1.0,2107.75,2015-02-24 06:19:00,False,,0.0,,True,2105.75,2015-02-24 04:19:00,0.0
ES,2015-02-24,Tuesday,RDR,2110.75,2105.5,5.25,2111.5,2102.75,8.75,True,LONG,2015-02-24 11:05:00,2111.75,True,True,True,0.9524,0.0,0.9524,2115.75,2015-02-24 15:40:00,0.8571,2106.25,2015-02-24 12:31:00,True,2015-02-24 11:12:00,0.8571,0.8571,True,2110.25,2015-02-24 12:00:00,0.0952
ES,2015-02-25,Wednesday,ODR,2113.5,2111.75,1.75,2114.0,2111.75,2.25,True,SHORT,2015-02-25 04:30:00,2111.0,True,True,True,0.0,1.0,1.0,2110.0,2015-02-25 07:00:00,0.4286,2112.5,2015-02-25 05:28:00,True,2015-02-25 04:36:00,0.4286,0.4286,True,2111.75,2015-02-25 04:45:00,0.0
ES,2015-02-25,Wednesday,RDR,2112.0,2109.25,2.75,2112.75,2108.75,4.0,True,LONG,2015-02-25 11:45:00,2113.0,False,True,False,2.0,0.7273,2.0,2117.5,2015-02-25 13:39:00,1.7273,2107.25,2015-02-25 15:05:00,True,2015-02-25 11:51:00,0.0,1.7273,True,2112.0,2015-02-25 14:36:00,0.0
ES,2015-02-26,Thursday,ODR,2113.0,2110.0,3.0,2113.0,2110.0,3.0,True,LONG,2015-02-26 04:10:00,2113.5,True,True,False,0.5833,0.0,0.5833,2114.75,2015-02-26 06:34:00,0.3333,2112.0,2015-02-26 07:38:00,True,2015-02-26 04:22:00,0.1667,0.3333,True,2113.0,2015-02-26 04:37:00,0.0
ES,2015-02-26,Thursday,RDR,2111.25,2104.0,7.25,2111.5,2103.75,7.75,True,SHORT,2015-02-26 15:00:00,2102.25,True,True,False,0.1034,0.3448,0.2759,2102.0,2015-02-26 15:05:00,0.8276,2110.0,2015-02-26 15:55:00,False,,0.0,,True,2104.0,2015-02-26 15:09:00,0.0
ES,2015-02-27,Friday,ODR,2108.25,2106.5,1.75,2108.5,2106.5,2.0,True,SHORT,2015-02-27 04:00:00,2106.25,True,True,False,0.0,0.7143,0.7143,2105.25,2015-02-27 04:23:00,0.5714,2107.5,2015-02-27 06:53:00,True,2015-02-27 04:23:00,0.2857,0.5714,True,2106.75,2015-02-27 04:05:00,0.1429
ES,2015-02-27,Friday,RDR,2109.0,2104.75,4.25,2109.25,2103.25,6.0,True,LONG,2015-02-27 10:45:00,2109.5,False,True,False,0.4118,0.7647,0.4118,2110.75,2015-02-27 12:30:00,1.7647,2101.5,2015-02-27 15:40:00,False,,0.5294,,True,2109.0,2015-02-27 10:50:00,0.0
ES,2015-03-02,Monday,ODR,2108.25,2104.25,4.0,2109.0,2104.25,4.75,True,SHORT,2015-03-02 06:45:00,2103.25,True,True,True,0.0,0.6875,0.6875,2101.5,2015-03-02 08:08:00,0.0,2104.25,2015-03-02 07:25:00,True,2015-03-02 07:45:00,0.0,0.0,True,2104.25,2015-03-02 07:25:00,0.0
ES,2015-03-02,Monday,RDR,2111.25,2102.75,8.5,2111.5,2102.25,9.25,True,LONG,2015-03-02 11:30:00,2112.0,True,True,True,0.4706,0.0,0.4706,2115.25,2015-03-02 15:50:00,0.5,2107.0,2015-03-02 12:20:00,False,,0.5,,True,2111.25,2015-03-02 11:39:00,0.0
ES,2015-03-03,Tuesday,ODR,2112.5,2111.25,1.25,2112.5,2111.0,1.5,True,LONG,2015-03-03 05:35:00,2112.75,False,True,False,0.4,3.0,0.2,2112.75,2015-03-03 05:54:00,4.0,2107.5,2015-03-03 08:25:00,False,,0.2,,True,2112.5,2015-03-03 05:40:00,0.0
ES,2015-03-03,Tuesday,RDR,2110.25,2102.75,7.5,2110.5,2102.5,8.0,True,SHORT,2015-03-03 11:10:00,2102.0,True,True,False,0.0,0.9667,0.9667,2095.5,2015-03-03 12:25:00,0.5667,2107.0,2015-03-03 14:30:00,True,2015-03-03 11:34:00,0.2333,0.5667,True,2103.25,2015-03-03 11:15:00,0.0667
ES,2015-03-04,Wednesday,ADR,2103.25,2101.5,1.75,2103.25,2101.5,1.75,True,LONG,2015-03-03 22:35:00,2103.5,True,True,False,0.2857,0.0,0.2857,2103.75,2015-03-03 22:50:00,0.4286,2102.5,2015-03-04 00:22:00,False,,0.0,,True,2103.25,2015-03-03 23:16:00,0.0
ES,2015-03-04,Wednesday,ODR,2103.5,2099.5,4.0,2103.5,2099.25,4.25,True,SHORT,2015-03-04 04:00:00,2098.5,True,True,True,0.0,0.75,0.75,2096.5,2015-03-04 06:37:00,0.1875,2100.25,2015-03-04 05:01:00,True,2015-03-04 04:09:00,0.1875,0.1875,True,2100.0,2015-03-04 05:00:00,0.125
ES,2015-03-04,Wednesday,RDR,2099.0,2087.0,12.0,2099.25,2085.25,14.0,True,LONG,2015-03-04 12:40:00,2099.5,True,True,False,0.0417,0.0,0.0417,2099.5,2015-03-04 12:47:00,0.5417,2092.5,2015-03-04 14:14:00,False,,0.0,,True,2099.0,2015-03-04 12:45:00,0.0
ES,2015-03-05,Thursday,ADR,2096.5,2095.5,1.0,2096.5,2095.5,1.0,True,LONG,2015-03-04 22:30:00,2096.75,True,True,True,1.75,0.0,1.75,2098.25,2015-03-05 01:59:00,0.25,2096.25,2015-03-05 00:50:00,True,2015-03-04 22:40:00,0.25,0.25,True,2096.25,2015-03-05 00:50:00,0.25
ES,2015-03-05,Thursday,ODR,2098.5,2097.0,1.5,2099.0,2096.75,2.25,True,SHORT,2015-03-05 04:20:00,2095.75,False,True,False,3.1667,0.8333,0.8333,2095.75,2015-03-05 04:25:00,4.1667,2103.25,2015-03-05 08:18:00,True,2015-03-05 04:25:00,0.0,4.1667,True,2097.0,2015-03-05 04:50:00,0.0
ES,2015-03-05,Thursday,RDR,2101.75,2097.0,4.75,2102.0,2096.0,6.0,True,SHORT,2015-03-05 12:50:00,2094.75,True,True,False,0.1579,0.7895,0.7895,2093.25,2015-03-05 12:55:00,0.8421,2101.0,2015-03-05 14:54:00,True,2015-03-05 12:55:00,0.0,0.8421,True,2097.25,2015-03-05 13:25:00,0.0526
ES,2015-03-06,Friday,ODR,2099.75,2098.5,1.25,2100.0,2098.25,1.75,True,SHORT,2015-03-06 04:05:00,2098.0,False,True,False,2.4,0.6,0.6,2097.75,2015-03-06 06:31:00,3.4,2102.75,2015-03-06 07:59:00,True,2015-03-06 06:31:00,1.2,3.4,True,2098.5,2015-03-06 04:12:00,0.0
ES,2015-03-06,Friday,RDR,2093.25,2088.75,4.5,2094.0,2087.25,6.75,True,SHORT,2015-03-06 11:00:00,2086.0,True,False,,0.0556,5.1667,5.1667,2065.5,2015-03-06 15:43:00,0.0,2086.5,2015-03-06 11:05:00,True,2015-03-06 11:05:00,0.0,0.0,False,,,
ES,2015-03-09,Monday,ODR,2069.5,2068.5,1.0,2069.5,2068.25,1.25,True,SHORT,2015-03-09 04:00:00,2067.5,False,True,False,3.25,2.5,2.5,2066.0,2015-03-09 04:15:00,4.25,2072.75,2015-03-09 08:25:00,True,2015-03-09 04:05:00,0.0,4.25,True,2068.5,2015-03-09 05:07:00,0.0
ES,2015-03-09,Monday,RDR,2075.25,2071.75,3.5,2076.25,2070.25,6.0,True,LONG,2015-03-09 11:25:00,2076.5,True,True,True,2.0,0.0,2.0,2082.25,2015-03-09 13:50:00,0.6429,2073.0,2015-03-09 12:15:00,True,2015-03-09 11:30:00,0.6429,0.6429,True,2075.25,2015-03-09 11:51:00,0.0
ES,2015-03-10,Tuesday,RDR,2062.25,2053.75,8.5,2062.25,2052.25,10.0,True,SHORT,2015-03-10 10:35:00,2052.0,True,True,True,0.0,1.1471,1.1471,2044.0,2015-03-10 15:59:00,0.8529,2061.0,2015-03-10 11:20:00,True,2015-03-10 12:00:00,0.8529,0.0294,True,2054.0,2015-03-10 10:41:00,0.0294
ES,2015-03-11,Wednesday,ADR,2046.5,2045.0,1.5,2046.75,2045.0,1.75,True,LONG,2015-03-10 21:05:00,2047.5,True,False,,1.6667,0.0,1.6667,2049.0,2015-03-10 23:00:00,0.0,2047.0,2015-03-10 21:14:00,True,2015-03-10 21:10:00,0.0,0.0,False,,,
ES,2015-03-11,Wednesday,ODR,2047.25,2045.75,1.5,2047.75,2045.0,2.75,True,SHORT,2015-03-11 04:05:00,2043.75,False,True,False,3.1667,1.5,1.5,2043.5,2015-03-11 04:10:00,4.1667,2052.0,2015-03-11 06:08:00,True,2015-03-11 04:10:00,0.0,4.1667,True,2046.0,2015-03-11 04:14:00,0.1667
ES,2015-03-11,Wednesday,RDR,2048.75,2044.5,4.25,2049.25,2044.5,4.75,True,SHORT,2015-03-11 10:30:00,2042.75,True,True,True,0.0,1.4706,1.4706,2038.25,2015-03-11 15:33:00,0.8235,2048.0,2015-03-11 12:53:00,True,2015-03-11 10:35:00,0.8235,0.8235,True,2045.0,2015-03-11 11:13:00,0.1176
ES,2015-03-12,Thursday,ODR,2047.0,2045.75,1.25,2047.0,2045.25,1.75,True,LONG,2015-03-12 04:35:00,2047.5,False,True,False,1.2,2.6,1.2,2048.5,2015-03-12 08:10:00,3.6,2042.5,2015-03-12 06:06:00,True,2015-03-12 05:01:00,3.6,3.6,True,2047.0,2015-03-12 04:40:00,0.0
ES,2015-03-12,Thursday,RDR,2058.25,2047.25,11.0,2058.5,2046.25,12.25,True,LONG,2015-03-12 11:15:00,2060.25,True,True,True,0.7273,0.0,0.7273,2066.25,2015-03-12 15:47:00,0.1591,2056.5,2015-03-12 12:41:00,True,2015-03-12 15:00:00,0.1591,0.0,True,2058.0,2015-03-12 12:08:00,0.0227
ES,2015-03-13,Friday,ADR,2066.25,2062.75,3.5,2066.25,2062.75,3.5,True,LONG,2015-03-12 21:40:00,2067.5,True,True,True,0.6429,0.0714,0.6429,2068.5,2015-03-12 22:19:00,0.2857,2065.25,2015-03-12 23:00:00,True,2015-03-12 21:50:00,0.0,0.2857,True,2066.25,2015-03-12 22:42:00,0.0
ES,2015-03-13,Friday,ODR,2068.0,2065.75,2.25,2068.0,2065.75,2.25,True,SHORT,2015-03-13 04:35:00,2065.5,True,True,True,0.2222,3.3333,3.3333,2058.25,2015-03-13 08:22:00,0.8889,2067.75,2015-03-13 06:58:00,True,2015-03-13 06:02:00,0.8889,0.8889,True,2065.75,2015-03-13 04:40:00,0.0
ES,2015-03-13,Friday,RDR,2063.25,2053.5,9.75,2063.75,2052.75,11.0,True,SHORT,2015-03-13 10:45:00,2052.5,True,True,True,0.0,1.3846,1.3846,2040.0,2015-03-13 11:49:00,0.2051,2055.5,2015-03-13 15:55:00,True,2015-03-13 10:54:00,0.0,0.2051,True,2054.5,2015-03-13 15:54:00,0.1026
ES,2015-03-16,Monday,ADR,2047.75,2045.25,2.5,2047.75,2044.5,3.25,True,LONG,2015-03-15 21:15:00,2048.75,True,False,,1.9,0.0,1.9,2052.5,2015-03-16 01:24:00,0.0,2048.0,2015-03-15 21:27:00,True,2015-03-15 21:33:00,0.0,0.0,False,,,
ES,2015-03-16,Monday,ODR,2054.0,2052.5,1.5,2054.25,2052.5,1.75,True,LONG,2015-03-16 04:40:00,2057.25,True,False,,4.3333,0.1667,4.3333,2060.5,2015-03-16 06:27:00,0.0,2056.25,2015-03-16 07:31:00,True,2015-03-16 04:45:00,0.0,0.0,False,,,
ES,2015-03-16,Monday,RDR,2073.5,2061.75,11.75,2074.25,2061.25,13.0,True,LONG,2015-03-16 11:20:00,2074.75,True,True,True,0.6809,0.0,0.6809,2081.5,2015-03-16 15:58:00,0.1915,2071.25,2015-03-16 13:05:00,True,2015-03-16 14:45:00,0.1915,0.0,True,2073.5,2015-03-16 12:16:00,0.0
ES,2015-03-17,Tuesday,ADR,2075.0,2073.5,1.5,2075.0,2073.25,1.75,True,SHORT,2015-03-16 21:15:00,2072.75,False,True,True,0.3333,0.8333,0.8333,2072.25,2015-03-16 21:23:00,1.3333,2075.5,2015-03-16 23:42:00,True,2015-03-16 21:21:00,0.0,1.3333,True,2073.5,2015-03-16 21:28:00,0.0
ES,2015-03-17,Tuesday,ODR,2076.5,2074.0,2.5,2076.75,2073.75,3.0,True,LONG,2015-03-17 04:05:00,2077.0,False,True,False,0.5,2.1,0.5,2077.75,2015-03-17 04:11:00,3.1,2068.75,2015-03-17 07:24:00,True,2015-03-17 04:11:00,0.0,3.1,True,2076.5,2015-03-17 04:15:00,0.0
ES,2015-03-17,Tuesday,RDR,2073.75,2068.5,5.25,2075.0,2067.0,8.0,True,SHORT,2015-03-17 11:15:00,2065.0,False,True,False,0.9048,0.8095,0.8095,2064.25,2015-03-17 11:20:00,1.9048,2078.5,2015-03-17 15:34:00,True,2015-03-17 11:20:00,0.0,1.9048,True,2069.25,2015-03-17 11:59:00,0.1429
ES,2015-03-18,Wednesday,ODR,2076.25,2075.25,1.0,2076.5,2075.0,1.5,True,LONG,2015-03-18 04:25:00,2077.0,False,True,False,2.0,10.25,2.0,2078.25,2015-03-18 04:35:00,11.25,2065.0,2015-03-18 07:26:00,True,2015-03-18 04:30:00,0.0,11.25,True,2076.25,2015-03-18 04:48:00,0.0
ES,2015-03-18,Wednesday,RDR,2068.75,2065.25,3.5,2069.75,2063.75,6.0,True,SHORT,2015-03-18 13:35:00,2061.0,False,True,False,11.0714,1.3571,1.3571,2060.5,2015-03-18 13:41:00,12.0714,2107.5,2015-03-18 15:15:00,True,2015-03-18 13:40:00,0.0,12.0714,True,2066.25,2015-03-18 13:58:00,0.2857
ES,2015-03-19,Thursday,ADR,2106.0,2101.75,4.25,2106.75,2101.75,5.0,True,SHORT,2015-03-18 20:55:00,2101.5,True,True,False,0.1176,0.2353,0.2353,2100.75,2015-03-18 21:32:00,0.7647,2105.0,2015-03-18 23:13:00,False,,0.3529,,True,2101.75,2015-03-18 21:00:00,0.0
ES,2015-03-19,Thursday,ODR,2105.25,2102.0,3.25,2105.5,2101.75,3.75,True,SHORT,2015-03-19 04:25:00,2099.0,True,False,,0.0,2.4615,2.4615,2094.0,2015-03-19 05:01:00,0.0,2099.75,2015-03-19 04:31:00,True,2015-03-19 04:30:00,0.0,0.0,False,,,
ES,2015-03-19,Thursday,RDR,2096.75,2090.0,6.75,2097.5,2089.75,7.75,True,SHORT,2015-03-19 11:30:00,2088.5,True,True,True,0.0,0.7407,0.7407,2085.0,2015-03-19 11:52:00,0.4815,2093.25,2015-03-19 15:05:00,True,2015-03-19 11:43:00,0.0,0.4815,True,2090.25,2015-03-19 13:19:00,0.037
ES,2015-03-20,Friday,ODR,2094.0,2093.0,1.0,2094.25,2092.75,1.5,True,LONG,2015-03-20 04:00:00,2095.25,True,True,True,8.25,0.0,8.25,2102.25,2015-03-20 08:18:00,0.0,2094.0,2015-03-20 04:45:00,True,2015-03-20 04:05:00,0.0,0.0,True,2094.0,2015-03-20 04:45:00,0.0
ES,2015-03-23,Monday,ODR,2101.5,2100.5,1.0,2101.5,2100.0,1.5,True,SHORT,2015-03-23 04:00:00,2099.0,True,False,,0.0,7.25,7.25,2093.25,2015-03-23 06:01:00,0.0,2099.5,2015-03-23 08:05:00,True,2015-03-23 04:05:00,0.0,0.0,False,,,
ES,2015-03-23,Monday,RDR,2106.5,2100.25,6.25,2106.75,2099.25,7.5,True,SHORT,2015-03-23 15:55:00,2096.25,True,,,0.0,0.64,,,,,,,False,,,,False,,,
ES,2015-03-24,Tuesday,ODR,2096.0,2093.5,2.5,2096.25,2093.5,2.75,True,SHORT,2015-03-24 04:00:00,2093.0,False,True,False,1.9,0.7,0.7,2091.75,2015-03-24 04:05:00,2.9,2100.75,2015-03-24 06:16:00,True,2015-03-24 04:05:00,0.0,2.9,True,2093.75,2015-03-24 04:11:00,0.1
ES,2015-03-24,Tuesday,RDR,2098.0,2091.75,6.25,2098.25,2090.5,7.75,True,LONG,2015-03-24 11:15:00,2099.75,False,True,False,0.32,1.4,0.32,2100.0,2015-03-24 11:22:00,2.4,2083.0,2015-03-24 15:59:00,False,,0.0,,True,2098.0,2015-03-24 11:38:00,0.0
ES,2015-03-25,Wednesday,ODR,2084.5,2083.25,1.25,2084.5,2083.25,1.25,True,LONG,2015-03-25 04:05:00,2085.0,False,True,True,2.8,1.4,2.8,2088.0,2015-03-25 05:54:00,2.4,2081.5,2015-03-25 07:55:00,True,2015-03-25 04:10:00,0.0,2.4,True,2084.5,2015-03-25 07:05:00,0.0
ES,2015-03-25,Wednesday,RDR,2087.5,2078.75,8.75,2089.25,2078.75,10.5,True,SHORT,2015-03-25 11:30:00,2073.5,True,False,,0.0,3.0286,3.0286,2052.25,2015-03-25 15:54:00,0.0,2074.5,2015-03-25 11:36:00,True,2015-03-25 11:35:00,0.0,0.0,False,,,
ES,2015-03-26,Thursday,ADR,2056.0,2052.75,3.25,2056.0,2052.5,3.5,False,,,,,,,0.0,0.0769,,,,,,,False,,,,False,,,
ES,2015-03-26,Thursday,ODR,2047.5,2043.0,4.5,2047.5,2042.75,4.75,True,SHORT,2015-03-26 04:05:00,2042.0,True,True,True,0.0,2.1667,2.1667,2033.25,2015-03-26 05:26:00,0.3889,2044.75,2015-03-26 04:29:00,True,2015-03-26 04:57:00,0.3889,0.0,True,2043.25,2015-03-26 04:21:00,0.0556
ES,2015-03-26,Thursday,RDR,2049.25,2038.5,10.75,2050.0,2036.25,13.75,True,LONG,2015-03-26 11:40:00,2050.25,True,True,False,0.8837,0.0,0.8837,2058.75,2015-03-26 13:57:00,0.2326,2046.75,2015-03-26 13:16:00,True,2015-03-26 13:41:00,0.2326,0.2326,True,2049.25,2015-03-26 11:46:00,0.0
ES,2015-03-27,Friday,ODR,2052.75,2049.75,3.0,2052.75,2049.75,3.0,True,SHORT,2015-03-27 04:30:00,2049.5,True,True,True,0.1667,2.8333,2.8333,2041.25,2015-03-27 05:52:00,0.25,2050.5,2015-03-27 04:38:00,True,2015-03-27 04:49:00,0.25,0.0,True,2050.0,2015-03-27 04:35:00,0.0833
ES,2015-03-27,Friday,RDR,2053.25,2046.25,7.0,2053.5,2044.0,9.5,True,LONG,2015-03-27 10:55:00,2053.75,True,True,False,0.1786,0.1429,0.1786,2054.5,2015-03-27 11:14:00,0.8214,2047.5,2015-03-27 12:28:00,False,,0.1786,,True,2052.5,2015-03-27 11:00:00,0.1071
ES,2015-03-30,Monday,ODR,2068.5,2057.5,11.0,2068.75,2057.5,11.25,False,,,,,,,0.0,0.0,,,,,,,False,,,,False,,,
ES,2015-03-30,Monday,RDR,2075.0,2064.75,10.25,2076.25,2064.5,11.75,True,LONG,2015-03-30 12:20:00,2076.75,True,False,,0.6341,0.0,0.6341,2081.5,2015-03-30 15:19:00,0.0,2075.5,2015-03-30 12:32:00,True,2015-03-30 14:16:00,0.0,0.0,False,,,
ES,2015-03-31,Tuesday,ODR,2073.75,2070.25,3.5,2073.75,2070.0,3.75,True,SHORT,2015-03-31 05:05:00,2069.25,True,True,True,0.0,2.2857,2.2857,2062.25,2015-03-31 07:03:00,0.0714,2070.5,2015-03-31 05:27:00,True,2015-03-31 05:10:00,0.0714,0.0714,True,2070.25,2015-03-31 05:24:00,0.0
ES,2015-03-31,Tuesday,RDR,2071.5,2065.75,5.75,2072.25,2064.75,7.5,True,LONG,2015-03-31 10:45:00,2072.5,False,True,False,0.7826,1.2609,0.7826,2076.0,2015-03-31 11:14:00,2.2609,2058.5,2015-03-31 15:32:00,True,2015-03-31 11:10:00,0.2174,2.2609,True,2071.25,2015-03-31 10:53:00,0.0435
ES,2015-04-01,Wednesday,ADR,2060.25,2052.75,7.5,2060.25,2052.0,8.25,True,SHORT,2015-03-31 20:40:00,2049.0,True,False,,0.0,2.5,2.5,2034.0,2015-03-31 20:56:00,0.0,2051.25,2015-03-31 20:46:00,True,2015-03-31 20:45:00,0.0,0.0,False,,,
ES,2015-04-01,Wednesday,ODR,2052.75,2046.75,6.0,2053.0,2046.0,7.0,True,LONG,2015-04-01 04:55:00,2053.25,True,True,False,1.2917,0.0,1.2917,2060.5,2015-04-01 05:43:00,0.25,2051.25,2015-04-01 07:29:00,True,2015-04-01 05:03:00,0.0,0.25,True,2052.25,2015-04-01 07:27:00,0.0833
ES,2015-04-01,Wednesday,RDR,2058.5,2041.5,17.0,2058.5,2039.75,18.75,False,,,,,,,0.0,0.0,,,,,,,False,,,,False,,,
ES,2015-04-02,Thursday,ODR,2048.25,2045.75,2.5,2048.25,2045.25,3.0,True,SHORT,2015-04-02 04:20:00,2045.0,False,True,False,1.2,0.7,0.7,2044.0,2015-04-02 04:37:00,2.2,2051.25,2015-04-02 08:13:00,True,2015-04-02 04:34:00,0.0,2.2,True,2045.75,2015-04-02 04:31:00,0.0
ES,2015-04-02,Thursday,RDR,2063.75,2051.5,12.25,2064.5,2048.75,15.75,False,,,,,,,0.0,0.0,,,,,,,False,,,,False,,,
ES,2015-04-06,Monday,ADR,2045.0,2041.75,3.25,2045.0,2041.75,3.25,True,LONG,2015-04-05 20:45:00,2045.5,True,True,True,0.7692,0.0,0.7692,2047.5,2015-04-05 21:49:00,0.5385,2043.25,2015-04-05 21:27:00,True,2015-04-05 21:45:00,0.5385,0.0769,True,2045.0,2015-04-05 21:03:00,0.0
ES,2015-04-06,Monday,RDR,2069.5,2048.75,20.75,2069.75,2046.75,23.0,True,LONG,2015-04-06 10:30:00,2070.0,True,True,True,0.494,0.0,0.494,2079.75,2015-04-06 13:30:00,0.0241,2069.0,2015-04-06 10:46:00,False,,0.0241,,True,2069.5,2015-04-06 10:43:00,0.0
ES,2015-04-07,Tuesday,ODR,2077.25,2073.0,4.25,2077.5,2072.75,4.75,True,SHORT,2015-04-07 04:10:00,2072.25,False,True,False,0.4118,0.4706,0.4706,2071.0,2015-04-07 05:23:00,1.4118,2079.0,2015-04-07 07:33:00,False,,0.0588,,True,2073.0,2015-04-07 04:21:00,0.0
ES,2015-04-07,Tuesday,RDR,2079.0,2073.25,5.75,2081.5,2072.25,9.25,True,SHORT,2015-04-07 15:35:00,2071.5,True,False,,0.6087,1.0,1.0,2067.5,2015-04-07 15:59:00,0.0,2071.75,2015-04-07 15:44:00,True,2015-04-07 15:41:00,0.0,0.0,False,,,
ES,2015-04-08,Wednesday,ODR,2071.75,2067.25,4.5,2072.25,2067.0,5.25,True,LONG,2015-04-08 04:10:00,2072.75,True,True,False,0.3889,0.0,0.2222,2072.75,2015-04-08 04:15:00,0.9444,2067.5,2015-04-08 06:43:00,False,,0.0,,True,2071.5,2015-04-08 04:29:00,0.0556
ES,2015-04-08,Wednesday,RDR,2079.25,2071.0,8.25,2080.0,2070.25,9.75,True,SHORT,2015-04-08 10:40:00,2068.5,True,True,False,0.0,0.6364,0.6364,2065.75,2015-04-08 14:10:00,1.0,2079.25,2015-04-08 14:20:00,True,2015-04-08 14:09:00,0.7576,1.0,True,2071.25,2015-04-08 10:52:00,0.0303
ES,2015-04-09,Thursday,ODR,2074.5,2069.25,5.25,2074.75,2068.5,6.25,True,SHORT,2015-04-09 04:25:00,2067.75,False,True,False,0.5714,0.4286,0.4286,2067.0,2015-04-09 04:30:00,1.5714,2077.5,2015-04-09 07:53:00,False,,0.0,,True,2069.25,2015-04-09 04:45:00,0.0
ES,2015-04-09,Thursday,RDR,2079.75,2072.75,7.0,2081.25,2071.5,9.75,True,SHORT,2015-04-09 10:40:00,2071.25,False,True,False,1.0,0.8571,0.8571,2066.75,2015-04-09 11:21:00,2.0,2086.75,2015-04-09 15:30:00,True,2015-04-09 10:47:00,0.0,2.0,True,2072.75,2015-04-09 10:59:00,0.0
ES,2015-04-10,Friday,ADR,2085.75,2083.75,2.0,2085.75,2083.75,2.0,True,SHORT,2015-04-09 20:30:00,2083.5,False,True,False,0.375,0.375,0.375,2083.0,2015-04-09 21:35:00,1.375,2086.5,2015-04-10 01:27:00,False,,0.375,,True,2083.75,2015-04-09 20:42:00,0.0
ES,2015-04-10,Friday,ODR,2085.25,2083.5,1.75,2086.0,2083.25,2.75,True,LONG,2015-04-10 06:00:00,2086.75,True,False,,2.8571,0.1429,2.8571,2090.25,2015-04-10 07:24:00,0.0,2086.0,2015-04-10 06:15:00,True,2015-04-10 06:05:00,0.0,0.0,False,,,
ES,2015-04-10,Friday,RDR,2089.5,2085.0,4.5,2089.75,2084.5,5.25,True,LONG,2015-04-10 10:35:00,2091.5,True,False,,1.3889,0.0,1.3889,2095.75,2015-04-10 14:55:00,0.0,2090.25,2015-04-10 10:44:00,True,2015-04-10 10:40:00,0.0,0.0,False,,,
ES,2015-04-13,Monday,ODR,2092.75,2090.5,2.25,2093.25,2090.25,3.0,True,SHORT,2015-04-13 04:10:00,2089.75,False,True,False,0.4444,0.6667,0.6667,2089.0,2015-04-13 04:16:00,1.4444,2093.75,2015-04-13 05:57:00,True,2015-04-13 04:16:00,0.0,1.4444,True,2090.5,2015-04-13 04:51:00,0.0
ES,2015-04-13,Monday,RDR,2100.5,2093.75,6.75,2101.0,2093.5,7.5,True,SHORT,2015-04-13 13:05:00,2092.75,True,False,,0.037,1.2593,1.2593,2085.25,2015-04-13 15:54:00,0.0,2092.75,2015-04-13 13:10:00,True,2015-04-13 13:28:00,0.0,0.0,False,,,
ES,2015-04-14,Tuesday,ODR,2092.5,2091.0,1.5,2092.75,2090.75,2.0,True,SHORT,2015-04-14 04:45:00,2089.75,True,False,,0.0,7.8333,7.8333,2079.25,2015-04-14 05:29:00,0.0,2089.5,2015-04-14 04:51:00,True,2015-04-14 04:51:00,0.0,0.0,False,,,
ES,2015-04-14,Tuesday,RDR,2089.25,2077.25,12.0,2089.75,2075.75,14.0,True,LONG,2015-04-14 12:30:00,2091.25,True,True,True,0.2083,0.0833,0.2083,2091.75,2015-04-14 12:35:00,0.2917,2085.75,2015-04-14 14:39:00,False,,0.0,,True,2089.25,2015-04-14 12:42:00,0.0
ES,2015-04-15,Wednesday,ODR,2090.0,2088.0,2.0,2090.5,2087.25,3.25,True,LONG,2015-04-15 04:20:00,2091.25,True,False,,3.75,0.0,3.75,2097.5,2015-04-15 08:01:00,0.0,2091.5,2015-04-15 04:25:00,True,2015-04-15 04:25:00,0.0,0.0,False,,,
ES,2015-04-15,Wednesday,RDR,2101.25,2095.25,6.0,2102.0,2094.25,7.75,True,LONG,2015-04-15 13:25:00,2104.25,True,True,False,0.6667,0.0,0.6667,2105.25,2015-04-15 14:10:00,0.375,2099.0,2015-04-15 15:59:00,True,2015-04-15 13:30:00,0.0,0.375,True,2101.25,2015-04-15 15:38:00,0.0
ES,2015-04-16,Thursday,ADR,2101.0,2099.5,1.5,2101.0,2099.5,1.5,True,LONG,2015-04-15 21:05:00,2101.5,True,True,True,1.0,0.1667,1.0,2102.5,2015-04-15 23:33:00,1.1667,2099.25,2015-04-15 21:28:00,True,2015-04-15 21:11:00,1.1667,1.1667,True,2100.75,2015-04-15 21:14:00,0.1667
ES,2015-04-16,Thursday,ODR,2100.5,2097.75,2.75,2100.5,2097.75,2.75,True,SHORT,2015-04-16 05:55:00,2096.75,True,False,,0.0,3.0909,3.0909,2089.25,2015-04-16 07:45:00,0.0,2097.5,2015-04-16 06:00:00,True,2015-04-16 06:11:00,0.0,0.0,False,,,
ES,2015-04-16,Thursday,RDR,2096.75,2093.75,3.0,2097.25,2093.0,4.25,True,LONG,2015-04-16 10:45:00,2098.0,True,True,True,2.5833,0.3333,2.5833,2104.5,2015-04-16 14:00:00,0.5833,2095.0,2015-04-16 11:44:00,True,2015-04-16 10:50:00,0.5833,0.5833,True,2096.75,2015-04-16 10:54:00,0.0
ES,2015-04-17,Friday,ADR,2101.25,2098.5,2.75,2101.25,2098.25,3.0,True,SHORT,2015-04-17 00:30:00,2098.0,True,True,True,0.0,0.2727,0.2727,2097.75,2015-04-17 00:58:00,0.1818,2099.0,2015-04-17 01:15:00,False,,0.0,,True,2098.5,2015-04-17 01:12:00,0.0
ES,2015-04-17,Friday,ODR,2099.75,2096.0,3.75,2100.0,2096.0,4.0,True,SHORT,2015-04-17 05:55:00,2094.5,True,False,,0.0,3.6667,3.6667,2082.25,2015-04-17 06:29:00,0.0,2095.0,2015-04-17 06:00:00,True,2015-04-17 06:03:00,0.0,0.0,False,,,
ES,2015-04-17,Friday,RDR,2085.0,2074.0,11.0,2086.75,2072.5,14.25,True,SHORT,2015-04-17 13:50:00,2070.0,True,True,True,0.0,0.8864,0.8864,2064.25,2015-04-17 14:16:00,0.2045,2076.25,2015-04-17 15:38:00,True,2015-04-17 13:56:00,0.0,0.2045,True,2074.0,2015-04-17 15:33:00,0.0
ES,2015-04-20,Monday,ADR,2081.25,2079.25,2.0,2081.5,2079.0,2.5,True,LONG,2015-04-19 22:00:00,2084.0,True,False,,1.75,0.0,1.5,2084.25,2015-04-19 22:05:00,0.0,2082.0,2015-04-20 01:58:00,True,2015-04-19 22:05:00,0.0,0.0,False,,,
ES,2015-04-20,Monday,ODR,2089.25,2083.75,5.5,2089.5,2083.5,6.0,False,,,,,,,0.0,0.0909,,,,,,,False,,,,False,,,
ES,2015-04-20,Monday,RDR,2093.0,2085.25,7.75,2094.25,2084.25,10.0,True,LONG,2015-04-20 10:55:00,2095.25,True,True,True,0.5484,0.0,0.5484,2097.25,2015-04-20 11:01:00,0.129,2092.0,2015-04-20 14:10:00,True,2015-04-20 11:01:00,0.0,0.129,True,2093.0,2015-04-20 14:05:00,0.0
ES,2015-04-21,Tuesday,ADR,2093.75,2091.25,2.5,2094.25,2091.0,3.25,True,LONG,2015-04-20 21:15:00,2094.5,True,True,True,1.3,0.0,1.3,2097.0,2015-04-21 01:39:00,0.0,2093.75,2015-04-20 22:02:00,True,2015-04-20 21:31:00,0.0,0.0,True,2093.75,2015-04-20 22:02:00,0.0
ES,2015-04-21,Tuesday,ODR,2104.25,2099.75,4.5,2105.0,2099.5,5.5,True,SHORT,2015-04-21 05:20:00,2099.0,True,True,False,0.0556,0.9444,0.9444,2095.5,2015-04-21 05:37:00,0.3889,2101.5,2015-04-21 07:40:00,True,2015-04-21 05:26:00,0.0,0.3889,True,2099.75,2015-04-21 05:52:00,0.0
ES,2015-04-21,Tuesday,RDR,2102.0,2094.25,7.75,2103.25,2093.0,10.25,True,SHORT,2015-04-21 10:40:00,2092.25,True,True,True,0.0,0.871,0.871,2087.5,2015-04-21 14:07:00,0.2581,2096.25,2015-04-21 11:16:00,True,2015-04-21 11:46:00,0.2581,0.0,True,2094.25,2015-04-21 10:52:00,0.0
ES,2015-04-22,Wednesday,ADR,2093.5,2091.75,1.75,2093.5,2091.75,1.75,True,LONG,2015-04-21 21:00:00,2093.75,True,True,False,0.5714,0.0,0.5714,2094.5,2015-04-21 21:12:00,0.8571,2092.0,2015-04-22 01:08:00,True,2015-04-21 21:12:00,0.1429,0.8571,True,2093.5,2015-04-21 21:05:00,0.0
ES,2015-04-22,Wednesday,ODR,2098.0,2093.0,5.0,2098.25,2092.5,5.75,True,SHORT,2015-04-22 04:00:00,2086.25,True,False,,0.0,2.55,2.55,2080.25,2015-04-22 06:14:00,0.0,2087.75,2015-04-22 04:05:00,True,2015-04-22 04:05:00,0.0,0.0,False,,,
ES,2015-04-22,Wednesday,RDR,2095.25,2086.0,9.25,2095.75,2083.75,12.0,True,LONG,2015-04-22 11:00:00,2096.0,True,True,True,0.8649,0.0,0.8649,2103.25,2015-04-22 15:24:00,0.1351,2094.0,2015-04-22 11:22:00,True,2015-04-22 13:43:00,0.1351,0.0,True,2095.25,2015-04-22 11:06:00,0.0
ES,2015-04-23,Thursday,ODR,2098.0,2090.75,7.25,2098.75,2090.5,8.25,True,SHORT,2015-04-23 04:30:00,2089.5,True,True,False,0.0,0.4483,0.4483,2087.5,2015-04-23 04:39:00,0.9655,2097.75,2015-04-23 05:41:00,False,,0.0,,True,2091.0,2015-04-23 04:50:00,0.0345
ES,2015-04-23,Thursday,RDR,2101.75,2096.5,5.25,2103.25,2094.75,8.5,True,LONG,2015-04-23 11:50:00,2107.5,True,False,,2.381,0.0,2.381,2114.25,2015-04-23 15:16:00,0.0,2106.0,2015-04-23 12:09:00,True,2015-04-23 11:55:00,0.0,0.0,False,,,
ES,2015-04-24,Friday,ADR,2108.0,2106.0,2.0,2109.0,2105.75,3.25,True,SHORT,2015-04-24 01:10:00,2104.5,True,False,,0.625,1.5,1.5,2103.0,2015-04-24 01:35:00,0.0,2105.0,2015-04-24 01:23:00,True,2015-04-24 01:15:00,0.0,0.0,False,,,
ES,2015-04-24,Friday,ODR,2108.5,2104.75,3.75,2108.75,2104.25,4.5,True,LONG,2015-04-24 04:10:00,2109.75,True,True,True,1.2,0.0,1.2,2113.0,2015-04-24 04:42:00,0.8,2105.5,2015-04-24 06:19:00,True,2015-04-24 04:17:00,0.0,0.8,True,2108.25,2015-04-24 05:43:00,0.0667
ES,2015-04-24,Friday,RDR,2112.0,2107.0,5.0,2112.25,2106.0,6.25,True,LONG,2015-04-24 12:10:00,2112.75,True,True,False,0.5,0.0,0.5,2114.5,2015-04-24 12:34:00,0.65,2108.75,2015-04-24 14:57:00,True,2015-04-24 12:34:00,0.0,0.65,True,2111.75,2015-04-24 12:46:00,0.05
ES,2015-04-27,Monday,ADR,2112.5,2111.5,1.0,2112.5,2111.25,1.25,True,LONG,2015-04-27 00:55:00,2112.75,True,True,False,0.25,0.25,0.25,2112.75,2015-04-27 01:00:00,1.0,2111.5,2015-04-27 01:32:00,False,,0.0,,True,2112.5,2015-04-27 01:00:00,0.0
ES,2015-04-27,Monday,ODR,2115.0,2109.63,5.369999999999891,2116.25,2108.5,7.75,True,LONG,2015-04-27 06:50:00,2116.5,True,False,,0.5121,0.0,0.5121,2117.75,2015-04-27 07:01:00,0.0,2115.5,2015-04-27 07:18:00,True,2015-04-27 07:01:00,0.0,0.0,False,,,
ES,2015-04-27,Monday,RDR,2118.75,2114.5,4.25,2119.5,2113.5,6.0,True,SHORT,2015-04-27 11:05:00,2113.25,True,True,True,0.0,3.3529,3.3529,2100.25,2015-04-27 15:48:00,0.3529,2116.0,2015-04-27 11:34:00,True,2015-04-27 11:51:00,0.3529,0.0,True,2114.5,2015-04-27 11:13:00,0.0
ES,2015-04-28,Tuesday,ODR,2103.25,2099.25,4.0,2103.5,2099.25,4.25,True,SHORT,2015-04-28 06:50:00,2097.25,True,True,True,0.0,1.0,1.0,2095.25,2015-04-28 07:04:00,0.125,2099.75,2015-04-28 08:09:00,True,2015-04-28 06:55:00,0.0,0.125,True,2099.5,2015-04-28 08:04:00,0.0625
ES,2015-04-28,Tuesday,RDR,2103.25,2088.25,15.0,2104.0,2088.0,16.0,True,LONG,2015-04-28 11:30:00,2104.75,True,False,,0.45,0.0,0.45,2110.0,2015-04-28 13:23:00,0.0,2103.75,2015-04-28 11:46:00,False,,0.0,,False,,,
ES,2015-04-29,Wednesday,ADR,2110.75,2110.0,0.75,2110.75,2110.0,0.75,True,LONG,2015-04-28 20:35:00,2111.0,False,True,False,1.3333,2.0,1.3333,2111.75,2015-04-28 20:42:00,3.0,2108.5,2015-04-29 01:14:00,True,2015-04-28 20:41:00,0.0,3.0,True,2110.75,2015-04-28 21:16:00,0.0
ES,2015-04-29,Wednesday,ODR,2110.5,2108.25,2.25,2110.75,2108.0,2.75,True,LONG,2015-04-29 04:20:00,2111.25,False,True,False,0.8889,2.2222,0.8889,2112.5,2015-04-29 04:38:00,3.2222,2103.25,2015-04-29 08:14:00,True,2015-04-29 04:33:00,0.0,3.2222,True,2110.5,2015-04-29 04:28:00,0.0
ES,2015-04-29,Wednesday,RDR,2105.5,2096.25,9.25,2106.75,2095.75,11.0,True,SHORT,2015-04-29 12:10:00,2094.0,False,True,False,0.2162,0.6216,0.6216,2090.5,2015-04-29 12:30:00,1.2162,2107.5,2015-04-29 14:42:00,True,2015-04-29 12:30:00,0.0,1.2162,True,2096.25,2015-04-29 12:57:00,0.0
ES,2015-04-30,Thursday,ADR,2100.0,2096.75,3.25,2100.75,2096.75,4.0,True,SHORT,2015-04-30 00:55:00,2096.5,True,True,False,0.5385,0.2308,0.2308,2096.0,2015-04-30 01:07:00,0.5385,2098.5,2015-04-30 01:58:00,False,,0.0769,,True,2096.75,2015-04-30 01:00:00,0.0
ES,2015-04-30,Thursday,ODR,2100.0,2094.0,6.0,2100.0,2093.5,6.5,True,SHORT,2015-04-30 04:05:00,2092.0,True,True,False,0.0,0.625,0.625,2090.25,2015-04-30 04:15:00,0.4583,2096.75,2015-04-30 04:45:00,True,2015-04-30 04:11:00,0.0,0.4583,True,2094.0,2015-04-30 04:29:00,0.0
ES,2015-04-30,Thursday,RDR,2096.5,2084.5,12.0,2097.75,2083.5,14.25,True,SHORT,2015-04-30 14:20:00,2082.25,True,False,,0.0,1.1875,1.1875,2070.25,2015-04-30 15:12:00,0.0,2083.25,2015-04-30 14:25:00,True,2015-04-30 14:55:00,0.0,0.0,False,,,
ES,2015-05-01,Friday,RDR,2094.0,2088.5,5.5,2095.25,2088.25,7.0,True,LONG,2015-05-01 13:50:00,2098.25,True,False,,1.5,0.2273,1.5,2102.25,2015-05-01 15:59:00,0.0,2096.75,2015-05-01 15:28:00,True,2015-05-01 13:55:00,0.0,0.0,False,,,
ES,2015-05-04,Monday,ADR,2100.5,2099.5,1.0,2100.5,2099.5,1.0,True,LONG,2015-05-03 21:20:00,2100.75,False,True,False,0.75,0.5,0.75,2101.25,2015-05-03 21:26:00,1.5,2099.0,2015-05-03 22:10:00,True,2015-05-03 21:25:00,0.0,1.5,True,2100.5,2015-05-03 21:29:00,0.0
ES,2015-05-04,Monday,ODR,2101.5,2098.25,3.25,2102.0,2098.0,4.0,True,LONG,2015-05-04 04:20:00,2103.0,True,False,,2.1538,0.0,2.1538,2108.5,2015-05-04 07:55:00,0.0,2103.25,2015-05-04 04:25:00,True,2015-05-04 04:25:00,0.0,0.0,False,,,
ES,2015-05-04,Monday,RDR,2114.25,2106.75,7.5,2114.75,2105.5,9.25,False,,,,,,,0.0,0.0333,,,,,,,False,,,,False,,,
ES,2015-05-05,Tuesday,ODR,2106.75,2104.5,2.25,2107.0,2104.25,2.75,True,LONG,2015-05-05 04:15:00,2110.25,True,True,True,2.1111,0.0,2.1111,2111.5,2015-05-05 04:30:00,0.8889,2104.75,2015-05-05 07:23:00,True,2015-05-05 04:20:00,0.0,0.8889,True,2106.75,2015-05-05 04:58:00,0.0
ES,2015-05-05,Tuesday,RDR,2107.5,2098.25,9.25,2109.0,2097.25,11.75,True,SHORT,2015-05-05 11:00:00,2095.75,True,False,,0.0,1.8108,1.8108,2081.5,2015-05-05 14:55:00,0.0,2096.5,2015-05-05 12:20:00,True,2015-05-05 11:06:00,0.0,0.0,False,,,
ES,2015-05-06,Wednesday,ODR,2087.25,2081.5,5.75,2087.75,2081.25,6.5,True,LONG,2015-05-06 04:00:00,2088.75,True,True,True,0.913,0.0,0.913,2092.5,2015-05-06 05:21:00,0.2174,2086.0,2015-05-06 04:38:00,True,2015-05-06 04:10:00,0.2174,0.2174,True,2087.25,2015-05-06 04:35:00,0.0
ES,2015-05-06,Wednesday,RDR,2091.0,2072.25,18.75,2093.5,2070.75,22.75,True,SHORT,2015-05-06 13:40:00,2069.75,True,True,False,0.0,0.5867,0.5867,2061.25,2015-05-06 14:42:00,0.1467,2075.0,2015-05-06 15:59:00,True,2015-05-06 14:41:00,0.0,0.1467,True,2072.75,2015-05-06 15:56:00,0.0267
ES,2015-05-07,Thursday,ADR,2076.0,2072.75,3.25,2076.0,2072.75,3.25,True,LONG,2015-05-06 21:35:00,2076.5,True,True,False,0.3846,0.0,0.3846,2077.25,2015-05-07 00:28:00,0.5385,2074.25,2015-05-07 01:33:00,False,,0.2308,,True,2076.0,2015-05-06 21:44:00,0.0
ES,2015-05-07,Thursday,ODR,2072.25,2068.25,4.0,2072.5,2067.5,5.0,True,SHORT,2015-05-07 04:25:00,2067.0,False,True,False,0.875,2.8125,2.8125,2057.0,2015-05-07 05:17:00,1.875,2075.75,2015-05-07 08:16:00,True,2015-05-07 04:32:00,0.0,1.875,True,2068.25,2015-05-07 04:30:00,0.0
ES,2015-05-07,Thursday,RDR,2077.25,2070.75,6.5,2078.0,2069.25,8.75,True,LONG,2015-05-07 10:50:00,2079.75,True,True,True,1.6538,0.1154,1.6538,2088.0,2015-05-07 12:40:00,0.0,2077.25,2015-05-07 11:07:00,True,2015-05-07 11:19:00,0.0,0.0,True,2077.25,2015-05-07 11:07:00,0.0
ES,2015-05-08,Friday,ADR,2086.25,2084.0,2.25,2086.5,2084.0,2.5,True,LONG,2015-05-07 21:40:00,2087.25,True,True,True,0.5556,0.0,0.5556,2087.5,2015-05-07 21:45:00,0.3333,2085.5,2015-05-08 01:52:00,True,2015-05-07 21:45:00,0.0,0.3333,True,2086.25,2015-05-07 22:15:00,0.0
ES,2015-05-08,Friday,ODR,2089.75,2086.5,3.25,2091.0,2086.25,4.75,True,SHORT,2015-05-08 04:10:00,2086.0,True,True,False,0.0,0.3846,0.3846,2085.25,2015-05-08 04:35:00,0.8462,2089.25,2015-05-08 08:29:00,False,,0.3846,,True,2086.75,2015-05-08 04:16:00,0.0769
ES,2015-05-08,Friday,RDR,2109.5,2103.0,6.5,2110.5,2102.5,8.0,True,LONG,2015-05-08 11:30:00,2111.25,True,True,True,0.5769,0.0,0.5769,2113.25,2015-05-08 11:52:00,0.2692,2107.75,2015-05-08 14:35:00,True,2015-05-08 11:51:00,0.0,0.2692,True,2109.5,2015-05-08 13:38:00,0.0
ES,2015-05-11,Monday,ODR,2108.5,2106.75,1.75,2108.5,2106.5,2.0,True,SHORT,2015-05-11 04:40:00,2105.75,False,True,False,0.8571,0.8571,0.7143,2105.5,2015-05-11 04:45:00,1.8571,2110.0,2015-05-11 07:46:00,True,2015-05-11 04:45:00,0.0,1.8571,True,2106.75,2015-05-11 05:08:00,0.0
ES,2015-05-11,Monday,RDR,2112.75,2108.25,4.5,2113.25,2107.25,6.0,True,SHORT,2015-05-11 10:30:00,2106.75,True,True,True,0.0,1.9444,1.9444,2099.5,2015-05-11 15:01:00,0.6667,2111.25,2015-05-11 11:13:00,True,2015-05-11 10:35:00,0.6667,0.6667,True,2108.5,2015-05-11 10:43:00,0.0556
ES,2015-05-12,Tuesday,ADR,2098.25,2096.5,1.75,2098.5,2096.5,2.0,True,SHORT,2015-05-11 22:10:00,2096.25,False,True,False,0.7143,0.2857,0.2857,2096.0,2015-05-11 22:18:00,1.7143,2099.5,2015-05-12 01:58:00,False,,0.0,,True,2096.5,2015-05-11 22:22:00,0.0
ES,2015-05-12,Tuesday,ODR,2095.25,2091.25,4.0,2095.5,2090.75,4.75,True,SHORT,2015-05-12 04:00:00,2089.75,True,False,,0.0,3.0,3.0,2079.25,2015-05-12 05:38:00,0.0,2090.25,2015-05-12 04:06:00,True,2015-05-12 04:09:00,0.0,0.0,False,,,
ES,2015-05-12,Tuesday,RDR,2090.25,2081.0,9.25,2090.25,2080.25,10.0,True,LONG,2015-05-12 10:35:00,2091.75,True,True,True,1.1081,0.0,1.1081,2100.5,2015-05-12 14:38:00,0.027,2090.0,2015-05-12 12:11:00,True,2015-05-12 10:46:00,0.027,0.027,True,2090.25,2015-05-12 12:10:00,0.0
ES,2015-05-13,Wednesday,ODR,2103.75,2098.25,5.5,2103.75,2098.25,5.5,True,LONG,2015-05-13 04:00:00,2105.0,True,True,False,0.3182,0.0,0.3182,2105.5,2015-05-13 04:05:00,0.8636,2099.0,2015-05-13 07:21:00,False,,0.0,,True,2103.75,2015-05-13 04:07:00,0.0
ES,2015-05-13,Wednesday,RDR,2105.5,2099.0,6.5,2106.0,2097.0,9.0,True,SHORT,2015-05-13 10:45:00,2096.5,True,True,True,0.0,1.1538,1.1538,2091.5,2015-05-13 15:32:00,0.1538,2100.0,2015-05-13 13:04:00,True,2015-05-13 10:59:00,0.1538,0.1538,True,2099.25,2015-05-13 13:02:00,0.0385
ES,2015-05-14,Thursday,ODR,2102.25,2092.25,10.0,2103.5,2092.0,11.5,True,LONG,2015-05-14 04:50:00,2104.75,True,True,True,0.525,0.0,0.525,2107.5,2015-05-14 08:01:00,0.025,2102.0,2015-05-14 06:29:00,True,2015-05-14 07:55:00,0.025,0.0,True,2102.25,2015-05-14 06:28:00,0.0
ES,2015-05-14,Thursday,RDR,2110.75,2103.75,7.0,2110.75,2103.5,7.25,True,LONG,2015-05-14 12:15:00,2111.25,True,False,,0.9643,0.0,0.9643,2117.5,2015-05-14 15:59:00,0.0,2111.25,2015-05-14 12:40:00,True,2015-05-14 13:03:00,0.0,0.0,False,,,
ES,2015-05-15,Friday,ADR,2117.5,2116.5,1.0,2117.5,2116.5,1.0,True,LONG,2015-05-14 20:35:00,2119.0,False,True,False,1.75,0.5,1.75,2119.25,2015-05-14 20:42:00,1.5,2116.0,2015-05-15 01:39:00,True,2015-05-14 20:40:00,0.0,1.5,True,2117.5,2015-05-14 20:52:00,0.0
ES,2015-05-15,Friday,ODR,2121.5,2119.0,2.5,2121.5,2118.25,3.25,True,LONG,2015-05-15 04:10:00,2121.75,True,True,False,0.4,0.0,0.4,2122.5,2015-05-15 06:10:00,1.0,2119.0,2015-05-15 08:25:00,False,,0.4,,True,2121.25,2015-05-15 04:16:00,0.1
ES,2015-05-15,Friday,RDR,2119.75,2113.0,6.75,2120.25,2113.0,7.25,False,,,,,,,0.0,0.0,,,,,,,False,,,,False,,,
ES,2015-05-18,Monday,ADR,2118.5,2117.25,1.25,2118.5,2117.0,1.5,True,SHORT,2015-05-17 21:00:00,2116.75,True,True,False,0.0,1.4,1.4,2115.5,2015-05-17 21:16:00,0.8,2118.25,2015-05-17 23:19:00,True,2015-05-17 21:05:00,0.0,0.8,True,2117.5,2015-05-17 23:02:00,0.2
ES,2015-05-18,Monday,ODR,2118.75,2112.5,6.25,2118.75,2112.25,6.5,True,LONG,2015-05-18 04:55:00,2119.25,True,True,False,0.16,0.0,0.16,2119.75,2015-05-18 05:00:00,0.92,2113.0,2015-05-18 07:44:00,False,,0.0,,True,2118.75,2015-05-18 05:03:00,0.0
ES,2015-05-18,Monday,RDR,2120.0,2117.25,2.75,2120.5,2116.25,4.25,True,LONG,2015-05-18 11:10:00,2121.5,True,False,,3.0909,0.0,3.0909,2128.5,2015-05-18 15:24:00,0.0,2120.5,2015-05-18 11:16:00,True,2015-05-18 11:15:00,0.0,0.0,False,,,
ES,2015-05-19,Tuesday,ODR,2132.5,2128.5,4.0,2133.75,2128.25,5.5,False,,,,,,,0.0,0.0,,,,,,,False,,,,False,,,
ES,2015-05-19,Tuesday,RDR,2127.0,2124.0,3.0,2127.5,2122.25,5.25,True,LONG,2015-05-19 13:30:00,2128.5,False,True,False,1.0,0.9167,1.0,2130.0,2015-05-19 13:44:00,1.9167,2121.25,2015-05-19 15:14:00,True,2015-05-19 13:35:00,0.0,1.9167,True,2126.0,2015-05-19 14:35:00,0.3333
ES,2015-05-20,Wednesday,ADR,2124.25,2122.25,2.0,2124.5,2122.0,2.5,True,LONG,2015-05-20 00:50:00,2125.0,True,True,True,0.625,0.25,0.625,2125.5,2015-05-20 00:58:00,0.25,2123.75,2015-05-20 01:46:00,True,2015-05-20 00:57:00,0.0,0.25,True,2124.25,2015-05-20 01:40:00,0.0
ES,2015-05-20,Wednesday,ODR,2125.75,2123.75,2.0,2126.5,2123.5,3.0,True,SHORT,2015-05-20 04:00:00,2123.25,True,True,False,0.375,1.0,1.0,2121.75,2015-05-20 04:49:00,1.375,2126.5,2015-05-20 08:14:00,True,2015-05-20 04:10:00,0.0,1.375,True,2123.75,2015-05-20 05:13:00,0.0
ES,2015-05-20,Wednesday,RDR,2126.0,2120.25,5.75,2126.25,2119.25,7.0,True,LONG,2015-05-20 14:15:00,2127.5,True,True,False,1.0435,0.0,1.0435,2132.0,2015-05-20 14:30:00,0.7826,2121.5,2015-05-20 15:21:00,True,2015-05-20 14:26:00,0.0,0.7826,True,2124.25,2015-05-20 15:15:00,0.3043
ES,2015-05-21,Thursday,ADR,2118.0,2116.75,1.25,2118.25,2116.75,1.5,True,LONG,2015-05-20 20:35:00,2118.75,True,True,True,1.0,0.2,1.0,2119.25,2015-05-21 01:59:00,1.2,2116.5,2015-05-20 22:01:00,True,2015-05-20 20:41:00,1.2,1.2,True,2118.0,2015-05-20 21:29:00,0.0
ES,2015-05-21,Thursday,ODR,2119.0,2117.0,2.0,2119.5,2116.5,3.0,True,LONG,2015-05-21 07:25:00,2120.0,True,True,True,0.75,0.0,0.75,2120.5,2015-05-21 07:36:00,0.0,2119.0,2015-05-21 08:01:00,True,2015-05-21 07:31:00,0.0,0.0,True,2119.0,2015-05-21 08:01:00,0.0
ES,2015-05-21,Thursday,RDR,2126.5,2120.75,5.75,2127.0,2119.5,7.5,True,LONG,2015-05-21 10:50:00,2127.25,True,True,True,0.913,0.0,0.913,2131.75,2015-05-21 15:42:00,0.1304,2125.75,2015-05-21 13:55:00,True,2015-05-21 11:27:00,0.1304,0.1304,True,2126.5,2015-05-21 10:57:00,0.0
ES,2015-05-22,Friday,ADR,2128.25,2127.0,1.25,2128.25,2127.0,1.25,True,LONG,2015-05-21 22:00:00,2128.5,True,True,True,2.0,0.0,2.0,2130.75,2015-05-22 00:51:00,0.0,2128.25,2015-05-21 22:18:00,True,2015-05-21 22:05:00,0.0,0.0,True,2128.25,2015-05-21 22:18:00,0.0
ES,2015-05-22,Friday,ODR,2130.25,2127.75,2.5,2130.25,2127.75,2.5,True,SHORT,2015-05-22 05:35:00,2127.0,True,True,False,0.0,0.6,0.6,2126.25,2015-05-22 06:17:00,0.7,2129.5,2015-05-22 08:16:00,True,2015-05-22 06:17:00,0.0,0.7,True,2127.75,2015-05-22 05:57:00,0.0
ES,2015-05-22,Friday,RDR,2127.75,2123.75,4.0,2128.0,2123.25,4.75,True,LONG,2015-05-22 13:00:00,2128.5,True,True,False,0.5,0.0625,0.375,2129.25,2015-05-22 13:09:00,1.0625,2123.5,2015-05-22 15:56:00,False,,0.125,,True,2127.5,2015-05-22 13:06:00,0.0625
ES,2015-05-25,Monday,RDR,2123.25,2121.5,1.75,2123.25,2121.5,1.75,True,LONG,2015-05-25 10:40:00,2123.5,True,True,False,1.2857,0.0,1.2857,2125.5,2015-05-25 11:30:00,0.5714,2122.25,2015-05-25 12:59:00,True,2015-05-25 11:01:00,0.0,0.5714,True,2123.25,2015-05-25 10:55:00,0.0
ES,2015-05-26,Tuesday,ODR,2124.25,2115.5,8.75,2124.5,2115.25,9.25,False,,,,,,,0.0,0.0286,,,,,,,False,,,,False,,,
ES,2015-05-26,Tuesday,RDR,2118.0,2105.0,13.0,2119.0,2104.5,14.5,True,SHORT,2015-05-26 10:50:00,2103.25,True,True,True,0.0,0.6923,0.6923,2096.0,2015-05-26 14:55:00,0.1154,2106.5,2015-05-26 11:36:00,True,2015-05-26 13:08:00,0.1154,0.0,True,2105.25,2015-05-26 11:33:00,0.0192
ES,2015-05-27,Wednesday,ADR,2105.0,2103.25,1.75,2105.0,2103.0,2.0,True,SHORT,2015-05-26 22:00:00,2102.75,True,True,True,0.0,0.8571,0.8571,2101.75,2015-05-27 01:19:00,0.4286,2104.0,2015-05-27 00:15:00,True,2015-05-26 22:05:00,0.4286,0.4286,True,2103.25,2015-05-26 22:31:00,0.0
ES,2015-05-27,Wednesday,ODR,2104.75,2101.75,3.0,2105.5,2101.5,4.0,True,LONG,2015-05-27 05:15:00,2106.0,True,False,,1.5833,0.1667,1.5833,2109.5,2015-05-27 08:25:00,0.0,2105.0,2015-05-27 06:17:00,True,2015-05-27 05:24:00,0.0,0.0,False,,,
ES,2015-05-27,Wednesday,RDR,2115.0,2104.0,11.0,2115.5,2102.5,13.0,True,LONG,2015-05-27 11:40:00,2116.75,True,True,True,0.8182,0.0,0.8182,2124.0,2015-05-27 15:52:00,0.0,2115.0,2015-05-27 12:40:00,True,2015-05-27 14:05:00,0.0,0.0,True,2115.0,2015-05-27 12:40:00,0.0
ES,2015-05-28,Thursday,ODR,2117.0,2115.75,1.25,2117.5,2115.25,2.25,True,LONG,2015-05-28 04:15:00,2118.25,False,True,False,2.2,0.4,2.2,2119.75,2015-05-28 06:13:00,1.4,2115.25,2015-05-28 07:50:00,True,2015-05-28 04:20:00,0.4,1.4,True,2116.75,2015-05-28 05:17:00,0.2
ES,2015-05-28,Thursday,RDR,2119.25,2112.75,6.5,2120.0,2112.0,8.0,True,SHORT,2015-05-28 12:35:00,2111.75,False,True,False,0.0769,0.3462,0.1923,2111.5,2015-05-28 12:40:00,1.0769,2119.75,2015-05-28 15:03:00,False,,0.0,,True,2112.75,2015-05-28 12:42:00,0.0
ES,2015-05-29,Friday,ADR,2122.0,2121.25,0.75,2122.0,2121.0,1.0,True,LONG,2015-05-28 20:30:00,2122.25,False,True,False,0.6667,2.0,0.6667,2122.5,2015-05-28 20:55:00,3.0,2119.75,2015-05-29 01:56:00,True,2015-05-28 20:55:00,0.0,3.0,True,2122.0,2015-05-28 20:46:00,0.0
ES,2015-05-29,Friday,ODR,2117.5,2112.5,5.0,2117.5,2112.25,5.25,True,LONG,2015-05-29 06:15:00,2118.0,True,True,True,0.8,0.1,0.8,2121.5,2015-05-29 06:31:00,0.05,2117.25,2015-05-29 08:10:00,True,2015-05-29 06:30:00,0.0,0.05,True,2117.5,2015-05-29 06:23:00,0.0
ES,2015-05-29,Friday,RDR,2118.25,2111.25,7.0,2118.5,2111.0,7.5,True,SHORT,2015-05-29 10:35:00,2110.0,True,True,True,0.0,1.2857,1.2857,2102.25,2015-05-29 10:51:00,0.5,2114.75,2015-05-29 13:30:00,True,2015-05-29 10:43:00,0.0,0.5,True,2111.25,2015-05-29 12:27:00,0.0
ES,2015-06-01,Monday,ODR,2113.75,2110.0,3.75,2113.75,2110.0,3.75,True,SHORT,2015-06-01 04:30:00,2108.75,False,True,False,0.4667,1.6,1.6,2104.0,2015-06-01 05:41:00,1.4667,2115.5,2015-06-01 07:48:00,True,2015-06-01 04:41:00,0.1333,1.4667,True,2110.0,2015-06-01 04:35:00,0.0
ES,2015-06-01,Monday,RDR,2113.0,2100.5,12.5,2115.0,2100.25,14.75,True,LONG,2015-06-01 14:15:00,2115.25,True,True,False,0.36,0.0,0.36,2117.5,2015-06-01 14:31:00,0.34,2108.75,2015-06-01 15:59:00,False,,0.0,,True,2113.0,2015-06-01 15:31:00,0.0
ES,2015-06-02,Tuesday,ADR,2111.25,2110.25,1.0,2111.25,2110.25,1.0,True,LONG,2015-06-01 20:50:00,2111.5,False,True,False,1.25,2.0,1.25,2112.5,2015-06-01 21:03:00,3.0,2108.25,2015-06-01 22:43:00,True,2015-06-01 20:55:00,0.0,3.0,True,2111.25,2015-06-01 20:56:00,0.0
ES,2015-06-02,Tuesday,ODR,2111.75,2107.0,4.75,2111.75,2106.75,5.0,True,SHORT,2015-06-02 04:10:00,2106.0,True,True,True,0.0,2.6842,2.6842,2094.25,2015-06-02 04:55:00,0.5263,2109.5,2015-06-02 06:27:00,True,2015-06-02 04:15:00,0.0,0.5263,True,2108.0,2015-06-02 06:21:00,0.2105
ES,2015-06-02,Tuesday,RDR,2105.25,2097.25,8.0,2106.25,2096.5,9.75,True,LONG,2015-06-02 10:35:00,2107.5,True,True,True,1.3125,0.0,1.3125,2115.75,2015-06-02 13:21:00,0.125,2104.25,2015-06-02 11:27:00,True,2015-06-02 12:04:00,0.125,0.0,True,2105.25,2015-06-02 10:59:00,0.0
ES,2015-06-03,Wednesday,ADR,2108.25,2107.0,1.25,2108.25,2107.0,1.25,True,SHORT,2015-06-02 23:15:00,2106.75,False,True,False,0.4,0.2,0.0,2107.0,2015-06-02 23:21:00,1.4,2108.75,2015-06-03 01:37:00,False,,0.0,,True,2107.0,2015-06-02 23:21:00,0.0
ES,2015-06-03,Wednesday,ODR,2111.5,2107.5,4.0,2112.0,2107.0,5.0,True,LONG,2015-06-03 06:50:00,2112.25,True,True,True,2.0625,0.0,2.0625,2119.75,2015-06-03 07:52:00,0.0625,2111.25,2015-06-03 07:00:00,True,2015-06-03 07:16:00,0.0625,0.0,True,2111.5,2015-06-03 06:58:00,0.0
ES,2015-06-03,Wednesday,RDR,2118.75,2107.5,11.25,2119.25,2107.25,12.0,True,LONG,2015-06-03 10:45:00,2119.5,True,True,False,0.1556,0.0,0.1333,2120.25,2015-06-03 11:01:00,0.8889,2108.75,2015-06-03 12:51:00,False,,0.0222,,True,2118.75,2015-06-03 10:51:00,0.0
ES,2015-06-04,Thursday,ODR,2112.75,2103.25,9.5,2113.0,2103.0,10.0,True,SHORT,2015-06-04 04:40:00,2101.75,True,True,False,0.0,0.3684,0.3684,2099.75,2015-06-04 04:49:00,0.3421,2106.5,2015-06-04 07:52:00,False,,0.0,,True,2103.5,2015-06-04 04:58:00,0.0263
ES,2015-06-04,Thursday,RDR,2110.5,2102.25,8.25,2111.5,2099.75,11.75,True,SHORT,2015-06-04 11:35:00,2099.5,True,False,,0.0,1.3333,1.3333,2091.25,2015-06-04 13:21:00,0.0,2101.75,2015-06-04 11:43:00,True,2015-06-04 11:45:00,0.0,0.0,False,,,
ES,2015-06-05,Friday,ODR,2102.5,2097.75,4.75,2102.75,2096.5,6.25,True,SHORT,2015-06-05 06:05:00,2094.75,True,False,,0.0,1.3684,1.3684,2091.25,2015-06-05 06:54:00,0.0,2096.75,2015-06-05 07:55:00,True,2015-06-05 06:10:00,0.0,0.0,False,,,
ES,2015-06-05,Friday,RDR,2097.5,2085.25,12.25,2097.75,2083.5,14.25,True,LONG,2015-06-05 10:35:00,2098.5,True,True,False,0.1633,0.0,0.1429,2099.25,2015-06-05 10:40:00,0.7551,2088.25,2015-06-05 12:30:00,False,,0.0,,True,2096.0,2015-06-05 10:43:00,0.1224
ES,2015-06-08,Monday,ODR,2093.0,2088.5,4.5,2093.25,2088.5,4.75,False,,,,,,,0.0556,0.0556,,,,,,,False,,,,False,,,
ES,2015-06-08,Monday,RDR,2090.0,2086.25,3.75,2091.75,2085.0,6.75,True,SHORT,2015-06-08 11:30:00,2084.75,True,False,,0.0,2.3333,2.3333,2077.5,2015-06-08 15:59:00,0.0,2086.0,2015-06-08 11:44:00,True,2015-06-08 11:35:00,0.0,0.0,False,,,
ES,2015-06-09,Tuesday,ODR,2081.5,2078.25,3.25,2081.75,2077.75,4.0,True,SHORT,2015-06-09 04:50:00,2077.25,True,False,,0.0,2.9231,2.9231,2068.75,2015-06-09 05:55:00,0.0,2077.75,2015-06-09 04:55:00,True,2015-06-09 05:00:00,0.0,0.0,False,,,
ES,2015-06-09,Tuesday,RDR,2080.5,2072.0,8.5,2081.5,2071.25,10.25,True,LONG,2015-06-09 12:55:00,2082.25,True,True,False,0.4706,0.1765,0.4706,2084.5,2015-06-09 13:31:00,0.5,2076.25,2015-06-09 15:32:00,False,,0.0,,True,2080.5,2015-06-09 13:45:00,0.0
ES,2015-06-10,Wednesday,ODR,2086.25,2080.25,6.0,2086.75,2080.25,6.5,True,LONG,2015-06-10 05:45:00,2087.75,True,True,True,0.4583,0.0,0.4583,2089.0,2015-06-10 06:10:00,0.0417,2086.0,2015-06-10 07:48:00,False,,0.0,,True,2086.25,2015-06-10 07:40:00,0.0
ES,2015-06-10,Wednesday,RDR,2095.5,2087.5,8.0,2096.0,2086.75,9.25,True,LONG,2015-06-10 10:30:00,2096.75,True,False,,1.5312,0.0,1.5312,2107.75,2015-06-10 11:16:00,0.0,2096.0,2015-06-10 10:40:00,True,2015-06-10 10:58:00,0.0,0.0,False,,,
ES,2015-06-11,Thursday,ODR,2106.75,2103.75,3.0,2107.25,2103.25,4.0,True,LONG,2015-06-11 07:55:00,2108.5,True,False,,0.8333,0.0,0.8333,2109.25,2015-06-11 08:03:00,0.0,2107.5,2015-06-11 08:29:00,True,2015-06-11 08:00:00,0.0,0.0,False,,,
ES,2015-06-11,Thursday,RDR,2114.0,2108.25,5.75,2114.5,2107.75,6.75,True,SHORT,2015-06-11 10:35:00,2107.25,True,True,False,0.0,0.4348,0.4348,2105.75,2015-06-11 11:00:00,0.6957,2112.25,2015-06-11 13:47:00,False,,0.3043,,True,2108.5,2015-06-11 10:40:00,0.0435
ES,2015-06-12,Friday,ODR,2107.25,2104.5,2.75,2107.75,2104.5,3.25,True,SHORT,2015-06-12 04:15:00,2104.25,False,True,True,0.5455,1.8182,1.8182,2099.5,2015-06-12 07:43:00,1.5455,2108.75,2015-06-12 06:22:00,True,2015-06-12 04:23:00,1.5455,1.5455,True,2104.5,2015-06-12 04:20:00,0.0
ES,2015-06-12,Friday,RDR,2100.75,2095.5,5.25,2101.75,2094.75,7.0,True,SHORT,2015-06-12 10:30:00,2093.5,True,True,True,0.0,1.0,1.0,2090.25,2015-06-12 11:00:00,0.619,2098.75,2015-06-12 11:27:00,True,2015-06-12 10:35:00,0.0,0.619,True,2096.5,2015-06-12 11:14:00,0.1905
ES,2015-06-15,Monday,ADR,2085.5,2083.25,2.25,2086.5,2083.0,3.5,True,SHORT,2015-06-14 23:10:00,2082.75,False,True,False,0.6667,0.4444,0.4444,2082.25,2015-06-14 23:18:00,1.5556,2086.75,2015-06-15 01:58:00,False,,0.0,,True,2083.25,2015-06-14 23:49:00,0.0
ES,2015-06-15,Monday,ODR,2089.25,2085.75,3.5,2089.5,2085.75,3.75,True,SHORT,2015-06-15 04:00:00,2085.25,True,True,True,0.0,1.2857,1.2857,2081.25,2015-06-15 08:08:00,0.6429,2088.0,2015-06-15 06:37:00,True,2015-06-15 06:12:00,0.6429,0.6429,True,2085.75,2015-06-15 04:07:00,0.0
ES,2015-06-15,Monday,RDR,2079.5,2073.0,6.5,2079.5,2071.25,8.25,True,LONG,2015-06-15 11:00:00,2082.0,True,False,,1.2692,0.0,1.2692,2087.75,2015-06-15 13:51:00,0.0,2080.0,2015-06-15 11:29:00,True,2015-06-15 11:08:00,0.0,0.0,False,,,
ES,2015-06-16,Tuesday,ODR,2077.25,2071.0,6.25,2077.75,2070.25,7.5,True,LONG,2015-06-16 07:20:00,2078.0,True,True,True,0.6,0.0,0.6,2081.0,2015-06-16 07:52:00,0.24,2075.75,2015-06-16 08:10:00,True,2015-06-16 07:49:00,0.04,0.24,True,2077.25,2015-06-16 07:27:00,0.0
ES,2015-06-16,Tuesday,RDR,2090.0,2082.0,8.0,2090.5,2080.5,10.0,True,LONG,2015-06-16 11:10:00,2091.0,True,True,True,0.875,0.0,0.875,2097.0,2015-06-16 14:10:00,0.125,2089.0,2015-06-16 11:31:00,True,2015-06-16 13:01:00,0.125,0.0,True,2090.0,2015-06-16 11:18:00,0.0
ES,2015-06-17,Wednesday,ODR,2103.75,2100.25,3.5,2104.0,2099.25,4.75,True,LONG,2015-06-17 04:40:00,2104.25,False,True,False,0.2857,0.7143,0.2857,2104.75,2015-06-17 04:54:00,1.7143,2097.75,2015-06-17 07:57:00,False,,0.0714,,True,2103.75,2015-06-17 04:49:00,0.0
ES,2015-06-17,Wednesday,RDR,2102.75,2099.0,3.75,2103.5,2098.5,5.0,True,SHORT,2015-06-17 11:25:00,2096.25,False,True,False,1.1333,3.1333,3.1333,2087.25,2015-06-17 14:00:00,2.1333,2107.0,2015-06-17 14:48:00,True,2015-06-17 11:30:00,0.0,2.1333,True,2099.75,2015-06-17 14:02:00,0.2
ES,2015-06-18,Thursday,ADR,2097.75,2096.0,1.75,2098.0,2096.0,2.0,True,SHORT,2015-06-17 20:55:00,2095.75,True,False,,0.0,3.1429,3.1429,2090.5,2015-06-18 01:59:00,0.0,2095.75,2015-06-17 21:00:00,True,2015-06-17 21:00:00,0.0,0.0,False,,,
ES,2015-06-18,Thursday,ODR,2100.75,2096.0,4.75,2101.5,2095.75,5.75,True,SHORT,2015-06-18 05:00:00,2094.5,False,True,False,0.8421,0.4211,0.4211,2094.0,2015-06-18 05:05:00,1.8421,2104.75,2015-06-18 06:46:00,False,,0.0,,True,2096.25,2015-06-18 05:10:00,0.0526
ES,2015-06-18,Thursday,RDR,2117.0,2106.5,10.5,2117.5,2105.25,12.25,True,LONG,2015-06-18 10:45:00,2118.5,True,False,,0.9524,0.0,0.9524,2127.0,2015-06-18 12:34:00,0.0,2118.25,2015-06-18 13:23:00,True,2015-06-18 11:09:00,0.0,0.0,False,,,
ES,2015-06-19,Friday,ODR,2124.5,2120.5,4.0,2124.5,2120.5,4.0,True,LONG,2015-06-19 04:20:00,2124.75,True,True,True,0.4375,0.0,0.4375,2126.25,2015-06-19 05:24:00,0.3125,2123.25,2015-06-19 04:57:00,False,,0.3125,,True,2124.5,2015-06-19 04:25:00,0.0
ES,2015-06-22,Monday,ADR,2107.0,2106.0,1.0,2107.25,2106.0,1.25,True,LONG,2015-06-22 01:50:00,2107.75,True,False,,1.25,0.0,1.25,2108.25,2015-06-22 01:59:00,0.0,2107.5,2015-06-22 01:55:00,True,2015-06-22 01:55:00,0.0,0.0,False,,,
ES,2015-06-22,Monday,ODR,2114.5,2112.0,2.5,2114.75,2111.75,3.0,True,LONG,2015-06-22 04:10:00,2115.0,False,True,False,1.3,0.3,1.3,2117.75,2015-06-22 04:28:00,1.3,2111.25,2015-06-22 06:58:00,True,2015-06-22 04:20:00,0.0,1.3,True,2114.5,2015-06-22 06:00:00,0.0
ES,2015-06-22,Monday,RDR,2118.5,2113.5,5.0,2118.75,2112.5,6.25,True,LONG,2015-06-22 10:40:00,2119.5,False,True,False,0.65,0.25,0.65,2121.75,2015-06-22 11:23:00,1.25,2112.25,2015-06-22 12:27:00,True,2015-06-22 11:16:00,0.25,1.25,True,2118.25,2015-06-22 10:49:00,0.05
ES,2015-06-23,Tuesday,ADR,2116.75,2115.5,1.25,2116.75,2115.25,1.5,True,LONG,2015-06-22 22:10:00,2117.0,True,True,True,2.2,0.0,2.2,2119.5,2015-06-23 01:59:00,0.4,2116.25,2015-06-22 23:20:00,True,2015-06-23 00:10:00,0.4,0.0,True,2116.75,2015-06-22 22:15:00,0.0
ES,2015-06-23,Tuesday,ODR,2119.0,2116.5,2.5,2119.0,2116.0,3.0,True,SHORT,2015-06-23 05:05:00,2115.25,True,True,False,0.0,0.6,0.6,2115.0,2015-06-23 05:12:00,1.0,2119.0,2015-06-23 08:09:00,True,2015-06-23 05:11:00,0.0,1.0,True,2116.5,2015-06-23 05:49:00,0.0
ES,2015-06-23,Tuesday,RDR,2119.25,2114.75,4.5,2120.0,2114.25,5.75,True,SHORT,2015-06-23 10:40:00,2112.75,True,True,False,0.0,0.7778,0.7778,2111.25,2015-06-23 12:05:00,0.5556,2117.25,2015-06-23 15:35:00,True,2015-06-23 12:02:00,0.2222,0.5556,True,2115.0,2015-06-23 11:06:00,0.0556
ES,2015-06-24,Wednesday,ODR,2117.0,2114.0,3.0,2117.25,2114.0,3.25,True,SHORT,2015-06-24 04:45:00,2113.75,True,True,True,0.0,1.8333,1.8333,2108.5,2015-06-24 05:43:00,0.6667,2116.0,2015-06-24 05:12:00,True,2015-06-24 05:36:00,0.6667,0.25,True,2114.0,2015-06-24 04:50:00,0.0
ES,2015-06-24,Wednesday,RDR,2116.0,2111.5,4.5,2116.25,2110.75,5.5,True,SHORT,2015-06-24 11:35:00,2110.25,True,True,True,0.2778,2.5556,2.5556,2100.0,2015-06-24 15:59:00,0.1667,2112.25,2015-06-24 11:44:00,True,2015-06-24 11:59:00,0.1667,0.0,True,2111.5,2015-06-24 11:41:00,0.0
ES,2015-06-25,Thursday,ODR,2107.25,2102.25,5.0,2107.25,2102.0,5.25,True,LONG,2015-06-25 04:10:00,2108.0,True,True,False,1.05,0.0,1.05,2112.5,2015-06-25 04:26:00,0.55,2104.5,2015-06-25 08:29:00,True,2015-06-25 04:25:00,0.0,0.55,True,2107.25,2015-06-25 04:17:00,0.0
ES,2015-06-25,Thursday,RDR,2106.5,2101.25,5.25,2107.25,2098.25,9.0,True,SHORT,2015-06-25 14:05:00,2098.0,True,False,,0.1905,1.6667,1.6667,2092.5,2015-06-25 14:27:00,0.0,2098.25,2015-06-25 15:06:00,True,2015-06-25 14:10:00,0.0,0.0,False,,,
ES,2015-06-26,Friday,ODR,2093.5,2091.0,2.5,2094.0,2090.5,3.5,True,LONG,2015-06-26 06:35:00,2095.0,True,False,,2.2,0.0,2.2,2099.0,2015-06-26 07:32:00,0.0,2094.25,2015-06-26 06:41:00,True,2015-06-26 06:40:00,0.0,0.0,False,,,
ES,2015-06-26,Friday,RDR,2099.25,2092.75,6.5,2100.5,2091.25,9.25,True,SHORT,2015-06-26 12:50:00,2090.5,True,True,False,0.0,1.0,1.0,2086.25,2015-06-26 13:24:00,0.5,2096.0,2015-06-26 15:10:00,True,2015-06-26 12:56:00,0.0,0.5,True,2092.75,2015-06-26 13:42:00,0.0
ES,2015-06-29,Monday,ADR,2064.25,2061.0,3.25,2065.5,2059.25,6.25,True,LONG,2015-06-28 21:20:00,2066.25,True,True,True,2.0,0.0,2.0,2070.75,2015-06-28 23:25:00,0.7692,2061.75,2015-06-29 01:28:00,True,2015-06-28 21:25:00,0.0,0.7692,True,2064.0,2015-06-29 00:50:00,0.0769
ES,2015-06-29,Monday,ODR,2075.5,2069.0,6.5,2076.25,2068.75,7.5,True,LONG,2015-06-29 04:40:00,2076.5,True,True,False,0.5,0.0385,0.5,2078.75,2015-06-29 04:53:00,1.0385,2068.75,2015-06-29 06:32:00,True,2015-06-29 04:53:00,0.0385,1.0385,True,2075.25,2015-06-29 04:48:00,0.0385
ES,2015-06-29,Monday,RDR,2082.0,2074.25,7.75,2083.0,2072.75,10.25,True,SHORT,2015-06-29 10:55:00,2072.25,True,False,,0.0,3.4839,3.4839,2047.25,2015-06-29 15:59:00,0.0,2072.5,2015-06-29 11:01:00,True,2015-06-29 11:06:00,0.0,0.0,False,,,
ES,2015-06-30,Tuesday,ADR,2055.25,2053.5,1.75,2055.25,2053.5,1.75,True,LONG,2015-06-29 21:15:00,2055.5,False,True,False,0.4286,1.5714,0.4286,2056.0,2015-06-30 01:57:00,2.5714,2050.75,2015-06-29 22:38:00,False,,2.5714,,True,2055.25,2015-06-29 21:24:00,0.0
ES,2015-06-30,Tuesday,ODR,2058.25,2053.5,4.75,2058.5,2053.5,5.0,True,LONG,2015-06-30 05:05:00,2060.0,True,False,,2.1053,0.1053,2.1053,2068.25,2015-06-30 05:25:00,0.0,2058.75,2015-06-30 05:19:00,True,2015-06-30 05:10:00,0.0,0.0,False,,,
ES,2015-06-30,Tuesday,RDR,2066.75,2055.0,11.75,2067.0,2053.0,14.0,True,SHORT,2015-06-30 10:45:00,2052.5,True,True,True,0.0,0.7021,0.7021,2046.75,2015-06-30 12:32:00,0.9149,2065.75,2015-06-30 14:12:00,True,2015-06-30 12:28:00,0.3617,0.9149,True,2057.5,2015-06-30 10:58:00,0.2128
ES,2015-07-01,Wednesday,ODR,2066.5,2062.25,4.25,2066.75,2061.75,5.0,True,LONG,2015-07-01 04:55:00,2070.5,True,False,,2.5294,0.0,2.5294,2077.25,2015-07-01 05:28:00,0.0,2068.5,2015-07-01 07:25:00,True,2015-07-01 05:00:00,0.0,0.0,False,,,
ES,2015-07-01,Wednesday,RDR,2073.75,2069.75,4.0,2074.25,2067.75,6.5,True,SHORT,2015-07-01 10:30:00,2067.5,True,True,True,0.0,2.5625,2.5625,2059.5,2015-07-01 14:03:00,0.0625,2070.0,2015-07-01 10:36:00,True,2015-07-01 10:35:00,0.0625,0.0625,True,2070.0,2015-07-01 10:36:00,0.0625
ES,2015-07-02,Thursday,ADR,2070.5,2068.75,1.75,2070.5,2068.75,1.75,True,SHORT,2015-07-01 20:45:00,2068.25,True,True,False,0.0,0.5714,0.5714,2067.75,2015-07-01 21:07:00,1.0,2070.5,2015-07-01 23:36:00,True,2015-07-01 21:07:00,0.0,1.0,True,2068.75,2015-07-01 21:44:00,0.0
ES,2015-07-02,Thursday,ODR,2075.25,2071.5,3.75,2075.5,2070.5,5.0,False,,,,,,,0.2,0.1333,,,,,,,False,,,,False,,,
ES,2015-07-02,Thursday,RDR,2075.75,2071.5,4.25,2077.0,2071.25,5.75,True,SHORT,2015-07-02 10:35:00,2069.5,True,True,True,0.0,2.1765,2.1765,2062.25,2015-07-02 14:08:00,0.2353,2072.5,2015-07-02 10:52:00,True,2015-07-02 10:50:00,0.2353,0.2353,True,2071.5,2015-07-02 10:46:00,0.0
ES,2015-07-03,Friday,ODR,2070.75,2068.0,2.75,2071.0,2067.25,3.75,True,SHORT,2015-07-03 04:30:00,2067.0,True,True,True,0.0,0.9091,0.9091,2065.5,2015-07-03 04:50:00,0.6364,2069.75,2015-07-03 05:49:00,True,2015-07-03 04:47:00,0.0,0.6364,True,2068.0,2015-07-03 04:38:00,0.0
ES,2015-07-03,Friday,RDR,2067.0,2063.75,3.25,2067.25,2063.25,4.0,True,LONG,2015-07-03 11:10:00,2067.75,True,True,False,0.2308,0.0,0.2308,2067.75,2015-07-03 11:15:00,1.0,2063.75,2015-07-03 11:58:00,False,,0.0,,True,2067.0,2015-07-03 11:23:00,0.0
ES,2015-07-06,Monday,ADR,2045.0,2041.25,3.75,2045.0,2041.25,3.75,True,LONG,2015-07-05 20:40:00,2045.25,False,True,True,1.2,0.2667,1.2,2049.5,2015-07-06 01:48:00,1.2667,2040.25,2015-07-06 01:36:00,True,2015-07-06 01:44:00,1.2667,0.2667,True,2045.0,2015-07-05 20:45:00,0.0
ES,2015-07-06,Monday,ODR,2056.5,2052.75,3.75,2057.0,2051.25,5.75,True,LONG,2015-07-06 05:40:00,2057.5,False,True,False,0.6667,1.1333,0.6667,2059.0,2015-07-06 05:57:00,2.1333,2048.5,2015-07-06 07:57:00,True,2015-07-06 05:55:00,0.0,2.1333,True,2056.5,2015-07-06 06:14:00,0.0
ES,2015-07-06,Monday,RDR,2061.5,2049.5,12.0,2062.25,2049.25,13.0,True,LONG,2015-07-06 10:30:00,2064.0,True,True,False,0.7292,0.0,0.7292,2070.25,2015-07-06 10:46:00,0.8958,2050.75,2015-07-06 14:44:00,True,2015-07-06 10:44:00,0.0,0.8958,True,2061.5,2015-07-06 11:17:00,0.0
ES,2015-07-07,Tuesday,ADR,2069.5,2066.75,2.75,2069.75,2066.75,3.0,True,LONG,2015-07-06 20:30:00,2070.0,True,True,True,2.6364,0.0,2.6364,2076.75,2015-07-07 01:30:00,0.1818,2069.0,2015-07-06 23:16:00,True,2015-07-06 21:10:00,0.1818,0.1818,True,2069.5,2015-07-06 20:35:00,0.0
ES,2015-07-07,Tuesday,ODR,2077.5,2074.25,3.25,2077.75,2073.5,4.25,True,SHORT,2015-07-07 05:25:00,2073.25,True,True,True,0.0,2.4615,2.4615,2066.25,2015-07-07 08:17:00,0.1538,2074.75,2015-07-07 05:50:00,True,2015-07-07 05:30:00,0.1538,0.1538,True,2074.25,2015-07-07 05:45:00,0.0
ES,2015-07-07,Tuesday,RDR,2063.75,2045.75,18.0,2063.75,2044.75,19.0,True,SHORT,2015-07-07 10:30:00,2043.5,False,True,False,0.6667,0.5972,0.5972,2035.0,2015-07-07 11:35:00,1.6667,2075.75,2015-07-07 15:34:00,True,2015-07-07 11:34:00,0.0,1.6667,True,2045.75,2015-07-07 10:54:00,0.0
ES,2015-07-08,Wednesday,ODR,2052.75,2043.75,9.0,2053.0,2042.25,10.75,True,LONG,2015-07-08 04:00:00,2054.0,True,True,True,1.1944,0.0,1.1944,2063.5,2015-07-08 07:13:00,0.6667,2046.75,2015-07-08 04:45:00,True,2015-07-08 04:08:00,0.6667,0.6667,True,2052.5,2015-07-08 04:11:00,0.0278
ES,2015-07-08,Wednesday,RDR,2061.5,2049.5,12.0,2061.5,2048.5,13.0,True,SHORT,2015-07-08 10:30:00,2047.75,True,True,True,0.0,1.1042,1.1042,2036.25,2015-07-08 14:50:00,0.6875,2057.75,2015-07-08 10:57:00,True,2015-07-08 11:55:00,0.6875,0.2917,True,2050.25,2015-07-08 10:35:00,0.0625
ES,2015-07-09,Thursday,ADR,2045.25,2043.0,2.25,2045.75,2042.75,3.0,True,SHORT,2015-07-08 20:30:00,2040.25,False,True,False,3.6667,1.5556,1.2222,2040.25,2015-07-08 20:36:00,4.6667,2053.5,2015-07-09 01:56:00,True,2015-07-08 20:35:00,0.0,4.6667,True,2043.0,2015-07-08 20:48:00,0.0
ES,2015-07-09,Thursday,ODR,2054.5,2051.75,2.75,2055.25,2051.25,4.0,True,LONG,2015-07-09 05:20:00,2056.25,True,False,,2.9091,0.0,2.9091,2062.5,2015-07-09 08:24:00,0.0,2056.25,2015-07-09 05:25:00,True,2015-07-09 05:25:00,0.0,0.0,False,,,
ES,2015-07-09,Thursday,RDR,2067.5,2054.0,13.5,2067.75,2053.75,14.0,True,SHORT,2015-07-09 12:05:00,2053.25,True,True,True,0.0,0.7963,0.7963,2043.25,2015-07-09 15:59:00,0.0741,2055.0,2015-07-09 12:19:00,True,2015-07-09 14:17:00,0.0741,0.0,True,2054.0,2015-07-09 12:10:00,0.0
ES,2015-07-10,Friday,ADR,2058.5,2055.25,3.25,2058.5,2054.5,4.0,True,SHORT,2015-07-09 20:40:00,2054.25,False,True,False,2.1538,0.6154,0.6154,2053.25,2015-07-09 20:46:00,3.1538,2065.5,2015-07-09 23:58:00,True,2015-07-09 20:45:00,0.0,3.1538,True,2056.0,2015-07-09 21:02:00,0.2308
ES,2015-07-10,Friday,ODR,2065.25,2062.0,3.25,2066.25,2061.5,4.75,True,SHORT,2015-07-10 04:25:00,2060.0,False,True,False,0.9231,0.9231,0.9231,2059.0,2015-07-10 05:10:00,1.9231,2068.25,2015-07-10 07:11:00,True,2015-07-10 04:30:00,0.2308,1.9231,True,2062.75,2015-07-10 04:41:00,0.2308
ES,2015-07-10,Friday,RDR,2068.0,2063.25,4.75,2069.75,2062.5,7.25,True,SHORT,2015-07-10 10:40:00,2060.75,False,True,False,1.3684,0.7895,0.7895,2059.5,2015-07-10 10:45:00,2.3684,2074.5,2015-07-10 15:19:00,True,2015-07-10 10:45:00,0.0,2.3684,True,2063.25,2015-07-10 10:52:00,0.0
ES,2015-07-13,Monday,ADR,2061.0,2058.25,2.75,2061.5,2058.25,3.25,True,LONG,2015-07-12 22:00:00,2061.75,True,False,,3.0909,0.0,3.0909,2069.5,2015-07-13 00:28:00,0.0,2061.25,2015-07-12 22:05:00,True,2015-07-12 22:14:00,0.0,0.0,False,,,
ES,2015-07-13,Monday,ODR,2076.75,2072.25,4.5,2077.75,2070.25,7.5,True,LONG,2015-07-13 04:55:00,2078.25,True,False,,2.3333,0.0,2.3333,2087.25,2015-07-13 05:48:00,0.0,2078.0,2015-07-13 05:00:00,True,2015-07-13 05:07:00,0.0,0.0,False,,,
ES,2015-07-13,Monday,RDR,2090.5,2085.0,5.5,2091.0,2084.25,6.75,True,LONG,2015-07-13 14:55:00,2091.25,True,False,,0.5909,0.0,0.5909,2093.75,2015-07-13 15:46:00,0.0,2090.75,2015-07-13 15:08:00,True,2015-07-13 15:30:00,0.0,0.0,False,,,
ES,2015-07-14,Tuesday,ODR,2093.25,2091.75,1.5,2093.25,2091.5,1.75,True,LONG,2015-07-14 07:00:00,2093.75,True,True,True,0.8333,0.1667,0.8333,2094.5,2015-07-14 07:07:00,0.5,2092.5,2015-07-14 08:10:00,True,2015-07-14 07:05:00,0.0,0.5,True,2093.25,2015-07-14 07:14:00,0.0
ES,2015-07-14,Tuesday,RDR,2098.0,2091.75,6.25,2098.25,2091.25,7.0,True,LONG,2015-07-14 10:40:00,2098.5,True,True,True,1.16,0.0,1.16,2105.25,2015-07-14 15:17:00,0.04,2097.75,2015-07-14 10:49:00,True,2015-07-14 11:15:00,0.04,0.0,True,2098.0,2015-07-14 10:47:00,0.0
ES,2015-07-15,Wednesday,ADR,2101.0,2099.25,1.75,2101.0,2099.25,1.75,True,LONG,2015-07-14 20:50:00,2101.25,True,True,True,3.5714,0.0,3.5714,2107.25,2015-07-14 22:07:00,0.1429,2100.75,2015-07-14 21:03:00,True,2015-07-14 21:05:00,0.1429,0.0,True,2101.0,2015-07-14 21:01:00,0.0
ES,2015-07-15,Wednesday,ODR,2104.75,2102.5,2.25,2105.25,2102.0,3.25,False,,,,,,,0.0,0.1111,,,,,,,False,,,,False,,,
ES,2015-07-15,Wednesday,RDR,2104.5,2101.5,3.0,2105.25,2100.0,5.25,True,LONG,2015-07-15 10:35:00,2105.5,False,True,False,1.0,2.1667,1.0,2107.5,2015-07-15 11:09:00,3.1667,2095.0,2015-07-15 14:57:00,True,2015-07-15 10:40:00,0.0,3.1667,True,2104.25,2015-07-15 11:37:00,0.0833
ES,2015-07-16,Thursday,ODR,2111.75,2109.25,2.5,2112.0,2109.25,2.75,True,LONG,2015-07-16 04:30:00,2113.25,True,True,True,0.6,0.0,0.6,2113.25,2015-07-16 04:35:00,0.6,2110.25,2015-07-16 06:52:00,True,2015-07-16 04:35:00,0.0,0.6,True,2111.75,2015-07-16 05:04:00,0.0
ES,2015-07-16,Thursday,RDR,2114.0,2111.0,3.0,2114.75,2110.75,4.0,True,LONG,2015-07-16 11:35:00,2115.25,True,True,True,1.1667,0.0,1.1667,2117.5,2015-07-16 15:32:00,0.3333,2113.0,2015-07-16 13:20:00,True,2015-07-16 11:40:00,0.3333,0.3333,True,2114.0,2015-07-16 12:55:00,0.0
ES,2015-07-17,Friday,ODR,2117.75,2115.5,2.25,2117.75,2115.5,2.25,True,SHORT,2015-07-17 04:20:00,2115.25,False,True,False,0.3333,0.2222,0.2222,2115.0,2015-07-17 04:29:00,1.3333,2118.5,2015-07-17 08:26:00,False,,0.0,,True,2115.5,2015-07-17 04:25:00,0.0
ES,2015-07-17,Friday,RDR,2117.5,2113.0,4.5,2117.75,2112.75,5.0,True,LONG,2015-07-17 15:25:00,2118.0,True,False,,0.5,0.0,0.5,2119.75,2015-07-17 15:50:00,0.0,2117.75,2015-07-17 15:30:00,True,2015-07-17 15:50:00,0.0,0.0,False,,,
ES,2015-07-20,Monday,RDR,2121.25,2116.75,4.5,2121.75,2116.5,5.25,True,LONG,2015-07-20 11:05:00,2122.0,True,True,False,1.0556,0.0,1.0556,2126.0,2015-07-20 15:10:00,0.3889,2119.5,2015-07-20 15:44:00,True,2015-07-20 12:43:00,0.1111,0.3889,True,2121.25,2015-07-20 11:30:00,0.0
ES,2015-07-21,Tuesday,ODR,2124.25,2122.0,2.25,2124.75,2121.5,3.25,True,SHORT,2015-07-21 04:45:00,2121.25,True,True,True,0.0,0.8889,0.8889,2120.0,2015-07-21 08:27:00,0.2222,2122.5,2015-07-21 06:53:00,True,2015-07-21 04:50:00,0.2222,0.2222,True,2122.0,2015-07-21 06:16:00,0.0
ES,2015-07-21,Tuesday,RDR,2121.25,2118.5,2.75,2121.5,2117.75,3.75,True,SHORT,2015-07-21 10:30:00,2117.5,True,False,,0.0,3.8182,3.8182,2108.0,2015-07-21 14:10:00,0.0,2118.0,2015-07-21 10:38:00,True,2015-07-21 10:41:00,0.0,0.0,False,,,
ES,2015-07-22,Wednesday,ODR,2107.25,2104.5,2.75,2107.5,2104.5,3.0,True,LONG,2015-07-22 04:00:00,2107.75,False,True,False,0.1818,0.6364,0.1818,2107.75,2015-07-22 04:05:00,1.6364,2102.75,2015-07-22 08:05:00,False,,0.0,,True,2107.25,2015-07-22 04:05:00,0.0
ES,2015-07-22,Wednesday,RDR,2110.5,2103.5,7.0,2111.75,2103.5,8.25,False,,,,,,,0.0,0.0714,,,,,,,False,,,,False,,,
ES,2015-07-23,Thursday,ODR,2113.5,2111.25,2.25,2113.5,2111.0,2.5,True,SHORT,2015-07-23 04:05:00,2110.0,True,True,True,0.0,1.3333,1.3333,2108.25,2015-07-23 07:30:00,0.4444,2112.25,2015-07-23 06:02:00,True,2015-07-23 04:11:00,0.4444,0.4444,True,2111.25,2015-07-23 04:21:00,0.0
ES,2015-07-23,Thursday,RDR,2109.0,2105.0,4.0,2110.25,2104.25,6.0,True,SHORT,2015-07-23 11:25:00,2103.75,True,False,,0.25,3.4375,3.4375,2091.25,2015-07-23 15:14:00,0.0,2104.0,2015-07-23 11:31:00,True,2015-07-23 11:37:00,0.0,0.0,False,,,
ES,2015-07-24,Friday,ADR,2101.0,2098.75,2.25,2101.0,2098.75,2.25,True,SHORT,2015-07-23 22:15:00,2098.5,True,True,False,0.1111,0.6667,0.6667,2097.25,2015-07-23 23:12:00,0.4444,2099.75,2015-07-24 01:29:00,True,2015-07-23 23:10:00,0.1111,0.4444,True,2098.75,2015-07-23 22:20:00,0.0
ES,2015-07-24,Friday,ODR,2100.25,2098.0,2.25,2100.25,2097.75,2.5,True,LONG,2015-07-24 04:00:00,2101.5,True,True,False,1.5556,0.0,1.5556,2103.75,2015-07-24 04:23:00,0.6667,2098.75,2015-07-24 08:13:00,True,2015-07-24 04:05:00,0.0,0.6667,True,2100.0,2015-07-24 07:49:00,0.1111
ES,2015-07-24,Friday,RDR,2097.0,2089.25,7.75,2097.5,2088.25,9.25,True,SHORT,2015-07-24 10:30:00,2087.25,True,False,,0.0,2.5161,2.5161,2069.75,2015-07-24 14:52:00,0.0,2088.5,2015-07-24 10:38:00,True,2015-07-24 11:12:00,0.0,0.0,False,,,
ES,2015-07-27,Monday,ADR,2077.25,2075.75,1.5,2077.5,2075.75,1.75,True,LONG,2015-07-26 20:50:00,2078.0,True,True,True,2.1667,0.0,2.1667,2080.5,2015-07-26 21:19:00,0.6667,2076.25,2015-07-27 00:56:00,True,2015-07-26 20:55:00,0.0,0.6667,True,2077.25,2015-07-27 00:53:00,0.0
ES,2015-07-27,Monday,ODR,2077.25,2071.75,5.5,2078.5,2071.5,7.0,True,SHORT,2015-07-27 06:00:00,2071.25,True,True,True,0.0,1.3636,1.3636,2064.25,2015-07-27 08:15:00,0.0455,2072.0,2015-07-27 06:27:00,True,2015-07-27 06:53:00,0.0455,0.0,True,2071.75,2015-07-27 06:19:00,0.0
ES,2015-07-27,Monday,RDR,2065.25,2057.75,7.5,2065.25,2056.5,8.75,True,LONG,2015-07-27 10:30:00,2066.25,False,True,False,0.5333,0.1333,0.5333,2069.25,2015-07-27 10:40:00,1.1333,2056.75,2015-07-27 15:45:00,True,2015-07-27 10:40:00,0.0,1.1333,True,2065.25,2015-07-27 10:52:00,0.0
ES,2015-07-28,Tuesday,ADR,2065.75,2065.0,0.75,2066.0,2065.0,1.0,True,SHORT,2015-07-27 20:30:00,2064.75,False,True,False,14.6667,3.0,3.0,2062.75,2015-07-27 21:29:00,15.6667,2076.75,2015-07-28 01:16:00,True,2015-07-27 20:53:00,0.3333,15.6667,True,2065.0,2015-07-27 20:36:00,0.0
ES,2015-07-28,Tuesday,ODR,2074.5,2071.75,2.75,2075.25,2071.0,4.25,True,LONG,2015-07-28 04:55:00,2076.0,True,True,True,1.2727,0.1818,1.2727,2078.0,2015-07-28 06:08:00,0.3636,2073.5,2015-07-28 07:19:00,True,2015-07-28 05:00:00,0.0,0.3636,True,2074.5,2015-07-28 06:54:00,0.0
ES,2015-07-28,Tuesday,RDR,2071.75,2062.5,9.25,2072.0,2061.5,10.5,True,LONG,2015-07-28 11:10:00,2072.5,True,True,True,1.8378,0.027,1.8378,2088.75,2015-07-28 14:16:00,0.1351,2070.5,2015-07-28 11:23:00,True,2015-07-28 12:02:00,0.1351,0.0,True,2071.25,2015-07-28 11:17:00,0.0541
ES,2015-07-29,Wednesday,ADR,2088.75,2088.0,0.75,2088.75,2087.75,1.0,True,SHORT,2015-07-28 21:35:00,2087.25,True,False,,0.0,5.0,5.0,2084.25,2015-07-29 01:33:00,0.0,2087.25,2015-07-28 21:41:00,True,2015-07-28 21:40:00,0.0,0.0,False,,,
ES,2015-07-29,Wednesday,ODR,2091.5,2088.75,2.75,2091.75,2088.0,3.75,True,SHORT,2015-07-29 04:25:00,2087.0,False,True,False,0.7273,0.9091,0.9091,2086.25,2015-07-29 04:32:00,1.7273,2093.5,2015-07-29 07:24:00,True,2015-07-29 04:30:00,0.0,1.7273,True,2088.75,2015-07-29 04:38:00,0.0
ES,2015-07-29,Wednesday,RDR,2091.5,2088.25,3.25,2092.5,2086.75,5.75,True,LONG,2015-07-29 10:30:00,2092.75,True,True,True,3.8462,0.0,3.8462,2104.0,2015-07-29 14:56:00,0.0,2091.5,2015-07-29 14:04:00,True,2015-07-29 10:35:00,0.0,0.0,True,2091.5,2015-07-29 14:04:00,0.0
ES,2015-07-30,Thursday,ODR,2099.75,2096.25,3.5,2100.25,2096.0,4.25,True,SHORT,2015-07-30 04:40:00,2095.75,False,True,True,1.0,0.2143,0.2143,2095.5,2015-07-30 08:27:00,2.0,2103.25,2015-07-30 06:26:00,False,,2.0,,True,2096.25,2015-07-30 04:45:00,0.0
ES,2015-07-30,Thursday,RDR,2095.75,2088.25,7.5,2098.25,2087.75,10.5,True,LONG,2015-07-30 11:45:00,2099.0,True,False,,1.0667,0.0,1.0667,2103.75,2015-07-30 15:26:00,0.0,2098.25,2015-07-30 11:53:00,True,2015-07-30 11:50:00,0.0,0.0,False,,,
ES,2015-07-31,Friday,ADR,2102.5,2101.25,1.25,2102.5,2101.25,1.25,True,LONG,2015-07-30 22:05:00,2102.75,True,True,True,0.8,0.0,0.8,2103.5,2015-07-31 01:29:00,0.8,2101.5,2015-07-30 23:09:00,True,2015-07-31 01:19:00,0.8,0.0,True,2102.5,2015-07-30 22:18:00,0.0
ES,2015-07-31,Friday,ODR,2105.75,2102.25,3.5,2106.75,2101.5,5.25,True,SHORT,2015-07-31 05:40:00,2101.25,True,True,True,0.0,1.3571,1.3571,2097.5,2015-07-31 08:20:00,0.0714,2102.5,2015-07-31 06:32:00,True,2015-07-31 05:47:00,0.0714,0.0714,True,2102.25,2015-07-31 06:30:00,0.0
ES,2015-07-31,Friday,RDR,2108.25,2099.25,9.0,2108.25,2098.75,9.5,True,SHORT,2015-07-31 14:20:00,2098.5,True,True,True,0.0,0.4444,0.4444,2095.25,2015-07-31 15:27:00,0.1389,2100.5,2015-07-31 14:32:00,False,,0.1389,,True,2099.25,2015-07-31 14:26:00,0.0
ES,2015-08-03,Monday,ADR,2100.5,2099.0,1.5,2100.5,2099.0,1.5,True,SHORT,2015-08-02 20:50:00,2098.75,True,False,,0.0,2.3333,2.3333,2095.5,2015-08-02 21:38:00,0.0,2098.5,2015-08-02 20:55:00,True,2015-08-02 20:55:00,0.0,0.0,False,,,
ES,2015-08-03,Monday,ODR,2101.0,2094.0,7.0,2102.25,2093.5,8.75,True,SHORT,2015-08-03 04:20:00,2093.25,True,True,False,0.1429,0.1429,0.0714,2093.5,2015-08-03 04:25:00,0.7857,2099.5,2015-08-03 05:03:00,False,,0.0357,,True,2094.25,2015-08-03 04:25:00,0.0357
ES,2015-08-03,Monday,RDR,2098.5,2091.5,7.0,2099.0,2090.5,8.5,True,SHORT,2015-08-03 12:30:00,2089.75,True,False,,0.0,1.6429,1.6429,2080.0,2015-08-03 13:10:00,0.0,2091.25,2015-08-03 15:59:00,True,2015-08-03 12:37:00,0.0,0.0,False,,,
ES,2015-08-04,Tuesday,ADR,2088.5,2087.0,1.5,2088.5,2086.75,1.75,True,LONG,2015-08-03 21:40:00,2090.0,True,False,,2.0,0.0,2.0,2091.5,2015-08-04 01:51:00,0.0,2088.75,2015-08-04 01:02:00,True,2015-08-03 21:45:00,0.0,0.0,False,,,
ES,2015-08-04,Tuesday,ODR,2089.75,2085.0,4.75,2089.75,2084.75,5.0,True,LONG,2015-08-04 04:10:00,2090.5,False,True,False,0.7368,0.1579,0.7368,2093.25,2015-08-04 04:18:00,1.1579,2084.25,2015-08-04 07:25:00,True,2015-08-04 04:16:00,0.0,1.1579,True,2089.5,2015-08-04 04:53:00,0.0526
ES,2015-08-04,Tuesday,RDR,2094.5,2088.0,6.5,2096.0,2088.0,8.0,True,SHORT,2015-08-04 12:40:00,2087.25,True,True,True,0.1538,1.0,1.0,2081.5,2015-08-04 14:10:00,0.6538,2092.25,2015-08-04 13:32:00,True,2015-08-04 13:53:00,0.6538,0.2692,True,2088.0,2015-08-04 12:46:00,0.0
ES,2015-08-05,Wednesday,ODR,2088.75,2086.5,2.25,2089.0,2086.5,2.5,True,SHORT,2015-08-05 04:20:00,2086.25,False,True,False,6.3333,0.2222,0.0,2086.5,2015-08-05 04:25:00,7.3333,2103.0,2015-08-05 08:27:00,False,,0.1111,,True,2086.75,2015-08-05 04:25:00,0.1111
ES,2015-08-05,Wednesday,RDR,2105.75,2098.25,7.5,2106.25,2098.0,8.25,True,SHORT,2015-08-05 12:15:00,2096.5,True,True,True,0.1333,1.0,1.0,2090.75,2015-08-05 13:17:00,0.0333,2098.5,2015-08-05 15:10:00,True,2015-08-05 12:32:00,0.0,0.0333,True,2098.5,2015-08-05 15:10:00,0.0333
ES,2015-08-06,Thursday,ODR,2095.25,2092.0,3.25,2095.75,2092.0,3.75,True,LONG,2015-08-06 07:30:00,2096.0,True,False,,1.1538,0.0,1.1538,2099.0,2015-08-06 07:43:00,0.0,2095.5,2015-08-06 08:21:00,True,2015-08-06 07:36:00,0.0,0.0,False,,,
ES,2015-08-06,Thursday,RDR,2096.25,2084.0,12.25,2097.75,2084.0,13.75,True,SHORT,2015-08-06 11:05:00,2082.5,True,False,,0.0,1.1429,1.1429,2070.0,2015-08-06 12:40:00,0.0,2082.5,2015-08-06 11:10:00,True,2015-08-06 11:30:00,0.0,0.0,False,,,
ES,2015-08-07,Friday,ODR,2078.25,2075.5,2.75,2078.25,2075.25,3.0,True,LONG,2015-08-07 04:25:00,2079.0,False,True,False,1.0909,0.4545,1.0909,2081.25,2015-08-07 04:50:00,1.4545,2074.25,2015-08-07 07:56:00,True,2015-08-07 04:30:00,0.0,1.4545,True,2078.0,2015-08-07 05:10:00,0.0909
ES,2015-08-07,Friday,RDR,2075.5,2068.75,6.75,2076.5,2067.25,9.25,True,SHORT,2015-08-07 11:10:00,2066.5,True,True,False,0.0,1.0,1.0,2062.0,2015-08-07 13:26:00,0.5926,2072.75,2015-08-07 15:59:00,True,2015-08-07 11:17:00,0.0,0.5926,True,2068.75,2015-08-07 15:22:00,0.0
ES,2015-08-10,Monday,ADR,2076.75,2072.25,4.5,2077.13,2072.0,5.130000000000109,True,LONG,2015-08-09 20:35:00,2077.25,True,True,True,0.7778,0.0,0.7778,2080.25,2015-08-10 01:56:00,0.2222,2075.75,2015-08-09 20:53:00,True,2015-08-09 23:50:00,0.2222,0.0,True,2076.75,2015-08-09 20:41:00,0.0
ES,2015-08-10,Monday,ODR,2080.25,2074.75,5.5,2080.5,2074.75,5.75,True,SHORT,2015-08-10 04:10:00,2074.5,False,True,False,1.4545,0.1364,0.1364,2074.0,2015-08-10 04:15:00,2.4545,2088.25,2015-08-10 08:21:00,False,,0.0,,True,2074.75,2015-08-10 04:17:00,0.0
ES,2015-08-10,Monday,RDR,2094.25,2086.5,7.75,2095.0,2086.5,8.5,True,LONG,2015-08-10 11:00:00,2095.25,True,False,,0.8065,0.0,0.8065,2100.5,2015-08-10 14:18:00,0.0,2094.5,2015-08-10 11:29:00,True,2015-08-10 13:09:00,0.0,0.0,False,,,
ES,2015-08-11,Tuesday,ODR,2093.0,2090.75,2.25,2093.75,2090.25,3.5,True,LONG,2015-08-11 04:15:00,2094.0,False,True,False,0.6667,3.3333,0.6667,2094.5,2015-08-11 04:21:00,4.3333,2083.25,2015-08-11 08:20:00,True,2015-08-11 04:20:00,0.0,4.3333,True,2093.0,2015-08-11 04:38:00,0.0
ES,2015-08-11,Tuesday,RDR,2087.25,2082.0,5.25,2087.75,2080.75,7.0,True,SHORT,2015-08-11 11:05:00,2078.0,True,False,,0.0,2.1429,2.1429,2070.75,2015-08-11 13:10:00,0.0,2081.0,2015-08-11 15:53:00,True,2015-08-11 11:10:00,0.0,0.0,False,,,
ES,2015-08-12,Wednesday,ODR,2066.5,2058.0,8.5,2066.5,2057.5,9.0,True,SHORT,2015-08-12 04:45:00,2057.0,True,True,False,0.0588,0.5,0.5,2053.75,2015-08-12 04:58:00,1.0588,2067.0,2015-08-12 08:20:00,True,2015-08-12 04:58:00,0.0,1.0588,True,2058.0,2015-08-12 05:22:00,0.0
ES,2015-08-12,Wednesday,RDR,2064.25,2046.75,17.5,2065.0,2046.75,18.25,True,LONG,2015-08-12 13:00:00,2065.25,True,True,True,1.1714,0.0,1.1714,2084.75,2015-08-12 15:35:00,0.0286,2063.75,2015-08-12 13:12:00,True,2015-08-12 13:53:00,0.0286,0.0,True,2064.25,2015-08-12 13:08:00,0.0
ES,2015-08-13,Thursday,ODR,2091.25,2088.0,3.25,2091.5,2087.5,4.0,True,SHORT,2015-08-13 04:00:00,2086.5,True,True,True,0.0,1.3846,1.3846,2083.5,2015-08-13 04:30:00,0.9231,2091.0,2015-08-13 07:14:00,True,2015-08-13 04:05:00,0.3077,0.9231,True,2088.0,2015-08-13 04:08:00,0.0
ES,2015-08-13,Thursday,RDR,2082.75,2074.25,8.5,2083.5,2073.25,10.25,True,LONG,2015-08-13 12:00:00,2084.25,True,True,False,0.7059,0.0,0.7059,2088.75,2015-08-13 13:07:00,0.6471,2077.25,2015-08-13 15:37:00,True,2015-08-13 12:30:00,0.0,0.6471,True,2082.5,2015-08-13 15:22:00,0.0294
ES,2015-08-14,Friday,ODR,2083.75,2080.5,3.25,2085.0,2079.75,5.25,True,SHORT,2015-08-14 04:50:00,2079.5,True,True,True,0.1538,2.1538,2.1538,2073.5,2015-08-14 08:21:00,0.0,2080.5,2015-08-14 04:56:00,True,2015-08-14 04:59:00,0.0,0.0,True,2080.5,2015-08-14 04:56:00,0.0
ES,2015-08-14,Friday,RDR,2083.5,2077.25,6.25,2084.25,2076.5,7.75,True,LONG,2015-08-14 13:15:00,2084.5,True,True,True,0.76,0.2,0.76,2088.25,2015-08-14 15:22:00,0.24,2082.0,2015-08-14 13:49:00,True,2015-08-14 15:07:00,0.24,0.0,True,2083.5,2015-08-14 13:45:00,0.0
ES,2015-08-17,Monday,ADR,2091.75,2089.25,2.5,2091.75,2089.25,2.5,True,SHORT,2015-08-16 21:55:00,2088.5,True,True,False,0.0,1.6,1.6,2085.25,2015-08-16 22:41:00,0.2,2089.75,2015-08-17 01:45:00,True,2015-08-16 22:08:00,0.1,0.2,True,2089.5,2015-08-16 22:03:00,0.1
ES,2015-08-17,Monday,ODR,2093.75,2085.75,8.0,2094.25,2085.25,9.0,True,SHORT,2015-08-17 08:05:00,2083.75,True,False,,0.0,0.25,0.25,2083.75,2015-08-17 08:10:00,0.0,2085.25,2015-08-17 08:13:00,False,,0.0,,False,,,
ES,2015-08-17,Monday,RDR,2086.75,2075.25,11.5,2087.5,2074.5,13.0,True,LONG,2015-08-17 10:50:00,2088.0,True,False,,1.0652,0.0,1.0652,2099.0,2015-08-17 15:59:00,0.0,2088.25,2015-08-17 10:55:00,True,2015-08-17 11:03:00,0.0,0.0,False,,,
ES,2015-08-18,Tuesday,ODR,2100.0,2093.75,6.25,2100.0,2093.25,6.75,True,SHORT,2015-08-18 08:15:00,2092.5,True,False,,0.0,0.24,0.24,2092.25,2015-08-18 08:27:00,0.0,2093.25,2015-08-18 08:21:00,False,,0.0,,False,,,
ES,2015-08-18,Tuesday,RDR,2098.25,2093.5,4.75,2099.25,2092.75,6.5,True,LONG,2015-08-18 10:55:00,2099.75,False,True,False,0.3684,0.6842,0.3158,2099.75,2015-08-18 11:00:00,1.6842,2090.25,2015-08-18 13:50:00,False,,0.0,,True,2097.25,2015-08-18 11:01:00,0.2105
ES,2015-08-19,Wednesday,ODR,2092.25,2087.75,4.5,2092.25,2087.25,5.0,True,SHORT,2015-08-19 04:00:00,2086.25,True,True,True,0.0,0.8889,0.8889,2083.75,2015-08-19 04:30:00,0.6667,2090.75,2015-08-19 06:20:00,True,2015-08-19 04:05:00,0.0,0.6667,True,2087.75,2015-08-19 05:33:00,0.0
ES,2015-08-19,Wednesday,RDR,2083.75,2075.5,8.25,2083.75,2074.75,9.0,True,SHORT,2015-08-19 10:40:00,2073.75,False,True,False,1.1818,1.0909,1.0909,2066.5,2015-08-19 11:49:00,2.1818,2093.5,2015-08-19 14:13:00,True,2015-08-19 10:45:00,0.0,2.1818,True,2075.5,2015-08-19 12:40:00,0.0
ES,2015-08-20,Thursday,ADR,2075.5,2074.5,1.0,2075.75,2074.25,1.5,True,SHORT,2015-08-19 22:05:00,2073.5,False,True,True,2.0,2.25,2.25,2072.25,2015-08-19 22:17:00,3.0,2077.5,2015-08-20 00:47:00,True,2015-08-19 22:10:00,0.0,3.0,True,2075.0,2015-08-19 22:30:00,0.5
ES,2015-08-20,Thursday,ODR,2072.0,2066.5,5.5,2072.25,2065.75,6.5,True,SHORT,2015-08-20 04:20:00,2065.25,True,False,,0.0,2.3182,2.3182,2053.75,2015-08-20 05:29:00,0.0,2066.25,2015-08-20 04:27:00,True,2015-08-20 04:41:00,0.0,0.0,False,,,
ES,2015-08-20,Thursday,RDR,2063.25,2048.5,14.75,2064.75,2048.0,16.75,True,SHORT,2015-08-20 12:45:00,2047.5,True,True,True,0.0,1.1017,1.1017,2032.25,2015-08-20 15:58:00,0.1695,2051.0,2015-08-20 13:50:00,True,2015-08-20 14:42:00,0.1695,0.0,True,2048.75,2015-08-20 13:20:00,0.0169
ES,2015-08-21,Friday,ADR,2028.5,2026.5,2.0,2028.75,2026.5,2.25,True,SHORT,2015-08-20 21:45:00,2019.0,True,False,,0.125,8.875,8.875,2008.75,2015-08-20 22:44:00,0.0,2021.75,2015-08-20 21:51:00,True,2015-08-20 21:50:00,0.0,0.0,False,,,
ES,2015-08-21,Friday,ODR,2025.25,2018.25,7.0,2026.75,2018.0,8.75,True,LONG,2015-08-21 05:05:00,2027.0,False,True,False,0.4643,0.4286,0.4643,2028.5,2015-08-21 05:45:00,1.4286,2015.25,2015-08-21 08:16:00,False,,0.0,,True,2025.25,2015-08-21 05:51:00,0.0
ES,2015-08-21,Friday,RDR,2020.0,2011.0,9.0,2022.0,2007.5,14.5,True,SHORT,2015-08-21 10:35:00,2004.25,True,False,,0.0,4.7778,4.7778,1968.0,2015-08-21 15:59:00,0.0,2007.75,2015-08-21 10:42:00,True,2015-08-21 10:40:00,0.0,0.0,False,,,
ES,2015-08-24,Monday,ADR,1960.5,1953.0,7.5,1961.25,1951.25,10.0,True,LONG,2015-08-23 20:35:00,1961.75,False,True,False,0.2333,5.6,0.2333,1962.25,2015-08-23 20:40:00,6.6,1911.0,2015-08-23 23:55:00,False,,0.0,,True,1960.25,2015-08-23 20:43:00,0.0333
ES,2015-08-24,Monday,ODR,1934.5,1923.25,11.25,1935.5,1922.75,12.75,True,LONG,2015-08-24 04:55:00,1937.75,False,True,False,0.7111,2.7778,0.7111,1942.5,2015-08-24 05:34:00,3.7778,1892.0,2015-08-24 08:03:00,True,2015-08-24 05:33:00,0.0,3.7778,True,1933.75,2015-08-24 05:59:00,0.0667
ES,2015-08-25,Tuesday,ADR,1901.0,1882.5,18.5,1904.75,1880.75,24.0,True,LONG,2015-08-24 21:05:00,1906.75,True,True,False,1.0405,0.0,1.0405,1920.25,2015-08-25 01:00:00,0.8243,1885.75,2015-08-25 01:48:00,True,2015-08-24 21:50:00,0.2703,0.8243,True,1900.0,2015-08-24 21:26:00,0.0541
ES,2015-08-25,Tuesday,ODR,1926.25,1899.75,26.5,1927.75,1899.5,28.25,True,LONG,2015-08-25 04:20:00,1930.75,True,True,True,0.8302,0.0,0.8302,1948.25,2015-08-25 06:21:00,0.1887,1921.25,2015-08-25 06:15:00,True,2015-08-25 06:16:00,0.1887,0.0377,True,1924.75,2015-08-25 04:49:00,0.0566
ES,2015-08-25,Tuesday,RDR,1945.25,1927.0,18.25,1946.5,1923.0,23.5,True,SHORT,2015-08-25 13:25:00,1912.75,True,False,,0.0,3.5068,3.5068,1863.0,2015-08-25 15:59:00,0.0,1926.5,2015-08-25 14:50:00,True,2015-08-25 13:30:00,0.0,0.0,False,,,
ES,2015-08-26,Wednesday,ADR,1864.5,1850.5,14.0,1866.0,1850.5,15.5,True,LONG,2015-08-25 20:35:00,1867.75,True,True,True,2.8036,0.0,2.8036,1903.75,2015-08-26 01:21:00,0.2679,1860.75,2015-08-25 21:37:00,True,2015-08-25 20:49:00,0.2679,0.2679,True,1864.25,2015-08-25 21:03:00,0.0179
ES,2015-08-26,Wednesday,ODR,1893.25,1880.75,12.5,1893.5,1879.5,14.0,True,LONG,2015-08-26 04:05:00,1895.0,True,True,True,1.72,0.0,1.72,1914.75,2015-08-26 07:22:00,0.08,1892.25,2015-08-26 06:06:00,True,2015-08-26 04:12:00,0.08,0.08,True,1892.25,2015-08-26 06:06:00,0.08
ES,2015-08-26,Wednesday,RDR,1914.5,1886.5,28.0,1917.5,1885.0,32.5,True,SHORT,2015-08-26 11:35:00,1880.25,False,True,False,0.9196,0.3929,0.3929,1875.5,2015-08-26 12:44:00,1.9196,1940.25,2015-08-26 15:52:00,False,,0.1696,,True,1886.5,2015-08-26 11:41:00,0.0
ES,2015-08-27,Thursday,ADR,1945.5,1937.25,8.25,1947.0,1937.0,10.0,True,LONG,2015-08-26 21:30:00,1947.75,True,True,False,0.4848,0.0,0.4848,1949.5,2015-08-26 21:53:00,1.0,1937.25,2015-08-27 01:06:00,False,,0.303,,True,1945.5,2015-08-26 21:43:00,0.0
ES,2015-08-27,Thursday,ODR,1959.5,1943.0,16.5,1959.75,1942.75,17.0,True,LONG,2015-08-27 04:50:00,1962.25,True,True,False,0.2879,0.0,0.2879,1964.25,2015-08-27 05:01:00,0.5606,1950.25,2015-08-27 08:07:00,False,,0.0,,True,1959.5,2015-08-27 05:33:00,0.0
ES,2015-08-27,Thursday,RDR,1968.25,1958.25,10.0,1969.0,1956.25,12.75,True,LONG,2015-08-27 10:45:00,1972.25,False,True,True,1.825,1.4,1.825,1986.5,2015-08-27 13:12:00,2.4,1944.25,2015-08-27 15:06:00,True,2015-08-27 10:59:00,0.0,2.4,True,1968.25,2015-08-27 11:42:00,0.0
ES,2015-08-28,Friday,ADR,1992.25,1986.25,6.0,1992.5,1985.25,7.25,True,SHORT,2015-08-27 21:55:00,1982.5,True,True,True,0.0417,1.4583,1.4583,1977.5,2015-08-28 01:14:00,0.0833,1986.75,2015-08-27 22:18:00,True,2015-08-27 22:00:00,0.0833,0.0833,True,1986.25,2015-08-27 22:16:00,0.0
ES,2015-08-28,Friday,ODR,1981.25,1973.5,7.75,1983.0,1972.5,10.5,True,SHORT,2015-08-28 04:50:00,1969.0,True,True,False,0.0,0.8065,0.8065,1967.25,2015-08-28 05:06:00,0.4516,1977.0,2015-08-28 06:06:00,True,2015-08-28 04:55:00,0.0,0.4516,True,1974.0,2015-08-28 05:11:00,0.0645
ES,2015-08-28,Friday,RDR,1983.5,1975.75,7.75,1985.25,1975.25,10.0,True,LONG,2015-08-28 11:25:00,1988.25,False,True,True,0.9355,0.5484,0.9355,1990.75,2015-08-28 11:34:00,1.5484,1971.5,2015-08-28 13:40:00,True,2015-08-28 11:30:00,0.0,1.5484,True,1983.25,2015-08-28 11:40:00,0.0323
ES,2015-08-31,Monday,ADR,1968.75,1964.25,4.5,1969.75,1963.25,6.5,True,LONG,2015-08-30 21:15:00,1972.25,False,True,True,1.0,0.6667,1.0,1973.25,2015-08-30 21:41:00,1.6667,1961.25,2015-08-31 00:23:00,True,2015-08-30 21:20:00,0.2778,1.6667,True,1968.25,2015-08-30 21:31:00,0.1111
ES,2015-08-31,Monday,ODR,1976.75,1968.75,8.0,1977.0,1968.0,9.0,True,SHORT,2015-08-31 04:10:00,1965.5,True,True,False,0.0,0.4375,0.4375,1965.25,2015-08-31 04:15:00,0.9688,1976.5,2015-08-31 08:02:00,False,,0.0,,True,1969.0,2015-08-31 04:34:00,0.0312
ES,2015-08-31,Monday,RDR,1975.0,1963.25,11.75,1977.5,1962.25,15.25,True,LONG,2015-08-31 11:40:00,1982.25,True,True,False,0.7021,0.0,0.617,1982.25,2015-08-31 11:45:00,0.9362,1964.0,2015-08-31 14:55:00,True,2015-08-31 11:45:00,0.0,0.9362,True,1975.0,2015-08-31 11:58:00,0.0
ES,2015-09-01,Tuesday,ADR,1960.75,1944.75,16.0,1960.75,1944.25,16.5,True,SHORT,2015-08-31 20:40:00,1942.25,True,True,True,0.0,0.8594,0.8594,1931.0,2015-08-31 22:12:00,0.125,1946.75,2015-08-31 21:15:00,True,2015-08-31 20:58:00,0.125,0.125,True,1945.0,2015-08-31 21:08:00,0.0156
ES,2015-09-01,Tuesday,ODR,1941.75,1925.5,16.25,1943.0,1925.5,17.5,True,SHORT,2015-09-01 04:15:00,1924.25,True,True,False,0.0,0.3538,0.3538,1919.75,2015-09-01 04:38:00,0.5538,1934.5,2015-09-01 07:26:00,False,,0.0923,,True,1925.5,2015-09-01 04:21:00,0.0
ES,2015-09-01,Tuesday,RDR,1934.0,1923.0,11.0,1939.25,1921.5,17.75,True,SHORT,2015-09-01 12:40:00,1920.25,True,True,True,0.3636,2.2045,2.2045,1898.75,2015-09-01 15:43:00,0.2727,1926.0,2015-09-01 14:40:00,True,2015-09-01 12:51:00,0.2727,0.2727,True,1924.25,2015-09-01 13:04:00,0.1136
ES,2015-09-02,Wednesday,ADR,1931.75,1913.5,18.25,1931.88,1913.5,18.38000000000011,True,LONG,2015-09-01 21:15:00,1932.5,True,True,False,0.3699,0.0,0.3699,1938.5,2015-09-02 01:06:00,0.3288,1925.75,2015-09-01 22:11:00,False,,0.3288,,True,1931.5,2015-09-01 21:20:00,0.0137
ES,2015-09-02,Wednesday,ODR,1935.5,1928.75,6.75,1936.25,1928.75,7.5,True,SHORT,2015-09-02 04:00:00,1928.5,True,True,True,0.0,1.3704,1.3704,1919.5,2015-09-02 04:24:00,0.6667,1933.25,2015-09-02 06:05:00,True,2015-09-02 04:22:00,0.3704,0.6667,True,1929.0,2015-09-02 04:05:00,0.037
ES,2015-09-02,Wednesday,RDR,1938.5,1921.75,16.75,1938.75,1921.25,17.5,True,SHORT,2015-09-02 10:30:00,1920.75,False,True,False,0.4776,0.3284,0.3284,1916.25,2015-09-02 10:48:00,1.4776,1946.5,2015-09-02 15:59:00,False,,0.0746,,True,1922.25,2015-09-02 10:35:00,0.0299
ES,2015-09-03,Thursday,ADR,1952.5,1948.25,4.25,1952.75,1947.5,5.25,True,SHORT,2015-09-02 21:00:00,1947.0,True,True,True,0.0,0.9412,0.9412,1944.25,2015-09-02 21:57:00,0.2941,1949.5,2015-09-03 01:46:00,True,2015-09-02 21:33:00,0.0,0.2941,True,1948.25,2015-09-02 22:15:00,0.0
ES,2015-09-03,Thursday,ODR,1955.5,1946.75,8.75,1956.0,1946.25,9.75,True,LONG,2015-09-03 05:05:00,1958.0,True,True,False,0.3143,0.0,0.3143,1958.25,2015-09-03 05:10:00,0.5429,1950.75,2015-09-03 07:24:00,False,,0.0,,True,1955.0,2015-09-03 05:33:00,0.0571
ES,2015-09-03,Thursday,RDR,1967.25,1955.0,12.25,1968.5,1951.5,17.0,True,LONG,2015-09-03 10:50:00,1970.0,False,True,False,0.4694,1.0612,0.4694,1973.0,2015-09-03 11:06:00,2.0612,1942.0,2015-09-03 15:39:00,False,,0.0,,True,1967.0,2015-09-03 11:17:00,0.0204
ES,2015-09-04,Friday,ADR,1948.75,1935.0,13.75,1948.75,1934.25,14.5,True,SHORT,2015-09-03 23:40:00,1933.75,True,True,True,0.0,0.4182,0.4182,1929.25,2015-09-04 00:18:00,0.0182,1935.25,2015-09-03 23:47:00,False,,0.0182,,True,1935.25,2015-09-03 23:47:00,0.0182
ES,2015-09-04,Friday,ODR,1939.75,1931.75,8.0,1940.25,1930.75,9.5,True,SHORT,2015-09-04 04:20:00,1929.75,True,True,True,0.0,1.2188,1.2188,1922.0,2015-09-04 06:46:00,0.2188,1933.5,2015-09-04 08:28:00,True,2015-09-04 04:39:00,0.0938,0.2188,True,1932.0,2015-09-04 05:27:00,0.0312
ES,2015-09-04,Friday,RDR,1928.75,1918.0,10.75,1929.75,1916.5,13.25,True,SHORT,2015-09-04 12:25:00,1916.25,True,True,True,0.1628,0.9535,0.9535,1907.75,2015-09-04 14:26:00,1.0465,1929.25,2015-09-04 15:46:00,True,2015-09-04 13:01:00,0.0698,1.0465,True,1918.5,2015-09-04 12:34:00,0.0465
ES,2015-09-07,Monday,ADR,1925.5,1921.0,4.5,1925.75,1920.0,5.75,True,LONG,2015-09-06 21:10:00,1926.5,True,False,,4.1111,0.3889,4.1111,1944.0,2015-09-06 23:19:00,0.0,1926.0,2015-09-06 21:15:00,True,2015-09-06 21:16:00,0.0,0.0,False,,,
ES,2015-09-07,Monday,ODR,1941.5,1936.0,5.5,1942.25,1935.0,7.25,True,SHORT,2015-09-07 04:40:00,1933.5,True,False,,0.0,1.2273,1.2273,1929.25,2015-09-07 08:27:00,0.0,1935.0,2015-09-07 06:35:00,True,2015-09-07 04:45:00,0.0,0.0,False,,,
ES,2015-09-07,Monday,RDR,1932.5,1931.0,1.5,1933.25,1930.5,2.75,True,SHORT,2015-09-07 10:35:00,1930.25,False,True,True,2.1667,1.6667,1.6667,1928.5,2015-09-07 12:22:00,3.1667,1935.75,2015-09-07 11:30:00,True,2015-09-07 10:40:00,3.1667,3.1667,True,1931.0,2015-09-07 10:42:00,0.0
ES,2015-09-08,Tuesday,ADR,1939.25,1934.25,5.0,1941.25,1934.25,7.0,True,SHORT,2015-09-07 23:20:00,1933.0,True,True,False,0.45,0.7,0.7,1930.75,2015-09-07 23:41:00,0.9,1938.75,2015-09-08 01:04:00,True,2015-09-07 23:34:00,0.15,0.9,True,1935.0,2015-09-07 23:30:00,0.15
ES,2015-09-08,Tuesday,ODR,1955.0,1944.75,10.25,1956.5,1944.5,12.0,True,LONG,2015-09-08 05:00:00,1958.0,True,True,False,0.561,0.0,0.561,1960.75,2015-09-08 05:52:00,0.4878,1950.0,2015-09-08 08:09:00,True,2015-09-08 05:50:00,0.0,0.4878,True,1954.75,2015-09-08 07:11:00,0.0244
ES,2015-09-08,Tuesday,RDR,1958.0,1948.0,10.0,1959.0,1946.5,12.5,True,SHORT,2015-09-08 10:40:00,1945.5,False,True,False,1.05,0.35,0.325,1944.75,2015-09-08 10:45:00,2.05,1968.5,2015-09-08 15:57:00,False,,0.0,,True,1948.0,2015-09-08 10:57:00,0.0
ES,2015-09-09,Wednesday,ADR,1968.75,1964.5,4.25,1969.5,1964.5,5.0,True,LONG,2015-09-08 20:45:00,1970.25,True,True,True,3.7059,0.0,3.7059,1984.5,2015-09-09 01:59:00,0.1176,1968.25,2015-09-08 21:15:00,True,2015-09-08 20:55:00,0.1176,0.1176,True,1968.25,2015-09-08 21:15:00,0.1176
ES,2015-09-09,Wednesday,ODR,1991.25,1986.25,5.0,1991.5,1984.75,6.75,True,SHORT,2015-09-09 04:45:00,1984.25,True,True,True,0.0,0.8,0.8,1982.25,2015-09-09 06:49:00,0.4,1988.25,2015-09-09 05:15:00,True,2015-09-09 04:50:00,0.4,0.4,True,1986.25,2015-09-09 05:03:00,0.0
ES,2015-09-09,Wednesday,RDR,1986.0,1973.5,12.5,1987.25,1972.5,14.75,True,SHORT,2015-09-09 10:35:00,1971.0,True,True,True,0.0,3.04,3.04,1935.5,2015-09-09 15:57:00,0.02,1973.75,2015-09-09 12:30:00,True,2015-09-09 11:40:00,0.02,0.02,True,1973.5,2015-09-09 11:12:00,0.0
ES,2015-09-10,Thursday,ADR,1939.0,1935.25,3.75,1939.75,1934.75,5.0,True,LONG,2015-09-09 22:00:00,1940.25,True,True,True,3.4,0.1333,3.4,1951.75,2015-09-10 01:50:00,0.0,1939.0,2015-09-09 22:10:00,True,2015-09-09 22:14:00,0.0,0.0,True,1939.0,2015-09-09 22:10:00,0.0
ES,2015-09-10,Thursday,ODR,1955.75,1947.5,8.25,1956.25,1946.25,10.0,True,SHORT,2015-09-10 04:30:00,1944.75,False,True,True,1.3636,1.5152,1.5152,1935.0,2015-09-10 08:29:00,2.3636,1967.0,2015-09-10 05:55:00,True,2015-09-10 07:29:00,2.3636,0.0,True,1947.5,2015-09-10 04:53:00,0.0
ES,2015-09-10,Thursday,RDR,1944.25,1936.25,8.0,1946.5,1934.75,11.75,True,LONG,2015-09-10 10:35:00,1948.75,True,True,True,2.5312,0.0,2.5312,1964.5,2015-09-10 13:37:00,0.4375,1940.75,2015-09-10 11:21:00,True,2015-09-10 10:40:00,0.4375,0.4375,True,1943.25,2015-09-10 11:17:00,0.125
ES,2015-09-11,Friday,ADR,1955.25,1947.25,8.0,1955.5,1947.0,8.5,True,LONG,2015-09-10 21:30:00,1956.25,True,True,False,0.4375,0.0,0.4375,1958.75,2015-09-10 22:54:00,0.3438,1952.5,2015-09-11 01:48:00,False,,0.25,,True,1955.25,2015-09-10 21:41:00,0.0
ES,2015-09-11,Friday,ODR,1954.25,1942.25,12.0,1954.25,1941.25,13.0,True,SHORT,2015-09-11 04:45:00,1941.0,True,True,False,0.0,0.4167,0.4167,1937.25,2015-09-11 05:00:00,0.4167,1947.25,2015-09-11 06:00:00,False,,0.0,,True,1942.25,2015-09-11 05:28:00,0.0
ES,2015-09-11,Friday,RDR,1946.0,1938.75,7.25,1947.25,1937.5,9.75,True,LONG,2015-09-11 11:50:00,1949.0,True,True,True,1.8966,0.0,1.8966,1959.75,2015-09-11 15:59:00,0.1034,1945.25,2015-09-11 13:36:00,True,2015-09-11 11:55:00,0.1034,0.1034,True,1946.0,2015-09-11 13:33:00,0.0
ES,2015-09-14,Monday,ADR,1973.75,1968.0,5.75,1974.0,1968.0,6.0,True,SHORT,2015-09-13 22:15:00,1967.75,True,True,True,0.0,1.2609,1.2609,1960.75,2015-09-14 00:11:00,0.2174,1969.25,2015-09-13 22:20:00,True,2015-09-13 22:55:00,0.2174,0.0435,True,1969.25,2015-09-13 22:20:00,0.2174
ES,2015-09-14,Monday,ODR,1969.0,1958.0,11.0,1969.25,1957.75,11.5,True,SHORT,2015-09-14 08:10:00,1957.25,True,True,False,0.0,0.1591,0.1591,1956.25,2015-09-14 08:15:00,0.1364,1959.5,2015-09-14 08:24:00,False,,0.0,,True,1958.25,2015-09-14 08:16:00,0.0227
ES,2015-09-14,Monday,RDR,1961.75,1949.25,12.5,1962.0,1947.75,14.25,True,SHORT,2015-09-14 13:00:00,1947.25,True,True,False,0.0,0.22,0.16,1947.25,2015-09-14 13:05:00,0.42,1954.5,2015-09-14 13:59:00,False,,0.0,,True,1949.25,2015-09-14 13:10:00,0.0
ES,2015-09-15,Tuesday,ADR,1955.75,1953.0,2.75,1956.0,1952.75,3.25,True,LONG,2015-09-14 20:30:00,1956.25,True,True,False,1.2727,0.0,1.2727,1959.25,2015-09-14 22:14:00,0.7273,1953.75,2015-09-15 01:52:00,True,2015-09-14 20:46:00,0.4545,0.7273,True,1955.75,2015-09-14 20:40:00,0.0
ES,2015-09-15,Tuesday,ODR,1957.0,1952.0,5.0,1957.25,1951.0,6.25,True,SHORT,2015-09-15 04:00:00,1949.5,True,True,False,0.0,1.35,1.35,1945.25,2015-09-15 05:18:00,1.0,1957.0,2015-09-15 07:37:00,True,2015-09-15 04:05:00,0.0,1.0,True,1953.0,2015-09-15 06:27:00,0.2
ES,2015-09-15,Tuesday,RDR,1962.0,1955.0,7.0,1963.5,1953.5,10.0,True,LONG,2015-09-15 10:30:00,1964.75,True,False,,2.9643,0.0,2.9643,1982.75,2015-09-15 15:16:00,0.0,1964.0,2015-09-15 10:38:00,True,2015-09-15 10:36:00,0.0,0.0,False,,,
ES,2015-09-16,Wednesday,ADR,1980.25,1977.25,3.0,1980.5,1977.25,3.25,True,SHORT,2015-09-15 22:15:00,1976.25,True,True,True,0.0,1.5833,1.5833,1972.5,2015-09-15 23:42:00,0.0833,1977.5,2015-09-16 00:39:00,True,2015-09-15 22:20:00,0.0,0.0833,True,1977.25,2015-09-16 00:35:00,0.0
ES,2015-09-16,Wednesday,ODR,1981.75,1976.25,5.5,1982.25,1975.5,6.75,False,,,,,,,0.0,0.3182,,,,,,,False,,,,False,,,
ES,2015-09-16,Wednesday,RDR,1982.75,1977.25,5.5,1984.0,1976.75,7.25,True,LONG,2015-09-16 11:05:00,1985.5,True,False,,2.5455,0.0,2.5455,1996.75,2015-09-16 15:40:00,0.0,1985.0,2015-09-16 14:22:00,True,2015-09-16 11:10:00,0.0,0.0,False,,,
ES,2015-09-17,Thursday,ADR,1996.5,1994.75,1.75,1996.5,1994.5,2.0,True,SHORT,2015-09-16 21:50:00,1994.25,False,True,False,0.4286,1.1429,1.1429,1992.75,2015-09-16 22:24:00,1.4286,1997.25,2015-09-17 01:16:00,True,2015-09-16 21:57:00,0.0,1.4286,True,1994.75,2015-09-16 22:54:00,0.0
ES,2015-09-17,Thursday,ODR,1994.75,1992.25,2.5,1995.5,1992.0,3.5,True,SHORT,2015-09-17 05:35:00,1991.75,False,True,False,0.9,0.3,0.2,1991.75,2015-09-17 05:40:00,1.9,1997.0,2015-09-17 06:45:00,False,,0.0,,True,1992.5,2015-09-17 05:42:00,0.1
ES,2015-09-17,Thursday,RDR,1996.0,1991.75,4.25,1997.0,1991.0,6.0,True,LONG,2015-09-17 12:15:00,1997.5,False,True,False,5.9412,1.4118,5.9412,2021.25,2015-09-17 14:48:00,2.4118,1985.75,2015-09-17 15:23:00,True,2015-09-17 12:26:00,2.3529,2.4118,True,1996.0,2015-09-17 12:49:00,0.0
ES,2015-09-18,Friday,ADR,1988.25,1984.25,4.0,1988.5,1984.0,4.5,True,LONG,2015-09-17 21:50:00,1989.25,True,True,True,1.1875,0.1875,1.1875,1993.0,2015-09-17 23:17:00,0.125,1987.75,2015-09-17 22:04:00,True,2015-09-17 22:09:00,0.125,0.0625,True,1988.0,2015-09-17 22:03:00,0.0625
ES,2015-09-18,Friday,ODR,1992.0,1988.5,3.5,1992.5,1987.75,4.75,True,SHORT,2015-09-18 04:45:00,1987.0,True,True,True,0.5,6.6429,6.6429,1965.25,2015-09-18 08:28:00,0.5714,1990.5,2015-09-18 05:30:00,True,2015-09-18 04:50:00,0.5714,0.5714,True,1988.75,2015-09-18 05:26:00,0.0714
ES,2015-09-21,Monday,ADR,1950.0,1944.0,6.0,1950.25,1943.75,6.5,True,SHORT,2015-09-20 20:30:00,1943.5,True,True,False,0.0,0.9167,0.9167,1938.5,2015-09-20 22:59:00,0.4583,1946.75,2015-09-21 01:33:00,True,2015-09-20 21:19:00,0.25,0.4583,True,1944.0,2015-09-20 20:35:00,0.0
ES,2015-09-21,Monday,ODR,1947.25,1943.25,4.0,1948.75,1941.75,7.0,True,LONG,2015-09-21 04:30:00,1950.0,True,False,,4.1875,0.0,4.1875,1964.0,2015-09-21 07:45:00,0.0,1949.5,2015-09-21 04:42:00,True,2015-09-21 04:35:00,0.0,0.0,False,,,
ES,2015-09-21,Monday,RDR,1962.0,1956.5,5.5,1962.75,1954.25,8.5,True,LONG,2015-09-21 10:30:00,1964.5,False,True,False,1.2273,2.2273,1.2273,1968.75,2015-09-21 10:37:00,3.2273,1944.25,2015-09-21 12:55:00,True,2015-09-21 10:35:00,0.0,3.2273,True,1960.5,2015-09-21 11:33:00,0.2727
ES,2015-09-22,Tuesday,ADR,1963.5,1961.75,1.75,1963.5,1961.5,2.0,True,SHORT,2015-09-21 20:40:00,1961.25,True,True,True,0.0,2.1429,2.1429,1958.0,2015-09-22 00:01:00,0.1429,1962.0,2015-09-21 20:46:00,True,2015-09-21 21:07:00,0.1429,0.0,True,1962.0,2015-09-21 20:46:00,0.1429
ES,2015-09-22,Tuesday,ODR,1957.75,1945.25,12.5,1958.0,1943.25,14.75,True,SHORT,2015-09-22 04:05:00,1942.5,True,False,,0.0,1.38,1.38,1928.0,2015-09-22 06:16:00,0.0,1945.0,2015-09-22 04:15:00,True,2015-09-22 04:25:00,0.0,0.0,False,,,
ES,2015-09-22,Tuesday,RDR,1935.5,1928.75,6.75,1936.5,1927.25,9.25,True,SHORT,2015-09-22 10:30:00,1926.25,True,True,False,0.0,1.6667,1.6667,1917.5,2015-09-22 13:30:00,0.8889,1934.75,2015-09-22 15:40:00,True,2015-09-22 10:35:00,0.1481,0.8889,True,1929.0,2015-09-22 12:09:00,0.037
ES,2015-09-23,Wednesday,ADR,1929.25,1925.5,3.75,1929.75,1925.25,4.5,True,LONG,2015-09-22 20:55:00,1930.75,False,True,False,0.7333,4.0,0.7333,1932.0,2015-09-22 21:19:00,5.0,1910.5,2015-09-22 21:59:00,True,2015-09-22 21:16:00,0.0,5.0,True,1929.25,2015-09-22 21:26:00,0.0
ES,2015-09-23,Wednesday,ODR,1929.5,1921.0,8.5,1929.75,1919.75,10.0,True,LONG,2015-09-23 04:10:00,1930.5,True,True,True,1.4118,0.0,1.4118,1941.5,2015-09-23 07:10:00,0.2353,1927.5,2015-09-23 04:25:00,True,2015-09-23 04:47:00,0.2353,0.0,True,1929.25,2015-09-23 04:21:00,0.0294
ES,2015-09-23,Wednesday,RDR,1934.25,1927.5,6.75,1935.25,1926.0,9.25,True,LONG,2015-09-23 10:50:00,1938.0,False,True,False,0.6296,1.0,0.5926,1938.25,2015-09-23 10:55:00,2.0,1920.75,2015-09-23 12:09:00,True,2015-09-23 10:55:00,0.0,2.0,True,1934.0,2015-09-23 11:05:00,0.037
ES,2015-09-24,Thursday,ADR,1932.75,1929.0,3.75,1933.25,1928.75,4.5,True,SHORT,2015-09-23 20:50:00,1926.5,True,True,True,0.0,3.2,3.2,1917.0,2015-09-23 23:13:00,0.4,1930.5,2015-09-23 21:40:00,True,2015-09-23 20:55:00,0.4,0.4,True,1929.0,2015-09-23 21:21:00,0.0
ES,2015-09-24,Thursday,ODR,1926.25,1921.25,5.0,1927.25,1919.5,7.75,True,LONG,2015-09-24 04:00:00,1927.75,False,True,False,1.9,2.6,1.9,1935.75,2015-09-24 04:21:00,3.6,1908.25,2015-09-24 07:20:00,True,2015-09-24 04:09:00,0.0,3.6,True,1926.0,2015-09-24 05:14:00,0.05
ES,2015-09-24,Thursday,RDR,1914.75,1902.0,12.75,1916.0,1901.0,15.0,True,SHORT,2015-09-24 10:50:00,1900.25,False,True,False,0.902,0.3725,0.3725,1897.25,2015-09-24 11:05:00,1.902,1926.25,2015-09-24 14:56:00,False,,0.0,,True,1902.25,2015-09-24 11:17:00,0.0196
ES,2015-09-25,Friday,ADR,1927.0,1921.5,5.5,1927.5,1921.5,6.0,True,SHORT,2015-09-24 21:25:00,1921.0,True,True,False,0.0,0.6818,0.6818,1917.75,2015-09-24 22:14:00,1.0,1927.0,2015-09-25 01:56:00,True,2015-09-24 22:06:00,0.1364,1.0,True,1922.0,2015-09-24 21:39:00,0.0909
ES,2015-09-25,Friday,ODR,1934.0,1927.75,6.25,1935.5,1927.25,8.25,True,LONG,2015-09-25 04:10:00,1935.75,True,False,,2.56,0.0,2.56,1950.0,2015-09-25 04:55:00,0.0,1935.0,2015-09-25 04:15:00,True,2015-09-25 04:17:00,0.0,0.0,False,,,
ES,2015-09-25,Friday,RDR,1938.75,1931.25,7.5,1940.0,1930.75,9.25,True,LONG,2015-09-25 13:05:00,1941.0,False,True,False,0.4667,2.7667,0.4667,1942.25,2015-09-25 13:15:00,3.7667,1910.5,2015-09-25 15:14:00,False,,0.0,,True,1938.75,2015-09-25 13:22:00,0.0
ES,2015-09-28,Monday,ADR,1913.25,1906.75,6.5,1914.25,1906.75,7.5,True,LONG,2015-09-27 23:45:00,1915.0,True,False,,1.0385,0.0,1.0385,1920.0,2015-09-28 01:20:00,0.0,1915.25,2015-09-27 23:52:00,True,2015-09-28 00:09:00,0.0,0.0,False,,,
ES,2015-09-28,Monday,ODR,1928.25,1921.5,6.75,1929.5,1920.75,8.75,True,SHORT,2015-09-28 04:30:00,1919.25,True,False,,0.0,2.8148,2.8148,1902.5,2015-09-28 07:49:00,0.0,1919.5,2015-09-28 04:35:00,True,2015-09-28 04:36:00,0.0,0.0,False,,,
ES,2015-09-28,Monday,RDR,1910.0,1894.0,16.0,1911.5,1892.5,19.0,True,SHORT,2015-09-28 11:25:00,1888.75,True,False,,0.0,1.5781,1.5781,1868.75,2015-09-28 15:11:00,0.0,1890.0,2015-09-28 11:32:00,True,2015-09-28 12:02:00,0.0,0.0,False,,,
ES,2015-09-29,Tuesday,ADR,1878.0,1872.0,6.0,1878.25,1871.5,6.75,True,SHORT,2015-09-28 21:00:00,1870.75,True,True,True,0.0,1.0833,1.0833,1865.5,2015-09-28 21:17:00,0.25,1873.5,2015-09-28 22:26:00,True,2015-09-28 21:06:00,0.0,0.25,True,1872.0,2015-09-28 21:56:00,0.0
ES,2015-09-29,Tuesday,ODR,1877.25,1865.0,12.25,1878.25,1864.5,13.75,True,LONG,2015-09-29 04:20:00,1878.5,True,True,True,0.6939,0.0,0.6939,1885.75,2015-09-29 04:45:00,0.0816,1876.25,2015-09-29 05:46:00,True,2015-09-29 04:36:00,0.0612,0.0816,True,1876.75,2015-09-29 04:28:00,0.0408
ES,2015-09-29,Tuesday,RDR,1888.5,1866.25,22.25,1888.5,1866.0,22.5,True,SHORT,2015-09-29 15:20:00,1863.25,True,True,False,0.0449,0.2135,0.2135,1861.5,2015-09-29 15:29:00,0.4719,1876.75,2015-09-29 15:55:00,False,,0.0,,True,1867.5,2015-09-29 15:32:00,0.0562
ES,2015-09-30,Wednesday,ADR,1876.75,1872.5,4.25,1876.75,1871.25,5.5,True,LONG,2015-09-29 20:50:00,1877.5,True,False,,3.4706,0.0,3.4706,1891.5,2015-09-30 01:01:00,0.0,1877.5,2015-09-29 20:55:00,True,2015-09-29 20:56:00,0.0,0.0,False,,,
ES,2015-09-30,Wednesday,ODR,1892.75,1889.0,3.75,1893.5,1888.0,5.5,True,LONG,2015-09-30 04:45:00,1894.25,True,False,,1.9333,0.4667,1.9333,1900.0,2015-09-30 07:28:00,0.0,1893.75,2015-09-30 04:51:00,True,2015-09-30 04:50:00,0.0,0.0,False,,,
ES,2015-09-30,Wednesday,RDR,1905.25,1896.25,9.0,1905.75,1894.5,11.25,True,LONG,2015-09-30 10:35:00,1906.25,False,True,True,0.5556,1.0833,0.5556,1910.25,2015-09-30 15:57:00,2.0833,1886.5,2015-09-30 12:49:00,True,2015-09-30 15:55:00,2.0833,0.0,True,1904.25,2015-09-30 10:44:00,0.1111
ES,2015-10-01,Thursday,ODR,1928.75,1925.5,3.25,1929.0,1924.75,4.25,True,SHORT,2015-10-01 04:15:00,1924.0,True,True,True,0.0,5.0,5.0,1909.25,2015-10-01 08:03:00,0.2308,1926.25,2015-10-01 05:03:00,True,2015-10-01 04:20:00,0.2308,0.2308,True,1926.25,2015-10-01 05:03:00,0.2308
ES,2015-10-01,Thursday,RDR,1914.25,1901.25,13.0,1917.0,1898.25,18.75,True,SHORT,2015-10-01 11:50:00,1896.5,True,True,False,0.0192,0.8462,0.8462,1890.25,2015-10-01 12:08:00,1.0192,1914.5,2015-10-01 15:56:00,True,2015-10-01 11:55:00,0.0,1.0192,True,1901.25,2015-10-01 13:57:00,0.0
ES,2015-10-02,Friday,ADR,1921.75,1915.5,6.25,1922.5,1915.25,7.25,True,SHORT,2015-10-02 00:30:00,1914.0,True,True,False,0.0,0.44,0.44,1912.75,2015-10-02 00:47:00,0.24,1917.0,2015-10-02 01:31:00,False,,0.0,,True,1915.5,2015-10-02 01:19:00,0.0
ES,2015-10-02,Friday,ODR,1923.25,1918.25,5.0,1924.25,1918.25,6.0,True,LONG,2015-10-02 07:55:00,1924.75,True,False,,0.95,0.05,0.95,1928.0,2015-10-02 08:29:00,0.0,1923.75,2015-10-02 08:10:00,True,2015-10-02 08:01:00,0.0,0.0,False,,,
ES,2015-10-02,Friday,RDR,1891.25,1884.5,6.75,1895.25,1883.0,12.25,True,LONG,2015-10-02 10:40:00,1897.75,True,False,,7.4444,0.0,7.4444,1941.5,2015-10-02 15:59:00,0.0,1896.0,2015-10-02 10:53:00,True,2015-10-02 10:45:00,0.0,0.0,False,,,
ES,2015-10-05,Monday,ADR,1942.0,1938.5,3.5,1942.25,1938.25,4.0,True,SHORT,2015-10-04 21:20:00,1938.0,False,True,False,1.4286,0.2143,0.2143,1937.75,2015-10-04 21:28:00,2.4286,1947.0,2015-10-05 00:27:00,False,,0.0,,True,1939.0,2015-10-04 21:30:00,0.1429
ES,2015-10-05,Monday,ODR,1947.5,1938.0,9.5,1948.75,1938.0,10.75,True,LONG,2015-10-05 05:40:00,1949.0,True,False,,1.2105,0.0,1.2105,1959.0,2015-10-05 08:00:00,0.0,1948.5,2015-10-05 05:50:00,True,2015-10-05 05:55:00,0.0,0.0,False,,,
ES,2015-10-05,Monday,RDR,1967.75,1956.5,11.25,1968.0,1955.25,12.75,True,LONG,2015-10-05 12:15:00,1969.25,True,True,True,1.0667,0.0,1.0667,1979.75,2015-10-05 15:33:00,0.1111,1966.5,2015-10-05 12:24:00,True,2015-10-05 13:49:00,0.1111,0.0,True,1967.75,2015-10-05 12:21:00,0.0
ES,2015-10-06,Tuesday,ADR,1974.5,1971.0,3.5,1975.0,1970.5,4.5,True,SHORT,2015-10-05 21:30:00,1970.25,True,True,True,0.0,1.2857,1.2857,1966.5,2015-10-06 01:55:00,0.1429,1971.5,2015-10-06 00:51:00,True,2015-10-05 21:37:00,0.1429,0.1429,True,1971.0,2015-10-06 00:21:00,0.0
ES,2015-10-06,Tuesday,ODR,1968.25,1964.25,4.0,1968.5,1963.75,4.75,True,LONG,2015-10-06 04:20:00,1968.75,True,True,True,1.125,0.25,1.125,1972.75,2015-10-06 04:50:00,0.25,1967.25,2015-10-06 07:08:00,True,2015-10-06 04:31:00,0.1875,0.25,True,1968.25,2015-10-06 04:25:00,0.0
ES,2015-10-06,Tuesday,RDR,1981.5,1970.75,10.75,1982.0,1970.0,12.0,True,SHORT,2015-10-06 11:35:00,1968.75,True,True,True,0.0,0.7674,0.7674,1962.5,2015-10-06 12:35:00,0.4186,1975.25,2015-10-06 14:31:00,True,2015-10-06 11:57:00,0.0,0.4186,True,1971.0,2015-10-06 13:14:00,0.0233
ES,2015-10-07,Wednesday,ADR,1965.0,1963.5,1.5,1965.0,1963.25,1.75,True,LONG,2015-10-06 21:35:00,1966.25,False,True,True,5.8333,0.8333,5.8333,1973.75,2015-10-07 00:40:00,1.8333,1962.25,2015-10-06 23:01:00,True,2015-10-06 21:40:00,1.8333,1.8333,True,1964.75,2015-10-06 21:48:00,0.1667
ES,2015-10-07,Wednesday,ODR,1983.75,1974.0,9.75,1984.5,1973.25,11.25,True,LONG,2015-10-07 04:20:00,1984.75,True,True,False,0.1538,0.0,0.1538,1985.25,2015-10-07 04:31:00,0.8462,1975.5,2015-10-07 06:30:00,False,,0.0,,True,1983.75,2015-10-07 04:28:00,0.0
ES,2015-10-07,Wednesday,RDR,1990.25,1981.0,9.25,1991.0,1980.5,10.5,True,SHORT,2015-10-07 10:45:00,1979.25,True,True,False,0.0,1.4595,1.4595,1967.5,2015-10-07 11:28:00,0.7027,1987.5,2015-10-07 14:04:00,True,2015-10-07 11:07:00,0.0811,0.7027,True,1981.75,2015-10-07 10:55:00,0.0811
ES,2015-10-08,Thursday,ODR,1976.5,1971.0,5.5,1977.5,1971.0,6.5,True,LONG,2015-10-08 04:00:00,1977.75,True,True,True,1.0909,0.0,1.0909,1982.5,2015-10-08 06:16:00,0.6818,1972.75,2015-10-08 05:02:00,True,2015-10-08 06:07:00,0.6818,0.0,True,1976.25,2015-10-08 04:17:00,0.0455
ES,2015-10-08,Thursday,RDR,1985.0,1980.0,5.0,1985.5,1978.75,6.75,True,LONG,2015-10-08 11:30:00,1985.75,True,True,True,4.7,0.1,4.7,2008.5,2015-10-08 15:17:00,0.95,1980.25,2015-10-08 12:50:00,True,2015-10-08 12:04:00,0.95,0.95,True,1985.0,2015-10-08 11:36:00,0.0
ES,2015-10-09,Friday,ADR,2005.75,2003.5,2.25,2006.0,2003.5,2.5,True,SHORT,2015-10-08 21:15:00,2002.75,False,True,False,2.0,0.5556,0.5556,2002.25,2015-10-08 21:20:00,3.0,2010.25,2015-10-09 00:43:00,True,2015-10-08 21:20:00,0.0,3.0,True,2003.5,2015-10-08 21:23:00,0.0
ES,2015-10-09,Friday,ODR,2008.0,1999.75,8.25,2008.0,1998.75,9.25,True,LONG,2015-10-09 06:30:00,2008.75,True,True,True,0.5152,0.1212,0.5152,2012.25,2015-10-09 08:06:00,0.2424,2006.0,2015-10-09 07:07:00,True,2015-10-09 08:06:00,0.2424,0.0,True,2008.0,2015-10-09 06:35:00,0.0
ES,2015-10-09,Friday,RDR,2011.0,2004.0,7.0,2012.25,2002.75,9.5,True,SHORT,2015-10-09 12:30:00,2002.0,True,True,False,0.1786,0.75,0.75,1998.75,2015-10-09 13:10:00,0.6071,2008.25,2015-10-09 15:47:00,True,2015-10-09 13:10:00,0.0357,0.6071,True,2004.0,2015-10-09 12:56:00,0.0
ES,2015-10-12,Monday,ADR,2004.0,2001.75,2.25,2004.0,2001.75,2.25,True,LONG,2015-10-11 21:40:00,2004.5,True,True,True,1.5556,0.0,1.5556,2007.5,2015-10-12 01:16:00,0.1111,2003.75,2015-10-12 00:07:00,True,2015-10-11 22:04:00,0.1111,0.1111,True,2004.0,2015-10-11 23:51:00,0.0
ES,2015-10-12,Monday,ODR,2010.5,2006.0,4.5,2011.75,2005.75,6.0,True,SHORT,2015-10-12 05:10:00,2004.75,True,True,False,0.0,0.3889,0.3889,2004.25,2015-10-12 05:17:00,0.6667,2009.0,2015-10-12 07:04:00,False,,0.0,,True,2006.0,2015-10-12 05:23:00,0.0
ES,2015-10-12,Monday,RDR,2007.0,2002.5,4.5,2008.5,2002.0,6.5,True,LONG,2015-10-12 11:40:00,2009.5,True,True,True,0.8333,0.0,0.6111,2009.75,2015-10-12 11:45:00,0.5556,2004.5,2015-10-12 13:07:00,True,2015-10-12 11:45:00,0.0,0.5556,True,2007.0,2015-10-12 12:42:00,0.0
ES,2015-10-13,Tuesday,ODR,2009.5,2002.0,7.5,2009.75,2001.25,8.5,True,SHORT,2015-10-13 04:15:00,2000.0,True,True,True,0.0,0.6333,0.6333,1997.25,2015-10-13 04:31:00,0.3,2004.25,2015-10-13 07:08:00,True,2015-10-13 04:31:00,0.0,0.3,True,2002.0,2015-10-13 06:26:00,0.0
ES,2015-10-13,Tuesday,RDR,2009.25,1999.5,9.75,2009.5,1998.0,11.5,True,LONG,2015-10-13 10:55:00,2012.25,False,True,False,0.5385,0.6154,0.5385,2014.5,2015-10-13 11:13:00,1.6154,1993.5,2015-10-13 15:43:00,True,2015-10-13 11:13:00,0.0,1.6154,True,2009.0,2015-10-13 11:35:00,0.0256
ES,2015-10-14,Wednesday,ADR,1993.0,1991.75,1.25,1993.5,1991.75,1.75,True,SHORT,2015-10-13 20:30:00,1991.25,False,True,False,2.0,1.8,1.8,1989.5,2015-10-13 21:14:00,3.0,1995.5,2015-10-13 23:35:00,True,2015-10-13 20:35:00,0.2,3.0,True,1991.75,2015-10-13 20:40:00,0.0
ES,2015-10-14,Wednesday,ODR,1993.75,1989.75,4.0,1994.5,1989.25,5.25,True,LONG,2015-10-14 04:00:00,1995.75,True,True,True,1.125,0.0,1.125,1998.25,2015-10-14 08:23:00,1.0,1989.75,2015-10-14 04:50:00,True,2015-10-14 04:05:00,1.0,1.0,True,1993.5,2015-10-14 04:19:00,0.0625
ES,2015-10-14,Wednesday,RDR,2000.5,1992.0,8.5,2001.5,1990.5,11.0,True,SHORT,2015-10-14 10:35:00,1989.5,True,True,True,0.0,1.1176,1.1176,1982.5,2015-10-14 15:22:00,0.7353,1998.25,2015-10-14 12:53:00,True,2015-10-14 10:45:00,0.7353,0.7353,True,1992.25,2015-10-14 12:32:00,0.0294
ES,2015-10-15,Thursday,ADR,1988.75,1987.0,1.75,1989.0,1987.0,2.0,True,LONG,2015-10-14 20:30:00,1989.25,True,True,True,4.4286,0.0,4.4286,1996.5,2015-10-14 23:59:00,0.0,1988.75,2015-10-14 20:43:00,True,2015-10-14 20:36:00,0.0,0.0,True,1988.75,2015-10-14 20:43:00,0.0
ES,2015-10-15,Thursday,ODR,1999.5,1994.0,5.5,1999.5,1993.0,6.5,False,,,,,,,0.0455,0.0,,,,,,,False,,,,False,,,
ES,2015-10-15,Thursday,RDR,1997.25,1992.0,5.25,1997.75,1991.25,6.5,True,LONG,2015-10-15 10:45:00,1999.75,False,True,True,3.7143,0.4762,3.7143,2016.75,2015-10-15 15:21:00,1.4762,1989.5,2015-10-15 11:56:00,True,2015-10-15 10:50:00,1.4762,1.4762,True,1997.25,2015-10-15 11:11:00,0.0
ES,2015-10-16,Friday,ADR,2021.75,2020.25,1.5,2022.0,2020.25,1.75,True,SHORT,2015-10-15 20:35:00,2018.75,True,True,True,0.0,2.1667,2.1667,2017.0,2015-10-15 23:05:00,0.0,2020.25,2015-10-15 22:09:00,True,2015-10-15 20:40:00,0.0,0.0,True,2020.25,2015-10-15 22:09:00,0.0
ES,2015-10-16,Friday,ODR,2020.0,2016.5,3.5,2020.75,2016.25,4.5,True,LONG,2015-10-16 04:40:00,2021.5,False,True,False,0.5,0.7857,0.5,2021.75,2015-10-16 04:53:00,1.7857,2013.75,2015-10-16 07:12:00,True,2015-10-16 04:53:00,0.0,1.7857,True,2020.0,2015-10-16 04:58:00,0.0
ES,2015-10-16,Friday,RDR,2021.5,2016.5,5.0,2023.5,2015.25,8.25,True,SHORT,2015-10-16 13:55:00,2014.25,False,True,False,0.85,0.8,0.8,2012.5,2015-10-16 14:03:00,1.85,2025.75,2015-10-16 15:56:00,True,2015-10-16 14:00:00,0.0,1.85,True,2016.5,2015-10-16 14:17:00,0.0
ES,2015-10-19,Monday,ADR,2024.5,2021.5,3.0,2024.5,2021.5,3.0,True,SHORT,2015-10-18 20:45:00,2021.25,True,True,True,0.0,1.0,1.0,2018.5,2015-10-18 21:23:00,0.5833,2023.25,2015-10-18 22:00:00,True,2015-10-18 21:16:00,0.0833,0.5833,True,2021.5,2015-10-18 20:51:00,0.0
ES,2015-10-19,Monday,ODR,2027.5,2021.25,6.25,2027.75,2021.25,6.5,True,SHORT,2015-10-19 07:35:00,2020.25,True,False,,0.0,0.6,0.6,2017.5,2015-10-19 08:06:00,0.0,2020.25,2015-10-19 07:43:00,True,2015-10-19 08:06:00,0.0,0.0,False,,,
ES,2015-10-19,Monday,RDR,2023.25,2015.25,8.0,2023.75,2014.25,9.5,True,LONG,2015-10-19 11:30:00,2024.5,True,True,True,0.4375,0.0,0.4375,2026.75,2015-10-19 15:59:00,0.8438,2016.5,2015-10-19 13:35:00,False,,0.8438,,True,2023.0,2015-10-19 12:05:00,0.0312
ES,2015-10-20,Tuesday,ADR,2025.75,2024.25,1.5,2026.0,2024.25,1.75,True,SHORT,2015-10-19 20:35:00,2024.0,False,True,False,0.3333,0.8333,0.8333,2023.0,2015-10-19 21:32:00,1.3333,2026.25,2015-10-19 23:58:00,True,2015-10-19 21:32:00,0.5,1.3333,True,2024.25,2015-10-19 20:40:00,0.0
ES,2015-10-20,Tuesday,ODR,2026.75,2024.75,2.0,2027.25,2024.5,2.75,True,SHORT,2015-10-20 04:10:00,2022.75,True,True,True,0.0,2.75,2.75,2019.25,2015-10-20 05:01:00,0.25,2025.25,2015-10-20 08:07:00,True,2015-10-20 04:15:00,0.0,0.25,True,2024.75,2015-10-20 08:01:00,0.0
ES,2015-10-20,Tuesday,RDR,2027.25,2019.75,7.5,2028.5,2019.5,9.0,True,LONG,2015-10-20 10:40:00,2030.0,True,True,False,0.5333,0.1667,0.5333,2031.25,2015-10-20 10:50:00,1.1667,2018.5,2015-10-20 13:50:00,True,2015-10-20 10:45:00,0.0,1.1667,True,2027.0,2015-10-20 11:05:00,0.0333
ES,2015-10-21,Wednesday,ADR,2022.5,2018.5,4.0,2023.25,2018.5,4.75,True,LONG,2015-10-20 23:05:00,2023.75,True,False,,2.8125,0.0,2.8125,2033.75,2015-10-21 01:42:00,0.0,2023.0,2015-10-20 23:17:00,True,2015-10-20 23:44:00,0.0,0.0,False,,,
ES,2015-10-21,Wednesday,ODR,2026.25,2021.5,4.75,2026.75,2020.75,6.0,True,LONG,2015-10-21 05:15:00,2027.5,True,False,,1.1053,0.2105,1.1053,2031.5,2015-10-21 06:12:00,0.0,2027.75,2015-10-21 05:20:00,True,2015-10-21 05:22:00,0.0,0.0,False,,,
ES,2015-10-21,Wednesday,RDR,2029.5,2020.5,9.0,2031.0,2019.5,11.5,True,SHORT,2015-10-21 10:30:00,2019.25,True,True,True,0.0,1.1944,1.1944,2009.75,2015-10-21 15:56:00,0.8611,2028.25,2015-10-21 11:34:00,True,2015-10-21 13:19:00,0.8611,0.3889,True,2021.0,2015-10-21 10:36:00,0.0556
ES,2015-10-22,Thursday,ADR,2013.0,2009.75,3.25,2013.0,2009.5,3.5,True,LONG,2015-10-21 20:35:00,2014.25,True,True,True,1.2308,0.0,1.2308,2017.0,2015-10-21 22:55:00,0.1538,2012.5,2015-10-22 00:50:00,True,2015-10-21 22:15:00,0.0,0.1538,True,2013.0,2015-10-21 21:18:00,0.0
ES,2015-10-22,Thursday,ODR,2016.0,2013.5,2.5,2016.5,2013.5,3.0,True,SHORT,2015-10-22 04:10:00,2013.25,False,True,False,0.4,0.4,0.4,2012.5,2015-10-22 04:15:00,1.4,2017.0,2015-10-22 06:37:00,False,,0.0,,True,2013.5,2015-10-22 04:19:00,0.0
ES,2015-10-22,Thursday,RDR,2036.25,2023.0,13.25,2036.25,2021.5,14.75,True,LONG,2015-10-22 10:45:00,2037.25,True,True,True,0.9245,0.0,0.9245,2048.5,2015-10-22 12:42:00,0.1321,2034.5,2015-10-22 14:20:00,True,2015-10-22 12:22:00,0.0,0.1321,True,2035.75,2015-10-22 14:16:00,0.0377
ES,2015-10-23,Friday,ADR,2059.0,2057.5,1.5,2059.25,2057.25,2.0,True,SHORT,2015-10-22 21:40:00,2057.0,True,True,False,0.0,1.0,1.0,2056.0,2015-10-22 23:03:00,0.3333,2058.0,2015-10-22 22:03:00,True,2015-10-22 21:45:00,0.3333,0.3333,True,2057.5,2015-10-22 22:00:00,0.0
ES,2015-10-23,Friday,ODR,2056.0,2053.25,2.75,2056.25,2053.25,3.0,True,LONG,2015-10-23 05:15:00,2056.5,True,False,,6.5455,0.0,6.5455,2074.0,2015-10-23 07:21:00,0.0,2056.25,2015-10-23 05:20:00,True,2015-10-23 05:30:00,0.0,0.0,False,,,
ES,2015-10-23,Friday,RDR,2070.75,2063.25,7.5,2071.25,2062.25,9.0,True,SHORT,2015-10-23 11:15:00,2060.75,False,True,False,0.3,0.8667,0.8667,2056.75,2015-10-23 11:37:00,1.3,2073.0,2015-10-23 14:46:00,True,2015-10-23 11:25:00,0.0,1.3,True,2063.25,2015-10-23 12:28:00,0.0
ES,2015-10-26,Monday,ADR,2065.25,2062.25,3.0,2065.25,2062.0,3.25,True,LONG,2015-10-25 20:40:00,2065.5,False,True,False,0.25,0.4167,0.25,2066.0,2015-10-25 20:49:00,1.4167,2061.0,2015-10-26 01:44:00,False,,0.0,,True,2065.25,2015-10-25 20:45:00,0.0
ES,2015-10-26,Monday,ODR,2062.25,2061.25,1.0,2062.75,2060.75,2.0,True,SHORT,2015-10-26 04:00:00,2060.5,False,True,False,1.75,3.75,3.75,2057.5,2015-10-26 04:31:00,2.75,2064.0,2015-10-26 08:20:00,True,2015-10-26 04:05:00,0.0,2.75,True,2061.25,2015-10-26 04:14:00,0.0
ES,2015-10-26,Monday,RDR,2066.75,2060.5,6.25,2067.0,2059.25,7.75,False,,,,,,,0.08,0.0,,,,,,,False,,,,False,,,
ES,2015-10-27,Tuesday,ODR,2061.25,2060.0,1.25,2061.75,2059.75,2.0,True,SHORT,2015-10-27 04:00:00,2059.5,False,True,True,0.4,2.2,2.2,2057.25,2015-10-27 04:25:00,1.4,2061.75,2015-10-27 05:48:00,True,2015-10-27 04:05:00,0.0,1.4,True,2060.0,2015-10-27 04:07:00,0.0
ES,2015-10-27,Tuesday,RDR,2060.5,2054.75,5.75,2060.5,2053.75,6.75,True,LONG,2015-10-27 11:00:00,2062.5,False,True,False,0.5217,0.6087,0.5217,2063.5,2015-10-27 11:06:00,1.6087,2051.25,2015-10-27 13:06:00,True,2015-10-27 11:06:00,0.0,1.6087,True,2060.5,2015-10-27 11:14:00,0.0
ES,2015-10-28,Wednesday,ADR,2062.0,2060.0,2.0,2062.25,2060.0,2.25,True,LONG,2015-10-27 21:15:00,2062.5,True,True,True,1.5,0.0,1.5,2065.0,2015-10-27 21:37:00,0.25,2061.5,2015-10-27 23:44:00,True,2015-10-27 21:35:00,0.0,0.25,True,2062.0,2015-10-27 21:22:00,0.0
ES,2015-10-28,Wednesday,ODR,2063.5,2062.0,1.5,2063.75,2062.0,1.75,True,SHORT,2015-10-28 04:10:00,2061.75,False,True,False,1.8333,0.8333,0.8333,2060.75,2015-10-28 04:15:00,2.8333,2066.25,2015-10-28 05:53:00,True,2015-10-28 04:15:00,0.0,2.8333,True,2062.0,2015-10-28 04:16:00,0.0
ES,2015-10-28,Wednesday,RDR,2068.5,2060.5,8.0,2069.0,2060.25,8.75,True,LONG,2015-10-28 10:35:00,2069.5,False,True,True,1.8438,0.625,1.8438,2083.25,2015-10-28 15:58:00,1.625,2055.5,2015-10-28 14:17:00,True,2015-10-28 10:48:00,1.625,1.625,True,2067.25,2015-10-28 14:02:00,0.1562
ES,2015-10-29,Thursday,ADR,2081.5,2080.0,1.5,2081.75,2080.0,1.75,True,SHORT,2015-10-28 21:50:00,2079.75,True,True,True,0.1667,1.8333,1.8333,2077.25,2015-10-29 00:25:00,0.5,2080.75,2015-10-28 22:15:00,True,2015-10-28 22:39:00,0.5,0.0,True,2080.0,2015-10-28 21:55:00,0.0
ES,2015-10-29,Thursday,ODR,2080.25,2078.5,1.75,2080.75,2078.0,2.75,True,SHORT,2015-10-29 04:05:00,2077.25,True,False,,0.0,3.0,3.0,2073.25,2015-10-29 05:30:00,0.0,2078.0,2015-10-29 04:12:00,True,2015-10-29 04:10:00,0.0,0.0,False,,,
ES,2015-10-29,Thursday,RDR,2083.25,2077.0,6.25,2084.25,2076.5,7.75,True,SHORT,2015-10-29 10:45:00,2076.0,False,True,False,0.48,0.24,0.24,2075.5,2015-10-29 10:50:00,1.48,2086.25,2015-10-29 15:44:00,False,,0.0,,True,2077.25,2015-10-29 10:54:00,0.04
ES,2015-10-30,Friday,ODR,2092.25,2089.5,2.75,2092.75,2089.25,3.5,True,SHORT,2015-10-30 05:05:00,2088.25,True,False,,0.0,2.0909,2.0909,2083.75,2015-10-30 06:27:00,0.0,2088.75,2015-10-30 05:12:00,True,2015-10-30 05:10:00,0.0,0.0,False,,,
ES,2015-10-30,Friday,RDR,2084.25,2078.75,5.5,2085.75,2077.5,8.25,True,LONG,2015-10-30 13:00:00,2087.0,False,True,False,0.6818,1.2273,0.6818,2088.0,2015-10-30 13:48:00,2.2273,2072.0,2015-10-30 15:59:00,True,2015-10-30 13:05:00,0.0,2.2273,True,2084.25,2015-10-30 14:10:00,0.0
ES,2015-11-02,Monday,ADR,2068.25,2066.25,2.0,2068.25,2066.25,2.0,True,SHORT,2015-11-01 20:40:00,2065.75,True,True,True,0.5,1.0,1.0,2064.25,2015-11-01 23:45:00,1.5,2069.25,2015-11-01 20:45:00,True,2015-11-01 23:11:00,1.5,0.0,True,2069.25,2015-11-01 20:45:00,1.0
ES,2015-11-02,Monday,ODR,2069.0,2065.75,3.25,2069.25,2064.5,4.75,True,LONG,2015-11-02 04:15:00,2071.0,True,False,,2.3077,0.0,2.3077,2076.5,2015-11-02 06:37:00,0.0,2070.88,2015-11-02 04:28:00,True,2015-11-02 04:20:00,0.0,0.0,False,,,
ES,2015-11-02,Monday,RDR,2085.0,2076.63,8.36999999999989,2086.5,2075.25,11.25,True,LONG,2015-11-02 12:20:00,2086.75,True,False,,1.7479,0.0,1.7479,2099.63,2015-11-02 15:31:00,0.0,2086.0,2015-11-02 12:33:00,True,2015-11-02 12:56:00,0.0,0.0,False,,,
ES,2015-11-03,Tuesday,ADR,2097.0,2095.5,1.5,2097.0,2095.5,1.5,True,SHORT,2015-11-02 21:55:00,2095.25,True,False,,0.0,1.5,1.5,2093.25,2015-11-03 01:39:00,0.0,2095.25,2015-11-02 22:04:00,True,2015-11-02 22:08:00,0.0,0.0,False,,,
ES,2015-11-03,Tuesday,ODR,2094.25,2092.25,2.0,2095.0,2091.75,3.25,True,SHORT,2015-11-03 05:50:00,2091.5,True,True,True,0.0,1.625,1.625,2089.0,2015-11-03 07:22:00,0.25,2092.75,2015-11-03 06:00:00,True,2015-11-03 05:56:00,0.25,0.25,True,2092.25,2015-11-03 05:58:00,0.0
ES,2015-11-03,Tuesday,RDR,2096.75,2090.5,6.25,2097.25,2090.5,6.75,True,LONG,2015-11-03 10:30:00,2098.25,True,True,True,2.12,0.0,2.12,2110.0,2015-11-03 14:30:00,0.2,2095.5,2015-11-03 11:04:00,True,2015-11-03 11:38:00,0.2,0.0,True,2096.75,2015-11-03 10:43:00,0.0
ES,2015-11-04,Wednesday,ADR,2102.75,2100.5,2.25,2103.25,2100.5,2.75,True,LONG,2015-11-03 20:45:00,2104.0,True,True,True,2.5556,0.0,2.5556,2108.5,2015-11-03 21:41:00,0.4444,2101.75,2015-11-04 00:41:00,True,2015-11-03 20:50:00,0.0,0.4444,True,2102.75,2015-11-04 00:22:00,0.0
ES,2015-11-04,Wednesday,ODR,2106.5,2101.75,4.75,2107.0,2101.75,5.25,True,LONG,2015-11-04 04:00:00,2107.5,True,True,True,0.3684,0.0,0.3684,2108.25,2015-11-04 08:19:00,0.9474,2102.0,2015-11-04 05:20:00,False,,0.9474,,True,2106.5,2015-11-04 04:09:00,0.0
ES,2015-11-04,Wednesday,RDR,2107.0,2098.5,8.5,2108.25,2096.75,11.5,True,SHORT,2015-11-04 11:05:00,2095.0,True,True,True,0.0,0.9412,0.9412,2090.5,2015-11-04 13:20:00,0.2059,2100.25,2015-11-04 12:14:00,True,2015-11-04 11:10:00,0.2059,0.2059,True,2099.5,2015-11-04 12:09:00,0.1176
ES,2015-11-05,Thursday,ADR,2094.25,2091.75,2.5,2094.25,2091.5,2.75,True,LONG,2015-11-04 21:10:00,2095.5,True,True,True,1.4,0.0,1.4,2097.75,2015-11-05 01:12:00,0.4,2093.25,2015-11-04 21:54:00,True,2015-11-04 21:15:00,0.4,0.4,True,2094.25,2015-11-04 21:29:00,0.0
ES,2015-11-05,Thursday,ODR,2097.0,2092.25,4.75,2097.75,2092.25,5.5,True,LONG,2015-11-05 05:25:00,2098.75,True,False,,1.5789,0.0,1.5789,2104.5,2015-11-05 07:56:00,0.0,2098.0,2015-11-05 06:23:00,True,2015-11-05 05:34:00,0.0,0.0,False,,,
ES,2015-11-05,Thursday,RDR,2101.75,2089.0,12.75,2103.0,2088.5,14.5,True,SHORT,2015-11-05 10:30:00,2087.0,True,True,False,0.0,0.3922,0.3922,2084.0,2015-11-05 10:48:00,0.6863,2097.75,2015-11-05 13:05:00,False,,0.0,,True,2089.5,2015-11-05 11:15:00,0.0392
ES,2015-11-06,Friday,ADR,2092.75,2091.75,1.0,2092.75,2091.5,1.25,True,LONG,2015-11-06 00:05:00,2093.25,True,False,,2.25,0.5,2.25,2095.0,2015-11-06 01:03:00,0.0,2093.25,2015-11-06 00:13:00,True,2015-11-06 00:11:00,0.0,0.0,False,,,
ES,2015-11-06,Friday,ODR,2094.25,2092.0,2.25,2094.5,2091.5,3.0,True,LONG,2015-11-06 07:55:00,2095.5,True,True,False,1.5556,0.1111,1.5556,2097.75,2015-11-06 08:02:00,0.2222,2093.75,2015-11-06 08:29:00,True,2015-11-06 08:00:00,0.0,0.2222,True,2094.0,2015-11-06 08:28:00,0.1111
ES,2015-11-06,Friday,RDR,2093.75,2080.5,13.25,2096.25,2077.5,18.75,False,,,,,,,0.0,0.0189,,,,,,,False,,,,False,,,
ES,2015-11-09,Monday,ADR,2093.25,2092.25,1.0,2093.25,2092.25,1.0,True,LONG,2015-11-08 20:35:00,2094.5,True,True,False,4.25,0.0,4.25,2097.5,2015-11-08 21:44:00,0.0,2093.25,2015-11-09 01:59:00,True,2015-11-08 20:40:00,0.0,0.0,True,2093.25,2015-11-09 01:59:00,0.0
ES,2015-11-09,Monday,ODR,2091.0,2087.25,3.75,2092.0,2086.5,5.5,True,SHORT,2015-11-09 05:25:00,2086.25,True,True,False,0.0,0.3333,0.3333,2086.0,2015-11-09 05:36:00,0.3333,2088.5,2015-11-09 06:19:00,False,,0.0,,True,2087.25,2015-11-09 05:32:00,0.0
ES,2015-11-09,Monday,RDR,2087.5,2072.25,15.25,2087.75,2072.0,15.75,True,SHORT,2015-11-09 11:05:00,2069.75,True,True,False,0.0,0.6721,0.6721,2062.0,2015-11-09 12:03:00,0.3279,2077.25,2015-11-09 15:48:00,True,2015-11-09 11:46:00,0.0,0.3279,True,2072.25,2015-11-09 15:34:00,0.0
ES,2015-11-10,Tuesday,ADR,2074.5,2071.25,3.25,2074.5,2071.25,3.25,True,LONG,2015-11-09 20:40:00,2074.75,True,True,True,1.2308,0.0,1.2308,2078.5,2015-11-09 23:17:00,0.2308,2073.75,2015-11-09 21:30:00,True,2015-11-09 22:16:00,0.2308,0.0,True,2074.5,2015-11-09 20:45:00,0.0
ES,2015-11-10,Tuesday,ODR,2076.75,2073.25,3.5,2077.25,2072.75,4.5,True,SHORT,2015-11-10 04:10:00,2072.5,True,False,,0.0,2.2143,2.2143,2065.5,2015-11-10 07:49:00,0.0,2072.75,2015-11-10 04:15:00,True,2015-11-10 04:16:00,0.0,0.0,False,,,
ES,2015-11-10,Tuesday,RDR,2073.25,2065.5,7.75,2074.75,2064.5,10.25,True,LONG,2015-11-10 14:40:00,2076.75,True,False,,0.6774,0.0323,0.6774,2078.5,2015-11-10 14:50:00,0.0,2073.5,2015-11-10 15:57:00,True,2015-11-10 14:45:00,0.0,0.0,False,,,
ES,2015-11-11,Wednesday,ADR,2076.75,2076.0,0.75,2077.25,2076.0,1.25,True,LONG,2015-11-10 20:50:00,2077.5,False,True,True,5.3333,0.6667,5.3333,2080.75,2015-11-10 23:57:00,1.6667,2075.5,2015-11-10 21:09:00,True,2015-11-10 20:55:00,1.6667,1.6667,True,2076.75,2015-11-10 21:04:00,0.0
ES,2015-11-11,Wednesday,ODR,2082.75,2078.25,4.5,2083.0,2077.0,6.0,True,LONG,2015-11-11 04:00:00,2083.5,True,True,True,0.9444,0.0,0.9444,2087.0,2015-11-11 08:01:00,0.5,2080.5,2015-11-11 06:03:00,True,2015-11-11 06:56:00,0.5,0.0,True,2082.75,2015-11-11 04:17:00,0.0
ES,2015-11-11,Wednesday,RDR,2081.5,2073.0,8.5,2081.5,2072.75,8.75,True,SHORT,2015-11-11 10:35:00,2071.5,True,True,True,0.0882,0.4412,0.4412,2069.25,2015-11-11 15:59:00,1.0882,2082.25,2015-11-11 12:35:00,False,,1.0882,,True,2073.0,2015-11-11 10:47:00,0.0
ES,2015-11-12,Thursday,ODR,2076.75,2070.0,6.75,2077.25,2069.0,8.25,True,SHORT,2015-11-12 05:00:00,2068.5,True,True,True,0.0,1.1481,1.1481,2062.25,2015-11-12 08:22:00,0.0741,2070.5,2015-11-12 06:48:00,True,2015-11-12 05:21:00,0.0741,0.0741,True,2070.0,2015-11-12 06:47:00,0.0
ES,2015-11-12,Thursday,RDR,2058.75,2054.0,4.75,2059.75,2053.25,6.5,True,LONG,2015-11-12 10:55:00,2061.5,False,True,False,0.9474,2.7895,0.9474,2063.25,2015-11-12 11:09:00,3.7895,2040.75,2015-11-12 15:57:00,True,2015-11-12 11:00:00,0.0,3.7895,True,2058.25,2015-11-12 11:17:00,0.1053
ES,2015-11-13,Friday,ADR,2044.25,2041.75,2.5,2044.75,2041.5,3.25,True,LONG,2015-11-12 20:50:00,2045.0,False,True,False,0.3,0.6,0.2,2044.75,2015-11-12 20:55:00,1.6,2040.25,2015-11-12 23:52:00,False,,0.0,,True,2044.25,2015-11-12 21:00:00,0.0
ES,2015-11-13,Friday,ODR,2045.75,2041.0,4.75,2045.75,2041.0,4.75,True,SHORT,2015-11-13 04:35:00,2040.0,True,True,True,0.0,1.4737,1.4737,2034.0,2015-11-13 06:32:00,0.4737,2043.25,2015-11-13 05:06:00,True,2015-11-13 06:10:00,0.4737,0.0,True,2041.25,2015-11-13 04:42:00,0.0526
ES,2015-11-13,Friday,RDR,2037.75,2024.0,13.75,2039.25,2022.75,16.5,True,SHORT,2015-11-13 14:45:00,2020.75,True,False,,0.0,0.5273,0.5273,2016.75,2015-11-13 15:22:00,0.0,2022.75,2015-11-13 15:14:00,True,2015-11-13 15:22:00,0.0,0.0,False,,,
ES,2015-11-16,Monday,ADR,2011.5,2006.0,5.5,2011.75,2005.75,6.0,True,LONG,2015-11-15 20:40:00,2012.0,True,True,False,0.1364,0.0,0.1364,2012.25,2015-11-15 20:46:00,0.7273,2007.5,2015-11-15 22:50:00,False,,0.0,,True,2011.25,2015-11-15 20:50:00,0.0455
ES,2015-11-16,Monday,ODR,2021.5,2013.75,7.75,2022.0,2013.75,8.25,True,LONG,2015-11-16 04:05:00,2023.25,True,True,False,0.5161,0.0,0.5161,2025.5,2015-11-16 07:21:00,0.2903,2019.25,2015-11-16 04:38:00,True,2015-11-16 07:21:00,0.2903,0.1613,True,2021.25,2015-11-16 04:28:00,0.0323
ES,2015-11-16,Monday,RDR,2028.25,2016.0,12.25,2030.0,2014.5,15.5,True,LONG,2015-11-16 12:30:00,2031.25,True,True,True,1.7143,0.0,1.7143,2049.25,2015-11-16 15:59:00,0.0,2028.25,2015-11-16 12:56:00,True,2015-11-16 13:18:00,0.0,0.0,True,2028.25,2015-11-16 12:56:00,0.0
ES,2015-11-17,Tuesday,ODR,2052.75,2045.75,7.0,2053.0,2045.75,7.25,True,LONG,2015-11-17 04:30:00,2055.0,True,True,True,0.8929,0.0,0.8929,2059.0,2015-11-17 06:08:00,0.0357,2052.5,2015-11-17 08:10:00,True,2015-11-17 04:38:00,0.0,0.0357,True,2052.75,2015-11-17 07:45:00,0.0
ES,2015-11-17,Tuesday,RDR,2053.0,2047.0,6.0,2053.0,2045.5,7.5,True,LONG,2015-11-17 10:30:00,2055.5,False,True,False,1.7083,0.9167,1.7083,2063.25,2015-11-17 11:34:00,1.9167,2041.5,2015-11-17 15:11:00,True,2015-11-17 10:35:00,0.0,1.9167,True,2053.0,2015-11-17 12:43:00,0.0
ES,2015-11-18,Wednesday,ADR,2049.5,2046.0,3.5,2049.5,2045.75,3.75,True,LONG,2015-11-17 21:35:00,2050.0,False,True,False,0.2143,0.2143,0.2143,2050.25,2015-11-17 21:45:00,1.2143,2045.25,2015-11-18 00:31:00,False,,0.0,,True,2049.25,2015-11-17 22:09:00,0.0714
ES,2015-11-18,Wednesday,ODR,2047.0,2044.0,3.0,2047.25,2043.75,3.5,True,LONG,2015-11-18 06:20:00,2048.5,True,False,,2.25,0.3333,2.25,2053.75,2015-11-18 07:05:00,0.0,2048.5,2015-11-18 06:25:00,True,2015-11-18 06:25:00,0.0,0.0,False,,,
ES,2015-11-18,Wednesday,RDR,2060.0,2053.25,6.75,2060.25,2052.75,7.5,True,LONG,2015-11-18 11:25:00,2060.75,True,True,True,3.2963,0.0,3.2963,2082.25,2015-11-18 15:57:00,0.0741,2059.5,2015-11-18 12:45:00,True,2015-11-18 11:45:00,0.0741,0.0741,True,2059.75,2015-11-18 12:44:00,0.037
ES,2015-11-19,Thursday,ODR,2087.0,2084.25,2.75,2087.5,2084.0,3.5,True,LONG,2015-11-19 05:15:00,2087.75,False,True,False,0.7273,0.6364,0.7273,2089.0,2015-11-19 06:37:00,1.6364,2082.5,2015-11-19 08:03:00,True,2015-11-19 06:14:00,0.2727,1.6364,True,2087.0,2015-11-19 05:26:00,0.0
ES,2015-11-19,Thursday,RDR,2083.0,2077.5,5.5,2083.75,2077.0,6.75,True,SHORT,2015-11-19 11:50:00,2075.5,True,True,False,0.0,0.4091,0.4091,2075.25,2015-11-19 11:55:00,1.0,2083.0,2015-11-19 13:14:00,False,,0.0,,True,2077.5,2015-11-19 12:03:00,0.0
ES,2015-11-20,Friday,ADR,2077.75,2076.25,1.5,2077.75,2076.0,1.75,True,LONG,2015-11-19 23:00:00,2078.0,True,True,True,1.5,0.0,1.5,2080.0,2015-11-20 01:30:00,0.0,2077.75,2015-11-19 23:05:00,True,2015-11-19 23:19:00,0.0,0.0,True,2077.75,2015-11-19 23:05:00,0.0
ES,2015-11-20,Friday,ODR,2085.25,2080.0,5.25,2085.5,2079.5,6.0,True,SHORT,2015-11-20 04:05:00,2079.0,False,True,False,0.2857,0.381,0.381,2078.0,2015-11-20 04:11:00,1.2857,2086.75,2015-11-20 08:09:00,False,,0.0,,True,2080.0,2015-11-20 04:17:00,0.0
ES,2015-11-20,Friday,RDR,2093.75,2087.25,6.5,2094.25,2086.25,8.0,True,SHORT,2015-11-20 13:35:00,2085.75,True,True,True,0.0,0.8462,0.8462,2081.75,2015-11-20 15:07:00,0.0769,2087.75,2015-11-20 14:11:00,True,2015-11-20 14:59:00,0.0769,0.0,True,2087.25,2015-11-20 14:03:00,0.0
ES,2015-11-23,Monday,ODR,2087.75,2083.5,4.25,2088.25,2083.0,5.25,True,SHORT,2015-11-23 06:15:00,2082.75,False,True,False,0.6471,0.4118,0.4118,2081.75,2015-11-23 06:31:00,1.6471,2090.5,2015-11-23 07:27:00,False,,0.0,,True,2083.75,2015-11-23 06:43:00,0.0588
ES,2015-11-23,Monday,RDR,2092.75,2084.5,8.25,2092.75,2084.25,8.5,True,SHORT,2015-11-23 14:00:00,2083.5,True,True,True,0.0,0.7879,0.7879,2078.0,2015-11-23 14:39:00,0.0606,2085.0,2015-11-23 15:31:00,True,2015-11-23 14:25:00,0.0,0.0606,True,2085.0,2015-11-23 15:31:00,0.0606
ES,2015-11-24,Tuesday,ODR,2085.25,2068.5,16.75,2085.5,2067.25,18.25,False,,,,,,,0.0,0.1791,,,,,,,False,,,,False,,,
ES,2015-11-24,Tuesday,RDR,2078.25,2071.25,7.0,2078.25,2071.0,7.25,True,SHORT,2015-11-24 10:30:00,2069.25,False,True,False,1.8571,0.6071,0.6071,2067.0,2015-11-24 10:50:00,2.8571,2091.25,2015-11-24 15:19:00,True,2015-11-24 10:47:00,0.0,2.8571,True,2072.25,2015-11-24 11:06:00,0.1429
ES,2015-11-25,Wednesday,ADR,2085.0,2082.25,2.75,2085.0,2082.25,2.75,True,LONG,2015-11-24 22:55:00,2085.25,True,True,True,0.8182,0.0,0.8182,2087.25,2015-11-25 00:58:00,0.0909,2084.75,2015-11-24 23:04:00,True,2015-11-25 00:26:00,0.0909,0.0,True,2085.0,2015-11-24 23:01:00,0.0
ES,2015-11-25,Wednesday,ODR,2086.75,2082.75,4.0,2087.25,2082.5,4.75,True,LONG,2015-11-25 04:00:00,2087.5,True,False,,1.375,0.0,1.375,2092.25,2015-11-25 04:37:00,0.0,2087.5,2015-11-25 04:05:00,True,2015-11-25 04:18:00,0.0,0.0,False,,,
ES,2015-11-25,Wednesday,RDR,2088.75,2084.5,4.25,2088.75,2083.25,5.5,True,LONG,2015-11-25 10:30:00,2089.75,True,True,False,0.3529,0.0,0.3529,2090.25,2015-11-25 10:35:00,0.7059,2085.75,2015-11-25 15:54:00,False,,0.0,,True,2088.75,2015-11-25 10:37:00,0.0
ES,2015-11-26,Thursday,ODR,2093.25,2089.5,3.75,2093.5,2088.75,4.75,True,LONG,2015-11-26 04:20:00,2094.5,True,False,,1.2667,0.0,1.2667,2098.0,2015-11-26 06:34:00,0.0,2094.25,2015-11-26 04:25:00,True,2015-11-26 04:31:00,0.0,0.0,False,,,
ES,2015-11-26,Thursday,RDR,2094.75,2093.75,1.0,2095.0,2093.25,1.75,True,LONG,2015-11-26 10:50:00,2095.25,True,True,True,2.0,0.0,2.0,2096.75,2015-11-26 12:04:00,0.25,2094.5,2015-11-26 10:58:00,True,2015-11-26 11:00:00,0.25,0.25,True,2094.75,2015-11-26 10:57:00,0.0
ES,2015-11-27,Friday,ODR,2088.25,2084.25,4.0,2088.25,2083.25,5.0,True,LONG,2015-11-27 05:15:00,2088.5,True,True,True,0.8125,0.25,0.8125,2091.5,2015-11-27 08:02:00,0.0625,2088.0,2015-11-27 05:20:00,True,2015-11-27 05:54:00,0.0625,0.0,True,2088.0,2015-11-27 05:20:00,0.0625
ES,2015-11-27,Friday,RDR,2087.25,2082.75,4.5,2088.25,2081.5,6.75,True,LONG,2015-11-27 11:05:00,2088.75,True,False,,0.8333,0.0,0.8333,2091.0,2015-11-27 11:31:00,0.0,2087.5,2015-11-27 11:51:00,True,2015-11-27 11:19:00,0.0,0.0,False,,,
ES,2015-11-30,Monday,ODR,2086.5,2082.25,4.25,2087.0,2082.0,5.0,True,LONG,2015-11-30 04:05:00,2089.0,True,False,,1.9412,0.0,1.9412,2094.75,2015-11-30 07:55:00,0.0,2087.25,2015-11-30 05:13:00,True,2015-11-30 04:10:00,0.0,0.0,False,,,
ES,2015-11-30,Monday,RDR,2090.25,2083.75,6.5,2091.75,2083.25,8.5,True,SHORT,2015-11-30 11:45:00,2081.5,True,True,True,0.0,0.7692,0.7692,2078.75,2015-11-30 15:27:00,0.6154,2087.75,2015-11-30 13:57:00,True,2015-11-30 11:50:00,0.6154,0.6154,True,2083.75,2015-11-30 12:20:00,0.0
ES,2015-12-01,Tuesday,ADR,2089.75,2088.25,1.5,2089.75,2088.25,1.5,True,LONG,2015-11-30 20:45:00,2090.5,True,False,,1.8333,0.0,1.8333,2092.5,2015-11-30 21:10:00,0.0,2090.25,2015-11-30 20:57:00,True,2015-11-30 20:50:00,0.0,0.0,False,,,
ES,2015-12-01,Tuesday,ODR,2090.0,2087.0,3.0,2090.5,2086.5,4.0,True,SHORT,2015-12-01 04:35:00,2086.25,True,True,False,0.0,1.1667,1.1667,2083.5,2015-12-01 05:40:00,0.9167,2089.75,2015-12-01 06:16:00,True,2015-12-01 04:46:00,0.0,0.9167,True,2087.25,2015-12-01 05:59:00,0.0833
ES,2015-12-01,Tuesday,RDR,2095.75,2086.25,9.5,2097.0,2084.25,12.75,True,LONG,2015-12-01 15:30:00,2098.0,True,False,,0.5789,0.0,0.5789,2101.25,2015-12-01 15:58:00,0.0,2097.0,2015-12-01 15:36:00,True,2015-12-01 15:56:00,0.0,0.0,False,,,
ES,2015-12-02,Wednesday,ADR,2099.25,2098.0,1.25,2099.5,2098.0,1.5,True,LONG,2015-12-01 21:00:00,2100.25,True,True,True,4.0,0.0,4.0,2104.25,2015-12-02 01:46:00,0.6,2098.5,2015-12-01 22:20:00,True,2015-12-01 21:05:00,0.6,0.6,True,2099.0,2015-12-01 21:50:00,0.2
ES,2015-12-02,Wednesday,ODR,2104.5,2101.25,3.25,2104.75,2100.75,4.0,True,SHORT,2015-12-02 07:20:00,2099.5,True,True,True,0.0,1.0,1.0,2098.0,2015-12-02 07:37:00,0.0769,2101.5,2015-12-02 08:21:00,True,2015-12-02 07:25:00,0.0,0.0769,True,2101.25,2015-12-02 07:59:00,0.0
ES,2015-12-02,Wednesday,RDR,2102.0,2098.0,4.0,2103.0,2097.5,5.5,True,SHORT,2015-12-02 11:00:00,2096.5,True,False,,0.0,5.75,5.75,2075.0,2015-12-02 15:50:00,0.0,2097.0,2015-12-02 11:13:00,True,2015-12-02 11:05:00,0.0,0.0,False,,,
ES,2015-12-03,Thursday,ADR,2083.75,2081.5,2.25,2083.75,2081.5,2.25,True,LONG,2015-12-02 20:35:00,2084.0,False,True,False,0.6667,0.8889,0.6667,2085.25,2015-12-02 23:58:00,1.8889,2079.5,2015-12-02 22:19:00,True,2015-12-02 23:57:00,1.8889,0.1111,True,2083.5,2015-12-02 20:40:00,0.1111
ES,2015-12-03,Thursday,ODR,2090.0,2084.75,5.25,2090.0,2084.5,5.5,True,LONG,2015-12-03 04:50:00,2093.0,True,True,False,0.9524,0.1905,0.9524,2095.0,2015-12-03 05:26:00,1.1905,2083.75,2015-12-03 07:40:00,True,2015-12-03 04:55:00,0.0,1.1905,True,2088.0,2015-12-03 07:38:00,0.381
ES,2015-12-03,Thursday,RDR,2081.25,2067.0,14.25,2084.25,2065.0,19.25,True,SHORT,2015-12-03 12:10:00,2064.25,True,False,,0.0,1.8947,1.8947,2040.0,2015-12-03 14:43:00,0.0,2064.75,2015-12-03 12:17:00,True,2015-12-03 12:26:00,0.0,0.0,False,,,
ES,2015-12-04,Friday,ADR,2057.0,2054.5,2.5,2057.5,2053.75,3.75,False,,,,,,,0.1,0.4,,,,,,,False,,,,False,,,
ES,2015-12-04,Friday,ODR,2062.25,2057.5,4.75,2062.5,2056.25,6.25,True,SHORT,2015-12-04 07:15:00,2055.75,True,True,True,0.0,0.6316,0.6316,2054.5,2015-12-04 08:03:00,0.0,2057.5,2015-12-04 07:34:00,True,2015-12-04 07:37:00,0.0,0.0,True,2057.5,2015-12-04 07:34:00,0.0
ES,2015-12-04,Friday,RDR,2069.75,2053.75,16.0,2071.0,2052.0,19.0,True,LONG,2015-12-04 10:35:00,2074.0,True,True,True,1.4375,0.0,1.4375,2092.75,2015-12-04 15:08:00,0.0781,2068.5,2015-12-04 12:04:00,True,2015-12-04 11:06:00,0.0781,0.0781,True,2069.25,2015-12-04 11:49:00,0.0312
ES,2015-12-07,Monday,ADR,2087.5,2086.25,1.25,2087.75,2086.25,1.5,True,SHORT,2015-12-06 20:30:00,2085.75,True,True,False,0.2,1.0,1.0,2085.0,2015-12-06 20:41:00,1.2,2087.75,2015-12-06 22:07:00,True,2015-12-06 20:35:00,0.0,1.2,True,2086.25,2015-12-06 20:44:00,0.0
ES,2015-12-07,Monday,ODR,2091.75,2083.5,8.25,2092.0,2083.5,8.5,True,LONG,2015-12-07 04:05:00,2093.75,True,True,False,0.4242,0.0,0.4242,2095.25,2015-12-07 04:14:00,0.697,2086.0,2015-12-07 08:29:00,False,,0.0,,True,2091.75,2015-12-07 04:22:00,0.0
ES,2015-12-07,Monday,RDR,2085.25,2075.25,10.0,2085.25,2074.0,11.25,True,SHORT,2015-12-07 10:30:00,2071.5,True,True,False,0.0,1.05,1.05,2064.75,2015-12-07 11:29:00,0.25,2077.75,2015-12-07 15:54:00,True,2015-12-07 10:45:00,0.0,0.25,True,2076.0,2015-12-07 15:47:00,0.075
ES,2015-12-08,Tuesday,ADR,2078.5,2074.75,3.75,2078.5,2074.25,4.25,True,SHORT,2015-12-07 20:35:00,2074.0,True,True,True,0.0,1.4667,1.4667,2069.25,2015-12-07 22:16:00,0.2667,2075.75,2015-12-07 21:13:00,True,2015-12-07 21:47:00,0.2667,0.0,True,2074.75,2015-12-07 20:59:00,0.0
ES,2015-12-08,Tuesday,ODR,2076.0,2069.75,6.25,2077.0,2067.75,9.25,True,SHORT,2015-12-08 04:35:00,2065.75,True,True,True,0.0,2.0,2.0,2057.25,2015-12-08 08:18:00,0.4,2072.25,2015-12-08 05:50:00,True,2015-12-08 04:40:00,0.4,0.4,True,2070.0,2015-12-08 05:01:00,0.04
ES,2015-12-08,Tuesday,RDR,2061.0,2052.25,8.75,2061.75,2051.0,10.75,True,LONG,2015-12-08 10:40:00,2062.5,True,True,True,1.3714,0.2286,1.3714,2073.0,2015-12-08 11:05:00,0.4,2057.5,2015-12-08 13:25:00,True,2015-12-08 11:00:00,0.0,0.4,True,2061.0,2015-12-08 11:50:00,0.0
ES,2015-12-09,Wednesday,ADR,2065.0,2063.25,1.75,2065.25,2063.25,2.0,True,LONG,2015-12-08 20:30:00,2065.5,False,True,False,0.7143,1.2857,0.7143,2066.25,2015-12-08 20:39:00,2.2857,2061.0,2015-12-09 00:13:00,True,2015-12-08 20:39:00,0.0,2.2857,True,2064.5,2015-12-08 20:42:00,0.2857
ES,2015-12-09,Wednesday,ODR,2067.25,2060.0,7.25,2068.25,2059.25,9.0,True,SHORT,2015-12-09 04:10:00,2058.0,True,True,True,0.0,1.069,1.069,2052.25,2015-12-09 04:22:00,0.1724,2061.25,2015-12-09 06:36:00,True,2015-12-09 04:17:00,0.0,0.1724,True,2060.25,2015-12-09 06:28:00,0.0345
ES,2015-12-09,Wednesday,RDR,2072.25,2054.5,17.75,2074.75,2054.25,20.5,True,LONG,2015-12-09 10:30:00,2078.25,False,True,False,0.4085,1.1549,0.4085,2079.5,2015-12-09 10:35:00,2.1549,2034.0,2015-12-09 13:07:00,False,,0.0,,True,2071.5,2015-12-09 11:01:00,0.0423
ES,2015-12-10,Thursday,ADR,2049.25,2046.75,2.5,2049.75,2046.5,3.25,True,LONG,2015-12-09 20:30:00,2050.25,True,True,False,0.5,0.0,0.5,2050.5,2015-12-09 20:36:00,0.9,2047.0,2015-12-09 21:48:00,True,2015-12-09 20:36:00,0.0,0.9,True,2049.25,2015-12-09 21:04:00,0.0
ES,2015-12-10,Thursday,ODR,2054.75,2048.5,6.25,2054.75,2046.0,8.75,True,SHORT,2015-12-10 07:15:00,2045.5,True,True,True,0.0,0.72,0.72,2044.0,2015-12-10 07:41:00,0.28,2050.25,2015-12-10 08:10:00,True,2015-12-10 07:35:00,0.0,0.28,True,2048.5,2015-12-10 07:59:00,0.0
ES,2015-12-10,Thursday,RDR,2052.5,2045.0,7.5,2054.5,2043.75,10.75,True,LONG,2015-12-10 10:35:00,2057.25,True,True,False,1.9,0.0,1.9,2066.75,2015-12-10 14:43:00,0.6,2048.0,2015-12-10 12:19:00,True,2015-12-10 10:40:00,0.6,0.6,True,2052.25,2015-12-10 11:44:00,0.0333
ES,2015-12-11,Friday,ADR,2055.75,2053.25,2.5,2056.0,2053.25,2.75,True,SHORT,2015-12-10 21:05:00,2053.0,True,True,False,0.0,0.8,0.8,2051.25,2015-12-10 23:54:00,0.6,2054.75,2015-12-11 00:42:00,True,2015-12-10 22:30:00,0.5,0.6,True,2053.25,2015-12-10 21:21:00,0.0
ES,2015-12-11,Friday,ODR,2055.0,2047.5,7.5,2055.0,2047.5,7.5,True,SHORT,2015-12-11 04:00:00,2046.75,True,True,True,0.0,2.5,2.5,2028.75,2015-12-11 07:41:00,0.5333,2051.5,2015-12-11 04:46:00,True,2015-12-11 05:35:00,0.5333,0.0,True,2048.0,2015-12-11 04:06:00,0.0667
ES,2015-12-11,Friday,RDR,2031.0,2021.5,9.5,2031.75,2019.75,12.0,True,SHORT,2015-12-11 12:05:00,2017.0,True,True,True,0.2632,1.5,1.5,2007.25,2015-12-11 15:24:00,0.1842,2023.25,2015-12-11 14:18:00,True,2015-12-11 12:10:00,0.1842,0.1842,True,2022.25,2015-12-11 14:16:00,0.0789
ES,2015-12-14,Monday,ADR,2012.5,2011.0,1.5,2012.75,2010.75,2.0,True,LONG,2015-12-13 20:35:00,2014.0,True,False,,5.1667,0.0,5.1667,2020.25,2015-12-14 01:39:00,0.0,2013.5,2015-12-13 20:44:00,True,2015-12-13 20:40:00,0.0,0.0,False,,,
ES,2015-12-14,Monday,ODR,2027.5,2018.25,9.25,2028.0,2017.25,10.75,True,SHORT,2015-12-14 06:15:00,2017.0,True,False,,0.0,1.973,1.973,2000.0,2015-12-14 07:19:00,0.0,2017.75,2015-12-14 06:20:00,True,2015-12-14 06:27:00,0.0,0.0,False,,,
ES,2015-12-14,Monday,RDR,2017.25,2001.75,15.5,2022.25,2000.75,21.5,True,SHORT,2015-12-14 11:10:00,1999.25,False,True,False,0.3548,0.6129,0.6129,1992.25,2015-12-14 11:38:00,1.3548,2022.75,2015-12-14 15:59:00,True,2015-12-14 11:33:00,0.0,1.3548,True,2002.5,2015-12-14 11:56:00,0.0484
ES,2015-12-15,Tuesday,ADR,2023.5,2021.25,2.25,2024.25,2020.5,3.75,True,SHORT,2015-12-15 00:30:00,2020.25,True,True,True,0.3333,1.1111,1.1111,2018.75,2015-12-15 01:10:00,0.1111,2021.5,2015-12-15 01:33:00,True,2015-12-15 00:35:00,0.0,0.1111,True,2021.25,2015-12-15 01:27:00,0.0
ES,2015-12-15,Tuesday,ODR,2031.5,2019.75,11.75,2032.75,2019.0,13.75,True,LONG,2015-12-15 04:05:00,2033.0,True,True,False,0.4043,0.0,0.4043,2036.25,2015-12-15 06:42:00,0.1702,2029.5,2015-12-15 05:25:00,False,,0.1702,,True,2031.0,2015-12-15 05:23:00,0.0426
ES,2015-12-15,Tuesday,RDR,2049.25,2040.25,9.0,2050.25,2038.0,12.25,True,LONG,2015-12-15 12:30:00,2051.0,True,True,False,0.5,0.1667,0.5,2053.75,2015-12-15 12:36:00,0.9167,2041.0,2015-12-15 15:36:00,True,2015-12-15 12:36:00,0.0,0.9167,True,2049.0,2015-12-15 13:11:00,0.0278
ES,2015-12-16,Wednesday,ADR,2046.0,2043.75,2.25,2046.25,2043.75,2.5,True,LONG,2015-12-15 20:55:00,2047.5,True,False,,2.8889,0.1111,2.8889,2052.5,2015-12-15 23:53:00,0.0,2046.25,2015-12-15 21:27:00,True,2015-12-15 21:00:00,0.0,0.0,False,,,
ES,2015-12-16,Wednesday,ODR,2051.5,2046.5,5.0,2053.0,2046.5,6.5,True,LONG,2015-12-16 05:30:00,2053.5,True,False,,1.5,0.0,1.5,2059.0,2015-12-16 05:52:00,0.0,2052.5,2015-12-16 07:55:00,True,2015-12-16 05:36:00,0.0,0.0,False,,,
ES,2015-12-16,Wednesday,RDR,2059.0,2052.75,6.25,2060.75,2052.0,8.75,True,SHORT,2015-12-16 10:30:00,2051.5,False,True,False,2.84,2.04,2.04,2040.0,2015-12-16 14:00:00,3.84,2076.75,2015-12-16 15:40:00,True,2015-12-16 10:36:00,0.48,3.84,True,2053.0,2015-12-16 13:49:00,0.04
ES,2015-12-17,Thursday,ADR,2070.25,2067.0,3.25,2070.75,2066.75,4.0,True,SHORT,2015-12-16 20:30:00,2066.0,True,True,False,0.0,0.6154,0.6154,2065.0,2015-12-17 00:43:00,0.9231,2070.0,2015-12-16 21:33:00,True,2015-12-16 20:35:00,0.9231,0.9231,True,2067.0,2015-12-16 20:38:00,0.0
ES,2015-12-17,Thursday,ODR,2075.0,2068.25,6.75,2075.25,2068.25,7.0,True,LONG,2015-12-17 04:05:00,2075.5,True,True,False,1.037,0.0,1.037,2082.0,2015-12-17 06:30:00,0.2593,2073.25,2015-12-17 04:29:00,True,2015-12-17 04:59:00,0.2593,0.1111,True,2075.0,2015-12-17 04:10:00,0.0
ES,2015-12-17,Thursday,RDR,2077.0,2060.25,16.75,2077.75,2059.5,18.25,True,SHORT,2015-12-17 10:45:00,2056.25,True,False,,0.0,1.1343,1.1343,2041.25,2015-12-17 15:59:00,0.0,2059.75,2015-12-17 14:05:00,True,2015-12-17 11:16:00,0.0,0.0,False,,,
ES,2015-12-18,Friday,ADR,2035.75,2025.75,10.0,2035.75,2025.0,10.75,True,LONG,2015-12-17 22:50:00,2038.75,False,True,False,0.325,0.15,0.325,2039.0,2015-12-17 22:55:00,1.15,2024.25,2015-12-17 23:24:00,False,,0.0,,True,2035.0,2015-12-17 22:56:00,0.075
ES,2015-12-18,Friday,ODR,2031.5,2025.25,6.25,2031.75,2022.0,9.75,True,LONG,2015-12-18 05:40:00,2032.25,False,True,False,0.64,0.4,0.64,2035.5,2015-12-18 05:54:00,1.4,2022.75,2015-12-18 07:15:00,True,2015-12-18 05:53:00,0.0,1.4,True,2031.25,2015-12-18 06:14:00,0.04
ES,2015-12-21,Monday,ADR,1999.25,1995.75,3.5,1999.5,1995.25,4.25,True,LONG,2015-12-20 22:25:00,2000.0,True,True,True,0.7857,0.0,0.7857,2002.0,2015-12-21 00:39:00,0.2143,1998.5,2015-12-20 22:58:00,True,2015-12-21 00:11:00,0.2143,0.0,True,1999.0,2015-12-20 22:30:00,0.0714
ES,2015-12-21,Monday,ODR,2011.25,2000.25,11.0,2011.75,1999.75,12.0,True,LONG,2015-12-21 05:15:00,2012.25,True,True,False,0.2045,0.0,0.2045,2013.5,2015-12-21 05:33:00,0.4545,2006.25,2015-12-21 07:55:00,False,,0.0,,True,2011.25,2015-12-21 05:53:00,0.0
ES,2015-12-21,Monday,RDR,2012.5,2007.0,5.5,2014.5,2005.75,8.75,True,SHORT,2015-12-21 11:10:00,2003.75,True,True,False,0.1818,2.0,2.0,1996.0,2015-12-21 11:40:00,0.9545,2012.25,2015-12-21 15:59:00,True,2015-12-21 11:15:00,0.0,0.9545,True,2007.75,2015-12-21 13:34:00,0.1364
ES,2015-12-22,Tuesday,ADR,2018.75,2015.75,3.0,2018.75,2015.75,3.0,True,SHORT,2015-12-21 22:00:00,2015.5,False,True,False,0.6667,0.4167,0.4167,2014.5,2015-12-21 22:17:00,1.6667,2020.75,2015-12-22 01:12:00,False,,0.0,,True,2016.0,2015-12-21 22:29:00,0.0833
ES,2015-12-22,Tuesday,ODR,2021.75,2015.0,6.75,2022.25,2014.5,7.75,True,SHORT,2015-12-22 04:20:00,2014.25,True,True,False,0.0,1.1481,1.1481,2007.25,2015-12-22 04:50:00,0.7407,2020.0,2015-12-22 07:58:00,True,2015-12-22 04:30:00,0.0,0.7407,True,2015.25,2015-12-22 05:52:00,0.037
ES,2015-12-22,Tuesday,RDR,2022.5,2013.0,9.5,2022.5,2010.5,12.0,True,LONG,2015-12-22 12:50:00,2023.25,True,True,True,1.2368,0.0,1.2368,2034.25,2015-12-22 15:26:00,0.0789,2021.75,2015-12-22 13:11:00,True,2015-12-22 13:54:00,0.0789,0.0,True,2021.75,2015-12-22 13:11:00,0.0789
ES,2015-12-23,Wednesday,ADR,2032.75,2030.75,2.0,2032.75,2030.75,2.0,True,LONG,2015-12-22 20:50:00,2033.0,True,True,True,0.75,0.0,0.75,2034.25,2015-12-22 21:47:00,0.5,2031.75,2015-12-22 21:03:00,True,2015-12-22 21:45:00,0.5,0.25,True,2032.25,2015-12-22 20:56:00,0.25
ES,2015-12-23,Wednesday,ODR,2039.0,2034.5,4.5,2039.25,2033.75,5.5,True,LONG,2015-12-23 04:55:00,2039.5,True,True,True,1.3889,0.0,1.3889,2045.25,2015-12-23 07:22:00,0.4444,2037.0,2015-12-23 06:06:00,True,2015-12-23 06:25:00,0.4444,0.0,True,2038.25,2015-12-23 05:05:00,0.1667
ES,2015-12-23,Wednesday,RDR,2045.75,2042.5,3.25,2047.0,2041.75,5.25,True,LONG,2015-12-23 10:40:00,2047.5,True,False,,3.6154,0.0,3.6154,2057.5,2015-12-23 14:40:00,0.0,2047.0,2015-12-23 10:49:00,True,2015-12-23 10:45:00,0.0,0.0,False,,,
ES,2015-12-24,Thursday,ADR,2056.0,2053.75,2.25,2056.5,2053.75,2.75,True,SHORT,2015-12-23 20:40:00,2053.0,True,False,,0.0,1.8889,1.8889,2049.5,2015-12-24 00:56:00,0.0,2053.5,2015-12-23 20:47:00,True,2015-12-23 21:16:00,0.0,0.0,False,,,
ES,2015-12-24,Thursday,RDR,2056.0,2050.5,5.5,2057.25,2050.5,6.75,True,LONG,2015-12-24 12:15:00,2057.5,False,True,False,0.6364,0.1818,0.6364,2059.5,2015-12-24 12:32:00,1.1818,2049.5,2015-12-24 13:12:00,True,2015-12-24 12:28:00,0.0,1.1818,True,2055.5,2015-12-24 12:50:00,0.0909
ES,2015-12-28,Monday,ODR,2049.25,2046.75,2.5,2050.0,2046.5,3.5,True,SHORT,2015-12-28 04:25:00,2046.25,True,True,True,0.0,2.6,2.6,2040.25,2015-12-28 07:30:00,0.2,2047.25,2015-12-28 04:41:00,True,2015-12-28 04:58:00,0.2,0.0,True,2046.75,2015-12-28 04:39:00,0.0
ES,2015-12-28,Monday,RDR,2045.75,2038.0,7.75,2046.5,2037.75,8.75,True,SHORT,2015-12-28 10:45:00,2036.25,False,True,False,0.3226,0.3548,0.3548,2035.25,2015-12-28 10:55:00,1.3226,2048.25,2015-12-28 13:33:00,False,,0.0,,True,2038.25,2015-12-28 11:09:00,0.0323
ES,2015-12-29,Tuesday,ADR,2050.0,2047.25,2.75,2050.25,2047.25,3.0,True,LONG,2015-12-28 22:20:00,2050.5,True,True,True,0.8182,0.0,0.8182,2052.25,2015-12-28 23:40:00,0.0909,2049.75,2015-12-28 22:39:00,True,2015-12-28 23:00:00,0.0909,0.0,True,2050.0,2015-12-28 22:29:00,0.0
ES,2015-12-29,Tuesday,ODR,2057.25,2051.75,5.5,2057.25,2051.75,5.5,True,LONG,2015-12-29 04:05:00,2057.5,True,True,True,0.4091,0.0,0.4091,2059.5,2015-12-29 04:30:00,0.4091,2055.0,2015-12-29 06:46:00,False,,0.0,,True,2057.25,2015-12-29 04:20:00,0.0
ES,2015-12-29,Tuesday,RDR,2068.0,2061.25,6.75,2068.5,2060.75,7.75,True,LONG,2015-12-29 11:30:00,2069.0,True,True,True,0.9259,0.0,0.9259,2074.25,2015-12-29 15:18:00,0.5926,2064.0,2015-12-29 11:50:00,True,2015-12-29 13:56:00,0.5926,0.0,True,2067.75,2015-12-29 11:36:00,0.037
ES,2015-12-30,Wednesday,ODR,2071.25,2067.75,3.5,2072.0,2066.75,5.25,False,,,,,,,0.0,0.2857,,,,,,,False,,,,False,,,
ES,2015-12-30,Wednesday,RDR,2067.25,2062.0,5.25,2068.25,2062.0,6.25,True,SHORT,2015-12-30 13:20:00,2061.75,True,True,True,0.0,1.619,1.619,2053.5,2015-12-30 15:35:00,0.6667,2065.5,2015-12-30 14:21:00,True,2015-12-30 15:33:00,0.6667,0.0,True,2062.75,2015-12-30 13:26:00,0.1429
ES,2015-12-31,Thursday,ODR,2056.75,2054.5,2.25,2056.75,2054.5,2.25,True,SHORT,2015-12-31 07:20:00,2054.25,True,False,,0.0,2.7778,2.7778,2048.25,2015-12-31 08:21:00,0.0,2054.25,2015-12-31 07:25:00,True,2015-12-31 07:26:00,0.0,0.0,False,,,
ES,2015-12-31,Thursday,RDR,2047.25,2040.75,6.5,2047.5,2040.25,7.25,True,SHORT,2015-12-31 10:30:00,2038.75,False,True,True,1.1154,1.0385,1.0385,2034.0,2015-12-31 15:59:00,2.1154,2054.5,2015-12-31 12:46:00,True,2015-12-31 10:36:00,2.1154,2.1154,True,2041.0,2015-12-31 10:51:00,0.0385
GC,2015-01-02,Friday,ADR,1187.52,1184.83,2.6900000000000546,1188.28,1184.7,3.5799999999999272,True,SHORT,2015-01-01 20:30:00,1184.52,True,True,False,0.0,0.2305,0.2305,1184.21,2015-01-01 21:25:00,0.9628,1187.42,2015-01-02 01:37:00,False,,0.3829,,True,1184.94,2015-01-01 20:38:00,0.0409
GC,2015-01-02,Friday,ODR,1187.21,1185.98,1.2300000000000182,1187.96,1185.98,1.9800000000000182,True,SHORT,2015-01-02 04:00:00,1185.74,True,True,True,0.0,15.374,15.374,1167.07,2015-01-02 08:20:00,0.6585,1186.79,2015-01-02 05:00:00,True,2015-01-02 04:05:00,0.6585,0.6585,True,1185.98,2015-01-02 04:49:00,0.0
GC,2015-01-02,Friday,RDR,1177.52,1170.0,7.519999999999982,1177.62,1169.37,8.25,True,LONG,2015-01-02 10:35:00,1184.91,True,False,,2.3218,0.0,2.3218,1194.98,2015-01-02 11:54:00,0.0,1182.17,2015-01-02 13:58:00,True,2015-01-02 10:40:00,0.0,0.0,False,,,
GC,2015-01-05,Monday,ADR,1192.16,1186.33,5.830000000000155,1192.93,1186.33,6.600000000000136,True,LONG,2015-01-04 21:30:00,1193.51,True,True,True,0.9434,0.0,0.9434,1197.66,2015-01-05 00:49:00,0.1835,1191.09,2015-01-04 23:41:00,True,2015-01-05 00:49:00,0.1835,0.0,True,1192.03,2015-01-04 23:00:00,0.0223
GC,2015-01-05,Monday,ODR,1196.99,1193.53,3.4600000000000364,1197.34,1193.25,4.089999999999918,True,SHORT,2015-01-05 05:10:00,1192.81,True,True,False,0.0,1.9682,1.9682,1186.72,2015-01-05 08:02:00,0.7052,1195.97,2015-01-05 08:28:00,True,2015-01-05 05:30:00,0.0231,0.7052,True,1193.61,2015-01-05 05:22:00,0.0231
GC,2015-01-05,Monday,RDR,1200.48,1194.66,5.819999999999936,1202.08,1194.35,7.730000000000018,True,LONG,2015-01-05 13:15:00,1202.68,True,False,,1.1838,0.0481,1.1838,1207.37,2015-01-05 15:46:00,0.0,1201.94,2015-01-05 14:41:00,True,2015-01-05 13:20:00,0.0,0.0,False,,,
GC,2015-01-06,Tuesday,ADR,1203.89,1202.12,1.7700000000002092,1204.13,1202.01,2.1200000000001182,True,LONG,2015-01-05 20:50:00,1204.37,True,False,,3.7119,0.0,3.7119,1210.46,2015-01-06 01:46:00,0.0,1203.91,2015-01-05 20:57:00,True,2015-01-05 21:02:00,0.0,0.0,False,,,
GC,2015-01-06,Tuesday,ODR,1211.63,1207.07,4.560000000000173,1212.3,1206.61,5.690000000000055,True,LONG,2015-01-06 04:05:00,1212.6,True,True,False,0.5702,0.0,0.5702,1214.23,2015-01-06 04:15:00,0.7829,1208.06,2015-01-06 07:37:00,True,2015-01-06 04:15:00,0.0044,0.7829,True,1211.61,2015-01-06 04:13:00,0.0044
GC,2015-01-06,Tuesday,RDR,1211.5,1207.28,4.220000000000027,1213.27,1205.41,7.8599999999999,True,LONG,2015-01-06 11:40:00,1220.73,True,False,,2.7275,0.3555,2.7275,1223.01,2015-01-06 11:56:00,0.0,1214.39,2015-01-06 14:12:00,True,2015-01-06 11:45:00,0.0,0.0,False,,,
GC,2015-01-07,Wednesday,ADR,1218.14,1216.22,1.9200000000000728,1218.57,1215.81,2.759999999999991,True,SHORT,2015-01-06 22:20:00,1215.68,True,False,,0.0,2.2083,2.2083,1211.98,2015-01-07 00:36:00,0.0,1216.01,2015-01-06 22:28:00,True,2015-01-06 22:37:00,0.0,0.0,False,,,
GC,2015-01-07,Wednesday,ODR,1215.88,1213.9,1.9800000000000182,1216.4,1213.61,2.790000000000191,True,LONG,2015-01-07 04:25:00,1217.57,False,True,False,1.1465,2.5,1.1465,1218.15,2015-01-07 05:03:00,3.5,1208.95,2015-01-07 08:26:00,True,2015-01-07 04:30:00,0.0,3.5,True,1215.48,2015-01-07 05:08:00,0.202
GC,2015-01-07,Wednesday,RDR,1212.98,1210.88,2.099999999999909,1214.01,1210.58,3.4300000000000637,True,LONG,2015-01-07 10:35:00,1214.15,False,True,False,1.7286,0.7,1.7286,1216.61,2015-01-07 15:17:00,1.7,1209.41,2015-01-07 14:00:00,True,2015-01-07 10:40:00,1.7,1.7,True,1212.74,2015-01-07 11:32:00,0.1143
GC,2015-01-08,Thursday,ADR,1213.92,1212.56,1.3600000000001273,1214.17,1212.3,1.8700000000001182,True,SHORT,2015-01-07 20:55:00,1212.13,True,False,,0.0,5.7279,5.7279,1204.77,2015-01-07 23:24:00,0.0,1212.49,2015-01-07 21:29:00,True,2015-01-07 21:02:00,0.0,0.0,False,,,
GC,2015-01-08,Thursday,ODR,1208.49,1206.16,2.3299999999999272,1208.55,1205.53,3.019999999999982,True,LONG,2015-01-08 04:15:00,1208.86,False,True,True,1.1202,0.6567,1.1202,1211.1,2015-01-08 07:50:00,1.6567,1204.63,2015-01-08 06:34:00,True,2015-01-08 07:50:00,1.6567,0.3948,True,1208.46,2015-01-08 04:25:00,0.0129
GC,2015-01-08,Thursday,RDR,1215.69,1210.8,4.8900000000001,1216.56,1210.51,6.0499999999999545,True,SHORT,2015-01-08 13:05:00,1210.18,True,False,,0.0552,0.9223,0.9223,1206.29,2015-01-08 15:24:00,0.0,1210.68,2015-01-08 13:12:00,True,2015-01-08 13:26:00,0.0,0.0,False,,,
GC,2015-01-09,Friday,ADR,1211.74,1209.29,2.4500000000000455,1211.86,1209.15,2.709999999999809,True,LONG,2015-01-08 20:55:00,1212.07,True,True,True,1.0082,0.0,1.0082,1214.21,2015-01-09 01:31:00,0.4327,1210.68,2015-01-08 22:48:00,True,2015-01-09 00:45:00,0.4327,0.0,True,1211.72,2015-01-08 21:03:00,0.0082
GC,2015-01-09,Friday,ODR,1211.8,1210.74,1.0599999999999454,1212.22,1210.62,1.6000000000001364,True,SHORT,2015-01-09 04:30:00,1209.92,False,True,False,2.1415,1.283,1.283,1209.38,2015-01-09 04:48:00,3.1415,1214.07,2015-01-09 07:40:00,True,2015-01-09 04:35:00,0.0,3.1415,True,1211.28,2015-01-09 04:58:00,0.5094
GC,2015-01-09,Friday,RDR,1219.35,1212.85,6.5,1219.95,1212.85,7.100000000000136,True,LONG,2015-01-09 10:30:00,1220.04,True,True,True,0.3046,0.0,0.3046,1221.33,2015-01-09 13:57:00,0.6185,1215.33,2015-01-09 11:47:00,False,,0.6185,,True,1218.28,2015-01-09 10:35:00,0.1646
GC,2015-01-12,Monday,ADR,1226.67,1223.34,3.3300000000001546,1226.75,1222.3,4.4500000000000455,True,LONG,2015-01-11 21:45:00,1227.03,True,True,True,1.3213,0.0,1.3213,1231.07,2015-01-12 01:01:00,0.7598,1224.14,2015-01-12 00:04:00,True,2015-01-12 00:54:00,0.7598,0.0,True,1226.67,2015-01-11 21:50:00,0.0
GC,2015-01-12,Monday,ODR,1227.99,1221.38,6.6099999999999,1228.12,1217.53,10.589999999999918,False,,,,,,,0.0,0.472,,,,,,,False,,,,False,,,
GC,2015-01-12,Monday,RDR,1227.73,1223.06,4.670000000000073,1227.87,1221.37,6.5,True,LONG,2015-01-12 12:25:00,1228.39,True,True,True,1.7323,0.0,1.7323,1235.82,2015-01-12 14:47:00,0.0214,1227.63,2015-01-12 12:57:00,True,2015-01-12 13:21:00,0.0214,0.0,True,1227.66,2015-01-12 12:56:00,0.015
GC,2015-01-13,Tuesday,ADR,1237.09,1230.69,6.399999999999864,1240.67,1230.65,10.019999999999982,False,,,,,,,0.3297,0.0,,,,,,,False,,,,False,,,
GC,2015-01-13,Tuesday,ODR,1242.48,1238.79,3.6900000000000546,1244.13,1238.55,5.580000000000155,True,SHORT,2015-01-13 04:10:00,1238.44,True,True,False,0.2846,0.6883,0.6883,1236.25,2015-01-13 07:56:00,1.0921,1242.82,2015-01-13 08:20:00,True,2015-01-13 04:42:00,0.4553,1.0921,True,1238.85,2015-01-13 04:15:00,0.0163
GC,2015-01-13,Tuesday,RDR,1238.48,1233.36,5.120000000000118,1238.52,1231.5,7.019999999999982,True,LONG,2015-01-13 11:25:00,1239.43,False,True,False,0.4297,1.2012,0.293,1239.98,2015-01-13 11:32:00,2.2012,1227.21,2015-01-13 14:06:00,False,,0.0,,True,1237.78,2015-01-13 11:36:00,0.1367
GC,2015-01-14,Wednesday,ADR,1233.6,1229.24,4.3599999999999,1233.98,1228.98,5.0,True,SHORT,2015-01-13 21:00:00,1226.86,True,True,False,0.0,0.9771,0.9771,1224.98,2015-01-13 21:07:00,0.6009,1231.86,2015-01-14 01:52:00,True,2015-01-13 21:05:00,0.0,0.6009,True,1229.47,2015-01-13 21:33:00,0.0528
GC,2015-01-14,Wednesday,ODR,1230.0,1225.85,4.150000000000091,1231.21,1225.39,5.819999999999936,True,LONG,2015-01-14 07:55:00,1231.8,True,False,,0.9783,0.1494,0.9783,1234.06,2015-01-14 08:11:00,0.0,1231.05,2015-01-14 08:06:00,True,2015-01-14 08:00:00,0.0,0.0,False,,,
GC,2015-01-14,Wednesday,RDR,1240.23,1236.35,3.880000000000109,1242.15,1235.1,7.050000000000182,True,SHORT,2015-01-14 13:25:00,1234.68,True,True,True,0.2062,2.2345,2.2345,1227.68,2015-01-14 14:20:00,0.3892,1237.86,2015-01-14 13:35:00,True,2015-01-14 13:30:00,0.3892,0.3892,True,1236.43,2015-01-14 13:32:00,0.0206
GC,2015-01-15,Thursday,ADR,1231.85,1228.3,3.5499999999999545,1232.26,1227.0,5.259999999999991,True,SHORT,2015-01-15 01:25:00,1226.92,True,True,True,0.0901,0.6563,0.6563,1225.97,2015-01-15 01:36:00,0.1521,1228.84,2015-01-15 01:54:00,True,2015-01-15 01:35:00,0.0,0.1521,True,1228.84,2015-01-15 01:54:00,0.1521
GC,2015-01-15,Thursday,ODR,1228.97,1227.28,1.6900000000000546,1229.33,1226.84,2.490000000000009,True,LONG,2015-01-15 04:30:00,1230.22,True,True,True,18.8462,0.0414,18.8462,1260.82,2015-01-15 06:22:00,1.0414,1227.21,2015-01-15 04:39:00,True,2015-01-15 04:35:00,1.0414,1.0414,True,1228.01,2015-01-15 04:37:00,0.568
GC,2015-01-15,Thursday,RDR,1262.54,1253.57,8.970000000000027,1263.95,1252.81,11.1400000000001,True,LONG,2015-01-15 11:10:00,1264.64,True,True,False,0.456,0.0,0.456,1266.63,2015-01-15 11:15:00,0.7503,1255.81,2015-01-15 15:42:00,False,,0.0,,True,1262.27,2015-01-15 11:20:00,0.0301
GC,2015-01-16,Friday,ADR,1262.91,1258.41,4.5,1263.64,1258.07,5.570000000000164,True,SHORT,2015-01-16 00:55:00,1257.12,True,True,False,0.0778,0.4778,0.4778,1256.26,2015-01-16 01:12:00,0.6244,1261.22,2015-01-16 01:58:00,False,,0.0,,True,1258.75,2015-01-16 01:42:00,0.0756
GC,2015-01-16,Friday,ODR,1257.86,1255.85,2.009999999999991,1258.26,1254.95,3.3099999999999454,True,LONG,2015-01-16 04:00:00,1258.45,True,True,True,5.8706,0.0,5.8706,1269.66,2015-01-16 08:26:00,0.4328,1256.99,2015-01-16 06:30:00,True,2015-01-16 04:12:00,0.4328,0.4328,True,1257.86,2015-01-16 04:05:00,0.0
GC,2015-01-16,Friday,RDR,1276.84,1267.22,9.61999999999989,1278.56,1266.83,11.730000000000018,True,LONG,2015-01-16 11:30:00,1279.04,True,True,False,0.5291,0.0,0.5291,1281.93,2015-01-16 11:36:00,0.3971,1273.02,2015-01-16 13:22:00,True,2015-01-16 11:36:00,0.0,0.3971,True,1276.69,2015-01-16 11:45:00,0.0156
GC,2015-01-19,Monday,ADR,1278.98,1276.49,2.490000000000009,1279.12,1276.16,2.959999999999809,True,SHORT,2015-01-18 20:35:00,1276.12,True,True,False,0.0,0.5703,0.5703,1275.07,2015-01-18 21:00:00,0.5221,1277.79,2015-01-18 21:22:00,True,2015-01-18 21:00:00,0.1968,0.5221,True,1276.68,2015-01-18 20:44:00,0.0763
GC,2015-01-19,Monday,ODR,1277.98,1274.87,3.1100000000001273,1278.48,1274.8,3.6800000000000637,True,SHORT,2015-01-19 04:15:00,1274.64,False,True,False,0.2605,0.1576,0.0772,1274.63,2015-01-19 04:20:00,1.2605,1278.79,2015-01-19 07:45:00,False,,0.1158,,True,1275.23,2015-01-19 04:20:00,0.1158
GC,2015-01-19,Monday,RDR,1276.31,1273.37,2.9400000000000546,1276.48,1273.21,3.269999999999982,True,SHORT,2015-01-19 10:55:00,1272.47,False,True,False,0.432,0.4592,0.3912,1272.22,2015-01-19 11:00:00,1.432,1277.58,2015-01-19 12:51:00,False,,0.0,,True,1273.37,2015-01-19 11:01:00,0.0
GC,2015-01-20,Tuesday,ADR,1275.48,1274.26,1.2200000000000273,1275.8,1273.99,1.8099999999999454,True,LONG,2015-01-19 20:40:00,1276.22,True,True,True,2.4508,0.0,2.4508,1278.47,2015-01-19 21:15:00,0.2459,1275.18,2015-01-20 00:57:00,True,2015-01-19 20:45:00,0.0,0.2459,True,1275.24,2015-01-20 00:56:00,0.1967
GC,2015-01-20,Tuesday,ODR,1291.39,1278.77,12.620000000000118,1292.72,1278.58,14.1400000000001,True,LONG,2015-01-20 04:25:00,1292.8,True,True,False,0.2092,0.0,0.1656,1293.48,2015-01-20 04:32:00,0.5158,1284.88,2015-01-20 08:27:00,False,,0.0,,True,1290.89,2015-01-20 04:42:00,0.0396
GC,2015-01-20,Tuesday,RDR,1290.68,1286.08,4.600000000000136,1292.17,1285.75,6.420000000000073,True,LONG,2015-01-20 11:05:00,1292.36,True,True,True,1.3783,0.0,1.3783,1297.02,2015-01-20 12:20:00,0.9739,1286.2,2015-01-20 14:10:00,True,2015-01-20 11:12:00,0.0,0.9739,True,1290.47,2015-01-20 14:06:00,0.0457
GC,2015-01-21,Wednesday,ADR,1293.94,1290.57,3.3700000000001182,1294.44,1290.47,3.9700000000000273,True,LONG,2015-01-20 21:30:00,1295.51,True,False,,2.8071,0.0,2.8071,1303.4,2015-01-21 01:17:00,0.0,1294.75,2015-01-20 22:25:00,True,2015-01-20 21:37:00,0.0,0.0,False,,,
GC,2015-01-21,Wednesday,ODR,1302.24,1297.13,5.1099999999999,1303.33,1296.61,6.720000000000027,True,SHORT,2015-01-21 06:40:00,1296.36,False,True,False,0.589,0.1859,0.1703,1296.26,2015-01-21 06:46:00,1.589,1305.25,2015-01-21 08:11:00,False,,0.0,,True,1297.18,2015-01-21 06:52:00,0.0098
GC,2015-01-21,Wednesday,RDR,1303.32,1286.7,16.61999999999989,1305.02,1284.77,20.25,False,,,,,,,0.0,0.1288,,,,,,,False,,,,False,,,
GC,2015-01-22,Thursday,ADR,1291.28,1289.74,1.5399999999999636,1291.44,1288.87,2.5700000000001637,True,LONG,2015-01-21 20:35:00,1291.97,False,True,False,1.539,4.1818,1.539,1293.65,2015-01-22 00:01:00,5.1818,1283.3,2015-01-22 01:31:00,True,2015-01-21 20:40:00,0.0,5.1818,True,1291.2,2015-01-22 00:31:00,0.0519
GC,2015-01-22,Thursday,ODR,1286.14,1284.73,1.4100000000000819,1286.94,1284.04,2.900000000000091,True,LONG,2015-01-22 04:00:00,1289.38,False,True,True,4.3972,3.6809,4.3972,1292.34,2015-01-22 08:03:00,4.6809,1279.54,2015-01-22 07:24:00,True,2015-01-22 04:05:00,4.6809,4.6809,True,1285.87,2015-01-22 05:11:00,0.1915
GC,2015-01-22,Thursday,RDR,1302.06,1293.7,8.3599999999999,1302.78,1292.61,10.170000000000073,True,LONG,2015-01-22 11:20:00,1304.69,True,True,True,0.6675,0.0,0.6675,1307.64,2015-01-22 11:25:00,0.3744,1298.93,2015-01-22 13:21:00,True,2015-01-22 11:25:00,0.0,0.3744,True,1301.66,2015-01-22 11:33:00,0.0478
GC,2015-01-23,Friday,ADR,1300.68,1298.7,1.9800000000000182,1301.14,1298.21,2.9300000000000637,True,SHORT,2015-01-22 22:20:00,1298.17,True,False,,0.0,2.7071,2.7071,1293.34,2015-01-23 01:09:00,0.0,1298.46,2015-01-22 22:30:00,True,2015-01-22 22:32:00,0.0,0.0,False,,,
GC,2015-01-23,Friday,ODR,1295.99,1293.66,2.3299999999999272,1296.6,1293.26,3.339999999999918,True,LONG,2015-01-23 07:10:00,1297.51,True,True,True,1.5622,0.4077,1.5622,1299.63,2015-01-23 07:16:00,0.2275,1295.46,2015-01-23 08:15:00,True,2015-01-23 07:15:00,0.0,0.2275,True,1295.74,2015-01-23 07:46:00,0.1073
GC,2015-01-23,Friday,RDR,1295.47,1287.01,8.460000000000036,1296.13,1284.32,11.810000000000173,False,,,,,,,0.0,0.0,,,,,,,False,,,,False,,,
GC,2015-01-26,Monday,ADR,1298.73,1295.45,3.2799999999999727,1299.09,1295.15,3.939999999999827,True,SHORT,2015-01-25 21:40:00,1295.07,True,True,True,0.0,1.4207,1.4207,1290.79,2015-01-26 01:05:00,0.2896,1296.4,2015-01-25 21:55:00,True,2015-01-25 22:14:00,0.2896,0.0,True,1295.57,2015-01-25 21:45:00,0.0366
GC,2015-01-26,Monday,ODR,1288.93,1283.0,5.930000000000064,1289.33,1281.4,7.929999999999836,True,SHORT,2015-01-26 04:00:00,1281.25,True,True,False,0.0,1.2108,1.2108,1275.82,2015-01-26 07:00:00,0.7352,1287.36,2015-01-26 08:28:00,True,2015-01-26 06:26:00,0.4671,0.7352,True,1283.07,2015-01-26 04:27:00,0.0118
GC,2015-01-26,Monday,RDR,1284.07,1276.77,7.2999999999999545,1284.33,1275.92,8.409999999999854,False,,,,,,,0.0,0.074,,,,,,,False,,,,False,,,
GC,2015-01-27,Tuesday,ADR,1277.58,1272.9,4.679999999999836,1278.2,1272.27,5.930000000000064,True,LONG,2015-01-26 22:00:00,1278.7,True,True,True,1.1581,0.0,1.1581,1283.0,2015-01-27 01:57:00,0.141,1276.92,2015-01-26 23:37:00,True,2015-01-27 01:15:00,0.141,0.0,True,1277.45,2015-01-26 22:27:00,0.0278
GC,2015-01-27,Tuesday,ODR,1281.99,1278.33,3.660000000000082,1282.02,1277.31,4.710000000000036,True,LONG,2015-01-27 04:40:00,1282.15,True,True,False,0.571,0.0,0.571,1284.08,2015-01-27 08:00:00,0.8087,1279.03,2015-01-27 05:31:00,True,2015-01-27 08:00:00,0.8087,0.5628,True,1281.84,2015-01-27 04:46:00,0.041
GC,2015-01-27,Tuesday,RDR,1290.95,1285.93,5.019999999999982,1291.5,1285.76,5.740000000000009,True,LONG,2015-01-27 10:30:00,1292.73,True,True,True,1.2988,0.0,1.2988,1297.47,2015-01-27 10:44:00,0.259,1289.65,2015-01-27 12:30:00,True,2015-01-27 10:37:00,0.0,0.259,True,1290.72,2015-01-27 12:24:00,0.0458
GC,2015-01-28,Wednesday,ADR,1293.37,1290.62,2.75,1293.61,1290.4,3.209999999999809,True,SHORT,2015-01-27 20:30:00,1290.24,True,True,True,0.0,0.7745,0.7745,1288.49,2015-01-27 23:11:00,0.5382,1292.1,2015-01-28 01:10:00,True,2015-01-27 22:42:00,0.4,0.5382,True,1290.8,2015-01-27 20:38:00,0.0655
GC,2015-01-28,Wednesday,ODR,1289.23,1287.43,1.7999999999999545,1289.43,1287.09,2.3400000000001455,True,LONG,2015-01-28 04:10:00,1289.47,False,True,True,2.0889,0.5833,2.0889,1292.99,2015-01-28 08:19:00,1.5833,1286.38,2015-01-28 05:37:00,True,2015-01-28 06:06:00,1.5833,0.0,True,1288.99,2015-01-28 04:15:00,0.1333
GC,2015-01-28,Wednesday,RDR,1288.04,1285.3,2.740000000000009,1288.32,1284.5,3.8199999999999363,True,LONG,2015-01-28 10:30:00,1288.48,False,True,False,0.5182,2.0292,0.5182,1289.46,2015-01-28 13:42:00,3.0292,1279.74,2015-01-28 14:21:00,True,2015-01-28 13:42:00,1.0036,3.0292,True,1287.95,2015-01-28 10:35:00,0.0328
GC,2015-01-29,Thursday,ADR,1285.65,1283.2,2.4500000000000455,1285.8,1283.17,2.6299999999998818,True,SHORT,2015-01-28 20:30:00,1282.45,True,True,True,0.0,2.0816,2.0816,1278.1,2015-01-28 21:01:00,0.751,1285.04,2015-01-28 23:18:00,True,2015-01-28 20:35:00,0.0,0.751,True,1283.44,2015-01-28 23:10:00,0.098
GC,2015-01-29,Thursday,ODR,1281.38,1277.83,3.550000000000182,1281.38,1276.75,4.630000000000109,True,SHORT,2015-01-29 04:15:00,1276.66,True,False,,0.0,3.9408,3.9408,1263.84,2015-01-29 06:41:00,0.0,1277.31,2015-01-29 05:10:00,True,2015-01-29 04:21:00,0.0,0.0,False,,,
GC,2015-01-29,Thursday,RDR,1272.45,1267.96,4.490000000000009,1272.78,1267.36,5.420000000000073,True,SHORT,2015-01-29 10:35:00,1267.03,True,False,,0.0,3.5412,3.5412,1252.06,2015-01-29 12:20:00,0.0,1267.24,2015-01-29 10:44:00,True,2015-01-29 10:46:00,0.0,0.0,False,,,
GC,2015-01-30,Friday,ADR,1261.39,1257.72,3.6700000000000728,1261.48,1257.12,4.360000000000127,False,,,,,,,0.0681,0.0,,,,,,,False,,,,False,,,
GC,2015-01-30,Friday,ODR,1263.32,1260.99,2.3299999999999272,1263.5,1260.61,2.8900000000001,True,LONG,2015-01-30 04:00:00,1264.29,False,True,False,1.1545,1.1459,1.1545,1266.01,2015-01-30 04:21:00,2.1459,1258.32,2015-01-30 08:27:00,True,2015-01-30 04:05:00,0.0,2.1459,True,1262.98,2015-01-30 05:30:00,0.1459
GC,2015-01-30,Friday,RDR,1265.69,1259.76,5.930000000000064,1266.03,1258.74,7.289999999999964,True,LONG,2015-01-30 10:30:00,1268.24,True,False,,3.199,0.0,3.199,1284.66,2015-01-30 15:59:00,0.0,1267.03,2015-01-30 10:39:00,True,2015-01-30 10:41:00,0.0,0.0,False,,,
GC,2015-02-02,Monday,ADR,1283.05,1280.19,2.8599999999999,1283.26,1280.02,3.240000000000009,True,SHORT,2015-02-01 20:55:00,1279.62,True,True,True,0.0,0.5629,0.5629,1278.58,2015-02-01 22:01:00,0.4161,1281.38,2015-02-02 00:18:00,True,2015-02-01 21:01:00,0.2308,0.4161,True,1280.69,2015-02-01 21:09:00,0.1748
GC,2015-02-02,Monday,ODR,1280.14,1275.5,4.6400000000001,1280.27,1275.46,4.809999999999945,True,SHORT,2015-02-02 04:15:00,1274.58,True,True,True,0.0,0.9203,0.9203,1271.23,2015-02-02 07:41:00,0.7328,1278.9,2015-02-02 06:15:00,True,2015-02-02 07:39:00,0.7328,0.0,True,1275.69,2015-02-02 04:45:00,0.0409
GC,2015-02-02,Monday,RDR,1274.96,1268.45,6.509999999999991,1275.27,1268.31,6.960000000000036,True,LONG,2015-02-02 12:00:00,1275.49,True,True,False,1.1137,0.0,1.1137,1282.21,2015-02-02 13:47:00,0.2995,1273.01,2015-02-02 15:40:00,True,2015-02-02 12:06:00,0.0,0.2995,True,1274.66,2015-02-02 15:39:00,0.0461
GC,2015-02-03,Tuesday,ADR,1274.33,1272.82,1.509999999999991,1274.48,1271.94,2.5399999999999636,True,LONG,2015-02-02 20:30:00,1274.7,True,True,True,4.2848,0.0,4.2848,1280.8,2015-02-03 01:42:00,0.894,1272.98,2015-02-02 23:25:00,True,2015-02-02 20:47:00,0.894,0.894,True,1274.31,2015-02-02 20:35:00,0.0132
GC,2015-02-03,Tuesday,ODR,1284.15,1282.05,2.1000000000001364,1284.84,1281.36,3.480000000000018,True,SHORT,2015-02-03 04:50:00,1281.17,True,True,True,0.3905,7.2333,7.2333,1266.86,2015-02-03 08:00:00,0.5143,1283.13,2015-02-03 05:08:00,True,2015-02-03 04:57:00,0.5143,0.5143,True,1283.13,2015-02-03 05:08:00,0.5143
GC,2015-02-03,Tuesday,RDR,1267.48,1262.43,5.0499999999999545,1267.67,1261.85,5.820000000000164,True,SHORT,2015-02-03 10:30:00,1258.8,True,True,True,0.0535,1.3842,1.3842,1255.44,2015-02-03 11:06:00,1.0535,1267.75,2015-02-03 13:51:00,True,2015-02-03 10:35:00,0.0,1.0535,True,1262.46,2015-02-03 11:56:00,0.0059
GC,2015-02-04,Wednesday,ADR,1260.6,1256.9,3.699999999999818,1260.74,1256.64,4.099999999999909,True,LONG,2015-02-03 20:50:00,1261.47,True,True,True,1.3622,0.0,1.3622,1265.64,2015-02-04 01:58:00,0.0459,1260.43,2015-02-03 21:02:00,True,2015-02-03 21:57:00,0.0459,0.0081,True,1260.43,2015-02-03 21:02:00,0.0459
GC,2015-02-04,Wednesday,ODR,1265.52,1263.3,2.2200000000000273,1265.77,1263.21,2.5599999999999454,True,SHORT,2015-02-04 04:35:00,1263.06,False,True,False,2.6622,0.1757,0.1577,1262.95,2015-02-04 04:43:00,3.6622,1271.43,2015-02-04 05:30:00,False,,0.2568,,True,1263.87,2015-02-04 04:42:00,0.2568
GC,2015-02-04,Wednesday,RDR,1270.86,1266.15,4.709999999999809,1272.33,1265.55,6.779999999999973,True,SHORT,2015-02-04 10:30:00,1262.08,True,True,True,0.0,1.4204,1.4204,1259.46,2015-02-04 10:36:00,0.259,1267.37,2015-02-04 15:53:00,True,2015-02-04 10:35:00,0.0,0.259,True,1266.51,2015-02-04 11:15:00,0.0764
GC,2015-02-05,Thursday,ADR,1273.48,1271.26,2.2200000000000273,1273.67,1270.9,2.769999999999982,True,SHORT,2015-02-05 01:50:00,1270.23,True,False,,0.0135,0.7387,0.7387,1269.62,2015-02-05 01:57:00,0.0,1270.63,2015-02-05 01:55:00,True,2015-02-05 01:56:00,0.0,0.0,False,,,
GC,2015-02-05,Thursday,ODR,1268.66,1266.45,2.2100000000000364,1268.79,1265.34,3.4500000000000455,True,SHORT,2015-02-05 04:00:00,1265.01,True,True,True,0.0,3.4751,3.4751,1258.77,2015-02-05 06:00:00,0.6063,1267.79,2015-02-05 05:02:00,True,2015-02-05 04:05:00,0.6063,0.6063,True,1266.71,2015-02-05 04:25:00,0.1176
GC,2015-02-05,Thursday,RDR,1261.8,1258.33,3.4700000000000273,1263.13,1257.65,5.480000000000018,True,LONG,2015-02-05 13:40:00,1263.69,True,False,,1.83,0.5677,1.83,1268.15,2015-02-05 15:59:00,0.0,1263.43,2015-02-05 14:26:00,True,2015-02-05 13:45:00,0.0,0.0,False,,,
GC,2015-02-06,Friday,ADR,1265.0,1262.62,2.380000000000109,1265.32,1262.25,3.0699999999999363,True,LONG,2015-02-05 20:55:00,1265.73,True,False,,1.5504,0.0,1.5504,1268.69,2015-02-06 00:57:00,0.0,1265.29,2015-02-05 21:11:00,True,2015-02-05 21:34:00,0.0,0.0,False,,,
GC,2015-02-06,Friday,ODR,1268.04,1265.12,2.9200000000000728,1268.08,1265.02,3.0599999999999454,True,SHORT,2015-02-06 05:25:00,1264.28,True,True,True,0.0,2.1438,2.1438,1258.86,2015-02-06 08:21:00,0.5137,1266.62,2015-02-06 08:00:00,True,2015-02-06 07:19:00,0.5137,0.5137,True,1265.25,2015-02-06 06:22:00,0.0445
GC,2015-02-06,Friday,RDR,1243.6,1236.23,7.369999999999891,1244.31,1233.74,10.569999999999936,True,SHORT,2015-02-06 11:00:00,1230.35,True,True,True,0.0,1.0801,1.0801,1228.27,2015-02-06 11:06:00,0.1818,1237.57,2015-02-06 15:42:00,True,2015-02-06 11:05:00,0.0,0.1818,True,1236.28,2015-02-06 13:38:00,0.0068
GC,2015-02-09,Monday,ADR,1238.59,1235.81,2.7799999999999727,1238.67,1235.79,2.880000000000109,True,LONG,2015-02-08 20:45:00,1238.88,True,True,True,0.4748,0.0,0.4748,1239.91,2015-02-09 01:42:00,0.9029,1236.08,2015-02-08 22:19:00,False,,0.9029,,True,1238.11,2015-02-08 21:03:00,0.1727
GC,2015-02-09,Monday,ODR,1241.81,1239.21,2.599999999999909,1242.59,1238.92,3.6699999999998454,True,LONG,2015-02-09 05:20:00,1242.77,False,True,False,0.6538,0.6577,0.6538,1243.51,2015-02-09 05:28:00,1.6577,1237.5,2015-02-09 07:43:00,True,2015-02-09 05:25:00,0.0,1.6577,True,1241.77,2015-02-09 05:42:00,0.0154
GC,2015-02-09,Monday,RDR,1241.73,1237.2,4.529999999999973,1241.88,1236.97,4.910000000000082,True,LONG,2015-02-09 10:30:00,1242.24,True,True,False,0.2914,0.0,0.117,1242.26,2015-02-09 15:20:00,0.7947,1238.13,2015-02-09 12:14:00,False,,0.7947,,True,1241.61,2015-02-09 10:36:00,0.0265
GC,2015-02-10,Tuesday,ADR,1241.18,1239.17,2.009999999999991,1241.62,1239.12,2.5,True,LONG,2015-02-09 21:10:00,1241.7,True,False,,2.3035,0.0,2.3035,1245.81,2015-02-10 01:05:00,0.0,1241.46,2015-02-09 21:18:00,True,2015-02-09 21:15:00,0.0,0.0,False,,,
GC,2015-02-10,Tuesday,ODR,1243.66,1240.6,3.060000000000173,1243.93,1240.11,3.8200000000001637,True,SHORT,2015-02-10 04:50:00,1239.6,True,False,,0.0,2.3235,2.3235,1233.49,2015-02-10 07:33:00,0.0,1239.93,2015-02-10 08:00:00,True,2015-02-10 04:56:00,0.0,0.0,False,,,
GC,2015-02-10,Tuesday,RDR,1235.27,1232.95,2.3199999999999363,1235.53,1232.24,3.2899999999999636,True,LONG,2015-02-10 10:30:00,1236.81,False,True,False,1.944,0.8664,1.944,1239.78,2015-02-10 10:46:00,1.8664,1230.94,2015-02-10 13:36:00,True,2015-02-10 10:35:00,0.0,1.8664,True,1235.24,2015-02-10 11:36:00,0.0129
GC,2015-02-11,Wednesday,ADR,1236.49,1234.64,1.849999999999909,1236.82,1234.55,2.269999999999982,True,LONG,2015-02-10 20:30:00,1236.83,True,True,True,1.1568,0.0,1.1568,1238.63,2015-02-11 01:00:00,0.2595,1236.01,2015-02-10 23:03:00,True,2015-02-10 20:37:00,0.2595,0.2595,True,1236.48,2015-02-10 22:59:00,0.0054
GC,2015-02-11,Wednesday,ODR,1237.97,1235.72,2.25,1238.01,1235.39,2.619999999999891,True,SHORT,2015-02-11 05:35:00,1234.08,True,True,True,0.0533,1.2178,1.2178,1232.98,2015-02-11 06:18:00,1.0533,1238.09,2015-02-11 07:17:00,True,2015-02-11 05:40:00,0.0,1.0533,True,1236.01,2015-02-11 07:14:00,0.1289
GC,2015-02-11,Wednesday,RDR,1234.21,1223.03,11.180000000000064,1234.65,1221.63,13.019999999999982,True,SHORT,2015-02-11 10:30:00,1221.56,True,True,True,0.0,0.4088,0.4088,1218.46,2015-02-11 13:41:00,0.1968,1225.23,2015-02-11 11:29:00,False,,0.1968,,True,1223.41,2015-02-11 10:38:00,0.034
GC,2015-02-12,Thursday,ADR,1223.21,1220.64,2.5699999999999363,1223.36,1220.59,2.769999999999982,True,LONG,2015-02-11 20:35:00,1223.37,False,True,False,0.2646,0.6109,0.2646,1223.89,2015-02-11 20:48:00,1.6109,1219.07,2015-02-11 22:38:00,False,,0.0739,,True,1223.15,2015-02-11 20:40:00,0.0233
GC,2015-02-12,Thursday,ODR,1229.2,1221.76,7.440000000000055,1232.87,1221.68,11.189999999999827,False,,,,,,,0.0,0.0403,,,,,,,False,,,,False,,,
GC,2015-02-12,Thursday,RDR,1226.86,1220.87,5.990000000000009,1226.95,1219.99,6.960000000000036,True,SHORT,2015-02-12 12:55:00,1219.91,True,True,False,0.0,0.2237,0.2237,1219.53,2015-02-12 13:00:00,0.4357,1223.48,2015-02-12 15:06:00,False,,0.0,,True,1220.98,2015-02-12 13:04:00,0.0184
GC,2015-02-13,Friday,ADR,1224.79,1223.4,1.3899999999998727,1224.86,1222.77,2.089999999999918,True,LONG,2015-02-12 20:30:00,1225.59,True,True,True,4.5827,0.0,4.5827,1231.16,2015-02-13 01:54:00,0.0216,1224.76,2015-02-12 21:27:00,True,2015-02-12 20:35:00,0.0216,0.0216,True,1224.78,2015-02-12 21:26:00,0.0072
GC,2015-02-13,Friday,ODR,1229.0,1226.13,2.869999999999891,1229.26,1226.13,3.1299999999998818,True,SHORT,2015-02-13 05:30:00,1225.73,True,True,False,0.0,1.0314,1.0314,1223.17,2015-02-13 06:48:00,0.8537,1228.58,2015-02-13 08:16:00,True,2015-02-13 05:55:00,0.0,0.8537,True,1226.31,2015-02-13 08:01:00,0.0627
GC,2015-02-13,Friday,RDR,1234.08,1229.33,4.75,1234.77,1228.78,5.990000000000009,True,SHORT,2015-02-13 12:05:00,1228.74,True,True,True,0.0,0.5474,0.5474,1226.73,2015-02-13 13:37:00,0.4105,1231.28,2015-02-13 12:26:00,True,2015-02-13 13:29:00,0.4105,0.08,True,1229.33,2015-02-13 12:11:00,0.0
GC,2015-02-16,Monday,ADR,1231.43,1229.62,1.8100000000001728,1231.52,1229.13,2.3899999999998727,True,LONG,2015-02-15 21:00:00,1231.71,True,True,True,1.5249,0.2597,1.5249,1234.19,2015-02-16 01:46:00,0.1492,1231.16,2015-02-15 21:15:00,True,2015-02-15 21:47:00,0.1492,0.0,True,1231.16,2015-02-15 21:15:00,0.1492
GC,2015-02-16,Monday,ODR,1235.0,1233.28,1.7200000000000273,1235.32,1233.13,2.189999999999827,True,SHORT,2015-02-16 07:20:00,1232.88,True,True,True,0.1279,1.0407,1.0407,1231.49,2015-02-16 07:52:00,0.2965,1233.79,2015-02-16 08:24:00,True,2015-02-16 07:35:00,0.2267,0.2965,True,1233.67,2015-02-16 07:30:00,0.2267
GC,2015-02-16,Monday,RDR,1232.73,1230.39,2.339999999999918,1232.73,1229.81,2.9200000000000728,False,,,,,,,0.5427,0.0769,,,,,,,False,,,,False,,,
GC,2015-02-17,Tuesday,ADR,1233.89,1231.91,1.9800000000000182,1233.9,1231.28,2.6200000000001182,True,SHORT,2015-02-16 21:30:00,1231.21,True,False,,0.0,3.7576,3.7576,1224.47,2015-02-17 01:57:00,0.0,1231.4,2015-02-16 21:38:00,True,2015-02-16 21:37:00,0.0,0.0,False,,,
GC,2015-02-17,Tuesday,ODR,1224.29,1221.09,3.2000000000000455,1224.58,1220.78,3.7999999999999545,True,SHORT,2015-02-17 07:40:00,1219.68,True,True,False,0.0844,0.7219,0.675,1218.93,2015-02-17 08:00:00,1.0313,1224.39,2015-02-17 08:22:00,True,2015-02-17 07:59:00,0.0,1.0313,True,1221.38,2015-02-17 08:08:00,0.0906
GC,2015-02-17,Tuesday,RDR,1213.5,1205.03,8.470000000000027,1213.68,1204.4,9.279999999999973,True,SHORT,2015-02-17 12:05:00,1203.97,True,True,False,0.0,0.1547,0.1464,1203.79,2015-02-17 12:15:00,0.5183,1209.42,2015-02-17 15:34:00,False,,0.0094,,True,1205.11,2015-02-17 12:11:00,0.0094
GC,2015-02-18,Wednesday,ADR,1208.7,1207.68,1.0199999999999818,1208.83,1207.68,1.1499999999998636,True,SHORT,2015-02-17 21:55:00,1207.65,False,True,False,2.1176,1.3431,1.3431,1206.31,2015-02-17 22:21:00,3.1176,1210.86,2015-02-18 01:08:00,True,2015-02-17 22:10:00,0.0784,3.1176,True,1207.74,2015-02-17 22:00:00,0.0588
GC,2015-02-18,Wednesday,ODR,1210.73,1208.77,1.9600000000000364,1210.79,1208.31,2.480000000000018,True,SHORT,2015-02-18 04:50:00,1208.03,True,True,True,0.0,3.1633,3.1633,1202.57,2015-02-18 05:56:00,0.0561,1208.88,2015-02-18 05:02:00,True,2015-02-18 04:56:00,0.0561,0.0561,True,1208.88,2015-02-18 05:02:00,0.0561
GC,2015-02-18,Wednesday,RDR,1209.63,1205.98,3.650000000000091,1211.38,1205.16,6.220000000000027,True,SHORT,2015-02-18 11:00:00,1203.4,False,True,False,1.0219,2.3041,2.3041,1197.57,2015-02-18 11:29:00,2.0219,1213.36,2015-02-18 14:09:00,True,2015-02-18 11:05:00,0.0,2.0219,True,1208.07,2015-02-18 14:03:00,0.5726
GC,2015-02-19,Thursday,ADR,1215.77,1212.96,2.8099999999999454,1215.92,1212.96,2.9600000000000364,True,LONG,2015-02-18 21:05:00,1217.3,True,True,False,0.6584,0.0,0.5943,1217.44,2015-02-18 21:11:00,0.395,1214.66,2015-02-19 01:59:00,True,2015-02-18 21:10:00,0.0,0.395,True,1215.53,2015-02-18 22:39:00,0.0854
GC,2015-02-19,Thursday,ODR,1217.48,1213.82,3.660000000000082,1217.8,1213.63,4.169999999999845,True,LONG,2015-02-19 04:30:00,1219.58,True,True,False,1.4754,0.0,1.4754,1222.88,2015-02-19 07:26:00,0.4918,1215.68,2015-02-19 08:26:00,True,2015-02-19 04:35:00,0.2869,0.4918,True,1217.09,2015-02-19 06:07:00,0.1066
GC,2015-02-19,Thursday,RDR,1212.5,1209.7,2.7999999999999545,1213.43,1208.68,4.75,True,SHORT,2015-02-19 10:55:00,1208.65,True,True,True,0.3429,1.5393,1.5393,1205.39,2015-02-19 15:47:00,1.3429,1213.46,2015-02-19 11:40:00,True,2015-02-19 11:00:00,1.3429,1.3429,True,1210.18,2015-02-19 11:31:00,0.1714
GC,2015-02-20,Friday,ADR,1209.53,1208.57,0.9600000000000364,1209.67,1208.32,1.3500000000001364,True,SHORT,2015-02-19 21:30:00,1207.84,True,True,True,0.1354,2.8125,2.8125,1205.87,2015-02-19 22:40:00,0.5729,1209.12,2015-02-20 01:36:00,True,2015-02-19 21:35:00,0.0,0.5729,True,1208.93,2015-02-20 01:14:00,0.375
GC,2015-02-20,Friday,ODR,1208.3,1206.18,2.119999999999891,1208.73,1206.18,2.5499999999999545,True,SHORT,2015-02-20 04:05:00,1203.38,False,True,False,3.1085,2.2028,2.2028,1201.51,2015-02-20 04:29:00,4.1085,1214.89,2015-02-20 07:53:00,True,2015-02-20 04:10:00,0.0,4.1085,True,1206.88,2015-02-20 07:13:00,0.3302
GC,2015-02-20,Friday,RDR,1211.7,1206.35,5.350000000000136,1212.6,1205.76,6.839999999999918,True,SHORT,2015-02-20 11:00:00,1205.73,True,True,True,0.0,1.5065,1.5065,1198.29,2015-02-20 14:37:00,0.4579,1208.8,2015-02-20 12:31:00,True,2015-02-20 13:33:00,0.4579,0.0,True,1206.36,2015-02-20 11:08:00,0.0019
GC,2015-02-23,Monday,ADR,1203.25,1201.22,2.0299999999999727,1203.37,1200.95,2.4199999999998454,True,LONG,2015-02-22 22:40:00,1203.45,True,True,False,0.7438,0.0,0.7438,1204.76,2015-02-23 00:15:00,0.2857,1202.67,2015-02-22 22:52:00,True,2015-02-22 23:50:00,0.2857,0.2217,True,1203.23,2015-02-22 22:48:00,0.0099
GC,2015-02-23,Monday,ODR,1201.79,1192.98,8.809999999999945,1201.83,1190.28,11.549999999999955,False,,,,,,,0.0908,0.1998,,,,,,,False,,,,False,,,
GC,2015-02-23,Monday,RDR,1208.83,1198.94,9.889999999999873,1208.97,1198.78,10.190000000000055,True,LONG,2015-02-23 10:30:00,1209.32,False,True,False,0.1456,0.0475,0.0738,1209.56,2015-02-23 10:35:00,1.0475,1198.47,2015-02-23 12:55:00,False,,0.0829,,True,1208.01,2015-02-23 10:35:00,0.0829
GC,2015-02-24,Tuesday,ADR,1204.3,1203.03,1.2699999999999818,1204.47,1202.95,1.5199999999999818,True,SHORT,2015-02-23 20:45:00,1202.92,True,True,True,0.0,3.8031,3.8031,1198.2,2015-02-24 01:45:00,0.685,1203.9,2015-02-23 21:08:00,True,2015-02-23 21:36:00,0.685,0.3307,True,1203.13,2015-02-23 20:50:00,0.0787
GC,2015-02-24,Tuesday,ODR,1199.54,1197.88,1.6599999999998545,1199.68,1197.23,2.4500000000000455,True,SHORT,2015-02-24 04:05:00,1196.9,False,True,False,1.2771,2.0482,2.0482,1194.48,2015-02-24 04:33:00,2.2771,1201.66,2015-02-24 07:46:00,True,2015-02-24 04:10:00,0.0,2.2771,True,1198.58,2015-02-24 05:56:00,0.4217
GC,2015-02-24,Tuesday,RDR,1200.57,1193.29,7.279999999999973,1202.41,1190.23,12.180000000000064,False,,,,,,,0.3118,0.206,,,,,,,False,,,,False,,,
GC,2015-02-25,Wednesday,ADR,1209.04,1206.2,2.839999999999918,1209.31,1206.15,3.1599999999998545,True,LONG,2015-02-24 20:45:00,1209.36,True,True,True,0.9718,0.0,0.9718,1211.8,2015-02-25 01:50:00,0.507,1207.6,2015-02-24 23:58:00,True,2015-02-25 01:04:00,0.507,0.0,True,1209.04,2015-02-24 21:27:00,0.0
GC,2015-02-25,Wednesday,ODR,1209.47,1208.17,1.2999999999999545,1209.73,1208.01,1.7200000000000273,True,SHORT,2015-02-25 04:40:00,1207.82,False,True,False,1.2231,1.3462,1.3462,1206.42,2015-02-25 05:32:00,2.2231,1211.06,2015-02-25 08:14:00,True,2015-02-25 05:09:00,0.1462,2.2231,True,1208.35,2015-02-25 04:49:00,0.1385
GC,2015-02-25,Wednesday,RDR,1206.51,1204.72,1.7899999999999636,1206.88,1204.19,2.6900000000000546,True,SHORT,2015-02-25 10:45:00,1203.39,True,True,True,0.067,2.0615,2.0615,1201.03,2015-02-25 13:21:00,0.5475,1205.7,2015-02-25 11:52:00,True,2015-02-25 10:50:00,0.5475,0.5475,True,1204.79,2015-02-25 11:01:00,0.0391
GC,2015-02-26,Thursday,ADR,1205.76,1204.03,1.7300000000000182,1205.91,1203.58,2.3300000000001546,True,LONG,2015-02-25 20:40:00,1206.09,True,False,,4.2197,0.0,4.2197,1213.06,2015-02-26 01:21:00,0.0,1206.07,2015-02-25 20:45:00,True,2015-02-25 20:48:00,0.0,0.0,False,,,
GC,2015-02-26,Thursday,ODR,1215.76,1211.71,4.0499999999999545,1215.96,1211.66,4.2999999999999545,True,LONG,2015-02-26 04:45:00,1216.7,True,True,True,1.0173,0.0,1.0173,1219.88,2015-02-26 05:40:00,0.0938,1215.38,2015-02-26 08:02:00,True,2015-02-26 04:54:00,0.0,0.0938,True,1215.5,2015-02-26 08:00:00,0.0642
GC,2015-02-26,Thursday,RDR,1213.52,1207.99,5.529999999999973,1213.6,1206.62,6.980000000000018,False,,,,,,,0.0,0.264,,,,,,,False,,,,False,,,
GC,2015-02-27,Friday,ADR,1211.5,1209.39,2.1099999999999,1211.5,1208.99,2.509999999999991,True,SHORT,2015-02-26 23:40:00,1208.72,False,True,False,0.3412,0.4692,0.4692,1208.4,2015-02-27 00:10:00,1.3412,1212.22,2015-02-27 01:38:00,False,,0.0,,True,1209.45,2015-02-27 00:34:00,0.0284
GC,2015-02-27,Friday,ODR,1209.38,1205.0,4.380000000000109,1209.38,1204.56,4.820000000000164,True,LONG,2015-02-27 07:20:00,1209.53,True,True,True,0.3082,0.1301,0.3082,1210.73,2015-02-27 08:02:00,0.3836,1207.7,2015-02-27 07:51:00,False,,0.3836,,True,1208.88,2015-02-27 07:25:00,0.1142
GC,2015-02-27,Friday,RDR,1215.97,1212.88,3.089999999999918,1216.0,1212.79,3.2100000000000364,True,LONG,2015-02-27 10:40:00,1216.03,False,True,False,1.0647,0.7023,1.0647,1219.26,2015-02-27 10:54:00,1.7023,1210.71,2015-02-27 15:59:00,True,2015-02-27 10:50:00,0.0906,1.7023,True,1215.8,2015-02-27 10:45:00,0.055
GC,2015-03-02,Monday,ADR,1219.08,1215.25,3.8299999999999272,1219.71,1214.99,4.720000000000027,True,LONG,2015-03-01 20:40:00,1219.96,True,True,True,1.0679,0.0,1.0679,1223.17,2015-03-02 01:28:00,0.154,1218.49,2015-03-01 20:49:00,True,2015-03-01 21:18:00,0.154,0.0,True,1218.91,2015-03-01 20:48:00,0.0444
GC,2015-03-02,Monday,ODR,1219.17,1217.89,1.2799999999999727,1219.3,1217.51,1.7899999999999636,True,SHORT,2015-03-02 04:10:00,1216.74,False,True,True,0.4844,3.9219,3.9219,1212.87,2015-03-02 07:03:00,1.4844,1219.79,2015-03-02 08:05:00,True,2015-03-02 04:15:00,0.0,1.4844,True,1218.76,2015-03-02 08:01:00,0.6797
GC,2015-03-02,Monday,RDR,1213.96,1211.42,2.5399999999999636,1215.19,1210.12,5.070000000000164,True,SHORT,2015-03-02 10:40:00,1210.06,True,False,,0.0,2.685,2.685,1204.6,2015-03-02 15:54:00,0.0,1210.35,2015-03-02 10:46:00,True,2015-03-02 10:45:00,0.0,0.0,False,,,
GC,2015-03-03,Tuesday,ADR,1209.43,1205.71,3.7200000000000273,1209.95,1205.66,4.289999999999964,True,SHORT,2015-03-02 20:30:00,1204.75,False,True,False,0.5242,2.7903,2.7903,1195.33,2015-03-02 21:12:00,1.5242,1211.38,2015-03-03 01:07:00,True,2015-03-02 21:01:00,0.0,1.5242,True,1206.01,2015-03-02 22:07:00,0.0806
GC,2015-03-03,Tuesday,ODR,1209.46,1207.54,1.9200000000000728,1209.88,1207.31,2.5700000000001637,True,LONG,2015-03-03 04:30:00,1210.04,False,True,False,0.9271,0.4167,0.9271,1211.24,2015-03-03 08:00:00,1.4167,1206.74,2015-03-03 08:04:00,True,2015-03-03 07:22:00,1.0208,1.4167,True,1209.46,2015-03-03 04:47:00,0.0
GC,2015-03-03,Tuesday,RDR,1213.95,1208.89,5.059999999999945,1214.7,1208.87,5.830000000000155,True,SHORT,2015-03-03 10:40:00,1208.81,True,True,True,0.0,1.4427,1.4427,1201.59,2015-03-03 10:50:00,0.0415,1209.1,2015-03-03 10:47:00,True,2015-03-03 10:48:00,0.0415,0.0,True,1209.01,2015-03-03 10:45:00,0.0237
GC,2015-03-04,Wednesday,ADR,1205.91,1204.39,1.5199999999999818,1206.37,1204.14,2.229999999999791,True,LONG,2015-03-03 20:45:00,1206.38,True,True,True,1.9671,0.0,1.9671,1208.9,2015-03-04 00:49:00,0.2961,1205.46,2015-03-03 23:31:00,True,2015-03-03 20:51:00,0.2961,0.2961,True,1205.9,2015-03-03 23:19:00,0.0066
GC,2015-03-04,Wednesday,ODR,1205.36,1203.89,1.4699999999998,1205.44,1203.35,2.0900000000001455,True,SHORT,2015-03-04 04:50:00,1203.08,False,True,False,1.2857,1.4286,1.4286,1201.79,2015-03-04 05:01:00,2.2857,1207.25,2015-03-04 08:23:00,True,2015-03-04 04:55:00,0.0,2.2857,True,1204.09,2015-03-04 05:32:00,0.1361
GC,2015-03-04,Wednesday,RDR,1205.45,1199.2,6.25,1206.07,1198.22,7.849999999999909,False,,,,,,,0.0,0.0736,,,,,,,False,,,,False,,,
GC,2015-03-05,Thursday,ADR,1203.47,1201.18,2.2899999999999636,1203.61,1201.09,2.519999999999982,True,LONG,2015-03-04 20:35:00,1204.08,True,True,False,1.0437,0.0,1.0437,1205.86,2015-03-05 00:00:00,0.4847,1202.36,2015-03-05 01:54:00,True,2015-03-04 21:21:00,0.083,0.4847,True,1203.34,2015-03-04 21:01:00,0.0568
GC,2015-03-05,Thursday,ODR,1202.1,1200.71,1.3899999999998727,1202.16,1200.43,1.7300000000000182,True,SHORT,2015-03-05 04:40:00,1200.09,False,True,False,1.4173,2.0647,2.0647,1197.84,2015-03-05 05:22:00,2.4173,1204.07,2015-03-05 08:20:00,True,2015-03-05 04:45:00,0.0,2.4173,True,1200.74,2015-03-05 05:36:00,0.0216
GC,2015-03-05,Thursday,RDR,1206.09,1201.39,4.699999999999818,1206.09,1201.19,4.899999999999864,True,LONG,2015-03-05 10:30:00,1207.06,False,True,False,0.7,1.0553,0.7,1209.38,2015-03-05 10:40:00,2.0553,1196.43,2015-03-05 13:08:00,True,2015-03-05 10:36:00,0.0,2.0553,True,1206.08,2015-03-05 10:47:00,0.0021
GC,2015-03-06,Friday,ADR,1199.75,1197.74,2.009999999999991,1199.8,1197.14,2.6599999999998545,True,LONG,2015-03-05 22:35:00,1200.01,False,True,False,0.4428,0.0846,0.4428,1200.64,2015-03-05 22:50:00,1.0846,1197.57,2015-03-06 01:34:00,False,,0.0,,True,1199.72,2015-03-05 22:56:00,0.0149
GC,2015-03-06,Friday,ODR,1197.43,1196.14,1.2899999999999636,1197.73,1195.47,2.259999999999991,True,SHORT,2015-03-06 04:00:00,1194.45,True,True,True,0.6047,2.5736,2.5736,1192.82,2015-03-06 04:52:00,1.6047,1198.21,2015-03-06 07:16:00,True,2015-03-06 04:05:00,0.0,1.6047,True,1196.23,2015-03-06 05:32:00,0.0698
GC,2015-03-06,Friday,RDR,1179.02,1174.69,4.329999999999927,1179.96,1173.28,6.680000000000064,True,SHORT,2015-03-06 11:35:00,1173.11,True,False,,0.0,2.5358,2.5358,1163.71,2015-03-06 13:38:00,0.0,1173.64,2015-03-06 11:46:00,True,2015-03-06 11:49:00,0.0,0.0,False,,,
GC,2015-03-09,Monday,ADR,1170.98,1169.05,1.9300000000000637,1171.01,1168.84,2.1700000000000728,True,LONG,2015-03-08 20:35:00,1171.31,False,True,True,0.7047,0.8497,0.7047,1172.34,2015-03-09 01:58:00,1.8497,1167.41,2015-03-08 21:09:00,True,2015-03-09 01:58:00,1.8497,0.0,True,1170.78,2015-03-08 20:54:00,0.1036
GC,2015-03-09,Monday,ODR,1173.12,1172.37,0.75,1173.63,1171.99,1.6400000000001,True,LONG,2015-03-09 04:05:00,1173.68,True,True,True,2.9067,0.0,2.9067,1175.3,2015-03-09 06:57:00,0.52,1172.73,2015-03-09 06:30:00,True,2015-03-09 04:10:00,0.52,0.52,True,1173.08,2015-03-09 04:28:00,0.0533
GC,2015-03-09,Monday,RDR,1172.59,1169.95,2.6399999999998727,1173.35,1169.74,3.6099999999999,True,SHORT,2015-03-09 10:50:00,1169.2,True,False,,0.0,1.3485,1.3485,1166.39,2015-03-09 15:56:00,0.0,1169.72,2015-03-09 11:00:00,True,2015-03-09 11:04:00,0.0,0.0,False,,,
GC,2015-03-10,Tuesday,ADR,1167.29,1166.21,1.0799999999999272,1167.45,1166.16,1.2899999999999636,True,LONG,2015-03-09 21:05:00,1167.7,False,True,False,1.7315,6.0093,1.7315,1169.16,2015-03-09 21:26:00,7.0093,1159.72,2015-03-09 23:47:00,True,2015-03-09 21:20:00,0.0648,7.0093,True,1167.22,2015-03-09 21:15:00,0.0648
GC,2015-03-10,Tuesday,ODR,1161.84,1158.28,3.5599999999999454,1161.98,1157.98,4.0,True,SHORT,2015-03-10 04:25:00,1157.29,False,True,False,2.1348,0.8624,0.8624,1155.21,2015-03-10 04:47:00,3.1348,1169.44,2015-03-10 08:27:00,True,2015-03-10 04:47:00,0.0,3.1348,True,1158.28,2015-03-10 04:33:00,0.0
GC,2015-03-10,Tuesday,RDR,1169.94,1164.69,5.25,1170.43,1164.38,6.0499999999999545,True,SHORT,2015-03-10 10:55:00,1164.16,True,True,True,0.0,1.1219,1.1219,1158.8,2015-03-10 12:59:00,0.1295,1165.37,2015-03-10 11:44:00,True,2015-03-10 11:10:00,0.1295,0.1295,True,1164.7,2015-03-10 11:41:00,0.0019
GC,2015-03-11,Wednesday,ADR,1164.24,1163.13,1.1099999999999,1164.38,1162.98,1.400000000000091,True,LONG,2015-03-10 21:05:00,1164.67,False,True,False,0.8018,1.6577,0.8018,1165.13,2015-03-10 22:31:00,2.6577,1161.29,2015-03-11 00:34:00,True,2015-03-10 21:41:00,0.5045,2.6577,True,1164.24,2015-03-10 21:11:00,0.0
GC,2015-03-11,Wednesday,ODR,1164.39,1162.76,1.6300000000001091,1164.64,1162.33,2.310000000000173,True,SHORT,2015-03-11 04:05:00,1162.25,True,True,True,0.0,3.7301,3.7301,1156.68,2015-03-11 06:47:00,0.2331,1163.14,2015-03-11 05:18:00,True,2015-03-11 04:16:00,0.2331,0.2331,True,1162.95,2015-03-11 04:26:00,0.1166
GC,2015-03-11,Wednesday,RDR,1158.66,1151.55,7.110000000000127,1158.97,1150.6,8.370000000000118,True,SHORT,2015-03-11 11:10:00,1149.53,True,True,False,0.0,0.5696,0.4501,1148.35,2015-03-11 12:46:00,0.3966,1154.37,2015-03-11 15:56:00,False,,0.3418,,True,1151.66,2015-03-11 11:29:00,0.0155
GC,2015-03-12,Thursday,ADR,1155.51,1154.48,1.0299999999999727,1155.84,1154.22,1.6199999999998909,True,SHORT,2015-03-11 20:45:00,1154.19,False,True,False,3.1845,4.233,4.233,1150.12,2015-03-11 21:58:00,4.1845,1158.79,2015-03-12 01:59:00,True,2015-03-11 21:00:00,0.0,4.1845,True,1154.54,2015-03-12 01:15:00,0.0583
GC,2015-03-12,Thursday,ODR,1165.42,1162.43,2.990000000000009,1166.2,1161.84,4.360000000000127,True,SHORT,2015-03-12 04:00:00,1161.23,True,False,,0.0,2.1371,2.1371,1156.04,2015-03-12 08:29:00,0.0,1161.68,2015-03-12 04:06:00,True,2015-03-12 04:07:00,0.0,0.0,False,,,
GC,2015-03-12,Thursday,RDR,1157.73,1153.38,4.349999999999909,1158.17,1152.77,5.400000000000091,True,SHORT,2015-03-12 11:40:00,1152.59,True,True,True,0.0,1.0966,1.0966,1148.61,2015-03-12 12:43:00,0.3586,1154.94,2015-03-12 14:06:00,True,2015-03-12 11:53:00,0.0,0.3586,True,1153.65,2015-03-12 13:33:00,0.0621
GC,2015-03-13,Friday,ADR,1155.17,1153.96,1.2100000000000364,1155.17,1153.81,1.3600000000001273,True,LONG,2015-03-12 20:30:00,1157.24,True,False,,5.3967,0.0,5.3967,1161.7,2015-03-12 22:45:00,0.0,1156.63,2015-03-12 21:04:00,True,2015-03-12 20:35:00,0.0,0.0,False,,,
GC,2015-03-13,Friday,ODR,1160.08,1158.57,1.509999999999991,1160.21,1158.44,1.7699999999999818,True,SHORT,2015-03-13 05:05:00,1157.52,True,False,,0.106,3.0199,3.0199,1154.01,2015-03-13 07:56:00,0.0,1157.79,2015-03-13 08:24:00,True,2015-03-13 05:10:00,0.0,0.0,False,,,
GC,2015-03-13,Friday,RDR,1158.94,1153.27,5.670000000000073,1159.24,1152.57,6.670000000000073,True,SHORT,2015-03-13 11:00:00,1152.27,True,True,False,0.0,0.3386,0.3386,1151.35,2015-03-13 11:09:00,0.545,1156.36,2015-03-13 13:52:00,False,,0.0,,True,1153.52,2015-03-13 11:38:00,0.0441
GC,2015-03-16,Monday,ADR,1156.86,1155.43,1.4299999999998363,1157.13,1155.22,1.9100000000000819,True,SHORT,2015-03-15 20:35:00,1155.16,False,True,False,4.3007,1.3287,1.3287,1153.53,2015-03-15 21:08:00,5.3007,1163.01,2015-03-16 01:47:00,True,2015-03-15 21:00:00,0.1888,5.3007,True,1155.44,2015-03-15 20:40:00,0.007
GC,2015-03-16,Monday,ODR,1163.37,1161.22,2.1499999999998636,1163.39,1161.01,2.380000000000109,True,SHORT,2015-03-16 04:20:00,1160.96,True,False,,0.0,2.7581,2.7581,1155.29,2015-03-16 07:44:00,0.0,1161.21,2015-03-16 04:27:00,True,2015-03-16 04:29:00,0.0,0.0,False,,,
GC,2015-03-16,Monday,RDR,1157.97,1153.32,4.650000000000091,1158.47,1152.71,5.759999999999991,True,SHORT,2015-03-16 10:45:00,1152.61,True,True,False,0.0,0.643,0.643,1150.33,2015-03-16 11:01:00,0.3914,1155.14,2015-03-16 15:59:00,True,2015-03-16 10:55:00,0.0,0.3914,True,1153.54,2015-03-16 11:41:00,0.0473
GC,2015-03-17,Tuesday,ADR,1156.69,1155.39,1.2999999999999545,1156.84,1155.34,1.5,True,SHORT,2015-03-16 20:30:00,1155.24,True,True,True,0.0,2.6385,2.6385,1151.96,2015-03-16 21:26:00,0.8385,1156.48,2015-03-16 23:04:00,True,2015-03-16 20:51:00,0.0769,0.8385,True,1155.49,2015-03-16 20:41:00,0.0769
GC,2015-03-17,Tuesday,ODR,1156.32,1155.23,1.0899999999999181,1156.76,1154.79,1.9700000000000273,True,SHORT,2015-03-17 04:05:00,1154.67,True,True,True,0.0,3.7982,3.7982,1151.09,2015-03-17 08:29:00,0.5963,1155.88,2015-03-17 06:02:00,True,2015-03-17 04:10:00,0.5963,0.5963,True,1155.27,2015-03-17 05:48:00,0.0367
GC,2015-03-17,Tuesday,RDR,1158.28,1144.08,14.200000000000045,1159.72,1143.69,16.029999999999973,False,,,,,,,0.0,0.0,,,,,,,False,,,,False,,,
GC,2015-03-18,Wednesday,ADR,1150.38,1149.0,1.3800000000001091,1150.46,1148.89,1.5699999999999363,True,LONG,2015-03-17 20:35:00,1151.05,False,True,False,1.8406,0.5942,1.8406,1152.92,2015-03-17 21:54:00,1.5942,1148.18,2015-03-18 01:40:00,True,2015-03-17 20:40:00,0.5435,1.5942,True,1150.21,2015-03-17 20:45:00,0.1232
GC,2015-03-18,Wednesday,ODR,1148.58,1146.3,2.2799999999999727,1148.68,1145.9,2.7799999999999727,True,LONG,2015-03-18 06:25:00,1148.85,True,True,False,1.8553,0.0614,1.8553,1152.81,2015-03-18 07:00:00,0.2632,1147.98,2015-03-18 08:29:00,True,2015-03-18 06:33:00,0.0,0.2632,True,1148.46,2015-03-18 08:03:00,0.0526
GC,2015-03-18,Wednesday,RDR,1149.91,1147.59,2.3200000000001637,1150.53,1147.08,3.4500000000000455,True,LONG,2015-03-18 11:25:00,1150.62,True,True,True,11.1164,0.1853,11.1164,1175.7,2015-03-18 15:13:00,0.2112,1149.42,2015-03-18 11:35:00,True,2015-03-18 11:59:00,0.2112,0.0216,True,1149.52,2015-03-18 11:33:00,0.1681
GC,2015-03-19,Thursday,ADR,1174.74,1167.53,7.210000000000036,1175.57,1167.34,8.230000000000018,False,,,,,,,0.423,0.0,,,,,,,False,,,,False,,,
GC,2015-03-19,Thursday,ODR,1172.91,1166.47,6.440000000000055,1173.38,1166.32,7.060000000000173,True,SHORT,2015-03-19 04:10:00,1165.35,True,True,True,0.0,1.0823,1.0823,1159.5,2015-03-19 08:15:00,0.2112,1167.83,2015-03-19 05:15:00,True,2015-03-19 04:24:00,0.2112,0.2112,True,1166.5,2015-03-19 04:42:00,0.0047
GC,2015-03-19,Thursday,RDR,1167.48,1163.24,4.240000000000009,1168.96,1162.34,6.620000000000118,True,LONG,2015-03-19 11:20:00,1169.85,True,False,,1.2807,0.0,1.2807,1172.91,2015-03-19 12:07:00,0.0,1167.96,2015-03-19 13:10:00,True,2015-03-19 11:25:00,0.0,0.0,False,,,
GC,2015-03-20,Friday,ADR,1172.41,1169.94,2.4700000000000273,1172.71,1169.89,2.8199999999999363,True,LONG,2015-03-19 21:30:00,1172.93,False,True,False,0.5101,0.4939,0.5101,1173.67,2015-03-19 21:38:00,1.4939,1168.72,2015-03-20 01:55:00,True,2015-03-19 21:37:00,0.0,1.4939,True,1172.4,2015-03-19 21:48:00,0.004
GC,2015-03-20,Friday,ODR,1171.82,1169.72,2.099999999999909,1172.07,1169.49,2.5799999999999272,True,LONG,2015-03-20 06:15:00,1173.49,True,True,True,1.5619,0.2048,1.5619,1175.1,2015-03-20 08:18:00,0.0571,1171.7,2015-03-20 06:37:00,True,2015-03-20 06:20:00,0.0571,0.0571,True,1171.77,2015-03-20 06:30:00,0.0238
GC,2015-03-20,Friday,RDR,1181.95,1174.3,7.650000000000091,1184.11,1173.9,10.209999999999809,True,LONG,2015-03-20 12:10:00,1184.47,True,True,True,0.7699,0.0,0.7699,1187.84,2015-03-20 12:45:00,0.0889,1181.27,2015-03-20 15:17:00,True,2015-03-20 12:37:00,0.0,0.0889,True,1181.7,2015-03-20 14:37:00,0.0327
GC,2015-03-23,Monday,ADR,1186.76,1185.63,1.1299999999998818,1187.17,1185.51,1.6600000000000819,True,SHORT,2015-03-22 21:05:00,1185.37,True,False,,0.0,4.1593,4.1593,1180.93,2015-03-22 23:08:00,0.0,1185.36,2015-03-22 21:10:00,True,2015-03-22 21:10:00,0.0,0.0,False,,,
GC,2015-03-23,Monday,ODR,1183.33,1181.99,1.3399999999999181,1183.67,1181.61,2.060000000000173,True,SHORT,2015-03-23 04:20:00,1181.53,False,True,False,1.3806,2.0075,2.0075,1179.3,2015-03-23 04:52:00,2.3806,1185.18,2015-03-23 08:02:00,True,2015-03-23 04:26:00,0.0,2.3806,True,1182.09,2015-03-23 05:02:00,0.0746
GC,2015-03-23,Monday,RDR,1188.49,1183.11,5.380000000000109,1189.14,1182.29,6.850000000000136,True,LONG,2015-03-23 14:50:00,1190.31,True,False,,0.5595,0.0,0.5595,1191.5,2015-03-23 15:35:00,0.0,1189.98,2015-03-23 14:59:00,True,2015-03-23 15:26:00,0.0,0.0,False,,,
GC,2015-03-24,Tuesday,ADR,1190.17,1188.7,1.4700000000000273,1190.25,1188.59,1.6600000000000819,True,SHORT,2015-03-23 20:30:00,1188.56,True,True,True,0.0,2.2993,2.2993,1185.32,2015-03-23 23:54:00,0.4218,1189.32,2015-03-23 20:50:00,True,2015-03-23 21:04:00,0.4218,0.0,True,1188.79,2015-03-23 20:46:00,0.0612
GC,2015-03-24,Tuesday,ODR,1188.66,1187.48,1.1800000000000637,1188.66,1187.3,1.3600000000001273,True,SHORT,2015-03-24 04:10:00,1187.28,False,True,False,5.3051,0.3898,0.322,1187.1,2015-03-24 04:17:00,6.3051,1194.92,2015-03-24 07:00:00,False,,0.1695,,True,1187.57,2015-03-24 04:15:00,0.0763
GC,2015-03-24,Tuesday,RDR,1191.26,1186.65,4.6099999999999,1191.75,1185.91,5.839999999999918,True,LONG,2015-03-24 12:50:00,1191.94,True,False,,0.6941,0.0,0.6941,1194.46,2015-03-24 14:35:00,0.0,1191.45,2015-03-24 13:28:00,True,2015-03-24 13:56:00,0.0,0.0,False,,,
GC,2015-03-25,Wednesday,ADR,1192.58,1191.53,1.0499999999999545,1192.71,1191.31,1.400000000000091,True,SHORT,2015-03-24 21:00:00,1190.04,True,True,True,0.0,4.6952,4.6952,1186.6,2015-03-25 01:36:00,0.4857,1192.04,2015-03-24 23:02:00,True,2015-03-24 21:05:00,0.4857,0.4857,True,1191.66,2015-03-24 23:00:00,0.1238
GC,2015-03-25,Wednesday,ODR,1193.71,1188.75,4.960000000000036,1193.72,1188.31,5.410000000000082,True,LONG,2015-03-25 07:10:00,1194.19,True,False,,0.6109,0.0,0.6109,1196.74,2015-03-25 08:06:00,0.0,1193.82,2015-03-25 07:50:00,True,2015-03-25 08:05:00,0.0,0.0,False,,,
GC,2015-03-25,Wednesday,RDR,1199.11,1196.9,2.209999999999809,1199.61,1196.61,3.0,True,SHORT,2015-03-25 10:40:00,1195.99,True,True,True,0.0,1.0136,0.724,1195.3,2015-03-25 15:32:00,0.6742,1198.39,2015-03-25 11:50:00,True,2015-03-25 10:45:00,0.6742,0.6742,True,1197.23,2015-03-25 11:25:00,0.1493
GC,2015-03-26,Thursday,ADR,1195.34,1194.52,0.8199999999999363,1195.69,1194.42,1.2699999999999818,True,LONG,2015-03-25 20:55:00,1195.73,True,False,,6.0732,0.0,6.0732,1200.32,2015-03-25 23:00:00,0.0,1195.7,2015-03-25 21:00:00,True,2015-03-25 21:00:00,0.0,0.0,False,,,
GC,2015-03-26,Thursday,ODR,1208.0,1202.63,5.369999999999891,1208.16,1202.42,5.740000000000009,True,LONG,2015-03-26 04:00:00,1214.2,True,True,True,2.1527,0.0,2.1527,1219.56,2015-03-26 04:09:00,0.3259,1206.25,2015-03-26 06:57:00,True,2015-03-26 04:05:00,0.0,0.3259,True,1207.25,2015-03-26 06:39:00,0.1397
GC,2015-03-26,Thursday,RDR,1206.82,1203.98,2.839999999999918,1206.97,1203.59,3.380000000000109,True,SHORT,2015-03-26 11:00:00,1203.4,True,True,True,0.0528,0.7113,0.7113,1201.96,2015-03-26 14:02:00,0.8204,1206.31,2015-03-26 12:57:00,True,2015-03-26 13:58:00,0.8204,0.0915,True,1204.0,2015-03-26 11:10:00,0.007
GC,2015-03-27,Friday,ADR,1205.17,1202.95,2.2200000000000273,1205.24,1202.69,2.5499999999999545,True,SHORT,2015-03-26 21:30:00,1202.57,True,True,False,0.0,1.4054,1.4054,1199.83,2015-03-26 22:13:00,0.4144,1203.87,2015-03-27 01:39:00,True,2015-03-26 21:37:00,0.0,0.4144,True,1203.07,2015-03-27 00:55:00,0.0541
GC,2015-03-27,Friday,ODR,1203.88,1198.75,5.130000000000109,1205.28,1197.91,7.369999999999891,True,SHORT,2015-03-27 04:15:00,1197.17,True,True,False,0.0,0.5965,0.5965,1195.69,2015-03-27 05:46:00,0.7154,1202.42,2015-03-27 08:04:00,True,2015-03-27 05:45:00,0.1442,0.7154,True,1198.91,2015-03-27 04:34:00,0.0312
GC,2015-03-27,Friday,RDR,1200.53,1193.51,7.019999999999982,1201.53,1192.53,9.0,False,,,,,,,0.2094,0.0,,,,,,,False,,,,False,,,
GC,2015-03-30,Monday,ADR,1197.96,1196.14,1.8199999999999363,1198.04,1195.78,2.259999999999991,True,LONG,2015-03-29 21:00:00,1198.06,False,True,False,0.1593,2.1484,0.0659,1198.08,2015-03-29 21:05:00,3.1484,1192.23,2015-03-29 22:28:00,False,,0.0,,True,1197.92,2015-03-29 21:06:00,0.022
GC,2015-03-30,Monday,ODR,1191.0,1187.73,3.269999999999982,1191.58,1186.99,4.589999999999918,True,SHORT,2015-03-30 05:50:00,1186.98,True,True,True,0.055,1.5505,1.5505,1182.66,2015-03-30 07:45:00,0.2477,1188.54,2015-03-30 06:39:00,True,2015-03-30 06:52:00,0.2477,0.0,True,1187.75,2015-03-30 06:30:00,0.0061
GC,2015-03-30,Monday,RDR,1187.14,1185.34,1.800000000000182,1187.96,1184.74,3.2200000000000273,True,SHORT,2015-03-30 10:50:00,1184.37,True,True,False,0.3833,1.3444,1.3444,1182.92,2015-03-30 10:56:00,0.7333,1186.66,2015-03-30 14:54:00,True,2015-03-30 10:55:00,0.0,0.7333,True,1185.45,2015-03-30 10:59:00,0.0611
GC,2015-03-31,Tuesday,ADR,1187.2,1185.31,1.8900000000001,1187.4,1185.11,2.290000000000191,True,SHORT,2015-03-30 21:40:00,1184.6,True,True,True,0.1164,2.9524,2.9524,1179.73,2015-03-31 00:27:00,0.3069,1185.89,2015-03-30 22:25:00,True,2015-03-30 21:45:00,0.3069,0.3069,True,1185.4,2015-03-30 22:12:00,0.0476
GC,2015-03-31,Tuesday,ODR,1181.04,1178.8,2.240000000000009,1181.92,1178.56,3.3600000000001273,True,LONG,2015-03-31 06:00:00,1182.13,True,False,,3.0625,0.1607,3.0625,1187.9,2015-03-31 08:25:00,0.0,1181.2,2015-03-31 06:27:00,True,2015-03-31 06:05:00,0.0,0.0,False,,,
GC,2015-03-31,Tuesday,RDR,1189.66,1186.36,3.300000000000182,1189.97,1185.63,4.339999999999918,True,LONG,2015-03-31 10:40:00,1190.07,False,True,False,0.3061,1.4727,0.2667,1190.54,2015-03-31 10:45:00,2.4727,1181.5,2015-03-31 13:51:00,False,,0.0,,True,1189.53,2015-03-31 10:47:00,0.0394
GC,2015-04-01,Wednesday,ADR,1184.92,1182.98,1.9400000000000546,1185.01,1182.98,2.0299999999999727,True,LONG,2015-03-31 20:35:00,1185.22,True,True,True,2.0825,0.0,2.0825,1188.96,2015-03-31 23:00:00,0.1907,1184.55,2015-03-31 20:54:00,True,2015-03-31 20:57:00,0.1907,0.0,True,1184.83,2015-03-31 20:44:00,0.0464
GC,2015-04-01,Wednesday,ODR,1186.14,1184.93,1.2100000000000364,1186.23,1184.68,1.5499999999999545,True,SHORT,2015-04-01 04:25:00,1184.44,False,True,False,6.6942,3.4298,3.4298,1180.78,2015-04-01 06:06:00,7.6942,1194.24,2015-04-01 08:24:00,True,2015-04-01 04:30:00,0.0,7.6942,True,1185.02,2015-04-01 07:48:00,0.0744
GC,2015-04-01,Wednesday,RDR,1201.9,1193.53,8.370000000000118,1203.47,1193.53,9.940000000000055,True,LONG,2015-04-01 12:15:00,1204.3,True,False,,0.7849,0.0,0.7849,1208.47,2015-04-01 13:14:00,0.0,1203.43,2015-04-01 15:37:00,True,2015-04-01 12:30:00,0.0,0.0,False,,,
GC,2015-04-02,Thursday,ADR,1204.03,1202.7,1.3299999999999272,1204.23,1202.65,1.5799999999999272,True,SHORT,2015-04-01 20:30:00,1202.49,False,True,False,0.6842,1.0226,1.0226,1201.34,2015-04-01 21:10:00,1.6842,1204.94,2015-04-02 01:46:00,True,2015-04-01 20:46:00,0.2105,1.6842,True,1202.98,2015-04-01 21:00:00,0.2105
GC,2015-04-02,Thursday,ODR,1206.68,1203.58,3.1000000000001364,1207.13,1203.57,3.560000000000173,True,SHORT,2015-04-02 04:00:00,1203.08,True,True,False,0.0,0.7839,0.7839,1201.15,2015-04-02 05:22:00,0.7613,1205.94,2015-04-02 08:04:00,True,2015-04-02 04:44:00,0.1613,0.7613,True,1203.67,2015-04-02 04:05:00,0.029
GC,2015-04-02,Thursday,RDR,1204.9,1198.65,6.25,1205.69,1197.11,8.580000000000155,True,SHORT,2015-04-02 10:35:00,1196.73,True,True,False,0.0,0.592,0.592,1194.95,2015-04-02 11:03:00,0.6688,1202.83,2015-04-02 15:48:00,True,2015-04-02 11:02:00,0.0,0.6688,True,1199.5,2015-04-02 11:50:00,0.136
GC,2015-04-06,Monday,ADR,1218.38,1217.49,0.8900000000001,1218.61,1217.09,1.5199999999999818,True,SHORT,2015-04-05 21:15:00,1216.45,True,True,True,0.3371,2.0899,2.0899,1215.63,2015-04-05 22:17:00,0.8652,1218.26,2015-04-06 00:03:00,True,2015-04-05 21:20:00,0.0,0.8652,True,1217.79,2015-04-05 23:59:00,0.3371
GC,2015-04-06,Monday,ODR,1222.54,1218.07,4.470000000000027,1223.33,1217.65,5.679999999999836,True,SHORT,2015-04-06 05:50:00,1217.59,True,True,False,0.0089,0.4385,0.4385,1216.11,2015-04-06 08:06:00,0.4541,1220.1,2015-04-06 07:32:00,False,,0.4541,,True,1218.22,2015-04-06 05:59:00,0.0336
GC,2015-04-06,Monday,RDR,1222.27,1218.87,3.400000000000091,1223.12,1218.03,5.089999999999918,True,LONG,2015-04-06 11:00:00,1223.79,False,True,False,0.5471,1.3735,0.5471,1224.13,2015-04-06 11:12:00,2.3735,1214.2,2015-04-06 15:26:00,True,2015-04-06 11:05:00,0.0,2.3735,True,1222.22,2015-04-06 11:18:00,0.0147
GC,2015-04-07,Tuesday,ADR,1215.75,1213.11,2.6400000000001,1215.75,1213.07,2.6800000000000637,True,SHORT,2015-04-06 20:35:00,1212.73,True,True,False,0.0,0.8258,0.8258,1210.93,2015-04-06 20:48:00,0.5985,1214.69,2015-04-07 01:54:00,True,2015-04-06 20:43:00,0.0,0.5985,True,1213.39,2015-04-06 21:00:00,0.1061
GC,2015-04-07,Tuesday,ODR,1213.51,1212.42,1.0899999999999181,1213.54,1212.26,1.2799999999999727,True,SHORT,2015-04-07 04:05:00,1212.09,True,False,,0.0,4.5596,4.5596,1207.45,2015-04-07 04:38:00,0.0,1212.35,2015-04-07 04:15:00,True,2015-04-07 04:16:00,0.0,0.0,False,,,
GC,2015-04-07,Tuesday,RDR,1213.68,1210.89,2.7899999999999636,1214.18,1209.94,4.240000000000009,True,SHORT,2015-04-07 13:20:00,1209.93,True,False,,0.086,0.9642,0.9642,1208.2,2015-04-07 14:33:00,0.0,1210.67,2015-04-07 15:21:00,True,2015-04-07 14:13:00,0.0,0.0,False,,,
GC,2015-04-08,Wednesday,ADR,1209.47,1208.76,0.7100000000000364,1209.58,1208.66,0.9199999999998454,True,LONG,2015-04-07 20:45:00,1209.83,False,True,True,2.9577,1.4225,2.9577,1211.57,2015-04-08 00:52:00,2.4225,1207.75,2015-04-07 23:13:00,True,2015-04-07 20:50:00,2.4225,2.4225,True,1209.18,2015-04-07 21:42:00,0.4085
GC,2015-04-08,Wednesday,ODR,1211.82,1210.25,1.5699999999999363,1212.27,1210.25,2.019999999999982,True,SHORT,2015-04-08 04:20:00,1210.23,True,True,True,0.0701,3.4268,3.4268,1204.87,2015-04-08 08:29:00,1.0701,1211.93,2015-04-08 06:16:00,True,2015-04-08 04:40:00,1.0701,1.0701,True,1210.48,2015-04-08 04:25:00,0.1465
GC,2015-04-08,Wednesday,RDR,1208.73,1205.89,2.839999999999918,1209.07,1205.45,3.619999999999891,True,SHORT,2015-04-08 10:45:00,1203.9,True,True,True,0.0,2.9577,2.9577,1197.49,2015-04-08 14:10:00,0.1268,1206.25,2015-04-08 13:59:00,True,2015-04-08 10:50:00,0.1268,0.1268,True,1206.18,2015-04-08 13:56:00,0.1021
GC,2015-04-09,Thursday,ADR,1201.75,1200.67,1.0799999999999272,1201.86,1200.46,1.3999999999998636,True,SHORT,2015-04-08 21:00:00,1198.92,True,False,,0.1296,7.537,7.537,1192.53,2015-04-09 01:53:00,0.0,1199.38,2015-04-08 21:20:00,True,2015-04-08 21:05:00,0.0,0.0,False,,,
GC,2015-04-09,Thursday,ODR,1196.28,1194.63,1.6499999999998636,1196.57,1194.07,2.5,True,LONG,2015-04-09 05:10:00,1196.68,True,True,True,3.7879,0.0,3.7879,1202.53,2015-04-09 08:21:00,0.4485,1195.54,2015-04-09 05:28:00,True,2015-04-09 05:16:00,0.4485,0.4485,True,1196.15,2015-04-09 05:25:00,0.0788
GC,2015-04-09,Thursday,RDR,1196.21,1193.79,2.4200000000000728,1196.83,1193.44,3.3899999999998727,True,SHORT,2015-04-09 13:15:00,1193.4,True,True,False,0.0,0.343,0.2273,1193.24,2015-04-09 13:28:00,0.595,1195.23,2015-04-09 15:57:00,False,,0.0248,,True,1193.85,2015-04-09 13:22:00,0.0248
GC,2015-04-10,Friday,ADR,1195.73,1193.71,2.019999999999982,1195.8,1193.44,2.3599999999999,True,SHORT,2015-04-09 21:30:00,1193.35,False,True,False,0.8713,0.2822,0.1881,1193.33,2015-04-09 21:35:00,1.8713,1197.49,2015-04-10 01:50:00,False,,0.0,,True,1193.77,2015-04-09 21:38:00,0.0297
GC,2015-04-10,Friday,ODR,1196.03,1194.13,1.8999999999998636,1196.68,1193.98,2.7000000000000455,True,LONG,2015-04-10 04:15:00,1200.06,True,False,,4.9895,0.0,4.9895,1205.51,2015-04-10 04:31:00,0.0,1199.04,2015-04-10 08:04:00,True,2015-04-10 04:20:00,0.0,0.0,False,,,
GC,2015-04-10,Friday,RDR,1209.61,1207.02,2.589999999999918,1210.68,1206.71,3.9700000000000273,True,SHORT,2015-04-10 11:50:00,1206.27,True,True,False,0.0,1.3012,1.3012,1203.65,2015-04-10 13:25:00,0.6873,1208.8,2015-04-10 15:24:00,True,2015-04-10 12:00:00,0.0,0.6873,True,1207.16,2015-04-10 13:45:00,0.0541
GC,2015-04-13,Monday,ADR,1208.63,1207.45,1.1800000000000637,1208.7,1207.17,1.5299999999999727,True,LONG,2015-04-12 21:00:00,1208.91,False,True,False,0.678,3.8136,0.678,1209.43,2015-04-12 21:16:00,4.8136,1202.95,2015-04-13 01:27:00,True,2015-04-12 21:10:00,0.339,4.8136,True,1208.62,2015-04-12 21:05:00,0.0085
GC,2015-04-13,Monday,ODR,1205.16,1201.71,3.4500000000000455,1205.61,1201.48,4.129999999999882,True,SHORT,2015-04-13 04:15:00,1201.09,True,True,True,0.0,1.1942,1.1942,1197.59,2015-04-13 05:46:00,0.0754,1201.97,2015-04-13 08:26:00,True,2015-04-13 04:31:00,0.0,0.0754,True,1201.97,2015-04-13 08:26:00,0.0754
GC,2015-04-13,Monday,RDR,1202.28,1198.65,3.6299999999998818,1202.37,1198.43,3.939999999999827,True,SHORT,2015-04-13 11:25:00,1198.31,True,True,False,0.0,0.6446,0.2837,1197.62,2015-04-13 11:52:00,0.6364,1200.96,2015-04-13 12:23:00,False,,0.1433,,True,1198.72,2015-04-13 11:34:00,0.0193
GC,2015-04-14,Tuesday,ADR,1199.89,1198.4,1.490000000000009,1199.89,1198.38,1.509999999999991,True,LONG,2015-04-13 20:30:00,1200.04,False,True,False,1.0134,1.906,1.0134,1201.4,2015-04-13 21:01:00,2.906,1195.56,2015-04-14 01:58:00,True,2015-04-13 20:53:00,0.0,2.906,True,1199.86,2015-04-13 21:07:00,0.0201
GC,2015-04-14,Tuesday,ODR,1194.86,1192.69,2.1699999999998454,1195.02,1192.48,2.5399999999999636,True,SHORT,2015-04-14 04:35:00,1191.79,True,False,,0.0,4.0369,4.0369,1183.93,2015-04-14 08:26:00,0.0,1192.66,2015-04-14 05:30:00,True,2015-04-14 04:40:00,0.0,0.0,False,,,
GC,2015-04-14,Tuesday,RDR,1196.19,1192.7,3.490000000000009,1196.4,1192.03,4.370000000000118,True,LONG,2015-04-14 10:35:00,1197.0,False,True,False,0.7908,0.192,0.7908,1198.95,2015-04-14 11:01:00,1.192,1192.03,2015-04-14 13:27:00,True,2015-04-14 10:41:00,0.1146,1.192,True,1196.19,2015-04-14 10:47:00,0.0
GC,2015-04-15,Wednesday,ADR,1193.91,1192.74,1.1700000000000728,1193.92,1192.69,1.2300000000000182,True,LONG,2015-04-14 21:00:00,1194.12,False,True,True,0.9744,1.7179,0.9744,1195.05,2015-04-14 21:36:00,2.7179,1190.73,2015-04-14 22:45:00,True,2015-04-14 21:06:00,0.0,2.7179,True,1193.74,2015-04-14 22:00:00,0.1453
GC,2015-04-15,Wednesday,ODR,1194.4,1190.98,3.4200000000000728,1194.47,1190.68,3.7899999999999636,True,SHORT,2015-04-15 04:10:00,1190.22,True,True,True,0.0,0.6199,0.6199,1188.86,2015-04-15 08:29:00,0.6491,1193.2,2015-04-15 07:35:00,True,2015-04-15 04:19:00,0.6491,0.6491,True,1191.45,2015-04-15 05:52:00,0.1374
GC,2015-04-15,Wednesday,RDR,1196.41,1193.17,3.240000000000009,1196.64,1192.94,3.7000000000000455,True,LONG,2015-04-15 11:35:00,1197.6,True,True,True,2.5185,0.0,2.5185,1204.57,2015-04-15 14:10:00,0.1019,1196.08,2015-04-15 12:24:00,True,2015-04-15 13:06:00,0.1019,0.0,True,1196.2,2015-04-15 11:51:00,0.0648
GC,2015-04-16,Thursday,ADR,1207.02,1203.65,3.369999999999891,1207.08,1203.65,3.4299999999998363,True,LONG,2015-04-15 20:30:00,1207.2,False,True,False,0.1454,1.0801,0.1454,1207.51,2015-04-15 21:06:00,2.0801,1200.01,2015-04-16 00:47:00,False,,0.2522,,True,1206.96,2015-04-15 20:35:00,0.0178
GC,2015-04-16,Thursday,ODR,1208.58,1204.02,4.559999999999945,1208.93,1203.84,5.0900000000001455,False,,,,,,,0.0965,0.0,,,,,,,False,,,,False,,,
GC,2015-04-16,Thursday,RDR,1205.17,1197.39,7.779999999999973,1205.31,1196.53,8.779999999999973,True,SHORT,2015-04-16 10:30:00,1196.24,True,True,False,0.0,0.3496,0.2596,1195.37,2015-04-16 10:36:00,0.5913,1201.99,2015-04-16 14:12:00,False,,0.0,,True,1197.81,2015-04-16 11:03:00,0.054
GC,2015-04-17,Friday,ADR,1201.07,1197.92,3.1499999999998636,1201.08,1197.8,3.2799999999999727,True,SHORT,2015-04-16 21:20:00,1197.68,True,True,False,0.1206,0.1873,0.1873,1197.33,2015-04-16 23:22:00,1.0095,1201.1,2015-04-17 01:53:00,False,,0.2794,,True,1198.04,2015-04-16 21:31:00,0.0381
GC,2015-04-17,Friday,ODR,1205.43,1200.58,4.850000000000136,1205.58,1200.29,5.289999999999964,True,LONG,2015-04-17 05:55:00,1205.77,True,True,False,0.4804,0.0,0.4804,1207.76,2015-04-17 06:27:00,0.4784,1203.11,2015-04-17 07:15:00,False,,0.1093,,True,1205.23,2015-04-17 06:01:00,0.0412
GC,2015-04-17,Friday,RDR,1206.08,1201.82,4.259999999999991,1206.26,1200.88,5.379999999999882,False,,,,,,,0.0892,0.0751,,,,,,,False,,,,False,,,
GC,2015-04-20,Monday,ADR,1206.46,1205.29,1.1700000000000728,1206.6,1205.29,1.3099999999999454,True,SHORT,2015-04-19 20:45:00,1205.22,True,True,True,0.0,2.0684,2.0684,1202.87,2015-04-20 00:49:00,0.3077,1205.65,2015-04-19 21:32:00,True,2015-04-19 20:51:00,0.3077,0.3077,True,1205.37,2015-04-19 21:00:00,0.0684
GC,2015-04-20,Monday,ODR,1208.71,1206.21,2.5,1208.71,1205.81,2.900000000000091,True,SHORT,2015-04-20 04:35:00,1205.03,True,False,,0.0,3.66,3.66,1197.06,2015-04-20 07:30:00,0.0,1205.87,2015-04-20 04:44:00,True,2015-04-20 04:40:00,0.0,0.0,False,,,
GC,2015-04-20,Monday,RDR,1197.61,1192.98,4.629999999999882,1197.94,1192.36,5.580000000000155,True,SHORT,2015-04-20 10:35:00,1192.33,True,True,False,0.0,0.3585,0.3585,1191.32,2015-04-20 10:47:00,0.7279,1196.35,2015-04-20 12:00:00,False,,0.0,,True,1193.51,2015-04-20 10:56:00,0.1145
GC,2015-04-21,Tuesday,ADR,1196.02,1194.88,1.1399999999998727,1196.34,1194.64,1.699999999999818,True,SHORT,2015-04-20 20:45:00,1194.56,False,True,False,0.8684,1.2807,1.2807,1193.42,2015-04-20 21:06:00,1.8684,1197.01,2015-04-21 01:59:00,True,2015-04-20 21:00:00,0.2193,1.8684,True,1194.94,2015-04-20 20:54:00,0.0526
GC,2015-04-21,Tuesday,ODR,1195.63,1193.92,1.7100000000000364,1195.65,1193.09,2.560000000000173,True,LONG,2015-04-21 04:00:00,1195.77,True,True,True,3.8713,0.0,3.8713,1202.25,2015-04-21 07:58:00,0.3684,1195.0,2015-04-21 04:31:00,True,2015-04-21 05:20:00,0.3684,0.0,True,1195.57,2015-04-21 04:06:00,0.0351
GC,2015-04-21,Tuesday,RDR,1197.52,1195.01,2.509999999999991,1197.65,1194.83,2.8200000000001637,True,LONG,2015-04-21 10:30:00,1198.09,True,True,True,2.6574,0.0,2.6574,1204.19,2015-04-21 12:51:00,0.2231,1196.96,2015-04-21 11:05:00,True,2015-04-21 10:36:00,0.2231,0.2231,True,1197.49,2015-04-21 10:57:00,0.012
GC,2015-04-22,Wednesday,ADR,1202.4,1200.96,1.4400000000000546,1202.43,1200.45,1.9800000000000182,True,SHORT,2015-04-21 21:00:00,1200.2,False,True,False,1.0347,1.1944,1.1944,1199.24,2015-04-21 22:57:00,2.0347,1203.89,2015-04-22 01:50:00,True,2015-04-21 21:05:00,0.2708,2.0347,True,1201.2,2015-04-21 21:40:00,0.1667
GC,2015-04-22,Wednesday,ODR,1203.5,1200.15,3.349999999999909,1203.63,1199.54,4.0900000000001455,True,SHORT,2015-04-22 04:00:00,1198.53,False,True,False,0.1433,0.5612,0.5612,1198.27,2015-04-22 04:33:00,1.1433,1203.98,2015-04-22 06:08:00,True,2015-04-22 04:06:00,0.0,1.1433,True,1200.2,2015-04-22 04:43:00,0.0149
GC,2015-04-22,Wednesday,RDR,1197.64,1188.18,9.460000000000036,1197.99,1187.17,10.819999999999936,True,SHORT,2015-04-22 10:45:00,1187.0,True,True,True,0.0,0.333,0.333,1185.03,2015-04-22 15:06:00,0.3224,1191.23,2015-04-22 12:14:00,False,,0.3224,,True,1188.47,2015-04-22 10:55:00,0.0307
GC,2015-04-23,Thursday,ADR,1188.95,1187.59,1.3600000000001273,1189.0,1187.47,1.5299999999999727,True,SHORT,2015-04-22 20:30:00,1186.68,False,True,False,0.6471,2.4412,2.4412,1184.27,2015-04-22 21:34:00,1.6471,1189.83,2015-04-23 00:58:00,True,2015-04-22 20:35:00,0.3382,1.6471,True,1187.62,2015-04-22 21:05:00,0.0221
GC,2015-04-23,Thursday,ODR,1188.08,1185.59,2.490000000000009,1188.27,1185.37,2.900000000000091,True,LONG,2015-04-23 04:05:00,1188.47,True,True,True,1.5944,0.0,1.5944,1192.05,2015-04-23 07:38:00,0.3213,1187.28,2015-04-23 05:30:00,True,2015-04-23 04:11:00,0.3213,0.3213,True,1187.98,2015-04-23 04:41:00,0.0402
GC,2015-04-23,Thursday,RDR,1189.32,1186.99,2.3299999999999272,1189.42,1186.19,3.230000000000018,True,LONG,2015-04-23 10:35:00,1189.86,True,False,,3.691,0.0,3.691,1197.92,2015-04-23 14:40:00,0.0,1189.59,2015-04-23 10:44:00,True,2015-04-23 10:40:00,0.0,0.0,False,,,
GC,2015-04-24,Friday,ADR,1194.01,1192.99,1.0199999999999818,1194.03,1192.97,1.0599999999999454,True,LONG,2015-04-23 21:00:00,1194.26,False,True,False,0.3137,2.1176,0.2059,1194.22,2015-04-23 21:05:00,3.1176,1190.83,2015-04-24 01:04:00,False,,0.1471,,True,1193.86,2015-04-23 21:05:00,0.1471
GC,2015-04-24,Friday,ODR,1195.45,1193.41,2.0399999999999636,1195.95,1193.11,2.8400000000001455,True,SHORT,2015-04-24 04:45:00,1192.99,True,False,,0.0,3.2745,3.2745,1186.73,2015-04-24 07:25:00,0.0,1193.02,2015-04-24 04:50:00,True,2015-04-24 04:53:00,0.0,0.0,False,,,
GC,2015-04-24,Friday,RDR,1188.73,1177.27,11.460000000000036,1188.86,1176.37,12.490000000000009,True,SHORT,2015-04-24 12:50:00,1175.82,True,True,False,0.0,0.2068,0.2068,1174.9,2015-04-24 13:32:00,0.1449,1178.93,2015-04-24 15:57:00,False,,0.0,,True,1177.34,2015-04-24 13:41:00,0.0061
GC,2015-04-27,Monday,ADR,1181.71,1179.64,2.0699999999999363,1181.72,1179.64,2.0799999999999272,True,SHORT,2015-04-26 21:00:00,1179.31,False,True,False,0.9275,0.5314,0.5314,1178.54,2015-04-26 21:07:00,1.9275,1183.63,2015-04-27 01:54:00,True,2015-04-26 21:07:00,0.0,1.9275,True,1179.73,2015-04-26 21:13:00,0.0435
GC,2015-04-27,Monday,ODR,1182.9,1180.47,2.4300000000000637,1183.22,1180.21,3.009999999999991,True,LONG,2015-04-27 06:55:00,1184.88,True,False,,1.8848,0.0,1.8848,1187.48,2015-04-27 07:44:00,0.0,1184.65,2015-04-27 07:22:00,True,2015-04-27 07:00:00,0.0,0.0,False,,,
GC,2015-04-27,Monday,RDR,1198.97,1185.42,13.549999999999955,1200.45,1184.77,15.680000000000064,True,LONG,2015-04-27 10:45:00,1201.97,True,False,,0.6022,0.0,0.6022,1207.13,2015-04-27 12:58:00,0.0,1200.74,2015-04-27 10:51:00,True,2015-04-27 12:48:00,0.0,0.0,False,,,
GC,2015-04-28,Tuesday,ADR,1201.8,1199.74,2.0599999999999454,1201.81,1199.71,2.099999999999909,True,SHORT,2015-04-27 20:35:00,1199.28,False,True,False,0.1408,0.2476,0.2476,1199.23,2015-04-27 20:40:00,1.1408,1202.09,2015-04-27 22:30:00,False,,0.0,,True,1199.74,2015-04-27 20:47:00,0.0
GC,2015-04-28,Tuesday,ODR,1202.7,1200.18,2.519999999999982,1203.63,1199.68,3.9500000000000455,True,LONG,2015-04-28 07:15:00,1203.81,True,True,True,0.873,0.1508,0.8492,1204.84,2015-04-28 08:21:00,0.3452,1201.83,2015-04-28 07:37:00,True,2015-04-28 08:02:00,0.3452,0.1032,True,1202.64,2015-04-28 07:27:00,0.0238
GC,2015-04-28,Tuesday,RDR,1212.31,1202.24,10.069999999999936,1213.19,1202.24,10.950000000000045,True,LONG,2015-04-28 10:50:00,1213.43,True,True,True,0.2651,0.0,0.2651,1214.98,2015-04-28 13:57:00,0.1172,1211.13,2015-04-28 11:13:00,False,,0.1172,,True,1212.0,2015-04-28 11:09:00,0.0308
GC,2015-04-29,Wednesday,ADR,1212.27,1211.66,0.6099999999999,1212.3,1211.52,0.7799999999999727,True,SHORT,2015-04-28 20:35:00,1210.68,True,True,True,0.0,4.4754,4.4754,1208.93,2015-04-29 01:46:00,0.6885,1212.08,2015-04-28 21:02:00,True,2015-04-28 20:40:00,0.6885,0.6885,True,1211.73,2015-04-28 21:00:00,0.1148
GC,2015-04-29,Wednesday,ODR,1209.67,1207.94,1.7300000000000182,1209.67,1207.65,2.019999999999982,True,SHORT,2015-04-29 04:10:00,1207.51,True,True,False,0.0,2.0636,2.0636,1204.37,2015-04-29 05:39:00,0.8035,1209.33,2015-04-29 08:26:00,True,2015-04-29 05:06:00,0.0173,0.8035,True,1207.97,2015-04-29 04:53:00,0.0173
GC,2015-04-29,Wednesday,RDR,1212.12,1208.01,4.1099999999999,1212.65,1207.8,4.850000000000136,True,SHORT,2015-04-29 10:35:00,1207.6,True,True,True,0.0024,1.618,1.618,1201.36,2015-04-29 14:16:00,1.0024,1212.13,2015-04-29 11:04:00,True,2015-04-29 14:00:00,1.0024,0.1679,True,1208.3,2015-04-29 10:41:00,0.0706
GC,2015-04-30,Thursday,ADR,1205.94,1203.87,2.0700000000001637,1206.0,1203.75,2.25,True,LONG,2015-04-29 21:10:00,1206.03,False,True,False,0.1401,1.3671,0.1208,1206.19,2015-04-29 21:16:00,2.3671,1201.04,2015-04-30 00:27:00,False,,0.0,,True,1205.91,2015-04-29 21:19:00,0.0145
GC,2015-04-30,Thursday,ODR,1204.97,1200.13,4.839999999999918,1205.66,1199.94,5.720000000000027,True,LONG,2015-04-30 04:40:00,1206.11,True,True,True,0.4545,0.0,0.4545,1207.17,2015-04-30 08:21:00,0.6694,1201.73,2015-04-30 07:27:00,False,,0.6694,,True,1204.88,2015-04-30 04:52:00,0.0186
GC,2015-04-30,Thursday,RDR,1186.46,1177.77,8.690000000000055,1186.55,1177.0,9.549999999999955,False,,,,,,,0.0,0.0,,,,,,,False,,,,False,,,
GC,2015-05-01,Friday,ADR,1184.46,1183.25,1.2100000000000364,1184.56,1183.08,1.4800000000000182,True,SHORT,2015-04-30 20:40:00,1182.98,False,True,True,0.5868,1.3719,1.3719,1181.59,2015-05-01 01:55:00,1.5868,1185.17,2015-04-30 21:33:00,True,2015-04-30 23:46:00,1.5868,0.0,True,1183.38,2015-04-30 20:45:00,0.1074
GC,2015-05-01,Friday,ODR,1182.68,1180.93,1.75,1183.07,1180.74,2.3299999999999272,True,LONG,2015-05-01 04:15:00,1183.08,False,True,False,0.5143,2.5657,0.5143,1183.58,2015-05-01 04:21:00,3.5657,1176.44,2015-05-01 08:06:00,True,2015-05-01 04:21:00,0.0,3.5657,True,1182.56,2015-05-01 04:28:00,0.0686
GC,2015-05-01,Friday,RDR,1177.94,1171.41,6.529999999999973,1179.18,1170.16,9.019999999999982,False,,,,,,,0.1103,0.1072,,,,,,,False,,,,False,,,
GC,2015-05-04,Monday,ADR,1178.55,1178.05,0.5,1178.7,1177.97,0.7300000000000182,True,LONG,2015-05-03 20:35:00,1178.8,True,True,True,12.66,0.5,12.66,1184.88,2015-05-04 01:09:00,1.5,1177.8,2015-05-03 21:00:00,True,2015-05-03 20:40:00,1.5,1.5,True,1178.52,2015-05-03 20:41:00,0.06
GC,2015-05-04,Monday,ODR,1183.83,1182.88,0.9499999999998181,1183.99,1182.65,1.3399999999999181,True,SHORT,2015-05-04 04:10:00,1182.4,False,True,True,0.5789,2.5895,2.5895,1180.42,2015-05-04 07:44:00,1.5789,1184.38,2015-05-04 06:03:00,True,2015-05-04 04:15:00,1.5789,1.5789,True,1182.93,2015-05-04 04:27:00,0.0526
GC,2015-05-04,Monday,RDR,1191.47,1188.02,3.4500000000000455,1192.76,1187.64,5.119999999999891,True,SHORT,2015-05-04 13:15:00,1187.54,True,True,False,0.3739,0.3159,0.3159,1186.93,2015-05-04 13:21:00,0.7623,1190.65,2015-05-04 14:52:00,False,,0.0,,True,1188.11,2015-05-04 13:30:00,0.0261
GC,2015-05-05,Tuesday,ADR,1188.87,1187.25,1.6199999999998909,1189.0,1187.17,1.8299999999999272,True,SHORT,2015-05-04 20:40:00,1187.08,True,True,False,0.0,0.963,0.963,1185.69,2015-05-04 22:19:00,0.9506,1188.79,2015-05-04 21:06:00,True,2015-05-04 22:15:00,0.9506,0.8086,True,1187.28,2015-05-04 20:56:00,0.0185
GC,2015-05-05,Tuesday,ODR,1189.47,1187.83,1.6400000000001,1190.1,1187.78,2.3199999999999363,True,SHORT,2015-05-05 05:20:00,1187.3,False,True,False,4.0915,0.8476,0.8476,1186.44,2015-05-05 06:30:00,5.0915,1196.18,2015-05-05 08:23:00,True,2015-05-05 05:27:00,0.0976,5.0915,True,1187.99,2015-05-05 06:18:00,0.0976
GC,2015-05-05,Tuesday,RDR,1199.27,1195.77,3.5,1199.73,1194.5,5.230000000000018,True,SHORT,2015-05-05 12:35:00,1194.02,True,False,,0.0,0.9686,0.9686,1192.38,2015-05-05 15:35:00,0.0,1194.63,2015-05-05 13:21:00,True,2015-05-05 12:40:00,0.0,0.0,False,,,
GC,2015-05-06,Wednesday,ADR,1195.23,1193.91,1.3199999999999363,1195.37,1193.88,1.4899999999997817,True,SHORT,2015-05-05 20:40:00,1193.87,False,True,False,1.2121,0.3409,0.3409,1193.46,2015-05-05 20:53:00,2.2121,1196.83,2015-05-05 23:45:00,False,,0.1061,,True,1193.96,2015-05-05 20:45:00,0.0379
GC,2015-05-06,Wednesday,ODR,1195.93,1191.23,4.7000000000000455,1195.96,1191.04,4.920000000000073,True,SHORT,2015-05-06 04:00:00,1190.08,False,True,False,0.3532,0.6468,0.6468,1188.19,2015-05-06 06:51:00,1.3532,1197.59,2015-05-06 08:20:00,True,2015-05-06 06:50:00,0.266,1.3532,True,1191.72,2015-05-06 04:10:00,0.1043
GC,2015-05-06,Wednesday,RDR,1196.04,1190.02,6.019999999999982,1196.05,1189.69,6.3599999999999,True,SHORT,2015-05-06 10:45:00,1189.55,True,True,False,0.0,0.2492,0.2492,1188.52,2015-05-06 10:50:00,0.3588,1192.18,2015-05-06 14:23:00,False,,0.0,,True,1190.06,2015-05-06 10:57:00,0.0066
GC,2015-05-07,Thursday,ADR,1192.61,1190.2,2.4099999999998545,1192.74,1189.84,2.900000000000091,True,SHORT,2015-05-06 21:15:00,1189.46,True,False,,0.0,1.4564,1.4564,1186.69,2015-05-06 22:00:00,0.0,1189.67,2015-05-06 21:21:00,True,2015-05-06 21:25:00,0.0,0.0,False,,,
GC,2015-05-07,Thursday,ODR,1184.27,1181.75,2.519999999999982,1184.41,1181.55,2.8600000000001273,True,SHORT,2015-05-07 05:00:00,1181.25,False,True,False,1.3889,0.377,0.2183,1181.2,2015-05-07 05:05:00,2.3889,1187.77,2015-05-07 07:39:00,False,,0.0476,,True,1181.87,2015-05-07 05:05:00,0.0476
GC,2015-05-07,Thursday,RDR,1188.04,1183.34,4.7000000000000455,1188.48,1183.23,5.25,True,SHORT,2015-05-07 10:40:00,1182.15,True,True,True,0.0,0.4426,0.4426,1181.26,2015-05-07 10:45:00,0.234,1184.44,2015-05-07 12:01:00,False,,0.0,,True,1183.46,2015-05-07 10:57:00,0.0255
GC,2015-05-08,Friday,ADR,1184.32,1182.91,1.4099999999998545,1184.46,1182.91,1.5499999999999545,True,SHORT,2015-05-07 21:05:00,1182.81,False,True,False,0.2979,0.7376,0.7376,1181.87,2015-05-07 21:25:00,1.2979,1184.74,2015-05-07 22:00:00,True,2015-05-07 21:13:00,0.0,1.2979,True,1183.23,2015-05-07 21:32:00,0.227
GC,2015-05-08,Friday,ODR,1188.7,1185.73,2.9700000000000273,1188.8,1185.64,3.1599999999998545,True,SHORT,2015-05-08 05:15:00,1185.61,False,True,False,1.4108,0.8687,0.8687,1183.15,2015-05-08 08:22:00,2.4108,1192.89,2015-05-08 08:29:00,True,2015-05-08 07:15:00,0.7542,2.4108,True,1185.73,2015-05-08 05:20:00,0.0
GC,2015-05-08,Friday,RDR,1191.97,1184.73,7.240000000000009,1192.35,1184.34,8.009999999999991,False,,,,,,,0.0,0.0663,,,,,,,False,,,,False,,,
GC,2015-05-11,Monday,ADR,1190.18,1189.58,0.6000000000001364,1190.35,1189.48,0.8699999999998909,True,SHORT,2015-05-10 21:00:00,1189.4,True,True,True,0.0833,2.85,2.85,1187.87,2015-05-11 01:12:00,0.4667,1189.86,2015-05-10 21:06:00,True,2015-05-10 21:05:00,0.4667,0.4667,True,1189.78,2015-05-10 21:05:00,0.3333
GC,2015-05-11,Monday,ODR,1186.13,1184.33,1.800000000000182,1186.21,1183.98,2.230000000000018,True,LONG,2015-05-11 06:00:00,1186.22,True,True,True,3.05,0.0611,3.05,1191.62,2015-05-11 08:15:00,1.0611,1184.22,2015-05-11 06:51:00,True,2015-05-11 06:08:00,1.0611,1.0611,True,1186.06,2015-05-11 06:35:00,0.0389
GC,2015-05-11,Monday,RDR,1191.14,1188.93,2.2100000000000364,1191.47,1188.24,3.230000000000018,True,SHORT,2015-05-11 10:55:00,1187.97,True,False,,0.0,4.5294,4.5294,1178.92,2015-05-11 11:21:00,0.0,1188.02,2015-05-11 11:00:00,True,2015-05-11 11:00:00,0.0,0.0,False,,,
GC,2015-05-12,Tuesday,ADR,1183.89,1183.16,0.7300000000000182,1183.91,1183.14,0.7699999999999818,True,LONG,2015-05-11 20:35:00,1183.97,False,True,False,1.1918,3.2603,1.1918,1184.76,2015-05-11 22:47:00,4.2603,1180.78,2015-05-12 01:39:00,True,2015-05-11 20:40:00,0.9041,4.2603,True,1183.81,2015-05-11 20:47:00,0.1096
GC,2015-05-12,Tuesday,ODR,1184.92,1183.37,1.550000000000182,1185.21,1182.64,2.5699999999999363,True,LONG,2015-05-12 05:55:00,1187.92,True,False,,7.8516,0.0,7.8516,1197.09,2015-05-12 06:10:00,0.0,1187.87,2015-05-12 06:00:00,True,2015-05-12 06:00:00,0.0,0.0,False,,,
GC,2015-05-12,Tuesday,RDR,1191.94,1189.64,2.2999999999999545,1192.42,1189.34,3.0800000000001546,True,LONG,2015-05-12 11:30:00,1192.45,True,False,,1.4696,0.2087,1.4696,1195.32,2015-05-12 11:47:00,0.0,1191.98,2015-05-12 14:13:00,True,2015-05-12 11:41:00,0.0,0.0,False,,,
GC,2015-05-13,Wednesday,ADR,1193.36,1192.31,1.0499999999999545,1193.47,1192.23,1.240000000000009,True,SHORT,2015-05-12 20:55:00,1192.2,False,True,False,1.0476,1.0381,1.0381,1191.22,2015-05-12 21:03:00,2.0476,1194.46,2015-05-12 23:02:00,True,2015-05-12 21:03:00,0.219,2.0476,True,1192.54,2015-05-12 21:00:00,0.219
GC,2015-05-13,Wednesday,ODR,1195.53,1194.47,1.0599999999999454,1195.53,1193.88,1.6499999999998636,True,SHORT,2015-05-13 04:40:00,1193.3,False,True,False,2.8868,2.3491,2.3491,1191.98,2015-05-13 04:47:00,3.8868,1198.59,2015-05-13 08:29:00,True,2015-05-13 04:45:00,0.0,3.8868,True,1194.84,2015-05-13 06:06:00,0.3491
GC,2015-05-13,Wednesday,RDR,1216.89,1206.51,10.38000000000011,1216.92,1205.98,10.940000000000055,True,LONG,2015-05-13 12:55:00,1217.61,True,True,False,0.185,0.0,0.185,1218.81,2015-05-13 13:30:00,0.2909,1213.87,2015-05-13 14:41:00,False,,0.0096,,True,1216.79,2015-05-13 13:14:00,0.0096
GC,2015-05-14,Thursday,ADR,1214.5,1213.32,1.1800000000000637,1214.52,1213.08,1.4400000000000546,True,SHORT,2015-05-13 20:35:00,1212.99,False,True,False,0.4068,0.8729,0.8729,1212.29,2015-05-13 23:22:00,1.4068,1214.98,2015-05-13 21:02:00,True,2015-05-13 21:37:00,1.4068,1.2542,True,1213.35,2015-05-13 20:43:00,0.0254
GC,2015-05-14,Thursday,ODR,1218.34,1214.98,3.3599999999999,1218.4,1214.42,3.980000000000018,True,SHORT,2015-05-14 04:35:00,1213.67,False,True,False,0.4762,0.5387,0.5387,1213.17,2015-05-14 04:47:00,1.4762,1219.94,2015-05-14 08:18:00,True,2015-05-14 04:46:00,0.0,1.4762,True,1214.99,2015-05-14 05:06:00,0.003
GC,2015-05-14,Thursday,RDR,1227.05,1221.08,5.970000000000027,1227.08,1220.93,6.149999999999864,True,SHORT,2015-05-14 10:50:00,1220.6,True,True,False,0.0,0.1508,0.1374,1220.26,2015-05-14 11:12:00,0.7521,1225.57,2015-05-14 13:29:00,False,,0.2278,,True,1221.78,2015-05-14 10:55:00,0.1173
GC,2015-05-15,Friday,ADR,1221.61,1220.75,0.8599999999999,1221.73,1220.69,1.0399999999999636,True,SHORT,2015-05-14 20:40:00,1220.52,True,False,,0.0,3.3372,3.3372,1217.88,2015-05-15 01:59:00,0.0,1220.53,2015-05-14 20:56:00,True,2015-05-14 20:45:00,0.0,0.0,False,,,
GC,2015-05-15,Friday,ODR,1221.43,1219.38,2.0499999999999545,1221.53,1219.19,2.339999999999918,True,SHORT,2015-05-15 04:00:00,1218.56,True,True,True,0.0,4.1024,4.1024,1210.97,2015-05-15 06:06:00,0.4732,1220.35,2015-05-15 04:43:00,True,2015-05-15 04:06:00,0.4732,0.4732,True,1219.4,2015-05-15 04:36:00,0.0098
GC,2015-05-15,Friday,RDR,1223.62,1216.96,6.6599999999998545,1224.24,1216.28,7.960000000000036,True,LONG,2015-05-15 12:45:00,1224.55,True,True,True,0.3724,0.0,0.3724,1226.1,2015-05-15 13:29:00,0.0285,1223.43,2015-05-15 14:18:00,False,,0.0,,True,1223.55,2015-05-15 14:16:00,0.0105
GC,2015-05-18,Monday,ADR,1224.02,1222.07,1.9500000000000455,1224.11,1222.0,2.1099999999999,True,SHORT,2015-05-17 21:30:00,1221.89,False,True,False,3.2256,0.2564,0.2564,1221.57,2015-05-17 21:38:00,4.2256,1230.31,2015-05-18 01:54:00,False,,0.0,,True,1222.1,2015-05-17 21:41:00,0.0154
GC,2015-05-18,Monday,ODR,1229.5,1227.95,1.5499999999999545,1229.66,1227.93,1.7300000000000182,True,LONG,2015-05-18 05:05:00,1230.39,False,True,False,1.0387,2.2129,1.0387,1231.11,2015-05-18 05:23:00,3.2129,1224.52,2015-05-18 08:29:00,True,2015-05-18 05:10:00,0.0,3.2129,True,1229.32,2015-05-18 05:31:00,0.1161
GC,2015-05-18,Monday,RDR,1227.69,1223.22,4.470000000000027,1227.98,1222.51,5.470000000000027,True,LONG,2015-05-18 10:55:00,1228.3,True,True,False,0.2685,0.0,0.2685,1228.89,2015-05-18 11:04:00,0.6957,1224.58,2015-05-18 15:02:00,False,,0.0,,True,1226.79,2015-05-18 11:15:00,0.2013
GC,2015-05-19,Tuesday,ADR,1225.04,1223.63,1.4099999999998545,1225.04,1223.58,1.4600000000000364,True,SHORT,2015-05-18 21:20:00,1223.5,True,True,True,0.0,2.3546,2.3546,1220.31,2015-05-18 22:00:00,0.0496,1223.7,2015-05-18 21:25:00,True,2015-05-18 21:27:00,0.0496,0.0142,True,1223.7,2015-05-18 21:25:00,0.0496
GC,2015-05-19,Tuesday,ODR,1221.95,1217.69,4.259999999999991,1222.4,1217.11,5.290000000000191,True,LONG,2015-05-19 05:05:00,1222.65,True,True,False,0.4624,0.0,0.4624,1223.92,2015-05-19 05:10:00,0.885,1218.18,2015-05-19 08:07:00,False,,0.0,,True,1221.84,2015-05-19 05:16:00,0.0258
GC,2015-05-19,Tuesday,RDR,1216.45,1208.84,7.610000000000127,1216.76,1207.42,9.339999999999918,True,SHORT,2015-05-19 10:30:00,1206.93,True,True,True,0.0,0.4139,0.4139,1205.69,2015-05-19 11:26:00,0.092,1209.54,2015-05-19 11:00:00,False,,0.092,,True,1208.84,2015-05-19 10:53:00,0.0
GC,2015-05-20,Wednesday,ADR,1209.48,1207.82,1.6600000000000819,1209.55,1207.54,2.009999999999991,True,SHORT,2015-05-19 20:30:00,1207.5,True,True,True,0.0,0.7831,0.7831,1206.52,2015-05-20 01:59:00,0.9819,1209.45,2015-05-19 22:27:00,True,2015-05-19 20:40:00,0.9819,0.9819,True,1207.85,2015-05-19 20:41:00,0.0181
GC,2015-05-20,Wednesday,ODR,1207.52,1205.21,2.3099999999999454,1207.93,1204.93,3.0,True,LONG,2015-05-20 04:00:00,1208.44,True,True,True,1.697,0.0,1.697,1211.44,2015-05-20 08:05:00,0.5541,1206.24,2015-05-20 05:24:00,True,2015-05-20 06:16:00,0.5541,0.0,True,1207.34,2015-05-20 04:08:00,0.0779
GC,2015-05-20,Wednesday,RDR,1211.94,1209.31,2.630000000000109,1212.72,1209.11,3.6100000000001273,True,SHORT,2015-05-20 11:50:00,1208.19,False,True,False,0.5551,0.8935,0.8935,1206.96,2015-05-20 14:03:00,1.5551,1213.4,2015-05-20 14:00:00,True,2015-05-20 11:57:00,1.5551,1.5551,True,1209.56,2015-05-20 12:06:00,0.0951
GC,2015-05-21,Thursday,ADR,1210.11,1209.02,1.0899999999999181,1210.12,1208.86,1.259999999999991,True,LONG,2015-05-20 21:00:00,1211.01,True,False,,2.3853,1.055,2.3853,1212.71,2015-05-20 22:37:00,0.0,1210.56,2015-05-20 21:11:00,True,2015-05-20 21:05:00,0.0,0.0,False,,,
GC,2015-05-21,Thursday,ODR,1211.47,1209.58,1.8900000000001,1211.72,1209.23,2.490000000000009,True,LONG,2015-05-21 04:10:00,1211.87,False,True,False,0.3757,1.8889,0.3757,1212.18,2015-05-21 04:25:00,2.8889,1206.01,2015-05-21 08:03:00,False,,0.3704,,True,1211.47,2015-05-21 04:15:00,0.0
GC,2015-05-21,Thursday,RDR,1207.01,1204.04,2.9700000000000273,1208.95,1203.84,5.110000000000127,False,,,,,,,0.0,0.0976,,,,,,,False,,,,False,,,
GC,2015-05-22,Friday,ADR,1206.61,1205.82,0.7899999999999636,1206.62,1205.82,0.7999999999999545,True,LONG,2015-05-21 20:40:00,1206.88,False,True,True,3.1519,0.3544,3.1519,1209.1,2015-05-22 01:56:00,1.3544,1205.54,2015-05-21 21:18:00,True,2015-05-21 20:46:00,1.3544,1.3544,True,1206.24,2015-05-21 21:00:00,0.4684
GC,2015-05-22,Friday,ODR,1214.19,1208.51,5.680000000000064,1214.79,1208.42,6.369999999999891,False,,,,,,,0.1074,0.0,,,,,,,False,,,,False,,,
GC,2015-05-22,Friday,RDR,1204.83,1203.37,1.4600000000000364,1204.94,1202.35,2.5900000000001455,True,LONG,2015-05-22 10:30:00,1206.75,False,True,True,2.5753,0.274,2.5753,1208.59,2015-05-22 10:36:00,1.274,1202.97,2015-05-22 13:51:00,True,2015-05-22 10:35:00,0.0,1.274,True,1204.36,2015-05-22 13:00:00,0.3219
GC,2015-05-25,Monday,ADR,1204.3,1203.36,0.9400000000000546,1204.47,1203.33,1.1400000000001,True,SHORT,2015-05-24 20:30:00,1203.15,False,True,False,0.9149,0.5745,0.5745,1202.82,2015-05-24 20:45:00,1.9149,1205.16,2015-05-24 23:04:00,True,2015-05-24 20:42:00,0.1064,1.9149,True,1203.45,2015-05-24 20:35:00,0.0957
GC,2015-05-25,Monday,ODR,1205.76,1203.94,1.8199999999999363,1205.83,1203.92,1.9099999999998545,True,SHORT,2015-05-25 04:00:00,1203.39,True,True,True,0.0,0.4396,0.4396,1203.14,2015-05-25 04:09:00,0.5769,1204.99,2015-05-25 05:05:00,False,,0.0,,True,1203.96,2015-05-25 04:13:00,0.011
GC,2015-05-25,Monday,RDR,1206.27,1204.87,1.400000000000091,1206.46,1204.82,1.6400000000001,True,LONG,2015-05-25 11:30:00,1206.68,True,True,True,2.1286,1.3143,2.1286,1209.25,2015-05-25 13:05:00,2.3143,1203.03,2015-05-25 13:03:00,True,2015-05-25 11:39:00,2.3143,2.3143,True,1205.68,2015-05-25 11:46:00,0.4214
GC,2015-05-26,Tuesday,ADR,1207.12,1206.0,1.1199999999998909,1207.36,1205.84,1.5199999999999818,True,SHORT,2015-05-25 20:45:00,1205.55,True,True,True,0.0,1.9196,1.9196,1203.85,2015-05-26 01:17:00,0.5,1206.56,2015-05-25 21:09:00,True,2015-05-25 21:17:00,0.5,0.1429,True,1206.01,2015-05-25 20:57:00,0.0089
GC,2015-05-26,Tuesday,ODR,1197.65,1195.55,2.1000000000001364,1197.94,1195.16,2.7799999999999727,True,SHORT,2015-05-26 05:00:00,1195.07,True,True,True,0.0,2.7333,2.7333,1189.81,2015-05-26 08:25:00,0.2762,1196.13,2015-05-26 07:14:00,True,2015-05-26 05:30:00,0.2762,0.2762,True,1195.55,2015-05-26 05:15:00,0.0
GC,2015-05-26,Tuesday,RDR,1189.39,1186.46,2.9300000000000637,1190.2,1185.51,4.690000000000055,False,,,,,,,0.0273,0.058,,,,,,,False,,,,False,,,
GC,2015-05-27,Wednesday,ADR,1188.58,1187.26,1.3199999999999363,1188.62,1187.26,1.3599999999999,True,SHORT,2015-05-26 21:05:00,1187.23,False,True,False,1.4394,0.5682,0.5682,1186.51,2015-05-26 21:16:00,2.4394,1190.48,2015-05-27 01:40:00,True,2015-05-26 21:16:00,0.25,2.4394,True,1187.59,2015-05-26 21:10:00,0.25
GC,2015-05-27,Wednesday,ODR,1190.59,1188.14,2.449999999999818,1190.86,1187.72,3.1399999999998727,True,SHORT,2015-05-27 05:35:00,1187.01,True,False,,0.0,1.8408,1.8408,1183.63,2015-05-27 08:22:00,0.0,1187.31,2015-05-27 08:06:00,True,2015-05-27 05:40:00,0.0,0.0,False,,,
GC,2015-05-27,Wednesday,RDR,1187.94,1185.28,2.660000000000082,1188.4,1184.71,3.6900000000000546,False,,,,,,,0.2519,0.0,,,,,,,False,,,,False,,,
GC,2015-05-28,Thursday,ADR,1187.74,1186.97,0.7699999999999818,1187.78,1186.96,0.8199999999999363,True,LONG,2015-05-27 21:10:00,1188.07,True,True,True,2.7792,0.1169,2.7792,1189.88,2015-05-28 01:37:00,0.9481,1187.01,2015-05-28 00:07:00,True,2015-05-27 21:16:00,0.9481,0.9481,True,1187.7,2015-05-27 21:15:00,0.0519
GC,2015-05-28,Thursday,ODR,1189.93,1188.55,1.3800000000001091,1190.21,1187.67,2.5399999999999636,True,LONG,2015-05-28 04:10:00,1192.0,False,True,False,1.5725,2.5217,1.5652,1192.09,2015-05-28 04:17:00,3.5217,1185.07,2015-05-28 07:21:00,True,2015-05-28 04:15:00,0.0,3.5217,True,1189.92,2015-05-28 04:23:00,0.0072
GC,2015-05-28,Thursday,RDR,1187.07,1181.73,5.339999999999918,1188.44,1180.45,7.990000000000009,True,LONG,2015-05-28 11:10:00,1189.11,True,True,True,0.5562,0.0,0.4757,1189.61,2015-05-28 11:15:00,0.2154,1185.92,2015-05-28 12:00:00,False,,0.0,,True,1185.92,2015-05-28 12:00:00,0.2154
GC,2015-05-29,Friday,ADR,1189.21,1188.38,0.8299999999999272,1189.57,1188.35,1.2200000000000273,True,SHORT,2015-05-28 20:45:00,1188.05,False,True,False,1.6506,0.8193,0.8193,1187.7,2015-05-28 21:01:00,2.6506,1190.58,2015-05-29 00:31:00,True,2015-05-28 20:57:00,0.1807,2.6506,True,1188.52,2015-05-28 20:51:00,0.1687
GC,2015-05-29,Friday,ODR,1190.32,1188.04,2.2799999999999727,1190.65,1187.78,2.8700000000001182,True,SHORT,2015-05-29 08:10:00,1187.21,True,True,True,0.0219,0.5395,0.3991,1187.13,2015-05-29 08:20:00,0.2281,1188.56,2015-05-29 08:25:00,False,,0.0,,True,1188.08,2015-05-29 08:21:00,0.0175
GC,2015-05-29,Friday,RDR,1192.49,1189.21,3.2799999999999727,1193.37,1189.16,4.209999999999809,True,SHORT,2015-05-29 11:15:00,1189.12,True,True,False,0.0,0.2591,0.2591,1188.36,2015-05-29 11:32:00,0.7195,1191.57,2015-05-29 14:25:00,False,,0.061,,True,1189.23,2015-05-29 11:22:00,0.0061
GC,2015-06-01,Monday,ADR,1192.13,1190.52,1.6100000000001273,1192.13,1190.42,1.7100000000000364,True,SHORT,2015-05-31 20:30:00,1190.35,True,True,False,0.0,0.7516,0.7516,1189.31,2015-05-31 21:31:00,0.9441,1192.04,2015-06-01 00:47:00,True,2015-05-31 21:29:00,0.2795,0.9441,True,1190.55,2015-05-31 20:38:00,0.0186
GC,2015-06-01,Monday,ODR,1188.94,1186.18,2.759999999999991,1189.05,1185.47,3.5799999999999272,True,SHORT,2015-06-01 06:40:00,1185.44,True,True,True,0.0,0.6014,0.5399,1184.69,2015-06-01 07:07:00,0.3804,1187.23,2015-06-01 07:41:00,True,2015-06-01 07:07:00,0.0,0.3804,True,1186.45,2015-06-01 07:36:00,0.0978
GC,2015-06-01,Monday,RDR,1203.8,1199.33,4.470000000000027,1204.2,1199.13,5.069999999999936,True,SHORT,2015-06-01 11:00:00,1196.38,True,False,,0.0,2.604,2.604,1187.69,2015-06-01 14:01:00,0.0,1196.36,2015-06-01 11:05:00,True,2015-06-01 11:05:00,0.0,0.0,False,,,
GC,2015-06-02,Tuesday,ADR,1189.41,1188.57,0.8400000000001455,1189.48,1188.51,0.9700000000000273,True,SHORT,2015-06-01 20:30:00,1188.39,True,True,True,0.0833,2.6071,2.6071,1186.38,2015-06-01 22:13:00,1.0833,1189.48,2015-06-02 01:37:00,True,2015-06-01 20:40:00,0.4405,1.0833,True,1188.64,2015-06-01 21:03:00,0.0833
GC,2015-06-02,Tuesday,ODR,1189.43,1186.9,2.5299999999999727,1189.77,1186.75,3.019999999999982,True,SHORT,2015-06-02 04:45:00,1185.95,False,True,False,2.087,0.3874,0.3834,1185.93,2015-06-02 04:50:00,3.087,1194.71,2015-06-02 08:20:00,False,,0.0,,True,1186.96,2015-06-02 04:56:00,0.0237
GC,2015-06-02,Tuesday,RDR,1193.87,1191.4,2.4699999999998,1195.35,1190.94,4.4099999999998545,False,,,,,,,0.5344,0.336,,,,,,,False,,,,False,,,
GC,2015-06-03,Wednesday,ADR,1193.8,1193.09,0.7100000000000364,1194.49,1193.04,1.4500000000000455,True,LONG,2015-06-02 21:30:00,1194.59,False,True,False,2.1549,2.0,2.1549,1195.33,2015-06-02 21:37:00,3.0,1191.67,2015-06-02 23:32:00,True,2015-06-02 21:35:00,0.0,3.0,True,1193.8,2015-06-02 22:22:00,0.0
GC,2015-06-03,Wednesday,ODR,1191.32,1189.76,1.5599999999999454,1191.32,1189.12,2.2000000000000455,True,SHORT,2015-06-03 04:40:00,1188.96,False,True,False,1.2244,1.9167,1.9167,1186.77,2015-06-03 05:37:00,2.2244,1193.23,2015-06-03 08:06:00,True,2015-06-03 04:45:00,0.0,2.2244,True,1189.9,2015-06-03 07:16:00,0.0897
GC,2015-06-03,Wednesday,RDR,1191.78,1189.69,2.089999999999918,1192.42,1189.3,3.1200000000001182,True,SHORT,2015-06-03 12:25:00,1187.93,True,False,,0.0,4.9091,4.9091,1179.43,2015-06-03 12:46:00,0.0,1187.98,2015-06-03 12:32:00,True,2015-06-03 12:30:00,0.0,0.0,False,,,
GC,2015-06-04,Thursday,ADR,1185.9,1185.18,0.7200000000000273,1186.17,1185.11,1.0600000000001728,True,SHORT,2015-06-03 20:50:00,1184.63,True,True,True,0.2917,4.5,4.5,1181.94,2015-06-03 21:38:00,1.2917,1186.11,2015-06-04 00:37:00,True,2015-06-03 20:55:00,0.0,1.2917,True,1185.4,2015-06-04 00:35:00,0.3056
GC,2015-06-04,Thursday,ODR,1182.94,1180.46,2.480000000000018,1183.14,1180.38,2.759999999999991,True,LONG,2015-06-04 04:10:00,1184.06,False,True,False,1.1089,0.9234,1.1089,1185.69,2015-06-04 04:43:00,1.9234,1178.17,2015-06-04 08:25:00,True,2015-06-04 04:15:00,0.0,1.9234,True,1182.77,2015-06-04 04:53:00,0.0685
GC,2015-06-04,Thursday,RDR,1177.79,1174.41,3.3799999999998818,1179.75,1173.85,5.900000000000091,True,SHORT,2015-06-04 11:15:00,1173.16,False,True,False,0.2633,0.4615,0.4615,1172.85,2015-06-04 11:20:00,1.2633,1178.68,2015-06-04 14:42:00,False,,0.0,,True,1174.48,2015-06-04 11:23:00,0.0207
GC,2015-06-05,Friday,ADR,1177.91,1177.14,0.7699999999999818,1178.07,1176.85,1.2200000000000273,True,LONG,2015-06-04 21:00:00,1178.16,True,True,True,0.5844,0.0649,0.5844,1178.36,2015-06-05 00:52:00,1.0649,1177.09,2015-06-04 21:45:00,True,2015-06-05 00:50:00,1.0649,0.5974,True,1177.74,2015-06-04 21:10:00,0.2208
GC,2015-06-05,Friday,ODR,1177.28,1175.86,1.4200000000000728,1177.42,1174.9,2.519999999999982,True,SHORT,2015-06-05 05:20:00,1174.89,True,True,True,0.0,2.4366,2.4366,1172.4,2015-06-05 08:06:00,0.4507,1176.5,2015-06-05 05:49:00,True,2015-06-05 05:25:00,0.4507,0.4507,True,1175.89,2015-06-05 05:26:00,0.0211
GC,2015-06-05,Friday,RDR,1168.93,1163.51,5.420000000000073,1169.5,1163.45,6.0499999999999545,True,LONG,2015-06-05 10:30:00,1169.94,True,True,True,0.5627,0.0,0.5627,1171.98,2015-06-05 15:24:00,0.2491,1167.58,2015-06-05 12:40:00,True,2015-06-05 15:09:00,0.2491,0.0,True,1168.34,2015-06-05 10:42:00,0.1089
GC,2015-06-08,Monday,ADR,1173.42,1170.25,3.1700000000000728,1173.48,1170.14,3.339999999999918,True,LONG,2015-06-07 20:30:00,1173.77,True,True,False,1.3123,0.0,1.3123,1177.58,2015-06-07 21:12:00,0.8076,1170.86,2015-06-08 01:06:00,True,2015-06-07 20:59:00,0.0536,0.8076,True,1173.4,2015-06-07 20:37:00,0.0063
GC,2015-06-08,Monday,ODR,1175.08,1173.0,2.0799999999999272,1175.7,1172.44,3.259999999999991,True,SHORT,2015-06-08 08:25:00,1172.42,True,,,0.1779,0.5721,,,,,,,False,,,,False,,,
GC,2015-06-08,Monday,RDR,1172.54,1171.56,0.9800000000000182,1172.8,1170.6,2.2000000000000455,True,SHORT,2015-06-08 11:00:00,1170.47,False,True,False,2.3469,2.102,2.102,1169.5,2015-06-08 11:05:00,3.3469,1174.84,2015-06-08 14:23:00,True,2015-06-08 11:05:00,0.0,3.3469,True,1171.6,2015-06-08 11:29:00,0.0408
GC,2015-06-09,Tuesday,ADR,1174.12,1172.52,1.599999999999909,1174.13,1172.45,1.6800000000000637,True,LONG,2015-06-08 20:30:00,1174.53,True,True,True,2.6563,0.0,2.6563,1178.37,2015-06-09 01:01:00,0.2687,1173.69,2015-06-08 20:49:00,True,2015-06-08 21:27:00,0.2687,0.0,True,1173.69,2015-06-08 20:49:00,0.2687
GC,2015-06-09,Tuesday,ODR,1177.49,1175.59,1.900000000000091,1177.64,1175.08,2.560000000000173,True,LONG,2015-06-09 04:25:00,1177.99,True,False,,2.8421,0.0,2.8421,1182.89,2015-06-09 07:39:00,0.0,1177.58,2015-06-09 04:30:00,True,2015-06-09 04:34:00,0.0,0.0,False,,,
GC,2015-06-09,Tuesday,RDR,1180.29,1176.27,4.019999999999982,1180.78,1175.34,5.440000000000055,False,,,,,,,0.0,0.0174,,,,,,,False,,,,False,,,
GC,2015-06-10,Wednesday,ADR,1178.56,1176.56,2.0,1178.78,1176.53,2.25,True,SHORT,2015-06-09 21:45:00,1176.49,False,True,False,1.7,0.67,0.67,1175.22,2015-06-10 00:12:00,2.7,1181.96,2015-06-10 01:56:00,True,2015-06-10 00:08:00,0.36,2.7,True,1176.7,2015-06-09 21:52:00,0.07
GC,2015-06-10,Wednesday,ODR,1185.05,1181.53,3.519999999999982,1185.54,1181.34,4.2000000000000455,True,LONG,2015-06-10 05:55:00,1186.33,True,True,True,2.0511,0.0,2.0511,1192.27,2015-06-10 08:25:00,0.0767,1184.78,2015-06-10 06:44:00,True,2015-06-10 06:00:00,0.0767,0.0767,True,1184.89,2015-06-10 06:41:00,0.0455
GC,2015-06-10,Wednesday,RDR,1190.18,1187.99,2.1900000000000546,1190.27,1187.02,3.25,True,SHORT,2015-06-10 12:15:00,1185.94,True,True,True,0.0,1.0776,1.0776,1185.63,2015-06-10 12:22:00,0.0776,1188.16,2015-06-10 13:04:00,True,2015-06-10 12:20:00,0.0,0.0776,True,1188.04,2015-06-10 13:03:00,0.0228
GC,2015-06-11,Thursday,ADR,1186.26,1185.83,0.43000000000006366,1186.33,1185.83,0.5,True,LONG,2015-06-10 21:25:00,1186.42,True,True,True,3.7674,0.3256,3.7674,1187.88,2015-06-11 00:27:00,1.3256,1185.69,2015-06-11 00:08:00,True,2015-06-10 21:30:00,1.3256,1.3256,True,1186.14,2015-06-10 21:54:00,0.2791
GC,2015-06-11,Thursday,ODR,1184.95,1183.5,1.4500000000000455,1184.95,1182.85,2.1000000000001364,True,SHORT,2015-06-11 05:00:00,1181.2,True,False,,0.0,4.6621,4.6621,1176.74,2015-06-11 08:29:00,0.0,1181.54,2015-06-11 05:08:00,True,2015-06-11 05:05:00,0.0,0.0,False,,,
GC,2015-06-11,Thursday,RDR,1180.71,1178.05,2.660000000000082,1180.83,1177.81,3.019999999999982,True,LONG,2015-06-11 10:35:00,1181.18,True,True,True,0.7068,0.218,0.7068,1182.59,2015-06-11 14:43:00,1.218,1177.47,2015-06-11 11:15:00,True,2015-06-11 14:41:00,1.218,0.0,True,1180.6,2015-06-11 10:40:00,0.0414
GC,2015-06-12,Friday,ADR,1182.07,1181.44,0.6299999999998818,1182.14,1181.33,0.8100000000001728,True,LONG,2015-06-11 20:40:00,1182.35,True,True,True,2.9841,0.0,2.9841,1183.95,2015-06-12 01:34:00,0.2857,1181.89,2015-06-11 21:05:00,True,2015-06-11 20:46:00,0.2857,0.2857,True,1181.89,2015-06-11 21:05:00,0.2857
GC,2015-06-12,Friday,ODR,1183.82,1181.97,1.849999999999909,1184.31,1181.93,2.3799999999998818,True,SHORT,2015-06-12 04:00:00,1181.61,True,False,,0.0,1.8108,1.8108,1178.62,2015-06-12 04:52:00,0.0,1181.66,2015-06-12 04:05:00,True,2015-06-12 04:09:00,0.0,0.0,False,,,
GC,2015-06-12,Friday,RDR,1182.8,1178.44,4.3599999999999,1183.4,1178.07,5.330000000000155,False,,,,,,,0.1468,0.0,,,,,,,False,,,,False,,,
GC,2015-06-15,Monday,ADR,1184.66,1182.23,2.4300000000000637,1184.67,1182.06,2.6100000000001273,True,SHORT,2015-06-14 20:35:00,1181.98,True,True,True,0.0,0.9959,0.9959,1179.81,2015-06-15 01:47:00,0.0288,1182.3,2015-06-14 20:45:00,True,2015-06-14 21:01:00,0.0288,0.0,True,1182.3,2015-06-14 20:45:00,0.0288
GC,2015-06-15,Monday,ODR,1184.55,1178.69,5.8599999999999,1185.04,1177.87,7.170000000000073,True,SHORT,2015-06-15 04:00:00,1177.52,True,True,False,0.0,1.0085,1.0085,1172.78,2015-06-15 06:01:00,0.6041,1182.23,2015-06-15 07:35:00,True,2015-06-15 05:51:00,0.0939,0.6041,True,1179.24,2015-06-15 04:24:00,0.0939
GC,2015-06-15,Monday,RDR,1183.19,1181.13,2.0599999999999454,1183.93,1180.83,3.1000000000001364,True,LONG,2015-06-15 11:25:00,1185.92,True,False,,3.5194,0.0097,3.5194,1190.44,2015-06-15 11:44:00,0.0,1185.7,2015-06-15 14:26:00,True,2015-06-15 11:30:00,0.0,0.0,False,,,
GC,2015-06-16,Tuesday,ADR,1186.23,1184.96,1.2699999999999818,1186.33,1184.95,1.3799999999998818,True,LONG,2015-06-15 21:30:00,1186.52,True,True,False,0.937,0.9528,0.937,1187.42,2015-06-15 23:05:00,1.9528,1183.75,2015-06-15 21:41:00,True,2015-06-15 22:56:00,1.9528,0.9528,True,1186.16,2015-06-15 21:37:00,0.0551
GC,2015-06-16,Tuesday,ODR,1187.56,1182.92,4.639999999999873,1187.8,1181.87,5.930000000000064,True,SHORT,2015-06-16 05:30:00,1181.79,True,True,True,0.0,0.2435,0.2414,1181.8,2015-06-16 05:35:00,0.3491,1184.54,2015-06-16 07:46:00,False,,0.0,,True,1183.04,2015-06-16 05:51:00,0.0259
GC,2015-06-16,Tuesday,RDR,1179.41,1176.47,2.9400000000000546,1179.64,1176.03,3.6100000000001273,True,LONG,2015-06-16 11:45:00,1179.68,True,False,,1.1054,0.0,1.1054,1182.66,2015-06-16 15:50:00,0.0,1179.52,2015-06-16 11:52:00,True,2015-06-16 12:24:00,0.0,0.0,False,,,
GC,2015-06-17,Wednesday,ADR,1182.18,1181.09,1.0900000000001455,1182.23,1181.07,1.1600000000000819,True,SHORT,2015-06-16 20:30:00,1180.8,True,True,True,0.0,2.633,2.633,1178.22,2015-06-17 01:31:00,0.9633,1182.14,2015-06-16 21:38:00,True,2015-06-16 20:37:00,0.9633,0.9633,True,1181.1,2015-06-16 21:12:00,0.0092
GC,2015-06-17,Wednesday,ODR,1180.38,1179.13,1.25,1180.82,1179.03,1.7899999999999636,True,SHORT,2015-06-17 04:50:00,1178.87,True,True,True,0.056,0.992,0.992,1177.89,2015-06-17 08:29:00,0.752,1180.07,2015-06-17 05:15:00,True,2015-06-17 05:34:00,0.752,0.616,True,1179.29,2015-06-17 04:57:00,0.128
GC,2015-06-17,Wednesday,RDR,1179.12,1178.24,0.8799999999998818,1179.29,1178.18,1.1099999999999,True,SHORT,2015-06-17 10:30:00,1178.0,False,True,False,11.3295,4.1818,4.1818,1174.56,2015-06-17 10:49:00,12.3295,1189.09,2015-06-17 15:19:00,True,2015-06-17 10:35:00,0.0,12.3295,True,1178.77,2015-06-17 13:30:00,0.6023
GC,2015-06-18,Thursday,ADR,1186.07,1184.28,1.7899999999999636,1186.45,1184.03,2.4200000000000728,True,LONG,2015-06-17 21:20:00,1186.88,True,False,,1.5754,0.1453,1.5754,1188.89,2015-06-18 01:42:00,0.0,1186.34,2015-06-17 21:49:00,True,2015-06-17 21:25:00,0.0,0.0,False,,,
GC,2015-06-18,Thursday,ODR,1191.57,1187.8,3.769999999999982,1192.1,1187.75,4.349999999999909,True,LONG,2015-06-18 04:10:00,1194.97,True,False,,2.9576,0.0,2.9576,1202.72,2015-06-18 08:25:00,0.0,1194.63,2015-06-18 04:18:00,True,2015-06-18 04:15:00,0.0,0.0,False,,,
GC,2015-06-18,Thursday,RDR,1203.67,1200.91,2.759999999999991,1203.9,1200.25,3.650000000000091,True,LONG,2015-06-18 11:10:00,1204.26,False,True,False,0.721,0.9855,0.721,1205.66,2015-06-18 11:21:00,1.9855,1198.19,2015-06-18 11:54:00,True,2015-06-18 11:21:00,0.0,1.9855,True,1202.85,2015-06-18 11:31:00,0.2971
GC,2015-06-19,Friday,ADR,1201.32,1200.06,1.259999999999991,1201.34,1199.95,1.3899999999998727,True,LONG,2015-06-18 20:55:00,1201.57,False,True,False,0.4127,0.8095,0.4127,1201.84,2015-06-18 21:11:00,1.8095,1199.04,2015-06-18 22:34:00,False,,0.0476,,True,1201.27,2015-06-18 21:01:00,0.0397
GC,2015-06-19,Friday,ODR,1199.83,1198.75,1.0799999999999272,1200.0,1198.31,1.6900000000000546,True,LONG,2015-06-19 05:05:00,1200.37,True,True,True,3.3889,0.1481,3.3889,1203.49,2015-06-19 08:05:00,0.7685,1199.0,2015-06-19 05:36:00,True,2015-06-19 05:10:00,0.7685,0.7685,True,1199.61,2015-06-19 05:32:00,0.2037
GC,2015-06-19,Friday,RDR,1204.03,1202.13,1.8999999999998636,1204.14,1201.93,2.2100000000000364,True,SHORT,2015-06-19 10:55:00,1200.43,True,True,True,0.0,1.8158,1.8158,1198.68,2015-06-19 11:00:00,0.6842,1203.43,2015-06-19 12:11:00,True,2015-06-19 11:00:00,0.0,0.6842,True,1202.35,2015-06-19 12:00:00,0.1158
GC,2015-06-22,Monday,ADR,1199.14,1198.19,0.9500000000000455,1199.24,1198.12,1.1200000000001182,True,LONG,2015-06-21 20:50:00,1199.25,False,True,False,0.9263,0.8947,0.9263,1200.02,2015-06-21 22:45:00,1.8947,1197.34,2015-06-22 01:55:00,True,2015-06-21 20:55:00,1.1579,1.8947,True,1199.11,2015-06-21 21:32:00,0.0316
GC,2015-06-22,Monday,ODR,1197.66,1195.06,2.6000000000001364,1197.89,1194.74,3.150000000000091,True,SHORT,2015-06-22 04:30:00,1194.6,True,True,True,0.0,1.5385,1.5385,1191.06,2015-06-22 08:21:00,0.4269,1196.17,2015-06-22 05:04:00,True,2015-06-22 05:40:00,0.4269,0.1231,True,1195.2,2015-06-22 04:39:00,0.0538
GC,2015-06-22,Monday,RDR,1187.27,1182.73,4.539999999999964,1188.18,1182.11,6.070000000000164,False,,,,,,,0.0,0.0,,,,,,,False,,,,False,,,
GC,2015-06-23,Tuesday,ADR,1186.29,1184.33,1.9600000000000364,1186.35,1184.33,2.019999999999982,True,LONG,2015-06-22 20:45:00,1186.43,True,True,True,0.9133,0.0,0.9133,1188.08,2015-06-22 22:03:00,0.6276,1185.06,2015-06-22 21:02:00,True,2015-06-22 21:10:00,0.6276,0.4745,True,1186.24,2015-06-22 20:55:00,0.0255
GC,2015-06-23,Tuesday,ODR,1186.43,1183.45,2.980000000000018,1186.93,1183.43,3.5,True,SHORT,2015-06-23 04:20:00,1183.41,True,True,True,0.0,1.2819,1.2819,1179.63,2015-06-23 07:59:00,0.5168,1184.99,2015-06-23 05:06:00,True,2015-06-23 07:06:00,0.5168,0.0,True,1183.48,2015-06-23 04:25:00,0.0101
GC,2015-06-23,Tuesday,RDR,1179.7,1177.92,1.7799999999999727,1180.35,1177.63,2.7199999999998,True,SHORT,2015-06-23 11:00:00,1177.23,True,True,True,0.0562,0.9382,0.9382,1176.25,2015-06-23 14:00:00,0.6292,1179.04,2015-06-23 11:44:00,True,2015-06-23 13:28:00,0.6292,0.0,True,1178.0,2015-06-23 11:12:00,0.0449
GC,2015-06-24,Wednesday,ADR,1179.26,1178.05,1.2100000000000364,1179.39,1178.04,1.3500000000001364,True,SHORT,2015-06-23 21:00:00,1177.89,True,True,True,0.0,1.6694,1.6694,1176.03,2015-06-23 21:35:00,0.4215,1178.56,2015-06-24 01:20:00,True,2015-06-23 21:05:00,0.0331,0.4215,True,1178.09,2015-06-23 21:06:00,0.0331
GC,2015-06-24,Wednesday,ODR,1178.72,1174.8,3.9200000000000728,1178.77,1173.98,4.789999999999964,True,LONG,2015-06-24 05:55:00,1179.51,True,True,False,0.3903,0.0128,0.2832,1179.83,2015-06-24 06:09:00,1.0128,1174.75,2015-06-24 08:21:00,False,,0.0,,True,1178.63,2015-06-24 06:13:00,0.023
GC,2015-06-24,Wednesday,RDR,1175.0,1172.29,2.7100000000000364,1175.72,1172.06,3.660000000000082,True,SHORT,2015-06-24 10:30:00,1171.97,True,True,False,0.0517,0.3469,0.3395,1171.37,2015-06-24 10:36:00,1.0517,1175.14,2015-06-24 13:48:00,False,,0.0,,True,1172.3,2015-06-24 10:39:00,0.0037
GC,2015-06-25,Thursday,ADR,1175.98,1175.19,0.7899999999999636,1176.02,1175.04,0.9800000000000182,True,LONG,2015-06-24 20:30:00,1176.08,False,True,True,2.5823,0.557,2.5823,1178.02,2015-06-25 00:28:00,1.557,1174.75,2015-06-24 21:31:00,True,2015-06-24 22:26:00,1.557,0.0,True,1175.98,2015-06-24 20:35:00,0.0
GC,2015-06-25,Thursday,ODR,1177.02,1175.9,1.1199999999998909,1177.37,1175.63,1.7399999999997817,True,SHORT,2015-06-25 04:05:00,1175.51,True,True,True,0.0,3.6339,3.6339,1171.83,2015-06-25 06:21:00,0.1786,1176.1,2015-06-25 05:20:00,True,2015-06-25 04:10:00,0.1786,0.1786,True,1175.97,2015-06-25 05:19:00,0.0625
GC,2015-06-25,Thursday,RDR,1174.6,1172.45,2.1499999999998636,1175.39,1171.6,3.790000000000191,False,,,,,,,0.0,0.1163,,,,,,,False,,,,False,,,
GC,2015-06-26,Friday,ADR,1175.07,1174.05,1.0199999999999818,1175.19,1174.04,1.150000000000091,True,SHORT,2015-06-25 22:10:00,1173.99,False,True,True,0.0392,0.5784,0.5784,1173.46,2015-06-26 01:52:00,1.0392,1175.11,2015-06-25 22:29:00,True,2015-06-26 01:50:00,1.0392,0.0,True,1174.26,2015-06-25 22:15:00,0.2059
GC,2015-06-26,Friday,ODR,1176.09,1170.76,5.329999999999927,1176.81,1170.18,6.629999999999882,True,LONG,2015-06-26 04:30:00,1177.79,True,True,False,0.469,0.0,0.4315,1178.39,2015-06-26 04:36:00,0.7917,1171.87,2015-06-26 08:22:00,False,,0.0,,True,1176.02,2015-06-26 05:25:00,0.0131
GC,2015-06-26,Friday,RDR,1171.34,1170.12,1.2200000000000273,1172.05,1169.52,2.5299999999999727,True,LONG,2015-06-26 10:40:00,1172.06,True,True,True,3.1066,0.0,3.1066,1175.13,2015-06-26 15:54:00,0.1721,1171.13,2015-06-26 11:11:00,True,2015-06-26 10:45:00,0.1721,0.1721,True,1171.18,2015-06-26 11:09:00,0.1311
GC,2015-06-29,Monday,ADR,1186.72,1183.65,3.0699999999999363,1187.44,1183.18,4.259999999999991,True,SHORT,2015-06-28 21:10:00,1182.82,True,True,False,0.0,1.2476,1.2476,1179.82,2015-06-28 21:35:00,0.3485,1184.72,2015-06-29 01:31:00,True,2015-06-28 21:23:00,0.0,0.3485,True,1183.83,2015-06-29 01:10:00,0.0586
GC,2015-06-29,Monday,ODR,1181.28,1177.67,3.6099999999999,1181.59,1177.21,4.379999999999882,True,SHORT,2015-06-29 05:30:00,1176.59,False,True,False,0.6648,0.4432,0.4432,1176.07,2015-06-29 05:35:00,1.6648,1183.68,2015-06-29 08:28:00,False,,0.0,,True,1177.68,2015-06-29 06:09:00,0.0028
GC,2015-06-29,Monday,RDR,1177.14,1174.37,2.770000000000209,1177.48,1173.86,3.6200000000001182,True,LONG,2015-06-29 11:00:00,1177.52,True,False,,1.2708,0.0,1.2708,1180.66,2015-06-29 13:36:00,0.0,1177.34,2015-06-29 11:23:00,True,2015-06-29 11:08:00,0.0,0.0,False,,,
GC,2015-06-30,Tuesday,ADR,1179.82,1178.54,1.2799999999999727,1179.82,1178.26,1.5599999999999454,True,LONG,2015-06-29 20:30:00,1180.32,False,True,False,0.4922,2.1484,0.4922,1180.45,2015-06-29 20:35:00,3.1484,1175.79,2015-06-30 00:32:00,False,,0.0,,True,1179.82,2015-06-29 20:50:00,0.0
GC,2015-06-30,Tuesday,ODR,1177.0,1174.17,2.8299999999999272,1177.26,1174.12,3.1400000000001,True,SHORT,2015-06-30 06:05:00,1172.49,True,True,True,0.1519,1.6113,1.6113,1169.61,2015-06-30 08:04:00,0.1095,1174.48,2015-06-30 06:53:00,True,2015-06-30 06:10:00,0.1095,0.1095,True,1174.17,2015-06-30 06:43:00,0.0
GC,2015-06-30,Tuesday,RDR,1171.4,1169.96,1.4400000000000546,1171.84,1169.37,2.4700000000000273,True,SHORT,2015-06-30 11:00:00,1167.78,False,True,False,5.2431,2.2153,2.0764,1166.97,2015-06-30 11:05:00,6.2431,1178.95,2015-06-30 12:05:00,True,2015-06-30 11:05:00,0.0,6.2431,True,1170.04,2015-06-30 11:28:00,0.0556
GC,2015-07-01,Wednesday,ODR,1174.23,1172.59,1.6400000000001,1174.63,1172.3,2.3300000000001546,True,SHORT,2015-07-01 05:05:00,1171.58,True,True,True,0.2561,2.5915,2.5915,1168.34,2015-07-01 08:23:00,0.2439,1172.99,2015-07-01 07:01:00,True,2015-07-01 05:10:00,0.2439,0.2439,True,1172.71,2015-07-01 05:30:00,0.0732
GC,2015-07-01,Wednesday,RDR,1172.45,1167.58,4.870000000000118,1173.36,1167.58,5.779999999999973,False,,,,,,,0.0493,0.0,,,,,,,False,,,,False,,,
GC,2015-07-02,Thursday,ADR,1168.72,1168.05,0.6700000000000728,1168.72,1167.92,0.7999999999999545,True,SHORT,2015-07-01 20:35:00,1167.87,True,True,True,0.0,1.5373,1.5373,1167.02,2015-07-01 21:25:00,0.6269,1168.47,2015-07-01 20:58:00,True,2015-07-01 21:05:00,0.6269,0.6269,True,1168.13,2015-07-01 20:46:00,0.1194
GC,2015-07-02,Thursday,ODR,1165.51,1163.75,1.759999999999991,1165.54,1162.69,2.849999999999909,True,LONG,2015-07-02 04:20:00,1165.76,False,True,False,0.5909,3.8182,0.2841,1166.01,2015-07-02 04:25:00,4.8182,1157.03,2015-07-02 08:28:00,False,,0.0,,True,1165.44,2015-07-02 04:27:00,0.0398
GC,2015-07-02,Thursday,RDR,1166.15,1164.39,1.759999999999991,1166.49,1163.78,2.7100000000000364,True,SHORT,2015-07-02 10:55:00,1163.36,True,True,False,0.0,1.3182,1.3182,1162.07,2015-07-02 11:08:00,0.7898,1165.78,2015-07-02 15:59:00,True,2015-07-02 11:00:00,0.0,0.7898,True,1164.49,2015-07-02 11:30:00,0.0568
GC,2015-07-03,Friday,ADR,1167.5,1165.72,1.7799999999999727,1167.59,1165.43,2.1599999999998545,True,LONG,2015-07-03 00:10:00,1167.61,True,True,False,0.1798,0.1742,0.1798,1167.82,2015-07-03 00:17:00,0.7247,1166.21,2015-07-03 01:40:00,False,,0.0,,True,1167.33,2015-07-03 00:32:00,0.0955
GC,2015-07-03,Friday,ODR,1169.37,1167.41,1.959999999999809,1170.19,1167.13,3.0599999999999454,False,,,,,,,0.1786,0.0,,,,,,,False,,,,False,,,
GC,2015-07-03,Friday,RDR,1168.87,1167.34,1.5299999999999727,1169.82,1166.18,3.6399999999998727,False,,,,,,,0.6928,0.8758,,,,,,,False,,,,False,,,
GC,2015-07-06,Monday,ADR,1174.3,1171.89,2.4099999999998545,1174.3,1171.89,2.4099999999998545,True,SHORT,2015-07-05 20:30:00,1171.67,True,True,True,0.0,2.3154,2.3154,1166.31,2015-07-06 01:36:00,0.0498,1172.01,2015-07-05 20:59:00,True,2015-07-05 21:02:00,0.0498,0.0,True,1172.01,2015-07-05 20:59:00,0.0498
GC,2015-07-06,Monday,ODR,1167.97,1164.12,3.8500000000001364,1168.15,1163.29,4.860000000000127,False,,,,,,,0.0,0.3247,,,,,,,False,,,,False,,,
GC,2015-07-06,Monday,RDR,1166.74,1164.85,1.8900000000001,1167.36,1164.42,2.939999999999827,True,LONG,2015-07-06 10:35:00,1167.52,True,True,True,4.0476,0.0,4.0476,1174.39,2015-07-06 13:00:00,0.254,1166.26,2015-07-06 11:10:00,True,2015-07-06 10:40:00,0.254,0.254,True,1166.26,2015-07-06 11:10:00,0.254
GC,2015-07-07,Tuesday,ADR,1169.87,1169.02,0.849999999999909,1169.89,1169.01,0.8800000000001091,True,SHORT,2015-07-06 20:55:00,1168.69,True,True,True,0.0,2.4824,2.4824,1166.91,2015-07-07 01:30:00,0.6,1169.53,2015-07-06 21:55:00,True,2015-07-06 21:00:00,0.6,0.6,True,1169.03,2015-07-06 21:17:00,0.0118
GC,2015-07-07,Tuesday,ODR,1168.4,1166.98,1.4200000000000728,1168.69,1166.46,2.230000000000018,True,SHORT,2015-07-07 05:25:00,1166.0,True,True,True,0.0,2.1831,2.1831,1163.88,2015-07-07 08:25:00,0.7746,1168.08,2015-07-07 06:06:00,True,2015-07-07 05:30:00,0.7746,0.7746,True,1167.0,2015-07-07 05:54:00,0.0141
GC,2015-07-07,Tuesday,RDR,1159.22,1150.64,8.579999999999927,1159.35,1150.03,9.319999999999936,False,,,,,,,0.0,0.3193,,,,,,,False,,,,False,,,
GC,2015-07-08,Wednesday,ADR,1156.12,1154.36,1.759999999999991,1156.43,1154.16,2.269999999999982,True,SHORT,2015-07-07 21:00:00,1153.67,True,True,True,0.2443,2.1591,2.1591,1150.56,2015-07-08 01:59:00,0.2045,1154.72,2015-07-07 21:12:00,True,2015-07-07 21:05:00,0.2045,0.2045,True,1154.72,2015-07-07 21:12:00,0.2045
GC,2015-07-08,Wednesday,ODR,1153.06,1147.84,5.220000000000027,1153.64,1147.29,6.350000000000136,True,LONG,2015-07-08 04:00:00,1154.43,True,True,True,0.9387,0.0,0.9387,1157.96,2015-07-08 07:38:00,0.2318,1151.85,2015-07-08 05:14:00,True,2015-07-08 07:18:00,0.2318,0.0,True,1152.76,2015-07-08 04:15:00,0.0575
GC,2015-07-08,Wednesday,RDR,1163.51,1158.9,4.6099999999999,1163.73,1158.88,4.849999999999909,True,LONG,2015-07-08 13:25:00,1164.3,False,True,False,0.2408,0.0304,0.1692,1164.29,2015-07-08 13:30:00,1.0304,1158.76,2015-07-08 15:59:00,False,,0.0,,True,1163.36,2015-07-08 13:35:00,0.0325
GC,2015-07-09,Thursday,ADR,1158.61,1156.4,2.209999999999809,1158.71,1156.05,2.660000000000082,True,LONG,2015-07-08 21:55:00,1158.96,True,True,True,2.2851,0.1991,2.2851,1163.66,2015-07-09 01:46:00,0.5611,1157.37,2015-07-08 23:16:00,True,2015-07-09 01:28:00,0.5611,0.0,True,1158.29,2015-07-08 22:00:00,0.1448
GC,2015-07-09,Thursday,ODR,1164.36,1162.13,2.229999999999791,1164.75,1162.06,2.6900000000000546,True,SHORT,2015-07-09 05:50:00,1161.82,True,True,False,0.0493,0.8879,0.8879,1160.15,2015-07-09 08:15:00,0.7399,1163.78,2015-07-09 08:24:00,True,2015-07-09 08:15:00,0.5561,0.7399,True,1162.19,2015-07-09 05:56:00,0.0269
GC,2015-07-09,Thursday,RDR,1166.36,1164.02,2.339999999999918,1167.52,1163.89,3.6299999999998818,True,SHORT,2015-07-09 10:30:00,1163.29,True,True,True,0.0,1.9573,1.9573,1159.44,2015-07-09 13:33:00,0.1282,1164.32,2015-07-09 11:12:00,True,2015-07-09 10:36:00,0.1282,0.1282,True,1164.24,2015-07-09 11:08:00,0.094
GC,2015-07-10,Friday,ADR,1161.2,1158.07,3.130000000000109,1161.26,1157.77,3.490000000000009,True,LONG,2015-07-09 22:45:00,1162.13,True,True,True,0.5208,0.0447,0.5208,1162.83,2015-07-10 01:59:00,0.3482,1160.11,2015-07-09 23:32:00,True,2015-07-10 01:59:00,0.3482,0.0,True,1161.14,2015-07-09 22:56:00,0.0192
GC,2015-07-10,Friday,ODR,1163.14,1161.43,1.7100000000000364,1163.73,1161.27,2.4600000000000364,True,SHORT,2015-07-10 08:20:00,1161.2,True,True,True,0.4854,0.6199,0.1988,1161.09,2015-07-10 08:26:00,0.2047,1161.78,2015-07-10 08:27:00,False,,0.0702,,True,1161.55,2015-07-10 08:25:00,0.0702
GC,2015-07-10,Friday,RDR,1160.54,1159.46,1.0799999999999272,1161.61,1158.6,3.009999999999991,True,LONG,2015-07-10 11:45:00,1161.67,False,True,True,4.4907,1.1574,4.4907,1165.39,2015-07-10 12:20:00,2.1574,1158.21,2015-07-10 13:17:00,True,2015-07-10 11:50:00,0.0,2.1574,True,1160.28,2015-07-10 12:30:00,0.2407
GC,2015-07-13,Monday,ADR,1162.83,1161.57,1.259999999999991,1163.03,1161.32,1.7100000000000364,True,LONG,2015-07-12 20:40:00,1163.42,False,True,False,1.0952,1.7619,1.0952,1164.21,2015-07-12 20:47:00,2.7619,1159.35,2015-07-13 00:38:00,True,2015-07-12 20:47:00,0.0,2.7619,True,1162.66,2015-07-12 21:00:00,0.1349
GC,2015-07-13,Monday,ODR,1161.3,1154.25,7.0499999999999545,1161.48,1153.93,7.5499999999999545,False,,,,,,,0.0,0.0567,,,,,,,False,,,,False,,,
GC,2015-07-13,Monday,RDR,1154.31,1152.01,2.2999999999999545,1154.78,1151.29,3.490000000000009,True,LONG,2015-07-13 11:15:00,1155.25,True,False,,2.1652,0.0,2.1652,1159.29,2015-07-13 11:31:00,0.0,1155.19,2015-07-13 11:20:00,True,2015-07-13 11:20:00,0.0,0.0,False,,,
GC,2015-07-14,Tuesday,ADR,1156.9,1155.72,1.1800000000000637,1156.95,1155.71,1.240000000000009,True,SHORT,2015-07-13 20:30:00,1155.6,True,True,False,0.2203,0.8898,0.8898,1154.67,2015-07-14 01:05:00,1.2203,1157.16,2015-07-14 01:45:00,True,2015-07-13 21:17:00,0.7797,1.2203,True,1155.74,2015-07-13 20:37:00,0.0169
GC,2015-07-14,Tuesday,ODR,1154.94,1153.97,0.9700000000000273,1155.29,1153.22,2.0699999999999363,True,LONG,2015-07-14 08:20:00,1155.6,True,True,False,0.7938,1.1237,0.7113,1155.63,2015-07-14 08:25:00,0.2371,1154.71,2015-07-14 08:29:00,True,2015-07-14 08:25:00,0.0,0.2371,True,1154.71,2015-07-14 08:29:00,0.2371
GC,2015-07-14,Tuesday,RDR,1158.39,1156.48,1.9100000000000819,1158.56,1156.38,2.1799999999998363,True,SHORT,2015-07-14 10:30:00,1155.83,True,False,,0.0,1.3298,1.3298,1153.94,2015-07-14 13:47:00,0.0,1156.31,2015-07-14 11:03:00,True,2015-07-14 10:38:00,0.0,0.0,False,,,
GC,2015-07-15,Wednesday,ADR,1156.44,1155.78,0.6600000000000819,1156.49,1155.75,0.7400000000000091,True,SHORT,2015-07-14 21:30:00,1155.16,True,True,True,0.0455,2.8636,2.8636,1153.89,2015-07-15 01:43:00,0.4091,1156.05,2015-07-14 21:52:00,True,2015-07-14 21:35:00,0.4091,0.4091,True,1155.96,2015-07-14 21:45:00,0.2727
GC,2015-07-15,Wednesday,ODR,1155.17,1154.39,0.7799999999999727,1155.38,1154.07,1.3100000000001728,True,LONG,2015-07-15 05:45:00,1155.46,False,True,False,0.8205,0.9615,0.8205,1155.81,2015-07-15 05:56:00,1.9615,1153.64,2015-07-15 08:00:00,True,2015-07-15 05:55:00,0.7436,1.9615,True,1155.03,2015-07-15 05:52:00,0.1795
GC,2015-07-15,Wednesday,RDR,1148.87,1147.28,1.5899999999999181,1149.36,1146.81,2.5499999999999545,True,SHORT,2015-07-15 10:50:00,1146.7,False,True,False,0.3333,2.6101,2.6101,1143.13,2015-07-15 11:05:00,1.3333,1149.4,2015-07-15 13:47:00,True,2015-07-15 10:57:00,0.0,1.3333,True,1148.34,2015-07-15 12:15:00,0.6667
GC,2015-07-16,Thursday,ADR,1148.91,1147.62,1.290000000000191,1148.96,1147.47,1.490000000000009,True,SHORT,2015-07-15 21:10:00,1147.36,True,True,True,0.0,1.2326,1.2326,1146.03,2015-07-15 22:40:00,0.3256,1148.04,2015-07-16 00:17:00,True,2015-07-15 21:25:00,0.1318,0.3256,True,1147.73,2015-07-15 21:18:00,0.0853
GC,2015-07-16,Thursday,ODR,1147.29,1145.24,2.0499999999999545,1147.46,1144.92,2.5399999999999636,True,SHORT,2015-07-16 06:05:00,1144.72,True,True,True,0.0,1.3171,1.3171,1142.54,2015-07-16 08:29:00,0.1317,1145.51,2015-07-16 07:26:00,True,2015-07-16 06:20:00,0.1317,0.1317,True,1145.27,2015-07-16 06:23:00,0.0146
GC,2015-07-16,Thursday,RDR,1146.94,1143.82,3.1200000000001182,1147.54,1143.4,4.139999999999873,False,,,,,,,0.0,0.0705,,,,,,,False,,,,False,,,
GC,2015-07-17,Friday,ADR,1145.16,1144.49,0.6700000000000728,1145.16,1144.41,0.75,True,SHORT,2015-07-16 20:35:00,1144.22,True,True,False,0.0,1.2687,1.2687,1143.64,2015-07-16 21:07:00,0.8955,1145.09,2015-07-16 22:33:00,True,2015-07-16 20:44:00,0.0,0.8955,True,1144.69,2015-07-16 21:15:00,0.2985
GC,2015-07-17,Friday,ODR,1145.36,1144.61,0.75,1145.7,1144.44,1.259999999999991,True,SHORT,2015-07-17 04:30:00,1144.29,True,False,,0.36,2.1867,2.1867,1142.97,2015-07-17 05:41:00,0.0,1144.59,2015-07-17 07:24:00,True,2015-07-17 04:35:00,0.0,0.0,False,,,
GC,2015-07-17,Friday,RDR,1138.32,1131.45,6.869999999999891,1138.8,1131.14,7.6599999999998545,False,,,,,,,0.0,0.0495,,,,,,,False,,,,False,,,
GC,2015-07-20,Monday,ADR,1132.69,1131.11,1.5800000000001546,1132.78,1130.92,1.8599999999999,True,LONG,2015-07-19 21:05:00,1132.88,False,True,False,0.1329,29.5443,0.1329,1132.9,2015-07-19 21:12:00,30.5443,1084.43,2015-07-19 21:29:00,False,,0.1962,,True,1132.38,2015-07-19 21:10:00,0.1962
GC,2015-07-20,Monday,ODR,1117.3,1115.25,2.0499999999999545,1118.26,1113.9,4.3599999999999,True,SHORT,2015-07-20 05:40:00,1113.8,True,True,True,0.0,2.3024,2.3024,1110.53,2015-07-20 06:30:00,0.4049,1116.08,2015-07-20 07:11:00,True,2015-07-20 05:45:00,0.0,0.4049,True,1115.38,2015-07-20 07:03:00,0.0634
GC,2015-07-20,Monday,RDR,1112.14,1104.4,7.740000000000009,1112.58,1101.79,10.789999999999964,False,,,,,,,0.0207,0.2558,,,,,,,False,,,,False,,,
GC,2015-07-21,Tuesday,ADR,1100.72,1098.22,2.5,1100.77,1098.12,2.650000000000091,True,LONG,2015-07-20 20:30:00,1101.07,True,True,True,2.036,0.0,2.036,1105.81,2015-07-20 21:13:00,0.384,1099.76,2015-07-20 20:44:00,True,2015-07-20 20:59:00,0.384,0.0,True,1100.64,2015-07-20 20:35:00,0.032
GC,2015-07-21,Tuesday,ODR,1107.56,1104.4,3.1599999999998545,1108.86,1104.33,4.529999999999973,False,,,,,,,0.7089,0.0032,,,,,,,False,,,,False,,,
GC,2015-07-21,Tuesday,RDR,1108.75,1104.03,4.720000000000027,1109.17,1103.9,5.269999999999982,True,SHORT,2015-07-21 13:40:00,1103.03,True,False,,0.0,1.2267,1.2267,1098.24,2015-07-21 15:45:00,0.0,1103.53,2015-07-21 14:12:00,True,2015-07-21 14:36:00,0.0,0.0,False,,,
GC,2015-07-22,Wednesday,ADR,1102.7,1099.59,3.1100000000001273,1102.72,1099.19,3.5299999999999727,True,SHORT,2015-07-21 21:35:00,1097.85,True,False,,0.0,2.5884,2.5884,1091.54,2015-07-22 01:55:00,0.0,1098.69,2015-07-21 21:41:00,True,2015-07-21 21:40:00,0.0,0.0,False,,,
GC,2015-07-22,Wednesday,ODR,1094.99,1092.62,2.3700000000001182,1095.35,1092.16,3.189999999999827,True,LONG,2015-07-22 04:25:00,1095.37,False,True,False,0.5865,2.2911,0.5865,1096.38,2015-07-22 05:36:00,3.2911,1087.19,2015-07-22 08:01:00,True,2015-07-22 05:33:00,0.7089,3.2911,True,1094.63,2015-07-22 04:32:00,0.1519
GC,2015-07-22,Wednesday,RDR,1091.35,1087.76,3.589999999999918,1091.44,1087.02,4.420000000000073,True,LONG,2015-07-22 10:55:00,1093.56,True,True,True,1.3538,0.0,1.3538,1096.21,2015-07-22 11:35:00,0.0669,1091.11,2015-07-22 11:16:00,True,2015-07-22 11:00:00,0.0669,0.0669,True,1091.3,2015-07-22 11:08:00,0.0139
GC,2015-07-23,Thursday,ADR,1094.73,1093.67,1.0599999999999454,1095.01,1093.63,1.3799999999998818,True,LONG,2015-07-22 21:30:00,1095.44,True,False,,4.7736,0.1887,4.7736,1099.79,2015-07-23 01:03:00,0.0,1095.09,2015-07-22 21:36:00,True,2015-07-22 21:35:00,0.0,0.0,False,,,
GC,2015-07-23,Thursday,ODR,1104.11,1096.12,7.990000000000009,1105.34,1095.79,9.549999999999955,False,,,,,,,0.1965,0.0,,,,,,,False,,,,False,,,
GC,2015-07-23,Thursday,RDR,1098.34,1095.31,3.0299999999999727,1098.6,1095.29,3.3099999999999454,True,SHORT,2015-07-23 10:45:00,1095.01,True,True,True,0.0,2.67,2.67,1087.22,2015-07-23 15:57:00,0.4059,1096.54,2015-07-23 12:35:00,True,2015-07-23 10:57:00,0.4059,0.4059,True,1096.01,2015-07-23 12:30:00,0.231
GC,2015-07-24,Friday,ADR,1090.99,1089.47,1.5199999999999818,1091.1,1089.19,1.9099999999998545,True,SHORT,2015-07-23 21:00:00,1083.63,True,False,,0.0,8.0724,8.0724,1077.2,2015-07-23 22:06:00,0.0,1085.86,2015-07-23 21:25:00,True,2015-07-23 21:05:00,0.0,0.0,False,,,
GC,2015-07-24,Friday,ODR,1085.68,1082.86,2.8200000000001637,1085.72,1082.38,3.339999999999918,True,SHORT,2015-07-24 06:10:00,1081.7,True,False,,0.0,1.9043,1.9043,1077.49,2015-07-24 07:43:00,0.0,1082.49,2015-07-24 06:22:00,True,2015-07-24 06:37:00,0.0,0.0,False,,,
GC,2015-07-24,Friday,RDR,1084.69,1079.52,5.170000000000073,1084.78,1079.17,5.6099999999999,True,LONG,2015-07-24 11:20:00,1088.86,True,True,True,3.2534,0.0,3.2534,1101.51,2015-07-24 14:31:00,0.0928,1084.21,2015-07-24 11:51:00,True,2015-07-24 11:25:00,0.0928,0.0928,True,1084.69,2015-07-24 11:50:00,0.0
GC,2015-07-27,Monday,ADR,1097.49,1096.01,1.4800000000000182,1097.64,1096.01,1.6300000000001091,True,SHORT,2015-07-26 20:30:00,1095.76,False,True,False,2.0068,1.1486,1.1486,1094.31,2015-07-26 21:26:00,3.0068,1100.46,2015-07-27 01:45:00,True,2015-07-26 21:25:00,0.6824,3.0068,True,1096.18,2015-07-26 20:44:00,0.1149
GC,2015-07-27,Monday,ODR,1104.85,1102.76,2.089999999999918,1104.97,1102.35,2.6200000000001182,True,SHORT,2015-07-27 04:55:00,1102.3,True,False,,0.0,6.5598,6.5598,1089.05,2015-07-27 08:27:00,0.0,1102.31,2015-07-27 05:02:00,True,2015-07-27 05:03:00,0.0,0.0,False,,,
GC,2015-07-27,Monday,RDR,1099.66,1094.03,5.630000000000109,1102.03,1093.83,8.200000000000045,True,SHORT,2015-07-27 15:10:00,1093.73,True,True,True,0.0,0.3446,0.3446,1092.09,2015-07-27 15:18:00,0.1528,1094.89,2015-07-27 15:53:00,False,,0.0,,True,1094.04,2015-07-27 15:25:00,0.0018
GC,2015-07-28,Tuesday,ADR,1094.25,1092.45,1.7999999999999545,1094.55,1092.35,2.2000000000000455,True,LONG,2015-07-27 21:00:00,1094.65,True,True,True,1.6722,0.0222,1.6722,1097.26,2015-07-28 01:51:00,1.0222,1092.41,2015-07-27 21:37:00,True,2015-07-27 21:06:00,1.0222,1.0222,True,1093.99,2015-07-27 21:28:00,0.1444
GC,2015-07-28,Tuesday,ODR,1097.02,1095.71,1.3099999999999454,1097.22,1095.34,1.8800000000001091,True,SHORT,2015-07-28 04:10:00,1094.86,True,True,True,0.0,3.1603,3.1603,1091.57,2015-07-28 06:32:00,0.458,1096.31,2015-07-28 04:22:00,True,2015-07-28 04:15:00,0.458,0.458,True,1095.72,2015-07-28 04:19:00,0.0076
GC,2015-07-28,Tuesday,RDR,1097.7,1094.56,3.1400000000001,1098.96,1094.45,4.509999999999991,True,SHORT,2015-07-28 11:45:00,1094.26,True,True,False,0.0,0.2548,0.2548,1093.76,2015-07-28 11:55:00,0.8885,1097.35,2015-07-28 13:34:00,False,,0.0701,,True,1094.67,2015-07-28 11:52:00,0.035
GC,2015-07-29,Wednesday,ADR,1095.89,1095.46,0.43000000000006366,1096.12,1095.37,0.75,True,SHORT,2015-07-28 20:30:00,1095.08,False,True,False,7.8837,2.0,2.0,1094.6,2015-07-28 20:35:00,8.8837,1099.28,2015-07-29 01:52:00,True,2015-07-28 20:35:00,0.0,8.8837,True,1095.52,2015-07-28 20:41:00,0.1395
GC,2015-07-29,Wednesday,ODR,1098.05,1096.75,1.2999999999999545,1098.27,1096.08,2.1900000000000546,True,SHORT,2015-07-29 06:50:00,1095.92,True,False,,0.4231,2.8308,2.8308,1093.07,2015-07-29 08:22:00,0.0,1096.74,2015-07-29 07:31:00,True,2015-07-29 06:55:00,0.0,0.0,False,,,
GC,2015-07-29,Wednesday,RDR,1094.4,1091.61,2.790000000000191,1094.61,1090.4,4.209999999999809,True,LONG,2015-07-29 10:45:00,1095.4,True,True,True,2.6989,0.0,2.6989,1101.93,2015-07-29 14:03:00,0.3405,1093.45,2015-07-29 11:06:00,True,2015-07-29 11:36:00,0.3405,0.2939,True,1094.1,2015-07-29 10:57:00,0.1075
GC,2015-07-30,Thursday,ADR,1097.5,1096.81,0.6900000000000546,1097.55,1096.76,0.7899999999999636,True,LONG,2015-07-29 20:45:00,1097.73,False,True,False,1.6232,6.5507,1.6232,1098.62,2015-07-29 20:52:00,7.5507,1092.29,2015-07-29 23:29:00,True,2015-07-29 20:50:00,0.0,7.5507,True,1096.97,2015-07-29 21:03:00,0.7681
GC,2015-07-30,Thursday,ODR,1086.73,1084.82,1.9100000000000819,1086.96,1084.52,2.4400000000000546,True,LONG,2015-07-30 06:30:00,1087.09,False,True,False,0.6283,0.4398,0.6283,1087.93,2015-07-30 06:43:00,1.4398,1083.98,2015-07-30 08:21:00,True,2015-07-30 06:43:00,0.0,1.4398,True,1086.72,2015-07-30 07:00:00,0.0052
GC,2015-07-30,Thursday,RDR,1092.77,1084.36,8.410000000000082,1093.09,1083.79,9.299999999999955,True,LONG,2015-07-30 10:55:00,1093.92,True,True,False,0.3175,0.0,0.264,1094.99,2015-07-30 11:09:00,0.6409,1087.38,2015-07-30 15:51:00,False,,0.0,,True,1092.45,2015-07-30 11:32:00,0.038
GC,2015-07-31,Friday,ADR,1089.08,1087.88,1.199999999999818,1089.39,1087.88,1.509999999999991,True,SHORT,2015-07-30 21:00:00,1087.26,True,False,,0.1917,3.4833,3.4833,1083.7,2015-07-31 01:31:00,0.0,1087.42,2015-07-30 21:05:00,True,2015-07-30 21:05:00,0.0,0.0,False,,,
GC,2015-07-31,Friday,ODR,1083.58,1081.69,1.8899999999998727,1083.72,1081.18,2.5399999999999636,True,SHORT,2015-07-31 05:30:00,1080.52,False,True,False,0.3915,0.8995,0.8995,1079.99,2015-07-31 05:38:00,1.3915,1084.32,2015-07-31 08:24:00,True,2015-07-31 05:35:00,0.0,1.3915,True,1081.88,2015-07-31 05:54:00,0.1005
GC,2015-07-31,Friday,RDR,1100.27,1094.97,5.2999999999999545,1103.41,1094.21,9.200000000000045,True,SHORT,2015-07-31 10:35:00,1093.64,True,True,True,0.0,0.4283,0.4226,1092.73,2015-07-31 11:03:00,0.7472,1098.93,2015-07-31 14:00:00,False,,0.0,,True,1095.31,2015-07-31 11:18:00,0.0642
GC,2015-08-03,Monday,ADR,1094.38,1092.29,2.0900000000001455,1094.59,1091.99,2.599999999999909,True,LONG,2015-08-02 23:00:00,1095.06,True,False,,1.4593,0.1531,1.4593,1097.43,2015-08-02 23:19:00,0.0,1094.54,2015-08-03 01:31:00,True,2015-08-02 23:09:00,0.0,0.0,False,,,
GC,2015-08-03,Monday,ODR,1097.47,1093.32,4.150000000000091,1097.55,1093.2,4.349999999999909,True,SHORT,2015-08-03 04:10:00,1092.81,True,True,True,0.0,0.7735,0.7735,1090.11,2015-08-03 08:28:00,0.2096,1094.19,2015-08-03 05:12:00,True,2015-08-03 07:37:00,0.2096,0.0,True,1093.44,2015-08-03 04:21:00,0.0289
GC,2015-08-03,Monday,RDR,1092.82,1090.68,2.1399999999998727,1093.19,1090.36,2.8300000000001546,True,SHORT,2015-08-03 11:25:00,1090.22,True,True,True,0.1028,2.2804,2.2804,1085.8,2015-08-03 14:18:00,0.6262,1092.02,2015-08-03 11:55:00,True,2015-08-03 12:30:00,0.6262,0.6075,True,1090.93,2015-08-03 11:30:00,0.1168
GC,2015-08-04,Tuesday,ADR,1085.09,1083.02,2.0699999999999363,1085.17,1082.91,2.259999999999991,True,SHORT,2015-08-03 21:10:00,1082.16,False,True,False,0.9662,0.9952,0.9952,1080.96,2015-08-03 21:17:00,1.9662,1087.09,2015-08-04 01:55:00,True,2015-08-03 21:15:00,0.0,1.9662,True,1083.3,2015-08-03 21:48:00,0.1353
GC,2015-08-04,Tuesday,ODR,1091.75,1087.93,3.8199999999999363,1092.0,1087.79,4.210000000000036,True,LONG,2015-08-04 05:30:00,1092.02,True,True,True,0.7539,0.0,0.7539,1094.63,2015-08-04 05:40:00,0.4162,1090.16,2015-08-04 08:19:00,True,2015-08-04 05:39:00,0.0,0.4162,True,1091.71,2015-08-04 06:52:00,0.0105
GC,2015-08-04,Tuesday,RDR,1092.56,1091.03,1.5299999999999727,1092.74,1090.65,2.089999999999918,True,SHORT,2015-08-04 10:35:00,1090.59,False,True,True,0.4575,4.1176,4.1176,1084.73,2015-08-04 14:19:00,1.4575,1093.26,2015-08-04 12:17:00,True,2015-08-04 13:34:00,1.4575,0.0,True,1091.29,2015-08-04 10:43:00,0.1699
GC,2015-08-05,Wednesday,ADR,1087.0,1085.72,1.2799999999999727,1087.2,1085.6,1.6000000000001364,True,SHORT,2015-08-04 21:00:00,1085.43,False,True,False,1.0469,0.9297,0.9297,1084.53,2015-08-04 21:06:00,2.0469,1088.34,2015-08-05 01:59:00,True,2015-08-04 21:05:00,0.0,2.0469,True,1085.75,2015-08-04 21:17:00,0.0234
GC,2015-08-05,Wednesday,ODR,1087.72,1085.77,1.9500000000000455,1087.87,1085.45,2.4199999999998454,True,SHORT,2015-08-05 04:05:00,1085.31,False,True,False,2.4462,0.8103,0.8103,1084.19,2015-08-05 04:32:00,3.4462,1092.49,2015-08-05 08:22:00,True,2015-08-05 04:12:00,0.0,3.4462,True,1085.77,2015-08-05 04:55:00,0.0
GC,2015-08-05,Wednesday,RDR,1090.1,1083.39,6.709999999999809,1090.46,1082.9,7.559999999999945,False,,,,,,,0.0,0.0626,,,,,,,False,,,,False,,,
GC,2015-08-06,Thursday,ADR,1085.22,1084.7,0.5199999999999818,1085.43,1084.54,0.8900000000001,True,SHORT,2015-08-05 20:30:00,1084.24,False,True,False,3.8462,2.4231,2.4231,1083.44,2015-08-05 20:39:00,4.8462,1087.22,2015-08-06 01:49:00,True,2015-08-05 20:35:00,0.0,4.8462,True,1084.75,2015-08-05 21:02:00,0.0962
GC,2015-08-06,Thursday,ODR,1086.53,1084.44,2.089999999999918,1086.71,1084.14,2.5699999999999363,False,,,,,,,0.2344,0.244,,,,,,,False,,,,False,,,
GC,2015-08-06,Thursday,RDR,1089.75,1086.97,2.7799999999999727,1090.15,1086.79,3.3600000000001273,True,LONG,2015-08-06 10:45:00,1090.45,True,True,False,1.5108,0.0,1.5108,1093.95,2015-08-06 12:42:00,0.2806,1088.97,2015-08-06 11:03:00,True,2015-08-06 12:17:00,0.2806,0.2734,True,1089.64,2015-08-06 10:55:00,0.0396
GC,2015-08-07,Friday,ADR,1089.67,1088.93,0.7400000000000091,1089.71,1088.93,0.7799999999999727,True,LONG,2015-08-06 20:35:00,1090.18,False,True,False,2.1892,1.3514,2.1892,1091.29,2015-08-06 21:03:00,2.3514,1087.93,2015-08-07 01:44:00,True,2015-08-06 20:40:00,0.0405,2.3514,True,1089.67,2015-08-06 20:42:00,0.0
GC,2015-08-07,Friday,ODR,1097.48,1093.2,4.279999999999973,1097.49,1092.97,4.519999999999982,True,SHORT,2015-08-07 04:00:00,1092.74,True,True,True,0.0,0.9252,0.9252,1089.24,2015-08-07 07:01:00,0.0327,1093.34,2015-08-07 08:12:00,True,2015-08-07 06:19:00,0.0,0.0327,True,1093.34,2015-08-07 08:12:00,0.0327
GC,2015-08-07,Friday,RDR,1096.45,1091.64,4.809999999999945,1097.02,1091.51,5.509999999999991,True,LONG,2015-08-07 10:40:00,1097.45,True,True,False,0.6279,0.0707,0.6279,1099.47,2015-08-07 10:51:00,1.0707,1091.3,2015-08-07 15:18:00,True,2015-08-07 10:47:00,0.0,1.0707,True,1096.13,2015-08-07 11:07:00,0.0665
GC,2015-08-10,Monday,ADR,1092.43,1089.86,2.5700000000001637,1092.52,1089.64,2.8799999999998818,True,LONG,2015-08-09 21:45:00,1092.64,True,True,True,1.9572,0.0117,1.9572,1097.46,2015-08-10 01:51:00,0.0039,1092.42,2015-08-09 21:52:00,True,2015-08-09 22:54:00,0.0039,0.0,True,1092.42,2015-08-09 21:52:00,0.0039
GC,2015-08-10,Monday,ODR,1097.85,1095.09,2.759999999999991,1098.45,1094.7,3.75,True,SHORT,2015-08-10 04:25:00,1094.63,True,True,False,0.0,0.4891,0.4891,1093.74,2015-08-10 06:04:00,0.5761,1096.68,2015-08-10 07:29:00,False,,0.1667,,True,1095.25,2015-08-10 04:35:00,0.058
GC,2015-08-10,Monday,RDR,1101.8,1095.66,6.139999999999873,1101.87,1094.96,6.9099999999998545,True,LONG,2015-08-10 10:40:00,1104.4,True,True,True,1.1498,0.0,1.1498,1108.86,2015-08-10 11:35:00,0.0081,1101.75,2015-08-10 15:10:00,True,2015-08-10 10:47:00,0.0,0.0081,True,1101.78,2015-08-10 14:08:00,0.0033
GC,2015-08-11,Tuesday,ADR,1105.94,1103.72,2.2200000000000273,1106.52,1103.72,2.7999999999999545,True,LONG,2015-08-10 21:05:00,1106.83,False,True,False,0.5495,4.4775,0.5495,1107.16,2015-08-10 21:10:00,5.4775,1093.78,2015-08-10 21:57:00,True,2015-08-10 21:10:00,0.0,5.4775,True,1105.94,2015-08-10 21:12:00,0.0
GC,2015-08-11,Tuesday,ODR,1115.35,1098.71,16.639999999999873,1119.35,1097.77,21.579999999999927,False,,,,,,,0.0204,0.0,,,,,,,False,,,,False,,,
GC,2015-08-11,Tuesday,RDR,1111.29,1103.95,7.339999999999918,1112.4,1103.92,8.480000000000018,False,,,,,,,0.0,0.0163,,,,,,,False,,,,False,,,
GC,2015-08-12,Wednesday,ADR,1110.38,1108.24,2.1400000000001,1110.72,1108.14,2.5799999999999272,True,SHORT,2015-08-11 21:15:00,1103.89,False,True,False,1.6916,3.028,3.028,1101.76,2015-08-11 21:21:00,2.6916,1114.0,2015-08-12 01:56:00,True,2015-08-11 21:20:00,0.0,2.6916,True,1110.06,2015-08-11 21:42:00,0.8505
GC,2015-08-12,Wednesday,ODR,1118.66,1114.72,3.9400000000000546,1119.65,1114.57,5.080000000000155,True,LONG,2015-08-12 08:20:00,1120.65,True,False,,0.7132,0.0,0.7132,1121.47,2015-08-12 08:25:00,0.0,1119.22,2015-08-12 08:28:00,True,2015-08-12 08:25:00,0.0,0.0,False,,,
GC,2015-08-12,Wednesday,RDR,1122.96,1116.33,6.630000000000109,1123.84,1116.33,7.509999999999991,True,LONG,2015-08-12 11:30:00,1124.34,True,True,True,0.3922,0.0,0.3922,1125.56,2015-08-12 11:54:00,0.1403,1122.03,2015-08-12 12:30:00,False,,0.0,,True,1122.86,2015-08-12 12:12:00,0.0151
GC,2015-08-13,Thursday,ADR,1124.53,1123.17,1.3599999999999,1124.53,1123.06,1.4700000000000273,True,LONG,2015-08-12 21:00:00,1125.69,False,True,False,1.5809,1.9118,0.9853,1125.87,2015-08-12 21:06:00,2.9118,1120.57,2015-08-12 23:10:00,True,2015-08-12 21:05:00,0.0,2.9118,True,1123.96,2015-08-12 21:08:00,0.4191
GC,2015-08-13,Thursday,ODR,1121.72,1117.49,4.230000000000018,1121.78,1117.49,4.289999999999964,True,SHORT,2015-08-13 05:05:00,1116.72,True,True,False,0.0,0.7376,0.7376,1114.37,2015-08-13 07:38:00,0.2364,1118.49,2015-08-13 08:23:00,True,2015-08-13 07:30:00,0.1348,0.2364,True,1117.54,2015-08-13 05:19:00,0.0118
GC,2015-08-13,Thursday,RDR,1117.38,1114.18,3.2000000000000455,1118.39,1113.55,4.8400000000001455,False,,,,,,,0.0,0.1188,,,,,,,False,,,,False,,,
GC,2015-08-14,Friday,ADR,1115.0,1113.41,1.5899999999999181,1115.04,1113.0,2.0399999999999636,True,LONG,2015-08-13 21:15:00,1115.53,False,True,False,0.5849,0.6478,0.5849,1115.93,2015-08-13 21:21:00,1.6478,1112.38,2015-08-13 22:45:00,True,2015-08-13 21:20:00,0.0,1.6478,True,1114.81,2015-08-13 21:22:00,0.1195
GC,2015-08-14,Friday,ODR,1117.33,1116.18,1.1499999999998636,1117.59,1115.92,1.6699999999998454,True,LONG,2015-08-14 05:45:00,1117.62,True,True,True,3.1826,0.2957,3.1826,1120.99,2015-08-14 07:23:00,0.0609,1117.26,2015-08-14 05:50:00,True,2015-08-14 05:53:00,0.0609,0.0,True,1117.26,2015-08-14 05:50:00,0.0609
GC,2015-08-14,Friday,RDR,1120.22,1117.77,2.4500000000000455,1120.76,1117.67,3.089999999999918,True,SHORT,2015-08-14 10:50:00,1116.13,True,False,,0.0,2.4571,2.4571,1111.75,2015-08-14 11:16:00,0.0,1116.34,2015-08-14 10:56:00,True,2015-08-14 10:55:00,0.0,0.0,False,,,
GC,2015-08-17,Monday,ADR,1114.83,1114.31,0.5199999999999818,1115.4,1114.25,1.150000000000091,True,SHORT,2015-08-16 20:45:00,1114.2,False,True,False,6.5962,0.8269,0.8269,1113.88,2015-08-16 20:57:00,7.5962,1118.26,2015-08-17 01:59:00,True,2015-08-16 20:52:00,0.0,7.5962,True,1114.31,2015-08-16 20:50:00,0.0
GC,2015-08-17,Monday,ODR,1119.64,1116.82,2.8200000000001637,1119.89,1116.34,3.550000000000182,True,SHORT,2015-08-17 05:50:00,1116.27,True,True,False,0.0,0.2979,0.273,1116.05,2015-08-17 06:12:00,0.8156,1119.12,2015-08-17 08:22:00,False,,0.0,,True,1116.83,2015-08-17 06:22:00,0.0035
GC,2015-08-17,Monday,RDR,1121.4,1117.99,3.410000000000082,1121.69,1116.89,4.7999999999999545,True,SHORT,2015-08-17 15:00:00,1116.75,True,False,,0.0,0.4487,0.3871,1116.67,2015-08-17 15:35:00,0.0,1117.79,2015-08-17 15:55:00,False,,0.0,,False,,,
GC,2015-08-18,Tuesday,ADR,1117.86,1116.74,1.1199999999998909,1118.47,1116.66,1.8099999999999454,True,LONG,2015-08-17 21:05:00,1118.84,True,True,True,1.6071,0.0,1.6071,1119.66,2015-08-18 00:22:00,0.4554,1117.35,2015-08-17 22:09:00,True,2015-08-17 21:10:00,0.4554,0.4554,True,1117.71,2015-08-17 21:12:00,0.1339
GC,2015-08-18,Tuesday,ODR,1119.38,1117.87,1.5100000000002183,1119.63,1117.45,2.1800000000000637,True,LONG,2015-08-18 04:15:00,1119.86,True,True,False,1.1589,0.2252,1.1589,1121.13,2015-08-18 06:08:00,1.2252,1117.53,2015-08-18 08:17:00,True,2015-08-18 04:20:00,0.3444,1.2252,True,1118.86,2015-08-18 04:30:00,0.3444
GC,2015-08-18,Tuesday,RDR,1113.3,1109.87,3.4300000000000637,1113.33,1109.59,3.740000000000009,True,LONG,2015-08-18 10:30:00,1117.31,True,False,,1.93,0.0,1.93,1119.92,2015-08-18 10:39:00,0.0,1114.82,2015-08-18 11:11:00,True,2015-08-18 10:35:00,0.0,0.0,False,,,
GC,2015-08-19,Wednesday,ADR,1118.05,1116.38,1.6699999999998454,1118.17,1116.21,1.9600000000000364,False,,,,,,,0.1796,0.0599,,,,,,,False,,,,False,,,
GC,2015-08-19,Wednesday,ODR,1123.85,1121.76,2.089999999999918,1124.09,1121.55,2.5399999999999636,True,SHORT,2015-08-19 07:00:00,1121.1,True,True,False,0.0,0.4976,0.4976,1120.72,2015-08-19 07:12:00,0.5359,1122.88,2015-08-19 08:29:00,False,,0.0,,True,1121.87,2015-08-19 07:31:00,0.0526
GC,2015-08-19,Wednesday,RDR,1128.1,1123.16,4.939999999999827,1129.27,1123.16,6.1099999999999,True,LONG,2015-08-19 11:25:00,1129.35,True,True,True,1.168,0.0,1.168,1133.87,2015-08-19 15:46:00,0.2186,1127.02,2015-08-19 13:39:00,True,2015-08-19 13:49:00,0.2186,0.1134,True,1128.02,2015-08-19 13:09:00,0.0162
GC,2015-08-20,Thursday,ADR,1134.11,1132.84,1.2699999999999818,1134.38,1132.76,1.6200000000001182,True,LONG,2015-08-19 21:00:00,1134.91,True,True,True,6.252,0.0,6.252,1142.05,2015-08-20 01:55:00,0.622,1133.32,2015-08-19 21:13:00,True,2015-08-19 21:05:00,0.622,0.622,True,1133.93,2015-08-19 21:09:00,0.1417
GC,2015-08-20,Thursday,ODR,1138.84,1137.27,1.5699999999999363,1138.99,1137.19,1.7999999999999545,True,SHORT,2015-08-20 04:30:00,1137.0,False,True,False,3.2102,0.7516,0.7516,1136.09,2015-08-20 04:45:00,4.2102,1143.88,2015-08-20 08:26:00,True,2015-08-20 04:43:00,0.0127,4.2102,True,1137.29,2015-08-20 04:39:00,0.0127
GC,2015-08-20,Thursday,RDR,1149.17,1145.41,3.759999999999991,1149.61,1144.9,4.709999999999809,True,LONG,2015-08-20 10:35:00,1150.12,True,True,True,1.2793,0.0,1.2793,1153.98,2015-08-20 14:50:00,0.1968,1148.43,2015-08-20 11:27:00,True,2015-08-20 12:25:00,0.1968,0.0,True,1148.92,2015-08-20 10:46:00,0.0665
GC,2015-08-21,Friday,ADR,1155.68,1153.67,2.009999999999991,1155.69,1153.67,2.019999999999982,True,SHORT,2015-08-20 20:40:00,1153.41,False,True,False,6.2189,0.1841,0.1343,1153.4,2015-08-20 20:45:00,7.2189,1168.18,2015-08-20 23:06:00,False,,0.0,,True,1153.72,2015-08-20 20:48:00,0.0249
GC,2015-08-21,Friday,ODR,1158.66,1152.87,5.790000000000191,1159.32,1152.61,6.710000000000036,True,SHORT,2015-08-21 04:00:00,1151.21,True,True,False,0.0,0.6857,0.6857,1148.9,2015-08-21 05:49:00,0.6269,1156.5,2015-08-21 08:20:00,True,2015-08-21 05:30:00,0.0898,0.6269,True,1152.99,2015-08-21 04:24:00,0.0207
GC,2015-08-21,Friday,RDR,1158.11,1149.98,8.129999999999882,1158.46,1149.23,9.230000000000018,True,LONG,2015-08-21 11:30:00,1160.37,True,True,True,0.433,0.0,0.433,1161.63,2015-08-21 11:52:00,0.1697,1156.73,2015-08-21 14:05:00,False,,0.0062,,True,1158.06,2015-08-21 11:38:00,0.0062
GC,2015-08-24,Monday,ADR,1162.98,1159.02,3.9600000000000364,1162.98,1158.73,4.25,True,SHORT,2015-08-23 21:00:00,1158.59,False,True,True,0.3662,0.9369,0.9369,1155.31,2015-08-24 01:53:00,1.3662,1164.43,2015-08-23 21:36:00,True,2015-08-23 21:08:00,1.3662,1.3662,True,1159.09,2015-08-23 21:12:00,0.0177
GC,2015-08-24,Monday,ODR,1159.03,1154.42,4.6099999999999,1160.09,1154.3,5.789999999999964,True,SHORT,2015-08-24 05:25:00,1154.11,False,True,False,0.8156,0.2191,0.2191,1153.41,2015-08-24 05:34:00,1.8156,1162.79,2015-08-24 08:20:00,False,,0.0,,True,1154.49,2015-08-24 05:48:00,0.0152
GC,2015-08-24,Monday,RDR,1165.78,1157.9,7.879999999999882,1169.99,1155.04,14.950000000000045,True,SHORT,2015-08-24 13:10:00,1154.89,True,False,,0.0,1.5533,1.5533,1145.66,2015-08-24 14:39:00,0.0,1157.04,2015-08-24 15:03:00,True,2015-08-24 13:29:00,0.0,0.0,False,,,
GC,2015-08-25,Tuesday,ADR,1155.09,1153.37,1.7200000000000273,1155.45,1153.12,2.3300000000001546,True,SHORT,2015-08-24 21:00:00,1153.1,False,True,False,0.8372,1.2093,1.2093,1151.29,2015-08-24 21:08:00,1.8372,1156.53,2015-08-24 22:26:00,True,2015-08-24 21:05:00,0.0,1.8372,True,1154.26,2015-08-24 21:14:00,0.5174
GC,2015-08-25,Tuesday,ODR,1149.95,1147.92,2.0299999999999727,1150.13,1147.32,2.810000000000173,True,LONG,2015-08-25 05:30:00,1151.24,False,True,True,1.202,1.7488,1.202,1152.39,2015-08-25 08:20:00,2.7488,1144.37,2015-08-25 06:47:00,True,2015-08-25 05:35:00,2.7488,2.7488,True,1149.74,2015-08-25 05:44:00,0.1034
GC,2015-08-25,Tuesday,RDR,1148.01,1135.46,12.549999999999955,1148.51,1134.57,13.940000000000055,False,,,,,,,0.0,0.0622,,,,,,,False,,,,False,,,
GC,2015-08-26,Wednesday,ADR,1146.24,1142.51,3.730000000000018,1146.45,1142.46,3.990000000000009,True,SHORT,2015-08-25 21:00:00,1141.63,True,False,,0.0,2.5201,2.5201,1133.11,2015-08-26 00:34:00,0.0,1142.31,2015-08-25 21:11:00,True,2015-08-25 21:07:00,0.0,0.0,False,,,
GC,2015-08-26,Wednesday,ODR,1138.39,1136.42,1.9700000000000273,1138.83,1136.34,2.490000000000009,True,SHORT,2015-08-26 04:10:00,1136.19,True,True,True,0.1218,4.0203,4.0203,1128.5,2015-08-26 07:58:00,1.1218,1138.63,2015-08-26 04:56:00,True,2015-08-26 05:21:00,1.1218,0.3909,True,1136.79,2015-08-26 04:17:00,0.1878
GC,2015-08-26,Wednesday,RDR,1124.78,1118.25,6.529999999999973,1124.82,1117.63,7.189999999999827,True,LONG,2015-08-26 10:45:00,1126.5,True,True,False,0.4655,0.0704,0.4655,1127.82,2015-08-26 13:57:00,0.5375,1121.27,2015-08-26 11:20:00,False,,0.5375,,True,1124.42,2015-08-26 10:52:00,0.0551
GC,2015-08-27,Thursday,ADR,1125.43,1123.2,2.230000000000018,1125.49,1123.2,2.2899999999999636,True,LONG,2015-08-26 21:15:00,1126.68,True,False,,1.6502,0.0,1.6502,1129.11,2015-08-26 22:33:00,0.0,1125.79,2015-08-26 21:30:00,True,2015-08-26 21:20:00,0.0,0.0,False,,,
GC,2015-08-27,Thursday,ODR,1127.96,1125.54,2.4200000000000728,1128.13,1125.06,3.0700000000001637,True,LONG,2015-08-27 05:35:00,1128.19,False,True,False,0.5372,1.1653,0.5372,1129.26,2015-08-27 06:06:00,2.1653,1122.72,2015-08-27 08:29:00,True,2015-08-27 06:06:00,0.3223,2.1653,True,1127.66,2015-08-27 05:52:00,0.124
GC,2015-08-27,Thursday,RDR,1121.46,1118.53,2.9300000000000637,1122.01,1118.21,3.7999999999999545,True,LONG,2015-08-27 10:40:00,1123.33,True,True,True,2.1024,0.0,2.1024,1127.62,2015-08-27 11:28:00,0.0819,1121.22,2015-08-27 10:49:00,True,2015-08-27 10:45:00,0.0819,0.0819,True,1121.22,2015-08-27 10:49:00,0.0819
GC,2015-08-28,Friday,ADR,1126.82,1125.95,0.8699999999998909,1127.22,1125.95,1.2699999999999818,True,SHORT,2015-08-27 20:45:00,1125.73,False,True,False,6.3563,1.7931,1.7931,1124.39,2015-08-27 21:01:00,7.3563,1132.35,2015-08-28 01:32:00,True,2015-08-27 20:57:00,0.092,7.3563,True,1126.03,2015-08-27 20:54:00,0.092
GC,2015-08-28,Friday,ODR,1132.22,1129.64,2.5799999999999272,1132.95,1129.64,3.3099999999999454,True,SHORT,2015-08-28 04:05:00,1129.43,True,True,True,0.0,2.2791,2.2791,1123.76,2015-08-28 07:37:00,0.2713,1130.34,2015-08-28 04:20:00,True,2015-08-28 04:37:00,0.2713,0.1473,True,1130.16,2015-08-28 04:17:00,0.2016
GC,2015-08-28,Friday,RDR,1139.48,1128.72,10.759999999999991,1140.49,1128.58,11.910000000000082,False,,,,,,,0.1208,0.0,,,,,,,False,,,,False,,,
GC,2015-08-31,Monday,ADR,1132.88,1131.52,1.3600000000001273,1132.93,1131.35,1.5800000000001546,True,SHORT,2015-08-30 20:30:00,1131.11,False,True,False,1.6912,1.7132,1.7132,1129.19,2015-08-30 21:01:00,2.6912,1135.18,2015-08-30 22:49:00,True,2015-08-30 20:40:00,0.0,2.6912,True,1131.67,2015-08-30 21:07:00,0.1103
GC,2015-08-31,Monday,ODR,1133.78,1132.88,0.8999999999998636,1133.9,1132.8,1.1000000000001364,True,LONG,2015-08-31 04:05:00,1133.97,False,True,False,1.0444,6.5333,1.0444,1134.72,2015-08-31 04:12:00,7.5333,1127.0,2015-08-31 08:28:00,True,2015-08-31 04:10:00,0.0,7.5333,True,1133.66,2015-08-31 04:13:00,0.1333
GC,2015-08-31,Monday,RDR,1131.1,1127.93,3.1699999999998454,1131.49,1127.41,4.079999999999927,True,LONG,2015-08-31 11:25:00,1131.54,True,False,,1.7445,0.0,1.7445,1136.63,2015-08-31 15:56:00,0.0,1131.12,2015-08-31 11:33:00,True,2015-08-31 11:41:00,0.0,0.0,False,,,
GC,2015-09-01,Tuesday,ADR,1137.7,1134.48,3.2200000000000273,1137.75,1134.35,3.400000000000091,True,LONG,2015-08-31 20:35:00,1138.18,True,False,,1.5093,0.0,1.5093,1142.56,2015-09-01 00:40:00,0.0,1137.97,2015-08-31 20:41:00,True,2015-08-31 20:45:00,0.0,0.0,False,,,
GC,2015-09-01,Tuesday,ODR,1143.95,1142.19,1.759999999999991,1144.25,1141.56,2.6900000000000546,True,SHORT,2015-09-01 04:20:00,1141.52,True,True,True,0.3807,1.6761,1.6761,1139.24,2015-09-01 08:20:00,1.3807,1144.62,2015-09-01 06:52:00,True,2015-09-01 04:28:00,1.3807,1.3807,True,1142.48,2015-09-01 05:11:00,0.1648
GC,2015-09-01,Tuesday,RDR,1144.81,1139.27,5.539999999999964,1145.65,1139.08,6.570000000000164,True,SHORT,2015-09-01 10:30:00,1138.31,True,True,False,0.0,0.3971,0.3971,1137.07,2015-09-01 10:35:00,0.4693,1141.87,2015-09-01 13:12:00,False,,0.0,,True,1139.27,2015-09-01 10:47:00,0.0
GC,2015-09-02,Wednesday,ADR,1139.39,1135.94,3.4500000000000455,1139.54,1135.43,4.1099999999999,False,,,,,,,0.1768,0.0,,,,,,,False,,,,False,,,
GC,2015-09-02,Wednesday,ODR,1142.17,1140.56,1.6100000000001273,1142.43,1140.34,2.0900000000001455,True,SHORT,2015-09-02 05:15:00,1140.28,True,True,True,0.0124,2.1863,2.1863,1137.04,2015-09-02 08:03:00,0.559,1141.46,2015-09-02 05:22:00,True,2015-09-02 05:37:00,0.559,0.0,True,1140.68,2015-09-02 05:20:00,0.0745
GC,2015-09-02,Wednesday,RDR,1139.45,1137.1,2.3500000000001364,1141.16,1136.47,4.690000000000055,True,SHORT,2015-09-02 10:30:00,1136.06,True,True,True,0.0,2.1574,2.1574,1132.03,2015-09-02 11:31:00,0.1234,1137.39,2015-09-02 12:45:00,True,2015-09-02 10:35:00,0.0,0.1234,True,1137.3,2015-09-02 12:43:00,0.0851
GC,2015-09-03,Thursday,ADR,1133.76,1131.93,1.8299999999999272,1133.76,1131.35,2.410000000000082,False,,,,,,,0.0,0.0,,,,,,,False,,,,False,,,
GC,2015-09-03,Thursday,ODR,1134.07,1132.7,1.3699999999998909,1134.28,1132.17,2.1099999999999,True,SHORT,2015-09-03 05:10:00,1132.03,True,False,,0.0,6.0511,6.0511,1124.41,2015-09-03 08:28:00,0.0,1132.04,2015-09-03 05:15:00,True,2015-09-03 05:15:00,0.0,0.0,False,,,
GC,2015-09-03,Thursday,RDR,1128.96,1125.02,3.9400000000000546,1130.58,1124.32,6.259999999999991,True,SHORT,2015-09-03 11:00:00,1124.26,True,True,False,0.0,0.6091,0.6091,1122.62,2015-09-03 12:34:00,0.2716,1126.09,2015-09-03 13:27:00,True,2015-09-03 11:16:00,0.0,0.2716,True,1125.39,2015-09-03 13:24:00,0.0939
GC,2015-09-04,Friday,ADR,1126.43,1124.82,1.6100000000001273,1126.63,1124.81,1.8200000000001637,True,SHORT,2015-09-03 20:55:00,1124.78,True,True,True,0.0,0.7764,0.7764,1123.57,2015-09-03 21:10:00,0.3727,1125.42,2015-09-03 22:30:00,True,2015-09-03 21:07:00,0.087,0.3727,True,1124.96,2015-09-03 21:00:00,0.087
GC,2015-09-04,Friday,ODR,1125.39,1124.25,1.1400000000001,1125.47,1124.25,1.2200000000000273,True,LONG,2015-09-04 04:45:00,1125.59,False,True,False,0.5702,3.1842,0.4211,1125.87,2015-09-04 04:52:00,4.1842,1120.62,2015-09-04 08:20:00,False,,0.1053,,True,1125.27,2015-09-04 04:51:00,0.1053
GC,2015-09-04,Friday,RDR,1120.92,1117.93,2.990000000000009,1121.7,1117.56,4.1400000000001,True,LONG,2015-09-04 13:20:00,1121.91,True,True,True,0.5585,0.0903,0.5585,1122.59,2015-09-04 13:28:00,0.0201,1120.86,2015-09-04 15:05:00,True,2015-09-04 13:28:00,0.0,0.0201,True,1120.88,2015-09-04 15:01:00,0.0134
GC,2015-09-07,Monday,ADR,1122.83,1118.97,3.8599999999999,1122.83,1118.67,4.1599999999998545,True,LONG,2015-09-06 21:35:00,1122.88,True,True,True,0.4974,0.3057,0.4974,1124.75,2015-09-06 22:26:00,0.1839,1122.12,2015-09-07 00:52:00,False,,0.0363,,True,1122.74,2015-09-06 21:40:00,0.0233
GC,2015-09-07,Monday,ODR,1123.15,1121.86,1.290000000000191,1123.36,1121.55,1.8099999999999454,True,SHORT,2015-09-07 04:30:00,1121.52,True,True,True,0.3178,1.907,1.907,1119.4,2015-09-07 06:52:00,0.9922,1123.14,2015-09-07 05:15:00,True,2015-09-07 04:38:00,0.9922,0.9922,True,1121.9,2015-09-07 04:40:00,0.031
GC,2015-09-07,Monday,RDR,1119.81,1119.14,0.6699999999998454,1119.81,1118.88,0.9299999999998363,True,LONG,2015-09-07 10:50:00,1120.08,False,True,False,0.7313,4.5522,0.7313,1120.3,2015-09-07 10:55:00,5.5522,1116.09,2015-09-07 11:20:00,True,2015-09-07 10:55:00,0.0,5.5522,True,1119.72,2015-09-07 10:57:00,0.1343
GC,2015-09-08,Tuesday,ADR,1121.01,1120.22,0.7899999999999636,1121.02,1120.12,0.900000000000091,True,LONG,2015-09-07 20:30:00,1121.12,False,True,False,1.3924,1.3544,1.3924,1122.11,2015-09-08 00:03:00,2.3544,1119.15,2015-09-07 21:07:00,True,2015-09-07 20:37:00,2.3544,2.3544,True,1120.77,2015-09-07 20:43:00,0.3038
GC,2015-09-08,Tuesday,ODR,1121.28,1119.87,1.4100000000000819,1121.68,1119.84,1.8400000000001455,True,SHORT,2015-09-08 04:05:00,1119.74,False,True,False,1.617,0.461,0.461,1119.22,2015-09-08 04:12:00,2.617,1123.56,2015-09-08 08:29:00,False,,0.0,,True,1119.94,2015-09-08 04:16:00,0.0496
GC,2015-09-08,Tuesday,RDR,1122.34,1120.54,1.7999999999999545,1122.88,1120.06,2.8200000000001637,True,LONG,2015-09-08 11:15:00,1124.97,True,True,False,2.3667,0.0,2.3667,1126.6,2015-09-08 11:20:00,0.7889,1120.92,2015-09-08 13:28:00,True,2015-09-08 11:20:00,0.0,0.7889,True,1122.3,2015-09-08 13:26:00,0.0222
GC,2015-09-09,Wednesday,ADR,1123.34,1122.38,0.959999999999809,1123.44,1122.22,1.2200000000000273,True,LONG,2015-09-08 20:40:00,1123.5,True,True,False,2.0938,0.0,2.0938,1125.35,2015-09-08 22:19:00,0.6875,1122.68,2015-09-09 01:38:00,True,2015-09-08 20:51:00,0.3854,0.6875,True,1123.26,2015-09-08 21:02:00,0.0833
GC,2015-09-09,Wednesday,ODR,1122.54,1120.9,1.6399999999998727,1122.72,1120.59,2.130000000000109,True,SHORT,2015-09-09 06:10:00,1120.53,True,False,,0.0,1.1707,1.1707,1118.98,2015-09-09 08:02:00,0.0,1120.69,2015-09-09 06:15:00,True,2015-09-09 06:22:00,0.0,0.0,False,,,
GC,2015-09-09,Wednesday,RDR,1113.02,1109.81,3.2100000000000364,1113.81,1109.32,4.490000000000009,True,SHORT,2015-09-09 11:45:00,1107.53,True,False,,0.0,2.6729,2.6729,1101.23,2015-09-09 12:47:00,0.0,1108.97,2015-09-09 15:05:00,True,2015-09-09 11:50:00,0.0,0.0,False,,,
GC,2015-09-10,Thursday,ADR,1108.23,1106.63,1.599999999999909,1108.33,1106.59,1.740000000000009,True,SHORT,2015-09-09 20:30:00,1106.49,True,True,False,0.0,1.8,1.8,1103.75,2015-09-09 21:10:00,0.9125,1108.09,2015-09-10 01:14:00,True,2015-09-09 21:01:00,0.5,0.9125,True,1106.88,2015-09-09 20:36:00,0.1563
GC,2015-09-10,Thursday,ODR,1107.91,1106.36,1.550000000000182,1108.19,1106.26,1.9300000000000637,True,SHORT,2015-09-10 06:05:00,1106.24,False,True,False,1.1871,0.3226,0.3226,1105.86,2015-09-10 06:21:00,2.1871,1109.75,2015-09-10 08:28:00,False,,0.2258,,True,1106.5,2015-09-10 06:12:00,0.0903
GC,2015-09-10,Thursday,RDR,1112.37,1109.37,3.0,1113.7,1109.12,4.580000000000155,False,,,,,,,0.3533,0.3767,,,,,,,False,,,,False,,,
GC,2015-09-11,Friday,ADR,1112.07,1110.95,1.1199999999998909,1112.11,1110.88,1.2299999999997908,True,LONG,2015-09-10 21:00:00,1112.13,False,True,False,0.6607,0.0536,0.6607,1112.81,2015-09-10 22:30:00,1.0536,1110.89,2015-09-11 01:54:00,True,2015-09-10 21:55:00,0.7143,1.0536,True,1111.96,2015-09-10 21:05:00,0.0982
GC,2015-09-11,Friday,ODR,1110.71,1108.89,1.8199999999999363,1111.26,1108.25,3.009999999999991,True,SHORT,2015-09-11 04:10:00,1108.2,True,False,,0.0,2.0824,2.0824,1105.1,2015-09-11 08:21:00,0.0,1108.44,2015-09-11 04:18:00,True,2015-09-11 04:16:00,0.0,0.0,False,,,
GC,2015-09-11,Friday,RDR,1103.01,1099.86,3.150000000000091,1103.39,1098.75,4.6400000000001,True,LONG,2015-09-11 12:00:00,1105.65,True,False,,1.7238,0.2603,1.7238,1108.44,2015-09-11 15:58:00,0.0,1103.16,2015-09-11 12:35:00,True,2015-09-11 12:05:00,0.0,0.0,False,,,
GC,2015-09-14,Monday,ADR,1106.04,1104.8,1.240000000000009,1106.17,1104.73,1.4400000000000546,True,LONG,2015-09-13 20:45:00,1106.52,True,True,True,2.9355,0.0,2.9355,1109.68,2015-09-13 23:45:00,0.121,1105.89,2015-09-13 21:00:00,True,2015-09-13 20:51:00,0.121,0.121,True,1106.04,2015-09-13 20:58:00,0.0
GC,2015-09-14,Monday,ODR,1108.4,1107.54,0.8600000000001273,1108.56,1107.33,1.2300000000000182,True,SHORT,2015-09-14 04:30:00,1107.11,False,True,True,0.6047,4.7093,4.7093,1103.49,2015-09-14 07:39:00,1.6047,1108.92,2015-09-14 05:32:00,True,2015-09-14 04:35:00,1.6047,1.6047,True,1107.63,2015-09-14 05:04:00,0.1047
GC,2015-09-14,Monday,RDR,1105.67,1104.53,1.1400000000001,1106.1,1104.08,2.019999999999982,True,LONG,2015-09-14 10:50:00,1106.97,True,False,,4.1579,0.0,4.1579,1110.41,2015-09-14 13:01:00,0.0,1106.72,2015-09-14 11:26:00,True,2015-09-14 10:55:00,0.0,0.0,False,,,
GC,2015-09-15,Tuesday,ADR,1109.27,1108.42,0.849999999999909,1109.35,1108.35,1.0,True,SHORT,2015-09-14 20:30:00,1107.98,True,True,True,0.0,2.2235,2.2235,1106.53,2015-09-14 21:58:00,0.3765,1108.74,2015-09-14 21:01:00,True,2015-09-14 20:35:00,0.3765,0.3765,True,1108.74,2015-09-14 21:01:00,0.3765
GC,2015-09-15,Tuesday,ODR,1108.34,1106.67,1.6699999999998454,1108.44,1106.59,1.8500000000001364,True,SHORT,2015-09-15 04:30:00,1106.27,False,True,False,0.4371,2.503,2.503,1102.49,2015-09-15 06:50:00,1.4371,1109.07,2015-09-15 08:29:00,True,2015-09-15 04:35:00,0.0,1.4371,True,1106.73,2015-09-15 07:19:00,0.0359
GC,2015-09-15,Tuesday,RDR,1106.27,1104.93,1.3399999999999181,1106.95,1104.7,2.25,True,SHORT,2015-09-15 10:55:00,1104.3,True,True,False,0.0,1.3134,1.3134,1103.17,2015-09-15 11:17:00,0.5448,1105.66,2015-09-15 15:59:00,True,2015-09-15 11:00:00,0.0746,0.5448,True,1105.01,2015-09-15 11:03:00,0.0597
GC,2015-09-16,Wednesday,ADR,1105.41,1104.3,1.1100000000001273,1105.42,1104.22,1.2000000000000455,False,,,,,,,0.0901,0.3333,,,,,,,False,,,,False,,,
GC,2015-09-16,Wednesday,ODR,1108.33,1106.64,1.6899999999998272,1108.83,1106.53,2.2999999999999545,True,LONG,2015-09-16 05:30:00,1109.33,True,True,True,1.503,0.0,1.503,1110.87,2015-09-16 08:27:00,0.5621,1107.38,2015-09-16 07:41:00,True,2015-09-16 05:35:00,0.5621,0.5621,True,1108.31,2015-09-16 06:06:00,0.0118
GC,2015-09-16,Wednesday,RDR,1119.41,1112.62,6.790000000000191,1119.77,1112.29,7.480000000000018,True,LONG,2015-09-16 10:45:00,1119.92,True,True,True,0.6922,0.0,0.6922,1124.11,2015-09-16 12:45:00,0.0987,1118.74,2015-09-16 15:41:00,True,2015-09-16 11:26:00,0.0265,0.0987,True,1119.28,2015-09-16 10:54:00,0.0191
GC,2015-09-17,Thursday,ADR,1120.91,1119.73,1.1800000000000637,1121.45,1119.35,2.1000000000001364,True,SHORT,2015-09-16 20:50:00,1119.29,False,True,False,1.678,0.4322,0.4322,1119.22,2015-09-16 20:56:00,2.678,1122.89,2015-09-16 22:29:00,False,,0.0,,True,1119.78,2015-09-16 20:58:00,0.0424
GC,2015-09-17,Thursday,ODR,1121.03,1119.75,1.2799999999999727,1121.32,1119.67,1.6499999999998636,True,SHORT,2015-09-17 04:30:00,1119.64,True,True,True,0.25,3.0703,3.0703,1115.82,2015-09-17 06:53:00,0.1563,1119.95,2015-09-17 04:57:00,True,2015-09-17 04:45:00,0.1563,0.1563,True,1119.81,2015-09-17 04:35:00,0.0469
GC,2015-09-17,Thursday,RDR,1119.18,1117.05,2.130000000000109,1119.47,1116.99,2.480000000000018,True,SHORT,2015-09-17 12:50:00,1116.82,False,True,False,6.6714,0.1549,0.1549,1116.72,2015-09-17 13:58:00,7.6714,1133.39,2015-09-17 14:58:00,False,,0.7653,,True,1117.27,2015-09-17 12:55:00,0.1033
GC,2015-09-18,Friday,ADR,1131.57,1130.61,0.9600000000000364,1131.63,1130.42,1.2100000000000364,True,SHORT,2015-09-17 20:55:00,1129.84,True,True,True,0.125,3.2292,3.2292,1127.51,2015-09-17 23:57:00,1.125,1131.69,2015-09-17 21:36:00,True,2015-09-17 21:00:00,1.125,1.125,True,1131.21,2015-09-17 21:20:00,0.625
GC,2015-09-18,Friday,ODR,1130.96,1128.21,2.75,1130.97,1128.15,2.8199999999999363,True,LONG,2015-09-18 04:00:00,1131.73,True,True,True,3.0982,0.0,3.0982,1139.48,2015-09-18 06:29:00,0.2945,1130.15,2015-09-18 04:21:00,True,2015-09-18 04:41:00,0.2945,0.0,True,1130.95,2015-09-18 04:11:00,0.0036
GC,2015-09-18,Friday,RDR,1140.98,1137.05,3.9300000000000637,1141.59,1136.17,5.419999999999845,True,SHORT,2015-09-18 14:05:00,1136.16,True,True,False,0.0,0.2545,0.2519,1136.06,2015-09-18 14:10:00,0.6896,1139.76,2015-09-18 15:59:00,False,,0.0,,True,1137.17,2015-09-18 14:12:00,0.0305
GC,2015-09-21,Monday,ADR,1137.62,1136.75,0.8699999999998909,1137.71,1135.95,1.759999999999991,True,LONG,2015-09-20 20:55:00,1137.81,True,True,True,2.1149,0.0,2.1149,1139.46,2015-09-21 01:53:00,0.7471,1136.97,2015-09-20 21:48:00,True,2015-09-20 21:00:00,0.7471,0.7471,True,1137.56,2015-09-20 21:37:00,0.069
GC,2015-09-21,Monday,ODR,1139.26,1138.54,0.7200000000000273,1139.36,1138.13,1.2299999999997908,True,SHORT,2015-09-21 05:05:00,1137.49,True,False,,0.0972,12.4861,12.4861,1129.55,2015-09-21 07:41:00,0.0,1138.0,2015-09-21 05:13:00,True,2015-09-21 05:10:00,0.0,0.0,False,,,
GC,2015-09-21,Monday,RDR,1133.62,1132.25,1.3699999999998909,1134.19,1131.99,2.2000000000000455,True,SHORT,2015-09-21 10:50:00,1131.69,True,True,False,0.2847,1.1314,1.1314,1130.7,2015-09-21 10:58:00,1.2847,1134.01,2015-09-21 13:02:00,True,2015-09-21 10:55:00,0.0,1.2847,True,1132.28,2015-09-21 11:14:00,0.0219
GC,2015-09-22,Tuesday,ADR,1133.23,1132.2,1.0299999999999727,1133.27,1132.19,1.0799999999999272,True,LONG,2015-09-21 20:30:00,1133.55,True,True,True,1.4078,0.0,1.4078,1134.68,2015-09-21 22:02:00,0.3204,1132.9,2015-09-22 01:30:00,True,2015-09-21 20:45:00,0.1262,0.3204,True,1133.2,2015-09-21 20:49:00,0.0291
GC,2015-09-22,Tuesday,ODR,1135.88,1133.0,2.880000000000109,1136.3,1132.94,3.3599999999999,True,SHORT,2015-09-22 05:25:00,1132.91,True,False,,0.0,2.2778,2.2778,1126.44,2015-09-22 06:57:00,0.0,1132.94,2015-09-22 05:30:00,True,2015-09-22 05:30:00,0.0,0.0,False,,,
GC,2015-09-22,Tuesday,RDR,1123.81,1122.36,1.4500000000000455,1124.04,1121.65,2.3899999999998727,True,LONG,2015-09-22 10:55:00,1124.9,True,False,,2.1379,0.2897,2.1379,1126.91,2015-09-22 11:15:00,0.0,1124.47,2015-09-22 13:18:00,True,2015-09-22 11:00:00,0.0,0.0,False,,,
GC,2015-09-23,Wednesday,ADR,1124.61,1123.5,1.1099999999999,1125.1,1123.24,1.8599999999999,True,SHORT,2015-09-22 21:45:00,1122.35,False,True,False,1.4144,1.5045,1.5045,1121.83,2015-09-22 22:02:00,2.4144,1126.18,2015-09-23 01:58:00,True,2015-09-22 21:50:00,0.0,2.4144,True,1123.57,2015-09-22 22:15:00,0.0631
GC,2015-09-23,Wednesday,ODR,1128.23,1126.85,1.3800000000001091,1128.23,1126.67,1.5599999999999454,True,SHORT,2015-09-23 05:30:00,1125.3,False,True,False,2.3188,1.7899,1.7899,1124.38,2015-09-23 05:38:00,3.3188,1131.43,2015-09-23 07:49:00,True,2015-09-23 05:35:00,0.0,3.3188,True,1126.95,2015-09-23 07:29:00,0.0725
GC,2015-09-23,Wednesday,RDR,1133.2,1131.54,1.6600000000000819,1134.11,1130.55,3.5599999999999454,True,SHORT,2015-09-23 10:55:00,1129.98,False,True,True,0.1747,1.1747,1.1747,1129.59,2015-09-23 15:59:00,1.1747,1133.49,2015-09-23 12:43:00,True,2015-09-23 11:00:00,1.1747,1.1747,True,1131.58,2015-09-23 11:24:00,0.0241
GC,2015-09-24,Thursday,ADR,1132.03,1130.44,1.5899999999999181,1132.32,1130.3,2.019999999999982,True,LONG,2015-09-23 21:10:00,1132.55,True,True,True,2.566,0.0,2.566,1136.11,2015-09-23 23:03:00,0.1447,1131.8,2015-09-23 21:26:00,True,2015-09-23 21:17:00,0.1447,0.1447,True,1131.92,2015-09-23 21:25:00,0.0692
GC,2015-09-24,Thursday,ODR,1136.81,1135.95,0.8599999999999,1137.35,1135.71,1.6399999999998727,True,SHORT,2015-09-24 04:05:00,1135.42,False,True,False,2.186,2.0233,2.0233,1134.21,2015-09-24 05:53:00,3.186,1138.69,2015-09-24 08:16:00,True,2015-09-24 04:10:00,0.0,3.186,True,1136.03,2015-09-24 07:03:00,0.093
GC,2015-09-24,Thursday,RDR,1155.08,1144.92,10.159999999999854,1155.35,1144.46,10.889999999999873,True,LONG,2015-09-24 11:35:00,1155.58,True,True,False,0.1516,0.0,0.0669,1155.76,2015-09-24 11:40:00,0.4567,1150.44,2015-09-24 15:01:00,False,,0.0,,True,1155.04,2015-09-24 11:41:00,0.0039
GC,2015-09-25,Friday,ADR,1150.22,1149.13,1.0899999999999181,1150.32,1149.01,1.3099999999999454,True,LONG,2015-09-24 21:25:00,1150.62,False,True,False,0.8624,2.7431,0.8624,1151.16,2015-09-24 21:36:00,3.7431,1146.14,2015-09-24 23:30:00,True,2015-09-24 21:30:00,0.0,3.7431,True,1150.2,2015-09-24 21:55:00,0.0183
GC,2015-09-25,Friday,ODR,1146.53,1144.53,2.0,1146.53,1144.43,2.099999999999909,True,SHORT,2015-09-25 04:00:00,1142.85,True,True,True,0.0,1.89,1.89,1140.75,2015-09-25 04:58:00,0.295,1145.12,2015-09-25 05:32:00,True,2015-09-25 04:05:00,0.0,0.295,True,1145.12,2015-09-25 05:32:00,0.295
GC,2015-09-25,Friday,RDR,1147.33,1144.78,2.5499999999999545,1147.76,1143.94,3.8199999999999363,True,LONG,2015-09-25 15:15:00,1148.01,True,True,False,0.498,0.4627,0.498,1148.6,2015-09-25 15:38:00,0.3373,1146.47,2015-09-25 15:59:00,False,,0.0,,True,1146.99,2015-09-25 15:53:00,0.1333
GC,2015-09-28,Monday,ADR,1147.85,1146.48,1.3699999999998909,1148.15,1146.45,1.7000000000000455,True,SHORT,2015-09-27 21:00:00,1146.03,True,True,True,0.0,2.0949,2.0949,1143.61,2015-09-27 22:02:00,0.635,1147.35,2015-09-27 23:25:00,True,2015-09-27 21:05:00,0.5693,0.635,True,1147.26,2015-09-27 21:09:00,0.5693
GC,2015-09-28,Monday,ODR,1138.85,1136.97,1.8799999999998818,1138.98,1136.96,2.019999999999982,True,SHORT,2015-09-28 04:15:00,1136.39,True,True,True,0.0,4.0585,4.0585,1129.34,2015-09-28 07:42:00,0.9734,1138.8,2015-09-28 04:54:00,True,2015-09-28 06:09:00,0.9734,0.0,True,1137.12,2015-09-28 04:20:00,0.0798
GC,2015-09-28,Monday,RDR,1134.46,1130.59,3.8700000000001182,1134.9,1130.38,4.519999999999982,True,LONG,2015-09-28 10:50:00,1134.96,True,True,False,0.6124,0.0,0.2041,1135.25,2015-09-28 10:55:00,0.8941,1131.0,2015-09-28 15:58:00,False,,0.0,,True,1134.37,2015-09-28 10:56:00,0.0233
GC,2015-09-29,Tuesday,ADR,1132.81,1131.66,1.1499999999998636,1132.93,1131.56,1.3700000000001182,True,LONG,2015-09-28 21:00:00,1133.17,False,True,False,0.8087,5.2609,0.8087,1133.74,2015-09-28 21:30:00,6.2609,1125.61,2015-09-29 01:46:00,True,2015-09-28 21:09:00,0.1478,6.2609,True,1132.71,2015-09-28 21:19:00,0.087
GC,2015-09-29,Tuesday,ODR,1127.54,1126.46,1.0799999999999272,1127.92,1126.15,1.7699999999999818,True,SHORT,2015-09-29 04:10:00,1125.5,False,True,False,2.3981,2.0648,2.0648,1124.23,2015-09-29 05:35:00,3.3981,1130.13,2015-09-29 08:02:00,True,2015-09-29 04:15:00,1.1574,3.3981,True,1126.51,2015-09-29 04:18:00,0.0463
GC,2015-09-29,Tuesday,RDR,1134.46,1130.04,4.420000000000073,1134.56,1129.74,4.819999999999936,True,SHORT,2015-09-29 13:10:00,1128.12,True,False,,0.0,0.8756,0.8756,1126.17,2015-09-29 13:53:00,0.0,1129.01,2015-09-29 15:26:00,True,2015-09-29 13:16:00,0.0,0.0,False,,,
GC,2015-09-30,Wednesday,ADR,1127.02,1125.64,1.3799999999998818,1127.03,1125.49,1.5399999999999636,True,LONG,2015-09-29 20:30:00,1127.18,False,True,False,0.7391,1.9855,0.7391,1128.04,2015-09-29 20:37:00,2.9855,1122.9,2015-09-29 21:47:00,True,2015-09-29 20:37:00,0.087,2.9855,True,1126.9,2015-09-29 20:35:00,0.087
GC,2015-09-30,Wednesday,ODR,1125.03,1123.07,1.9600000000000364,1125.33,1122.62,2.7100000000000364,True,LONG,2015-09-30 04:00:00,1125.9,False,True,False,0.5867,2.3265,0.5867,1126.18,2015-09-30 04:06:00,3.3265,1118.51,2015-09-30 08:20:00,True,2015-09-30 04:06:00,0.0,3.3265,True,1124.99,2015-09-30 04:20:00,0.0204
GC,2015-09-30,Wednesday,RDR,1116.89,1112.53,4.360000000000127,1117.76,1112.22,5.539999999999964,False,,,,,,,0.0757,0.2087,,,,,,,False,,,,False,,,
GC,2015-10-01,Thursday,ADR,1115.75,1115.01,0.7400000000000091,1115.87,1114.93,0.9399999999998272,True,LONG,2015-09-30 20:45:00,1115.89,False,True,False,0.6351,1.5135,0.6351,1116.22,2015-09-30 22:09:00,2.5135,1113.89,2015-10-01 01:42:00,True,2015-09-30 22:08:00,1.4189,2.5135,True,1115.68,2015-09-30 20:50:00,0.0946
GC,2015-10-01,Thursday,ODR,1113.78,1111.56,2.2200000000000273,1113.98,1111.03,2.9500000000000455,True,LONG,2015-10-01 05:30:00,1114.09,True,True,False,0.7117,0.0,0.7117,1115.36,2015-10-01 08:00:00,0.5946,1112.46,2015-10-01 07:05:00,True,2015-10-01 07:48:00,0.5946,0.3559,True,1113.69,2015-10-01 05:35:00,0.0405
GC,2015-10-01,Thursday,RDR,1118.1,1115.93,2.1699999999998454,1119.09,1115.83,3.259999999999991,True,SHORT,2015-10-01 10:50:00,1115.72,True,True,True,0.0,1.1475,1.1475,1113.44,2015-10-01 14:09:00,0.424,1116.85,2015-10-01 11:54:00,True,2015-10-01 11:00:00,0.424,0.424,True,1115.99,2015-10-01 11:29:00,0.0276
GC,2015-10-02,Friday,ADR,1113.88,1113.34,0.540000000000191,1113.88,1113.27,0.6100000000001273,True,SHORT,2015-10-01 20:35:00,1112.94,True,True,True,0.0,3.9259,3.9259,1111.22,2015-10-01 23:20:00,0.0926,1113.39,2015-10-01 21:23:00,True,2015-10-01 20:40:00,0.0926,0.0926,True,1113.34,2015-10-01 21:22:00,0.0
GC,2015-10-02,Friday,ODR,1110.04,1108.72,1.3199999999999363,1110.04,1108.2,1.8399999999999181,True,SHORT,2015-10-02 04:25:00,1107.73,False,True,False,0.9394,3.1136,3.1136,1104.61,2015-10-02 06:11:00,1.9394,1111.28,2015-10-02 08:25:00,True,2015-10-02 04:30:00,0.0,1.9394,True,1108.8,2015-10-02 08:11:00,0.0606
GC,2015-10-02,Friday,RDR,1140.87,1133.32,7.5499999999999545,1141.23,1133.32,7.910000000000082,False,,,,,,,0.0026,0.0,,,,,,,False,,,,False,,,
GC,2015-10-05,Monday,ADR,1138.02,1136.61,1.4100000000000819,1138.02,1136.51,1.509999999999991,True,SHORT,2015-10-04 21:40:00,1136.49,False,True,True,0.2199,1.4326,1.4326,1134.59,2015-10-05 01:50:00,1.2199,1138.33,2015-10-04 22:41:00,True,2015-10-05 00:41:00,1.2199,0.0,True,1136.63,2015-10-04 21:47:00,0.0142
GC,2015-10-05,Monday,ODR,1137.32,1134.57,2.75,1137.48,1134.39,3.089999999999918,True,SHORT,2015-10-05 05:30:00,1133.19,True,True,False,0.0,1.6473,1.6473,1130.04,2015-10-05 07:19:00,0.9927,1137.3,2015-10-05 08:26:00,True,2015-10-05 05:35:00,0.0,0.9927,True,1135.67,2015-10-05 08:20:00,0.4
GC,2015-10-05,Monday,RDR,1140.87,1135.63,5.239999999999782,1141.87,1134.56,7.309999999999945,True,SHORT,2015-10-05 11:50:00,1134.52,True,True,False,0.0,0.6031,0.6031,1132.47,2015-10-05 12:06:00,0.5153,1138.33,2015-10-05 13:29:00,True,2015-10-05 12:04:00,0.0,0.5153,True,1135.64,2015-10-05 13:16:00,0.0019
GC,2015-10-06,Tuesday,ADR,1136.12,1134.97,1.1499999999998636,1136.13,1134.94,1.1900000000000546,True,LONG,2015-10-05 20:35:00,1136.73,True,True,True,1.2348,0.0,1.2348,1137.54,2015-10-05 20:43:00,0.4609,1135.59,2015-10-05 20:57:00,True,2015-10-05 20:40:00,0.2348,0.4609,True,1136.03,2015-10-05 20:40:00,0.0783
GC,2015-10-06,Tuesday,ODR,1139.45,1137.51,1.9400000000000546,1139.8,1137.3,2.5,True,SHORT,2015-10-06 04:45:00,1137.08,False,True,False,0.4948,0.6495,0.6495,1136.25,2015-10-06 05:02:00,1.4948,1140.41,2015-10-06 08:23:00,True,2015-10-06 05:01:00,0.0,1.4948,True,1137.56,2015-10-06 05:23:00,0.0258
GC,2015-10-06,Tuesday,RDR,1149.28,1146.51,2.769999999999982,1149.58,1145.88,3.699999999999818,True,LONG,2015-10-06 10:55:00,1149.8,False,True,False,0.7004,0.6968,0.7004,1151.22,2015-10-06 11:06:00,1.6968,1144.58,2015-10-06 14:04:00,True,2015-10-06 11:06:00,0.0036,1.6968,True,1149.27,2015-10-06 11:02:00,0.0036
GC,2015-10-07,Wednesday,ADR,1147.35,1146.42,0.9299999999998363,1147.48,1146.36,1.1200000000001182,True,LONG,2015-10-06 20:30:00,1148.36,True,True,True,4.7742,0.0,4.7742,1151.79,2015-10-07 01:46:00,0.1613,1147.2,2015-10-06 20:57:00,True,2015-10-06 20:35:00,0.1613,0.1613,True,1147.35,2015-10-06 20:41:00,0.0
GC,2015-10-07,Wednesday,ODR,1151.35,1147.95,3.3999999999998636,1152.25,1147.85,4.400000000000091,True,SHORT,2015-10-07 05:35:00,1147.26,False,True,False,0.65,0.3324,0.3324,1146.82,2015-10-07 05:40:00,1.65,1153.56,2015-10-07 08:27:00,False,,0.0,,True,1148.13,2015-10-07 06:03:00,0.0529
GC,2015-10-07,Wednesday,RDR,1147.51,1142.79,4.720000000000027,1148.37,1141.73,6.639999999999873,True,LONG,2015-10-07 13:25:00,1149.02,True,True,False,0.5466,0.0,0.5466,1150.09,2015-10-07 13:50:00,0.3835,1145.7,2015-10-07 15:59:00,True,2015-10-07 13:50:00,0.0,0.3835,True,1147.18,2015-10-07 14:27:00,0.0699
GC,2015-10-08,Thursday,ADR,1146.06,1144.43,1.6299999999998818,1146.07,1144.13,1.9399999999998272,True,SHORT,2015-10-07 20:50:00,1143.61,True,True,True,0.0,1.7607,1.7607,1141.56,2015-10-07 21:05:00,0.3742,1145.04,2015-10-07 21:35:00,True,2015-10-07 20:55:00,0.0307,0.3742,True,1144.48,2015-10-07 21:00:00,0.0307
GC,2015-10-08,Thursday,ODR,1145.07,1142.86,2.2100000000000364,1145.17,1142.78,2.3900000000001,True,LONG,2015-10-08 06:50:00,1145.18,False,True,False,0.0543,2.4887,0.0543,1145.19,2015-10-08 06:55:00,3.4887,1137.36,2015-10-08 08:19:00,False,,0.0,,True,1144.84,2015-10-08 06:56:00,0.1041
GC,2015-10-08,Thursday,RDR,1145.08,1139.24,5.839999999999918,1146.33,1138.77,7.559999999999945,True,LONG,2015-10-08 14:00:00,1146.98,True,True,False,1.0548,0.0,1.0548,1151.24,2015-10-08 14:17:00,0.9127,1139.75,2015-10-08 15:59:00,True,2015-10-08 14:05:00,0.0,0.9127,True,1144.26,2015-10-08 14:27:00,0.1404
GC,2015-10-09,Friday,ADR,1141.44,1139.96,1.4800000000000182,1141.82,1139.92,1.8999999999998636,True,LONG,2015-10-08 21:00:00,1142.02,True,False,,4.6081,0.1149,4.6081,1148.26,2015-10-09 01:59:00,0.0,1141.65,2015-10-08 21:07:00,True,2015-10-08 21:09:00,0.0,0.0,False,,,
GC,2015-10-09,Friday,ODR,1153.18,1145.57,7.610000000000127,1154.56,1145.42,9.139999999999873,True,LONG,2015-10-09 05:50:00,1154.87,True,True,False,0.5782,0.0,0.5782,1157.58,2015-10-09 06:02:00,0.3154,1150.78,2015-10-09 08:15:00,True,2015-10-09 06:02:00,0.0,0.3154,True,1153.11,2015-10-09 07:31:00,0.0092
GC,2015-10-09,Friday,RDR,1155.05,1151.45,3.599999999999909,1155.5,1151.09,4.410000000000082,True,LONG,2015-10-09 10:45:00,1156.69,True,True,True,1.275,0.0,1.275,1159.64,2015-10-09 12:47:00,0.075,1154.78,2015-10-09 14:07:00,True,2015-10-09 10:50:00,0.0,0.075,True,1154.93,2015-10-09 14:06:00,0.0333
GC,2015-10-12,Monday,ADR,1156.75,1155.62,1.1300000000001091,1156.89,1155.29,1.6000000000001364,True,LONG,2015-10-11 21:20:00,1157.12,True,False,,7.1504,0.708,7.1504,1164.83,2015-10-12 01:54:00,0.0,1156.78,2015-10-12 00:06:00,True,2015-10-11 21:30:00,0.0,0.0,False,,,
GC,2015-10-12,Monday,ODR,1165.85,1164.16,1.6899999999998272,1166.34,1164.08,2.259999999999991,True,SHORT,2015-10-12 04:00:00,1163.96,False,True,True,1.8225,0.5976,0.5976,1163.15,2015-10-12 08:29:00,2.8225,1168.93,2015-10-12 08:06:00,True,2015-10-12 08:29:00,2.8225,0.2722,True,1164.34,2015-10-12 04:09:00,0.1065
GC,2015-10-12,Monday,RDR,1166.06,1161.92,4.139999999999873,1166.65,1161.21,5.440000000000055,True,SHORT,2015-10-12 10:35:00,1161.09,True,True,False,0.0,0.6618,0.6618,1159.18,2015-10-12 10:41:00,0.7367,1164.97,2015-10-12 13:31:00,True,2015-10-12 10:40:00,0.0,0.7367,True,1161.93,2015-10-12 10:50:00,0.0024
GC,2015-10-13,Tuesday,ADR,1163.07,1161.57,1.5,1163.72,1160.96,2.759999999999991,True,SHORT,2015-10-12 21:00:00,1158.67,True,False,,0.0,5.7,5.7,1153.02,2015-10-12 22:36:00,0.0,1159.47,2015-10-12 21:06:00,True,2015-10-12 21:05:00,0.0,0.0,False,,,
GC,2015-10-13,Tuesday,ODR,1158.13,1156.87,1.2600000000002183,1158.25,1156.43,1.8199999999999363,True,SHORT,2015-10-13 04:20:00,1156.17,False,True,False,1.5079,4.0159,4.0159,1151.81,2015-10-13 07:02:00,2.5079,1160.03,2015-10-13 08:25:00,True,2015-10-13 04:25:00,0.0,2.5079,True,1157.48,2015-10-13 08:01:00,0.4841
GC,2015-10-13,Tuesday,RDR,1165.88,1162.61,3.270000000000209,1166.42,1162.15,4.269999999999982,True,LONG,2015-10-13 10:55:00,1166.63,True,True,True,0.6239,0.0,0.6239,1167.92,2015-10-13 15:59:00,0.3394,1164.77,2015-10-13 13:01:00,True,2015-10-13 15:56:00,0.3394,0.0,True,1165.55,2015-10-13 11:12:00,0.1009
GC,2015-10-14,Wednesday,ADR,1168.55,1166.98,1.5699999999999363,1168.61,1166.93,1.6799999999998363,True,SHORT,2015-10-13 20:30:00,1166.71,False,True,False,3.9299,0.3185,0.3185,1166.48,2015-10-13 20:35:00,4.9299,1174.72,2015-10-13 21:50:00,False,,0.0,,True,1167.01,2015-10-13 20:42:00,0.0191
GC,2015-10-14,Wednesday,ODR,1175.43,1172.72,2.7100000000000364,1176.03,1172.6,3.4300000000000637,True,SHORT,2015-10-14 05:35:00,1169.56,True,False,,0.0,3.4317,3.4317,1163.42,2015-10-14 08:18:00,0.0,1169.64,2015-10-14 05:40:00,True,2015-10-14 05:40:00,0.0,0.0,False,,,
GC,2015-10-14,Wednesday,RDR,1177.95,1173.01,4.940000000000055,1178.49,1172.73,5.759999999999991,True,LONG,2015-10-14 11:30:00,1178.81,True,True,True,2.3826,0.0,2.3826,1189.72,2015-10-14 15:23:00,0.3947,1176.0,2015-10-14 12:34:00,True,2015-10-14 13:49:00,0.3947,0.0,True,1177.58,2015-10-14 11:38:00,0.0749
GC,2015-10-15,Thursday,ADR,1185.56,1183.63,1.9299999999998363,1186.34,1183.61,2.730000000000018,True,SHORT,2015-10-14 21:30:00,1183.21,False,True,False,0.7876,1.0933,1.0933,1181.52,2015-10-14 22:32:00,1.7876,1187.08,2015-10-15 01:47:00,True,2015-10-14 21:45:00,0.0,1.7876,True,1183.69,2015-10-14 22:51:00,0.0311
GC,2015-10-15,Thursday,ODR,1185.52,1182.96,2.5599999999999454,1185.75,1182.59,3.160000000000082,True,LONG,2015-10-15 06:55:00,1185.81,True,True,True,2.3281,0.0,2.3281,1191.48,2015-10-15 08:18:00,0.7266,1183.66,2015-10-15 08:11:00,True,2015-10-15 08:17:00,0.7266,0.0,True,1185.19,2015-10-15 07:16:00,0.1289
GC,2015-10-15,Thursday,RDR,1184.28,1179.54,4.740000000000009,1185.14,1179.32,5.820000000000164,True,LONG,2015-10-15 10:30:00,1185.15,True,True,False,1.2532,0.0,1.2532,1190.22,2015-10-15 12:30:00,0.5781,1181.54,2015-10-15 15:42:00,True,2015-10-15 11:55:00,0.1329,0.5781,True,1184.2,2015-10-15 10:36:00,0.0169
GC,2015-10-16,Friday,ADR,1182.65,1181.54,1.1100000000001273,1183.04,1181.39,1.6499999999998636,True,SHORT,2015-10-15 21:45:00,1180.36,True,False,,0.2342,5.0,5.0,1175.99,2015-10-16 01:32:00,0.0,1180.63,2015-10-15 22:17:00,True,2015-10-15 21:50:00,0.0,0.0,False,,,
GC,2015-10-16,Friday,ODR,1177.7,1175.56,2.1400000000001,1178.41,1175.3,3.1100000000001273,True,LONG,2015-10-16 06:30:00,1179.7,True,True,True,1.8738,0.0981,1.8738,1181.71,2015-10-16 06:45:00,0.4673,1176.7,2015-10-16 08:08:00,True,2015-10-16 06:35:00,0.0,0.4673,True,1177.12,2015-10-16 07:59:00,0.271
GC,2015-10-16,Friday,RDR,1184.17,1179.94,4.230000000000018,1184.39,1178.84,5.550000000000182,True,SHORT,2015-10-16 15:45:00,1178.83,True,False,,0.0,1.3404,1.3404,1174.27,2015-10-16 15:59:00,0.0,1178.83,2015-10-16 15:50:00,True,2015-10-16 15:52:00,0.0,0.0,False,,,
GC,2015-10-19,Monday,ADR,1177.65,1176.53,1.1200000000001182,1177.97,1176.31,1.6600000000000819,True,SHORT,2015-10-18 20:30:00,1176.24,True,True,True,0.0,4.8036,4.8036,1171.15,2015-10-18 23:32:00,0.9911,1177.64,2015-10-18 21:00:00,True,2015-10-18 20:46:00,0.9911,0.9911,True,1176.81,2015-10-18 20:38:00,0.25
GC,2015-10-19,Monday,ODR,1173.19,1170.98,2.2100000000000364,1173.19,1170.72,2.4700000000000273,True,LONG,2015-10-19 04:20:00,1173.2,True,True,True,1.1765,0.0,1.1765,1175.79,2015-10-19 08:24:00,0.9548,1171.08,2015-10-19 08:03:00,True,2015-10-19 08:21:00,0.9548,0.0,True,1172.92,2015-10-19 04:25:00,0.1222
GC,2015-10-19,Monday,RDR,1176.48,1172.3,4.180000000000064,1176.82,1171.65,5.169999999999845,True,SHORT,2015-10-19 10:35:00,1170.29,True,True,True,0.0,0.8971,0.8971,1168.55,2015-10-19 15:53:00,0.2679,1173.42,2015-10-19 12:31:00,True,2015-10-19 10:40:00,0.2679,0.2679,True,1172.35,2015-10-19 12:24:00,0.012
GC,2015-10-20,Tuesday,ADR,1171.06,1168.96,2.099999999999909,1171.22,1168.87,2.3500000000001364,True,SHORT,2015-10-19 21:50:00,1168.39,True,True,False,0.0,0.7714,0.7714,1167.34,2015-10-19 22:05:00,0.519,1170.05,2015-10-20 01:48:00,True,2015-10-19 21:57:00,0.0,0.519,True,1168.96,2015-10-19 21:55:00,0.0
GC,2015-10-20,Tuesday,ODR,1174.86,1172.62,2.240000000000009,1175.23,1172.23,3.0,True,LONG,2015-10-20 07:00:00,1175.78,True,True,False,1.1071,0.0982,1.1071,1177.34,2015-10-20 07:46:00,1.0089,1172.6,2015-10-20 08:03:00,True,2015-10-20 07:05:00,0.0134,1.0089,True,1174.83,2015-10-20 07:30:00,0.0134
GC,2015-10-20,Tuesday,RDR,1179.71,1173.69,6.019999999999982,1180.22,1173.53,6.690000000000055,False,,,,,,,0.1628,0.0,,,,,,,False,,,,False,,,
GC,2015-10-21,Wednesday,ADR,1177.27,1176.12,1.150000000000091,1177.72,1176.04,1.6800000000000637,True,LONG,2015-10-20 21:15:00,1178.4,False,True,False,1.6435,0.4783,1.6435,1179.16,2015-10-20 21:34:00,1.4783,1175.57,2015-10-21 01:49:00,True,2015-10-20 21:20:00,0.0,1.4783,True,1177.17,2015-10-20 21:52:00,0.087
GC,2015-10-21,Wednesday,ODR,1176.17,1174.07,2.1000000000001364,1176.5,1173.8,2.7000000000000455,True,LONG,2015-10-21 07:30:00,1176.91,True,True,True,0.7476,0.0,0.7476,1177.74,2015-10-21 07:36:00,0.0,1176.17,2015-10-21 08:11:00,True,2015-10-21 07:35:00,0.0,0.0,True,1176.17,2015-10-21 08:11:00,0.0
GC,2015-10-21,Wednesday,RDR,1173.5,1164.68,8.819999999999936,1173.5,1164.15,9.349999999999909,False,,,,,,,0.0,0.1247,,,,,,,False,,,,False,,,
GC,2015-10-22,Thursday,ADR,1166.99,1165.7,1.2899999999999636,1167.49,1165.52,1.9700000000000273,True,SHORT,2015-10-21 22:10:00,1165.49,True,True,True,0.4186,0.938,0.938,1164.49,2015-10-21 22:33:00,0.8217,1166.76,2015-10-21 23:24:00,True,2015-10-21 22:30:00,0.2093,0.8217,True,1165.78,2015-10-21 22:15:00,0.062
GC,2015-10-22,Thursday,ODR,1169.26,1167.24,2.019999999999982,1169.87,1166.93,2.939999999999827,True,SHORT,2015-10-22 04:40:00,1166.72,False,True,True,0.1584,0.6733,0.6733,1165.88,2015-10-22 08:29:00,1.1584,1169.58,2015-10-22 07:04:00,True,2015-10-22 08:29:00,1.1584,0.0,True,1167.27,2015-10-22 04:47:00,0.0149
GC,2015-10-22,Thursday,RDR,1171.57,1164.82,6.75,1171.71,1163.68,8.029999999999973,False,,,,,,,0.0,0.0785,,,,,,,False,,,,False,,,
GC,2015-10-23,Friday,ADR,1166.28,1164.98,1.2999999999999545,1166.29,1164.39,1.8999999999998636,True,LONG,2015-10-22 21:10:00,1166.91,True,False,,2.8692,0.0,2.8692,1170.01,2015-10-23 01:59:00,0.0,1166.48,2015-10-22 21:25:00,True,2015-10-22 21:15:00,0.0,0.0,False,,,
GC,2015-10-23,Friday,ODR,1173.81,1172.62,1.1900000000000546,1174.12,1172.35,1.7699999999999818,True,LONG,2015-10-23 04:55:00,1174.2,False,True,True,4.6387,1.8403,4.6387,1179.33,2015-10-23 07:58:00,2.8403,1170.43,2015-10-23 07:10:00,True,2015-10-23 07:19:00,2.8403,0.5882,True,1173.67,2015-10-23 05:03:00,0.1176
GC,2015-10-23,Friday,RDR,1167.74,1160.01,7.730000000000018,1167.83,1158.56,9.269999999999982,False,,,,,,,0.0,0.0,,,,,,,False,,,,False,,,
GC,2015-10-26,Monday,ADR,1164.1,1162.87,1.2300000000000182,1164.19,1162.16,2.0299999999999727,True,LONG,2015-10-25 21:45:00,1164.76,True,True,True,1.6829,0.3577,1.6829,1166.17,2015-10-26 01:55:00,0.1057,1163.97,2015-10-25 23:02:00,True,2015-10-25 21:50:00,0.1057,0.1057,True,1164.07,2015-10-25 22:32:00,0.0244
GC,2015-10-26,Monday,ODR,1164.49,1162.68,1.8099999999999454,1164.59,1162.4,2.189999999999827,True,LONG,2015-10-26 04:20:00,1164.96,True,True,True,2.0773,0.1657,2.0773,1168.25,2015-10-26 06:33:00,0.2597,1164.02,2015-10-26 05:28:00,True,2015-10-26 04:34:00,0.2597,0.2597,True,1164.49,2015-10-26 04:31:00,0.0
GC,2015-10-26,Monday,RDR,1168.75,1164.9,3.849999999999909,1169.52,1164.78,4.740000000000009,True,SHORT,2015-10-26 13:40:00,1164.06,True,True,True,0.0,0.5351,0.5351,1162.84,2015-10-26 15:54:00,0.039,1165.05,2015-10-26 13:57:00,True,2015-10-26 15:41:00,0.039,0.0,True,1164.98,2015-10-26 13:56:00,0.0208
GC,2015-10-27,Tuesday,ADR,1164.43,1162.95,1.4800000000000182,1164.58,1162.31,2.269999999999982,True,LONG,2015-10-26 21:15:00,1164.64,True,True,True,1.0405,0.0,1.0405,1165.97,2015-10-27 01:59:00,0.75,1163.32,2015-10-26 21:47:00,True,2015-10-27 01:09:00,0.75,0.4932,True,1164.42,2015-10-26 21:25:00,0.0068
GC,2015-10-27,Tuesday,ODR,1166.53,1164.5,2.0299999999999727,1166.54,1164.25,2.2899999999999636,True,LONG,2015-10-27 04:20:00,1166.91,True,True,True,0.7537,0.2906,0.7537,1168.06,2015-10-27 08:29:00,1.2906,1163.91,2015-10-27 08:02:00,True,2015-10-27 08:28:00,1.2906,0.3547,True,1166.28,2015-10-27 04:27:00,0.1232
GC,2015-10-27,Tuesday,RDR,1167.64,1162.66,4.980000000000018,1167.75,1162.28,5.470000000000027,False,,,,,,,0.0,0.0,,,,,,,False,,,,False,,,
GC,2015-10-28,Wednesday,ADR,1166.94,1166.0,0.9400000000000546,1167.03,1165.23,1.7999999999999545,True,LONG,2015-10-27 22:30:00,1167.15,True,False,,4.2766,0.6383,4.2766,1170.96,2015-10-28 01:59:00,0.0,1166.96,2015-10-27 22:36:00,True,2015-10-27 22:40:00,0.0,0.0,False,,,
GC,2015-10-28,Wednesday,ODR,1171.53,1170.22,1.3099999999999454,1172.02,1170.12,1.900000000000091,True,LONG,2015-10-28 04:55:00,1172.1,True,True,True,2.1832,0.313,2.1832,1174.39,2015-10-28 08:29:00,0.4962,1170.88,2015-10-28 06:16:00,True,2015-10-28 05:00:00,0.4962,0.4962,True,1171.44,2015-10-28 05:08:00,0.0687
GC,2015-10-28,Wednesday,RDR,1182.43,1176.95,5.480000000000018,1182.84,1176.83,6.009999999999991,True,SHORT,2015-10-28 13:20:00,1175.32,True,True,True,0.0,4.5073,4.5073,1152.25,2015-10-28 14:45:00,0.0529,1177.24,2015-10-28 14:00:00,True,2015-10-28 14:00:00,0.0529,0.0529,True,1177.23,2015-10-28 13:53:00,0.0511
GC,2015-10-29,Thursday,ADR,1159.14,1157.06,2.0800000000001546,1159.56,1157.06,2.5,True,LONG,2015-10-28 20:55:00,1159.73,True,True,True,1.4231,0.0,1.4231,1162.1,2015-10-28 22:02:00,0.1827,1158.76,2015-10-28 23:00:00,True,2015-10-28 21:07:00,0.0913,0.1827,True,1158.95,2015-10-28 21:02:00,0.0913
GC,2015-10-29,Thursday,ODR,1160.83,1157.82,3.009999999999991,1161.22,1157.14,4.079999999999927,True,LONG,2015-10-29 05:00:00,1161.46,False,True,False,0.3688,1.0498,0.3688,1161.94,2015-10-29 05:08:00,2.0498,1154.66,2015-10-29 08:25:00,False,,0.0,,True,1160.79,2015-10-29 05:27:00,0.0133
GC,2015-10-29,Thursday,RDR,1154.52,1151.47,3.0499999999999545,1155.19,1151.03,4.160000000000082,True,SHORT,2015-10-29 11:00:00,1149.49,True,True,True,0.0,1.8951,1.8951,1145.69,2015-10-29 15:58:00,0.0951,1151.76,2015-10-29 11:50:00,True,2015-10-29 11:05:00,0.0951,0.0951,True,1151.56,2015-10-29 11:38:00,0.0295
GC,2015-10-30,Friday,ADR,1148.05,1146.63,1.4199999999998454,1148.12,1145.92,2.199999999999818,True,SHORT,2015-10-29 20:35:00,1145.9,False,True,False,0.5845,1.3662,1.3662,1144.69,2015-10-29 20:51:00,1.5845,1148.88,2015-10-30 01:46:00,True,2015-10-29 20:40:00,0.0,1.5845,True,1146.68,2015-10-29 21:00:00,0.0352
GC,2015-10-30,Friday,ODR,1149.71,1146.56,3.150000000000091,1150.01,1146.48,3.5299999999999727,True,SHORT,2015-10-30 08:10:00,1145.26,True,False,,0.073,0.7651,0.4381,1145.18,2015-10-30 08:20:00,0.0,1146.55,2015-10-30 08:24:00,False,,0.0,,False,,,
GC,2015-10-30,Friday,RDR,1144.1,1141.6,2.5,1144.54,1141.01,3.5299999999999727,True,SHORT,2015-10-30 10:55:00,1140.48,True,True,True,0.0,0.94,0.94,1139.25,2015-10-30 11:59:00,0.748,1143.47,2015-10-30 13:00:00,True,2015-10-30 11:42:00,0.524,0.748,True,1141.74,2015-10-30 11:01:00,0.056
GC,2015-11-02,Monday,ADR,1140.65,1138.21,2.4400000000000546,1140.92,1136.99,3.9300000000000637,True,LONG,2015-11-01 21:35:00,1141.21,True,True,True,0.9098,0.0,0.9098,1142.87,2015-11-02 01:27:00,0.3361,1139.83,2015-11-01 22:31:00,True,2015-11-02 00:44:00,0.3361,0.0,True,1140.48,2015-11-01 21:48:00,0.0697
GC,2015-11-02,Monday,ODR,1141.04,1138.04,3.0,1141.04,1137.89,3.1499999999998636,True,SHORT,2015-11-02 04:55:00,1137.69,True,True,True,0.0,0.61,0.61,1136.21,2015-11-02 05:31:00,0.3167,1138.99,2015-11-02 07:53:00,True,2015-11-02 05:30:00,0.0,0.3167,True,1138.1,2015-11-02 06:02:00,0.02
GC,2015-11-02,Monday,RDR,1135.03,1133.09,1.9400000000000546,1135.54,1132.92,2.619999999999891,True,LONG,2015-11-02 11:05:00,1135.77,True,True,False,0.9021,0.0,0.9021,1136.78,2015-11-02 13:29:00,0.8763,1133.33,2015-11-02 15:43:00,True,2015-11-02 13:12:00,0.2526,0.8763,True,1134.93,2015-11-02 11:21:00,0.0515
GC,2015-11-03,Tuesday,ADR,1135.78,1133.94,1.8399999999999181,1135.95,1133.85,2.1000000000001364,True,LONG,2015-11-02 23:15:00,1136.22,True,False,,1.3152,0.0,1.3152,1138.2,2015-11-03 01:14:00,0.0,1136.08,2015-11-02 23:21:00,True,2015-11-02 23:28:00,0.0,0.0,False,,,
GC,2015-11-03,Tuesday,ODR,1137.09,1135.05,2.0399999999999636,1137.14,1134.67,2.4700000000000273,True,SHORT,2015-11-03 04:10:00,1134.08,True,False,,0.0,3.0833,3.0833,1128.76,2015-11-03 08:27:00,0.0,1134.39,2015-11-03 04:27:00,True,2015-11-03 04:15:00,0.0,0.0,False,,,
GC,2015-11-03,Tuesday,RDR,1125.97,1122.73,3.240000000000009,1126.1,1121.55,4.5499999999999545,True,SHORT,2015-11-03 11:55:00,1121.24,True,False,,0.0,2.5895,2.5895,1114.34,2015-11-03 13:29:00,0.0,1121.44,2015-11-03 12:00:00,True,2015-11-03 12:00:00,0.0,0.0,False,,,
GC,2015-11-04,Wednesday,ADR,1122.49,1119.81,2.6800000000000637,1122.7,1119.3,3.400000000000091,False,,,,,,,0.1119,0.0,,,,,,,False,,,,False,,,
GC,2015-11-04,Wednesday,ODR,1119.77,1117.05,2.7200000000000273,1119.87,1116.79,3.0799999999999272,True,SHORT,2015-11-04 06:45:00,1116.0,False,True,True,0.5625,0.5699,0.5699,1115.5,2015-11-04 06:57:00,1.5625,1121.3,2015-11-04 08:14:00,True,2015-11-04 06:57:00,0.0,1.5625,True,1117.18,2015-11-04 07:00:00,0.0478
GC,2015-11-04,Wednesday,RDR,1118.0,1114.54,3.4600000000000364,1118.58,1114.03,4.5499999999999545,True,SHORT,2015-11-04 10:45:00,1112.69,True,True,True,0.0,2.3613,2.3613,1106.37,2015-11-04 13:31:00,0.026,1114.63,2015-11-04 11:14:00,True,2015-11-04 10:50:00,0.026,0.026,True,1114.58,2015-11-04 11:11:00,0.0116
GC,2015-11-05,Thursday,ADR,1110.29,1108.47,1.8199999999999363,1110.43,1108.45,1.9800000000000182,True,LONG,2015-11-04 22:00:00,1110.72,True,True,False,0.6538,0.0,0.6538,1111.48,2015-11-05 01:53:00,0.9176,1108.62,2015-11-05 00:53:00,True,2015-11-04 22:33:00,0.9176,0.9176,True,1110.17,2015-11-04 23:33:00,0.0659
GC,2015-11-05,Thursday,ODR,1110.16,1107.36,2.800000000000182,1110.21,1107.24,2.9700000000000273,True,SHORT,2015-11-05 05:25:00,1107.12,False,True,False,0.3321,0.5821,0.5821,1105.73,2015-11-05 07:50:00,1.3321,1111.09,2015-11-05 07:32:00,True,2015-11-05 07:50:00,1.3321,0.5,True,1107.54,2015-11-05 05:31:00,0.0643
GC,2015-11-05,Thursday,RDR,1107.85,1105.92,1.9299999999998363,1108.4,1104.43,3.9700000000000273,True,SHORT,2015-11-05 15:30:00,1104.1,True,False,,0.2021,1.544,1.544,1102.94,2015-11-05 15:56:00,0.0,1104.34,2015-11-05 15:39:00,True,2015-11-05 15:35:00,0.0,0.0,False,,,
GC,2015-11-06,Friday,ADR,1108.2,1105.84,2.3600000000001273,1108.3,1105.73,2.5699999999999363,True,LONG,2015-11-05 21:25:00,1108.46,True,True,True,0.9237,0.0,0.9237,1110.38,2015-11-06 01:33:00,0.4068,1107.24,2015-11-05 23:09:00,True,2015-11-06 00:53:00,0.4068,0.0,True,1107.93,2015-11-05 21:38:00,0.1144
GC,2015-11-06,Friday,ODR,1109.21,1108.39,0.8199999999999363,1109.31,1108.21,1.099999999999909,True,SHORT,2015-11-06 04:50:00,1108.13,True,True,True,0.0488,3.8049,3.8049,1105.27,2015-11-06 08:24:00,1.0488,1109.25,2015-11-06 07:28:00,True,2015-11-06 05:06:00,1.0488,1.0488,True,1108.46,2015-11-06 04:56:00,0.0854
GC,2015-11-06,Friday,RDR,1090.13,1087.66,2.4700000000000273,1090.73,1086.58,4.150000000000091,False,,,,,,,0.1336,0.4008,,,,,,,False,,,,False,,,
GC,2015-11-09,Monday,ADR,1092.5,1089.67,2.8299999999999272,1092.78,1089.55,3.230000000000018,True,LONG,2015-11-08 21:00:00,1093.11,True,False,,0.689,0.0,0.689,1094.45,2015-11-09 01:25:00,0.0,1092.6,2015-11-08 22:45:00,True,2015-11-09 01:22:00,0.0,0.0,False,,,
GC,2015-11-09,Monday,ODR,1094.37,1092.51,1.8599999999999,1094.65,1092.4,2.25,True,LONG,2015-11-09 04:30:00,1094.73,False,True,False,0.7043,0.629,0.7043,1095.68,2015-11-09 07:05:00,1.629,1091.34,2015-11-09 05:29:00,True,2015-11-09 07:05:00,1.629,1.3441,True,1094.26,2015-11-09 04:36:00,0.0591
GC,2015-11-09,Monday,RDR,1090.77,1089.19,1.5799999999999272,1091.17,1088.69,2.480000000000018,True,LONG,2015-11-09 14:05:00,1091.24,True,True,True,0.9494,0.5316,0.9114,1092.21,2015-11-09 15:48:00,0.4304,1090.09,2015-11-09 14:21:00,True,2015-11-09 14:12:00,0.4304,0.4304,True,1090.52,2015-11-09 14:15:00,0.1582
GC,2015-11-10,Tuesday,ADR,1092.89,1091.14,1.75,1093.02,1090.84,2.1800000000000637,True,LONG,2015-11-09 20:40:00,1093.18,True,True,False,0.4514,0.0,0.4514,1093.68,2015-11-09 20:49:00,0.9143,1091.29,2015-11-09 21:16:00,False,,0.0,,True,1092.89,2015-11-09 20:58:00,0.0
GC,2015-11-10,Tuesday,ODR,1093.88,1091.11,2.770000000000209,1094.7,1089.94,4.759999999999991,True,SHORT,2015-11-10 08:20:00,1089.87,True,False,,0.2491,1.1841,1.1841,1087.83,2015-11-10 08:29:00,0.0,1089.97,2015-11-10 08:25:00,True,2015-11-10 08:25:00,0.0,0.0,False,,,
GC,2015-11-10,Tuesday,RDR,1088.94,1085.57,3.3700000000001182,1089.15,1085.26,3.8900000000001,True,LONG,2015-11-10 11:10:00,1091.0,True,True,False,1.2641,0.0,1.2641,1093.2,2015-11-10 11:56:00,0.4006,1087.59,2015-11-10 15:46:00,True,2015-11-10 11:15:00,0.0,0.4006,True,1088.85,2015-11-10 13:30:00,0.0267
GC,2015-11-11,Wednesday,ADR,1092.5,1088.97,3.5299999999999727,1092.74,1088.81,3.9300000000000637,True,LONG,2015-11-10 20:30:00,1092.8,True,True,False,0.4589,0.0,0.4589,1094.12,2015-11-11 01:37:00,0.6176,1090.32,2015-11-10 21:21:00,False,,0.6176,,True,1092.04,2015-11-10 20:52:00,0.1303
GC,2015-11-11,Wednesday,ODR,1091.57,1089.71,1.8599999999999,1091.57,1089.26,2.3099999999999454,True,SHORT,2015-11-11 04:00:00,1089.22,True,True,True,0.0,1.2688,1.2688,1087.35,2015-11-11 06:26:00,0.3978,1090.45,2015-11-11 04:37:00,True,2015-11-11 04:27:00,0.3978,0.3978,True,1089.78,2015-11-11 04:29:00,0.0376
GC,2015-11-11,Wednesday,RDR,1087.35,1085.93,1.4199999999998454,1087.66,1085.56,2.1000000000001364,True,LONG,2015-11-11 10:40:00,1087.85,False,True,False,0.9789,1.3099,0.9789,1088.74,2015-11-11 10:53:00,2.3099,1084.07,2015-11-11 15:00:00,True,2015-11-11 10:52:00,0.6268,2.3099,True,1087.26,2015-11-11 10:46:00,0.0634
GC,2015-11-12,Thursday,ADR,1088.09,1087.33,0.7599999999999909,1088.47,1087.3,1.1700000000000728,True,LONG,2015-11-11 20:45:00,1088.74,True,True,False,1.6579,0.1579,1.6579,1089.35,2015-11-11 20:58:00,1.1579,1087.21,2015-11-12 00:30:00,True,2015-11-11 20:50:00,0.0,1.1579,True,1088.06,2015-11-11 22:04:00,0.0395
GC,2015-11-12,Thursday,ODR,1087.91,1086.93,0.9800000000000182,1088.04,1086.61,1.4300000000000637,True,SHORT,2015-11-12 06:55:00,1086.59,True,False,,0.6735,5.0816,5.0816,1081.95,2015-11-12 08:27:00,0.0,1086.83,2015-11-12 07:04:00,True,2015-11-12 07:05:00,0.0,0.0,False,,,
GC,2015-11-12,Thursday,RDR,1088.6,1076.76,11.839999999999918,1089.47,1076.37,13.100000000000136,False,,,,,,,0.0,0.0,,,,,,,False,,,,False,,,
GC,2015-11-13,Friday,ADR,1084.8,1082.06,2.740000000000009,1084.91,1081.19,3.7200000000000273,True,SHORT,2015-11-12 20:30:00,1080.82,True,True,False,0.0,0.6898,0.6058,1080.4,2015-11-12 20:37:00,0.8504,1084.39,2015-11-12 21:15:00,True,2015-11-12 20:35:00,0.0,0.8504,True,1082.13,2015-11-12 20:49:00,0.0255
GC,2015-11-13,Friday,ODR,1083.89,1082.71,1.1800000000000637,1084.18,1082.69,1.490000000000009,True,LONG,2015-11-13 04:05:00,1084.23,False,True,False,3.7373,1.7966,3.7373,1088.3,2015-11-13 07:40:00,2.7966,1080.59,2015-11-13 08:00:00,True,2015-11-13 04:28:00,1.0,2.7966,True,1083.63,2015-11-13 04:13:00,0.2203
GC,2015-11-13,Friday,RDR,1082.92,1081.4,1.5199999999999818,1083.16,1080.6,2.560000000000173,False,,,,,,,0.4211,0.4868,,,,,,,False,,,,False,,,
GC,2015-11-16,Monday,ADR,1092.78,1089.47,3.3099999999999454,1093.02,1088.83,4.190000000000055,True,LONG,2015-11-15 21:35:00,1093.11,True,True,True,1.6042,0.0,1.6042,1098.09,2015-11-16 01:57:00,0.2749,1091.87,2015-11-15 21:55:00,True,2015-11-16 00:50:00,0.2749,0.0,True,1092.71,2015-11-15 21:41:00,0.0211
GC,2015-11-16,Monday,ODR,1095.43,1092.35,3.0800000000001546,1095.95,1091.31,4.6400000000001,True,SHORT,2015-11-16 05:20:00,1090.38,True,True,True,0.0,1.2792,1.2792,1088.41,2015-11-16 08:24:00,0.6331,1094.3,2015-11-16 05:38:00,True,2015-11-16 05:25:00,0.6331,0.6331,True,1092.36,2015-11-16 05:31:00,0.0032
GC,2015-11-16,Monday,RDR,1086.08,1084.86,1.2200000000000273,1086.22,1084.43,1.7899999999999636,True,LONG,2015-11-16 11:20:00,1086.33,False,True,False,0.5902,2.918,0.1557,1086.27,2015-11-16 11:25:00,3.918,1081.3,2015-11-16 15:01:00,False,,0.2951,,True,1085.72,2015-11-16 11:25:00,0.2951
GC,2015-11-17,Tuesday,ADR,1084.41,1082.66,1.75,1084.62,1081.64,2.979999999999791,True,SHORT,2015-11-17 00:30:00,1079.17,True,False,,0.5086,3.1429,3.1429,1077.16,2015-11-17 01:46:00,0.0,1080.23,2015-11-17 00:54:00,True,2015-11-17 00:35:00,0.0,0.0,False,,,
GC,2015-11-17,Tuesday,ODR,1080.07,1078.88,1.1899999999998272,1080.31,1078.53,1.7799999999999727,True,LONG,2015-11-17 04:15:00,1080.63,False,True,True,2.6807,0.6975,2.6807,1083.26,2015-11-17 08:18:00,1.6975,1078.05,2015-11-17 07:29:00,True,2015-11-17 04:21:00,1.6975,1.6975,True,1080.05,2015-11-17 06:22:00,0.0168
GC,2015-11-17,Tuesday,RDR,1079.62,1075.64,3.979999999999791,1080.03,1074.83,5.2000000000000455,True,SHORT,2015-11-17 11:30:00,1074.19,True,False,,0.0,2.5603,2.5603,1065.45,2015-11-17 11:59:00,0.0,1074.44,2015-11-17 11:35:00,True,2015-11-17 11:37:00,0.0,0.0,False,,,
GC,2015-11-18,Wednesday,ADR,1068.79,1065.99,2.7999999999999545,1069.16,1065.48,3.6800000000000637,True,LONG,2015-11-18 00:45:00,1069.47,True,True,True,1.1143,0.4714,1.1143,1071.91,2015-11-18 01:57:00,0.1643,1068.33,2015-11-18 00:57:00,True,2015-11-18 01:13:00,0.1643,0.0,True,1068.75,2015-11-18 00:55:00,0.0143
GC,2015-11-18,Wednesday,ODR,1071.58,1070.11,1.4700000000000273,1071.66,1070.07,1.5900000000001455,True,LONG,2015-11-18 04:50:00,1072.18,False,True,False,0.6735,2.1429,0.6735,1072.57,2015-11-18 04:56:00,3.1429,1066.96,2015-11-18 08:19:00,True,2015-11-18 04:55:00,0.0,3.1429,True,1071.51,2015-11-18 05:03:00,0.0476
GC,2015-11-18,Wednesday,RDR,1070.9,1067.96,2.9400000000000546,1071.0,1067.67,3.3299999999999272,True,SHORT,2015-11-18 12:20:00,1067.61,False,True,False,1.551,0.7245,0.7245,1065.83,2015-11-18 14:00:00,2.551,1075.46,2015-11-18 14:01:00,True,2015-11-18 14:00:00,1.2109,2.551,True,1068.04,2015-11-18 12:27:00,0.0272
GC,2015-11-19,Thursday,ADR,1076.59,1073.13,3.459999999999809,1076.98,1072.79,4.190000000000055,True,LONG,2015-11-18 20:35:00,1077.68,True,True,True,0.7341,0.0,0.7341,1079.13,2015-11-18 21:26:00,0.3064,1075.53,2015-11-18 22:22:00,True,2015-11-18 20:46:00,0.0,0.3064,True,1076.58,2015-11-18 21:50:00,0.0029
GC,2015-11-19,Thursday,ODR,1076.2,1075.25,0.9500000000000455,1076.3,1075.04,1.259999999999991,True,SHORT,2015-11-19 04:50:00,1075.02,True,False,,0.0,5.3579,5.3579,1070.16,2015-11-19 08:29:00,0.0,1075.09,2015-11-19 04:55:00,True,2015-11-19 04:56:00,0.0,0.0,False,,,
GC,2015-11-19,Thursday,RDR,1083.4,1076.86,6.540000000000191,1084.25,1076.86,7.3900000000001,True,LONG,2015-11-19 11:35:00,1084.52,True,True,False,0.604,0.0,0.604,1087.35,2015-11-19 11:41:00,0.8028,1078.15,2015-11-19 13:34:00,True,2015-11-19 11:41:00,0.0,0.8028,True,1083.24,2015-11-19 11:55:00,0.0245
GC,2015-11-20,Friday,ADR,1082.25,1081.5,0.75,1082.46,1081.21,1.25,True,LONG,2015-11-19 20:50:00,1083.4,True,False,,5.6667,0.0,5.6667,1086.5,2015-11-20 01:07:00,0.0,1082.9,2015-11-20 00:06:00,True,2015-11-19 20:55:00,0.0,0.0,False,,,
GC,2015-11-20,Friday,ODR,1081.71,1079.89,1.8199999999999363,1081.83,1079.51,2.3199999999999363,True,LONG,2015-11-20 04:05:00,1082.13,True,True,True,3.456,0.0,3.456,1088.0,2015-11-20 04:57:00,0.2912,1081.18,2015-11-20 04:28:00,True,2015-11-20 04:39:00,0.2912,0.0,True,1081.58,2015-11-20 04:11:00,0.0714
GC,2015-11-20,Friday,RDR,1082.57,1078.91,3.6599999999998545,1083.0,1078.56,4.440000000000055,True,SHORT,2015-11-20 11:30:00,1077.87,True,False,,0.0,0.8579,0.8579,1075.77,2015-11-20 12:19:00,0.0,1078.43,2015-11-20 11:37:00,True,2015-11-20 12:01:00,0.0,0.0,False,,,
GC,2015-11-23,Monday,ADR,1075.49,1073.63,1.8599999999999,1075.73,1073.43,2.2999999999999545,True,SHORT,2015-11-22 20:35:00,1072.94,True,True,True,0.0,3.2849,3.2849,1067.52,2015-11-22 21:31:00,0.0806,1073.78,2015-11-22 20:43:00,True,2015-11-22 20:40:00,0.0806,0.0806,True,1073.64,2015-11-22 20:41:00,0.0054
GC,2015-11-23,Monday,ODR,1072.87,1070.98,1.8899999999998727,1073.14,1070.9,2.240000000000009,True,SHORT,2015-11-23 04:25:00,1070.21,True,True,True,0.0,1.9683,1.9683,1067.26,2015-11-23 08:28:00,0.8624,1072.61,2015-11-23 07:34:00,True,2015-11-23 05:09:00,0.8624,0.8624,True,1071.11,2015-11-23 06:55:00,0.0688
GC,2015-11-23,Monday,RDR,1072.39,1070.08,2.310000000000173,1073.46,1069.59,3.8700000000001182,True,SHORT,2015-11-23 10:30:00,1068.95,True,True,True,0.0,1.2294,1.2294,1067.24,2015-11-23 13:31:00,0.0649,1070.23,2015-11-23 11:15:00,True,2015-11-23 10:35:00,0.0649,0.0649,True,1070.15,2015-11-23 11:11:00,0.0303
GC,2015-11-24,Tuesday,ADR,1070.77,1069.89,0.8799999999998818,1071.26,1069.49,1.7699999999999818,True,LONG,2015-11-23 20:35:00,1071.89,True,True,True,1.8864,0.0795,1.8864,1072.43,2015-11-24 00:41:00,1.0795,1069.82,2015-11-23 21:44:00,True,2015-11-23 20:40:00,1.0795,1.0795,True,1070.73,2015-11-23 20:54:00,0.0455
GC,2015-11-24,Tuesday,ODR,1074.65,1071.97,2.6800000000000637,1075.17,1071.66,3.509999999999991,True,LONG,2015-11-24 06:15:00,1075.37,True,True,True,2.3657,0.0,2.3657,1080.99,2015-11-24 08:08:00,0.6082,1073.02,2015-11-24 07:43:00,True,2015-11-24 07:54:00,0.6082,0.0,True,1074.3,2015-11-24 06:46:00,0.1306
GC,2015-11-24,Tuesday,RDR,1077.78,1073.53,4.25,1078.63,1072.83,5.800000000000182,False,,,,,,,0.0,0.0,,,,,,,False,,,,False,,,
GC,2015-11-25,Wednesday,ADR,1077.18,1076.53,0.650000000000091,1077.74,1076.17,1.5699999999999363,True,LONG,2015-11-24 20:40:00,1077.78,True,False,,5.5385,0.0,5.5385,1080.78,2015-11-24 22:01:00,0.0,1077.64,2015-11-24 20:46:00,True,2015-11-24 20:45:00,0.0,0.0,False,,,
GC,2015-11-25,Wednesday,ODR,1079.67,1075.77,3.900000000000091,1079.69,1075.6,4.0900000000001455,True,SHORT,2015-11-25 04:00:00,1075.36,True,False,,0.0,1.0051,1.0051,1071.85,2015-11-25 06:14:00,0.0,1075.61,2015-11-25 04:16:00,True,2015-11-25 04:28:00,0.0,0.0,False,,,
GC,2015-11-25,Wednesday,RDR,1070.6,1068.49,2.1099999999999,1070.76,1067.85,2.910000000000082,True,LONG,2015-11-25 10:40:00,1070.87,True,True,True,1.0616,0.0,1.0616,1072.84,2015-11-25 12:09:00,0.3649,1069.83,2015-11-25 14:19:00,True,2015-11-25 10:45:00,0.0,0.3649,True,1070.54,2015-11-25 12:54:00,0.0284
GC,2015-11-26,Thursday,ADR,1071.8,1070.63,1.1699999999998454,1072.07,1069.59,2.480000000000018,True,LONG,2015-11-25 20:50:00,1072.29,True,False,,2.5556,0.0342,2.5556,1074.79,2015-11-25 22:28:00,0.0,1071.88,2015-11-25 21:13:00,True,2015-11-25 20:56:00,0.0,0.0,False,,,
GC,2015-11-26,Thursday,ODR,1071.84,1071.27,0.5699999999999363,1072.11,1071.16,0.9499999999998181,True,SHORT,2015-11-26 04:30:00,1070.97,False,True,True,2.8772,1.8947,1.8947,1070.19,2015-11-26 05:31:00,3.8772,1073.48,2015-11-26 06:05:00,True,2015-11-26 04:35:00,0.6667,3.8772,True,1071.36,2015-11-26 04:45:00,0.1579
GC,2015-11-26,Thursday,RDR,1071.84,1070.81,1.0299999999999727,1071.92,1070.41,1.509999999999991,True,LONG,2015-11-26 12:45:00,1071.96,True,True,True,0.1942,0.165,0.1942,1072.04,2015-11-26 13:00:00,0.1553,1071.68,2015-11-26 12:51:00,False,,0.1553,,True,1071.8,2015-11-26 12:50:00,0.0388
GC,2015-11-27,Friday,ADR,1072.98,1070.7,2.2799999999999727,1073.8,1070.36,3.4400000000000546,True,SHORT,2015-11-26 20:50:00,1070.25,True,True,True,0.0,1.7018,1.7018,1066.82,2015-11-26 22:06:00,0.0658,1070.85,2015-11-26 21:01:00,True,2015-11-26 21:31:00,0.0658,0.0,True,1070.85,2015-11-26 21:01:00,0.0658
GC,2015-11-27,Friday,ODR,1069.1,1067.58,1.5199999999999818,1069.17,1067.47,1.7000000000000455,True,SHORT,2015-11-27 04:00:00,1067.45,True,True,True,0.0,8.5066,8.5066,1054.65,2015-11-27 08:20:00,0.6118,1068.51,2015-11-27 04:09:00,True,2015-11-27 04:52:00,0.6118,0.0,True,1067.62,2015-11-27 04:05:00,0.0263
GC,2015-11-27,Friday,RDR,1060.17,1055.27,4.900000000000091,1061.57,1055.15,6.419999999999845,False,,,,,,,0.0122,0.0,,,,,,,False,,,,False,,,
GC,2015-11-30,Monday,ADR,1057.37,1054.31,3.0599999999999454,1057.59,1054.1,3.490000000000009,True,SHORT,2015-11-29 20:40:00,1054.07,True,True,False,0.098,0.3856,0.3856,1053.13,2015-11-29 21:14:00,1.098,1057.67,2015-11-29 22:16:00,False,,0.2582,,True,1054.31,2015-11-29 20:54:00,0.0
GC,2015-11-30,Monday,ODR,1057.7,1056.7,1.0,1057.91,1056.55,1.3600000000001273,True,SHORT,2015-11-30 04:05:00,1056.27,False,True,False,2.67,1.94,1.94,1054.76,2015-11-30 05:28:00,3.67,1060.37,2015-11-30 08:25:00,True,2015-11-30 04:10:00,0.0,3.67,True,1056.71,2015-11-30 06:15:00,0.01
GC,2015-11-30,Monday,RDR,1063.56,1060.79,2.769999999999982,1064.01,1060.77,3.240000000000009,True,LONG,2015-11-30 11:40:00,1064.15,True,True,True,2.2238,0.0,2.2238,1069.72,2015-11-30 14:08:00,0.2347,1062.91,2015-11-30 12:01:00,True,2015-11-30 13:06:00,0.2347,0.0,True,1063.32,2015-11-30 11:46:00,0.0866
GC,2015-12-01,Tuesday,ADR,1065.1,1063.46,1.6399999999998727,1065.33,1063.21,2.119999999999891,True,LONG,2015-11-30 20:30:00,1065.63,True,False,,5.8049,0.0,5.8049,1074.62,2015-11-30 21:10:00,0.0,1065.5,2015-11-30 20:35:00,True,2015-11-30 20:35:00,0.0,0.0,False,,,
GC,2015-12-01,Tuesday,ODR,1070.97,1069.61,1.3600000000001273,1071.32,1069.41,1.9099999999998545,True,LONG,2015-12-01 04:10:00,1071.36,False,True,False,1.1176,2.0662,1.1176,1072.49,2015-12-01 08:25:00,3.0662,1066.8,2015-12-01 07:30:00,True,2015-12-01 04:15:00,3.0662,3.0662,True,1070.95,2015-12-01 04:29:00,0.0147
GC,2015-12-01,Tuesday,RDR,1069.43,1065.08,4.350000000000136,1070.11,1064.24,5.869999999999891,True,SHORT,2015-12-01 13:20:00,1064.17,True,True,False,0.0391,0.308,0.308,1063.74,2015-12-01 13:28:00,1.0391,1069.6,2015-12-01 15:56:00,False,,0.0,,True,1065.08,2015-12-01 13:37:00,0.0
GC,2015-12-02,Wednesday,ADR,1070.39,1068.82,1.5700000000001637,1070.46,1068.29,2.1700000000000728,True,SHORT,2015-12-01 22:40:00,1068.18,True,True,True,0.0,1.1783,1.1783,1066.97,2015-12-02 01:04:00,0.2611,1069.23,2015-12-01 23:13:00,True,2015-12-01 22:48:00,0.2611,0.2611,True,1069.05,2015-12-01 23:12:00,0.1465
GC,2015-12-02,Wednesday,ODR,1068.84,1067.55,1.2899999999999636,1069.1,1067.3,1.7999999999999545,True,SHORT,2015-12-02 05:05:00,1066.75,True,True,True,0.0,5.8605,5.8605,1059.99,2015-12-02 08:20:00,0.124,1067.71,2015-12-02 07:05:00,True,2015-12-02 05:10:00,0.124,0.124,True,1067.56,2015-12-02 07:00:00,0.0078
GC,2015-12-02,Wednesday,RDR,1058.94,1055.58,3.3600000000001273,1059.08,1054.9,4.179999999999836,True,SHORT,2015-12-02 12:00:00,1054.6,True,True,True,0.0,1.494,1.494,1050.56,2015-12-02 12:36:00,0.5,1057.26,2015-12-02 14:06:00,True,2015-12-02 12:25:00,0.0,0.5,True,1055.79,2015-12-02 13:18:00,0.0625
GC,2015-12-03,Thursday,ADR,1053.51,1046.92,6.589999999999918,1053.52,1046.38,7.139999999999873,True,LONG,2015-12-03 00:30:00,1053.71,True,True,False,0.1366,0.0,0.1366,1054.41,2015-12-03 00:42:00,0.2003,1052.19,2015-12-03 01:34:00,False,,0.0,,True,1053.42,2015-12-03 00:53:00,0.0137
GC,2015-12-03,Thursday,ODR,1053.12,1050.25,2.869999999999891,1053.3,1049.72,3.5799999999999272,True,SHORT,2015-12-03 04:15:00,1049.3,False,True,False,3.4774,0.4739,0.4704,1048.9,2015-12-03 04:36:00,4.4774,1063.1,2015-12-03 08:01:00,False,,0.0,,True,1050.39,2015-12-03 04:42:00,0.0488
GC,2015-12-03,Thursday,RDR,1057.62,1054.4,3.2199999999998,1058.47,1053.71,4.759999999999991,True,LONG,2015-12-03 11:30:00,1058.9,True,False,,2.4161,0.0,2.4161,1065.4,2015-12-03 15:11:00,0.0,1057.7,2015-12-03 12:02:00,True,2015-12-03 11:36:00,0.0,0.0,False,,,
GC,2015-12-04,Friday,ADR,1064.29,1061.92,2.369999999999891,1064.93,1061.71,3.2200000000000273,True,SHORT,2015-12-03 20:35:00,1060.6,True,True,False,0.0,0.8481,0.8481,1059.91,2015-12-03 20:54:00,0.8776,1064.0,2015-12-03 22:57:00,True,2015-12-03 20:40:00,0.0,0.8776,True,1062.0,2015-12-03 21:35:00,0.0338
GC,2015-12-04,Friday,ODR,1060.19,1058.6,1.5900000000001455,1060.6,1058.11,2.490000000000009,True,LONG,2015-12-04 04:10:00,1060.62,True,True,True,7.1447,0.0,7.1447,1071.55,2015-12-04 08:21:00,0.1887,1059.89,2015-12-04 04:18:00,True,2015-12-04 04:19:00,0.1887,0.1195,True,1060.03,2015-12-04 04:17:00,0.1006
GC,2015-12-04,Friday,RDR,1087.28,1073.27,14.009999999999991,1088.77,1072.53,16.24000000000001,False,,,,,,,0.06,0.0,,,,,,,False,,,,False,,,
GC,2015-12-07,Monday,ADR,1086.02,1083.42,2.599999999999909,1086.35,1082.86,3.490000000000009,False,,,,,,,0.2192,0.0,,,,,,,False,,,,False,,,
GC,2015-12-07,Monday,ODR,1084.48,1082.97,1.509999999999991,1084.48,1082.55,1.9300000000000637,True,SHORT,2015-12-07 05:15:00,1082.5,True,True,True,0.0,2.2583,2.2583,1079.56,2015-12-07 08:29:00,0.3444,1083.49,2015-12-07 06:01:00,True,2015-12-07 05:25:00,0.3444,0.3444,True,1083.06,2015-12-07 05:29:00,0.0596
GC,2015-12-07,Monday,RDR,1079.53,1074.8,4.730000000000018,1080.19,1073.78,6.410000000000082,True,SHORT,2015-12-07 14:40:00,1073.73,True,False,,0.0,0.7611,0.7611,1071.2,2015-12-07 15:09:00,0.0,1073.75,2015-12-07 14:45:00,True,2015-12-07 15:01:00,0.0,0.0,False,,,
GC,2015-12-08,Tuesday,ADR,1072.1,1070.42,1.6799999999998363,1072.36,1070.0,2.3599999999999,True,SHORT,2015-12-07 20:45:00,1069.18,False,True,False,1.2262,1.5952,1.5952,1067.74,2015-12-07 20:56:00,2.2262,1074.16,2015-12-08 01:34:00,True,2015-12-07 20:50:00,0.0,2.2262,True,1070.5,2015-12-07 21:44:00,0.0476
GC,2015-12-08,Tuesday,ODR,1074.41,1073.22,1.1900000000000546,1074.79,1073.02,1.7699999999999818,True,SHORT,2015-12-08 05:20:00,1072.24,True,True,True,0.395,4.7311,4.7311,1067.59,2015-12-08 08:03:00,0.5882,1073.92,2015-12-08 07:37:00,True,2015-12-08 05:25:00,0.5882,0.5882,True,1073.38,2015-12-08 07:35:00,0.1345
GC,2015-12-08,Tuesday,RDR,1078.14,1072.63,5.509999999999991,1079.09,1071.23,7.8599999999999,False,,,,,,,0.0,0.118,,,,,,,False,,,,False,,,
GC,2015-12-09,Wednesday,ADR,1076.45,1074.94,1.509999999999991,1077.07,1074.79,2.2799999999999727,True,LONG,2015-12-08 21:30:00,1077.29,True,True,True,1.3907,0.0,1.3907,1078.55,2015-12-09 00:21:00,0.0596,1076.36,2015-12-09 01:46:00,True,2015-12-08 21:35:00,0.0397,0.0596,True,1076.45,2015-12-08 23:12:00,0.0
GC,2015-12-09,Wednesday,ODR,1077.24,1076.07,1.1700000000000728,1077.57,1075.96,1.6099999999999,True,SHORT,2015-12-09 04:40:00,1074.5,False,True,False,3.5641,2.5214,2.5214,1073.12,2015-12-09 04:46:00,4.5641,1081.41,2015-12-09 05:18:00,True,2015-12-09 04:45:00,0.0,4.5641,True,1076.42,2015-12-09 05:09:00,0.2991
GC,2015-12-09,Wednesday,RDR,1082.86,1076.68,6.179999999999836,1082.97,1076.27,6.7000000000000455,True,SHORT,2015-12-09 10:40:00,1076.04,True,True,True,0.0,1.1699,1.1699,1069.45,2015-12-09 11:05:00,0.254,1078.25,2015-12-09 13:12:00,True,2015-12-09 10:48:00,0.0,0.254,True,1076.72,2015-12-09 12:58:00,0.0065
GC,2015-12-10,Thursday,ADR,1074.62,1072.77,1.849999999999909,1074.95,1072.77,2.1800000000000637,True,LONG,2015-12-09 21:45:00,1075.21,False,True,False,0.9676,0.2757,0.9676,1076.41,2015-12-09 21:56:00,1.2757,1072.26,2015-12-10 01:12:00,True,2015-12-09 21:53:00,0.0,1.2757,True,1074.43,2015-12-09 22:27:00,0.1027
GC,2015-12-10,Thursday,ODR,1074.18,1072.89,1.2899999999999636,1075.0,1072.59,2.410000000000082,True,SHORT,2015-12-10 05:10:00,1072.47,False,True,True,1.0465,1.3643,1.3643,1071.13,2015-12-10 05:30:00,2.0465,1075.53,2015-12-10 06:30:00,True,2015-12-10 05:15:00,0.0,2.0465,True,1072.9,2015-12-10 06:16:00,0.0078
GC,2015-12-10,Thursday,RDR,1072.56,1069.64,2.9199999999998454,1072.74,1069.35,3.3900000000001,True,LONG,2015-12-10 11:00:00,1072.85,True,True,False,0.6301,0.0,0.6301,1074.4,2015-12-10 11:15:00,0.7363,1070.41,2015-12-10 13:42:00,True,2015-12-10 11:14:00,0.0,0.7363,True,1072.51,2015-12-10 11:47:00,0.0171
GC,2015-12-11,Friday,ADR,1071.01,1067.97,3.0399999999999636,1071.04,1067.76,3.2799999999999727,True,SHORT,2015-12-10 20:30:00,1067.7,False,True,False,0.3289,0.727,0.727,1065.76,2015-12-10 22:03:00,1.3289,1072.01,2015-12-11 01:58:00,True,2015-12-10 20:39:00,0.1612,1.3289,True,1067.98,2015-12-10 20:53:00,0.0033
GC,2015-12-11,Friday,ODR,1070.6,1068.43,2.1699999999998454,1070.94,1067.76,3.1800000000000637,True,SHORT,2015-12-11 05:30:00,1067.72,True,False,,0.0,2.8111,2.8111,1062.33,2015-12-11 08:20:00,0.0,1067.89,2015-12-11 05:35:00,True,2015-12-11 05:37:00,0.0,0.0,False,,,
GC,2015-12-11,Friday,RDR,1076.51,1064.88,11.629999999999882,1078.89,1064.38,14.509999999999991,True,LONG,2015-12-11 14:15:00,1079.04,True,True,True,0.2597,0.0,0.2597,1079.53,2015-12-11 14:25:00,0.0344,1076.11,2015-12-11 15:46:00,False,,0.0,,True,1076.5,2015-12-11 15:33:00,0.0009
GC,2015-12-14,Monday,ADR,1074.6,1071.99,2.6099999999999,1074.74,1071.84,2.900000000000091,True,LONG,2015-12-13 21:10:00,1074.83,True,True,False,1.0881,0.0,1.0881,1077.44,2015-12-13 22:15:00,0.433,1073.47,2015-12-14 01:41:00,True,2015-12-13 21:30:00,0.0,0.433,True,1074.52,2015-12-14 01:16:00,0.0307
GC,2015-12-14,Monday,ODR,1071.0,1065.92,5.079999999999927,1071.09,1065.58,5.509999999999991,True,LONG,2015-12-14 08:10:00,1071.26,True,True,True,0.3425,0.0,0.3425,1072.74,2015-12-14 08:27:00,0.128,1070.35,2015-12-14 08:18:00,False,,0.128,,True,1070.35,2015-12-14 08:18:00,0.128
GC,2015-12-14,Monday,RDR,1072.73,1068.51,4.220000000000027,1073.15,1067.83,5.320000000000164,True,SHORT,2015-12-14 11:55:00,1067.56,True,False,,0.0,1.2773,1.2773,1063.12,2015-12-14 13:17:00,0.0,1068.17,2015-12-14 12:10:00,True,2015-12-14 12:18:00,0.0,0.0,False,,,
GC,2015-12-15,Tuesday,ADR,1065.56,1063.24,2.3199999999999363,1066.15,1062.4,3.75,False,,,,,,,0.0,0.0819,,,,,,,False,,,,False,,,
GC,2015-12-15,Tuesday,ODR,1063.17,1062.06,1.1100000000001273,1063.2,1061.92,1.2799999999999727,True,SHORT,2015-12-15 04:40:00,1061.51,False,True,False,4.9099,2.8468,2.8468,1058.9,2015-12-15 04:45:00,5.9099,1068.62,2015-12-15 05:34:00,True,2015-12-15 04:45:00,0.0,5.9099,True,1063.3,2015-12-15 04:57:00,1.0
GC,2015-12-15,Tuesday,RDR,1063.52,1062.21,1.3099999999999454,1064.02,1061.49,2.5299999999999727,True,SHORT,2015-12-15 10:50:00,1061.21,False,True,True,2.2977,1.9389,1.9389,1059.67,2015-12-15 10:59:00,3.2977,1066.53,2015-12-15 12:32:00,True,2015-12-15 10:55:00,0.0,3.2977,True,1062.34,2015-12-15 11:56:00,0.0992
GC,2015-12-16,Wednesday,ADR,1064.53,1062.09,2.4400000000000546,1064.73,1061.98,2.75,True,LONG,2015-12-15 21:45:00,1064.97,True,True,False,0.75,0.0,0.75,1066.36,2015-12-15 22:17:00,0.2623,1063.89,2015-12-16 01:45:00,True,2015-12-15 22:09:00,0.0615,0.2623,True,1064.45,2015-12-15 21:58:00,0.0328
GC,2015-12-16,Wednesday,ODR,1065.9,1064.54,1.3600000000001273,1066.45,1064.47,1.9800000000000182,True,SHORT,2015-12-16 05:50:00,1063.81,False,True,False,5.0221,1.2206,1.2206,1062.88,2015-12-16 07:01:00,6.0221,1072.73,2015-12-16 08:26:00,True,2015-12-16 05:55:00,0.0882,6.0221,True,1064.54,2015-12-16 05:56:00,0.0
GC,2015-12-16,Wednesday,RDR,1075.94,1071.8,4.1400000000001,1076.92,1071.33,5.5900000000001455,True,LONG,2015-12-16 13:00:00,1077.54,False,True,False,0.5725,2.3333,0.5725,1078.31,2015-12-16 14:44:00,3.3333,1062.14,2015-12-16 14:00:00,True,2015-12-16 14:44:00,3.3333,1.8285,True,1075.82,2015-12-16 13:38:00,0.029
GC,2015-12-17,Thursday,ADR,1072.79,1068.6,4.190000000000055,1072.9,1068.51,4.3900000000001,True,SHORT,2015-12-16 20:30:00,1068.43,True,True,True,0.0,0.926,0.926,1064.72,2015-12-16 20:45:00,0.0048,1068.62,2015-12-16 20:35:00,True,2015-12-16 20:41:00,0.0048,0.0,True,1068.62,2015-12-16 20:35:00,0.0048
GC,2015-12-17,Thursday,ODR,1067.57,1066.56,1.009999999999991,1067.7,1065.99,1.7100000000000364,True,LONG,2015-12-17 04:00:00,1068.3,False,True,False,1.5545,4.9406,1.5545,1069.14,2015-12-17 04:06:00,5.9406,1061.57,2015-12-17 08:29:00,True,2015-12-17 04:05:00,0.0,5.9406,True,1067.4,2015-12-17 04:32:00,0.1683
GC,2015-12-17,Thursday,RDR,1054.93,1048.89,6.039999999999964,1055.27,1047.59,7.680000000000064,False,,,,,,,0.0679,0.0,,,,,,,False,,,,False,,,
GC,2015-12-18,Friday,ADR,1054.13,1052.86,1.2700000000002092,1054.36,1051.97,2.3899999999998727,True,LONG,2015-12-17 20:30:00,1055.11,False,True,True,3.0709,1.315,3.0709,1058.03,2015-12-18 01:52:00,2.315,1051.19,2015-12-17 22:57:00,True,2015-12-17 20:35:00,2.315,2.315,True,1054.13,2015-12-17 22:22:00,0.0
GC,2015-12-18,Friday,ODR,1055.95,1054.13,1.8199999999999363,1056.3,1053.81,2.490000000000009,True,LONG,2015-12-18 05:35:00,1056.93,True,True,True,1.7857,0.0,1.7857,1059.2,2015-12-18 07:20:00,0.1099,1055.75,2015-12-18 08:05:00,True,2015-12-18 05:40:00,0.0934,0.1099,True,1055.88,2015-12-18 05:50:00,0.0385
GC,2015-12-18,Friday,RDR,1069.79,1058.99,10.799999999999955,1071.49,1058.72,12.769999999999982,False,,,,,,,0.0,0.0,,,,,,,False,,,,False,,,
GC,2015-12-21,Monday,ADR,1068.02,1063.9,4.119999999999891,1068.91,1063.86,5.050000000000182,True,LONG,2015-12-20 20:40:00,1069.1,True,True,True,0.699,0.0,0.699,1070.9,2015-12-21 00:35:00,0.1578,1067.37,2015-12-20 21:44:00,True,2015-12-21 00:35:00,0.1578,0.0,True,1068.01,2015-12-20 21:29:00,0.0024
GC,2015-12-21,Monday,ODR,1073.58,1069.94,3.6399999999998727,1073.96,1069.39,4.569999999999936,True,SHORT,2015-12-21 07:25:00,1069.17,True,True,False,0.0,0.8297,0.8297,1066.92,2015-12-21 08:00:00,0.9698,1073.47,2015-12-21 08:26:00,True,2015-12-21 07:52:00,0.1731,0.9698,True,1070.13,2015-12-21 07:38:00,0.0522
GC,2015-12-21,Monday,RDR,1079.53,1074.8,4.730000000000018,1080.19,1074.56,5.630000000000109,True,LONG,2015-12-21 12:25:00,1081.05,True,True,False,0.4482,0.0,0.3996,1081.42,2015-12-21 12:30:00,0.3277,1077.98,2015-12-21 15:59:00,False,,0.0,,True,1079.42,2015-12-21 12:34:00,0.0233
GC,2015-12-22,Tuesday,ADR,1079.36,1077.25,2.1099999999999,1079.86,1077.1,2.759999999999991,True,SHORT,2015-12-21 21:40:00,1076.33,False,True,False,0.1801,0.654,0.5261,1076.14,2015-12-21 21:45:00,1.1754,1079.73,2015-12-22 01:48:00,True,2015-12-21 21:45:00,0.0,1.1754,True,1077.38,2015-12-21 21:54:00,0.0616
GC,2015-12-22,Tuesday,ODR,1079.17,1077.72,1.4500000000000455,1079.19,1077.61,1.5800000000001546,True,SHORT,2015-12-22 05:30:00,1077.45,False,True,False,1.0483,0.7517,0.7517,1076.63,2015-12-22 06:15:00,2.0483,1080.69,2015-12-22 08:13:00,True,2015-12-22 06:15:00,0.3931,2.0483,True,1077.74,2015-12-22 05:36:00,0.0138
GC,2015-12-22,Tuesday,RDR,1077.51,1075.81,1.7000000000000455,1078.31,1075.0,3.3099999999999454,True,SHORT,2015-12-22 12:20:00,1074.72,True,False,,0.1294,2.3529,2.3529,1071.81,2015-12-22 15:18:00,0.0,1075.25,2015-12-22 13:24:00,True,2015-12-22 12:25:00,0.0,0.0,False,,,
GC,2015-12-23,Wednesday,ADR,1074.43,1073.18,1.25,1074.65,1073.16,1.490000000000009,True,SHORT,2015-12-22 20:45:00,1073.09,False,True,False,0.824,0.408,0.408,1072.67,2015-12-22 20:54:00,1.824,1075.46,2015-12-23 01:45:00,False,,0.0,,True,1073.24,2015-12-22 21:04:00,0.048
GC,2015-12-23,Wednesday,ODR,1074.35,1071.21,3.1399999999998727,1074.5,1070.87,3.630000000000109,False,,,,,,,0.0,0.5096,,,,,,,False,,,,False,,,
GC,2015-12-23,Wednesday,RDR,1070.87,1068.63,2.2399999999997817,1071.67,1068.17,3.5,False,,,,,,,0.558,0.1071,,,,,,,False,,,,False,,,
GC,2015-12-24,Thursday,ADR,1072.57,1071.33,1.240000000000009,1072.66,1071.18,1.4800000000000182,True,LONG,2015-12-23 20:55:00,1072.87,True,False,,1.5,0.0,1.5,1074.43,2015-12-23 22:14:00,0.0,1072.73,2015-12-23 21:03:00,True,2015-12-23 21:09:00,0.0,0.0,False,,,
GC,2015-12-24,Thursday,ODR,1074.15,1073.26,0.8900000000001,1074.22,1073.09,1.1300000000001091,True,SHORT,2015-12-24 05:15:00,1073.03,True,True,True,0.0,2.2584,2.2584,1071.25,2015-12-24 05:40:00,0.6292,1073.82,2015-12-24 07:53:00,True,2015-12-24 05:30:00,0.0562,0.6292,True,1073.31,2015-12-24 05:25:00,0.0562
GC,2015-12-24,Thursday,RDR,1075.84,1074.51,1.3299999999999272,1076.21,1074.08,2.130000000000109,True,LONG,2015-12-24 11:45:00,1076.26,True,True,True,0.8195,0.0526,0.8195,1076.93,2015-12-24 13:17:00,0.6316,1075.0,2015-12-24 13:30:00,True,2015-12-24 11:51:00,0.5188,0.6316,True,1075.84,2015-12-24 11:56:00,0.0
GC,2015-12-28,Monday,ADR,1076.29,1072.68,3.6099999999999,1076.4,1072.51,3.8900000000001,True,SHORT,2015-12-27 20:40:00,1072.19,True,True,False,0.0,0.2936,0.2936,1071.62,2015-12-27 20:45:00,0.4377,1074.26,2015-12-28 01:26:00,False,,0.0,,True,1072.73,2015-12-27 20:54:00,0.0139
GC,2015-12-28,Monday,ODR,1073.43,1072.45,0.9800000000000182,1073.72,1071.9,1.8199999999999363,True,SHORT,2015-12-28 05:05:00,1071.7,True,True,True,0.0,2.4184,2.4184,1070.08,2015-12-28 08:18:00,0.051,1072.5,2015-12-28 06:07:00,True,2015-12-28 05:10:00,0.051,0.051,True,1072.5,2015-12-28 06:07:00,0.051
GC,2015-12-28,Monday,RDR,1071.9,1070.81,1.0900000000001455,1072.29,1070.33,1.9600000000000364,True,SHORT,2015-12-28 10:30:00,1069.8,True,True,True,0.0,4.0459,4.0459,1066.4,2015-12-28 13:34:00,0.1284,1070.95,2015-12-28 12:12:00,True,2015-12-28 10:35:00,0.1284,0.1284,True,1070.93,2015-12-28 12:11:00,0.1101
GC,2015-12-29,Tuesday,ADR,1071.11,1068.3,2.8099999999999454,1071.66,1068.3,3.3600000000001273,True,LONG,2015-12-28 20:40:00,1071.87,True,False,,1.089,0.0,1.089,1074.17,2015-12-29 01:45:00,0.0,1071.51,2015-12-28 23:49:00,True,2015-12-28 21:08:00,0.0,0.0,False,,,
GC,2015-12-29,Tuesday,ODR,1073.57,1072.36,1.2100000000000364,1073.67,1072.28,1.3900000000001,True,SHORT,2015-12-29 04:25:00,1072.19,False,True,False,1.3306,3.2975,3.2975,1068.37,2015-12-29 05:33:00,2.3306,1075.18,2015-12-29 05:14:00,True,2015-12-29 04:44:00,2.3306,2.3306,True,1072.47,2015-12-29 04:36:00,0.0909
GC,2015-12-29,Tuesday,RDR,1071.58,1069.48,2.099999999999909,1071.99,1068.87,3.1200000000001182,True,SHORT,2015-12-29 10:55:00,1068.47,True,True,True,0.0,0.9619,0.9619,1067.46,2015-12-29 15:47:00,0.4381,1070.4,2015-12-29 13:48:00,True,2015-12-29 11:00:00,0.4381,0.4381,True,1069.84,2015-12-29 13:47:00,0.1714
GC,2015-12-30,Wednesday,ADR,1070.49,1069.01,1.4800000000000182,1070.77,1068.27,2.5,True,LONG,2015-12-29 21:45:00,1070.91,True,True,False,0.4122,0.0,0.4122,1071.1,2015-12-29 21:59:00,0.527,1069.71,2015-12-30 00:34:00,False,,0.0,,True,1070.47,2015-12-29 22:16:00,0.0135
GC,2015-12-30,Wednesday,ODR,1069.57,1068.14,1.4299999999998363,1069.65,1067.96,1.6900000000000546,True,SHORT,2015-12-30 04:45:00,1067.0,False,True,True,1.7063,2.4755,2.4755,1064.6,2015-12-30 08:25:00,2.7063,1072.01,2015-12-30 05:12:00,True,2015-12-30 04:50:00,2.7063,2.7063,True,1069.38,2015-12-30 04:57:00,0.8671
GC,2015-12-30,Wednesday,RDR,1061.31,1059.45,1.8599999999999,1061.46,1059.35,2.1100000000001273,True,LONG,2015-12-30 10:55:00,1061.78,True,True,False,0.3978,0.0,0.3978,1062.05,2015-12-30 11:11:00,0.7204,1059.97,2015-12-30 13:02:00,False,,0.0,,True,1061.01,2015-12-30 11:20:00,0.1613
GC,2015-12-31,Thursday,ADR,1062.18,1060.82,1.3600000000001273,1062.53,1060.63,1.8999999999998636,True,LONG,2015-12-30 21:15:00,1062.63,True,True,True,0.7426,0.0,0.7426,1063.19,2015-12-30 22:22:00,0.3603,1061.69,2015-12-31 00:58:00,True,2015-12-30 22:19:00,0.3088,0.3603,True,1062.11,2015-12-30 21:25:00,0.0515
GC,2015-12-31,Thursday,ODR,1062.91,1062.02,0.8900000000001,1062.95,1061.95,1.0,True,SHORT,2015-12-31 04:20:00,1061.9,True,True,True,0.0,4.382,4.382,1058.12,2015-12-31 08:20:00,0.9326,1062.85,2015-12-31 05:01:00,True,2015-12-31 04:31:00,0.9326,0.9326,True,1062.04,2015-12-31 04:25:00,0.0225
GC,2015-12-31,Thursday,RDR,1062.55,1060.97,1.5799999999999272,1063.44,1060.82,2.6200000000001182,True,SHORT,2015-12-31 12:00:00,1060.7,True,True,True,0.1013,1.1519,1.1519,1059.15,2015-12-31 14:58:00,1.1013,1062.71,2015-12-31 13:01:00,True,2015-12-31 13:34:00,1.1013,0.0,True,1061.23,2015-12-31 12:33:00,0.1646
NQ,2015-01-02,Friday,ADR,4251.75,4247.73,4.020000000000437,4251.98,4247.5,4.479999999999563,True,LONG,2015-01-01 20:30:00,4252.25,True,True,True,1.3682,0.0,1.3682,4257.25,2015-01-02 00:15:00,0.0672,4251.48,2015-01-01 21:06:00,True,2015-01-01 21:50:00,0.0672,0.005,True,4251.73,2015-01-01 20:35:00,0.005
NQ,2015-01-02,Friday,ODR,4259.0,4248.5,10.5,4259.75,4248.0,11.75,True,SHORT,2015-01-02 04:30:00,4247.75,True,True,False,0.0,0.3095,0.3095,4245.25,2015-01-02 06:46:00,0.5219,4253.98,2015-01-02 05:44:00,False,,0.5219,,True,4249.73,2015-01-02 04:35:00,0.1171
NQ,2015-01-02,Friday,RDR,4269.98,4244.48,25.5,4272.48,4242.48,30.0,True,SHORT,2015-01-02 10:30:00,4236.98,True,False,,0.0,1.7059,1.7059,4200.98,2015-01-02 11:21:00,0.0,4237.23,2015-01-02 10:35:00,True,2015-01-02 10:37:00,0.0,0.0,False,,,
NQ,2015-01-05,Monday,ADR,4208.0,4197.5,10.5,4208.98,4197.23,11.75,True,LONG,2015-01-04 20:40:00,4209.98,True,True,True,1.1886,0.0,1.1886,4220.48,2015-01-05 00:14:00,0.119,4206.75,2015-01-04 21:22:00,True,2015-01-04 22:37:00,0.119,0.0,True,4208.0,2015-01-04 21:14:00,0.0
NQ,2015-01-05,Monday,ODR,4219.98,4206.48,13.5,4220.48,4206.23,14.25,True,SHORT,2015-01-05 05:30:00,4206.0,True,True,True,0.02,0.2763,0.2763,4202.75,2015-01-05 06:00:00,0.3333,4210.98,2015-01-05 06:31:00,False,,0.057,,True,4206.48,2015-01-05 05:40:00,0.0
NQ,2015-01-05,Monday,RDR,4206.75,4183.48,23.270000000000437,4206.75,4176.25,30.5,True,SHORT,2015-01-05 10:40:00,4172.98,True,True,True,0.0,1.6545,1.6545,4144.98,2015-01-05 14:51:00,0.1934,4187.98,2015-01-05 10:56:00,True,2015-01-05 10:45:00,0.1934,0.1934,True,4184.23,2015-01-05 10:51:00,0.0322
NQ,2015-01-06,Tuesday,ADR,4166.25,4159.73,6.520000000000437,4166.5,4159.23,7.270000000000437,True,SHORT,2015-01-05 21:25:00,4158.75,True,True,True,0.0,0.7285,0.7285,4154.98,2015-01-05 23:19:00,0.8436,4165.23,2015-01-05 21:46:00,True,2015-01-05 23:17:00,0.8436,0.0031,True,4159.98,2015-01-05 21:34:00,0.0383
NQ,2015-01-06,Tuesday,ODR,4165.48,4150.48,15.0,4167.48,4149.75,17.729999999999563,True,SHORT,2015-01-06 05:00:00,4149.0,False,True,False,0.4333,0.1,0.1,4148.98,2015-01-06 05:05:00,1.4333,4171.98,2015-01-06 06:56:00,False,,0.0,,True,4150.48,2015-01-06 05:06:00,0.0
NQ,2015-01-06,Tuesday,RDR,4167.98,4147.73,20.25,4170.48,4144.98,25.5,True,SHORT,2015-01-06 10:45:00,4144.73,True,True,True,0.0,3.2222,3.2222,4082.48,2015-01-06 13:25:00,0.1111,4149.98,2015-01-06 10:53:00,True,2015-01-06 11:00:00,0.1111,0.0,True,4149.23,2015-01-06 10:52:00,0.0741
NQ,2015-01-07,Wednesday,ADR,4110.0,4107.48,2.5200000000004366,4111.48,4107.25,4.229999999999563,True,LONG,2015-01-06 20:45:00,4111.75,True,True,True,1.5794,0.0,1.5794,4113.98,2015-01-06 23:06:00,0.7937,4108.0,2015-01-07 00:43:00,True,2015-01-06 20:50:00,0.0992,0.7937,True,4109.75,2015-01-06 21:14:00,0.0992
NQ,2015-01-07,Wednesday,ODR,4118.0,4111.5,6.5,4118.5,4110.23,8.270000000000437,True,LONG,2015-01-07 05:20:00,4119.48,True,False,,3.0738,0.6185,3.0738,4137.98,2015-01-07 08:15:00,0.0,4119.0,2015-01-07 05:25:00,True,2015-01-07 05:27:00,0.0,0.0,False,,,
NQ,2015-01-07,Wednesday,RDR,4149.98,4123.73,26.25,4152.23,4117.48,34.75,True,LONG,2015-01-07 11:55:00,4154.75,True,True,True,0.496,0.0857,0.496,4163.0,2015-01-07 12:08:00,0.3619,4140.48,2015-01-07 13:25:00,False,,0.0,,True,4148.23,2015-01-07 13:09:00,0.0667
NQ,2015-01-08,Thursday,ADR,4171.25,4153.73,17.520000000000437,4171.75,4153.48,18.270000000000437,True,LONG,2015-01-07 20:30:00,4176.0,True,False,,1.226,0.0,1.226,4192.73,2015-01-07 20:49:00,0.0,4174.5,2015-01-07 20:41:00,True,2015-01-07 20:44:00,0.0,0.0,False,,,
NQ,2015-01-08,Thursday,ODR,4185.73,4177.73,8.0,4186.5,4176.98,9.520000000000437,True,LONG,2015-01-08 06:15:00,4190.73,True,True,False,1.3438,0.0,1.3438,4196.48,2015-01-08 07:10:00,0.2475,4183.75,2015-01-08 08:25:00,True,2015-01-08 06:20:00,0.0,0.2475,True,4185.73,2015-01-08 08:20:00,0.0
NQ,2015-01-08,Thursday,RDR,4217.23,4188.98,28.25,4219.48,4184.48,35.0,True,LONG,2015-01-08 10:45:00,4221.98,True,False,,0.8938,0.0,0.8938,4242.48,2015-01-08 13:11:00,0.0,4217.98,2015-01-08 10:53:00,True,2015-01-08 11:00:00,0.0,0.0,False,,,
NQ,2015-01-09,Friday,ADR,4233.48,4228.98,4.5,4233.48,4228.5,4.979999999999563,True,LONG,2015-01-08 21:10:00,4234.48,False,True,False,0.2822,0.1067,0.2778,4234.73,2015-01-08 21:15:00,1.1067,4228.5,2015-01-09 00:03:00,False,,0.0,,True,4233.48,2015-01-08 21:16:00,0.0
NQ,2015-01-09,Friday,ODR,4233.5,4226.5,7.0,4234.98,4225.73,9.25,True,LONG,2015-01-09 04:05:00,4236.48,False,True,False,0.5,0.8571,0.5,4237.0,2015-01-09 04:10:00,1.8571,4220.5,2015-01-09 08:29:00,True,2015-01-09 04:10:00,0.0,1.8571,True,4233.48,2015-01-09 04:20:00,0.0029
NQ,2015-01-09,Friday,RDR,4246.23,4214.73,31.5,4247.98,4213.0,34.97999999999956,True,SHORT,2015-01-09 10:30:00,4206.23,True,True,True,0.0,1.0714,1.0714,4180.98,2015-01-09 11:23:00,0.4048,4227.48,2015-01-09 15:15:00,True,2015-01-09 10:40:00,0.0,0.4048,True,4216.48,2015-01-09 12:07:00,0.0556
NQ,2015-01-12,Monday,ADR,4199.0,4197.0,2.0,4199.48,4196.25,3.2299999999995634,True,LONG,2015-01-11 20:50:00,4200.5,False,True,False,2.615,0.75,2.615,4204.23,2015-01-11 21:26:00,1.75,4195.5,2015-01-11 22:40:00,True,2015-01-11 20:55:00,0.0,1.75,True,4199.0,2015-01-11 22:28:00,0.0
NQ,2015-01-12,Monday,ODR,4221.73,4205.75,15.979999999999563,4221.73,4205.75,15.979999999999563,True,LONG,2015-01-12 04:45:00,4222.98,True,True,False,0.3442,0.0313,0.3442,4227.23,2015-01-12 06:15:00,0.923,4206.98,2015-01-12 08:29:00,False,,0.0613,,True,4221.5,2015-01-12 04:52:00,0.0144
NQ,2015-01-12,Monday,RDR,4215.48,4159.48,56.0,4218.23,4152.23,66.0,False,,,,,,,0.0,0.1518,,,,,,,False,,,,False,,,
NQ,2015-01-13,Tuesday,ADR,4169.75,4166.75,3.0,4170.0,4166.0,4.0,True,LONG,2015-01-12 21:00:00,4171.98,True,True,True,2.4933,0.0833,2.4933,4177.23,2015-01-13 01:13:00,1.0833,4166.5,2015-01-12 22:48:00,True,2015-01-12 21:05:00,1.0833,1.0833,True,4168.5,2015-01-12 21:33:00,0.4167
NQ,2015-01-13,Tuesday,ODR,4175.98,4163.48,12.5,4175.98,4160.48,15.5,True,LONG,2015-01-13 04:35:00,4182.23,True,False,,1.62,0.0,1.62,4196.23,2015-01-13 06:58:00,0.0,4176.23,2015-01-13 05:29:00,True,2015-01-13 04:40:00,0.0,0.0,False,,,
NQ,2015-01-13,Tuesday,RDR,4243.48,4202.0,41.47999999999956,4244.73,4202.0,42.72999999999956,True,SHORT,2015-01-13 13:20:00,4195.48,True,False,,0.1025,1.8146,1.8146,4126.73,2015-01-13 14:14:00,0.0,4196.48,2015-01-13 13:25:00,True,2015-01-13 13:30:00,0.0,0.0,False,,,
NQ,2015-01-14,Wednesday,ADR,4160.0,4157.48,2.5200000000004366,4160.25,4157.25,3.0,True,SHORT,2015-01-13 20:30:00,4154.0,True,False,,0.0,16.1627,16.1627,4116.75,2015-01-14 01:51:00,0.0,4157.0,2015-01-13 20:56:00,True,2015-01-13 20:35:00,0.0,0.0,False,,,
NQ,2015-01-14,Wednesday,ODR,4145.75,4130.0,15.75,4153.23,4129.73,23.5,True,LONG,2015-01-14 04:50:00,4154.0,False,True,False,1.4749,0.0317,1.4749,4168.98,2015-01-14 05:07:00,1.0317,4129.5,2015-01-14 08:24:00,True,2015-01-14 04:55:00,0.0,1.0317,True,4145.25,2015-01-14 06:08:00,0.0317
NQ,2015-01-14,Wednesday,RDR,4153.98,4118.5,35.47999999999956,4158.73,4112.73,46.0,True,SHORT,2015-01-14 13:35:00,4109.5,True,True,False,0.0,0.5079,0.5079,4100.48,2015-01-14 13:45:00,0.7604,4145.48,2015-01-14 15:21:00,True,2015-01-14 13:45:00,0.0,0.7604,True,4119.23,2015-01-14 14:03:00,0.0206
NQ,2015-01-15,Thursday,ADR,4152.25,4147.75,4.5,4152.75,4146.5,6.25,True,SHORT,2015-01-14 20:40:00,4146.25,False,True,False,8.3844,0.4444,0.3333,4146.25,2015-01-14 20:45:00,9.3844,4189.98,2015-01-15 01:48:00,False,,0.0,,True,4147.75,2015-01-14 20:45:00,0.0
NQ,2015-01-15,Thursday,ODR,4182.25,4172.48,9.770000000000437,4182.75,4171.23,11.520000000000437,True,SHORT,2015-01-15 04:05:00,4170.25,True,True,True,0.0,8.2631,8.2631,4091.75,2015-01-15 04:52:00,0.13,4173.75,2015-01-15 04:23:00,True,2015-01-15 04:31:00,0.13,0.0,True,4172.73,2015-01-15 04:12:00,0.0256
NQ,2015-01-15,Thursday,RDR,4156.0,4104.5,51.5,4162.48,4097.48,65.0,True,SHORT,2015-01-15 12:40:00,4088.73,True,True,True,0.0,0.5146,0.5146,4078.0,2015-01-15 15:57:00,0.0773,4108.48,2015-01-15 13:15:00,True,2015-01-15 15:57:00,0.0773,0.0,True,4104.98,2015-01-15 13:05:00,0.0093
NQ,2015-01-16,Friday,ADR,4062.25,4055.0,7.25,4064.73,4055.0,9.730000000000018,True,SHORT,2015-01-15 20:55:00,4054.75,True,True,False,0.069,1.8621,1.8621,4041.5,2015-01-15 23:16:00,0.6897,4060.0,2015-01-16 01:07:00,True,2015-01-15 21:13:00,0.2731,0.6897,True,4055.0,2015-01-15 21:00:00,0.0
NQ,2015-01-16,Friday,ODR,4078.23,4061.23,17.0,4078.73,4058.73,20.0,True,SHORT,2015-01-16 04:15:00,4058.5,True,True,False,0.0,1.0724,1.0724,4043.0,2015-01-16 05:15:00,0.3982,4068.0,2015-01-16 06:31:00,True,2015-01-16 04:32:00,0.0,0.3982,True,4061.25,2015-01-16 06:21:00,0.0012
NQ,2015-01-16,Friday,RDR,4099.48,4071.73,27.749999999999545,4104.98,4071.23,33.749999999999545,True,LONG,2015-01-16 11:15:00,4105.73,True,True,True,1.3514,0.0,1.3514,4136.98,2015-01-16 15:52:00,0.3423,4089.98,2015-01-16 11:55:00,True,2015-01-16 12:50:00,0.3423,0.0,True,4099.25,2015-01-16 11:24:00,0.0083
NQ,2015-01-19,Monday,ADR,4150.5,4138.75,11.75,4154.73,4137.25,17.479999999999563,True,SHORT,2015-01-18 20:45:00,4132.25,True,True,True,0.0,1.2979,1.2979,4123.5,2015-01-19 01:59:00,0.1277,4140.25,2015-01-18 21:53:00,True,2015-01-18 20:50:00,0.1277,0.1277,True,4140.0,2015-01-18 21:52:00,0.1064
NQ,2015-01-19,Monday,ODR,4130.5,4117.75,12.75,4131.25,4116.25,15.0,True,SHORT,2015-01-19 05:00:00,4115.48,True,True,False,0.0965,0.3741,0.3741,4112.98,2015-01-19 05:55:00,1.0965,4131.73,2015-01-19 08:16:00,False,,0.5671,,True,4117.75,2015-01-19 05:09:00,0.0
NQ,2015-01-19,Monday,RDR,4147.98,4141.23,6.75,4148.23,4140.73,7.5,True,SHORT,2015-01-19 10:50:00,4139.25,True,True,True,0.0,2.8148,2.8148,4122.23,2015-01-19 12:34:00,0.1141,4142.0,2015-01-19 11:02:00,True,2015-01-19 11:11:00,0.1141,0.0,True,4141.73,2015-01-19 11:01:00,0.0741
NQ,2015-01-20,Tuesday,ADR,4138.25,4129.75,8.5,4138.5,4128.0,10.5,True,LONG,2015-01-19 20:45:00,4138.75,True,True,True,1.8212,0.0,1.8212,4153.73,2015-01-20 01:31:00,0.3824,4135.0,2015-01-19 21:49:00,True,2015-01-19 20:56:00,0.3824,0.3824,True,4137.0,2015-01-19 21:47:00,0.1471
NQ,2015-01-20,Tuesday,ODR,4156.75,4146.25,10.5,4157.75,4144.73,13.020000000000437,True,SHORT,2015-01-20 04:40:00,4143.23,False,True,False,1.0238,0.359,0.359,4142.48,2015-01-20 04:46:00,2.0238,4167.5,2015-01-20 07:48:00,False,,0.0,,True,4146.25,2015-01-20 04:57:00,0.0
NQ,2015-01-20,Tuesday,RDR,4163.48,4127.25,36.22999999999956,4165.23,4122.5,42.72999999999956,True,SHORT,2015-01-20 11:40:00,4118.25,False,True,False,0.3174,0.5037,0.5037,4109.0,2015-01-20 11:48:00,1.3174,4174.98,2015-01-20 15:18:00,True,2015-01-20 11:48:00,0.0,1.3174,True,4127.98,2015-01-20 12:17:00,0.0201
NQ,2015-01-21,Wednesday,ADR,4166.98,4165.23,1.75,4166.98,4165.23,1.75,True,SHORT,2015-01-20 20:30:00,4162.5,False,True,False,6.44,2.9886,2.9886,4160.0,2015-01-20 20:38:00,7.44,4178.25,2015-01-20 22:24:00,True,2015-01-20 20:35:00,0.0,7.44,True,4165.25,2015-01-20 21:04:00,0.0114
NQ,2015-01-21,Wednesday,ODR,4167.25,4156.25,11.0,4168.75,4154.25,14.5,True,SHORT,2015-01-21 07:10:00,4153.5,True,True,False,0.1345,0.6818,0.6818,4148.75,2015-01-21 07:23:00,0.5,4161.75,2015-01-21 08:29:00,True,2015-01-21 07:22:00,0.0,0.5,True,4156.48,2015-01-21 07:48:00,0.0209
NQ,2015-01-21,Wednesday,RDR,4172.25,4140.23,32.02000000000044,4180.23,4136.73,43.5,True,LONG,2015-01-21 10:45:00,4190.73,True,True,True,1.0222,0.0,1.0222,4204.98,2015-01-21 11:01:00,0.2967,4162.75,2015-01-21 14:11:00,True,2015-01-21 10:50:00,0.0,0.2967,True,4171.48,2015-01-21 13:35:00,0.024
NQ,2015-01-22,Thursday,ADR,4186.73,4180.98,5.75,4186.75,4180.23,6.520000000000437,True,LONG,2015-01-21 20:30:00,4186.98,True,True,True,1.0435,0.0,1.0435,4192.73,2015-01-22 01:43:00,0.2139,4185.5,2015-01-21 20:42:00,True,2015-01-22 01:11:00,0.2139,0.0,True,4185.75,2015-01-21 20:35:00,0.1704
NQ,2015-01-22,Thursday,ODR,4197.5,4192.25,5.25,4197.75,4191.25,6.5,True,SHORT,2015-01-22 05:00:00,4189.75,False,True,False,0.9048,2.0,2.0,4181.75,2015-01-22 07:08:00,1.9048,4202.25,2015-01-22 07:56:00,True,2015-01-22 05:05:00,0.4724,1.9048,True,4192.5,2015-01-22 05:09:00,0.0476
NQ,2015-01-22,Thursday,RDR,4205.48,4172.23,33.25,4218.48,4164.73,53.75,True,LONG,2015-01-22 10:50:00,4218.98,True,False,,1.8872,0.0,1.8872,4268.23,2015-01-22 15:21:00,0.0,4217.48,2015-01-22 13:27:00,True,2015-01-22 10:55:00,0.0,0.0,False,,,
NQ,2015-01-23,Friday,ADR,4260.5,4259.0,1.5,4260.73,4258.5,2.2299999999995634,True,LONG,2015-01-22 20:55:00,4261.25,False,True,True,1.6667,1.0,1.6667,4263.0,2015-01-23 01:17:00,2.0,4257.5,2015-01-23 00:51:00,True,2015-01-22 21:00:00,2.0,2.0,True,4260.0,2015-01-22 21:01:00,0.3333
NQ,2015-01-23,Friday,ODR,4274.5,4260.25,14.25,4274.75,4259.48,15.270000000000437,False,,,,,,,0.0,0.0,,,,,,,False,,,,False,,,
NQ,2015-01-23,Friday,RDR,4269.0,4256.25,12.75,4274.73,4250.5,24.229999999999563,True,LONG,2015-01-23 12:10:00,4276.75,True,True,True,1.3318,0.3349,1.3318,4285.98,2015-01-23 13:54:00,0.3545,4264.48,2015-01-23 15:57:00,True,2015-01-23 12:15:00,0.2957,0.3545,True,4267.48,2015-01-23 12:19:00,0.1192
NQ,2015-01-26,Monday,ADR,4248.48,4241.0,7.479999999999563,4249.73,4240.0,9.729999999999563,True,LONG,2015-01-25 21:10:00,4249.75,True,True,True,0.8356,0.0,0.8356,4254.73,2015-01-26 01:55:00,0.8329,4242.25,2015-01-25 22:56:00,True,2015-01-26 01:53:00,0.8329,0.0,True,4248.25,2015-01-25 21:22:00,0.0307
NQ,2015-01-26,Monday,ODR,4260.75,4253.0,7.75,4262.48,4252.25,10.229999999999563,True,LONG,2015-01-26 04:10:00,4263.5,True,True,True,1.449,0.0,1.449,4271.98,2015-01-26 07:58:00,1.0,4253.0,2015-01-26 04:41:00,True,2015-01-26 04:17:00,1.0,1.0,True,4260.23,2015-01-26 04:19:00,0.0671
NQ,2015-01-26,Monday,RDR,4267.25,4247.98,19.270000000000437,4267.98,4246.0,21.979999999999563,True,LONG,2015-01-26 13:40:00,4268.48,True,True,True,0.4401,0.0,0.4401,4275.73,2015-01-26 13:50:00,0.4152,4259.25,2015-01-26 14:52:00,False,,0.0,,True,4266.48,2015-01-26 14:13:00,0.04
NQ,2015-01-27,Tuesday,ADR,4266.5,4264.98,1.5200000000004366,4266.5,4264.98,1.5200000000004366,True,LONG,2015-01-26 22:15:00,4267.25,True,True,False,2.6316,0.0,2.6316,4270.5,2015-01-27 00:58:00,1.0,4264.98,2015-01-26 23:14:00,True,2015-01-26 22:20:00,1.0,1.0,True,4266.0,2015-01-26 22:27:00,0.3289
NQ,2015-01-27,Tuesday,ODR,4268.75,4257.48,11.270000000000437,4269.73,4255.48,14.25,True,SHORT,2015-01-27 04:00:00,4255.25,True,False,,0.0,3.9485,3.9485,4212.98,2015-01-27 08:11:00,0.0,4257.23,2015-01-27 04:18:00,True,2015-01-27 04:48:00,0.0,0.0,False,,,
NQ,2015-01-27,Tuesday,RDR,4201.5,4169.0,32.5,4201.5,4167.98,33.52000000000044,True,SHORT,2015-01-27 10:30:00,4159.98,True,True,True,0.0302,0.8083,0.8083,4142.73,2015-01-27 10:45:00,1.0302,4202.48,2015-01-27 14:28:00,True,2015-01-27 10:36:00,0.0,1.0302,True,4169.98,2015-01-27 11:31:00,0.0302
NQ,2015-01-28,Wednesday,ADR,4208.23,4202.23,6.0,4208.5,4201.75,6.75,True,LONG,2015-01-27 20:30:00,4210.0,True,True,True,4.3367,0.0,4.3367,4234.25,2015-01-28 00:33:00,0.455,4205.5,2015-01-27 20:54:00,True,2015-01-27 22:11:00,0.455,0.0,True,4208.0,2015-01-27 20:35:00,0.0383
NQ,2015-01-28,Wednesday,ODR,4227.23,4216.48,10.75,4229.0,4215.23,13.770000000000437,True,SHORT,2015-01-28 04:00:00,4214.23,False,True,False,0.1163,1.4633,1.4633,4200.75,2015-01-28 05:25:00,1.1163,4228.48,2015-01-28 07:37:00,True,2015-01-28 04:05:00,1.0,1.1163,True,4217.98,2015-01-28 04:40:00,0.1395
NQ,2015-01-28,Wednesday,RDR,4224.0,4207.73,16.270000000000437,4228.5,4204.23,24.270000000000437,True,SHORT,2015-01-28 10:30:00,4196.23,True,True,True,0.0,4.5022,4.5022,4134.48,2015-01-28 15:45:00,0.3534,4213.48,2015-01-28 14:01:00,True,2015-01-28 10:35:00,0.3534,0.3534,True,4208.23,2015-01-28 12:27:00,0.0307
NQ,2015-01-29,Thursday,ADR,4132.23,4127.75,4.479999999999563,4132.5,4127.75,4.75,True,SHORT,2015-01-28 20:30:00,4127.5,False,True,True,0.3393,3.683,3.683,4111.25,2015-01-29 00:46:00,1.3393,4133.75,2015-01-28 21:30:00,True,2015-01-29 00:15:00,1.3393,0.0,True,4127.98,2015-01-28 20:35:00,0.0513
NQ,2015-01-29,Thursday,ODR,4135.5,4122.75,12.75,4136.25,4120.98,15.270000000000437,True,LONG,2015-01-29 06:45:00,4137.25,False,True,False,0.3725,0.2761,0.3725,4140.25,2015-01-29 06:57:00,1.2761,4119.23,2015-01-29 08:18:00,False,,0.0,,True,4135.5,2015-01-29 07:04:00,0.0
NQ,2015-01-29,Thursday,RDR,4132.25,4101.98,30.270000000000437,4137.5,4095.5,42.0,True,LONG,2015-01-29 13:35:00,4139.0,True,False,,1.6511,0.0578,1.6511,4182.23,2015-01-29 15:41:00,0.0,4136.5,2015-01-29 13:40:00,True,2015-01-29 13:50:00,0.0,0.0,False,,,
NQ,2015-01-30,Friday,ADR,4197.5,4195.23,2.2700000000004366,4198.25,4194.75,3.5,True,SHORT,2015-01-29 20:40:00,4192.0,True,False,,0.3216,4.0661,4.0661,4186.0,2015-01-29 23:15:00,0.0,4194.75,2015-01-29 22:39:00,True,2015-01-29 20:45:00,0.0,0.0,False,,,
NQ,2015-01-30,Friday,ODR,4190.23,4178.25,11.979999999999563,4190.5,4176.23,14.270000000000437,True,SHORT,2015-01-30 04:05:00,4173.0,True,True,True,0.0,1.3147,1.3147,4162.5,2015-01-30 08:27:00,0.2279,4180.98,2015-01-30 06:24:00,True,2015-01-30 04:10:00,0.2279,0.2279,True,4178.75,2015-01-30 04:12:00,0.0417
NQ,2015-01-30,Friday,RDR,4194.98,4165.98,29.0,4202.73,4164.48,38.25,True,SHORT,2015-01-30 10:30:00,4160.0,False,True,True,0.2328,1.0345,1.0345,4135.98,2015-01-30 15:59:00,1.2328,4201.73,2015-01-30 14:31:00,True,2015-01-30 15:20:00,1.2328,0.0,True,4167.23,2015-01-30 10:42:00,0.0431
NQ,2015-02-02,Monday,ADR,4146.5,4139.0,7.5,4147.73,4137.25,10.479999999999563,True,LONG,2015-02-01 20:55:00,4149.48,True,True,False,0.7667,0.0,0.7667,4152.25,2015-02-01 21:15:00,0.5027,4142.73,2015-02-02 01:48:00,True,2015-02-01 21:15:00,0.0,0.5027,True,4146.25,2015-02-01 21:37:00,0.0333
NQ,2015-02-02,Monday,RDR,4151.48,4096.23,55.25,4157.98,4085.5,72.47999999999956,True,LONG,2015-02-02 11:35:00,4158.73,True,True,True,0.552,0.0,0.552,4181.98,2015-02-02 15:44:00,0.6244,4116.98,2015-02-02 13:57:00,True,2015-02-02 15:42:00,0.6244,0.0,True,4149.48,2015-02-02 12:01:00,0.0362
NQ,2015-02-03,Tuesday,ADR,4179.0,4173.73,5.270000000000437,4179.25,4173.25,6.0,True,SHORT,2015-02-02 23:05:00,4171.0,True,True,False,0.4744,1.5142,1.5142,4165.75,2015-02-03 00:22:00,0.4269,4175.98,2015-02-03 01:56:00,True,2015-02-02 23:10:00,0.0,0.4269,True,4174.23,2015-02-03 01:54:00,0.0949
NQ,2015-02-03,Tuesday,ODR,4198.5,4177.75,20.75,4199.73,4174.73,25.0,True,LONG,2015-02-03 06:30:00,4200.25,True,True,False,0.2048,0.0,0.2048,4202.75,2015-02-03 06:36:00,0.6998,4183.98,2015-02-03 08:10:00,False,,0.0,,True,4198.23,2015-02-03 06:41:00,0.013
NQ,2015-02-03,Tuesday,RDR,4206.75,4190.98,15.770000000000437,4211.73,4186.98,24.75,True,SHORT,2015-02-03 10:40:00,4181.73,False,True,False,0.9341,1.5999,1.5999,4165.75,2015-02-03 12:03:00,1.9341,4221.48,2015-02-03 15:59:00,True,2015-02-03 10:45:00,0.0,1.9341,True,4194.25,2015-02-03 13:22:00,0.2074
NQ,2015-02-04,Wednesday,ADR,4214.25,4207.0,7.25,4214.73,4206.73,8.0,False,,,,,,,0.0,0.0,,,,,,,False,,,,False,,,
NQ,2015-02-04,Wednesday,ODR,4211.25,4205.25,6.0,4213.5,4205.25,8.25,True,SHORT,2015-02-04 04:40:00,4204.75,True,True,True,0.9967,1.295,1.295,4197.48,2015-02-04 05:26:00,1.9967,4217.23,2015-02-04 05:27:00,True,2015-02-04 04:48:00,0.1633,1.9967,True,4205.75,2015-02-04 04:45:00,0.0833
NQ,2015-02-04,Wednesday,RDR,4206.25,4198.48,7.770000000000437,4214.98,4195.23,19.75,True,LONG,2015-02-04 11:05:00,4216.98,True,True,True,4.6628,0.9331,4.6628,4242.48,2015-02-04 15:30:00,0.3887,4203.23,2015-02-04 15:47:00,True,2015-02-04 11:10:00,0.0,0.3887,True,4203.48,2015-02-04 15:46:00,0.3565
NQ,2015-02-05,Thursday,ADR,4194.0,4190.25,3.75,4194.75,4190.25,4.5,True,SHORT,2015-02-04 21:05:00,4189.5,False,True,True,0.8667,2.3333,2.3333,4181.5,2015-02-04 21:16:00,1.8667,4197.25,2015-02-05 00:09:00,True,2015-02-04 21:11:00,0.0,1.8667,True,4190.5,2015-02-04 21:49:00,0.0667
NQ,2015-02-05,Thursday,ODR,4210.25,4196.98,13.270000000000437,4212.48,4193.98,18.5,True,LONG,2015-02-05 04:40:00,4213.98,True,False,,1.3738,0.0,1.3738,4228.48,2015-02-05 07:37:00,0.0,4210.98,2015-02-05 06:50:00,True,2015-02-05 04:57:00,0.0,0.0,False,,,
NQ,2015-02-05,Thursday,RDR,4237.73,4222.23,15.5,4239.48,4213.75,25.729999999999563,True,LONG,2015-02-05 10:35:00,4240.5,True,True,True,1.0658,0.0,1.0658,4254.25,2015-02-05 15:43:00,0.5484,4229.23,2015-02-05 12:56:00,True,2015-02-05 14:12:00,0.5484,0.0,True,4237.0,2015-02-05 11:00:00,0.0471
NQ,2015-02-06,Friday,ADR,4249.48,4247.48,2.0,4249.75,4247.48,2.2700000000004366,True,SHORT,2015-02-05 20:30:00,4247.25,False,True,False,0.26,1.115,1.115,4245.25,2015-02-05 22:48:00,1.26,4250.0,2015-02-05 22:00:00,True,2015-02-05 22:44:00,1.26,1.25,True,4247.48,2015-02-05 20:35:00,0.0
NQ,2015-02-06,Friday,ODR,4253.75,4251.48,2.2700000000004366,4255.25,4248.5,6.75,True,SHORT,2015-02-06 04:50:00,4248.25,True,True,True,0.0,2.2026,2.2026,4246.48,2015-02-06 08:06:00,0.8811,4253.48,2015-02-06 07:19:00,True,2015-02-06 04:55:00,0.8811,0.8811,True,4251.98,2015-02-06 06:03:00,0.2203
NQ,2015-02-06,Friday,RDR,4258.48,4241.48,17.0,4259.48,4237.73,21.75,True,LONG,2015-02-06 10:40:00,4265.73,False,True,False,0.5735,1.8676,0.5735,4268.23,2015-02-06 10:48:00,2.8676,4209.73,2015-02-06 15:45:00,True,2015-02-06 10:48:00,0.0,2.8676,True,4256.98,2015-02-06 12:38:00,0.0882
NQ,2015-02-09,Monday,ADR,4215.5,4205.0,10.5,4215.75,4204.5,11.25,True,LONG,2015-02-09 00:35:00,4216.25,True,True,True,0.3095,0.0,0.3095,4218.75,2015-02-09 01:38:00,0.2143,4213.25,2015-02-09 00:49:00,False,,0.2143,,True,4214.0,2015-02-09 00:42:00,0.1429
NQ,2015-02-09,Monday,ODR,4218.73,4205.0,13.729999999999563,4219.75,4202.48,17.270000000000437,False,,,,,,,0.0,0.2367,,,,,,,False,,,,False,,,
NQ,2015-02-09,Monday,RDR,4220.98,4208.25,12.729999999999563,4225.48,4206.48,19.0,True,SHORT,2015-02-09 10:55:00,4203.73,False,True,False,0.8264,0.5122,0.3943,4203.23,2015-02-09 11:00:00,1.8264,4231.5,2015-02-09 12:32:00,False,,0.0,,True,4209.73,2015-02-09 11:03:00,0.1163
NQ,2015-02-10,Tuesday,ADR,4221.0,4217.0,4.0,4221.75,4216.5,5.25,True,SHORT,2015-02-09 23:30:00,4216.25,False,True,False,0.4325,0.25,0.25,4216.0,2015-02-09 23:35:00,1.4325,4222.73,2015-02-10 00:38:00,False,,0.0,,True,4217.0,2015-02-09 23:36:00,0.0
NQ,2015-02-10,Tuesday,ODR,4223.23,4211.48,11.75,4224.98,4211.0,13.979999999999563,True,LONG,2015-02-10 07:05:00,4241.0,True,False,,2.2128,0.0,2.2128,4249.23,2015-02-10 07:16:00,0.0,4231.98,2015-02-10 07:57:00,True,2015-02-10 07:10:00,0.0,0.0,False,,,
NQ,2015-02-10,Tuesday,RDR,4243.98,4231.23,12.75,4245.48,4229.48,16.0,True,LONG,2015-02-10 11:25:00,4248.23,True,False,,3.098,0.2533,3.098,4283.48,2015-02-10 15:44:00,0.0,4247.23,2015-02-10 11:32:00,True,2015-02-10 11:30:00,0.0,0.0,False,,,
NQ,2015-02-11,Wednesday,ADR,4279.0,4278.25,0.75,4279.73,4277.98,1.75,True,SHORT,2015-02-10 20:30:00,4277.0,True,True,True,0.0,5.6667,5.6667,4274.0,2015-02-11 00:21:00,0.3067,4278.48,2015-02-10 20:42:00,True,2015-02-10 20:35:00,0.3067,0.3067,True,4278.25,2015-02-10 20:41:00,0.0
NQ,2015-02-11,Wednesday,ODR,4277.0,4272.5,4.5,4278.48,4271.73,6.75,False,,,,,,,0.2222,0.3333,,,,,,,False,,,,False,,,
NQ,2015-02-11,Wednesday,RDR,4293.23,4283.25,9.979999999999563,4293.73,4278.48,15.25,True,LONG,2015-02-11 10:40:00,4296.48,False,True,False,0.9519,0.9038,0.9519,4302.73,2015-02-11 15:26:00,1.9038,4274.23,2015-02-11 13:12:00,True,2015-02-11 11:03:00,1.9038,1.9038,True,4292.73,2015-02-11 11:24:00,0.0501
NQ,2015-02-12,Thursday,ADR,4300.25,4287.73,12.520000000000437,4300.25,4287.48,12.770000000000437,True,SHORT,2015-02-11 20:40:00,4286.75,False,True,False,0.1997,0.1581,0.1581,4285.75,2015-02-11 20:48:00,1.1997,4302.75,2015-02-12 01:59:00,False,,0.0216,,True,4288.0,2015-02-11 20:45:00,0.0216
NQ,2015-02-12,Thursday,ODR,4305.73,4296.48,9.25,4307.98,4294.73,13.25,True,LONG,2015-02-12 04:05:00,4314.25,True,False,,2.1081,0.0,2.1081,4325.23,2015-02-12 06:11:00,0.0,4310.48,2015-02-12 04:52:00,True,2015-02-12 04:10:00,0.0,0.0,False,,,
NQ,2015-02-12,Thursday,RDR,4328.48,4317.73,10.75,4330.73,4314.98,15.75,True,LONG,2015-02-12 12:15:00,4332.25,True,False,,1.5581,0.0,1.5581,4345.23,2015-02-12 15:50:00,0.0,4329.98,2015-02-12 12:24:00,True,2015-02-12 12:29:00,0.0,0.0,False,,,
NQ,2015-02-13,Friday,ADR,4342.5,4341.25,1.25,4342.5,4340.75,1.75,True,LONG,2015-02-12 21:25:00,4342.75,True,False,,7.2,0.216,7.2,4351.5,2015-02-13 01:23:00,0.0,4342.75,2015-02-12 21:30:00,True,2015-02-12 21:37:00,0.0,0.0,False,,,
NQ,2015-02-13,Friday,ODR,4357.23,4349.25,7.979999999999563,4357.48,4347.23,10.25,True,LONG,2015-02-13 04:00:00,4358.48,True,True,False,0.5952,0.0,0.5952,4361.98,2015-02-13 04:14:00,0.5013,4353.23,2015-02-13 08:00:00,True,2015-02-13 04:13:00,0.0,0.5013,True,4356.98,2015-02-13 04:23:00,0.0313
NQ,2015-02-13,Friday,RDR,4360.23,4349.75,10.479999999999563,4363.73,4348.23,15.5,True,LONG,2015-02-13 11:45:00,4364.5,True,True,True,2.0515,0.167,2.0515,4381.73,2015-02-13 15:59:00,0.7395,4352.48,2015-02-13 13:36:00,True,2015-02-13 11:54:00,0.7395,0.7395,True,4359.0,2015-02-13 13:31:00,0.1174
NQ,2015-02-16,Monday,ADR,4374.0,4371.75,2.25,4374.25,4371.75,2.5,True,LONG,2015-02-15 20:30:00,4374.48,True,True,True,2.3333,0.0,2.3333,4379.25,2015-02-16 00:21:00,0.1111,4373.75,2015-02-15 20:37:00,True,2015-02-15 20:46:00,0.1111,0.0,True,4373.75,2015-02-15 20:37:00,0.1111
NQ,2015-02-16,Monday,ODR,4377.73,4373.73,4.0,4378.48,4373.23,5.25,True,LONG,2015-02-16 06:30:00,4378.73,True,True,True,0.875,0.12,0.875,4381.23,2015-02-16 08:29:00,0.12,4377.25,2015-02-16 07:00:00,True,2015-02-16 07:34:00,0.12,0.0,True,4377.25,2015-02-16 07:00:00,0.12
NQ,2015-02-16,Monday,RDR,4381.73,4379.98,1.75,4382.23,4378.98,3.25,True,LONG,2015-02-16 10:50:00,4384.23,False,True,False,3.5714,6.1314,3.5714,4387.98,2015-02-16 11:32:00,7.1314,4369.25,2015-02-16 12:32:00,True,2015-02-16 10:55:00,0.0,7.1314,True,4380.23,2015-02-16 11:56:00,0.8571
NQ,2015-02-17,Tuesday,ADR,4370.0,4367.75,2.25,4370.23,4367.5,2.7299999999995634,True,LONG,2015-02-16 20:30:00,4370.5,True,True,True,2.2222,0.1111,2.2222,4375.0,2015-02-16 22:41:00,1.1111,4367.5,2015-02-16 20:42:00,True,2015-02-16 21:05:00,1.1111,0.2222,True,4369.5,2015-02-16 20:36:00,0.2222
NQ,2015-02-17,Tuesday,ODR,4372.0,4366.73,5.270000000000437,4372.73,4365.0,7.729999999999563,True,LONG,2015-02-17 04:05:00,4373.98,True,False,,2.5579,0.0,2.5579,4385.48,2015-02-17 07:54:00,0.0,4373.5,2015-02-17 04:13:00,True,2015-02-17 04:10:00,0.0,0.0,False,,,
NQ,2015-02-17,Tuesday,RDR,4382.48,4370.98,11.5,4383.23,4370.23,13.0,True,LONG,2015-02-17 10:40:00,4384.23,True,True,True,0.4348,0.0,0.4348,4387.48,2015-02-17 13:23:00,0.8896,4372.25,2015-02-17 10:55:00,False,,0.8896,,True,4381.23,2015-02-17 10:46:00,0.1087
NQ,2015-02-18,Wednesday,ADR,4384.23,4382.98,1.25,4384.23,4382.73,1.5,True,LONG,2015-02-17 21:40:00,4384.75,True,True,True,2.016,0.0,2.016,4386.75,2015-02-18 01:36:00,0.984,4383.0,2015-02-17 21:49:00,True,2015-02-17 22:09:00,0.984,0.384,True,4384.0,2015-02-17 21:46:00,0.184
NQ,2015-02-18,Wednesday,ODR,4387.48,4384.98,2.5,4389.0,4384.48,4.520000000000437,True,SHORT,2015-02-18 05:05:00,4383.98,True,True,True,0.8,2.192,2.192,4379.5,2015-02-18 08:26:00,0.4,4385.98,2015-02-18 07:01:00,True,2015-02-18 05:10:00,0.4,0.4,True,4385.48,2015-02-18 05:33:00,0.2
NQ,2015-02-18,Wednesday,RDR,4384.73,4375.0,9.729999999999563,4385.73,4373.73,12.0,True,LONG,2015-02-18 14:10:00,4385.75,True,True,True,0.8756,0.0,0.8756,4393.25,2015-02-18 15:08:00,0.9764,4375.23,2015-02-18 14:28:00,True,2015-02-18 15:06:00,0.9764,0.0514,True,4384.5,2015-02-18 14:16:00,0.0236
NQ,2015-02-19,Thursday,ADR,4386.73,4385.75,0.9799999999995634,4386.73,4385.5,1.2299999999995634,True,LONG,2015-02-18 21:20:00,4386.75,True,True,True,0.7857,0.5102,0.7857,4387.5,2015-02-19 00:19:00,0.7653,4385.98,2015-02-19 01:31:00,True,2015-02-18 21:29:00,0.4898,0.7653,True,4386.48,2015-02-18 21:36:00,0.2551
NQ,2015-02-19,Thursday,ODR,4382.25,4377.98,4.270000000000437,4383.48,4376.0,7.479999999999563,True,LONG,2015-02-19 04:15:00,4383.98,True,False,,4.2693,0.0,4.2693,4400.48,2015-02-19 07:10:00,0.0,4383.0,2015-02-19 07:25:00,True,2015-02-19 04:21:00,0.0,0.0,False,,,
NQ,2015-02-19,Thursday,RDR,4407.23,4388.48,18.75,4408.5,4387.23,21.270000000000437,True,LONG,2015-02-19 10:35:00,4409.73,True,True,True,0.44,0.0,0.44,4415.48,2015-02-19 15:08:00,0.3067,4401.48,2015-02-19 12:36:00,False,,0.3067,,True,4406.98,2015-02-19 10:47:00,0.0133
NQ,2015-02-20,Friday,ADR,4414.73,4412.48,2.25,4414.73,4412.25,2.4799999999995634,True,LONG,2015-02-19 20:35:00,4415.48,True,True,True,0.6756,0.0,0.6756,4416.25,2015-02-20 01:57:00,0.7778,4412.98,2015-02-19 21:57:00,True,2015-02-19 20:45:00,0.7778,0.7778,True,4414.0,2015-02-19 21:21:00,0.3244
NQ,2015-02-20,Friday,ODR,4414.0,4411.0,3.0,4415.73,4410.5,5.229999999999563,True,LONG,2015-02-20 05:20:00,4416.0,False,True,False,3.6667,1.4167,3.6667,4425.0,2015-02-20 07:04:00,2.4167,4406.75,2015-02-20 08:29:00,True,2015-02-20 05:25:00,0.0,2.4167,True,4413.98,2015-02-20 07:40:00,0.0067
NQ,2015-02-20,Friday,RDR,4411.48,4399.98,11.5,4414.0,4395.98,18.020000000000437,True,LONG,2015-02-20 10:35:00,4416.73,True,False,,2.8913,0.0,2.8913,4444.73,2015-02-20 15:10:00,0.0,4412.5,2015-02-20 11:45:00,True,2015-02-20 10:40:00,0.0,0.0,False,,,
NQ,2015-02-23,Monday,ADR,4442.5,4441.25,1.25,4442.73,4441.25,1.4799999999995634,True,SHORT,2015-02-22 20:35:00,4440.5,True,True,True,0.0,0.816,0.816,4440.23,2015-02-23 00:31:00,0.784,4442.23,2015-02-22 22:22:00,True,2015-02-22 20:48:00,0.784,0.784,True,4441.25,2015-02-22 20:57:00,0.0
NQ,2015-02-23,Monday,ODR,4439.73,4435.73,4.0,4439.98,4435.23,4.75,True,SHORT,2015-02-23 04:05:00,4434.98,False,True,False,0.3175,0.375,0.375,4434.23,2015-02-23 04:10:00,1.3175,4441.0,2015-02-23 07:52:00,False,,0.0,,True,4435.98,2015-02-23 04:11:00,0.0625
NQ,2015-02-23,Monday,RDR,4440.73,4431.98,8.75,4443.48,4429.73,13.75,True,LONG,2015-02-23 14:15:00,4443.73,True,True,True,0.7714,0.0857,0.7714,4447.48,2015-02-23 15:59:00,1.0857,4431.23,2015-02-23 15:11:00,True,2015-02-23 15:50:00,1.0857,0.0,True,4438.5,2015-02-23 14:40:00,0.2549
NQ,2015-02-24,Tuesday,ADR,4445.48,4444.0,1.4799999999995634,4445.48,4444.0,1.4799999999995634,True,LONG,2015-02-23 21:00:00,4445.5,False,True,True,1.3649,0.0135,1.3649,4447.5,2015-02-24 01:01:00,1.0135,4443.98,2015-02-23 21:58:00,True,2015-02-23 23:49:00,1.0135,0.0,True,4445.48,2015-02-23 21:05:00,0.0
NQ,2015-02-24,Tuesday,ODR,4447.75,4444.0,3.75,4448.23,4443.73,4.5,True,SHORT,2015-02-24 04:00:00,4443.25,True,True,True,0.0,1.1333,1.1333,4439.75,2015-02-24 07:45:00,0.6667,4446.5,2015-02-24 04:26:00,True,2015-02-24 07:20:00,0.6667,0.0,True,4444.0,2015-02-24 04:08:00,0.0
NQ,2015-02-24,Tuesday,RDR,4443.23,4433.75,9.479999999999563,4445.48,4427.0,18.479999999999563,True,LONG,2015-02-24 11:05:00,4447.48,True,True,True,1.2416,0.0,1.2416,4455.0,2015-02-24 15:40:00,0.8681,4435.0,2015-02-24 12:31:00,True,2015-02-24 11:10:00,0.8681,0.8681,True,4442.73,2015-02-24 12:30:00,0.0527
NQ,2015-02-25,Wednesday,ADR,4447.0,4446.0,1.0,4447.25,4445.98,1.2700000000004366,True,SHORT,2015-02-24 20:35:00,4445.75,False,True,False,1.5,1.77,1.77,4444.23,2015-02-24 21:57:00,2.5,4448.5,2015-02-25 01:22:00,True,2015-02-24 20:40:00,0.75,2.5,True,4446.75,2015-02-24 20:45:00,0.75
NQ,2015-02-25,Wednesday,ODR,4448.23,4445.5,2.7299999999995634,4449.48,4445.0,4.479999999999563,True,SHORT,2015-02-25 04:25:00,4444.75,True,False,,0.0,1.7473,1.7473,4440.73,2015-02-25 07:19:00,0.0,4445.23,2015-02-25 05:28:00,True,2015-02-25 04:31:00,0.0,0.0,False,,,
NQ,2015-02-25,Wednesday,RDR,4448.48,4438.48,10.0,4448.73,4437.98,10.75,True,LONG,2015-02-25 10:40:00,4450.98,False,True,False,1.202,0.925,1.202,4460.5,2015-02-25 13:34:00,1.925,4429.23,2015-02-25 15:41:00,True,2015-02-25 11:40:00,0.075,1.925,True,4447.98,2015-02-25 11:09:00,0.05
NQ,2015-02-26,Thursday,ADR,4437.98,4436.73,1.25,4438.48,4436.73,1.75,True,LONG,2015-02-25 22:00:00,4438.5,True,False,,5.816,0.0,5.816,4445.25,2015-02-26 01:29:00,0.0,4438.5,2015-02-26 00:40:00,True,2015-02-25 22:05:00,0.0,0.0,False,,,
NQ,2015-02-26,Thursday,ODR,4443.75,4437.75,6.0,4444.73,4437.23,7.5,True,LONG,2015-02-26 04:10:00,4444.98,True,True,False,0.75,0.0,0.75,4448.25,2015-02-26 06:34:00,0.42,4441.23,2015-02-26 07:38:00,True,2015-02-26 06:31:00,0.25,0.42,True,4443.48,2015-02-26 05:04:00,0.045
NQ,2015-02-26,Thursday,RDR,4447.98,4432.98,15.0,4449.48,4430.98,18.5,True,LONG,2015-02-26 10:40:00,4450.23,True,True,True,1.05,0.0,1.05,4463.73,2015-02-26 15:56:00,0.5167,4440.23,2015-02-26 14:35:00,True,2015-02-26 11:09:00,0.5167,0.5167,True,4445.98,2015-02-26 12:19:00,0.1333
NQ,2015-02-27,Friday,ADR,4457.75,4455.5,2.25,4457.75,4455.0,2.75,True,LONG,2015-02-26 22:55:00,4458.48,True,True,False,1.1022,0.12,1.1022,4460.23,2015-02-27 00:28:00,0.4533,4456.73,2015-02-27 01:05:00,True,2015-02-27 00:21:00,0.4444,0.4533,True,4457.75,2015-02-26 23:03:00,0.0
NQ,2015-02-27,Friday,ODR,4458.5,4455.23,3.2700000000004366,4458.75,4454.98,3.7700000000004366,True,SHORT,2015-02-27 04:15:00,4453.73,True,True,False,0.0703,1.1407,1.1407,4451.5,2015-02-27 04:24:00,1.0703,4458.73,2015-02-27 06:55:00,True,2015-02-27 04:20:00,0.0,1.0703,True,4455.23,2015-02-27 04:48:00,0.0
NQ,2015-02-27,Friday,RDR,4461.48,4450.25,11.229999999999563,4462.48,4446.73,15.75,True,SHORT,2015-02-27 14:10:00,4445.23,True,False,,0.0,1.3598,1.3598,4434.98,2015-02-27 15:40:00,0.0,4446.98,2015-02-27 14:16:00,True,2015-02-27 14:20:00,0.0,0.0,False,,,
NQ,2015-03-02,Monday,ADR,4451.5,4448.75,2.75,4451.75,4448.73,3.0200000000004366,True,SHORT,2015-03-01 20:35:00,4448.48,True,True,False,0.0,0.3636,0.3636,4447.75,2015-03-01 22:09:00,0.72,4450.73,2015-03-01 21:17:00,False,,0.72,,True,4448.98,2015-03-01 20:40:00,0.0836
NQ,2015-03-02,Monday,ODR,4456.73,4448.0,8.729999999999563,4457.73,4447.25,10.479999999999563,True,SHORT,2015-03-02 07:00:00,4447.23,True,True,False,0.0,0.1741,0.1741,4446.48,2015-03-02 08:05:00,0.2577,4450.25,2015-03-02 07:25:00,False,,0.2577,,True,4448.23,2015-03-02 07:12:00,0.0263
NQ,2015-03-02,Monday,RDR,4474.23,4450.98,23.25,4474.73,4449.5,25.229999999999563,True,LONG,2015-03-02 11:20:00,4475.23,True,True,True,0.3763,0.0,0.3763,4482.98,2015-03-02 15:50:00,0.6452,4459.23,2015-03-02 13:24:00,False,,0.6452,,True,4472.98,2015-03-02 11:26:00,0.0538
NQ,2015-03-03,Tuesday,ODR,4475.23,4473.48,1.75,4475.73,4472.73,3.0,True,LONG,2015-03-03 05:25:00,4475.98,False,True,False,0.8686,3.7143,0.8686,4476.75,2015-03-03 05:38:00,4.7143,4466.98,2015-03-03 08:28:00,True,2015-03-03 05:30:00,0.0,4.7143,True,4474.98,2015-03-03 06:05:00,0.1429
NQ,2015-03-03,Tuesday,RDR,4470.48,4453.98,16.5,4472.23,4452.23,20.0,True,SHORT,2015-03-03 10:55:00,4451.25,True,True,False,0.0,1.317,1.317,4432.25,2015-03-03 12:25:00,0.5,4462.23,2015-03-03 14:31:00,True,2015-03-03 11:11:00,0.0,0.5,True,4455.48,2015-03-03 14:10:00,0.0909
NQ,2015-03-04,Wednesday,ADR,4454.0,4451.25,2.75,4454.0,4451.0,3.0,True,LONG,2015-03-03 22:25:00,4454.25,True,True,False,0.72,0.0,0.72,4455.98,2015-03-03 23:11:00,0.3709,4452.98,2015-03-04 00:23:00,True,2015-03-03 22:37:00,0.0,0.3709,True,4453.75,2015-03-03 23:32:00,0.0909
NQ,2015-03-04,Wednesday,ODR,4454.5,4448.0,6.5,4455.0,4447.75,7.25,True,SHORT,2015-03-04 04:00:00,4445.73,True,True,True,0.0,0.9646,0.9646,4441.73,2015-03-04 06:37:00,0.0385,4448.25,2015-03-04 05:01:00,True,2015-03-04 04:05:00,0.0385,0.0385,True,4448.25,2015-03-04 05:01:00,0.0385
NQ,2015-03-04,Wednesday,RDR,4446.0,4423.98,22.020000000000437,4447.23,4419.23,28.0,True,LONG,2015-03-04 11:15:00,4448.73,True,True,False,0.2829,0.0,0.2829,4452.23,2015-03-04 12:42:00,0.4323,4436.48,2015-03-04 14:14:00,False,,0.2271,,True,4446.0,2015-03-04 11:26:00,0.0
NQ,2015-03-05,Thursday,ADR,4444.0,4442.5,1.5,4444.0,4441.75,2.25,True,LONG,2015-03-04 22:50:00,4444.5,True,True,True,1.5,0.0133,1.5,4446.25,2015-03-04 23:23:00,0.8333,4442.75,2015-03-05 00:50:00,True,2015-03-04 22:57:00,0.0,0.8333,True,4444.0,2015-03-05 00:20:00,0.0
NQ,2015-03-05,Thursday,ODR,4450.0,4446.23,3.7700000000004366,4450.73,4445.23,5.5,True,SHORT,2015-03-05 04:20:00,4443.98,False,True,False,1.8568,0.6578,0.5915,4444.0,2015-03-05 04:25:00,2.8568,4457.0,2015-03-05 08:29:00,True,2015-03-05 04:25:00,0.0,2.8568,True,4446.23,2015-03-05 04:50:00,0.0
NQ,2015-03-05,Thursday,RDR,4462.75,4451.73,11.020000000000437,4464.23,4448.98,15.25,True,SHORT,2015-03-05 11:05:00,4448.48,True,True,True,0.1588,1.7241,1.7241,4432.73,2015-03-05 12:59:00,0.4991,4457.23,2015-03-05 14:54:00,True,2015-03-05 11:11:00,0.431,0.4991,True,4451.73,2015-03-05 11:30:00,0.0
NQ,2015-03-06,Friday,ADR,4451.98,4450.0,1.9799999999995634,4452.0,4450.0,2.0,True,SHORT,2015-03-05 23:10:00,4449.5,True,True,False,0.0,1.6414,1.6414,4446.75,2015-03-06 01:20:00,0.3788,4450.75,2015-03-06 01:59:00,True,2015-03-05 23:25:00,0.1162,0.3788,True,4450.0,2015-03-06 00:04:00,0.0
NQ,2015-03-06,Friday,ODR,4452.25,4451.0,1.25,4453.48,4449.25,4.229999999999563,True,SHORT,2015-03-06 04:05:00,4448.73,False,True,False,5.384,2.216,2.216,4448.23,2015-03-06 04:11:00,6.384,4458.98,2015-03-06 07:59:00,True,2015-03-06 04:10:00,0.0,6.384,True,4451.0,2015-03-06 04:20:00,0.0
NQ,2015-03-06,Friday,RDR,4450.5,4439.73,10.770000000000437,4453.23,4433.98,19.25,True,SHORT,2015-03-06 11:05:00,4430.98,True,False,,0.2999,4.689,4.689,4389.23,2015-03-06 15:43:00,0.0,4431.48,2015-03-06 11:13:00,True,2015-03-06 11:10:00,0.0,0.0,False,,,
NQ,2015-03-09,Monday,ADR,4405.0,4399.75,5.25,4405.25,4399.5,5.75,True,SHORT,2015-03-08 21:05:00,4399.0,True,True,False,0.0,0.2857,0.2857,4398.25,2015-03-08 21:55:00,0.619,4403.0,2015-03-08 21:45:00,False,,0.619,,True,4400.48,2015-03-08 21:15:00,0.139
NQ,2015-03-09,Monday,ODR,4403.48,4401.0,2.4799999999995634,4403.73,4400.98,2.75,True,SHORT,2015-03-09 04:00:00,4398.75,False,True,False,2.8306,1.9234,1.9234,4396.23,2015-03-09 04:17:00,3.8306,4410.5,2015-03-09 08:06:00,True,2015-03-09 04:05:00,0.0,3.8306,True,4401.23,2015-03-09 04:37:00,0.0927
NQ,2015-03-09,Monday,RDR,4409.75,4394.98,14.770000000000437,4412.73,4391.73,21.0,True,LONG,2015-03-09 13:30:00,4414.48,True,True,True,0.9973,0.0169,0.9973,4424.48,2015-03-09 13:50:00,0.9154,4396.23,2015-03-09 14:42:00,True,2015-03-09 13:41:00,0.0,0.9154,True,4409.73,2015-03-09 14:20:00,0.0014
NQ,2015-03-10,Tuesday,ADR,4414.48,4411.0,3.4799999999995634,4414.48,4411.0,3.4799999999995634,True,SHORT,2015-03-09 20:40:00,4410.75,True,True,True,0.0,1.7241,1.7241,4405.0,2015-03-10 01:58:00,0.8563,4413.98,2015-03-09 21:43:00,True,2015-03-10 00:04:00,0.8563,0.0,True,4411.0,2015-03-09 20:46:00,0.0
NQ,2015-03-10,Tuesday,ODR,4406.75,4404.23,2.5200000000004366,4407.25,4404.23,3.0200000000004366,True,LONG,2015-03-10 04:00:00,4407.98,False,True,False,1.1825,13.0952,1.1825,4409.73,2015-03-10 04:06:00,14.0952,4371.23,2015-03-10 08:28:00,True,2015-03-10 04:06:00,0.0079,14.0952,True,4406.73,2015-03-10 04:05:00,0.0079
NQ,2015-03-10,Tuesday,RDR,4382.23,4353.23,29.0,4382.98,4348.48,34.5,True,SHORT,2015-03-10 10:30:00,4347.48,True,True,True,0.0,0.7579,0.7579,4331.25,2015-03-10 15:56:00,0.431,4365.73,2015-03-10 11:20:00,True,2015-03-10 12:02:00,0.431,0.0776,True,4353.73,2015-03-10 10:52:00,0.0172
NQ,2015-03-11,Wednesday,ADR,4339.98,4337.0,2.9799999999995634,4340.48,4336.23,4.25,True,LONG,2015-03-10 21:05:00,4341.0,True,True,False,1.2584,0.0,1.2584,4343.73,2015-03-11 00:21:00,0.4195,4338.73,2015-03-11 01:38:00,True,2015-03-10 21:10:00,0.1678,0.4195,True,4339.73,2015-03-10 23:43:00,0.0839
NQ,2015-03-11,Wednesday,ODR,4339.73,4335.98,3.75,4341.23,4334.98,6.25,True,SHORT,2015-03-11 04:05:00,4334.0,False,True,False,2.0,0.6,0.6,4333.73,2015-03-11 04:10:00,3.0,4347.23,2015-03-11 06:08:00,True,2015-03-11 04:10:00,0.0,3.0,True,4336.23,2015-03-11 04:11:00,0.0667
NQ,2015-03-11,Wednesday,RDR,4340.73,4325.98,14.75,4342.5,4323.48,19.020000000000437,True,SHORT,2015-03-11 10:30:00,4322.73,True,True,True,0.0,1.4563,1.4563,4304.5,2015-03-11 15:32:00,0.7119,4336.48,2015-03-11 11:34:00,True,2015-03-11 10:44:00,0.7119,0.7119,True,4326.98,2015-03-11 10:40:00,0.0678
NQ,2015-03-12,Thursday,ADR,4310.0,4307.0,3.0,4310.25,4306.48,3.7700000000004366,True,LONG,2015-03-11 21:10:00,4310.5,True,False,,3.3267,0.0,3.3267,4319.98,2015-03-12 01:54:00,0.0,4310.75,2015-03-11 21:15:00,True,2015-03-11 21:22:00,0.0,0.0,False,,,
NQ,2015-03-12,Thursday,ODR,4321.23,4319.98,1.25,4321.48,4318.25,3.2299999999995634,True,LONG,2015-03-12 04:05:00,4321.98,False,True,False,1.616,4.6,1.616,4323.25,2015-03-12 08:10:00,5.6,4314.23,2015-03-12 06:06:00,True,2015-03-12 04:10:00,5.6,5.6,True,4320.73,2015-03-12 04:10:00,0.4
NQ,2015-03-12,Thursday,RDR,4330.73,4302.25,28.479999999999563,4330.73,4300.23,30.5,True,LONG,2015-03-12 11:15:00,4331.23,True,True,True,0.2985,0.0,0.2985,4339.23,2015-03-12 15:50:00,0.316,4321.73,2015-03-12 12:40:00,False,,0.316,,True,4330.25,2015-03-12 11:20:00,0.0169
NQ,2015-03-13,Friday,ADR,4335.23,4329.23,6.0,4335.23,4328.98,6.25,True,LONG,2015-03-12 21:10:00,4335.48,True,True,True,0.6667,0.08,0.6667,4339.23,2015-03-12 22:19:00,0.375,4332.98,2015-03-12 23:33:00,True,2015-03-12 21:50:00,0.33,0.375,True,4334.73,2015-03-12 21:15:00,0.0833
NQ,2015-03-13,Friday,ODR,4336.5,4332.0,4.5,4336.5,4331.75,4.75,True,LONG,2015-03-13 04:10:00,4337.0,False,True,False,0.94,2.06,0.94,4340.73,2015-03-13 05:20:00,3.06,4322.73,2015-03-13 08:22:00,True,2015-03-13 04:31:00,0.1156,3.06,True,4335.98,2015-03-13 04:15:00,0.1156
NQ,2015-03-13,Friday,RDR,4344.23,4318.98,25.25,4347.23,4317.48,29.75,True,SHORT,2015-03-13 10:50:00,4306.23,True,True,True,0.0,1.2269,1.2269,4288.0,2015-03-13 14:43:00,0.0701,4320.75,2015-03-13 15:56:00,True,2015-03-13 10:55:00,0.0,0.0701,True,4320.48,2015-03-13 15:55:00,0.0594
NQ,2015-03-16,Monday,ADR,4303.75,4299.75,4.0,4303.75,4298.75,5.0,True,LONG,2015-03-15 20:40:00,4304.0,True,True,True,2.6875,0.0,2.6875,4314.5,2015-03-16 01:26:00,0.1875,4303.0,2015-03-15 20:58:00,True,2015-03-15 21:15:00,0.1875,0.0,True,4303.5,2015-03-15 20:46:00,0.0625
NQ,2015-03-16,Monday,ODR,4317.0,4314.25,2.75,4317.5,4314.0,3.5,True,SHORT,2015-03-16 04:15:00,4312.75,False,True,False,4.1818,0.8182,0.8182,4312.0,2015-03-16 04:20:00,5.1818,4328.5,2015-03-16 06:27:00,True,2015-03-16 04:20:00,0.0,5.1818,True,4315.0,2015-03-16 04:22:00,0.2727
NQ,2015-03-16,Monday,RDR,4354.75,4327.5,27.25,4357.25,4325.75,31.5,True,LONG,2015-03-16 11:20:00,4359.48,True,True,True,0.5864,0.0,0.5864,4370.73,2015-03-16 15:58:00,0.2301,4348.48,2015-03-16 13:05:00,True,2015-03-16 15:02:00,0.2301,0.0,True,4354.23,2015-03-16 12:08:00,0.0191
NQ,2015-03-17,Tuesday,ADR,4358.48,4355.75,2.7299999999995634,4358.5,4354.75,3.75,True,SHORT,2015-03-16 21:20:00,4354.5,False,True,False,0.8315,0.5495,0.5495,4354.25,2015-03-16 21:41:00,1.8315,4360.75,2015-03-17 00:38:00,True,2015-03-16 21:41:00,0.641,1.8315,True,4356.48,2015-03-16 21:27:00,0.2674
NQ,2015-03-17,Tuesday,ODR,4364.25,4359.0,5.25,4364.25,4358.48,5.770000000000437,True,LONG,2015-03-17 04:00:00,4364.5,False,True,False,0.4724,1.9086,0.4724,4366.73,2015-03-17 04:13:00,2.9086,4348.98,2015-03-17 06:22:00,False,,0.0514,,True,4364.25,2015-03-17 04:05:00,0.0
NQ,2015-03-17,Tuesday,RDR,4364.98,4355.23,9.75,4367.23,4352.75,14.479999999999563,True,SHORT,2015-03-17 11:15:00,4350.25,False,True,False,2.0021,0.6667,0.6667,4348.73,2015-03-17 11:20:00,3.0021,4384.5,2015-03-17 15:37:00,True,2015-03-17 11:20:00,0.0,3.0021,True,4355.23,2015-03-17 11:28:00,0.0
NQ,2015-03-18,Wednesday,ADR,4379.48,4378.73,0.75,4379.48,4378.5,0.9799999999995634,True,SHORT,2015-03-17 20:35:00,4378.48,False,True,False,4.3333,0.9733,0.9733,4378.0,2015-03-17 20:45:00,5.3333,4382.73,2015-03-18 01:27:00,True,2015-03-17 20:44:00,0.0,5.3333,True,4378.75,2015-03-17 21:06:00,0.0267
NQ,2015-03-18,Wednesday,ODR,4381.5,4379.48,2.0200000000004366,4382.0,4377.75,4.25,True,LONG,2015-03-18 04:25:00,4383.0,False,True,False,1.7327,9.6436,1.7327,4385.0,2015-03-18 04:33:00,10.6436,4360.0,2015-03-18 08:17:00,True,2015-03-18 04:30:00,0.0,10.6436,True,4381.5,2015-03-18 04:48:00,0.0
NQ,2015-03-18,Wednesday,RDR,4366.5,4356.75,9.75,4368.23,4354.23,14.0,True,LONG,2015-03-18 10:55:00,4368.25,False,True,True,7.641,1.4123,7.641,4441.0,2015-03-18 15:16:00,2.4123,4342.98,2015-03-18 13:39:00,True,2015-03-18 14:00:00,2.4123,0.9231,True,4366.48,2015-03-18 11:25:00,0.0021
NQ,2015-03-19,Thursday,ADR,4439.73,4431.5,8.229999999999563,4441.0,4431.5,9.5,True,SHORT,2015-03-18 21:20:00,4431.0,True,True,False,0.1543,0.243,0.243,4429.5,2015-03-18 21:32:00,0.9696,4439.48,2015-03-18 23:12:00,False,,0.0,,True,4431.5,2015-03-18 21:41:00,0.0
NQ,2015-03-19,Thursday,ODR,4440.98,4435.0,5.979999999999563,4441.25,4434.0,7.25,True,SHORT,2015-03-19 04:20:00,4433.75,True,False,,0.0,2.5502,2.5502,4419.75,2015-03-19 05:19:00,0.0,4434.0,2015-03-19 04:25:00,True,2015-03-19 04:25:00,0.0,0.0,False,,,
NQ,2015-03-19,Thursday,RDR,4437.48,4422.25,15.229999999999563,4439.48,4420.23,19.25,False,,,,,,,0.0,0.1983,,,,,,,False,,,,False,,,
NQ,2015-03-20,Friday,ADR,4428.25,4425.25,3.0,4428.25,4425.25,3.0,True,LONG,2015-03-19 21:15:00,4428.5,True,False,,3.25,0.0,3.25,4438.0,2015-03-19 22:30:00,0.0,4428.5,2015-03-19 21:21:00,True,2015-03-19 21:35:00,0.0,0.0,False,,,
NQ,2015-03-20,Friday,ODR,4438.25,4436.5,1.75,4438.5,4436.25,2.25,True,LONG,2015-03-20 04:00:00,4442.5,True,False,,13.1314,0.0,13.1314,4461.23,2015-03-20 08:29:00,0.0,4439.5,2015-03-20 04:46:00,True,2015-03-20 04:05:00,0.0,0.0,False,,,
NQ,2015-03-23,Monday,ODR,4453.0,4450.73,2.2700000000004366,4453.23,4449.75,3.4799999999995634,True,SHORT,2015-03-23 04:00:00,4448.0,True,False,,0.0,5.2863,5.2863,4438.73,2015-03-23 06:52:00,0.0,4448.73,2015-03-23 08:11:00,True,2015-03-23 04:05:00,0.0,0.0,False,,,
NQ,2015-03-23,Monday,RDR,4457.25,4444.23,13.020000000000437,4457.48,4440.23,17.25,True,SHORT,2015-03-23 15:55:00,4439.48,True,,,0.1329,0.4032,,,,,,,False,,,,False,,,
NQ,2015-03-24,Tuesday,ADR,4440.48,4439.0,1.4799999999995634,4440.48,4438.98,1.5,True,LONG,2015-03-23 20:30:00,4441.23,False,True,False,2.3649,1.0135,2.3649,4443.98,2015-03-24 00:00:00,2.0135,4437.5,2015-03-23 23:15:00,True,2015-03-23 20:42:00,2.0135,2.0135,True,4440.48,2015-03-23 20:47:00,0.0
NQ,2015-03-24,Tuesday,ODR,4440.73,4434.48,6.25,4440.73,4434.23,6.5,True,SHORT,2015-03-24 04:00:00,4433.25,False,True,False,1.4,0.5168,0.5168,4431.25,2015-03-24 04:05:00,2.4,4449.48,2015-03-24 06:20:00,True,2015-03-24 04:05:00,0.0,2.4,True,4434.75,2015-03-24 04:11:00,0.0432
NQ,2015-03-24,Tuesday,RDR,4450.98,4434.75,16.229999999999563,4453.48,4431.98,21.5,True,LONG,2015-03-24 10:50:00,4454.98,False,True,False,0.6007,0.6624,0.6007,4460.73,2015-03-24 11:22:00,1.6624,4424.0,2015-03-24 15:57:00,True,2015-03-24 11:16:00,0.0,1.6624,True,4450.48,2015-03-24 12:29:00,0.0308
NQ,2015-03-25,Wednesday,ADR,4433.48,4430.75,2.7299999999995634,4433.5,4430.73,2.7700000000004366,True,SHORT,2015-03-24 22:25:00,4430.48,True,True,True,0.0,1.6484,1.6484,4426.25,2015-03-25 00:32:00,0.1832,4431.25,2015-03-24 22:30:00,True,2015-03-24 23:10:00,0.1832,0.0916,True,4431.25,2015-03-24 22:30:00,0.1832
NQ,2015-03-25,Wednesday,ODR,4429.75,4427.0,2.75,4429.75,4426.5,3.25,True,LONG,2015-03-25 04:10:00,4433.98,True,True,True,2.72,0.9164,2.72,4437.23,2015-03-25 05:54:00,1.9164,4424.48,2015-03-25 07:58:00,True,2015-03-25 04:15:00,0.0,1.9164,True,4429.75,2015-03-25 07:30:00,0.0
NQ,2015-03-25,Wednesday,RDR,4432.23,4399.23,33.0,4435.73,4395.73,40.0,True,SHORT,2015-03-25 11:20:00,4391.48,True,False,,0.0,2.4015,2.4015,4319.98,2015-03-25 15:54:00,0.0,4395.48,2015-03-25 11:26:00,True,2015-03-25 11:31:00,0.0,0.0,False,,,
NQ,2015-03-26,Thursday,ADR,4327.0,4322.48,4.520000000000437,4327.5,4321.98,5.520000000000437,True,SHORT,2015-03-25 20:45:00,4321.5,True,True,True,0.0,0.7743,0.7743,4318.98,2015-03-25 21:45:00,0.5531,4324.98,2015-03-25 22:28:00,True,2015-03-25 21:35:00,0.0,0.5531,True,4322.5,2015-03-25 22:10:00,0.0044
NQ,2015-03-26,Thursday,ODR,4307.73,4297.48,10.25,4307.98,4297.23,10.75,True,SHORT,2015-03-26 04:00:00,4296.98,True,True,True,0.0,2.7054,2.7054,4269.75,2015-03-26 05:24:00,0.2927,4300.48,2015-03-26 04:29:00,True,2015-03-26 04:06:00,0.2927,0.2927,True,4298.23,2015-03-26 04:21:00,0.0732
NQ,2015-03-26,Thursday,RDR,4307.73,4275.75,31.979999999999563,4312.48,4271.98,40.5,True,LONG,2015-03-26 11:50:00,4312.98,True,True,False,0.7192,0.0,0.7192,4330.73,2015-03-26 13:57:00,0.1792,4302.0,2015-03-26 13:23:00,True,2015-03-26 13:41:00,0.1792,0.086,True,4306.0,2015-03-26 12:23:00,0.0541
NQ,2015-03-27,Friday,ADR,4318.73,4313.23,5.5,4318.73,4313.23,5.5,True,LONG,2015-03-26 20:45:00,4319.0,True,True,False,1.6855,0.0,1.6855,4328.0,2015-03-27 00:19:00,0.9509,4313.5,2015-03-27 01:25:00,True,2015-03-26 21:25:00,0.2691,0.9509,True,4318.5,2015-03-26 20:50:00,0.0418
NQ,2015-03-27,Friday,ODR,4317.48,4311.0,6.479999999999563,4317.48,4310.98,6.5,True,SHORT,2015-03-27 04:45:00,4308.5,True,True,True,0.1574,2.125,2.125,4297.23,2015-03-27 06:00:00,0.3056,4312.98,2015-03-27 07:54:00,True,2015-03-27 04:51:00,0.0,0.3056,True,4311.73,2015-03-27 07:50:00,0.1127
NQ,2015-03-27,Friday,RDR,4326.48,4303.98,22.5,4327.23,4298.73,28.5,True,LONG,2015-03-27 15:35:00,4327.5,True,True,False,0.3,0.0556,0.3,4333.23,2015-03-27 15:55:00,0.2667,4320.48,2015-03-27 15:59:00,False,,0.1667,,True,4326.23,2015-03-27 15:40:00,0.0111
NQ,2015-03-30,Monday,ADR,4324.48,4316.5,7.979999999999563,4325.48,4315.75,9.729999999999563,True,LONG,2015-03-29 21:50:00,4325.5,True,False,,2.8534,0.0,2.8534,4347.25,2015-03-29 23:11:00,0.0,4325.0,2015-03-29 22:05:00,True,2015-03-29 22:16:00,0.0,0.0,False,,,
NQ,2015-03-30,Monday,ODR,4367.23,4339.75,27.479999999999563,4367.23,4339.0,28.229999999999563,False,,,,,,,0.0,0.0,,,,,,,False,,,,False,,,
NQ,2015-03-30,Monday,RDR,4372.73,4350.23,22.5,4377.23,4349.98,27.25,False,,,,,,,0.1778,0.0,,,,,,,False,,,,False,,,
NQ,2015-03-31,Tuesday,ADR,4374.5,4372.25,2.25,4374.73,4372.25,2.4799999999995634,True,LONG,2015-03-30 20:35:00,4374.75,False,True,False,0.4444,2.2222,0.4444,4375.5,2015-03-30 20:56:00,3.2222,4367.25,2015-03-30 23:31:00,False,,0.2222,,True,4374.25,2015-03-30 20:41:00,0.1111
NQ,2015-03-31,Tuesday,ODR,4372.0,4364.5,7.5,4373.23,4364.23,9.0,True,SHORT,2015-03-31 05:00:00,4362.98,True,True,True,0.0973,2.3027,2.3027,4347.23,2015-03-31 06:08:00,0.0,4364.5,2015-03-31 05:27:00,True,2015-03-31 05:08:00,0.0,0.0,True,4364.5,2015-03-31 05:27:00,0.0
NQ,2015-03-31,Tuesday,RDR,4361.0,4352.0,9.0,4364.23,4344.98,19.25,True,LONG,2015-03-31 11:05:00,4364.48,False,True,False,1.0811,2.7778,1.0811,4370.73,2015-03-31 11:14:00,3.7778,4327.0,2015-03-31 15:59:00,True,2015-03-31 11:10:00,0.0,3.7778,True,4359.23,2015-03-31 11:33:00,0.1967
NQ,2015-04-01,Wednesday,ADR,4327.48,4312.5,14.979999999999563,4328.25,4310.75,17.5,True,SHORT,2015-03-31 20:40:00,4302.75,True,False,,0.0,3.1709,3.1709,4265.0,2015-03-31 20:57:00,0.0,4306.98,2015-03-31 20:46:00,True,2015-03-31 20:45:00,0.0,0.0,False,,,
NQ,2015-04-01,Wednesday,ODR,4314.0,4299.23,14.770000000000437,4315.0,4298.23,16.770000000000437,True,LONG,2015-04-01 04:45:00,4315.25,True,True,False,1.3541,0.0,1.3541,4334.0,2015-04-01 05:44:00,0.1693,4311.5,2015-04-01 07:29:00,True,2015-04-01 05:00:00,0.0,0.1693,True,4314.0,2015-04-01 04:50:00,0.0
NQ,2015-04-01,Wednesday,RDR,4326.98,4281.73,45.25,4327.73,4276.48,51.25,False,,,,,,,0.0,0.105,,,,,,,False,,,,False,,,
NQ,2015-04-02,Thursday,ADR,4313.73,4308.0,5.729999999999563,4313.73,4308.0,5.729999999999563,True,SHORT,2015-04-01 20:55:00,4307.25,True,True,True,0.0,0.6545,0.6545,4304.25,2015-04-02 01:57:00,0.6946,4311.98,2015-04-01 22:40:00,True,2015-04-02 01:46:00,0.6946,0.0,True,4308.23,2015-04-01 21:00:00,0.0401
NQ,2015-04-02,Thursday,ODR,4300.0,4293.48,6.520000000000437,4300.25,4293.25,7.0,True,SHORT,2015-04-02 04:15:00,4292.75,False,True,False,1.4187,0.7638,0.7638,4288.5,2015-04-02 04:38:00,2.4187,4309.25,2015-04-02 08:17:00,True,2015-04-02 04:35:00,0.0383,2.4187,True,4293.73,2015-04-02 04:22:00,0.0383
NQ,2015-04-02,Thursday,RDR,4318.73,4298.75,19.979999999999563,4320.5,4292.98,27.520000000000437,False,,,,,,,0.0,0.1637,,,,,,,False,,,,False,,,
NQ,2015-04-03,Friday,ODR,4310.25,4309.0,1.25,4310.25,4309.0,1.25,True,LONG,2015-04-03 04:00:00,4311.0,True,True,False,2.6,0.216,2.6,4313.5,2015-04-03 04:42:00,1.216,4308.73,2015-04-03 08:24:00,True,2015-04-03 04:06:00,0.0,1.216,True,4309.73,2015-04-03 07:13:00,0.416
NQ,2015-04-06,Monday,ADR,4276.0,4271.73,4.270000000000437,4276.0,4271.0,5.0,True,LONG,2015-04-05 20:40:00,4276.25,True,True,True,1.4637,0.0,1.4637,4282.25,2015-04-05 21:57:00,0.4731,4273.98,2015-04-05 21:21:00,True,2015-04-05 20:50:00,0.4731,0.4731,True,4275.25,2015-04-05 21:04:00,0.1756
NQ,2015-04-06,Monday,ODR,4271.98,4269.48,2.5,4272.5,4268.75,3.75,True,LONG,2015-04-06 04:10:00,4273.5,True,True,True,2.408,0.0,2.408,4278.0,2015-04-06 08:21:00,0.092,4271.75,2015-04-06 07:42:00,True,2015-04-06 04:15:00,0.092,0.092,True,4271.75,2015-04-06 07:42:00,0.092
NQ,2015-04-06,Monday,RDR,4330.73,4281.23,49.5,4331.5,4274.98,56.52000000000044,True,LONG,2015-04-06 10:50:00,4331.98,True,False,,0.4798,0.0,0.4798,4354.48,2015-04-06 13:30:00,0.0,4331.48,2015-04-06 10:57:00,False,,0.0,,False,,,
NQ,2015-04-07,Tuesday,ADR,4340.5,4339.23,1.2700000000004366,4340.5,4339.0,1.5,True,SHORT,2015-04-06 20:40:00,4338.25,False,True,False,2.937,1.7717,1.7717,4336.98,2015-04-06 21:06:00,3.937,4344.23,2015-04-07 01:59:00,True,2015-04-06 20:45:00,0.0,3.937,True,4339.23,2015-04-06 21:35:00,0.0
NQ,2015-04-07,Tuesday,ODR,4355.25,4343.73,11.520000000000437,4355.75,4343.0,12.75,True,SHORT,2015-04-07 05:55:00,4342.75,False,True,False,0.1085,0.1285,0.0868,4342.73,2015-04-07 06:00:00,1.1085,4356.5,2015-04-07 07:33:00,False,,0.0,,True,4344.5,2015-04-07 06:01:00,0.0668
NQ,2015-04-07,Tuesday,RDR,4365.48,4339.98,25.5,4365.98,4339.23,26.75,True,LONG,2015-04-07 10:30:00,4368.23,False,True,False,0.2549,0.1757,0.2549,4371.98,2015-04-07 10:46:00,1.1757,4335.5,2015-04-07 15:59:00,False,,0.049,,True,4364.23,2015-04-07 10:42:00,0.049
NQ,2015-04-08,Wednesday,ADR,4335.5,4331.75,3.75,4336.0,4331.75,4.25,True,SHORT,2015-04-07 21:30:00,4331.25,False,True,False,0.4667,1.1333,1.1333,4327.5,2015-04-07 21:50:00,1.4667,4337.25,2015-04-08 01:48:00,True,2015-04-07 21:41:00,0.128,1.4667,True,4332.23,2015-04-07 21:35:00,0.128
NQ,2015-04-08,Wednesday,ODR,4341.23,4331.25,9.979999999999563,4342.25,4330.0,12.25,True,LONG,2015-04-08 04:10:00,4343.0,True,True,False,0.4259,0.0772,0.2004,4343.23,2015-04-08 04:15:00,1.0772,4330.48,2015-04-08 06:44:00,False,,0.0,,True,4341.0,2015-04-08 04:18:00,0.023
NQ,2015-04-08,Wednesday,RDR,4368.48,4336.98,31.5,4369.73,4336.48,33.25,True,LONG,2015-04-08 14:15:00,4369.98,True,True,True,0.2387,0.0,0.2387,4376.0,2015-04-08 14:20:00,0.4524,4354.23,2015-04-08 14:55:00,False,,0.0,,True,4368.23,2015-04-08 14:22:00,0.0079
NQ,2015-04-09,Thursday,ADR,4377.0,4374.75,2.25,4377.0,4374.73,2.2700000000004366,True,LONG,2015-04-08 20:35:00,4377.48,False,True,False,0.3244,1.4533,0.2222,4377.5,2015-04-08 20:48:00,2.4533,4371.48,2015-04-09 01:05:00,False,,0.0089,,True,4377.0,2015-04-08 20:45:00,0.0
NQ,2015-04-09,Thursday,ODR,4372.98,4359.73,13.25,4374.48,4359.23,15.25,True,SHORT,2015-04-09 04:00:00,4358.23,False,True,False,0.3962,0.3208,0.3208,4355.48,2015-04-09 04:30:00,1.3962,4378.23,2015-04-09 07:54:00,False,,0.0377,,True,4359.73,2015-04-09 04:15:00,0.0
NQ,2015-04-09,Thursday,RDR,4386.73,4368.0,18.729999999999563,4389.5,4364.73,24.770000000000437,True,SHORT,2015-04-09 10:45:00,4364.48,False,True,False,0.6273,0.8019,0.8019,4352.98,2015-04-09 11:21:00,1.6273,4398.48,2015-04-09 15:13:00,True,2015-04-09 11:15:00,0.0,1.6273,True,4368.48,2015-04-09 11:44:00,0.0256
NQ,2015-04-10,Friday,ADR,4397.48,4394.0,3.4799999999995634,4397.5,4393.73,3.7700000000004366,True,LONG,2015-04-10 01:15:00,4399.75,True,False,,0.8678,0.0718,0.8678,4400.5,2015-04-10 01:27:00,0.0,4397.5,2015-04-10 01:41:00,True,2015-04-10 01:20:00,0.0,0.0,False,,,
NQ,2015-04-10,Friday,ODR,4399.5,4395.73,3.7700000000004366,4401.73,4395.23,6.5,True,SHORT,2015-04-10 04:35:00,4395.0,False,True,False,1.0557,0.5968,0.5968,4393.48,2015-04-10 05:01:00,2.0557,4403.48,2015-04-10 06:46:00,True,2015-04-10 05:01:00,0.0,2.0557,True,4395.98,2015-04-10 05:06:00,0.0663
NQ,2015-04-10,Friday,RDR,4401.48,4388.73,12.75,4402.73,4385.73,17.0,True,LONG,2015-04-10 10:35:00,4404.48,True,True,True,1.098,0.0,1.098,4415.48,2015-04-10 14:55:00,0.0784,4400.48,2015-04-10 10:48:00,True,2015-04-10 11:34:00,0.0784,0.0,True,4400.98,2015-04-10 10:44:00,0.0392
NQ,2015-04-13,Monday,ODR,4412.75,4409.0,3.75,4413.25,4408.5,4.75,True,SHORT,2015-04-13 04:10:00,4408.23,False,True,False,0.8613,0.8053,0.8053,4405.98,2015-04-13 04:41:00,1.8613,4415.98,2015-04-13 08:14:00,True,2015-04-13 04:16:00,0.0,1.8613,True,4409.75,2015-04-13 04:53:00,0.2
NQ,2015-04-13,Monday,RDR,4439.48,4419.25,20.229999999999563,4441.23,4417.48,23.75,True,SHORT,2015-04-13 13:15:00,4416.25,True,False,,0.0,0.9649,0.9649,4399.73,2015-04-13 15:51:00,0.0,4418.23,2015-04-13 13:21:00,True,2015-04-13 13:43:00,0.0,0.0,False,,,
NQ,2015-04-14,Tuesday,ODR,4413.98,4410.73,3.25,4414.25,4410.0,4.25,True,SHORT,2015-04-14 04:45:00,4408.5,True,False,,0.0062,7.4615,7.4615,4386.48,2015-04-14 05:29:00,0.0,4408.5,2015-04-14 04:50:00,True,2015-04-14 04:50:00,0.0,0.0,False,,,
NQ,2015-04-14,Tuesday,RDR,4411.23,4372.48,38.75,4412.73,4368.98,43.75,False,,,,,,,0.0,0.1419,,,,,,,False,,,,False,,,
NQ,2015-04-15,Wednesday,ADR,4395.73,4392.25,3.4799999999995634,4395.73,4391.75,3.9799999999995634,True,SHORT,2015-04-15 01:50:00,4391.25,True,False,,0.0,0.5747,0.5747,4390.25,2015-04-15 01:56:00,0.0,4391.48,2015-04-15 01:55:00,True,2015-04-15 01:55:00,0.0,0.0,False,,,
NQ,2015-04-15,Wednesday,ODR,4395.0,4390.48,4.520000000000437,4395.48,4388.73,6.75,True,LONG,2015-04-15 04:20:00,4397.25,True,False,,3.4248,0.0,3.4248,4410.48,2015-04-15 08:01:00,0.0,4397.23,2015-04-15 04:25:00,True,2015-04-15 04:25:00,0.0,0.0,False,,,
NQ,2015-04-15,Wednesday,RDR,4409.98,4400.73,9.25,4412.23,4398.23,14.0,True,SHORT,2015-04-15 11:35:00,4397.98,False,True,False,2.027,0.2973,0.2973,4397.98,2015-04-15 11:40:00,3.027,4428.73,2015-04-15 14:50:00,False,,0.0,,True,4400.98,2015-04-15 11:41:00,0.027
NQ,2015-04-16,Thursday,ADR,4424.5,4421.75,2.75,4424.5,4421.75,2.75,True,LONG,2015-04-15 21:00:00,4425.0,True,True,True,1.6364,0.0,1.6364,4429.0,2015-04-15 23:34:00,0.9091,4422.0,2015-04-15 21:26:00,True,2015-04-15 21:07:00,0.9091,0.9091,True,4424.5,2015-04-15 21:14:00,0.0
NQ,2015-04-16,Thursday,ODR,4425.73,4419.98,5.75,4425.98,4419.25,6.729999999999563,True,SHORT,2015-04-16 05:55:00,4417.5,True,False,,0.0,3.8226,3.8226,4398.0,2015-04-16 07:46:00,0.0,4419.25,2015-04-16 06:06:00,True,2015-04-16 06:11:00,0.0,0.0,False,,,
NQ,2015-04-16,Thursday,RDR,4417.73,4404.98,12.75,4418.73,4403.5,15.229999999999563,True,SHORT,2015-04-16 10:30:00,4402.48,False,True,False,0.2173,0.3137,0.3137,4400.98,2015-04-16 10:38:00,1.2173,4420.5,2015-04-16 14:00:00,False,,0.0,,True,4406.48,2015-04-16 10:39:00,0.1176
NQ,2015-04-17,Friday,ODR,4414.23,4404.48,9.75,4414.5,4404.25,10.25,True,SHORT,2015-04-17 05:35:00,4403.75,True,True,True,0.0,4.2564,4.2564,4362.98,2015-04-17 06:29:00,0.0513,4404.98,2015-04-17 05:49:00,True,2015-04-17 05:58:00,0.0513,0.0,True,4404.48,2015-04-17 05:40:00,0.0
NQ,2015-04-17,Friday,RDR,4377.48,4344.98,32.5,4382.48,4341.73,40.75,True,SHORT,2015-04-17 13:50:00,4335.5,True,True,True,0.0,0.6532,0.6532,4323.75,2015-04-17 14:16:00,0.1385,4349.48,2015-04-17 15:38:00,True,2015-04-17 14:10:00,0.0,0.1385,True,4345.98,2015-04-17 15:32:00,0.0308
NQ,2015-04-20,Monday,ADR,4356.25,4352.5,3.75,4356.73,4352.0,4.729999999999563,True,LONG,2015-04-19 21:15:00,4357.0,True,True,False,1.4,0.0,1.4,4361.5,2015-04-19 22:04:00,0.4053,4354.73,2015-04-19 21:56:00,True,2015-04-19 22:03:00,0.4053,0.0667,True,4355.75,2015-04-19 21:21:00,0.1333
NQ,2015-04-20,Monday,ODR,4376.0,4359.23,16.770000000000437,4376.48,4358.73,17.75,False,,,,,,,0.0,0.0,,,,,,,False,,,,False,,,
NQ,2015-04-20,Monday,RDR,4390.23,4365.23,25.0,4395.98,4362.98,33.0,True,LONG,2015-04-20 10:55:00,4400.23,True,False,,1.06,0.0,1.06,4416.73,2015-04-20 15:20:00,0.0,4399.73,2015-04-20 11:00:00,True,2015-04-20 11:00:00,0.0,0.0,False,,,
NQ,2015-04-21,Tuesday,ADR,4412.75,4407.23,5.520000000000437,4413.73,4406.98,6.75,True,LONG,2015-04-20 21:15:00,4414.48,True,False,,1.4004,0.0,1.4004,4420.48,2015-04-21 01:39:00,0.0,4413.0,2015-04-20 22:02:00,True,2015-04-20 23:15:00,0.0,0.0,False,,,
NQ,2015-04-21,Tuesday,ODR,4439.48,4427.5,11.979999999999563,4440.75,4426.75,14.0,True,SHORT,2015-04-21 05:25:00,4425.0,True,True,False,0.0209,0.8781,0.8781,4416.98,2015-04-21 05:38:00,0.313,4431.25,2015-04-21 07:40:00,True,2015-04-21 05:35:00,0.0,0.313,True,4427.98,2015-04-21 05:52:00,0.0401
NQ,2015-04-21,Tuesday,RDR,4435.0,4425.75,9.25,4442.23,4422.73,19.5,False,,,,,,,0.3492,0.2454,,,,,,,False,,,,False,,,
NQ,2015-04-22,Wednesday,ADR,4434.98,4432.48,2.5,4434.98,4431.98,3.0,True,LONG,2015-04-21 21:00:00,4435.5,True,True,False,0.708,0.0,0.708,4436.75,2015-04-21 21:12:00,1.0,4432.48,2015-04-21 21:55:00,True,2015-04-21 21:09:00,0.0,1.0,True,4434.75,2015-04-21 21:14:00,0.092
NQ,2015-04-22,Wednesday,ODR,4445.0,4434.73,10.270000000000437,4446.0,4433.25,12.75,True,SHORT,2015-04-22 04:00:00,4417.48,True,False,,0.0,3.5297,3.5297,4398.48,2015-04-22 04:11:00,0.0,4424.0,2015-04-22 07:45:00,True,2015-04-22 04:05:00,0.0,0.0,False,,,
NQ,2015-04-22,Wednesday,RDR,4439.25,4414.98,24.270000000000437,4442.23,4410.98,31.25,True,LONG,2015-04-22 13:40:00,4444.98,True,False,,0.8232,0.0,0.8232,4459.23,2015-04-22 15:26:00,0.0,4443.98,2015-04-22 13:52:00,True,2015-04-22 14:11:00,0.0,0.0,False,,,
NQ,2015-04-23,Thursday,ODR,4439.73,4426.73,13.0,4441.73,4425.5,16.229999999999563,True,SHORT,2015-04-23 04:30:00,4423.75,True,True,False,0.0577,0.6923,0.6923,4417.73,2015-04-23 04:39:00,1.0577,4440.48,2015-04-23 05:41:00,True,2015-04-23 04:37:00,0.0,1.0577,True,4426.98,2015-04-23 04:50:00,0.0192
NQ,2015-04-23,Thursday,RDR,4457.0,4436.98,20.020000000000437,4460.5,4436.23,24.270000000000437,True,LONG,2015-04-23 11:50:00,4463.73,True,False,,1.6224,0.0,1.6224,4489.48,2015-04-23 15:16:00,0.0,4457.98,2015-04-23 12:04:00,True,2015-04-23 12:30:00,0.0,0.0,False,,,
NQ,2015-04-24,Friday,ADR,4493.48,4490.23,3.25,4495.23,4489.5,5.729999999999563,True,LONG,2015-04-23 21:50:00,4495.5,True,True,False,2.2369,0.0,2.2369,4500.75,2015-04-23 23:41:00,0.9169,4490.5,2015-04-24 01:59:00,True,2015-04-23 21:55:00,0.0,0.9169,True,4493.48,2015-04-24 01:11:00,0.0
NQ,2015-04-24,Friday,ODR,4505.73,4496.23,9.5,4506.5,4495.23,11.270000000000437,True,LONG,2015-04-24 04:05:00,4506.75,True,True,True,0.8705,0.0,0.8705,4514.0,2015-04-24 04:42:00,0.2632,4503.23,2015-04-24 06:11:00,True,2015-04-24 04:14:00,0.0,0.2632,True,4505.48,2015-04-24 06:08:00,0.0263
NQ,2015-04-24,Friday,RDR,4520.98,4512.48,8.5,4524.25,4508.98,15.270000000000437,True,LONG,2015-04-24 11:10:00,4524.48,True,False,,1.7647,0.0,1.7647,4535.98,2015-04-24 12:34:00,0.0,4522.48,2015-04-24 11:17:00,True,2015-04-24 11:19:00,0.0,0.0,False,,,
NQ,2015-04-27,Monday,ADR,4533.25,4531.0,2.25,4533.25,4530.48,2.7700000000004366,True,LONG,2015-04-26 22:05:00,4533.48,True,True,False,0.2222,0.1111,0.2222,4533.75,2015-04-26 22:25:00,0.7867,4531.48,2015-04-26 23:47:00,False,,0.12,,True,4533.0,2015-04-26 22:10:00,0.1111
NQ,2015-04-27,Monday,ODR,4537.75,4530.0,7.75,4540.75,4526.0,14.75,True,LONG,2015-04-27 06:40:00,4541.0,True,False,,0.9974,0.0,0.9974,4545.48,2015-04-27 08:15:00,0.0,4538.98,2015-04-27 07:33:00,True,2015-04-27 06:56:00,0.0,0.0,False,,,
NQ,2015-04-27,Monday,RDR,4552.98,4543.48,9.5,4555.23,4538.23,17.0,True,SHORT,2015-04-27 11:50:00,4536.98,True,False,,0.0,3.6053,3.6053,4509.23,2015-04-27 15:19:00,0.0,4537.98,2015-04-27 11:55:00,True,2015-04-27 11:55:00,0.0,0.0,False,,,
NQ,2015-04-28,Tuesday,ADR,4526.98,4521.73,5.25,4526.98,4521.73,5.25,True,SHORT,2015-04-27 21:15:00,4520.75,True,True,False,0.0,0.7581,0.7581,4517.75,2015-04-27 21:21:00,0.9086,4526.5,2015-04-27 23:09:00,True,2015-04-27 21:21:00,0.0,0.9086,True,4522.0,2015-04-27 21:51:00,0.0514
NQ,2015-04-28,Tuesday,ODR,4525.73,4517.5,8.229999999999563,4526.23,4517.25,8.979999999999563,True,SHORT,2015-04-28 04:15:00,4516.75,True,True,False,0.0,0.3973,0.3973,4514.23,2015-04-28 07:04:00,0.6962,4523.23,2015-04-28 06:08:00,False,,0.6962,,True,4517.98,2015-04-28 04:20:00,0.0583
NQ,2015-04-28,Tuesday,RDR,4521.25,4472.75,48.5,4524.98,4471.73,53.25,True,LONG,2015-04-28 12:05:00,4526.25,True,True,False,0.1959,0.0,0.1959,4530.75,2015-04-28 12:55:00,0.4282,4500.48,2015-04-28 15:50:00,False,,0.0416,,True,4521.23,2015-04-28 12:34:00,0.0004
NQ,2015-04-29,Wednesday,ADR,4510.75,4509.48,1.2700000000004366,4510.75,4509.48,1.2700000000004366,True,LONG,2015-04-28 20:30:00,4511.0,False,True,False,2.3622,4.1339,2.3622,4513.75,2015-04-28 20:55:00,5.1339,4504.23,2015-04-29 01:13:00,True,2015-04-28 20:38:00,0.0,5.1339,True,4510.5,2015-04-28 22:00:00,0.1969
NQ,2015-04-29,Wednesday,ODR,4507.0,4501.5,5.5,4508.23,4500.23,8.0,True,LONG,2015-04-29 04:20:00,4508.75,False,True,False,0.9055,1.2764,0.9055,4511.98,2015-04-29 04:40:00,2.2764,4494.48,2015-04-29 08:14:00,True,2015-04-29 04:32:00,0.0,2.2764,True,4506.5,2015-04-29 05:14:00,0.0909
NQ,2015-04-29,Wednesday,RDR,4508.0,4482.48,25.520000000000437,4510.73,4481.48,29.25,True,SHORT,2015-04-29 12:00:00,4479.5,True,True,True,0.0,1.0286,1.0286,4456.23,2015-04-29 12:40:00,0.7249,4500.98,2015-04-29 14:42:00,True,2015-04-29 12:12:00,0.0,0.7249,True,4482.48,2015-04-29 13:53:00,0.0
NQ,2015-04-30,Thursday,ADR,4475.25,4468.5,6.75,4476.98,4468.23,8.75,True,SHORT,2015-04-30 00:30:00,4467.75,True,True,False,0.3704,0.4815,0.4815,4465.25,2015-04-30 01:20:00,0.5185,4472.0,2015-04-30 01:59:00,False,,0.0741,,True,4468.5,2015-04-30 00:43:00,0.0
NQ,2015-04-30,Thursday,ODR,4474.0,4458.75,15.25,4474.25,4457.98,16.270000000000437,True,SHORT,2015-04-30 04:00:00,4457.0,True,True,False,0.0,0.4439,0.4439,4451.98,2015-04-30 04:07:00,0.2938,4463.23,2015-04-30 08:13:00,False,,0.0,,True,4459.5,2015-04-30 04:30:00,0.0492
NQ,2015-04-30,Thursday,RDR,4468.5,4435.98,32.52000000000044,4473.75,4433.75,40.0,True,SHORT,2015-04-30 10:50:00,4433.5,True,True,True,0.0,1.5215,1.5215,4386.5,2015-04-30 15:12:00,0.6765,4457.98,2015-04-30 11:32:00,True,2015-04-30 14:23:00,0.6765,0.0,True,4436.48,2015-04-30 10:56:00,0.0154
NQ,2015-05-01,Friday,ADR,4413.98,4409.98,4.0,4413.98,4409.73,4.25,True,LONG,2015-04-30 20:30:00,4414.0,True,True,False,0.13,0.0575,0.13,4414.5,2015-04-30 20:51:00,1.0575,4409.75,2015-05-01 01:42:00,False,,0.1825,,True,4413.75,2015-04-30 20:35:00,0.0575
NQ,2015-05-01,Friday,ODR,4417.23,4409.73,7.5,4417.5,4409.73,7.770000000000437,True,LONG,2015-05-01 06:35:00,4417.73,True,True,True,0.8667,0.0,0.8667,4423.73,2015-05-01 07:31:00,0.2307,4415.5,2015-05-01 06:58:00,True,2015-05-01 07:28:00,0.2307,0.0,True,4416.98,2015-05-01 06:45:00,0.0333
NQ,2015-05-01,Friday,RDR,4449.48,4426.5,22.979999999999563,4452.48,4425.98,26.5,True,LONG,2015-05-01 13:50:00,4458.23,True,False,,0.9138,0.0,0.9138,4470.48,2015-05-01 15:59:00,0.0,4455.73,2015-05-01 13:58:00,True,2015-05-01 14:10:00,0.0,0.0,False,,,
NQ,2015-05-04,Monday,ADR,4464.73,4462.0,2.7299999999995634,4464.75,4461.98,2.7700000000004366,True,LONG,2015-05-03 21:20:00,4465.23,False,True,False,0.5495,0.7399,0.5495,4466.23,2015-05-03 21:26:00,1.7399,4459.98,2015-05-03 22:16:00,True,2015-05-03 21:26:00,0.0,1.7399,True,4464.48,2015-05-03 21:30:00,0.0916
NQ,2015-05-04,Monday,ODR,4464.75,4457.98,6.770000000000437,4467.0,4456.75,10.25,True,LONG,2015-05-04 04:25:00,4468.0,True,False,,2.548,0.0,2.548,4482.0,2015-05-04 08:15:00,0.0,4468.5,2015-05-04 04:30:00,True,2015-05-04 04:30:00,0.0,0.0,False,,,
NQ,2015-05-04,Monday,RDR,4502.0,4481.73,20.270000000000437,4503.23,4478.23,25.0,True,SHORT,2015-05-04 13:05:00,4474.25,True,True,True,0.0,0.4677,0.4677,4472.25,2015-05-04 13:11:00,0.37,4489.23,2015-05-04 14:41:00,False,,0.0,,True,4481.73,2015-05-04 13:39:00,0.0
NQ,2015-05-05,Tuesday,ADR,4475.0,4473.23,1.7700000000004366,4475.0,4473.0,2.0,True,SHORT,2015-05-04 22:15:00,4472.25,True,False,,0.0,2.2486,2.2486,4469.25,2015-05-05 00:03:00,0.0,4473.0,2015-05-04 22:39:00,True,2015-05-04 22:20:00,0.0,0.0,False,,,
NQ,2015-05-05,Tuesday,ODR,4468.5,4464.0,4.5,4469.75,4463.25,6.5,True,LONG,2015-05-05 04:15:00,4477.73,True,True,False,2.5,0.0,2.5,4479.75,2015-05-05 04:30:00,0.9489,4464.23,2015-05-05 06:41:00,True,2015-05-05 04:20:00,0.0,0.9489,True,4468.23,2015-05-05 04:58:00,0.06
NQ,2015-05-05,Tuesday,RDR,4460.25,4430.23,30.020000000000437,4465.48,4426.48,39.0,True,SHORT,2015-05-05 11:00:00,4423.98,True,False,,0.0,1.0326,1.0326,4399.23,2015-05-05 14:53:00,0.0,4427.73,2015-05-05 12:21:00,True,2015-05-05 11:25:00,0.0,0.0,False,,,
NQ,2015-05-06,Wednesday,ADR,4412.75,4408.98,3.7700000000004366,4413.23,4408.98,4.25,True,LONG,2015-05-05 21:25:00,4413.48,True,True,True,2.7851,0.0,2.7851,4423.25,2015-05-06 00:12:00,0.0053,4412.73,2015-05-05 22:38:00,True,2015-05-05 22:52:00,0.0053,0.0053,True,4412.75,2015-05-05 22:36:00,0.0
NQ,2015-05-06,Wednesday,ODR,4411.73,4396.23,15.5,4413.25,4395.5,17.75,True,LONG,2015-05-06 05:20:00,4415.23,True,True,True,0.3077,0.0,0.2742,4415.98,2015-05-06 08:03:00,0.4987,4404.0,2015-05-06 06:46:00,False,,0.4987,,True,4411.5,2015-05-06 05:29:00,0.0148
NQ,2015-05-06,Wednesday,RDR,4411.73,4363.48,48.25,4421.98,4360.73,61.25,True,SHORT,2015-05-06 13:40:00,4359.98,True,True,False,0.0,0.456,0.456,4341.48,2015-05-06 14:42:00,0.2124,4373.73,2015-05-06 15:59:00,False,,0.0,,True,4365.25,2015-05-06 15:39:00,0.0367
NQ,2015-05-07,Thursday,ADR,4375.73,4369.48,6.25,4375.73,4369.23,6.5,True,LONG,2015-05-06 20:40:00,4375.75,True,True,False,0.48,0.0,0.48,4378.73,2015-05-07 00:29:00,0.64,4371.73,2015-05-07 01:33:00,False,,0.1968,,True,4375.5,2015-05-06 20:45:00,0.0368
NQ,2015-05-07,Thursday,ODR,4368.75,4359.25,9.5,4369.5,4357.25,12.25,True,LONG,2015-05-07 04:00:00,4370.73,False,True,True,0.8947,2.8179,0.8947,4377.25,2015-05-07 08:17:00,3.8179,4332.48,2015-05-07 05:17:00,True,2015-05-07 08:15:00,3.8179,0.0,True,4368.73,2015-05-07 04:05:00,0.0021
NQ,2015-05-07,Thursday,RDR,4394.23,4369.0,25.229999999999563,4397.48,4366.73,30.75,True,LONG,2015-05-07 11:25:00,4398.23,True,True,True,0.5854,0.0,0.5854,4409.0,2015-05-07 13:01:00,0.1486,4390.48,2015-05-07 15:45:00,True,2015-05-07 12:36:00,0.1189,0.1486,True,4393.98,2015-05-07 11:52:00,0.0099
NQ,2015-05-08,Friday,ADR,4406.75,4401.23,5.520000000000437,4408.25,4401.23,7.020000000000437,True,LONG,2015-05-07 21:40:00,4410.23,True,True,True,0.7699,0.0,0.7699,4411.0,2015-05-07 21:45:00,0.0453,4406.5,2015-05-08 01:52:00,True,2015-05-07 21:45:00,0.0,0.0453,True,4406.75,2015-05-08 01:42:00,0.0
NQ,2015-05-08,Friday,ODR,4421.25,4411.75,9.5,4421.73,4410.5,11.229999999999563,True,SHORT,2015-05-08 04:30:00,4410.48,True,True,False,0.0,0.6337,0.6337,4405.73,2015-05-08 07:39:00,0.5242,4416.73,2015-05-08 06:38:00,True,2015-05-08 07:38:00,0.5242,0.3926,True,4411.75,2015-05-08 04:37:00,0.0
NQ,2015-05-08,Friday,RDR,4453.5,4442.98,10.520000000000437,4456.23,4436.75,19.479999999999563,True,LONG,2015-05-08 11:15:00,4458.23,True,True,False,0.8536,0.0,0.8536,4462.48,2015-05-08 11:52:00,0.6892,4446.25,2015-05-08 14:36:00,True,2015-05-08 11:23:00,0.0019,0.6892,True,4453.5,2015-05-08 11:28:00,0.0
NQ,2015-05-11,Monday,ADR,4451.98,4449.75,2.2299999999995634,4451.98,4449.25,2.7299999999995634,True,SHORT,2015-05-10 21:15:00,4448.48,True,True,False,0.0,1.8027,1.8027,4445.73,2015-05-10 21:45:00,1.0,4451.98,2015-05-11 01:27:00,True,2015-05-10 21:20:00,0.0,1.0,True,4449.98,2015-05-10 22:24:00,0.1031
NQ,2015-05-11,Monday,ODR,4450.23,4446.25,3.9799999999995634,4450.23,4445.23,5.0,True,SHORT,2015-05-11 04:40:00,4443.98,False,True,False,0.9422,0.8216,0.696,4443.48,2015-05-11 04:45:00,1.9422,4453.98,2015-05-11 07:46:00,True,2015-05-11 04:45:00,0.0,1.9422,True,4446.25,2015-05-11 05:07:00,0.0
NQ,2015-05-11,Monday,RDR,4461.0,4448.0,13.0,4464.23,4444.73,19.5,True,SHORT,2015-05-11 10:30:00,4443.23,True,True,True,0.0,1.2308,1.2308,4432.0,2015-05-11 15:01:00,0.5,4454.5,2015-05-11 12:00:00,True,2015-05-11 10:35:00,0.5,0.5,True,4448.98,2015-05-11 10:50:00,0.0754
NQ,2015-05-12,Tuesday,ADR,4432.0,4428.75,3.25,4432.48,4428.48,4.0,True,SHORT,2015-05-11 22:00:00,4427.73,False,True,False,0.6092,0.7754,0.7754,4426.23,2015-05-11 22:13:00,1.6092,4433.98,2015-05-12 01:59:00,True,2015-05-11 22:11:00,0.0,1.6092,True,4428.75,2015-05-12 00:54:00,0.0
NQ,2015-05-12,Tuesday,ODR,4425.98,4413.48,12.5,4426.5,4412.48,14.020000000000437,True,SHORT,2015-05-12 04:00:00,4409.48,True,False,,0.0,2.12,2.12,4386.98,2015-05-12 05:38:00,0.0,4410.73,2015-05-12 04:08:00,True,2015-05-12 04:10:00,0.0,0.0,False,,,
NQ,2015-05-12,Tuesday,RDR,4408.75,4380.73,28.020000000000437,4408.98,4374.48,34.5,True,LONG,2015-05-12 10:40:00,4409.23,True,True,True,1.0343,0.0,1.0343,4437.73,2015-05-12 14:40:00,0.0364,4407.73,2015-05-12 12:11:00,True,2015-05-12 11:05:00,0.0364,0.0364,True,4408.73,2015-05-12 10:57:00,0.0007
NQ,2015-05-13,Wednesday,ADR,4427.98,4424.73,3.25,4429.0,4424.73,4.270000000000437,True,LONG,2015-05-12 20:40:00,4429.23,True,True,True,2.4677,0.0,2.4677,4436.0,2015-05-12 23:56:00,0.0708,4427.75,2015-05-12 21:01:00,True,2015-05-12 20:45:00,0.0708,0.0708,True,4427.75,2015-05-12 21:01:00,0.0708
NQ,2015-05-13,Wednesday,ODR,4442.5,4427.5,15.0,4442.98,4427.48,15.5,True,LONG,2015-05-13 04:00:00,4446.0,True,True,False,0.3487,0.0,0.3153,4447.23,2015-05-13 04:23:00,0.6347,4432.98,2015-05-13 07:21:00,False,,0.0,,True,4442.23,2015-05-13 04:54:00,0.018
NQ,2015-05-13,Wednesday,RDR,4453.23,4434.73,18.5,4457.73,4429.0,28.729999999999563,True,SHORT,2015-05-13 11:00:00,4425.73,True,True,True,0.0,0.9324,0.9324,4417.48,2015-05-13 15:32:00,0.1081,4436.73,2015-05-13 13:04:00,True,2015-05-13 11:05:00,0.1081,0.1081,True,4434.73,2015-05-13 11:46:00,0.0
NQ,2015-05-14,Thursday,ADR,4427.48,4426.23,1.25,4427.98,4425.98,2.0,True,LONG,2015-05-13 20:35:00,4428.5,False,True,False,1.216,4.0,1.216,4429.0,2015-05-13 20:40:00,5.0,4421.23,2015-05-13 22:14:00,True,2015-05-13 20:40:00,0.0,5.0,True,4426.48,2015-05-13 20:59:00,0.8
NQ,2015-05-14,Thursday,ODR,4439.5,4414.48,25.020000000000437,4442.98,4412.98,30.0,True,LONG,2015-05-14 04:35:00,4443.25,True,False,,0.6595,0.0,0.6595,4456.0,2015-05-14 08:01:00,0.0,4442.73,2015-05-14 04:40:00,True,2015-05-14 07:55:00,0.0,0.0,False,,,
NQ,2015-05-14,Thursday,RDR,4466.25,4446.48,19.770000000000437,4468.73,4443.98,24.75,True,LONG,2015-05-14 11:00:00,4472.73,True,True,True,1.3268,0.0,1.3268,4492.48,2015-05-14 15:58:00,0.0137,4465.98,2015-05-14 11:16:00,True,2015-05-14 12:19:00,0.0137,0.0,True,4466.23,2015-05-14 11:15:00,0.001
NQ,2015-05-15,Friday,ADR,4492.48,4489.0,3.4799999999995634,4492.5,4489.0,3.5,True,LONG,2015-05-14 20:35:00,4495.48,True,True,True,1.0115,0.0,0.8678,4495.5,2015-05-14 20:40:00,0.5747,4490.48,2015-05-14 22:48:00,True,2015-05-14 20:40:00,0.0,0.5747,True,4492.48,2015-05-14 21:21:00,0.0
NQ,2015-05-15,Friday,ODR,4502.48,4497.25,5.229999999999563,4502.48,4494.98,7.5,True,LONG,2015-05-15 04:10:00,4504.73,True,True,False,0.8642,0.0,0.8642,4507.0,2015-05-15 06:02:00,0.7648,4498.48,2015-05-15 08:26:00,True,2015-05-15 04:15:00,0.0,0.7648,True,4502.23,2015-05-15 06:59:00,0.0478
NQ,2015-05-15,Friday,RDR,4503.23,4480.73,22.5,4506.23,4480.23,26.0,True,SHORT,2015-05-15 14:05:00,4479.48,True,True,False,0.0,0.1213,0.0547,4479.5,2015-05-15 14:10:00,0.4222,4490.23,2015-05-15 15:06:00,False,,0.0,,True,4480.73,2015-05-15 14:12:00,0.0
NQ,2015-05-18,Monday,ADR,4488.48,4485.75,2.7299999999995634,4488.48,4485.25,3.2299999999995634,True,SHORT,2015-05-17 21:00:00,4484.5,True,True,True,0.0,1.2894,1.2894,4482.23,2015-05-17 22:40:00,0.5495,4487.25,2015-05-18 00:30:00,True,2015-05-17 21:05:00,0.0,0.5495,True,4486.5,2015-05-17 23:13:00,0.2747
NQ,2015-05-18,Monday,ODR,4487.48,4474.0,13.479999999999563,4488.0,4473.25,14.75,True,SHORT,2015-05-18 07:40:00,4470.98,True,True,False,0.0,0.2596,0.2596,4470.5,2015-05-18 07:45:00,0.2582,4477.48,2015-05-18 08:10:00,False,,0.0,,True,4474.0,2015-05-18 07:52:00,0.0
NQ,2015-05-18,Monday,RDR,4490.0,4479.73,10.270000000000437,4492.98,4478.23,14.75,True,LONG,2015-05-18 11:10:00,4495.75,True,False,,2.6758,0.0,2.6758,4517.48,2015-05-18 15:24:00,0.0,4493.73,2015-05-18 11:16:00,True,2015-05-18 11:15:00,0.0,0.0,False,,,
NQ,2015-05-19,Tuesday,ODR,4523.25,4514.0,9.25,4525.75,4513.75,12.0,False,,,,,,,0.2681,0.0,,,,,,,False,,,,False,,,
NQ,2015-05-19,Tuesday,RDR,4516.98,4507.5,9.479999999999563,4520.0,4502.73,17.270000000000437,True,SHORT,2015-05-19 15:10:00,4497.25,True,False,,0.0,1.1624,1.1624,4496.48,2015-05-19 15:25:00,0.0,4504.23,2015-05-19 15:59:00,True,2015-05-19 15:15:00,0.0,0.0,False,,,
NQ,2015-05-20,Wednesday,ADR,4500.25,4497.5,2.75,4500.73,4496.75,3.9799999999995634,True,LONG,2015-05-19 20:55:00,4501.75,True,True,True,2.2655,0.1818,2.2655,4506.48,2015-05-20 01:20:00,1.1818,4497.0,2015-05-19 22:14:00,True,2015-05-19 21:00:00,1.1818,1.1818,True,4500.0,2015-05-19 21:12:00,0.0909
NQ,2015-05-20,Wednesday,ODR,4508.0,4502.75,5.25,4510.25,4502.5,7.75,True,SHORT,2015-05-20 04:00:00,4501.5,False,True,False,0.2819,1.0038,1.0038,4497.48,2015-05-20 04:55:00,1.2819,4509.48,2015-05-20 08:14:00,True,2015-05-20 04:11:00,0.0,1.2819,True,4502.98,2015-05-20 05:14:00,0.0438
NQ,2015-05-20,Wednesday,RDR,4506.75,4484.98,21.770000000000437,4506.75,4482.23,24.520000000000437,True,LONG,2015-05-20 14:10:00,4510.98,True,True,False,1.2278,0.0,1.2278,4533.48,2015-05-20 14:30:00,0.3684,4498.73,2015-05-20 15:21:00,True,2015-05-20 14:18:00,0.0,0.3684,True,4503.23,2015-05-20 15:17:00,0.1617
NQ,2015-05-21,Thursday,ADR,4492.98,4489.75,3.2299999999995634,4493.25,4489.75,3.5,True,LONG,2015-05-20 20:35:00,4494.25,True,True,True,0.7802,0.0836,0.7802,4495.5,2015-05-21 01:59:00,1.0836,4489.48,2015-05-20 22:01:00,True,2015-05-20 23:00:00,1.0836,0.0,True,4492.5,2015-05-20 21:29:00,0.1486
NQ,2015-05-21,Thursday,ODR,4495.0,4488.75,6.25,4496.0,4488.23,7.770000000000437,True,LONG,2015-05-21 07:35:00,4496.23,True,True,True,0.3168,0.1232,0.24,4496.5,2015-05-21 07:49:00,0.28,4493.25,2015-05-21 08:03:00,False,,0.0032,,True,4494.98,2015-05-21 07:40:00,0.0032
NQ,2015-05-21,Thursday,RDR,4517.5,4497.5,20.0,4519.73,4492.23,27.5,True,LONG,2015-05-21 10:45:00,4520.73,True,False,,0.9365,0.0,0.9365,4536.23,2015-05-21 15:41:00,0.0,4520.23,2015-05-21 13:56:00,True,2015-05-21 11:07:00,0.0,0.0,False,,,
NQ,2015-05-22,Friday,ADR,4529.5,4527.48,2.0200000000004366,4529.5,4527.48,2.0200000000004366,True,LONG,2015-05-21 21:35:00,4529.75,True,True,True,2.8366,0.0,2.8366,4535.23,2015-05-22 00:50:00,0.2475,4529.0,2015-05-21 22:18:00,True,2015-05-21 21:58:00,0.2475,0.2475,True,4529.5,2015-05-21 21:40:00,0.0
NQ,2015-05-22,Friday,ODR,4534.25,4530.73,3.5200000000004366,4535.0,4530.5,4.5,True,SHORT,2015-05-22 05:35:00,4530.0,False,True,False,0.2131,0.4972,0.4972,4528.98,2015-05-22 06:17:00,1.2131,4535.0,2015-05-22 08:28:00,False,,0.3551,,True,4530.73,2015-05-22 05:49:00,0.0
NQ,2015-05-22,Friday,RDR,4538.23,4524.98,13.25,4538.48,4521.98,16.5,True,LONG,2015-05-22 13:00:00,4539.0,True,True,False,0.283,0.0,0.2075,4540.98,2015-05-22 13:09:00,0.9057,4526.23,2015-05-22 15:57:00,False,,0.1132,,True,4537.98,2015-05-22 13:05:00,0.0189
NQ,2015-05-25,Monday,ADR,4528.25,4526.23,2.0200000000004366,4528.25,4525.98,2.2700000000004366,True,SHORT,2015-05-24 20:35:00,4524.98,False,True,True,0.7327,0.7327,0.6188,4524.98,2015-05-24 20:40:00,1.7327,4529.73,2015-05-24 23:07:00,True,2015-05-24 20:40:00,0.0,1.7327,True,4526.48,2015-05-24 20:50:00,0.1238
NQ,2015-05-25,Monday,ODR,4527.5,4522.0,5.5,4527.75,4522.0,5.75,True,SHORT,2015-05-25 04:00:00,4521.98,True,True,False,0.0,0.8182,0.8182,4517.5,2015-05-25 05:58:00,0.5909,4525.25,2015-05-25 04:44:00,True,2015-05-25 05:49:00,0.5909,0.1818,True,4522.73,2015-05-25 04:05:00,0.1327
NQ,2015-05-25,Monday,RDR,4529.48,4522.25,7.229999999999563,4529.73,4522.25,7.479999999999563,True,LONG,2015-05-25 10:45:00,4530.73,True,True,False,1.0028,0.0,1.0028,4536.73,2015-05-25 11:30:00,0.758,4524.0,2015-05-25 12:59:00,True,2015-05-25 11:02:00,0.0,0.758,True,4529.48,2015-05-25 12:49:00,0.0
NQ,2015-05-26,Tuesday,ADR,4525.5,4519.75,5.75,4525.75,4518.5,7.25,False,,,,,,,0.0,0.1739,,,,,,,False,,,,False,,,
NQ,2015-05-26,Tuesday,ODR,4527.48,4505.75,21.729999999999563,4528.23,4504.98,23.25,True,SHORT,2015-05-26 04:20:00,4504.0,True,True,False,0.0,0.116,0.116,4503.23,2015-05-26 04:28:00,0.8734,4524.73,2015-05-26 07:37:00,False,,0.0,,True,4505.98,2015-05-26 04:51:00,0.0106
NQ,2015-05-26,Tuesday,RDR,4516.0,4473.5,42.5,4521.48,4471.73,49.75,True,SHORT,2015-05-26 11:00:00,4466.23,True,True,True,0.0,0.4358,0.4358,4454.98,2015-05-26 14:52:00,0.1113,4478.23,2015-05-26 12:24:00,False,,0.1113,,True,4474.0,2015-05-26 11:33:00,0.0118
NQ,2015-05-27,Wednesday,ADR,4478.73,4475.25,3.4799999999995634,4478.73,4474.0,4.729999999999563,True,SHORT,2015-05-26 22:05:00,4473.75,True,True,False,0.0,0.6466,0.5805,4473.23,2015-05-27 01:22:00,0.7902,4478.0,2015-05-27 00:15:00,True,2015-05-26 22:12:00,0.7902,0.7902,True,4475.25,2015-05-26 22:30:00,0.0
NQ,2015-05-27,Wednesday,ODR,4480.48,4473.73,6.75,4482.0,4472.98,9.020000000000437,True,LONG,2015-05-27 05:10:00,4482.98,True,True,True,1.4074,0.0,1.4074,4489.98,2015-05-27 08:25:00,0.037,4480.23,2015-05-27 06:32:00,True,2015-05-27 05:15:00,0.037,0.037,True,4480.23,2015-05-27 06:32:00,0.037
NQ,2015-05-27,Wednesday,RDR,4512.48,4480.98,31.5,4515.5,4477.0,38.5,True,LONG,2015-05-27 10:55:00,4518.48,True,False,,1.2143,0.0,1.2143,4550.73,2015-05-27 15:52:00,0.0,4515.0,2015-05-27 11:20:00,True,2015-05-27 13:22:00,0.0,0.0,False,,,
NQ,2015-05-28,Thursday,ADR,4542.48,4540.5,1.9799999999995634,4542.98,4540.5,2.4799999999995634,True,LONG,2015-05-27 21:05:00,4543.0,False,True,False,0.3889,1.7677,0.3889,4543.25,2015-05-27 21:10:00,2.7677,4537.0,2015-05-28 01:42:00,False,,0.0,,True,4542.0,2015-05-27 21:22:00,0.2424
NQ,2015-05-28,Thursday,ODR,4536.25,4532.75,3.5,4537.25,4531.98,5.270000000000437,True,LONG,2015-05-28 04:05:00,4537.75,False,True,False,1.4943,0.4343,1.4943,4541.48,2015-05-28 05:03:00,1.4343,4531.23,2015-05-28 05:19:00,True,2015-05-28 04:10:00,0.0,1.4343,True,4536.23,2015-05-28 05:07:00,0.0057
NQ,2015-05-28,Thursday,RDR,4541.73,4526.0,15.729999999999563,4547.23,4522.48,24.75,False,,,,,,,0.0,0.2715,,,,,,,False,,,,False,,,
NQ,2015-05-29,Friday,ADR,4543.73,4540.75,2.9799999999995634,4544.0,4540.75,3.25,True,LONG,2015-05-28 20:40:00,4544.23,False,True,False,0.4195,0.2517,0.4195,4544.98,2015-05-28 20:57:00,1.2517,4540.0,2015-05-29 01:56:00,False,,0.0772,,True,4543.5,2015-05-28 20:46:00,0.0772
NQ,2015-05-29,Friday,ODR,4534.5,4520.48,14.020000000000437,4535.75,4519.48,16.270000000000437,True,SHORT,2015-05-29 04:00:00,4514.98,False,True,False,0.5528,0.48,0.4265,4514.5,2015-05-29 04:06:00,1.5528,4542.25,2015-05-29 06:36:00,False,,0.0,,True,4520.48,2015-05-29 04:46:00,0.0
NQ,2015-05-29,Friday,RDR,4533.23,4518.48,14.75,4538.48,4517.23,21.25,True,SHORT,2015-05-29 10:35:00,4515.23,True,True,True,0.0,1.4393,1.4393,4497.25,2015-05-29 10:51:00,0.9492,4532.48,2015-05-29 13:30:00,True,2015-05-29 10:43:00,0.0,0.9492,True,4518.48,2015-05-29 11:48:00,0.0
NQ,2015-06-01,Monday,ADR,4518.73,4515.23,3.5,4519.0,4514.48,4.520000000000437,True,LONG,2015-05-31 21:05:00,4520.25,True,True,True,2.0057,0.0,2.0057,4525.75,2015-06-01 01:38:00,0.5714,4516.73,2015-05-31 21:38:00,True,2015-05-31 21:10:00,0.5714,0.5714,True,4518.5,2015-05-31 21:14:00,0.0657
NQ,2015-06-01,Monday,ODR,4530.0,4520.73,9.270000000000437,4531.48,4520.23,11.25,True,SHORT,2015-06-01 04:30:00,4518.0,False,True,False,0.8608,1.5642,1.5642,4506.23,2015-06-01 05:42:00,1.8608,4537.98,2015-06-01 07:48:00,True,2015-06-01 04:38:00,0.137,1.8608,True,4521.23,2015-06-01 04:55:00,0.0539
NQ,2015-06-01,Monday,RDR,4532.48,4489.48,43.0,4535.23,4486.48,48.75,False,,,,,,,0.0698,0.0,,,,,,,False,,,,False,,,
NQ,2015-06-02,Tuesday,ADR,4526.0,4524.5,1.5,4526.75,4523.98,2.7700000000004366,True,LONG,2015-06-01 20:50:00,4527.0,False,True,False,2.32,3.3467,2.32,4529.48,2015-06-01 21:07:00,4.3467,4519.48,2015-06-01 23:40:00,True,2015-06-01 20:55:00,0.0,4.3467,True,4525.73,2015-06-01 22:07:00,0.18
NQ,2015-06-02,Tuesday,ODR,4527.73,4516.0,11.729999999999563,4527.73,4515.25,12.479999999999563,True,SHORT,2015-06-02 04:10:00,4513.5,True,True,True,0.0,2.9838,2.9838,4481.0,2015-06-02 04:57:00,0.9574,4527.23,2015-06-02 06:27:00,True,2015-06-02 04:15:00,0.0,0.9574,True,4518.98,2015-06-02 06:06:00,0.254
NQ,2015-06-02,Tuesday,RDR,4507.73,4485.98,21.75,4510.48,4483.98,26.5,True,LONG,2015-06-02 10:35:00,4512.23,True,True,True,1.092,0.0,1.092,4531.48,2015-06-02 13:21:00,0.2644,4501.98,2015-06-02 11:31:00,True,2015-06-02 12:04:00,0.2644,0.023,True,4506.25,2015-06-02 10:59:00,0.068
NQ,2015-06-03,Wednesday,ADR,4505.73,4503.5,2.2299999999995634,4505.75,4503.0,2.75,True,SHORT,2015-06-02 23:15:00,4502.5,False,True,False,0.1211,0.4574,0.4574,4502.48,2015-06-02 23:20:00,1.1121,4505.98,2015-06-03 01:37:00,False,,0.0,,True,4503.75,2015-06-02 23:32:00,0.1121
NQ,2015-06-03,Wednesday,ODR,4513.98,4503.25,10.729999999999563,4515.0,4501.73,13.270000000000437,True,LONG,2015-06-03 06:30:00,4515.48,True,False,,2.4697,0.0,2.4697,4540.48,2015-06-03 07:53:00,0.0,4514.23,2015-06-03 06:37:00,True,2015-06-03 06:52:00,0.0,0.0,False,,,
NQ,2015-06-03,Wednesday,RDR,4536.48,4515.98,20.5,4539.48,4513.73,25.75,False,,,,,,,0.122,0.2561,,,,,,,False,,,,False,,,
NQ,2015-06-04,Thursday,ADR,4526.23,4524.0,2.2299999999995634,4526.25,4523.75,2.5,True,SHORT,2015-06-03 20:50:00,4523.48,True,True,True,0.0,5.5022,5.5022,4511.73,2015-06-04 01:11:00,0.8879,4525.98,2015-06-03 22:45:00,True,2015-06-03 20:56:00,0.8879,0.8879,True,4524.0,2015-06-03 21:30:00,0.0
NQ,2015-06-04,Thursday,ODR,4518.25,4489.98,28.270000000000437,4518.25,4489.75,28.5,True,SHORT,2015-06-04 04:35:00,4489.5,True,True,False,0.0,0.2918,0.2918,4481.73,2015-06-04 04:49:00,0.2837,4498.0,2015-06-04 08:26:00,False,,0.0007,,True,4490.0,2015-06-04 04:41:00,0.0007
NQ,2015-06-04,Thursday,RDR,4522.25,4496.23,26.020000000000437,4525.73,4493.5,32.22999999999956,True,SHORT,2015-06-04 13:00:00,4491.98,True,False,,0.0,0.8839,0.8839,4473.23,2015-06-04 14:03:00,0.0,4492.73,2015-06-04 13:05:00,True,2015-06-04 13:17:00,0.0,0.0,False,,,
NQ,2015-06-05,Friday,ADR,4495.73,4492.98,2.75,4495.75,4491.25,4.5,True,SHORT,2015-06-04 23:30:00,4491.23,True,True,True,0.0,1.0,0.6364,4491.23,2015-06-05 00:46:00,0.6364,4494.73,2015-06-05 01:21:00,True,2015-06-04 23:36:00,0.1891,0.6364,True,4493.0,2015-06-04 23:42:00,0.0073
NQ,2015-06-05,Friday,ODR,4505.73,4493.0,12.729999999999563,4506.0,4489.48,16.520000000000437,True,SHORT,2015-06-05 06:05:00,4486.73,True,False,,0.0,0.9623,0.9623,4480.75,2015-06-05 06:30:00,0.0,4492.5,2015-06-05 07:55:00,True,2015-06-05 06:10:00,0.0,0.0,False,,,
NQ,2015-06-05,Friday,RDR,4486.48,4454.73,31.75,4489.48,4449.48,40.0,True,LONG,2015-06-05 10:35:00,4490.23,True,True,False,0.2047,0.0,0.2047,4492.98,2015-06-05 10:40:00,0.4961,4470.73,2015-06-05 12:30:00,False,,0.0,,True,4484.98,2015-06-05 10:43:00,0.0472
NQ,2015-06-08,Monday,ADR,4480.0,4478.0,2.0,4480.5,4478.0,2.5,True,SHORT,2015-06-07 20:30:00,4475.0,True,True,False,0.0,4.75,4.75,4468.5,2015-06-07 21:37:00,0.375,4478.75,2015-06-08 01:56:00,True,2015-06-07 20:35:00,0.0,0.375,True,4478.23,2015-06-08 01:36:00,0.115
NQ,2015-06-08,Monday,ODR,4480.48,4472.5,7.979999999999563,4481.0,4472.0,9.0,False,,,,,,,0.0652,0.188,,,,,,,False,,,,False,,,
NQ,2015-06-08,Monday,RDR,4474.25,4457.23,17.020000000000437,4477.98,4454.73,23.25,True,SHORT,2015-06-08 10:50:00,4454.23,True,True,True,0.0,2.0846,2.0846,4421.75,2015-06-08 13:39:00,0.2938,4462.23,2015-06-08 11:21:00,True,2015-06-08 11:41:00,0.2938,0.0,True,4457.23,2015-06-08 10:55:00,0.0
NQ,2015-06-09,Tuesday,ADR,4438.23,4435.98,2.25,4438.48,4434.5,3.9799999999995634,True,LONG,2015-06-08 20:40:00,4439.5,False,True,False,1.1111,1.5556,1.1111,4440.73,2015-06-08 20:47:00,2.5556,4432.48,2015-06-09 01:36:00,True,2015-06-08 20:45:00,0.0,2.5556,True,4438.23,2015-06-08 21:23:00,0.0
NQ,2015-06-09,Tuesday,ODR,4437.73,4430.98,6.75,4438.48,4429.98,8.5,True,SHORT,2015-06-09 04:40:00,4429.0,True,False,,0.0,4.037,4.037,4403.73,2015-06-09 05:55:00,0.0,4429.25,2015-06-09 04:45:00,True,2015-06-09 04:45:00,0.0,0.0,False,,,
NQ,2015-06-09,Tuesday,RDR,4423.5,4394.98,28.520000000000437,4428.0,4393.73,34.27000000000044,True,LONG,2015-06-09 12:55:00,4430.25,True,True,True,0.5515,0.1665,0.5515,4439.23,2015-06-09 14:45:00,0.1322,4419.73,2015-06-09 15:32:00,True,2015-06-09 14:45:00,0.0,0.1322,True,4423.48,2015-06-09 15:26:00,0.0007
NQ,2015-06-10,Wednesday,ADR,4433.5,4430.75,2.75,4434.25,4430.5,3.75,True,LONG,2015-06-09 20:35:00,4435.0,True,True,True,1.9091,0.0,1.9091,4438.75,2015-06-09 23:37:00,0.3636,4432.5,2015-06-10 01:40:00,True,2015-06-09 20:40:00,0.0,0.3636,True,4433.48,2015-06-10 01:37:00,0.0073
NQ,2015-06-10,Wednesday,ODR,4446.25,4430.48,15.770000000000437,4447.73,4430.25,17.479999999999563,True,LONG,2015-06-10 05:45:00,4448.0,True,True,False,0.3171,0.0,0.3171,4451.25,2015-06-10 06:11:00,0.2536,4442.25,2015-06-10 08:26:00,False,,0.0,,True,4446.25,2015-06-10 06:55:00,0.0
NQ,2015-06-10,Wednesday,RDR,4464.98,4438.23,26.75,4466.23,4433.75,32.47999999999956,True,LONG,2015-06-10 10:30:00,4469.73,True,False,,1.2336,0.0,1.2336,4497.98,2015-06-10 14:20:00,0.0,4468.23,2015-06-10 10:41:00,True,2015-06-10 11:13:00,0.0,0.0,False,,,
NQ,2015-06-11,Thursday,ADR,4484.5,4483.48,1.0200000000004366,4484.75,4482.98,1.7700000000004366,True,LONG,2015-06-10 20:40:00,4485.23,False,True,True,1.451,1.9412,1.451,4485.98,2015-06-10 21:02:00,2.9412,4481.5,2015-06-10 23:51:00,True,2015-06-10 20:58:00,0.7353,2.9412,True,4484.23,2015-06-10 20:45:00,0.2647
NQ,2015-06-11,Thursday,ODR,4490.98,4481.25,9.729999999999563,4492.48,4479.25,13.229999999999563,True,LONG,2015-06-11 07:55:00,4495.48,True,False,,0.7708,0.0,0.7708,4498.48,2015-06-11 08:06:00,0.0,4494.23,2015-06-11 08:01:00,True,2015-06-11 08:00:00,0.0,0.0,False,,,
NQ,2015-06-11,Thursday,RDR,4510.98,4499.35,11.6299999999992,4511.75,4496.23,15.520000000000437,True,SHORT,2015-06-11 10:35:00,4490.73,True,True,True,0.0,1.4076,1.4076,4482.98,2015-06-11 12:24:00,0.0542,4499.98,2015-06-11 11:15:00,True,2015-06-11 10:40:00,0.0542,0.0542,True,4499.98,2015-06-11 11:15:00,0.0542
NQ,2015-06-12,Friday,ADR,4487.73,4484.25,3.4799999999995634,4487.73,4483.98,3.75,True,SHORT,2015-06-11 21:25:00,4482.5,True,False,,0.0,1.0776,1.0776,4480.5,2015-06-12 00:35:00,0.0,4484.0,2015-06-11 22:00:00,True,2015-06-11 21:30:00,0.0,0.0,False,,,
NQ,2015-06-12,Friday,ODR,4485.73,4479.0,6.729999999999563,4487.0,4478.5,8.5,True,SHORT,2015-06-12 04:05:00,4478.25,False,True,True,0.3343,2.2318,2.2318,4463.98,2015-06-12 07:43:00,1.3343,4487.98,2015-06-12 06:23:00,True,2015-06-12 04:17:00,1.3343,1.3343,True,4479.0,2015-06-12 04:12:00,0.0
NQ,2015-06-12,Friday,RDR,4474.5,4460.25,14.25,4476.23,4458.48,17.75,True,SHORT,2015-06-12 10:30:00,4457.25,True,True,True,0.0,0.8786,0.8786,4447.73,2015-06-12 11:00:00,0.3319,4464.98,2015-06-12 11:29:00,True,2015-06-12 10:36:00,0.0,0.3319,True,4461.98,2015-06-12 11:14:00,0.1214
NQ,2015-06-15,Monday,ADR,4436.73,4432.75,3.9799999999995634,4439.0,4432.73,6.270000000000437,True,LONG,2015-06-14 21:00:00,4439.25,False,True,True,0.8844,0.4447,0.8844,4440.25,2015-06-14 21:30:00,1.4447,4430.98,2015-06-14 23:38:00,True,2015-06-14 21:05:00,0.0,1.4447,True,4436.0,2015-06-14 21:35:00,0.1834
NQ,2015-06-15,Monday,ODR,4443.75,4436.5,7.25,4444.5,4435.75,8.75,True,SHORT,2015-06-15 04:00:00,4435.0,True,True,True,0.0,1.2414,1.2414,4427.5,2015-06-15 08:08:00,0.5834,4440.73,2015-06-15 06:37:00,True,2015-06-15 05:56:00,0.5834,0.5834,True,4436.5,2015-06-15 04:07:00,0.0
NQ,2015-06-15,Monday,RDR,4420.23,4400.48,19.75,4420.23,4394.23,26.0,True,LONG,2015-06-15 11:05:00,4420.25,True,True,True,0.8997,0.0,0.8997,4438.0,2015-06-15 13:51:00,0.2648,4415.0,2015-06-15 11:29:00,True,2015-06-15 12:52:00,0.2648,0.0,True,4419.48,2015-06-15 11:23:00,0.038
NQ,2015-06-16,Tuesday,ADR,4432.75,4431.0,1.75,4433.25,4430.98,2.2700000000004366,True,SHORT,2015-06-15 20:50:00,4430.0,True,True,True,0.1314,3.7143,3.7143,4424.5,2015-06-15 23:05:00,0.1429,4431.25,2015-06-15 21:51:00,True,2015-06-15 20:55:00,0.1429,0.1429,True,4431.23,2015-06-15 21:50:00,0.1314
NQ,2015-06-16,Tuesday,ODR,4419.23,4405.0,14.229999999999563,4419.5,4402.75,16.75,True,LONG,2015-06-16 07:45:00,4421.25,True,True,False,0.3703,0.0717,0.3703,4424.5,2015-06-16 07:52:00,0.35,4414.25,2015-06-16 08:02:00,False,,0.0,,True,4417.25,2015-06-16 07:59:00,0.1391
NQ,2015-06-16,Tuesday,RDR,4445.75,4426.75,19.0,4446.75,4424.73,22.020000000000437,True,LONG,2015-06-16 12:30:00,4447.48,True,False,,0.9332,0.0,0.9332,4463.48,2015-06-16 14:11:00,0.0,4447.48,2015-06-16 12:35:00,True,2015-06-16 13:25:00,0.0,0.0,False,,,
NQ,2015-06-17,Wednesday,ADR,4458.98,4456.75,2.2299999999995634,4459.23,4456.75,2.4799999999995634,True,SHORT,2015-06-16 21:10:00,4456.0,False,True,False,1.9148,0.7848,0.7848,4455.0,2015-06-16 21:18:00,2.9148,4463.25,2015-06-17 01:17:00,True,2015-06-16 21:15:00,0.0,2.9148,True,4457.0,2015-06-16 21:27:00,0.1121
NQ,2015-06-17,Wednesday,ODR,4470.0,4461.25,8.75,4470.5,4459.25,11.25,True,LONG,2015-06-17 04:50:00,4471.25,False,True,False,0.1977,0.5714,0.1714,4471.5,2015-06-17 04:55:00,1.5714,4456.25,2015-06-17 07:57:00,False,,0.0,,True,4469.5,2015-06-17 04:59:00,0.0571
NQ,2015-06-17,Wednesday,RDR,4469.25,4462.73,6.520000000000437,4472.48,4462.25,10.229999999999563,True,SHORT,2015-06-17 11:25:00,4456.23,False,True,False,2.0706,3.5629,3.5629,4439.5,2015-06-17 14:00:00,3.0706,4482.75,2015-06-17 14:55:00,True,2015-06-17 11:30:00,0.0,3.0706,True,4465.75,2015-06-17 14:02:00,0.4632
NQ,2015-06-18,Thursday,ADR,4461.25,4458.5,2.75,4461.75,4458.25,3.5,True,SHORT,2015-06-17 21:00:00,4455.0,True,False,,0.0,4.0909,4.0909,4447.25,2015-06-18 01:59:00,0.0,4456.25,2015-06-17 21:14:00,True,2015-06-17 21:05:00,0.0,0.0,False,,,
NQ,2015-06-18,Thursday,ODR,4469.25,4457.75,11.5,4471.73,4456.75,14.979999999999563,True,SHORT,2015-06-18 05:00:00,4452.25,False,True,False,0.7374,0.5652,0.5435,4451.5,2015-06-18 05:05:00,1.7374,4477.73,2015-06-18 06:46:00,True,2015-06-18 05:05:00,0.0,1.7374,True,4458.0,2015-06-18 05:11:00,0.0217
NQ,2015-06-18,Thursday,RDR,4521.25,4484.25,37.0,4522.48,4482.0,40.47999999999956,True,LONG,2015-06-18 10:45:00,4525.23,True,False,,0.5473,0.0,0.5473,4541.5,2015-06-18 12:32:00,0.0,4523.73,2015-06-18 13:55:00,True,2015-06-18 12:32:00,0.0,0.0,False,,,
NQ,2015-06-19,Friday,ADR,4535.25,4532.75,2.5,4535.5,4532.75,2.75,True,LONG,2015-06-18 21:55:00,4535.75,True,True,True,0.8,0.1,0.8,4537.25,2015-06-19 01:18:00,0.7,4533.5,2015-06-18 23:49:00,True,2015-06-19 01:06:00,0.7,0.0,True,4535.25,2015-06-18 22:00:00,0.0
NQ,2015-06-19,Friday,ODR,4542.5,4534.0,8.5,4542.75,4533.98,8.770000000000437,True,LONG,2015-06-19 04:35:00,4543.75,True,True,True,0.4706,0.0,0.4706,4546.5,2015-06-19 05:51:00,0.4412,4538.75,2015-06-19 04:57:00,False,,0.4412,,True,4542.25,2015-06-19 04:41:00,0.0294
NQ,2015-06-22,Monday,ADR,4517.5,4514.73,2.7700000000004366,4517.75,4514.73,3.0200000000004366,True,LONG,2015-06-22 01:50:00,4518.0,True,False,,0.444,0.1733,0.444,4518.73,2015-06-22 01:59:00,0.0,4518.23,2015-06-22 01:57:00,False,,0.0,,False,,,
NQ,2015-06-22,Monday,ODR,4534.73,4529.0,5.729999999999563,4535.5,4527.73,7.770000000000437,True,LONG,2015-06-22 04:10:00,4536.5,True,True,False,2.1379,0.0,2.1379,4546.98,2015-06-22 04:41:00,0.3054,4532.98,2015-06-22 06:59:00,True,2015-06-22 04:20:00,0.0,0.3054,True,4533.75,2015-06-22 06:53:00,0.171
NQ,2015-06-22,Monday,RDR,4544.98,4536.0,8.979999999999563,4546.23,4531.75,14.479999999999563,True,LONG,2015-06-22 11:05:00,4546.73,False,True,False,0.7795,0.9209,0.7795,4551.98,2015-06-22 11:23:00,1.9209,4527.73,2015-06-22 13:30:00,True,2015-06-22 11:21:00,0.0,1.9209,True,4543.98,2015-06-22 11:59:00,0.1114
NQ,2015-06-23,Tuesday,ADR,4540.73,4538.48,2.25,4541.23,4537.75,3.4799999999995634,True,LONG,2015-06-22 21:30:00,4542.25,True,False,,2.7867,0.0,2.7867,4547.0,2015-06-23 01:59:00,0.0,4541.0,2015-06-22 23:20:00,True,2015-06-22 21:36:00,0.0,0.0,False,,,
NQ,2015-06-23,Tuesday,ODR,4546.23,4541.23,5.0,4546.48,4539.98,6.5,True,SHORT,2015-06-23 05:05:00,4539.48,False,True,False,0.15,0.5,0.4,4539.23,2015-06-23 06:30:00,1.15,4546.98,2015-06-23 08:07:00,False,,0.35,,True,4541.23,2015-06-23 05:32:00,0.0
NQ,2015-06-23,Tuesday,RDR,4542.25,4527.5,14.75,4545.23,4526.23,19.0,True,SHORT,2015-06-23 10:35:00,4525.23,False,True,False,0.1173,0.3234,0.3234,4522.73,2015-06-23 10:44:00,1.1173,4543.98,2015-06-23 15:35:00,False,,0.0,,True,4527.98,2015-06-23 10:46:00,0.0325
NQ,2015-06-24,Wednesday,ADR,4543.0,4541.75,1.25,4543.23,4541.5,1.7299999999995634,True,SHORT,2015-06-23 21:00:00,4541.25,True,True,True,0.0,3.6,3.6,4537.25,2015-06-24 01:30:00,0.0,4541.75,2015-06-23 21:06:00,True,2015-06-23 21:09:00,0.0,0.0,True,4541.75,2015-06-23 21:06:00,0.0
NQ,2015-06-24,Wednesday,ODR,4543.73,4536.73,7.0,4544.23,4536.5,7.729999999999563,True,SHORT,2015-06-24 05:35:00,4531.98,True,False,,0.0,1.5714,1.5714,4525.73,2015-06-24 05:59:00,0.0,4536.23,2015-06-24 07:15:00,True,2015-06-24 05:40:00,0.0,0.0,False,,,
NQ,2015-06-24,Wednesday,RDR,4550.0,4535.73,14.270000000000437,4551.48,4530.0,21.479999999999563,True,LONG,2015-06-24 10:45:00,4551.98,False,True,False,0.349,1.4015,0.1402,4552.0,2015-06-24 10:50:00,2.4015,4515.73,2015-06-24 15:50:00,False,,0.0,,True,4549.23,2015-06-24 10:52:00,0.054
NQ,2015-06-25,Thursday,ADR,4523.75,4520.48,3.2700000000004366,4523.98,4520.23,3.75,True,LONG,2015-06-24 21:15:00,4524.25,True,True,True,1.1407,0.0,1.1407,4527.48,2015-06-25 01:00:00,0.3058,4522.75,2015-06-24 22:23:00,True,2015-06-24 21:20:00,0.3058,0.3058,True,4523.75,2015-06-24 21:52:00,0.0
NQ,2015-06-25,Thursday,ODR,4534.48,4523.75,10.729999999999563,4535.0,4522.5,12.5,True,LONG,2015-06-25 04:05:00,4535.23,True,True,False,1.1883,0.0,1.1883,4547.23,2015-06-25 04:27:00,0.7922,4525.98,2015-06-25 05:48:00,True,2015-06-25 04:24:00,0.0,0.7922,True,4533.48,2015-06-25 05:19:00,0.0932
NQ,2015-06-25,Thursday,RDR,4535.0,4524.48,10.520000000000437,4536.0,4518.0,18.0,True,LONG,2015-06-25 11:10:00,4536.48,False,True,False,0.3802,2.3289,0.2833,4537.98,2015-06-25 11:15:00,3.3289,4499.98,2015-06-25 14:27:00,False,,0.0,,True,4534.73,2015-06-25 11:16:00,0.0257
NQ,2015-06-26,Friday,ADR,4507.25,4505.75,1.5,4507.5,4505.5,2.0,True,SHORT,2015-06-25 21:15:00,4504.5,True,True,True,0.3333,4.6667,4.6667,4498.75,2015-06-25 21:38:00,0.1667,4506.0,2015-06-26 00:18:00,True,2015-06-25 21:20:00,0.0,0.1667,True,4505.75,2015-06-26 00:17:00,0.0
NQ,2015-06-26,Friday,ODR,4505.5,4499.23,6.270000000000437,4506.25,4498.0,8.25,True,LONG,2015-06-26 05:15:00,4507.23,True,True,False,1.6316,0.0,1.6316,4515.73,2015-06-26 07:33:00,0.7177,4501.0,2015-06-26 05:59:00,True,2015-06-26 06:54:00,0.7177,0.4418,True,4505.23,2015-06-26 05:26:00,0.0431
NQ,2015-06-26,Friday,RDR,4510.98,4493.25,17.729999999999563,4516.48,4489.48,27.0,True,SHORT,2015-06-26 10:55:00,4485.98,True,True,True,0.0,1.9036,1.9036,4459.5,2015-06-26 13:24:00,0.2668,4497.98,2015-06-26 11:18:00,True,2015-06-26 12:33:00,0.2668,0.0,True,4494.23,2015-06-26 11:09:00,0.0553
NQ,2015-06-29,Monday,ADR,4417.0,4410.5,6.5,4420.0,4407.98,12.020000000000437,True,LONG,2015-06-28 21:25:00,4421.0,False,True,False,1.2308,0.4615,1.2308,4425.0,2015-06-28 23:25:00,1.4615,4407.5,2015-06-29 01:28:00,True,2015-06-28 21:30:00,0.0,1.4615,True,4413.98,2015-06-28 23:50:00,0.4646
NQ,2015-06-29,Monday,ODR,4432.73,4419.48,13.25,4433.75,4418.73,15.020000000000437,True,LONG,2015-06-29 04:50:00,4437.25,False,True,False,0.4528,0.1887,0.3774,4437.73,2015-06-29 04:55:00,1.1887,4416.98,2015-06-29 06:32:00,False,,0.0,,True,4432.5,2015-06-29 05:00:00,0.0174
NQ,2015-06-29,Monday,RDR,4450.23,4426.25,23.979999999999563,4450.98,4419.0,31.979999999999563,True,SHORT,2015-06-29 11:10:00,4418.0,True,False,,0.0,2.4187,2.4187,4368.25,2015-06-29 15:48:00,0.0,4424.73,2015-06-29 11:25:00,True,2015-06-29 11:36:00,0.0,0.0,False,,,
NQ,2015-06-30,Tuesday,ADR,4387.23,4383.98,3.25,4387.5,4383.75,3.75,True,LONG,2015-06-29 21:10:00,4388.25,False,True,True,0.7692,1.8462,0.7692,4389.73,2015-06-29 21:23:00,2.8462,4377.98,2015-06-29 22:38:00,True,2015-06-29 21:16:00,0.0,2.8462,True,4387.0,2015-06-29 22:02:00,0.0708
NQ,2015-06-30,Tuesday,ODR,4390.25,4382.48,7.770000000000437,4391.0,4382.0,9.0,True,SHORT,2015-06-30 04:30:00,4380.48,False,True,False,2.121,0.6088,0.6088,4377.75,2015-06-30 04:36:00,3.121,4406.73,2015-06-30 05:32:00,True,2015-06-30 04:36:00,0.0,3.121,True,4382.48,2015-06-30 04:42:00,0.0
NQ,2015-06-30,Tuesday,RDR,4402.0,4384.5,17.5,4402.98,4380.75,22.229999999999563,True,SHORT,2015-06-30 10:45:00,4379.23,False,True,False,0.5571,0.7154,0.7154,4371.98,2015-06-30 12:32:00,1.5571,4411.75,2015-06-30 14:12:00,True,2015-06-30 10:50:00,0.7571,1.5571,True,4390.73,2015-06-30 10:58:00,0.356
NQ,2015-07-01,Wednesday,ODR,4414.73,4406.25,8.479999999999563,4415.73,4404.75,10.979999999999563,True,LONG,2015-07-01 04:55:00,4424.73,True,False,,3.1545,0.0,3.1545,4441.48,2015-07-01 05:28:00,0.0,4422.23,2015-07-01 05:03:00,True,2015-07-01 05:00:00,0.0,0.0,False,,,
NQ,2015-07-01,Wednesday,RDR,4435.98,4428.73,7.25,4438.0,4420.75,17.25,True,SHORT,2015-07-01 10:45:00,4417.23,True,False,,0.0,3.9972,3.9972,4399.75,2015-07-01 14:03:00,0.0,4424.73,2015-07-01 11:23:00,True,2015-07-01 10:50:00,0.0,0.0,False,,,
NQ,2015-07-02,Thursday,ADR,4421.98,4418.48,3.5,4421.98,4418.0,3.9799999999995634,True,SHORT,2015-07-01 20:45:00,4417.0,True,True,False,0.0,0.78,0.78,4415.75,2015-07-01 21:33:00,0.5771,4420.5,2015-07-01 23:36:00,True,2015-07-01 20:52:00,0.0,0.5771,True,4419.0,2015-07-01 22:41:00,0.1486
NQ,2015-07-02,Thursday,ODR,4432.75,4423.48,9.270000000000437,4433.25,4422.0,11.25,False,,,,,,,0.1348,0.0,,,,,,,False,,,,False,,,
NQ,2015-07-02,Thursday,RDR,4434.75,4420.25,14.5,4436.98,4419.73,17.25,True,SHORT,2015-07-02 10:35:00,4419.5,True,True,False,0.0,0.829,0.829,4408.23,2015-07-02 12:24:00,0.6538,4429.73,2015-07-02 15:57:00,True,2015-07-02 11:11:00,0.3607,0.6538,True,4422.0,2015-07-02 10:40:00,0.1207
NQ,2015-07-03,Friday,ADR,4427.5,4425.0,2.5,4427.75,4425.0,2.75,True,LONG,2015-07-02 21:15:00,4428.0,False,True,True,3.2,0.3,3.2,4435.5,2015-07-03 01:24:00,1.3,4424.25,2015-07-02 22:09:00,True,2015-07-02 23:41:00,1.3,0.0,True,4427.5,2015-07-02 21:23:00,0.0
NQ,2015-07-03,Friday,ODR,4432.98,4426.23,6.75,4434.23,4425.0,9.229999999999563,True,SHORT,2015-07-03 04:45:00,4423.48,True,True,False,0.0,0.6296,0.6296,4421.98,2015-07-03 04:50:00,0.8548,4432.0,2015-07-03 05:49:00,True,2015-07-03 04:50:00,0.0,0.8548,True,4426.23,2015-07-03 04:58:00,0.0
NQ,2015-07-03,Friday,RDR,4423.98,4413.0,10.979999999999563,4425.23,4411.73,13.5,False,,,,,,,0.0474,0.0929,,,,,,,False,,,,False,,,
NQ,2015-07-06,Monday,ADR,4374.5,4365.25,9.25,4374.75,4365.0,9.75,True,SHORT,2015-07-06 01:05:00,4364.5,False,True,False,0.7568,0.1081,0.1081,4364.25,2015-07-06 01:10:00,1.7568,4381.5,2015-07-06 01:48:00,False,,0.0,,True,4365.48,2015-07-06 01:13:00,0.0249
NQ,2015-07-06,Monday,ODR,4397.98,4389.75,8.229999999999563,4399.98,4386.0,13.979999999999563,True,SHORT,2015-07-06 04:30:00,4384.98,False,True,False,0.5468,0.7898,0.7898,4383.25,2015-07-06 04:35:00,1.5468,4402.48,2015-07-06 06:01:00,True,2015-07-06 04:35:00,0.0,1.5468,True,4391.0,2015-07-06 04:54:00,0.1519
NQ,2015-07-06,Monday,RDR,4415.25,4388.0,27.25,4418.73,4384.73,34.0,True,LONG,2015-07-06 10:30:00,4421.0,True,True,False,0.789,0.0,0.789,4436.75,2015-07-06 10:46:00,0.9908,4388.25,2015-07-06 14:44:00,True,2015-07-06 10:44:00,0.0,0.9908,True,4415.0,2015-07-06 11:16:00,0.0092
NQ,2015-07-07,Tuesday,ADR,4431.0,4426.0,5.0,4431.0,4425.98,5.020000000000437,True,LONG,2015-07-06 20:30:00,4432.0,True,True,True,2.796,0.0,2.796,4444.98,2015-07-07 01:30:00,0.354,4429.23,2015-07-06 23:17:00,True,2015-07-07 00:56:00,0.354,0.0,True,4431.0,2015-07-06 20:35:00,0.0
NQ,2015-07-07,Tuesday,ODR,4447.25,4439.5,7.75,4447.98,4437.5,10.479999999999563,True,SHORT,2015-07-07 05:35:00,4437.25,True,True,True,0.0,2.5806,2.5806,4419.5,2015-07-07 08:17:00,0.0942,4440.23,2015-07-07 05:50:00,True,2015-07-07 06:03:00,0.0942,0.0,True,4439.5,2015-07-07 05:49:00,0.0
NQ,2015-07-07,Tuesday,RDR,4416.98,4368.25,48.72999999999956,4417.75,4365.5,52.25,True,SHORT,2015-07-07 10:30:00,4362.25,False,True,False,0.195,0.6981,0.6981,4334.23,2015-07-07 11:35:00,1.195,4426.48,2015-07-07 15:34:00,True,2015-07-07 10:42:00,0.0,1.195,True,4369.73,2015-07-07 12:39:00,0.0304
NQ,2015-07-08,Wednesday,ADR,4414.23,4411.73,2.5,4414.48,4410.5,3.9799999999995634,True,SHORT,2015-07-07 21:00:00,4410.0,True,False,,0.0,11.892,11.892,4382.0,2015-07-08 00:56:00,0.0,4410.23,2015-07-07 21:05:00,True,2015-07-07 21:05:00,0.0,0.0,False,,,
NQ,2015-07-08,Wednesday,ODR,4380.0,4353.5,26.5,4380.5,4352.5,28.0,True,LONG,2015-07-08 04:05:00,4384.0,True,True,True,0.82,0.0,0.82,4401.73,2015-07-08 07:15:00,0.7177,4360.98,2015-07-08 04:45:00,True,2015-07-08 07:01:00,0.7177,0.0,True,4376.48,2015-07-08 04:10:00,0.1328
NQ,2015-07-08,Wednesday,RDR,4394.48,4358.98,35.5,4395.75,4356.5,39.25,True,SHORT,2015-07-08 10:30:00,4355.73,True,True,True,0.0,0.6338,0.6338,4336.48,2015-07-08 14:50:00,0.7113,4384.23,2015-07-08 10:57:00,True,2015-07-08 14:48:00,0.7113,0.0282,True,4361.73,2015-07-08 10:35:00,0.0775
NQ,2015-07-09,Thursday,ADR,4359.0,4354.25,4.75,4359.73,4354.25,5.479999999999563,True,SHORT,2015-07-08 20:30:00,4348.25,False,True,False,4.2589,1.5789,1.3684,4347.75,2015-07-08 20:36:00,5.2589,4379.23,2015-07-09 01:55:00,True,2015-07-08 20:35:00,0.0,5.2589,True,4354.25,2015-07-08 20:47:00,0.0
NQ,2015-07-09,Thursday,ODR,4383.0,4376.25,6.75,4384.23,4372.75,11.479999999999563,True,LONG,2015-07-09 05:20:00,4386.73,True,False,,2.2563,0.003,2.2563,4398.23,2015-07-09 06:48:00,0.0,4386.75,2015-07-09 05:25:00,True,2015-07-09 05:25:00,0.0,0.0,False,,,
NQ,2015-07-09,Thursday,RDR,4405.75,4378.98,26.770000000000437,4406.98,4377.98,29.0,True,SHORT,2015-07-09 11:55:00,4377.23,True,True,True,0.0,1.3448,1.3448,4342.98,2015-07-09 14:32:00,0.1307,4382.48,2015-07-09 12:04:00,True,2015-07-09 13:21:00,0.1307,0.0,True,4379.25,2015-07-09 12:00:00,0.0101
NQ,2015-07-10,Friday,ADR,4374.0,4368.0,6.0,4374.0,4366.23,7.770000000000437,True,SHORT,2015-07-09 20:30:00,4366.0,False,True,False,2.4583,0.9583,0.9583,4362.25,2015-07-09 20:46:00,3.4583,4388.75,2015-07-09 23:58:00,True,2015-07-09 20:41:00,0.0,3.4583,True,4369.5,2015-07-09 21:02:00,0.25
NQ,2015-07-10,Friday,ODR,4388.0,4379.98,8.020000000000437,4389.23,4378.98,10.25,True,SHORT,2015-07-10 04:25:00,4376.73,False,True,False,1.4314,0.5898,0.5898,4375.25,2015-07-10 05:10:00,2.4314,4399.48,2015-07-10 07:24:00,True,2015-07-10 05:10:00,0.4701,2.4314,True,4379.98,2015-07-10 04:31:00,0.0
NQ,2015-07-10,Friday,RDR,4400.0,4391.75,8.25,4402.23,4391.23,11.0,True,SHORT,2015-07-10 10:40:00,4388.23,False,True,False,3.1794,0.7903,0.7903,4385.23,2015-07-10 10:45:00,4.1794,4426.23,2015-07-10 15:20:00,True,2015-07-10 10:45:00,0.0,4.1794,True,4393.0,2015-07-10 10:50:00,0.1515
NQ,2015-07-13,Monday,ADR,4393.25,4388.0,5.25,4393.75,4387.5,6.25,True,LONG,2015-07-12 21:40:00,4394.75,True,True,True,3.9962,0.0,3.9962,4414.23,2015-07-13 00:28:00,0.2857,4391.75,2015-07-12 21:55:00,True,2015-07-12 22:02:00,0.2857,0.0,True,4392.5,2015-07-12 21:48:00,0.1429
NQ,2015-07-13,Monday,ODR,4434.25,4423.25,11.0,4435.75,4419.0,16.75,True,LONG,2015-07-13 04:10:00,4435.98,True,True,True,1.8391,0.0,1.8391,4454.48,2015-07-13 05:48:00,0.2955,4431.0,2015-07-13 04:23:00,True,2015-07-13 05:07:00,0.2955,0.0,True,4433.25,2015-07-13 04:17:00,0.0909
NQ,2015-07-13,Monday,RDR,4474.98,4448.0,26.979999999999563,4477.48,4448.0,29.479999999999563,True,LONG,2015-07-13 11:30:00,4477.98,True,True,True,0.6116,0.0,0.6116,4491.48,2015-07-13 15:30:00,0.0927,4472.48,2015-07-13 12:55:00,True,2015-07-13 15:24:00,0.0927,0.0,True,4474.73,2015-07-13 11:43:00,0.0093
NQ,2015-07-14,Tuesday,ADR,4488.25,4485.5,2.75,4488.48,4485.5,2.9799999999995634,True,LONG,2015-07-13 20:35:00,4489.0,True,True,False,0.4545,0.0,0.4545,4489.5,2015-07-13 20:41:00,0.6436,4486.48,2015-07-13 22:09:00,False,,0.0,,True,4488.25,2015-07-13 20:50:00,0.0
NQ,2015-07-14,Tuesday,ODR,4491.75,4488.73,3.0200000000004366,4492.23,4488.23,4.0,True,LONG,2015-07-14 08:10:00,4492.5,True,False,,1.1523,0.2417,1.1523,4495.23,2015-07-14 08:27:00,0.0,4492.23,2015-07-14 08:15:00,True,2015-07-14 08:16:00,0.0,0.0,False,,,
NQ,2015-07-14,Tuesday,RDR,4507.98,4492.73,15.25,4509.25,4491.23,18.020000000000437,True,LONG,2015-07-14 10:50:00,4509.98,True,False,,1.4098,0.0,1.4098,4529.48,2015-07-14 15:05:00,0.0,4508.98,2015-07-14 10:57:00,True,2015-07-14 11:15:00,0.0,0.0,False,,,
NQ,2015-07-15,Wednesday,ADR,4519.0,4515.5,3.5,4519.23,4515.25,3.9799999999995634,True,LONG,2015-07-14 20:55:00,4519.25,True,True,True,3.7143,0.0,3.7143,4532.0,2015-07-14 22:07:00,0.0771,4518.73,2015-07-14 21:03:00,True,2015-07-14 21:05:00,0.0771,0.0,True,4519.0,2015-07-14 21:00:00,0.0
NQ,2015-07-15,Wednesday,ODR,4525.73,4520.73,5.0,4526.75,4519.23,7.520000000000437,True,LONG,2015-07-15 06:15:00,4527.0,True,True,True,0.45,0.096,0.45,4527.98,2015-07-15 07:40:00,0.15,4524.98,2015-07-15 08:11:00,False,,0.1,,True,4525.25,2015-07-15 06:37:00,0.096
NQ,2015-07-15,Wednesday,RDR,4536.73,4521.23,15.5,4537.48,4519.25,18.229999999999563,True,LONG,2015-07-15 11:05:00,4538.23,False,True,False,0.1613,0.7742,0.1613,4539.23,2015-07-15 11:10:00,1.7742,4509.23,2015-07-15 14:57:00,False,,0.0,,True,4536.73,2015-07-15 11:11:00,0.0
NQ,2015-07-16,Thursday,ODR,4551.48,4546.48,5.0,4552.25,4546.48,5.770000000000437,True,LONG,2015-07-16 04:30:00,4557.0,True,False,,1.204,0.0,1.204,4557.5,2015-07-16 04:55:00,0.0,4553.48,2015-07-16 06:55:00,True,2015-07-16 04:35:00,0.0,0.0,False,,,
NQ,2015-07-16,Thursday,RDR,4561.25,4552.5,8.75,4564.73,4550.98,13.75,True,LONG,2015-07-16 10:50:00,4564.98,True,False,,2.8549,0.0,2.8549,4586.23,2015-07-16 15:59:00,0.0,4564.73,2015-07-16 10:55:00,True,2015-07-16 10:55:00,0.0,0.0,False,,,
NQ,2015-07-17,Friday,ADR,4616.25,4613.25,3.0,4616.25,4613.25,3.0,True,SHORT,2015-07-16 20:35:00,4613.23,True,True,True,0.0,1.7567,1.7567,4607.98,2015-07-17 00:22:00,0.6667,4615.25,2015-07-16 21:30:00,True,2015-07-16 22:32:00,0.6667,0.0,True,4613.25,2015-07-16 20:40:00,0.0
NQ,2015-07-17,Friday,ODR,4613.73,4607.75,5.979999999999563,4613.73,4607.48,6.25,True,LONG,2015-07-17 07:20:00,4614.48,True,True,True,1.087,0.087,1.087,4620.23,2015-07-17 08:26:00,0.0418,4613.48,2015-07-17 07:42:00,True,2015-07-17 08:11:00,0.0418,0.0,True,4613.48,2015-07-17 07:42:00,0.0418
NQ,2015-07-17,Friday,RDR,4628.73,4617.98,10.75,4632.0,4615.48,16.520000000000437,True,LONG,2015-07-17 10:45:00,4632.23,True,True,True,2.2093,0.0,2.2093,4652.48,2015-07-17 15:59:00,0.0233,4628.48,2015-07-17 12:24:00,True,2015-07-17 10:57:00,0.0233,0.0233,True,4628.48,2015-07-17 12:24:00,0.0233
NQ,2015-07-20,Monday,ODR,4654.73,4652.23,2.5,4654.98,4652.23,2.75,True,LONG,2015-07-20 04:00:00,4655.75,True,True,True,3.6,0.0,3.6,4663.73,2015-07-20 08:29:00,0.4,4653.73,2015-07-20 04:39:00,True,2015-07-20 04:05:00,0.4,0.4,True,4654.25,2015-07-20 04:34:00,0.192
NQ,2015-07-20,Monday,RDR,4663.5,4651.48,12.020000000000437,4663.73,4648.73,15.0,True,LONG,2015-07-20 10:55:00,4665.73,True,False,,1.8494,0.0,1.8494,4685.73,2015-07-20 15:10:00,0.0,4664.48,2015-07-20 11:37:00,True,2015-07-20 11:04:00,0.0,0.0,False,,,
NQ,2015-07-21,Tuesday,ADR,4671.73,4669.23,2.5,4671.75,4669.23,2.5200000000004366,True,SHORT,2015-07-20 21:25:00,4668.25,False,True,False,4.108,0.4,0.4,4668.23,2015-07-20 21:33:00,5.108,4682.0,2015-07-21 01:45:00,False,,0.0,,True,4669.23,2015-07-20 21:40:00,0.0
NQ,2015-07-21,Tuesday,ODR,4681.98,4677.0,4.979999999999563,4682.98,4675.48,7.5,True,SHORT,2015-07-21 04:45:00,4674.73,True,True,True,0.0,0.9076,0.9076,4672.48,2015-07-21 05:17:00,0.4518,4679.25,2015-07-21 07:35:00,True,2015-07-21 04:50:00,0.0,0.4518,True,4677.23,2015-07-21 06:17:00,0.0462
NQ,2015-07-21,Tuesday,RDR,4676.23,4660.48,15.75,4677.98,4660.23,17.75,True,SHORT,2015-07-21 10:40:00,4659.98,True,True,False,0.0,0.4432,0.4432,4653.5,2015-07-21 10:52:00,0.8413,4673.73,2015-07-21 12:32:00,False,,0.0476,,True,4660.48,2015-07-21 10:45:00,0.0
NQ,2015-07-22,Wednesday,ADR,4615.98,4614.98,1.0,4615.98,4614.75,1.2299999999995634,True,SHORT,2015-07-21 21:25:00,4614.73,True,False,,0.0,9.25,9.25,4605.73,2015-07-22 00:40:00,0.0,4614.25,2015-07-21 21:30:00,True,2015-07-21 21:30:00,0.0,0.0,False,,,
NQ,2015-07-22,Wednesday,ODR,4613.0,4604.98,8.020000000000437,4613.48,4604.23,9.25,True,LONG,2015-07-22 04:15:00,4613.73,False,True,False,0.8703,0.4676,0.8703,4619.98,2015-07-22 05:26:00,1.4676,4601.23,2015-07-22 08:05:00,True,2015-07-22 04:32:00,0.0,1.4676,True,4612.98,2015-07-22 07:07:00,0.0025
NQ,2015-07-22,Wednesday,RDR,4631.23,4595.23,36.0,4636.48,4595.23,41.25,False,,,,,,,0.0,0.0,,,,,,,False,,,,False,,,
NQ,2015-07-23,Thursday,ADR,4628.48,4623.23,5.25,4629.0,4623.23,5.770000000000437,True,LONG,2015-07-22 21:40:00,4629.23,True,False,,1.0038,0.0,1.0038,4633.75,2015-07-23 00:59:00,0.0,4629.0,2015-07-22 21:45:00,True,2015-07-22 22:08:00,0.0,0.0,False,,,
NQ,2015-07-23,Thursday,ODR,4633.25,4628.98,4.270000000000437,4633.5,4628.23,5.270000000000437,True,SHORT,2015-07-23 04:05:00,4624.98,True,True,True,0.0,1.9321,1.9321,4620.73,2015-07-23 08:27:00,0.5269,4631.23,2015-07-23 06:21:00,True,2015-07-23 04:10:00,0.5269,0.5269,True,4628.98,2015-07-23 04:21:00,0.0
NQ,2015-07-23,Thursday,RDR,4631.48,4612.48,19.0,4631.73,4609.73,22.0,True,LONG,2015-07-23 11:00:00,4632.48,False,True,False,0.0789,1.4868,0.0789,4632.98,2015-07-23 11:09:00,2.4868,4584.23,2015-07-23 15:14:00,False,,0.0395,,True,4630.73,2015-07-23 11:06:00,0.0395
NQ,2015-07-24,Friday,ADR,4630.5,4626.0,4.5,4631.73,4626.0,5.729999999999563,True,SHORT,2015-07-23 21:50:00,4625.25,True,True,False,0.1667,1.2778,1.2778,4620.25,2015-07-23 23:14:00,0.5,4628.25,2015-07-24 01:29:00,True,2015-07-23 22:48:00,0.1622,0.5,True,4626.25,2015-07-23 22:02:00,0.0556
NQ,2015-07-24,Friday,ODR,4628.98,4624.25,4.729999999999563,4629.98,4623.48,6.5,True,LONG,2015-07-24 04:00:00,4631.98,True,True,False,2.0613,0.0529,2.0613,4638.73,2015-07-24 04:23:00,1.0529,4624.0,2015-07-24 07:57:00,True,2015-07-24 04:05:00,0.0,1.0529,True,4628.98,2015-07-24 07:44:00,0.0
NQ,2015-07-24,Friday,RDR,4620.98,4594.23,26.75,4623.25,4591.75,31.5,True,SHORT,2015-07-24 12:00:00,4591.5,True,True,True,0.0,1.8598,1.8598,4544.48,2015-07-24 15:42:00,0.0093,4594.48,2015-07-24 12:07:00,True,2015-07-24 12:54:00,0.0093,0.0,True,4594.48,2015-07-24 12:07:00,0.0093
NQ,2015-07-27,Monday,ADR,4560.25,4557.5,2.75,4561.48,4557.48,4.0,True,LONG,2015-07-26 20:50:00,4562.25,True,True,True,2.7273,0.0073,2.7273,4567.75,2015-07-26 21:19:00,1.0073,4557.48,2015-07-27 00:57:00,True,2015-07-26 20:55:00,0.0,1.0073,True,4560.25,2015-07-26 22:45:00,0.0
NQ,2015-07-27,Monday,ODR,4557.73,4543.0,14.729999999999563,4560.25,4542.75,17.5,True,SHORT,2015-07-27 05:55:00,4542.0,True,True,True,0.0,1.2064,1.2064,4525.23,2015-07-27 08:15:00,0.0156,4543.23,2015-07-27 06:27:00,True,2015-07-27 07:02:00,0.0156,0.0,True,4543.23,2015-07-27 06:27:00,0.0156
NQ,2015-07-27,Monday,RDR,4532.23,4510.75,21.479999999999563,4533.25,4507.23,26.020000000000437,True,LONG,2015-07-27 10:30:00,4537.23,False,True,False,0.6052,0.3268,0.6052,4545.23,2015-07-27 10:40:00,1.3268,4503.73,2015-07-27 15:53:00,True,2015-07-27 10:39:00,0.0,1.3268,True,4532.23,2015-07-27 10:56:00,0.0
NQ,2015-07-28,Tuesday,ADR,4522.23,4520.5,1.7299999999995634,4522.23,4520.5,1.7299999999995634,True,SHORT,2015-07-27 20:30:00,4519.75,False,True,False,15.185,3.1908,3.1908,4514.98,2015-07-27 21:28:00,16.185,4548.5,2015-07-28 01:16:00,True,2015-07-27 20:56:00,0.4335,16.185,True,4520.5,2015-07-27 20:36:00,0.0
NQ,2015-07-28,Tuesday,ODR,4541.75,4534.48,7.270000000000437,4542.73,4532.23,10.5,True,LONG,2015-07-28 05:10:00,4543.23,True,True,False,0.8913,0.3783,0.8913,4548.23,2015-07-28 05:56:00,0.553,4537.73,2015-07-28 07:16:00,True,2015-07-28 05:44:00,0.1032,0.553,True,4541.75,2015-07-28 05:18:00,0.0
NQ,2015-07-28,Tuesday,RDR,4533.0,4499.48,33.52000000000044,4533.48,4497.0,36.47999999999956,True,LONG,2015-07-28 12:15:00,4537.75,True,False,,0.8422,0.0298,0.8422,4561.23,2015-07-28 14:25:00,0.0,4533.98,2015-07-28 13:01:00,True,2015-07-28 13:56:00,0.0,0.0,False,,,
NQ,2015-07-29,Wednesday,ADR,4558.98,4557.0,1.9799999999995634,4559.0,4556.75,2.25,True,SHORT,2015-07-28 20:40:00,4556.48,True,True,True,0.0,4.2929,4.2929,4548.5,2015-07-29 01:34:00,0.2424,4557.48,2015-07-28 21:28:00,True,2015-07-28 21:30:00,0.2424,0.0,True,4557.0,2015-07-28 21:27:00,0.0
NQ,2015-07-29,Wednesday,ODR,4568.25,4560.0,8.25,4568.98,4557.5,11.479999999999563,True,SHORT,2015-07-29 04:25:00,4557.23,False,True,False,0.543,0.5782,0.5782,4555.23,2015-07-29 04:32:00,1.543,4572.73,2015-07-29 07:24:00,True,2015-07-29 04:30:00,0.0,1.543,True,4561.23,2015-07-29 04:38:00,0.1491
NQ,2015-07-29,Wednesday,RDR,4567.23,4546.75,20.479999999999563,4568.48,4543.98,24.5,True,LONG,2015-07-29 14:40:00,4572.73,True,True,True,0.5859,0.0,0.5859,4579.23,2015-07-29 14:56:00,0.0122,4566.98,2015-07-29 15:34:00,True,2015-07-29 14:50:00,0.0,0.0122,True,4566.98,2015-07-29 15:34:00,0.0122
NQ,2015-07-30,Thursday,ADR,4562.0,4560.0,2.0,4562.0,4560.0,2.0,True,LONG,2015-07-29 20:30:00,4562.48,True,True,True,2.365,0.26,2.365,4566.73,2015-07-30 01:54:00,1.26,4559.48,2015-07-29 23:16:00,True,2015-07-29 22:16:00,1.26,1.26,True,4562.0,2015-07-29 20:35:00,0.0
NQ,2015-07-30,Thursday,ODR,4566.25,4557.98,8.270000000000437,4567.48,4557.5,9.979999999999563,True,LONG,2015-07-30 05:50:00,4569.48,True,True,False,1.3579,0.1814,1.3579,4577.48,2015-07-30 06:23:00,0.6953,4560.5,2015-07-30 08:28:00,True,2015-07-30 05:55:00,0.0,0.6953,True,4565.48,2015-07-30 08:03:00,0.0931
NQ,2015-07-30,Thursday,RDR,4559.73,4535.0,24.729999999999563,4565.75,4530.73,35.02000000000044,True,LONG,2015-07-30 11:30:00,4567.73,True,False,,1.5669,0.0,1.5669,4598.48,2015-07-30 15:26:00,0.0,4567.23,2015-07-30 11:35:00,True,2015-07-30 11:45:00,0.0,0.0,False,,,
NQ,2015-07-31,Friday,ADR,4590.25,4587.25,3.0,4590.73,4587.0,3.7299999999995634,True,LONG,2015-07-30 22:10:00,4591.0,True,True,True,0.9167,0.0,0.9167,4593.0,2015-07-31 01:40:00,0.8333,4587.75,2015-07-30 23:17:00,True,2015-07-31 00:46:00,0.8333,0.25,True,4590.0,2015-07-30 22:19:00,0.0833
NQ,2015-07-31,Friday,ODR,4600.48,4590.0,10.479999999999563,4601.5,4587.25,14.25,True,SHORT,2015-07-31 07:05:00,4586.98,True,False,,0.0,0.646,0.646,4583.23,2015-07-31 08:20:00,0.0,4588.75,2015-07-31 07:35:00,True,2015-07-31 08:18:00,0.0,0.0,False,,,
NQ,2015-07-31,Friday,RDR,4606.0,4584.23,21.770000000000437,4607.5,4582.23,25.270000000000437,True,SHORT,2015-07-31 14:20:00,4581.5,True,True,False,0.022,0.379,0.379,4575.98,2015-07-31 15:27:00,0.1263,4586.98,2015-07-31 14:32:00,False,,0.1263,,True,4585.98,2015-07-31 14:31:00,0.0804
NQ,2015-08-03,Monday,ADR,4586.75,4582.75,4.0,4586.75,4582.73,4.020000000000437,True,SHORT,2015-08-02 20:50:00,4582.23,True,False,,0.0,2.13,2.13,4574.23,2015-08-03 01:58:00,0.0,4581.75,2015-08-02 20:55:00,True,2015-08-02 20:56:00,0.0,0.0,False,,,
NQ,2015-08-03,Monday,ODR,4587.75,4570.0,17.75,4589.98,4568.25,21.729999999999563,False,,,,,,,0.0986,0.0575,,,,,,,False,,,,False,,,
NQ,2015-08-03,Monday,RDR,4594.0,4577.48,16.520000000000437,4598.75,4572.73,26.020000000000437,True,SHORT,2015-08-03 12:35:00,4571.48,True,False,,0.0,2.2385,2.2385,4540.5,2015-08-03 13:20:00,0.0,4573.23,2015-08-03 15:59:00,True,2015-08-03 12:40:00,0.0,0.0,False,,,
NQ,2015-08-04,Tuesday,ADR,4565.75,4562.73,3.0200000000004366,4565.98,4562.25,3.7299999999995634,True,LONG,2015-08-03 20:40:00,4566.25,True,True,True,2.8907,0.0,2.8907,4574.48,2015-08-04 01:51:00,0.4205,4564.48,2015-08-03 21:09:00,True,2015-08-03 21:38:00,0.4205,0.0,True,4565.75,2015-08-03 20:46:00,0.0
NQ,2015-08-04,Tuesday,ODR,4571.48,4559.75,11.729999999999563,4571.48,4558.73,12.75,True,LONG,2015-08-04 04:10:00,4572.73,False,True,False,0.8099,0.3427,0.8099,4580.98,2015-08-04 04:18:00,1.3427,4555.73,2015-08-04 07:25:00,True,2015-08-04 04:16:00,0.0,1.3427,True,4571.0,2015-08-04 04:51:00,0.0409
NQ,2015-08-04,Tuesday,RDR,4572.48,4554.25,18.229999999999563,4576.98,4552.5,24.479999999999563,True,SHORT,2015-08-04 10:55:00,4546.73,True,True,False,0.1382,0.5908,0.4811,4545.48,2015-08-04 11:00:00,1.1371,4574.98,2015-08-04 13:32:00,False,,0.0,,True,4555.98,2015-08-04 11:11:00,0.0949
NQ,2015-08-05,Wednesday,ADR,4554.73,4553.0,1.7299999999995634,4554.75,4552.98,1.7700000000004366,True,SHORT,2015-08-04 20:30:00,4552.73,False,True,False,4.9249,0.1561,0.1561,4552.73,2015-08-04 20:35:00,5.9249,4563.25,2015-08-04 22:30:00,False,,0.0,,True,4553.0,2015-08-04 20:35:00,0.0
NQ,2015-08-05,Wednesday,ODR,4566.48,4563.23,3.25,4567.75,4561.48,6.270000000000437,True,SHORT,2015-08-05 04:05:00,4560.5,False,True,False,10.9292,1.2308,1.2308,4559.23,2015-08-05 04:24:00,11.9292,4602.0,2015-08-05 08:27:00,True,2015-08-05 04:10:00,0.0,11.9292,True,4563.73,2015-08-05 04:35:00,0.1538
NQ,2015-08-05,Wednesday,RDR,4618.23,4586.48,31.75,4620.73,4582.98,37.75,True,LONG,2015-08-05 10:55:00,4622.23,True,True,False,0.3313,0.0,0.3313,4628.75,2015-08-05 11:30:00,0.8819,4590.23,2015-08-05 13:53:00,False,,0.0,,True,4617.98,2015-08-05 11:56:00,0.0079
NQ,2015-08-06,Thursday,ADR,4593.5,4589.5,4.0,4593.5,4589.48,4.020000000000437,True,SHORT,2015-08-05 21:25:00,4587.48,True,True,True,0.1825,0.625,0.625,4587.0,2015-08-05 21:39:00,0.5625,4591.75,2015-08-06 00:05:00,True,2015-08-05 21:30:00,0.0,0.5625,True,4589.5,2015-08-05 21:51:00,0.0
NQ,2015-08-06,Thursday,ODR,4597.23,4587.5,9.729999999999563,4597.73,4586.73,11.0,True,LONG,2015-08-06 04:15:00,4598.23,True,True,True,1.1819,0.0,1.1819,4608.73,2015-08-06 07:43:00,0.7194,4590.23,2015-08-06 05:33:00,True,2015-08-06 07:34:00,0.7194,0.0,True,4596.98,2015-08-06 04:22:00,0.0257
NQ,2015-08-06,Thursday,RDR,4601.5,4555.23,46.27000000000044,4607.75,4554.98,52.77000000000044,True,SHORT,2015-08-06 10:30:00,4553.75,True,True,True,0.0,1.1346,1.1346,4502.73,2015-08-06 12:40:00,0.0919,4559.48,2015-08-06 10:48:00,True,2015-08-06 11:12:00,0.0919,0.0,True,4555.73,2015-08-06 10:35:00,0.0108
NQ,2015-08-07,Friday,ADR,4526.5,4523.73,2.7700000000004366,4526.73,4523.5,3.2299999999995634,True,LONG,2015-08-06 22:20:00,4527.25,True,True,True,2.5199,0.0,2.5199,4533.48,2015-08-07 00:16:00,0.1805,4526.0,2015-08-06 22:31:00,True,2015-08-06 22:56:00,0.1805,0.0,True,4526.5,2015-08-06 22:28:00,0.0
NQ,2015-08-07,Friday,ODR,4523.0,4514.98,8.020000000000437,4523.0,4513.98,9.020000000000437,True,LONG,2015-08-07 04:30:00,4524.98,True,True,False,0.7456,0.1559,0.7456,4528.98,2015-08-07 04:50:00,1.1559,4513.73,2015-08-07 07:56:00,True,2015-08-07 04:49:00,0.0312,1.1559,True,4522.75,2015-08-07 04:40:00,0.0312
NQ,2015-08-07,Friday,RDR,4524.73,4499.98,24.75,4528.48,4495.23,33.25,True,SHORT,2015-08-07 11:15:00,4485.98,True,True,False,0.0,0.7879,0.7879,4480.48,2015-08-07 11:39:00,0.7778,4519.23,2015-08-07 15:32:00,True,2015-08-07 11:20:00,0.0,0.7778,True,4500.48,2015-08-07 12:11:00,0.0202
NQ,2015-08-10,Monday,ADR,4524.0,4513.5,10.5,4524.75,4513.0,11.75,True,LONG,2015-08-09 20:35:00,4525.73,True,True,True,0.7857,0.0,0.7857,4532.25,2015-08-10 01:56:00,0.1686,4522.23,2015-08-09 20:53:00,True,2015-08-09 23:50:00,0.1686,0.0,True,4524.0,2015-08-09 20:45:00,0.0
NQ,2015-08-10,Monday,ODR,4532.23,4520.5,11.729999999999563,4533.73,4519.98,13.75,True,LONG,2015-08-10 06:35:00,4536.23,True,True,True,1.364,0.1705,1.364,4548.23,2015-08-10 08:21:00,0.0,4532.23,2015-08-10 06:58:00,True,2015-08-10 07:25:00,0.0,0.0,True,4532.23,2015-08-10 06:58:00,0.0
NQ,2015-08-10,Monday,RDR,4568.48,4547.0,21.479999999999563,4572.73,4547.0,25.729999999999563,True,LONG,2015-08-10 14:15:00,4578.23,True,True,False,0.5354,0.0,0.4772,4578.73,2015-08-10 14:22:00,0.2435,4563.25,2015-08-10 15:39:00,False,,0.0,,True,4568.48,2015-08-10 15:18:00,0.0
NQ,2015-08-11,Tuesday,ADR,4581.75,4579.25,2.5,4581.98,4578.98,3.0,True,SHORT,2015-08-10 20:35:00,4578.73,True,True,True,0.0,10.4,10.4,4553.25,2015-08-11 00:06:00,0.6,4580.75,2015-08-10 20:48:00,True,2015-08-10 20:41:00,0.6,0.6,True,4579.25,2015-08-10 20:43:00,0.0
NQ,2015-08-11,Tuesday,ODR,4567.0,4562.23,4.770000000000437,4568.73,4560.25,8.479999999999563,True,LONG,2015-08-11 04:10:00,4569.48,False,True,False,0.9958,4.608,0.9958,4571.75,2015-08-11 04:15:00,5.608,4540.25,2015-08-11 08:24:00,True,2015-08-11 04:15:00,0.0,5.608,True,4566.48,2015-08-11 04:38:00,0.109
NQ,2015-08-11,Tuesday,RDR,4561.73,4543.75,17.979999999999563,4562.98,4534.0,28.979999999999563,True,SHORT,2015-08-11 11:00:00,4529.23,True,False,,0.0,3.2547,3.2547,4485.23,2015-08-11 14:16:00,0.0,4528.98,2015-08-11 11:05:00,True,2015-08-11 11:05:00,0.0,0.0,False,,,
NQ,2015-08-12,Wednesday,ADR,4524.73,4516.5,8.229999999999563,4525.23,4516.5,8.729999999999563,True,SHORT,2015-08-11 21:15:00,4495.0,True,False,,0.0,4.8906,4.8906,4476.25,2015-08-11 21:27:00,0.0,4495.25,2015-08-11 21:20:00,True,2015-08-11 21:20:00,0.0,0.0,False,,,
NQ,2015-08-12,Wednesday,ODR,4484.5,4465.0,19.5,4484.5,4462.48,22.020000000000437,True,SHORT,2015-08-12 04:45:00,4460.73,True,True,False,0.0,0.5523,0.5523,4454.23,2015-08-12 04:58:00,0.8333,4481.25,2015-08-12 08:21:00,True,2015-08-12 04:58:00,0.0,0.8333,True,4465.5,2015-08-12 05:22:00,0.0256
NQ,2015-08-12,Wednesday,RDR,4479.73,4434.73,45.0,4479.73,4433.48,46.25,True,SHORT,2015-08-12 10:50:00,4432.23,False,True,False,1.2338,0.0611,0.0611,4431.98,2015-08-12 10:55:00,2.2338,4535.25,2015-08-12 15:35:00,False,,0.05,,True,4436.98,2015-08-12 10:55:00,0.05
NQ,2015-08-13,Thursday,ADR,4533.5,4527.5,6.0,4534.5,4527.25,7.25,True,LONG,2015-08-12 20:55:00,4538.73,False,True,True,2.5,1.9167,2.5,4548.5,2015-08-13 01:25:00,2.9167,4516.0,2015-08-12 21:18:00,True,2015-08-12 21:00:00,2.9167,2.9167,True,4531.23,2015-08-12 21:02:00,0.3783
NQ,2015-08-13,Thursday,ODR,4555.23,4546.75,8.479999999999563,4556.25,4546.48,9.770000000000437,True,SHORT,2015-08-13 04:00:00,4543.0,True,True,True,0.0,1.3561,1.3561,4535.25,2015-08-13 04:30:00,0.5012,4551.0,2015-08-13 06:15:00,True,2015-08-13 04:19:00,0.0861,0.5012,True,4547.48,2015-08-13 04:11:00,0.0861
NQ,2015-08-13,Thursday,RDR,4541.98,4513.25,28.729999999999563,4543.73,4508.98,34.75,True,LONG,2015-08-13 12:25:00,4546.98,True,True,False,0.3829,0.0,0.3829,4552.98,2015-08-13 13:07:00,0.9746,4513.98,2015-08-13 15:37:00,False,,0.0435,,True,4540.73,2015-08-13 12:42:00,0.0435
NQ,2015-08-14,Friday,ADR,4512.75,4512.0,0.75,4513.25,4511.75,1.5,True,LONG,2015-08-13 20:55:00,4513.5,True,True,True,11.64,0.0,11.64,4521.48,2015-08-13 21:27:00,0.6933,4512.23,2015-08-13 22:05:00,True,2015-08-13 21:00:00,0.0,0.6933,True,4512.5,2015-08-13 22:04:00,0.3333
NQ,2015-08-14,Friday,ODR,4525.73,4515.73,10.0,4528.25,4513.5,14.75,True,SHORT,2015-08-14 04:55:00,4511.5,True,False,,0.1,1.448,1.448,4501.25,2015-08-14 08:21:00,0.0,4515.23,2015-08-14 05:02:00,True,2015-08-14 05:05:00,0.0,0.0,False,,,
NQ,2015-08-14,Friday,RDR,4521.75,4507.73,14.020000000000437,4524.73,4501.98,22.75,True,LONG,2015-08-14 15:00:00,4526.5,True,False,,0.7653,0.6241,0.7653,4532.48,2015-08-14 15:21:00,0.0,4525.98,2015-08-14 15:59:00,True,2015-08-14 15:10:00,0.0,0.0,False,,,
NQ,2015-08-17,Monday,ADR,4538.5,4531.23,7.270000000000437,4538.5,4531.0,7.5,True,SHORT,2015-08-16 21:55:00,4530.25,True,True,False,0.0,0.9945,0.9945,4524.0,2015-08-16 22:41:00,0.4842,4534.75,2015-08-17 01:45:00,True,2015-08-16 22:37:00,0.2063,0.4842,True,4531.25,2015-08-16 22:02:00,0.0028
NQ,2015-08-17,Monday,ODR,4544.75,4527.98,16.770000000000437,4546.23,4525.0,21.229999999999563,True,SHORT,2015-08-17 08:05:00,4522.5,True,False,,0.0,0.328,0.328,4522.48,2015-08-17 08:10:00,0.0,4526.25,2015-08-17 08:16:00,False,,0.0,,False,,,
NQ,2015-08-17,Monday,RDR,4535.25,4506.48,28.770000000000437,4539.23,4503.48,35.75,True,LONG,2015-08-17 10:55:00,4539.73,True,False,,1.0247,0.0,1.0247,4564.73,2015-08-17 15:58:00,0.0,4539.25,2015-08-17 11:00:00,True,2015-08-17 11:12:00,0.0,0.0,False,,,
NQ,2015-08-18,Tuesday,ADR,4568.0,4563.5,4.5,4568.75,4563.5,5.25,True,LONG,2015-08-17 20:55:00,4571.75,False,True,False,1.1111,0.5044,0.9444,4572.25,2015-08-17 21:11:00,1.5044,4561.23,2015-08-18 01:54:00,True,2015-08-17 21:00:00,0.0,1.5044,True,4567.75,2015-08-17 22:10:00,0.0556
NQ,2015-08-18,Tuesday,ODR,4565.75,4548.48,17.270000000000437,4565.98,4547.48,18.5,False,,,,,,,0.0,0.1013,,,,,,,False,,,,False,,,
NQ,2015-08-18,Tuesday,RDR,4558.25,4544.75,13.5,4561.0,4542.48,18.520000000000437,True,SHORT,2015-08-18 13:45:00,4537.48,True,True,True,0.1837,0.8163,0.8163,4533.73,2015-08-18 13:51:00,0.1837,4547.23,2015-08-18 14:32:00,True,2015-08-18 13:50:00,0.0,0.1837,True,4546.23,2015-08-18 14:11:00,0.1096
NQ,2015-08-19,Wednesday,ODR,4537.73,4525.98,11.75,4538.23,4524.48,13.75,True,SHORT,2015-08-19 04:00:00,4522.98,True,True,False,0.0426,0.5728,0.5728,4519.25,2015-08-19 04:05:00,1.0426,4538.23,2015-08-19 06:29:00,True,2015-08-19 04:05:00,0.0,1.0426,True,4525.98,2015-08-19 04:13:00,0.0
NQ,2015-08-19,Wednesday,RDR,4525.23,4504.23,21.0,4526.23,4500.73,25.5,True,SHORT,2015-08-19 11:15:00,4498.0,False,True,False,1.1795,0.9881,0.9881,4483.48,2015-08-19 11:51:00,2.1795,4550.0,2015-08-19 14:13:00,True,2015-08-19 11:25:00,0.0,2.1795,True,4504.98,2015-08-19 12:40:00,0.0357
NQ,2015-08-20,Thursday,ADR,4508.25,4505.25,3.0,4508.25,4504.75,3.5,True,LONG,2015-08-19 20:40:00,4508.75,False,True,False,1.5,1.4167,1.5,4512.75,2015-08-20 00:48:00,2.4167,4501.0,2015-08-19 22:17:00,True,2015-08-19 23:30:00,2.4167,2.0,True,4507.5,2015-08-19 20:47:00,0.25
NQ,2015-08-20,Thursday,ODR,4503.73,4489.98,13.75,4504.23,4487.5,16.729999999999563,True,SHORT,2015-08-20 04:20:00,4487.48,True,False,,0.0,2.0349,2.0349,4462.0,2015-08-20 05:29:00,0.0,4489.75,2015-08-20 04:27:00,True,2015-08-20 04:41:00,0.0,0.0,False,,,
NQ,2015-08-20,Thursday,RDR,4478.23,4422.25,55.97999999999956,4482.23,4418.5,63.72999999999956,True,SHORT,2015-08-20 11:15:00,4418.23,True,True,True,0.0,0.6833,0.6833,4384.0,2015-08-20 15:58:00,0.192,4433.0,2015-08-20 11:26:00,True,2015-08-20 15:52:00,0.192,0.0,True,4423.48,2015-08-20 11:21:00,0.022
NQ,2015-08-21,Friday,ADR,4367.73,4364.48,3.25,4368.0,4364.0,4.0,True,SHORT,2015-08-20 21:20:00,4362.25,True,True,True,0.0062,10.9938,10.9938,4328.75,2015-08-20 22:44:00,0.9231,4367.48,2015-08-20 21:40:00,True,2015-08-20 21:25:00,0.9231,0.9231,True,4364.75,2015-08-20 21:27:00,0.0831
NQ,2015-08-21,Friday,ODR,4360.23,4346.25,13.979999999999563,4362.75,4345.75,17.0,True,SHORT,2015-08-21 06:25:00,4344.48,True,True,True,0.2504,0.8956,0.8956,4333.73,2015-08-21 08:19:00,0.5186,4353.5,2015-08-21 07:40:00,True,2015-08-21 08:11:00,0.5186,0.0,True,4347.5,2015-08-21 06:33:00,0.0894
NQ,2015-08-21,Friday,RDR,4355.73,4317.5,38.22999999999956,4359.23,4302.48,56.75,True,SHORT,2015-08-21 10:35:00,4300.0,True,False,,0.0,3.1198,3.1198,4198.23,2015-08-21 15:59:00,0.0,4311.73,2015-08-21 10:42:00,True,2015-08-21 11:01:00,0.0,0.0,False,,,
NQ,2015-08-24,Monday,ADR,4170.75,4156.25,14.5,4172.98,4152.25,20.729999999999563,True,LONG,2015-08-23 20:35:00,4173.73,False,True,False,0.3103,10.0,0.3103,4175.25,2015-08-23 20:40:00,11.0,4011.25,2015-08-24 01:13:00,False,,0.0,,True,4169.0,2015-08-23 20:44:00,0.1207
NQ,2015-08-24,Monday,ODR,4065.75,4046.75,19.0,4069.0,4043.75,25.25,True,SHORT,2015-08-24 04:30:00,4041.23,False,True,True,0.8947,2.8947,2.8947,3991.75,2015-08-24 07:44:00,1.8947,4082.75,2015-08-24 05:35:00,True,2015-08-24 06:20:00,1.8947,0.5263,True,4047.75,2015-08-24 04:49:00,0.0526
NQ,2015-08-25,Tuesday,ADR,4057.5,4022.25,35.25,4066.25,4018.25,48.0,True,LONG,2015-08-24 21:05:00,4069.25,True,True,False,1.2128,0.1844,1.2128,4100.25,2015-08-24 22:28:00,1.1844,4015.75,2015-08-25 01:48:00,True,2015-08-24 21:14:00,0.4043,1.1844,True,4052.5,2015-08-24 21:26:00,0.1418
NQ,2015-08-25,Tuesday,ODR,4127.5,4053.0,74.5,4130.25,4052.5,77.75,True,LONG,2015-08-25 04:00:00,4134.5,True,True,True,0.9128,0.0,0.9128,4195.5,2015-08-25 06:37:00,0.0741,4121.98,2015-08-25 04:10:00,True,2015-08-25 06:16:00,0.0741,0.0,True,4126.25,2015-08-25 04:09:00,0.0168
NQ,2015-08-25,Tuesday,RDR,4174.25,4138.0,36.25,4183.0,4134.25,48.75,True,LONG,2015-08-25 11:05:00,4183.25,False,True,False,0.8207,3.5103,0.8207,4204.0,2015-08-25 11:23:00,4.5103,4010.75,2015-08-25 15:59:00,True,2015-08-25 11:13:00,0.0,4.5103,True,4171.23,2015-08-25 12:59:00,0.0833
NQ,2015-08-26,Wednesday,ADR,3993.75,3959.25,34.5,3996.0,3958.75,37.25,True,LONG,2015-08-25 20:35:00,4000.25,True,True,True,2.9203,0.0,2.9203,4094.5,2015-08-26 01:21:00,0.3188,3982.75,2015-08-25 21:37:00,True,2015-08-25 20:49:00,0.3188,0.3188,True,3993.75,2015-08-25 21:01:00,0.0
NQ,2015-08-26,Wednesday,ODR,4069.5,4037.75,31.75,4071.25,4036.0,35.25,True,LONG,2015-08-26 04:10:00,4077.98,True,True,True,1.5984,0.0,1.5984,4120.25,2015-08-26 07:22:00,0.189,4063.5,2015-08-26 05:12:00,True,2015-08-26 04:18:00,0.189,0.189,True,4066.25,2015-08-26 05:11:00,0.1024
NQ,2015-08-26,Wednesday,RDR,4139.25,4080.75,58.5,4149.0,4077.98,71.01999999999998,True,SHORT,2015-08-26 11:30:00,4077.23,False,True,False,1.4612,0.5602,0.5602,4047.98,2015-08-26 12:44:00,2.4612,4224.73,2015-08-26 15:54:00,True,2015-08-26 12:40:00,0.1962,2.4612,True,4082.48,2015-08-26 11:43:00,0.0296
NQ,2015-08-27,Thursday,ADR,4229.0,4213.23,15.770000000000437,4231.25,4212.73,18.520000000000437,True,LONG,2015-08-26 21:10:00,4232.0,True,True,False,0.9987,0.0,0.9987,4244.75,2015-08-26 21:53:00,0.9353,4214.25,2015-08-27 01:07:00,True,2015-08-26 21:33:00,0.2536,0.9353,True,4228.75,2015-08-26 21:15:00,0.0159
NQ,2015-08-27,Thursday,ODR,4263.5,4223.5,40.0,4267.5,4222.75,44.75,True,LONG,2015-08-27 04:50:00,4274.5,True,True,False,0.5813,0.0,0.5813,4286.75,2015-08-27 05:01:00,0.3,4251.5,2015-08-27 08:07:00,True,2015-08-27 05:01:00,0.0,0.3,True,4263.0,2015-08-27 07:05:00,0.0125
NQ,2015-08-27,Thursday,RDR,4295.23,4267.98,27.25,4299.25,4260.98,38.27000000000044,True,LONG,2015-08-27 10:55:00,4299.73,False,True,True,1.156,1.5229,1.156,4326.73,2015-08-27 13:12:00,2.5229,4226.48,2015-08-27 15:06:00,True,2015-08-27 11:07:00,0.4128,2.5229,True,4292.75,2015-08-27 11:34:00,0.091
NQ,2015-08-28,Friday,ADR,4338.75,4323.5,15.25,4339.75,4322.48,17.270000000000437,True,SHORT,2015-08-27 21:55:00,4318.25,True,True,True,0.0984,1.0669,1.0669,4307.23,2015-08-27 23:29:00,0.3757,4329.23,2015-08-27 22:18:00,True,2015-08-27 22:40:00,0.3757,0.3279,True,4323.75,2015-08-27 22:10:00,0.0164
NQ,2015-08-28,Friday,ODR,4323.5,4304.0,19.5,4326.75,4300.25,26.5,True,SHORT,2015-08-28 04:05:00,4299.73,True,True,True,0.0,1.1421,1.1421,4281.73,2015-08-28 07:10:00,0.1795,4307.5,2015-08-28 04:16:00,True,2015-08-28 04:51:00,0.1795,0.1656,True,4304.25,2015-08-28 04:14:00,0.0128
NQ,2015-08-28,Friday,RDR,4321.23,4297.98,23.25,4323.75,4292.5,31.25,True,LONG,2015-08-28 11:15:00,4324.98,False,True,True,0.732,0.2796,0.732,4338.25,2015-08-28 11:34:00,1.2796,4291.48,2015-08-28 13:40:00,True,2015-08-28 11:26:00,0.0,1.2796,True,4318.0,2015-08-28 11:40:00,0.1389
NQ,2015-08-31,Monday,ADR,4292.5,4282.25,10.25,4294.73,4280.25,14.479999999999563,True,LONG,2015-08-30 21:05:00,4295.25,True,True,True,2.0488,0.122,2.0488,4313.5,2015-08-31 01:37:00,0.3659,4288.75,2015-08-31 00:24:00,True,2015-08-30 21:10:00,0.3659,0.3659,True,4292.0,2015-08-30 23:45:00,0.0488
NQ,2015-08-31,Monday,ODR,4317.0,4297.0,20.0,4319.48,4294.25,25.229999999999563,True,SHORT,2015-08-31 04:05:00,4293.5,True,True,False,0.0,0.5625,0.5625,4285.75,2015-08-31 04:12:00,0.6865,4310.73,2015-08-31 08:02:00,True,2015-08-31 04:12:00,0.0,0.6865,True,4298.0,2015-08-31 05:13:00,0.05
NQ,2015-08-31,Monday,RDR,4308.48,4274.73,33.75,4315.5,4271.48,44.02000000000044,True,LONG,2015-08-31 11:40:00,4318.23,False,True,False,0.4222,0.4809,0.4222,4322.73,2015-08-31 12:28:00,1.4809,4258.5,2015-08-31 14:56:00,False,,0.1481,,True,4308.48,2015-08-31 11:52:00,0.0
NQ,2015-09-01,Tuesday,ADR,4256.25,4218.0,38.25,4256.5,4217.25,39.25,True,SHORT,2015-08-31 20:30:00,4216.5,True,True,True,0.0,0.9216,0.9216,4182.75,2015-09-01 01:59:00,0.3393,4230.98,2015-08-31 21:15:00,True,2015-08-31 21:58:00,0.3393,0.0,True,4219.5,2015-08-31 20:35:00,0.0392
NQ,2015-09-01,Tuesday,ODR,4201.0,4166.5,34.5,4203.75,4162.25,41.5,True,SHORT,2015-09-01 04:50:00,4160.75,True,True,False,0.0,0.2826,0.2826,4156.75,2015-09-01 04:55:00,0.6733,4189.73,2015-09-01 07:26:00,False,,0.0,,True,4167.73,2015-09-01 05:03:00,0.0357
NQ,2015-09-01,Tuesday,RDR,4215.25,4162.75,52.5,4222.73,4162.75,59.97999999999956,True,SHORT,2015-09-01 13:10:00,4162.5,True,True,True,0.2333,0.848,0.848,4118.23,2015-09-01 15:43:00,0.4806,4187.98,2015-09-01 13:31:00,True,2015-09-01 15:38:00,0.4806,0.0,True,4165.98,2015-09-01 13:15:00,0.0615
NQ,2015-09-02,Wednesday,ADR,4194.5,4151.0,43.5,4195.5,4149.75,45.75,True,LONG,2015-09-01 21:15:00,4199.25,True,True,False,0.4138,0.0,0.4138,4212.5,2015-09-02 01:02:00,0.2931,4181.75,2015-09-01 22:08:00,False,,0.2931,,True,4193.25,2015-09-01 21:26:00,0.0287
NQ,2015-09-02,Wednesday,ODR,4205.73,4189.25,16.479999999999563,4208.0,4188.75,19.25,True,SHORT,2015-09-02 04:00:00,4187.0,True,True,True,0.0,1.2743,1.2743,4168.25,2015-09-02 04:24:00,0.5309,4198.0,2015-09-02 06:06:00,True,2015-09-02 04:22:00,0.4235,0.5309,True,4190.5,2015-09-02 04:07:00,0.0758
NQ,2015-09-02,Wednesday,RDR,4210.0,4176.98,33.02000000000044,4210.0,4175.25,34.75,True,SHORT,2015-09-02 10:30:00,4174.73,False,True,False,1.2865,0.4461,0.4461,4162.25,2015-09-02 10:48:00,2.2865,4252.48,2015-09-02 15:59:00,False,,0.0839,,True,4177.73,2015-09-02 10:35:00,0.0227
NQ,2015-09-03,Thursday,ADR,4274.25,4264.0,10.25,4274.75,4262.5,12.25,True,SHORT,2015-09-02 21:00:00,4261.98,True,True,True,0.0,1.0,1.0,4253.75,2015-09-02 21:57:00,0.439,4268.5,2015-09-03 01:46:00,True,2015-09-02 21:30:00,0.0,0.439,True,4264.5,2015-09-02 22:21:00,0.0488
NQ,2015-09-03,Thursday,ODR,4284.25,4263.25,21.0,4285.73,4261.5,24.229999999999563,True,LONG,2015-09-03 05:05:00,4287.75,True,True,False,0.249,0.0,0.249,4289.48,2015-09-03 05:21:00,0.7748,4267.98,2015-09-03 07:24:00,False,,0.0,,True,4284.0,2015-09-03 05:24:00,0.0119
NQ,2015-09-03,Thursday,RDR,4286.98,4260.98,26.0,4288.75,4257.75,31.0,True,LONG,2015-09-03 10:55:00,4293.0,False,True,False,0.4519,1.5858,0.4519,4298.73,2015-09-03 11:06:00,2.5858,4219.75,2015-09-03 15:39:00,False,,0.0385,,True,4286.23,2015-09-03 11:01:00,0.0288
NQ,2015-09-04,Friday,ADR,4236.0,4204.0,32.0,4236.25,4200.75,35.5,True,SHORT,2015-09-03 23:40:00,4200.25,True,False,,0.0,0.4844,0.4844,4188.5,2015-09-04 00:19:00,0.0,4203.25,2015-09-03 23:54:00,False,,0.0,,False,,,
NQ,2015-09-04,Friday,ODR,4210.75,4193.23,17.520000000000437,4212.5,4190.5,22.0,True,SHORT,2015-09-04 04:20:00,4188.0,True,True,True,0.0,0.9406,0.9406,4176.75,2015-09-04 06:18:00,0.472,4201.5,2015-09-04 08:28:00,True,2015-09-04 04:39:00,0.3995,0.472,True,4193.48,2015-09-04 04:29:00,0.0143
NQ,2015-09-04,Friday,RDR,4200.48,4173.0,27.479999999999563,4202.98,4171.25,31.729999999999563,True,LONG,2015-09-04 10:30:00,4203.25,False,True,False,0.3191,0.5557,0.2191,4206.5,2015-09-04 10:41:00,1.5557,4157.73,2015-09-04 14:38:00,False,,0.1547,,True,4198.48,2015-09-04 10:36:00,0.0728
NQ,2015-09-07,Monday,ADR,4208.5,4200.25,8.25,4210.73,4198.25,12.479999999999563,True,SHORT,2015-09-06 20:30:00,4197.75,False,True,False,4.1794,0.5176,0.5152,4196.0,2015-09-06 20:35:00,5.1794,4242.98,2015-09-06 21:35:00,True,2015-09-06 20:35:00,0.0,5.1794,True,4201.25,2015-09-06 20:45:00,0.1212
NQ,2015-09-07,Monday,ODR,4237.0,4225.0,12.0,4238.5,4223.25,15.25,True,SHORT,2015-09-07 04:40:00,4222.0,True,False,,0.0,1.1683,1.1683,4210.98,2015-09-07 06:16:00,0.0,4223.5,2015-09-07 04:56:00,True,2015-09-07 05:00:00,0.0,0.0,False,,,
NQ,2015-09-07,Monday,RDR,4214.98,4210.73,4.25,4216.48,4209.98,6.5,True,SHORT,2015-09-07 10:30:00,4207.73,False,True,True,0.8824,1.9953,1.9953,4202.25,2015-09-07 12:24:00,1.8824,4218.73,2015-09-07 11:30:00,True,2015-09-07 10:35:00,1.8824,1.8824,True,4210.98,2015-09-07 10:49:00,0.0588
NQ,2015-09-08,Tuesday,ADR,4228.25,4218.75,9.5,4232.5,4218.25,14.25,True,SHORT,2015-09-07 23:10:00,4217.75,True,True,False,0.2895,1.1053,1.1053,4208.25,2015-09-07 23:46:00,0.5526,4224.0,2015-09-08 01:42:00,True,2015-09-07 23:20:00,0.0526,0.5526,True,4218.75,2015-09-07 23:15:00,0.0
NQ,2015-09-08,Tuesday,ODR,4264.73,4239.75,24.979999999999563,4268.73,4238.75,29.979999999999563,True,LONG,2015-09-08 05:00:00,4272.75,True,True,False,0.5604,0.0,0.5604,4278.73,2015-09-08 06:48:00,0.4295,4254.0,2015-09-08 08:09:00,True,2015-09-08 05:50:00,0.0,0.4295,True,4264.48,2015-09-08 07:12:00,0.01
NQ,2015-09-08,Tuesday,RDR,4287.48,4261.98,25.5,4291.48,4259.25,32.22999999999956,True,SHORT,2015-09-08 10:40:00,4253.98,False,True,False,0.6863,0.6863,0.6863,4244.48,2015-09-08 13:27:00,1.6863,4304.98,2015-09-08 15:57:00,True,2015-09-08 13:19:00,0.4804,1.6863,True,4265.23,2015-09-08 10:58:00,0.1275
NQ,2015-09-09,Wednesday,ADR,4306.0,4295.0,11.0,4307.75,4295.0,12.75,True,LONG,2015-09-08 20:40:00,4308.5,True,False,,3.5909,0.0,3.5909,4345.5,2015-09-09 01:31:00,0.0,4307.75,2015-09-08 21:15:00,True,2015-09-08 20:46:00,0.0,0.0,False,,,
NQ,2015-09-09,Wednesday,ODR,4367.75,4353.23,14.520000000000437,4369.23,4352.0,17.229999999999563,True,SHORT,2015-09-09 04:45:00,4349.98,True,True,True,0.0,0.7562,0.7562,4342.25,2015-09-09 06:50:00,0.3629,4358.5,2015-09-09 05:15:00,True,2015-09-09 06:31:00,0.3629,0.0014,True,4353.25,2015-09-09 04:55:00,0.0014
NQ,2015-09-09,Wednesday,RDR,4350.98,4321.73,29.25,4351.98,4317.98,34.0,True,SHORT,2015-09-09 10:35:00,4316.98,True,True,True,0.0,2.7949,2.7949,4239.98,2015-09-09 15:57:00,0.3846,4332.98,2015-09-09 13:21:00,True,2015-09-09 10:53:00,0.3846,0.3846,True,4321.73,2015-09-09 12:19:00,0.0
NQ,2015-09-10,Thursday,ADR,4244.5,4235.25,9.25,4246.25,4234.25,12.0,True,LONG,2015-09-09 21:55:00,4247.75,True,True,True,3.2432,0.1351,3.2432,4274.5,2015-09-10 01:50:00,0.0811,4243.75,2015-09-09 23:03:00,True,2015-09-09 22:00:00,0.0811,0.0811,True,4244.5,2015-09-09 22:38:00,0.0
NQ,2015-09-10,Thursday,ODR,4284.75,4264.75,20.0,4285.48,4262.25,23.229999999999563,True,SHORT,2015-09-10 04:30:00,4259.0,False,True,True,1.1865,1.1375,1.1375,4242.0,2015-09-10 08:29:00,2.1865,4308.48,2015-09-10 05:55:00,True,2015-09-10 04:39:00,2.1865,2.1865,True,4265.25,2015-09-10 04:53:00,0.025
NQ,2015-09-10,Thursday,RDR,4266.23,4247.98,18.25,4271.48,4241.98,29.5,True,LONG,2015-09-10 10:30:00,4277.73,True,False,,3.3014,0.0,3.3014,4326.48,2015-09-10 13:37:00,0.0,4269.23,2015-09-10 11:21:00,True,2015-09-10 10:35:00,0.0,0.0,False,,,
NQ,2015-09-11,Friday,ADR,4309.25,4289.25,20.0,4309.48,4288.98,20.5,True,LONG,2015-09-10 21:30:00,4310.5,True,True,False,0.35,0.0,0.35,4316.25,2015-09-10 22:47:00,0.4625,4300.0,2015-09-11 01:48:00,False,,0.2635,,True,4309.25,2015-09-10 21:40:00,0.0
NQ,2015-09-11,Friday,ODR,4302.5,4273.5,29.0,4302.5,4270.5,32.0,True,SHORT,2015-09-11 04:45:00,4268.23,True,True,False,0.0,0.4921,0.4921,4259.23,2015-09-11 05:01:00,0.4217,4285.73,2015-09-11 08:28:00,False,,0.0,,True,4274.0,2015-09-11 05:31:00,0.0172
NQ,2015-09-11,Friday,RDR,4286.23,4269.75,16.479999999999563,4288.98,4266.0,22.979999999999563,True,LONG,2015-09-11 11:50:00,4290.23,True,False,,2.0934,0.1074,2.0934,4320.73,2015-09-11 15:59:00,0.0,4287.48,2015-09-11 13:36:00,True,2015-09-11 12:03:00,0.0,0.0,False,,,
NQ,2015-09-14,Monday,ADR,4356.25,4342.5,13.75,4356.98,4342.5,14.479999999999563,True,SHORT,2015-09-13 22:15:00,4341.0,True,True,True,0.0,1.2545,1.2545,4325.25,2015-09-14 00:11:00,0.1636,4344.75,2015-09-13 22:21:00,True,2015-09-13 22:56:00,0.1636,0.0,True,4344.25,2015-09-13 22:20:00,0.1273
NQ,2015-09-14,Monday,ODR,4347.0,4320.0,27.0,4348.5,4319.75,28.75,False,,,,,,,0.0,0.0,,,,,,,False,,,,False,,,
NQ,2015-09-14,Monday,RDR,4337.5,4305.25,32.25,4337.75,4300.5,37.25,True,SHORT,2015-09-14 11:30:00,4295.73,True,True,False,0.0,0.4031,0.4031,4292.25,2015-09-14 12:11:00,0.2862,4314.48,2015-09-14 13:59:00,False,,0.0,,True,4305.73,2015-09-14 12:33:00,0.0149
NQ,2015-09-15,Tuesday,ADR,4314.25,4308.25,6.0,4314.75,4307.98,6.770000000000437,True,LONG,2015-09-14 20:30:00,4317.0,True,True,False,1.5,0.0,1.5,4323.25,2015-09-14 22:15:00,0.7917,4309.5,2015-09-15 01:52:00,True,2015-09-14 20:46:00,0.5417,0.7917,True,4313.25,2015-09-14 20:43:00,0.1667
NQ,2015-09-15,Tuesday,ODR,4317.25,4304.5,12.75,4319.25,4302.25,17.0,True,SHORT,2015-09-15 04:00:00,4300.0,True,True,False,0.0,1.08,1.08,4290.73,2015-09-15 05:18:00,0.8627,4315.5,2015-09-15 06:48:00,True,2015-09-15 04:06:00,0.0,0.8627,True,4306.25,2015-09-15 06:27:00,0.1373
NQ,2015-09-15,Tuesday,RDR,4333.25,4308.23,25.020000000000437,4336.48,4302.98,33.5,True,LONG,2015-09-15 10:30:00,4339.5,True,False,,1.6087,0.0,1.6087,4373.5,2015-09-15 15:16:00,0.0,4336.98,2015-09-15 10:39:00,True,2015-09-15 10:44:00,0.0,0.0,False,,,
NQ,2015-09-16,Wednesday,ADR,4362.98,4353.75,9.229999999999563,4363.0,4353.75,9.25,True,SHORT,2015-09-15 22:15:00,4352.5,True,True,True,0.0,0.8397,0.8397,4346.0,2015-09-15 23:14:00,0.4063,4357.5,2015-09-16 00:36:00,True,2015-09-15 22:27:00,0.0,0.4063,True,4353.75,2015-09-16 00:14:00,0.0
NQ,2015-09-16,Wednesday,ODR,4367.25,4357.0,10.25,4369.25,4355.23,14.020000000000437,True,SHORT,2015-09-16 05:55:00,4354.25,True,True,False,0.0,0.5122,0.5122,4351.75,2015-09-16 06:00:00,0.7805,4365.0,2015-09-16 07:50:00,True,2015-09-16 06:00:00,0.0,0.7805,True,4358.0,2015-09-16 06:06:00,0.0976
NQ,2015-09-16,Wednesday,RDR,4366.73,4346.25,20.479999999999563,4368.5,4345.25,23.25,True,LONG,2015-09-16 11:20:00,4369.98,True,True,True,1.063,0.0,1.063,4388.5,2015-09-16 15:57:00,0.4639,4357.23,2015-09-16 14:22:00,True,2015-09-16 12:29:00,0.4639,0.4639,True,4366.25,2015-09-16 11:40:00,0.0234
NQ,2015-09-17,Thursday,ADR,4387.73,4385.0,2.7299999999995634,4387.75,4383.5,4.25,True,SHORT,2015-09-16 22:15:00,4382.5,False,True,False,1.9304,1.2821,1.2821,4381.5,2015-09-16 22:25:00,2.9304,4393.0,2015-09-17 01:15:00,True,2015-09-16 22:20:00,0.0,2.9304,True,4385.25,2015-09-16 22:31:00,0.0916
NQ,2015-09-17,Thursday,ODR,4387.5,4382.0,5.5,4389.25,4380.0,9.25,False,,,,,,,0.5455,0.3636,,,,,,,False,,,,False,,,
NQ,2015-09-17,Thursday,RDR,4388.23,4377.5,10.729999999999563,4390.5,4374.98,15.520000000000437,True,LONG,2015-09-17 12:15:00,4391.25,False,True,False,5.8034,1.0485,5.8034,4450.5,2015-09-17 14:48:00,2.0485,4366.25,2015-09-17 14:04:00,True,2015-09-17 12:30:00,2.0485,2.0485,True,4388.23,2015-09-17 12:43:00,0.0
NQ,2015-09-18,Friday,ADR,4378.25,4372.0,6.25,4381.5,4372.0,9.5,True,LONG,2015-09-17 22:05:00,4385.75,True,False,,2.16,0.0032,2.16,4391.75,2015-09-17 23:17:00,0.0,4381.25,2015-09-18 01:11:00,True,2015-09-17 22:10:00,0.0,0.0,False,,,
NQ,2015-09-18,Friday,ODR,4386.75,4378.0,8.75,4387.25,4374.25,13.0,True,LONG,2015-09-18 04:15:00,4387.5,False,True,False,0.312,5.5714,0.1714,4388.25,2015-09-18 04:26:00,6.5714,4329.25,2015-09-18 07:28:00,False,,0.1714,,True,4386.0,2015-09-18 04:20:00,0.0857
NQ,2015-09-21,Monday,ADR,4324.5,4311.75,12.75,4325.25,4310.5,14.75,True,SHORT,2015-09-20 20:35:00,4309.75,True,True,True,0.0,1.1176,1.1176,4297.5,2015-09-20 23:00:00,0.3137,4315.75,2015-09-21 01:33:00,True,2015-09-20 21:19:00,0.1765,0.3137,True,4312.0,2015-09-20 20:43:00,0.0196
NQ,2015-09-21,Monday,ODR,4317.75,4308.0,9.75,4320.48,4304.5,15.979999999999563,True,LONG,2015-09-21 04:25:00,4322.25,True,False,,3.7436,0.0,3.7436,4354.25,2015-09-21 07:58:00,0.0,4322.5,2015-09-21 04:30:00,True,2015-09-21 04:30:00,0.0,0.0,False,,,
NQ,2015-09-21,Monday,RDR,4347.73,4330.25,17.479999999999563,4348.73,4326.75,21.979999999999563,True,LONG,2015-09-21 10:30:00,4351.0,False,True,False,0.7723,2.504,0.7723,4361.23,2015-09-21 10:51:00,3.504,4286.48,2015-09-21 12:56:00,True,2015-09-21 10:37:00,0.0,3.504,True,4346.48,2015-09-21 11:32:00,0.0715
NQ,2015-09-22,Tuesday,ADR,4340.5,4336.25,4.25,4340.5,4334.75,5.75,True,SHORT,2015-09-21 21:05:00,4334.5,True,False,,0.0,2.0588,2.0588,4327.5,2015-09-22 00:07:00,0.0,4335.23,2015-09-21 21:10:00,True,2015-09-21 21:14:00,0.0,0.0,False,,,
NQ,2015-09-22,Tuesday,ODR,4329.25,4296.73,32.52000000000044,4329.25,4292.75,36.5,True,SHORT,2015-09-22 04:05:00,4292.5,True,True,True,0.0,1.5221,1.5221,4247.23,2015-09-22 06:18:00,0.0544,4298.5,2015-09-22 04:15:00,True,2015-09-22 04:25:00,0.0544,0.0,True,4298.5,2015-09-22 04:15:00,0.0544
NQ,2015-09-22,Tuesday,RDR,4267.5,4250.0,17.5,4273.23,4247.23,26.0,True,SHORT,2015-09-22 10:30:00,4245.48,True,True,False,0.0417,1.6869,1.6869,4220.48,2015-09-22 13:30:00,1.0417,4268.23,2015-09-22 15:59:00,True,2015-09-22 10:36:00,0.0,1.0417,True,4250.98,2015-09-22 15:05:00,0.056
NQ,2015-09-23,Wednesday,ADR,4261.0,4252.25,8.75,4262.5,4251.75,10.75,True,LONG,2015-09-22 20:55:00,4264.0,False,True,False,0.7143,3.5429,0.7143,4267.25,2015-09-22 21:19:00,4.5429,4221.25,2015-09-22 21:59:00,True,2015-09-22 21:19:00,0.0309,4.5429,True,4260.75,2015-09-22 21:13:00,0.0286
NQ,2015-09-23,Wednesday,ODR,4265.75,4241.0,24.75,4267.23,4238.48,28.75,True,LONG,2015-09-23 04:10:00,4269.23,True,True,True,1.0505,0.0,1.0505,4291.75,2015-09-23 07:11:00,0.1321,4262.48,2015-09-23 04:26:00,True,2015-09-23 04:47:00,0.1321,0.0,True,4265.23,2015-09-23 04:21:00,0.021
NQ,2015-09-23,Wednesday,RDR,4272.23,4250.75,21.479999999999563,4273.75,4247.23,26.520000000000437,True,LONG,2015-09-23 10:45:00,4274.98,False,True,False,0.5354,0.4083,0.5354,4283.73,2015-09-23 10:51:00,1.4083,4241.98,2015-09-23 12:09:00,True,2015-09-23 10:51:00,0.0,1.4083,True,4269.98,2015-09-23 11:14:00,0.1047
NQ,2015-09-24,Thursday,ADR,4275.0,4264.98,10.020000000000437,4275.75,4264.0,11.75,True,SHORT,2015-09-23 20:50:00,4260.25,True,True,True,0.0,2.518,2.518,4239.75,2015-09-23 23:13:00,0.3513,4268.5,2015-09-23 21:40:00,True,2015-09-23 20:55:00,0.3513,0.3513,True,4265.73,2015-09-23 21:30:00,0.0749
NQ,2015-09-24,Thursday,ODR,4255.23,4244.5,10.729999999999563,4257.25,4240.0,17.25,True,LONG,2015-09-24 04:00:00,4258.5,False,True,False,2.1668,3.5881,2.1668,4278.48,2015-09-24 04:21:00,4.5881,4206.0,2015-09-24 07:20:00,True,2015-09-24 04:09:00,0.0,4.5881,True,4254.73,2015-09-24 05:14:00,0.0466
NQ,2015-09-24,Thursday,RDR,4231.25,4199.98,31.270000000000437,4233.48,4197.75,35.72999999999956,True,SHORT,2015-09-24 10:35:00,4196.23,False,True,False,1.0553,0.4717,0.4717,4185.23,2015-09-24 11:05:00,2.0553,4264.25,2015-09-24 14:57:00,False,,0.0,,True,4201.98,2015-09-24 11:20:00,0.064
NQ,2015-09-25,Friday,ADR,4265.25,4251.0,14.25,4266.75,4250.25,16.5,True,SHORT,2015-09-24 21:25:00,4249.75,True,True,False,0.0526,0.7368,0.7368,4240.5,2015-09-24 22:14:00,1.0526,4266.0,2015-09-25 01:56:00,True,2015-09-24 21:36:00,0.0877,1.0526,True,4251.75,2015-09-24 21:39:00,0.0526
NQ,2015-09-25,Friday,ODR,4280.0,4266.25,13.75,4283.75,4263.98,19.770000000000437,True,LONG,2015-09-25 04:15:00,4289.0,True,False,,2.5091,0.0,2.5091,4314.5,2015-09-25 04:55:00,0.0,4284.25,2015-09-25 04:33:00,True,2015-09-25 04:20:00,0.0,0.0,False,,,
NQ,2015-09-25,Friday,RDR,4293.98,4266.98,27.0,4297.73,4265.73,32.0,True,SHORT,2015-09-25 12:15:00,4260.48,True,True,True,0.0,3.0,3.0,4185.98,2015-09-25 15:14:00,0.6019,4283.23,2015-09-25 13:15:00,True,2015-09-25 14:15:00,0.6019,0.0,True,4267.48,2015-09-25 12:42:00,0.0185
NQ,2015-09-28,Monday,ADR,4201.0,4184.0,17.0,4204.98,4184.0,20.979999999999563,True,LONG,2015-09-27 23:50:00,4205.0,True,False,,0.8529,0.0,0.8529,4215.5,2015-09-28 01:20:00,0.0,4204.25,2015-09-27 23:59:00,True,2015-09-28 01:06:00,0.0,0.0,False,,,
NQ,2015-09-28,Monday,ODR,4234.98,4210.23,24.75,4238.73,4209.25,29.479999999999563,True,SHORT,2015-09-28 04:30:00,4207.0,True,False,,0.0,1.4335,1.4335,4174.75,2015-09-28 06:37:00,0.0,4207.5,2015-09-28 04:35:00,True,2015-09-28 04:40:00,0.0,0.0,False,,,
NQ,2015-09-28,Monday,RDR,4193.73,4145.75,47.97999999999956,4196.5,4140.23,56.27000000000044,True,SHORT,2015-09-28 11:25:00,4133.73,True,False,,0.0,1.3812,1.3812,4079.48,2015-09-28 14:18:00,0.0,4137.98,2015-09-28 11:32:00,True,2015-09-28 12:06:00,0.0,0.0,False,,,
NQ,2015-09-29,Tuesday,ADR,4106.25,4091.0,15.25,4107.0,4090.0,17.0,True,SHORT,2015-09-28 21:00:00,4088.75,True,True,True,0.0,0.9016,0.9016,4077.25,2015-09-29 01:59:00,0.4918,4098.5,2015-09-28 22:30:00,True,2015-09-28 21:07:00,0.4918,0.4918,True,4092.75,2015-09-28 21:56:00,0.1148
NQ,2015-09-29,Tuesday,ODR,4104.75,4078.48,26.269999999999982,4106.5,4075.0,31.5,True,LONG,2015-09-29 04:15:00,4107.25,True,True,True,0.9041,0.0,0.9041,4128.5,2015-09-29 04:46:00,0.0285,4104.0,2015-09-29 04:20:00,True,2015-09-29 04:36:00,0.0285,0.0,True,4104.0,2015-09-29 04:20:00,0.0285
NQ,2015-09-29,Tuesday,RDR,4139.98,4074.98,64.99999999999955,4140.23,4072.98,67.24999999999955,True,SHORT,2015-09-29 14:55:00,4067.98,True,True,True,0.0577,0.5269,0.5269,4040.73,2015-09-29 15:29:00,0.0808,4080.23,2015-09-29 15:55:00,True,2015-09-29 15:27:00,0.0,0.0808,True,4075.23,2015-09-29 15:53:00,0.0038
NQ,2015-09-30,Wednesday,ADR,4079.75,4068.75,11.0,4079.75,4065.5,14.25,True,LONG,2015-09-29 20:35:00,4080.5,True,True,True,3.0,0.0,3.0,4112.75,2015-09-30 01:02:00,0.2727,4076.75,2015-09-29 20:45:00,True,2015-09-29 20:56:00,0.2727,0.0,True,4079.0,2015-09-29 20:40:00,0.0682
NQ,2015-09-30,Wednesday,ODR,4114.23,4105.0,9.229999999999563,4117.23,4103.5,13.729999999999563,True,LONG,2015-09-30 04:35:00,4117.98,True,False,,2.6273,0.2438,2.6273,4138.48,2015-09-30 07:31:00,0.0,4116.0,2015-09-30 04:44:00,True,2015-09-30 04:40:00,0.0,0.0,False,,,
NQ,2015-09-30,Wednesday,RDR,4163.73,4128.25,35.47999999999956,4163.98,4124.23,39.75,True,LONG,2015-09-30 10:35:00,4166.98,False,True,True,0.1339,0.4374,0.1198,4167.98,2015-09-30 15:57:00,1.4374,4112.73,2015-09-30 12:49:00,False,,1.4374,,True,4162.73,2015-09-30 10:41:00,0.0282
NQ,2015-10-01,Thursday,ADR,4159.98,4153.75,6.229999999999563,4160.25,4153.73,6.520000000000437,True,LONG,2015-09-30 21:05:00,4160.5,True,True,True,8.5104,0.1204,8.5104,4213.0,2015-10-01 00:46:00,0.4783,4157.0,2015-09-30 21:20:00,True,2015-09-30 21:33:00,0.4783,0.0,True,4159.75,2015-09-30 21:12:00,0.0369
NQ,2015-10-01,Thursday,ODR,4223.48,4217.25,6.229999999999563,4225.0,4215.0,10.0,True,SHORT,2015-10-01 04:15:00,4210.25,True,False,,0.0,7.8283,7.8283,4168.48,2015-10-01 08:04:00,0.0,4214.5,2015-10-01 05:03:00,True,2015-10-01 04:20:00,0.0,0.0,False,,,
NQ,2015-10-01,Thursday,RDR,4172.23,4132.25,39.97999999999956,4177.0,4121.23,55.77000000000044,True,SHORT,2015-10-01 12:05:00,4119.0,False,True,False,0.2626,0.4002,0.3569,4117.98,2015-10-01 12:10:00,1.2626,4182.73,2015-10-01 15:56:00,False,,0.0,,True,4133.98,2015-10-01 12:27:00,0.0433
NQ,2015-10-02,Friday,ADR,4203.25,4188.25,15.0,4205.5,4187.25,18.25,True,SHORT,2015-10-02 00:30:00,4184.75,True,True,False,0.0333,0.4167,0.4167,4182.0,2015-10-02 00:47:00,0.3,4192.75,2015-10-02 01:45:00,False,,0.0,,True,4188.75,2015-10-02 01:19:00,0.0333
NQ,2015-10-02,Friday,ODR,4209.75,4197.5,12.25,4212.25,4197.0,15.25,True,LONG,2015-10-02 08:00:00,4213.25,True,True,True,0.5102,0.0204,0.3878,4214.5,2015-10-02 08:29:00,0.1241,4208.23,2015-10-02 08:15:00,False,,0.1241,,True,4209.23,2015-10-02 08:10:00,0.0424
NQ,2015-10-02,Friday,RDR,4135.73,4116.73,19.0,4144.48,4111.23,33.25,True,LONG,2015-10-02 10:35:00,4144.5,True,False,,6.3553,0.0,6.3553,4256.48,2015-10-02 15:59:00,0.0,4142.48,2015-10-02 10:40:00,True,2015-10-02 10:40:00,0.0,0.0,False,,,
NQ,2015-10-05,Monday,ADR,4262.25,4254.25,8.0,4263.75,4253.75,10.0,True,SHORT,2015-10-04 21:10:00,4252.98,False,True,False,1.5,0.2812,0.2812,4252.0,2015-10-04 21:47:00,2.5,4274.25,2015-10-05 00:22:00,False,,0.2812,,True,4254.48,2015-10-04 21:16:00,0.0287
NQ,2015-10-05,Monday,ODR,4277.75,4253.98,23.770000000000437,4279.98,4253.98,26.0,True,LONG,2015-10-05 05:40:00,4281.0,True,False,,0.7783,0.0,0.7783,4296.25,2015-10-05 07:29:00,0.0,4280.25,2015-10-05 05:51:00,True,2015-10-05 05:59:00,0.0,0.0,False,,,
NQ,2015-10-05,Monday,RDR,4304.23,4280.48,23.75,4305.73,4278.98,26.75,True,LONG,2015-10-05 13:10:00,4308.23,True,False,,1.0632,0.0,1.0632,4329.48,2015-10-05 14:33:00,0.0,4308.0,2015-10-05 13:15:00,True,2015-10-05 13:46:00,0.0,0.0,False,,,
NQ,2015-10-06,Tuesday,ADR,4309.75,4302.25,7.5,4311.5,4301.73,9.770000000000437,True,SHORT,2015-10-05 21:35:00,4300.75,True,True,True,0.0,1.5,1.5,4291.0,2015-10-06 01:55:00,0.2307,4303.98,2015-10-06 00:52:00,True,2015-10-05 21:43:00,0.2307,0.2307,True,4302.73,2015-10-05 22:13:00,0.064
NQ,2015-10-06,Tuesday,ODR,4295.75,4285.0,10.75,4297.23,4284.0,13.229999999999563,True,LONG,2015-10-06 04:30:00,4298.0,True,True,True,0.7191,0.2791,0.7191,4303.48,2015-10-06 05:21:00,0.3023,4292.5,2015-10-06 07:08:00,True,2015-10-06 04:46:00,0.0,0.3023,True,4295.73,2015-10-06 05:57:00,0.0019
NQ,2015-10-06,Tuesday,RDR,4320.48,4289.98,30.5,4321.98,4288.73,33.25,True,SHORT,2015-10-06 10:55:00,4287.5,True,True,False,0.0,0.877,0.877,4263.23,2015-10-06 12:41:00,0.4508,4303.73,2015-10-06 14:40:00,True,2015-10-06 11:44:00,0.2131,0.4508,True,4291.98,2015-10-06 11:01:00,0.0656
NQ,2015-10-07,Wednesday,ADR,4283.0,4279.5,3.5,4283.73,4278.25,5.479999999999563,True,LONG,2015-10-06 21:35:00,4287.5,True,True,True,6.6429,0.3571,6.6429,4306.25,2015-10-07 01:44:00,1.3571,4278.25,2015-10-06 23:01:00,True,2015-10-06 21:40:00,1.3571,1.3571,True,4280.5,2015-10-06 23:00:00,0.7143
NQ,2015-10-07,Wednesday,ODR,4328.5,4308.75,19.75,4329.98,4307.0,22.979999999999563,True,LONG,2015-10-07 04:20:00,4330.48,True,True,False,0.2278,0.0,0.2278,4333.0,2015-10-07 04:31:00,0.8228,4312.25,2015-10-07 06:31:00,False,,0.0,,True,4328.23,2015-10-07 04:36:00,0.0137
NQ,2015-10-07,Wednesday,RDR,4327.48,4311.0,16.479999999999563,4332.75,4308.23,24.520000000000437,True,SHORT,2015-10-07 10:40:00,4302.5,True,True,False,0.0,2.5953,2.5953,4268.23,2015-10-07 11:30:00,0.7725,4323.73,2015-10-07 15:59:00,True,2015-10-07 10:45:00,0.0,0.7725,True,4312.98,2015-10-07 13:44:00,0.1201
NQ,2015-10-08,Thursday,ADR,4327.0,4320.5,6.5,4327.5,4319.98,7.520000000000437,True,SHORT,2015-10-07 20:55:00,4319.23,True,True,True,0.0,4.3462,4.3462,4292.25,2015-10-08 01:59:00,0.1892,4321.73,2015-10-07 21:15:00,True,2015-10-07 21:19:00,0.1892,0.0,True,4321.23,2015-10-07 21:09:00,0.1123
NQ,2015-10-08,Thursday,ODR,4300.25,4288.0,12.25,4302.75,4287.75,15.0,True,LONG,2015-10-08 04:00:00,4303.5,True,True,True,1.1004,0.0,1.1004,4313.73,2015-10-08 07:36:00,0.9812,4288.23,2015-10-08 05:02:00,True,2015-10-08 04:13:00,0.9812,0.9812,True,4299.25,2015-10-08 04:17:00,0.0816
NQ,2015-10-08,Thursday,RDR,4306.98,4287.5,19.479999999999563,4309.48,4284.23,25.25,True,SHORT,2015-10-08 11:05:00,4280.73,False,True,False,2.1047,1.1561,1.1561,4264.98,2015-10-08 12:50:00,3.1047,4347.98,2015-10-08 15:17:00,True,2015-10-08 11:13:00,0.4363,3.1047,True,4288.23,2015-10-08 11:33:00,0.0375
NQ,2015-10-09,Friday,ADR,4344.25,4339.5,4.75,4344.75,4339.0,5.75,True,SHORT,2015-10-08 21:15:00,4336.75,False,True,False,2.7895,0.8421,0.7368,4336.0,2015-10-08 21:20:00,3.7895,4357.5,2015-10-09 01:28:00,True,2015-10-08 21:20:00,0.0,3.7895,True,4340.23,2015-10-08 21:26:00,0.1537
NQ,2015-10-09,Friday,ODR,4349.0,4327.25,21.75,4349.0,4325.25,23.75,True,LONG,2015-10-09 08:05:00,4350.0,True,True,True,0.2299,0.1274,0.2299,4354.0,2015-10-09 08:23:00,0.0239,4348.48,2015-10-09 08:19:00,False,,0.0239,,True,4348.73,2015-10-09 08:18:00,0.0124
NQ,2015-10-09,Friday,RDR,4351.23,4337.23,14.0,4355.98,4331.23,24.75,True,LONG,2015-10-09 10:30:00,4356.25,True,True,True,1.2857,0.0,1.2857,4369.23,2015-10-09 11:16:00,0.8379,4339.5,2015-10-09 13:10:00,True,2015-10-09 10:35:00,0.0,0.8379,True,4350.23,2015-10-09 11:43:00,0.0714
NQ,2015-10-12,Monday,ADR,4352.0,4346.5,5.5,4352.25,4346.25,6.0,True,LONG,2015-10-11 21:40:00,4352.5,True,True,True,1.6364,0.0491,1.6364,4361.0,2015-10-12 01:16:00,0.1364,4351.25,2015-10-11 21:47:00,True,2015-10-11 22:00:00,0.1364,0.0,True,4351.5,2015-10-11 21:45:00,0.0909
NQ,2015-10-12,Monday,ODR,4369.25,4357.75,11.5,4371.25,4357.0,14.25,True,SHORT,2015-10-12 05:10:00,4354.0,True,True,False,0.0,0.587,0.587,4351.0,2015-10-12 05:41:00,0.6957,4365.75,2015-10-12 08:29:00,True,2015-10-12 05:19:00,0.0,0.6957,True,4358.23,2015-10-12 05:56:00,0.0417
NQ,2015-10-12,Monday,RDR,4369.73,4354.73,15.0,4374.48,4353.23,21.25,True,LONG,2015-10-12 11:40:00,4376.98,True,True,True,0.6513,0.0,0.5833,4378.48,2015-10-12 11:45:00,0.5167,4361.98,2015-10-12 13:17:00,True,2015-10-12 11:45:00,0.0,0.5167,True,4367.73,2015-10-12 12:49:00,0.1333
NQ,2015-10-13,Tuesday,ADR,4377.0,4372.0,5.0,4377.0,4372.0,5.0,True,LONG,2015-10-12 20:30:00,4377.23,False,True,False,0.246,1.85,0.096,4377.48,2015-10-12 20:36:00,2.85,4362.75,2015-10-12 22:52:00,False,,0.054,,True,4376.98,2015-10-12 20:35:00,0.004
NQ,2015-10-13,Tuesday,ODR,4370.73,4351.75,18.979999999999563,4372.0,4350.23,21.770000000000437,True,SHORT,2015-10-13 04:15:00,4346.0,True,True,True,0.0,0.6322,0.6322,4339.75,2015-10-13 04:31:00,0.1976,4355.5,2015-10-13 07:08:00,True,2015-10-13 04:31:00,0.0,0.1976,True,4352.23,2015-10-13 06:32:00,0.0253
NQ,2015-10-13,Tuesday,RDR,4377.75,4346.5,31.25,4379.0,4342.25,36.75,True,LONG,2015-10-13 10:55:00,4386.5,False,True,False,0.4074,0.2406,0.4074,4390.48,2015-10-13 11:08:00,1.2406,4338.98,2015-10-13 15:43:00,False,,0.0,,True,4377.48,2015-10-13 11:26:00,0.0086
NQ,2015-10-14,Wednesday,ADR,4337.25,4334.0,3.25,4338.73,4334.0,4.729999999999563,True,SHORT,2015-10-13 20:30:00,4331.0,False,True,True,0.9231,2.5385,2.5385,4325.75,2015-10-13 21:23:00,1.9231,4340.25,2015-10-13 23:39:00,True,2015-10-13 20:35:00,0.0,1.9231,True,4334.73,2015-10-13 22:54:00,0.2246
NQ,2015-10-14,Wednesday,ODR,4332.98,4322.75,10.229999999999563,4334.75,4320.98,13.770000000000437,True,LONG,2015-10-14 04:00:00,4338.0,True,True,True,1.6862,0.0,1.6862,4350.23,2015-10-14 08:23:00,0.8553,4324.23,2015-10-14 04:50:00,True,2015-10-14 04:05:00,0.8553,0.8553,True,4332.5,2015-10-14 04:34:00,0.0469
NQ,2015-10-14,Wednesday,RDR,4360.5,4327.98,32.52000000000044,4363.73,4324.73,39.0,True,SHORT,2015-10-14 10:35:00,4323.48,False,True,False,0.1384,0.2921,0.2921,4318.48,2015-10-14 10:51:00,1.1384,4365.0,2015-10-14 12:55:00,False,,0.0,,True,4328.48,2015-10-14 10:58:00,0.0154
NQ,2015-10-15,Thursday,ADR,4345.25,4339.5,5.75,4346.0,4339.5,6.5,True,LONG,2015-10-14 20:30:00,4346.75,True,False,,2.6087,0.0,2.6087,4360.25,2015-10-14 22:18:00,0.0,4346.25,2015-10-14 20:43:00,True,2015-10-14 20:37:00,0.0,0.0,False,,,
NQ,2015-10-15,Thursday,ODR,4364.5,4351.73,12.770000000000437,4365.5,4348.25,17.25,True,LONG,2015-10-15 05:55:00,4365.73,True,True,False,0.1551,0.0,0.0783,4365.5,2015-10-15 06:00:00,0.7048,4355.5,2015-10-15 07:07:00,False,,0.0392,,True,4364.0,2015-10-15 06:00:00,0.0392
NQ,2015-10-15,Thursday,RDR,4371.5,4352.73,18.770000000000437,4375.73,4348.25,27.479999999999563,True,LONG,2015-10-15 10:45:00,4376.23,False,True,True,1.9313,0.3197,1.9313,4407.75,2015-10-15 15:54:00,1.3197,4346.73,2015-10-15 11:56:00,True,2015-10-15 13:25:00,1.3197,0.0,True,4370.73,2015-10-15 11:00:00,0.041
NQ,2015-10-16,Friday,ADR,4420.75,4417.0,3.75,4421.25,4417.0,4.25,True,SHORT,2015-10-15 20:35:00,4414.5,True,True,True,0.0,2.4,2.4,4408.0,2015-10-16 01:49:00,0.1333,4417.5,2015-10-15 21:36:00,True,2015-10-15 20:40:00,0.1333,0.1333,True,4417.0,2015-10-15 21:07:00,0.0
NQ,2015-10-16,Friday,ODR,4418.5,4407.5,11.0,4419.5,4406.0,13.5,True,LONG,2015-10-16 04:15:00,4420.0,True,True,False,0.7027,0.0,0.7027,4426.23,2015-10-16 04:44:00,0.9773,4407.75,2015-10-16 07:19:00,True,2015-10-16 04:36:00,0.0,0.9773,True,4417.98,2015-10-16 06:26:00,0.0473
NQ,2015-10-16,Friday,RDR,4417.0,4405.23,11.770000000000437,4419.0,4402.98,16.020000000000437,True,LONG,2015-10-16 10:50:00,4419.48,False,True,True,1.0603,0.7842,1.0603,4429.48,2015-10-16 15:56:00,1.7842,4396.0,2015-10-16 14:05:00,True,2015-10-16 11:17:00,1.7842,1.7842,True,4416.98,2015-10-16 10:56:00,0.0017
NQ,2015-10-19,Monday,ADR,4432.98,4426.75,6.229999999999563,4432.98,4426.48,6.5,True,SHORT,2015-10-18 21:00:00,4426.25,True,True,True,0.0,1.0032,1.0032,4420.5,2015-10-18 21:48:00,0.8395,4431.98,2015-10-18 22:00:00,True,2015-10-18 21:16:00,0.0,0.8395,True,4426.75,2015-10-18 21:08:00,0.0
NQ,2015-10-19,Monday,ODR,4440.5,4423.75,16.75,4443.25,4423.75,19.5,True,SHORT,2015-10-19 07:40:00,4423.48,True,True,True,0.0,0.2687,0.2687,4419.25,2015-10-19 08:24:00,0.1343,4426.0,2015-10-19 07:51:00,False,,0.1343,,True,4424.23,2015-10-19 07:45:00,0.0287
NQ,2015-10-19,Monday,RDR,4440.25,4413.75,26.5,4441.23,4411.0,30.229999999999563,True,LONG,2015-10-19 11:10:00,4442.48,True,True,True,0.5464,0.0,0.5464,4454.73,2015-10-19 11:51:00,0.6611,4422.73,2015-10-19 13:36:00,True,2015-10-19 11:50:00,0.0,0.6611,True,4438.5,2015-10-19 13:14:00,0.066
NQ,2015-10-20,Tuesday,ADR,4451.25,4448.0,3.25,4451.75,4447.5,4.25,True,SHORT,2015-10-19 20:35:00,4447.25,False,True,True,0.1477,0.6154,0.6154,4446.0,2015-10-19 21:32:00,1.1477,4451.73,2015-10-20 00:35:00,True,2015-10-19 21:32:00,0.7631,1.1477,True,4448.5,2015-10-19 20:41:00,0.1538
NQ,2015-10-20,Tuesday,ODR,4454.25,4449.25,5.0,4455.5,4448.98,6.520000000000437,True,SHORT,2015-10-20 04:10:00,4445.0,True,True,True,0.096,2.254,2.254,4437.98,2015-10-20 05:01:00,0.4,4451.25,2015-10-20 08:05:00,True,2015-10-20 04:15:00,0.0,0.4,True,4450.23,2015-10-20 08:01:00,0.196
NQ,2015-10-20,Tuesday,RDR,4451.25,4434.48,16.770000000000437,4453.25,4432.98,20.270000000000437,True,SHORT,2015-10-20 12:00:00,4432.25,True,True,True,0.1032,1.2075,1.2075,4414.23,2015-10-20 13:50:00,0.328,4439.98,2015-10-20 12:11:00,True,2015-10-20 12:36:00,0.328,0.1205,True,4435.23,2015-10-20 12:05:00,0.0447
NQ,2015-10-21,Wednesday,ADR,4431.0,4421.5,9.5,4433.25,4420.75,12.5,True,LONG,2015-10-20 23:05:00,4433.73,True,False,,2.34,0.0,2.34,4453.23,2015-10-21 01:42:00,0.0,4431.73,2015-10-20 23:17:00,True,2015-10-20 23:44:00,0.0,0.0,False,,,
NQ,2015-10-21,Wednesday,ODR,4438.25,4425.25,13.0,4441.0,4424.5,16.5,True,LONG,2015-10-21 05:20:00,4441.98,True,False,,1.0562,0.2308,1.0562,4451.98,2015-10-21 08:03:00,0.0,4438.75,2015-10-21 05:52:00,True,2015-10-21 06:12:00,0.0,0.0,False,,,
NQ,2015-10-21,Wednesday,RDR,4453.25,4421.48,31.770000000000437,4455.98,4418.98,37.0,True,SHORT,2015-10-21 13:15:00,4412.0,True,True,True,0.0,0.661,0.661,4400.48,2015-10-21 15:56:00,0.4249,4434.98,2015-10-21 14:40:00,True,2015-10-21 13:28:00,0.4249,0.4249,True,4421.48,2015-10-21 14:30:00,0.0
NQ,2015-10-22,Thursday,ADR,4411.23,4403.25,7.979999999999563,4411.48,4402.25,9.229999999999563,True,LONG,2015-10-21 20:30:00,4412.0,True,True,True,1.1303,0.0,1.1303,4420.25,2015-10-21 22:56:00,0.282,4408.98,2015-10-22 00:51:00,True,2015-10-21 20:37:00,0.0288,0.282,True,4411.23,2015-10-21 21:04:00,0.0
NQ,2015-10-22,Thursday,ODR,4417.5,4411.75,5.75,4418.73,4411.0,7.729999999999563,True,SHORT,2015-10-22 04:15:00,4410.25,False,True,False,1.1704,0.3478,0.2643,4410.23,2015-10-22 04:22:00,2.1704,4424.23,2015-10-22 08:08:00,False,,0.04,,True,4411.75,2015-10-22 04:21:00,0.0
NQ,2015-10-22,Thursday,RDR,4466.48,4437.5,28.979999999999563,4468.73,4429.23,39.5,True,LONG,2015-10-22 10:45:00,4474.23,True,False,,1.0266,0.0,1.0266,4496.23,2015-10-22 12:43:00,0.0,4466.73,2015-10-22 14:20:00,True,2015-10-22 11:09:00,0.0,0.0,False,,,
NQ,2015-10-23,Friday,ADR,4577.0,4574.23,2.7700000000004366,4577.5,4572.98,4.520000000000437,True,LONG,2015-10-22 20:50:00,4578.0,False,True,False,0.6245,2.3466,0.6245,4578.73,2015-10-22 20:58:00,3.3466,4567.73,2015-10-22 23:03:00,True,2015-10-22 20:57:00,0.0,3.3466,True,4576.5,2015-10-22 21:19:00,0.1805
NQ,2015-10-23,Friday,ODR,4569.98,4564.75,5.229999999999563,4572.0,4564.73,7.270000000000437,True,LONG,2015-10-23 04:20:00,4572.5,True,True,True,10.9503,0.0,10.9503,4627.25,2015-10-23 07:28:00,0.0,4569.98,2015-10-23 04:38:00,True,2015-10-23 04:25:00,0.0,0.0,True,4569.98,2015-10-23 04:38:00,0.0
NQ,2015-10-23,Friday,RDR,4617.25,4591.98,25.270000000000437,4620.73,4590.73,30.0,True,LONG,2015-10-23 13:45:00,4623.75,True,True,True,0.7907,0.108,0.7907,4637.23,2015-10-23 14:53:00,0.1484,4613.5,2015-10-23 15:28:00,True,2015-10-23 14:23:00,0.0,0.1484,True,4614.48,2015-10-23 15:26:00,0.1096
NQ,2015-10-26,Monday,ADR,4611.75,4604.73,7.020000000000437,4611.75,4603.75,8.0,True,LONG,2015-10-25 20:45:00,4612.0,False,True,False,0.1425,0.5313,0.1425,4612.75,2015-10-25 21:03:00,1.5313,4601.0,2015-10-26 01:44:00,False,,0.2165,,True,4611.23,2015-10-25 20:50:00,0.0741
NQ,2015-10-26,Monday,ODR,4604.0,4599.75,4.25,4605.25,4598.25,7.0,True,SHORT,2015-10-26 04:05:00,4597.0,False,True,False,0.6424,1.7106,1.7106,4592.48,2015-10-26 04:31:00,1.6424,4606.73,2015-10-26 08:20:00,True,2015-10-26 04:10:00,0.0588,1.6424,True,4599.98,2015-10-26 04:13:00,0.0541
NQ,2015-10-26,Monday,RDR,4614.75,4598.25,16.5,4615.0,4597.48,17.520000000000437,True,LONG,2015-10-26 10:40:00,4618.0,True,True,True,0.9079,0.0,0.9079,4629.73,2015-10-26 13:25:00,0.3042,4609.73,2015-10-26 12:07:00,True,2015-10-26 10:47:00,0.3042,0.3042,True,4614.73,2015-10-26 11:24:00,0.0012
NQ,2015-10-27,Tuesday,ADR,4618.25,4613.73,4.520000000000437,4618.25,4613.0,5.25,True,SHORT,2015-10-26 22:05:00,4612.75,True,False,,0.0,2.8164,2.8164,4601.0,2015-10-27 00:31:00,0.0,4612.75,2015-10-26 22:10:00,True,2015-10-26 22:12:00,0.0,0.0,False,,,
NQ,2015-10-27,Tuesday,ODR,4612.73,4609.25,3.4799999999995634,4613.48,4608.73,4.75,True,SHORT,2015-10-27 04:00:00,4607.0,False,True,False,1.3649,1.8017,1.8017,4602.98,2015-10-27 04:44:00,2.3649,4617.48,2015-10-27 07:57:00,True,2015-10-27 04:05:00,0.0,2.3649,True,4609.75,2015-10-27 05:03:00,0.1437
NQ,2015-10-27,Tuesday,RDR,4627.98,4608.75,19.229999999999563,4628.73,4607.73,21.0,True,LONG,2015-10-27 11:00:00,4635.25,True,True,True,0.481,0.0,0.481,4637.23,2015-10-27 11:06:00,0.793,4612.73,2015-10-27 13:26:00,False,,0.0,,True,4627.25,2015-10-27 11:22:00,0.038
NQ,2015-10-28,Wednesday,ADR,4634.73,4628.25,6.479999999999563,4635.73,4628.25,7.479999999999563,True,LONG,2015-10-27 21:10:00,4636.0,True,True,True,1.1219,0.0,1.1219,4642.0,2015-10-27 22:00:00,0.0772,4634.23,2015-10-27 21:16:00,True,2015-10-27 21:35:00,0.0772,0.0,True,4634.23,2015-10-27 21:16:00,0.0772
NQ,2015-10-28,Wednesday,ODR,4639.75,4636.75,3.0,4640.73,4636.73,4.0,True,LONG,2015-10-28 04:25:00,4642.25,True,True,True,3.3267,0.5833,3.3267,4649.73,2015-10-28 05:53:00,0.1733,4639.23,2015-10-28 08:25:00,True,2015-10-28 04:30:00,0.0,0.1733,True,4639.23,2015-10-28 08:25:00,0.1733
NQ,2015-10-28,Wednesday,RDR,4637.5,4616.98,20.520000000000437,4641.48,4616.75,24.729999999999563,True,LONG,2015-10-28 11:40:00,4641.98,False,True,True,1.5595,0.7797,1.5595,4669.5,2015-10-28 15:59:00,1.7797,4600.98,2015-10-28 14:17:00,True,2015-10-28 12:05:00,1.7797,1.7797,True,4634.5,2015-10-28 14:01:00,0.1462
NQ,2015-10-29,Thursday,ADR,4668.23,4664.0,4.229999999999563,4668.23,4663.75,4.479999999999563,True,SHORT,2015-10-28 21:45:00,4663.25,True,False,,0.0,2.9007,2.9007,4651.73,2015-10-29 00:26:00,0.0,4663.98,2015-10-28 22:11:00,True,2015-10-28 21:53:00,0.0,0.0,False,,,
NQ,2015-10-29,Thursday,ODR,4658.5,4653.98,4.520000000000437,4659.73,4653.0,6.729999999999563,True,SHORT,2015-10-29 04:05:00,4651.98,True,True,True,0.0,2.5398,2.5398,4642.5,2015-10-29 08:13:00,0.0,4653.98,2015-10-29 06:37:00,True,2015-10-29 04:10:00,0.0,0.0,True,4653.98,2015-10-29 06:37:00,0.0
NQ,2015-10-29,Thursday,RDR,4658.5,4646.25,12.25,4659.25,4643.98,15.270000000000437,True,LONG,2015-10-29 11:30:00,4659.73,True,True,True,0.9371,0.0,0.9371,4669.98,2015-10-29 15:44:00,0.5118,4652.23,2015-10-29 12:14:00,True,2015-10-29 12:46:00,0.5118,0.4506,True,4658.23,2015-10-29 11:35:00,0.022
NQ,2015-10-30,Friday,ADR,4673.0,4665.75,7.25,4674.25,4665.23,9.020000000000437,True,LONG,2015-10-29 20:50:00,4674.98,True,True,True,2.3448,0.0,2.3448,4690.0,2015-10-30 01:01:00,0.0345,4672.75,2015-10-29 21:52:00,True,2015-10-29 21:56:00,0.0345,0.0,True,4672.98,2015-10-29 21:51:00,0.0028
NQ,2015-10-30,Friday,ODR,4688.0,4679.25,8.75,4689.5,4679.25,10.25,True,SHORT,2015-10-30 04:20:00,4679.23,True,True,True,0.0,1.9451,1.9451,4662.23,2015-10-30 06:43:00,0.2286,4681.25,2015-10-30 04:44:00,True,2015-10-30 05:09:00,0.2286,0.0,True,4679.48,2015-10-30 04:25:00,0.0263
NQ,2015-10-30,Friday,RDR,4669.73,4661.48,8.25,4672.0,4658.23,13.770000000000437,True,SHORT,2015-10-30 11:15:00,4656.23,False,True,True,0.2424,2.5152,2.5152,4640.73,2015-10-30 15:59:00,1.2424,4671.73,2015-10-30 13:05:00,True,2015-10-30 11:20:00,1.2424,1.2424,True,4662.23,2015-10-30 11:52:00,0.0909
NQ,2015-11-02,Monday,ADR,4634.5,4628.5,6.0,4635.23,4628.5,6.729999999999563,True,SHORT,2015-11-01 20:40:00,4627.5,True,True,True,0.2467,0.5033,0.5033,4625.48,2015-11-02 00:30:00,1.2467,4635.98,2015-11-01 20:45:00,True,2015-11-01 23:45:00,1.2467,0.2917,True,4635.98,2015-11-01 20:45:00,1.0
NQ,2015-11-02,Monday,ODR,4637.0,4629.23,7.770000000000437,4638.25,4626.0,12.25,True,LONG,2015-11-02 04:15:00,4641.23,True,False,,1.9601,0.0,1.9601,4652.23,2015-11-02 08:23:00,0.0,4640.98,2015-11-02 04:20:00,True,2015-11-02 04:20:00,0.0,0.0,False,,,
NQ,2015-11-02,Monday,RDR,4670.75,4647.5,23.25,4673.23,4644.0,29.229999999999563,True,LONG,2015-11-02 11:05:00,4676.35,True,False,,1.2249,0.0,1.2249,4699.23,2015-11-02 15:43:00,0.0,4673.23,2015-11-02 11:51:00,True,2015-11-02 12:59:00,0.0,0.0,False,,,
NQ,2015-11-03,Tuesday,ADR,4698.48,4694.5,3.9799999999995634,4698.73,4694.48,4.25,True,SHORT,2015-11-02 22:05:00,4693.0,True,False,,0.0,1.3869,1.3869,4688.98,2015-11-03 01:09:00,0.0,4694.25,2015-11-03 00:07:00,True,2015-11-02 22:22:00,0.0,0.0,False,,,
NQ,2015-11-03,Tuesday,ODR,4689.98,4685.48,4.5,4691.75,4684.48,7.270000000000437,True,SHORT,2015-11-03 06:00:00,4683.73,True,True,True,0.0,1.8889,1.8889,4676.98,2015-11-03 08:14:00,0.0,4685.48,2015-11-03 06:55:00,True,2015-11-03 06:06:00,0.0,0.0,True,4685.48,2015-11-03 06:55:00,0.0
NQ,2015-11-03,Tuesday,RDR,4692.75,4678.75,14.0,4694.73,4677.48,17.25,True,LONG,2015-11-03 10:30:00,4695.73,True,True,True,2.4629,0.0,2.4629,4727.23,2015-11-03 14:30:00,0.2871,4688.73,2015-11-03 11:04:00,True,2015-11-03 11:34:00,0.2871,0.0,True,4692.73,2015-11-03 10:38:00,0.0014
NQ,2015-11-04,Wednesday,ADR,4714.25,4708.48,5.770000000000437,4715.73,4707.98,7.75,True,LONG,2015-11-03 20:45:00,4717.48,True,True,True,2.3795,0.0,2.3795,4727.98,2015-11-03 21:41:00,0.26,4712.75,2015-11-04 00:41:00,True,2015-11-03 20:50:00,0.0,0.26,True,4714.25,2015-11-04 00:23:00,0.0
NQ,2015-11-04,Wednesday,ODR,4721.75,4712.75,9.0,4722.73,4712.25,10.479999999999563,True,LONG,2015-11-04 04:00:00,4723.98,True,True,True,0.6367,0.0,0.6367,4727.48,2015-11-04 08:19:00,0.7244,4715.23,2015-11-04 05:20:00,True,2015-11-04 08:18:00,0.7244,0.0,True,4721.5,2015-11-04 04:18:00,0.0278
NQ,2015-11-04,Wednesday,RDR,4725.75,4705.48,20.270000000000437,4729.23,4703.23,26.0,True,SHORT,2015-11-04 10:55:00,4700.48,True,True,False,0.0,0.703,0.703,4691.23,2015-11-04 11:10:00,0.666,4718.98,2015-11-04 14:36:00,True,2015-11-04 11:06:00,0.0,0.666,True,4705.98,2015-11-04 11:52:00,0.0247
NQ,2015-11-05,Thursday,ADR,4707.25,4701.5,5.75,4707.73,4700.73,7.0,True,LONG,2015-11-04 21:10:00,4709.75,True,True,True,1.127,0.047,1.127,4713.73,2015-11-05 01:12:00,0.6122,4703.73,2015-11-04 21:59:00,True,2015-11-04 21:15:00,0.6122,0.6122,True,4706.73,2015-11-04 21:29:00,0.0904
NQ,2015-11-05,Thursday,ODR,4711.73,4700.75,10.979999999999563,4713.5,4700.73,12.770000000000437,True,LONG,2015-11-05 05:20:00,4713.73,True,False,,1.4117,0.0,1.4117,4727.23,2015-11-05 07:36:00,0.0,4713.75,2015-11-05 05:25:00,True,2015-11-05 05:30:00,0.0,0.0,False,,,
NQ,2015-11-05,Thursday,RDR,4723.25,4684.98,38.27000000000044,4726.23,4683.73,42.5,True,SHORT,2015-11-05 10:30:00,4679.98,True,True,False,0.0,0.3005,0.3005,4673.48,2015-11-05 10:48:00,0.4899,4703.73,2015-11-05 13:05:00,False,,0.0523,,True,4686.48,2015-11-05 10:36:00,0.0392
NQ,2015-11-06,Friday,ADR,4696.23,4693.0,3.2299999999995634,4696.23,4692.5,3.7299999999995634,True,SHORT,2015-11-05 20:30:00,4692.48,False,True,False,0.9288,0.7028,0.7028,4690.73,2015-11-05 23:24:00,1.9288,4699.23,2015-11-06 00:20:00,True,2015-11-05 23:05:00,0.6192,1.9288,True,4693.25,2015-11-05 20:38:00,0.0774
NQ,2015-11-06,Friday,ODR,4696.75,4692.25,4.5,4697.48,4690.73,6.75,True,LONG,2015-11-06 05:55:00,4697.73,True,True,True,2.44,0.0,2.44,4707.73,2015-11-06 08:07:00,0.4489,4694.73,2015-11-06 06:33:00,True,2015-11-06 07:09:00,0.4489,0.0,True,4696.48,2015-11-06 06:01:00,0.06
NQ,2015-11-06,Friday,RDR,4695.48,4669.0,26.479999999999563,4703.98,4658.98,45.0,False,,,,,,,0.4248,0.0,,,,,,,False,,,,False,,,
NQ,2015-11-09,Monday,ADR,4702.0,4699.75,2.25,4702.23,4699.48,2.75,True,LONG,2015-11-08 20:30:00,4702.25,True,True,True,4.7689,0.0,4.7689,4712.73,2015-11-08 21:44:00,0.0089,4701.98,2015-11-08 20:35:00,True,2015-11-08 20:39:00,0.0089,0.0,True,4701.98,2015-11-08 20:35:00,0.0089
NQ,2015-11-09,Monday,ODR,4699.48,4691.0,8.479999999999563,4702.5,4688.73,13.770000000000437,True,SHORT,2015-11-09 07:20:00,4688.5,True,False,,0.0,0.9139,0.9139,4683.25,2015-11-09 08:05:00,0.0,4688.73,2015-11-09 07:25:00,True,2015-11-09 07:29:00,0.0,0.0,False,,,
NQ,2015-11-09,Monday,RDR,4688.98,4655.5,33.47999999999956,4689.48,4653.23,36.25,True,SHORT,2015-11-09 11:05:00,4643.48,True,True,True,0.0,1.0012,1.0012,4621.98,2015-11-09 12:03:00,0.0741,4657.98,2015-11-09 15:50:00,True,2015-11-09 11:13:00,0.0,0.0741,True,4656.48,2015-11-09 15:47:00,0.0293
NQ,2015-11-10,Tuesday,ADR,4652.0,4645.73,6.270000000000437,4652.25,4645.0,7.25,True,LONG,2015-11-09 20:40:00,4652.75,True,True,True,1.5949,0.0,1.5949,4662.0,2015-11-09 23:17:00,0.2791,4650.25,2015-11-09 21:31:00,True,2015-11-09 22:00:00,0.2791,0.0,True,4652.0,2015-11-09 20:45:00,0.0
NQ,2015-11-10,Tuesday,ODR,4658.75,4650.73,8.020000000000437,4661.23,4648.98,12.25,True,SHORT,2015-11-10 04:15:00,4642.98,True,False,,0.0,3.3017,3.3017,4624.25,2015-11-10 07:49:00,0.0,4648.48,2015-11-10 06:49:00,True,2015-11-10 04:20:00,0.0,0.0,False,,,
NQ,2015-11-10,Tuesday,RDR,4631.25,4615.73,15.520000000000437,4635.48,4612.48,23.0,True,LONG,2015-11-10 14:40:00,4637.48,True,True,True,0.7719,0.0,0.7719,4643.23,2015-11-10 14:50:00,0.2429,4627.48,2015-11-10 15:56:00,True,2015-11-10 14:45:00,0.0,0.2429,True,4630.73,2015-11-10 15:53:00,0.0335
NQ,2015-11-11,Wednesday,ADR,4640.23,4638.48,1.75,4641.5,4638.25,3.25,True,SHORT,2015-11-10 20:35:00,4638.0,False,True,False,4.5714,1.2743,1.2743,4636.25,2015-11-10 21:10:00,5.5714,4648.23,2015-11-10 23:58:00,True,2015-11-10 21:08:00,1.5714,5.5714,True,4638.73,2015-11-10 20:40:00,0.1429
NQ,2015-11-11,Wednesday,ODR,4654.48,4643.5,10.979999999999563,4655.0,4641.0,14.0,True,LONG,2015-11-11 04:00:00,4656.98,True,True,True,0.6603,0.0,0.6603,4661.73,2015-11-11 07:57:00,0.4536,4649.5,2015-11-11 06:03:00,True,2015-11-11 07:42:00,0.4536,0.0,True,4653.98,2015-11-11 04:28:00,0.0455
NQ,2015-11-11,Wednesday,RDR,4651.48,4629.23,22.25,4652.0,4628.23,23.770000000000437,True,LONG,2015-11-11 12:10:00,4658.75,True,True,False,1.0337,0.1685,1.0337,4674.48,2015-11-11 12:39:00,0.9101,4631.23,2015-11-11 15:59:00,True,2015-11-11 12:21:00,0.0,0.9101,True,4650.73,2015-11-11 13:25:00,0.0337
NQ,2015-11-12,Thursday,ADR,4638.23,4629.98,8.25,4638.25,4629.98,8.270000000000437,True,LONG,2015-11-11 20:40:00,4639.0,True,True,True,1.1515,0.0,1.1515,4647.73,2015-11-12 01:02:00,0.0885,4637.5,2015-11-11 21:36:00,True,2015-11-11 20:55:00,0.0885,0.0885,True,4638.23,2015-11-11 21:32:00,0.0
NQ,2015-11-12,Thursday,ODR,4650.98,4634.5,16.479999999999563,4652.75,4632.23,20.520000000000437,True,SHORT,2015-11-12 05:05:00,4632.0,True,True,True,0.0,1.1693,1.1693,4615.23,2015-11-12 08:22:00,0.014,4634.73,2015-11-12 06:53:00,True,2015-11-12 05:22:00,0.014,0.014,True,4634.5,2015-11-12 06:48:00,0.0
NQ,2015-11-12,Thursday,RDR,4629.48,4606.73,22.75,4630.73,4604.5,26.229999999999563,True,LONG,2015-11-12 10:55:00,4632.5,False,True,False,0.3297,0.9451,0.3297,4636.98,2015-11-12 11:09:00,1.9451,4585.23,2015-11-12 15:57:00,False,,0.0,,True,4629.48,2015-11-12 11:03:00,0.0
NQ,2015-11-13,Friday,ADR,4588.75,4583.5,5.25,4589.48,4582.98,6.5,True,LONG,2015-11-12 20:45:00,4589.75,False,True,False,0.2857,0.9086,0.2857,4590.25,2015-11-12 20:54:00,1.9086,4578.73,2015-11-12 23:52:00,False,,0.0514,,True,4588.75,2015-11-12 20:51:00,0.0
NQ,2015-11-13,Friday,ODR,4589.5,4579.73,9.770000000000437,4590.23,4579.25,10.979999999999563,True,SHORT,2015-11-13 04:35:00,4576.5,True,True,True,0.0,1.5589,1.5589,4564.5,2015-11-13 06:36:00,0.3603,4583.25,2015-11-13 05:06:00,True,2015-11-13 06:10:00,0.3603,0.0,True,4579.73,2015-11-13 04:52:00,0.0
NQ,2015-11-13,Friday,RDR,4572.25,4531.98,40.27000000000044,4574.25,4529.98,44.27000000000044,True,SHORT,2015-11-13 11:10:00,4527.25,True,True,True,0.0,0.9002,0.9002,4495.73,2015-11-13 15:59:00,0.5215,4552.98,2015-11-13 12:21:00,True,2015-11-13 14:48:00,0.5215,0.0,True,4532.23,2015-11-13 11:21:00,0.0062
NQ,2015-11-16,Monday,ADR,4484.0,4470.75,13.25,4485.0,4470.23,14.770000000000437,True,LONG,2015-11-15 20:35:00,4486.5,True,True,False,0.2815,0.0,0.2815,4487.73,2015-11-15 20:46:00,0.566,4476.5,2015-11-15 22:54:00,False,,0.0,,True,4483.5,2015-11-15 20:53:00,0.0377
NQ,2015-11-16,Monday,ODR,4507.98,4491.48,16.5,4508.25,4490.75,17.5,True,LONG,2015-11-16 04:00:00,4508.5,True,True,False,0.5618,0.0,0.5618,4517.25,2015-11-16 04:17:00,0.5152,4499.48,2015-11-16 08:29:00,True,2015-11-16 04:17:00,0.0,0.5152,True,4507.25,2015-11-16 04:32:00,0.0442
NQ,2015-11-16,Monday,RDR,4518.98,4492.98,26.0,4522.98,4483.5,39.47999999999956,True,LONG,2015-11-16 13:10:00,4524.73,True,False,,1.7019,0.1827,1.7019,4563.23,2015-11-16 15:58:00,0.0,4524.0,2015-11-16 13:17:00,True,2015-11-16 13:20:00,0.0,0.0,False,,,
NQ,2015-11-17,Tuesday,ADR,4561.25,4557.98,3.2700000000004366,4561.98,4557.48,4.5,True,LONG,2015-11-16 20:50:00,4564.25,True,True,True,3.2875,0.0,3.2875,4572.0,2015-11-16 21:12:00,0.0765,4561.0,2015-11-17 01:00:00,True,2015-11-16 20:55:00,0.0,0.0765,True,4561.0,2015-11-17 01:00:00,0.0765
NQ,2015-11-17,Tuesday,ODR,4569.48,4552.0,17.479999999999563,4570.25,4551.73,18.520000000000437,True,LONG,2015-11-17 04:20:00,4570.73,True,False,,0.9153,0.0,0.9153,4585.48,2015-11-17 06:09:00,0.0,4569.98,2015-11-17 04:25:00,True,2015-11-17 04:39:00,0.0,0.0,False,,,
NQ,2015-11-17,Tuesday,RDR,4571.48,4561.73,9.75,4572.98,4558.48,14.5,True,LONG,2015-11-17 10:30:00,4580.23,False,True,False,2.6667,0.8718,2.6667,4597.48,2015-11-17 11:34:00,1.8718,4553.23,2015-11-17 15:11:00,True,2015-11-17 10:35:00,0.0,1.8718,True,4571.48,2015-11-17 13:31:00,0.0
NQ,2015-11-18,Wednesday,ADR,4569.25,4562.5,6.75,4569.48,4561.75,7.729999999999563,True,LONG,2015-11-17 20:35:00,4571.73,False,True,False,0.5185,0.4474,0.5185,4572.75,2015-11-17 21:52:00,1.4474,4559.48,2015-11-18 01:59:00,True,2015-11-17 21:52:00,0.3704,1.4474,True,4569.0,2015-11-17 20:54:00,0.037
NQ,2015-11-18,Wednesday,ODR,4564.5,4556.98,7.520000000000437,4564.73,4556.23,8.5,True,LONG,2015-11-18 04:10:00,4564.75,True,True,True,2.4269,0.0,2.4269,4582.75,2015-11-18 08:29:00,0.9641,4557.25,2015-11-18 05:17:00,True,2015-11-18 06:22:00,0.9641,0.0,True,4563.75,2015-11-18 04:15:00,0.0997
NQ,2015-11-18,Wednesday,RDR,4600.48,4581.73,18.75,4601.23,4578.75,22.479999999999563,True,LONG,2015-11-18 11:10:00,4604.73,True,False,,3.0,0.0,3.0,4656.73,2015-11-18 15:57:00,0.0,4601.73,2015-11-18 11:21:00,True,2015-11-18 11:43:00,0.0,0.0,False,,,
NQ,2015-11-19,Thursday,ADR,4660.75,4657.75,3.0,4661.5,4657.73,3.7700000000004366,True,LONG,2015-11-18 20:45:00,4661.75,False,True,False,1.5,2.2567,1.5,4665.25,2015-11-18 20:54:00,3.2567,4650.98,2015-11-18 22:48:00,True,2015-11-18 20:50:00,0.0,3.2567,True,4660.73,2015-11-18 21:05:00,0.0067
NQ,2015-11-19,Thursday,ODR,4667.73,4660.73,7.0,4668.75,4659.73,9.020000000000437,True,LONG,2015-11-19 04:50:00,4669.5,True,True,False,0.8571,0.0,0.8571,4673.73,2015-11-19 06:38:00,0.7829,4662.25,2015-11-19 08:17:00,True,2015-11-19 05:00:00,0.0357,0.7829,True,4667.48,2015-11-19 05:13:00,0.0357
NQ,2015-11-19,Thursday,RDR,4665.73,4647.73,18.0,4666.48,4646.73,19.75,True,LONG,2015-11-19 11:25:00,4667.23,True,True,False,0.6122,0.0,0.6122,4676.75,2015-11-19 13:14:00,0.75,4652.23,2015-11-19 15:10:00,True,2015-11-19 13:05:00,0.6806,0.75,True,4665.73,2015-11-19 11:32:00,0.0
NQ,2015-11-20,Friday,ADR,4655.75,4652.75,3.0,4656.48,4652.5,3.9799999999995634,True,LONG,2015-11-19 22:40:00,4656.5,True,True,True,2.25,0.09,2.25,4662.5,2015-11-20 01:30:00,0.09,4655.48,2015-11-20 00:00:00,True,2015-11-19 23:00:00,0.09,0.09,True,4655.48,2015-11-20 00:00:00,0.09
NQ,2015-11-20,Friday,ODR,4673.73,4662.48,11.25,4674.0,4660.98,13.020000000000437,True,SHORT,2015-11-20 04:05:00,4659.73,True,True,False,0.0018,0.4667,0.4667,4657.23,2015-11-20 04:31:00,1.0018,4673.75,2015-11-20 08:09:00,False,,0.0,,True,4662.48,2015-11-20 04:21:00,0.0
NQ,2015-11-20,Friday,RDR,4689.73,4677.23,12.5,4691.23,4673.73,17.5,False,,,,,,,0.0416,0.2984,,,,,,,False,,,,False,,,
NQ,2015-11-23,Monday,ADR,4696.23,4693.0,3.2299999999995634,4696.23,4692.48,3.75,True,SHORT,2015-11-22 20:35:00,4691.25,True,True,True,0.0,1.7028,1.7028,4687.5,2015-11-22 21:20:00,0.774,4695.5,2015-11-23 00:57:00,True,2015-11-22 20:40:00,0.0,0.774,True,4693.23,2015-11-22 22:00:00,0.0712
NQ,2015-11-23,Monday,ODR,4688.48,4680.25,8.229999999999563,4689.75,4678.75,11.0,True,SHORT,2015-11-23 06:15:00,4677.75,False,True,False,0.853,0.5492,0.5492,4675.73,2015-11-23 06:31:00,1.853,4695.5,2015-11-23 07:27:00,True,2015-11-23 06:29:00,0.0,1.853,True,4680.98,2015-11-23 06:43:00,0.0887
NQ,2015-11-23,Monday,RDR,4704.5,4684.98,19.520000000000437,4706.25,4682.23,24.020000000000437,True,SHORT,2015-11-23 13:55:00,4675.48,True,False,,0.0,1.6009,1.6009,4653.73,2015-11-23 14:39:00,0.0,4677.73,2015-11-23 15:31:00,True,2015-11-23 14:00:00,0.0,0.0,False,,,
NQ,2015-11-24,Tuesday,ADR,4678.25,4673.5,4.75,4678.48,4673.5,4.979999999999563,True,SHORT,2015-11-23 20:45:00,4673.0,True,True,False,0.0,0.7937,0.7937,4669.73,2015-11-23 22:36:00,0.8421,4677.5,2015-11-24 01:33:00,True,2015-11-23 21:41:00,0.2105,0.8421,True,4673.75,2015-11-23 21:01:00,0.0526
NQ,2015-11-24,Tuesday,ODR,4679.75,4638.75,41.0,4680.73,4636.25,44.47999999999956,False,,,,,,,0.0,0.1098,,,,,,,False,,,,False,,,
NQ,2015-11-24,Tuesday,RDR,4657.98,4637.73,20.25,4660.0,4637.23,22.770000000000437,True,SHORT,2015-11-24 10:30:00,4622.48,False,True,False,1.1358,0.8765,0.8765,4619.98,2015-11-24 10:35:00,2.1358,4680.98,2015-11-24 14:08:00,True,2015-11-24 10:35:00,0.0,2.1358,True,4637.98,2015-11-24 11:11:00,0.0123
NQ,2015-11-25,Wednesday,ADR,4666.73,4659.48,7.25,4666.73,4659.25,7.479999999999563,True,LONG,2015-11-24 22:55:00,4666.75,True,True,True,0.8621,0.0,0.8621,4672.98,2015-11-25 00:45:00,0.1379,4665.73,2015-11-24 23:05:00,True,2015-11-24 23:26:00,0.1379,0.0,True,4666.5,2015-11-24 23:00:00,0.0317
NQ,2015-11-25,Wednesday,ODR,4671.75,4661.75,10.0,4673.23,4661.25,11.979999999999563,True,LONG,2015-11-25 04:00:00,4673.75,True,False,,1.223,0.0,1.223,4683.98,2015-11-25 04:37:00,0.0,4672.48,2015-11-25 07:25:00,True,2015-11-25 04:19:00,0.0,0.0,False,,,
NQ,2015-11-25,Wednesday,RDR,4679.75,4670.0,9.75,4680.98,4664.0,16.979999999999563,True,LONG,2015-11-25 10:30:00,4681.23,False,True,False,0.28,0.2585,0.28,4682.48,2015-11-25 10:36:00,1.2585,4667.48,2015-11-25 11:29:00,False,,0.0,,True,4679.48,2015-11-25 10:38:00,0.0277
NQ,2015-11-26,Thursday,ADR,4685.98,4679.0,6.979999999999563,4686.73,4678.75,7.979999999999563,True,LONG,2015-11-25 22:30:00,4686.75,True,True,False,0.1819,0.1074,0.1819,4687.25,2015-11-25 22:35:00,1.1074,4678.25,2015-11-26 01:32:00,False,,0.0,,True,4685.73,2015-11-25 22:47:00,0.0358
NQ,2015-11-26,Thursday,ODR,4690.98,4681.25,9.729999999999563,4691.48,4679.98,11.5,True,LONG,2015-11-26 04:20:00,4693.5,True,False,,1.2097,0.0,1.2097,4702.75,2015-11-26 08:02:00,0.0,4692.0,2015-11-26 04:28:00,True,2015-11-26 04:39:00,0.0,0.0,False,,,
NQ,2015-11-26,Thursday,RDR,4697.25,4693.23,4.020000000000437,4697.25,4692.48,4.770000000000437,True,LONG,2015-11-26 11:25:00,4697.75,True,True,False,0.8657,1.2388,0.8657,4700.73,2015-11-26 11:48:00,2.2388,4688.25,2015-11-26 12:52:00,True,2015-11-26 11:35:00,0.0,2.2388,True,4688.25,2015-11-26 12:52:00,1.0
NQ,2015-11-27,Friday,ADR,4698.0,4694.5,3.5,4698.73,4692.98,5.75,True,SHORT,2015-11-26 20:30:00,4692.5,True,True,True,0.0,6.2143,6.2143,4672.75,2015-11-27 01:45:00,0.0,4694.5,2015-11-26 20:42:00,True,2015-11-26 20:35:00,0.0,0.0,True,4694.5,2015-11-26 20:42:00,0.0
NQ,2015-11-27,Friday,ODR,4681.0,4674.0,7.0,4681.5,4672.0,9.5,True,SHORT,2015-11-27 04:05:00,4671.98,False,True,False,1.7857,0.4314,0.4314,4670.98,2015-11-27 04:10:00,2.7857,4693.5,2015-11-27 08:02:00,False,,0.0,,True,4675.75,2015-11-27 04:19:00,0.25
NQ,2015-11-27,Friday,RDR,4684.23,4669.0,15.229999999999563,4685.48,4664.73,20.75,True,LONG,2015-11-27 11:25:00,4686.48,True,True,False,0.4104,0.0,0.4104,4690.48,2015-11-27 11:31:00,0.3106,4679.5,2015-11-27 13:00:00,False,,0.0,,True,4683.98,2015-11-27 11:47:00,0.0164
NQ,2015-11-30,Monday,ADR,4678.23,4674.25,3.9799999999995634,4678.73,4674.25,4.479999999999563,True,SHORT,2015-11-29 22:30:00,4674.0,True,True,False,0.1307,0.2513,0.2513,4673.25,2015-11-29 22:39:00,0.8116,4677.48,2015-11-30 01:30:00,False,,0.0,,True,4674.25,2015-11-29 22:46:00,0.0
NQ,2015-11-30,Monday,ODR,4677.25,4667.23,10.020000000000437,4678.23,4666.48,11.75,True,LONG,2015-11-30 04:05:00,4685.0,True,False,,2.2954,0.0,2.2954,4700.25,2015-11-30 07:56:00,0.0,4682.73,2015-11-30 05:14:00,True,2015-11-30 04:10:00,0.0,0.0,False,,,
NQ,2015-11-30,Monday,RDR,4692.73,4668.98,23.75,4694.25,4668.23,26.020000000000437,True,SHORT,2015-11-30 11:25:00,4667.48,True,True,True,0.0,0.6623,0.6623,4653.25,2015-11-30 12:03:00,0.5474,4681.98,2015-11-30 14:16:00,True,2015-11-30 11:50:00,0.0,0.5474,True,4669.5,2015-11-30 13:48:00,0.0219
NQ,2015-12-01,Tuesday,ADR,4689.25,4685.75,3.5,4689.98,4685.75,4.229999999999563,True,LONG,2015-11-30 20:45:00,4691.73,True,False,,1.9943,0.0,1.9943,4696.23,2015-11-30 21:17:00,0.0,4690.25,2015-11-30 20:57:00,True,2015-11-30 20:50:00,0.0,0.0,False,,,
NQ,2015-12-01,Tuesday,ODR,4691.5,4686.25,5.25,4693.23,4685.0,8.229999999999563,True,SHORT,2015-12-01 04:30:00,4684.98,False,True,True,0.2343,1.861,1.861,4676.48,2015-12-01 05:20:00,1.2343,4692.73,2015-12-01 06:14:00,True,2015-12-01 04:36:00,0.0,1.2343,True,4686.75,2015-12-01 05:59:00,0.0952
NQ,2015-12-01,Tuesday,RDR,4708.5,4684.5,24.0,4708.98,4681.5,27.479999999999563,True,LONG,2015-12-01 15:30:00,4709.23,True,True,True,0.2804,0.0842,0.2804,4715.23,2015-12-01 15:58:00,0.0738,4706.73,2015-12-01 15:39:00,False,,0.0738,,True,4708.23,2015-12-01 15:35:00,0.0113
NQ,2015-12-02,Wednesday,ADR,4715.48,4713.48,2.0,4715.98,4712.75,3.2299999999995634,True,LONG,2015-12-01 20:55:00,4716.5,True,True,True,6.375,0.0,6.375,4728.23,2015-12-02 01:46:00,0.125,4715.23,2015-12-01 21:51:00,True,2015-12-01 21:00:00,0.125,0.125,True,4715.23,2015-12-01 21:51:00,0.125
NQ,2015-12-02,Wednesday,ODR,4727.23,4719.75,7.479999999999563,4728.23,4718.5,9.729999999999563,True,SHORT,2015-12-02 07:20:00,4717.98,True,True,False,0.1671,0.7019,0.7019,4714.5,2015-12-02 07:37:00,0.4011,4722.75,2015-12-02 08:04:00,True,2015-12-02 07:30:00,0.0,0.4011,True,4719.75,2015-12-02 07:56:00,0.0
NQ,2015-12-02,Wednesday,RDR,4735.98,4717.73,18.25,4738.25,4716.25,22.0,True,LONG,2015-12-02 10:40:00,4738.73,False,True,False,0.1792,2.1507,0.1644,4738.98,2015-12-02 10:47:00,3.1507,4678.48,2015-12-02 15:01:00,False,,0.0959,,True,4734.23,2015-12-02 10:45:00,0.0959
NQ,2015-12-03,Thursday,ADR,4700.5,4695.25,5.25,4700.75,4695.25,5.5,True,LONG,2015-12-02 20:35:00,4700.98,False,True,True,1.0438,0.6667,1.0438,4705.98,2015-12-03 00:53:00,1.6667,4691.75,2015-12-02 22:21:00,True,2015-12-02 23:55:00,1.6667,0.0,True,4700.0,2015-12-02 20:40:00,0.0952
NQ,2015-12-03,Thursday,ODR,4715.0,4703.75,11.25,4716.48,4703.73,12.75,True,LONG,2015-12-03 04:45:00,4716.98,True,True,False,1.3316,0.0,1.3316,4729.98,2015-12-03 05:26:00,0.9778,4704.0,2015-12-03 08:16:00,True,2015-12-03 04:52:00,0.0,0.9778,True,4714.23,2015-12-03 07:38:00,0.0684
NQ,2015-12-03,Thursday,RDR,4698.98,4665.0,33.97999999999956,4706.5,4659.5,47.0,True,SHORT,2015-12-03 12:05:00,4656.23,True,False,,0.0,2.5383,2.5383,4578.75,2015-12-03 14:43:00,0.0,4657.23,2015-12-03 12:10:00,True,2015-12-03 12:13:00,0.0,0.0,False,,,
NQ,2015-12-04,Friday,ADR,4623.98,4617.75,6.229999999999563,4624.5,4616.5,8.0,True,SHORT,2015-12-03 21:45:00,4616.48,True,True,False,0.0433,0.4013,0.4013,4615.25,2015-12-03 23:02:00,0.6822,4622.0,2015-12-03 23:35:00,False,,0.6019,,True,4618.48,2015-12-03 22:06:00,0.1172
NQ,2015-12-04,Friday,ODR,4634.25,4624.0,10.25,4635.48,4621.0,14.479999999999563,True,SHORT,2015-12-04 07:05:00,4620.75,True,False,,0.0732,1.0976,1.0976,4612.75,2015-12-04 08:27:00,0.0,4621.98,2015-12-04 07:11:00,True,2015-12-04 07:19:00,0.0,0.0,False,,,
NQ,2015-12-04,Friday,RDR,4660.23,4617.98,42.25,4663.75,4610.25,53.5,True,LONG,2015-12-04 10:35:00,4670.73,True,False,,1.4793,0.0,1.4793,4722.73,2015-12-04 15:11:00,0.0,4663.48,2015-12-04 10:43:00,True,2015-12-04 10:58:00,0.0,0.0,False,,,
NQ,2015-12-07,Monday,ADR,4713.5,4709.25,4.25,4713.5,4708.48,5.020000000000437,True,SHORT,2015-12-06 20:30:00,4707.75,True,True,False,0.0,0.9459,0.9459,4705.23,2015-12-06 20:41:00,0.76,4712.48,2015-12-07 00:01:00,True,2015-12-06 20:35:00,0.0,0.76,True,4709.25,2015-12-06 20:48:00,0.0
NQ,2015-12-07,Monday,ODR,4721.0,4703.23,17.770000000000437,4721.75,4702.5,19.25,True,LONG,2015-12-07 04:05:00,4724.25,True,True,False,0.4913,0.0,0.4913,4729.73,2015-12-07 04:49:00,0.5205,4711.75,2015-12-07 08:29:00,False,,0.0422,,True,4720.98,2015-12-07 04:22:00,0.0011
NQ,2015-12-07,Monday,RDR,4717.98,4693.98,24.0,4720.73,4689.73,31.0,True,SHORT,2015-12-07 10:30:00,4687.98,True,True,True,0.0,0.9792,0.9792,4670.48,2015-12-07 13:05:00,0.1771,4698.23,2015-12-07 15:54:00,True,2015-12-07 10:52:00,0.0,0.1771,True,4694.23,2015-12-07 14:07:00,0.0104
NQ,2015-12-08,Tuesday,ADR,4695.48,4686.0,9.479999999999563,4695.48,4684.98,10.5,True,SHORT,2015-12-07 20:45:00,4683.75,True,True,True,0.0,1.2679,1.2679,4673.98,2015-12-07 22:17:00,0.4483,4690.25,2015-12-07 21:16:00,True,2015-12-07 21:47:00,0.4483,0.0,True,4686.0,2015-12-07 20:58:00,0.0
NQ,2015-12-08,Tuesday,ODR,4691.25,4673.25,18.0,4694.25,4670.48,23.770000000000437,True,SHORT,2015-12-08 04:35:00,4666.0,True,True,True,0.0,1.5417,1.5417,4645.5,2015-12-08 08:20:00,0.4167,4680.75,2015-12-08 05:31:00,True,2015-12-08 07:11:00,0.4167,0.0,True,4673.48,2015-12-08 04:57:00,0.0128
NQ,2015-12-08,Tuesday,RDR,4665.23,4642.98,22.25,4667.48,4641.48,26.0,True,LONG,2015-12-08 10:35:00,4668.0,True,False,,1.9551,0.0,1.9551,4708.73,2015-12-08 14:19:00,0.0,4667.75,2015-12-08 10:40:00,True,2015-12-08 10:42:00,0.0,0.0,False,,,
NQ,2015-12-09,Wednesday,ADR,4699.75,4696.5,3.25,4700.25,4695.98,4.270000000000437,True,LONG,2015-12-08 20:30:00,4701.0,False,True,False,1.0,1.4677,1.0,4703.0,2015-12-08 20:39:00,2.4677,4691.73,2015-12-08 21:23:00,True,2015-12-08 20:35:00,0.0,2.4677,True,4699.5,2015-12-08 20:43:00,0.0769
NQ,2015-12-09,Wednesday,ODR,4705.23,4685.0,20.229999999999563,4707.0,4682.5,24.5,True,SHORT,2015-12-09 04:10:00,4679.5,True,True,True,0.0,0.9402,0.9402,4665.98,2015-12-09 04:23:00,0.2842,4690.75,2015-12-09 06:36:00,True,2015-12-09 04:17:00,0.0,0.2842,True,4685.48,2015-12-09 06:26:00,0.0237
NQ,2015-12-09,Wednesday,RDR,4687.0,4660.98,26.020000000000437,4692.98,4660.25,32.72999999999956,True,LONG,2015-12-09 10:30:00,4695.75,False,True,False,0.4324,2.6038,0.4324,4698.25,2015-12-09 10:35:00,3.6038,4593.23,2015-12-09 13:07:00,False,,0.0,,True,4687.0,2015-12-09 10:50:00,0.0
NQ,2015-12-10,Thursday,ADR,4633.0,4627.0,6.0,4634.25,4626.75,7.5,True,LONG,2015-12-09 20:30:00,4635.0,True,True,False,0.4967,0.0,0.4967,4635.98,2015-12-09 23:07:00,0.8367,4627.98,2015-12-10 01:59:00,False,,0.795,,True,4633.0,2015-12-09 20:42:00,0.0
NQ,2015-12-10,Thursday,ODR,4645.75,4630.0,15.75,4645.75,4623.5,22.25,True,SHORT,2015-12-10 07:35:00,4622.75,True,True,True,0.0,0.6362,0.6362,4619.98,2015-12-10 07:42:00,0.2051,4633.23,2015-12-10 08:08:00,True,2015-12-10 07:40:00,0.0,0.2051,True,4631.23,2015-12-10 08:02:00,0.0781
NQ,2015-12-10,Thursday,RDR,4641.0,4621.0,20.0,4646.75,4618.25,28.5,True,LONG,2015-12-10 10:35:00,4647.75,True,True,True,1.6615,0.0,1.6615,4674.23,2015-12-10 14:43:00,0.476,4631.48,2015-12-10 12:16:00,True,2015-12-10 10:41:00,0.476,0.476,True,4639.98,2015-12-10 11:32:00,0.051
NQ,2015-12-11,Friday,ADR,4658.48,4652.5,5.979999999999563,4659.0,4652.25,6.75,True,SHORT,2015-12-10 21:55:00,4651.25,True,True,False,0.0,0.7107,0.7107,4648.25,2015-12-10 23:49:00,0.7074,4656.73,2015-12-11 00:43:00,True,2015-12-10 22:33:00,0.5435,0.7074,True,4652.5,2015-12-10 22:17:00,0.0
NQ,2015-12-11,Friday,ODR,4656.23,4638.75,17.479999999999563,4656.5,4638.48,18.020000000000437,True,SHORT,2015-12-11 04:00:00,4636.5,True,True,True,0.0,2.5898,2.5898,4593.48,2015-12-11 07:58:00,0.4005,4645.75,2015-12-11 04:46:00,True,2015-12-11 05:34:00,0.4005,0.0,True,4638.75,2015-12-11 04:06:00,0.0
NQ,2015-12-11,Friday,RDR,4597.98,4576.25,21.729999999999563,4600.98,4572.75,28.229999999999563,True,SHORT,2015-12-11 11:00:00,4569.0,True,True,True,0.0,2.0028,2.0028,4532.73,2015-12-11 15:25:00,0.2646,4582.0,2015-12-11 11:23:00,True,2015-12-11 11:31:00,0.2646,0.0,True,4578.5,2015-12-11 11:07:00,0.1035
NQ,2015-12-14,Monday,ADR,4544.73,4539.48,5.25,4544.98,4538.98,6.0,True,LONG,2015-12-13 20:35:00,4545.5,True,True,True,3.0514,0.0,3.0514,4560.75,2015-12-14 01:42:00,0.2343,4543.5,2015-12-13 20:48:00,True,2015-12-13 20:58:00,0.2343,0.0914,True,4544.0,2015-12-13 20:44:00,0.139
NQ,2015-12-14,Monday,ODR,4578.5,4558.25,20.25,4579.48,4556.5,22.979999999999563,True,SHORT,2015-12-14 06:15:00,4554.0,True,False,,0.0,2.0864,2.0864,4516.0,2015-12-14 07:19:00,0.0,4555.5,2015-12-14 06:20:00,True,2015-12-14 06:27:00,0.0,0.0,False,,,
NQ,2015-12-14,Monday,RDR,4545.75,4509.25,36.5,4554.73,4506.75,47.97999999999956,True,SHORT,2015-12-14 11:15:00,4502.48,False,True,False,0.726,0.8767,0.8767,4477.25,2015-12-14 11:38:00,1.726,4572.25,2015-12-14 15:58:00,True,2015-12-14 11:30:00,0.0,1.726,True,4511.25,2015-12-14 12:00:00,0.0548
NQ,2015-12-15,Tuesday,ADR,4577.5,4572.0,5.5,4579.0,4570.98,8.020000000000437,True,LONG,2015-12-14 21:40:00,4579.75,False,True,False,0.6818,0.9545,0.6818,4581.25,2015-12-14 21:52:00,1.9545,4566.75,2015-12-15 01:07:00,True,2015-12-14 21:52:00,0.0,1.9545,True,4577.5,2015-12-14 22:01:00,0.0
NQ,2015-12-15,Tuesday,ODR,4593.75,4569.75,24.0,4597.23,4568.5,28.729999999999563,True,LONG,2015-12-15 04:05:00,4597.5,True,True,False,0.4471,0.0,0.4471,4604.48,2015-12-15 05:05:00,0.2708,4587.25,2015-12-15 07:49:00,False,,0.0,,True,4592.48,2015-12-15 05:24:00,0.0529
NQ,2015-12-15,Tuesday,RDR,4633.48,4610.48,23.0,4635.5,4601.0,34.5,True,SHORT,2015-12-15 11:45:00,4600.25,False,True,True,0.1857,0.7935,0.7935,4592.23,2015-12-15 15:37:00,1.1857,4637.75,2015-12-15 12:36:00,True,2015-12-15 15:30:00,1.1857,0.0,True,4612.75,2015-12-15 12:02:00,0.0987
NQ,2015-12-16,Wednesday,ADR,4608.25,4602.75,5.5,4608.25,4602.25,6.0,True,LONG,2015-12-15 20:55:00,4611.5,True,True,True,2.5909,0.0945,2.5909,4622.5,2015-12-15 23:53:00,0.0455,4608.0,2015-12-15 21:31:00,True,2015-12-15 21:00:00,0.0455,0.0455,True,4608.25,2015-12-15 21:28:00,0.0
NQ,2015-12-16,Wednesday,ODR,4621.73,4611.75,9.979999999999563,4625.5,4610.75,14.75,True,LONG,2015-12-16 05:35:00,4631.25,True,False,,1.6553,0.0,1.6553,4638.25,2015-12-16 05:42:00,0.0,4621.75,2015-12-16 07:56:00,True,2015-12-16 05:40:00,0.0,0.0,False,,,
NQ,2015-12-16,Wednesday,RDR,4634.75,4604.75,30.0,4639.25,4602.73,36.52000000000044,True,SHORT,2015-12-16 10:35:00,4600.75,False,True,False,1.3167,0.35,0.35,4594.25,2015-12-16 13:00:00,2.3167,4674.25,2015-12-16 15:41:00,False,,0.2,,True,4605.73,2015-12-16 10:43:00,0.0327
NQ,2015-12-17,Thursday,ADR,4660.5,4653.25,7.25,4661.0,4652.0,9.0,True,SHORT,2015-12-16 20:30:00,4651.5,True,True,False,0.0,0.5517,0.5517,4649.25,2015-12-17 00:46:00,0.931,4660.0,2015-12-16 21:33:00,True,2015-12-17 00:46:00,0.931,0.1379,True,4653.25,2015-12-16 20:37:00,0.0
NQ,2015-12-17,Thursday,ODR,4673.75,4657.75,16.0,4674.75,4657.0,17.75,True,LONG,2015-12-17 04:10:00,4675.75,True,True,True,0.9362,0.0,0.9362,4688.73,2015-12-17 06:30:00,0.2812,4669.25,2015-12-17 04:29:00,True,2015-12-17 04:59:00,0.2812,0.0,True,4673.25,2015-12-17 04:20:00,0.0312
NQ,2015-12-17,Thursday,RDR,4685.48,4653.0,32.47999999999956,4686.98,4651.25,35.72999999999956,True,SHORT,2015-12-17 10:45:00,4640.25,True,False,,0.0,1.678,1.678,4598.5,2015-12-17 15:59:00,0.0,4647.75,2015-12-17 13:46:00,True,2015-12-17 10:50:00,0.0,0.0,False,,,
NQ,2015-12-18,Friday,ADR,4582.5,4556.5,26.0,4582.75,4555.25,27.5,True,LONG,2015-12-17 22:50:00,4587.25,True,True,False,0.2788,0.0,0.2788,4589.75,2015-12-17 22:55:00,0.9231,4558.5,2015-12-17 23:24:00,False,,0.0,,True,4581.25,2015-12-17 22:56:00,0.0481
NQ,2015-12-18,Friday,ODR,4575.5,4560.25,15.25,4575.5,4553.0,22.5,True,LONG,2015-12-18 05:50:00,4579.0,True,True,True,0.3934,0.3443,0.3934,4581.5,2015-12-18 08:24:00,1.0984,4558.75,2015-12-18 07:01:00,False,,1.0984,,True,4573.5,2015-12-18 06:01:00,0.1311
NQ,2015-12-21,Monday,ADR,4520.73,4513.5,7.229999999999563,4521.5,4512.98,8.520000000000437,True,LONG,2015-12-20 21:55:00,4522.0,True,False,,1.2448,0.0,1.2448,4529.73,2015-12-21 00:39:00,0.0,4521.23,2015-12-20 22:01:00,True,2015-12-20 22:33:00,0.0,0.0,False,,,
NQ,2015-12-21,Monday,ODR,4549.73,4522.23,27.5,4551.98,4521.25,30.729999999999563,True,LONG,2015-12-21 04:15:00,4552.0,True,True,False,0.1636,0.0,0.1636,4554.23,2015-12-21 05:25:00,0.4455,4537.48,2015-12-21 07:55:00,False,,0.1265,,True,4547.73,2015-12-21 04:25:00,0.0727
NQ,2015-12-21,Monday,RDR,4546.75,4531.25,15.5,4551.73,4529.98,21.75,True,SHORT,2015-12-21 11:10:00,4529.73,False,True,False,0.4181,1.2742,1.2742,4511.5,2015-12-21 11:40:00,1.4181,4553.23,2015-12-21 15:59:00,True,2015-12-21 11:31:00,0.2742,1.4181,True,4531.75,2015-12-21 11:15:00,0.0323
NQ,2015-12-22,Tuesday,ADR,4572.75,4567.25,5.5,4573.23,4566.98,6.25,True,SHORT,2015-12-21 20:50:00,4566.0,True,True,False,0.0,1.4545,1.4545,4559.25,2015-12-21 22:17:00,0.9545,4572.5,2015-12-22 01:12:00,True,2015-12-21 21:18:00,0.0873,0.9545,True,4567.25,2015-12-21 21:03:00,0.0
NQ,2015-12-22,Tuesday,ODR,4574.5,4560.0,14.5,4576.5,4559.25,17.25,True,SHORT,2015-12-22 04:00:00,4558.5,True,True,False,0.0,1.2931,1.2931,4541.25,2015-12-22 04:45:00,0.671,4569.73,2015-12-22 07:58:00,True,2015-12-22 04:28:00,0.3262,0.671,True,4560.25,2015-12-22 04:05:00,0.0172
NQ,2015-12-22,Tuesday,RDR,4576.5,4555.48,21.020000000000437,4576.98,4553.48,23.5,True,LONG,2015-12-22 14:15:00,4577.23,True,True,True,0.5818,0.1665,0.5818,4588.73,2015-12-22 15:27:00,0.2864,4570.48,2015-12-22 15:47:00,True,2015-12-22 15:21:00,0.1556,0.2864,True,4576.48,2015-12-22 14:25:00,0.001
NQ,2015-12-23,Wednesday,ADR,4586.75,4583.73,3.0200000000004366,4586.98,4582.98,4.0,True,LONG,2015-12-22 20:35:00,4587.75,True,True,False,1.0695,0.2417,1.0695,4589.98,2015-12-22 21:48:00,0.8278,4584.25,2015-12-22 22:49:00,True,2015-12-22 20:41:00,0.4139,0.8278,True,4586.0,2015-12-22 20:44:00,0.2483
NQ,2015-12-23,Wednesday,ODR,4599.5,4588.5,11.0,4600.5,4587.75,12.75,True,LONG,2015-12-23 04:45:00,4601.0,True,True,True,1.1818,0.0,1.1818,4612.5,2015-12-23 07:22:00,0.1609,4597.73,2015-12-23 06:15:00,True,2015-12-23 06:24:00,0.1609,0.0,True,4599.5,2015-12-23 04:51:00,0.0
NQ,2015-12-23,Wednesday,RDR,4613.48,4601.98,11.5,4615.48,4600.23,15.25,True,SHORT,2015-12-23 13:15:00,4599.98,False,True,False,0.5652,0.3478,0.3478,4597.98,2015-12-23 13:39:00,1.5652,4619.98,2015-12-23 14:40:00,False,,0.1757,,True,4604.0,2015-12-23 13:25:00,0.1757
NQ,2015-12-24,Thursday,ADR,4614.75,4612.0,2.75,4615.73,4611.5,4.229999999999563,True,SHORT,2015-12-23 20:40:00,4610.23,True,False,,0.0,3.28,3.28,4602.98,2015-12-24 00:21:00,0.0,4611.23,2015-12-23 20:57:00,True,2015-12-23 20:45:00,0.0,0.0,False,,,
NQ,2015-12-24,Thursday,ODR,4606.0,4601.75,4.25,4606.5,4601.73,4.770000000000437,True,SHORT,2015-12-24 04:10:00,4601.25,False,True,False,2.2306,0.2353,0.2353,4600.75,2015-12-24 04:15:00,3.2306,4615.48,2015-12-24 08:22:00,False,,0.0,,True,4602.0,2015-12-24 04:16:00,0.0588
NQ,2015-12-24,Thursday,RDR,4623.25,4616.23,7.020000000000437,4627.25,4614.98,12.270000000000437,True,LONG,2015-12-24 11:50:00,4627.98,False,True,False,0.9231,1.1724,0.9231,4629.73,2015-12-24 12:32:00,2.1724,4608.0,2015-12-24 13:08:00,True,2015-12-24 11:55:00,0.0,2.1724,True,4623.0,2015-12-24 12:50:00,0.0356
NQ,2015-12-28,Monday,ADR,4615.98,4611.98,4.0,4616.0,4611.23,4.770000000000437,True,LONG,2015-12-27 22:30:00,4617.0,False,True,False,0.625,0.8075,0.625,4618.48,2015-12-27 22:36:00,1.8075,4608.75,2015-12-28 00:32:00,True,2015-12-27 22:35:00,0.0,1.8075,True,4615.75,2015-12-27 23:11:00,0.0575
NQ,2015-12-28,Monday,ODR,4610.25,4604.25,6.0,4611.0,4604.0,7.0,True,SHORT,2015-12-28 04:10:00,4603.75,True,True,True,0.0,2.0033,2.0033,4592.23,2015-12-28 07:30:00,0.205,4605.48,2015-12-28 04:46:00,True,2015-12-28 04:58:00,0.205,0.0,True,4604.5,2015-12-28 04:18:00,0.0417
NQ,2015-12-28,Monday,RDR,4605.5,4588.23,17.270000000000437,4607.23,4585.98,21.25,True,SHORT,2015-12-28 10:45:00,4577.48,False,True,False,0.52,0.9554,0.9554,4571.73,2015-12-28 10:55:00,1.52,4614.48,2015-12-28 15:59:00,True,2015-12-28 10:50:00,0.0,1.52,True,4588.48,2015-12-28 11:45:00,0.0145
NQ,2015-12-29,Tuesday,ADR,4616.73,4610.73,6.0,4617.0,4610.25,6.75,True,LONG,2015-12-28 21:55:00,4617.75,True,True,True,1.125,0.0,1.125,4623.48,2015-12-29 00:21:00,0.1667,4615.73,2015-12-28 22:07:00,True,2015-12-28 22:58:00,0.1667,0.0,True,4616.25,2015-12-28 22:04:00,0.08
NQ,2015-12-29,Tuesday,ODR,4636.25,4621.75,14.5,4636.5,4621.75,14.75,True,LONG,2015-12-29 04:05:00,4638.25,True,True,True,0.5676,0.0,0.5676,4644.48,2015-12-29 04:30:00,0.329,4631.48,2015-12-29 06:46:00,True,2015-12-29 04:28:00,0.0,0.329,True,4636.0,2015-12-29 05:11:00,0.0172
NQ,2015-12-29,Tuesday,RDR,4669.73,4642.0,27.729999999999563,4670.25,4638.98,31.270000000000437,True,LONG,2015-12-29 11:00:00,4673.98,True,False,,0.9924,0.0,0.9924,4697.25,2015-12-29 15:10:00,0.0,4669.98,2015-12-29 11:50:00,True,2015-12-29 13:18:00,0.0,0.0,False,,,
NQ,2015-12-30,Wednesday,ADR,4694.23,4689.0,5.229999999999563,4694.75,4687.98,6.770000000000437,True,SHORT,2015-12-29 22:15:00,4687.75,True,True,True,0.0,0.5296,0.5296,4686.23,2015-12-30 01:44:00,0.239,4690.25,2015-12-30 00:24:00,True,2015-12-30 01:00:00,0.239,0.0,True,4689.23,2015-12-29 22:51:00,0.044
NQ,2015-12-30,Wednesday,ODR,4686.75,4679.48,7.270000000000437,4690.25,4677.98,12.270000000000437,False,,,,,,,0.3783,0.1004,,,,,,,False,,,,False,,,
NQ,2015-12-30,Wednesday,RDR,4682.25,4658.98,23.270000000000437,4685.0,4657.73,27.270000000000437,True,SHORT,2015-12-30 15:30:00,4653.0,True,False,,0.0,0.6446,0.6446,4643.98,2015-12-30 15:35:00,0.0,4655.98,2015-12-30 15:43:00,True,2015-12-30 15:35:00,0.0,0.0,False,,,
NQ,2015-12-31,Thursday,ADR,4654.23,4650.5,3.7299999999995634,4654.23,4650.23,4.0,True,SHORT,2015-12-30 22:10:00,4648.73,True,True,False,0.0,1.815,1.815,4643.73,2015-12-30 22:53:00,0.7989,4653.48,2015-12-31 01:31:00,True,2015-12-30 22:15:00,0.0,0.7989,True,4650.5,2015-12-31 00:20:00,0.0
NQ,2015-12-31,Thursday,ODR,4651.0,4646.5,4.5,4652.0,4645.23,6.770000000000437,True,LONG,2015-12-31 06:25:00,4652.25,False,True,False,0.2778,3.0556,0.2778,4652.25,2015-12-31 06:30:00,4.0556,4632.75,2015-12-31 08:10:00,False,,0.0,,True,4651.0,2015-12-31 06:41:00,0.0
NQ,2015-12-31,Thursday,RDR,4628.5,4606.5,22.0,4630.23,4606.48,23.75,True,SHORT,2015-12-31 10:30:00,4603.98,False,True,True,0.34,0.9895,0.9895,4584.73,2015-12-31 15:59:00,1.34,4635.98,2015-12-31 12:46:00,True,2015-12-31 15:11:00,1.34,0.0,True,4607.5,2015-12-31 10:47:00,0.0455
