instrument,trading_date,day_of_week,range_type,dr_high,dr_low,dr_range,idr_high,idr_low,idr_range,confirmed,direction,confirmation_time,confirmation_price,dr_rule_true,retraced_into_dr,outside_dr_closed,mean_sd_up,mean_sd_down,extension_sd,extension_price,extension_time,max_retracement_sd,max_retracement_price,max_retracement_time,reached_05_sd,time_05_sd,retracement_before_extreme_sd,retracement_after_05_sd,first_retracement_occurred,first_retracement_price,first_retracement_time,first_retracement_exact
GC,2009-03-16,Monday,ADR,926.9,924.8,2.1000000000000227,927.05,923.35,3.699999999999932,True,LONG,2009-03-15 20:55:00,928.33,False,True,False,0.9048,0.4143,0.9048,928.8,2009-03-15 21:00:00,1.1905,924.4,2009-03-16 00:40:00,True,2009-03-15 21:00:00,0.0,1.1905,True,926.9,2009-03-15 21:03:00,0.0
GC,2009-03-16,Monday,ODR,928.85,926.25,2.6000000000000227,929.15,926.08,3.0699999999999363,True,LONG,2009-03-16 04:40:00,929.53,False,True,False,0.4808,1.6538,0.2423,929.48,2009-03-16 04:45:00,2.6538,921.95,2009-03-16 07:50:00,False,,0.0,,True,928.8,2009-03-16 04:50:00,0.0192
GC,2009-03-16,Monday,RDR,923.93,916.35,7.579999999999927,924.68,916.0,8.67999999999995,True,LONG,2009-03-16 15:25:00,924.9,True,True,True,0.1741,0.0,0.1741,925.25,2009-03-16 15:39:00,0.1029,923.15,2009-03-16 15:46:00,False,,0.0,,True,923.7,2009-03-16 15:45:00,0.0303
GC,2009-03-17,Tuesday,ADR,923.88,922.6,1.2799999999999727,924.33,922.45,1.8799999999999955,True,SHORT,2009-03-16 22:00:00,921.75,True,True,True,0.5078,1.4844,1.4844,920.7,2009-03-17 00:13:00,0.2969,922.98,2009-03-16 22:33:00,True,2009-03-16 22:05:00,0.2969,0.2969,True,922.6,2009-03-16 22:17:00,0.0
GC,2009-03-17,Tuesday,ODR,920.73,918.85,1.8799999999999955,921.03,918.83,2.199999999999932,True,LONG,2009-03-17 04:20:00,921.1,False,True,False,1.8617,2.0745,1.8617,924.23,2009-03-17 05:14:00,3.0745,914.95,2009-03-17 08:27:00,True,2009-03-17 05:03:00,0.3883,3.0745,True,920.4,2009-03-17 04:30:00,0.1755
GC,2009-03-17,Tuesday,RDR,920.9,916.1,4.7999999999999545,921.63,914.6,7.029999999999973,True,SHORT,2009-03-17 12:40:00,914.3,True,True,True,0.0,0.5,0.4417,913.98,2009-03-17 12:45:00,0.3604,917.83,2009-03-17 14:29:00,False,,0.0,,True,916.1,2009-03-17 12:51:00,0.0
GC,2009-03-18,Wednesday,ADR,915.55,912.2,3.349999999999909,916.0,911.8,4.2000000000000455,True,SHORT,2009-03-18 01:05:00,911.73,True,False,,0.0,0.8657,0.8657,909.3,2009-03-18 01:50:00,0.0,911.98,2009-03-18 01:16:00,True,2009-03-18 01:45:00,0.0,0.0,False,,,
GC,2009-03-18,Wednesday,ODR,911.6,910.45,1.1499999999999773,911.68,910.05,1.6299999999999955,True,SHORT,2009-03-18 04:35:00,909.25,False,True,True,1.5652,2.5652,2.5652,907.5,2009-03-18 08:23:00,2.5652,913.4,2009-03-18 08:12:00,True,2009-03-18 04:40:00,2.5652,2.5652,True,910.6,2009-03-18 04:40:00,0.1304
GC,2009-03-18,Wednesday,RDR,906.55,897.75,8.799999999999955,906.88,895.35,11.529999999999973,True,SHORT,2009-03-18 10:30:00,895.13,False,True,False,4.6136,1.6023,1.6023,883.65,2009-03-18 11:36:00,5.6136,947.15,2009-03-18 15:54:00,True,2009-03-18 11:06:00,0.0,5.6136,True,899.1,2009-03-18 14:17:00,0.1534
GC,2009-03-19,Thursday,ADR,936.8,933.58,3.2199999999999136,937.1,933.2,3.8999999999999773,True,SHORT,2009-03-18 20:40:00,932.88,True,True,False,0.0,2.5093,2.5093,925.5,2009-03-18 21:16:00,0.2019,934.23,2009-03-19 01:59:00,True,2009-03-18 21:03:00,0.0,0.2019,True,933.6,2009-03-19 01:54:00,0.0062
GC,2009-03-19,Thursday,ODR,934.15,931.93,2.2200000000000273,934.4,931.63,2.769999999999982,True,LONG,2009-03-19 04:15:00,935.05,False,True,True,8.3784,1.5315,8.3784,952.75,2009-03-19 08:21:00,2.5315,928.53,2009-03-19 05:22:00,True,2009-03-19 06:31:00,2.5315,0.045,True,933.95,2009-03-19 04:31:00,0.0901
GC,2009-03-19,Thursday,RDR,957.15,946.58,10.569999999999936,958.08,945.6,12.480000000000018,True,LONG,2009-03-19 11:25:00,958.4,True,True,True,0.4447,0.0,0.4447,961.85,2009-03-19 11:36:00,0.3709,953.23,2009-03-19 12:19:00,False,,0.0,,True,956.75,2009-03-19 11:42:00,0.0378
GC,2009-03-20,Friday,ADR,954.6,951.93,2.6700000000000728,954.6,951.65,2.9500000000000455,True,SHORT,2009-03-19 21:50:00,951.4,False,True,False,1.7041,0.3296,0.3296,951.05,2009-03-19 21:57:00,2.7041,959.15,2009-03-20 01:54:00,False,,0.0,,True,952.13,2009-03-19 22:05:00,0.0749
GC,2009-03-20,Friday,ODR,965.73,955.75,9.980000000000018,967.2,955.5,11.700000000000045,True,SHORT,2009-03-20 06:35:00,954.4,True,True,True,0.1824,0.9319,0.9319,946.45,2009-03-20 08:19:00,0.1884,957.63,2009-03-20 07:17:00,True,2009-03-20 07:08:00,0.1884,0.1884,True,955.98,2009-03-20 06:44:00,0.023
GC,2009-03-20,Friday,RDR,957.85,949.33,8.519999999999982,958.9,947.3,11.600000000000023,False,,,,,,,0.1643,0.0,,,,,,,False,,,,False,,,
GC,2009-03-23,Monday,ADR,955.4,951.6,3.7999999999999545,955.4,951.15,4.25,True,SHORT,2009-03-22 21:10:00,950.3,True,True,False,0.0,0.5789,0.5658,949.45,2009-03-22 21:19:00,0.9289,955.13,2009-03-23 01:58:00,True,2009-03-22 21:19:00,0.0,0.9289,True,951.8,2009-03-22 21:30:00,0.0526
GC,2009-03-23,Monday,ODR,957.28,954.3,2.980000000000018,957.55,953.23,4.319999999999936,True,SHORT,2009-03-23 05:40:00,953.15,True,False,,0.0,2.1644,2.1644,947.85,2009-03-23 08:20:00,0.0,954.28,2009-03-23 06:29:00,True,2009-03-23 05:48:00,0.0,0.0,False,,,
GC,2009-03-23,Monday,RDR,954.18,947.83,6.349999999999909,955.25,946.98,8.269999999999982,True,SHORT,2009-03-23 15:15:00,944.5,True,False,,0.0,1.8787,1.8787,935.9,2009-03-23 15:45:00,0.0,944.9,2009-03-23 15:20:00,True,2009-03-23 15:20:00,0.0,0.0,False,,,
GC,2009-03-24,Tuesday,ADR,943.68,939.9,3.7799999999999727,944.08,939.88,4.2000000000000455,True,LONG,2009-03-23 20:35:00,944.33,True,True,False,0.2249,0.0,0.2249,944.53,2009-03-24 00:49:00,0.5106,941.75,2009-03-23 22:52:00,False,,0.5106,,True,943.5,2009-03-23 20:55:00,0.0476
GC,2009-03-24,Tuesday,ODR,940.45,937.0,3.4500000000000455,940.58,934.8,5.780000000000086,True,SHORT,2009-03-24 04:25:00,934.58,True,True,True,0.0,4.2609,4.2609,922.3,2009-03-24 08:23:00,0.371,938.28,2009-03-24 05:32:00,True,2009-03-24 04:30:00,0.371,0.371,True,937.6,2009-03-24 05:31:00,0.1739
GC,2009-03-24,Tuesday,RDR,924.1,919.48,4.6200000000000045,924.88,917.1,7.779999999999973,True,LONG,2009-03-24 10:50:00,925.3,True,True,True,1.8139,0.1905,1.8139,932.48,2009-03-24 15:12:00,0.6537,921.08,2009-03-24 11:20:00,True,2009-03-24 14:34:00,0.6537,0.2273,True,922.5,2009-03-24 10:56:00,0.3463
GC,2009-03-25,Wednesday,ADR,930.9,928.53,2.3700000000000045,931.15,928.15,3.0,True,SHORT,2009-03-25 00:00:00,927.88,True,False,,0.0338,0.962,0.962,926.25,2009-03-25 00:59:00,0.0,928.48,2009-03-25 01:25:00,True,2009-03-25 00:07:00,0.0,0.0,False,,,
GC,2009-03-25,Wednesday,ODR,927.45,926.2,1.25,927.7,925.98,1.7200000000000273,True,SHORT,2009-03-25 04:35:00,925.45,True,True,True,0.0,7.6,7.6,916.7,2009-03-25 08:17:00,0.464,926.78,2009-03-25 04:44:00,True,2009-03-25 04:40:00,0.464,0.464,True,926.53,2009-03-25 04:42:00,0.264
GC,2009-03-25,Wednesday,RDR,939.85,921.08,18.769999999999982,941.8,919.7,22.09999999999991,False,,,,,,,0.0186,0.0,,,,,,,False,,,,False,,,
GC,2009-03-26,Thursday,ADR,937.6,933.45,4.149999999999977,938.25,933.3,4.9500000000000455,True,SHORT,2009-03-25 20:40:00,932.83,True,True,False,0.0,0.3133,0.3133,932.15,2009-03-26 00:48:00,0.4699,935.4,2009-03-25 21:10:00,False,,0.4699,,True,933.5,2009-03-25 20:46:00,0.012
GC,2009-03-26,Thursday,ODR,935.05,933.03,2.019999999999982,935.3,932.83,2.4699999999999136,True,LONG,2009-03-26 04:00:00,935.95,True,True,True,3.901,0.0,3.901,942.93,2009-03-26 07:51:00,0.6436,933.75,2009-03-26 07:04:00,True,2009-03-26 04:05:00,0.6436,0.6436,True,934.8,2009-03-26 06:45:00,0.1238
GC,2009-03-26,Thursday,RDR,942.78,936.3,6.480000000000018,943.13,934.5,8.629999999999995,False,,,,,,,0.0,0.2315,,,,,,,False,,,,False,,,
GC,2009-03-27,Friday,ADR,935.45,932.75,2.7000000000000455,935.8,932.75,3.0499999999999545,True,SHORT,2009-03-26 20:50:00,932.6,True,True,False,0.0,0.637,0.637,931.03,2009-03-26 21:02:00,0.6481,934.5,2009-03-27 00:39:00,True,2009-03-26 21:01:00,0.0,0.6481,True,932.88,2009-03-26 21:20:00,0.0481
GC,2009-03-27,Friday,ODR,935.0,933.75,1.25,935.1,933.08,2.019999999999982,True,LONG,2009-03-27 04:05:00,935.93,False,True,False,1.304,10.52,1.304,936.63,2009-03-27 04:11:00,11.52,920.6,2009-03-27 08:23:00,True,2009-03-27 04:10:00,0.0,11.52,True,934.88,2009-03-27 04:40:00,0.096
GC,2009-03-27,Friday,RDR,927.13,924.1,3.0299999999999727,928.08,923.65,4.430000000000064,True,SHORT,2009-03-27 11:05:00,922.93,True,True,True,0.0,1.4686,1.4686,919.65,2009-03-27 11:12:00,0.5545,925.78,2009-03-27 11:50:00,True,2009-03-27 11:10:00,0.0,0.5545,True,924.35,2009-03-27 11:14:00,0.0825
GC,2009-03-30,Monday,ADR,926.05,923.0,3.0499999999999545,926.1,922.65,3.4500000000000455,True,SHORT,2009-03-29 22:25:00,922.2,False,True,False,0.459,0.4,0.4,921.78,2009-03-29 22:32:00,1.459,927.45,2009-03-30 01:29:00,False,,0.0,,True,923.1,2009-03-29 23:03:00,0.0328
GC,2009-03-30,Monday,ODR,927.18,926.03,1.1499999999999773,927.48,925.93,1.5500000000000682,True,SHORT,2009-03-30 04:20:00,925.53,True,False,,0.1043,14.8696,14.8696,908.93,2009-03-30 06:47:00,0.0,925.75,2009-03-30 04:26:00,True,2009-03-30 04:27:00,0.0,0.0,False,,,
GC,2009-03-30,Monday,RDR,930.95,916.25,14.700000000000045,932.6,915.7,16.899999999999977,True,SHORT,2009-03-30 12:25:00,915.58,True,True,False,0.0,0.1701,0.1701,913.75,2009-03-30 12:55:00,0.3912,922.0,2009-03-30 15:11:00,False,,0.0599,,True,916.45,2009-03-30 12:37:00,0.0136
GC,2009-03-31,Tuesday,ADR,919.75,916.2,3.5499999999999545,920.25,916.1,4.149999999999977,True,SHORT,2009-03-30 20:35:00,913.93,False,True,False,0.1268,0.7746,0.6958,913.73,2009-03-30 20:46:00,1.1268,920.2,2009-03-30 23:42:00,True,2009-03-30 20:40:00,0.0,1.1268,True,917.05,2009-03-30 21:07:00,0.2394
GC,2009-03-31,Tuesday,ODR,921.35,918.23,3.1200000000000045,921.65,917.43,4.220000000000027,True,LONG,2009-03-31 04:00:00,921.98,False,True,True,0.7628,1.1795,0.7628,923.73,2009-03-31 08:27:00,2.1795,914.55,2009-03-31 06:28:00,True,2009-03-31 08:27:00,2.1795,0.0,True,921.33,2009-03-31 04:23:00,0.0064
GC,2009-03-31,Tuesday,RDR,919.8,917.15,2.6499999999999773,921.03,915.4,5.6299999999999955,True,SHORT,2009-03-31 10:35:00,914.43,False,True,False,1.7472,1.8868,1.8868,912.15,2009-03-31 10:43:00,2.7472,924.43,2009-03-31 13:28:00,True,2009-03-31 10:40:00,0.0,2.7472,True,918.85,2009-03-31 10:58:00,0.6415
GC,2009-04-01,Wednesday,ADR,921.03,918.55,2.480000000000018,921.03,918.38,2.6499999999999773,True,LONG,2009-03-31 20:45:00,921.63,True,True,False,0.6452,0.1008,0.6452,922.63,2009-03-31 20:50:00,0.8185,919.0,2009-04-01 01:41:00,True,2009-03-31 20:50:00,0.0,0.8185,True,920.95,2009-03-31 21:12:00,0.0323
GC,2009-04-01,Wednesday,ODR,919.78,917.2,2.5799999999999272,919.85,916.6,3.25,True,LONG,2009-04-01 05:00:00,920.63,True,True,True,3.9147,0.2907,3.9147,929.88,2009-04-01 07:08:00,0.2636,919.1,2009-04-01 05:30:00,True,2009-04-01 05:11:00,0.2636,0.2636,True,919.25,2009-04-01 05:05:00,0.2054
GC,2009-04-01,Wednesday,RDR,929.25,920.6,8.649999999999977,929.8,919.2,10.599999999999909,False,,,,,,,0.0,0.1214,,,,,,,False,,,,False,,,
GC,2009-04-02,Thursday,ADR,927.53,925.53,2.0,927.53,925.48,2.0499999999999545,True,SHORT,2009-04-01 20:30:00,925.15,False,True,False,1.11,0.3,0.3,924.93,2009-04-01 21:40:00,2.11,929.75,2009-04-02 00:49:00,False,,0.485,,True,925.58,2009-04-01 20:35:00,0.025
GC,2009-04-02,Thursday,ODR,923.33,921.93,1.400000000000091,923.55,921.35,2.199999999999932,True,SHORT,2009-04-02 04:15:00,920.95,True,True,True,0.1429,9.5929,9.5929,908.5,2009-04-02 07:07:00,1.1429,923.53,2009-04-02 04:53:00,True,2009-04-02 04:20:00,1.1429,1.1429,True,922.08,2009-04-02 04:22:00,0.1071
GC,2009-04-02,Thursday,RDR,906.18,898.45,7.7299999999999045,906.25,896.83,9.419999999999959,True,LONG,2009-04-02 13:15:00,906.83,True,True,False,0.414,0.4269,0.414,909.38,2009-04-02 13:22:00,0.4916,902.38,2009-04-02 15:29:00,False,,0.0,,True,905.9,2009-04-02 13:37:00,0.0362
GC,2009-04-03,Friday,ADR,908.18,904.08,4.099999999999909,908.35,903.73,4.6200000000000045,True,SHORT,2009-04-02 20:45:00,903.38,True,True,False,0.0,0.3171,0.3171,902.78,2009-04-02 22:21:00,0.5732,906.43,2009-04-03 00:21:00,False,,0.4024,,True,904.23,2009-04-02 20:51:00,0.0366
GC,2009-04-03,Friday,ODR,909.23,904.8,4.430000000000064,909.3,904.68,4.6200000000000045,True,SHORT,2009-04-03 04:55:00,904.5,True,False,,0.0,1.6366,1.6366,897.55,2009-04-03 08:29:00,0.0,904.78,2009-04-03 05:00:00,True,2009-04-03 05:11:00,0.0,0.0,False,,,
GC,2009-04-03,Friday,RDR,906.25,904.13,2.1200000000000045,910.1,902.65,7.4500000000000455,True,SHORT,2009-04-03 10:50:00,902.63,True,False,,0.0,6.0991,6.0991,891.2,2009-04-03 15:19:00,0.0,902.7,2009-04-03 10:55:00,True,2009-04-03 10:55:00,0.0,0.0,False,,,
GC,2009-04-06,Monday,ADR,893.93,889.13,4.7999999999999545,894.43,887.88,6.5499999999999545,True,SHORT,2009-04-05 20:30:00,887.78,True,False,,0.0,3.1458,3.1458,874.03,2009-04-05 23:22:00,0.0,888.98,2009-04-05 20:38:00,True,2009-04-05 20:46:00,0.0,0.0,False,,,
GC,2009-04-06,Monday,ODR,879.48,876.33,3.1499999999999773,879.88,875.68,4.2000000000000455,True,LONG,2009-04-06 04:00:00,880.48,True,True,False,0.9746,0.0,0.9746,882.55,2009-04-06 07:51:00,0.9302,876.55,2009-04-06 06:17:00,True,2009-04-06 04:31:00,0.9302,0.9302,True,879.43,2009-04-06 04:48:00,0.0159
GC,2009-04-06,Monday,RDR,879.43,869.38,10.049999999999955,879.43,867.68,11.75,True,SHORT,2009-04-06 10:35:00,867.3,True,True,True,0.0,0.3682,0.3682,865.68,2009-04-06 10:43:00,0.5025,874.43,2009-04-06 13:12:00,False,,0.0,,True,869.38,2009-04-06 11:08:00,0.0
GC,2009-04-07,Tuesday,ADR,874.65,871.6,3.0499999999999545,875.2,871.45,3.75,True,LONG,2009-04-06 21:10:00,875.38,True,False,,1.1902,0.0,1.1902,878.28,2009-04-07 00:40:00,0.0,874.93,2009-04-06 21:20:00,True,2009-04-06 21:30:00,0.0,0.0,False,,,
GC,2009-04-07,Tuesday,ODR,880.05,877.83,2.2199999999999136,880.23,877.58,2.6499999999999773,True,SHORT,2009-04-07 04:30:00,877.45,False,True,True,0.3829,1.973,1.973,873.45,2009-04-07 08:08:00,1.3829,880.9,2009-04-07 06:47:00,True,2009-04-07 04:41:00,1.3829,1.3829,True,878.55,2009-04-07 05:10:00,0.3243
GC,2009-04-07,Tuesday,RDR,881.35,878.23,3.1200000000000045,882.9,877.03,5.8700000000000045,True,LONG,2009-04-07 11:25:00,883.55,True,True,True,1.2981,0.0321,1.2981,885.4,2009-04-07 12:35:00,0.0641,881.15,2009-04-07 13:12:00,True,2009-04-07 11:30:00,0.0,0.0641,True,881.33,2009-04-07 13:04:00,0.0064
GC,2009-04-08,Wednesday,ADR,884.75,881.58,3.169999999999959,884.83,881.45,3.3799999999999955,True,SHORT,2009-04-07 20:45:00,880.68,False,True,False,1.1924,0.4826,0.4826,880.05,2009-04-07 21:58:00,2.1924,888.53,2009-04-08 01:52:00,False,,0.3533,,True,881.68,2009-04-07 20:56:00,0.0315
GC,2009-04-08,Wednesday,ODR,888.75,886.93,1.82000000000005,889.43,886.6,2.8299999999999272,True,SHORT,2009-04-08 05:10:00,886.53,False,True,True,0.5495,2.5275,2.5275,882.33,2009-04-08 07:31:00,1.5495,889.75,2009-04-08 06:26:00,True,2009-04-08 07:05:00,1.5495,0.3297,True,886.93,2009-04-08 05:19:00,0.0
GC,2009-04-08,Wednesday,RDR,887.13,880.28,6.850000000000023,887.38,878.73,8.649999999999977,True,LONG,2009-04-08 12:45:00,887.4,True,True,False,0.5036,0.0,0.5036,890.58,2009-04-08 12:59:00,0.9708,880.48,2009-04-08 14:24:00,True,2009-04-08 12:59:00,0.0263,0.9708,True,886.95,2009-04-08 12:55:00,0.0263
GC,2009-04-09,Thursday,ADR,882.93,881.78,1.1499999999999773,883.2,881.7,1.5,True,LONG,2009-04-08 21:25:00,883.43,True,True,True,1.5391,0.5913,1.5391,884.7,2009-04-09 00:45:00,0.8957,881.9,2009-04-08 21:36:00,True,2009-04-08 21:32:00,0.8957,0.8957,True,882.15,2009-04-08 21:35:00,0.6783
GC,2009-04-09,Thursday,ODR,883.48,881.08,2.3999999999999773,883.73,880.8,2.9300000000000637,True,LONG,2009-04-09 04:25:00,883.93,False,True,False,1.4042,2.0833,1.4042,886.85,2009-04-09 06:08:00,3.0833,876.08,2009-04-09 08:21:00,True,2009-04-09 04:37:00,0.125,3.0833,True,883.43,2009-04-09 05:40:00,0.0208
GC,2009-04-09,Thursday,RDR,882.3,876.93,5.3700000000000045,883.0,876.63,6.3700000000000045,True,LONG,2009-04-09 12:30:00,883.1,True,True,False,0.3631,0.0,0.3631,884.25,2009-04-09 12:37:00,0.7914,878.05,2009-04-09 15:58:00,False,,0.0,,True,882.15,2009-04-09 12:47:00,0.0279
GC,2009-04-10,Friday,ODR,884.85,883.1,1.75,884.85,883.0,1.8500000000000227,True,LONG,2009-04-10 04:25:00,885.15,False,True,False,0.8286,0.1143,0.8286,886.3,2009-04-10 04:52:00,1.1143,882.9,2009-04-10 05:14:00,True,2009-04-10 04:51:00,0.2857,1.1143,True,884.35,2009-04-10 04:46:00,0.2857
GC,2009-04-13,Monday,ADR,884.55,883.35,1.1999999999999318,884.55,883.0,1.5499999999999545,True,LONG,2009-04-12 20:45:00,884.8,True,True,True,3.9833,0.0,3.9833,889.33,2009-04-13 01:03:00,0.9167,883.45,2009-04-12 21:41:00,True,2009-04-12 20:56:00,0.9167,0.9167,True,884.48,2009-04-12 21:16:00,0.0583
GC,2009-04-13,Monday,ODR,889.33,887.9,1.4300000000000637,889.43,887.83,1.599999999999909,True,SHORT,2009-04-13 05:00:00,887.5,False,True,False,0.7343,1.7622,1.7622,885.38,2009-04-13 07:51:00,1.7343,890.38,2009-04-13 08:29:00,True,2009-04-13 05:08:00,0.3846,1.7343,True,888.03,2009-04-13 05:17:00,0.0909
GC,2009-04-13,Monday,RDR,897.1,894.7,2.3999999999999773,898.4,894.35,4.0499999999999545,True,LONG,2009-04-13 11:30:00,898.5,False,True,False,1.3542,1.1458,1.3542,900.35,2009-04-13 11:50:00,2.1458,891.95,2009-04-13 14:01:00,True,2009-04-13 11:35:00,0.0,2.1458,True,897.1,2009-04-13 12:03:00,0.0
GC,2009-04-14,Tuesday,ADR,896.28,893.15,3.1299999999999955,896.53,892.6,3.92999999999995,True,LONG,2009-04-13 22:25:00,896.55,True,True,True,0.8211,0.0863,0.8211,898.85,2009-04-14 00:29:00,0.345,895.2,2009-04-13 23:00:00,True,2009-04-13 22:38:00,0.345,0.345,True,895.2,2009-04-13 23:00:00,0.345
GC,2009-04-14,Tuesday,ODR,898.35,895.68,2.6700000000000728,898.6,894.88,3.7200000000000273,True,SHORT,2009-04-14 06:00:00,894.78,True,True,True,0.0,3.0524,3.0524,887.53,2009-04-14 08:20:00,0.7004,897.55,2009-04-14 07:18:00,True,2009-04-14 06:29:00,0.7004,0.7004,True,896.53,2009-04-14 07:08:00,0.3184
GC,2009-04-14,Tuesday,RDR,893.48,886.88,6.600000000000023,893.6,886.53,7.07000000000005,False,,,,,,,0.0227,0.0303,,,,,,,False,,,,False,,,
GC,2009-04-15,Wednesday,ADR,892.23,888.75,3.480000000000018,892.58,888.48,4.100000000000023,True,LONG,2009-04-14 21:10:00,892.88,True,True,True,0.4167,0.0,0.4167,893.68,2009-04-14 21:15:00,0.4885,890.53,2009-04-14 22:17:00,False,,0.0,,True,892.18,2009-04-14 21:37:00,0.0144
GC,2009-04-15,Wednesday,ODR,891.75,890.03,1.7200000000000273,892.48,888.4,4.080000000000041,True,LONG,2009-04-15 06:20:00,894.53,True,False,,4.7558,1.1221,4.7558,899.93,2009-04-15 08:16:00,0.0,893.23,2009-04-15 07:25:00,True,2009-04-15 06:25:00,0.0,0.0,False,,,
GC,2009-04-15,Wednesday,RDR,894.83,889.58,5.25,895.13,888.28,6.850000000000023,False,,,,,,,0.0,0.0286,,,,,,,False,,,,False,,,
GC,2009-04-16,Thursday,ADR,892.4,889.45,2.949999999999932,892.48,888.48,4.0,True,SHORT,2009-04-15 21:10:00,888.2,True,True,False,0.0,0.5322,0.4814,888.03,2009-04-15 21:17:00,0.9085,892.13,2009-04-16 01:28:00,False,,0.0,,True,889.5,2009-04-15 21:26:00,0.0169
GC,2009-04-16,Thursday,ODR,893.25,892.0,1.25,893.3,891.98,1.3199999999999363,True,SHORT,2009-04-16 04:25:00,891.8,False,True,False,0.784,3.776,3.776,887.28,2009-04-16 07:14:00,1.784,894.23,2009-04-16 08:28:00,True,2009-04-16 05:18:00,0.744,1.784,True,892.15,2009-04-16 04:37:00,0.12
GC,2009-04-16,Thursday,RDR,889.68,878.3,11.379999999999995,890.18,877.08,13.099999999999909,True,SHORT,2009-04-16 14:25:00,876.25,True,False,,0.0,0.5141,0.5141,872.45,2009-04-16 15:43:00,0.0,877.28,2009-04-16 14:34:00,True,2009-04-16 15:43:00,0.0,0.0,False,,,
GC,2009-04-17,Friday,ADR,877.33,874.08,3.25,877.33,872.93,4.400000000000091,False,,,,,,,0.0,0.2615,,,,,,,False,,,,False,,,
GC,2009-04-17,Friday,ODR,875.73,874.28,1.4500000000000455,876.25,874.03,2.2200000000000273,True,SHORT,2009-04-17 04:30:00,873.08,True,True,True,0.0,5.1241,5.1241,866.85,2009-04-17 07:05:00,0.0345,874.33,2009-04-17 08:20:00,True,2009-04-17 04:35:00,0.0,0.0345,True,874.33,2009-04-17 08:20:00,0.0345
GC,2009-04-17,Friday,RDR,872.93,866.23,6.699999999999932,872.93,865.33,7.599999999999909,False,,,,,,,0.0,0.1463,,,,,,,False,,,,False,,,
GC,2009-04-20,Monday,ADR,870.2,866.95,3.25,870.3,866.73,3.5699999999999363,True,SHORT,2009-04-19 20:30:00,866.63,True,True,False,0.1169,0.5231,0.5231,865.25,2009-04-19 20:53:00,1.1169,870.58,2009-04-20 00:38:00,True,2009-04-19 20:53:00,0.0,1.1169,True,867.58,2009-04-19 21:06:00,0.1938
GC,2009-04-20,Monday,ODR,871.33,868.98,2.3500000000000227,871.58,868.48,3.1000000000000227,True,LONG,2009-04-20 04:10:00,872.6,True,True,True,3.1574,0.1915,3.1574,878.75,2009-04-20 08:27:00,0.6936,869.7,2009-04-20 05:04:00,True,2009-04-20 04:15:00,0.6936,0.6936,True,870.73,2009-04-20 04:30:00,0.2553
GC,2009-04-20,Monday,RDR,881.65,875.68,5.970000000000027,882.58,875.2,7.3799999999999955,True,LONG,2009-04-20 10:30:00,883.13,True,True,True,1.1943,0.0,1.1943,888.78,2009-04-20 12:45:00,0.0168,881.55,2009-04-20 10:50:00,True,2009-04-20 10:54:00,0.0168,0.0,True,881.65,2009-04-20 10:41:00,0.0
GC,2009-04-21,Tuesday,ADR,888.18,883.55,4.6299999999999955,888.28,883.18,5.100000000000023,False,,,,,,,0.0756,0.0,,,,,,,False,,,,False,,,
GC,2009-04-21,Tuesday,ODR,891.28,888.83,2.449999999999932,891.43,888.8,2.6299999999999955,True,SHORT,2009-04-21 04:10:00,888.43,False,True,False,1.7633,1.4204,1.4204,885.35,2009-04-21 06:35:00,2.7633,895.6,2009-04-21 08:28:00,True,2009-04-21 06:23:00,0.7755,2.7633,True,889.13,2009-04-21 04:15:00,0.1224
GC,2009-04-21,Tuesday,RDR,894.08,888.75,5.330000000000041,894.53,887.88,6.649999999999977,True,SHORT,2009-04-21 10:35:00,886.7,True,False,,0.0,1.7917,1.7917,879.2,2009-04-21 14:45:00,0.0,888.13,2009-04-21 10:47:00,True,2009-04-21 11:01:00,0.0,0.0,False,,,
GC,2009-04-22,Wednesday,ADR,884.0,882.63,1.3700000000000045,884.03,882.33,1.6999999999999318,True,LONG,2009-04-21 20:30:00,884.05,True,True,True,1.5547,0.0,1.5547,886.13,2009-04-22 01:51:00,0.708,883.03,2009-04-21 21:13:00,True,2009-04-21 20:35:00,0.708,0.708,True,883.73,2009-04-21 21:04:00,0.1971
GC,2009-04-22,Wednesday,ODR,887.68,885.55,2.1299999999999955,888.3,885.23,3.0699999999999363,True,SHORT,2009-04-22 04:30:00,885.18,False,True,False,1.2535,1.4319,1.4319,882.5,2009-04-22 07:06:00,2.2535,890.35,2009-04-22 08:24:00,True,2009-04-22 07:05:00,0.7042,2.2535,True,885.78,2009-04-22 04:43:00,0.108
GC,2009-04-22,Wednesday,RDR,887.73,885.65,2.080000000000041,889.08,883.53,5.550000000000068,True,LONG,2009-04-22 12:45:00,890.43,True,False,,2.9808,0.3462,2.9808,893.93,2009-04-22 13:12:00,0.0,888.7,2009-04-22 14:32:00,True,2009-04-22 12:50:00,0.0,0.0,False,,,
GC,2009-04-23,Thursday,ADR,893.33,892.25,1.080000000000041,893.45,892.03,1.4200000000000728,True,LONG,2009-04-22 20:40:00,893.58,False,True,False,1.5741,1.8241,1.5741,895.03,2009-04-22 20:58:00,2.8241,890.28,2009-04-23 01:39:00,True,2009-04-22 20:46:00,0.0278,2.8241,True,893.3,2009-04-22 20:45:00,0.0278
GC,2009-04-23,Thursday,ODR,894.73,892.03,2.7000000000000455,894.73,891.93,2.800000000000068,True,LONG,2009-04-23 04:00:00,894.78,False,True,False,0.2963,0.1667,0.1296,895.08,2009-04-23 05:35:00,1.1667,891.58,2009-04-23 07:28:00,False,,0.6852,,True,894.63,2009-04-23 04:06:00,0.037
GC,2009-04-23,Thursday,RDR,904.83,892.63,12.200000000000045,907.93,892.33,15.599999999999909,True,LONG,2009-04-23 11:15:00,908.73,True,True,False,0.377,0.0,0.3197,908.73,2009-04-23 11:20:00,0.277,901.45,2009-04-23 15:59:00,False,,0.0,,True,904.83,2009-04-23 13:18:00,0.0
GC,2009-04-24,Friday,ADR,906.38,905.43,0.9500000000000455,906.53,905.38,1.1499999999999773,True,LONG,2009-04-23 20:30:00,906.73,False,True,True,6.8947,0.7368,6.8947,912.93,2009-04-24 00:43:00,1.7368,904.73,2009-04-23 22:02:00,True,2009-04-23 20:36:00,1.7368,1.7368,True,906.38,2009-04-23 20:41:00,0.0
GC,2009-04-24,Friday,ODR,912.83,910.88,1.9500000000000455,913.45,910.63,2.82000000000005,True,SHORT,2009-04-24 04:15:00,910.33,True,True,True,0.4359,2.5128,2.5128,905.98,2009-04-24 08:23:00,1.4359,913.68,2009-04-24 06:43:00,True,2009-04-24 04:26:00,1.4359,1.4359,True,910.9,2009-04-24 04:30:00,0.0103
GC,2009-04-24,Friday,RDR,911.3,906.0,5.2999999999999545,911.4,904.63,6.769999999999982,True,LONG,2009-04-24 12:00:00,912.03,True,True,True,0.5717,0.0283,0.5717,914.33,2009-04-24 13:20:00,0.2208,910.13,2009-04-24 12:25:00,True,2009-04-24 13:20:00,0.2208,0.0,True,911.3,2009-04-24 12:08:00,0.0
GC,2009-04-27,Monday,ADR,918.2,916.65,1.5500000000000682,918.25,916.65,1.6000000000000227,True,LONG,2009-04-26 20:30:00,918.58,False,True,False,0.4387,1.4645,0.4387,918.88,2009-04-26 20:38:00,2.4645,914.38,2009-04-26 22:59:00,False,,0.0129,,True,918.18,2009-04-26 20:37:00,0.0129
GC,2009-04-27,Monday,ODR,916.58,913.78,2.800000000000068,916.73,913.58,3.1499999999999773,True,SHORT,2009-04-27 04:25:00,912.13,True,True,True,0.0,1.9286,1.9286,908.38,2009-04-27 08:29:00,0.3571,914.78,2009-04-27 06:36:00,True,2009-04-27 04:30:00,0.3571,0.3571,True,913.88,2009-04-27 06:07:00,0.0357
GC,2009-04-27,Monday,RDR,913.38,906.88,6.5,913.73,906.78,6.9500000000000455,True,SHORT,2009-04-27 15:20:00,906.68,True,True,True,0.0,0.1431,0.1431,905.95,2009-04-27 15:56:00,0.1108,907.6,2009-04-27 15:30:00,False,,0.1108,,True,907.0,2009-04-27 15:28:00,0.0185
GC,2009-04-28,Tuesday,ADR,907.15,896.6,10.549999999999955,907.18,894.8,12.379999999999995,False,,,,,,,0.0,0.0825,,,,,,,False,,,,False,,,
GC,2009-04-28,Tuesday,ODR,898.63,895.18,3.4500000000000455,899.28,894.83,4.449999999999932,True,LONG,2009-04-28 07:20:00,899.93,False,True,False,0.6087,2.2899,0.6087,900.73,2009-04-28 07:25:00,3.2899,887.28,2009-04-28 08:26:00,True,2009-04-28 07:25:00,0.0,3.2899,True,898.4,2009-04-28 07:34:00,0.0667
GC,2009-04-28,Tuesday,RDR,891.63,887.73,3.8999999999999773,892.33,887.15,5.180000000000064,True,LONG,2009-04-28 12:50:00,892.73,True,True,True,0.859,0.0,0.859,894.98,2009-04-28 15:59:00,0.1154,891.18,2009-04-28 14:07:00,True,2009-04-28 12:59:00,0.1154,0.1154,True,891.58,2009-04-28 13:55:00,0.0128
GC,2009-04-29,Wednesday,ADR,891.65,888.35,3.2999999999999545,891.68,888.13,3.5499999999999545,True,LONG,2009-04-28 21:15:00,892.1,True,True,True,0.797,0.0,0.797,894.28,2009-04-29 01:36:00,0.3636,890.45,2009-04-28 22:13:00,True,2009-04-28 23:32:00,0.3636,0.0,True,891.43,2009-04-28 21:20:00,0.0667
GC,2009-04-29,Wednesday,ODR,895.9,894.5,1.3999999999999773,896.08,894.28,1.8000000000000682,True,SHORT,2009-04-29 04:30:00,894.23,False,True,False,3.1429,0.4643,0.4643,893.85,2009-04-29 05:23:00,4.1429,900.3,2009-04-29 08:24:00,False,,1.2357,,True,894.75,2009-04-29 04:41:00,0.1786
GC,2009-04-29,Wednesday,RDR,900.8,896.75,4.0499999999999545,901.13,896.28,4.850000000000023,True,LONG,2009-04-29 12:00:00,901.28,False,True,False,0.679,0.8765,0.679,903.55,2009-04-29 14:14:00,1.8765,893.2,2009-04-29 14:21:00,True,2009-04-29 14:12:00,0.7531,1.8765,True,900.18,2009-04-29 12:07:00,0.1531
GC,2009-04-30,Thursday,ADR,896.08,893.63,2.4500000000000455,896.13,893.15,2.980000000000018,True,LONG,2009-04-30 01:40:00,896.23,True,False,,0.3959,0.0,0.3959,897.05,2009-04-30 01:48:00,0.0,896.23,2009-04-30 01:59:00,False,,0.0,,False,,,
GC,2009-04-30,Thursday,ODR,900.33,898.33,2.0,900.38,896.95,3.42999999999995,True,SHORT,2009-04-30 05:15:00,893.75,True,False,,0.0,8.89,8.89,880.55,2009-04-30 08:25:00,0.0,893.85,2009-04-30 05:20:00,True,2009-04-30 05:20:00,0.0,0.0,False,,,
GC,2009-04-30,Thursday,RDR,885.2,882.43,2.7700000000000955,885.55,881.63,3.919999999999959,True,LONG,2009-04-30 11:15:00,886.18,True,True,True,2.9422,0.4152,2.9422,893.35,2009-04-30 13:32:00,0.2708,884.45,2009-04-30 12:12:00,True,2009-04-30 11:20:00,0.2708,0.2708,True,884.45,2009-04-30 12:12:00,0.2708
GC,2009-05-01,Friday,ADR,887.2,883.45,3.75,887.48,883.38,4.100000000000023,False,,,,,,,0.0,0.0,,,,,,,False,,,,False,,,
GC,2009-05-01,Friday,ODR,886.38,882.93,3.4500000000000455,886.8,881.7,5.099999999999909,True,SHORT,2009-05-01 04:25:00,881.63,True,True,False,0.0348,0.6522,0.6522,880.68,2009-05-01 04:39:00,1.0348,886.5,2009-05-01 08:27:00,True,2009-05-01 04:34:00,0.0,1.0348,True,882.93,2009-05-01 04:53:00,0.0
GC,2009-05-01,Friday,RDR,885.63,883.28,2.3500000000000227,886.68,882.98,3.699999999999932,True,LONG,2009-05-01 12:20:00,888.45,True,True,True,1.9149,0.0,1.9149,890.13,2009-05-01 12:33:00,0.1489,885.28,2009-05-01 14:24:00,True,2009-05-01 12:25:00,0.0,0.1489,True,885.63,2009-05-01 13:35:00,0.0
GC,2009-05-04,Monday,ADR,887.65,886.2,1.4499999999999318,887.85,885.83,2.019999999999982,True,LONG,2009-05-03 21:10:00,889.38,True,False,,3.8828,0.0828,3.8828,893.28,2009-05-03 23:44:00,0.0,889.15,2009-05-03 21:22:00,True,2009-05-03 21:15:00,0.0,0.0,False,,,
GC,2009-05-04,Monday,ODR,895.2,893.53,1.6700000000000728,895.23,893.33,1.8999999999999773,True,SHORT,2009-05-04 05:15:00,893.18,True,True,True,0.0,2.485,2.485,889.38,2009-05-04 07:18:00,0.2814,894.0,2009-05-04 06:08:00,True,2009-05-04 05:27:00,0.2814,0.2814,True,893.83,2009-05-04 06:07:00,0.1796
GC,2009-05-04,Monday,RDR,906.6,891.33,15.269999999999982,907.7,891.33,16.370000000000005,False,,,,,,,0.0,0.0,,,,,,,False,,,,False,,,
GC,2009-05-05,Tuesday,ADR,904.73,903.03,1.7000000000000455,904.75,902.25,2.5,True,LONG,2009-05-04 21:40:00,905.63,False,True,False,0.7765,0.5,0.7765,906.05,2009-05-04 21:52:00,1.5,902.18,2009-05-05 01:34:00,True,2009-05-04 21:45:00,0.0,1.5,True,904.73,2009-05-05 00:34:00,0.0
GC,2009-05-05,Tuesday,ODR,904.18,902.53,1.6499999999999773,904.28,902.33,1.9499999999999318,True,SHORT,2009-05-05 05:45:00,902.3,False,True,False,5.8485,1.503,1.503,900.05,2009-05-05 06:08:00,6.8485,913.83,2009-05-05 07:42:00,True,2009-05-05 05:56:00,0.0,6.8485,True,902.53,2009-05-05 06:35:00,0.0
GC,2009-05-05,Tuesday,RDR,913.3,909.28,4.019999999999982,913.3,909.05,4.25,True,SHORT,2009-05-05 10:40:00,908.3,True,False,,0.0,3.4328,3.4328,895.48,2009-05-05 14:43:00,0.0,909.03,2009-05-05 10:45:00,True,2009-05-05 10:45:00,0.0,0.0,False,,,
GC,2009-05-06,Wednesday,ADR,898.6,895.25,3.3500000000000227,898.68,895.2,3.4799999999999045,True,LONG,2009-05-05 21:10:00,898.88,True,True,True,1.5015,0.0,1.5015,903.63,2009-05-06 01:30:00,0.0358,898.48,2009-05-05 21:15:00,True,2009-05-06 00:18:00,0.0358,0.0,True,898.48,2009-05-05 21:15:00,0.0358
GC,2009-05-06,Wednesday,ODR,903.23,901.78,1.4500000000000455,903.58,901.65,1.9300000000000637,True,LONG,2009-05-06 04:00:00,903.6,True,True,True,3.1172,0.0,3.1172,907.75,2009-05-06 08:05:00,0.6069,902.35,2009-05-06 08:20:00,True,2009-05-06 04:08:00,0.4483,0.6069,True,903.13,2009-05-06 05:21:00,0.069
GC,2009-05-06,Wednesday,RDR,911.3,907.2,4.099999999999909,911.45,907.2,4.25,True,SHORT,2009-05-06 11:05:00,906.78,False,True,False,0.1707,0.578,0.578,904.83,2009-05-06 11:29:00,1.1707,912.0,2009-05-06 15:15:00,True,2009-05-06 11:29:00,0.361,1.1707,True,907.23,2009-05-06 11:10:00,0.0073
GC,2009-05-07,Thursday,ADR,912.03,910.8,1.2300000000000182,912.2,910.43,1.7700000000000955,True,SHORT,2009-05-06 23:00:00,909.6,False,True,False,1.6423,0.9756,0.9756,909.6,2009-05-06 23:05:00,2.6423,914.05,2009-05-07 01:40:00,True,2009-05-06 23:05:00,0.0813,2.6423,True,910.9,2009-05-06 23:05:00,0.0813
GC,2009-05-07,Thursday,ODR,913.83,912.08,1.75,914.08,911.98,2.1000000000000227,True,LONG,2009-05-07 05:20:00,914.23,True,True,True,5.7543,0.0286,5.7543,923.9,2009-05-07 08:28:00,0.9143,912.23,2009-05-07 05:44:00,True,2009-05-07 05:28:00,0.9143,0.9143,True,913.68,2009-05-07 05:31:00,0.0857
GC,2009-05-07,Thursday,RDR,918.98,911.6,7.3799999999999955,919.25,909.1,10.149999999999977,False,,,,,,,0.0,0.21,,,,,,,False,,,,False,,,
GC,2009-05-08,Friday,ADR,914.5,912.45,2.0499999999999545,914.9,912.45,2.449999999999932,True,LONG,2009-05-08 01:50:00,914.93,True,True,True,0.439,0.0,0.439,915.4,2009-05-08 01:56:00,0.0244,914.45,2009-05-08 01:59:00,False,,0.0,,True,914.45,2009-05-08 01:59:00,0.0244
GC,2009-05-08,Friday,ODR,915.63,913.9,1.7300000000000182,915.7,913.83,1.8700000000000045,True,SHORT,2009-05-08 04:15:00,913.55,False,True,False,1.9075,0.2428,0.2428,913.48,2009-05-08 04:20:00,2.9075,918.93,2009-05-08 08:18:00,False,,0.0,,True,913.98,2009-05-08 04:27:00,0.0462
GC,2009-05-08,Friday,RDR,914.48,907.78,6.7000000000000455,915.03,905.65,9.379999999999995,True,LONG,2009-05-08 13:25:00,915.2,True,True,True,0.3955,0.0,0.3955,917.13,2009-05-08 14:28:00,0.0522,914.13,2009-05-08 15:16:00,False,,0.0,,True,914.48,2009-05-08 13:47:00,0.0
GC,2009-05-11,Monday,ADR,918.18,915.25,2.92999999999995,918.18,915.2,2.9799999999999045,True,SHORT,2009-05-10 21:40:00,914.98,True,True,False,0.0,0.5973,0.5973,913.5,2009-05-10 22:03:00,0.9386,918.0,2009-05-11 01:49:00,True,2009-05-10 21:56:00,0.0,0.9386,True,915.25,2009-05-10 23:19:00,0.0
GC,2009-05-11,Monday,ODR,916.15,914.38,1.7699999999999818,916.15,914.18,1.9700000000000273,True,SHORT,2009-05-11 04:50:00,914.15,True,True,True,0.1582,3.0791,3.0791,908.93,2009-05-11 08:24:00,0.113,914.58,2009-05-11 05:26:00,True,2009-05-11 05:33:00,0.113,0.0282,True,914.43,2009-05-11 04:56:00,0.0282
GC,2009-05-11,Monday,RDR,914.73,912.33,2.3999999999999773,916.15,911.43,4.720000000000027,False,,,,,,,0.4458,0.3667,,,,,,,False,,,,False,,,
GC,2009-05-12,Tuesday,ADR,914.8,913.23,1.5699999999999363,915.2,913.23,1.9700000000000273,True,SHORT,2009-05-11 21:00:00,911.85,True,True,False,0.0,1.3885,1.3885,911.05,2009-05-11 21:07:00,0.9236,914.68,2009-05-11 23:24:00,True,2009-05-11 21:05:00,0.0,0.9236,True,913.23,2009-05-11 21:05:00,0.0
GC,2009-05-12,Tuesday,ODR,916.63,913.25,3.3799999999999955,917.18,913.15,4.029999999999973,True,LONG,2009-05-12 04:00:00,917.33,True,False,,2.003,0.0,2.003,923.4,2009-05-12 07:48:00,0.0,917.03,2009-05-12 07:01:00,True,2009-05-12 04:05:00,0.0,0.0,False,,,
GC,2009-05-12,Tuesday,RDR,920.0,916.03,3.9700000000000273,920.1,915.88,4.220000000000027,True,LONG,2009-05-12 11:00:00,920.3,True,True,True,1.1033,0.0252,1.1033,924.38,2009-05-12 15:23:00,0.403,918.4,2009-05-12 12:00:00,True,2009-05-12 12:28:00,0.403,0.1637,True,919.98,2009-05-12 11:05:00,0.005
GC,2009-05-13,Wednesday,ADR,928.08,925.8,2.2800000000000864,928.1,924.5,3.6000000000000227,True,LONG,2009-05-13 01:50:00,928.18,True,True,False,0.1974,0.6579,0.1974,928.53,2009-05-13 01:55:00,0.1316,927.78,2009-05-13 01:58:00,False,,0.0,,True,928.08,2009-05-13 01:56:00,0.0
GC,2009-05-13,Wednesday,ODR,927.85,925.4,2.4500000000000455,928.05,925.38,2.669999999999959,True,LONG,2009-05-13 04:05:00,928.1,False,True,False,0.2776,2.551,0.2776,928.53,2009-05-13 04:12:00,3.551,919.15,2009-05-13 08:03:00,False,,0.0,,True,927.8,2009-05-13 04:16:00,0.0204
GC,2009-05-13,Wednesday,RDR,927.88,919.45,8.42999999999995,928.28,919.05,9.230000000000018,True,LONG,2009-05-13 10:30:00,928.78,True,True,False,0.3796,0.0,0.3796,931.08,2009-05-13 11:32:00,0.4247,924.3,2009-05-13 13:35:00,False,,0.2906,,True,927.0,2009-05-13 10:35:00,0.1044
GC,2009-05-14,Thursday,ADR,927.4,923.95,3.449999999999932,927.63,923.25,4.3799999999999955,False,,,,,,,0.0,0.2609,,,,,,,False,,,,False,,,
GC,2009-05-14,Thursday,ODR,925.15,922.65,2.5,925.28,922.38,2.8999999999999773,True,LONG,2009-05-14 04:00:00,925.45,False,True,False,0.212,0.788,0.18,925.6,2009-05-14 04:19:00,1.788,920.68,2009-05-14 08:22:00,False,,0.448,,True,924.95,2009-05-14 04:07:00,0.08
GC,2009-05-14,Thursday,RDR,925.93,923.88,2.0499999999999545,926.45,923.55,2.900000000000091,True,LONG,2009-05-14 10:55:00,927.23,True,True,True,1.522,0.0,1.522,929.05,2009-05-14 14:21:00,0.6244,924.65,2009-05-14 12:53:00,True,2009-05-14 11:00:00,0.6244,0.6244,True,925.53,2009-05-14 12:28:00,0.1951
GC,2009-05-15,Friday,ADR,927.1,925.83,1.2699999999999818,927.2,925.68,1.5200000000000955,True,LONG,2009-05-15 00:45:00,927.53,True,True,False,0.378,0.0394,0.378,927.58,2009-05-15 00:50:00,0.3307,926.68,2009-05-15 01:57:00,False,,0.0,,True,927.03,2009-05-15 00:54:00,0.0551
GC,2009-05-15,Friday,ODR,927.28,926.13,1.1499999999999773,927.33,925.88,1.4500000000000455,True,SHORT,2009-05-15 04:40:00,925.43,True,True,True,0.1304,1.6087,1.6087,924.28,2009-05-15 06:21:00,1.1304,927.43,2009-05-15 07:36:00,True,2009-05-15 04:45:00,0.087,1.1304,True,926.18,2009-05-15 05:17:00,0.0435
GC,2009-05-15,Friday,RDR,929.98,927.88,2.1000000000000227,931.23,927.73,3.5,True,LONG,2009-05-15 10:35:00,933.18,True,True,True,2.0952,0.0,2.0952,934.38,2009-05-15 11:04:00,0.7524,928.4,2009-05-15 13:37:00,True,2009-05-15 10:40:00,0.0,0.7524,True,929.4,2009-05-15 13:35:00,0.2762
GC,2009-05-18,Monday,ADR,932.23,929.78,2.4500000000000455,932.3,929.58,2.7199999999999136,True,SHORT,2009-05-17 20:30:00,929.35,False,True,False,0.7347,0.2449,0.2041,929.28,2009-05-17 20:35:00,1.7347,934.03,2009-05-18 00:52:00,False,,0.0,,True,929.95,2009-05-17 20:42:00,0.0694
GC,2009-05-18,Monday,ODR,932.53,930.78,1.75,932.7,930.28,2.4200000000000728,True,SHORT,2009-05-18 04:10:00,929.63,True,True,True,0.0,2.3314,2.3314,926.7,2009-05-18 07:17:00,0.2286,931.18,2009-05-18 05:39:00,True,2009-05-18 04:15:00,0.2286,0.2286,True,930.8,2009-05-18 05:37:00,0.0114
GC,2009-05-18,Monday,RDR,931.68,920.48,11.199999999999932,931.68,919.48,12.199999999999932,True,SHORT,2009-05-18 14:00:00,919.2,True,True,True,0.0,0.1857,0.1857,918.4,2009-05-18 14:26:00,0.2563,923.35,2009-05-18 15:33:00,False,,0.0,,True,920.85,2009-05-18 14:33:00,0.033
GC,2009-05-19,Tuesday,ADR,920.03,918.65,1.3799999999999955,920.33,917.5,2.830000000000041,True,LONG,2009-05-18 20:35:00,920.7,True,False,,2.1739,0.0,2.1739,923.03,2009-05-18 23:30:00,0.0,920.5,2009-05-18 20:46:00,True,2009-05-18 20:40:00,0.0,0.0,False,,,
GC,2009-05-19,Tuesday,ODR,923.55,922.35,1.1999999999999318,924.0,921.6,2.3999999999999773,True,SHORT,2009-05-19 05:10:00,920.88,False,True,False,1.9,1.9333,1.9333,920.03,2009-05-19 05:19:00,2.9,925.83,2009-05-19 08:25:00,True,2009-05-19 05:15:00,0.0,2.9,True,922.5,2009-05-19 06:03:00,0.125
GC,2009-05-19,Tuesday,RDR,927.65,922.95,4.699999999999932,928.0,922.5,5.5,True,LONG,2009-05-19 13:40:00,928.4,True,True,False,0.5,0.0,0.5,930.0,2009-05-19 14:34:00,0.4468,925.55,2009-05-19 15:58:00,True,2009-05-19 14:34:00,0.0,0.4468,True,927.4,2009-05-19 15:05:00,0.0532
GC,2009-05-20,Wednesday,ADR,926.93,924.75,2.17999999999995,927.08,924.75,2.330000000000041,True,LONG,2009-05-19 21:05:00,927.18,True,True,True,0.5275,0.0,0.5275,928.08,2009-05-20 01:42:00,0.6422,925.53,2009-05-19 22:04:00,True,2009-05-20 01:25:00,0.6422,0.0,True,926.88,2009-05-19 21:17:00,0.0229
GC,2009-05-20,Wednesday,ODR,929.93,927.93,2.0,930.35,927.8,2.550000000000068,True,LONG,2009-05-20 06:55:00,931.73,True,False,,1.425,0.09,1.425,932.78,2009-05-20 07:54:00,0.0,930.65,2009-05-20 07:30:00,True,2009-05-20 07:00:00,0.0,0.0,False,,,
GC,2009-05-20,Wednesday,RDR,940.58,932.28,8.300000000000068,940.98,932.1,8.879999999999995,False,,,,,,,0.0,0.0,,,,,,,False,,,,False,,,
GC,2009-05-21,Thursday,ADR,939.23,937.28,1.9500000000000455,939.38,936.65,2.730000000000018,True,LONG,2009-05-20 20:45:00,939.85,True,False,,2.1026,0.0,2.1026,943.33,2009-05-20 22:38:00,0.0,939.38,2009-05-20 21:01:00,True,2009-05-20 22:22:00,0.0,0.0,False,,,
GC,2009-05-21,Thursday,ODR,943.85,940.1,3.75,943.93,939.93,4.0,True,SHORT,2009-05-21 07:00:00,939.5,True,True,True,0.0,0.6053,0.6053,937.83,2009-05-21 08:20:00,0.2533,941.05,2009-05-21 07:16:00,True,2009-05-21 08:20:00,0.2533,0.0,True,940.68,2009-05-21 07:05:00,0.1547
GC,2009-05-21,Thursday,RDR,940.25,936.93,3.32000000000005,940.38,936.73,3.6499999999999773,True,LONG,2009-05-21 11:10:00,940.7,True,False,,4.6084,0.0542,4.6084,955.55,2009-05-21 14:12:00,0.0,940.43,2009-05-21 11:15:00,True,2009-05-21 11:19:00,0.0,0.0,False,,,
GC,2009-05-22,Friday,ADR,953.9,952.15,1.75,954.15,952.15,2.0,True,LONG,2009-05-21 20:45:00,954.45,False,True,False,0.76,0.6571,0.76,955.23,2009-05-21 20:52:00,1.6571,951.0,2009-05-21 23:58:00,True,2009-05-21 20:50:00,0.0,1.6571,True,953.65,2009-05-21 21:09:00,0.1429
GC,2009-05-22,Friday,ODR,952.85,951.73,1.1200000000000045,953.15,951.48,1.669999999999959,True,SHORT,2009-05-22 04:25:00,951.38,False,True,False,6.3214,0.8036,0.8036,950.83,2009-05-22 04:36:00,7.3214,959.93,2009-05-22 08:13:00,True,2009-05-22 04:35:00,0.0,7.3214,True,951.78,2009-05-22 04:54:00,0.0446
GC,2009-05-22,Friday,RDR,960.83,957.93,2.900000000000091,961.08,957.3,3.7800000000000864,True,SHORT,2009-05-22 11:05:00,957.15,True,True,False,0.0,0.9483,0.9483,955.18,2009-05-22 11:22:00,0.569,959.58,2009-05-22 12:11:00,True,2009-05-22 11:20:00,0.0,0.569,True,958.28,2009-05-22 11:26:00,0.1207
GC,2009-05-25,Monday,ADR,957.3,956.08,1.2199999999999136,957.35,955.73,1.6200000000000045,True,SHORT,2009-05-24 22:00:00,955.05,True,False,,0.0,2.6639,2.6639,952.83,2009-05-25 01:18:00,0.0,955.4,2009-05-24 23:13:00,True,2009-05-24 22:05:00,0.0,0.0,False,,,
GC,2009-05-25,Monday,ODR,954.93,953.5,1.42999999999995,954.98,953.05,1.9300000000000637,True,SHORT,2009-05-25 04:10:00,953.03,False,True,False,0.6993,0.5734,0.5734,952.68,2009-05-25 04:31:00,1.6993,955.93,2009-05-25 08:27:00,True,2009-05-25 04:27:00,0.0,1.6993,True,953.63,2009-05-25 04:59:00,0.0909
GC,2009-05-26,Tuesday,ADR,957.35,955.65,1.7000000000000455,957.43,955.65,1.7799999999999727,True,SHORT,2009-05-25 21:30:00,955.23,True,False,,0.0,1.2176,1.2176,953.58,2009-05-26 01:48:00,0.0,955.58,2009-05-25 21:45:00,True,2009-05-25 21:47:00,0.0,0.0,False,,,
GC,2009-05-26,Tuesday,ODR,952.68,951.63,1.0499999999999545,952.73,951.15,1.580000000000041,True,SHORT,2009-05-26 04:05:00,950.48,True,True,True,0.0,11.9524,11.9524,939.08,2009-05-26 05:06:00,0.2095,951.85,2009-05-26 08:13:00,True,2009-05-26 04:10:00,0.0,0.2095,True,951.85,2009-05-26 08:13:00,0.2095
GC,2009-05-26,Tuesday,RDR,948.6,945.98,2.6200000000000045,948.93,945.18,3.75,True,LONG,2009-05-26 10:35:00,949.23,True,False,,2.3397,0.0,2.3397,954.73,2009-05-26 14:28:00,0.0,949.03,2009-05-26 10:43:00,True,2009-05-26 10:51:00,0.0,0.0,False,,,
GC,2009-05-27,Wednesday,ADR,952.5,950.28,2.2200000000000273,952.65,950.08,2.5699999999999363,True,SHORT,2009-05-26 21:15:00,949.95,True,False,,0.0,1.1847,1.1847,947.65,2009-05-26 22:42:00,0.0,950.15,2009-05-27 01:03:00,True,2009-05-26 21:45:00,0.0,0.0,False,,,
GC,2009-05-27,Wednesday,ODR,949.88,948.6,1.2799999999999727,950.18,948.58,1.599999999999909,True,SHORT,2009-05-27 04:15:00,948.35,False,True,False,1.6797,1.2266,1.2266,947.03,2009-05-27 07:23:00,2.6797,952.03,2009-05-27 08:29:00,True,2009-05-27 04:32:00,0.9219,2.6797,True,948.6,2009-05-27 04:24:00,0.0
GC,2009-05-27,Wednesday,RDR,953.48,949.93,3.550000000000068,954.73,949.13,5.600000000000023,True,LONG,2009-05-27 11:35:00,956.33,False,True,False,1.6479,0.6704,1.6479,959.33,2009-05-27 12:05:00,1.6704,947.55,2009-05-27 13:50:00,True,2009-05-27 11:40:00,0.0,1.6704,True,953.2,2009-05-27 13:19:00,0.0789
GC,2009-05-28,Thursday,ADR,946.9,944.75,2.1499999999999773,947.0,944.33,2.669999999999959,True,LONG,2009-05-27 20:35:00,947.03,True,True,True,0.4791,0.0,0.4791,947.93,2009-05-28 01:31:00,0.7535,945.28,2009-05-28 00:31:00,False,,0.7535,,True,946.83,2009-05-27 20:42:00,0.0326
GC,2009-05-28,Thursday,ODR,951.08,945.93,5.150000000000091,951.63,945.25,6.3799999999999955,True,LONG,2009-05-28 06:55:00,951.93,True,True,False,0.3883,0.0,0.3883,953.08,2009-05-28 07:23:00,0.4136,948.95,2009-05-28 08:25:00,False,,0.0,,True,950.95,2009-05-28 07:46:00,0.0252
GC,2009-05-28,Thursday,RDR,958.85,954.88,3.9700000000000273,959.55,954.73,4.819999999999936,True,LONG,2009-05-28 10:35:00,960.18,True,True,False,1.4811,0.0,1.4811,964.73,2009-05-28 11:29:00,0.1134,958.4,2009-05-28 13:57:00,True,2009-05-28 10:43:00,0.0,0.1134,True,958.4,2009-05-28 13:57:00,0.1134
GC,2009-05-29,Friday,ADR,960.75,959.08,1.669999999999959,960.8,958.83,1.9699999999999136,True,LONG,2009-05-28 20:35:00,960.85,True,True,True,2.8024,0.0,2.8024,965.43,2009-05-29 01:58:00,0.0898,960.6,2009-05-28 20:45:00,True,2009-05-28 21:07:00,0.0898,0.0,True,960.6,2009-05-28 20:45:00,0.0898
GC,2009-05-29,Friday,ODR,969.33,966.13,3.2000000000000455,969.6,965.8,3.800000000000068,True,LONG,2009-05-29 04:25:00,970.38,True,False,,2.225,0.0,2.225,976.45,2009-05-29 08:19:00,0.0,970.23,2009-05-29 04:30:00,True,2009-05-29 04:31:00,0.0,0.0,False,,,
GC,2009-05-29,Friday,RDR,979.03,973.93,5.100000000000023,979.23,973.08,6.149999999999977,False,,,,,,,0.2059,0.0,,,,,,,False,,,,False,,,
GC,2009-06-01,Monday,ADR,977.73,975.95,1.7799999999999727,977.98,975.75,2.230000000000018,True,LONG,2009-05-31 20:50:00,978.18,True,False,,4.2809,0.0,4.2809,985.35,2009-06-01 01:20:00,0.0,977.75,2009-05-31 21:10:00,True,2009-05-31 21:11:00,0.0,0.0,False,,,
GC,2009-06-01,Monday,ODR,985.93,982.63,3.2999999999999545,986.38,981.78,4.600000000000023,True,LONG,2009-06-01 04:00:00,986.98,False,True,False,0.803,0.5,0.803,988.58,2009-06-01 05:29:00,1.5,980.98,2009-06-01 08:28:00,True,2009-06-01 04:13:00,0.2212,1.5,True,985.8,2009-06-01 05:13:00,0.0394
GC,2009-06-01,Monday,RDR,983.28,975.03,8.25,984.83,974.03,10.800000000000068,True,SHORT,2009-06-01 15:55:00,973.78,True,,,0.0,0.2121,,,,,,,False,,,,False,,,
GC,2009-06-02,Tuesday,ADR,976.15,974.25,1.8999999999999773,976.25,974.15,2.1000000000000227,True,LONG,2009-06-01 21:00:00,977.05,True,True,False,0.9368,0.1684,0.9368,977.93,2009-06-01 23:17:00,1.1684,973.93,2009-06-02 01:56:00,True,2009-06-01 21:08:00,0.2895,1.1684,True,975.6,2009-06-01 21:15:00,0.2895
GC,2009-06-02,Tuesday,ODR,973.03,969.28,3.75,973.63,969.28,4.350000000000023,True,LONG,2009-06-02 05:50:00,975.58,True,False,,3.0933,0.0,3.0933,984.63,2009-06-02 07:51:00,0.0,974.48,2009-06-02 05:58:00,True,2009-06-02 05:55:00,0.0,0.0,False,,,
GC,2009-06-02,Tuesday,RDR,981.53,978.23,3.2999999999999545,981.83,978.23,3.6000000000000227,True,LONG,2009-06-02 10:30:00,985.13,True,True,False,1.5152,0.0,1.5152,986.53,2009-06-02 10:52:00,0.9848,978.28,2009-06-02 12:17:00,True,2009-06-02 10:35:00,0.0,0.9848,True,979.8,2009-06-02 11:19:00,0.5242
GC,2009-06-03,Wednesday,ADR,983.0,980.65,2.3500000000000227,983.03,980.55,2.480000000000018,True,LONG,2009-06-02 20:40:00,984.35,True,True,True,1.9489,0.0,1.9489,987.58,2009-06-03 01:14:00,0.0936,982.78,2009-06-02 21:14:00,True,2009-06-02 20:45:00,0.0936,0.0936,True,982.8,2009-06-02 20:46:00,0.0851
GC,2009-06-03,Wednesday,ODR,989.03,984.38,4.649999999999977,989.28,984.38,4.899999999999977,True,SHORT,2009-06-03 04:05:00,984.18,True,True,True,0.0,2.3763,2.3763,973.33,2009-06-03 07:29:00,0.1075,984.88,2009-06-03 04:34:00,True,2009-06-03 04:39:00,0.1075,0.0,True,984.38,2009-06-03 04:11:00,0.0
GC,2009-06-03,Wednesday,RDR,978.43,974.38,4.0499999999999545,979.4,973.25,6.149999999999977,True,SHORT,2009-06-03 11:50:00,971.43,True,False,,0.0864,3.4691,3.4691,960.33,2009-06-03 14:53:00,0.0,972.03,2009-06-03 11:56:00,True,2009-06-03 11:55:00,0.0,0.0,False,,,
GC,2009-06-04,Thursday,ADR,967.93,964.35,3.5799999999999272,967.98,964.1,3.8799999999999955,True,LONG,2009-06-03 21:40:00,968.2,True,True,False,0.1732,0.0,0.1732,968.55,2009-06-03 23:13:00,0.6844,965.48,2009-06-04 01:03:00,False,,0.2235,,True,967.88,2009-06-03 21:52:00,0.014
GC,2009-06-04,Thursday,ODR,970.13,966.33,3.7999999999999545,970.53,966.08,4.449999999999932,True,SHORT,2009-06-04 05:45:00,965.83,True,True,True,0.1053,1.4868,1.4868,960.68,2009-06-04 07:59:00,0.5921,968.58,2009-06-04 07:33:00,True,2009-06-04 05:55:00,0.5921,0.5921,True,966.43,2009-06-04 06:41:00,0.0263
GC,2009-06-04,Thursday,RDR,975.23,969.38,5.850000000000023,975.58,969.18,6.400000000000091,True,LONG,2009-06-04 10:50:00,976.48,True,True,True,1.1111,0.0,1.1111,981.73,2009-06-04 13:26:00,0.094,974.68,2009-06-04 12:06:00,True,2009-06-04 11:15:00,0.094,0.094,True,974.98,2009-06-04 11:47:00,0.0427
GC,2009-06-05,Friday,ADR,981.1,977.83,3.269999999999982,981.35,976.98,4.3700000000000045,True,SHORT,2009-06-04 21:00:00,976.68,True,True,False,0.0,0.4985,0.4985,976.2,2009-06-04 21:45:00,0.6269,979.88,2009-06-05 00:15:00,False,,0.0061,,True,977.85,2009-06-04 21:25:00,0.0061
GC,2009-06-05,Friday,ODR,981.13,979.18,1.9500000000000455,981.45,978.83,2.6200000000000045,True,SHORT,2009-06-05 05:05:00,978.63,True,True,True,0.0,3.0923,3.0923,973.15,2009-06-05 08:28:00,0.0,979.18,2009-06-05 08:07:00,True,2009-06-05 05:19:00,0.0,0.0,True,979.18,2009-06-05 08:07:00,0.0
GC,2009-06-05,Friday,RDR,961.83,954.48,7.350000000000023,962.18,954.18,8.0,True,LONG,2009-06-05 11:00:00,962.6,False,True,False,0.3673,0.2558,0.3673,964.53,2009-06-05 13:03:00,1.2558,952.6,2009-06-05 14:31:00,False,,0.7347,,True,961.35,2009-06-05 11:07:00,0.0653
GC,2009-06-08,Monday,ADR,957.25,954.28,2.9700000000000273,957.3,954.13,3.169999999999959,True,LONG,2009-06-07 21:15:00,957.4,True,True,False,0.7576,0.0,0.7576,959.5,2009-06-07 23:39:00,0.6061,955.45,2009-06-08 01:56:00,True,2009-06-07 21:52:00,0.0,0.6061,True,957.18,2009-06-08 01:23:00,0.0236
GC,2009-06-08,Monday,ODR,955.68,949.55,6.1299999999999955,956.03,948.65,7.3799999999999955,True,SHORT,2009-06-08 04:00:00,948.15,True,True,True,0.0,0.6525,0.6525,945.55,2009-06-08 04:15:00,0.3589,951.75,2009-06-08 08:04:00,True,2009-06-08 04:14:00,0.0,0.3589,True,949.6,2009-06-08 05:08:00,0.0082
GC,2009-06-08,Monday,RDR,949.58,943.78,5.800000000000068,949.58,943.05,6.530000000000086,True,LONG,2009-06-08 10:35:00,949.75,True,True,True,0.7069,0.0,0.7069,953.68,2009-06-08 15:35:00,0.6172,946.0,2009-06-08 11:12:00,True,2009-06-08 15:32:00,0.6172,0.0,True,949.48,2009-06-08 10:40:00,0.0172
GC,2009-06-09,Tuesday,ADR,954.7,951.73,2.9700000000000273,954.75,951.23,3.519999999999982,True,SHORT,2009-06-08 22:20:00,950.48,True,False,,0.0,1.5084,1.5084,947.25,2009-06-08 23:39:00,0.0,951.53,2009-06-09 01:59:00,True,2009-06-08 22:25:00,0.0,0.0,False,,,
GC,2009-06-09,Tuesday,ODR,954.55,952.48,2.0699999999999363,955.13,951.78,3.3500000000000227,True,SHORT,2009-06-09 05:30:00,951.13,False,True,False,2.5266,2.1884,2.1884,947.95,2009-06-09 06:24:00,3.5266,959.78,2009-06-09 08:28:00,True,2009-06-09 05:35:00,0.0,3.5266,True,952.58,2009-06-09 07:15:00,0.0483
GC,2009-06-09,Tuesday,RDR,959.43,953.2,6.2299999999999045,960.38,952.2,8.17999999999995,False,,,,,,,0.0,0.244,,,,,,,False,,,,False,,,
GC,2009-06-10,Wednesday,ADR,957.58,954.78,2.800000000000068,958.08,954.53,3.550000000000068,True,LONG,2009-06-09 21:00:00,958.25,True,True,True,0.8571,0.0,0.8571,959.98,2009-06-10 01:57:00,0.3393,956.63,2009-06-09 23:11:00,True,2009-06-10 00:50:00,0.3393,0.0,True,957.53,2009-06-09 21:45:00,0.0179
GC,2009-06-10,Wednesday,ODR,961.45,957.8,3.650000000000091,961.98,957.65,4.330000000000041,True,LONG,2009-06-10 04:05:00,962.63,True,True,True,1.063,0.0,1.063,965.33,2009-06-10 07:22:00,0.5753,959.35,2009-06-10 06:27:00,True,2009-06-10 07:22:00,0.5753,0.0,True,961.13,2009-06-10 04:33:00,0.0877
GC,2009-06-10,Wednesday,RDR,961.7,950.95,10.75,962.03,949.98,12.049999999999955,True,SHORT,2009-06-10 11:00:00,947.05,True,True,False,0.0,0.4465,0.4186,946.45,2009-06-10 11:05:00,0.3953,955.2,2009-06-10 15:55:00,False,,0.0,,True,951.05,2009-06-10 11:24:00,0.0093
GC,2009-06-11,Thursday,ADR,956.2,952.05,4.150000000000091,956.25,951.65,4.600000000000023,True,LONG,2009-06-11 00:30:00,956.6,True,True,True,0.3084,0.0,0.3084,957.48,2009-06-11 00:51:00,0.0771,955.88,2009-06-11 00:41:00,False,,0.0771,,True,955.93,2009-06-11 00:39:00,0.0651
GC,2009-06-11,Thursday,ODR,955.0,952.48,2.519999999999982,955.28,951.83,3.449999999999932,True,LONG,2009-06-11 04:30:00,955.7,False,True,False,0.6746,2.869,0.6746,956.7,2009-06-11 04:50:00,3.869,945.25,2009-06-11 08:25:00,True,2009-06-11 04:48:00,0.0,3.869,True,954.95,2009-06-11 05:17:00,0.0198
GC,2009-06-11,Thursday,RDR,952.85,947.5,5.350000000000023,953.35,946.4,6.9500000000000455,True,LONG,2009-06-11 10:35:00,954.23,True,True,True,1.6879,0.0,1.6879,961.88,2009-06-11 13:28:00,0.0785,952.43,2009-06-11 10:58:00,True,2009-06-11 10:41:00,0.0785,0.0785,True,952.43,2009-06-11 10:58:00,0.0785
GC,2009-06-12,Friday,ADR,958.03,954.95,3.0799999999999272,958.1,954.73,3.3700000000000045,True,SHORT,2009-06-12 00:00:00,954.58,True,False,,0.0,0.6656,0.6656,952.9,2009-06-12 01:49:00,0.0,954.73,2009-06-12 00:13:00,True,2009-06-12 00:39:00,0.0,0.0,False,,,
GC,2009-06-12,Friday,ODR,953.98,951.1,2.8799999999999955,954.15,950.73,3.419999999999959,True,SHORT,2009-06-12 04:35:00,950.43,True,True,True,0.0,4.0451,4.0451,939.45,2009-06-12 08:29:00,0.0104,951.13,2009-06-12 04:41:00,True,2009-06-12 04:51:00,0.0104,0.0,True,951.13,2009-06-12 04:41:00,0.0104
GC,2009-06-12,Friday,RDR,941.15,937.28,3.8700000000000045,942.33,936.45,5.8799999999999955,True,LONG,2009-06-12 10:35:00,942.7,True,True,False,0.7571,0.0,0.7571,944.08,2009-06-12 10:43:00,0.9044,937.65,2009-06-12 12:36:00,True,2009-06-12 10:40:00,0.0,0.9044,True,941.05,2009-06-12 10:50:00,0.0258
GC,2009-06-15,Monday,ADR,937.85,935.7,2.1499999999999773,938.08,935.6,2.480000000000018,True,LONG,2009-06-14 22:00:00,938.33,False,True,False,0.5116,1.4279,0.5116,938.95,2009-06-14 22:57:00,2.4279,932.63,2009-06-15 01:54:00,True,2009-06-14 22:57:00,0.0558,2.4279,True,937.73,2009-06-14 22:10:00,0.0558
GC,2009-06-15,Monday,ODR,933.15,931.23,1.919999999999959,933.83,930.98,2.8500000000000227,True,LONG,2009-06-15 06:10:00,934.78,True,True,True,0.9271,0.4062,0.9271,934.93,2009-06-15 08:24:00,0.3646,932.45,2009-06-15 08:08:00,True,2009-06-15 06:15:00,0.3646,0.3646,True,932.98,2009-06-15 06:28:00,0.0885
GC,2009-06-15,Monday,RDR,935.43,932.03,3.3999999999999773,935.83,931.35,4.480000000000018,True,SHORT,2009-06-15 11:00:00,929.6,True,False,,0.0,1.9941,1.9941,925.25,2009-06-15 13:19:00,0.0,930.2,2009-06-15 11:32:00,True,2009-06-15 11:05:00,0.0,0.0,False,,,
GC,2009-06-16,Tuesday,ADR,931.6,928.83,2.769999999999982,931.68,928.83,2.849999999999909,True,LONG,2009-06-15 21:10:00,931.73,True,True,True,0.6968,0.0,0.6968,933.53,2009-06-16 01:59:00,0.4224,930.43,2009-06-16 00:47:00,True,2009-06-16 01:26:00,0.4224,0.0,True,931.28,2009-06-15 21:15:00,0.1155
GC,2009-06-16,Tuesday,ODR,935.35,933.0,2.3500000000000227,935.5,932.95,2.5499999999999545,True,LONG,2009-06-16 04:55:00,935.53,True,True,True,1.7362,0.234,1.7362,939.43,2009-06-16 08:24:00,1.1702,932.6,2009-06-16 06:05:00,True,2009-06-16 05:00:00,1.1702,1.1702,True,935.15,2009-06-16 05:04:00,0.0851
GC,2009-06-16,Tuesday,RDR,935.55,933.15,2.3999999999999773,935.65,932.4,3.25,True,LONG,2009-06-16 10:30:00,935.95,False,True,False,0.9708,1.4583,0.9708,937.88,2009-06-16 11:07:00,2.4583,929.65,2009-06-16 12:52:00,True,2009-06-16 11:01:00,0.3958,2.4583,True,935.28,2009-06-16 10:35:00,0.1125
GC,2009-06-17,Wednesday,ADR,933.9,931.7,2.199999999999932,934.33,931.15,3.1800000000000637,True,LONG,2009-06-16 23:35:00,934.38,True,False,,1.2636,0.1909,1.2636,936.68,2009-06-17 01:59:00,0.0,934.08,2009-06-17 00:43:00,True,2009-06-16 23:46:00,0.0,0.0,False,,,
GC,2009-06-17,Wednesday,ODR,937.63,935.78,1.8500000000000227,937.63,935.7,1.92999999999995,True,SHORT,2009-06-17 04:00:00,935.6,True,False,,0.0,4.4486,4.4486,927.55,2009-06-17 07:58:00,0.0,935.7,2009-06-17 04:05:00,True,2009-06-17 04:07:00,0.0,0.0,False,,,
GC,2009-06-17,Wednesday,RDR,932.85,929.8,3.050000000000068,933.78,927.55,6.230000000000018,True,LONG,2009-06-17 11:20:00,934.4,True,True,True,2.3934,0.8361,2.3934,940.15,2009-06-17 15:56:00,0.0328,932.75,2009-06-17 11:55:00,True,2009-06-17 11:25:00,0.0328,0.0328,True,932.75,2009-06-17 11:55:00,0.0328
GC,2009-06-18,Thursday,ADR,941.8,939.63,2.169999999999959,941.9,939.43,2.4700000000000273,True,SHORT,2009-06-17 23:25:00,939.33,True,True,True,0.0,1.0599,1.0599,937.33,2009-06-18 01:15:00,0.1613,939.98,2009-06-18 00:05:00,True,2009-06-18 00:26:00,0.1613,0.0,True,939.73,2009-06-17 23:56:00,0.0461
GC,2009-06-18,Thursday,ODR,940.7,936.03,4.670000000000073,941.05,935.5,5.5499999999999545,False,,,,,,,0.0,0.1777,,,,,,,False,,,,False,,,
GC,2009-06-18,Thursday,RDR,940.85,936.0,4.850000000000023,941.43,936.0,5.42999999999995,True,SHORT,2009-06-18 10:50:00,935.73,True,True,True,0.0,1.4021,1.4021,929.2,2009-06-18 14:17:00,0.3361,937.63,2009-06-18 11:18:00,True,2009-06-18 11:46:00,0.3361,0.0,True,936.03,2009-06-18 11:00:00,0.0062
GC,2009-06-19,Friday,ADR,933.98,932.53,1.4500000000000455,934.13,932.28,1.8500000000000227,True,LONG,2009-06-18 20:35:00,934.25,True,True,False,0.7724,0.0,0.7724,935.1,2009-06-18 21:08:00,0.5517,933.18,2009-06-18 22:00:00,True,2009-06-18 21:00:00,0.0,0.5517,True,933.98,2009-06-18 20:45:00,0.0
GC,2009-06-19,Friday,ODR,934.73,933.03,1.7000000000000455,934.88,932.88,2.0,True,LONG,2009-06-19 07:10:00,936.0,True,True,True,1.7471,0.4294,1.7471,937.7,2009-06-19 07:57:00,0.3824,934.08,2009-06-19 07:34:00,True,2009-06-19 07:15:00,0.3824,0.3824,True,934.73,2009-06-19 07:31:00,0.0
GC,2009-06-19,Friday,RDR,936.2,933.23,2.9700000000000273,936.55,932.78,3.769999999999982,True,LONG,2009-06-19 11:50:00,938.0,False,True,False,0.9259,0.2458,0.9259,938.95,2009-06-19 12:00:00,1.202,932.63,2009-06-19 12:42:00,True,2009-06-19 11:55:00,0.0,1.202,True,936.05,2009-06-19 12:14:00,0.0505
GC,2009-06-22,Monday,ADR,934.8,933.35,1.4499999999999318,934.85,933.35,1.5,True,SHORT,2009-06-21 21:10:00,933.03,True,True,False,0.0,0.3448,0.3448,932.85,2009-06-22 01:39:00,0.4,933.93,2009-06-21 22:40:00,False,,0.4,,True,933.35,2009-06-21 21:21:00,0.0
GC,2009-06-22,Monday,ODR,933.53,932.55,0.9800000000000182,933.65,932.4,1.25,True,SHORT,2009-06-22 04:45:00,932.25,True,False,,0.051,11.7347,11.7347,921.05,2009-06-22 05:28:00,0.0,932.23,2009-06-22 04:50:00,True,2009-06-22 04:50:00,0.0,0.0,False,,,
GC,2009-06-22,Monday,RDR,921.78,919.3,2.480000000000018,922.33,917.8,4.530000000000086,True,LONG,2009-06-22 15:00:00,922.8,True,True,True,0.504,0.3427,0.4516,922.9,2009-06-22 15:05:00,0.0524,921.65,2009-06-22 15:16:00,False,,0.0,,True,921.7,2009-06-22 15:14:00,0.0323
GC,2009-06-23,Tuesday,ADR,922.55,920.7,1.849999999999909,922.85,920.7,2.1499999999999773,True,SHORT,2009-06-22 20:55:00,919.95,True,True,True,0.0,4.2,4.2,912.93,2009-06-22 22:50:00,0.3135,921.28,2009-06-22 21:21:00,True,2009-06-22 22:12:00,0.3135,0.0,True,921.03,2009-06-22 21:07:00,0.1784
GC,2009-06-23,Tuesday,ODR,920.05,916.53,3.519999999999982,920.38,916.45,3.92999999999995,True,LONG,2009-06-23 05:20:00,920.4,True,True,True,1.3295,0.0085,1.3295,924.73,2009-06-23 08:26:00,0.483,918.35,2009-06-23 06:00:00,True,2009-06-23 06:35:00,0.483,0.0,True,919.8,2009-06-23 05:29:00,0.071
GC,2009-06-23,Tuesday,RDR,923.33,919.8,3.5300000000000864,923.73,919.65,4.080000000000041,True,SHORT,2009-06-23 10:30:00,919.63,False,True,False,0.9915,1.0765,1.0765,916.0,2009-06-23 10:43:00,1.9915,926.83,2009-06-23 15:48:00,True,2009-06-23 10:41:00,0.0708,1.9915,True,920.05,2009-06-23 10:35:00,0.0708
GC,2009-06-24,Wednesday,ADR,925.7,924.43,1.2700000000000955,925.9,924.2,1.6999999999999318,True,SHORT,2009-06-23 20:40:00,923.83,True,True,True,0.0,1.6535,1.6535,922.33,2009-06-23 21:21:00,0.7087,925.33,2009-06-24 00:53:00,True,2009-06-23 20:46:00,0.0,0.7087,True,924.43,2009-06-23 23:08:00,0.0
GC,2009-06-24,Wednesday,ODR,927.93,926.65,1.2799999999999727,927.98,925.8,2.1800000000000637,True,LONG,2009-06-24 04:15:00,928.28,False,True,True,2.0703,1.2109,2.0703,930.58,2009-06-24 05:42:00,2.2109,925.1,2009-06-24 07:30:00,True,2009-06-24 04:26:00,0.6094,2.2109,True,927.73,2009-06-24 04:21:00,0.1562
GC,2009-06-24,Wednesday,RDR,937.48,934.38,3.1000000000000227,937.58,933.38,4.2000000000000455,True,LONG,2009-06-24 10:40:00,937.88,False,True,False,0.7581,2.3484,0.7581,939.83,2009-06-24 10:52:00,3.3484,927.1,2009-06-24 14:37:00,True,2009-06-24 10:48:00,0.0,3.3484,True,937.13,2009-06-24 11:07:00,0.1129
GC,2009-06-25,Thursday,ADR,932.48,930.3,2.1800000000000637,932.6,929.93,2.6700000000000728,True,LONG,2009-06-24 20:40:00,932.75,True,True,True,1.7202,0.0,1.7202,936.23,2009-06-24 22:54:00,0.5642,931.25,2009-06-24 21:15:00,True,2009-06-24 22:09:00,0.5642,0.0,True,932.23,2009-06-24 20:58:00,0.1147
GC,2009-06-25,Thursday,ODR,935.38,932.88,2.5,935.73,931.88,3.8500000000000227,True,LONG,2009-06-25 07:25:00,936.05,True,True,False,1.468,0.252,1.468,939.05,2009-06-25 07:35:00,0.392,934.4,2009-06-25 08:28:00,True,2009-06-25 07:30:00,0.0,0.392,True,935.1,2009-06-25 08:26:00,0.112
GC,2009-06-25,Thursday,RDR,938.55,935.63,2.919999999999959,939.35,934.5,4.850000000000023,True,SHORT,2009-06-25 10:45:00,934.1,False,True,False,0.4212,0.6096,0.6096,933.85,2009-06-25 10:50:00,1.4212,939.78,2009-06-25 13:27:00,True,2009-06-25 10:50:00,0.0,1.4212,True,935.73,2009-06-25 11:02:00,0.0342
GC,2009-06-26,Friday,ADR,941.65,937.85,3.7999999999999545,941.73,937.78,3.9500000000000455,True,LONG,2009-06-25 21:05:00,941.93,True,True,True,0.2974,0.0,0.2974,942.78,2009-06-26 01:00:00,0.25,940.7,2009-06-25 21:54:00,False,,0.25,,True,941.5,2009-06-25 21:10:00,0.0395
GC,2009-06-26,Friday,ODR,945.6,943.13,2.4700000000000273,945.93,942.7,3.2299999999999045,True,LONG,2009-06-26 07:25:00,946.48,True,True,True,0.9231,0.1822,0.9231,947.88,2009-06-26 08:20:00,0.5951,944.13,2009-06-26 07:46:00,True,2009-06-26 07:31:00,0.5951,0.5951,True,945.6,2009-06-26 07:39:00,0.0
GC,2009-06-26,Friday,RDR,945.03,939.75,5.279999999999973,946.08,939.2,6.8799999999999955,True,SHORT,2009-06-26 10:40:00,938.9,True,True,False,0.0,0.7955,0.7955,935.55,2009-06-26 11:49:00,0.3693,941.7,2009-06-26 13:17:00,True,2009-06-26 11:44:00,0.2178,0.3693,True,939.8,2009-06-26 10:51:00,0.0095
GC,2009-06-29,Monday,ADR,938.35,936.5,1.8500000000000227,938.53,936.25,2.2799999999999727,True,SHORT,2009-06-28 21:30:00,936.2,True,True,True,0.2324,0.8757,0.8757,934.88,2009-06-28 21:45:00,0.5568,937.53,2009-06-29 00:07:00,True,2009-06-28 21:44:00,0.0,0.5568,True,936.53,2009-06-28 21:54:00,0.0162
GC,2009-06-29,Monday,ODR,940.55,937.88,2.669999999999959,940.73,937.83,2.8999999999999773,True,LONG,2009-06-29 06:10:00,941.28,True,False,,0.7678,0.1236,0.7678,942.6,2009-06-29 06:19:00,0.0,940.65,2009-06-29 07:58:00,True,2009-06-29 06:15:00,0.0,0.0,False,,,
GC,2009-06-29,Monday,RDR,939.88,934.2,5.67999999999995,940.28,933.55,6.730000000000018,True,LONG,2009-06-29 13:05:00,940.3,True,True,False,0.1884,0.0,0.1884,940.95,2009-06-29 13:16:00,0.507,937.0,2009-06-29 15:52:00,False,,0.0,,True,939.5,2009-06-29 13:29:00,0.0669
GC,2009-06-30,Tuesday,ADR,939.6,938.73,0.8700000000000045,939.78,938.53,1.25,True,LONG,2009-06-29 20:55:00,939.93,True,False,,4.1724,0.0,4.1724,943.23,2009-06-30 00:41:00,0.0,939.9,2009-06-29 21:00:00,True,2009-06-29 21:00:00,0.0,0.0,False,,,
GC,2009-06-30,Tuesday,ODR,943.78,940.9,2.8799999999999955,943.9,939.35,4.5499999999999545,True,SHORT,2009-06-30 07:00:00,939.33,True,True,True,0.0,0.6424,0.5799,939.23,2009-06-30 07:05:00,0.1319,941.28,2009-06-30 07:46:00,True,2009-06-30 07:05:00,0.0,0.1319,True,940.98,2009-06-30 07:42:00,0.0278
GC,2009-06-30,Tuesday,RDR,936.25,925.8,10.450000000000045,936.43,923.9,12.529999999999973,False,,,,,,,0.0,0.1627,,,,,,,False,,,,False,,,
GC,2009-07-01,Wednesday,ADR,929.43,927.85,1.5799999999999272,929.5,927.55,1.9500000000000455,True,LONG,2009-06-30 22:25:00,929.55,False,True,False,0.3797,0.2848,0.3797,930.03,2009-06-30 23:51:00,1.2848,927.4,2009-07-01 01:18:00,False,,0.0823,,True,929.35,2009-06-30 22:34:00,0.0506
GC,2009-07-01,Wednesday,ODR,931.98,930.48,1.5,932.33,930.3,2.0300000000000864,True,SHORT,2009-07-01 04:05:00,930.23,False,True,False,3.68,0.8333,0.8333,929.23,2009-07-01 07:45:00,4.68,937.5,2009-07-01 08:29:00,True,2009-07-01 04:38:00,1.2467,4.68,True,930.48,2009-07-01 04:14:00,0.0
GC,2009-07-01,Wednesday,RDR,940.48,937.98,2.5,941.13,937.75,3.3799999999999955,True,SHORT,2009-07-01 10:45:00,937.7,False,True,False,2.34,0.552,0.552,936.6,2009-07-01 11:43:00,3.34,946.33,2009-07-01 12:11:00,True,2009-07-01 11:43:00,0.48,3.34,True,938.73,2009-07-01 10:50:00,0.3
GC,2009-07-02,Thursday,ADR,941.45,940.38,1.07000000000005,941.48,940.15,1.330000000000041,True,SHORT,2009-07-01 20:50:00,940.05,True,True,True,0.0,2.3178,2.3178,937.9,2009-07-01 23:30:00,0.0935,940.48,2009-07-01 21:20:00,True,2009-07-01 21:04:00,0.0935,0.0935,True,940.38,2009-07-01 20:58:00,0.0
GC,2009-07-02,Thursday,ODR,939.23,937.15,2.080000000000041,939.23,937.0,2.230000000000018,True,SHORT,2009-07-02 04:20:00,936.45,True,True,True,0.0,3.0529,3.0529,930.8,2009-07-02 06:25:00,0.4471,938.08,2009-07-02 05:19:00,True,2009-07-02 05:35:00,0.4471,0.0,True,937.15,2009-07-02 04:49:00,0.0
GC,2009-07-02,Thursday,RDR,931.13,927.95,3.17999999999995,931.53,927.55,3.980000000000018,True,LONG,2009-07-02 13:20:00,932.05,True,True,False,0.3931,0.0,0.3459,932.23,2009-07-02 13:27:00,0.544,929.4,2009-07-02 15:59:00,False,,0.0409,,True,931.0,2009-07-02 13:26:00,0.0409
GC,2009-07-03,Friday,ADR,932.6,928.8,3.800000000000068,932.68,928.53,4.149999999999977,True,LONG,2009-07-02 20:30:00,932.85,True,True,True,0.2368,0.0,0.2368,933.5,2009-07-03 01:42:00,0.3868,931.13,2009-07-02 21:13:00,False,,0.3868,,True,932.5,2009-07-02 20:35:00,0.0263
GC,2009-07-03,Friday,RDR,933.93,932.63,1.2999999999999545,934.2,932.13,2.07000000000005,True,SHORT,2009-07-03 11:10:00,931.93,True,False,,0.0,2.4846,2.4846,929.4,2009-07-03 12:34:00,0.0,932.43,2009-07-03 11:22:00,True,2009-07-03 11:15:00,0.0,0.0,False,,,
GC,2009-07-06,Monday,ADR,930.53,929.83,0.6999999999999318,931.03,929.73,1.2999999999999545,True,SHORT,2009-07-05 20:50:00,929.58,False,True,False,1.1429,2.3571,2.3571,928.18,2009-07-05 21:02:00,2.1429,931.33,2009-07-06 01:33:00,True,2009-07-05 20:55:00,0.0,2.1429,True,929.88,2009-07-05 21:45:00,0.0714
GC,2009-07-06,Monday,ODR,927.1,925.43,1.6700000000000728,927.93,925.13,2.7999999999999545,True,SHORT,2009-07-06 04:05:00,924.05,True,True,True,0.0,2.9521,2.9521,920.5,2009-07-06 04:30:00,0.3413,926.0,2009-07-06 04:11:00,True,2009-07-06 04:10:00,0.3413,0.3413,True,926.0,2009-07-06 04:11:00,0.3413
GC,2009-07-06,Monday,RDR,924.93,920.98,3.949999999999932,925.93,920.43,5.5,False,,,,,,,0.0759,0.0,,,,,,,False,,,,False,,,
GC,2009-07-07,Tuesday,ADR,926.23,925.28,0.9500000000000455,926.25,925.05,1.2000000000000455,True,SHORT,2009-07-06 21:00:00,924.88,True,False,,0.0,2.7368,2.7368,922.68,2009-07-06 21:57:00,0.0,925.1,2009-07-06 23:55:00,True,2009-07-06 21:06:00,0.0,0.0,False,,,
GC,2009-07-07,Tuesday,ODR,924.43,921.43,3.0,924.65,921.13,3.519999999999982,True,LONG,2009-07-07 04:45:00,925.08,True,False,,2.35,0.0433,2.35,931.48,2009-07-07 07:42:00,0.0,924.83,2009-07-07 05:42:00,True,2009-07-07 04:52:00,0.0,0.0,False,,,
GC,2009-07-07,Tuesday,RDR,925.83,923.5,2.330000000000041,926.43,922.48,3.949999999999932,True,SHORT,2009-07-07 11:50:00,922.08,False,True,False,1.9099,0.7811,0.6953,921.88,2009-07-07 11:56:00,2.9099,930.28,2009-07-07 13:25:00,True,2009-07-07 11:55:00,0.0,2.9099,True,923.6,2009-07-07 12:04:00,0.0429
GC,2009-07-08,Wednesday,ADR,923.28,921.2,2.0799999999999272,923.68,921.1,2.5799999999999272,True,SHORT,2009-07-07 20:30:00,920.88,False,True,False,0.601,0.2019,0.2019,920.78,2009-07-07 20:35:00,1.601,924.53,2009-07-07 21:53:00,False,,0.0,,True,921.48,2009-07-07 20:39:00,0.1346
GC,2009-07-08,Wednesday,ODR,924.4,921.68,2.7200000000000273,925.53,921.18,4.350000000000023,True,SHORT,2009-07-08 04:05:00,920.58,True,True,True,0.0,2.3272,2.3272,915.35,2009-07-08 08:28:00,0.7794,923.8,2009-07-08 06:02:00,True,2009-07-08 04:10:00,0.7794,0.7794,True,921.68,2009-07-08 05:46:00,0.0
GC,2009-07-08,Wednesday,RDR,918.7,916.05,2.650000000000091,919.4,915.8,3.6000000000000227,True,SHORT,2009-07-08 11:05:00,912.7,True,False,,0.0,4.4717,4.4717,904.2,2009-07-08 12:27:00,0.0,912.63,2009-07-08 11:10:00,True,2009-07-08 11:10:00,0.0,0.0,False,,,
GC,2009-07-09,Thursday,ADR,909.43,907.3,2.1299999999999955,909.58,906.33,3.25,True,LONG,2009-07-08 20:30:00,909.65,True,True,True,1.5962,0.0,1.5962,912.83,2009-07-09 01:48:00,0.0845,909.25,2009-07-08 20:52:00,True,2009-07-08 21:01:00,0.0845,0.0,True,909.43,2009-07-08 20:36:00,0.0
GC,2009-07-09,Thursday,ODR,914.48,912.5,1.9800000000000182,914.55,912.5,2.0499999999999545,True,LONG,2009-07-09 04:25:00,914.68,True,True,False,0.8081,0.1515,0.8081,916.08,2009-07-09 05:51:00,1.1515,912.2,2009-07-09 07:13:00,True,2009-07-09 05:48:00,0.404,1.1515,True,914.48,2009-07-09 04:30:00,0.0
GC,2009-07-09,Thursday,RDR,912.9,910.2,2.699999999999932,913.53,909.65,3.8799999999999955,True,LONG,2009-07-09 10:50:00,913.93,True,True,False,2.1037,0.0,2.1037,918.58,2009-07-09 13:00:00,0.5815,911.33,2009-07-09 15:53:00,True,2009-07-09 11:35:00,0.4815,0.5815,True,912.9,2009-07-09 11:02:00,0.0
GC,2009-07-10,Friday,ADR,914.4,913.35,1.0499999999999545,914.85,912.88,1.9700000000000273,True,SHORT,2009-07-09 20:45:00,912.25,False,True,False,0.7905,1.2095,1.2095,912.08,2009-07-09 20:51:00,1.7905,915.23,2009-07-10 01:05:00,True,2009-07-09 20:50:00,0.0,1.7905,True,913.58,2009-07-09 21:18:00,0.219
GC,2009-07-10,Friday,ODR,912.48,911.3,1.1800000000000637,912.98,910.65,2.330000000000041,True,SHORT,2009-07-10 04:00:00,910.53,True,True,True,0.0,3.9407,3.9407,906.65,2009-07-10 08:20:00,0.7881,912.23,2009-07-10 04:48:00,True,2009-07-10 04:05:00,0.7881,0.7881,True,911.33,2009-07-10 04:41:00,0.0254
GC,2009-07-10,Friday,RDR,912.95,908.73,4.220000000000027,913.28,908.43,4.850000000000023,True,LONG,2009-07-10 13:10:00,913.38,True,True,False,0.2322,0.1493,0.2322,913.93,2009-07-10 13:16:00,0.3436,911.5,2009-07-10 15:36:00,False,,0.0,,True,912.35,2009-07-10 13:28:00,0.1422
GC,2009-07-13,Monday,ADR,915.08,913.25,1.830000000000041,915.23,913.15,2.080000000000041,True,SHORT,2009-07-12 22:40:00,913.13,True,True,True,0.0,1.8033,1.8033,909.95,2009-07-13 01:58:00,0.1639,913.55,2009-07-12 23:35:00,True,2009-07-13 00:00:00,0.1639,0.0,True,913.28,2009-07-12 22:53:00,0.0164
GC,2009-07-13,Monday,ODR,912.0,909.9,2.1000000000000227,912.15,909.88,2.269999999999982,True,LONG,2009-07-13 04:00:00,912.4,False,True,True,0.8714,0.7,0.8714,913.83,2009-07-13 06:48:00,1.7,908.43,2009-07-13 05:34:00,True,2009-07-13 06:48:00,1.7,0.2238,True,911.78,2009-07-13 04:28:00,0.1048
GC,2009-07-13,Monday,RDR,911.45,908.13,3.32000000000005,912.23,907.5,4.730000000000018,True,LONG,2009-07-13 11:30:00,912.25,True,False,,3.5392,0.0,3.5392,923.2,2009-07-13 13:29:00,0.0,911.93,2009-07-13 11:39:00,True,2009-07-13 11:45:00,0.0,0.0,False,,,
GC,2009-07-14,Tuesday,ADR,919.95,918.38,1.57000000000005,920.03,918.25,1.7799999999999727,True,SHORT,2009-07-13 20:55:00,918.2,False,True,False,0.6051,0.3694,0.3694,917.8,2009-07-13 21:02:00,1.6051,920.9,2009-07-14 00:52:00,False,,0.0,,True,918.4,2009-07-13 21:56:00,0.0127
GC,2009-07-14,Tuesday,ODR,921.9,920.08,1.8199999999999363,922.13,920.03,2.1000000000000227,True,LONG,2009-07-14 04:00:00,922.25,True,True,True,1.8571,0.0,1.8571,925.28,2009-07-14 08:15:00,0.8352,920.38,2009-07-14 05:01:00,True,2009-07-14 06:11:00,0.8352,0.0,True,921.78,2009-07-14 04:07:00,0.0659
GC,2009-07-14,Tuesday,RDR,926.8,924.63,2.169999999999959,927.63,924.1,3.5299999999999727,True,SHORT,2009-07-14 10:35:00,923.68,True,True,False,0.0,0.9908,0.9908,922.48,2009-07-14 13:29:00,0.977,926.75,2009-07-14 11:41:00,True,2009-07-14 10:40:00,0.977,0.977,True,925.03,2009-07-14 11:05:00,0.1843
GC,2009-07-15,Wednesday,ADR,926.1,924.73,1.3700000000000045,926.1,924.48,1.6200000000000045,True,LONG,2009-07-14 20:50:00,926.4,True,True,True,0.4234,0.0,0.4234,926.68,2009-07-15 01:57:00,0.6569,925.2,2009-07-15 01:25:00,False,,0.6569,,True,926.1,2009-07-14 21:02:00,0.0
GC,2009-07-15,Wednesday,ODR,929.13,927.98,1.1499999999999773,929.38,927.98,1.3999999999999773,True,SHORT,2009-07-15 04:00:00,927.43,False,True,False,8.2609,0.7826,0.7826,927.08,2009-07-15 04:05:00,9.2609,938.63,2009-07-15 08:20:00,True,2009-07-15 04:05:00,0.0,9.2609,True,928.03,2009-07-15 04:08:00,0.0435
GC,2009-07-15,Wednesday,RDR,940.05,937.3,2.75,940.18,936.7,3.4799999999999045,True,LONG,2009-07-15 11:35:00,940.4,True,True,False,0.72,0.0,0.72,942.03,2009-07-15 13:48:00,0.7891,937.88,2009-07-15 15:54:00,True,2009-07-15 13:48:00,0.6364,0.7891,True,940.03,2009-07-15 11:40:00,0.0073
GC,2009-07-16,Thursday,ADR,939.43,938.23,1.1999999999999318,939.53,937.9,1.6299999999999955,True,SHORT,2009-07-15 22:00:00,937.73,True,False,,0.0,1.9583,1.9583,935.88,2009-07-16 00:11:00,0.0,937.73,2009-07-15 22:05:00,True,2009-07-15 22:05:00,0.0,0.0,False,,,
GC,2009-07-16,Thursday,ODR,936.83,935.15,1.6800000000000637,937.2,934.98,2.2200000000000273,True,LONG,2009-07-16 06:35:00,937.43,True,True,True,1.6488,0.4583,1.6488,939.6,2009-07-16 08:25:00,0.2857,936.35,2009-07-16 06:50:00,True,2009-07-16 06:40:00,0.2857,0.2857,True,936.8,2009-07-16 06:47:00,0.0179
GC,2009-07-16,Thursday,RDR,937.23,933.88,3.3500000000000227,937.7,932.58,5.1200000000000045,True,LONG,2009-07-16 12:25:00,937.9,True,True,False,0.2687,0.0,0.2388,938.03,2009-07-16 15:47:00,0.8657,934.33,2009-07-16 13:35:00,False,,0.8657,,True,937.23,2009-07-16 12:54:00,0.0
GC,2009-07-17,Friday,ADR,937.23,935.93,1.3000000000000682,937.4,935.63,1.7699999999999818,True,LONG,2009-07-17 01:45:00,937.45,True,True,False,0.2077,0.3077,0.2077,937.5,2009-07-17 01:50:00,0.0615,937.15,2009-07-17 01:59:00,False,,0.0,,True,937.15,2009-07-17 01:59:00,0.0615
GC,2009-07-17,Friday,ODR,936.43,935.6,0.8299999999999272,936.73,935.6,1.1299999999999955,True,LONG,2009-07-17 04:15:00,936.75,False,True,False,0.3855,5.3012,0.3855,936.75,2009-07-17 04:20:00,6.3012,931.2,2009-07-17 08:24:00,False,,0.0,,True,936.23,2009-07-17 04:29:00,0.241
GC,2009-07-17,Friday,RDR,938.93,937.7,1.2299999999999045,939.75,937.1,2.6499999999999773,True,SHORT,2009-07-17 15:25:00,936.3,True,False,,0.3659,1.6829,1.6829,935.63,2009-07-17 15:42:00,0.0,936.43,2009-07-17 15:30:00,True,2009-07-17 15:30:00,0.0,0.0,False,,,
GC,2009-07-20,Monday,ODR,946.58,944.58,2.0,947.08,944.1,2.980000000000018,True,LONG,2009-07-20 04:50:00,947.83,True,False,,3.9,0.0,3.9,954.38,2009-07-20 07:47:00,0.0,947.03,2009-07-20 04:58:00,True,2009-07-20 04:55:00,0.0,0.0,False,,,
GC,2009-07-20,Monday,RDR,954.53,949.73,4.7999999999999545,955.03,949.35,5.67999999999995,True,SHORT,2009-07-20 10:30:00,949.15,True,True,False,0.0,0.6979,0.6979,946.38,2009-07-20 10:48:00,0.4729,952.0,2009-07-20 12:47:00,True,2009-07-20 10:46:00,0.0521,0.4729,True,949.98,2009-07-20 10:37:00,0.0521
GC,2009-07-21,Tuesday,ADR,950.65,948.1,2.5499999999999545,950.68,947.78,2.8999999999999773,True,SHORT,2009-07-20 21:00:00,947.75,True,True,False,0.0,0.3216,0.3216,947.28,2009-07-20 21:31:00,0.7765,950.08,2009-07-20 23:44:00,False,,0.0,,True,948.13,2009-07-20 21:38:00,0.0118
GC,2009-07-21,Tuesday,ODR,949.18,947.7,1.4799999999999045,949.38,947.55,1.830000000000041,True,LONG,2009-07-21 04:00:00,949.45,False,True,True,1.4189,0.7095,1.4189,951.28,2009-07-21 08:20:00,1.7095,946.65,2009-07-21 07:01:00,True,2009-07-21 04:05:00,1.7095,1.7095,True,949.15,2009-07-21 04:23:00,0.0203
GC,2009-07-21,Tuesday,RDR,952.58,947.88,4.7000000000000455,952.6,947.15,5.4500000000000455,True,SHORT,2009-07-21 11:55:00,946.95,True,True,False,0.0,0.766,0.766,944.28,2009-07-21 13:12:00,0.2128,948.88,2009-07-21 15:56:00,True,2009-07-21 13:05:00,0.1319,0.2128,True,948.05,2009-07-21 12:09:00,0.0362
GC,2009-07-22,Wednesday,ADR,948.5,947.03,1.4700000000000273,948.6,946.93,1.6700000000000728,True,SHORT,2009-07-21 21:05:00,946.78,False,True,False,0.8707,0.3605,0.3401,946.53,2009-07-21 21:16:00,1.8707,949.78,2009-07-21 23:48:00,False,,0.0136,,True,947.05,2009-07-21 21:10:00,0.0136
GC,2009-07-22,Wednesday,ODR,948.88,946.08,2.7999999999999545,948.88,945.68,3.2000000000000455,True,SHORT,2009-07-22 04:40:00,945.5,True,True,False,0.0,0.4929,0.4929,944.7,2009-07-22 06:24:00,0.6071,947.78,2009-07-22 07:59:00,False,,0.3107,,True,946.13,2009-07-22 05:16:00,0.0179
GC,2009-07-22,Wednesday,RDR,948.05,945.63,2.419999999999959,948.63,944.6,4.029999999999973,True,LONG,2009-07-22 10:55:00,950.73,True,False,,2.624,0.0,2.624,954.4,2009-07-22 12:48:00,0.0,949.43,2009-07-22 15:16:00,True,2009-07-22 11:00:00,0.0,0.0,False,,,
GC,2009-07-23,Thursday,ADR,952.48,950.38,2.1000000000000227,952.78,950.23,2.5499999999999545,True,LONG,2009-07-22 20:50:00,952.93,True,True,True,0.619,0.0,0.619,953.78,2009-07-23 01:06:00,0.5381,951.35,2009-07-22 22:01:00,True,2009-07-23 00:54:00,0.5381,0.1429,True,952.43,2009-07-22 21:27:00,0.0238
GC,2009-07-23,Thursday,ODR,954.25,953.2,1.0499999999999545,954.35,952.95,1.3999999999999773,True,SHORT,2009-07-23 04:05:00,952.9,False,True,False,2.3333,1.6381,1.6381,951.48,2009-07-23 04:38:00,3.3333,956.7,2009-07-23 05:17:00,True,2009-07-23 04:37:00,0.0,3.3333,True,953.43,2009-07-23 05:06:00,0.219
GC,2009-07-23,Thursday,RDR,955.3,949.08,6.219999999999914,955.65,948.4,7.25,True,LONG,2009-07-23 11:20:00,955.83,True,True,False,0.3103,0.0,0.3103,957.23,2009-07-23 12:22:00,0.9678,949.28,2009-07-23 15:57:00,False,,0.1286,,True,955.15,2009-07-23 11:26:00,0.0241
GC,2009-07-24,Friday,ADR,949.15,947.23,1.919999999999959,949.28,946.98,2.2999999999999545,True,LONG,2009-07-24 00:15:00,949.35,True,True,True,0.224,0.0,0.224,949.58,2009-07-24 01:49:00,0.401,948.38,2009-07-24 01:19:00,False,,0.401,,True,949.15,2009-07-24 00:26:00,0.0
GC,2009-07-24,Friday,ODR,949.7,947.73,1.9700000000000273,949.88,947.25,2.6299999999999955,True,LONG,2009-07-24 04:00:00,949.98,True,True,True,2.0711,0.0,2.0711,953.78,2009-07-24 07:03:00,0.2792,949.15,2009-07-24 04:06:00,True,2009-07-24 04:09:00,0.2792,0.1523,True,949.15,2009-07-24 04:06:00,0.2792
GC,2009-07-24,Friday,RDR,953.53,951.23,2.2999999999999545,954.03,950.6,3.42999999999995,False,,,,,,,0.0652,0.2391,,,,,,,False,,,,False,,,
GC,2009-07-27,Monday,ADR,950.6,947.85,2.75,950.65,947.6,3.0499999999999545,True,LONG,2009-07-26 21:00:00,951.2,True,False,,1.9455,0.0,1.9455,955.95,2009-07-27 01:15:00,0.0,950.75,2009-07-26 21:05:00,True,2009-07-26 21:14:00,0.0,0.0,False,,,
GC,2009-07-27,Monday,ODR,957.6,953.95,3.6499999999999773,957.68,951.25,6.42999999999995,True,LONG,2009-07-27 07:05:00,958.08,True,True,False,0.3151,0.0,0.1452,958.13,2009-07-27 07:13:00,0.8274,954.58,2009-07-27 08:28:00,False,,0.0,,True,957.6,2009-07-27 07:17:00,0.0
GC,2009-07-27,Monday,RDR,956.25,952.33,3.919999999999959,956.58,951.48,5.100000000000023,True,SHORT,2009-07-27 12:30:00,951.38,True,True,False,0.0,0.3316,0.301,951.15,2009-07-27 12:36:00,0.6122,954.73,2009-07-27 15:11:00,False,,0.0,,True,952.35,2009-07-27 12:39:00,0.0051
GC,2009-07-28,Tuesday,ADR,954.08,952.08,2.0,954.33,951.63,2.7000000000000455,True,LONG,2009-07-28 01:25:00,954.58,True,False,,0.6,0.19,0.6,955.28,2009-07-28 01:53:00,0.0,954.53,2009-07-28 01:37:00,True,2009-07-28 01:46:00,0.0,0.0,False,,,
GC,2009-07-28,Tuesday,ODR,956.33,955.33,1.0,956.48,954.83,1.6499999999999773,True,SHORT,2009-07-28 04:25:00,954.58,True,True,True,0.0,7.3,7.3,948.03,2009-07-28 08:25:00,0.32,955.65,2009-07-28 05:23:00,True,2009-07-28 04:30:00,0.32,0.32,True,955.48,2009-07-28 05:22:00,0.15
GC,2009-07-28,Tuesday,RDR,944.83,942.08,2.75,945.33,941.5,3.830000000000041,True,SHORT,2009-07-28 11:05:00,939.18,True,False,,0.0,2.92,2.92,934.05,2009-07-28 11:37:00,0.0,939.48,2009-07-28 13:26:00,True,2009-07-28 11:10:00,0.0,0.0,False,,,
GC,2009-07-29,Wednesday,ADR,939.78,937.75,2.0299999999999727,939.88,937.53,2.3500000000000227,True,LONG,2009-07-28 20:45:00,940.08,False,True,False,0.5172,1.069,0.5172,940.83,2009-07-28 21:08:00,2.069,935.58,2009-07-29 01:54:00,True,2009-07-28 21:08:00,0.1478,2.069,True,939.78,2009-07-28 20:52:00,0.0
GC,2009-07-29,Wednesday,ODR,936.43,935.0,1.42999999999995,936.48,934.7,1.7799999999999727,True,SHORT,2009-07-29 05:00:00,934.63,False,True,False,1.0979,1.3986,1.3986,933.0,2009-07-29 08:02:00,2.0979,938.0,2009-07-29 08:25:00,True,2009-07-29 05:12:00,1.8182,2.0979,True,935.1,2009-07-29 05:09:00,0.0699
GC,2009-07-29,Wednesday,RDR,934.18,930.58,3.599999999999909,934.7,929.68,5.0200000000000955,True,SHORT,2009-07-29 11:10:00,929.63,True,False,,0.0,1.4167,1.4167,925.48,2009-07-29 11:19:00,0.0,929.83,2009-07-29 15:40:00,True,2009-07-29 11:15:00,0.0,0.0,False,,,
GC,2009-07-30,Thursday,ADR,930.43,928.7,1.7299999999999045,930.43,928.5,1.92999999999995,True,LONG,2009-07-29 21:30:00,930.7,True,True,False,0.4046,0.0,0.4046,931.13,2009-07-29 21:58:00,0.7225,929.18,2009-07-30 00:58:00,False,,0.2197,,True,930.4,2009-07-29 21:36:00,0.0173
GC,2009-07-30,Thursday,ODR,930.95,929.1,1.8500000000000227,931.05,928.9,2.1499999999999773,True,LONG,2009-07-30 05:00:00,931.38,True,True,True,1.827,0.0,1.827,934.33,2009-07-30 06:28:00,0.0811,930.8,2009-07-30 05:12:00,True,2009-07-30 05:14:00,0.0811,0.027,True,930.8,2009-07-30 05:12:00,0.0811
GC,2009-07-30,Thursday,RDR,934.93,931.55,3.3799999999999955,935.2,931.33,3.8700000000000045,True,LONG,2009-07-30 10:30:00,935.83,True,True,False,0.5917,0.0,0.5917,936.93,2009-07-30 13:34:00,0.5473,933.08,2009-07-30 15:59:00,True,2009-07-30 10:41:00,0.2959,0.5473,True,934.75,2009-07-30 11:54:00,0.0533
GC,2009-07-31,Friday,ADR,935.03,933.23,1.7999999999999545,935.18,933.18,2.0,True,LONG,2009-07-30 20:35:00,935.3,True,True,True,1.75,0.0,1.75,938.18,2009-07-31 01:56:00,0.1944,934.68,2009-07-30 20:42:00,True,2009-07-30 21:03:00,0.1944,0.0,True,934.68,2009-07-30 20:42:00,0.1944
GC,2009-07-31,Friday,ODR,938.05,936.68,1.3700000000000045,938.1,936.4,1.7000000000000455,True,SHORT,2009-07-31 04:10:00,936.38,False,True,True,0.7153,2.0292,2.0292,933.9,2009-07-31 08:25:00,1.7153,939.03,2009-07-31 07:11:00,True,2009-07-31 04:20:00,1.7153,1.7153,True,936.83,2009-07-31 05:32:00,0.1095
GC,2009-07-31,Friday,RDR,941.3,935.7,5.599999999999909,941.85,935.48,6.3700000000000045,True,LONG,2009-07-31 11:40:00,948.78,True,False,,2.5321,0.0,2.5321,955.48,2009-07-31 13:45:00,0.0,948.18,2009-07-31 11:45:00,True,2009-07-31 11:45:00,0.0,0.0,False,,,
GC,2009-08-03,Monday,ADR,956.38,954.15,2.230000000000018,956.83,954.1,2.730000000000018,True,SHORT,2009-08-02 21:30:00,953.93,True,True,True,0.0,0.5695,0.5695,952.88,2009-08-02 22:02:00,0.4843,955.23,2009-08-03 00:40:00,True,2009-08-02 21:50:00,0.0,0.4843,True,954.23,2009-08-02 23:15:00,0.0359
GC,2009-08-03,Monday,ODR,952.93,951.8,1.1299999999999955,953.28,951.25,2.0299999999999727,True,LONG,2009-08-03 04:00:00,954.05,True,False,,6.5221,0.0,6.5221,960.3,2009-08-03 07:57:00,0.0,953.38,2009-08-03 05:48:00,True,2009-08-03 04:05:00,0.0,0.0,False,,,
GC,2009-08-03,Monday,RDR,961.25,956.68,4.57000000000005,961.63,956.23,5.399999999999977,True,LONG,2009-08-03 11:45:00,961.93,False,True,False,0.1969,0.4048,0.186,962.1,2009-08-03 12:05:00,1.4048,954.83,2009-08-03 15:51:00,False,,0.1204,,True,961.1,2009-08-03 11:51:00,0.0328
GC,2009-08-04,Tuesday,ADR,956.7,955.25,1.4500000000000455,956.8,955.05,1.75,True,LONG,2009-08-03 21:30:00,956.98,False,True,False,0.4345,1.4138,0.4345,957.33,2009-08-03 21:35:00,2.4138,953.2,2009-08-04 00:54:00,False,,0.0,,True,956.63,2009-08-03 21:45:00,0.0483
GC,2009-08-04,Tuesday,ODR,955.33,952.2,3.1299999999999955,955.33,952.15,3.1800000000000637,True,SHORT,2009-08-04 04:10:00,951.98,False,True,False,0.2716,0.639,0.639,950.2,2009-08-04 04:19:00,1.2716,956.18,2009-08-04 08:23:00,True,2009-08-04 04:19:00,0.0,1.2716,True,952.2,2009-08-04 04:25:00,0.0
GC,2009-08-04,Tuesday,RDR,960.28,957.6,2.67999999999995,960.98,957.28,3.7000000000000455,True,LONG,2009-08-04 10:40:00,964.1,True,False,,3.6567,0.0933,3.6567,970.08,2009-08-04 12:56:00,0.0,961.93,2009-08-04 10:59:00,True,2009-08-04 10:45:00,0.0,0.0,False,,,
GC,2009-08-05,Wednesday,ADR,966.45,964.25,2.2000000000000455,966.45,964.25,2.2000000000000455,True,SHORT,2009-08-05 01:00:00,964.2,True,True,True,0.0,0.4545,0.4545,963.25,2009-08-05 01:59:00,0.0682,964.4,2009-08-05 01:07:00,False,,0.0682,,True,964.25,2009-08-05 01:05:00,0.0
GC,2009-08-05,Wednesday,ODR,964.58,962.95,1.6299999999999955,964.78,962.9,1.8799999999999955,True,LONG,2009-08-05 04:05:00,965.13,True,True,False,1.5153,0.0307,1.5153,967.05,2009-08-05 07:14:00,1.0307,962.9,2009-08-05 05:10:00,True,2009-08-05 04:14:00,1.0307,1.0307,True,964.5,2009-08-05 05:00:00,0.0491
GC,2009-08-05,Wednesday,RDR,966.58,959.98,6.600000000000023,966.83,958.25,8.580000000000041,True,LONG,2009-08-05 14:30:00,966.88,True,True,False,0.2,0.2848,0.197,967.88,2009-08-05 14:41:00,0.3788,964.08,2009-08-05 15:50:00,False,,0.0,,True,966.58,2009-08-05 14:47:00,0.0
GC,2009-08-06,Thursday,ADR,964.13,962.25,1.8799999999999955,964.48,962.25,2.230000000000018,True,SHORT,2009-08-05 22:45:00,962.1,True,True,False,0.3298,0.3032,0.3032,961.68,2009-08-05 23:29:00,0.5053,963.2,2009-08-06 01:50:00,False,,0.4149,,True,962.95,2009-08-05 22:50:00,0.3723
GC,2009-08-06,Thursday,ODR,965.48,962.48,3.0,965.63,962.48,3.1499999999999773,True,SHORT,2009-08-06 05:05:00,961.8,False,True,False,1.7833,1.0933,1.0933,959.2,2009-08-06 06:32:00,2.7833,970.83,2009-08-06 08:22:00,True,2009-08-06 05:27:00,0.0,2.7833,True,962.95,2009-08-06 07:08:00,0.1567
GC,2009-08-06,Thursday,RDR,969.03,962.35,6.67999999999995,969.43,961.5,7.92999999999995,True,SHORT,2009-08-06 13:00:00,961.33,True,True,False,0.0,0.9431,0.9431,956.05,2009-08-06 14:01:00,0.8683,968.15,2009-08-06 14:42:00,True,2009-08-06 13:42:00,0.0269,0.8683,True,962.38,2009-08-06 13:16:00,0.0045
GC,2009-08-07,Friday,ADR,962.85,960.68,2.1700000000000728,963.4,960.68,2.7200000000000273,True,SHORT,2009-08-06 21:00:00,960.23,True,True,False,0.0,0.4147,0.3134,960.0,2009-08-06 22:18:00,0.6452,962.08,2009-08-07 00:08:00,False,,0.2304,,True,960.68,2009-08-06 21:07:00,0.0
GC,2009-08-07,Friday,ODR,961.43,960.18,1.25,962.15,960.08,2.0699999999999363,True,SHORT,2009-08-07 05:30:00,959.8,False,True,False,1.656,2.504,2.504,957.05,2009-08-07 05:36:00,2.656,963.5,2009-08-07 08:27:00,True,2009-08-07 05:35:00,0.0,2.656,True,960.18,2009-08-07 06:42:00,0.0
GC,2009-08-07,Friday,RDR,962.23,955.43,6.800000000000068,963.93,954.23,9.699999999999932,True,SHORT,2009-08-07 14:30:00,954.15,True,False,,0.0,0.2397,0.2353,953.83,2009-08-07 14:52:00,0.0,955.33,2009-08-07 15:29:00,False,,0.0,,False,,,
GC,2009-08-10,Monday,ADR,954.3,951.13,3.169999999999959,954.45,950.83,3.6200000000000045,True,LONG,2009-08-09 22:20:00,954.73,True,True,True,0.735,0.0,0.735,956.63,2009-08-10 01:58:00,0.1009,953.98,2009-08-09 23:17:00,True,2009-08-10 00:30:00,0.1009,0.0,True,954.28,2009-08-09 23:01:00,0.0063
GC,2009-08-10,Monday,ODR,956.63,954.8,1.830000000000041,956.68,954.8,1.8799999999999955,True,SHORT,2009-08-10 04:00:00,954.23,True,True,True,0.0,6.776,6.776,942.4,2009-08-10 08:26:00,0.235,955.23,2009-08-10 04:49:00,True,2009-08-10 05:14:00,0.235,0.0984,True,954.88,2009-08-10 04:11:00,0.0437
GC,2009-08-10,Monday,RDR,946.78,944.68,2.1000000000000227,946.88,943.65,3.230000000000018,True,LONG,2009-08-10 11:55:00,946.98,False,True,False,0.9762,0.5238,0.9762,948.83,2009-08-10 12:05:00,1.5238,943.58,2009-08-10 14:52:00,True,2009-08-10 12:05:00,0.0,1.5238,True,946.78,2009-08-10 12:00:00,0.0
GC,2009-08-11,Tuesday,ADR,946.43,944.45,1.9799999999999045,946.53,944.28,2.25,True,LONG,2009-08-10 21:10:00,946.95,True,True,True,0.3788,0.0,0.3788,947.18,2009-08-10 21:39:00,0.8485,944.75,2009-08-11 00:30:00,False,,0.0,,True,946.38,2009-08-10 21:53:00,0.0253
GC,2009-08-11,Tuesday,ODR,948.48,947.23,1.25,948.65,947.18,1.4700000000000273,True,SHORT,2009-08-11 05:10:00,946.73,False,True,False,0.92,1.944,1.944,944.8,2009-08-11 06:11:00,1.92,949.63,2009-08-11 08:24:00,True,2009-08-11 05:16:00,0.0,1.92,True,947.25,2009-08-11 06:46:00,0.016
GC,2009-08-11,Tuesday,RDR,944.88,942.4,2.480000000000018,944.98,941.88,3.1000000000000227,True,LONG,2009-08-11 10:35:00,945.23,True,True,True,0.8548,0.0403,0.8548,947.0,2009-08-11 12:47:00,1.0403,942.3,2009-08-11 11:14:00,True,2009-08-11 12:05:00,1.0403,0.1129,True,944.73,2009-08-11 10:40:00,0.0605
GC,2009-08-12,Wednesday,ADR,948.0,946.43,1.57000000000005,948.13,946.38,1.75,True,SHORT,2009-08-11 23:45:00,946.08,True,True,True,0.1592,0.4459,0.4459,945.73,2009-08-12 01:59:00,0.172,946.7,2009-08-12 00:37:00,False,,0.172,,True,946.43,2009-08-12 00:02:00,0.0
GC,2009-08-12,Wednesday,ODR,943.2,940.15,3.050000000000068,943.33,939.85,3.480000000000018,True,LONG,2009-08-12 04:55:00,944.2,True,True,True,1.059,0.0,1.059,946.43,2009-08-12 08:16:00,0.2295,942.5,2009-08-12 05:31:00,True,2009-08-12 06:07:00,0.2295,0.1213,True,942.95,2009-08-12 05:05:00,0.082
GC,2009-08-12,Wednesday,RDR,947.8,943.65,4.149999999999977,948.55,943.53,5.019999999999982,True,LONG,2009-08-12 12:05:00,950.18,True,True,False,1.0434,0.0,1.0434,952.13,2009-08-12 12:11:00,0.8602,944.23,2009-08-12 14:21:00,True,2009-08-12 12:10:00,0.0,0.8602,True,947.73,2009-08-12 14:16:00,0.0169
GC,2009-08-13,Thursday,ADR,949.73,948.48,1.25,949.9,948.48,1.419999999999959,True,LONG,2009-08-12 20:35:00,949.98,True,True,True,1.736,0.0,1.736,951.9,2009-08-13 01:53:00,0.68,948.88,2009-08-13 00:27:00,True,2009-08-12 21:27:00,0.68,0.68,True,949.63,2009-08-12 20:45:00,0.08
GC,2009-08-13,Thursday,ODR,952.78,951.53,1.25,953.2,951.23,1.9700000000000273,True,LONG,2009-08-13 04:40:00,953.35,True,False,,6.28,0.0,6.28,960.63,2009-08-13 08:20:00,0.0,953.15,2009-08-13 05:01:00,True,2009-08-13 04:46:00,0.0,0.0,False,,,
GC,2009-08-13,Thursday,RDR,956.28,953.45,2.8299999999999272,956.5,952.0,4.5,True,LONG,2009-08-13 10:40:00,956.63,True,True,False,0.6431,0.3534,0.6431,958.1,2009-08-13 10:56:00,1.3534,952.45,2009-08-13 13:26:00,True,2009-08-13 10:54:00,0.0,1.3534,True,955.68,2009-08-13 11:07:00,0.212
GC,2009-08-14,Friday,ADR,958.95,956.63,2.32000000000005,959.05,956.25,2.7999999999999545,True,SHORT,2009-08-13 23:40:00,955.83,True,True,True,0.0,0.4526,0.4526,955.58,2009-08-14 01:25:00,0.2672,957.25,2009-08-14 00:58:00,False,,0.2672,,True,956.65,2009-08-14 00:46:00,0.0086
GC,2009-08-14,Friday,ODR,956.78,954.93,1.8500000000000227,956.88,954.25,2.6299999999999955,True,LONG,2009-08-14 05:30:00,957.35,True,True,False,1.2432,0.1784,1.2432,959.08,2009-08-14 08:01:00,0.8811,955.15,2009-08-14 07:06:00,True,2009-08-14 07:22:00,0.8811,0.0162,True,956.5,2009-08-14 05:40:00,0.1514
GC,2009-08-14,Friday,RDR,956.4,953.33,3.0699999999999363,956.75,952.38,4.3700000000000045,True,SHORT,2009-08-14 10:55:00,952.25,True,False,,0.0,3.7231,3.7231,941.9,2009-08-14 11:30:00,0.0,953.28,2009-08-14 11:07:00,True,2009-08-14 11:01:00,0.0,0.0,False,,,
GC,2009-08-17,Monday,ADR,947.78,944.73,3.0499999999999545,948.18,944.28,3.8999999999999773,True,SHORT,2009-08-16 21:05:00,944.03,True,True,True,0.0,0.7803,0.7803,942.35,2009-08-16 21:41:00,0.0656,944.93,2009-08-16 23:38:00,True,2009-08-16 21:14:00,0.0,0.0656,True,944.73,2009-08-16 23:37:00,0.0
GC,2009-08-17,Monday,ODR,943.65,938.05,5.600000000000023,943.8,937.3,6.5,True,SHORT,2009-08-17 05:10:00,936.83,True,False,,0.0,1.3393,1.3393,930.55,2009-08-17 08:27:00,0.0,937.8,2009-08-17 05:46:00,True,2009-08-17 06:27:00,0.0,0.0,False,,,
GC,2009-08-17,Monday,RDR,933.5,931.18,2.32000000000005,933.53,930.93,2.6000000000000227,True,SHORT,2009-08-17 11:05:00,930.75,False,True,False,1.0776,0.3362,0.3147,930.45,2009-08-17 11:10:00,2.0776,936.0,2009-08-17 14:02:00,False,,0.0,,True,931.25,2009-08-17 11:11:00,0.0302
GC,2009-08-18,Tuesday,ADR,937.7,935.4,2.300000000000068,937.85,935.28,2.57000000000005,True,LONG,2009-08-17 22:10:00,938.08,True,True,True,0.687,0.0,0.687,939.28,2009-08-18 01:56:00,0.3783,936.83,2009-08-18 00:30:00,True,2009-08-18 01:30:00,0.3783,0.0,True,937.68,2009-08-17 23:34:00,0.0087
GC,2009-08-18,Tuesday,ODR,939.5,938.98,0.5199999999999818,939.75,938.85,0.8999999999999773,True,SHORT,2009-08-18 04:35:00,938.48,True,True,True,0.5385,6.4038,6.4038,935.65,2009-08-18 07:32:00,0.7692,939.38,2009-08-18 05:00:00,True,2009-08-18 04:40:00,0.7692,0.7692,True,939.38,2009-08-18 05:00:00,0.7692
GC,2009-08-18,Tuesday,RDR,937.55,935.4,2.1499999999999773,938.28,934.98,3.2999999999999545,True,LONG,2009-08-18 11:30:00,938.55,True,True,False,0.8512,0.0,0.8512,939.38,2009-08-18 11:52:00,0.6977,936.05,2009-08-18 13:47:00,True,2009-08-18 11:37:00,0.0,0.6977,True,937.48,2009-08-18 12:56:00,0.0326
GC,2009-08-19,Wednesday,ADR,941.63,937.95,3.67999999999995,942.1,937.88,4.220000000000027,True,SHORT,2009-08-19 01:40:00,937.58,True,False,,0.0136,0.4402,0.4402,936.33,2009-08-19 01:55:00,0.0,937.55,2009-08-19 01:45:00,False,,0.0,,False,,,
GC,2009-08-19,Wednesday,ODR,936.7,934.55,2.150000000000091,937.18,933.93,3.25,True,SHORT,2009-08-19 04:00:00,932.65,True,True,True,0.0,1.2651,1.2651,931.83,2009-08-19 04:05:00,0.8977,936.48,2009-08-19 08:05:00,True,2009-08-19 04:05:00,0.0,0.8977,True,934.55,2009-08-19 04:39:00,0.0
GC,2009-08-19,Wednesday,RDR,943.18,934.65,8.529999999999973,944.95,934.23,10.720000000000027,False,,,,,,,0.1817,0.0,,,,,,,False,,,,False,,,
GC,2009-08-20,Thursday,ADR,945.08,942.18,2.900000000000091,945.28,942.1,3.17999999999995,True,SHORT,2009-08-19 20:35:00,942.08,True,True,False,0.0,0.7586,0.7586,939.98,2009-08-19 21:25:00,0.6793,944.15,2009-08-20 01:59:00,True,2009-08-19 21:20:00,0.1207,0.6793,True,942.23,2009-08-19 20:40:00,0.0172
GC,2009-08-20,Thursday,ODR,943.78,942.53,1.25,943.98,942.45,1.5299999999999727,True,LONG,2009-08-20 04:35:00,944.6,False,True,False,0.84,2.04,0.84,944.83,2009-08-20 04:58:00,3.04,939.98,2009-08-20 08:25:00,True,2009-08-20 04:40:00,0.0,3.04,True,943.73,2009-08-20 05:12:00,0.04
GC,2009-08-20,Thursday,RDR,940.9,938.75,2.1499999999999773,941.48,938.45,3.0299999999999727,True,LONG,2009-08-20 11:45:00,941.63,True,True,False,0.907,0.3023,0.907,942.85,2009-08-20 12:10:00,0.6605,939.48,2009-08-20 13:23:00,True,2009-08-20 11:51:00,0.0,0.6605,True,940.75,2009-08-20 13:05:00,0.0698
GC,2009-08-21,Friday,ADR,940.8,939.3,1.5,940.93,939.23,1.6999999999999318,True,SHORT,2009-08-20 20:35:00,938.95,False,True,True,0.2667,1.0133,1.0133,937.78,2009-08-21 01:05:00,1.2667,941.2,2009-08-20 23:02:00,True,2009-08-20 20:45:00,1.2667,1.2667,True,939.33,2009-08-20 20:53:00,0.02
GC,2009-08-21,Friday,ODR,941.9,939.15,2.75,942.33,939.1,3.230000000000018,True,LONG,2009-08-21 06:00:00,942.35,True,True,True,5.1382,0.0,5.1382,956.03,2009-08-21 08:26:00,0.0909,941.65,2009-08-21 06:05:00,True,2009-08-21 06:08:00,0.0909,0.0,True,941.65,2009-08-21 06:05:00,0.0909
GC,2009-08-21,Friday,RDR,954.15,951.8,2.3500000000000227,954.75,950.9,3.8500000000000227,True,LONG,2009-08-21 10:40:00,954.78,True,True,False,0.5234,0.1064,0.5234,955.38,2009-08-21 10:46:00,0.9021,952.03,2009-08-21 10:53:00,True,2009-08-21 10:46:00,0.0,0.9021,True,953.33,2009-08-21 10:48:00,0.3489
GC,2009-08-24,Monday,ADR,953.7,950.75,2.9500000000000455,953.8,950.2,3.599999999999909,True,LONG,2009-08-23 21:45:00,953.83,True,True,False,0.1186,0.0,0.061,953.88,2009-08-23 21:50:00,0.5763,952.0,2009-08-23 22:08:00,False,,0.0,,True,953.6,2009-08-23 21:52:00,0.0339
GC,2009-08-24,Monday,ODR,953.98,952.8,1.1800000000000637,954.05,952.75,1.2999999999999545,True,SHORT,2009-08-24 06:00:00,952.58,False,True,True,2.3729,0.6102,0.5932,952.1,2009-08-24 08:29:00,3.3729,956.78,2009-08-24 08:19:00,True,2009-08-24 08:25:00,3.3729,0.9746,True,952.88,2009-08-24 06:08:00,0.0678
GC,2009-08-24,Monday,RDR,954.7,951.65,3.050000000000068,954.75,950.2,4.5499999999999545,True,SHORT,2009-08-24 10:40:00,949.68,True,True,True,0.0,4.0164,4.0164,939.4,2009-08-24 15:59:00,0.1738,952.18,2009-08-24 11:39:00,True,2009-08-24 10:45:00,0.1738,0.1738,True,951.85,2009-08-24 11:27:00,0.0656
GC,2009-08-25,Tuesday,ADR,944.8,942.98,1.8199999999999363,944.93,942.83,2.099999999999909,True,LONG,2009-08-24 21:10:00,944.98,True,True,False,0.978,0.0,0.978,946.58,2009-08-24 23:52:00,0.5495,943.8,2009-08-25 01:58:00,True,2009-08-24 22:56:00,0.467,0.5495,True,944.68,2009-08-24 21:15:00,0.0659
GC,2009-08-25,Tuesday,ODR,946.78,944.28,2.5,947.7,944.1,3.6000000000000227,True,LONG,2009-08-25 07:35:00,947.83,True,True,True,1.748,0.0,1.748,951.15,2009-08-25 08:22:00,0.12,946.48,2009-08-25 08:14:00,True,2009-08-25 07:40:00,0.12,0.12,True,946.68,2009-08-25 08:13:00,0.04
GC,2009-08-25,Tuesday,RDR,951.75,946.73,5.019999999999982,952.13,945.1,7.029999999999973,True,SHORT,2009-08-25 12:55:00,945.08,True,False,,0.0,0.8028,0.8028,942.7,2009-08-25 14:45:00,0.0,945.85,2009-08-25 13:01:00,True,2009-08-25 13:18:00,0.0,0.0,False,,,
GC,2009-08-26,Wednesday,ADR,945.63,944.83,0.7999999999999545,945.65,944.43,1.2200000000000273,True,LONG,2009-08-25 21:10:00,945.73,True,False,,3.4625,0.475,3.4625,948.4,2009-08-26 01:56:00,0.0,945.75,2009-08-25 21:15:00,True,2009-08-25 21:15:00,0.0,0.0,False,,,
GC,2009-08-26,Wednesday,ODR,949.15,947.03,2.1200000000000045,949.38,946.45,2.92999999999995,True,LONG,2009-08-26 04:00:00,949.43,False,True,False,0.3538,1.1462,0.3538,949.9,2009-08-26 04:50:00,2.1462,944.6,2009-08-26 08:20:00,False,,0.434,,True,948.98,2009-08-26 04:05:00,0.0802
GC,2009-08-26,Wednesday,RDR,944.65,941.2,3.449999999999932,946.05,940.0,6.0499999999999545,False,,,,,,,0.3565,0.087,,,,,,,False,,,,False,,,
GC,2009-08-27,Thursday,ADR,945.8,944.15,1.6499999999999773,945.93,944.15,1.7799999999999727,True,SHORT,2009-08-26 20:30:00,943.65,True,True,False,0.0,0.7576,0.7576,942.9,2009-08-26 20:36:00,0.8485,945.55,2009-08-26 21:45:00,True,2009-08-26 20:35:00,0.0,0.8485,True,944.73,2009-08-26 21:25:00,0.3515
GC,2009-08-27,Thursday,ODR,946.6,944.6,2.0,946.98,944.6,2.3799999999999955,True,SHORT,2009-08-27 04:50:00,944.53,False,True,False,1.765,0.8,0.8,943.0,2009-08-27 05:38:00,2.765,950.13,2009-08-27 08:10:00,True,2009-08-27 05:02:00,0.0,2.765,True,944.6,2009-08-27 04:56:00,0.0
GC,2009-08-27,Thursday,RDR,945.58,942.25,3.330000000000041,946.23,941.45,4.779999999999973,True,LONG,2009-08-27 12:25:00,946.93,True,True,True,1.4324,0.0,1.4324,950.35,2009-08-27 14:35:00,0.2042,944.9,2009-08-27 12:43:00,True,2009-08-27 13:54:00,0.2042,0.0,True,945.55,2009-08-27 12:38:00,0.009
GC,2009-08-28,Friday,ADR,950.4,949.08,1.3199999999999363,950.6,948.98,1.6200000000000045,True,SHORT,2009-08-27 22:05:00,948.9,True,True,False,0.0,0.4015,0.4015,948.55,2009-08-27 23:38:00,0.7955,950.13,2009-08-28 01:48:00,False,,0.2803,,True,949.2,2009-08-27 22:12:00,0.0909
GC,2009-08-28,Friday,ODR,950.93,949.9,1.0299999999999727,951.03,949.73,1.2999999999999545,True,LONG,2009-08-28 05:00:00,952.18,True,True,True,9.2233,0.0,9.2233,960.43,2009-08-28 08:28:00,0.7282,950.18,2009-08-28 05:46:00,True,2009-08-28 05:05:00,0.7282,0.7282,True,950.55,2009-08-28 05:31:00,0.3689
GC,2009-08-28,Friday,RDR,958.83,955.15,3.6800000000000637,958.95,954.7,4.25,True,SHORT,2009-08-28 12:55:00,954.45,True,True,False,0.0,0.2772,0.2772,954.13,2009-08-28 13:00:00,0.6929,957.7,2009-08-28 13:29:00,False,,0.0,,True,955.48,2009-08-28 13:01:00,0.0897
GC,2009-08-31,Monday,ADR,959.48,957.45,2.0299999999999727,959.73,957.35,2.3799999999999955,True,LONG,2009-08-30 20:45:00,959.78,False,True,False,0.468,1.6601,0.468,960.43,2009-08-30 20:54:00,2.6601,954.08,2009-08-30 23:25:00,False,,0.0,,True,959.48,2009-08-30 21:05:00,0.0
GC,2009-08-31,Monday,ODR,954.28,953.23,1.0499999999999545,954.63,953.03,1.6000000000000227,True,SHORT,2009-08-31 04:05:00,952.98,False,True,True,0.8762,8.6476,8.6476,944.15,2009-08-31 08:27:00,1.8762,955.2,2009-08-31 07:34:00,True,2009-08-31 08:00:00,1.8762,0.3333,True,953.38,2009-08-31 04:10:00,0.1429
GC,2009-08-31,Monday,RDR,950.53,946.98,3.5499999999999545,951.28,946.6,4.67999999999995,True,LONG,2009-08-31 13:10:00,951.73,True,True,True,0.5352,0.0,0.5352,952.43,2009-08-31 13:27:00,0.169,949.93,2009-08-31 15:25:00,True,2009-08-31 13:26:00,0.0,0.169,True,950.25,2009-08-31 15:13:00,0.0789
GC,2009-09-01,Tuesday,ADR,952.8,950.83,1.9699999999999136,952.83,950.7,2.1299999999999955,True,SHORT,2009-08-31 20:30:00,950.23,False,True,False,0.9797,0.3198,0.3198,950.2,2009-08-31 20:35:00,1.9797,954.73,2009-09-01 01:47:00,False,,0.0,,True,950.9,2009-08-31 20:45:00,0.0355
GC,2009-09-01,Tuesday,ODR,954.65,953.4,1.25,954.8,953.4,1.3999999999999773,True,SHORT,2009-09-01 04:00:00,953.35,True,True,True,0.0,5.68,5.68,946.3,2009-09-01 07:04:00,0.04,953.45,2009-09-01 04:05:00,True,2009-09-01 04:15:00,0.04,0.0,True,953.45,2009-09-01 04:05:00,0.04
GC,2009-09-01,Tuesday,RDR,955.7,951.45,4.25,956.38,951.45,4.92999999999995,True,SHORT,2009-09-01 11:15:00,950.18,False,True,False,0.2659,0.8824,0.8824,947.7,2009-09-01 11:36:00,1.2659,956.83,2009-09-01 15:57:00,True,2009-09-01 11:30:00,0.0,1.2659,True,951.75,2009-09-01 12:46:00,0.0706
GC,2009-09-02,Wednesday,ADR,954.43,952.25,2.17999999999995,954.65,951.45,3.199999999999932,False,,,,,,,0.0,0.0,,,,,,,False,,,,False,,,
GC,2009-09-02,Wednesday,ODR,955.03,953.9,1.1299999999999955,955.18,953.58,1.599999999999909,True,LONG,2009-09-02 04:55:00,955.28,True,True,True,5.3274,0.2832,5.3274,961.05,2009-09-02 08:29:00,1.1947,953.68,2009-09-02 05:46:00,True,2009-09-02 07:05:00,1.1947,0.5133,True,954.93,2009-09-02 05:10:00,0.0885
GC,2009-09-02,Wednesday,RDR,966.13,963.37,2.759999999999991,966.68,963.37,3.3099999999999454,True,LONG,2009-09-02 10:40:00,969.57,True,False,,5.1703,0.0,5.1703,980.4,2009-09-02 15:57:00,0.0,969.15,2009-09-02 10:45:00,True,2009-09-02 10:45:00,0.0,0.0,False,,,
GC,2009-09-03,Thursday,ADR,977.57,975.1,2.4700000000000273,977.77,974.8,2.9700000000000273,True,SHORT,2009-09-02 22:55:00,974.72,True,True,False,0.0,0.336,0.3036,974.35,2009-09-02 23:18:00,0.8097,977.1,2009-09-03 01:49:00,False,,0.0,,True,975.15,2009-09-03 00:13:00,0.0202
GC,2009-09-03,Thursday,ODR,979.05,977.77,1.2799999999999727,979.17,976.42,2.75,True,LONG,2009-09-03 04:40:00,979.65,True,True,True,6.5391,0.625,6.5391,987.42,2009-09-03 07:47:00,0.2187,978.77,2009-09-03 04:45:00,True,2009-09-03 04:46:00,0.2187,0.0,True,978.77,2009-09-03 04:45:00,0.2187
GC,2009-09-03,Thursday,RDR,985.3,981.35,3.949999999999932,985.92,980.3,5.6200000000000045,True,LONG,2009-09-03 11:30:00,987.5,True,False,,3.038,0.0835,3.038,997.3,2009-09-03 13:27:00,0.0,987.02,2009-09-03 12:09:00,True,2009-09-03 11:35:00,0.0,0.0,False,,,
GC,2009-09-04,Friday,ADR,992.95,989.67,3.2800000000000864,993.1,989.65,3.4500000000000455,True,SHORT,2009-09-03 23:10:00,989.45,True,True,False,0.0,0.4116,0.4116,988.32,2009-09-04 00:04:00,0.4421,991.12,2009-09-04 01:14:00,False,,0.1463,,True,989.72,2009-09-03 23:32:00,0.0152
GC,2009-09-04,Friday,ODR,990.32,986.9,3.4200000000000728,990.37,986.67,3.7000000000000455,True,SHORT,2009-09-04 04:35:00,986.62,False,True,False,0.1754,0.1257,0.1111,986.52,2009-09-04 04:40:00,1.1754,990.92,2009-09-04 08:20:00,False,,0.0,,True,986.95,2009-09-04 04:43:00,0.0146
GC,2009-09-04,Friday,RDR,989.82,985.7,4.1200000000000045,990.3,984.92,5.3799999999999955,True,LONG,2009-09-04 11:35:00,990.67,True,False,,1.5655,0.068,1.5655,996.27,2009-09-04 12:53:00,0.0,990.47,2009-09-04 14:31:00,True,2009-09-04 11:41:00,0.0,0.0,False,,,
GC,2009-09-07,Monday,ADR,993.82,991.35,2.4700000000000273,993.92,990.8,3.1200000000000045,False,,,,,,,0.0,0.0405,,,,,,,False,,,,False,,,
GC,2009-09-07,Monday,ODR,994.97,992.92,2.050000000000068,995.0,992.75,2.25,True,LONG,2009-09-07 04:10:00,995.85,False,True,False,0.7317,0.4634,0.7317,996.47,2009-09-07 04:23:00,1.4634,991.97,2009-09-07 07:07:00,True,2009-09-07 04:17:00,0.0,1.4634,True,994.42,2009-09-07 04:37:00,0.2683
GC,2009-09-07,Monday,RDR,995.05,992.75,2.2999999999999545,995.3,992.75,2.5499999999999545,True,LONG,2009-09-07 10:45:00,995.48,True,True,False,0.3826,0.0,0.3826,995.93,2009-09-07 11:07:00,0.3478,994.25,2009-09-07 12:40:00,False,,0.0,,True,994.9,2009-09-07 11:11:00,0.0652
GC,2009-09-08,Tuesday,ADR,997.53,995.48,2.0499999999999545,997.78,995.43,2.3500000000000227,True,SHORT,2009-09-07 21:40:00,994.45,False,True,False,0.2439,0.9415,0.9415,993.55,2009-09-07 21:45:00,1.1951,997.93,2009-09-08 01:09:00,True,2009-09-07 21:45:00,0.0,1.1951,True,995.53,2009-09-07 22:09:00,0.0244
GC,2009-09-08,Tuesday,ODR,1006.73,1001.3,5.430000000000064,1007.18,1000.95,6.2299999999999045,True,SHORT,2009-09-08 08:25:00,1000.53,True,,,0.1473,0.1786,,,,,,,False,,,,False,,,
GC,2009-09-08,Tuesday,RDR,1004.58,1000.4,4.180000000000064,1004.73,998.7,6.029999999999973,True,SHORT,2009-09-08 11:45:00,998.65,True,False,,0.0837,1.9378,1.9378,992.3,2009-09-08 15:56:00,0.0,999.63,2009-09-08 13:53:00,True,2009-09-08 11:50:00,0.0,0.0,False,,,
GC,2009-09-09,Wednesday,ADR,1002.65,999.9,2.75,1002.75,998.9,3.8500000000000227,True,LONG,2009-09-08 20:55:00,1003.05,False,True,False,0.1636,0.2982,0.1636,1003.1,2009-09-08 21:00:00,1.2982,999.08,2009-09-09 00:49:00,False,,0.0,,True,1002.65,2009-09-08 21:02:00,0.0
GC,2009-09-09,Wednesday,ODR,1000.83,997.2,3.6299999999999955,1001.23,996.35,4.8799999999999955,True,SHORT,2009-09-09 05:10:00,995.58,True,True,False,0.0,1.3361,1.3361,992.35,2009-09-09 06:38:00,0.8264,1000.2,2009-09-09 08:24:00,True,2009-09-09 05:19:00,0.0,0.8264,True,997.73,2009-09-09 07:40:00,0.146
GC,2009-09-09,Wednesday,RDR,999.65,995.1,4.5499999999999545,1000.73,994.2,6.529999999999973,True,LONG,2009-09-09 10:35:00,1001.3,False,True,False,0.5121,1.7099,0.3736,1001.35,2009-09-09 10:40:00,2.7099,987.32,2009-09-09 15:46:00,False,,0.0,,True,999.5,2009-09-09 10:42:00,0.033
GC,2009-09-10,Thursday,ADR,994.37,992.84,1.5299999999999727,994.54,992.84,1.6999999999999318,True,SHORT,2009-09-09 21:20:00,992.52,False,True,False,0.4837,0.732,0.732,991.72,2009-09-09 22:46:00,1.4837,995.11,2009-09-10 01:53:00,True,2009-09-09 21:26:00,0.085,1.4837,True,992.92,2009-09-09 22:11:00,0.0523
GC,2009-09-10,Thursday,ODR,995.74,992.14,3.6000000000000227,996.01,991.44,4.569999999999936,True,SHORT,2009-09-10 05:20:00,991.31,True,False,,0.0,2.7167,2.7167,982.36,2009-09-10 06:10:00,0.0,991.34,2009-09-10 05:27:00,True,2009-09-10 05:31:00,0.0,0.0,False,,,
GC,2009-09-10,Thursday,RDR,992.09,988.24,3.8500000000000227,992.09,987.29,4.800000000000068,True,LONG,2009-09-10 10:35:00,992.61,True,True,True,1.639,0.0,1.639,998.4,2009-09-10 13:57:00,0.2753,991.03,2009-09-10 11:34:00,True,2009-09-10 10:57:00,0.2753,0.2753,True,992.01,2009-09-10 10:41:00,0.0208
GC,2009-09-11,Friday,ADR,996.68,995.25,1.42999999999995,996.83,994.45,2.3799999999999955,True,LONG,2009-09-10 22:00:00,997.33,True,False,,3.951,0.5385,3.951,1002.33,2009-09-11 01:27:00,0.0,997.08,2009-09-10 22:10:00,True,2009-09-10 22:06:00,0.0,0.0,False,,,
GC,2009-09-11,Friday,ODR,1000.88,998.1,2.7799999999999727,1001.0,997.7,3.2999999999999545,True,SHORT,2009-09-11 04:15:00,997.13,False,True,False,0.7086,0.4209,0.4209,996.93,2009-09-11 04:20:00,1.7086,1002.85,2009-09-11 07:52:00,False,,0.0,,True,998.4,2009-09-11 04:23:00,0.1079
GC,2009-09-11,Friday,RDR,1010.59,1006.52,4.07000000000005,1011.67,1005.62,6.0499999999999545,True,SHORT,2009-09-11 11:40:00,1004.79,True,True,True,0.0,1.258,1.258,1001.4,2009-09-11 12:41:00,0.1671,1007.2,2009-09-11 14:36:00,True,2009-09-11 11:46:00,0.0147,0.1671,True,1006.58,2009-09-11 12:10:00,0.0147
GC,2009-09-14,Monday,ADR,1008.45,1004.88,3.57000000000005,1008.83,1004.43,4.400000000000091,True,SHORT,2009-09-13 20:35:00,1003.6,True,False,,0.0,1.549,1.549,999.35,2009-09-14 01:59:00,0.0,1004.55,2009-09-14 00:14:00,True,2009-09-13 21:05:00,0.0,0.0,False,,,
GC,2009-09-14,Monday,ODR,1000.03,997.0,3.0299999999999727,1000.13,996.25,3.8799999999999955,True,SHORT,2009-09-14 04:35:00,994.88,True,True,False,0.0825,1.3036,1.3036,993.05,2009-09-14 04:51:00,1.0825,1000.28,2009-09-14 08:20:00,True,2009-09-14 04:40:00,0.0,1.0825,True,997.13,2009-09-14 06:15:00,0.0429
GC,2009-09-14,Monday,RDR,1002.4,998.13,4.269999999999982,1002.75,996.98,5.769999999999982,True,SHORT,2009-09-14 13:55:00,996.95,True,True,False,0.0468,0.4988,0.4988,996.0,2009-09-14 14:09:00,0.3443,999.6,2009-09-14 14:30:00,False,,0.0,,True,998.4,2009-09-14 14:27:00,0.0632
GC,2009-09-15,Tuesday,ADR,1001.55,998.93,2.6200000000000045,1001.65,998.88,2.769999999999982,True,SHORT,2009-09-14 23:05:00,998.78,True,True,False,0.0,0.3626,0.3626,997.98,2009-09-14 23:48:00,0.1603,999.35,2009-09-15 00:19:00,False,,0.0,,True,999.35,2009-09-15 00:19:00,0.1603
GC,2009-09-15,Tuesday,ODR,998.0,995.08,2.919999999999959,998.0,995.08,2.919999999999959,True,LONG,2009-09-15 04:05:00,998.3,True,True,True,0.4452,0.0,0.4452,999.3,2009-09-15 07:07:00,0.8562,995.5,2009-09-15 06:07:00,False,,0.8562,,True,997.9,2009-09-15 04:11:00,0.0342
GC,2009-09-15,Tuesday,RDR,998.78,994.55,4.230000000000018,999.65,994.1,5.5499999999999545,True,LONG,2009-09-15 11:00:00,1000.33,True,False,,2.5296,0.0,2.5296,1009.48,2009-09-15 14:00:00,0.0,999.13,2009-09-15 11:09:00,True,2009-09-15 11:12:00,0.0,0.0,False,,,
GC,2009-09-16,Wednesday,ADR,1009.25,1006.23,3.019999999999982,1009.38,1005.93,3.4500000000000455,True,LONG,2009-09-16 01:00:00,1009.93,True,False,,2.2848,0.0,2.2848,1016.15,2009-09-16 01:59:00,0.0,1009.73,2009-09-16 01:05:00,True,2009-09-16 01:42:00,0.0,0.0,False,,,
GC,2009-09-16,Wednesday,ODR,1017.55,1014.7,2.849999999999909,1017.83,1014.63,3.2000000000000455,True,SHORT,2009-09-16 04:50:00,1014.45,False,True,False,1.0175,0.1298,0.0947,1014.43,2009-09-16 04:56:00,2.0175,1020.45,2009-09-16 05:55:00,False,,0.0,,True,1014.8,2009-09-16 04:57:00,0.0351
GC,2009-09-16,Wednesday,RDR,1018.75,1014.65,4.100000000000023,1019.03,1013.45,5.579999999999927,False,,,,,,,0.0122,0.1707,,,,,,,False,,,,False,,,
GC,2009-09-17,Thursday,ADR,1016.58,1015.55,1.0300000000000864,1016.75,1015.3,1.4500000000000455,True,LONG,2009-09-16 21:30:00,1017.08,True,True,True,6.7476,0.3107,6.7476,1023.53,2009-09-17 01:52:00,0.3689,1016.2,2009-09-16 22:40:00,True,2009-09-16 21:35:00,0.3689,0.3689,True,1016.35,2009-09-16 22:22:00,0.2233
GC,2009-09-17,Thursday,ODR,1021.95,1019.05,2.900000000000091,1022.48,1017.5,4.980000000000018,True,SHORT,2009-09-17 06:10:00,1017.28,True,False,,0.131,2.0586,2.0586,1013.08,2009-09-17 07:59:00,0.0,1018.83,2009-09-17 06:23:00,True,2009-09-17 06:15:00,0.0,0.0,False,,,
GC,2009-09-17,Thursday,RDR,1019.25,1015.0,4.25,1019.83,1014.55,5.280000000000086,True,SHORT,2009-09-17 11:45:00,1014.53,True,True,True,0.0,1.2353,1.2353,1009.75,2009-09-17 13:00:00,0.36,1016.53,2009-09-17 14:52:00,True,2009-09-17 12:12:00,0.1718,0.36,True,1015.08,2009-09-17 11:58:00,0.0188
GC,2009-09-18,Friday,ADR,1015.15,1013.38,1.7699999999999818,1015.23,1012.35,2.8799999999999955,True,SHORT,2009-09-17 21:10:00,1012.25,True,True,True,0.0,1.3446,1.3446,1011.0,2009-09-17 21:55:00,0.5367,1014.33,2009-09-18 00:59:00,True,2009-09-17 21:15:00,0.0,0.5367,True,1013.43,2009-09-18 00:40:00,0.0282
GC,2009-09-18,Friday,ODR,1011.88,1010.05,1.830000000000041,1012.2,1009.45,2.75,True,SHORT,2009-09-18 04:10:00,1008.03,False,True,False,1.377,1.2568,1.2568,1007.75,2009-09-18 04:18:00,2.377,1014.4,2009-09-18 06:07:00,True,2009-09-18 04:15:00,0.0,2.377,True,1010.25,2009-09-18 04:25:00,0.1093
GC,2009-09-18,Friday,RDR,1016.7,1007.98,8.720000000000027,1017.68,1007.13,10.549999999999955,True,SHORT,2009-09-18 15:55:00,1006.35,True,,,0.0,0.2236,,,,,,,False,,,,False,,,
GC,2009-09-21,Monday,ADR,1006.58,1003.73,2.8500000000000227,1006.68,1003.68,3.0,True,SHORT,2009-09-20 22:40:00,1003.3,True,True,True,0.0,1.6772,1.6772,998.95,2009-09-21 01:09:00,0.0421,1003.85,2009-09-20 22:58:00,True,2009-09-20 23:10:00,0.0421,0.0,True,1003.75,2009-09-20 22:57:00,0.007
GC,2009-09-21,Monday,ODR,1002.9,996.75,6.149999999999977,1003.03,995.65,7.3799999999999955,False,,,,,,,0.0,0.1057,,,,,,,False,,,,False,,,
GC,2009-09-21,Monday,RDR,999.63,996.73,2.8999999999999773,999.83,995.9,3.9300000000000637,True,LONG,2009-09-21 10:45:00,1000.48,True,True,True,1.8517,0.0,1.8517,1005.0,2009-09-21 11:38:00,0.0172,999.58,2009-09-21 11:05:00,True,2009-09-21 10:50:00,0.0172,0.0172,True,999.58,2009-09-21 11:05:00,0.0172
GC,2009-09-22,Tuesday,ADR,1005.23,1003.53,1.7000000000000455,1005.33,1003.43,1.900000000000091,True,LONG,2009-09-21 20:40:00,1005.35,True,True,True,1.1882,0.0,1.1882,1007.25,2009-09-21 23:33:00,0.9,1003.7,2009-09-21 21:41:00,True,2009-09-21 22:40:00,0.9,0.0,True,1005.1,2009-09-21 20:52:00,0.0765
GC,2009-09-22,Tuesday,ODR,1013.38,1008.23,5.149999999999977,1013.63,1007.93,5.7000000000000455,True,LONG,2009-09-22 04:00:00,1014.03,True,True,True,0.932,0.0,0.932,1018.18,2009-09-22 08:22:00,0.2524,1012.08,2009-09-22 05:04:00,True,2009-09-22 05:53:00,0.2524,0.0,True,1013.33,2009-09-22 04:06:00,0.0097
GC,2009-09-22,Tuesday,RDR,1016.88,1014.38,2.5,1016.88,1013.48,3.3999999999999773,True,SHORT,2009-09-22 13:20:00,1013.08,True,True,False,0.0,0.7,0.7,1012.63,2009-09-22 13:40:00,0.46,1015.53,2009-09-22 15:58:00,True,2009-09-22 13:25:00,0.0,0.46,True,1014.38,2009-09-22 15:35:00,0.0
GC,2009-09-23,Wednesday,ADR,1017.3,1016.43,0.8700000000000045,1017.65,1016.2,1.4499999999999318,True,SHORT,2009-09-22 20:30:00,1016.13,False,True,False,0.6667,3.7931,3.7931,1013.13,2009-09-22 21:28:00,1.6667,1017.88,2009-09-23 00:56:00,True,2009-09-22 20:43:00,0.0,1.6667,True,1016.53,2009-09-22 23:25:00,0.1149
GC,2009-09-23,Wednesday,ODR,1016.88,1013.63,3.25,1017.13,1013.18,3.9500000000000455,True,SHORT,2009-09-23 06:00:00,1012.73,True,True,True,0.0462,0.4615,0.4615,1012.13,2009-09-23 06:28:00,0.6462,1015.73,2009-09-23 08:05:00,False,,0.0308,,True,1013.73,2009-09-23 06:10:00,0.0308
GC,2009-09-23,Wednesday,RDR,1012.18,1009.63,2.5499999999999545,1012.28,1009.58,2.699999999999932,True,SHORT,2009-09-23 10:35:00,1007.23,False,True,True,2.2941,1.4706,1.2941,1006.33,2009-09-23 15:57:00,3.2941,1018.03,2009-09-23 14:21:00,True,2009-09-23 10:40:00,3.2941,3.2941,True,1009.83,2009-09-23 11:26:00,0.0784
GC,2009-09-24,Thursday,ADR,1009.88,1007.75,2.1299999999999955,1009.98,1007.65,2.330000000000041,True,LONG,2009-09-23 20:40:00,1010.03,True,True,True,1.0329,0.0,1.0329,1012.08,2009-09-23 21:05:00,0.7512,1008.28,2009-09-24 00:34:00,True,2009-09-23 20:54:00,0.0,0.7512,True,1009.78,2009-09-23 22:41:00,0.0469
GC,2009-09-24,Thursday,ODR,1013.53,1010.58,2.949999999999932,1013.93,1010.53,3.3999999999999773,True,SHORT,2009-09-24 04:00:00,1010.33,False,True,False,1.2034,1.3051,1.3051,1006.73,2009-09-24 04:30:00,2.2034,1017.08,2009-09-24 08:28:00,True,2009-09-24 04:12:00,0.1525,2.2034,True,1010.73,2009-09-24 04:05:00,0.0508
GC,2009-09-24,Thursday,RDR,1012.68,996.13,16.549999999999955,1013.58,993.08,20.5,True,SHORT,2009-09-24 13:40:00,992.28,True,False,,0.0,0.3384,0.3384,990.53,2009-09-24 13:55:00,0.0,995.98,2009-09-24 14:45:00,False,,0.0,,False,,,
GC,2009-09-25,Friday,ADR,996.33,993.15,3.1800000000000637,996.98,992.98,4.0,True,LONG,2009-09-25 00:30:00,997.0,True,True,True,0.4403,0.0,0.4403,997.73,2009-09-25 00:48:00,0.3774,995.13,2009-09-25 01:34:00,False,,0.0,,True,996.13,2009-09-25 01:30:00,0.0629
GC,2009-09-25,Friday,ODR,996.9,994.58,2.3199999999999363,997.23,994.08,3.1499999999999773,True,LONG,2009-09-25 05:30:00,997.25,False,True,False,0.8966,1.0345,0.8966,998.98,2009-09-25 06:05:00,2.0345,992.18,2009-09-25 08:18:00,True,2009-09-25 06:00:00,0.0216,2.0345,True,996.85,2009-09-25 05:49:00,0.0216
GC,2009-09-25,Friday,RDR,993.0,987.68,5.32000000000005,993.6,986.6,7.0,False,,,,,,,0.1128,0.0,,,,,,,False,,,,False,,,
GC,2009-09-28,Monday,ADR,995.13,992.6,2.5299999999999727,995.73,992.6,3.1299999999999955,True,SHORT,2009-09-27 21:25:00,992.43,True,True,True,0.0,2.5375,2.5375,986.18,2009-09-28 00:20:00,0.0711,992.78,2009-09-27 22:22:00,True,2009-09-27 21:38:00,0.0711,0.0711,True,992.63,2009-09-27 21:34:00,0.0119
GC,2009-09-28,Monday,ODR,990.83,987.13,3.7000000000000455,992.03,986.58,5.449999999999932,True,LONG,2009-09-28 05:50:00,992.1,True,True,True,0.6135,0.3865,0.6135,993.1,2009-09-28 07:45:00,0.2838,989.78,2009-09-28 07:01:00,True,2009-09-28 07:44:00,0.2838,0.0216,True,990.8,2009-09-28 05:57:00,0.0081
GC,2009-09-28,Monday,RDR,993.55,991.18,2.3700000000000045,993.75,990.05,3.7000000000000455,True,LONG,2009-09-28 10:30:00,994.4,False,True,False,1.2785,0.9831,1.2785,996.58,2009-09-28 12:06:00,1.9831,988.85,2009-09-28 15:57:00,True,2009-09-28 10:36:00,0.4219,1.9831,True,993.23,2009-09-28 10:50:00,0.135
GC,2009-09-29,Tuesday,ADR,992.4,990.1,2.2999999999999545,992.45,989.9,2.550000000000068,True,SHORT,2009-09-28 21:20:00,989.55,False,True,False,0.4043,0.3783,0.2478,989.53,2009-09-28 21:25:00,1.4043,993.33,2009-09-29 00:48:00,False,,0.0,,True,990.1,2009-09-28 21:27:00,0.0
GC,2009-09-29,Tuesday,ODR,993.2,991.13,2.07000000000005,993.53,991.03,2.5,True,SHORT,2009-09-29 06:25:00,990.7,True,True,True,0.1836,3.2029,3.2029,984.5,2009-09-29 08:20:00,0.0821,991.3,2009-09-29 06:31:00,True,2009-09-29 06:35:00,0.0821,0.0,True,991.2,2009-09-29 06:30:00,0.0338
GC,2009-09-29,Tuesday,RDR,992.48,989.13,3.3500000000000227,993.18,988.15,5.029999999999973,True,LONG,2009-09-29 12:45:00,993.58,True,True,True,0.9612,0.0,0.9612,995.7,2009-09-29 13:07:00,0.2179,991.75,2009-09-29 15:54:00,True,2009-09-29 12:51:00,0.0,0.2179,True,991.8,2009-09-29 13:36:00,0.203
GC,2009-09-30,Wednesday,ADR,993.3,991.58,1.7199999999999136,993.33,991.5,1.830000000000041,True,LONG,2009-09-29 21:15:00,993.5,True,False,,2.343,0.0,2.343,997.33,2009-09-30 01:58:00,0.0,993.45,2009-09-29 21:20:00,True,2009-09-29 21:24:00,0.0,0.0,False,,,
GC,2009-09-30,Wednesday,ODR,996.63,995.23,1.3999999999999773,996.63,995.18,1.4500000000000455,True,LONG,2009-09-30 04:10:00,996.83,True,True,True,4.8714,0.0,4.8714,1003.45,2009-09-30 08:27:00,0.2714,996.25,2009-09-30 04:17:00,True,2009-09-30 04:21:00,0.2714,0.0,True,996.25,2009-09-30 04:17:00,0.2714
GC,2009-09-30,Wednesday,RDR,1001.8,995.58,6.219999999999914,1002.68,994.33,8.349999999999909,True,LONG,2009-09-30 11:45:00,1002.7,True,False,,1.1495,0.0,1.1495,1008.95,2009-09-30 12:52:00,0.0,1002.48,2009-09-30 12:06:00,True,2009-09-30 12:16:00,0.0,0.0,False,,,
GC,2009-10-01,Thursday,ADR,1008.73,1006.23,2.5,1008.75,1006.2,2.5499999999999545,True,SHORT,2009-09-30 21:25:00,1006.15,True,True,True,0.0,0.692,0.692,1004.5,2009-10-01 01:57:00,0.548,1007.6,2009-10-01 01:27:00,True,2009-10-01 01:56:00,0.548,0.0,True,1006.3,2009-09-30 21:45:00,0.028
GC,2009-10-01,Thursday,ODR,1008.73,1005.85,2.8799999999999955,1009.6,1005.83,3.769999999999982,True,SHORT,2009-10-01 05:30:00,1005.7,True,True,True,0.0,1.4236,1.4236,1001.75,2009-10-01 08:22:00,0.1667,1006.33,2009-10-01 06:35:00,True,2009-10-01 06:51:00,0.1667,0.0,True,1005.9,2009-10-01 05:40:00,0.0174
GC,2009-10-01,Thursday,RDR,1007.03,1001.98,5.0499999999999545,1007.15,1000.98,6.169999999999959,True,SHORT,2009-10-01 11:05:00,1000.68,True,True,True,0.0,0.897,0.897,997.45,2009-10-01 11:36:00,0.1584,1002.78,2009-10-01 11:18:00,True,2009-10-01 11:34:00,0.1584,0.0832,True,1002.78,2009-10-01 11:18:00,0.1584
GC,2009-10-02,Friday,ADR,1000.83,998.73,2.1000000000000227,1001.35,998.2,3.1499999999999773,False,,,,,,,0.1667,0.2143,,,,,,,False,,,,False,,,
GC,2009-10-02,Friday,ODR,999.53,997.43,2.1000000000000227,999.75,996.95,2.7999999999999545,True,SHORT,2009-10-02 06:55:00,996.93,True,True,True,0.0,1.0143,1.0143,995.3,2009-10-02 07:40:00,0.2714,998.0,2009-10-02 07:51:00,True,2009-10-02 07:00:00,0.2619,0.2714,True,997.98,2009-10-02 07:14:00,0.2619
GC,2009-10-02,Friday,RDR,1005.73,997.15,8.580000000000041,1006.13,996.25,9.879999999999995,True,LONG,2009-10-02 10:30:00,1006.73,True,True,False,0.1713,0.0,0.1632,1007.13,2009-10-02 10:36:00,0.6119,1000.48,2009-10-02 12:56:00,False,,0.0,,True,1005.73,2009-10-02 10:37:00,0.0
GC,2009-10-05,Monday,ADR,1003.05,1001.3,1.75,1003.2,1000.9,2.300000000000068,True,LONG,2009-10-04 21:05:00,1003.28,True,True,True,1.0743,0.0,1.0743,1004.93,2009-10-05 00:53:00,0.4857,1002.2,2009-10-04 23:30:00,True,2009-10-04 21:22:00,0.4857,0.4857,True,1003.0,2009-10-04 21:15:00,0.0286
GC,2009-10-05,Monday,ODR,1005.05,1003.98,1.0699999999999363,1005.48,1003.15,2.330000000000041,True,LONG,2009-10-05 04:00:00,1005.95,False,True,False,2.2243,0.9346,2.2243,1007.43,2009-10-05 04:12:00,1.9346,1002.98,2009-10-05 08:24:00,True,2009-10-05 04:05:00,0.1869,1.9346,True,1004.85,2009-10-05 04:05:00,0.1869
GC,2009-10-05,Monday,RDR,1006.25,1002.88,3.3700000000000045,1006.45,1001.8,4.650000000000091,True,LONG,2009-10-05 11:55:00,1007.08,True,False,,3.3027,0.1276,3.3027,1017.38,2009-10-05 13:47:00,0.0,1006.45,2009-10-05 12:00:00,True,2009-10-05 12:00:00,0.0,0.0,False,,,
GC,2009-10-06,Tuesday,ADR,1016.28,1015.55,0.7300000000000182,1016.35,1015.48,0.8700000000000045,True,SHORT,2009-10-05 20:50:00,1015.45,False,True,False,5.2055,0.3425,0.137,1015.45,2009-10-05 20:57:00,6.2055,1020.08,2009-10-05 23:35:00,False,,0.0685,,True,1015.55,2009-10-05 20:55:00,0.0
GC,2009-10-06,Tuesday,ODR,1019.85,1018.35,1.5,1019.9,1018.3,1.6000000000000227,True,SHORT,2009-10-06 04:10:00,1018.08,False,True,False,7.12,0.38,0.1333,1018.15,2009-10-06 04:15:00,8.12,1030.53,2009-10-06 08:23:00,False,,0.12,,True,1018.53,2009-10-06 04:15:00,0.12
GC,2009-10-06,Tuesday,RDR,1040.23,1032.6,7.630000000000109,1040.68,1031.15,9.529999999999973,True,LONG,2009-10-06 10:45:00,1041.85,True,True,True,0.4155,0.0,0.4155,1043.4,2009-10-06 11:01:00,0.5872,1035.75,2009-10-06 14:39:00,False,,0.0,,True,1039.9,2009-10-06 11:24:00,0.0433
GC,2009-10-07,Wednesday,ADR,1041.65,1037.5,4.150000000000091,1041.75,1037.2,4.5499999999999545,True,SHORT,2009-10-06 23:05:00,1036.63,True,True,False,0.0,0.2578,0.2578,1036.43,2009-10-06 23:10:00,0.7181,1040.48,2009-10-07 01:59:00,False,,0.0,,True,1037.73,2009-10-06 23:26:00,0.0554
GC,2009-10-07,Wednesday,ODR,1042.13,1039.4,2.730000000000018,1042.63,1039.0,3.630000000000109,True,LONG,2009-10-07 04:00:00,1043.58,True,True,False,2.2418,0.0256,2.2418,1048.25,2009-10-07 04:44:00,1.0256,1039.33,2009-10-07 08:23:00,True,2009-10-07 04:05:00,0.0,1.0256,True,1042.08,2009-10-07 07:21:00,0.0183
GC,2009-10-07,Wednesday,RDR,1042.98,1039.48,3.5,1044.2,1038.55,5.650000000000091,True,LONG,2009-10-07 11:20:00,1044.3,True,True,True,0.4714,0.3571,0.4714,1044.63,2009-10-07 11:25:00,1.0943,1039.15,2009-10-07 14:13:00,False,,0.0,,True,1042.88,2009-10-07 11:35:00,0.0286
GC,2009-10-08,Thursday,ADR,1045.95,1044.45,1.5,1046.28,1044.18,2.099999999999909,True,LONG,2009-10-07 20:35:00,1046.65,True,False,,5.5333,0.0,5.5333,1054.25,2009-10-08 01:11:00,0.0,1046.5,2009-10-07 20:40:00,True,2009-10-07 20:40:00,0.0,0.0,False,,,
GC,2009-10-08,Thursday,ODR,1057.83,1055.85,1.9800000000000182,1058.38,1055.85,2.5300000000002,True,SHORT,2009-10-08 04:00:00,1054.93,True,True,True,0.0,1.7172,1.7172,1052.45,2009-10-08 06:32:00,0.6717,1057.18,2009-10-08 04:55:00,True,2009-10-08 04:05:00,0.6717,0.6717,True,1056.03,2009-10-08 04:53:00,0.0909
GC,2009-10-08,Thursday,RDR,1048.0,1044.55,3.4500000000000455,1048.13,1042.73,5.400000000000091,True,LONG,2009-10-08 10:30:00,1048.18,True,False,,3.8406,0.0,3.8406,1061.25,2009-10-08 12:32:00,0.0,1048.03,2009-10-08 10:35:00,True,2009-10-08 10:40:00,0.0,0.0,False,,,
GC,2009-10-09,Friday,ADR,1051.23,1048.93,2.2999999999999545,1051.45,1048.63,2.8199999999999363,True,SHORT,2009-10-08 21:35:00,1048.38,True,True,True,0.0,1.3696,1.3696,1045.78,2009-10-08 22:00:00,0.1739,1049.33,2009-10-09 01:17:00,True,2009-10-08 21:40:00,0.0,0.1739,True,1048.93,2009-10-09 01:15:00,0.0
GC,2009-10-09,Friday,ODR,1046.53,1044.05,2.480000000000018,1046.83,1043.58,3.25,True,LONG,2009-10-09 05:45:00,1047.35,True,False,,1.7137,0.0484,1.7137,1050.78,2009-10-09 08:20:00,0.0,1046.88,2009-10-09 05:51:00,True,2009-10-09 05:55:00,0.0,0.0,False,,,
GC,2009-10-09,Friday,RDR,1050.4,1046.68,3.7200000000000273,1052.03,1045.55,6.480000000000018,True,SHORT,2009-10-09 12:05:00,1043.78,True,True,False,0.2554,0.828,0.8065,1043.68,2009-10-09 12:11:00,0.7715,1049.55,2009-10-09 15:17:00,True,2009-10-09 12:10:00,0.0,0.7715,True,1047.43,2009-10-09 12:41:00,0.2016
GC,2009-10-12,Monday,ADR,1052.33,1049.68,2.6499999999998636,1052.4,1049.63,2.769999999999982,True,SHORT,2009-10-11 21:10:00,1048.48,True,True,True,0.0,1.0189,1.0189,1046.98,2009-10-11 21:17:00,0.4038,1050.75,2009-10-12 01:23:00,True,2009-10-11 21:16:00,0.0,0.4038,True,1049.73,2009-10-12 00:18:00,0.0189
GC,2009-10-12,Monday,ODR,1049.03,1047.7,1.3299999999999272,1049.05,1047.7,1.349999999999909,True,LONG,2009-10-12 04:05:00,1049.93,True,False,,5.7519,0.0,5.7519,1056.68,2009-10-12 06:15:00,0.0,1049.53,2009-10-12 04:13:00,True,2009-10-12 04:10:00,0.0,0.0,False,,,
GC,2009-10-12,Monday,RDR,1058.48,1053.35,5.130000000000109,1058.85,1052.9,5.949999999999818,False,,,,,,,0.0,0.0292,,,,,,,False,,,,False,,,
GC,2009-10-13,Tuesday,ADR,1056.4,1054.43,1.9700000000000273,1056.4,1053.98,2.4200000000000728,True,SHORT,2009-10-12 20:45:00,1053.75,True,True,False,0.0,1.7665,1.7665,1050.95,2009-10-12 21:10:00,0.8223,1056.05,2009-10-13 01:12:00,True,2009-10-12 20:51:00,0.0,0.8223,True,1054.53,2009-10-12 22:50:00,0.0508
GC,2009-10-13,Tuesday,ODR,1055.6,1053.1,2.5,1055.6,1052.9,2.699999999999818,True,LONG,2009-10-13 04:00:00,1056.5,True,False,,5.132,0.0,5.132,1068.43,2009-10-13 07:13:00,0.0,1056.1,2009-10-13 04:06:00,True,2009-10-13 04:07:00,0.0,0.0,False,,,
GC,2009-10-13,Tuesday,RDR,1060.78,1055.05,5.730000000000018,1061.38,1054.15,7.230000000000018,True,LONG,2009-10-13 11:45:00,1062.15,True,True,True,0.7801,0.0,0.7801,1065.25,2009-10-13 12:05:00,0.5899,1057.4,2009-10-13 14:08:00,True,2009-10-13 11:51:00,0.0,0.5899,True,1059.95,2009-10-13 14:05:00,0.1449
GC,2009-10-14,Wednesday,ADR,1064.18,1062.3,1.8800000000001091,1064.18,1062.18,2.0,True,LONG,2009-10-13 21:35:00,1064.88,True,False,,2.883,0.1968,2.883,1069.6,2009-10-13 23:04:00,0.0,1064.73,2009-10-13 21:40:00,True,2009-10-13 21:40:00,0.0,0.0,False,,,
GC,2009-10-14,Wednesday,ODR,1068.85,1067.25,1.599999999999909,1069.13,1067.25,1.8800000000001091,True,SHORT,2009-10-14 04:10:00,1066.85,True,True,True,0.25,7.4688,7.4688,1055.3,2009-10-14 08:12:00,0.2062,1067.58,2009-10-14 04:16:00,True,2009-10-14 04:19:00,0.2062,0.0,True,1067.55,2009-10-14 04:15:00,0.1875
GC,2009-10-14,Wednesday,RDR,1063.98,1058.38,5.599999999999909,1065.03,1058.0,7.029999999999973,True,LONG,2009-10-14 14:00:00,1066.28,True,True,False,0.5661,0.0,0.5661,1067.15,2009-10-14 14:06:00,0.7643,1059.7,2009-10-14 15:26:00,True,2009-10-14 14:05:00,0.0,0.7643,True,1062.93,2009-10-14 14:13:00,0.1875
GC,2009-10-15,Thursday,ADR,1064.53,1062.05,2.480000000000018,1064.85,1062.03,2.8199999999999363,True,LONG,2009-10-15 00:40:00,1065.43,True,True,True,0.4839,0.0,0.4839,1065.73,2009-10-15 01:53:00,0.3145,1063.75,2009-10-15 01:26:00,False,,0.3145,,True,1064.53,2009-10-15 01:08:00,0.0
GC,2009-10-15,Thursday,ODR,1060.23,1056.78,3.4500000000000455,1060.6,1055.6,5.0,True,SHORT,2009-10-15 05:20:00,1054.93,True,False,,0.0493,3.0377,3.0377,1046.3,2009-10-15 08:07:00,0.0,1055.78,2009-10-15 06:39:00,True,2009-10-15 05:25:00,0.0,0.0,False,,,
GC,2009-10-15,Thursday,RDR,1055.0,1052.85,2.150000000000091,1055.63,1052.78,2.8500000000001364,True,LONG,2009-10-15 10:50:00,1055.65,False,True,False,2.186,3.0326,2.186,1059.7,2009-10-15 11:17:00,4.0326,1046.33,2009-10-15 15:44:00,True,2009-10-15 10:55:00,0.0,4.0326,True,1054.63,2009-10-15 12:45:00,0.1721
GC,2009-10-16,Friday,ADR,1052.6,1050.8,1.7999999999999545,1052.78,1050.8,1.9800000000000182,True,LONG,2009-10-15 21:05:00,1053.53,False,True,False,0.6556,3.2222,0.6556,1053.78,2009-10-15 21:10:00,4.2222,1045.0,2009-10-16 01:06:00,True,2009-10-15 21:10:00,0.0,4.2222,True,1052.48,2009-10-15 21:24:00,0.0667
GC,2009-10-16,Friday,ODR,1050.93,1047.2,3.730000000000018,1051.58,1047.0,4.579999999999927,True,SHORT,2009-10-16 07:10:00,1045.68,True,True,True,0.0,1.1716,1.1716,1042.83,2009-10-16 08:27:00,0.1019,1047.58,2009-10-16 07:17:00,True,2009-10-16 07:40:00,0.1019,0.067,True,1047.23,2009-10-16 07:15:00,0.008
GC,2009-10-16,Friday,RDR,1050.85,1045.65,5.199999999999818,1051.33,1045.2,6.129999999999882,True,LONG,2009-10-16 10:55:00,1052.58,True,True,True,1.1154,0.0,1.1154,1056.65,2009-10-16 11:06:00,0.2981,1049.3,2009-10-16 13:28:00,True,2009-10-16 11:01:00,0.0,0.2981,True,1050.78,2009-10-16 12:43:00,0.0135
GC,2009-10-19,Monday,ADR,1053.83,1050.45,3.3799999999998818,1054.08,1050.2,3.8799999999998818,True,SHORT,2009-10-18 20:30:00,1049.33,True,True,False,0.0,0.7249,0.7249,1048.0,2009-10-18 20:36:00,0.784,1053.1,2009-10-19 01:40:00,True,2009-10-18 20:35:00,0.0,0.784,True,1050.5,2009-10-18 21:07:00,0.0148
GC,2009-10-19,Monday,ODR,1055.55,1052.98,2.5699999999999363,1056.45,1052.8,3.650000000000091,True,LONG,2009-10-19 04:25:00,1056.5,False,True,False,0.4008,0.214,0.4008,1056.58,2009-10-19 04:30:00,1.214,1052.43,2009-10-19 08:22:00,False,,0.0,,True,1055.3,2009-10-19 04:37:00,0.0973
GC,2009-10-19,Monday,RDR,1052.85,1048.68,4.169999999999845,1052.95,1047.8,5.150000000000091,True,LONG,2009-10-19 10:35:00,1053.2,True,True,True,2.3141,0.0,2.3141,1062.5,2009-10-19 15:57:00,0.2278,1051.9,2009-10-19 10:53:00,True,2009-10-19 11:26:00,0.2278,0.0,True,1052.63,2009-10-19 10:52:00,0.0528
GC,2009-10-20,Tuesday,ADR,1063.33,1062.18,1.1499999999998636,1063.55,1061.7,1.849999999999909,True,LONG,2009-10-19 20:30:00,1064.53,True,True,True,3.3478,0.0,3.3478,1067.18,2009-10-19 22:26:00,0.8957,1062.3,2009-10-19 20:46:00,True,2009-10-19 20:35:00,0.8957,0.8957,True,1063.23,2009-10-19 20:40:00,0.087
GC,2009-10-20,Tuesday,ODR,1067.28,1062.53,4.75,1067.75,1061.8,5.9500000000000455,True,SHORT,2009-10-20 05:00:00,1060.48,True,True,False,0.0,0.48,0.48,1060.25,2009-10-20 05:11:00,0.8568,1066.6,2009-10-20 08:08:00,False,,0.0,,True,1062.65,2009-10-20 05:18:00,0.0253
GC,2009-10-20,Tuesday,RDR,1063.38,1057.18,6.2000000000000455,1063.53,1055.95,7.579999999999927,True,SHORT,2009-10-20 11:25:00,1055.63,True,True,True,0.0,0.9887,0.9887,1051.05,2009-10-20 11:46:00,0.2129,1058.5,2009-10-20 14:19:00,True,2009-10-20 11:37:00,0.0,0.2129,True,1057.43,2009-10-20 13:02:00,0.0403
GC,2009-10-21,Wednesday,ADR,1055.6,1053.9,1.699999999999818,1055.95,1053.73,2.2200000000000273,True,SHORT,2009-10-20 20:40:00,1053.23,False,True,False,0.8412,0.9118,0.9118,1052.35,2009-10-20 22:05:00,1.8412,1057.03,2009-10-21 01:18:00,True,2009-10-20 20:48:00,0.3824,1.8412,True,1053.93,2009-10-20 20:58:00,0.0176
GC,2009-10-21,Wednesday,ODR,1059.53,1057.05,2.480000000000018,1059.7,1057.05,2.650000000000091,True,SHORT,2009-10-21 04:05:00,1057.03,True,True,True,0.0,3.2863,3.2863,1048.9,2009-10-21 07:41:00,0.3629,1057.95,2009-10-21 04:54:00,True,2009-10-21 05:13:00,0.3629,0.0,True,1057.35,2009-10-21 04:10:00,0.121
GC,2009-10-21,Wednesday,RDR,1056.03,1053.33,2.7000000000000455,1056.68,1053.28,3.400000000000091,True,LONG,2009-10-21 10:40:00,1060.68,True,False,,3.2111,0.2778,3.2111,1064.7,2009-10-21 13:19:00,0.0,1056.88,2009-10-21 15:42:00,True,2009-10-21 10:45:00,0.0,0.0,False,,,
GC,2009-10-22,Thursday,ADR,1059.3,1057.75,1.5499999999999545,1059.48,1057.35,2.130000000000109,True,LONG,2009-10-21 20:30:00,1059.58,False,True,False,1.3742,0.6452,1.3742,1061.43,2009-10-21 20:46:00,1.6452,1056.75,2009-10-22 00:37:00,True,2009-10-21 20:38:00,0.0,1.6452,True,1059.25,2009-10-21 23:08:00,0.0323
GC,2009-10-22,Thursday,ODR,1058.45,1055.98,2.4700000000000273,1058.55,1055.5,3.0499999999999545,True,SHORT,2009-10-22 04:10:00,1055.2,True,True,False,0.2429,1.1862,1.1862,1053.05,2009-10-22 04:46:00,1.2429,1059.05,2009-10-22 08:21:00,True,2009-10-22 04:17:00,0.0,1.2429,True,1056.08,2009-10-22 06:10:00,0.0405
GC,2009-10-22,Thursday,RDR,1055.8,1052.08,3.7200000000000273,1056.95,1051.4,5.5499999999999545,True,LONG,2009-10-22 10:50:00,1058.58,True,True,True,1.3656,0.0,1.3656,1060.88,2009-10-22 11:00:00,0.7715,1052.93,2009-10-22 12:25:00,True,2009-10-22 10:55:00,0.0,0.7715,True,1055.55,2009-10-22 12:21:00,0.0672
GC,2009-10-23,Friday,ADR,1062.8,1060.4,2.3999999999998636,1062.95,1059.93,3.019999999999982,True,SHORT,2009-10-22 21:50:00,1059.5,False,True,False,0.6042,0.4583,0.375,1059.5,2009-10-22 21:58:00,1.6042,1064.25,2009-10-23 01:54:00,False,,0.0,,True,1060.45,2009-10-22 22:19:00,0.0208
GC,2009-10-23,Friday,ODR,1059.6,1057.7,1.8999999999998636,1059.88,1056.7,3.1800000000000637,True,LONG,2009-10-23 05:15:00,1061.4,True,True,True,1.4105,0.4211,1.4105,1062.28,2009-10-23 05:56:00,0.2211,1059.18,2009-10-23 08:14:00,True,2009-10-23 05:20:00,0.0,0.2211,True,1059.6,2009-10-23 08:07:00,0.0
GC,2009-10-23,Friday,RDR,1065.25,1058.48,6.769999999999982,1065.68,1056.38,9.299999999999955,True,SHORT,2009-10-23 11:15:00,1053.83,True,True,True,0.0,1.2452,1.2452,1050.05,2009-10-23 11:20:00,0.2614,1060.25,2009-10-23 12:02:00,True,2009-10-23 11:20:00,0.0,0.2614,True,1058.5,2009-10-23 11:52:00,0.003
GC,2009-10-26,Monday,ADR,1056.2,1052.55,3.650000000000091,1056.28,1052.38,3.8999999999998636,True,SHORT,2009-10-25 20:30:00,1051.98,False,True,False,0.2548,0.2603,0.1507,1052.0,2009-10-25 20:35:00,1.2548,1057.13,2009-10-25 22:06:00,False,,0.0,,True,1052.6,2009-10-25 20:36:00,0.0137
GC,2009-10-26,Monday,ODR,1056.05,1053.55,2.5,1056.95,1052.58,4.370000000000118,False,,,,,,,0.2,0.2,,,,,,,False,,,,False,,,
GC,2009-10-26,Monday,RDR,1059.33,1054.25,5.079999999999927,1059.73,1054.25,5.480000000000018,True,SHORT,2009-10-26 10:50:00,1054.0,True,True,True,0.0,3.2972,3.2972,1037.5,2009-10-26 15:11:00,0.1437,1054.98,2009-10-26 11:10:00,True,2009-10-26 11:19:00,0.1437,0.0,True,1054.3,2009-10-26 10:59:00,0.0098
GC,2009-10-27,Tuesday,ADR,1040.73,1038.03,2.7000000000000455,1040.9,1037.78,3.1200000000001182,True,LONG,2009-10-26 21:15:00,1041.0,True,True,True,0.6185,0.0,0.6185,1042.4,2009-10-27 01:48:00,0.2222,1040.13,2009-10-26 21:37:00,True,2009-10-27 00:05:00,0.2222,0.0,True,1040.68,2009-10-26 21:20:00,0.0185
GC,2009-10-27,Tuesday,ODR,1042.8,1040.68,2.119999999999891,1042.93,1040.43,2.5,True,SHORT,2009-10-27 04:40:00,1039.88,True,True,True,0.0,2.1462,2.1462,1036.13,2009-10-27 08:14:00,0.2123,1041.13,2009-10-27 06:26:00,True,2009-10-27 04:48:00,0.2123,0.2123,True,1040.83,2009-10-27 06:21:00,0.0708
GC,2009-10-27,Tuesday,RDR,1038.93,1034.43,4.5,1040.43,1032.53,7.900000000000091,False,,,,,,,0.2,0.1178,,,,,,,False,,,,False,,,
GC,2009-10-28,Wednesday,ADR,1040.45,1039.2,1.25,1040.63,1039.13,1.5,True,SHORT,2009-10-27 20:35:00,1039.1,False,True,True,1.104,1.216,1.216,1037.68,2009-10-28 00:35:00,2.104,1041.83,2009-10-27 21:17:00,True,2009-10-27 20:43:00,2.104,2.104,True,1039.25,2009-10-27 20:40:00,0.04
GC,2009-10-28,Wednesday,ODR,1040.75,1038.8,1.9500000000000455,1040.88,1038.68,2.2000000000000455,True,SHORT,2009-10-28 04:00:00,1037.38,True,False,,0.0,4.359,4.359,1030.3,2009-10-28 07:29:00,0.0,1038.4,2009-10-28 04:28:00,True,2009-10-28 04:05:00,0.0,0.0,False,,,
GC,2009-10-28,Wednesday,RDR,1038.98,1033.55,5.430000000000064,1039.63,1032.85,6.7800000000002,True,SHORT,2009-10-28 10:50:00,1032.28,True,True,True,0.0,1.2836,1.2836,1026.58,2009-10-28 15:40:00,0.2947,1035.15,2009-10-28 11:20:00,True,2009-10-28 12:20:00,0.2947,0.0,True,1033.65,2009-10-28 10:59:00,0.0184
GC,2009-10-29,Thursday,ADR,1029.93,1028.1,1.8300000000001546,1030.4,1028.1,2.300000000000182,True,LONG,2009-10-28 20:35:00,1030.88,True,True,True,1.5847,0.0,1.5847,1032.83,2009-10-29 01:37:00,0.082,1029.78,2009-10-28 20:43:00,True,2009-10-28 20:48:00,0.082,0.0,True,1029.8,2009-10-28 20:42:00,0.071
GC,2009-10-29,Thursday,ODR,1032.63,1030.73,1.900000000000091,1032.78,1030.68,2.099999999999909,True,LONG,2009-10-29 04:15:00,1033.43,True,True,False,1.7474,0.0,1.7474,1035.95,2009-10-29 07:30:00,0.2,1032.25,2009-10-29 08:25:00,True,2009-10-29 04:20:00,0.0,0.2,True,1032.63,2009-10-29 05:40:00,0.0
GC,2009-10-29,Thursday,RDR,1038.93,1036.53,2.400000000000091,1039.83,1036.2,3.6299999999998818,True,SHORT,2009-10-29 10:40:00,1035.83,False,True,False,3.6125,0.6042,0.3667,1035.65,2009-10-29 10:45:00,4.6125,1047.6,2009-10-29 13:41:00,False,,0.0,,True,1036.63,2009-10-29 10:47:00,0.0417
GC,2009-10-30,Friday,ADR,1046.73,1044.35,2.380000000000109,1046.85,1044.08,2.769999999999982,True,LONG,2009-10-29 23:40:00,1046.9,True,True,True,0.8824,0.0,0.8824,1048.83,2009-10-30 01:55:00,0.0966,1046.5,2009-10-29 23:50:00,True,2009-10-30 00:51:00,0.0966,0.0,True,1046.5,2009-10-29 23:50:00,0.0966
GC,2009-10-30,Friday,ODR,1047.63,1045.3,2.3300000000001546,1047.8,1045.23,2.5699999999999363,True,SHORT,2009-10-30 04:00:00,1044.98,True,True,True,0.0,1.4034,1.4034,1042.03,2009-10-30 08:28:00,0.485,1046.43,2009-10-30 05:25:00,True,2009-10-30 04:13:00,0.485,0.485,True,1045.33,2009-10-30 05:19:00,0.0129
GC,2009-10-30,Friday,RDR,1044.8,1040.93,3.869999999999891,1045.43,1040.75,4.680000000000064,True,SHORT,2009-10-30 10:30:00,1040.45,False,True,False,0.4212,1.5323,1.5323,1035.0,2009-10-30 12:28:00,1.4212,1046.43,2009-10-30 15:40:00,True,2009-10-30 10:35:00,0.2455,1.4212,True,1041.18,2009-10-30 10:45:00,0.0646
GC,2009-11-02,Monday,ADR,1044.5,1043.45,1.0499999999999545,1044.83,1042.85,1.9800000000000182,True,LONG,2009-11-01 23:05:00,1045.1,True,True,True,2.2381,0.4952,2.2381,1046.85,2009-11-02 00:59:00,0.4762,1044.0,2009-11-01 23:23:00,True,2009-11-01 23:10:00,0.4762,0.4762,True,1044.3,2009-11-01 23:14:00,0.1905
GC,2009-11-02,Monday,ODR,1052.98,1045.15,7.829999999999927,1053.38,1044.78,8.600000000000136,True,LONG,2009-11-02 04:40:00,1055.48,True,True,True,0.5006,0.0,0.5006,1056.9,2009-11-02 04:45:00,0.1635,1051.7,2009-11-02 06:04:00,True,2009-11-02 04:45:00,0.0,0.1635,True,1052.6,2009-11-02 05:31:00,0.0485
GC,2009-11-02,Monday,RDR,1061.8,1055.03,6.769999999999982,1062.55,1054.9,7.649999999999864,True,SHORT,2009-11-02 12:55:00,1054.83,True,True,False,0.0517,0.3176,0.3176,1052.88,2009-11-02 14:08:00,0.6795,1059.63,2009-11-02 15:58:00,False,,0.2954,,True,1055.08,2009-11-02 13:00:00,0.0074
GC,2009-11-03,Tuesday,ADR,1063.8,1062.8,1.0,1063.98,1062.55,1.4300000000000637,True,LONG,2009-11-02 20:35:00,1064.13,False,True,False,2.43,0.35,2.43,1066.23,2009-11-02 20:59:00,1.35,1062.45,2009-11-03 01:55:00,True,2009-11-02 20:41:00,0.0,1.35,True,1063.6,2009-11-02 22:31:00,0.2
GC,2009-11-03,Tuesday,ODR,1061.3,1059.55,1.75,1061.35,1059.4,1.949999999999818,True,LONG,2009-11-03 04:00:00,1061.4,False,True,False,1.36,2.3257,1.36,1063.68,2009-11-03 07:35:00,3.3257,1055.48,2009-11-03 06:17:00,True,2009-11-03 07:30:00,3.3257,1.4971,True,1061.15,2009-11-03 04:05:00,0.0857
GC,2009-11-03,Tuesday,RDR,1063.83,1057.53,6.2999999999999545,1064.33,1057.53,6.7999999999999545,True,LONG,2009-11-03 10:30:00,1065.35,True,False,,3.7889,0.0,3.7889,1087.7,2009-11-03 14:22:00,0.0,1065.08,2009-11-03 10:35:00,True,2009-11-03 10:37:00,0.0,0.0,False,,,
GC,2009-11-04,Wednesday,ADR,1081.98,1080.28,1.7000000000000455,1082.03,1080.05,1.9800000000000182,True,LONG,2009-11-03 20:30:00,1082.48,True,True,True,1.8059,0.0,1.8059,1085.05,2009-11-04 00:04:00,0.9,1080.45,2009-11-03 22:46:00,True,2009-11-03 23:33:00,0.9,0.1176,True,1081.98,2009-11-03 20:48:00,0.0
GC,2009-11-04,Wednesday,ODR,1091.95,1084.53,7.420000000000073,1092.83,1084.18,8.649999999999864,True,LONG,2009-11-04 05:20:00,1092.95,True,True,True,0.442,0.0,0.442,1095.23,2009-11-04 05:49:00,0.5283,1088.03,2009-11-04 07:51:00,False,,0.1644,,True,1091.65,2009-11-04 05:28:00,0.0404
GC,2009-11-04,Wednesday,RDR,1093.1,1090.03,3.0699999999999363,1093.15,1089.8,3.3500000000001364,True,LONG,2009-11-04 10:30:00,1093.33,False,True,False,1.4756,1.4495,1.4756,1097.63,2009-11-04 15:10:00,2.4495,1085.58,2009-11-04 13:27:00,True,2009-11-04 10:44:00,2.4495,2.4495,True,1092.98,2009-11-04 10:39:00,0.0391
GC,2009-11-05,Thursday,ADR,1091.38,1088.23,3.150000000000091,1091.5,1088.13,3.369999999999891,True,SHORT,2009-11-04 20:30:00,1087.1,True,True,True,0.0,0.9778,0.9778,1085.15,2009-11-05 01:53:00,0.3714,1089.4,2009-11-04 21:41:00,True,2009-11-04 20:38:00,0.3714,0.3714,True,1088.23,2009-11-04 20:46:00,0.0
GC,2009-11-05,Thursday,ODR,1087.63,1084.1,3.5300000000002,1087.85,1083.75,4.099999999999909,True,LONG,2009-11-05 04:05:00,1088.43,True,True,True,1.813,0.0,1.813,1094.03,2009-11-05 04:42:00,0.1076,1087.25,2009-11-05 05:49:00,True,2009-11-05 04:11:00,0.0,0.1076,True,1087.53,2009-11-05 05:42:00,0.0283
GC,2009-11-05,Thursday,RDR,1089.7,1087.53,2.1700000000000728,1090.8,1087.03,3.769999999999982,True,LONG,2009-11-05 10:35:00,1091.0,True,True,True,1.4885,0.1521,1.4885,1092.93,2009-11-05 11:36:00,1.1521,1087.2,2009-11-05 12:12:00,True,2009-11-05 10:40:00,0.1935,1.1521,True,1089.28,2009-11-05 11:05:00,0.1935
GC,2009-11-06,Friday,ADR,1090.38,1088.55,1.8300000000001546,1090.65,1088.55,2.1000000000001364,True,LONG,2009-11-05 21:20:00,1091.18,True,True,True,0.7377,0.0,0.7377,1091.73,2009-11-06 01:00:00,0.1913,1090.03,2009-11-05 21:46:00,True,2009-11-05 23:32:00,0.1913,0.0,True,1090.38,2009-11-05 21:28:00,0.0
GC,2009-11-06,Friday,ODR,1094.23,1091.88,2.349999999999909,1094.48,1091.75,2.730000000000018,True,LONG,2009-11-06 04:05:00,1094.68,True,True,False,0.7872,0.0,0.7872,1096.08,2009-11-06 04:13:00,0.8936,1092.13,2009-11-06 06:20:00,True,2009-11-06 04:10:00,0.0,0.8936,True,1094.05,2009-11-06 04:34:00,0.0766
GC,2009-11-06,Friday,RDR,1099.05,1092.95,6.099999999999909,1100.95,1092.95,8.0,True,SHORT,2009-11-06 10:30:00,1092.43,True,True,False,0.0,0.2164,0.2164,1091.63,2009-11-06 10:36:00,0.7016,1097.23,2009-11-06 15:55:00,False,,0.0,,True,1093.03,2009-11-06 10:40:00,0.0131
GC,2009-11-09,Monday,ADR,1100.3,1096.38,3.9199999999998454,1100.35,1096.33,4.019999999999982,True,LONG,2009-11-08 21:50:00,1100.43,True,True,True,1.398,0.0,1.398,1105.78,2009-11-09 01:42:00,0.1658,1099.65,2009-11-08 22:32:00,True,2009-11-08 23:01:00,0.1658,0.0,True,1100.23,2009-11-08 21:55:00,0.0179
GC,2009-11-09,Monday,ODR,1108.03,1105.65,2.3799999999998818,1108.23,1105.58,2.650000000000091,True,SHORT,2009-11-09 04:00:00,1105.25,False,True,False,1.2269,0.4916,0.4916,1104.48,2009-11-09 04:10:00,2.2269,1110.95,2009-11-09 07:52:00,False,,0.0,,True,1105.73,2009-11-09 04:18:00,0.0336
GC,2009-11-09,Monday,RDR,1108.0,1105.63,2.369999999999891,1108.53,1105.4,3.1299999999998818,True,SHORT,2009-11-09 10:40:00,1105.2,True,True,True,0.0549,2.2574,2.2574,1100.28,2009-11-09 13:29:00,1.0549,1108.13,2009-11-09 11:50:00,True,2009-11-09 13:02:00,1.0549,0.0,True,1106.13,2009-11-09 10:45:00,0.211
GC,2009-11-10,Tuesday,ADR,1105.18,1102.18,3.0,1105.25,1102.0,3.25,True,SHORT,2009-11-09 20:30:00,1101.93,True,True,True,0.0,1.75,1.75,1096.93,2009-11-10 01:29:00,0.1833,1102.73,2009-11-09 22:01:00,True,2009-11-10 00:13:00,0.1833,0.0,True,1102.23,2009-11-09 20:44:00,0.0167
GC,2009-11-10,Tuesday,ODR,1100.3,1097.25,3.0499999999999545,1100.3,1097.25,3.0499999999999545,True,LONG,2009-11-10 04:00:00,1100.8,True,True,True,1.082,0.0,1.082,1103.6,2009-11-10 08:29:00,0.8262,1097.78,2009-11-10 07:00:00,True,2009-11-10 04:26:00,0.8262,0.8262,True,1100.25,2009-11-10 04:05:00,0.0164
GC,2009-11-10,Tuesday,RDR,1107.9,1101.4,6.5,1108.05,1100.98,7.069999999999936,True,SHORT,2009-11-10 11:30:00,1099.68,True,True,False,0.1769,0.4769,0.4769,1098.3,2009-11-10 12:49:00,0.5846,1105.2,2009-11-10 15:30:00,False,,0.2615,,True,1102.05,2009-11-10 11:47:00,0.1
GC,2009-11-11,Wednesday,ADR,1107.15,1106.13,1.0199999999999818,1107.4,1105.9,1.5,True,SHORT,2009-11-10 20:30:00,1105.68,False,True,False,2.3529,0.5686,0.5686,1105.55,2009-11-10 21:39:00,3.3529,1109.55,2009-11-11 00:11:00,True,2009-11-10 21:39:00,1.049,3.3529,True,1106.3,2009-11-10 20:40:00,0.1667
GC,2009-11-11,Wednesday,ODR,1115.55,1110.7,4.849999999999909,1115.83,1110.53,5.2999999999999545,True,LONG,2009-11-11 04:00:00,1116.53,True,True,False,0.4804,0.0,0.4804,1117.88,2009-11-11 07:44:00,0.2825,1114.18,2009-11-11 08:28:00,False,,0.2619,,True,1115.55,2009-11-11 04:16:00,0.0
GC,2009-11-11,Wednesday,RDR,1118.13,1115.1,3.0300000000002,1118.35,1114.25,4.099999999999909,True,SHORT,2009-11-11 10:50:00,1112.63,True,True,False,0.1155,1.1617,1.1617,1111.58,2009-11-11 11:09:00,0.7855,1117.48,2009-11-11 15:55:00,True,2009-11-11 10:55:00,0.0,0.7855,True,1115.25,2009-11-11 11:24:00,0.0495
GC,2009-11-12,Thursday,ADR,1120.8,1119.08,1.7200000000000273,1120.83,1118.93,1.8999999999998636,True,LONG,2009-11-11 20:30:00,1121.15,False,True,True,1.2209,0.2326,1.2209,1122.9,2009-11-12 01:55:00,1.2326,1118.68,2009-11-11 23:44:00,True,2009-11-11 22:13:00,1.2326,1.2326,True,1120.8,2009-11-11 20:45:00,0.0
GC,2009-11-12,Thursday,ODR,1118.98,1116.93,2.0499999999999545,1118.98,1116.45,2.5299999999999727,True,SHORT,2009-11-12 04:00:00,1115.53,True,True,True,0.0,2.5268,2.5268,1111.75,2009-11-12 07:31:00,0.5122,1117.98,2009-11-12 05:14:00,True,2009-11-12 04:05:00,0.5122,0.5122,True,1117.35,2009-11-12 05:13:00,0.2049
GC,2009-11-12,Thursday,RDR,1115.55,1111.5,4.0499999999999545,1116.93,1110.23,6.7000000000000455,True,SHORT,2009-11-12 11:25:00,1109.83,True,False,,0.0,2.2222,2.2222,1102.5,2009-11-12 15:42:00,0.0,1110.85,2009-11-12 12:22:00,True,2009-11-12 11:30:00,0.0,0.0,False,,,
GC,2009-11-13,Friday,ADR,1103.1,1101.33,1.7699999999999818,1103.33,1100.95,2.3799999999998818,True,LONG,2009-11-12 21:20:00,1103.55,True,False,,2.5424,0.0,2.5424,1107.6,2009-11-13 01:56:00,0.0,1103.45,2009-11-12 21:25:00,True,2009-11-12 21:30:00,0.0,0.0,False,,,
GC,2009-11-13,Friday,ODR,1109.68,1106.23,3.4500000000000455,1109.68,1105.98,3.7000000000000455,True,LONG,2009-11-13 04:15:00,1110.05,False,True,False,0.1942,0.2609,0.1942,1110.35,2009-11-13 04:27:00,1.2609,1105.33,2009-11-13 08:06:00,False,,0.0725,,True,1109.43,2009-11-13 04:23:00,0.0725
GC,2009-11-13,Friday,RDR,1107.7,1103.4,4.2999999999999545,1108.48,1102.93,5.5499999999999545,True,LONG,2009-11-13 10:40:00,1108.95,True,False,,2.6395,0.0,2.6395,1119.05,2009-11-13 15:57:00,0.0,1107.98,2009-11-13 10:50:00,True,2009-11-13 10:57:00,0.0,0.0,False,,,
GC,2009-11-16,Monday,ADR,1124.7,1123.13,1.5699999999999363,1124.9,1123.05,1.8500000000001364,True,LONG,2009-11-15 22:20:00,1124.95,True,False,,3.5987,0.0955,3.5987,1130.35,2009-11-15 23:30:00,0.0,1124.9,2009-11-15 22:25:00,True,2009-11-15 22:36:00,0.0,0.0,False,,,
GC,2009-11-16,Monday,ODR,1131.65,1128.63,3.019999999999982,1132.23,1128.48,3.75,True,SHORT,2009-11-16 05:35:00,1127.9,True,True,True,0.043,1.2185,1.2185,1124.95,2009-11-16 08:23:00,0.8675,1131.25,2009-11-16 07:31:00,True,2009-11-16 05:51:00,0.8675,0.8675,True,1128.7,2009-11-16 06:36:00,0.0232
GC,2009-11-16,Monday,RDR,1133.4,1128.5,4.900000000000091,1134.48,1128.33,6.150000000000091,True,LONG,2009-11-16 11:30:00,1135.03,True,True,True,2.0265,0.0,2.0265,1143.33,2009-11-16 14:32:00,0.9735,1128.63,2009-11-16 12:23:00,True,2009-11-16 11:35:00,0.9735,0.9735,True,1133.38,2009-11-16 11:46:00,0.0041
GC,2009-11-17,Tuesday,ADR,1139.78,1139.03,0.75,1140.18,1138.88,1.2999999999999545,True,SHORT,2009-11-16 20:30:00,1137.78,True,False,,0.0,7.2,7.2,1133.63,2009-11-17 01:30:00,0.0,1138.83,2009-11-16 20:53:00,True,2009-11-16 20:35:00,0.0,0.0,False,,,
GC,2009-11-17,Tuesday,ODR,1137.78,1131.75,6.029999999999973,1137.78,1131.6,6.180000000000064,True,SHORT,2009-11-17 04:00:00,1131.58,True,True,True,0.0,0.6551,0.6551,1127.8,2009-11-17 07:25:00,0.5854,1135.28,2009-11-17 05:00:00,True,2009-11-17 07:23:00,0.5854,0.0995,True,1131.78,2009-11-17 04:05:00,0.005
GC,2009-11-17,Tuesday,RDR,1135.88,1131.7,4.180000000000064,1136.05,1130.95,5.099999999999909,True,LONG,2009-11-17 11:30:00,1136.35,True,True,True,1.3756,0.012,1.3756,1141.63,2009-11-17 15:33:00,0.1675,1135.18,2009-11-17 11:47:00,True,2009-11-17 11:38:00,0.1675,0.1675,True,1135.18,2009-11-17 11:47:00,0.1675
GC,2009-11-18,Wednesday,ADR,1140.88,1140.0,0.8800000000001091,1140.93,1139.7,1.2300000000000182,True,SHORT,2009-11-17 20:30:00,1138.98,True,True,True,0.0,4.7159,4.7159,1135.85,2009-11-17 23:17:00,0.1477,1140.13,2009-11-17 22:23:00,True,2009-11-17 20:35:00,0.1477,0.1477,True,1140.03,2009-11-17 22:19:00,0.0341
GC,2009-11-18,Wednesday,ODR,1146.8,1140.53,6.269999999999982,1147.08,1140.3,6.779999999999973,True,LONG,2009-11-18 04:25:00,1147.2,True,True,False,0.3716,0.0,0.3716,1149.13,2009-11-18 06:37:00,0.2424,1145.28,2009-11-18 05:23:00,False,,0.2424,,True,1146.48,2009-11-18 04:30:00,0.051
GC,2009-11-18,Wednesday,RDR,1151.73,1145.65,6.079999999999927,1152.85,1145.65,7.199999999999818,True,SHORT,2009-11-18 12:25:00,1145.55,True,True,True,0.0,0.8964,0.8964,1140.2,2009-11-18 13:21:00,0.0461,1145.93,2009-11-18 12:44:00,True,2009-11-18 12:56:00,0.0461,0.0,True,1145.93,2009-11-18 12:44:00,0.0461
GC,2009-11-19,Thursday,ADR,1142.63,1141.53,1.1000000000001364,1143.08,1141.45,1.6299999999998818,True,LONG,2009-11-18 20:35:00,1143.6,False,True,False,1.7909,1.4818,1.7909,1144.6,2009-11-18 20:55:00,2.4818,1139.9,2009-11-19 00:34:00,True,2009-11-18 20:40:00,0.0,2.4818,True,1142.4,2009-11-18 21:35:00,0.2091
GC,2009-11-19,Thursday,ODR,1141.05,1137.4,3.6499999999998636,1142.13,1137.03,5.100000000000136,True,SHORT,2009-11-19 04:10:00,1135.58,True,True,False,0.0,1.2384,1.2384,1132.88,2009-11-19 06:27:00,0.474,1139.13,2009-11-19 08:29:00,True,2009-11-19 04:15:00,0.0,0.474,True,1137.75,2009-11-19 08:14:00,0.0959
GC,2009-11-19,Thursday,RDR,1140.63,1133.38,7.25,1140.63,1132.93,7.7000000000000455,True,SHORT,2009-11-19 10:45:00,1132.68,False,True,False,0.6441,0.48,0.48,1129.9,2009-11-19 10:51:00,1.6441,1145.3,2009-11-19 14:50:00,False,,0.0,,True,1133.63,2009-11-19 10:58:00,0.0345
GC,2009-11-20,Friday,ADR,1144.13,1141.2,2.9300000000000637,1144.25,1141.03,3.2200000000000273,True,SHORT,2009-11-19 21:00:00,1139.78,False,True,False,0.9795,0.5529,0.5529,1139.58,2009-11-19 21:05:00,1.9795,1147.0,2009-11-20 01:32:00,True,2009-11-19 21:05:00,0.0,1.9795,True,1141.25,2009-11-19 22:03:00,0.0171
GC,2009-11-20,Friday,ODR,1146.35,1143.68,2.6699999999998454,1146.73,1142.88,3.849999999999909,True,SHORT,2009-11-20 04:45:00,1142.33,True,False,,0.0,4.1311,4.1311,1132.65,2009-11-20 07:39:00,0.0,1142.68,2009-11-20 05:17:00,True,2009-11-20 04:50:00,0.0,0.0,False,,,
GC,2009-11-20,Friday,RDR,1143.1,1139.03,4.069999999999936,1144.13,1137.53,6.600000000000136,True,LONG,2009-11-20 11:55:00,1144.33,True,True,True,1.941,0.4054,1.941,1151.0,2009-11-20 15:46:00,0.1155,1142.63,2009-11-20 12:55:00,True,2009-11-20 12:17:00,0.1155,0.1155,True,1143.1,2009-11-20 12:53:00,0.0
GC,2009-11-23,Monday,ADR,1160.93,1159.8,1.1300000000001091,1161.18,1159.28,1.900000000000091,True,LONG,2009-11-22 21:05:00,1162.4,True,False,,3.3186,0.0,3.3186,1164.68,2009-11-22 23:38:00,0.0,1161.43,2009-11-23 01:03:00,True,2009-11-22 21:10:00,0.0,0.0,False,,,
GC,2009-11-23,Monday,ODR,1167.25,1165.18,2.0699999999999363,1167.5,1165.05,2.4500000000000455,True,SHORT,2009-11-23 04:15:00,1164.3,True,True,True,0.0,1.1014,1.1014,1162.9,2009-11-23 08:27:00,0.6135,1166.45,2009-11-23 05:04:00,True,2009-11-23 04:20:00,0.6135,0.6135,True,1165.18,2009-11-23 04:41:00,0.0
GC,2009-11-23,Monday,RDR,1173.23,1168.1,5.130000000000109,1173.6,1168.05,5.5499999999999545,True,SHORT,2009-11-23 11:55:00,1167.05,True,True,True,0.0,1.0858,1.0858,1162.53,2009-11-23 13:34:00,0.0975,1168.6,2009-11-23 12:57:00,True,2009-11-23 12:36:00,0.0975,0.0975,True,1168.15,2009-11-23 12:05:00,0.0097
GC,2009-11-24,Tuesday,ADR,1161.25,1158.08,3.1700000000000728,1161.43,1157.65,3.7799999999999727,True,LONG,2009-11-23 21:10:00,1161.6,True,False,,2.3502,0.0,2.3502,1168.7,2009-11-24 00:18:00,0.0,1161.5,2009-11-23 21:15:00,True,2009-11-23 21:20:00,0.0,0.0,False,,,
GC,2009-11-24,Tuesday,ODR,1165.38,1163.15,2.230000000000018,1165.38,1162.73,2.650000000000091,True,LONG,2009-11-24 04:00:00,1166.48,True,False,,2.5874,0.0,2.5874,1171.15,2009-11-24 06:03:00,0.0,1165.98,2009-11-24 04:07:00,True,2009-11-24 04:05:00,0.0,0.0,False,,,
GC,2009-11-24,Tuesday,RDR,1169.65,1163.43,6.220000000000027,1169.65,1162.4,7.25,True,LONG,2009-11-24 15:50:00,1169.93,True,True,False,0.0932,0.1768,0.0932,1170.23,2009-11-24 15:56:00,0.0354,1169.43,2009-11-24 15:59:00,False,,0.0,,True,1169.53,2009-11-24 15:58:00,0.0193
GC,2009-11-25,Wednesday,ADR,1168.85,1166.78,2.0699999999999363,1169.13,1166.65,2.480000000000018,True,LONG,2009-11-24 20:50:00,1169.28,True,False,,4.7343,0.0,4.7343,1178.65,2009-11-25 01:56:00,0.0,1169.28,2009-11-24 20:56:00,True,2009-11-24 20:59:00,0.0,0.0,False,,,
GC,2009-11-25,Wednesday,ODR,1178.98,1176.53,2.4500000000000455,1179.6,1176.45,3.1499999999998636,True,SHORT,2009-11-25 04:00:00,1175.6,False,True,False,1.6408,0.6857,0.6857,1174.85,2009-11-25 04:12:00,2.6408,1183.0,2009-11-25 08:23:00,True,2009-11-25 04:07:00,0.0,2.6408,True,1176.65,2009-11-25 04:17:00,0.049
GC,2009-11-25,Wednesday,RDR,1180.38,1178.83,1.550000000000182,1180.63,1178.4,2.230000000000018,True,SHORT,2009-11-25 10:55:00,1178.3,False,True,False,7.2065,0.3742,0.3742,1178.25,2009-11-25 11:00:00,8.2065,1191.55,2009-11-25 15:49:00,False,,0.0323,,True,1178.88,2009-11-25 11:00:00,0.0323
GC,2009-11-26,Thursday,ADR,1194.6,1188.13,6.4699999999998,1194.78,1187.88,6.899999999999864,True,LONG,2009-11-25 23:00:00,1194.98,True,True,False,0.0742,0.0,0.0742,1195.08,2009-11-25 23:05:00,0.5363,1191.13,2009-11-26 01:55:00,False,,0.0,,True,1193.98,2009-11-25 23:07:00,0.0958
GC,2009-11-26,Thursday,ODR,1190.48,1185.03,5.4500000000000455,1190.48,1183.88,6.599999999999909,True,SHORT,2009-11-26 04:05:00,1182.35,True,True,True,0.0,0.767,0.6147,1181.68,2009-11-26 04:13:00,0.3156,1186.75,2009-11-26 04:33:00,True,2009-11-26 04:11:00,0.0,0.3156,True,1185.65,2009-11-26 04:32:00,0.1138
GC,2009-11-26,Thursday,RDR,1185.98,1182.55,3.4300000000000637,1186.13,1181.93,4.2000000000000455,True,SHORT,2009-11-26 10:50:00,1181.83,False,True,False,1.2391,0.6764,0.6764,1180.23,2009-11-26 11:16:00,2.2391,1190.23,2009-11-26 12:14:00,True,2009-11-26 11:15:00,0.0292,2.2391,True,1182.65,2009-11-26 11:01:00,0.0292
GC,2009-11-27,Friday,ADR,1188.83,1185.4,3.4299999999998363,1189.08,1184.9,4.179999999999836,True,LONG,2009-11-26 20:30:00,1189.28,False,True,False,0.7493,5.379,0.7493,1191.4,2009-11-26 20:52:00,6.379,1166.95,2009-11-27 01:20:00,True,2009-11-26 20:38:00,0.0,6.379,True,1188.73,2009-11-26 21:09:00,0.0292
GC,2009-11-27,Friday,ODR,1152.45,1141.6,10.850000000000136,1153.48,1141.35,12.13000000000011,True,LONG,2009-11-27 04:15:00,1157.05,True,False,,1.2857,0.0,1.2857,1166.4,2009-11-27 08:04:00,0.0,1153.35,2009-11-27 05:23:00,True,2009-11-27 04:24:00,0.0,0.0,False,,,
GC,2009-11-27,Friday,RDR,1170.5,1154.23,16.269999999999982,1172.35,1153.23,19.11999999999989,True,LONG,2009-11-27 10:40:00,1174.73,True,False,,0.6238,0.0,0.6238,1180.65,2009-11-27 11:06:00,0.0,1172.55,2009-11-27 12:27:00,True,2009-11-27 11:02:00,0.0,0.0,False,,,
GC,2009-11-30,Monday,ADR,1178.43,1171.2,7.230000000000018,1178.5,1170.93,7.569999999999936,True,SHORT,2009-11-30 00:15:00,1166.4,True,True,False,0.0,0.9986,0.9986,1163.98,2009-11-30 00:22:00,0.6017,1175.55,2009-11-30 01:37:00,True,2009-11-30 00:20:00,0.0,0.6017,True,1172.9,2009-11-30 00:49:00,0.2351
GC,2009-11-30,Monday,ODR,1174.78,1169.13,5.649999999999864,1174.8,1169.03,5.769999999999982,True,SHORT,2009-11-30 04:45:00,1167.05,True,True,False,0.0,0.7876,0.7876,1164.68,2009-11-30 05:08:00,0.7257,1173.23,2009-11-30 08:27:00,True,2009-11-30 04:51:00,0.0,0.7257,True,1169.75,2009-11-30 05:23:00,0.1097
GC,2009-11-30,Monday,RDR,1176.45,1166.48,9.970000000000027,1176.7,1165.6,11.100000000000136,True,LONG,2009-11-30 13:15:00,1177.6,True,True,True,0.5316,0.0,0.5316,1181.75,2009-11-30 13:29:00,0.0973,1175.48,2009-11-30 14:41:00,True,2009-11-30 13:29:00,0.0,0.0973,True,1176.28,2009-11-30 14:23:00,0.0171
GC,2009-12-01,Tuesday,ADR,1180.43,1177.85,2.5800000000001546,1180.93,1177.1,3.8300000000001546,True,SHORT,2009-11-30 21:05:00,1176.55,True,True,False,0.0,1.0271,1.0271,1175.2,2009-12-01 00:15:00,0.7558,1179.8,2009-11-30 23:27:00,True,2009-11-30 21:10:00,0.7558,0.7558,True,1178.28,2009-11-30 21:38:00,0.1667
GC,2009-12-01,Tuesday,ODR,1194.48,1185.65,8.829999999999927,1194.6,1185.63,8.9699999999998,True,LONG,2009-12-01 04:05:00,1198.8,True,True,False,0.5232,0.0,0.4926,1198.83,2009-12-01 04:10:00,0.5187,1189.9,2009-12-01 07:47:00,False,,0.0,,True,1194.13,2009-12-01 04:16:00,0.0396
GC,2009-12-01,Tuesday,RDR,1195.73,1192.05,3.6800000000000637,1196.18,1191.03,5.150000000000091,True,LONG,2009-12-01 11:00:00,1196.35,True,True,True,1.5489,0.0,1.5489,1201.43,2009-12-01 11:38:00,0.212,1194.95,2009-12-01 15:35:00,True,2009-12-01 11:18:00,0.0,0.212,True,1195.25,2009-12-01 15:34:00,0.1304
GC,2009-12-02,Wednesday,ADR,1202.9,1199.83,3.0700000000001637,1203.38,1199.73,3.650000000000091,True,LONG,2009-12-01 21:00:00,1207.43,True,False,,4.1466,0.0423,4.1466,1215.63,2009-12-02 00:26:00,0.0,1205.48,2009-12-01 21:12:00,True,2009-12-01 21:05:00,0.0,0.0,False,,,
GC,2009-12-02,Wednesday,ODR,1215.45,1211.28,4.170000000000073,1217.0,1211.0,6.0,True,SHORT,2009-12-02 05:35:00,1210.83,True,True,True,0.0,0.9592,0.9592,1207.28,2009-12-02 06:46:00,0.2806,1212.45,2009-12-02 06:05:00,True,2009-12-02 06:24:00,0.2806,0.1487,True,1211.3,2009-12-02 05:46:00,0.0048
GC,2009-12-02,Wednesday,RDR,1215.38,1211.23,4.150000000000091,1216.03,1210.78,5.25,True,SHORT,2009-12-02 11:00:00,1208.68,True,True,False,0.0361,1.0313,1.0313,1206.95,2009-12-02 11:19:00,1.0361,1215.53,2009-12-02 15:48:00,True,2009-12-02 11:05:00,0.0,1.0361,True,1211.5,2009-12-02 12:00:00,0.0651
GC,2009-12-03,Thursday,ADR,1224.45,1221.93,2.519999999999982,1224.83,1221.5,3.3299999999999272,True,LONG,2009-12-02 22:15:00,1225.4,False,True,False,0.7143,3.869,0.7143,1226.25,2009-12-02 22:58:00,4.869,1212.18,2009-12-03 01:09:00,True,2009-12-02 22:27:00,0.0,4.869,True,1224.43,2009-12-02 23:17:00,0.0079
GC,2009-12-03,Thursday,ODR,1220.65,1217.25,3.400000000000091,1221.5,1216.8,4.7000000000000455,True,SHORT,2009-12-03 05:35:00,1216.65,False,True,False,0.1765,0.9029,0.9029,1214.18,2009-12-03 06:48:00,1.1765,1221.25,2009-12-03 08:12:00,True,2009-12-03 05:54:00,0.1324,1.1765,True,1217.25,2009-12-03 06:15:00,0.0
GC,2009-12-03,Thursday,RDR,1214.2,1205.13,9.069999999999936,1215.68,1204.2,11.480000000000018,True,LONG,2009-12-03 13:20:00,1217.9,True,True,False,0.5215,0.0,0.5215,1218.93,2009-12-03 15:20:00,0.4598,1210.03,2009-12-03 15:58:00,True,2009-12-03 15:20:00,0.0243,0.4598,True,1213.98,2009-12-03 14:12:00,0.0243
GC,2009-12-04,Friday,ADR,1205.95,1200.9,5.0499999999999545,1206.23,1200.23,6.0,True,LONG,2009-12-04 01:50:00,1206.93,True,False,,0.4713,0.0,0.4713,1208.33,2009-12-04 01:57:00,0.0,1207.05,2009-12-04 01:55:00,False,,0.0,,False,,,
GC,2009-12-04,Friday,ODR,1207.8,1202.1,5.7000000000000455,1208.78,1202.03,6.75,False,,,,,,,0.0,0.0,,,,,,,False,,,,False,,,
GC,2009-12-04,Friday,RDR,1195.1,1188.2,6.899999999999864,1196.08,1187.73,8.349999999999909,True,SHORT,2009-12-04 10:30:00,1183.7,True,False,,0.0,5.9014,5.9014,1147.48,2009-12-04 14:54:00,0.0,1184.85,2009-12-04 10:35:00,True,2009-12-04 10:35:00,0.0,0.0,False,,,
GC,2009-12-07,Monday,ADR,1156.18,1151.4,4.779999999999973,1156.7,1149.8,6.900000000000091,True,LONG,2009-12-06 22:45:00,1156.85,True,True,True,0.9874,0.1402,0.9874,1160.9,2009-12-07 00:42:00,0.5126,1153.73,2009-12-07 01:00:00,True,2009-12-06 23:30:00,0.1046,0.5126,True,1156.0,2009-12-06 22:52:00,0.0377
GC,2009-12-07,Monday,ODR,1155.05,1140.78,14.269999999999982,1155.05,1140.1,14.950000000000045,True,SHORT,2009-12-07 04:00:00,1139.35,True,True,False,0.0,0.4029,0.4029,1135.03,2009-12-07 04:10:00,0.5536,1148.68,2009-12-07 05:31:00,False,,0.0,,True,1141.63,2009-12-07 04:19:00,0.0596
GC,2009-12-07,Monday,RDR,1145.18,1138.6,6.580000000000155,1146.08,1137.13,8.949999999999818,True,LONG,2009-12-07 12:10:00,1146.7,True,True,True,3.0091,0.0,3.0091,1164.98,2009-12-07 13:28:00,0.3495,1142.88,2009-12-07 12:18:00,True,2009-12-07 12:34:00,0.3495,0.0,True,1144.58,2009-12-07 12:15:00,0.0912
GC,2009-12-08,Tuesday,ADR,1168.38,1163.4,4.980000000000018,1168.8,1162.43,6.369999999999891,True,SHORT,2009-12-07 21:30:00,1162.38,True,True,True,0.0502,1.1747,1.1747,1157.55,2009-12-08 00:35:00,0.4277,1165.53,2009-12-07 22:44:00,True,2009-12-08 00:30:00,0.4277,0.2771,True,1163.48,2009-12-07 21:55:00,0.0161
GC,2009-12-08,Tuesday,ODR,1159.33,1155.58,3.75,1160.43,1154.83,5.600000000000136,True,LONG,2009-12-08 04:30:00,1160.58,False,True,False,1.432,3.4533,1.432,1164.7,2009-12-08 05:34:00,4.4533,1142.63,2009-12-08 08:28:00,True,2009-12-08 04:35:00,0.0,4.4533,True,1158.35,2009-12-08 06:30:00,0.2613
GC,2009-12-08,Tuesday,RDR,1150.35,1145.8,4.5499999999999545,1150.35,1145.2,5.149999999999864,True,LONG,2009-12-08 11:00:00,1151.1,False,True,False,0.622,4.7077,0.622,1153.18,2009-12-08 11:06:00,5.7077,1124.38,2009-12-08 15:08:00,True,2009-12-08 11:05:00,0.0,5.7077,True,1150.1,2009-12-08 11:12:00,0.0549
GC,2009-12-09,Wednesday,ADR,1133.28,1129.43,3.849999999999909,1133.45,1127.78,5.670000000000073,True,LONG,2009-12-08 20:30:00,1133.55,False,True,False,0.8831,0.4675,0.8831,1136.68,2009-12-08 22:48:00,1.4675,1127.63,2009-12-09 01:59:00,True,2009-12-08 21:04:00,0.3247,1.4675,True,1132.88,2009-12-08 20:36:00,0.1039
GC,2009-12-09,Wednesday,ODR,1137.85,1130.05,7.7999999999999545,1138.23,1129.95,8.279999999999973,True,LONG,2009-12-09 05:15:00,1140.43,True,False,,0.8564,0.0,0.8564,1144.53,2009-12-09 08:14:00,0.0,1138.78,2009-12-09 07:53:00,True,2009-12-09 05:21:00,0.0,0.0,False,,,
GC,2009-12-09,Wednesday,RDR,1142.6,1136.38,6.2199999999998,1143.78,1134.73,9.049999999999955,True,LONG,2009-12-09 10:50:00,1144.58,False,True,False,0.6961,3.2476,0.6961,1146.93,2009-12-09 10:55:00,4.2476,1116.18,2009-12-09 13:47:00,True,2009-12-09 10:55:00,0.0,4.2476,True,1142.48,2009-12-09 11:13:00,0.0193
GC,2009-12-10,Thursday,ADR,1136.53,1131.85,4.680000000000064,1136.6,1131.75,4.849999999999909,True,SHORT,2009-12-09 21:50:00,1131.35,True,True,True,0.0,1.5278,1.5278,1124.7,2009-12-09 23:37:00,0.1496,1132.55,2009-12-09 21:58:00,True,2009-12-09 22:41:00,0.1496,0.0,True,1132.33,2009-12-09 21:57:00,0.1026
GC,2009-12-10,Thursday,ODR,1129.18,1125.73,3.4500000000000455,1129.65,1125.0,4.650000000000091,True,SHORT,2009-12-10 05:45:00,1124.38,True,True,True,0.0,1.3913,1.3913,1120.93,2009-12-10 06:15:00,0.1507,1126.25,2009-12-10 05:56:00,True,2009-12-10 06:02:00,0.1507,0.0,True,1126.25,2009-12-10 05:56:00,0.1507
GC,2009-12-10,Thursday,RDR,1131.33,1126.4,4.929999999999836,1132.13,1124.68,7.4500000000000455,True,SHORT,2009-12-10 11:00:00,1124.13,False,True,False,0.1826,0.8154,0.8154,1122.38,2009-12-10 11:07:00,1.1826,1132.23,2009-12-10 15:13:00,True,2009-12-10 11:05:00,0.0,1.1826,True,1126.7,2009-12-10 11:25:00,0.0609
GC,2009-12-11,Friday,ADR,1137.7,1132.05,5.650000000000091,1137.8,1132.0,5.7999999999999545,True,SHORT,2009-12-10 20:30:00,1131.5,False,True,False,0.1681,0.2124,0.2124,1130.85,2009-12-10 20:38:00,1.1681,1138.65,2009-12-11 01:13:00,False,,0.0,,True,1132.83,2009-12-10 20:40:00,0.1381
GC,2009-12-11,Friday,ODR,1137.6,1135.28,2.3199999999999363,1138.05,1135.23,2.8199999999999363,True,LONG,2009-12-11 04:15:00,1138.43,True,True,False,1.9526,0.0,1.9526,1142.13,2009-12-11 07:40:00,0.0948,1137.38,2009-12-11 08:24:00,True,2009-12-11 04:21:00,0.0733,0.0948,True,1137.53,2009-12-11 05:06:00,0.0302
GC,2009-12-11,Friday,RDR,1128.2,1117.18,11.019999999999982,1130.45,1115.2,15.25,True,SHORT,2009-12-11 10:50:00,1114.9,True,True,True,0.0,0.7169,0.7169,1109.28,2009-12-11 11:36:00,0.177,1119.13,2009-12-11 10:59:00,True,2009-12-11 11:20:00,0.177,0.177,True,1118.53,2009-12-11 10:57:00,0.1225
GC,2009-12-14,Monday,ADR,1120.6,1117.83,2.769999999999982,1120.78,1117.23,3.5499999999999545,True,LONG,2009-12-13 20:55:00,1121.73,True,True,True,2.5379,0.0,2.5379,1127.63,2009-12-14 01:24:00,0.8195,1118.33,2009-12-13 22:38:00,True,2009-12-13 21:00:00,0.8195,0.8195,True,1120.45,2009-12-13 21:44:00,0.0542
GC,2009-12-14,Monday,ODR,1125.38,1122.1,3.2800000000002,1126.03,1121.78,4.25,True,SHORT,2009-12-14 05:25:00,1120.63,True,True,True,0.0,1.997,1.997,1115.55,2009-12-14 06:39:00,0.5427,1123.88,2009-12-14 08:11:00,True,2009-12-14 05:30:00,0.0,0.5427,True,1122.13,2009-12-14 07:37:00,0.0091
GC,2009-12-14,Monday,RDR,1124.45,1120.53,3.9200000000000728,1125.58,1119.8,5.779999999999973,True,SHORT,2009-12-14 10:30:00,1119.58,False,True,False,0.523,0.8673,0.8673,1117.13,2009-12-14 10:37:00,1.523,1126.5,2009-12-14 15:22:00,True,2009-12-14 10:36:00,0.0,1.523,True,1121.13,2009-12-14 10:49:00,0.1531
GC,2009-12-15,Tuesday,ADR,1126.75,1125.45,1.2999999999999545,1126.83,1125.33,1.5,True,LONG,2009-12-14 21:05:00,1127.38,False,True,False,1.6538,3.0,1.6538,1128.9,2009-12-14 23:28:00,4.0,1121.55,2009-12-15 01:34:00,True,2009-12-14 21:10:00,0.2462,4.0,True,1126.68,2009-12-14 21:17:00,0.0538
GC,2009-12-15,Tuesday,ODR,1121.48,1117.35,4.130000000000109,1121.55,1117.05,4.5,True,SHORT,2009-12-15 05:10:00,1114.68,True,False,,0.0,1.3487,1.3487,1111.78,2009-12-15 07:46:00,0.0,1116.13,2009-12-15 05:28:00,True,2009-12-15 05:15:00,0.0,0.0,False,,,
GC,2009-12-15,Tuesday,RDR,1126.38,1121.03,5.350000000000136,1127.58,1120.63,6.949999999999818,True,SHORT,2009-12-15 11:10:00,1120.55,True,True,False,0.1252,0.972,0.972,1115.83,2009-12-15 11:48:00,0.8131,1125.38,2009-12-15 13:07:00,True,2009-12-15 11:24:00,0.1589,0.8131,True,1121.18,2009-12-15 11:15:00,0.028
GC,2009-12-16,Wednesday,ADR,1125.73,1121.95,3.7799999999999727,1125.8,1121.65,4.149999999999864,True,LONG,2009-12-15 20:50:00,1126.03,True,True,True,0.455,0.0,0.455,1127.45,2009-12-16 01:49:00,0.9524,1122.13,2009-12-16 00:29:00,False,,0.9524,,True,1125.73,2009-12-15 21:24:00,0.0
GC,2009-12-16,Wednesday,ODR,1126.43,1124.3,2.130000000000109,1126.93,1123.58,3.3500000000001364,True,LONG,2009-12-16 04:00:00,1127.18,True,False,,3.9765,0.0,3.9765,1134.9,2009-12-16 07:00:00,0.0,1126.8,2009-12-16 04:05:00,True,2009-12-16 04:05:00,0.0,0.0,False,,,
GC,2009-12-16,Wednesday,RDR,1138.65,1130.43,8.220000000000027,1139.13,1130.25,8.88000000000011,True,SHORT,2009-12-16 15:00:00,1130.18,True,True,False,0.3163,0.2311,0.028,1130.2,2009-12-16 15:05:00,0.9513,1138.25,2009-12-16 15:59:00,False,,0.0998,,True,1131.25,2009-12-16 15:05:00,0.0998
GC,2009-12-17,Thursday,ADR,1141.53,1138.88,2.6499999999998636,1141.63,1138.43,3.2000000000000455,True,SHORT,2009-12-16 20:35:00,1138.33,True,True,True,0.0,5.3208,5.3208,1124.78,2009-12-17 01:30:00,0.0377,1138.98,2009-12-16 20:43:00,True,2009-12-16 20:49:00,0.0377,0.0,True,1138.9,2009-12-16 20:42:00,0.0075
GC,2009-12-17,Thursday,ODR,1130.73,1128.08,2.650000000000091,1131.05,1127.43,3.619999999999891,True,SHORT,2009-12-17 04:05:00,1127.23,True,True,True,0.0,5.1698,5.1698,1114.38,2009-12-17 08:22:00,0.5283,1129.48,2009-12-17 04:27:00,True,2009-12-17 04:11:00,0.5283,0.5283,True,1128.45,2009-12-17 04:15:00,0.1396
GC,2009-12-17,Thursday,RDR,1120.58,1114.68,5.899999999999864,1121.03,1114.28,6.75,True,SHORT,2009-12-17 10:30:00,1112.58,True,True,True,0.0,3.4119,3.4119,1094.55,2009-12-17 15:58:00,0.139,1115.5,2009-12-17 10:48:00,True,2009-12-17 11:10:00,0.139,0.0,True,1115.5,2009-12-17 10:48:00,0.139
GC,2009-12-18,Friday,ODR,1109.33,1107.0,2.3299999999999272,1109.58,1106.73,2.849999999999909,True,SHORT,2009-12-18 04:00:00,1106.58,False,True,False,0.5021,1.6094,1.6094,1103.25,2009-12-18 08:01:00,1.5021,1110.5,2009-12-18 06:57:00,True,2009-12-18 04:26:00,1.5021,1.5021,True,1107.05,2009-12-18 04:06:00,0.0215
GC,2009-12-18,Friday,RDR,1108.18,1101.28,6.900000000000091,1108.23,1101.2,7.029999999999973,True,SHORT,2009-12-18 10:35:00,1100.85,False,True,False,1.2609,0.6855,0.6855,1096.55,2009-12-18 10:49:00,2.2609,1116.88,2009-12-18 12:50:00,True,2009-12-18 10:42:00,0.0029,2.2609,True,1101.3,2009-12-18 10:41:00,0.0029
GC,2009-12-21,Monday,ADR,1116.23,1113.58,2.650000000000091,1116.28,1113.58,2.7000000000000455,True,LONG,2009-12-20 22:15:00,1116.33,False,True,False,0.5283,0.717,0.5283,1117.63,2009-12-20 22:36:00,1.717,1111.68,2009-12-21 01:11:00,True,2009-12-20 22:36:00,0.0189,1.717,True,1116.18,2009-12-20 22:20:00,0.0189
GC,2009-12-21,Monday,ODR,1113.23,1111.65,1.5799999999999272,1113.53,1111.2,2.3299999999999272,True,LONG,2009-12-21 04:55:00,1113.95,True,True,True,2.1519,0.2025,2.1519,1116.63,2009-12-21 08:08:00,0.443,1112.53,2009-12-21 05:56:00,True,2009-12-21 05:01:00,0.443,0.443,True,1113.05,2009-12-21 05:31:00,0.1139
GC,2009-12-21,Monday,RDR,1114.28,1104.0,10.279999999999973,1114.98,1103.23,11.75,True,SHORT,2009-12-21 10:55:00,1103.08,True,True,True,0.0,1.3638,1.3638,1089.98,2009-12-21 12:50:00,0.0224,1104.23,2009-12-21 11:08:00,True,2009-12-21 11:28:00,0.0224,0.0,True,1104.1,2009-12-21 11:07:00,0.0097
GC,2009-12-22,Tuesday,ADR,1096.6,1093.0,3.599999999999909,1096.6,1092.88,3.7199999999998,True,SHORT,2009-12-21 21:10:00,1092.83,True,True,False,0.0,0.3889,0.3889,1091.6,2009-12-21 21:18:00,0.675,1095.43,2009-12-22 00:54:00,False,,0.0,,True,1093.05,2009-12-21 21:21:00,0.0139
GC,2009-12-22,Tuesday,ODR,1096.38,1094.63,1.75,1096.73,1094.25,2.480000000000018,True,LONG,2009-12-22 04:55:00,1096.88,False,True,False,0.3543,5.1429,0.3543,1097.0,2009-12-22 05:00:00,6.1429,1085.63,2009-12-22 08:09:00,False,,0.0,,True,1096.2,2009-12-22 05:03:00,0.1029
GC,2009-12-22,Tuesday,RDR,1090.63,1082.95,7.680000000000064,1092.38,1082.08,10.300000000000182,True,SHORT,2009-12-22 10:30:00,1081.9,True,True,False,0.0,1.0964,1.0964,1074.53,2009-12-22 11:06:00,0.9245,1090.05,2009-12-22 13:00:00,True,2009-12-22 10:46:00,0.013,0.9245,True,1083.05,2009-12-22 10:36:00,0.013
GC,2009-12-23,Wednesday,ADR,1087.63,1083.45,4.180000000000064,1088.03,1083.4,4.629999999999882,True,LONG,2009-12-22 21:05:00,1088.23,True,True,False,0.1842,0.0,0.1435,1088.23,2009-12-22 21:10:00,0.9761,1083.55,2009-12-22 22:00:00,False,,0.0,,True,1087.6,2009-12-22 21:11:00,0.0072
GC,2009-12-23,Wednesday,ODR,1085.45,1084.5,0.9500000000000455,1085.53,1084.23,1.2999999999999545,True,LONG,2009-12-23 04:05:00,1085.8,False,True,False,1.8737,5.4737,1.8737,1087.23,2009-12-23 08:00:00,6.4737,1079.3,2009-12-23 05:52:00,True,2009-12-23 04:10:00,6.4737,6.4737,True,1085.38,2009-12-23 04:13:00,0.0737
GC,2009-12-23,Wednesday,RDR,1091.18,1085.2,5.980000000000018,1092.65,1084.53,8.120000000000118,True,LONG,2009-12-23 10:35:00,1092.78,True,True,False,0.7726,0.0,0.7726,1095.8,2009-12-23 12:19:00,0.7274,1086.83,2009-12-23 15:59:00,True,2009-12-23 11:38:00,0.092,0.7274,True,1090.68,2009-12-23 11:06:00,0.0836
GC,2009-12-24,Thursday,ADR,1092.85,1091.23,1.6199999999998909,1092.95,1091.2,1.75,True,LONG,2009-12-23 20:30:00,1093.03,True,True,True,6.358,0.0,6.358,1103.15,2009-12-24 01:45:00,0.0309,1092.8,2009-12-23 20:36:00,True,2009-12-23 20:45:00,0.0309,0.0,True,1092.8,2009-12-23 20:36:00,0.0309
GC,2009-12-24,Thursday,ODR,1103.4,1101.65,1.75,1103.4,1101.53,1.8700000000001182,True,LONG,2009-12-24 04:05:00,1103.73,False,True,False,1.4286,1.3543,1.4286,1105.9,2009-12-24 05:09:00,2.3543,1099.28,2009-12-24 08:22:00,True,2009-12-24 04:10:00,0.0,2.3543,True,1103.3,2009-12-24 05:59:00,0.0571
GC,2009-12-24,Thursday,RDR,1104.2,1100.0,4.2000000000000455,1104.55,1099.55,5.0,True,LONG,2009-12-24 12:50:00,1104.78,True,True,True,0.2738,0.0,0.2738,1105.35,2009-12-24 12:58:00,0.0476,1104.0,2009-12-24 13:09:00,False,,0.0,,True,1104.08,2009-12-24 13:08:00,0.0286
GC,2009-12-28,Monday,ADR,1108.75,1106.4,2.349999999999909,1108.78,1106.28,2.5,True,LONG,2009-12-27 20:35:00,1109.15,True,False,,2.1064,0.0,2.1064,1113.7,2009-12-28 01:32:00,0.0,1109.1,2009-12-27 20:40:00,True,2009-12-27 20:43:00,0.0,0.0,False,,,
GC,2009-12-28,Monday,ODR,1112.5,1110.3,2.2000000000000455,1112.5,1110.0,2.5,True,LONG,2009-12-28 04:00:00,1112.73,False,True,False,0.4909,0.6455,0.4909,1113.58,2009-12-28 04:19:00,1.6455,1108.88,2009-12-28 08:29:00,False,,0.0,,True,1112.45,2009-12-28 04:31:00,0.0227
GC,2009-12-28,Monday,RDR,1109.08,1103.2,5.879999999999882,1109.78,1101.43,8.349999999999909,False,,,,,,,0.0,0.2211,,,,,,,False,,,,False,,,
GC,2009-12-29,Tuesday,ADR,1105.18,1103.8,1.3800000000001091,1105.25,1103.68,1.5699999999999363,True,SHORT,2009-12-28 20:40:00,1103.48,False,True,False,1.3406,1.3043,1.3043,1102.0,2009-12-28 21:37:00,2.3406,1107.03,2009-12-29 01:51:00,True,2009-12-28 20:51:00,0.0,2.3406,True,1103.93,2009-12-28 23:23:00,0.0942
GC,2009-12-29,Tuesday,ODR,1105.98,1104.05,1.9300000000000637,1106.45,1103.75,2.7000000000000455,True,SHORT,2009-12-29 05:30:00,1103.3,False,True,False,1.1503,0.7098,0.6218,1102.85,2009-12-29 06:05:00,2.1503,1108.2,2009-12-29 07:57:00,True,2009-12-29 06:04:00,0.456,2.1503,True,1104.1,2009-12-29 05:36:00,0.0259
GC,2009-12-29,Tuesday,RDR,1106.38,1099.45,6.930000000000064,1106.63,1097.45,9.180000000000064,True,SHORT,2009-12-29 11:15:00,1097.23,True,True,True,0.0,0.4286,0.4286,1096.48,2009-12-29 11:25:00,0.0043,1099.48,2009-12-29 12:12:00,False,,0.0,,True,1099.48,2009-12-29 12:12:00,0.0043
GC,2009-12-30,Wednesday,ADR,1094.48,1091.03,3.4500000000000455,1094.48,1090.68,3.7999999999999545,True,LONG,2009-12-29 22:20:00,1095.03,True,True,True,0.5072,0.0,0.5072,1096.23,2009-12-30 01:29:00,0.371,1093.2,2009-12-29 22:36:00,True,2009-12-30 01:29:00,0.371,0.0,True,1094.2,2009-12-29 22:29:00,0.0812
GC,2009-12-30,Wednesday,ODR,1095.75,1090.85,4.900000000000091,1096.05,1089.6,6.4500000000000455,False,,,,,,,0.0,0.1224,,,,,,,False,,,,False,,,
GC,2009-12-30,Wednesday,RDR,1088.93,1086.83,2.1000000000001364,1089.95,1085.8,4.150000000000091,True,LONG,2009-12-30 10:30:00,1090.8,True,True,True,3.4143,0.0,3.4143,1096.1,2009-12-30 12:10:00,0.9429,1086.95,2009-12-30 10:42:00,True,2009-12-30 10:35:00,0.9429,0.9429,True,1088.43,2009-12-30 10:40:00,0.2381
GC,2009-12-31,Thursday,ADR,1096.48,1093.98,2.5,1096.55,1093.65,2.8999999999998636,True,LONG,2009-12-30 20:40:00,1096.63,True,True,True,2.088,0.0,2.088,1101.7,2009-12-31 01:57:00,0.372,1095.55,2009-12-30 21:01:00,True,2009-12-30 22:25:00,0.372,0.0,True,1096.43,2009-12-30 20:53:00,0.02
GC,2009-12-31,Thursday,ODR,1103.43,1101.25,2.1800000000000637,1103.95,1101.0,2.9500000000000455,True,LONG,2009-12-31 04:05:00,1104.98,True,True,True,1.5229,0.0,1.5229,1106.75,2009-12-31 06:38:00,0.3349,1102.7,2009-12-31 04:45:00,True,2009-12-31 04:10:00,0.3349,0.3349,True,1102.73,2009-12-31 04:41:00,0.3211
GC,2009-12-31,Thursday,RDR,1101.95,1097.2,4.75,1103.13,1096.55,6.580000000000155,True,SHORT,2009-12-31 11:20:00,1096.2,True,True,True,0.0,0.6,0.6,1094.35,2009-12-31 11:30:00,0.3326,1098.78,2009-12-31 12:57:00,True,2009-12-31 11:30:00,0.0,0.3326,True,1097.23,2009-12-31 11:43:00,0.0063
