instrument,trading_date,day_of_week,range_type,dr_high,dr_low,dr_range,idr_high,idr_low,idr_range,confirmed,direction,confirmation_time,confirmation_price,dr_rule_true,retraced_into_dr,outside_dr_closed,mean_sd_up,mean_sd_down,extension_sd,extension_price,extension_time,max_retracement_sd,max_retracement_price,max_retracement_time,reached_05_sd,time_05_sd,retracement_before_extreme_sd,retracement_after_05_sd,first_retracement_occurred,first_retracement_price,first_retracement_time,first_retracement_exact
ES,2017-01-03,Tuesday,ADR,2242.0,2240.75,1.25,2242.25,2240.25,2.0,True,LONG,2017-01-02 20:55:00,2242.5,True,True,True,4.4,0.6,4.4,2247.5,2017-01-03 01:53:00,0.0,2242.0,2017-01-02 21:01:00,True,2017-01-02 21:06:00,0.0,0.0,True,2242.0,2017-01-02 21:01:00,0.0
ES,2017-01-03,Tuesday,ODR,2251.0,2248.75,2.25,2251.25,2248.25,3.0,True,LONG,2017-01-03 06:10:00,2252.5,True,False,,1.7778,0.3333,1.7778,2255.0,2017-01-03 07:03:00,0.0,2251.5,2017-01-03 08:26:00,True,2017-01-03 06:15:00,0.0,0.0,False,,,
ES,2017-01-03,Tuesday,RDR,2258.75,2249.25,9.5,2259.25,2248.0,11.25,True,SHORT,2017-01-03 10:55:00,2247.5,True,True,False,0.0,1.0526,1.0526,2239.25,2017-01-03 11:44:00,0.2368,2251.5,2017-01-03 15:59:00,True,2017-01-03 11:01:00,0.0,0.2368,True,2249.25,2017-01-03 15:47:00,0.0
ES,2017-01-04,Wednesday,ADR,2254.25,2251.5,2.75,2254.25,2251.25,3.0,True,LONG,2017-01-03 21:50:00,2254.5,True,True,True,0.5455,0.0,0.5455,2255.75,2017-01-04 00:06:00,0.0909,2254.0,2017-01-03 22:30:00,True,2017-01-04 00:06:00,0.0909,0.0,True,2254.25,2017-01-03 21:55:00,0.0
ES,2017-01-04,Wednesday,ODR,2255.5,2254.25,1.25,2255.75,2254.25,1.5,True,LONG,2017-01-04 04:50:00,2256.25,True,True,True,2.2,0.0,2.2,2258.25,2017-01-04 08:27:00,1.0,2254.25,2017-01-04 06:05:00,True,2017-01-04 04:55:00,1.0,1.0,True,2255.5,2017-01-04 05:00:00,0.0
ES,2017-01-04,Wednesday,RDR,2261.75,2256.5,5.25,2263.5,2256.5,7.0,True,LONG,2017-01-04 11:55:00,2263.75,True,False,,1.0,0.0,1.0,2267.0,2017-01-04 15:43:00,0.0,2262.25,2017-01-04 14:07:00,True,2017-01-04 12:04:00,0.0,0.0,False,,,
ES,2017-01-05,Thursday,ADR,2263.25,2262.0,1.25,2263.5,2262.0,1.5,True,LONG,2017-01-04 23:10:00,2263.75,False,True,False,1.2,0.4,1.2,2264.75,2017-01-05 01:03:00,1.4,2261.5,2017-01-05 01:59:00,True,2017-01-04 23:19:00,0.2,1.4,True,2263.25,2017-01-04 23:48:00,0.0
ES,2017-01-05,Thursday,ODR,2263.0,2261.0,2.0,2263.25,2260.25,3.0,True,LONG,2017-01-05 04:50:00,2264.0,False,True,False,0.625,1.125,0.625,2264.25,2017-01-05 04:55:00,2.125,2258.75,2017-01-05 07:38:00,True,2017-01-05 04:55:00,0.0,2.125,True,2263.0,2017-01-05 05:18:00,0.0
ES,2017-01-05,Thursday,RDR,2264.75,2262.0,2.75,2265.0,2260.5,4.5,True,SHORT,2017-01-05 11:05:00,2257.75,True,True,False,0.0,2.9091,2.9091,2254.0,2017-01-05 11:44:00,0.8182,2264.25,2017-01-05 15:59:00,True,2017-01-05 11:10:00,0.0,0.8182,True,2262.0,2017-01-05 14:17:00,0.0
ES,2017-01-06,Friday,ODR,2263.0,2261.75,1.25,2263.25,2261.5,1.75,True,LONG,2017-01-06 05:10:00,2263.5,True,True,False,1.0,0.2,1.0,2264.25,2017-01-06 07:09:00,1.2,2261.5,2017-01-06 08:16:00,True,2017-01-06 06:54:00,0.2,1.2,True,2263.0,2017-01-06 05:22:00,0.0
ES,2017-01-06,Friday,RDR,2265.0,2259.5,5.5,2266.0,2258.25,7.75,True,LONG,2017-01-06 11:10:00,2267.0,True,False,,2.1364,0.0,2.1364,2276.75,2017-01-06 12:43:00,0.0,2266.5,2017-01-06 11:15:00,True,2017-01-06 11:16:00,0.0,0.0,False,,,
ES,2017-01-09,Monday,ODR,2274.0,2271.25,2.75,2274.25,2271.25,3.0,True,SHORT,2017-01-09 04:10:00,2271.0,True,True,True,0.0,1.2727,1.2727,2267.75,2017-01-09 06:40:00,0.1818,2271.75,2017-01-09 04:37:00,True,2017-01-09 05:56:00,0.1818,0.0,True,2271.25,2017-01-09 04:25:00,0.0
ES,2017-01-09,Monday,RDR,2268.25,2264.25,4.0,2268.75,2263.5,5.25,True,LONG,2017-01-09 10:55:00,2269.0,False,True,False,0.4375,0.125,0.4375,2270.0,2017-01-09 11:20:00,1.125,2263.75,2017-01-09 14:45:00,False,,0.125,,True,2268.0,2017-01-09 11:00:00,0.0625
ES,2017-01-10,Tuesday,ODR,2265.5,2262.5,3.0,2265.75,2262.25,3.5,True,LONG,2017-01-10 05:25:00,2266.25,True,True,False,0.25,0.0,0.25,2266.25,2017-01-10 05:30:00,0.5833,2263.75,2017-01-10 08:24:00,False,,0.0,,True,2265.5,2017-01-10 05:31:00,0.0
ES,2017-01-10,Tuesday,RDR,2264.0,2260.25,3.75,2264.25,2259.5,4.75,True,LONG,2017-01-10 10:30:00,2265.5,True,True,False,2.6,0.0,2.6,2273.75,2017-01-10 12:17:00,0.2667,2263.0,2017-01-10 15:59:00,True,2017-01-10 10:47:00,0.0,0.2667,True,2263.25,2017-01-10 14:02:00,0.2
ES,2017-01-11,Wednesday,ADR,2265.25,2261.5,3.75,2265.25,2261.5,3.75,True,SHORT,2017-01-10 20:30:00,2261.0,True,True,False,0.0,0.4667,0.4667,2259.75,2017-01-10 20:51:00,0.3333,2262.75,2017-01-10 22:07:00,False,,0.0,,True,2261.5,2017-01-10 21:10:00,0.0
ES,2017-01-11,Wednesday,ODR,2263.0,2260.0,3.0,2263.25,2259.75,3.5,True,LONG,2017-01-11 04:45:00,2263.5,True,True,False,0.75,0.0,0.75,2265.25,2017-01-11 06:59:00,0.75,2260.75,2017-01-11 08:21:00,True,2017-01-11 04:56:00,0.0,0.75,True,2263.0,2017-01-11 06:43:00,0.0
ES,2017-01-11,Wednesday,RDR,2267.5,2262.5,5.0,2267.5,2262.0,5.5,True,LONG,2017-01-11 10:35:00,2268.25,False,True,True,0.45,1.5,0.45,2269.75,2017-01-11 15:59:00,2.5,2255.0,2017-01-11 11:38:00,False,,2.5,,True,2267.5,2017-01-11 10:47:00,0.0
ES,2017-01-12,Thursday,ODR,2263.25,2261.0,2.25,2263.75,2261.0,2.75,True,LONG,2017-01-12 05:20:00,2264.0,True,True,True,1.1111,0.1111,1.1111,2265.75,2017-01-12 08:18:00,0.1111,2263.0,2017-01-12 06:06:00,True,2017-01-12 05:30:00,0.1111,0.1111,True,2263.0,2017-01-12 06:06:00,0.1111
ES,2017-01-12,Thursday,RDR,2264.5,2251.25,13.25,2264.75,2250.75,14.0,True,SHORT,2017-01-12 11:00:00,2248.75,False,True,False,0.1887,0.2075,0.2075,2248.5,2017-01-12 11:05:00,1.1887,2267.0,2017-01-12 15:59:00,False,,0.0,,True,2251.5,2017-01-12 11:15:00,0.0189
ES,2017-01-13,Friday,ADR,2265.5,2264.25,1.25,2265.5,2264.25,1.25,True,LONG,2017-01-12 21:50:00,2266.0,True,True,False,0.6,0.0,0.6,2266.25,2017-01-12 22:03:00,0.2,2265.25,2017-01-12 23:32:00,True,2017-01-12 22:03:00,0.0,0.2,True,2265.5,2017-01-12 23:12:00,0.0
ES,2017-01-13,Friday,ODR,2265.75,2264.75,1.0,2266.25,2264.25,2.0,True,LONG,2017-01-13 05:40:00,2266.5,False,True,False,1.75,0.5,1.75,2267.5,2017-01-13 05:46:00,1.5,2264.25,2017-01-13 08:22:00,True,2017-01-13 05:45:00,0.0,1.5,True,2265.75,2017-01-13 06:47:00,0.0
ES,2017-01-13,Friday,RDR,2272.5,2266.75,5.75,2273.25,2266.75,6.5,True,SHORT,2017-01-13 14:25:00,2266.25,True,True,False,0.0,0.087,0.0435,2266.5,2017-01-13 14:30:00,0.7826,2271.25,2017-01-13 15:47:00,False,,0.0,,True,2267.5,2017-01-13 14:31:00,0.1304
ES,2017-01-16,Monday,ODR,2267.0,2265.0,2.0,2268.0,2265.0,3.0,True,LONG,2017-01-16 07:40:00,2268.5,True,False,,0.75,0.0,0.75,2268.5,2017-01-16 07:45:00,0.0,2267.5,2017-01-16 08:06:00,True,2017-01-16 07:45:00,0.0,0.0,False,,,
ES,2017-01-16,Monday,RDR,2267.0,2265.5,1.5,2267.0,2265.5,1.5,True,LONG,2017-01-16 11:20:00,2267.25,True,True,False,0.3333,0.1667,0.3333,2267.5,2017-01-16 11:27:00,1.1667,2265.25,2017-01-16 12:59:00,False,,0.0,,True,2267.0,2017-01-16 11:28:00,0.0
ES,2017-01-17,Tuesday,ODR,2265.0,2261.75,3.25,2265.25,2261.5,3.75,True,SHORT,2017-01-17 05:40:00,2261.0,False,True,False,0.3846,1.3077,1.3077,2257.5,2017-01-17 06:42:00,1.3846,2266.25,2017-01-17 07:50:00,True,2017-01-17 05:55:00,0.0,1.3846,True,2261.75,2017-01-17 06:54:00,0.0
ES,2017-01-17,Tuesday,RDR,2265.5,2261.0,4.5,2267.0,2259.75,7.25,True,SHORT,2017-01-17 14:35:00,2259.25,True,True,False,0.2222,0.8333,0.8333,2257.25,2017-01-17 15:03:00,0.3333,2262.5,2017-01-17 15:59:00,True,2017-01-17 14:40:00,0.0,0.3333,True,2261.5,2017-01-17 15:39:00,0.1111
ES,2017-01-18,Wednesday,RDR,2265.0,2260.5,4.5,2265.5,2258.25,7.25,True,LONG,2017-01-18 15:35:00,2265.75,True,False,,0.4444,0.0,0.4444,2267.0,2017-01-18 15:58:00,0.0,2265.25,2017-01-18 15:40:00,False,,0.0,,False,,,
ES,2017-01-19,Thursday,ODR,2266.0,2264.5,1.5,2266.25,2264.25,2.0,True,SHORT,2017-01-19 04:45:00,2263.75,True,True,True,0.0,2.0,2.0,2261.5,2017-01-19 05:11:00,0.3333,2265.0,2017-01-19 06:45:00,True,2017-01-19 04:50:00,0.0,0.3333,True,2264.5,2017-01-19 06:11:00,0.0
ES,2017-01-19,Thursday,RDR,2268.5,2263.25,5.25,2269.25,2262.0,7.25,True,SHORT,2017-01-19 11:00:00,2260.25,True,True,True,0.0,1.9524,1.9524,2253.0,2017-01-19 14:20:00,0.2857,2264.75,2017-01-19 11:42:00,True,2017-01-19 11:05:00,0.2857,0.2857,True,2263.25,2017-01-19 11:19:00,0.0
ES,2017-01-20,Friday,ODR,2265.75,2263.25,2.5,2265.75,2263.0,2.75,True,LONG,2017-01-20 06:15:00,2266.25,True,True,True,0.8,0.0,0.8,2267.75,2017-01-20 06:38:00,0.5,2264.5,2017-01-20 06:58:00,True,2017-01-20 06:25:00,0.0,0.5,True,2265.5,2017-01-20 06:55:00,0.1
ES,2017-01-20,Friday,RDR,2272.0,2266.25,5.75,2272.5,2266.25,6.25,True,SHORT,2017-01-20 12:10:00,2263.75,True,True,False,0.0,1.1304,1.1304,2259.75,2017-01-20 12:56:00,0.2609,2267.75,2017-01-20 12:19:00,True,2017-01-20 12:15:00,0.2609,0.2609,True,2267.25,2017-01-20 12:18:00,0.1739
ES,2017-01-23,Monday,ADR,2260.5,2258.75,1.75,2260.5,2258.75,1.75,True,LONG,2017-01-22 20:30:00,2261.25,True,True,False,0.5714,0.0,0.5714,2261.5,2017-01-22 20:35:00,1.0,2258.75,2017-01-23 01:08:00,True,2017-01-22 20:35:00,0.0,1.0,True,2260.25,2017-01-22 20:44:00,0.1429
ES,2017-01-23,Monday,ODR,2260.75,2258.0,2.75,2260.75,2258.0,2.75,True,LONG,2017-01-23 04:25:00,2261.75,True,True,True,1.0,0.0,1.0,2263.5,2017-01-23 04:39:00,0.0909,2260.5,2017-01-23 07:57:00,True,2017-01-23 04:30:00,0.0,0.0909,True,2260.75,2017-01-23 07:43:00,0.0
ES,2017-01-23,Monday,RDR,2266.75,2258.25,8.5,2267.25,2258.25,9.0,True,SHORT,2017-01-23 10:30:00,2255.75,True,True,False,0.0,0.7647,0.7647,2251.75,2017-01-23 11:47:00,0.5,2262.5,2017-01-23 15:46:00,True,2017-01-23 11:47:00,0.0,0.5,True,2258.25,2017-01-23 11:06:00,0.0
ES,2017-01-24,Tuesday,ADR,2263.0,2261.5,1.5,2263.0,2261.5,1.5,True,SHORT,2017-01-23 21:15:00,2261.25,True,True,True,0.0,1.3333,1.3333,2259.5,2017-01-24 00:16:00,0.0,2261.5,2017-01-23 21:23:00,True,2017-01-23 21:57:00,0.0,0.0,True,2261.5,2017-01-23 21:23:00,0.0
ES,2017-01-24,Tuesday,ODR,2261.25,2259.75,1.5,2261.5,2259.5,2.0,True,LONG,2017-01-24 04:35:00,2262.25,True,True,False,1.8333,0.0,1.8333,2264.0,2017-01-24 05:07:00,0.6667,2260.25,2017-01-24 06:43:00,True,2017-01-24 04:40:00,0.1667,0.6667,True,2261.0,2017-01-24 04:43:00,0.1667
ES,2017-01-24,Tuesday,RDR,2265.75,2262.25,3.5,2265.75,2262.0,3.75,True,LONG,2017-01-24 11:05:00,2267.25,True,True,True,4.1429,0.0,4.1429,2280.25,2017-01-24 15:11:00,0.0,2265.75,2017-01-24 11:14:00,True,2017-01-24 11:10:00,0.0,0.0,True,2265.75,2017-01-24 11:14:00,0.0
ES,2017-01-25,Wednesday,ADR,2276.5,2274.75,1.75,2276.75,2274.75,2.0,True,LONG,2017-01-25 01:10:00,2277.25,True,False,,0.8571,0.0,0.8571,2278.0,2017-01-25 01:25:00,0.0,2277.0,2017-01-25 01:30:00,True,2017-01-25 01:21:00,0.0,0.0,False,,,
ES,2017-01-25,Wednesday,ODR,2282.0,2277.75,4.25,2282.25,2277.75,4.5,True,LONG,2017-01-25 07:50:00,2283.25,True,False,,0.4118,0.0,0.4118,2283.75,2017-01-25 07:57:00,0.0,2282.5,2017-01-25 08:06:00,False,,0.0,,False,,,
ES,2017-01-25,Wednesday,RDR,2289.25,2284.25,5.0,2290.0,2284.25,5.75,True,LONG,2017-01-25 10:50:00,2291.0,True,True,True,1.15,0.0,1.15,2295.0,2017-01-25 15:50:00,0.35,2287.5,2017-01-25 11:54:00,True,2017-01-25 11:04:00,0.35,0.35,True,2288.75,2017-01-25 11:32:00,0.1
ES,2017-01-26,Thursday,ODR,2298.25,2296.25,2.0,2298.25,2296.25,2.0,True,SHORT,2017-01-26 05:30:00,2295.75,True,True,True,0.0,1.875,1.875,2292.5,2017-01-26 08:13:00,0.125,2296.5,2017-01-26 05:59:00,True,2017-01-26 05:35:00,0.125,0.125,True,2296.25,2017-01-26 05:52:00,0.0
ES,2017-01-26,Thursday,RDR,2296.25,2292.5,3.75,2296.25,2291.5,4.75,True,SHORT,2017-01-26 13:15:00,2290.5,True,True,False,0.0,0.8,0.8,2289.5,2017-01-26 13:21:00,0.5333,2294.5,2017-01-26 14:37:00,True,2017-01-26 13:20:00,0.0,0.5333,True,2292.5,2017-01-26 13:59:00,0.0
ES,2017-01-27,Friday,ODR,2296.0,2294.25,1.75,2296.0,2294.0,2.0,True,SHORT,2017-01-27 04:10:00,2293.5,True,True,False,0.0,1.7143,1.7143,2291.25,2017-01-27 05:02:00,0.4286,2295.0,2017-01-27 08:01:00,True,2017-01-27 04:30:00,0.0,0.4286,True,2294.25,2017-01-27 04:17:00,0.0
ES,2017-01-27,Friday,RDR,2293.75,2288.5,5.25,2295.25,2288.25,7.0,True,SHORT,2017-01-27 10:55:00,2287.75,True,True,False,0.0,0.2857,0.2857,2287.0,2017-01-27 15:29:00,0.4762,2291.0,2017-01-27 12:04:00,False,,0.4762,,True,2288.75,2017-01-27 11:00:00,0.0476
ES,2017-01-30,Monday,ODR,2285.25,2282.25,3.0,2285.75,2282.25,3.5,True,SHORT,2017-01-30 07:40:00,2282.0,True,True,True,0.0,0.9167,0.9167,2279.5,2017-01-30 08:21:00,0.0,2282.25,2017-01-30 07:48:00,True,2017-01-30 08:20:00,0.0,0.0,True,2282.25,2017-01-30 07:48:00,0.0
ES,2017-01-30,Monday,RDR,2280.5,2266.25,14.25,2281.25,2266.0,15.25,True,SHORT,2017-01-30 10:45:00,2265.0,True,True,False,0.0,0.2281,0.2281,2263.0,2017-01-30 10:55:00,0.7368,2276.75,2017-01-30 15:56:00,False,,0.0,,True,2266.5,2017-01-30 11:07:00,0.0175
ES,2017-01-31,Tuesday,ODR,2273.75,2269.75,4.0,2274.25,2269.25,5.0,False,,,,,,,0.3125,0.125,,,,,,,False,,,,False,,,
ES,2017-01-31,Tuesday,RDR,2270.75,2264.25,6.5,2272.25,2264.0,8.25,True,SHORT,2017-01-31 11:30:00,2263.0,False,True,False,0.5769,0.3077,0.3077,2262.25,2017-01-31 11:35:00,1.5769,2274.5,2017-01-31 15:45:00,False,,0.0,,True,2264.25,2017-01-31 11:39:00,0.0
ES,2017-02-01,Wednesday,ODR,2279.75,2277.5,2.25,2280.25,2277.5,2.75,True,LONG,2017-02-01 05:15:00,2280.5,True,True,True,0.8889,0.0,0.8889,2281.75,2017-02-01 08:22:00,0.5556,2278.5,2017-02-01 06:43:00,True,2017-02-01 05:20:00,0.5556,0.5556,True,2279.5,2017-02-01 05:40:00,0.1111
ES,2017-02-01,Wednesday,RDR,2283.75,2276.25,7.5,2284.75,2276.25,8.5,True,SHORT,2017-02-01 10:35:00,2272.75,True,True,True,0.0,1.0667,1.0667,2268.25,2017-02-01 11:50:00,0.1667,2277.5,2017-02-01 14:19:00,True,2017-02-01 10:43:00,0.0,0.1667,True,2276.5,2017-02-01 14:14:00,0.0333
ES,2017-02-02,Thursday,ADR,2271.5,2269.5,2.0,2271.75,2269.5,2.25,True,LONG,2017-02-01 20:30:00,2272.0,False,True,False,0.25,2.5,0.25,2272.0,2017-02-01 20:36:00,3.5,2264.5,2017-02-02 00:59:00,False,,0.0,,True,2271.25,2017-02-01 20:38:00,0.125
ES,2017-02-02,Thursday,ODR,2269.0,2266.0,3.0,2269.25,2265.5,3.75,True,SHORT,2017-02-02 05:10:00,2265.25,False,True,False,0.6667,0.25,0.25,2265.25,2017-02-02 05:16:00,1.6667,2271.0,2017-02-02 07:45:00,False,,0.0,,True,2266.0,2017-02-02 05:22:00,0.0
ES,2017-02-02,Thursday,RDR,2274.25,2268.5,5.75,2274.5,2266.75,7.75,True,LONG,2017-02-02 10:50:00,2274.75,True,True,True,0.913,0.0,0.913,2279.5,2017-02-02 11:00:00,0.7391,2270.0,2017-02-02 12:02:00,True,2017-02-02 10:57:00,0.0,0.7391,True,2274.25,2017-02-02 11:48:00,0.0
ES,2017-02-03,Friday,ODR,2279.25,2276.25,3.0,2279.5,2275.0,4.5,True,LONG,2017-02-03 06:15:00,2279.75,True,True,False,0.3333,0.0,0.3333,2280.25,2017-02-03 06:34:00,0.4167,2278.0,2017-02-03 08:01:00,False,,0.0,,True,2279.25,2017-02-03 06:27:00,0.0
ES,2017-02-03,Friday,RDR,2289.5,2283.5,6.0,2291.5,2283.0,8.5,True,LONG,2017-02-03 10:45:00,2292.25,True,True,True,0.7083,0.0,0.7083,2293.75,2017-02-03 15:47:00,0.0417,2289.25,2017-02-03 11:47:00,True,2017-02-03 10:50:00,0.0417,0.0417,True,2289.5,2017-02-03 11:43:00,0.0
ES,2017-02-06,Monday,ADR,2289.0,2287.75,1.25,2289.0,2287.5,1.5,True,LONG,2017-02-05 21:15:00,2289.25,True,False,,1.8,0.0,1.8,2291.25,2017-02-06 00:05:00,0.0,2289.5,2017-02-05 21:21:00,True,2017-02-05 21:22:00,0.0,0.0,False,,,
ES,2017-02-06,Monday,ODR,2291.75,2289.5,2.25,2292.0,2289.25,2.75,True,LONG,2017-02-06 04:00:00,2292.5,False,True,False,1.0,1.5556,1.0,2294.0,2017-02-06 05:15:00,2.5556,2286.0,2017-02-06 08:19:00,True,2017-02-06 04:06:00,0.0,2.5556,True,2291.0,2017-02-06 06:20:00,0.3333
ES,2017-02-06,Monday,RDR,2290.75,2287.0,3.75,2291.25,2286.25,5.0,True,SHORT,2017-02-06 12:55:00,2285.5,True,True,False,0.0,0.9333,0.9333,2283.5,2017-02-06 13:19:00,0.2,2287.75,2017-02-06 15:59:00,True,2017-02-06 13:03:00,0.0,0.2,True,2287.0,2017-02-06 15:19:00,0.0
ES,2017-02-07,Tuesday,ODR,2287.5,2285.75,1.75,2287.75,2285.25,2.5,True,LONG,2017-02-07 04:00:00,2288.25,True,True,True,3.5714,0.0,3.5714,2293.75,2017-02-07 06:40:00,0.2857,2287.0,2017-02-07 04:42:00,True,2017-02-07 04:53:00,0.2857,0.0,True,2287.5,2017-02-07 04:08:00,0.0
ES,2017-02-07,Tuesday,RDR,2294.0,2290.5,3.5,2294.75,2290.25,4.5,True,SHORT,2017-02-07 11:25:00,2289.5,True,True,True,0.0714,1.5,1.5,2285.25,2017-02-07 12:50:00,0.4286,2292.0,2017-02-07 12:04:00,True,2017-02-07 12:22:00,0.4286,0.0,True,2290.5,2017-02-07 11:39:00,0.0
ES,2017-02-08,Wednesday,ODR,2291.0,2286.5,4.5,2291.0,2286.5,4.5,True,SHORT,2017-02-08 07:50:00,2286.0,True,True,True,0.0,0.3333,0.3333,2285.0,2017-02-08 08:25:00,0.0556,2286.75,2017-02-08 07:56:00,False,,0.0556,,True,2286.75,2017-02-08 07:56:00,0.0556
ES,2017-02-08,Wednesday,RDR,2286.0,2281.0,5.0,2286.25,2281.0,5.25,True,LONG,2017-02-08 10:40:00,2287.25,True,True,True,1.15,0.0,1.15,2291.75,2017-02-08 15:44:00,0.1,2285.5,2017-02-08 10:53:00,True,2017-02-08 10:47:00,0.1,0.1,True,2285.5,2017-02-08 10:53:00,0.1
ES,2017-02-09,Thursday,ODR,2291.75,2289.25,2.5,2291.75,2289.0,2.75,True,LONG,2017-02-09 06:10:00,2292.75,True,False,,1.7,0.0,1.7,2296.0,2017-02-09 06:28:00,0.0,2292.25,2017-02-09 08:13:00,True,2017-02-09 06:16:00,0.0,0.0,False,,,
ES,2017-02-09,Thursday,RDR,2299.75,2293.75,6.0,2299.75,2293.0,6.75,True,LONG,2017-02-09 10:40:00,2301.0,True,False,,1.3333,0.0,1.3333,2307.75,2017-02-09 14:41:00,0.0,2300.25,2017-02-09 10:45:00,True,2017-02-09 10:48:00,0.0,0.0,False,,,
ES,2017-02-10,Friday,ODR,2308.0,2306.0,2.0,2308.5,2306.0,2.5,True,SHORT,2017-02-10 05:40:00,2305.75,True,True,False,0.0,0.625,0.625,2304.75,2017-02-10 06:09:00,0.625,2307.25,2017-02-10 07:33:00,True,2017-02-10 05:51:00,0.0,0.625,True,2306.0,2017-02-10 05:49:00,0.0
ES,2017-02-10,Friday,RDR,2309.75,2307.5,2.25,2309.75,2306.75,3.0,True,LONG,2017-02-10 10:30:00,2310.75,True,True,True,2.6667,0.0,2.6667,2315.75,2017-02-10 13:47:00,0.5556,2308.5,2017-02-10 11:04:00,True,2017-02-10 10:35:00,0.5556,0.5556,True,2309.75,2017-02-10 10:55:00,0.0
ES,2017-02-13,Monday,ODR,2316.0,2314.75,1.25,2316.0,2314.25,1.75,True,LONG,2017-02-13 07:05:00,2316.25,True,True,True,2.0,0.4,2.0,2318.5,2017-02-13 08:24:00,0.0,2316.0,2017-02-13 07:40:00,True,2017-02-13 07:17:00,0.0,0.0,True,2316.0,2017-02-13 07:40:00,0.0
ES,2017-02-13,Monday,RDR,2322.75,2319.0,3.75,2322.75,2318.25,4.5,True,LONG,2017-02-13 11:20:00,2323.5,True,True,True,1.6,0.0,1.6,2328.75,2017-02-13 13:35:00,0.2667,2321.75,2017-02-13 11:56:00,True,2017-02-13 12:45:00,0.2667,0.0,True,2322.5,2017-02-13 11:34:00,0.0667
ES,2017-02-14,Tuesday,ODR,2325.5,2323.25,2.25,2325.5,2323.0,2.5,True,LONG,2017-02-14 06:55:00,2325.75,True,True,True,0.7778,0.0,0.7778,2327.25,2017-02-14 08:29:00,0.1111,2325.25,2017-02-14 07:06:00,True,2017-02-14 08:22:00,0.1111,0.0,True,2325.5,2017-02-14 07:05:00,0.0
ES,2017-02-14,Tuesday,RDR,2325.25,2321.25,4.0,2326.0,2320.5,5.5,True,LONG,2017-02-14 12:00:00,2326.25,True,True,True,2.5625,0.375,2.5625,2335.5,2017-02-14 15:54:00,0.0,2325.25,2017-02-14 12:21:00,True,2017-02-14 12:31:00,0.0,0.0,True,2325.25,2017-02-14 12:21:00,0.0
ES,2017-02-15,Wednesday,ODR,2338.25,2336.25,2.0,2338.5,2336.0,2.5,True,SHORT,2017-02-15 05:35:00,2335.75,True,True,True,0.0,1.25,1.25,2333.75,2017-02-15 08:25:00,0.25,2336.75,2017-02-15 07:27:00,True,2017-02-15 05:47:00,0.25,0.25,True,2336.25,2017-02-15 06:34:00,0.0
ES,2017-02-15,Wednesday,RDR,2335.75,2332.5,3.25,2336.25,2332.0,4.25,True,LONG,2017-02-15 10:30:00,2336.75,True,False,,4.2308,0.0,4.2308,2349.5,2017-02-15 15:17:00,0.0,2336.25,2017-02-15 10:36:00,True,2017-02-15 10:38:00,0.0,0.0,False,,,
ES,2017-02-16,Thursday,ODR,2349.25,2347.25,2.0,2349.5,2347.25,2.25,True,SHORT,2017-02-16 04:00:00,2346.75,True,True,True,0.0,1.375,1.375,2344.5,2017-02-16 08:28:00,0.125,2347.5,2017-02-16 04:06:00,True,2017-02-16 04:47:00,0.125,0.0,True,2347.25,2017-02-16 04:05:00,0.0
ES,2017-02-16,Thursday,RDR,2348.75,2342.75,6.0,2349.5,2342.75,6.75,True,SHORT,2017-02-16 10:45:00,2342.0,True,True,False,0.0,1.0417,1.0417,2336.5,2017-02-16 11:12:00,0.4583,2345.5,2017-02-16 15:58:00,True,2017-02-16 10:53:00,0.0,0.4583,True,2342.75,2017-02-16 11:50:00,0.0
ES,2017-02-17,Friday,ADR,2345.5,2343.0,2.5,2345.75,2343.0,2.75,True,LONG,2017-02-16 20:30:00,2346.0,True,True,False,0.7,0.0,0.7,2347.25,2017-02-16 21:20:00,1.0,2343.0,2017-02-17 01:47:00,True,2017-02-16 21:19:00,0.1,1.0,True,2345.5,2017-02-16 20:35:00,0.0
ES,2017-02-17,Friday,ODR,2344.0,2341.25,2.75,2344.25,2341.0,3.25,True,SHORT,2017-02-17 04:05:00,2340.75,True,False,,0.0,1.7273,1.7273,2336.5,2017-02-17 08:21:00,0.0,2341.0,2017-02-17 04:10:00,True,2017-02-17 04:27:00,0.0,0.0,False,,,
ES,2017-02-17,Friday,RDR,2342.25,2337.5,4.75,2343.0,2337.25,5.75,True,LONG,2017-02-17 14:25:00,2343.5,True,False,,1.2632,0.0,1.2632,2348.25,2017-02-17 15:59:00,0.0,2343.5,2017-02-17 14:30:00,True,2017-02-17 14:47:00,0.0,0.0,False,,,
ES,2017-02-27,Monday,ADR,2366.5,2363.25,3.25,2367.25,2363.25,4.0,True,LONG,2017-02-26 22:05:00,2367.5,True,True,False,1.0,0.0,1.0,2369.75,2017-02-26 23:08:00,0.3077,2365.5,2017-02-27 01:32:00,True,2017-02-26 23:07:00,0.0,0.3077,True,2366.0,2017-02-27 00:48:00,0.1538
ES,2017-02-27,Monday,ODR,2369.5,2366.75,2.75,2369.75,2366.75,3.0,True,SHORT,2017-02-27 04:30:00,2366.25,True,False,,0.0,1.6364,1.6364,2362.25,2017-02-27 08:16:00,0.0,2366.5,2017-02-27 04:35:00,True,2017-02-27 04:40:00,0.0,0.0,False,,,
ES,2017-02-27,Monday,RDR,2367.0,2361.75,5.25,2367.5,2361.0,6.5,True,LONG,2017-02-27 13:45:00,2367.75,True,True,True,0.6667,0.0,0.6667,2370.5,2017-02-27 15:30:00,0.0476,2366.75,2017-02-27 14:04:00,True,2017-02-27 15:07:00,0.0476,0.0,True,2366.75,2017-02-27 14:04:00,0.0476
ES,2017-02-28,Tuesday,ODR,2367.75,2366.0,1.75,2367.75,2366.0,1.75,True,LONG,2017-02-28 05:20:00,2368.25,False,True,False,0.4286,0.5714,0.4286,2368.5,2017-02-28 05:28:00,1.5714,2365.0,2017-02-28 08:11:00,False,,0.0,,True,2367.75,2017-02-28 05:33:00,0.0
ES,2017-02-28,Tuesday,RDR,2366.75,2363.5,3.25,2366.75,2363.5,3.25,True,SHORT,2017-02-28 12:05:00,2363.0,True,True,True,0.0,1.8462,1.8462,2357.5,2017-02-28 12:26:00,0.2308,2364.25,2017-02-28 15:56:00,True,2017-02-28 12:18:00,0.0,0.2308,True,2363.5,2017-02-28 13:38:00,0.0
ES,2017-03-01,Wednesday,ODR,2374.25,2368.25,6.0,2374.5,2368.0,6.5,True,LONG,2017-03-01 05:35:00,2374.75,True,True,True,1.0833,0.0,1.0833,2380.75,2017-03-01 08:23:00,0.25,2372.75,2017-03-01 06:52:00,True,2017-03-01 08:13:00,0.25,0.0,True,2374.25,2017-03-01 05:40:00,0.0
ES,2017-03-01,Wednesday,RDR,2388.75,2381.5,7.25,2389.0,2381.25,7.75,True,LONG,2017-03-01 11:05:00,2391.0,True,False,,1.6552,0.0,1.6552,2400.75,2017-03-01 14:24:00,0.0,2389.5,2017-03-01 11:14:00,True,2017-03-01 11:33:00,0.0,0.0,False,,,
ES,2017-03-02,Thursday,ODR,2392.5,2391.0,1.5,2393.0,2390.75,2.25,True,SHORT,2017-03-02 04:10:00,2390.25,False,True,False,0.3333,1.0,1.0,2389.5,2017-03-02 04:46:00,1.3333,2393.0,2017-03-02 08:23:00,True,2017-03-02 04:16:00,0.5,1.3333,True,2391.25,2017-03-02 04:20:00,0.1667
ES,2017-03-02,Thursday,RDR,2392.25,2387.0,5.25,2392.25,2387.0,5.25,True,SHORT,2017-03-02 11:00:00,2386.5,True,True,True,0.0,1.4762,1.4762,2379.25,2017-03-02 15:44:00,0.1429,2387.75,2017-03-02 14:34:00,True,2017-03-02 11:12:00,0.1429,0.1429,True,2387.25,2017-03-02 14:33:00,0.0476
ES,2017-03-03,Friday,ODR,2375.75,2373.75,2.0,2375.75,2373.75,2.0,True,LONG,2017-03-03 05:40:00,2377.25,True,False,,2.0,0.0,2.0,2379.75,2017-03-03 06:34:00,0.0,2377.0,2017-03-03 05:48:00,True,2017-03-03 05:45:00,0.0,0.0,False,,,
ES,2017-03-03,Friday,RDR,2381.25,2376.0,5.25,2381.75,2375.0,6.75,True,SHORT,2017-03-03 10:30:00,2374.25,False,True,False,0.3333,0.3333,0.2857,2374.5,2017-03-03 10:35:00,1.3333,2383.0,2017-03-03 15:39:00,False,,0.0,,True,2376.0,2017-03-03 10:43:00,0.0
ES,2017-03-06,Monday,ODR,2372.25,2369.25,3.0,2372.5,2368.5,4.0,True,LONG,2017-03-06 04:20:00,2372.75,True,False,,1.25,0.0,1.25,2376.0,2017-03-06 06:51:00,0.0,2372.5,2017-03-06 04:25:00,True,2017-03-06 04:31:00,0.0,0.0,False,,,
ES,2017-03-06,Monday,RDR,2372.75,2369.5,3.25,2373.25,2368.5,4.75,True,SHORT,2017-03-06 10:40:00,2368.0,False,True,False,1.6154,0.7692,0.7692,2367.0,2017-03-06 11:01:00,2.6154,2378.0,2017-03-06 15:42:00,True,2017-03-06 10:52:00,0.0,2.6154,True,2369.5,2017-03-06 11:14:00,0.0
ES,2017-03-07,Tuesday,ODR,2373.5,2371.5,2.0,2373.75,2371.5,2.25,True,SHORT,2017-03-07 05:50:00,2371.25,True,True,True,0.125,0.875,0.875,2369.75,2017-03-07 08:25:00,0.5,2372.5,2017-03-07 07:37:00,True,2017-03-07 08:23:00,0.5,0.0,True,2371.5,2017-03-07 05:57:00,0.0
ES,2017-03-07,Tuesday,RDR,2372.75,2367.25,5.5,2373.25,2366.25,7.0,True,LONG,2017-03-07 10:30:00,2373.5,False,True,False,0.3182,0.5,0.3182,2374.5,2017-03-07 10:42:00,1.5,2364.5,2017-03-07 15:44:00,False,,0.0455,,True,2372.75,2017-03-07 10:39:00,0.0
ES,2017-03-08,Wednesday,ODR,2365.25,2362.25,3.0,2365.5,2361.75,3.75,True,LONG,2017-03-08 04:40:00,2365.75,True,True,False,0.9167,0.0,0.9167,2368.0,2017-03-08 07:49:00,0.6667,2363.25,2017-03-08 06:30:00,True,2017-03-08 05:11:00,0.6667,0.6667,True,2365.25,2017-03-08 04:52:00,0.0
ES,2017-03-08,Wednesday,RDR,2372.0,2367.75,4.25,2372.75,2367.25,5.5,True,SHORT,2017-03-08 11:40:00,2366.75,True,True,True,0.0,1.6471,1.6471,2360.75,2017-03-08 15:43:00,0.8824,2371.5,2017-03-08 13:15:00,True,2017-03-08 11:45:00,0.8824,0.8824,True,2368.5,2017-03-08 12:03:00,0.1765
ES,2017-03-09,Thursday,ODR,2366.0,2363.75,2.25,2366.5,2363.5,3.0,True,SHORT,2017-03-09 05:10:00,2363.0,True,True,True,0.0,2.2222,2.2222,2358.75,2017-03-09 07:59:00,0.1111,2364.0,2017-03-09 05:19:00,True,2017-03-09 05:15:00,0.1111,0.1111,True,2364.0,2017-03-09 05:19:00,0.1111
ES,2017-03-09,Thursday,RDR,2368.75,2362.0,6.75,2369.0,2361.5,7.5,True,SHORT,2017-03-09 13:55:00,2361.25,True,True,False,0.0,1.1852,1.1852,2354.0,2017-03-09 14:16:00,0.6296,2366.25,2017-03-09 15:47:00,True,2017-03-09 14:04:00,0.0,0.6296,True,2362.0,2017-03-09 15:09:00,0.0
ES,2017-03-10,Friday,ADR,2371.5,2369.75,1.75,2371.5,2369.5,2.0,True,LONG,2017-03-09 20:40:00,2371.75,True,True,True,0.8571,0.0,0.8571,2373.0,2017-03-09 21:25:00,0.1429,2371.25,2017-03-09 20:59:00,True,2017-03-09 21:09:00,0.1429,0.0,True,2371.5,2017-03-09 20:50:00,0.0
ES,2017-03-10,Friday,ODR,2374.75,2372.0,2.75,2375.0,2371.75,3.25,True,LONG,2017-03-10 04:00:00,2375.25,True,True,True,0.5455,0.0,0.5455,2376.25,2017-03-10 06:27:00,0.5455,2373.25,2017-03-10 04:47:00,True,2017-03-10 06:27:00,0.5455,0.5455,True,2374.75,2017-03-10 04:12:00,0.0
ES,2017-03-10,Friday,RDR,2376.25,2371.25,5.0,2377.0,2370.75,6.25,True,SHORT,2017-03-10 10:40:00,2370.5,True,True,False,0.0,1.8,1.8,2362.25,2017-03-10 13:08:00,0.35,2373.0,2017-03-10 15:53:00,True,2017-03-10 10:59:00,0.1,0.35,True,2371.25,2017-03-10 10:46:00,0.0
ES,2017-03-13,Monday,ODR,2371.5,2370.25,1.25,2371.75,2370.25,1.5,True,SHORT,2017-03-13 04:15:00,2370.0,False,True,False,1.4,1.4,1.4,2368.5,2017-03-13 07:03:00,2.4,2373.25,2017-03-13 08:23:00,True,2017-03-13 04:21:00,1.2,2.4,True,2370.25,2017-03-13 04:27:00,0.0
ES,2017-03-13,Monday,RDR,2374.5,2370.25,4.25,2374.75,2370.0,4.75,True,SHORT,2017-03-13 11:20:00,2369.5,True,True,False,0.0588,0.3529,0.3529,2368.75,2017-03-13 11:32:00,1.0588,2374.75,2017-03-13 15:59:00,False,,0.0,,True,2370.5,2017-03-13 11:37:00,0.0588
ES,2017-03-14,Tuesday,ODR,2374.0,2373.0,1.0,2374.0,2373.0,1.0,True,SHORT,2017-03-14 04:00:00,2372.25,True,False,,0.0,7.75,7.75,2365.25,2017-03-14 08:26:00,0.0,2372.5,2017-03-14 04:05:00,True,2017-03-14 04:05:00,0.0,0.0,False,,,
ES,2017-03-14,Tuesday,RDR,2368.25,2359.5,8.75,2368.75,2359.25,9.5,True,SHORT,2017-03-14 10:40:00,2358.75,True,True,False,0.0,0.1714,0.1714,2358.0,2017-03-14 10:45:00,0.7714,2366.25,2017-03-14 11:51:00,False,,0.0,,True,2359.5,2017-03-14 10:46:00,0.0
ES,2017-03-15,Wednesday,ODR,2370.75,2369.25,1.5,2370.75,2369.25,1.5,True,LONG,2017-03-15 04:10:00,2371.5,True,True,False,1.6667,0.0,1.6667,2373.25,2017-03-15 04:51:00,0.6667,2369.75,2017-03-15 06:50:00,True,2017-03-15 04:15:00,0.0,0.6667,True,2370.75,2017-03-15 04:17:00,0.0
ES,2017-03-15,Wednesday,RDR,2373.25,2369.25,4.0,2373.25,2369.0,4.25,True,LONG,2017-03-15 11:30:00,2374.0,True,True,True,4.3125,0.0,4.3125,2390.5,2017-03-15 15:37:00,0.1875,2372.5,2017-03-15 11:50:00,True,2017-03-15 12:33:00,0.1875,0.0,True,2373.25,2017-03-15 11:44:00,0.0
ES,2017-03-16,Thursday,ADR,2385.25,2383.5,1.75,2385.5,2383.5,2.0,True,LONG,2017-03-15 21:00:00,2386.0,True,False,,1.7143,0.0,1.7143,2388.25,2017-03-15 23:13:00,0.0,2386.25,2017-03-15 21:05:00,True,2017-03-15 21:05:00,0.0,0.0,False,,,
ES,2017-03-16,Thursday,ODR,2391.5,2388.25,3.25,2391.75,2388.25,3.5,True,SHORT,2017-03-16 08:05:00,2387.5,True,False,,0.0,0.6154,0.6154,2386.25,2017-03-16 08:27:00,0.0,2387.75,2017-03-16 08:10:00,True,2017-03-16 08:20:00,0.0,0.0,False,,,
ES,2017-03-16,Thursday,RDR,2387.0,2382.5,4.5,2387.75,2381.25,6.5,True,SHORT,2017-03-16 11:00:00,2379.0,True,True,True,0.0,1.2778,1.2778,2376.75,2017-03-16 15:01:00,0.1667,2383.25,2017-03-16 12:46:00,True,2017-03-16 11:05:00,0.1667,0.1667,True,2382.5,2017-03-16 12:25:00,0.0
ES,2017-03-17,Friday,ODR,2376.5,2375.5,1.0,2376.5,2375.5,1.0,True,LONG,2017-03-17 04:40:00,2376.75,True,True,True,3.25,0.25,3.25,2379.75,2017-03-17 07:01:00,0.5,2376.0,2017-03-17 04:46:00,True,2017-03-17 04:50:00,0.5,0.25,True,2376.25,2017-03-17 04:45:00,0.25
ES,2017-03-17,Friday,RDR,2380.5,2376.5,4.0,2380.5,2376.25,4.25,True,SHORT,2017-03-17 10:40:00,2376.0,False,True,True,0.375,0.75,0.75,2373.5,2017-03-17 15:59:00,1.375,2382.0,2017-03-17 14:14:00,True,2017-03-17 11:02:00,1.375,1.375,True,2376.75,2017-03-17 10:48:00,0.0625
ES,2017-03-20,Monday,ODR,2371.5,2370.0,1.5,2371.5,2370.0,1.5,True,LONG,2017-03-20 04:05:00,2371.75,True,True,True,1.0,0.0,1.0,2373.0,2017-03-20 04:28:00,1.0,2370.0,2017-03-20 05:59:00,True,2017-03-20 04:14:00,0.0,1.0,True,2371.25,2017-03-20 04:52:00,0.1667
ES,2017-03-20,Monday,RDR,2375.0,2369.5,5.5,2375.5,2369.0,6.5,True,SHORT,2017-03-20 13:40:00,2368.0,True,True,True,0.1364,0.7273,0.7273,2365.5,2017-03-20 14:51:00,0.5,2372.25,2017-03-20 15:31:00,True,2017-03-20 14:38:00,0.1364,0.5,True,2369.75,2017-03-20 14:09:00,0.0455
ES,2017-03-21,Tuesday,ODR,2376.25,2374.25,2.0,2376.5,2374.0,2.5,True,SHORT,2017-03-21 05:40:00,2373.75,True,True,True,0.0,0.5,0.5,2373.25,2017-03-21 05:46:00,0.75,2375.75,2017-03-21 07:36:00,True,2017-03-21 05:46:00,0.0,0.75,True,2374.25,2017-03-21 05:55:00,0.0
ES,2017-03-21,Tuesday,RDR,2378.0,2362.75,15.25,2378.5,2362.25,16.25,True,SHORT,2017-03-21 10:50:00,2358.75,True,False,,0.0,1.623,1.623,2338.0,2017-03-21 15:53:00,0.0,2359.0,2017-03-21 10:55:00,True,2017-03-21 10:57:00,0.0,0.0,False,,,
ES,2017-03-22,Wednesday,ODR,2337.63,2334.75,2.880000000000109,2337.75,2333.75,4.0,True,LONG,2017-03-22 04:15:00,2338.5,False,True,True,1.4306,0.5208,1.4306,2341.75,2017-03-22 08:22:00,1.434,2333.5,2017-03-22 05:05:00,True,2017-03-22 05:42:00,1.434,0.0,True,2337.5,2017-03-22 04:29:00,0.0451
ES,2017-03-22,Wednesday,RDR,2340.5,2334.0,6.5,2341.75,2333.25,8.5,True,LONG,2017-03-22 11:15:00,2345.38,True,True,True,1.2308,0.1923,1.2308,2348.5,2017-03-22 15:23:00,0.6154,2336.5,2017-03-22 13:03:00,True,2017-03-22 11:20:00,0.6154,0.6154,True,2340.5,2017-03-22 12:30:00,0.0
ES,2017-03-23,Thursday,ADR,2348.0,2346.5,1.5,2348.0,2346.5,1.5,True,SHORT,2017-03-22 20:30:00,2346.25,False,True,False,0.92,0.3333,0.0,2346.5,2017-03-22 20:35:00,1.92,2349.38,2017-03-22 21:45:00,False,,0.0,,True,2346.5,2017-03-22 20:35:00,0.0
ES,2017-03-23,Thursday,ODR,2346.25,2344.75,1.5,2346.25,2344.25,2.0,True,SHORT,2017-03-23 04:15:00,2343.75,False,True,False,1.3333,1.1667,1.1667,2343.0,2017-03-23 04:59:00,2.3333,2348.25,2017-03-23 07:01:00,True,2017-03-23 04:20:00,0.0,2.3333,True,2344.75,2017-03-23 05:17:00,0.0
ES,2017-03-23,Thursday,RDR,2345.75,2341.75,4.0,2346.63,2339.63,7.0,True,LONG,2017-03-23 10:35:00,2348.25,False,True,False,2.5,0.875,2.5,2355.75,2017-03-23 11:16:00,1.875,2338.25,2017-03-23 15:32:00,True,2017-03-23 10:40:00,0.0,1.875,True,2345.25,2017-03-23 13:29:00,0.125
ES,2017-03-24,Friday,ODR,2345.25,2343.5,1.75,2345.5,2343.25,2.25,True,SHORT,2017-03-24 04:05:00,2342.5,True,True,False,0.0,1.5714,1.5714,2340.75,2017-03-24 06:30:00,1.0,2345.25,2017-03-24 04:40:00,True,2017-03-24 04:10:00,1.0,1.0,True,2343.5,2017-03-24 04:24:00,0.0
ES,2017-03-24,Friday,RDR,2350.0,2346.13,3.869999999999891,2350.25,2345.75,4.5,True,LONG,2017-03-24 10:50:00,2350.75,False,True,False,0.646,3.7158,0.646,2352.5,2017-03-24 11:05:00,4.7158,2331.75,2017-03-24 15:16:00,True,2017-03-24 11:05:00,0.0,4.7158,True,2350.0,2017-03-24 11:17:00,0.0
ES,2017-03-27,Monday,ADR,2331.0,2329.25,1.75,2331.75,2329.0,2.75,True,SHORT,2017-03-26 20:45:00,2328.5,True,False,,0.0,2.1429,2.1429,2325.5,2017-03-26 21:05:00,0.0,2329.0,2017-03-26 20:54:00,True,2017-03-26 20:51:00,0.0,0.0,False,,,
ES,2017-03-27,Monday,ODR,2323.75,2320.75,3.0,2324.0,2320.5,3.5,True,LONG,2017-03-27 04:20:00,2325.0,True,True,False,1.1667,0.25,1.1667,2327.25,2017-03-27 05:26:00,0.3333,2322.75,2017-03-27 08:11:00,True,2017-03-27 04:45:00,0.0,0.3333,True,2323.75,2017-03-27 06:04:00,0.0
ES,2017-03-27,Monday,RDR,2326.63,2320.0,6.630000000000109,2328.0,2318.0,10.0,True,LONG,2017-03-27 10:40:00,2329.5,True,False,,2.2051,0.0,2.2051,2341.25,2017-03-27 15:42:00,0.0,2328.0,2017-03-27 10:51:00,True,2017-03-27 10:56:00,0.0,0.0,False,,,
ES,2017-03-28,Tuesday,ADR,2342.13,2340.0,2.130000000000109,2342.25,2340.0,2.25,True,LONG,2017-03-27 23:05:00,2342.75,True,True,True,0.6432,0.2347,0.6432,2343.5,2017-03-28 01:40:00,0.061,2342.0,2017-03-27 23:30:00,True,2017-03-28 01:27:00,0.061,0.0,True,2342.0,2017-03-27 23:30:00,0.061
ES,2017-03-28,Tuesday,ODR,2342.5,2339.5,3.0,2342.75,2339.5,3.25,True,SHORT,2017-03-28 07:00:00,2339.0,True,True,True,0.0,1.6667,1.6667,2334.5,2017-03-28 08:25:00,0.0,2339.5,2017-03-28 07:08:00,True,2017-03-28 07:25:00,0.0,0.0,True,2339.5,2017-03-28 07:08:00,0.0
ES,2017-03-28,Tuesday,RDR,2341.25,2334.5,6.75,2342.25,2333.5,8.75,True,LONG,2017-03-28 11:00:00,2343.5,True,False,,2.8148,0.0,2.8148,2360.25,2017-03-28 14:47:00,0.0,2343.5,2017-03-28 11:05:00,True,2017-03-28 11:05:00,0.0,0.0,False,,,
ES,2017-03-29,Wednesday,ADR,2354.0,2352.63,1.3699999999998909,2354.0,2352.5,1.5,True,SHORT,2017-03-28 20:45:00,2352.0,True,True,False,0.0,0.6423,0.6423,2351.75,2017-03-28 21:43:00,1.0,2354.0,2017-03-28 23:55:00,True,2017-03-28 21:43:00,0.4526,1.0,True,2352.75,2017-03-28 20:54:00,0.0876
ES,2017-03-29,Wednesday,ODR,2356.5,2354.25,2.25,2356.5,2353.75,2.75,True,SHORT,2017-03-29 04:45:00,2352.75,True,False,,0.0,1.8889,1.8889,2350.0,2017-03-29 06:39:00,0.0,2353.25,2017-03-29 04:51:00,True,2017-03-29 04:50:00,0.0,0.0,False,,,
ES,2017-03-29,Wednesday,RDR,2354.25,2349.75,4.5,2354.63,2348.88,5.75,True,LONG,2017-03-29 10:30:00,2356.25,True,True,True,1.1667,0.0,1.1667,2359.5,2017-03-29 15:09:00,0.5556,2351.75,2017-03-29 11:40:00,True,2017-03-29 10:35:00,0.5556,0.5556,True,2354.25,2017-03-29 11:38:00,0.0
ES,2017-03-30,Thursday,ODR,2359.0,2357.38,1.6199999999998909,2359.0,2357.25,1.75,True,SHORT,2017-03-30 04:05:00,2356.75,True,True,True,0.0,2.5494,2.5494,2353.25,2017-03-30 07:04:00,0.2284,2357.75,2017-03-30 04:13:00,True,2017-03-30 04:37:00,0.2284,0.0,True,2357.75,2017-03-30 04:13:00,0.2284
ES,2017-03-30,Thursday,RDR,2362.5,2355.0,7.5,2362.5,2354.0,8.5,True,LONG,2017-03-30 10:35:00,2364.0,True,True,True,0.5333,0.0,0.5333,2366.5,2017-03-30 11:01:00,0.4667,2359.0,2017-03-30 12:40:00,True,2017-03-30 10:57:00,0.0,0.4667,True,2362.5,2017-03-30 11:44:00,0.0
ES,2017-03-31,Friday,ADR,2364.5,2361.5,3.0,2364.75,2361.5,3.25,True,SHORT,2017-03-30 20:45:00,2361.25,True,True,True,0.0,1.5,1.5,2357.0,2017-03-31 01:37:00,0.8333,2364.0,2017-03-30 21:44:00,True,2017-03-31 01:07:00,0.8333,0.0,True,2361.5,2017-03-30 20:52:00,0.0
ES,2017-03-31,Friday,ODR,2360.5,2358.0,2.5,2360.63,2357.5,3.130000000000109,True,LONG,2017-03-31 08:00:00,2360.75,True,False,,0.5,0.3,0.5,2361.75,2017-03-31 08:20:00,0.0,2360.63,2017-03-31 08:05:00,True,2017-03-31 08:20:00,0.0,0.0,False,,,
ES,2017-03-31,Friday,RDR,2364.0,2359.0,5.0,2364.5,2358.5,6.0,True,LONG,2017-03-31 11:40:00,2365.0,False,True,False,0.5,0.15,0.5,2366.5,2017-03-31 13:30:00,1.15,2358.25,2017-03-31 15:59:00,True,2017-03-31 13:30:00,0.25,1.15,True,2364.0,2017-03-31 11:50:00,0.0
ES,2017-04-03,Monday,ADR,2360.0,2356.25,3.75,2360.0,2356.0,4.0,False,,,,,,,0.2,0.0,,,,,,,False,,,,False,,,
ES,2017-04-03,Monday,ODR,2362.5,2360.25,2.25,2362.5,2360.25,2.25,True,SHORT,2017-04-03 04:05:00,2359.75,True,True,True,0.0,1.0,1.0,2358.0,2017-04-03 08:05:00,0.8889,2362.25,2017-04-03 05:59:00,True,2017-04-03 06:37:00,0.8889,0.0,True,2360.25,2017-04-03 04:11:00,0.0
ES,2017-04-03,Monday,RDR,2360.75,2354.25,6.5,2361.5,2352.75,8.75,True,SHORT,2017-04-03 10:50:00,2350.25,True,True,False,0.0,2.1923,2.1923,2340.0,2017-04-03 12:03:00,0.3077,2356.25,2017-04-03 15:24:00,True,2017-04-03 10:55:00,0.0,0.3077,True,2354.75,2017-04-03 15:11:00,0.0769
ES,2017-04-04,Tuesday,ADR,2354.75,2351.25,3.5,2354.75,2350.75,4.0,True,SHORT,2017-04-04 00:40:00,2350.5,True,True,False,0.0,0.2143,0.2143,2350.5,2017-04-04 00:45:00,0.3571,2352.5,2017-04-04 00:54:00,False,,0.0,,True,2351.25,2017-04-04 00:47:00,0.0
ES,2017-04-04,Tuesday,ODR,2351.25,2347.5,3.75,2351.75,2347.5,4.25,True,SHORT,2017-04-04 04:10:00,2347.25,False,True,False,0.0667,0.7333,0.7333,2344.75,2017-04-04 08:05:00,1.0667,2351.5,2017-04-04 06:22:00,True,2017-04-04 07:44:00,1.0667,0.0,True,2347.5,2017-04-04 04:16:00,0.0
ES,2017-04-04,Tuesday,RDR,2353.0,2347.5,5.5,2354.25,2346.75,7.5,True,LONG,2017-04-04 11:20:00,2354.5,True,True,True,0.6818,0.0,0.6818,2356.75,2017-04-04 15:59:00,0.4545,2350.5,2017-04-04 13:00:00,True,2017-04-04 11:48:00,0.4545,0.4545,True,2352.75,2017-04-04 11:31:00,0.0455
ES,2017-04-05,Wednesday,ODR,2355.0,2352.5,2.5,2355.25,2352.5,2.75,True,LONG,2017-04-05 05:05:00,2355.5,True,True,True,2.5,0.0,2.5,2361.25,2017-04-05 08:23:00,0.7,2353.25,2017-04-05 07:28:00,True,2017-04-05 05:14:00,0.7,0.7,True,2355.0,2017-04-05 06:08:00,0.0
ES,2017-04-05,Wednesday,RDR,2373.5,2363.0,10.5,2374.75,2362.5,12.25,True,SHORT,2017-04-05 14:50:00,2362.0,True,True,True,0.0952,1.5952,1.5952,2346.25,2017-04-05 15:34:00,0.119,2364.25,2017-04-05 15:08:00,True,2017-04-05 15:18:00,0.119,0.0,True,2363.0,2017-04-05 14:55:00,0.0
ES,2017-04-06,Thursday,ADR,2347.25,2341.5,5.75,2347.25,2341.25,6.0,True,SHORT,2017-04-05 20:30:00,2341.0,True,True,False,0.0,0.6087,0.6087,2338.0,2017-04-05 22:26:00,0.3043,2343.25,2017-04-05 21:48:00,True,2017-04-05 22:26:00,0.3043,0.1739,True,2341.5,2017-04-05 20:37:00,0.0
ES,2017-04-06,Thursday,ODR,2344.0,2340.5,3.5,2345.0,2340.0,5.0,True,LONG,2017-04-06 04:15:00,2345.25,True,True,True,1.6429,0.0,1.6429,2349.75,2017-04-06 06:50:00,0.2857,2343.0,2017-04-06 04:27:00,True,2017-04-06 05:03:00,0.2857,0.0,True,2344.0,2017-04-06 04:24:00,0.0
ES,2017-04-06,Thursday,RDR,2353.75,2346.25,7.5,2354.75,2345.0,9.75,True,LONG,2017-04-06 11:10:00,2355.25,True,True,True,0.9667,0.0,0.9667,2361.0,2017-04-06 13:35:00,0.5667,2349.5,2017-04-06 14:58:00,True,2017-04-06 11:22:00,0.1333,0.5667,True,2353.5,2017-04-06 12:37:00,0.0333
ES,2017-04-07,Friday,ADR,2355.25,2354.0,1.25,2355.5,2353.75,1.75,True,LONG,2017-04-06 20:30:00,2356.0,False,True,False,0.8,13.8,0.8,2356.25,2017-04-06 20:35:00,14.8,2336.75,2017-04-06 21:27:00,True,2017-04-06 20:35:00,0.0,14.8,True,2355.25,2017-04-06 20:48:00,0.0
ES,2017-04-07,Friday,ODR,2352.5,2347.0,5.5,2352.5,2346.5,6.0,True,LONG,2017-04-07 06:40:00,2354.0,True,True,False,0.5455,0.0,0.5455,2355.5,2017-04-07 07:32:00,0.5455,2349.5,2017-04-07 08:21:00,True,2017-04-07 07:30:00,0.0673,0.5455,True,2352.5,2017-04-07 06:50:00,0.0
ES,2017-04-07,Friday,RDR,2356.0,2347.5,8.5,2357.63,2346.88,10.75,True,LONG,2017-04-07 13:25:00,2358.25,True,True,False,0.5294,0.0,0.5294,2360.5,2017-04-07 13:30:00,0.5294,2351.5,2017-04-07 15:59:00,True,2017-04-07 13:30:00,0.0,0.5294,True,2355.75,2017-04-07 14:41:00,0.0294
ES,2017-04-10,Monday,ODR,2355.5,2353.75,1.75,2355.5,2353.5,2.0,True,SHORT,2017-04-10 05:25:00,2353.0,True,True,False,0.0,2.2857,2.2857,2349.75,2017-04-10 06:03:00,0.8571,2355.25,2017-04-10 07:37:00,True,2017-04-10 05:30:00,0.0,0.8571,True,2353.75,2017-04-10 07:09:00,0.0
ES,2017-04-10,Monday,RDR,2361.25,2353.75,7.5,2361.25,2353.25,8.0,True,LONG,2017-04-10 10:30:00,2362.25,False,True,False,0.2333,0.8333,0.2333,2363.0,2017-04-10 10:35:00,1.8333,2347.5,2017-04-10 12:14:00,False,,0.0,,True,2361.0,2017-04-10 10:39:00,0.0333
ES,2017-04-11,Tuesday,ADR,2354.0,2351.25,2.75,2354.0,2351.25,2.75,True,SHORT,2017-04-10 22:15:00,2351.0,True,False,,0.0,1.3636,1.3636,2347.5,2017-04-10 22:46:00,0.0,2351.0,2017-04-10 22:21:00,True,2017-04-10 22:34:00,0.0,0.0,False,,,
ES,2017-04-11,Tuesday,ODR,2351.5,2348.5,3.0,2351.5,2347.75,3.75,True,LONG,2017-04-11 04:00:00,2352.25,True,True,False,0.5833,0.0,0.5833,2353.25,2017-04-11 06:22:00,0.9167,2348.75,2017-04-11 04:53:00,True,2017-04-11 06:21:00,0.9167,0.8333,True,2351.5,2017-04-11 04:12:00,0.0
ES,2017-04-11,Tuesday,RDR,2350.25,2341.25,9.0,2351.75,2339.75,12.0,True,SHORT,2017-04-11 10:30:00,2337.0,False,True,False,0.0278,0.8889,0.8889,2333.25,2017-04-11 10:57:00,1.0278,2350.5,2017-04-11 15:59:00,True,2017-04-11 10:35:00,0.0,1.0278,True,2341.75,2017-04-11 12:14:00,0.0556
ES,2017-04-12,Wednesday,ODR,2356.0,2350.75,5.25,2356.25,2349.5,6.75,True,SHORT,2017-04-12 06:15:00,2349.0,True,False,,0.0,0.9524,0.9524,2345.75,2017-04-12 08:20:00,0.0,2349.75,2017-04-12 06:27:00,True,2017-04-12 06:48:00,0.0,0.0,False,,,
ES,2017-04-12,Wednesday,RDR,2349.0,2345.25,3.75,2349.25,2343.75,5.5,True,SHORT,2017-04-12 10:40:00,2343.5,True,True,True,0.0,2.0667,2.0667,2337.5,2017-04-12 11:51:00,0.3333,2346.5,2017-04-12 14:00:00,True,2017-04-12 10:45:00,0.0,0.3333,True,2346.25,2017-04-12 13:59:00,0.2667
ES,2017-04-13,Thursday,ODR,2342.0,2337.5,4.5,2342.5,2337.5,5.0,True,SHORT,2017-04-13 04:00:00,2336.75,True,True,True,0.0,1.1667,1.1667,2332.25,2017-04-13 06:40:00,0.0556,2337.75,2017-04-13 04:47:00,True,2017-04-13 05:28:00,0.0556,0.0,True,2337.5,2017-04-13 04:46:00,0.0
ES,2017-04-13,Thursday,RDR,2344.25,2335.75,8.5,2344.25,2334.0,10.25,True,SHORT,2017-04-13 13:00:00,2333.25,True,True,True,0.0588,1.2059,1.2059,2325.5,2017-04-13 15:59:00,0.0294,2336.0,2017-04-13 14:32:00,True,2017-04-13 13:07:00,0.0294,0.0294,True,2335.75,2017-04-13 14:27:00,0.0
ES,2017-04-17,Monday,ADR,2326.75,2324.25,2.5,2326.75,2324.25,2.5,True,SHORT,2017-04-16 21:20:00,2324.0,True,True,False,0.0,0.6,0.6,2322.75,2017-04-16 22:07:00,0.5,2325.5,2017-04-16 23:49:00,True,2017-04-16 22:07:00,0.2,0.5,True,2324.25,2017-04-16 21:43:00,0.0
ES,2017-04-17,Monday,RDR,2336.75,2329.75,7.0,2337.5,2328.75,8.75,True,LONG,2017-04-17 11:25:00,2338.0,True,True,True,1.2143,0.0,1.2143,2345.25,2017-04-17 15:49:00,0.1786,2335.5,2017-04-17 11:59:00,True,2017-04-17 14:45:00,0.1786,0.0,True,2336.75,2017-04-17 11:46:00,0.0
ES,2017-04-18,Tuesday,ODR,2345.0,2340.5,4.5,2345.0,2340.25,4.75,True,SHORT,2017-04-18 04:50:00,2339.75,True,True,True,0.0,1.3333,1.3333,2334.5,2017-04-18 05:55:00,0.2222,2341.5,2017-04-18 07:19:00,True,2017-04-18 05:30:00,0.0,0.2222,True,2340.5,2017-04-18 05:04:00,0.0
ES,2017-04-18,Tuesday,RDR,2344.25,2336.75,7.5,2344.25,2335.0,9.25,True,SHORT,2017-04-18 11:40:00,2334.25,True,True,False,0.0,0.8667,0.8667,2330.25,2017-04-18 12:01:00,0.5667,2341.0,2017-04-18 14:35:00,True,2017-04-18 11:57:00,0.0,0.5667,True,2337.0,2017-04-18 13:34:00,0.0333
ES,2017-04-19,Wednesday,ODR,2341.5,2339.75,1.75,2341.75,2339.75,2.0,True,LONG,2017-04-19 04:25:00,2342.0,True,False,,2.8571,0.0,2.8571,2346.5,2017-04-19 08:21:00,0.0,2342.0,2017-04-19 04:30:00,True,2017-04-19 04:31:00,0.0,0.0,False,,,
ES,2017-04-19,Wednesday,RDR,2348.5,2344.75,3.75,2349.0,2344.0,5.0,True,SHORT,2017-04-19 10:45:00,2343.25,True,True,True,0.0,3.6,3.6,2331.25,2017-04-19 15:42:00,0.5333,2346.75,2017-04-19 11:44:00,True,2017-04-19 10:50:00,0.5333,0.5333,True,2345.0,2017-04-19 10:58:00,0.0667
ES,2017-04-20,Thursday,ADR,2335.25,2333.5,1.75,2335.5,2333.5,2.0,True,LONG,2017-04-19 21:45:00,2336.25,True,True,False,0.7143,0.0,0.7143,2336.5,2017-04-19 21:52:00,0.7143,2334.0,2017-04-20 01:39:00,True,2017-04-19 21:50:00,0.0,0.7143,True,2335.25,2017-04-19 22:04:00,0.0
ES,2017-04-20,Thursday,ODR,2339.5,2335.5,4.0,2340.0,2334.5,5.5,True,LONG,2017-04-20 04:05:00,2340.25,True,True,True,0.4375,0.0,0.4375,2341.25,2017-04-20 05:26:00,0.3125,2338.25,2017-04-20 04:29:00,False,,0.3125,,True,2339.5,2017-04-20 04:17:00,0.0
ES,2017-04-20,Thursday,RDR,2343.25,2338.5,4.75,2344.25,2337.25,7.0,True,LONG,2017-04-20 11:25:00,2344.5,True,False,,3.1053,0.0,3.1053,2358.0,2017-04-20 13:55:00,0.0,2344.25,2017-04-20 11:31:00,True,2017-04-20 11:37:00,0.0,0.0,False,,,
ES,2017-04-21,Friday,ODR,2355.25,2353.75,1.5,2355.5,2353.5,2.0,True,SHORT,2017-04-21 04:40:00,2353.25,True,True,False,0.1667,1.0,1.0,2352.25,2017-04-21 05:19:00,1.1667,2355.5,2017-04-21 07:11:00,True,2017-04-21 04:45:00,0.3333,1.1667,True,2354.0,2017-04-21 04:49:00,0.1667
ES,2017-04-21,Friday,RDR,2352.25,2348.75,3.5,2352.5,2348.5,4.0,True,SHORT,2017-04-21 10:45:00,2348.25,True,True,True,0.0,2.2857,2.2857,2340.75,2017-04-21 13:11:00,0.5,2350.5,2017-04-21 11:58:00,True,2017-04-21 10:57:00,0.5,0.5,True,2348.75,2017-04-21 10:51:00,0.0
ES,2017-04-24,Monday,ADR,2369.25,2367.0,2.25,2369.25,2366.5,2.75,True,SHORT,2017-04-23 21:25:00,2366.25,True,True,False,0.0,0.7778,0.7778,2365.25,2017-04-23 21:43:00,0.6667,2368.5,2017-04-24 01:53:00,True,2017-04-23 21:36:00,0.0,0.6667,True,2367.0,2017-04-24 01:19:00,0.0
ES,2017-04-24,Monday,ODR,2371.5,2369.0,2.5,2371.75,2368.75,3.0,True,LONG,2017-04-24 04:30:00,2372.0,True,True,True,2.0,0.0,2.0,2376.5,2017-04-24 06:13:00,0.2,2371.0,2017-04-24 04:39:00,True,2017-04-24 04:59:00,0.2,0.0,True,2371.5,2017-04-24 04:35:00,0.0
ES,2017-04-24,Monday,RDR,2371.75,2368.5,3.25,2372.25,2367.0,5.25,True,SHORT,2017-04-24 11:15:00,2366.5,False,True,False,0.6154,0.8462,0.8462,2365.75,2017-04-24 11:26:00,1.6154,2373.75,2017-04-24 15:09:00,True,2017-04-24 11:20:00,0.0,1.6154,True,2369.0,2017-04-24 12:11:00,0.1538
ES,2017-04-25,Tuesday,ADR,2369.5,2368.0,1.5,2369.75,2368.0,1.75,True,LONG,2017-04-24 21:35:00,2370.0,True,False,,3.5,0.0,3.5,2374.75,2017-04-25 01:41:00,0.0,2370.0,2017-04-24 21:40:00,True,2017-04-24 21:40:00,0.0,0.0,False,,,
ES,2017-04-25,Tuesday,ODR,2373.75,2371.5,2.25,2374.0,2371.5,2.5,True,LONG,2017-04-25 07:00:00,2374.5,True,True,True,1.7778,0.0,1.7778,2377.75,2017-04-25 08:28:00,0.0,2373.75,2017-04-25 07:22:00,True,2017-04-25 08:05:00,0.0,0.0,True,2373.75,2017-04-25 07:22:00,0.0
ES,2017-04-25,Tuesday,RDR,2386.75,2378.75,8.0,2386.75,2377.5,9.25,True,LONG,2017-04-25 14:15:00,2387.5,True,True,False,0.2812,0.0,0.2812,2389.0,2017-04-25 15:19:00,0.2188,2385.0,2017-04-25 15:53:00,False,,0.1875,,True,2386.75,2017-04-25 14:20:00,0.0
ES,2017-04-26,Wednesday,ADR,2384.5,2382.75,1.75,2384.5,2382.75,1.75,True,LONG,2017-04-25 21:50:00,2384.75,True,True,True,1.0,0.0,1.0,2386.25,2017-04-26 01:36:00,0.1429,2384.25,2017-04-26 00:24:00,True,2017-04-25 22:58:00,0.1429,0.1429,True,2384.5,2017-04-25 22:30:00,0.0
ES,2017-04-26,Wednesday,ODR,2385.0,2383.0,2.0,2385.5,2382.75,2.75,True,LONG,2017-04-26 05:45:00,2385.75,False,True,False,0.75,0.5,0.75,2386.5,2017-04-26 06:02:00,1.5,2382.0,2017-04-26 07:30:00,True,2017-04-26 05:51:00,0.0,1.5,True,2385.0,2017-04-26 06:32:00,0.0
ES,2017-04-26,Wednesday,RDR,2388.25,2384.25,4.0,2388.25,2384.25,4.0,True,LONG,2017-04-26 10:50:00,2389.5,False,True,False,1.5625,0.4375,1.5625,2394.5,2017-04-26 11:28:00,1.4375,2382.5,2017-04-26 15:57:00,True,2017-04-26 11:21:00,0.0,1.4375,True,2388.25,2017-04-26 11:09:00,0.0
ES,2017-04-27,Thursday,ADR,2384.25,2383.25,1.0,2384.25,2383.25,1.0,True,LONG,2017-04-26 21:00:00,2384.75,False,True,False,0.5,0.75,0.5,2384.75,2017-04-26 21:22:00,1.75,2382.5,2017-04-27 01:30:00,True,2017-04-26 21:22:00,0.0,1.75,True,2384.25,2017-04-26 21:05:00,0.0
ES,2017-04-27,Thursday,ODR,2384.0,2382.25,1.75,2384.0,2382.25,1.75,True,SHORT,2017-04-27 04:55:00,2381.75,False,True,False,1.2857,0.5714,0.4286,2381.5,2017-04-27 05:00:00,2.2857,2386.25,2017-04-27 07:27:00,False,,0.0,,True,2382.5,2017-04-27 05:01:00,0.1429
ES,2017-04-27,Thursday,RDR,2386.75,2383.25,3.5,2387.25,2383.0,4.25,True,SHORT,2017-04-27 10:45:00,2381.25,False,True,False,0.5,1.2857,1.2857,2378.75,2017-04-27 11:50:00,1.5,2388.5,2017-04-27 13:00:00,True,2017-04-27 10:50:00,0.0,1.5,True,2383.25,2017-04-27 12:44:00,0.0
ES,2017-04-28,Friday,ODR,2385.25,2383.25,2.0,2385.25,2383.25,2.0,True,LONG,2017-04-28 04:05:00,2387.0,True,False,,1.625,0.0,1.625,2388.5,2017-04-28 07:26:00,0.0,2385.5,2017-04-28 04:33:00,True,2017-04-28 04:10:00,0.0,0.0,False,,,
ES,2017-04-28,Friday,RDR,2387.5,2381.0,6.5,2388.0,2380.5,7.5,True,SHORT,2017-04-28 11:30:00,2379.75,True,True,True,0.0,0.4231,0.4231,2378.25,2017-04-28 14:12:00,0.1923,2382.25,2017-04-28 12:10:00,False,,0.1923,,True,2381.0,2017-04-28 12:00:00,0.0
ES,2017-05-01,Monday,ADR,2379.75,2377.75,2.0,2379.75,2377.75,2.0,True,LONG,2017-04-30 21:35:00,2380.75,True,False,,1.5,0.0,1.5,2382.75,2017-04-30 21:46:00,0.0,2380.5,2017-04-30 21:40:00,True,2017-04-30 21:40:00,0.0,0.0,False,,,
ES,2017-05-01,Monday,RDR,2385.5,2381.0,4.5,2385.75,2380.75,5.0,True,LONG,2017-05-01 10:45:00,2386.25,True,True,False,1.1111,0.0,1.1111,2390.5,2017-05-01 14:01:00,0.8889,2381.5,2017-05-01 12:51:00,True,2017-05-01 13:51:00,0.8889,0.1111,True,2385.5,2017-05-01 10:51:00,0.0
ES,2017-05-02,Tuesday,ODR,2386.25,2384.5,1.75,2386.5,2384.25,2.25,True,LONG,2017-05-02 08:25:00,2386.75,True,,,0.4286,0.1429,,,,,,,False,,,,False,,,
ES,2017-05-02,Tuesday,RDR,2388.25,2381.75,6.5,2388.5,2381.75,6.75,False,,,,,,,0.0,0.0,,,,,,,False,,,,False,,,
ES,2017-05-03,Wednesday,ODR,2382.75,2381.25,1.5,2382.75,2381.25,1.5,True,LONG,2017-05-03 07:20:00,2383.0,True,True,False,0.3333,0.1667,0.3333,2383.25,2017-05-03 07:35:00,0.8333,2381.5,2017-05-03 08:20:00,False,,0.0,,True,2382.75,2017-05-03 07:25:00,0.0
ES,2017-05-03,Wednesday,RDR,2382.75,2379.5,3.25,2383.25,2379.0,4.25,True,SHORT,2017-05-03 10:45:00,2378.75,False,True,False,0.9231,1.2308,1.2308,2375.5,2017-05-03 10:52:00,1.9231,2385.75,2017-05-03 15:55:00,True,2017-05-03 10:51:00,0.0,1.9231,True,2380.25,2017-05-03 11:20:00,0.2308
ES,2017-05-04,Thursday,ODR,2387.25,2384.75,2.5,2387.25,2384.5,2.75,True,LONG,2017-05-04 04:30:00,2387.5,True,True,True,1.4,0.0,1.4,2390.75,2017-05-04 07:05:00,0.1,2387.0,2017-05-04 04:38:00,True,2017-05-04 05:04:00,0.1,0.0,True,2387.25,2017-05-04 04:35:00,0.0
ES,2017-05-04,Thursday,RDR,2387.0,2381.25,5.75,2387.5,2381.25,6.25,True,SHORT,2017-05-04 12:00:00,2380.75,True,True,False,0.0,0.913,0.913,2376.0,2017-05-04 12:19:00,0.8696,2386.25,2017-05-04 15:52:00,True,2017-05-04 12:15:00,0.0435,0.8696,True,2381.25,2017-05-04 12:05:00,0.0
ES,2017-05-05,Friday,RDR,2390.25,2386.5,3.75,2391.25,2385.5,5.75,True,SHORT,2017-05-05 10:30:00,2385.25,False,True,False,1.4,0.4,0.4,2385.0,2017-05-05 10:35:00,2.4,2395.5,2017-05-05 15:59:00,False,,0.0,,True,2386.5,2017-05-05 10:37:00,0.0
ES,2017-05-08,Monday,ADR,2397.75,2394.25,3.5,2397.75,2394.25,3.5,False,,,,,,,0.0,0.0,,,,,,,False,,,,False,,,
ES,2017-05-08,Monday,ODR,2395.0,2392.5,2.5,2395.0,2392.25,2.75,True,LONG,2017-05-08 04:10:00,2395.25,True,True,False,0.9,0.0,0.9,2397.25,2017-05-08 06:40:00,1.0,2392.5,2017-05-08 05:48:00,True,2017-05-08 06:27:00,1.0,0.4,True,2395.0,2017-05-08 04:16:00,0.0
ES,2017-05-08,Monday,RDR,2396.75,2392.5,4.25,2397.5,2392.25,5.25,True,SHORT,2017-05-08 10:50:00,2391.5,True,True,False,0.0,0.6471,0.6471,2389.75,2017-05-08 11:22:00,0.6471,2395.25,2017-05-08 13:59:00,True,2017-05-08 11:22:00,0.0588,0.6471,True,2392.5,2017-05-08 11:00:00,0.0
ES,2017-05-09,Tuesday,ODR,2396.0,2393.0,3.0,2396.0,2393.0,3.0,True,LONG,2017-05-09 06:00:00,2396.25,True,True,True,0.8333,0.0,0.8333,2398.5,2017-05-09 08:25:00,0.3333,2395.0,2017-05-09 06:21:00,True,2017-05-09 06:56:00,0.3333,0.0,True,2396.0,2017-05-09 06:06:00,0.0
ES,2017-05-09,Tuesday,RDR,2399.5,2396.75,2.75,2400.0,2396.0,4.0,True,SHORT,2017-05-09 11:15:00,2395.5,True,True,True,0.0,3.0,3.0,2388.5,2017-05-09 15:43:00,0.4545,2398.0,2017-05-09 12:05:00,True,2017-05-09 11:20:00,0.4545,0.4545,True,2397.0,2017-05-09 11:31:00,0.0909
ES,2017-05-10,Wednesday,ODR,2391.5,2389.0,2.5,2391.75,2389.0,2.75,True,SHORT,2017-05-10 04:00:00,2388.25,True,True,False,0.1,0.6,0.6,2387.5,2017-05-10 04:17:00,1.1,2391.75,2017-05-10 08:19:00,True,2017-05-10 04:17:00,0.0,1.1,True,2389.0,2017-05-10 04:42:00,0.0
ES,2017-05-10,Wednesday,RDR,2392.5,2389.75,2.75,2393.0,2389.25,3.75,True,LONG,2017-05-10 11:05:00,2393.25,True,True,True,1.4545,0.0909,1.4545,2396.5,2017-05-10 15:59:00,0.0,2392.5,2017-05-10 11:10:00,True,2017-05-10 11:16:00,0.0,0.0,True,2392.5,2017-05-10 11:10:00,0.0
ES,2017-05-11,Thursday,ODR,2394.25,2393.0,1.25,2394.25,2392.75,1.5,True,SHORT,2017-05-11 05:15:00,2392.5,True,True,True,0.0,3.8,3.8,2388.25,2017-05-11 07:50:00,0.0,2393.0,2017-05-11 05:26:00,True,2017-05-11 05:41:00,0.0,0.0,True,2393.0,2017-05-11 05:26:00,0.0
ES,2017-05-11,Thursday,RDR,2392.0,2379.75,12.25,2392.0,2378.75,13.25,True,LONG,2017-05-11 14:15:00,2392.25,True,True,False,0.102,0.0612,0.102,2393.25,2017-05-11 14:22:00,0.1837,2389.75,2017-05-11 14:56:00,False,,0.0,,True,2392.0,2017-05-11 14:20:00,0.0
ES,2017-05-12,Friday,ODR,2386.75,2384.75,2.0,2387.0,2384.75,2.25,True,SHORT,2017-05-12 04:45:00,2384.5,False,True,False,0.375,0.25,0.25,2384.25,2017-05-12 05:50:00,1.375,2387.5,2017-05-12 07:29:00,False,,0.5,,True,2384.75,2017-05-12 04:51:00,0.0
ES,2017-05-12,Friday,RDR,2388.5,2385.25,3.25,2389.75,2384.75,5.0,False,,,,,,,0.3077,0.2308,,,,,,,False,,,,False,,,
ES,2017-05-15,Monday,ADR,2390.0,2388.25,1.75,2390.0,2388.25,1.75,True,LONG,2017-05-14 21:05:00,2390.25,True,True,True,1.5714,0.0,1.5714,2392.75,2017-05-14 23:30:00,0.1429,2389.75,2017-05-14 21:16:00,True,2017-05-14 21:41:00,0.1429,0.0,True,2390.0,2017-05-14 21:15:00,0.0
ES,2017-05-15,Monday,RDR,2399.5,2392.25,7.25,2399.75,2392.25,7.5,True,LONG,2017-05-15 10:50:00,2400.5,True,True,True,0.3448,0.0,0.3448,2402.0,2017-05-15 11:10:00,0.3448,2397.0,2017-05-15 14:29:00,False,,0.0,,True,2399.5,2017-05-15 11:41:00,0.0
ES,2017-05-16,Tuesday,ADR,2399.5,2397.75,1.75,2399.5,2397.75,1.75,True,SHORT,2017-05-15 21:45:00,2397.5,True,True,True,0.0,0.8571,0.8571,2396.25,2017-05-15 23:03:00,0.0,2397.75,2017-05-16 01:13:00,True,2017-05-15 22:23:00,0.0,0.0,True,2397.75,2017-05-16 01:13:00,0.0
ES,2017-05-16,Tuesday,ODR,2398.5,2397.25,1.25,2398.75,2397.0,1.75,True,LONG,2017-05-16 06:15:00,2399.0,True,True,True,2.6,0.2,2.6,2401.75,2017-05-16 07:53:00,0.4,2398.0,2017-05-16 06:34:00,True,2017-05-16 06:58:00,0.4,0.0,True,2398.5,2017-05-16 06:27:00,0.0
ES,2017-05-16,Tuesday,RDR,2404.0,2397.0,7.0,2404.25,2396.5,7.75,True,SHORT,2017-05-16 10:40:00,2394.5,True,True,False,0.0,0.4643,0.3571,2394.5,2017-05-16 10:45:00,0.5357,2400.75,2017-05-16 12:28:00,False,,0.0,,True,2397.0,2017-05-16 11:03:00,0.0
ES,2017-05-17,Wednesday,ADR,2389.75,2382.25,7.5,2390.0,2381.25,8.75,True,SHORT,2017-05-16 20:35:00,2381.0,True,True,False,0.0,0.4,0.3,2380.0,2017-05-16 20:41:00,0.4,2385.25,2017-05-16 21:26:00,False,,0.0,,True,2382.5,2017-05-16 20:46:00,0.0333
ES,2017-05-17,Wednesday,ODR,2385.0,2381.5,3.5,2385.0,2381.5,3.5,True,LONG,2017-05-17 04:10:00,2386.5,True,True,False,1.0714,0.0,1.0714,2388.75,2017-05-17 07:14:00,0.9286,2381.75,2017-05-17 08:20:00,True,2017-05-17 04:15:00,0.5714,0.9286,True,2385.0,2017-05-17 04:52:00,0.0
ES,2017-05-17,Wednesday,RDR,2383.0,2373.25,9.75,2383.25,2372.0,11.25,True,SHORT,2017-05-17 10:50:00,2369.75,True,True,True,0.0,1.8974,1.8974,2354.75,2017-05-17 15:58:00,0.1282,2374.5,2017-05-17 11:41:00,True,2017-05-17 10:55:00,0.1282,0.1282,True,2373.25,2017-05-17 11:19:00,0.0
ES,2017-05-18,Thursday,ADR,2363.0,2360.0,3.0,2363.25,2360.0,3.25,True,SHORT,2017-05-17 20:55:00,2359.5,False,True,False,0.5,0.5833,0.5833,2358.25,2017-05-17 21:07:00,1.5,2364.5,2017-05-17 22:27:00,True,2017-05-17 21:06:00,0.0,1.5,True,2360.0,2017-05-17 21:17:00,0.0
ES,2017-05-18,Thursday,ODR,2365.25,2358.5,6.75,2366.0,2357.5,8.5,True,SHORT,2017-05-18 04:15:00,2356.25,True,True,True,0.0,2.0741,2.0741,2344.5,2017-05-18 05:57:00,0.2963,2360.5,2017-05-18 04:59:00,True,2017-05-18 05:06:00,0.2963,0.0,True,2359.0,2017-05-18 04:30:00,0.0741
ES,2017-05-18,Thursday,RDR,2364.5,2354.0,10.5,2366.0,2351.5,14.5,True,LONG,2017-05-18 14:00:00,2369.0,True,True,False,0.9524,0.0,0.9524,2374.5,2017-05-18 14:32:00,0.0952,2363.5,2017-05-18 15:59:00,True,2017-05-18 14:05:00,0.0,0.0952,True,2363.5,2017-05-18 15:59:00,0.0952
ES,2017-05-19,Friday,ODR,2365.25,2363.0,2.25,2365.5,2362.75,2.75,True,LONG,2017-05-19 04:30:00,2367.0,True,False,,2.6667,0.0,2.6667,2371.25,2017-05-19 05:38:00,0.0,2367.0,2017-05-19 04:58:00,True,2017-05-19 04:35:00,0.0,0.0,False,,,
ES,2017-05-19,Friday,RDR,2380.75,2370.25,10.5,2382.0,2369.75,12.25,True,LONG,2017-05-19 11:10:00,2382.25,True,True,False,0.6667,0.0,0.6667,2387.75,2017-05-19 14:40:00,0.2619,2378.0,2017-05-19 15:30:00,True,2017-05-19 12:54:00,0.0952,0.2619,True,2380.75,2017-05-19 11:21:00,0.0
ES,2017-05-22,Monday,ODR,2384.0,2380.5,3.5,2384.75,2380.25,4.5,True,SHORT,2017-05-22 05:30:00,2380.0,True,True,False,0.0,0.6429,0.6429,2378.25,2017-05-22 05:39:00,0.8571,2383.5,2017-05-22 08:03:00,True,2017-05-22 05:37:00,0.0,0.8571,True,2380.5,2017-05-22 06:01:00,0.0
ES,2017-05-22,Monday,RDR,2390.25,2385.75,4.5,2390.75,2385.25,5.5,True,LONG,2017-05-22 12:10:00,2391.5,True,True,True,0.8333,0.1667,0.8333,2394.0,2017-05-22 15:41:00,0.1111,2389.75,2017-05-22 14:00:00,True,2017-05-22 12:15:00,0.1111,0.1111,True,2389.75,2017-05-22 14:00:00,0.1111
ES,2017-05-23,Tuesday,ADR,2389.25,2387.0,2.25,2389.5,2386.75,2.75,True,LONG,2017-05-22 22:10:00,2390.0,True,True,True,0.7778,0.0,0.7778,2391.0,2017-05-22 22:50:00,0.3333,2388.5,2017-05-23 01:52:00,True,2017-05-22 22:50:00,0.0,0.3333,True,2389.25,2017-05-23 01:23:00,0.0
ES,2017-05-23,Tuesday,ODR,2395.75,2388.25,7.5,2396.0,2388.25,7.75,True,LONG,2017-05-23 04:05:00,2397.0,True,True,True,0.2333,0.0,0.2333,2397.5,2017-05-23 04:26:00,0.1667,2394.5,2017-05-23 05:52:00,False,,0.0,,True,2395.75,2017-05-23 04:16:00,0.0
ES,2017-05-23,Tuesday,RDR,2396.25,2393.0,3.25,2397.0,2392.0,5.0,True,LONG,2017-05-23 11:25:00,2397.25,True,True,True,0.9231,0.0,0.9231,2399.25,2017-05-23 12:09:00,0.3077,2395.25,2017-05-23 12:54:00,True,2017-05-23 11:32:00,0.0,0.3077,True,2396.25,2017-05-23 12:29:00,0.0
ES,2017-05-24,Wednesday,ODR,2398.75,2395.5,3.25,2399.25,2395.25,4.0,False,,,,,,,0.0769,0.0,,,,,,,False,,,,False,,,
ES,2017-05-24,Wednesday,RDR,2400.0,2397.25,2.75,2400.0,2396.75,3.25,True,SHORT,2017-05-24 14:00:00,2396.5,False,True,False,1.3636,0.4545,0.4545,2396.0,2017-05-24 14:05:00,2.3636,2403.75,2017-05-24 15:52:00,False,,0.0,,True,2397.25,2017-05-24 14:05:00,0.0
ES,2017-05-25,Thursday,ODR,2410.5,2408.0,2.5,2411.0,2406.75,4.25,True,SHORT,2017-05-25 04:15:00,2405.75,True,True,True,0.0,1.0,1.0,2405.5,2017-05-25 04:20:00,0.9,2410.25,2017-05-25 05:35:00,True,2017-05-25 04:20:00,0.0,0.9,True,2408.0,2017-05-25 04:58:00,0.0
ES,2017-05-25,Thursday,RDR,2413.25,2406.5,6.75,2413.25,2406.0,7.25,True,LONG,2017-05-25 10:30:00,2413.75,True,True,True,0.6296,0.0,0.6296,2417.5,2017-05-25 15:46:00,0.4444,2410.25,2017-05-25 12:13:00,True,2017-05-25 15:46:00,0.4444,0.0741,True,2413.25,2017-05-25 10:39:00,0.0
ES,2017-05-26,Friday,ODR,2415.25,2411.75,3.5,2415.5,2411.75,3.75,True,SHORT,2017-05-26 04:45:00,2411.25,True,True,True,0.0714,1.0714,1.0714,2408.0,2017-05-26 08:01:00,0.1429,2412.25,2017-05-26 05:15:00,True,2017-05-26 05:53:00,0.1429,0.0,True,2411.75,2017-05-26 04:51:00,0.0
ES,2017-05-26,Friday,RDR,2414.75,2411.5,3.25,2414.75,2411.0,3.75,False,,,,,,,0.1538,0.0,,,,,,,False,,,,False,,,
ES,2017-05-30,Tuesday,ODR,2412.5,2409.75,2.75,2413.0,2409.75,3.25,True,SHORT,2017-05-30 07:00:00,2409.5,True,True,True,0.1818,0.7273,0.7273,2407.75,2017-05-30 07:59:00,0.0,2409.75,2017-05-30 07:09:00,True,2017-05-30 07:51:00,0.0,0.0,True,2409.75,2017-05-30 07:09:00,0.0
ES,2017-05-30,Tuesday,RDR,2412.5,2409.0,3.5,2413.25,2408.0,5.25,True,LONG,2017-05-30 12:20:00,2413.5,True,True,False,0.5,0.0,0.5,2414.25,2017-05-30 12:30:00,0.2857,2411.5,2017-05-30 14:37:00,True,2017-05-30 12:30:00,0.0,0.2857,True,2412.5,2017-05-30 13:24:00,0.0
ES,2017-05-31,Wednesday,ODR,2413.0,2411.25,1.75,2413.25,2411.0,2.25,True,SHORT,2017-05-31 05:15:00,2410.75,False,True,False,2.0,0.4286,0.4286,2410.5,2017-05-31 05:20:00,3.0,2416.5,2017-05-31 08:08:00,False,,0.0,,True,2411.25,2017-05-31 05:25:00,0.0
ES,2017-05-31,Wednesday,RDR,2414.75,2404.0,10.75,2415.0,2402.75,12.25,False,,,,,,,0.0,0.0233,,,,,,,False,,,,False,,,
ES,2017-06-01,Thursday,ADR,2413.25,2412.0,1.25,2413.25,2412.0,1.25,True,LONG,2017-05-31 20:30:00,2413.75,False,True,False,0.8,1.2,0.8,2414.25,2017-05-31 21:17:00,2.2,2410.5,2017-05-31 22:02:00,True,2017-05-31 21:16:00,0.4,2.2,True,2413.25,2017-05-31 20:39:00,0.0
ES,2017-06-01,Thursday,ODR,2413.25,2412.25,1.0,2413.5,2411.5,2.0,True,LONG,2017-06-01 04:15:00,2414.0,False,True,True,1.25,1.0,1.25,2414.5,2017-06-01 08:23:00,2.0,2411.25,2017-06-01 07:46:00,True,2017-06-01 04:20:00,2.0,2.0,True,2413.25,2017-06-01 05:10:00,0.0
ES,2017-06-01,Thursday,RDR,2416.75,2413.5,3.25,2417.25,2412.5,4.75,True,LONG,2017-06-01 11:50:00,2419.0,True,False,,3.7692,0.0769,3.7692,2429.0,2017-06-01 15:59:00,0.0,2419.0,2017-06-01 11:55:00,True,2017-06-01 11:55:00,0.0,0.0,False,,,
ES,2017-06-02,Friday,ODR,2435.5,2433.0,2.5,2435.75,2433.0,2.75,True,SHORT,2017-06-02 04:05:00,2432.5,False,True,False,0.6,0.3,0.3,2432.25,2017-06-02 04:11:00,1.6,2437.0,2017-06-02 06:59:00,False,,0.0,,True,2433.0,2017-06-02 04:11:00,0.0
ES,2017-06-02,Friday,RDR,2432.0,2428.25,3.75,2433.0,2427.0,6.0,True,LONG,2017-06-02 10:50:00,2433.25,True,True,True,2.0,0.0,2.0,2439.5,2017-06-02 15:38:00,0.0,2432.0,2017-06-02 11:11:00,True,2017-06-02 11:37:00,0.0,0.0,True,2432.0,2017-06-02 11:11:00,0.0
ES,2017-06-05,Monday,ADR,2434.25,2433.25,1.0,2434.5,2433.0,1.5,True,LONG,2017-06-04 21:40:00,2434.75,True,True,True,2.0,0.0,2.0,2436.25,2017-06-05 01:57:00,0.0,2434.25,2017-06-04 21:57:00,True,2017-06-04 21:45:00,0.0,0.0,True,2434.25,2017-06-04 21:57:00,0.0
ES,2017-06-05,Monday,ODR,2436.0,2434.75,1.25,2436.25,2434.75,1.5,True,LONG,2017-06-05 04:40:00,2436.5,False,True,False,1.0,0.4,1.0,2437.25,2017-06-05 05:21:00,1.4,2434.25,2017-06-05 08:11:00,True,2017-06-05 05:17:00,0.4,1.4,True,2435.75,2017-06-05 04:54:00,0.2
ES,2017-06-05,Monday,RDR,2438.0,2434.25,3.75,2438.75,2433.5,5.25,False,,,,,,,0.1333,0.0,,,,,,,False,,,,False,,,
ES,2017-06-06,Tuesday,ODR,2431.5,2429.5,2.0,2432.0,2429.5,2.5,True,LONG,2017-06-06 04:40:00,2432.5,False,True,False,0.625,1.625,0.625,2432.75,2017-06-06 04:45:00,2.625,2426.25,2017-06-06 07:35:00,True,2017-06-06 04:45:00,0.0,2.625,True,2431.5,2017-06-06 05:05:00,0.0
ES,2017-06-06,Tuesday,RDR,2433.0,2427.75,5.25,2434.0,2427.0,7.0,True,LONG,2017-06-06 14:30:00,2434.25,True,True,False,0.4762,0.0,0.4762,2435.5,2017-06-06 14:35:00,1.0,2427.75,2017-06-06 15:34:00,False,,0.0,,True,2432.25,2017-06-06 15:11:00,0.1429
ES,2017-06-07,Wednesday,ADR,2431.75,2430.25,1.5,2431.75,2430.25,1.5,True,LONG,2017-06-06 21:05:00,2432.25,True,True,True,0.8333,0.0,0.8333,2433.0,2017-06-07 00:35:00,0.1667,2431.5,2017-06-06 21:20:00,True,2017-06-06 21:13:00,0.1667,0.1667,True,2431.75,2017-06-06 21:15:00,0.0
ES,2017-06-07,Wednesday,ODR,2431.5,2428.5,3.0,2431.5,2428.25,3.25,True,LONG,2017-06-07 06:15:00,2431.75,True,True,False,0.4167,0.0,0.4167,2432.75,2017-06-07 08:00:00,0.4167,2430.25,2017-06-07 07:35:00,False,,0.4167,,True,2431.5,2017-06-07 06:22:00,0.0
ES,2017-06-07,Wednesday,RDR,2433.75,2430.75,3.0,2434.25,2430.75,3.5,True,SHORT,2017-06-07 10:30:00,2430.0,False,True,False,0.3333,2.25,2.25,2424.0,2017-06-07 12:51:00,1.3333,2434.75,2017-06-07 15:45:00,True,2017-06-07 10:35:00,0.3333,1.3333,True,2431.0,2017-06-07 11:04:00,0.0833
ES,2017-06-08,Thursday,ODR,2434.75,2433.0,1.75,2435.0,2432.75,2.25,True,SHORT,2017-06-08 04:10:00,2432.5,False,True,False,1.0,0.2857,0.2857,2432.5,2017-06-08 04:16:00,2.0,2436.5,2017-06-08 06:52:00,False,,0.0,,True,2433.0,2017-06-08 04:19:00,0.0
ES,2017-06-08,Thursday,RDR,2434.75,2428.75,6.0,2435.75,2427.25,8.5,True,LONG,2017-06-08 12:15:00,2437.75,False,True,False,0.6667,0.1667,0.6667,2438.75,2017-06-08 12:21:00,1.1667,2427.75,2017-06-08 14:54:00,True,2017-06-08 12:20:00,0.0,1.1667,True,2434.25,2017-06-08 13:21:00,0.0833
ES,2017-06-09,Friday,ADR,2430.0,2427.5,2.5,2430.0,2427.25,2.75,True,LONG,2017-06-08 20:35:00,2430.25,True,True,True,2.5,0.0,2.5,2436.25,2017-06-08 22:30:00,0.1,2429.75,2017-06-08 20:44:00,True,2017-06-08 21:06:00,0.1,0.0,True,2430.0,2017-06-08 20:43:00,0.0
ES,2017-06-09,Friday,ODR,2437.75,2434.0,3.75,2438.0,2433.5,4.5,False,,,,,,,0.0,0.1333,,,,,,,False,,,,False,,,
ES,2017-06-09,Friday,RDR,2444.5,2436.5,8.0,2444.5,2436.0,8.5,True,LONG,2017-06-09 11:05:00,2445.25,False,True,False,0.1562,2.7188,0.0938,2445.25,2017-06-09 11:11:00,3.7188,2414.75,2017-06-09 14:50:00,False,,0.0,,True,2444.5,2017-06-09 11:14:00,0.0
ES,2017-06-12,Monday,ODR,2428.0,2425.5,2.5,2428.25,2425.25,3.0,True,SHORT,2017-06-12 04:15:00,2424.75,True,True,False,0.0,1.4,1.4,2422.0,2017-06-12 05:42:00,0.6,2427.0,2017-06-12 08:26:00,True,2017-06-12 04:21:00,0.0,0.6,True,2425.5,2017-06-12 05:22:00,0.0
ES,2017-06-12,Monday,RDR,2428.5,2420.75,7.75,2429.5,2419.0,10.5,False,,,,,,,0.0645,0.0968,,,,,,,False,,,,False,,,
ES,2017-06-13,Tuesday,ODR,2435.25,2432.25,3.0,2435.5,2432.25,3.25,True,SHORT,2017-06-13 07:25:00,2432.0,True,True,False,0.0,0.1667,0.1667,2431.75,2017-06-13 08:01:00,0.3333,2433.25,2017-06-13 08:28:00,False,,0.0833,,True,2432.5,2017-06-13 07:30:00,0.0833
ES,2017-06-13,Tuesday,RDR,2437.75,2434.25,3.5,2437.75,2434.0,3.75,True,SHORT,2017-06-13 10:50:00,2433.75,False,True,False,1.0,0.9286,0.9286,2431.0,2017-06-13 11:00:00,2.0,2441.25,2017-06-13 15:37:00,True,2017-06-13 10:59:00,0.0714,2.0,True,2434.5,2017-06-13 10:55:00,0.0714
ES,2017-06-14,Wednesday,ODR,2440.5,2438.75,1.75,2440.75,2438.5,2.25,True,LONG,2017-06-14 04:15:00,2441.0,True,True,True,2.1429,0.0,2.1429,2444.25,2017-06-14 07:42:00,0.2857,2440.0,2017-06-14 04:57:00,True,2017-06-14 04:21:00,0.2857,0.2857,True,2440.25,2017-06-14 04:56:00,0.1429
ES,2017-06-14,Wednesday,RDR,2443.5,2438.25,5.25,2443.75,2437.25,6.5,True,SHORT,2017-06-14 10:45:00,2437.0,True,True,True,0.0,2.0,2.0,2427.75,2017-06-14 15:11:00,0.8571,2442.75,2017-06-14 14:06:00,True,2017-06-14 10:56:00,0.8571,0.8571,True,2438.25,2017-06-14 10:51:00,0.0
ES,2017-06-15,Thursday,ADR,2434.5,2429.75,4.75,2434.5,2429.25,5.25,False,,,,,,,0.1053,0.1053,,,,,,,False,,,,False,,,
ES,2017-06-15,Thursday,ODR,2431.25,2425.75,5.5,2431.5,2425.5,6.0,True,SHORT,2017-06-15 04:55:00,2424.25,True,True,True,0.0,1.3636,1.3636,2418.25,2017-06-15 06:17:00,0.2273,2427.0,2017-06-15 05:22:00,True,2017-06-15 05:51:00,0.2273,0.0,True,2425.75,2017-06-15 05:10:00,0.0
ES,2017-06-15,Thursday,RDR,2425.25,2418.75,6.5,2427.0,2418.25,8.75,True,LONG,2017-06-15 11:25:00,2429.0,True,True,True,1.3077,0.0,1.3077,2433.75,2017-06-15 15:26:00,0.0385,2425.0,2017-06-15 12:25:00,True,2017-06-15 11:30:00,0.0385,0.0385,True,2425.0,2017-06-15 12:25:00,0.0385
ES,2017-06-16,Friday,ODR,2436.25,2434.5,1.75,2436.5,2434.25,2.25,True,SHORT,2017-06-16 04:55:00,2433.75,True,True,True,0.0,0.7143,0.7143,2433.25,2017-06-16 08:14:00,0.8571,2436.0,2017-06-16 05:14:00,True,2017-06-16 08:11:00,0.8571,0.0,True,2434.5,2017-06-16 05:05:00,0.0
ES,2017-06-16,Friday,RDR,2432.0,2422.75,9.25,2432.0,2421.25,10.75,True,SHORT,2017-06-16 10:50:00,2420.5,True,True,False,0.0,0.2703,0.2703,2420.25,2017-06-16 10:55:00,0.8649,2430.75,2017-06-16 15:59:00,False,,0.0,,True,2422.75,2017-06-16 11:00:00,0.0
ES,2017-06-19,Monday,ODR,2440.0,2437.5,2.5,2440.0,2437.5,2.5,True,SHORT,2017-06-19 05:40:00,2436.75,True,True,False,0.0,0.3,0.3,2436.75,2017-06-19 05:47:00,0.8,2439.5,2017-06-19 08:05:00,False,,0.0,,True,2437.5,2017-06-19 05:52:00,0.0
ES,2017-06-19,Monday,RDR,2447.5,2439.25,8.25,2447.75,2438.5,9.25,True,LONG,2017-06-19 12:15:00,2448.25,True,True,True,0.4242,0.0,0.4242,2451.0,2017-06-19 15:54:00,0.2424,2445.5,2017-06-19 14:51:00,False,,0.2424,,True,2447.0,2017-06-19 12:31:00,0.0606
ES,2017-06-20,Tuesday,ODR,2449.5,2448.0,1.5,2449.5,2447.75,1.75,True,SHORT,2017-06-20 06:00:00,2447.5,True,True,True,0.0,2.0,2.0,2445.0,2017-06-20 08:23:00,0.3333,2448.5,2017-06-20 06:33:00,True,2017-06-20 07:17:00,0.3333,0.1667,True,2448.0,2017-06-20 06:24:00,0.0
ES,2017-06-20,Tuesday,RDR,2446.0,2442.0,4.0,2446.25,2441.25,5.0,True,SHORT,2017-06-20 12:15:00,2440.75,True,True,True,0.0,2.0,2.0,2434.0,2017-06-20 15:47:00,0.125,2442.5,2017-06-20 13:24:00,True,2017-06-20 12:22:00,0.125,0.125,True,2442.0,2017-06-20 13:00:00,0.0
ES,2017-06-21,Wednesday,ADR,2436.75,2434.0,2.75,2437.25,2434.0,3.25,True,SHORT,2017-06-20 20:30:00,2433.0,True,True,True,0.0,0.6364,0.6364,2432.25,2017-06-20 23:23:00,0.6364,2435.75,2017-06-20 22:09:00,True,2017-06-20 23:23:00,0.6364,0.3636,True,2434.25,2017-06-20 20:49:00,0.0909
ES,2017-06-21,Wednesday,ODR,2434.0,2429.75,4.25,2434.25,2429.25,5.0,True,LONG,2017-06-21 06:55:00,2434.5,True,True,True,0.6471,0.2353,0.6471,2436.75,2017-06-21 08:27:00,0.4706,2432.0,2017-06-21 07:25:00,True,2017-06-21 08:25:00,0.4706,0.0,True,2434.0,2017-06-21 07:03:00,0.0
ES,2017-06-21,Wednesday,RDR,2438.0,2434.5,3.5,2438.0,2434.25,3.75,True,LONG,2017-06-21 10:40:00,2439.0,False,True,False,0.5,1.9286,0.3571,2439.25,2017-06-21 10:51:00,2.9286,2427.75,2017-06-21 13:56:00,False,,0.0,,True,2438.0,2017-06-21 10:48:00,0.0
ES,2017-06-22,Thursday,ADR,2431.25,2430.25,1.0,2431.25,2430.0,1.25,True,SHORT,2017-06-21 21:15:00,2429.75,False,True,False,2.5,1.0,0.75,2429.5,2017-06-21 21:21:00,3.5,2433.75,2017-06-21 23:48:00,True,2017-06-21 21:21:00,0.0,3.5,True,2430.5,2017-06-21 21:28:00,0.25
ES,2017-06-22,Thursday,ODR,2432.5,2428.75,3.75,2432.5,2428.5,4.0,True,SHORT,2017-06-22 05:25:00,2428.25,False,True,False,0.1333,0.2,0.2,2428.0,2017-06-22 05:30:00,1.1333,2433.0,2017-06-22 07:26:00,False,,0.0,,True,2428.75,2017-06-22 05:31:00,0.0
ES,2017-06-22,Thursday,RDR,2433.0,2430.0,3.0,2433.75,2430.0,3.75,True,LONG,2017-06-22 10:45:00,2435.0,True,True,False,1.9167,0.0,1.9167,2438.75,2017-06-22 13:06:00,0.5,2431.5,2017-06-22 15:56:00,True,2017-06-22 10:50:00,0.0,0.5,True,2433.0,2017-06-22 15:41:00,0.0
ES,2017-06-23,Friday,ODR,2435.25,2434.0,1.25,2435.75,2433.75,2.0,True,LONG,2017-06-23 04:30:00,2436.0,False,True,False,1.0,3.2,0.8,2436.25,2017-06-23 04:36:00,4.2,2430.0,2017-06-23 06:24:00,True,2017-06-23 04:36:00,0.0,4.2,True,2435.25,2017-06-23 04:49:00,0.0
ES,2017-06-23,Friday,RDR,2433.0,2429.25,3.75,2433.5,2428.25,5.25,True,LONG,2017-06-23 10:30:00,2435.5,True,True,True,1.4667,0.0,1.4667,2438.5,2017-06-23 12:33:00,0.5333,2431.0,2017-06-23 15:28:00,True,2017-06-23 10:35:00,0.0,0.5333,True,2432.5,2017-06-23 15:02:00,0.1333
ES,2017-06-26,Monday,ODR,2440.75,2437.75,3.0,2441.0,2437.5,3.5,True,LONG,2017-06-26 07:20:00,2441.25,True,True,True,0.5,0.0,0.5,2442.25,2017-06-26 08:05:00,0.0,2440.75,2017-06-26 07:30:00,True,2017-06-26 08:05:00,0.0,0.0,True,2440.75,2017-06-26 07:30:00,0.0
ES,2017-06-26,Monday,RDR,2447.0,2442.5,4.5,2447.25,2442.0,5.25,True,SHORT,2017-06-26 10:35:00,2440.0,True,False,,0.0,1.9444,1.9444,2433.75,2017-06-26 11:05:00,0.0,2441.25,2017-06-26 12:52:00,True,2017-06-26 10:40:00,0.0,0.0,False,,,
ES,2017-06-27,Tuesday,ODR,2434.5,2432.5,2.0,2434.75,2432.5,2.25,True,SHORT,2017-06-27 04:00:00,2432.25,False,True,False,0.75,1.25,1.25,2430.0,2017-06-27 04:25:00,1.75,2436.0,2017-06-27 05:20:00,True,2017-06-27 04:23:00,0.625,1.75,True,2432.5,2017-06-27 04:05:00,0.0
ES,2017-06-27,Tuesday,RDR,2433.5,2429.5,4.0,2434.25,2429.25,5.0,True,LONG,2017-06-27 10:40:00,2436.0,False,True,False,0.875,3.25,0.875,2437.0,2017-06-27 11:08:00,4.25,2416.5,2017-06-27 15:59:00,True,2017-06-27 10:45:00,0.0,4.25,True,2433.5,2017-06-27 12:31:00,0.0
ES,2017-06-28,Wednesday,ADR,2419.25,2417.25,2.0,2419.25,2417.25,2.0,True,LONG,2017-06-27 21:05:00,2419.5,False,True,False,0.625,1.0,0.625,2420.5,2017-06-27 21:24:00,2.0,2415.25,2017-06-27 22:33:00,True,2017-06-27 21:23:00,0.0,2.0,True,2419.25,2017-06-27 21:10:00,0.0
ES,2017-06-28,Wednesday,ODR,2419.75,2416.75,3.0,2420.0,2416.5,3.5,True,SHORT,2017-06-28 04:05:00,2415.5,False,True,False,3.0833,1.0,1.0,2413.75,2017-06-28 04:23:00,4.0833,2429.0,2017-06-28 08:18:00,True,2017-06-28 04:11:00,0.0,4.0833,True,2417.0,2017-06-28 04:42:00,0.0833
ES,2017-06-28,Wednesday,RDR,2431.25,2425.75,5.5,2431.75,2425.5,6.25,True,LONG,2017-06-28 10:30:00,2432.5,True,True,True,1.6364,0.0,1.6364,2440.25,2017-06-28 13:37:00,0.0,2431.25,2017-06-28 10:39:00,True,2017-06-28 10:43:00,0.0,0.0,True,2431.25,2017-06-28 10:39:00,0.0
ES,2017-06-29,Thursday,ODR,2444.5,2441.5,3.0,2444.75,2441.0,3.75,True,SHORT,2017-06-29 04:05:00,2440.75,True,True,True,0.0,0.8333,0.8333,2439.0,2017-06-29 06:13:00,1.0,2444.5,2017-06-29 07:52:00,True,2017-06-29 05:42:00,0.25,1.0,True,2441.5,2017-06-29 04:17:00,0.0
ES,2017-06-29,Thursday,RDR,2440.0,2427.5,12.5,2440.25,2426.0,14.25,True,SHORT,2017-06-29 11:10:00,2425.0,True,False,,0.0,2.02,2.02,2402.25,2017-06-29 13:29:00,0.0,2425.25,2017-06-29 11:15:00,True,2017-06-29 11:28:00,0.0,0.0,False,,,
ES,2017-06-30,Friday,ADR,2421.0,2419.25,1.75,2421.0,2419.0,2.0,True,SHORT,2017-06-29 21:05:00,2418.5,False,True,False,0.1429,1.0,1.0,2417.5,2017-06-29 21:15:00,1.1429,2421.25,2017-06-29 21:41:00,True,2017-06-29 21:10:00,0.0,1.1429,True,2419.25,2017-06-29 21:30:00,0.0
ES,2017-06-30,Friday,ODR,2419.75,2415.25,4.5,2420.25,2415.0,5.25,True,LONG,2017-06-30 04:55:00,2420.5,True,False,,1.5556,0.0,1.5556,2426.75,2017-06-30 07:21:00,0.0,2420.0,2017-06-30 05:01:00,True,2017-06-30 05:19:00,0.0,0.0,False,,,
ES,2017-06-30,Friday,RDR,2427.63,2419.5,8.13000000000011,2428.13,2418.5,9.63000000000011,True,LONG,2017-06-30 15:45:00,2429.0,True,True,False,0.246,0.123,0.1378,2428.75,2017-06-30 15:50:00,0.9692,2419.75,2017-06-30 15:59:00,False,,0.016,,True,2427.5,2017-06-30 15:50:00,0.016
ES,2017-07-03,Monday,ADR,2426.0,2424.0,2.0,2426.75,2423.75,3.0,True,LONG,2017-07-02 22:00:00,2427.25,True,True,True,0.625,0.25,0.625,2427.25,2017-07-02 22:07:00,0.125,2425.75,2017-07-03 00:41:00,True,2017-07-02 22:07:00,0.0,0.125,True,2426.0,2017-07-02 22:31:00,0.0
ES,2017-07-03,Monday,ODR,2429.5,2425.63,3.869999999999891,2429.5,2425.5,4.0,True,LONG,2017-07-03 04:35:00,2429.75,True,True,False,0.1292,0.0,0.1292,2430.0,2017-07-03 04:40:00,0.5814,2427.25,2017-07-03 06:08:00,False,,0.0,,True,2429.5,2017-07-03 04:40:00,0.0
ES,2017-07-03,Monday,RDR,2436.25,2431.38,4.869999999999891,2436.5,2431.25,5.25,True,SHORT,2017-07-03 12:05:00,2429.0,True,False,,0.0,1.9261,1.9261,2422.0,2017-07-03 13:10:00,0.0,2430.75,2017-07-03 12:52:00,True,2017-07-03 12:10:00,0.0,0.0,False,,,
ES,2017-07-04,Tuesday,ADR,2427.25,2425.0,2.25,2427.25,2424.75,2.5,True,SHORT,2017-07-03 20:55:00,2424.5,True,True,True,0.0,0.8889,0.8889,2423.0,2017-07-04 01:40:00,0.7778,2426.75,2017-07-03 22:10:00,True,2017-07-03 21:00:00,0.7778,0.7778,True,2425.0,2017-07-03 21:16:00,0.0
ES,2017-07-04,Tuesday,ODR,2429.0,2423.0,6.0,2430.0,2422.0,8.0,True,LONG,2017-07-04 04:20:00,2430.25,True,True,True,0.355,0.0,0.355,2431.13,2017-07-04 05:41:00,0.2917,2427.25,2017-07-04 04:52:00,False,,0.2917,,True,2429.0,2017-07-04 04:38:00,0.0
ES,2017-07-04,Tuesday,RDR,2430.0,2428.0,2.0,2430.0,2427.75,2.25,True,SHORT,2017-07-04 11:30:00,2427.13,True,False,,0.0,2.25,2.25,2423.5,2017-07-04 12:29:00,0.0,2427.13,2017-07-04 11:35:00,True,2017-07-04 11:35:00,0.0,0.0,False,,,
ES,2017-07-05,Wednesday,ODR,2428.5,2424.5,4.0,2428.63,2424.5,4.130000000000109,True,SHORT,2017-07-05 04:25:00,2423.75,False,True,False,0.125,0.5,0.5,2422.5,2017-07-05 04:44:00,1.125,2429.0,2017-07-05 08:29:00,True,2017-07-05 04:44:00,0.0,1.125,True,2424.5,2017-07-05 04:34:00,0.0
ES,2017-07-05,Wednesday,RDR,2428.63,2420.0,8.63000000000011,2429.25,2419.0,10.25,True,LONG,2017-07-05 13:05:00,2429.5,True,True,True,0.4056,0.0,0.4056,2432.13,2017-07-05 14:40:00,0.2468,2426.5,2017-07-05 15:04:00,False,,0.2178,,True,2428.5,2017-07-05 13:51:00,0.0151
ES,2017-07-06,Thursday,ODR,2426.75,2423.75,3.0,2427.0,2423.5,3.5,True,SHORT,2017-07-06 05:20:00,2422.0,True,False,,0.0,2.5833,2.5833,2416.0,2017-07-06 06:20:00,0.0,2422.25,2017-07-06 05:26:00,True,2017-07-06 05:25:00,0.0,0.0,False,,,
ES,2017-07-06,Thursday,RDR,2421.25,2412.0,9.25,2422.0,2410.25,11.75,True,SHORT,2017-07-06 15:10:00,2410.0,True,False,,0.0,0.7297,0.7297,2405.25,2017-07-06 15:44:00,0.0,2411.5,2017-07-06 15:18:00,True,2017-07-06 15:33:00,0.0,0.0,False,,,
ES,2017-07-07,Friday,ADR,2410.5,2408.75,1.75,2410.75,2408.75,2.0,True,LONG,2017-07-06 22:25:00,2411.0,True,True,False,0.4286,0.0,0.4286,2411.25,2017-07-06 22:30:00,1.0,2408.75,2017-07-07 00:27:00,False,,0.0,,True,2410.5,2017-07-06 22:34:00,0.0
ES,2017-07-07,Friday,ODR,2411.13,2408.0,3.130000000000109,2411.5,2407.5,4.0,False,,,,,,,0.0383,0.0,,,,,,,False,,,,False,,,
ES,2017-07-07,Friday,RDR,2416.75,2413.25,3.5,2417.5,2412.0,5.5,True,LONG,2017-07-07 11:25:00,2419.0,True,False,,2.2857,0.0,2.2857,2424.75,2017-07-07 13:32:00,0.0,2419.0,2017-07-07 11:32:00,True,2017-07-07 11:30:00,0.0,0.0,False,,,
ES,2017-07-10,Monday,ODR,2426.5,2425.25,1.25,2427.25,2425.25,2.0,True,SHORT,2017-07-10 05:20:00,2425.0,True,True,True,0.6,2.0,2.0,2422.75,2017-07-10 07:27:00,1.0,2426.5,2017-07-10 06:23:00,True,2017-07-10 05:28:00,1.0,1.0,True,2425.25,2017-07-10 05:25:00,0.0
ES,2017-07-10,Monday,RDR,2424.0,2419.88,4.119999999999891,2424.0,2419.25,4.75,True,LONG,2017-07-10 10:40:00,2424.5,True,True,True,1.3956,0.0,1.3956,2429.75,2017-07-10 15:41:00,0.0,2424.0,2017-07-10 10:45:00,True,2017-07-10 10:58:00,0.0,0.0,True,2424.0,2017-07-10 10:45:00,0.0
ES,2017-07-11,Tuesday,ODR,2427.25,2424.0,3.25,2427.5,2423.75,3.75,True,SHORT,2017-07-11 04:00:00,2423.25,True,True,True,0.0,0.8462,0.8462,2421.25,2017-07-11 07:33:00,0.1538,2424.5,2017-07-11 04:38:00,True,2017-07-11 06:03:00,0.1538,0.0,True,2424.0,2017-07-11 04:21:00,0.0
ES,2017-07-11,Tuesday,RDR,2424.75,2420.75,4.0,2424.75,2420.5,4.25,True,LONG,2017-07-11 10:35:00,2425.25,False,True,False,0.5625,2.625,0.5625,2427.0,2017-07-11 15:31:00,3.625,2410.25,2017-07-11 11:26:00,True,2017-07-11 15:31:00,3.625,0.4375,True,2424.75,2017-07-11 10:42:00,0.0
ES,2017-07-12,Wednesday,ADR,2425.5,2424.25,1.25,2425.5,2424.25,1.25,True,SHORT,2017-07-11 20:55:00,2423.5,True,True,True,0.0,1.4,1.4,2422.5,2017-07-11 21:02:00,0.0,2424.25,2017-07-11 21:18:00,True,2017-07-11 21:01:00,0.0,0.0,True,2424.25,2017-07-11 21:18:00,0.0
ES,2017-07-12,Wednesday,ODR,2425.5,2423.5,2.0,2425.5,2423.25,2.25,True,LONG,2017-07-12 05:25:00,2425.75,True,True,True,1.875,0.0,1.875,2429.25,2017-07-12 07:26:00,0.125,2425.25,2017-07-12 05:33:00,True,2017-07-12 05:46:00,0.125,0.0,True,2425.5,2017-07-12 05:30:00,0.0
ES,2017-07-12,Wednesday,RDR,2441.25,2434.75,6.5,2442.63,2434.75,7.880000000000109,True,LONG,2017-07-12 14:25:00,2442.75,True,True,False,0.3462,0.0,0.3462,2443.5,2017-07-12 15:07:00,0.1538,2440.25,2017-07-12 15:59:00,False,,0.0,,True,2441.13,2017-07-12 15:33:00,0.0185
ES,2017-07-13,Thursday,ODR,2444.75,2441.88,2.869999999999891,2444.75,2441.5,3.25,True,LONG,2017-07-13 04:45:00,2445.0,False,True,False,0.6098,0.3066,0.6098,2446.5,2017-07-13 05:03:00,1.3066,2441.0,2017-07-13 07:37:00,True,2017-07-13 05:03:00,0.0871,1.3066,True,2444.75,2017-07-13 04:50:00,0.0
ES,2017-07-13,Thursday,RDR,2444.63,2440.0,4.630000000000109,2444.75,2439.5,5.25,True,LONG,2017-07-13 11:50:00,2445.25,True,True,True,0.4579,0.216,0.4579,2446.75,2017-07-13 15:47:00,0.3521,2443.0,2017-07-13 14:06:00,False,,0.3521,,True,2444.5,2017-07-13 12:02:00,0.0281
ES,2017-07-14,Friday,ODR,2444.25,2443.0,1.25,2444.25,2442.5,1.75,True,SHORT,2017-07-14 05:30:00,2442.25,False,True,False,0.8,0.8,0.8,2442.0,2017-07-14 05:38:00,1.8,2445.25,2017-07-14 08:26:00,True,2017-07-14 05:38:00,0.0,1.8,True,2443.0,2017-07-14 05:50:00,0.0
ES,2017-07-14,Friday,RDR,2449.38,2445.25,4.130000000000109,2450.0,2444.25,5.75,True,LONG,2017-07-14 12:25:00,2450.75,True,False,,2.8136,0.0,2.8136,2461.0,2017-07-14 15:40:00,0.0,2450.75,2017-07-14 12:35:00,True,2017-07-14 12:39:00,0.0,0.0,False,,,
ES,2017-07-17,Monday,ODR,2458.75,2456.75,2.0,2458.75,2456.75,2.0,True,SHORT,2017-07-17 04:05:00,2456.25,True,True,False,0.0,1.375,1.375,2454.0,2017-07-17 05:17:00,0.875,2458.5,2017-07-17 06:20:00,True,2017-07-17 05:02:00,0.19,0.875,True,2456.75,2017-07-17 04:30:00,0.0
ES,2017-07-17,Monday,RDR,2458.5,2455.38,3.119999999999891,2458.75,2454.25,4.5,True,LONG,2017-07-17 10:55:00,2459.0,True,True,False,0.5609,0.1218,0.5609,2460.25,2017-07-17 13:12:00,1.1218,2455.0,2017-07-17 15:27:00,True,2017-07-17 13:12:00,0.7212,1.1218,True,2458.5,2017-07-17 11:08:00,0.0
ES,2017-07-18,Tuesday,ODR,2457.0,2455.25,1.75,2457.0,2455.25,1.75,True,LONG,2017-07-18 04:15:00,2457.5,True,True,False,1.8571,0.0,1.8571,2460.25,2017-07-18 04:37:00,1.0,2455.25,2017-07-18 08:24:00,True,2017-07-18 04:25:00,0.0,1.0,True,2457.0,2017-07-18 06:40:00,0.0
ES,2017-07-18,Tuesday,RDR,2454.0,2450.0,4.0,2454.5,2450.0,4.5,True,SHORT,2017-07-18 10:40:00,2448.25,False,True,False,1.0625,0.5625,0.5625,2447.75,2017-07-18 10:45:00,2.0625,2458.25,2017-07-18 15:35:00,True,2017-07-18 10:45:00,0.0,2.0625,True,2450.0,2017-07-18 10:50:00,0.0
ES,2017-07-19,Wednesday,ODR,2459.75,2458.5,1.25,2459.75,2458.5,1.25,True,LONG,2017-07-19 08:25:00,2460.75,True,,,1.0,0.2,,,,,,,False,,,,False,,,
ES,2017-07-19,Wednesday,RDR,2466.0,2461.25,4.75,2466.0,2461.25,4.75,True,LONG,2017-07-19 12:00:00,2466.63,True,False,,1.0,0.0,1.0,2470.75,2017-07-19 15:27:00,0.0,2466.25,2017-07-19 12:11:00,True,2017-07-19 13:49:00,0.0,0.0,False,,,
ES,2017-07-20,Thursday,ODR,2473.5,2471.0,2.5,2473.75,2471.0,2.75,True,LONG,2017-07-20 08:15:00,2474.75,True,False,,0.9,0.0,0.9,2475.75,2017-07-20 08:23:00,0.0,2474.5,2017-07-20 08:20:00,True,2017-07-20 08:20:00,0.0,0.0,False,,,
ES,2017-07-20,Thursday,RDR,2474.0,2470.75,3.25,2475.0,2470.0,5.0,True,SHORT,2017-07-20 10:30:00,2468.5,True,True,False,0.1538,1.6154,1.6154,2465.5,2017-07-20 10:40:00,1.1538,2474.5,2017-07-20 15:32:00,True,2017-07-20 10:35:00,0.0,1.1538,True,2470.75,2017-07-20 10:54:00,0.0
ES,2017-07-21,Friday,ODR,2472.5,2471.13,1.3699999999998909,2472.5,2471.13,1.3699999999998909,True,LONG,2017-07-21 04:10:00,2473.0,False,True,False,1.8248,1.3723,1.8248,2475.0,2017-07-21 05:10:00,2.3723,2469.25,2017-07-21 06:46:00,True,2017-07-21 04:15:00,0.0,2.3723,True,2472.5,2017-07-21 05:55:00,0.0
ES,2017-07-21,Friday,RDR,2467.25,2463.63,3.619999999999891,2467.25,2462.75,4.5,True,LONG,2017-07-21 11:55:00,2468.0,True,True,True,0.7597,0.0359,0.7597,2470.0,2017-07-21 15:59:00,0.4144,2465.75,2017-07-21 15:27:00,True,2017-07-21 13:05:00,0.4144,0.4144,True,2467.25,2017-07-21 12:19:00,0.0
ES,2017-07-24,Monday,ADR,2469.5,2465.5,4.0,2469.5,2465.5,4.0,True,SHORT,2017-07-23 21:15:00,2464.5,True,True,False,0.0,0.4375,0.4375,2463.75,2017-07-23 21:21:00,0.4375,2467.25,2017-07-24 01:30:00,False,,0.0,,True,2465.5,2017-07-23 21:48:00,0.0
ES,2017-07-24,Monday,ODR,2466.5,2464.5,2.0,2467.5,2464.5,3.0,True,SHORT,2017-07-24 05:15:00,2463.75,False,True,False,1.625,0.5,0.5,2463.5,2017-07-24 05:21:00,2.625,2469.75,2017-07-24 08:26:00,True,2017-07-24 05:21:00,0.0,2.625,True,2464.5,2017-07-24 05:31:00,0.0
ES,2017-07-24,Monday,RDR,2469.0,2465.25,3.75,2469.25,2464.75,4.5,True,SHORT,2017-07-24 11:10:00,2464.5,False,True,False,0.3333,0.4667,0.4667,2463.5,2017-07-24 11:26:00,1.3333,2470.25,2017-07-24 15:42:00,False,,0.0,,True,2465.25,2017-07-24 11:30:00,0.0
ES,2017-07-25,Tuesday,ODR,2468.75,2466.88,1.8699999999998909,2468.75,2466.75,2.0,True,LONG,2017-07-25 04:05:00,2469.25,True,True,True,3.6096,0.0,3.6096,2475.5,2017-07-25 08:20:00,0.1337,2468.5,2017-07-25 04:42:00,True,2017-07-25 04:49:00,0.1337,0.0,True,2468.75,2017-07-25 04:38:00,0.0
ES,2017-07-25,Tuesday,RDR,2477.88,2473.0,4.880000000000109,2478.0,2472.25,5.75,True,LONG,2017-07-25 12:00:00,2478.5,True,True,False,0.1783,0.0,0.1783,2478.75,2017-07-25 12:06:00,0.8463,2473.75,2017-07-25 15:24:00,False,,0.0,,True,2477.75,2017-07-25 12:09:00,0.0266
ES,2017-07-26,Wednesday,ADR,2475.5,2474.5,1.0,2475.5,2474.5,1.0,True,SHORT,2017-07-25 20:55:00,2474.25,True,True,True,0.0,2.5,2.5,2472.0,2017-07-25 22:49:00,0.5,2475.0,2017-07-25 21:17:00,True,2017-07-25 21:55:00,0.5,0.0,True,2474.5,2017-07-25 21:00:00,0.0
ES,2017-07-26,Wednesday,RDR,2478.13,2475.75,2.380000000000109,2478.25,2475.25,3.0,True,SHORT,2017-07-26 10:50:00,2474.75,True,True,True,0.0,1.6807,1.6807,2471.75,2017-07-26 15:50:00,0.6303,2477.25,2017-07-26 14:29:00,True,2017-07-26 13:06:00,0.6303,0.6303,True,2475.75,2017-07-26 10:57:00,0.0
ES,2017-07-27,Thursday,ODR,2479.75,2476.5,3.25,2479.75,2476.5,3.25,False,,,,,,,0.0,0.0,,,,,,,False,,,,False,,,
ES,2017-07-27,Thursday,RDR,2479.88,2475.75,4.130000000000109,2480.25,2475.5,4.75,True,SHORT,2017-07-27 12:40:00,2474.75,True,True,True,0.0,4.54,4.54,2457.0,2017-07-27 13:39:00,0.0605,2476.0,2017-07-27 12:47:00,True,2017-07-27 12:54:00,0.0605,0.0,True,2476.0,2017-07-27 12:47:00,0.0605
ES,2017-07-28,Friday,ODR,2467.0,2464.75,2.25,2467.0,2464.0,3.0,True,SHORT,2017-07-28 05:10:00,2463.0,True,True,False,0.0,1.5556,1.5556,2461.25,2017-07-28 06:31:00,0.8356,2466.63,2017-07-28 07:15:00,True,2017-07-28 05:15:00,0.0,0.8356,True,2464.75,2017-07-28 05:31:00,0.0
ES,2017-07-28,Friday,RDR,2468.75,2463.5,5.25,2468.75,2463.0,5.75,True,SHORT,2017-07-28 10:30:00,2462.5,False,True,False,0.3333,0.381,0.381,2461.5,2017-07-28 11:08:00,1.3333,2470.5,2017-07-28 15:55:00,False,,0.2857,,True,2463.75,2017-07-28 10:36:00,0.0476
ES,2017-07-31,Monday,ODR,2474.25,2468.88,5.369999999999891,2474.5,2468.5,6.0,False,,,,,,,0.0,0.0,,,,,,,False,,,,False,,,
ES,2017-07-31,Monday,RDR,2474.5,2467.5,7.0,2474.75,2467.25,7.5,True,SHORT,2017-07-31 10:35:00,2466.75,True,True,False,0.0,0.3214,0.3214,2465.25,2017-07-31 10:55:00,0.6429,2472.0,2017-07-31 15:44:00,False,,0.0186,,True,2467.5,2017-07-31 10:40:00,0.0
ES,2017-08-01,Tuesday,ODR,2475.0,2472.75,2.25,2475.25,2472.5,2.75,True,LONG,2017-08-01 04:15:00,2476.5,False,True,False,0.8889,0.6667,0.8889,2477.0,2017-08-01 04:55:00,1.6667,2471.25,2017-08-01 07:25:00,True,2017-08-01 04:20:00,0.0,1.6667,True,2474.75,2017-08-01 05:53:00,0.1111
ES,2017-08-01,Tuesday,RDR,2474.63,2468.5,6.130000000000109,2474.88,2468.25,6.630000000000109,False,,,,,,,0.0,0.0816,,,,,,,False,,,,False,,,
ES,2017-08-02,Wednesday,ODR,2474.88,2473.25,1.6300000000001091,2475.0,2473.25,1.75,True,LONG,2017-08-02 06:25:00,2475.5,False,True,False,0.5337,0.6135,0.5337,2475.75,2017-08-02 06:35:00,1.6135,2472.25,2017-08-02 07:36:00,True,2017-08-02 06:35:00,0.2331,1.6135,True,2474.5,2017-08-02 06:35:00,0.2331
ES,2017-08-02,Wednesday,RDR,2475.38,2466.5,8.88000000000011,2475.5,2465.88,9.61999999999989,True,SHORT,2017-08-02 10:40:00,2464.5,True,True,False,0.0,0.366,0.366,2463.25,2017-08-02 10:59:00,0.9009,2474.5,2017-08-02 15:59:00,False,,0.0,,True,2467.25,2017-08-02 11:15:00,0.0845
ES,2017-08-03,Thursday,ODR,2470.88,2467.88,3.0,2471.0,2467.75,3.25,True,LONG,2017-08-03 05:10:00,2471.25,True,True,True,0.79,0.0,0.79,2473.25,2017-08-03 06:46:00,0.1267,2470.5,2017-08-03 05:54:00,True,2017-08-03 05:24:00,0.1267,0.1267,True,2470.75,2017-08-03 05:48:00,0.0433
ES,2017-08-03,Thursday,RDR,2472.75,2468.75,4.0,2472.75,2468.25,4.5,True,SHORT,2017-08-03 15:30:00,2468.0,True,True,False,0.0,0.6875,0.53,2466.63,2017-08-03 15:37:00,0.1875,2469.5,2017-08-03 15:59:00,True,2017-08-03 15:37:00,0.0,0.1875,True,2468.75,2017-08-03 15:45:00,0.0
ES,2017-08-04,Friday,ODR,2472.75,2471.0,1.75,2472.75,2470.75,2.0,True,LONG,2017-08-04 04:35:00,2473.0,True,True,True,1.5714,0.0,1.5714,2475.5,2017-08-04 08:10:00,0.1429,2472.5,2017-08-04 04:57:00,True,2017-08-04 05:25:00,0.1429,0.0,True,2472.75,2017-08-04 04:45:00,0.0
ES,2017-08-04,Friday,RDR,2476.25,2469.25,7.0,2477.5,2469.25,8.25,False,,,,,,,0.0,0.0,,,,,,,False,,,,False,,,
ES,2017-08-07,Monday,ODR,2476.88,2475.88,1.0,2477.0,2475.75,1.25,True,SHORT,2017-08-07 04:10:00,2475.5,True,True,True,0.0,2.88,2.88,2473.0,2017-08-07 07:41:00,0.12,2476.0,2017-08-07 04:16:00,True,2017-08-07 04:37:00,0.12,0.0,True,2476.0,2017-08-07 04:16:00,0.12
ES,2017-08-07,Monday,RDR,2475.38,2473.75,1.6300000000001091,2475.5,2473.0,2.5,True,LONG,2017-08-07 11:45:00,2475.63,True,True,True,1.6074,0.4601,1.6074,2478.0,2017-08-07 15:29:00,0.0798,2475.25,2017-08-07 11:54:00,True,2017-08-07 12:26:00,0.0798,0.0798,True,2475.25,2017-08-07 11:54:00,0.0798
ES,2017-08-08,Tuesday,ODR,2476.25,2475.0,1.25,2476.25,2474.88,1.3699999999998909,True,SHORT,2017-08-08 07:20:00,2474.75,True,False,,0.2,1.296,1.296,2473.38,2017-08-08 07:36:00,0.0,2474.75,2017-08-08 07:26:00,True,2017-08-08 07:29:00,0.0,0.0,False,,,
ES,2017-08-08,Tuesday,RDR,2477.13,2472.88,4.25,2477.5,2472.5,5.0,True,LONG,2017-08-08 10:35:00,2478.25,False,True,False,2.5576,1.2659,2.5576,2488.0,2017-08-08 12:10:00,2.2659,2467.5,2017-08-08 15:36:00,True,2017-08-08 10:46:00,0.0,2.2659,True,2477.0,2017-08-08 14:57:00,0.0306
ES,2017-08-09,Wednesday,ODR,2467.75,2465.0,2.75,2467.75,2465.0,2.75,True,SHORT,2017-08-09 04:00:00,2464.25,True,True,True,0.0,2.1818,2.1818,2459.0,2017-08-09 05:50:00,0.1818,2465.5,2017-08-09 05:11:00,True,2017-08-09 04:08:00,0.1818,0.1818,True,2465.25,2017-08-09 04:50:00,0.0909
ES,2017-08-09,Wednesday,RDR,2466.5,2461.5,5.0,2467.5,2459.25,8.25,True,LONG,2017-08-09 10:30:00,2468.25,True,True,True,1.05,0.0,1.05,2471.75,2017-08-09 15:59:00,0.8,2462.5,2017-08-09 14:48:00,True,2017-08-09 11:54:00,0.8,0.8,True,2466.0,2017-08-09 10:37:00,0.1
ES,2017-08-10,Thursday,ODR,2468.25,2466.0,2.25,2468.5,2466.0,2.5,True,SHORT,2017-08-10 04:10:00,2465.5,True,True,True,0.0,2.2222,2.2222,2461.0,2017-08-10 07:09:00,0.1111,2466.25,2017-08-10 04:36:00,True,2017-08-10 04:58:00,0.1111,0.0,True,2466.0,2017-08-10 04:28:00,0.0
ES,2017-08-10,Thursday,RDR,2462.25,2451.75,10.5,2462.75,2449.0,13.75,True,SHORT,2017-08-10 11:20:00,2448.75,True,True,True,0.0,1.5476,1.5476,2435.5,2017-08-10 15:50:00,0.1429,2453.25,2017-08-10 14:32:00,True,2017-08-10 12:05:00,0.1429,0.1429,True,2452.0,2017-08-10 11:30:00,0.0238
ES,2017-08-11,Friday,ADR,2436.75,2436.0,0.75,2437.0,2435.5,1.5,True,SHORT,2017-08-10 20:30:00,2435.25,False,True,True,0.6667,3.3333,3.3333,2433.5,2017-08-10 22:07:00,1.6667,2437.25,2017-08-10 21:44:00,True,2017-08-10 20:35:00,1.6667,1.6667,True,2436.0,2017-08-10 21:30:00,0.0
ES,2017-08-11,Friday,ODR,2437.75,2435.5,2.25,2437.75,2435.0,2.75,True,SHORT,2017-08-11 04:10:00,2434.5,True,True,False,0.0,2.3333,2.3333,2430.25,2017-08-11 07:50:00,0.5556,2436.75,2017-08-11 08:24:00,True,2017-08-11 04:15:00,0.0,0.5556,True,2435.5,2017-08-11 08:20:00,0.0
ES,2017-08-11,Friday,RDR,2443.75,2437.5,6.25,2445.25,2436.0,9.25,False,,,,,,,0.4,0.2192,,,,,,,False,,,,False,,,
ES,2017-08-14,Monday,ADR,2449.25,2445.0,4.25,2449.25,2444.75,4.5,True,LONG,2017-08-13 23:35:00,2449.5,True,True,False,0.0588,0.0,0.0588,2449.5,2017-08-13 23:40:00,0.3529,2447.75,2017-08-14 01:33:00,False,,0.0,,True,2449.25,2017-08-13 23:40:00,0.0
ES,2017-08-14,Monday,ODR,2455.25,2448.75,6.5,2455.25,2448.5,6.75,False,,,,,,,0.0,0.0,,,,,,,False,,,,False,,,
ES,2017-08-14,Monday,RDR,2461.88,2454.0,7.880000000000109,2462.0,2454.0,8.0,True,LONG,2017-08-14 10:30:00,2462.5,True,True,True,0.5546,0.0,0.5546,2466.25,2017-08-14 10:52:00,0.1117,2461.0,2017-08-14 14:50:00,True,2017-08-14 10:51:00,0.0,0.1117,True,2461.0,2017-08-14 14:50:00,0.1117
ES,2017-08-15,Tuesday,ADR,2470.75,2465.25,5.5,2471.25,2465.0,6.25,True,LONG,2017-08-14 21:15:00,2471.5,True,True,False,0.4091,0.0,0.4091,2473.0,2017-08-14 21:37:00,0.4091,2468.5,2017-08-15 01:19:00,False,,0.0,,True,2470.75,2017-08-14 22:58:00,0.0
ES,2017-08-15,Tuesday,RDR,2467.88,2461.5,6.380000000000109,2468.25,2460.63,7.619999999999891,False,,,,,,,0.0,0.2351,,,,,,,False,,,,False,,,
ES,2017-08-16,Wednesday,ODR,2469.0,2466.25,2.75,2469.25,2465.75,3.5,True,LONG,2017-08-16 04:15:00,2469.5,True,True,False,0.7273,0.0,0.7273,2471.0,2017-08-16 05:47:00,0.6364,2467.25,2017-08-16 08:13:00,True,2017-08-16 05:43:00,0.2727,0.6364,True,2469.0,2017-08-16 04:33:00,0.0
ES,2017-08-16,Wednesday,RDR,2470.75,2468.0,2.75,2470.75,2466.75,4.0,True,LONG,2017-08-16 10:35:00,2471.25,False,True,False,1.0909,2.0,1.0909,2473.75,2017-08-16 12:26:00,3.0,2462.5,2017-08-16 14:24:00,True,2017-08-16 10:46:00,0.6364,3.0,True,2470.75,2017-08-16 11:09:00,0.0
ES,2017-08-17,Thursday,ADR,2464.25,2462.75,1.5,2464.25,2462.5,1.75,True,LONG,2017-08-16 20:40:00,2464.5,True,True,True,0.8333,0.0,0.8333,2465.5,2017-08-17 01:02:00,0.8333,2463.0,2017-08-16 22:02:00,True,2017-08-16 23:19:00,0.8333,0.0,True,2464.25,2017-08-16 20:57:00,0.0
ES,2017-08-17,Thursday,ODR,2468.0,2465.0,3.0,2468.25,2464.5,3.75,True,SHORT,2017-08-17 04:35:00,2464.0,True,True,True,0.0,2.1667,2.1667,2458.5,2017-08-17 08:23:00,0.0433,2465.13,2017-08-17 05:21:00,True,2017-08-17 04:40:00,0.0433,0.0433,True,2465.13,2017-08-17 05:21:00,0.0433
ES,2017-08-17,Thursday,RDR,2463.75,2451.25,12.5,2463.75,2449.63,14.11999999999989,True,SHORT,2017-08-17 12:05:00,2449.5,True,False,,0.0,1.8,1.8,2428.75,2017-08-17 15:59:00,0.0,2449.5,2017-08-17 12:10:00,True,2017-08-17 12:51:00,0.0,0.0,False,,,
ES,2017-08-18,Friday,ADR,2428.63,2426.25,2.380000000000109,2428.75,2424.75,4.0,True,LONG,2017-08-17 20:45:00,2429.0,True,False,,2.1513,0.0,2.1513,2433.75,2017-08-17 21:26:00,0.0,2429.0,2017-08-17 20:50:00,True,2017-08-17 20:54:00,0.0,0.0,False,,,
ES,2017-08-18,Friday,ODR,2430.5,2426.75,3.75,2430.75,2426.5,4.25,True,SHORT,2017-08-18 04:40:00,2425.75,False,True,False,0.6,0.6667,0.6667,2424.25,2017-08-18 04:52:00,1.6,2432.75,2017-08-18 08:15:00,True,2017-08-18 04:51:00,0.0,1.6,True,2426.75,2017-08-18 05:06:00,0.0
ES,2017-08-18,Friday,RDR,2426.0,2419.75,6.25,2427.5,2419.5,8.0,True,LONG,2017-08-18 11:25:00,2430.0,True,True,False,2.12,0.0,2.12,2439.25,2017-08-18 12:44:00,0.36,2423.75,2017-08-18 15:59:00,True,2017-08-18 11:30:00,0.0,0.36,True,2425.0,2017-08-18 15:55:00,0.16
ES,2017-08-21,Monday,ADR,2430.38,2425.0,5.380000000000109,2430.38,2424.5,5.880000000000109,True,SHORT,2017-08-20 21:05:00,2423.75,True,True,True,0.0,0.4182,0.3717,2423.0,2017-08-20 23:04:00,0.2323,2426.25,2017-08-20 21:46:00,False,,0.2323,,True,2425.75,2017-08-20 21:15:00,0.1394
ES,2017-08-21,Monday,ODR,2423.25,2420.25,3.0,2423.25,2419.75,3.5,True,LONG,2017-08-21 05:05:00,2423.5,True,True,True,1.6667,0.0,1.6667,2428.25,2017-08-21 06:33:00,0.1667,2422.75,2017-08-21 05:42:00,True,2017-08-21 06:16:00,0.1667,0.0,True,2423.25,2017-08-21 05:10:00,0.0
ES,2017-08-21,Monday,RDR,2425.25,2416.75,8.5,2426.0,2415.75,10.25,True,LONG,2017-08-21 11:40:00,2426.25,True,True,True,0.5,0.0,0.5,2429.5,2017-08-21 12:33:00,0.4259,2421.63,2017-08-21 15:13:00,True,2017-08-21 12:33:00,0.0,0.4259,True,2425.25,2017-08-21 13:35:00,0.0
ES,2017-08-22,Tuesday,ODR,2436.75,2432.0,4.75,2437.0,2432.0,5.0,True,SHORT,2017-08-22 04:20:00,2431.75,True,True,False,0.0,0.5789,0.5789,2429.25,2017-08-22 05:20:00,0.6316,2435.0,2017-08-22 08:27:00,True,2017-08-22 05:20:00,0.2105,0.6316,True,2432.0,2017-08-22 04:25:00,0.0
ES,2017-08-22,Tuesday,RDR,2442.5,2433.13,9.36999999999989,2443.0,2432.75,10.25,True,LONG,2017-08-22 10:50:00,2443.75,True,True,True,1.2006,0.0,1.2006,2453.75,2017-08-22 15:47:00,0.08,2441.75,2017-08-22 11:12:00,True,2017-08-22 12:01:00,0.08,0.0,True,2442.5,2017-08-22 11:02:00,0.0
ES,2017-08-23,Wednesday,ADR,2453.25,2450.75,2.5,2453.25,2450.5,2.75,True,SHORT,2017-08-22 21:30:00,2450.25,True,True,True,0.0,1.7,1.7,2446.5,2017-08-22 23:39:00,0.0,2450.75,2017-08-22 21:38:00,True,2017-08-22 22:18:00,0.0,0.0,True,2450.75,2017-08-22 21:38:00,0.0
ES,2017-08-23,Wednesday,ODR,2450.75,2448.5,2.25,2450.75,2447.5,3.25,True,SHORT,2017-08-23 04:35:00,2447.25,True,False,,0.0,2.5556,2.5556,2442.75,2017-08-23 07:47:00,0.0,2448.0,2017-08-23 04:55:00,True,2017-08-23 04:46:00,0.0,0.0,False,,,
ES,2017-08-23,Wednesday,RDR,2445.38,2440.5,4.880000000000109,2446.0,2438.75,7.25,True,LONG,2017-08-23 11:25:00,2446.5,True,True,False,0.4611,0.0,0.4611,2447.63,2017-08-23 11:50:00,0.7951,2441.5,2017-08-23 13:52:00,False,,0.0779,,True,2445.25,2017-08-23 11:34:00,0.0266
ES,2017-08-24,Thursday,ODR,2442.75,2440.25,2.5,2442.88,2440.25,2.630000000000109,True,SHORT,2017-08-24 04:05:00,2440.0,False,True,False,1.9,0.1,0.1,2440.0,2017-08-24 04:11:00,2.9,2447.5,2017-08-24 08:25:00,False,,0.0,,True,2440.25,2017-08-24 04:11:00,0.0
ES,2017-08-24,Thursday,RDR,2447.5,2438.5,9.0,2448.75,2437.0,11.75,True,SHORT,2017-08-24 11:30:00,2435.25,True,True,True,0.0,0.4444,0.4444,2434.5,2017-08-24 11:35:00,0.6111,2444.0,2017-08-24 13:16:00,False,,0.0,,True,2439.13,2017-08-24 11:48:00,0.07
ES,2017-08-25,Friday,ADR,2442.5,2440.5,2.0,2442.5,2440.25,2.25,True,SHORT,2017-08-24 21:20:00,2439.5,False,True,False,0.5,0.875,0.875,2438.75,2017-08-24 21:28:00,1.5,2443.5,2017-08-24 22:48:00,True,2017-08-24 21:25:00,0.0,1.5,True,2440.5,2017-08-24 21:45:00,0.0
ES,2017-08-25,Friday,ODR,2442.25,2438.25,4.0,2442.5,2437.5,5.0,True,LONG,2017-08-25 05:45:00,2443.0,True,False,,1.625,0.0,1.625,2448.75,2017-08-25 07:51:00,0.0,2442.75,2017-08-25 05:51:00,True,2017-08-25 05:57:00,0.0,0.0,False,,,
ES,2017-08-25,Friday,RDR,2452.38,2446.25,6.130000000000109,2453.25,2445.5,7.75,True,SHORT,2017-08-25 11:00:00,2442.75,True,True,True,0.0,0.8564,0.8564,2441.0,2017-08-25 11:34:00,0.4894,2449.25,2017-08-25 15:12:00,True,2017-08-25 11:05:00,0.0,0.4894,True,2446.25,2017-08-25 13:01:00,0.0
ES,2017-08-28,Monday,ADR,2443.5,2439.5,4.0,2444.5,2439.25,5.25,True,SHORT,2017-08-27 20:30:00,2438.5,True,True,True,0.0,0.5,0.5,2437.5,2017-08-27 20:40:00,0.125,2440.0,2017-08-27 21:34:00,True,2017-08-27 20:40:00,0.0,0.125,True,2439.75,2017-08-27 21:33:00,0.0625
ES,2017-08-28,Monday,ODR,2437.75,2436.25,1.5,2438.0,2436.25,1.75,True,LONG,2017-08-28 04:00:00,2441.0,True,False,,5.5867,0.0,5.5867,2446.13,2017-08-28 08:21:00,0.0,2439.25,2017-08-28 04:38:00,True,2017-08-28 04:05:00,0.0,0.0,False,,,
ES,2017-08-28,Monday,RDR,2448.38,2441.75,6.630000000000109,2449.0,2441.25,7.75,True,SHORT,2017-08-28 12:15:00,2441.0,True,True,False,0.0,0.5656,0.5656,2438.0,2017-08-28 12:44:00,0.2262,2443.25,2017-08-28 15:59:00,True,2017-08-28 12:44:00,0.0,0.2262,True,2441.75,2017-08-28 13:58:00,0.0
ES,2017-08-29,Tuesday,ADR,2432.25,2430.13,2.119999999999891,2432.75,2429.5,3.25,True,SHORT,2017-08-28 20:35:00,2429.25,True,True,False,0.2358,1.9481,1.9481,2426.0,2017-08-28 21:48:00,1.2358,2432.75,2017-08-28 21:00:00,True,2017-08-28 20:40:00,1.2358,1.2358,True,2430.25,2017-08-28 20:47:00,0.0566
ES,2017-08-29,Tuesday,ODR,2430.0,2424.0,6.0,2430.0,2423.5,6.5,True,SHORT,2017-08-29 04:15:00,2422.5,False,True,False,0.375,0.5,0.5,2421.0,2017-08-29 05:01:00,1.375,2432.25,2017-08-29 07:34:00,True,2017-08-29 05:01:00,0.0833,1.375,True,2424.0,2017-08-29 04:32:00,0.0
ES,2017-08-29,Tuesday,RDR,2435.0,2427.75,7.25,2435.75,2426.25,9.5,True,LONG,2017-08-29 10:30:00,2436.25,True,True,True,1.8276,0.0,1.8276,2448.25,2017-08-29 15:24:00,0.0,2435.0,2017-08-29 10:38:00,True,2017-08-29 10:43:00,0.0,0.0,True,2435.0,2017-08-29 10:38:00,0.0
ES,2017-08-30,Wednesday,ADR,2448.75,2447.5,1.25,2449.0,2447.5,1.5,True,LONG,2017-08-30 01:05:00,2449.5,True,False,,0.6,0.4,0.6,2449.5,2017-08-30 01:10:00,0.0,2449.0,2017-08-30 01:23:00,True,2017-08-30 01:10:00,0.0,0.0,False,,,
ES,2017-08-30,Wednesday,ODR,2453.25,2451.0,2.25,2453.25,2451.0,2.25,True,SHORT,2017-08-30 04:00:00,2450.25,True,False,,0.0,2.1111,2.1111,2446.25,2017-08-30 08:10:00,0.0,2450.75,2017-08-30 04:13:00,True,2017-08-30 04:28:00,0.0,0.0,False,,,
ES,2017-08-30,Wednesday,RDR,2448.75,2443.5,5.25,2449.0,2442.75,6.25,True,LONG,2017-08-30 10:45:00,2451.25,True,False,,2.0476,0.0,2.0476,2459.5,2017-08-30 14:39:00,0.0,2449.75,2017-08-30 11:20:00,True,2017-08-30 11:09:00,0.0,0.0,False,,,
ES,2017-08-31,Thursday,ADR,2458.5,2456.25,2.25,2459.0,2456.25,2.75,False,,,,,,,0.2222,0.0,,,,,,,False,,,,False,,,
ES,2017-08-31,Thursday,ODR,2459.0,2456.75,2.25,2459.0,2456.75,2.25,True,LONG,2017-08-31 04:25:00,2459.5,True,False,,2.5556,0.0,2.5556,2464.75,2017-08-31 06:05:00,0.0,2459.5,2017-08-31 04:30:00,True,2017-08-31 04:30:00,0.0,0.0,False,,,
ES,2017-08-31,Thursday,RDR,2469.0,2463.63,5.369999999999891,2469.25,2462.5,6.75,True,LONG,2017-08-31 14:30:00,2469.75,True,True,True,0.9311,0.0708,0.9311,2474.0,2017-08-31 15:43:00,0.1155,2468.38,2017-08-31 15:59:00,True,2017-08-31 14:59:00,0.0,0.1155,True,2469.0,2017-08-31 14:36:00,0.0
ES,2017-09-01,Friday,ODR,2473.5,2472.0,1.5,2473.5,2471.75,1.75,True,SHORT,2017-09-01 04:45:00,2471.5,False,True,False,2.1667,0.6667,0.6667,2471.0,2017-09-01 04:50:00,3.1667,2476.75,2017-09-01 07:43:00,True,2017-09-01 04:50:00,0.0,3.1667,True,2472.0,2017-09-01 04:53:00,0.0
ES,2017-09-01,Friday,RDR,2477.0,2473.13,3.869999999999891,2477.25,2473.0,4.25,True,LONG,2017-09-01 10:55:00,2477.5,True,True,False,0.646,0.0,0.646,2479.5,2017-09-01 13:02:00,0.646,2474.5,2017-09-01 11:40:00,True,2017-09-01 12:52:00,0.646,0.5168,True,2477.0,2017-09-01 11:00:00,0.0
ES,2017-09-04,Monday,ADR,2466.0,2463.38,2.619999999999891,2466.25,2463.25,3.0,True,LONG,2017-09-03 21:50:00,2466.5,True,True,False,0.1908,0.145,0.1908,2466.5,2017-09-03 22:00:00,0.5725,2464.5,2017-09-04 01:58:00,False,,0.0954,,True,2466.0,2017-09-03 21:55:00,0.0
ES,2017-09-04,Monday,ODR,2463.75,2462.25,1.5,2464.0,2462.0,2.0,True,LONG,2017-09-04 05:15:00,2464.25,True,True,True,2.5,0.0,2.5,2467.5,2017-09-04 06:08:00,0.0,2463.75,2017-09-04 05:40:00,True,2017-09-04 05:20:00,0.0,0.0,True,2463.75,2017-09-04 05:40:00,0.0
ES,2017-09-04,Monday,RDR,2467.5,2464.88,2.619999999999891,2467.5,2464.25,3.25,True,LONG,2017-09-04 10:30:00,2468.25,True,True,True,0.4771,0.0,0.4771,2468.75,2017-09-04 10:35:00,0.2863,2466.75,2017-09-04 11:33:00,False,,0.0,,True,2467.25,2017-09-04 11:01:00,0.0954
ES,2017-09-05,Tuesday,ADR,2470.25,2468.0,2.25,2470.5,2467.25,3.25,True,SHORT,2017-09-04 22:15:00,2466.75,True,True,True,0.0,1.2222,1.2222,2465.25,2017-09-04 22:31:00,0.8889,2470.0,2017-09-05 01:22:00,True,2017-09-04 22:20:00,0.0,0.8889,True,2468.25,2017-09-05 00:55:00,0.1111
ES,2017-09-05,Tuesday,ODR,2470.5,2468.25,2.25,2470.75,2468.0,2.75,True,SHORT,2017-09-05 05:45:00,2467.75,True,True,False,0.0,1.3333,1.3333,2465.25,2017-09-05 06:29:00,0.7778,2470.0,2017-09-05 08:00:00,True,2017-09-05 06:22:00,0.0,0.7778,True,2468.25,2017-09-05 07:09:00,0.0
ES,2017-09-05,Tuesday,RDR,2470.25,2466.38,3.869999999999891,2471.0,2465.5,5.5,True,SHORT,2017-09-05 10:40:00,2463.5,True,False,,0.0,5.3953,5.3953,2445.5,2017-09-05 13:04:00,0.0,2464.75,2017-09-05 11:04:00,True,2017-09-05 10:45:00,0.0,0.0,False,,,
ES,2017-09-06,Wednesday,ADR,2458.5,2456.5,2.0,2458.5,2456.5,2.0,True,LONG,2017-09-05 21:10:00,2458.75,True,True,True,1.0,0.0,1.0,2460.5,2017-09-05 21:21:00,0.25,2458.0,2017-09-05 23:08:00,True,2017-09-05 21:17:00,0.0,0.25,True,2458.5,2017-09-05 22:43:00,0.0
ES,2017-09-06,Wednesday,ODR,2462.63,2459.5,3.130000000000109,2462.75,2458.5,4.25,True,SHORT,2017-09-06 05:35:00,2457.75,False,True,False,0.3578,0.9585,0.9585,2456.5,2017-09-06 05:42:00,1.3578,2463.75,2017-09-06 08:29:00,True,2017-09-06 05:41:00,0.0,1.3578,True,2459.75,2017-09-06 05:43:00,0.0799
ES,2017-09-06,Wednesday,RDR,2464.88,2461.63,3.25,2466.75,2461.25,5.5,True,SHORT,2017-09-06 11:05:00,2460.0,False,True,False,1.1908,1.04,1.04,2458.25,2017-09-06 11:13:00,2.1908,2468.75,2017-09-06 15:23:00,True,2017-09-06 11:10:00,0.0,2.1908,True,2462.0,2017-09-06 11:36:00,0.1138
ES,2017-09-07,Thursday,ADR,2463.25,2461.0,2.25,2463.25,2460.5,2.75,True,LONG,2017-09-06 20:50:00,2463.5,False,True,False,0.5556,0.3333,0.5556,2464.5,2017-09-06 21:12:00,1.3333,2460.25,2017-09-07 01:10:00,True,2017-09-06 21:12:00,0.1111,1.3333,True,2463.25,2017-09-06 20:55:00,0.0
ES,2017-09-07,Thursday,ODR,2462.13,2460.0,2.130000000000109,2462.25,2460.0,2.25,True,LONG,2017-09-07 05:10:00,2462.5,True,False,,2.2864,0.0,2.2864,2467.0,2017-09-07 06:54:00,0.0,2462.25,2017-09-07 05:27:00,True,2017-09-07 05:32:00,0.0,0.0,False,,,
ES,2017-09-07,Thursday,RDR,2468.38,2460.5,7.880000000000109,2468.5,2460.0,8.5,False,,,,,,,0.0,0.1269,,,,,,,False,,,,False,,,
ES,2017-09-08,Friday,ADR,2465.25,2462.5,2.75,2465.38,2462.25,3.130000000000109,True,SHORT,2017-09-07 20:30:00,2461.75,True,True,True,0.0,0.7273,0.7273,2460.5,2017-09-07 20:41:00,0.7273,2464.5,2017-09-08 00:55:00,True,2017-09-07 20:40:00,0.0,0.7273,True,2462.5,2017-09-07 20:51:00,0.0
ES,2017-09-08,Friday,ODR,2461.0,2458.5,2.5,2461.25,2458.5,2.75,True,SHORT,2017-09-08 04:55:00,2458.25,False,True,False,0.5,0.7,0.7,2456.75,2017-09-08 06:48:00,1.5,2462.25,2017-09-08 05:26:00,True,2017-09-08 06:48:00,1.5,0.8,True,2458.5,2017-09-08 05:00:00,0.0
ES,2017-09-08,Friday,RDR,2463.88,2459.25,4.630000000000109,2464.0,2458.5,5.5,True,LONG,2017-09-08 11:00:00,2466.0,True,True,False,0.5119,0.054,0.5119,2466.25,2017-09-08 11:05:00,1.054,2459.0,2017-09-08 15:30:00,True,2017-09-08 11:05:00,0.0,1.054,True,2463.5,2017-09-08 11:19:00,0.0821
ES,2017-09-11,Monday,ADR,2471.0,2469.25,1.75,2471.25,2469.25,2.0,True,LONG,2017-09-10 20:50:00,2471.5,True,True,True,2.4286,0.0,2.4286,2475.25,2017-09-11 00:06:00,0.0,2471.0,2017-09-10 20:57:00,True,2017-09-10 21:04:00,0.0,0.0,True,2471.0,2017-09-10 20:57:00,0.0
ES,2017-09-11,Monday,ODR,2475.5,2473.5,2.0,2475.5,2473.0,2.5,True,LONG,2017-09-11 04:30:00,2476.0,False,True,False,0.5,0.125,0.5,2476.5,2017-09-11 04:38:00,1.125,2473.25,2017-09-11 07:44:00,True,2017-09-11 04:38:00,0.0,1.125,True,2475.5,2017-09-11 05:02:00,0.0
ES,2017-09-11,Monday,RDR,2483.0,2475.88,7.119999999999891,2483.25,2475.5,7.75,True,LONG,2017-09-11 11:40:00,2483.75,True,False,,0.7725,0.0,0.7725,2488.5,2017-09-11 12:42:00,0.0,2483.5,2017-09-11 12:09:00,True,2017-09-11 12:40:00,0.0,0.0,False,,,
ES,2017-09-12,Tuesday,ODR,2489.75,2488.25,1.5,2489.75,2488.25,1.5,True,LONG,2017-09-12 04:05:00,2490.0,True,False,,1.8333,0.0,1.8333,2492.5,2017-09-12 07:56:00,0.0,2490.25,2017-09-12 04:10:00,True,2017-09-12 04:12:00,0.0,0.0,False,,,
ES,2017-09-12,Tuesday,RDR,2494.75,2491.0,3.75,2495.0,2490.75,4.25,True,SHORT,2017-09-12 10:45:00,2490.0,False,True,False,0.3013,0.4,0.2667,2490.0,2017-09-12 10:54:00,1.3013,2495.88,2017-09-12 15:59:00,False,,0.0,,True,2491.25,2017-09-12 10:59:00,0.0667
ES,2017-09-13,Wednesday,ODR,2492.75,2491.0,1.75,2492.75,2490.75,2.0,True,LONG,2017-09-13 04:05:00,2493.0,True,True,False,0.4286,0.0,0.4286,2493.5,2017-09-13 05:06:00,0.7143,2491.5,2017-09-13 06:56:00,False,,0.4286,,True,2492.5,2017-09-13 04:10:00,0.1429
ES,2017-09-13,Wednesday,RDR,2495.75,2492.25,3.5,2495.75,2491.0,4.75,True,LONG,2017-09-13 12:40:00,2496.0,True,True,True,0.4286,0.0,0.4286,2497.25,2017-09-13 15:59:00,0.5343,2493.88,2017-09-13 13:02:00,False,,0.5343,,True,2495.75,2017-09-13 12:51:00,0.0
ES,2017-09-14,Thursday,ODR,2494.75,2493.63,1.1199999999998909,2494.75,2493.25,1.5,True,LONG,2017-09-14 04:20:00,2495.0,False,True,False,1.1161,2.125,1.1161,2496.0,2017-09-14 06:01:00,3.125,2491.25,2017-09-14 08:29:00,True,2017-09-14 04:37:00,0.0,3.125,True,2494.75,2017-09-14 04:29:00,0.0
ES,2017-09-14,Thursday,RDR,2495.0,2491.13,3.869999999999891,2495.25,2491.0,4.25,True,LONG,2017-09-14 10:30:00,2495.75,True,True,True,0.7752,0.0,0.7752,2498.0,2017-09-14 11:16:00,0.0646,2494.75,2017-09-14 14:02:00,True,2017-09-14 11:14:00,0.0,0.0646,True,2495.0,2017-09-14 10:41:00,0.0
ES,2017-09-15,Friday,ADR,2489.0,2487.5,1.5,2489.25,2487.25,2.0,True,LONG,2017-09-14 20:35:00,2489.75,True,True,True,2.5,0.0,2.5,2492.75,2017-09-15 00:22:00,0.3333,2488.5,2017-09-14 22:39:00,True,2017-09-14 20:59:00,0.3333,0.3333,True,2489.0,2017-09-14 20:44:00,0.0
ES,2017-09-15,Friday,ODR,2491.75,2490.5,1.25,2492.25,2490.5,1.75,True,LONG,2017-09-15 04:30:00,2492.5,True,True,False,1.4,0.0,1.4,2493.5,2017-09-15 05:28:00,1.0,2490.5,2017-09-15 06:00:00,True,2017-09-15 05:09:00,0.2,1.0,True,2491.75,2017-09-15 04:42:00,0.0
ES,2017-09-15,Friday,RDR,2493.0,2490.75,2.25,2493.25,2490.5,2.75,True,LONG,2017-09-15 10:45:00,2494.75,True,False,,2.1111,0.0,2.1111,2497.75,2017-09-15 15:56:00,0.0,2494.0,2017-09-15 13:55:00,True,2017-09-15 10:50:00,0.0,0.0,False,,,
ES,2017-09-18,Monday,ODR,2503.88,2502.0,1.8800000000001091,2504.25,2502.0,2.25,True,SHORT,2017-09-18 04:15:00,2501.75,True,True,True,0.0,0.6649,0.6649,2500.75,2017-09-18 08:27:00,0.7979,2503.5,2017-09-18 04:32:00,True,2017-09-18 08:27:00,0.7979,0.0,True,2502.25,2017-09-18 04:20:00,0.133
ES,2017-09-18,Monday,RDR,2505.13,2500.75,4.380000000000109,2505.75,2499.5,6.25,True,SHORT,2017-09-18 14:15:00,2499.0,True,True,False,0.0845,0.6849,0.6849,2497.75,2017-09-18 14:37:00,0.4566,2502.75,2017-09-18 15:44:00,True,2017-09-18 14:20:00,0.0,0.4566,True,2501.0,2017-09-18 15:04:00,0.0571
ES,2017-09-19,Tuesday,ODR,2503.0,2501.25,1.75,2503.0,2501.0,2.0,True,LONG,2017-09-19 05:00:00,2503.25,True,True,True,1.2857,0.0,1.2857,2505.25,2017-09-19 06:07:00,0.0,2503.0,2017-09-19 05:05:00,True,2017-09-19 05:43:00,0.0,0.0,True,2503.0,2017-09-19 05:05:00,0.0
ES,2017-09-19,Tuesday,RDR,2504.63,2501.75,2.880000000000109,2505.0,2501.5,3.5,True,LONG,2017-09-19 12:20:00,2505.25,True,True,False,0.4757,0.2153,0.4757,2506.0,2017-09-19 15:40:00,0.3056,2503.75,2017-09-19 13:20:00,False,,0.3056,,True,2504.5,2017-09-19 12:39:00,0.0451
ES,2017-09-20,Wednesday,RDR,2506.75,2503.75,3.0,2507.0,2503.63,3.369999999999891,True,SHORT,2017-09-20 10:55:00,2502.75,True,True,False,0.0,3.1667,3.1667,2494.25,2017-09-20 14:24:00,0.9167,2506.5,2017-09-20 12:39:00,True,2017-09-20 14:01:00,0.9167,0.9167,True,2503.75,2017-09-20 11:05:00,0.0
ES,2017-09-21,Thursday,RDR,2504.13,2496.75,7.380000000000109,2504.25,2496.5,7.75,False,,,,,,,0.0,0.0,,,,,,,False,,,,False,,,
ES,2017-09-22,Friday,ADR,2500.5,2497.75,2.75,2500.75,2497.13,3.619999999999891,True,SHORT,2017-09-21 20:40:00,2495.5,True,False,,0.0,2.0909,2.0909,2492.0,2017-09-21 22:32:00,0.0,2496.25,2017-09-21 20:48:00,True,2017-09-21 20:45:00,0.0,0.0,False,,,
ES,2017-09-22,Friday,ODR,2496.75,2495.25,1.5,2497.0,2495.25,1.75,True,LONG,2017-09-22 04:40:00,2497.5,True,True,False,1.5,0.1667,1.5,2499.0,2017-09-22 06:36:00,1.1667,2495.0,2017-09-22 08:11:00,True,2017-09-22 05:50:00,1.0,1.1667,True,2496.75,2017-09-22 04:47:00,0.0
ES,2017-09-22,Friday,RDR,2498.5,2494.88,3.619999999999891,2498.5,2494.75,3.75,True,LONG,2017-09-22 15:40:00,2499.25,True,True,False,0.6215,0.0,0.6215,2500.75,2017-09-22 15:56:00,0.0691,2498.25,2017-09-22 15:59:00,True,2017-09-22 15:56:00,0.0,0.0691,True,2498.25,2017-09-22 15:59:00,0.0691
ES,2017-09-25,Monday,ODR,2497.38,2495.0,2.380000000000109,2497.5,2494.75,2.75,True,LONG,2017-09-25 04:45:00,2498.0,True,True,True,0.5756,0.105,0.5756,2498.75,2017-09-25 07:36:00,0.895,2495.25,2017-09-25 05:40:00,True,2017-09-25 07:36:00,0.895,0.0,True,2497.25,2017-09-25 05:00:00,0.0546
ES,2017-09-25,Monday,RDR,2499.5,2495.63,3.869999999999891,2499.75,2495.0,4.75,True,SHORT,2017-09-25 10:35:00,2494.75,True,False,,0.0,2.7468,2.7468,2485.0,2017-09-25 11:04:00,0.0,2495.13,2017-09-25 10:44:00,True,2017-09-25 10:48:00,0.0,0.0,False,,,
ES,2017-09-26,Tuesday,ADR,2496.5,2494.25,2.25,2496.75,2494.25,2.5,True,SHORT,2017-09-25 20:35:00,2493.5,False,True,False,0.3333,0.6667,0.6667,2492.75,2017-09-25 20:42:00,1.3333,2497.25,2017-09-25 22:27:00,True,2017-09-25 20:42:00,0.0,1.3333,True,2494.5,2017-09-25 20:58:00,0.1111
ES,2017-09-26,Tuesday,ODR,2495.5,2494.25,1.25,2495.5,2494.0,1.5,True,LONG,2017-09-26 04:50:00,2495.75,True,True,False,1.2,0.2,1.2,2497.0,2017-09-26 06:03:00,1.2,2494.0,2017-09-26 07:06:00,True,2017-09-26 05:16:00,0.2,1.2,True,2495.5,2017-09-26 04:55:00,0.0
ES,2017-09-26,Tuesday,RDR,2500.38,2498.5,1.8800000000001091,2501.0,2497.25,3.75,True,SHORT,2017-09-26 10:45:00,2496.75,True,True,True,0.0,3.3245,3.3245,2492.25,2017-09-26 11:27:00,0.266,2499.0,2017-09-26 13:55:00,True,2017-09-26 10:50:00,0.0,0.266,True,2498.5,2017-09-26 13:43:00,0.0
ES,2017-09-27,Wednesday,ODR,2500.25,2498.0,2.25,2501.13,2498.0,3.130000000000109,True,SHORT,2017-09-27 04:55:00,2497.63,False,True,False,0.3333,0.5556,0.5556,2496.75,2017-09-27 05:46:00,1.3333,2501.0,2017-09-27 08:18:00,True,2017-09-27 05:46:00,0.4444,1.3333,True,2498.25,2017-09-27 05:03:00,0.1111
ES,2017-09-27,Wednesday,RDR,2504.75,2499.63,5.119999999999891,2504.88,2499.5,5.380000000000109,True,SHORT,2017-09-27 10:30:00,2497.25,False,True,False,0.8301,1.2949,1.2949,2493.0,2017-09-27 10:55:00,1.8301,2509.0,2017-09-27 15:21:00,True,2017-09-27 10:35:00,0.0,1.8301,True,2499.75,2017-09-27 13:15:00,0.0234
ES,2017-09-28,Thursday,ODR,2504.13,2502.38,1.75,2504.5,2502.25,2.25,True,SHORT,2017-09-28 07:45:00,2501.25,True,False,,0.0,1.9314,1.9314,2499.0,2017-09-28 08:14:00,0.0,2501.25,2017-09-28 07:50:00,True,2017-09-28 07:50:00,0.0,0.0,False,,,
ES,2017-09-28,Thursday,RDR,2503.25,2500.63,2.619999999999891,2504.0,2500.0,4.0,True,LONG,2017-09-28 10:40:00,2505.25,True,True,True,1.813,0.0,1.813,2508.0,2017-09-28 14:00:00,0.2863,2502.5,2017-09-28 11:17:00,True,2017-09-28 10:45:00,0.2863,0.2863,True,2503.25,2017-09-28 10:58:00,0.0
ES,2017-09-29,Friday,ODR,2506.5,2505.75,0.75,2506.5,2505.5,1.0,True,LONG,2017-09-29 06:15:00,2506.75,True,True,False,1.0,0.0,1.0,2507.25,2017-09-29 06:52:00,0.6667,2506.0,2017-09-29 07:42:00,True,2017-09-29 06:20:00,0.0,0.6667,True,2506.5,2017-09-29 06:26:00,0.0
ES,2017-09-29,Friday,RDR,2508.75,2506.25,2.5,2509.0,2504.75,4.25,True,LONG,2017-09-29 10:35:00,2511.5,True,False,,3.2,0.0,3.2,2516.75,2017-09-29 15:59:00,0.0,2510.25,2017-09-29 10:49:00,True,2017-09-29 10:40:00,0.0,0.0,False,,,
ES,2017-10-02,Monday,ADR,2521.0,2519.25,1.75,2521.0,2519.25,1.75,True,SHORT,2017-10-01 21:00:00,2519.0,True,True,True,0.0,0.5714,0.5714,2518.25,2017-10-01 22:28:00,0.2857,2519.75,2017-10-01 21:48:00,True,2017-10-01 22:28:00,0.2857,0.1429,True,2519.25,2017-10-01 21:09:00,0.0
ES,2017-10-02,Monday,ODR,2519.0,2517.75,1.25,2519.0,2517.75,1.25,True,SHORT,2017-10-02 04:55:00,2517.5,False,True,False,1.6,0.2,0.0,2517.75,2017-10-02 05:00:00,2.6,2521.0,2017-10-02 07:45:00,False,,0.0,,True,2517.75,2017-10-02 05:00:00,0.0
ES,2017-10-02,Monday,RDR,2524.38,2518.13,6.25,2525.5,2517.5,8.0,True,LONG,2017-10-02 15:55:00,2526.0,True,,,0.2992,0.0,,,,,,,False,,,,False,,,
ES,2017-10-03,Tuesday,ODR,2528.75,2528.0,0.75,2528.75,2527.75,1.0,True,SHORT,2017-10-03 04:25:00,2527.5,True,True,False,0.0,1.0,1.0,2527.25,2017-10-03 04:37:00,1.0,2528.75,2017-10-03 08:05:00,True,2017-10-03 04:31:00,0.0,1.0,True,2528.0,2017-10-03 05:19:00,0.0
ES,2017-10-03,Tuesday,RDR,2528.63,2526.0,2.630000000000109,2529.0,2526.0,3.0,True,LONG,2017-10-03 13:00:00,2529.25,True,True,True,1.3764,0.1407,1.3764,2532.25,2017-10-03 15:39:00,0.0951,2528.38,2017-10-03 13:48:00,True,2017-10-03 14:26:00,0.0951,0.0,True,2528.63,2017-10-03 13:30:00,0.0
ES,2017-10-04,Wednesday,ODR,2531.88,2531.0,0.8800000000001091,2532.0,2531.0,1.0,True,SHORT,2017-10-04 06:05:00,2530.75,True,True,True,0.0,1.7045,1.7045,2529.5,2017-10-04 08:23:00,0.2841,2531.25,2017-10-04 07:13:00,True,2017-10-04 06:46:00,0.2841,0.2841,True,2531.0,2017-10-04 06:16:00,0.0
ES,2017-10-04,Wednesday,RDR,2532.13,2529.5,2.630000000000109,2532.25,2529.0,3.25,True,LONG,2017-10-04 11:00:00,2532.5,True,False,,2.1369,0.0,2.1369,2537.75,2017-10-04 12:18:00,0.0,2532.25,2017-10-04 11:20:00,True,2017-10-04 11:29:00,0.0,0.0,False,,,
ES,2017-10-05,Thursday,ODR,2536.25,2535.13,1.1199999999998909,2536.5,2535.0,1.5,True,LONG,2017-10-05 04:30:00,2536.75,True,True,True,2.9018,0.0,2.9018,2539.5,2017-10-05 08:26:00,0.6696,2535.5,2017-10-05 05:35:00,True,2017-10-05 07:18:00,0.6696,0.0,True,2536.25,2017-10-05 04:47:00,0.0
ES,2017-10-05,Thursday,RDR,2540.88,2538.0,2.880000000000109,2541.0,2537.25,3.75,True,LONG,2017-10-05 10:35:00,2541.25,True,True,True,3.125,0.0,3.125,2549.88,2017-10-05 15:04:00,0.1319,2540.5,2017-10-05 11:09:00,True,2017-10-05 11:27:00,0.1319,0.0,True,2540.88,2017-10-05 10:55:00,0.0
ES,2017-10-06,Friday,RDR,2547.0,2544.13,2.869999999999891,2547.25,2544.0,3.25,True,SHORT,2017-10-06 10:50:00,2543.0,True,True,False,0.0871,0.9164,0.9164,2541.5,2017-10-06 11:43:00,1.0,2547.0,2017-10-06 15:59:00,True,2017-10-06 10:55:00,0.1289,1.0,True,2544.25,2017-10-06 11:17:00,0.0418
ES,2017-10-09,Monday,RDR,2549.5,2544.75,4.75,2549.75,2544.13,5.619999999999891,True,SHORT,2017-10-09 10:45:00,2544.0,True,True,True,0.0,1.1579,1.1579,2539.25,2017-10-09 15:13:00,0.4211,2546.75,2017-10-09 11:30:00,True,2017-10-09 15:02:00,0.4211,0.0,True,2544.75,2017-10-09 10:51:00,0.0
ES,2017-10-10,Tuesday,ODR,2546.75,2546.0,0.75,2547.13,2545.75,1.3800000000001091,True,SHORT,2017-10-10 04:10:00,2545.25,False,True,False,1.6667,3.0,3.0,2543.75,2017-10-10 04:30:00,2.6667,2548.0,2017-10-10 06:33:00,True,2017-10-10 04:15:00,0.0,2.6667,True,2546.25,2017-10-10 05:37:00,0.3333
ES,2017-10-10,Tuesday,RDR,2552.5,2544.75,7.75,2553.13,2543.0,10.13000000000011,False,,,,,,,0.0,0.2735,,,,,,,False,,,,False,,,
ES,2017-10-11,Wednesday,ODR,2547.5,2545.0,2.5,2547.5,2545.0,2.5,True,SHORT,2017-10-11 07:40:00,2544.75,True,True,False,0.0,0.3,0.3,2544.25,2017-10-11 07:45:00,0.7,2546.75,2017-10-11 08:29:00,False,,0.0,,True,2545.25,2017-10-11 07:48:00,0.1
ES,2017-10-11,Wednesday,RDR,2549.0,2546.25,2.75,2549.25,2546.0,3.25,True,LONG,2017-10-11 12:00:00,2549.5,True,True,True,1.5018,0.0,1.5018,2553.13,2017-10-11 15:59:00,0.0436,2548.88,2017-10-11 14:33:00,True,2017-10-11 12:19:00,0.0436,0.0436,True,2548.88,2017-10-11 14:33:00,0.0436
ES,2017-10-12,Thursday,ODR,2551.25,2549.63,1.6199999999998909,2551.5,2549.5,2.0,True,SHORT,2017-10-12 04:45:00,2549.0,True,True,True,0.0,1.4691,1.4691,2547.25,2017-10-12 07:28:00,0.6914,2550.75,2017-10-12 05:52:00,True,2017-10-12 04:50:00,0.6914,0.6914,True,2549.75,2017-10-12 05:33:00,0.0741
ES,2017-10-12,Thursday,RDR,2551.0,2547.88,3.119999999999891,2551.25,2547.13,4.119999999999891,True,LONG,2017-10-12 10:30:00,2551.5,False,True,False,0.641,0.5224,0.641,2553.0,2017-10-12 12:07:00,1.5224,2546.25,2017-10-12 15:52:00,True,2017-10-12 11:52:00,0.3205,1.5224,True,2551.0,2017-10-12 10:41:00,0.0
ES,2017-10-13,Friday,ODR,2549.75,2548.25,1.5,2549.75,2548.25,1.5,True,LONG,2017-10-13 05:35:00,2550.0,True,True,True,2.1667,0.1667,2.1667,2553.0,2017-10-13 07:48:00,0.1667,2549.5,2017-10-13 05:47:00,True,2017-10-13 05:56:00,0.1667,0.0,True,2549.75,2017-10-13 05:42:00,0.0
ES,2017-10-13,Friday,RDR,2555.0,2550.75,4.25,2555.0,2550.25,4.75,True,LONG,2017-10-13 13:25:00,2555.25,True,True,False,0.1176,0.1176,0.1176,2555.5,2017-10-13 13:32:00,1.1176,2550.25,2017-10-13 15:58:00,False,,0.0,,True,2555.0,2017-10-13 13:37:00,0.0
ES,2017-10-16,Monday,ODR,2553.5,2552.25,1.25,2553.5,2552.0,1.5,True,LONG,2017-10-16 06:10:00,2553.75,True,True,True,1.0,0.0,1.0,2554.75,2017-10-16 08:20:00,1.0,2552.25,2017-10-16 07:30:00,True,2017-10-16 08:16:00,1.0,0.0,True,2553.5,2017-10-16 06:44:00,0.0
ES,2017-10-16,Monday,RDR,2557.0,2553.38,3.619999999999891,2557.5,2552.0,5.5,True,SHORT,2017-10-16 12:15:00,2551.5,True,True,False,0.0,0.7597,0.7597,2550.63,2017-10-16 12:20:00,0.6547,2555.75,2017-10-16 15:58:00,True,2017-10-16 12:20:00,0.0,0.6547,True,2553.38,2017-10-16 13:17:00,0.0
ES,2017-10-17,Tuesday,RDR,2556.0,2554.25,1.75,2556.0,2553.75,2.25,True,SHORT,2017-10-17 10:40:00,2552.75,False,True,False,0.9314,1.1429,1.1429,2552.25,2017-10-17 10:45:00,1.9314,2557.63,2017-10-17 15:56:00,True,2017-10-17 10:45:00,0.0,1.9314,True,2554.25,2017-10-17 11:02:00,0.0
ES,2017-10-18,Wednesday,RDR,2561.25,2557.75,3.5,2561.5,2557.25,4.25,True,LONG,2017-10-18 14:10:00,2561.75,True,True,False,0.1429,0.1429,0.1086,2561.63,2017-10-18 15:32:00,0.8571,2558.25,2017-10-18 15:54:00,False,,0.2857,,True,2561.25,2017-10-18 14:19:00,0.0
ES,2017-10-19,Thursday,ODR,2557.25,2547.5,9.75,2557.25,2546.25,11.0,True,SHORT,2017-10-19 04:05:00,2545.5,True,True,True,0.0,0.5128,0.359,2544.0,2017-10-19 07:10:00,0.3846,2551.25,2017-10-19 05:29:00,False,,0.3846,,True,2548.25,2017-10-19 04:15:00,0.0769
ES,2017-10-19,Thursday,RDR,2551.38,2545.75,5.630000000000109,2554.13,2545.25,8.88000000000011,True,LONG,2017-10-19 12:25:00,2554.5,True,False,,1.5542,0.0,1.5542,2560.13,2017-10-19 15:59:00,0.0,2552.75,2017-10-19 12:42:00,True,2017-10-19 12:30:00,0.0,0.0,False,,,
ES,2017-10-20,Friday,ODR,2568.0,2566.25,1.75,2568.75,2565.75,3.0,True,SHORT,2017-10-20 04:20:00,2565.0,True,True,True,0.0,1.4286,1.4286,2563.75,2017-10-20 04:44:00,0.2857,2566.75,2017-10-20 05:54:00,True,2017-10-20 04:25:00,0.0,0.2857,True,2566.25,2017-10-20 05:51:00,0.0
ES,2017-10-20,Friday,RDR,2569.0,2566.25,2.75,2569.25,2566.0,3.25,True,LONG,2017-10-20 12:25:00,2569.5,True,True,True,1.5455,0.0909,1.5455,2573.25,2017-10-20 14:31:00,0.1818,2568.5,2017-10-20 12:36:00,True,2017-10-20 13:06:00,0.1818,0.0,True,2569.0,2017-10-20 12:32:00,0.0
ES,2017-10-23,Monday,ODR,2574.25,2571.75,2.5,2574.25,2571.75,2.5,True,LONG,2017-10-23 04:40:00,2574.75,True,True,True,1.0,0.0,1.0,2576.75,2017-10-23 05:49:00,0.4,2573.25,2017-10-23 05:12:00,True,2017-10-23 05:45:00,0.4,0.0,True,2574.25,2017-10-23 04:47:00,0.0
ES,2017-10-23,Monday,RDR,2576.25,2572.5,3.75,2576.5,2572.0,4.5,True,SHORT,2017-10-23 11:35:00,2570.5,True,False,,0.0,2.8,2.8,2562.0,2017-10-23 15:37:00,0.0,2572.25,2017-10-23 13:00:00,True,2017-10-23 11:40:00,0.0,0.0,False,,,
ES,2017-10-24,Tuesday,ODR,2566.25,2564.5,1.75,2566.25,2564.5,1.75,True,SHORT,2017-10-24 04:05:00,2564.25,False,True,False,1.36,1.0686,1.0686,2562.63,2017-10-24 04:40:00,2.36,2568.63,2017-10-24 07:58:00,True,2017-10-24 04:22:00,0.4286,2.36,True,2564.5,2017-10-24 04:10:00,0.0
ES,2017-10-24,Tuesday,RDR,2568.63,2563.38,5.25,2569.0,2563.25,5.75,True,LONG,2017-10-24 14:15:00,2569.25,True,True,False,0.261,0.0,0.261,2570.0,2017-10-24 14:24:00,0.8343,2564.25,2017-10-24 15:07:00,False,,0.0,,True,2568.5,2017-10-24 14:42:00,0.0248
ES,2017-10-25,Wednesday,ODR,2565.25,2562.75,2.5,2565.38,2562.25,3.130000000000109,True,LONG,2017-10-25 07:05:00,2566.0,True,True,False,0.3,0.2,0.252,2565.88,2017-10-25 07:10:00,1.2,2562.25,2017-10-25 07:41:00,False,,0.1,,True,2565.0,2017-10-25 07:10:00,0.1
ES,2017-10-25,Wednesday,RDR,2564.5,2556.5,8.0,2564.75,2556.0,8.75,True,SHORT,2017-10-25 10:35:00,2555.5,True,True,True,0.0,1.875,1.875,2541.5,2017-10-25 12:30:00,0.11,2557.38,2017-10-25 15:26:00,True,2017-10-25 10:44:00,0.0,0.11,True,2557.13,2017-10-25 15:25:00,0.0788
ES,2017-10-26,Thursday,ODR,2558.75,2556.5,2.25,2558.75,2556.5,2.25,True,SHORT,2017-10-26 05:20:00,2556.25,False,True,False,1.8889,0.1111,0.1111,2556.25,2017-10-26 05:26:00,2.8889,2563.0,2017-10-26 07:46:00,False,,0.0,,True,2556.5,2017-10-26 05:25:00,0.0
ES,2017-10-26,Thursday,RDR,2563.5,2557.5,6.0,2563.63,2557.25,6.380000000000109,False,,,,,,,0.2083,0.0,,,,,,,False,,,,False,,,
ES,2017-10-27,Friday,ADR,2561.5,2558.5,3.0,2561.5,2558.25,3.25,True,LONG,2017-10-26 21:45:00,2561.75,True,True,True,1.0,0.3333,1.0,2564.5,2017-10-26 22:38:00,0.0,2561.5,2017-10-26 21:58:00,True,2017-10-26 22:04:00,0.0,0.0,True,2561.5,2017-10-26 21:58:00,0.0
ES,2017-10-27,Friday,ODR,2568.0,2562.5,5.5,2568.25,2561.75,6.5,True,LONG,2017-10-27 05:35:00,2568.75,True,True,False,0.2273,0.0,0.2273,2569.25,2017-10-27 05:42:00,0.4545,2565.5,2017-10-27 08:25:00,False,,0.0,,True,2568.0,2017-10-27 05:47:00,0.0
ES,2017-10-27,Friday,RDR,2571.13,2563.5,7.630000000000109,2572.25,2563.0,9.25,True,LONG,2017-10-27 11:05:00,2573.25,True,False,,1.228,0.0,1.228,2580.5,2017-10-27 14:19:00,0.0,2573.0,2017-10-27 11:14:00,True,2017-10-27 11:30:00,0.0,0.0,False,,,
ES,2017-10-30,Monday,ODR,2574.75,2573.0,1.75,2574.75,2572.75,2.0,True,SHORT,2017-10-30 06:30:00,2572.5,True,True,False,0.0,0.7143,0.7143,2571.75,2017-10-30 06:58:00,0.4286,2573.75,2017-10-30 08:09:00,True,2017-10-30 06:58:00,0.0,0.4286,True,2573.0,2017-10-30 06:47:00,0.0
ES,2017-10-30,Monday,RDR,2576.13,2571.75,4.380000000000109,2576.25,2571.25,5.0,True,LONG,2017-10-30 10:30:00,2576.5,False,True,False,0.2557,1.4269,0.2557,2577.25,2017-10-30 10:43:00,2.4269,2565.5,2017-10-30 12:19:00,False,,0.0,,True,2576.13,2017-10-30 10:49:00,0.0
ES,2017-10-31,Tuesday,ADR,2568.25,2567.0,1.25,2568.25,2567.0,1.25,True,LONG,2017-10-30 20:40:00,2568.5,True,True,True,1.4,0.2,1.4,2570.0,2017-10-31 00:33:00,0.2,2568.0,2017-10-30 21:28:00,True,2017-10-30 21:06:00,0.2,0.2,True,2568.25,2017-10-30 20:46:00,0.0
ES,2017-10-31,Tuesday,RDR,2572.5,2569.25,3.25,2572.75,2569.0,3.75,True,LONG,2017-10-31 11:05:00,2573.25,True,True,False,0.8462,0.0,0.8462,2575.25,2017-10-31 15:14:00,0.4615,2571.0,2017-10-31 15:53:00,True,2017-10-31 11:17:00,0.0769,0.4615,True,2572.5,2017-10-31 11:49:00,0.0
ES,2017-11-01,Wednesday,ADR,2573.25,2572.0,1.25,2573.63,2572.0,1.6300000000001091,True,LONG,2017-10-31 20:55:00,2575.0,True,False,,4.0,0.0,4.0,2578.25,2017-11-01 01:51:00,0.0,2575.0,2017-10-31 21:00:00,True,2017-10-31 21:00:00,0.0,0.0,False,,,
ES,2017-11-01,Wednesday,ODR,2580.75,2577.25,3.5,2581.25,2577.25,4.0,True,LONG,2017-11-01 05:55:00,2582.0,True,False,,0.8571,0.0,0.8571,2583.75,2017-11-01 06:56:00,0.0,2581.5,2017-11-01 07:49:00,True,2017-11-01 06:02:00,0.0,0.0,False,,,
ES,2017-11-01,Wednesday,RDR,2584.25,2581.0,3.25,2585.25,2580.0,5.25,True,SHORT,2017-11-01 10:30:00,2579.25,True,True,True,0.0,2.9231,2.9231,2571.5,2017-11-01 13:20:00,0.4615,2582.5,2017-11-01 10:52:00,True,2017-11-01 10:39:00,0.4615,0.4615,True,2581.0,2017-11-01 10:41:00,0.0
ES,2017-11-02,Thursday,ODR,2570.25,2569.0,1.25,2570.25,2569.0,1.25,True,LONG,2017-11-02 04:00:00,2571.0,True,True,True,3.2,0.0,3.2,2574.25,2017-11-02 07:21:00,0.6,2569.5,2017-11-02 05:09:00,True,2017-11-02 04:05:00,0.6,0.6,True,2570.25,2017-11-02 05:03:00,0.0
ES,2017-11-02,Thursday,RDR,2575.5,2563.38,12.11999999999989,2575.75,2562.25,13.5,True,LONG,2017-11-02 15:35:00,2576.25,True,False,,0.2063,0.0,0.2063,2578.0,2017-11-02 15:42:00,0.0,2576.0,2017-11-02 15:59:00,False,,0.0,,False,,,
ES,2017-11-03,Friday,RDR,2578.38,2574.5,3.880000000000109,2578.88,2573.5,5.380000000000109,True,LONG,2017-11-03 11:55:00,2579.75,True,False,,1.7706,0.0644,1.7706,2585.25,2017-11-03 14:27:00,0.0,2579.5,2017-11-03 12:01:00,True,2017-11-03 12:02:00,0.0,0.0,False,,,
ES,2017-11-06,Monday,ADR,2584.0,2581.5,2.5,2584.5,2581.0,3.5,True,SHORT,2017-11-05 20:55:00,2580.5,True,False,,0.0,2.4,2.4,2575.5,2017-11-05 22:05:00,0.0,2580.5,2017-11-05 21:00:00,True,2017-11-05 21:01:00,0.0,0.0,False,,,
ES,2017-11-06,Monday,ODR,2581.75,2579.38,2.369999999999891,2581.75,2579.25,2.5,True,LONG,2017-11-06 07:05:00,2582.25,True,True,False,0.4219,0.0549,0.4219,2582.75,2017-11-06 07:18:00,0.211,2581.25,2017-11-06 08:14:00,False,,0.0,,True,2581.75,2017-11-06 07:55:00,0.0
ES,2017-11-06,Monday,RDR,2586.63,2582.88,3.75,2587.5,2582.25,5.25,True,LONG,2017-11-06 12:50:00,2588.0,True,False,,0.832,0.0,0.832,2589.75,2017-11-06 15:03:00,0.0,2587.25,2017-11-06 13:05:00,True,2017-11-06 13:37:00,0.0,0.0,False,,,
ES,2017-11-07,Tuesday,ODR,2591.88,2589.0,2.880000000000109,2592.0,2588.75,3.25,True,SHORT,2017-11-07 04:40:00,2588.25,True,True,True,0.0,0.7812,0.7812,2586.75,2017-11-07 07:48:00,0.1736,2589.5,2017-11-07 04:57:00,True,2017-11-07 05:33:00,0.1736,0.0,True,2589.0,2017-11-07 04:48:00,0.0
ES,2017-11-07,Tuesday,RDR,2592.75,2589.75,3.0,2593.38,2589.0,4.380000000000109,True,SHORT,2017-11-07 10:30:00,2587.5,True,False,,0.0,3.0,3.0,2580.75,2017-11-07 12:11:00,0.0,2589.25,2017-11-07 11:06:00,True,2017-11-07 10:35:00,0.0,0.0,False,,,
ES,2017-11-08,Wednesday,ADR,2583.25,2580.75,2.5,2583.25,2580.0,3.25,True,LONG,2017-11-07 20:30:00,2583.5,True,True,True,0.3,0.0,0.3,2584.0,2017-11-08 00:19:00,0.4,2582.25,2017-11-07 21:33:00,False,,0.4,,True,2583.25,2017-11-07 20:40:00,0.0
ES,2017-11-08,Wednesday,ODR,2587.0,2584.25,2.75,2587.25,2584.0,3.25,True,SHORT,2017-11-08 06:50:00,2583.75,True,True,False,0.0,0.6364,0.6364,2582.5,2017-11-08 07:45:00,0.3636,2585.25,2017-11-08 08:18:00,True,2017-11-08 07:33:00,0.2727,0.3636,True,2584.25,2017-11-08 07:08:00,0.0
ES,2017-11-08,Wednesday,RDR,2585.25,2582.0,3.25,2585.75,2581.5,4.25,True,LONG,2017-11-08 11:05:00,2586.0,True,True,True,2.1538,0.0,2.1538,2592.25,2017-11-08 15:39:00,0.3846,2584.0,2017-11-08 11:35:00,True,2017-11-08 12:14:00,0.3846,0.0,True,2585.25,2017-11-08 11:27:00,0.0
ES,2017-11-09,Thursday,ADR,2593.75,2591.88,1.8699999999998909,2594.0,2591.5,2.5,True,SHORT,2017-11-08 23:35:00,2591.0,True,False,,0.2674,3.9465,3.9465,2584.5,2017-11-09 00:32:00,0.0,2591.25,2017-11-08 23:47:00,True,2017-11-08 23:40:00,0.0,0.0,False,,,
ES,2017-11-09,Thursday,ODR,2589.5,2586.13,3.369999999999891,2589.75,2585.63,4.119999999999891,True,SHORT,2017-11-09 05:25:00,2585.5,True,True,True,0.0,3.1543,3.1543,2575.5,2017-11-09 08:14:00,0.2582,2587.0,2017-11-09 05:45:00,True,2017-11-09 06:26:00,0.2582,0.0,True,2587.0,2017-11-09 05:45:00,0.2582
ES,2017-11-09,Thursday,RDR,2582.25,2574.38,7.869999999999891,2582.75,2574.13,8.61999999999989,True,LONG,2017-11-09 10:55:00,2583.25,False,True,False,0.1588,1.4142,0.1588,2583.5,2017-11-09 11:00:00,2.4142,2563.25,2017-11-09 12:34:00,False,,0.0,,True,2582.25,2017-11-09 11:02:00,0.0
ES,2017-11-10,Friday,ADR,2583.25,2581.25,2.0,2583.25,2581.0,2.25,True,LONG,2017-11-09 20:30:00,2583.75,False,True,False,1.125,0.5,1.125,2585.5,2017-11-10 00:26:00,1.5,2580.25,2017-11-10 01:54:00,True,2017-11-09 20:36:00,1.0,1.5,True,2583.25,2017-11-09 20:41:00,0.0
ES,2017-11-10,Friday,ODR,2581.5,2575.63,5.869999999999891,2581.75,2575.5,6.25,True,SHORT,2017-11-10 04:10:00,2575.0,True,True,False,0.0,0.724,0.724,2571.38,2017-11-10 04:28:00,0.3186,2577.5,2017-11-10 08:16:00,True,2017-11-10 04:26:00,0.0,0.3186,True,2575.75,2017-11-10 06:08:00,0.0204
ES,2017-11-10,Friday,RDR,2578.5,2574.25,4.25,2579.0,2573.5,5.5,True,LONG,2017-11-10 14:10:00,2580.5,True,False,,0.7059,0.2941,0.7059,2581.5,2017-11-10 15:02:00,0.0,2579.5,2017-11-10 15:45:00,True,2017-11-10 14:21:00,0.0,0.0,False,,,
ES,2017-11-13,Monday,ADR,2582.5,2581.0,1.5,2582.75,2580.75,2.0,True,LONG,2017-11-12 20:40:00,2583.25,False,True,False,1.1667,1.5,1.1667,2584.25,2017-11-12 23:59:00,2.5,2578.75,2017-11-13 01:07:00,True,2017-11-12 20:45:00,0.6667,2.5,True,2582.5,2017-11-12 21:04:00,0.0
ES,2017-11-13,Monday,ODR,2582.25,2579.5,2.75,2582.25,2579.5,2.75,True,SHORT,2017-11-13 04:25:00,2578.5,True,False,,0.0,3.0,3.0,2571.25,2017-11-13 07:28:00,0.0,2579.0,2017-11-13 04:47:00,True,2017-11-13 04:30:00,0.0,0.0,False,,,
ES,2017-11-13,Monday,RDR,2581.75,2572.13,9.61999999999989,2582.0,2572.0,10.0,True,LONG,2017-11-13 11:55:00,2582.25,True,True,True,0.3638,0.0,0.3638,2585.25,2017-11-13 15:25:00,0.1299,2580.5,2017-11-13 13:08:00,False,,0.1299,,True,2581.75,2017-11-13 12:23:00,0.0
ES,2017-11-14,Tuesday,ADR,2582.0,2579.75,2.25,2582.0,2579.75,2.25,True,SHORT,2017-11-13 21:15:00,2579.0,True,True,True,0.0,1.1111,1.1111,2577.25,2017-11-14 00:55:00,0.0,2579.75,2017-11-13 21:45:00,True,2017-11-14 00:33:00,0.0,0.0,True,2579.75,2017-11-13 21:45:00,0.0
ES,2017-11-14,Tuesday,ODR,2581.75,2579.5,2.25,2582.0,2578.25,3.75,True,SHORT,2017-11-14 07:10:00,2577.75,True,False,,0.0,1.8889,1.8889,2575.25,2017-11-14 07:35:00,0.0,2578.0,2017-11-14 08:29:00,True,2017-11-14 07:15:00,0.0,0.0,False,,,
ES,2017-11-14,Tuesday,RDR,2574.25,2565.13,9.11999999999989,2575.75,2564.25,11.5,True,LONG,2017-11-14 10:45:00,2576.75,True,True,True,0.4112,0.0,0.4112,2578.0,2017-11-14 10:55:00,0.4386,2570.25,2017-11-14 13:05:00,False,,0.0,,True,2574.25,2017-11-14 11:42:00,0.0
ES,2017-11-15,Wednesday,ADR,2572.0,2569.5,2.5,2572.25,2568.75,3.5,True,SHORT,2017-11-14 20:35:00,2568.0,True,True,True,0.2,0.6,0.5,2568.25,2017-11-14 20:40:00,1.2,2572.5,2017-11-14 23:27:00,True,2017-11-14 20:40:00,0.0,1.2,True,2569.5,2017-11-14 20:45:00,0.0
ES,2017-11-15,Wednesday,ODR,2568.5,2565.88,2.619999999999891,2568.75,2565.5,3.25,True,SHORT,2017-11-15 04:35:00,2565.25,False,True,False,0.3817,1.4809,1.4809,2562.0,2017-11-15 05:29:00,1.3817,2569.5,2017-11-15 08:28:00,True,2017-11-15 04:43:00,0.5229,1.3817,True,2566.0,2017-11-15 04:55:00,0.0458
ES,2017-11-15,Wednesday,RDR,2565.88,2556.63,9.25,2566.13,2555.5,10.63000000000011,True,LONG,2017-11-15 10:35:00,2566.25,True,True,False,0.5946,0.0,0.5946,2571.38,2017-11-15 11:26:00,0.4465,2561.75,2017-11-15 15:55:00,True,2017-11-15 11:21:00,0.0541,0.4465,True,2565.75,2017-11-15 10:43:00,0.0141
ES,2017-11-16,Thursday,ADR,2568.25,2565.5,2.75,2568.5,2565.5,3.0,True,LONG,2017-11-15 21:10:00,2569.0,True,True,True,1.5455,0.0,1.5455,2572.5,2017-11-16 01:10:00,0.1818,2567.75,2017-11-15 22:40:00,True,2017-11-15 21:24:00,0.1818,0.1818,True,2568.25,2017-11-15 22:34:00,0.0
ES,2017-11-16,Thursday,ODR,2572.75,2570.25,2.5,2573.0,2570.0,3.0,True,LONG,2017-11-16 04:15:00,2573.5,True,True,True,1.2,0.0,1.2,2575.75,2017-11-16 05:18:00,0.1,2572.5,2017-11-16 06:45:00,True,2017-11-16 04:37:00,0.0,0.1,True,2572.75,2017-11-16 04:26:00,0.0
ES,2017-11-16,Thursday,RDR,2580.0,2574.13,5.869999999999891,2580.25,2573.75,6.5,True,LONG,2017-11-16 10:35:00,2581.25,True,False,,1.5758,0.0,1.5758,2589.25,2017-11-16 14:15:00,0.0,2581.13,2017-11-16 11:26:00,True,2017-11-16 10:41:00,0.0,0.0,False,,,
ES,2017-11-17,Friday,ADR,2585.5,2583.75,1.75,2585.75,2583.5,2.25,True,SHORT,2017-11-16 21:00:00,2582.25,True,False,,0.0,1.8571,1.8571,2580.5,2017-11-16 21:28:00,0.0,2583.63,2017-11-16 21:11:00,True,2017-11-16 21:05:00,0.0,0.0,False,,,
ES,2017-11-17,Friday,ODR,2584.25,2580.75,3.5,2584.5,2580.75,3.75,True,SHORT,2017-11-17 04:15:00,2580.0,False,True,False,0.2857,0.3571,0.2857,2579.75,2017-11-17 05:50:00,1.2857,2585.25,2017-11-17 07:53:00,False,,0.2143,,True,2580.75,2017-11-17 04:22:00,0.0
ES,2017-11-17,Friday,RDR,2582.25,2580.25,2.0,2583.0,2578.5,4.5,True,SHORT,2017-11-17 15:40:00,2578.0,True,False,,0.0,2.0,2.0,2576.25,2017-11-17 15:46:00,0.0,2579.25,2017-11-17 15:55:00,True,2017-11-17 15:45:00,0.0,0.0,False,,,
ES,2017-11-20,Monday,ODR,2572.75,2570.5,2.25,2573.0,2570.0,3.0,True,LONG,2017-11-20 05:25:00,2573.25,True,False,,1.8889,0.0,1.8889,2577.0,2017-11-20 08:26:00,0.0,2573.25,2017-11-20 05:30:00,True,2017-11-20 05:34:00,0.0,0.0,False,,,
ES,2017-11-20,Monday,RDR,2580.75,2577.25,3.5,2581.0,2577.0,4.0,True,LONG,2017-11-20 10:55:00,2581.25,True,True,True,0.8571,0.0,0.8571,2583.75,2017-11-20 15:07:00,0.2857,2579.75,2017-11-20 12:24:00,True,2017-11-20 13:18:00,0.2857,0.2857,True,2580.75,2017-11-20 11:01:00,0.0
ES,2017-11-21,Tuesday,ADR,2581.5,2579.25,2.25,2581.75,2579.25,2.5,True,LONG,2017-11-20 21:10:00,2582.0,True,True,False,0.6667,0.0,0.6667,2583.0,2017-11-21 00:11:00,0.4444,2580.5,2017-11-21 01:10:00,True,2017-11-21 00:02:00,0.1111,0.4444,True,2581.5,2017-11-20 21:22:00,0.0
ES,2017-11-21,Tuesday,ODR,2581.5,2579.75,1.75,2581.75,2579.25,2.5,True,LONG,2017-11-21 04:30:00,2582.0,True,True,True,5.7143,0.0,5.7143,2591.5,2017-11-21 08:09:00,0.1429,2581.25,2017-11-21 04:37:00,True,2017-11-21 04:42:00,0.1429,0.0,True,2581.25,2017-11-21 04:37:00,0.1429
ES,2017-11-21,Tuesday,RDR,2598.0,2590.13,7.869999999999891,2598.13,2589.25,8.88000000000011,True,LONG,2017-11-21 10:40:00,2598.5,True,True,False,0.2859,0.0,0.2859,2600.25,2017-11-21 13:54:00,0.1906,2596.5,2017-11-21 15:20:00,False,,0.1271,,True,2598.0,2017-11-21 10:47:00,0.0
ES,2017-11-22,Wednesday,ADR,2595.75,2594.75,1.0,2595.75,2594.5,1.25,True,LONG,2017-11-21 20:40:00,2596.0,True,True,True,3.25,0.0,3.25,2599.0,2017-11-21 21:48:00,0.5,2595.25,2017-11-21 20:55:00,True,2017-11-21 20:51:00,0.5,0.5,True,2595.75,2017-11-21 20:45:00,0.0
ES,2017-11-22,Wednesday,ODR,2598.25,2596.75,1.5,2598.25,2596.5,1.75,True,SHORT,2017-11-22 04:30:00,2596.25,False,True,False,1.0,0.5,0.5,2596.0,2017-11-22 05:42:00,2.0,2599.75,2017-11-22 07:54:00,True,2017-11-22 05:42:00,0.6667,2.0,True,2597.0,2017-11-22 04:38:00,0.1667
ES,2017-11-22,Wednesday,RDR,2599.5,2596.25,3.25,2599.5,2596.0,3.5,True,SHORT,2017-11-22 10:30:00,2595.5,True,True,True,0.0,0.7692,0.7692,2593.75,2017-11-22 13:23:00,0.5015,2597.88,2017-11-22 11:09:00,True,2017-11-22 12:19:00,0.5015,0.3846,True,2596.5,2017-11-22 10:39:00,0.0769
ES,2017-11-23,Thursday,ODR,2593.75,2590.25,3.5,2594.0,2589.5,4.5,True,LONG,2017-11-23 04:10:00,2594.75,True,True,True,1.1429,0.0,1.1429,2597.75,2017-11-23 05:58:00,0.0,2593.75,2017-11-23 04:37:00,True,2017-11-23 04:47:00,0.0,0.0,True,2593.75,2017-11-23 04:37:00,0.0
ES,2017-11-24,Friday,ODR,2598.0,2596.25,1.75,2598.0,2595.75,2.25,True,LONG,2017-11-24 05:30:00,2598.25,True,True,True,2.4286,0.0,2.4286,2602.25,2017-11-24 08:24:00,0.0,2598.0,2017-11-24 05:37:00,True,2017-11-24 05:48:00,0.0,0.0,True,2598.0,2017-11-24 05:37:00,0.0
ES,2017-11-24,Friday,RDR,2600.75,2599.5,1.25,2601.25,2599.25,2.0,True,LONG,2017-11-24 11:00:00,2601.5,True,True,True,1.6,0.0,1.6,2602.75,2017-11-24 12:19:00,0.6,2600.0,2017-11-24 13:14:00,True,2017-11-24 11:05:00,0.0,0.6,True,2600.75,2017-11-24 12:59:00,0.0
ES,2017-11-27,Monday,ADR,2601.5,2599.25,2.25,2601.5,2599.25,2.25,True,SHORT,2017-11-26 20:30:00,2599.0,True,True,True,0.0,1.2222,1.2222,2596.5,2017-11-26 21:13:00,0.1689,2599.63,2017-11-26 20:38:00,True,2017-11-26 20:45:00,0.1689,0.0,True,2599.25,2017-11-26 20:35:00,0.0
ES,2017-11-27,Monday,ODR,2602.25,2598.75,3.5,2602.25,2598.25,4.0,True,LONG,2017-11-27 04:05:00,2603.0,True,True,False,0.5714,0.0,0.5714,2604.25,2017-11-27 06:08:00,0.7143,2599.75,2017-11-27 07:30:00,True,2017-11-27 06:03:00,0.1429,0.7143,True,2602.25,2017-11-27 04:34:00,0.0
ES,2017-11-27,Monday,RDR,2605.25,2601.0,4.25,2605.25,2600.5,4.75,True,SHORT,2017-11-27 11:15:00,2600.25,True,True,True,0.0,0.7647,0.7647,2597.75,2017-11-27 11:39:00,0.2353,2602.0,2017-11-27 13:07:00,True,2017-11-27 11:28:00,0.0,0.2353,True,2601.0,2017-11-27 11:50:00,0.0
ES,2017-11-28,Tuesday,ODR,2603.63,2601.75,1.8800000000001091,2603.75,2601.0,2.75,True,LONG,2017-11-28 05:00:00,2604.0,True,True,True,0.5957,0.0,0.5957,2604.75,2017-11-28 06:41:00,0.867,2602.0,2017-11-28 05:23:00,True,2017-11-28 06:41:00,0.867,0.0,True,2603.5,2017-11-28 05:06:00,0.0691
ES,2017-11-28,Tuesday,RDR,2608.0,2604.63,3.369999999999891,2608.75,2604.25,4.5,True,LONG,2017-11-28 10:35:00,2609.0,True,False,,5.5638,0.0,5.5638,2626.75,2017-11-28 15:22:00,0.0,2608.25,2017-11-28 10:43:00,True,2017-11-28 11:28:00,0.0,0.0,False,,,
ES,2017-11-29,Wednesday,ADR,2625.5,2623.88,1.6199999999998909,2625.5,2623.75,1.75,True,SHORT,2017-11-28 21:55:00,2623.25,True,True,False,0.1543,0.3889,0.3889,2623.25,2017-11-28 22:02:00,1.1543,2625.75,2017-11-29 01:40:00,False,,0.0,,True,2624.0,2017-11-28 22:07:00,0.0741
ES,2017-11-29,Wednesday,ODR,2626.75,2625.0,1.75,2627.0,2625.0,2.0,True,LONG,2017-11-29 05:55:00,2627.75,True,False,,1.5714,0.0,1.5714,2629.5,2017-11-29 06:41:00,0.0,2627.25,2017-11-29 06:00:00,True,2017-11-29 06:04:00,0.0,0.0,False,,,
ES,2017-11-29,Wednesday,RDR,2633.0,2626.25,6.75,2634.0,2625.25,8.75,True,SHORT,2017-11-29 11:05:00,2624.75,True,True,True,0.0,0.9437,0.9437,2619.88,2017-11-29 12:04:00,0.1481,2627.25,2017-11-29 11:12:00,True,2017-11-29 11:42:00,0.1481,0.0741,True,2627.25,2017-11-29 11:12:00,0.1481
ES,2017-11-30,Thursday,ADR,2624.88,2623.0,1.8800000000001091,2625.25,2623.0,2.25,True,SHORT,2017-11-29 20:40:00,2622.25,False,True,False,0.5957,0.6649,0.6649,2621.75,2017-11-29 20:46:00,1.5957,2626.0,2017-11-30 00:05:00,True,2017-11-29 20:45:00,0.0,1.5957,True,2623.0,2017-11-29 20:51:00,0.0
ES,2017-11-30,Thursday,ODR,2628.25,2626.0,2.25,2628.5,2625.63,2.869999999999891,True,LONG,2017-11-30 04:10:00,2629.5,True,True,True,2.4444,0.0,2.4444,2633.75,2017-11-30 06:22:00,0.1111,2628.0,2017-11-30 04:54:00,True,2017-11-30 04:15:00,0.1111,0.1111,True,2628.25,2017-11-30 04:39:00,0.0
ES,2017-11-30,Thursday,RDR,2639.75,2635.38,4.369999999999891,2640.5,2634.5,6.0,True,LONG,2017-11-30 10:55:00,2641.5,True,False,,4.2334,0.0,4.2334,2658.25,2017-11-30 12:48:00,0.0,2641.0,2017-11-30 11:00:00,True,2017-11-30 11:01:00,0.0,0.0,False,,,
ES,2017-12-01,Friday,ADR,2642.0,2638.75,3.25,2642.0,2638.25,3.75,True,SHORT,2017-11-30 20:50:00,2637.5,False,True,False,0.2308,0.4615,0.4615,2637.25,2017-11-30 21:04:00,1.2308,2642.75,2017-12-01 01:57:00,False,,0.0,,True,2639.0,2017-11-30 21:30:00,0.0769
ES,2017-12-01,Friday,ODR,2645.25,2639.25,6.0,2645.5,2639.25,6.25,True,SHORT,2017-12-01 04:15:00,2638.5,False,True,False,0.125,1.3533,1.3533,2631.13,2017-12-01 05:56:00,1.125,2646.0,2017-12-01 08:25:00,True,2017-12-01 05:42:00,0.5417,1.125,True,2639.25,2017-12-01 04:24:00,0.0
ES,2017-12-01,Friday,RDR,2649.75,2643.0,6.75,2650.5,2642.63,7.869999999999891,True,SHORT,2017-12-01 11:05:00,2641.25,True,False,,0.0741,5.6296,5.6296,2605.0,2017-12-01 11:33:00,0.0,2642.75,2017-12-01 15:42:00,True,2017-12-01 11:10:00,0.0,0.0,False,,,
ES,2017-12-04,Monday,ADR,2660.75,2659.0,1.75,2661.0,2658.75,2.25,True,LONG,2017-12-03 22:55:00,2661.5,False,True,False,0.7143,0.5714,0.7143,2662.0,2017-12-03 23:02:00,1.5714,2658.0,2017-12-04 00:47:00,True,2017-12-03 23:02:00,0.0,1.5714,True,2660.75,2017-12-03 23:36:00,0.0
ES,2017-12-04,Monday,ODR,2658.88,2657.0,1.8800000000001091,2659.25,2656.75,2.5,True,SHORT,2017-12-04 04:45:00,2656.5,False,True,False,0.9947,0.3989,0.3989,2656.25,2017-12-04 04:51:00,1.9947,2660.75,2017-12-04 07:32:00,False,,0.0,,True,2657.0,2017-12-04 05:09:00,0.0
ES,2017-12-04,Monday,RDR,2664.25,2658.75,5.5,2665.0,2657.63,7.369999999999891,True,SHORT,2017-12-04 10:40:00,2657.25,True,False,,0.0,3.7036,3.7036,2638.38,2017-12-04 15:59:00,0.0,2657.75,2017-12-04 10:47:00,True,2017-12-04 10:45:00,0.0,0.0,False,,,
ES,2017-12-05,Tuesday,ADR,2640.25,2638.0,2.25,2640.25,2637.75,2.5,True,LONG,2017-12-04 20:30:00,2640.5,True,True,True,1.8889,0.0,1.8889,2644.5,2017-12-04 23:59:00,0.0,2640.25,2017-12-04 20:48:00,True,2017-12-04 21:15:00,0.0,0.0,True,2640.25,2017-12-04 20:48:00,0.0
ES,2017-12-05,Tuesday,ODR,2643.25,2639.75,3.5,2643.25,2639.5,3.75,True,SHORT,2017-12-05 04:20:00,2639.0,False,True,False,0.4286,1.2486,1.2486,2635.38,2017-12-05 05:58:00,1.4286,2644.75,2017-12-05 08:09:00,True,2017-12-05 05:23:00,0.5,1.4286,True,2639.75,2017-12-05 04:29:00,0.0
ES,2017-12-05,Tuesday,RDR,2643.0,2638.88,4.119999999999891,2643.5,2638.25,5.25,True,LONG,2017-12-05 10:55:00,2645.25,False,True,False,1.335,2.7621,1.335,2648.5,2017-12-05 11:12:00,3.7621,2627.5,2017-12-05 15:53:00,True,2017-12-05 11:00:00,0.0,3.7621,True,2642.75,2017-12-05 11:58:00,0.0607
ES,2017-12-06,Wednesday,ADR,2631.25,2629.75,1.5,2631.25,2629.5,1.75,True,SHORT,2017-12-05 21:15:00,2629.0,True,False,,0.0,5.1667,5.1667,2622.0,2017-12-06 00:05:00,0.0,2629.5,2017-12-05 21:21:00,True,2017-12-05 21:20:00,0.0,0.0,False,,,
ES,2017-12-06,Wednesday,ODR,2625.0,2622.13,2.869999999999891,2625.25,2622.0,3.25,True,LONG,2017-12-06 04:00:00,2625.5,True,True,False,0.6098,0.0453,0.6098,2626.75,2017-12-06 07:52:00,1.0453,2622.0,2017-12-06 05:24:00,True,2017-12-06 07:15:00,1.0453,0.3484,True,2625.0,2017-12-06 04:06:00,0.0
ES,2017-12-06,Wednesday,RDR,2630.75,2625.63,5.119999999999891,2632.0,2625.25,6.75,True,SHORT,2017-12-06 10:35:00,2625.0,False,True,False,0.6836,0.2695,0.0742,2625.25,2017-12-06 10:40:00,1.6836,2634.25,2017-12-06 14:36:00,False,,0.2187,,True,2626.75,2017-12-06 10:40:00,0.2187
ES,2017-12-07,Thursday,ADR,2635.5,2633.5,2.0,2636.0,2633.25,2.75,True,LONG,2017-12-06 20:40:00,2636.75,True,True,False,0.625,0.125,0.5,2636.5,2017-12-06 20:45:00,1.125,2633.25,2017-12-07 01:57:00,True,2017-12-06 20:45:00,0.0,1.125,True,2635.5,2017-12-06 21:00:00,0.0
ES,2017-12-07,Thursday,ODR,2632.25,2631.0,1.25,2632.5,2630.75,1.75,True,LONG,2017-12-07 04:10:00,2632.75,False,True,False,2.0,2.4,2.0,2634.75,2017-12-07 04:47:00,3.4,2628.0,2017-12-07 08:19:00,True,2017-12-07 04:18:00,0.0,3.4,True,2632.25,2017-12-07 05:56:00,0.0
ES,2017-12-07,Thursday,RDR,2632.75,2627.75,5.0,2633.5,2626.38,7.119999999999891,True,LONG,2017-12-07 10:30:00,2634.75,True,True,True,1.626,0.0,1.626,2640.88,2017-12-07 13:00:00,0.0,2632.75,2017-12-07 11:10:00,True,2017-12-07 10:37:00,0.0,0.0,True,2632.75,2017-12-07 11:10:00,0.0
ES,2017-12-08,Friday,ADR,2640.0,2638.63,1.3699999999998909,2640.5,2638.25,2.25,True,LONG,2017-12-07 23:40:00,2640.75,True,False,,2.1898,0.2774,2.1898,2643.0,2017-12-08 00:39:00,0.0,2640.75,2017-12-07 23:58:00,True,2017-12-07 23:47:00,0.0,0.0,False,,,
ES,2017-12-08,Friday,ODR,2644.25,2642.5,1.75,2644.5,2642.25,2.25,True,LONG,2017-12-08 04:50:00,2644.75,True,True,True,1.4286,0.0,1.4286,2646.75,2017-12-08 05:42:00,0.7143,2643.0,2017-12-08 07:32:00,True,2017-12-08 04:57:00,0.0,0.7143,True,2644.25,2017-12-08 06:43:00,0.0
ES,2017-12-08,Friday,RDR,2647.75,2645.13,2.619999999999891,2648.38,2643.75,4.630000000000109,True,LONG,2017-12-08 11:00:00,2648.5,False,True,True,1.6221,0.2405,1.6221,2652.0,2017-12-08 13:20:00,1.2405,2644.5,2017-12-08 11:35:00,True,2017-12-08 12:12:00,1.2405,0.5725,True,2647.75,2017-12-08 11:13:00,0.0
ES,2017-12-11,Monday,ODR,2655.5,2653.25,2.25,2655.5,2653.0,2.5,True,SHORT,2017-12-11 04:25:00,2652.75,True,True,True,0.0,1.7778,1.7778,2649.25,2017-12-11 08:04:00,0.4444,2654.25,2017-12-11 05:29:00,True,2017-12-11 04:35:00,0.4444,0.4444,True,2653.25,2017-12-11 05:05:00,0.0
ES,2017-12-11,Monday,RDR,2657.5,2652.0,5.5,2657.5,2651.75,5.75,True,LONG,2017-12-11 12:55:00,2658.25,True,True,True,0.5909,0.0,0.5909,2660.75,2017-12-11 15:59:00,0.2727,2656.0,2017-12-11 15:26:00,True,2017-12-11 15:59:00,0.2727,0.0,True,2657.5,2017-12-11 13:02:00,0.0
ES,2017-12-12,Tuesday,ADR,2664.0,2661.75,2.25,2664.0,2661.75,2.25,True,LONG,2017-12-11 21:20:00,2664.25,True,True,False,0.3333,0.0,0.3333,2664.75,2017-12-11 21:34:00,0.8889,2662.0,2017-12-12 01:26:00,False,,0.0,,True,2664.0,2017-12-11 21:25:00,0.0
ES,2017-12-12,Tuesday,ODR,2663.0,2660.75,2.25,2663.0,2660.75,2.25,True,LONG,2017-12-12 04:15:00,2663.75,True,True,True,0.7778,0.0,0.7778,2664.75,2017-12-12 07:38:00,0.8889,2661.0,2017-12-12 05:45:00,True,2017-12-12 04:25:00,0.8889,0.8889,True,2663.0,2017-12-12 04:44:00,0.0
ES,2017-12-12,Tuesday,RDR,2664.13,2660.75,3.380000000000109,2664.25,2660.25,4.0,True,LONG,2017-12-12 10:45:00,2664.5,True,True,True,1.7751,0.0,1.7751,2670.13,2017-12-12 12:17:00,0.0385,2664.0,2017-12-12 11:04:00,True,2017-12-12 11:19:00,0.0385,0.0385,True,2664.0,2017-12-12 11:04:00,0.0385
ES,2017-12-13,Wednesday,ADR,2663.25,2662.25,1.0,2663.25,2662.25,1.0,True,SHORT,2017-12-12 20:35:00,2661.25,True,True,True,0.0,5.5,5.5,2656.75,2017-12-12 22:29:00,1.0,2663.25,2017-12-12 21:00:00,True,2017-12-12 20:40:00,1.0,1.0,True,2662.25,2017-12-12 20:49:00,0.0
ES,2017-12-13,Wednesday,ODR,2664.0,2662.25,1.75,2664.25,2661.75,2.5,True,LONG,2017-12-13 04:15:00,2664.38,True,True,True,1.2857,0.0,1.2857,2666.25,2017-12-13 06:09:00,1.0,2662.25,2017-12-13 07:57:00,True,2017-12-13 04:27:00,0.2857,1.0,True,2664.0,2017-12-13 04:38:00,0.0
ES,2017-12-13,Wednesday,RDR,2671.25,2667.5,3.75,2671.5,2667.25,4.25,True,LONG,2017-12-13 11:20:00,2671.75,False,True,False,0.2667,1.0667,0.2667,2672.25,2017-12-13 11:55:00,2.0667,2663.5,2017-12-13 15:54:00,False,,0.3333,,True,2671.25,2017-12-13 11:25:00,0.0
ES,2017-12-14,Thursday,ADR,2669.5,2668.0,1.5,2669.5,2668.0,1.5,True,SHORT,2017-12-13 20:50:00,2667.5,True,True,True,0.0,1.6667,1.6667,2665.5,2017-12-13 23:34:00,0.5,2668.75,2017-12-13 21:23:00,True,2017-12-13 23:17:00,0.5,0.0,True,2668.0,2017-12-13 20:56:00,0.0
ES,2017-12-14,Thursday,ODR,2670.0,2668.75,1.25,2670.25,2668.5,1.75,True,LONG,2017-12-14 05:00:00,2670.5,False,True,False,0.4,1.2,0.4,2670.5,2017-12-14 05:05:00,2.2,2667.25,2017-12-14 07:36:00,False,,0.0,,True,2669.75,2017-12-14 05:11:00,0.2
ES,2017-12-14,Thursday,RDR,2668.25,2665.75,2.5,2668.5,2664.75,3.75,True,SHORT,2017-12-14 11:05:00,2664.25,True,True,True,0.0,5.5,5.5,2652.0,2017-12-14 14:30:00,0.0,2665.75,2017-12-14 11:53:00,True,2017-12-14 11:10:00,0.0,0.0,True,2665.75,2017-12-14 11:53:00,0.0
ES,2017-12-15,Friday,ADR,2655.25,2654.25,1.0,2655.25,2654.0,1.25,True,LONG,2017-12-14 21:50:00,2655.75,True,False,,4.5,0.5,4.5,2659.75,2017-12-15 00:06:00,0.0,2655.5,2017-12-14 22:03:00,True,2017-12-14 21:55:00,0.0,0.0,False,,,
ES,2017-12-15,Friday,ODR,2660.25,2658.63,1.6199999999998909,2660.25,2658.5,1.75,True,LONG,2017-12-15 04:05:00,2660.5,False,True,True,2.9321,0.0802,2.9321,2665.0,2017-12-15 08:21:00,1.0802,2658.5,2017-12-15 05:34:00,True,2017-12-15 07:22:00,1.0802,0.0,True,2660.25,2017-12-15 04:21:00,0.0
ES,2017-12-15,Friday,RDR,2674.38,2666.63,7.75,2675.13,2666.0,9.13000000000011,True,LONG,2017-12-15 11:25:00,2676.25,True,True,True,1.0477,0.0,1.0477,2682.5,2017-12-15 15:17:00,0.0168,2674.25,2017-12-15 15:58:00,True,2017-12-15 12:31:00,0.0,0.0168,True,2674.25,2017-12-15 15:58:00,0.0168
ES,2017-12-18,Monday,ADR,2686.75,2684.5,2.25,2686.75,2684.5,2.25,True,LONG,2017-12-17 22:20:00,2687.0,True,True,True,0.7778,0.0,0.7778,2688.5,2017-12-17 23:12:00,0.0,2686.75,2017-12-17 22:44:00,True,2017-12-17 23:00:00,0.0,0.0,True,2686.75,2017-12-17 22:44:00,0.0
ES,2017-12-18,Monday,ODR,2690.5,2688.63,1.8699999999998909,2691.13,2688.5,2.630000000000109,True,LONG,2017-12-18 04:50:00,2691.25,True,True,True,1.4706,0.2032,1.4706,2693.25,2017-12-18 08:22:00,0.1337,2690.25,2017-12-18 06:56:00,True,2017-12-18 04:55:00,0.1337,0.1337,True,2690.5,2017-12-18 05:29:00,0.0
ES,2017-12-18,Monday,RDR,2697.38,2692.63,4.75,2697.75,2691.5,6.25,False,,,,,,,0.0253,0.08,,,,,,,False,,,,False,,,
ES,2017-12-19,Tuesday,ODR,2697.75,2695.5,2.25,2697.75,2695.25,2.5,False,,,,,,,0.0,0.0,,,,,,,False,,,,False,,,
ES,2017-12-19,Tuesday,RDR,2696.88,2690.25,6.630000000000109,2697.25,2689.5,7.75,True,SHORT,2017-12-19 10:40:00,2688.75,True,True,True,0.0,1.0935,1.0935,2683.0,2017-12-19 15:59:00,0.1131,2691.0,2017-12-19 11:22:00,True,2017-12-19 11:56:00,0.1131,0.0,True,2690.25,2017-12-19 11:02:00,0.0
ES,2017-12-20,Wednesday,ODR,2692.0,2689.5,2.5,2692.25,2689.0,3.25,True,LONG,2017-12-20 04:35:00,2692.75,True,True,True,0.5,0.0,0.5,2693.25,2017-12-20 08:23:00,0.6,2690.5,2017-12-20 06:24:00,True,2017-12-20 08:23:00,0.6,0.0,True,2692.0,2017-12-20 04:45:00,0.0
ES,2017-12-20,Wednesday,RDR,2694.5,2684.0,10.5,2695.25,2683.13,12.11999999999989,True,SHORT,2017-12-20 10:35:00,2681.0,True,True,True,0.0,0.4762,0.4762,2679.0,2017-12-20 10:44:00,0.381,2688.0,2017-12-20 13:30:00,False,,0.0,,True,2684.5,2017-12-20 11:02:00,0.0476
ES,2017-12-21,Thursday,ODR,2683.0,2680.88,2.119999999999891,2683.0,2680.75,2.25,True,LONG,2017-12-21 05:10:00,2683.5,True,False,,1.9481,0.0,1.9481,2687.13,2017-12-21 07:49:00,0.0,2683.25,2017-12-21 05:29:00,True,2017-12-21 05:19:00,0.0,0.0,False,,,
ES,2017-12-21,Thursday,RDR,2689.0,2684.75,4.25,2690.25,2684.75,5.5,True,LONG,2017-12-21 10:35:00,2691.25,True,True,False,1.6471,0.0,1.6471,2696.0,2017-12-21 13:28:00,0.5294,2686.75,2017-12-21 15:55:00,True,2017-12-21 10:40:00,0.0,0.5294,True,2689.0,2017-12-21 15:48:00,0.0
ES,2017-12-22,Friday,ODR,2691.25,2690.25,1.0,2691.25,2690.0,1.25,True,SHORT,2017-12-22 05:50:00,2689.75,True,True,True,0.0,2.25,2.25,2688.0,2017-12-22 08:12:00,0.5,2690.75,2017-12-22 06:52:00,True,2017-12-22 05:55:00,0.5,0.5,True,2690.25,2017-12-22 06:21:00,0.0
ES,2017-12-22,Friday,RDR,2688.75,2685.75,3.0,2688.75,2684.75,4.0,True,SHORT,2017-12-22 11:30:00,2684.5,False,True,False,0.1667,1.1233,0.75,2683.5,2017-12-22 11:40:00,1.1667,2689.25,2017-12-22 15:59:00,True,2017-12-22 11:35:00,0.0,1.1667,True,2685.75,2017-12-22 12:28:00,0.0
ES,2017-12-26,Tuesday,RDR,2687.25,2685.13,2.119999999999891,2688.0,2684.25,3.75,False,,,,,,,0.3538,0.4151,,,,,,,False,,,,False,,,
ES,2017-12-27,Wednesday,ODR,2689.5,2688.0,1.5,2689.75,2687.75,2.0,False,,,,,,,0.3333,0.5,,,,,,,False,,,,False,,,
ES,2017-12-27,Wednesday,RDR,2689.75,2687.5,2.25,2689.75,2686.5,3.25,True,LONG,2017-12-27 10:45:00,2690.0,False,True,False,0.4444,2.6667,0.4444,2690.75,2017-12-27 11:01:00,3.6667,2681.5,2017-12-27 15:38:00,False,,0.0,,True,2689.75,2017-12-27 11:07:00,0.0
ES,2017-12-28,Thursday,RDR,2688.38,2683.75,4.630000000000109,2688.5,2683.75,4.75,True,SHORT,2017-12-28 10:30:00,2683.5,True,True,False,0.0,0.162,0.162,2683.0,2017-12-28 13:55:00,0.7559,2687.25,2017-12-28 15:59:00,False,,0.378,,True,2684.0,2017-12-28 10:36:00,0.054
ES,2017-12-29,Friday,ODR,2689.25,2687.75,1.5,2689.25,2687.5,1.75,True,LONG,2017-12-29 04:10:00,2689.5,True,True,True,5.92,0.0,5.92,2698.13,2017-12-29 07:24:00,0.5,2688.5,2017-12-29 04:21:00,True,2017-12-29 04:38:00,0.5,0.0,True,2689.25,2017-12-29 04:15:00,0.0
ES,2017-12-29,Friday,RDR,2693.25,2685.5,7.75,2693.25,2684.5,8.75,True,SHORT,2017-12-29 11:00:00,2684.25,True,True,True,0.0,1.4516,1.4516,2674.25,2017-12-29 15:59:00,0.1613,2686.75,2017-12-29 11:50:00,True,2017-12-29 13:55:00,0.1613,0.0968,True,2685.5,2017-12-29 11:30:00,0.0
NQ,2017-01-03,Tuesday,ADR,4885.0,4880.73,4.270000000000437,4886.73,4880.23,6.5,True,SHORT,2017-01-02 20:30:00,4878.75,False,True,False,2.8103,0.644,0.644,4877.98,2017-01-02 20:36:00,3.8103,4897.0,2017-01-03 00:37:00,True,2017-01-02 20:35:00,0.0,3.8103,True,4880.73,2017-01-02 20:39:00,0.0
NQ,2017-01-03,Tuesday,ODR,4904.98,4896.0,8.979999999999563,4905.98,4894.5,11.479999999999563,True,LONG,2017-01-03 07:00:00,4906.98,True,True,False,0.3062,0.3363,0.1971,4906.75,2017-01-03 07:05:00,0.4454,4900.98,2017-01-03 08:24:00,False,,0.0,,True,4904.98,2017-01-03 07:08:00,0.0
NQ,2017-01-03,Tuesday,RDR,4924.25,4888.48,35.77000000000044,4926.98,4885.73,41.25,True,SHORT,2017-01-03 11:40:00,4881.98,True,True,False,0.0,0.2167,0.2097,4880.98,2017-01-03 14:33:00,0.4892,4905.98,2017-01-03 15:59:00,False,,0.1473,,True,4888.98,2017-01-03 11:54:00,0.014
NQ,2017-01-04,Wednesday,ADR,4912.25,4904.48,7.770000000000437,4912.25,4904.25,8.0,True,LONG,2017-01-03 20:35:00,4913.5,True,True,True,0.6435,0.0,0.6435,4917.25,2017-01-04 00:06:00,0.0669,4911.73,2017-01-03 21:39:00,True,2017-01-03 23:56:00,0.0669,0.0,True,4912.25,2017-01-03 20:54:00,0.0
NQ,2017-01-04,Wednesday,ODR,4915.25,4911.48,3.7700000000004366,4916.0,4910.5,5.5,True,LONG,2017-01-04 08:00:00,4916.48,True,True,True,0.7241,0.5305,0.7241,4917.98,2017-01-04 08:20:00,0.0716,4914.98,2017-01-04 08:09:00,True,2017-01-04 08:16:00,0.0716,0.0,True,4915.23,2017-01-04 08:08:00,0.0053
NQ,2017-01-04,Wednesday,RDR,4928.98,4912.23,16.75,4933.48,4911.98,21.5,True,LONG,2017-01-04 12:00:00,4934.73,True,True,True,0.791,0.0,0.791,4942.23,2017-01-04 14:36:00,0.0448,4928.23,2017-01-04 13:08:00,True,2017-01-04 14:18:00,0.0448,0.0,True,4928.98,2017-01-04 13:04:00,0.0
NQ,2017-01-05,Thursday,ADR,4930.48,4928.25,2.2299999999995634,4930.73,4927.98,2.75,True,LONG,2017-01-04 23:10:00,4930.98,False,True,False,0.8969,1.1211,0.8969,4932.48,2017-01-05 01:06:00,2.1211,4925.75,2017-01-05 01:59:00,True,2017-01-05 00:46:00,0.6726,2.1211,True,4930.48,2017-01-04 23:20:00,0.0
NQ,2017-01-05,Thursday,ODR,4928.98,4923.5,5.479999999999563,4930.23,4921.5,8.729999999999563,True,LONG,2017-01-05 04:45:00,4930.75,False,True,False,0.7299,0.5931,0.7299,4932.98,2017-01-05 04:55:00,1.5931,4920.25,2017-01-05 07:56:00,True,2017-01-05 04:53:00,0.0,1.5931,True,4928.23,2017-01-05 05:20:00,0.1369
NQ,2017-01-05,Thursday,RDR,4955.0,4931.0,24.0,4958.23,4929.75,28.479999999999563,True,LONG,2017-01-05 15:20:00,4959.48,True,False,,0.3742,0.0,0.3742,4963.98,2017-01-05 15:51:00,0.0,4958.73,2017-01-05 15:27:00,False,,0.0,,False,,,
NQ,2017-01-06,Friday,ADR,4963.25,4959.23,4.020000000000437,4963.98,4958.98,5.0,False,,,,,,,0.1816,0.0,,,,,,,False,,,,False,,,
NQ,2017-01-06,Friday,ODR,4961.48,4958.75,2.7299999999995634,4961.98,4958.23,3.75,True,LONG,2017-01-06 04:30:00,4962.25,True,True,True,1.7399,0.0,1.7399,4966.23,2017-01-06 07:09:00,0.5421,4960.0,2017-01-06 08:16:00,True,2017-01-06 05:12:00,0.3663,0.5421,True,4961.25,2017-01-06 04:41:00,0.0842
NQ,2017-01-06,Friday,RDR,4979.23,4958.48,20.75,4982.23,4952.48,29.75,True,LONG,2017-01-06 10:50:00,4986.98,True,False,,1.8313,0.0,1.8313,5017.23,2017-01-06 14:19:00,0.0,4984.23,2017-01-06 10:59:00,True,2017-01-06 11:14:00,0.0,0.0,False,,,
NQ,2017-01-09,Monday,ADR,5011.23,5009.98,1.25,5011.5,5009.73,1.7700000000004366,True,LONG,2017-01-08 20:55:00,5011.73,True,True,True,4.216,1.584,4.216,5016.5,2017-01-09 01:50:00,0.2,5010.98,2017-01-08 21:01:00,True,2017-01-08 21:00:00,0.2,0.2,True,5010.98,2017-01-08 21:01:00,0.2
NQ,2017-01-09,Monday,ODR,5014.98,5009.23,5.75,5015.23,5008.73,6.5,True,SHORT,2017-01-09 04:10:00,5008.23,True,True,True,0.0,1.087,1.087,5002.98,2017-01-09 06:35:00,0.1304,5009.98,2017-01-09 04:44:00,True,2017-01-09 04:20:00,0.1304,0.1304,True,5009.23,2017-01-09 04:33:00,0.0
NQ,2017-01-09,Monday,RDR,5018.48,5007.0,11.479999999999563,5020.23,5004.48,15.75,True,LONG,2017-01-09 11:15:00,5021.23,True,True,True,0.9582,0.0,0.9582,5029.48,2017-01-09 15:32:00,0.3049,5014.98,2017-01-09 11:44:00,True,2017-01-09 12:33:00,0.3049,0.2613,True,5018.23,2017-01-09 11:24:00,0.0218
NQ,2017-01-10,Tuesday,ADR,5017.73,5014.0,3.7299999999995634,5017.98,5013.73,4.25,True,LONG,2017-01-09 20:45:00,5018.0,False,True,False,0.6032,1.748,0.6032,5019.98,2017-01-09 21:23:00,2.748,5007.48,2017-01-09 23:21:00,True,2017-01-09 21:23:00,0.2681,2.748,True,5017.48,2017-01-09 20:50:00,0.067
NQ,2017-01-10,Tuesday,ODR,5022.73,5017.75,4.979999999999563,5023.5,5016.5,7.0,True,LONG,2017-01-10 05:25:00,5025.23,True,True,False,0.6024,0.0,0.6024,5025.73,2017-01-10 05:34:00,0.4016,5020.73,2017-01-10 08:29:00,True,2017-01-10 05:34:00,0.0,0.4016,True,5022.73,2017-01-10 06:24:00,0.0
NQ,2017-01-10,Tuesday,RDR,5024.73,5014.73,10.0,5027.25,5010.98,16.270000000000437,True,LONG,2017-01-10 11:00:00,5034.98,True,False,,2.2,0.0,2.2,5046.73,2017-01-10 12:17:00,0.0,5027.98,2017-01-10 14:02:00,True,2017-01-10 11:05:00,0.0,0.0,False,,,
NQ,2017-01-11,Wednesday,ADR,5033.5,5026.75,6.75,5034.23,5026.73,7.5,True,SHORT,2017-01-10 20:35:00,5026.5,True,True,False,0.0,0.4844,0.4844,5023.48,2017-01-10 20:55:00,0.8119,5032.23,2017-01-11 01:52:00,False,,0.0,,True,5026.98,2017-01-10 21:05:00,0.0341
NQ,2017-01-11,Wednesday,ODR,5033.25,5025.25,8.0,5034.48,5023.98,10.5,True,LONG,2017-01-11 04:55:00,5036.73,True,True,False,0.5912,0.0,0.5912,5037.98,2017-01-11 06:59:00,0.5025,5029.23,2017-01-11 08:16:00,True,2017-01-11 05:43:00,0.0,0.5025,True,5032.73,2017-01-11 07:32:00,0.065
NQ,2017-01-11,Wednesday,RDR,5038.73,5031.48,7.25,5040.73,5028.23,12.5,True,LONG,2017-01-11 10:35:00,5042.23,False,True,True,0.931,3.2759,0.931,5045.48,2017-01-11 15:50:00,4.2759,5007.73,2017-01-11 11:38:00,True,2017-01-11 10:40:00,4.2759,4.2759,True,5035.73,2017-01-11 10:52:00,0.4138
NQ,2017-01-12,Thursday,ADR,5040.25,5037.98,2.2700000000004366,5040.25,5037.25,3.0,True,LONG,2017-01-11 20:35:00,5041.48,False,True,False,0.8722,2.8634,0.5507,5041.5,2017-01-11 20:40:00,3.8634,5031.48,2017-01-11 23:17:00,True,2017-01-11 20:40:00,0.0,3.8634,True,5040.25,2017-01-11 20:40:00,0.0
NQ,2017-01-12,Thursday,ODR,5033.5,5029.48,4.020000000000437,5034.23,5029.23,5.0,True,LONG,2017-01-12 05:25:00,5034.48,False,True,False,0.6791,0.3731,0.6791,5036.23,2017-01-12 05:34:00,1.1866,5028.73,2017-01-12 07:28:00,True,2017-01-12 05:34:00,0.0,1.1866,True,5033.48,2017-01-12 05:45:00,0.005
NQ,2017-01-12,Thursday,RDR,5026.75,4996.23,30.520000000000437,5029.0,4995.23,33.77000000000044,True,SHORT,2017-01-12 11:00:00,4990.73,False,True,False,0.4499,0.1884,0.1884,4990.48,2017-01-12 11:05:00,1.4499,5040.48,2017-01-12 15:59:00,False,,0.0,,True,4997.48,2017-01-12 11:12:00,0.041
NQ,2017-01-13,Friday,ADR,5040.48,5036.48,4.0,5041.23,5036.0,5.229999999999563,True,LONG,2017-01-12 21:50:00,5041.25,True,True,True,0.4375,0.0,0.4375,5042.23,2017-01-12 22:00:00,0.5,5038.48,2017-01-12 23:35:00,False,,0.0,,True,5040.48,2017-01-12 23:12:00,0.0
NQ,2017-01-13,Friday,ODR,5041.73,5038.23,3.5,5043.23,5036.5,6.729999999999563,True,LONG,2017-01-13 05:55:00,5044.0,True,True,False,1.0057,0.6371,1.0057,5045.25,2017-01-13 08:02:00,0.5,5039.98,2017-01-13 08:24:00,True,2017-01-13 06:00:00,0.1429,0.5,True,5041.73,2017-01-13 06:33:00,0.0
NQ,2017-01-13,Friday,RDR,5056.73,5040.25,16.479999999999563,5058.98,5040.23,18.75,True,LONG,2017-01-13 10:50:00,5059.23,True,True,False,0.3792,0.0,0.3792,5062.98,2017-01-13 11:57:00,0.3489,5050.98,2017-01-13 14:29:00,False,,0.2731,,True,5054.48,2017-01-13 11:05:00,0.1365
NQ,2017-01-16,Monday,ADR,5051.48,5050.23,1.25,5051.98,5049.75,2.2299999999995634,True,LONG,2017-01-15 20:50:00,5052.48,False,True,False,1.4,2.0,1.4,5053.23,2017-01-15 23:20:00,3.0,5047.73,2017-01-16 01:37:00,True,2017-01-15 20:55:00,1.2,3.0,True,5051.23,2017-01-15 21:11:00,0.2
NQ,2017-01-16,Monday,ODR,5048.98,5045.23,3.75,5050.23,5043.98,6.25,True,LONG,2017-01-16 04:25:00,5050.48,True,False,,1.7333,0.0,1.7333,5055.48,2017-01-16 07:50:00,0.0,5049.98,2017-01-16 04:30:00,True,2017-01-16 04:31:00,0.0,0.0,False,,,
NQ,2017-01-16,Monday,RDR,5053.5,5049.98,3.5200000000004366,5053.73,5049.98,3.75,True,SHORT,2017-01-16 12:55:00,5049.5,True,,,0.0653,0.2074,,,,,,,False,,,,False,,,
NQ,2017-01-17,Tuesday,ADR,5050.75,5047.48,3.2700000000004366,5051.48,5047.0,4.479999999999563,True,LONG,2017-01-16 20:40:00,5051.5,False,True,False,0.7584,0.3058,0.7584,5053.23,2017-01-16 23:35:00,1.3058,5046.48,2017-01-17 01:14:00,True,2017-01-16 21:54:00,0.0826,1.3058,True,5050.5,2017-01-16 20:52:00,0.0765
NQ,2017-01-17,Tuesday,ODR,5048.73,5041.73,7.0,5048.98,5041.23,7.75,True,SHORT,2017-01-17 05:15:00,5040.98,True,True,False,0.0,1.6786,1.6786,5029.98,2017-01-17 06:42:00,0.9671,5048.5,2017-01-17 07:50:00,True,2017-01-17 05:23:00,0.0,0.9671,True,5042.48,2017-01-17 07:04:00,0.1071
NQ,2017-01-17,Tuesday,RDR,5042.98,5029.73,13.25,5045.98,5024.98,21.0,True,LONG,2017-01-17 10:40:00,5046.23,False,True,False,0.5094,0.1509,0.5094,5049.73,2017-01-17 11:01:00,1.1509,5027.73,2017-01-17 15:09:00,True,2017-01-17 11:01:00,0.0,1.1509,True,5042.98,2017-01-17 10:51:00,0.0
NQ,2017-01-18,Wednesday,ADR,5041.5,5037.48,4.020000000000437,5041.73,5037.23,4.5,True,LONG,2017-01-17 20:50:00,5043.0,True,False,,3.8557,0.0,3.8557,5057.0,2017-01-18 00:28:00,0.0,5042.73,2017-01-17 20:56:00,True,2017-01-17 20:58:00,0.0,0.0,False,,,
NQ,2017-01-18,Wednesday,ODR,5050.25,5045.23,5.020000000000437,5051.48,5044.73,6.75,True,SHORT,2017-01-18 06:35:00,5044.48,False,True,False,0.6932,0.3984,0.3984,5043.23,2017-01-18 06:41:00,1.6932,5053.73,2017-01-18 08:26:00,False,,0.0,,True,5045.23,2017-01-18 06:54:00,0.0
NQ,2017-01-18,Wednesday,RDR,5053.23,5038.98,14.25,5054.48,5037.23,17.25,True,SHORT,2017-01-18 11:55:00,5035.48,True,True,False,0.0,0.3509,0.2807,5034.98,2017-01-18 12:00:00,0.9474,5052.48,2017-01-18 15:59:00,False,,0.0,,True,5040.48,2017-01-18 12:04:00,0.1053
NQ,2017-01-19,Thursday,ADR,5057.25,5054.25,3.0,5058.73,5053.25,5.479999999999563,True,SHORT,2017-01-18 21:40:00,5053.23,True,False,,0.0,1.4167,1.4167,5050.0,2017-01-18 23:20:00,0.0,5054.23,2017-01-18 22:11:00,True,2017-01-18 21:46:00,0.0,0.0,False,,,
NQ,2017-01-19,Thursday,ODR,5052.98,5049.48,3.5,5053.48,5048.98,4.5,True,SHORT,2017-01-19 04:55:00,5047.73,True,True,False,0.0,1.8514,1.8514,5043.0,2017-01-19 05:54:00,0.7914,5052.25,2017-01-19 07:47:00,True,2017-01-19 05:00:00,0.0,0.7914,True,5049.48,2017-01-19 06:10:00,0.0
NQ,2017-01-19,Thursday,RDR,5073.48,5055.48,18.0,5074.48,5053.73,20.75,True,SHORT,2017-01-19 10:30:00,5052.73,True,True,True,0.0,1.0694,1.0694,5036.23,2017-01-19 14:20:00,0.3611,5061.98,2017-01-19 11:43:00,True,2017-01-19 11:04:00,0.3611,0.3611,True,5055.73,2017-01-19 10:43:00,0.0139
NQ,2017-01-20,Friday,ADR,5061.73,5060.73,1.0,5062.0,5060.48,1.5200000000004366,True,SHORT,2017-01-19 20:45:00,5059.73,False,True,True,2.52,1.5,1.5,5059.23,2017-01-19 20:56:00,3.52,5064.25,2017-01-20 01:16:00,True,2017-01-19 20:50:00,0.0,3.52,True,5061.73,2017-01-19 21:00:00,1.0
NQ,2017-01-20,Friday,ODR,5065.48,5059.48,6.0,5065.98,5058.48,7.5,True,LONG,2017-01-20 06:05:00,5066.98,True,True,True,0.5417,0.0,0.5417,5068.73,2017-01-20 06:38:00,0.375,5063.23,2017-01-20 07:02:00,True,2017-01-20 06:38:00,0.0,0.375,True,5064.98,2017-01-20 06:55:00,0.0833
NQ,2017-01-20,Friday,RDR,5079.98,5063.98,16.0,5082.23,5061.73,20.5,True,SHORT,2017-01-20 10:45:00,5060.73,True,True,True,0.0,1.2031,1.2031,5044.73,2017-01-20 12:31:00,0.3281,5069.23,2017-01-20 12:02:00,True,2017-01-20 12:05:00,0.3281,0.0781,True,5064.73,2017-01-20 11:00:00,0.0469
NQ,2017-01-23,Monday,ADR,5043.98,5040.48,3.5,5044.73,5040.23,4.5,True,LONG,2017-01-22 20:30:00,5045.73,False,True,False,0.7857,0.4286,0.7857,5046.73,2017-01-22 20:36:00,1.4286,5038.98,2017-01-23 01:41:00,True,2017-01-22 20:35:00,0.0,1.4286,True,5042.73,2017-01-22 20:49:00,0.3571
NQ,2017-01-23,Monday,ODR,5042.73,5037.48,5.25,5042.73,5037.23,5.5,True,LONG,2017-01-23 04:25:00,5045.5,True,False,,1.7143,0.0,1.7143,5051.73,2017-01-23 08:18:00,0.0,5045.23,2017-01-23 04:30:00,True,2017-01-23 04:30:00,0.0,0.0,False,,,
NQ,2017-01-23,Monday,RDR,5067.73,5046.73,21.0,5069.48,5045.73,23.75,True,SHORT,2017-01-23 10:30:00,5039.98,True,True,False,0.0,0.7857,0.7857,5030.23,2017-01-23 11:51:00,0.881,5065.23,2017-01-23 15:46:00,True,2017-01-23 11:47:00,0.0,0.881,True,5047.48,2017-01-23 12:25:00,0.0357
NQ,2017-01-24,Tuesday,ADR,5066.48,5063.23,3.25,5066.48,5063.23,3.25,True,SHORT,2017-01-23 21:00:00,5062.98,True,True,False,0.0,1.0,1.0,5059.98,2017-01-24 00:19:00,0.6154,5065.23,2017-01-24 01:39:00,True,2017-01-23 22:27:00,0.1538,0.6154,True,5063.48,2017-01-23 21:05:00,0.0769
NQ,2017-01-24,Tuesday,ODR,5063.98,5061.23,2.75,5064.73,5060.23,4.5,True,LONG,2017-01-24 04:35:00,5066.23,True,True,True,2.0,0.1745,2.0,5069.48,2017-01-24 05:08:00,0.8182,5061.73,2017-01-24 06:43:00,True,2017-01-24 04:40:00,0.3636,0.8182,True,5063.98,2017-01-24 04:41:00,0.0
NQ,2017-01-24,Tuesday,RDR,5075.48,5064.73,10.75,5078.73,5063.23,15.5,True,LONG,2017-01-24 13:05:00,5082.73,True,False,,2.6047,0.0,2.6047,5103.48,2017-01-24 15:03:00,0.0,5082.48,2017-01-24 13:14:00,True,2017-01-24 13:10:00,0.0,0.0,False,,,
NQ,2017-01-25,Wednesday,ADR,5104.25,5099.98,4.270000000000437,5104.48,5099.98,4.5,True,LONG,2017-01-25 01:05:00,5104.73,True,False,,0.9321,0.0,0.9321,5108.23,2017-01-25 01:27:00,0.0,5104.48,2017-01-25 01:10:00,True,2017-01-25 01:21:00,0.0,0.0,False,,,
NQ,2017-01-25,Wednesday,ODR,5116.48,5108.23,8.25,5117.23,5108.23,9.0,True,LONG,2017-01-25 07:20:00,5117.48,True,False,,0.7879,0.0,0.7879,5122.98,2017-01-25 07:57:00,0.0,5117.5,2017-01-25 07:25:00,True,2017-01-25 07:52:00,0.0,0.0,False,,,
NQ,2017-01-25,Wednesday,RDR,5133.23,5123.73,9.5,5133.48,5123.48,10.0,True,LONG,2017-01-25 10:40:00,5133.75,True,True,True,1.5789,0.0,1.5789,5148.23,2017-01-25 15:54:00,0.4474,5128.98,2017-01-25 11:54:00,True,2017-01-25 11:04:00,0.4474,0.4474,True,5132.23,2017-01-25 10:45:00,0.1053
NQ,2017-01-26,Thursday,ADR,5150.73,5145.75,4.979999999999563,5150.73,5145.5,5.229999999999563,True,LONG,2017-01-25 21:00:00,5150.98,True,False,,3.5141,0.0,3.5141,5168.23,2017-01-26 01:18:00,0.0,5151.23,2017-01-25 21:05:00,True,2017-01-25 21:06:00,0.0,0.0,False,,,
NQ,2017-01-26,Thursday,ODR,5165.48,5162.25,3.2299999999995634,5166.73,5161.98,4.75,True,SHORT,2017-01-26 04:10:00,5161.73,True,False,,0.0,3.3344,3.3344,5151.48,2017-01-26 08:14:00,0.0,5161.98,2017-01-26 04:53:00,True,2017-01-26 04:20:00,0.0,0.0,False,,,
NQ,2017-01-26,Thursday,RDR,5161.48,5147.73,13.75,5162.98,5147.48,15.5,True,SHORT,2017-01-26 11:00:00,5147.23,True,True,False,0.0,0.2545,0.2545,5144.23,2017-01-26 11:07:00,0.9455,5160.73,2017-01-26 14:28:00,False,,0.0182,,True,5147.73,2017-01-26 11:05:00,0.0
NQ,2017-01-27,Friday,ADR,5144.0,5140.98,3.0200000000004366,5144.23,5140.98,3.25,True,LONG,2017-01-26 20:30:00,5144.25,True,False,,2.0629,0.0,2.0629,5150.23,2017-01-26 23:27:00,0.0,5144.25,2017-01-26 20:35:00,True,2017-01-26 20:44:00,0.0,0.0,False,,,
NQ,2017-01-27,Friday,ODR,5153.5,5149.98,3.5200000000004366,5153.5,5149.23,4.270000000000437,True,SHORT,2017-01-27 04:10:00,5148.75,False,True,False,1.1307,1.2784,1.2784,5145.48,2017-01-27 05:02:00,2.1307,5157.48,2017-01-27 08:25:00,True,2017-01-27 04:34:00,0.2841,2.1307,True,5150.48,2017-01-27 04:17:00,0.142
NQ,2017-01-27,Friday,RDR,5162.48,5147.48,15.0,5167.23,5145.98,21.25,False,,,,,,,0.0333,0.0,,,,,,,False,,,,False,,,
NQ,2017-01-30,Monday,ADR,5149.0,5143.25,5.75,5149.48,5142.73,6.75,True,LONG,2017-01-30 00:50:00,5149.75,True,False,,0.6922,0.0,0.6922,5152.98,2017-01-30 01:01:00,0.0,5149.5,2017-01-30 01:48:00,True,2017-01-30 01:00:00,0.0,0.0,False,,,
NQ,2017-01-30,Monday,ODR,5153.25,5144.98,8.270000000000437,5154.23,5144.73,9.5,True,SHORT,2017-01-30 05:55:00,5144.23,True,True,True,0.0,0.5744,0.5744,5140.23,2017-01-30 08:22:00,0.3325,5147.73,2017-01-30 07:30:00,True,2017-01-30 08:21:00,0.3325,0.0,True,5144.98,2017-01-30 06:02:00,0.0
NQ,2017-01-30,Monday,RDR,5144.48,5094.98,49.5,5145.48,5094.73,50.75,False,,,,,,,0.0,0.0,,,,,,,False,,,,False,,,
NQ,2017-01-31,Tuesday,ADR,5123.75,5121.25,2.5,5123.98,5121.0,2.9799999999995634,True,SHORT,2017-01-30 21:20:00,5118.23,True,False,,0.092,5.9,5.9,5106.5,2017-01-31 00:24:00,0.0,5119.0,2017-01-30 21:30:00,True,2017-01-30 21:25:00,0.0,0.0,False,,,
NQ,2017-01-31,Tuesday,ODR,5118.48,5110.25,8.229999999999563,5119.48,5109.23,10.25,False,,,,,,,0.1215,0.2151,,,,,,,False,,,,False,,,
NQ,2017-01-31,Tuesday,RDR,5105.75,5091.23,14.520000000000437,5111.98,5090.48,21.5,True,SHORT,2017-01-31 11:25:00,5089.73,False,True,False,0.5152,0.551,0.551,5083.23,2017-01-31 12:05:00,1.5152,5113.23,2017-01-31 15:59:00,True,2017-01-31 12:01:00,0.0172,1.5152,True,5091.48,2017-01-31 11:30:00,0.0172
NQ,2017-02-01,Wednesday,ADR,5130.73,5125.5,5.229999999999563,5131.23,5125.25,5.979999999999563,True,SHORT,2017-01-31 20:30:00,5124.48,False,True,False,1.5774,0.5296,0.5296,5122.73,2017-01-31 20:46:00,2.5774,5138.98,2017-02-01 01:57:00,True,2017-01-31 20:46:00,0.0,2.5774,True,5125.75,2017-01-31 21:01:00,0.0478
NQ,2017-02-01,Wednesday,ODR,5137.73,5133.5,4.229999999999563,5138.25,5133.48,4.770000000000437,True,LONG,2017-02-01 05:10:00,5139.23,True,True,True,2.1868,0.0,2.1868,5146.98,2017-02-01 08:24:00,0.3546,5136.23,2017-02-01 05:40:00,True,2017-02-01 05:19:00,0.3546,0.3546,True,5137.73,2017-02-01 05:32:00,0.0
NQ,2017-02-01,Wednesday,RDR,5153.48,5134.25,19.229999999999563,5157.48,5133.23,24.25,True,SHORT,2017-02-01 10:35:00,5127.0,True,True,False,0.013,0.5471,0.5471,5123.73,2017-02-01 11:50:00,1.013,5153.73,2017-02-01 15:41:00,True,2017-02-01 11:49:00,0.025,1.013,True,5134.73,2017-02-01 11:10:00,0.025
NQ,2017-02-02,Thursday,ADR,5137.0,5132.5,4.5,5137.5,5131.75,5.75,True,SHORT,2017-02-01 22:15:00,5131.23,True,False,,0.2222,2.8378,2.8378,5119.73,2017-02-02 01:07:00,0.0,5131.48,2017-02-01 22:20:00,True,2017-02-01 22:22:00,0.0,0.0,False,,,
NQ,2017-02-02,Thursday,ODR,5130.98,5125.48,5.5,5131.73,5123.98,7.75,True,SHORT,2017-02-02 05:10:00,5123.48,False,True,False,1.4091,0.3636,0.36,5123.5,2017-02-02 05:15:00,2.4091,5138.73,2017-02-02 07:45:00,False,,0.0,,True,5125.48,2017-02-02 05:24:00,0.0
NQ,2017-02-02,Thursday,RDR,5152.23,5128.23,24.0,5152.23,5123.23,29.0,True,LONG,2017-02-02 10:55:00,5154.98,True,True,False,0.2188,0.0,0.2188,5157.48,2017-02-02 11:00:00,0.875,5131.23,2017-02-02 14:36:00,False,,0.0,,True,5151.98,2017-02-02 11:28:00,0.0104
NQ,2017-02-03,Friday,ADR,5130.25,5127.25,3.0,5130.48,5126.98,3.5,True,SHORT,2017-02-02 20:30:00,5126.5,True,True,False,0.0,2.5067,2.5067,5119.73,2017-02-02 22:00:00,0.7433,5129.48,2017-02-02 20:56:00,True,2017-02-02 21:06:00,0.7433,0.25,True,5128.0,2017-02-02 20:37:00,0.25
NQ,2017-02-03,Friday,ODR,5140.98,5135.25,5.729999999999563,5141.48,5130.98,10.5,False,,,,,,,0.0,0.6143,,,,,,,False,,,,False,,,
NQ,2017-02-03,Friday,RDR,5155.98,5146.73,9.25,5161.98,5144.98,17.0,True,SHORT,2017-02-03 11:40:00,5143.98,False,True,False,0.2703,0.4865,0.4324,5142.73,2017-02-03 11:47:00,1.1351,5157.23,2017-02-03 15:17:00,False,,0.0,,True,5146.73,2017-02-03 11:51:00,0.0
NQ,2017-02-06,Monday,ADR,5148.5,5146.23,2.2700000000004366,5149.23,5145.73,3.5,True,LONG,2017-02-05 21:20:00,5151.98,True,False,,2.3128,0.0,2.3128,5153.75,2017-02-05 21:25:00,0.0,5149.98,2017-02-05 22:44:00,True,2017-02-05 21:25:00,0.0,0.0,False,,,
NQ,2017-02-06,Monday,ODR,5154.23,5149.23,5.0,5154.48,5148.0,6.479999999999563,True,LONG,2017-02-06 04:00:00,5154.73,False,True,False,1.0,1.15,1.0,5159.23,2017-02-06 05:46:00,2.15,5143.48,2017-02-06 08:21:00,True,2017-02-06 04:10:00,0.046,2.15,True,5154.0,2017-02-06 04:05:00,0.046
NQ,2017-02-06,Monday,RDR,5154.25,5144.48,9.770000000000437,5155.23,5142.73,12.5,True,LONG,2017-02-06 11:10:00,5156.73,True,True,True,0.9191,0.0,0.9191,5163.23,2017-02-06 11:26:00,0.565,5148.73,2017-02-06 13:19:00,True,2017-02-06 11:24:00,0.0,0.565,True,5153.48,2017-02-06 12:37:00,0.0788
NQ,2017-02-07,Tuesday,ADR,5158.0,5154.75,3.25,5158.0,5154.23,3.7700000000004366,True,LONG,2017-02-06 21:05:00,5158.73,True,True,True,0.7631,0.0831,0.7631,5160.48,2017-02-07 00:25:00,1.0831,5154.48,2017-02-06 22:22:00,True,2017-02-07 00:01:00,1.0831,0.0,True,5157.98,2017-02-06 21:12:00,0.0062
NQ,2017-02-07,Tuesday,ODR,5161.5,5157.73,3.7700000000004366,5161.98,5157.23,4.75,True,LONG,2017-02-07 04:00:00,5163.25,True,True,True,2.8462,0.0,2.8462,5172.23,2017-02-07 06:40:00,0.1379,5160.98,2017-02-07 04:16:00,True,2017-02-07 04:05:00,0.1379,0.1379,True,5161.5,2017-02-07 04:08:00,0.0
NQ,2017-02-07,Tuesday,RDR,5183.75,5171.98,11.770000000000437,5185.23,5168.23,17.0,True,LONG,2017-02-07 10:40:00,5187.48,True,True,False,0.6992,0.0,0.6992,5191.98,2017-02-07 11:04:00,1.0,5171.98,2017-02-07 12:50:00,True,2017-02-07 10:50:00,0.0,1.0,True,5183.48,2017-02-07 11:19:00,0.0229
NQ,2017-02-08,Wednesday,ADR,5178.25,5175.25,3.0,5179.73,5174.25,5.479999999999563,True,SHORT,2017-02-07 20:55:00,5173.25,False,True,False,2.91,0.6733,0.6667,5173.25,2017-02-07 21:00:00,3.91,5186.98,2017-02-08 01:57:00,True,2017-02-07 21:00:00,0.0,3.91,True,5175.25,2017-02-07 21:09:00,0.0
NQ,2017-02-08,Wednesday,ODR,5186.23,5178.73,7.5,5186.73,5178.23,8.5,True,SHORT,2017-02-08 07:50:00,5177.48,True,True,True,0.0,0.4667,0.4667,5175.23,2017-02-08 08:27:00,0.0,5178.73,2017-02-08 07:56:00,False,,0.0,,True,5178.73,2017-02-08 07:56:00,0.0
NQ,2017-02-08,Wednesday,RDR,5181.75,5163.73,18.020000000000437,5183.25,5163.48,19.770000000000437,True,LONG,2017-02-08 10:40:00,5187.48,True,False,,0.8174,0.0,0.8174,5196.48,2017-02-08 15:44:00,0.0,5182.48,2017-02-08 12:38:00,True,2017-02-08 11:02:00,0.0,0.0,False,,,
NQ,2017-02-09,Thursday,ADR,5189.5,5186.73,2.7700000000004366,5189.5,5186.25,3.25,True,LONG,2017-02-08 21:00:00,5190.25,True,True,True,1.083,0.1805,1.083,5192.5,2017-02-09 00:24:00,0.7292,5187.48,2017-02-08 22:55:00,True,2017-02-08 21:05:00,0.7292,0.7292,True,5189.5,2017-02-08 21:40:00,0.0
NQ,2017-02-09,Thursday,ODR,5195.25,5191.48,3.7700000000004366,5195.48,5190.23,5.25,True,LONG,2017-02-09 06:15:00,5197.0,True,True,False,1.6525,0.0663,1.6525,5201.48,2017-02-09 06:28:00,0.6021,5192.98,2017-02-09 08:13:00,True,2017-02-09 06:20:00,0.0,0.6021,True,5195.0,2017-02-09 07:35:00,0.0663
NQ,2017-02-09,Thursday,RDR,5203.98,5195.73,8.25,5205.48,5191.48,14.0,True,LONG,2017-02-09 11:10:00,5207.73,True,False,,1.8182,0.0,1.8182,5218.98,2017-02-09 14:37:00,0.0,5206.75,2017-02-09 12:50:00,True,2017-02-09 11:15:00,0.0,0.0,False,,,
NQ,2017-02-10,Friday,ADR,5218.48,5210.48,8.0,5218.48,5210.48,8.0,True,LONG,2017-02-09 21:45:00,5218.73,True,True,True,0.75,0.0,0.75,5224.48,2017-02-10 01:33:00,0.06,5218.0,2017-02-09 21:56:00,True,2017-02-10 01:08:00,0.06,0.0,True,5218.48,2017-02-09 21:50:00,0.0
NQ,2017-02-10,Friday,ODR,5224.73,5219.73,5.0,5225.73,5219.48,6.25,True,SHORT,2017-02-10 04:40:00,5219.23,True,True,True,0.0,0.95,0.95,5214.98,2017-02-10 06:09:00,0.454,5222.0,2017-02-10 04:58:00,True,2017-02-10 05:44:00,0.454,0.1,True,5219.73,2017-02-10 04:52:00,0.0
NQ,2017-02-10,Friday,RDR,5219.48,5210.73,8.75,5221.48,5210.23,11.25,True,LONG,2017-02-10 10:30:00,5223.23,True,True,True,1.4571,0.0,1.4571,5232.23,2017-02-10 13:18:00,0.2571,5217.23,2017-02-10 11:35:00,True,2017-02-10 10:46:00,0.2571,0.2571,True,5218.73,2017-02-10 11:03:00,0.0857
NQ,2017-02-13,Monday,ADR,5230.48,5227.23,3.25,5230.48,5227.23,3.25,True,LONG,2017-02-12 20:45:00,5231.48,True,True,False,2.0769,0.0,2.0769,5237.23,2017-02-12 22:29:00,0.3077,5229.48,2017-02-13 01:07:00,True,2017-02-12 20:55:00,0.0,0.3077,True,5229.48,2017-02-13 01:07:00,0.3077
NQ,2017-02-13,Monday,ODR,5233.48,5231.23,2.25,5234.23,5229.98,4.25,True,SHORT,2017-02-13 04:55:00,5229.48,False,True,False,1.5556,1.5556,1.5556,5227.73,2017-02-13 05:46:00,2.5556,5236.98,2017-02-13 08:25:00,True,2017-02-13 05:00:00,0.0,2.5556,True,5231.23,2017-02-13 07:00:00,0.0
NQ,2017-02-13,Monday,RDR,5250.23,5241.73,8.5,5250.23,5238.73,11.5,True,LONG,2017-02-13 11:20:00,5250.98,True,True,True,1.2941,0.0,1.2941,5261.23,2017-02-13 14:14:00,0.2059,5248.48,2017-02-13 12:00:00,True,2017-02-13 12:38:00,0.2059,0.0,True,5249.98,2017-02-13 11:26:00,0.0294
NQ,2017-02-14,Tuesday,ADR,5258.98,5255.98,3.0,5259.48,5255.23,4.25,True,SHORT,2017-02-13 23:05:00,5254.73,True,True,True,0.0833,1.3333,1.3333,5251.98,2017-02-14 00:42:00,0.25,5256.73,2017-02-13 23:28:00,True,2017-02-14 00:09:00,0.25,0.0,True,5256.23,2017-02-13 23:25:00,0.0833
NQ,2017-02-14,Tuesday,ODR,5257.48,5252.98,4.5,5257.73,5252.5,5.229999999999563,True,LONG,2017-02-14 05:55:00,5258.98,True,True,True,0.5556,0.0,0.5556,5259.98,2017-02-14 06:01:00,0.2222,5256.48,2017-02-14 08:07:00,True,2017-02-14 06:01:00,0.0,0.2222,True,5257.48,2017-02-14 06:24:00,0.0
NQ,2017-02-14,Tuesday,RDR,5256.25,5246.73,9.520000000000437,5256.25,5245.98,10.270000000000437,True,SHORT,2017-02-14 10:35:00,5244.0,False,True,False,1.7311,0.7353,0.604,5240.98,2017-02-14 11:08:00,2.7311,5272.73,2017-02-14 15:54:00,True,2017-02-14 11:08:00,0.2889,2.7311,True,5247.23,2017-02-14 10:48:00,0.0525
NQ,2017-02-15,Wednesday,ADR,5273.25,5271.23,2.0200000000004366,5273.75,5271.23,2.5200000000004366,True,LONG,2017-02-14 20:40:00,5274.75,True,False,,5.6832,0.0,5.6832,5284.73,2017-02-15 00:23:00,0.0,5274.73,2017-02-14 20:46:00,True,2017-02-14 20:45:00,0.0,0.0,False,,,
NQ,2017-02-15,Wednesday,ODR,5280.5,5277.25,3.25,5281.48,5276.75,4.729999999999563,True,SHORT,2017-02-15 04:15:00,5276.23,True,True,True,0.0,1.8523,1.8523,5271.23,2017-02-15 08:18:00,0.0,5277.25,2017-02-15 07:15:00,True,2017-02-15 04:24:00,0.0,0.0,True,5277.25,2017-02-15 07:15:00,0.0
NQ,2017-02-15,Wednesday,RDR,5276.75,5268.48,8.270000000000437,5277.23,5265.98,11.25,True,LONG,2017-02-15 10:30:00,5277.98,True,True,True,3.5042,0.0,3.5042,5305.73,2017-02-15 15:42:00,0.0629,5276.23,2017-02-15 10:43:00,True,2017-02-15 10:48:00,0.0629,0.0,True,5276.23,2017-02-15 10:43:00,0.0629
NQ,2017-02-16,Thursday,ADR,5308.98,5306.98,2.0,5309.25,5306.98,2.2700000000004366,True,LONG,2017-02-15 20:30:00,5309.48,True,True,True,1.75,0.24,1.75,5312.48,2017-02-16 00:17:00,1.24,5306.5,2017-02-15 20:57:00,True,2017-02-15 21:59:00,1.24,0.375,True,5308.98,2017-02-15 20:38:00,0.0
NQ,2017-02-16,Thursday,ODR,5313.23,5309.23,4.0,5313.23,5308.98,4.25,True,SHORT,2017-02-16 04:00:00,5308.48,True,True,True,0.0,1.1875,1.1875,5304.48,2017-02-16 08:29:00,0.25,5310.23,2017-02-16 04:14:00,True,2017-02-16 04:47:00,0.25,0.25,True,5309.48,2017-02-16 04:06:00,0.0625
NQ,2017-02-16,Thursday,RDR,5314.73,5300.73,14.0,5316.73,5298.73,18.0,True,SHORT,2017-02-16 10:50:00,5291.73,True,True,False,0.0,0.875,0.875,5288.48,2017-02-16 11:08:00,0.0714,5301.73,2017-02-16 15:58:00,True,2017-02-16 10:55:00,0.0,0.0714,True,5300.73,2017-02-16 12:42:00,0.0
NQ,2017-02-17,Friday,ADR,5300.25,5294.48,5.770000000000437,5300.73,5294.25,6.479999999999563,True,LONG,2017-02-16 21:15:00,5302.23,True,True,False,0.4731,0.0,0.4731,5302.98,2017-02-16 21:20:00,0.74,5295.98,2017-02-17 01:47:00,False,,0.0,,True,5300.23,2017-02-16 22:04:00,0.0035
NQ,2017-02-17,Friday,ODR,5298.98,5294.48,4.5,5299.98,5293.73,6.25,True,SHORT,2017-02-17 04:20:00,5292.73,True,True,True,0.0,1.6667,1.6667,5286.98,2017-02-17 06:05:00,0.2222,5295.48,2017-02-17 07:51:00,True,2017-02-17 04:27:00,0.0,0.2222,True,5294.48,2017-02-17 06:40:00,0.0
NQ,2017-02-17,Friday,RDR,5309.98,5294.73,15.25,5310.73,5293.48,17.25,True,LONG,2017-02-17 14:25:00,5311.5,True,False,,0.903,0.0,0.903,5323.75,2017-02-17 15:59:00,0.0,5311.23,2017-02-17 14:30:00,True,2017-02-17 15:36:00,0.0,0.0,False,,,
NQ,2017-02-27,Monday,ADR,5347.23,5339.73,7.5,5347.48,5339.23,8.25,True,LONG,2017-02-26 22:00:00,5347.73,True,True,False,0.636,0.0667,0.636,5352.0,2017-02-26 23:08:00,0.664,5342.25,2017-02-27 01:32:00,True,2017-02-26 23:08:00,0.164,0.664,True,5347.23,2017-02-26 22:16:00,0.0
NQ,2017-02-27,Monday,ODR,5349.73,5342.98,6.75,5350.48,5342.73,7.75,True,SHORT,2017-02-27 04:30:00,5341.23,True,False,,0.0,1.7778,1.7778,5330.98,2017-02-27 08:16:00,0.0,5341.48,2017-02-27 04:35:00,True,2017-02-27 04:37:00,0.0,0.0,False,,,
NQ,2017-02-27,Monday,RDR,5335.98,5324.98,11.0,5336.98,5323.48,13.5,True,LONG,2017-02-27 11:00:00,5338.73,True,True,True,1.1364,0.0,1.1364,5348.48,2017-02-27 15:59:00,0.1818,5333.98,2017-02-27 12:02:00,True,2017-02-27 11:19:00,0.1818,0.1818,True,5335.73,2017-02-27 11:40:00,0.0227
NQ,2017-02-28,Tuesday,ODR,5344.73,5342.23,2.5,5345.48,5341.73,3.75,True,SHORT,2017-02-28 04:10:00,5341.23,False,True,False,1.7,0.6,0.4,5341.23,2017-02-28 04:15:00,2.7,5348.98,2017-02-28 07:46:00,False,,0.0,,True,5342.73,2017-02-28 04:16:00,0.2
NQ,2017-02-28,Tuesday,RDR,5347.23,5338.73,8.5,5349.48,5338.48,11.0,True,SHORT,2017-02-28 10:40:00,5336.48,True,True,True,0.0,2.5588,2.5588,5316.98,2017-02-28 12:26:00,0.7353,5344.98,2017-02-28 11:26:00,True,2017-02-28 12:07:00,0.7353,0.0,True,5338.98,2017-02-28 10:48:00,0.0294
NQ,2017-03-01,Wednesday,ADR,5347.5,5336.5,11.0,5349.98,5336.5,13.479999999999563,True,SHORT,2017-02-28 21:45:00,5336.48,True,True,False,0.0664,0.2291,0.2291,5333.98,2017-02-28 21:54:00,0.5209,5342.23,2017-02-28 23:44:00,False,,0.0682,,True,5337.23,2017-02-28 21:51:00,0.0664
NQ,2017-03-01,Wednesday,ODR,5360.73,5341.98,18.75,5361.25,5341.98,19.270000000000437,True,LONG,2017-03-01 05:35:00,5362.73,True,True,True,0.4544,0.0,0.4544,5369.25,2017-03-01 08:28:00,0.2667,5355.73,2017-03-01 07:35:00,False,,0.2667,,True,5359.98,2017-03-01 06:37:00,0.04
NQ,2017-03-01,Wednesday,RDR,5372.73,5356.98,15.75,5373.73,5354.98,18.75,True,LONG,2017-03-01 11:05:00,5377.73,True,False,,1.7143,0.0,1.7143,5399.73,2017-03-01 15:50:00,0.0,5374.98,2017-03-01 11:18:00,True,2017-03-01 11:32:00,0.0,0.0,False,,,
NQ,2017-03-02,Thursday,ADR,5386.23,5381.48,4.75,5386.48,5380.98,5.5,True,SHORT,2017-03-01 22:35:00,5380.73,False,True,False,0.5789,0.4211,0.4211,5379.48,2017-03-01 23:21:00,1.5789,5388.98,2017-03-02 01:53:00,False,,0.0526,,True,5381.48,2017-03-01 22:42:00,0.0
NQ,2017-03-02,Thursday,ODR,5386.25,5383.25,3.0,5387.5,5382.48,5.020000000000437,True,SHORT,2017-03-02 04:40:00,5382.23,False,True,False,1.41,0.84,0.84,5380.73,2017-03-02 04:46:00,2.41,5390.48,2017-03-02 08:26:00,True,2017-03-02 04:45:00,0.0,2.41,True,5383.25,2017-03-02 04:50:00,0.0
NQ,2017-03-02,Thursday,RDR,5389.48,5376.98,12.5,5389.48,5375.48,14.0,True,SHORT,2017-03-02 10:55:00,5374.48,True,False,,0.0,1.68,1.68,5355.98,2017-03-02 15:44:00,0.0,5375.98,2017-03-02 11:01:00,True,2017-03-02 11:07:00,0.0,0.0,False,,,
NQ,2017-03-03,Friday,ADR,5360.5,5355.73,4.770000000000437,5360.5,5355.73,4.770000000000437,True,SHORT,2017-03-02 22:20:00,5355.48,True,True,True,0.0,2.2013,2.2013,5345.23,2017-03-02 23:35:00,0.0524,5355.98,2017-03-02 22:29:00,True,2017-03-02 22:35:00,0.0524,0.0,True,5355.73,2017-03-02 22:27:00,0.0
NQ,2017-03-03,Friday,ODR,5351.98,5347.98,4.0,5351.98,5347.73,4.25,True,LONG,2017-03-03 05:40:00,5354.5,True,False,,1.75,0.125,1.75,5358.98,2017-03-03 06:23:00,0.0,5352.0,2017-03-03 08:26:00,True,2017-03-03 05:45:00,0.0,0.0,False,,,
NQ,2017-03-03,Friday,RDR,5363.73,5349.48,14.25,5364.23,5346.23,18.0,True,SHORT,2017-03-03 10:30:00,5344.25,False,True,False,0.6667,0.3846,0.3509,5344.48,2017-03-03 10:35:00,1.6667,5373.23,2017-03-03 15:55:00,False,,0.0,,True,5350.0,2017-03-03 10:43:00,0.0365
NQ,2017-03-06,Monday,ADR,5358.23,5352.0,6.229999999999563,5358.23,5352.0,6.229999999999563,True,LONG,2017-03-05 20:30:00,5358.75,True,True,True,0.1605,0.0,0.1605,5359.23,2017-03-05 20:44:00,0.7223,5353.73,2017-03-05 21:19:00,False,,0.077,,True,5358.0,2017-03-05 20:35:00,0.0369
NQ,2017-03-06,Monday,ODR,5355.5,5347.23,8.270000000000437,5355.73,5346.23,9.5,True,LONG,2017-03-06 04:30:00,5358.23,True,False,,1.0278,0.0,1.0278,5364.0,2017-03-06 06:52:00,0.0,5356.23,2017-03-06 08:27:00,True,2017-03-06 04:47:00,0.0,0.0,False,,,
NQ,2017-03-06,Monday,RDR,5353.73,5340.98,12.75,5358.98,5339.98,19.0,True,LONG,2017-03-06 13:10:00,5361.98,True,False,,1.1765,0.1569,1.1765,5368.73,2017-03-06 15:50:00,0.0,5358.48,2017-03-06 15:59:00,True,2017-03-06 13:15:00,0.0,0.0,False,,,
NQ,2017-03-07,Tuesday,ADR,5361.23,5358.73,2.5,5361.23,5358.73,2.5,True,LONG,2017-03-06 21:00:00,5361.48,True,True,True,1.3,0.0,1.3,5364.48,2017-03-07 00:03:00,1.0,5358.73,2017-03-06 22:16:00,True,2017-03-06 21:15:00,1.0,1.0,True,5361.23,2017-03-06 21:05:00,0.0
NQ,2017-03-07,Tuesday,ODR,5360.48,5354.73,5.75,5360.48,5354.73,5.75,True,SHORT,2017-03-07 04:50:00,5354.48,True,True,True,0.0,1.0,1.0,5348.98,2017-03-07 08:25:00,0.4783,5357.48,2017-03-07 05:10:00,True,2017-03-07 06:00:00,0.4783,0.0435,True,5354.98,2017-03-07 04:55:00,0.0435
NQ,2017-03-07,Tuesday,RDR,5367.48,5345.5,21.979999999999563,5368.48,5343.98,24.5,True,LONG,2017-03-07 10:30:00,5370.98,False,True,False,0.2957,0.1943,0.2843,5373.73,2017-03-07 10:42:00,1.1943,5341.23,2017-03-07 15:48:00,False,,0.0,,True,5366.98,2017-03-07 11:02:00,0.0227
NQ,2017-03-08,Wednesday,ADR,5344.0,5335.25,8.75,5344.48,5333.73,10.75,False,,,,,,,0.112,0.1143,,,,,,,False,,,,False,,,
NQ,2017-03-08,Wednesday,ODR,5348.23,5342.48,5.75,5348.48,5341.0,7.479999999999563,True,LONG,2017-03-08 04:25:00,5348.73,True,True,False,0.9565,0.0,0.9565,5353.73,2017-03-08 05:14:00,0.8696,5343.23,2017-03-08 08:25:00,True,2017-03-08 04:48:00,0.0,0.8696,True,5348.23,2017-03-08 04:30:00,0.0
NQ,2017-03-08,Wednesday,RDR,5372.23,5350.23,22.0,5372.23,5347.98,24.25,True,LONG,2017-03-08 11:00:00,5374.98,True,True,False,0.2159,0.0,0.1591,5375.73,2017-03-08 11:05:00,0.8864,5352.73,2017-03-08 15:43:00,False,,0.0,,True,5370.23,2017-03-08 11:06:00,0.0909
NQ,2017-03-09,Thursday,ADR,5364.5,5362.0,2.5,5364.73,5361.23,3.5,True,SHORT,2017-03-08 21:05:00,5360.98,True,True,True,0.292,1.708,1.708,5357.73,2017-03-08 21:16:00,0.592,5363.48,2017-03-09 00:23:00,True,2017-03-08 21:10:00,0.0,0.592,True,5362.23,2017-03-08 22:39:00,0.092
NQ,2017-03-09,Thursday,ODR,5364.73,5358.23,6.5,5365.98,5357.48,8.5,True,SHORT,2017-03-09 06:00:00,5356.98,True,True,True,0.1923,0.6892,0.6892,5353.75,2017-03-09 07:59:00,0.3492,5360.5,2017-03-09 08:11:00,True,2017-03-09 06:10:00,0.2308,0.3492,True,5358.23,2017-03-09 06:38:00,0.0
NQ,2017-03-09,Thursday,RDR,5369.73,5350.48,19.25,5371.73,5347.23,24.5,True,SHORT,2017-03-09 14:00:00,5345.98,True,True,False,0.0,0.7922,0.7922,5335.23,2017-03-09 14:16:00,0.9351,5368.48,2017-03-09 15:33:00,True,2017-03-09 14:15:00,0.0,0.9351,True,5350.98,2017-03-09 14:58:00,0.026
NQ,2017-03-10,Friday,ADR,5376.73,5373.25,3.4799999999995634,5376.98,5372.98,4.0,True,LONG,2017-03-09 20:40:00,5378.25,True,False,,1.6523,0.0,1.6523,5382.48,2017-03-10 01:20:00,0.0,5377.23,2017-03-09 21:12:00,True,2017-03-09 20:45:00,0.0,0.0,False,,,
NQ,2017-03-10,Friday,ODR,5384.48,5379.23,5.25,5384.98,5378.25,6.729999999999563,True,LONG,2017-03-10 04:00:00,5386.0,True,True,False,0.5714,0.0,0.5714,5387.48,2017-03-10 06:18:00,0.9486,5379.5,2017-03-10 08:03:00,True,2017-03-10 04:07:00,0.8533,0.9486,True,5384.48,2017-03-10 04:13:00,0.0
NQ,2017-03-10,Friday,RDR,5392.75,5381.48,11.270000000000437,5394.98,5378.23,16.75,True,SHORT,2017-03-10 12:30:00,5377.98,True,True,False,0.0,1.6415,1.6415,5362.98,2017-03-10 13:08:00,0.3327,5385.23,2017-03-10 15:54:00,True,2017-03-10 12:35:00,0.0,0.3327,True,5381.73,2017-03-10 15:16:00,0.0222
NQ,2017-03-13,Monday,ODR,5383.73,5381.25,2.4799999999995634,5384.23,5380.75,3.4799999999995634,True,SHORT,2017-03-13 04:05:00,5380.48,True,True,False,0.0,1.9153,1.9153,5376.5,2017-03-13 05:21:00,0.7984,5383.23,2017-03-13 04:48:00,True,2017-03-13 04:18:00,0.7984,0.7984,True,5381.25,2017-03-13 04:13:00,0.0
NQ,2017-03-13,Monday,RDR,5389.73,5382.0,7.729999999999563,5391.75,5381.23,10.520000000000437,True,LONG,2017-03-13 14:25:00,5392.25,True,False,,0.8435,0.0,0.8435,5396.25,2017-03-13 15:45:00,0.0,5390.98,2017-03-13 15:06:00,True,2017-03-13 14:33:00,0.0,0.0,False,,,
NQ,2017-03-14,Tuesday,ODR,5396.25,5394.0,2.25,5396.25,5393.75,2.5,True,SHORT,2017-03-14 04:00:00,5392.5,True,False,,0.0,7.0089,7.0089,5378.23,2017-03-14 08:26:00,0.0,5392.75,2017-03-14 04:05:00,True,2017-03-14 04:05:00,0.0,0.0,False,,,
NQ,2017-03-14,Tuesday,RDR,5383.5,5362.98,20.520000000000437,5384.73,5362.98,21.75,True,SHORT,2017-03-14 10:40:00,5361.98,True,True,False,0.0,0.1584,0.1584,5359.73,2017-03-14 10:45:00,0.9513,5382.5,2017-03-14 15:50:00,False,,0.0,,True,5363.48,2017-03-14 10:46:00,0.0244
NQ,2017-03-15,Wednesday,ODR,5389.0,5386.5,2.5,5389.23,5386.5,2.7299999999995634,True,LONG,2017-03-15 04:05:00,5389.75,True,True,True,2.292,0.0,2.292,5394.73,2017-03-15 04:51:00,0.208,5388.48,2017-03-15 06:46:00,True,2017-03-15 04:10:00,0.0,0.208,True,5389.0,2017-03-15 06:26:00,0.0
NQ,2017-03-15,Wednesday,RDR,5393.23,5376.5,16.729999999999563,5393.25,5375.75,17.5,True,LONG,2017-03-15 12:40:00,5393.98,True,True,True,2.0185,0.0,2.0185,5427.0,2017-03-15 15:34:00,0.2678,5388.75,2017-03-15 13:59:00,True,2017-03-15 14:00:00,0.2678,0.1781,True,5392.48,2017-03-15 13:17:00,0.0448
NQ,2017-03-16,Thursday,ADR,5420.0,5415.5,4.5,5420.0,5414.75,5.25,True,LONG,2017-03-15 21:00:00,5422.23,True,False,,1.7222,0.0,1.7222,5427.75,2017-03-15 23:56:00,0.0,5421.5,2017-03-15 21:05:00,True,2017-03-15 21:05:00,0.0,0.0,False,,,
NQ,2017-03-16,Thursday,ODR,5435.5,5428.73,6.770000000000437,5436.5,5428.48,8.020000000000437,True,SHORT,2017-03-16 08:00:00,5427.75,True,False,,0.0,0.8833,0.8833,5422.75,2017-03-16 08:28:00,0.0,5428.25,2017-03-16 08:05:00,True,2017-03-16 08:08:00,0.0,0.0,False,,,
NQ,2017-03-16,Thursday,RDR,5424.48,5410.98,13.5,5424.5,5409.0,15.5,True,SHORT,2017-03-16 11:00:00,5405.0,True,True,True,0.0,0.8889,0.8889,5398.98,2017-03-16 11:36:00,0.2222,5413.98,2017-03-16 12:27:00,True,2017-03-16 11:05:00,0.0,0.2222,True,5411.0,2017-03-16 12:18:00,0.0015
NQ,2017-03-17,Friday,ADR,5415.98,5412.73,3.25,5416.23,5412.5,3.7299999999995634,True,LONG,2017-03-16 20:55:00,5417.25,True,True,False,0.4677,0.0,0.4677,5417.5,2017-03-16 21:00:00,0.5385,5414.23,2017-03-16 22:21:00,False,,0.0,,True,5415.98,2017-03-16 21:10:00,0.0
NQ,2017-03-17,Friday,ODR,5414.25,5411.48,2.7700000000004366,5414.48,5411.48,3.0,True,LONG,2017-03-17 05:00:00,5414.98,True,False,,2.7004,0.2708,2.7004,5421.73,2017-03-17 07:01:00,0.0,5414.73,2017-03-17 05:05:00,True,2017-03-17 05:08:00,0.0,0.0,False,,,
NQ,2017-03-17,Friday,RDR,5419.73,5411.48,8.25,5420.73,5410.23,10.5,True,SHORT,2017-03-17 11:00:00,5409.98,False,True,True,0.6364,0.3939,0.3939,5408.23,2017-03-17 11:06:00,1.6364,5424.98,2017-03-17 14:14:00,False,,0.0,,True,5411.48,2017-03-17 11:11:00,0.0
NQ,2017-03-20,Monday,ADR,5406.25,5397.25,9.0,5406.5,5397.23,9.270000000000437,True,SHORT,2017-03-19 20:35:00,5396.5,True,True,False,0.0,0.1667,0.1411,5395.98,2017-03-19 20:40:00,0.4422,5401.23,2017-03-20 01:55:00,False,,0.0,,True,5397.5,2017-03-19 20:44:00,0.0278
NQ,2017-03-20,Monday,ODR,5403.23,5402.23,1.0,5403.23,5401.98,1.25,True,LONG,2017-03-20 04:05:00,5404.48,True,True,True,5.0,0.75,5.0,5408.23,2017-03-20 04:28:00,1.25,5401.98,2017-03-20 06:46:00,True,2017-03-20 04:10:00,0.0,1.25,True,5403.23,2017-03-20 05:59:00,0.0
NQ,2017-03-20,Monday,RDR,5425.98,5406.98,19.0,5427.73,5405.23,22.5,True,SHORT,2017-03-20 14:35:00,5404.23,True,True,False,0.0395,0.2895,0.2895,5401.48,2017-03-20 14:48:00,0.5263,5416.98,2017-03-20 15:50:00,False,,0.0,,True,5406.98,2017-03-20 15:05:00,0.0
NQ,2017-03-21,Tuesday,ADR,5418.48,5414.48,4.0,5419.23,5414.25,4.979999999999563,True,LONG,2017-03-20 20:40:00,5419.5,True,True,True,4.0,0.0,4.0,5434.48,2017-03-20 22:05:00,0.25,5417.48,2017-03-20 20:56:00,True,2017-03-20 21:02:00,0.25,0.0,True,5418.25,2017-03-20 20:46:00,0.0575
NQ,2017-03-21,Tuesday,ODR,5433.48,5428.25,5.229999999999563,5433.98,5428.23,5.75,True,SHORT,2017-03-21 05:45:00,5427.98,True,True,False,0.0478,0.1434,0.0516,5427.98,2017-03-21 05:50:00,0.7648,5432.25,2017-03-21 07:36:00,False,,0.044,,True,5428.48,2017-03-21 05:50:00,0.044
NQ,2017-03-21,Tuesday,RDR,5438.73,5407.73,31.0,5440.73,5404.98,35.75,True,SHORT,2017-03-21 10:50:00,5397.73,True,False,,0.0,2.5081,2.5081,5329.98,2017-03-21 15:54:00,0.0,5398.23,2017-03-21 10:55:00,True,2017-03-21 10:57:00,0.0,0.0,False,,,
NQ,2017-03-22,Wednesday,ADR,5334.98,5328.75,6.229999999999563,5335.48,5328.5,6.979999999999563,True,SHORT,2017-03-21 21:20:00,5327.48,True,False,,0.0401,2.13,2.13,5315.48,2017-03-21 22:36:00,0.0,5327.25,2017-03-21 21:25:00,True,2017-03-21 21:27:00,0.0,0.0,False,,,
NQ,2017-03-22,Wednesday,ODR,5329.48,5323.73,5.75,5329.75,5322.75,7.0,True,SHORT,2017-03-22 04:05:00,5320.98,False,True,False,1.2174,0.7183,0.7183,5319.6,2017-03-22 05:05:00,2.2174,5336.48,2017-03-22 07:09:00,True,2017-03-22 04:10:00,1.6522,2.2174,True,5324.98,2017-03-22 04:14:00,0.2174
NQ,2017-03-22,Wednesday,RDR,5348.48,5335.1,13.3799999999992,5353.23,5333.23,20.0,True,LONG,2017-03-22 10:55:00,5354.35,True,True,True,2.0366,0.5135,2.0366,5375.73,2017-03-22 15:23:00,0.0747,5347.48,2017-03-22 11:04:00,True,2017-03-22 11:15:00,0.0747,0.0561,True,5347.73,2017-03-22 11:03:00,0.0561
NQ,2017-03-23,Thursday,ADR,5375.75,5372.48,3.2700000000004366,5376.5,5372.23,4.270000000000437,True,LONG,2017-03-22 21:00:00,5376.73,True,True,False,0.682,0.4587,0.682,5377.98,2017-03-22 21:05:00,1.0765,5372.23,2017-03-23 00:16:00,True,2017-03-22 21:05:00,0.0,1.0765,True,5375.75,2017-03-22 21:12:00,0.0
NQ,2017-03-23,Thursday,ODR,5368.75,5365.73,3.0200000000004366,5369.23,5364.98,4.25,True,SHORT,2017-03-23 04:15:00,5363.48,False,True,False,1.9801,1.3245,1.3245,5361.73,2017-03-23 04:59:00,2.9801,5374.73,2017-03-23 08:28:00,True,2017-03-23 04:20:00,0.0,2.9801,True,5366.23,2017-03-23 05:18:00,0.1656
NQ,2017-03-23,Thursday,RDR,5362.35,5350.73,11.6200000000008,5368.0,5348.25,19.75,True,LONG,2017-03-23 10:40:00,5368.23,False,True,False,1.2806,0.3012,1.2806,5377.23,2017-03-23 11:16:00,1.3012,5347.23,2017-03-23 15:32:00,True,2017-03-23 10:45:00,0.0,1.3012,True,5359.48,2017-03-23 13:09:00,0.247
NQ,2017-03-24,Friday,ADR,5373.98,5361.98,12.0,5374.25,5361.0,13.25,False,,,,,,,0.0208,0.0,,,,,,,False,,,,False,,,
NQ,2017-03-24,Friday,ODR,5368.98,5365.73,3.25,5370.23,5364.73,5.5,True,SHORT,2017-03-24 04:05:00,5363.75,False,True,False,0.4615,1.6923,1.6923,5360.23,2017-03-24 06:30:00,1.4615,5370.48,2017-03-24 04:40:00,True,2017-03-24 04:10:00,1.4615,1.4615,True,5365.73,2017-03-24 04:24:00,0.0
NQ,2017-03-24,Friday,RDR,5392.23,5373.48,18.75,5392.48,5373.23,19.25,True,LONG,2017-03-24 11:55:00,5393.23,False,True,False,0.1333,1.4,0.0933,5393.98,2017-03-24 12:11:00,2.4,5347.23,2017-03-24 15:16:00,False,,0.52,,True,5391.73,2017-03-24 12:00:00,0.0267
NQ,2017-03-27,Monday,ADR,5347.73,5341.98,5.75,5348.0,5341.23,6.770000000000437,True,SHORT,2017-03-26 20:45:00,5340.25,True,True,True,0.0,1.6922,1.6922,5332.25,2017-03-26 21:05:00,0.1304,5342.73,2017-03-26 21:52:00,True,2017-03-26 20:54:00,0.0,0.1304,True,5341.98,2017-03-26 21:49:00,0.0
NQ,2017-03-27,Monday,ODR,5331.48,5323.75,7.729999999999563,5332.0,5322.98,9.020000000000437,True,LONG,2017-03-27 04:20:00,5332.73,True,False,,1.3583,0.1643,1.3583,5341.98,2017-03-27 07:01:00,0.0,5331.73,2017-03-27 04:58:00,True,2017-03-27 04:47:00,0.0,0.0,False,,,
NQ,2017-03-27,Monday,RDR,5348.73,5321.98,26.75,5351.5,5317.48,34.02000000000044,True,LONG,2017-03-27 10:30:00,5352.48,True,True,True,1.3738,0.0,1.3738,5385.48,2017-03-27 15:42:00,0.028,5347.98,2017-03-27 10:40:00,True,2017-03-27 11:29:00,0.028,0.0,True,5347.98,2017-03-27 10:40:00,0.028
NQ,2017-03-28,Tuesday,ADR,5388.85,5385.23,3.6200000000008004,5389.48,5385.23,4.25,True,SHORT,2017-03-27 21:10:00,5384.98,False,True,False,0.8646,0.3398,0.3398,5384.0,2017-03-27 21:17:00,1.8646,5391.98,2017-03-28 01:41:00,False,,0.0,,True,5385.23,2017-03-27 21:15:00,0.0
NQ,2017-03-28,Tuesday,ODR,5391.23,5383.48,7.75,5392.48,5383.23,9.25,True,SHORT,2017-03-28 07:20:00,5382.73,True,False,,0.0,1.4194,1.4194,5372.48,2017-03-28 08:25:00,0.0,5382.98,2017-03-28 07:26:00,True,2017-03-28 07:34:00,0.0,0.0,False,,,
NQ,2017-03-28,Tuesday,RDR,5382.48,5368.75,13.729999999999563,5384.98,5363.48,21.5,True,LONG,2017-03-28 11:05:00,5386.48,True,False,,3.0495,0.0561,3.0495,5424.35,2017-03-28 14:47:00,0.0,5385.98,2017-03-28 11:29:00,True,2017-03-28 11:10:00,0.0,0.0,False,,,
NQ,2017-03-29,Wednesday,ADR,5413.48,5409.23,4.25,5413.73,5409.1,4.6299999999992,True,SHORT,2017-03-28 20:45:00,5407.48,False,True,False,0.2941,0.6471,0.6471,5406.48,2017-03-28 21:44:00,1.2941,5414.73,2017-03-29 01:21:00,True,2017-03-28 21:43:00,0.4753,1.2941,True,5409.23,2017-03-28 20:54:00,0.0
NQ,2017-03-29,Wednesday,ODR,5418.0,5414.23,3.7700000000004366,5418.73,5412.98,5.75,True,SHORT,2017-03-29 04:45:00,5410.23,True,False,,0.0,2.5199,2.5199,5404.73,2017-03-29 07:36:00,0.0,5412.0,2017-03-29 05:13:00,True,2017-03-29 04:50:00,0.0,0.0,False,,,
NQ,2017-03-29,Wednesday,RDR,5422.48,5410.23,12.25,5423.73,5406.23,17.5,True,LONG,2017-03-29 10:30:00,5424.48,True,True,True,1.0408,0.0,1.0408,5435.23,2017-03-29 15:31:00,0.8571,5411.98,2017-03-29 11:40:00,True,2017-03-29 14:21:00,0.8571,0.0,True,5421.73,2017-03-29 10:55:00,0.0612
NQ,2017-03-30,Thursday,ADR,5449.48,5435.73,13.75,5450.73,5435.73,15.0,False,,,,,,,0.0,0.0,,,,,,,False,,,,False,,,
NQ,2017-03-30,Thursday,ODR,5441.25,5438.75,2.5,5441.98,5438.23,3.75,True,SHORT,2017-03-30 04:00:00,5437.48,True,False,,0.0,3.908,3.908,5428.98,2017-03-30 07:04:00,0.0,5438.5,2017-03-30 04:13:00,True,2017-03-30 04:05:00,0.0,0.0,False,,,
NQ,2017-03-30,Thursday,RDR,5444.6,5431.23,13.3700000000008,5445.48,5426.48,19.0,True,LONG,2017-03-30 10:55:00,5445.98,False,True,False,0.2154,0.2805,0.2154,5447.48,2017-03-30 11:01:00,1.2805,5427.48,2017-03-30 12:40:00,False,,0.0,,True,5444.23,2017-03-30 11:07:00,0.0277
NQ,2017-03-31,Friday,ADR,5437.48,5431.48,6.0,5438.25,5431.23,7.020000000000437,True,SHORT,2017-03-30 20:45:00,5430.98,True,True,True,0.0,1.75,1.75,5420.98,2017-03-31 01:44:00,0.875,5436.73,2017-03-30 21:44:00,True,2017-03-31 01:14:00,0.875,0.0,True,5431.73,2017-03-30 20:52:00,0.0417
NQ,2017-03-31,Friday,ODR,5430.23,5424.5,5.729999999999563,5430.23,5422.73,7.5,True,LONG,2017-03-31 05:45:00,5430.73,True,True,True,1.0681,0.0908,1.0681,5436.35,2017-03-31 08:25:00,0.5672,5426.98,2017-03-31 06:19:00,True,2017-03-31 08:04:00,0.5672,0.0,True,5429.98,2017-03-31 05:50:00,0.0436
NQ,2017-03-31,Friday,RDR,5442.73,5430.48,12.25,5444.48,5427.23,17.25,True,LONG,2017-03-31 11:05:00,5445.48,True,True,False,0.7853,0.0,0.7853,5452.35,2017-03-31 13:30:00,0.7347,5433.73,2017-03-31 14:13:00,True,2017-03-31 12:21:00,0.0204,0.7347,True,5442.48,2017-03-31 11:31:00,0.0204
NQ,2017-04-03,Monday,ADR,5442.73,5433.48,9.25,5442.73,5432.73,10.0,True,LONG,2017-04-02 22:00:00,5442.75,True,True,True,0.1081,0.0,0.1081,5443.73,2017-04-03 01:35:00,0.3243,5439.73,2017-04-03 00:22:00,False,,0.3243,,True,5442.73,2017-04-02 22:05:00,0.0
NQ,2017-04-03,Monday,ODR,5449.23,5442.98,6.25,5449.23,5441.98,7.25,True,SHORT,2017-04-03 04:05:00,5441.73,True,True,False,0.0,0.4,0.4,5440.48,2017-04-03 08:06:00,0.84,5448.23,2017-04-03 05:59:00,False,,0.84,,True,5442.98,2017-04-03 04:18:00,0.0
NQ,2017-04-03,Monday,RDR,5453.23,5439.48,13.75,5454.73,5434.48,20.25,True,SHORT,2017-04-03 10:50:00,5430.23,True,True,True,0.0,2.6349,2.6349,5403.25,2017-04-03 12:03:00,0.0545,5440.23,2017-04-03 15:14:00,True,2017-04-03 10:55:00,0.0,0.0545,True,5440.23,2017-04-03 15:14:00,0.0545
NQ,2017-04-04,Tuesday,ADR,5433.5,5426.5,7.0,5433.73,5425.0,8.729999999999563,True,SHORT,2017-04-04 00:35:00,5424.75,True,True,False,0.0,0.4314,0.4314,5423.48,2017-04-04 00:46:00,0.4257,5429.48,2017-04-04 00:54:00,False,,0.0,,True,5426.98,2017-04-04 00:50:00,0.0686
NQ,2017-04-04,Tuesday,ODR,5426.23,5418.48,7.75,5427.98,5417.98,10.0,True,SHORT,2017-04-04 04:10:00,5417.48,True,True,True,0.0,1.5161,1.5161,5406.73,2017-04-04 08:05:00,0.6452,5423.48,2017-04-04 06:25:00,True,2017-04-04 07:33:00,0.6452,0.0,True,5418.48,2017-04-04 04:21:00,0.0
NQ,2017-04-04,Tuesday,RDR,5432.23,5416.98,15.25,5435.48,5415.48,20.0,True,LONG,2017-04-04 14:15:00,5436.73,True,True,True,0.6721,0.0,0.6721,5442.48,2017-04-04 15:59:00,0.0164,5431.98,2017-04-04 15:22:00,True,2017-04-04 15:44:00,0.0164,0.0,True,5432.23,2017-04-04 15:21:00,0.0
NQ,2017-04-05,Wednesday,ADR,5446.98,5444.23,2.75,5446.98,5443.48,3.5,True,SHORT,2017-04-04 22:10:00,5443.23,True,True,True,0.0073,3.0909,3.0909,5435.73,2017-04-05 00:09:00,0.0073,5444.25,2017-04-04 22:23:00,True,2017-04-04 22:20:00,0.0073,0.0073,True,5444.23,2017-04-04 22:22:00,0.0
NQ,2017-04-05,Wednesday,ODR,5441.23,5435.48,5.75,5441.73,5435.48,6.25,True,LONG,2017-04-05 05:10:00,5442.73,True,True,True,1.1304,0.0,1.1304,5447.73,2017-04-05 08:18:00,0.913,5435.98,2017-04-05 07:28:00,True,2017-04-05 05:22:00,0.913,0.913,True,5440.98,2017-04-05 05:39:00,0.0435
NQ,2017-04-05,Wednesday,RDR,5464.75,5446.98,17.770000000000437,5465.48,5444.23,21.25,True,LONG,2017-04-05 10:40:00,5470.48,False,True,False,0.9274,2.1384,0.9274,5481.23,2017-04-05 13:36:00,3.1384,5408.98,2017-04-05 15:34:00,True,2017-04-05 10:47:00,0.184,3.1384,True,5464.23,2017-04-05 11:29:00,0.0293
NQ,2017-04-06,Thursday,ADR,5418.5,5404.5,14.0,5418.98,5404.23,14.75,True,SHORT,2017-04-05 20:30:00,5403.75,True,True,True,0.0,0.93,0.93,5391.48,2017-04-05 22:41:00,0.1771,5406.98,2017-04-05 21:01:00,True,2017-04-05 22:24:00,0.1771,0.0,True,5404.75,2017-04-05 20:37:00,0.0179
NQ,2017-04-06,Thursday,ODR,5406.98,5400.75,6.229999999999563,5408.25,5399.0,9.25,True,LONG,2017-04-06 04:10:00,5409.98,True,False,,2.8491,0.0,2.8491,5424.73,2017-04-06 06:51:00,0.0,5407.73,2017-04-06 04:27:00,True,2017-04-06 04:15:00,0.0,0.0,False,,,
NQ,2017-04-06,Thursday,RDR,5432.1,5411.73,20.3700000000008,5434.48,5410.23,24.25,True,SHORT,2017-04-06 14:55:00,5409.5,True,True,False,0.2396,0.1964,0.0982,5409.73,2017-04-06 15:00:00,0.5155,5422.23,2017-04-06 15:43:00,False,,0.0,,True,5411.73,2017-04-06 15:00:00,0.0
NQ,2017-04-07,Friday,ADR,5426.75,5422.73,4.020000000000437,5427.25,5422.23,5.020000000000437,True,LONG,2017-04-06 20:30:00,5429.23,False,True,False,0.6841,10.0075,0.6841,5429.5,2017-04-06 20:35:00,11.0075,5382.5,2017-04-06 21:27:00,True,2017-04-06 20:35:00,0.0,11.0075,True,5426.23,2017-04-06 20:48:00,0.1294
NQ,2017-04-07,Friday,ODR,5420.73,5407.23,13.5,5420.75,5406.23,14.520000000000437,True,LONG,2017-04-07 06:40:00,5423.73,True,True,False,0.5,0.0,0.5,5427.48,2017-04-07 07:33:00,0.537,5413.48,2017-04-07 08:21:00,True,2017-04-07 07:33:00,0.0741,0.537,True,5420.48,2017-04-07 06:54:00,0.0185
NQ,2017-04-07,Friday,RDR,5426.98,5403.35,23.6299999999992,5431.23,5400.23,31.0,True,LONG,2017-04-07 14:00:00,5431.98,True,True,False,0.3703,0.0,0.2857,5433.73,2017-04-07 14:06:00,0.3386,5418.98,2017-04-07 15:59:00,False,,0.0,,True,5426.73,2017-04-07 14:41:00,0.0106
NQ,2017-04-10,Monday,ADR,5427.23,5421.0,6.229999999999563,5428.23,5421.0,7.229999999999563,True,LONG,2017-04-09 21:00:00,5432.0,True,True,True,1.0433,0.0,0.8427,5432.48,2017-04-09 21:05:00,0.3178,5425.25,2017-04-09 22:07:00,True,2017-04-09 21:05:00,0.0,0.3178,True,5426.5,2017-04-09 21:36:00,0.1172
NQ,2017-04-10,Monday,ODR,5427.73,5423.5,4.229999999999563,5428.0,5422.73,5.270000000000437,True,SHORT,2017-04-10 04:00:00,5421.98,True,True,False,0.0,1.896,1.896,5415.48,2017-04-10 06:05:00,0.9409,5427.48,2017-04-10 04:22:00,True,2017-04-10 05:43:00,0.9409,0.8865,True,5423.98,2017-04-10 04:12:00,0.1135
NQ,2017-04-10,Monday,RDR,5436.75,5424.98,11.770000000000437,5438.48,5422.48,16.0,True,LONG,2017-04-10 10:30:00,5441.73,False,True,False,0.5718,1.6355,0.5718,5443.48,2017-04-10 10:35:00,2.6355,5405.73,2017-04-10 12:14:00,True,2017-04-10 10:35:00,0.0,2.6355,True,5436.73,2017-04-10 10:53:00,0.0017
NQ,2017-04-11,Tuesday,ADR,5425.98,5419.73,6.25,5426.23,5418.48,7.75,True,SHORT,2017-04-10 22:20:00,5416.75,True,False,,0.0,1.36,1.36,5411.23,2017-04-10 22:46:00,0.0,5418.25,2017-04-11 01:13:00,True,2017-04-10 22:25:00,0.0,0.0,False,,,
NQ,2017-04-11,Tuesday,ODR,5418.48,5413.23,5.25,5418.98,5411.23,7.75,True,LONG,2017-04-11 04:00:00,5422.23,True,True,False,1.0952,0.0,1.0952,5424.23,2017-04-11 06:22:00,0.9048,5413.73,2017-04-11 04:55:00,True,2017-04-11 04:05:00,0.9048,0.9048,True,5418.48,2017-04-11 04:14:00,0.0
NQ,2017-04-11,Tuesday,RDR,5421.48,5378.5,42.97999999999956,5424.23,5370.98,53.25,True,SHORT,2017-04-11 10:30:00,5366.23,True,True,False,0.0,0.4716,0.4716,5358.23,2017-04-11 10:52:00,0.5987,5404.23,2017-04-11 13:06:00,False,,0.0,,True,5379.23,2017-04-11 11:36:00,0.017
NQ,2017-04-12,Wednesday,ADR,5400.73,5393.48,7.25,5400.73,5392.0,8.729999999999563,True,SHORT,2017-04-11 20:55:00,5389.98,True,True,False,0.0,1.0,1.0,5386.23,2017-04-11 22:43:00,0.1724,5394.73,2017-04-12 01:58:00,True,2017-04-11 21:00:00,0.0,0.1724,True,5393.73,2017-04-12 01:55:00,0.0345
NQ,2017-04-12,Wednesday,ODR,5411.48,5398.0,13.479999999999563,5412.73,5394.73,18.0,True,SHORT,2017-04-12 07:30:00,5394.48,True,False,,0.0,0.5393,0.5393,5390.73,2017-04-12 08:19:00,0.0,5396.23,2017-04-12 07:47:00,True,2017-04-12 08:18:00,0.0,0.0,False,,,
NQ,2017-04-12,Wednesday,RDR,5397.73,5389.23,8.5,5400.48,5385.48,15.0,True,SHORT,2017-04-12 10:55:00,5382.75,True,True,True,0.0,2.3235,2.3235,5369.48,2017-04-12 12:55:00,0.1176,5390.23,2017-04-12 14:00:00,True,2017-04-12 11:00:00,0.0,0.1176,True,5389.48,2017-04-12 13:59:00,0.0294
NQ,2017-04-13,Thursday,ADR,5374.75,5369.98,4.770000000000437,5374.75,5369.25,5.5,True,SHORT,2017-04-12 20:45:00,5369.23,False,True,False,1.4151,1.9916,1.9916,5360.48,2017-04-12 21:16:00,2.4151,5381.5,2017-04-13 01:43:00,True,2017-04-12 21:14:00,0.109,2.4151,True,5370.0,2017-04-12 20:50:00,0.0042
NQ,2017-04-13,Thursday,ODR,5379.5,5367.5,12.0,5380.5,5367.23,13.270000000000437,True,SHORT,2017-04-13 04:00:00,5365.73,True,False,,0.0,0.9808,0.9808,5355.73,2017-04-13 06:40:00,0.0,5367.48,2017-04-13 04:26:00,True,2017-04-13 05:30:00,0.0,0.0,False,,,
NQ,2017-04-13,Thursday,RDR,5393.98,5368.25,25.729999999999563,5396.23,5365.23,31.0,True,SHORT,2017-04-13 13:45:00,5364.73,True,True,True,0.204,0.5838,0.5838,5353.23,2017-04-13 15:59:00,0.3199,5376.48,2017-04-13 14:34:00,True,2017-04-13 15:59:00,0.3199,0.0,True,5368.73,2017-04-13 13:53:00,0.0187
NQ,2017-04-17,Monday,ADR,5357.25,5351.25,6.0,5358.0,5350.98,7.020000000000437,True,SHORT,2017-04-16 21:30:00,5350.48,True,True,False,0.0,0.5833,0.5833,5347.75,2017-04-16 22:10:00,0.955,5356.98,2017-04-17 01:58:00,True,2017-04-16 22:10:00,0.375,0.955,True,5351.48,2017-04-16 21:35:00,0.0383
NQ,2017-04-17,Monday,ODR,5358.98,5356.48,2.5,5359.23,5356.23,3.0,True,SHORT,2017-04-17 04:10:00,5355.48,False,True,False,3.9,1.3,1.3,5353.23,2017-04-17 05:19:00,4.9,5368.73,2017-04-17 08:29:00,True,2017-04-17 04:19:00,0.0,4.9,True,5356.98,2017-04-17 05:57:00,0.2
NQ,2017-04-17,Monday,RDR,5389.48,5369.48,20.0,5390.98,5366.98,24.0,True,LONG,2017-04-17 15:15:00,5393.23,True,False,,0.475,0.0,0.475,5398.98,2017-04-17 15:59:00,0.0,5390.98,2017-04-17 15:22:00,False,,0.0,,False,,,
NQ,2017-04-18,Tuesday,ADR,5402.25,5395.48,6.770000000000437,5403.25,5395.23,8.020000000000437,False,,,,,,,0.0,0.0369,,,,,,,False,,,,False,,,
NQ,2017-04-18,Tuesday,ODR,5400.98,5390.75,10.229999999999563,5400.98,5390.48,10.5,True,SHORT,2017-04-18 04:40:00,5390.23,True,False,,0.0,1.4194,1.4194,5376.23,2017-04-18 05:55:00,0.0,5390.23,2017-04-18 04:45:00,True,2017-04-18 05:30:00,0.0,0.0,False,,,
NQ,2017-04-18,Tuesday,RDR,5404.0,5378.98,25.020000000000437,5404.98,5377.23,27.75,False,,,,,,,0.0,0.1299,,,,,,,False,,,,False,,,
NQ,2017-04-19,Wednesday,ADR,5398.0,5393.0,5.0,5398.25,5393.0,5.25,True,LONG,2017-04-18 20:35:00,5399.23,True,True,False,0.246,0.0,0.2,5399.0,2017-04-18 20:40:00,0.954,5393.23,2017-04-18 22:25:00,False,,0.054,,True,5397.73,2017-04-18 20:40:00,0.054
NQ,2017-04-19,Wednesday,ODR,5399.98,5396.23,3.75,5400.48,5395.98,4.5,True,LONG,2017-04-19 04:25:00,5401.48,True,False,,3.9333,0.0,3.9333,5414.73,2017-04-19 08:21:00,0.0,5400.48,2017-04-19 04:31:00,True,2017-04-19 04:31:00,0.0,0.0,False,,,
NQ,2017-04-19,Wednesday,RDR,5426.98,5411.23,15.75,5428.48,5411.23,17.25,True,LONG,2017-04-19 11:20:00,5429.73,False,True,False,0.2222,1.3492,0.2222,5430.48,2017-04-19 11:30:00,2.3492,5389.98,2017-04-19 15:52:00,False,,0.0,,True,5426.98,2017-04-19 11:27:00,0.0
NQ,2017-04-20,Thursday,ADR,5400.98,5396.0,4.979999999999563,5401.25,5395.73,5.520000000000437,True,LONG,2017-04-19 21:25:00,5401.48,True,True,True,0.7028,0.0,0.7028,5404.48,2017-04-19 21:50:00,0.4016,5398.98,2017-04-20 01:39:00,True,2017-04-19 21:49:00,0.3514,0.4016,True,5400.98,2017-04-19 21:30:00,0.0
NQ,2017-04-20,Thursday,ODR,5412.48,5405.48,7.0,5413.73,5402.48,11.25,True,LONG,2017-04-20 04:05:00,5414.0,True,True,True,0.9643,0.0,0.9643,5419.23,2017-04-20 08:24:00,0.2857,5410.48,2017-04-20 04:29:00,True,2017-04-20 04:11:00,0.2857,0.2857,True,5412.48,2017-04-20 04:22:00,0.0
NQ,2017-04-20,Thursday,RDR,5424.98,5413.23,11.75,5428.98,5411.23,17.75,True,LONG,2017-04-20 11:45:00,5433.23,True,False,,2.5106,0.0,2.5106,5454.48,2017-04-20 13:56:00,0.0,5432.73,2017-04-20 11:51:00,True,2017-04-20 11:50:00,0.0,0.0,False,,,
NQ,2017-04-21,Friday,ADR,5448.73,5446.75,1.9799999999995634,5448.73,5446.48,2.25,True,SHORT,2017-04-20 20:50:00,5446.23,False,True,False,2.1566,0.5051,0.3889,5445.98,2017-04-20 21:00:00,3.1566,5453.0,2017-04-21 01:39:00,False,,0.0,,True,5447.25,2017-04-20 21:05:00,0.2525
NQ,2017-04-21,Friday,ODR,5453.73,5449.73,4.0,5454.23,5449.23,5.0,True,SHORT,2017-04-21 08:20:00,5448.73,True,False,,0.1875,0.5575,0.5,5447.73,2017-04-21 08:26:00,0.0,5449.48,2017-04-21 08:29:00,True,2017-04-21 08:26:00,0.0,0.0,False,,,
NQ,2017-04-21,Friday,RDR,5446.48,5433.23,13.25,5447.48,5433.23,14.25,True,LONG,2017-04-21 11:50:00,5447.73,False,True,False,0.2075,0.434,0.2075,5449.23,2017-04-21 11:58:00,1.434,5427.48,2017-04-21 13:11:00,False,,0.0,,True,5446.48,2017-04-21 12:00:00,0.0
NQ,2017-04-24,Monday,ADR,5490.5,5487.73,2.7700000000004366,5490.98,5486.48,4.5,True,SHORT,2017-04-23 21:15:00,5485.98,False,True,False,1.0758,1.8051,1.8051,5482.73,2017-04-23 21:46:00,2.0758,5493.48,2017-04-24 01:53:00,True,2017-04-23 21:20:00,0.0,2.0758,True,5487.98,2017-04-23 23:30:00,0.0903
NQ,2017-04-24,Monday,ODR,5496.48,5492.98,3.5,5496.73,5492.48,4.25,True,LONG,2017-04-24 04:15:00,5496.98,True,True,True,2.5,0.0,2.5,5505.23,2017-04-24 08:27:00,0.3571,5495.23,2017-04-24 04:24:00,True,2017-04-24 04:58:00,0.3571,0.0,True,5496.0,2017-04-24 04:21:00,0.1371
NQ,2017-04-24,Monday,RDR,5505.98,5496.23,9.75,5508.98,5492.48,16.5,True,LONG,2017-04-24 15:05:00,5511.98,True,True,True,0.6667,0.2308,0.641,5512.23,2017-04-24 15:14:00,0.0769,5505.23,2017-04-24 15:58:00,True,2017-04-24 15:10:00,0.0,0.0769,True,5505.48,2017-04-24 15:52:00,0.0513
NQ,2017-04-25,Tuesday,ADR,5502.48,5499.5,2.9799999999995634,5502.73,5499.5,3.2299999999995634,True,LONG,2017-04-24 20:55:00,5502.75,True,True,True,5.1174,0.0,5.1174,5517.73,2017-04-25 01:37:00,0.4195,5501.23,2017-04-24 21:11:00,True,2017-04-24 21:30:00,0.4195,0.0,True,5502.48,2017-04-24 21:00:00,0.0
NQ,2017-04-25,Tuesday,ODR,5515.98,5511.48,4.5,5516.98,5511.23,5.75,True,SHORT,2017-04-25 04:05:00,5510.75,False,True,False,1.7222,0.4956,0.4956,5509.25,2017-04-25 04:19:00,2.7222,5523.73,2017-04-25 08:28:00,False,,0.0,,True,5511.48,2017-04-25 04:38:00,0.0
NQ,2017-04-25,Tuesday,RDR,5535.5,5524.48,11.020000000000437,5537.98,5520.73,17.25,True,LONG,2017-04-25 11:15:00,5540.48,True,False,,1.9492,0.0,1.9492,5556.98,2017-04-25 15:23:00,0.0,5537.73,2017-04-25 11:32:00,True,2017-04-25 11:44:00,0.0,0.0,False,,,
NQ,2017-04-26,Wednesday,ADR,5548.98,5546.25,2.7299999999995634,5549.73,5546.23,3.5,True,LONG,2017-04-25 22:00:00,5549.98,True,True,True,2.0147,0.2821,2.0147,5554.48,2017-04-26 01:36:00,0.359,5548.0,2017-04-25 22:11:00,True,2017-04-25 22:42:00,0.359,0.0,True,5548.75,2017-04-25 22:07:00,0.0842
NQ,2017-04-26,Wednesday,ODR,5552.73,5549.23,3.5,5553.48,5548.73,4.75,True,LONG,2017-04-26 06:00:00,5554.23,False,True,False,0.5057,0.7143,0.3571,5553.98,2017-04-26 06:05:00,1.7143,5546.73,2017-04-26 07:30:00,False,,0.0,,True,5552.73,2017-04-26 06:10:00,0.0
NQ,2017-04-26,Wednesday,RDR,5559.73,5544.48,15.25,5561.98,5543.23,18.75,True,SHORT,2017-04-26 10:40:00,5542.98,True,True,True,0.0,0.5738,0.5738,5535.73,2017-04-26 15:54:00,0.7377,5555.73,2017-04-26 11:25:00,True,2017-04-26 15:54:00,0.7377,0.0,True,5545.23,2017-04-26 10:46:00,0.0492
NQ,2017-04-27,Thursday,ADR,5540.75,5538.23,2.5200000000004366,5541.48,5538.23,3.25,True,LONG,2017-04-26 21:00:00,5542.23,False,True,True,0.6865,0.5952,0.5952,5542.25,2017-04-26 21:28:00,1.5952,5536.73,2017-04-26 22:07:00,True,2017-04-26 21:05:00,0.0079,1.5952,True,5540.75,2017-04-26 21:09:00,0.0
NQ,2017-04-27,Thursday,ODR,5543.25,5537.73,5.520000000000437,5543.98,5537.48,6.5,True,SHORT,2017-04-27 04:55:00,5536.98,False,True,False,1.0833,0.4076,0.2264,5536.48,2017-04-27 05:00:00,2.0833,5549.23,2017-04-27 07:28:00,False,,0.0,,True,5538.25,2017-04-27 05:01:00,0.0942
NQ,2017-04-27,Thursday,RDR,5563.48,5549.23,14.25,5565.48,5547.98,17.5,True,LONG,2017-04-27 12:55:00,5567.73,True,True,True,0.5439,0.0,0.5439,5571.23,2017-04-27 15:59:00,0.2982,5559.23,2017-04-27 15:08:00,True,2017-04-27 15:59:00,0.2982,0.0,True,5563.23,2017-04-27 13:49:00,0.0175
NQ,2017-04-28,Friday,ADR,5590.48,5586.73,3.75,5591.23,5586.48,4.75,True,LONG,2017-04-27 20:45:00,5592.73,True,True,False,0.7333,0.0667,0.7333,5593.23,2017-04-27 21:20:00,1.0667,5586.48,2017-04-28 00:41:00,True,2017-04-27 20:50:00,0.0667,1.0667,True,5590.23,2017-04-27 21:02:00,0.0667
NQ,2017-04-28,Friday,ODR,5587.75,5583.98,3.7700000000004366,5588.23,5583.98,4.25,True,LONG,2017-04-28 04:05:00,5590.23,True,True,True,2.5809,0.0,2.5809,5597.48,2017-04-28 07:23:00,0.4032,5586.23,2017-04-28 04:33:00,True,2017-04-28 04:10:00,0.4032,0.4032,True,5587.23,2017-04-28 04:31:00,0.1379
NQ,2017-04-28,Friday,RDR,5592.98,5575.98,17.0,5595.23,5575.48,19.75,True,SHORT,2017-04-28 11:30:00,5575.23,True,True,False,0.0,0.25,0.25,5571.73,2017-04-28 14:19:00,0.5588,5585.48,2017-04-28 12:48:00,False,,0.5588,,True,5576.23,2017-04-28 11:35:00,0.0147
NQ,2017-05-01,Monday,ADR,5581.73,5576.75,4.979999999999563,5582.73,5576.73,6.0,True,LONG,2017-04-30 21:35:00,5584.25,True,False,,1.7068,0.0,1.7068,5590.23,2017-05-01 01:49:00,0.0,5583.98,2017-04-30 21:40:00,True,2017-04-30 21:40:00,0.0,0.0,False,,,
NQ,2017-05-01,Monday,ODR,5592.23,5591.0,1.2299999999995634,5592.75,5590.98,1.7700000000004366,True,LONG,2017-05-01 04:25:00,5592.98,True,True,True,5.6911,0.0,5.6911,5599.23,2017-05-01 08:26:00,0.5935,5591.5,2017-05-01 05:02:00,True,2017-05-01 04:31:00,0.5935,0.5935,True,5591.98,2017-05-01 04:51:00,0.2033
NQ,2017-05-01,Monday,RDR,5607.73,5599.73,8.0,5608.5,5596.48,12.020000000000437,True,LONG,2017-05-01 10:30:00,5610.48,True,False,,3.6875,0.0,3.6875,5637.23,2017-05-01 15:35:00,0.0,5609.23,2017-05-01 10:37:00,True,2017-05-01 10:45:00,0.0,0.0,False,,,
NQ,2017-05-02,Tuesday,ADR,5631.5,5629.75,1.75,5631.98,5629.5,2.4799999999995634,True,LONG,2017-05-01 20:40:00,5633.98,True,True,False,2.56,0.44,2.56,5635.98,2017-05-01 21:00:00,1.44,5628.98,2017-05-02 01:23:00,True,2017-05-01 20:45:00,0.0,1.44,True,5631.48,2017-05-01 21:46:00,0.0114
NQ,2017-05-02,Tuesday,ODR,5634.73,5631.98,2.75,5635.23,5631.23,4.0,True,LONG,2017-05-02 05:40:00,5635.48,True,True,True,1.2727,0.0,1.2727,5638.23,2017-05-02 08:26:00,0.6364,5632.98,2017-05-02 07:31:00,True,2017-05-02 05:52:00,0.6364,0.6364,True,5634.73,2017-05-02 06:20:00,0.0
NQ,2017-05-02,Tuesday,RDR,5636.73,5625.23,11.5,5638.23,5622.48,15.75,True,LONG,2017-05-02 12:00:00,5638.48,True,True,True,0.413,0.0,0.413,5641.48,2017-05-02 12:38:00,0.5435,5630.48,2017-05-02 14:54:00,False,,0.0,,True,5635.98,2017-05-02 13:28:00,0.0652
NQ,2017-05-03,Wednesday,ADR,5625.0,5623.75,1.25,5625.73,5623.73,2.0,True,LONG,2017-05-02 20:40:00,5625.98,False,True,False,1.184,3.016,0.984,5626.23,2017-05-02 20:48:00,4.016,5619.98,2017-05-02 23:33:00,True,2017-05-02 20:45:00,0.0,4.016,True,5624.75,2017-05-02 21:16:00,0.2
NQ,2017-05-03,Wednesday,ODR,5623.5,5620.23,3.2700000000004366,5623.73,5620.23,3.5,True,LONG,2017-05-03 06:45:00,5623.75,True,True,True,1.37,0.0,1.37,5627.98,2017-05-03 07:44:00,0.3884,5622.23,2017-05-03 07:08:00,True,2017-05-03 07:16:00,0.3884,0.0,True,5623.48,2017-05-03 06:51:00,0.0061
NQ,2017-05-03,Wednesday,RDR,5627.98,5610.23,17.75,5628.73,5608.48,20.25,True,SHORT,2017-05-03 11:00:00,5607.48,True,True,False,0.0,0.2113,0.2113,5606.48,2017-05-03 11:05:00,0.973,5627.5,2017-05-03 15:55:00,False,,0.0,,True,5610.73,2017-05-03 11:09:00,0.0282
NQ,2017-05-04,Thursday,ADR,5621.73,5616.48,5.25,5622.48,5616.48,6.0,False,,,,,,,0.1429,0.0,,,,,,,False,,,,False,,,
NQ,2017-05-04,Thursday,ODR,5623.23,5618.48,4.75,5623.23,5617.73,5.5,True,LONG,2017-05-04 04:05:00,5623.73,True,True,True,2.2632,0.0,2.2632,5633.98,2017-05-04 07:54:00,0.0526,5622.98,2017-05-04 04:17:00,True,2017-05-04 05:02:00,0.0526,0.0,True,5623.23,2017-05-04 04:11:00,0.0
NQ,2017-05-04,Thursday,RDR,5622.23,5604.48,17.75,5626.23,5603.73,22.5,True,LONG,2017-05-04 11:35:00,5628.23,True,True,True,0.4789,0.0,0.4789,5630.73,2017-05-04 11:43:00,0.9155,5605.98,2017-05-04 12:19:00,False,,0.0,,True,5620.98,2017-05-04 11:56:00,0.0704
NQ,2017-05-05,Friday,ADR,5625.48,5622.98,2.5,5625.48,5622.48,3.0,True,SHORT,2017-05-04 20:55:00,5622.25,True,True,True,0.2,4.3,4.3,5612.23,2017-05-05 00:16:00,1.2,5625.98,2017-05-04 21:37:00,True,2017-05-04 23:02:00,1.2,0.3,True,5623.0,2017-05-04 21:00:00,0.008
NQ,2017-05-05,Friday,ODR,5623.98,5618.48,5.5,5625.0,5617.73,7.270000000000437,True,LONG,2017-05-05 04:25:00,5625.25,True,False,,1.14,0.0,1.14,5630.25,2017-05-05 08:25:00,0.0,5624.48,2017-05-05 04:53:00,True,2017-05-05 04:34:00,0.0,0.0,False,,,
NQ,2017-05-05,Friday,RDR,5637.48,5621.23,16.25,5639.0,5618.23,20.770000000000437,True,SHORT,2017-05-05 10:30:00,5617.23,False,True,False,0.3846,0.2923,0.2923,5616.48,2017-05-05 10:35:00,1.3846,5643.73,2017-05-05 15:59:00,False,,0.0,,True,5622.48,2017-05-05 10:46:00,0.0769
NQ,2017-05-08,Monday,ADR,5645.23,5638.48,6.75,5645.48,5637.98,7.5,True,LONG,2017-05-08 00:10:00,5645.73,True,True,True,0.1852,0.0,0.1852,5646.48,2017-05-08 01:53:00,0.2593,5643.48,2017-05-08 01:08:00,False,,0.2593,,True,5644.98,2017-05-08 00:25:00,0.037
NQ,2017-05-08,Monday,ODR,5641.98,5635.73,6.25,5642.25,5634.5,7.75,True,LONG,2017-05-08 04:10:00,5642.5,True,True,True,0.92,0.0,0.92,5647.73,2017-05-08 06:40:00,0.76,5637.23,2017-05-08 05:48:00,True,2017-05-08 06:25:00,0.76,0.0,True,5641.5,2017-05-08 04:17:00,0.0768
NQ,2017-05-08,Monday,RDR,5649.73,5639.23,10.5,5651.73,5637.73,14.0,True,SHORT,2017-05-08 11:20:00,5635.98,False,True,False,0.5238,0.4524,0.3571,5635.48,2017-05-08 11:27:00,1.5238,5655.23,2017-05-08 15:59:00,False,,0.0,,True,5640.73,2017-05-08 11:33:00,0.1429
NQ,2017-05-09,Tuesday,ADR,5654.5,5651.0,3.5,5654.5,5650.5,4.0,True,LONG,2017-05-08 21:15:00,5654.98,True,True,False,0.2086,0.0,0.2086,5655.23,2017-05-08 21:20:00,0.9343,5651.23,2017-05-08 22:15:00,False,,0.0,,True,5654.48,2017-05-08 21:21:00,0.0057
NQ,2017-05-09,Tuesday,ODR,5658.23,5652.5,5.729999999999563,5658.23,5652.23,6.0,True,LONG,2017-05-09 06:00:00,5658.48,True,True,True,1.007,0.0,1.007,5664.0,2017-05-09 08:25:00,0.4363,5655.73,2017-05-09 06:21:00,True,2017-05-09 08:00:00,0.4363,0.0,True,5658.23,2017-05-09 06:05:00,0.0
NQ,2017-05-09,Tuesday,RDR,5685.0,5662.73,22.270000000000437,5687.48,5658.73,28.75,False,,,,,,,0.0216,0.0,,,,,,,False,,,,False,,,
NQ,2017-05-10,Wednesday,ADR,5671.73,5668.48,3.25,5672.0,5668.48,3.5200000000004366,True,LONG,2017-05-09 21:05:00,5672.48,True,True,True,1.0769,0.0708,1.0769,5675.23,2017-05-09 21:40:00,0.2246,5671.0,2017-05-09 23:10:00,True,2017-05-09 21:16:00,0.0,0.2246,True,5671.25,2017-05-09 21:58:00,0.1477
NQ,2017-05-10,Wednesday,ODR,5676.23,5671.73,4.5,5676.73,5671.48,5.25,True,SHORT,2017-05-10 04:00:00,5669.23,False,True,False,0.3333,0.8889,0.8889,5667.73,2017-05-10 04:25:00,1.3333,5677.73,2017-05-10 07:46:00,True,2017-05-10 04:05:00,0.0,1.3333,True,5671.73,2017-05-10 04:55:00,0.0
NQ,2017-05-10,Wednesday,RDR,5677.98,5659.98,18.0,5678.98,5659.23,19.75,True,LONG,2017-05-10 15:05:00,5679.23,True,True,False,0.0833,0.0972,0.0833,5679.48,2017-05-10 15:12:00,0.6389,5666.48,2017-05-10 15:38:00,False,,0.0,,True,5677.23,2017-05-10 15:20:00,0.0417
NQ,2017-05-11,Thursday,ADR,5674.48,5671.73,2.75,5674.98,5671.73,3.25,False,,,,,,,0.0909,0.0,,,,,,,False,,,,False,,,
NQ,2017-05-11,Thursday,ODR,5671.23,5668.23,3.0,5671.48,5668.23,3.25,True,SHORT,2017-05-11 05:45:00,5667.23,True,False,,0.0,4.3333,4.3333,5655.23,2017-05-11 07:50:00,0.0,5667.48,2017-05-11 05:50:00,True,2017-05-11 05:52:00,0.0,0.0,False,,,
NQ,2017-05-11,Thursday,RDR,5664.48,5640.5,23.979999999999563,5667.98,5637.73,30.25,True,LONG,2017-05-11 13:55:00,5668.73,True,True,True,0.4074,0.1676,0.4074,5674.25,2017-05-11 15:59:00,0.0,5664.48,2017-05-11 14:06:00,False,,0.0,,True,5664.48,2017-05-11 14:06:00,0.0
NQ,2017-05-12,Friday,ADR,5670.25,5667.98,2.2700000000004366,5671.73,5667.98,3.75,True,SHORT,2017-05-11 20:30:00,5667.75,True,True,True,0.0,4.8458,4.8458,5656.98,2017-05-11 23:37:00,0.2203,5668.48,2017-05-11 20:42:00,True,2017-05-11 20:53:00,0.2203,0.0,True,5668.23,2017-05-11 20:35:00,0.1101
NQ,2017-05-12,Friday,ODR,5661.98,5658.23,3.75,5662.48,5657.73,4.75,True,SHORT,2017-05-12 04:45:00,5656.73,False,True,False,1.6053,0.4667,0.4667,5656.48,2017-05-12 04:50:00,2.6053,5668.0,2017-05-12 07:44:00,False,,0.0,,True,5658.23,2017-05-12 04:53:00,0.0
NQ,2017-05-12,Friday,RDR,5681.23,5673.23,8.0,5682.48,5670.98,11.5,True,LONG,2017-05-12 11:30:00,5683.73,True,True,True,0.6875,0.3125,0.6875,5686.73,2017-05-12 14:00:00,0.5938,5676.48,2017-05-12 15:33:00,True,2017-05-12 11:56:00,0.1562,0.5938,True,5680.98,2017-05-12 12:08:00,0.0312
NQ,2017-05-15,Monday,ADR,5692.23,5689.98,2.25,5692.23,5689.5,2.7299999999995634,True,LONG,2017-05-14 20:30:00,5692.73,True,True,True,2.2222,0.0,2.2222,5697.23,2017-05-14 23:30:00,1.0,5689.98,2017-05-14 20:42:00,True,2017-05-14 21:27:00,1.0,0.2222,True,5691.98,2017-05-14 20:36:00,0.1111
NQ,2017-05-15,Monday,ODR,5699.5,5694.98,4.520000000000437,5699.98,5694.98,5.0,True,SHORT,2017-05-15 04:00:00,5694.5,True,True,True,0.0,2.5996,2.5996,5683.23,2017-05-15 05:29:00,0.0,5694.98,2017-05-15 04:06:00,True,2017-05-15 04:11:00,0.0,0.0,True,5694.98,2017-05-15 04:06:00,0.0
NQ,2017-05-15,Monday,RDR,5698.98,5686.48,12.5,5699.73,5682.48,17.25,True,LONG,2017-05-15 10:40:00,5701.98,True,True,True,0.6,0.0,0.6,5706.48,2017-05-15 10:53:00,0.74,5689.73,2017-05-15 12:27:00,True,2017-05-15 10:53:00,0.0,0.74,True,5698.73,2017-05-15 11:17:00,0.02
NQ,2017-05-16,Tuesday,ADR,5704.48,5702.0,2.4799999999995634,5705.25,5701.75,3.5,True,SHORT,2017-05-15 21:45:00,5701.23,True,True,True,0.0081,2.4194,2.4194,5696.0,2017-05-15 23:04:00,0.3952,5702.98,2017-05-16 01:16:00,True,2017-05-15 21:50:00,0.0,0.3952,True,5702.23,2017-05-16 01:09:00,0.0927
NQ,2017-05-16,Tuesday,ODR,5704.73,5701.23,3.5,5704.98,5700.48,4.5,True,LONG,2017-05-16 06:15:00,5705.98,True,True,True,1.6429,0.0657,1.6429,5710.48,2017-05-16 07:58:00,0.3514,5703.5,2017-05-16 06:38:00,True,2017-05-16 06:59:00,0.3514,0.0,True,5704.73,2017-05-16 06:29:00,0.0
NQ,2017-05-16,Tuesday,RDR,5718.0,5703.48,14.520000000000437,5719.23,5702.48,16.75,True,LONG,2017-05-16 11:50:00,5719.73,True,True,True,0.6357,0.1722,0.6357,5727.23,2017-05-16 15:59:00,0.1908,5715.23,2017-05-16 12:02:00,True,2017-05-16 15:59:00,0.1908,0.0,True,5717.48,2017-05-16 11:58:00,0.0358
NQ,2017-05-17,Wednesday,ADR,5709.48,5692.0,17.479999999999563,5710.48,5688.98,21.5,True,SHORT,2017-05-16 20:35:00,5687.5,True,True,False,0.0,0.4731,0.4159,5684.73,2017-05-16 20:41:00,0.5852,5702.23,2017-05-17 01:18:00,False,,0.0,,True,5692.73,2017-05-16 20:46:00,0.0418
NQ,2017-05-17,Wednesday,ODR,5703.48,5693.0,10.479999999999563,5703.73,5692.98,10.75,True,LONG,2017-05-17 04:10:00,5706.98,False,True,False,0.4771,0.5506,0.4771,5708.48,2017-05-17 07:13:00,1.5506,5687.23,2017-05-17 08:20:00,False,,0.4532,,True,5702.98,2017-05-17 04:52:00,0.0477
NQ,2017-05-17,Wednesday,RDR,5689.48,5657.48,32.0,5691.98,5652.98,39.0,True,SHORT,2017-05-17 10:35:00,5649.98,True,True,True,0.0,2.4062,2.4062,5580.48,2017-05-17 15:59:00,0.0,5657.48,2017-05-17 10:45:00,True,2017-05-17 10:54:00,0.0,0.0,True,5657.48,2017-05-17 10:45:00,0.0
NQ,2017-05-18,Thursday,ADR,5596.73,5588.98,7.75,5597.23,5588.48,8.75,True,SHORT,2017-05-17 20:55:00,5587.23,False,True,False,0.5832,0.5806,0.5806,5584.48,2017-05-17 21:07:00,1.5832,5601.25,2017-05-17 22:27:00,True,2017-05-17 21:07:00,0.0,1.5832,True,5589.23,2017-05-17 21:12:00,0.0323
NQ,2017-05-18,Thursday,ODR,5600.25,5583.73,16.520000000000437,5601.73,5581.98,19.75,True,SHORT,2017-05-18 04:10:00,5581.48,True,True,True,0.0,2.0127,2.0127,5550.48,2017-05-18 05:57:00,0.2119,5587.23,2017-05-18 04:59:00,True,2017-05-18 05:06:00,0.2119,0.0,True,5584.23,2017-05-18 04:33:00,0.0303
NQ,2017-05-18,Thursday,RDR,5628.98,5580.25,48.72999999999956,5634.23,5572.48,61.75,True,LONG,2017-05-18 14:00:00,5636.75,True,True,False,0.395,0.0,0.395,5648.23,2017-05-18 14:31:00,0.0667,5625.73,2017-05-18 15:44:00,False,,0.0,,True,5628.48,2017-05-18 15:29:00,0.0103
NQ,2017-05-19,Friday,ADR,5636.48,5627.23,9.25,5636.48,5626.73,9.75,True,SHORT,2017-05-18 21:20:00,5626.48,True,True,False,0.0,0.5405,0.5405,5622.23,2017-05-18 22:04:00,0.6778,5633.5,2017-05-19 01:19:00,True,2017-05-18 21:56:00,0.1351,0.6778,True,5627.23,2017-05-18 21:32:00,0.0
NQ,2017-05-19,Friday,ODR,5635.23,5629.48,5.75,5635.23,5627.25,7.979999999999563,True,LONG,2017-05-19 04:20:00,5636.23,True,False,,3.2174,0.0,3.2174,5653.73,2017-05-19 08:29:00,0.0,5635.73,2017-05-19 04:28:00,True,2017-05-19 04:31:00,0.0,0.0,False,,,
NQ,2017-05-19,Friday,RDR,5667.98,5647.73,20.25,5671.98,5645.98,26.0,True,LONG,2017-05-19 12:30:00,5673.98,True,True,False,0.4198,0.0,0.4198,5676.48,2017-05-19 12:58:00,0.9012,5649.73,2017-05-19 15:45:00,False,,0.0,,True,5667.98,2017-05-19 14:05:00,0.0
NQ,2017-05-22,Monday,ADR,5659.23,5654.25,4.979999999999563,5660.23,5654.23,6.0,True,LONG,2017-05-21 22:10:00,5660.25,True,True,True,0.9036,0.004,0.9036,5663.73,2017-05-21 23:59:00,0.251,5657.98,2017-05-21 23:05:00,True,2017-05-21 23:30:00,0.251,0.0,True,5659.23,2017-05-21 22:39:00,0.0
NQ,2017-05-22,Monday,ODR,5662.75,5652.5,10.25,5664.23,5652.23,12.0,True,SHORT,2017-05-22 05:35:00,5648.73,True,True,False,0.0,0.3902,0.3678,5648.73,2017-05-22 05:40:00,0.8273,5660.98,2017-05-22 08:07:00,False,,0.0,,True,5653.73,2017-05-22 05:59:00,0.12
NQ,2017-05-22,Monday,RDR,5685.25,5664.98,20.270000000000437,5686.23,5662.98,23.25,True,LONG,2017-05-22 11:15:00,5687.98,True,False,,0.888,0.0,0.888,5703.25,2017-05-22 15:42:00,0.0,5686.48,2017-05-22 11:47:00,True,2017-05-22 12:13:00,0.0,0.0,False,,,
NQ,2017-05-23,Tuesday,ADR,5695.0,5689.0,6.0,5695.0,5688.48,6.520000000000437,True,LONG,2017-05-22 21:00:00,5696.23,True,True,True,0.8717,0.0,0.8717,5700.23,2017-05-22 23:00:00,0.295,5693.23,2017-05-22 21:09:00,True,2017-05-22 22:14:00,0.295,0.0033,True,5693.98,2017-05-22 21:08:00,0.17
NQ,2017-05-23,Tuesday,ODR,5712.23,5695.0,17.229999999999563,5714.98,5693.98,21.0,True,LONG,2017-05-23 07:45:00,5715.48,True,False,,0.2322,0.0,0.2188,5716.0,2017-05-23 08:29:00,0.0,5712.98,2017-05-23 08:03:00,False,,0.0,,False,,,
NQ,2017-05-23,Tuesday,RDR,5716.98,5696.73,20.25,5717.23,5694.23,23.0,True,SHORT,2017-05-23 12:50:00,5693.73,True,True,False,0.0,0.2583,0.2583,5691.5,2017-05-23 12:55:00,0.4321,5705.48,2017-05-23 15:07:00,False,,0.0,,True,5697.23,2017-05-23 13:04:00,0.0247
NQ,2017-05-24,Wednesday,ADR,5710.23,5706.23,4.0,5710.75,5704.98,5.770000000000437,False,,,,,,,0.0,0.125,,,,,,,False,,,,False,,,
NQ,2017-05-24,Wednesday,ODR,5715.73,5708.0,7.729999999999563,5716.48,5707.5,8.979999999999563,True,LONG,2017-05-24 05:05:00,5717.0,True,True,True,0.7439,0.0,0.7439,5721.48,2017-05-24 08:14:00,0.097,5714.98,2017-05-24 05:41:00,True,2017-05-24 06:18:00,0.097,0.0323,True,5715.73,2017-05-24 05:15:00,0.0
NQ,2017-05-24,Wednesday,RDR,5723.23,5708.5,14.729999999999563,5723.73,5706.73,17.0,True,LONG,2017-05-24 15:20:00,5724.23,True,True,True,0.7468,0.0692,0.7468,5734.23,2017-05-24 15:52:00,0.0339,5722.73,2017-05-24 15:26:00,True,2017-05-24 15:43:00,0.0339,0.0,True,5722.73,2017-05-24 15:26:00,0.0339
NQ,2017-05-25,Thursday,ADR,5736.0,5735.23,0.7700000000004366,5737.0,5734.98,2.0200000000004366,True,LONG,2017-05-24 20:50:00,5737.73,True,False,,29.8442,0.0,29.8442,5758.98,2017-05-25 01:48:00,0.0,5736.23,2017-05-24 21:01:00,True,2017-05-24 20:55:00,0.0,0.0,False,,,
NQ,2017-05-25,Thursday,ODR,5755.5,5748.73,6.770000000000437,5756.73,5745.73,11.0,True,SHORT,2017-05-25 04:05:00,5744.73,True,True,False,0.0,1.1817,1.1817,5740.73,2017-05-25 04:19:00,0.7755,5753.98,2017-05-25 06:41:00,True,2017-05-25 04:10:00,0.0,0.7755,True,5749.0,2017-05-25 05:00:00,0.0399
NQ,2017-05-25,Thursday,RDR,5764.73,5743.75,20.979999999999563,5765.73,5740.73,25.0,True,LONG,2017-05-25 10:30:00,5767.98,True,False,,1.4538,0.0,1.4538,5795.23,2017-05-25 14:39:00,0.0,5765.98,2017-05-25 10:47:00,True,2017-05-25 11:09:00,0.0,0.0,False,,,
NQ,2017-05-26,Friday,ADR,5783.5,5780.98,2.5200000000004366,5783.98,5780.98,3.0,True,LONG,2017-05-25 21:15:00,5784.25,False,True,False,1.7778,0.3968,1.7778,5787.98,2017-05-25 21:47:00,1.3968,5779.98,2017-05-25 22:35:00,True,2017-05-25 21:34:00,0.504,1.3968,True,5782.48,2017-05-25 21:28:00,0.4048
NQ,2017-05-26,Friday,ODR,5789.98,5782.48,7.5,5790.5,5782.23,8.270000000000437,True,SHORT,2017-05-26 04:35:00,5782.0,True,True,True,0.1,1.3,1.3,5772.73,2017-05-26 08:01:00,0.0667,5782.98,2017-05-26 04:42:00,True,2017-05-26 05:07:00,0.0667,0.0667,True,5782.75,2017-05-26 04:41:00,0.036
NQ,2017-05-26,Friday,RDR,5789.5,5777.48,12.020000000000437,5790.98,5773.73,17.25,False,,,,,,,0.3103,0.0,,,,,,,False,,,,False,,,
NQ,2017-05-29,Monday,ADR,5800.25,5796.5,3.75,5800.5,5794.98,5.520000000000437,True,LONG,2017-05-28 20:35:00,5800.75,True,True,False,0.3947,0.0,0.3947,5801.73,2017-05-28 20:42:00,0.7387,5797.48,2017-05-28 22:17:00,False,,0.0,,True,5800.23,2017-05-28 20:44:00,0.0053
NQ,2017-05-29,Monday,ODR,5798.23,5795.48,2.75,5798.48,5795.23,3.25,True,LONG,2017-05-29 04:40:00,5798.5,True,True,True,1.0,0.0,1.0,5800.98,2017-05-29 07:27:00,1.0,5795.48,2017-05-29 05:07:00,True,2017-05-29 07:10:00,1.0,0.0,True,5798.23,2017-05-29 04:45:00,0.0
NQ,2017-05-29,Monday,RDR,5800.73,5797.23,3.5,5801.23,5797.23,4.0,True,SHORT,2017-05-29 10:30:00,5796.23,True,False,,0.0,1.4286,1.4286,5792.23,2017-05-29 11:09:00,0.0,5796.98,2017-05-29 12:52:00,True,2017-05-29 10:42:00,0.0,0.0,False,,,
NQ,2017-05-30,Tuesday,ADR,5794.48,5793.0,1.4799999999995634,5794.73,5792.98,1.75,True,SHORT,2017-05-29 21:05:00,5787.48,True,True,True,0.5068,6.5878,6.5878,5783.25,2017-05-29 21:51:00,0.1554,5793.23,2017-05-30 01:26:00,True,2017-05-29 21:10:00,0.0,0.1554,True,5793.23,2017-05-30 01:26:00,0.1554
NQ,2017-05-30,Tuesday,ODR,5792.98,5785.73,7.25,5794.0,5784.73,9.270000000000437,True,SHORT,2017-05-30 07:30:00,5784.23,True,False,,0.2069,1.0,1.0,5778.48,2017-05-30 07:59:00,0.0,5785.48,2017-05-30 08:25:00,True,2017-05-30 07:55:00,0.0,0.0,False,,,
NQ,2017-05-30,Tuesday,RDR,5800.73,5786.48,14.25,5801.98,5784.23,17.75,False,,,,,,,0.1228,0.0,,,,,,,False,,,,False,,,
NQ,2017-05-31,Wednesday,ADR,5795.23,5792.98,2.25,5795.73,5792.0,3.7299999999995634,True,LONG,2017-05-30 20:50:00,5795.98,True,True,True,2.4444,0.0,2.4444,5800.73,2017-05-30 21:49:00,0.0,5795.23,2017-05-30 21:02:00,True,2017-05-30 20:58:00,0.0,0.0,True,5795.23,2017-05-30 21:02:00,0.0
NQ,2017-05-31,Wednesday,ODR,5800.25,5795.98,4.270000000000437,5801.73,5795.25,6.479999999999563,True,LONG,2017-05-31 06:35:00,5804.98,True,False,,4.3864,0.0585,4.3864,5818.98,2017-05-31 08:24:00,0.0,5804.23,2017-05-31 06:42:00,True,2017-05-31 06:40:00,0.0,0.0,False,,,
NQ,2017-05-31,Wednesday,RDR,5813.98,5770.73,43.25,5815.5,5763.73,51.77000000000044,False,,,,,,,0.0,0.0116,,,,,,,False,,,,False,,,
NQ,2017-06-01,Thursday,ADR,5802.48,5800.25,2.2299999999995634,5802.75,5800.0,2.75,True,LONG,2017-05-31 20:30:00,5803.98,False,True,True,2.2422,1.0179,2.2422,5807.48,2017-05-31 21:17:00,2.0179,5797.98,2017-05-31 22:07:00,True,2017-05-31 20:35:00,0.2152,2.0179,True,5802.48,2017-05-31 20:40:00,0.0
NQ,2017-06-01,Thursday,ODR,5807.75,5804.25,3.5,5808.23,5802.73,5.5,True,LONG,2017-06-01 04:15:00,5808.73,False,True,False,0.4943,1.9343,0.4229,5809.23,2017-06-01 04:20:00,2.9343,5797.48,2017-06-01 07:46:00,False,,0.0,,True,5807.48,2017-06-01 04:22:00,0.0771
NQ,2017-06-01,Thursday,RDR,5812.5,5784.0,28.5,5812.73,5780.48,32.25,True,LONG,2017-06-01 15:55:00,5816.23,True,,,0.1309,0.0007,,,,,,,False,,,,False,,,
NQ,2017-06-02,Friday,ADR,5832.98,5822.0,10.979999999999563,5834.48,5821.98,12.5,True,LONG,2017-06-01 21:40:00,5834.98,True,False,,0.8443,0.0,0.8443,5842.25,2017-06-01 23:45:00,0.0,5835.48,2017-06-01 21:45:00,True,2017-06-01 21:45:00,0.0,0.0,False,,,
NQ,2017-06-02,Friday,ODR,5842.98,5837.48,5.5,5844.23,5837.0,7.229999999999563,True,SHORT,2017-06-02 04:00:00,5836.23,False,True,False,0.2273,0.6818,0.6818,5833.73,2017-06-02 04:17:00,1.2273,5844.23,2017-06-02 06:51:00,True,2017-06-02 04:06:00,0.0,1.2273,True,5837.48,2017-06-02 04:47:00,0.0
NQ,2017-06-02,Friday,RDR,5846.73,5830.48,16.25,5847.23,5826.23,21.0,True,LONG,2017-06-02 10:55:00,5848.48,True,False,,2.2615,0.0,2.2615,5883.48,2017-06-02 15:37:00,0.0,5847.98,2017-06-02 11:10:00,True,2017-06-02 11:30:00,0.0,0.0,False,,,
NQ,2017-06-05,Monday,ADR,5878.5,5876.25,2.25,5878.73,5875.25,3.4799999999995634,True,LONG,2017-06-04 20:30:00,5879.25,True,True,True,2.3333,0.0,2.3333,5883.75,2017-06-05 01:57:00,0.5644,5877.23,2017-06-04 21:29:00,True,2017-06-04 20:35:00,0.5644,0.5644,True,5878.5,2017-06-04 20:52:00,0.0
NQ,2017-06-05,Monday,ODR,5882.98,5880.5,2.4799999999995634,5883.23,5880.23,3.0,True,SHORT,2017-06-05 04:25:00,5879.73,False,True,True,0.8065,1.2177,1.2177,5877.48,2017-06-05 07:06:00,1.8065,5884.98,2017-06-05 05:24:00,True,2017-06-05 04:30:00,1.8065,1.8065,True,5880.73,2017-06-05 04:38:00,0.0927
NQ,2017-06-05,Monday,RDR,5886.23,5874.48,11.75,5888.25,5872.73,15.520000000000437,True,LONG,2017-06-05 10:40:00,5890.73,True,True,False,0.4043,0.0,0.383,5890.73,2017-06-05 10:45:00,0.9362,5875.23,2017-06-05 11:47:00,False,,0.0,,True,5885.73,2017-06-05 10:55:00,0.0426
NQ,2017-06-06,Tuesday,ADR,5882.73,5880.48,2.25,5882.98,5879.98,3.0,True,SHORT,2017-06-05 20:50:00,5879.75,True,False,,0.0,3.3244,3.3244,5873.0,2017-06-06 01:51:00,0.0,5879.98,2017-06-05 20:55:00,True,2017-06-05 20:56:00,0.0,0.0,False,,,
NQ,2017-06-06,Tuesday,ODR,5878.73,5870.5,8.229999999999563,5879.25,5870.48,8.770000000000437,True,LONG,2017-06-06 04:00:00,5879.48,False,True,False,0.2758,0.7618,0.2758,5881.0,2017-06-06 04:40:00,1.7618,5864.23,2017-06-06 07:35:00,False,,0.3341,,True,5877.75,2017-06-06 04:18:00,0.1191
NQ,2017-06-06,Tuesday,RDR,5888.48,5873.23,15.25,5890.48,5870.48,20.0,True,SHORT,2017-06-06 15:25:00,5863.73,True,False,,0.2787,1.5902,1.5902,5848.98,2017-06-06 15:34:00,0.0,5863.48,2017-06-06 15:30:00,True,2017-06-06 15:30:00,0.0,0.0,False,,,
NQ,2017-06-07,Wednesday,ADR,5868.25,5864.23,4.020000000000437,5868.48,5863.75,4.729999999999563,True,LONG,2017-06-06 21:00:00,5868.73,True,True,False,0.4303,0.0,0.4303,5869.98,2017-06-06 21:07:00,0.3781,5866.73,2017-06-06 22:20:00,False,,0.0,,True,5867.73,2017-06-06 21:15:00,0.1294
NQ,2017-06-07,Wednesday,ODR,5866.73,5859.48,7.25,5866.98,5858.5,8.479999999999563,True,LONG,2017-06-07 06:10:00,5867.98,True,True,True,0.6897,0.0,0.6897,5871.73,2017-06-07 08:11:00,0.2041,5865.25,2017-06-07 06:59:00,True,2017-06-07 07:54:00,0.2041,0.0,True,5866.48,2017-06-07 06:48:00,0.0345
NQ,2017-06-07,Wednesday,RDR,5880.98,5869.23,11.75,5882.23,5864.73,17.5,True,SHORT,2017-06-07 10:40:00,5864.5,False,True,False,0.2979,1.9574,1.9574,5846.23,2017-06-07 12:51:00,1.2979,5884.48,2017-06-07 15:50:00,True,2017-06-07 10:45:00,0.7021,1.2979,True,5869.23,2017-06-07 10:47:00,0.0
NQ,2017-06-08,Thursday,ADR,5879.48,5875.73,3.75,5879.75,5875.48,4.270000000000437,True,LONG,2017-06-07 20:35:00,5879.98,True,True,True,2.1333,0.0,2.1333,5887.48,2017-06-07 23:34:00,0.5333,5877.48,2017-06-07 21:21:00,True,2017-06-07 22:46:00,0.5333,0.0,True,5879.48,2017-06-07 20:41:00,0.0
NQ,2017-06-08,Thursday,ODR,5888.25,5884.0,4.25,5889.23,5883.73,5.5,True,SHORT,2017-06-08 04:10:00,5882.5,False,True,False,1.6424,0.3576,0.3576,5882.48,2017-06-08 04:15:00,2.6424,5895.23,2017-06-08 07:11:00,False,,0.0,,True,5884.48,2017-06-08 04:28:00,0.1129
NQ,2017-06-08,Thursday,RDR,5893.23,5859.48,33.75,5895.0,5853.48,41.52000000000044,False,,,,,,,0.0,0.0148,,,,,,,False,,,,False,,,
NQ,2017-06-09,Friday,ADR,5874.25,5871.0,3.25,5874.73,5870.73,4.0,True,LONG,2017-06-08 20:35:00,5875.73,True,True,True,4.3785,0.0,4.3785,5888.48,2017-06-08 22:35:00,0.2308,5873.5,2017-06-08 20:54:00,True,2017-06-08 20:40:00,0.2308,0.2308,True,5874.25,2017-06-08 20:43:00,0.0
NQ,2017-06-09,Friday,ODR,5893.75,5885.23,8.520000000000437,5895.0,5883.98,11.020000000000437,False,,,,,,,0.0,0.1737,,,,,,,False,,,,False,,,
NQ,2017-06-09,Friday,RDR,5897.48,5879.75,17.729999999999563,5898.23,5878.75,19.479999999999563,True,SHORT,2017-06-09 11:20:00,5868.5,True,False,,0.0,11.7597,11.7597,5671.25,2017-06-09 14:50:00,0.0,5875.23,2017-06-09 11:33:00,True,2017-06-09 11:25:00,0.0,0.0,False,,,
NQ,2017-06-12,Monday,ADR,5736.98,5728.5,8.479999999999563,5737.0,5727.98,9.020000000000437,True,SHORT,2017-06-11 23:25:00,5725.98,True,False,,0.1498,0.6191,0.6191,5723.25,2017-06-12 01:58:00,0.0,5728.23,2017-06-11 23:45:00,True,2017-06-12 01:56:00,0.0,0.0,False,,,
NQ,2017-06-12,Monday,ODR,5714.5,5703.5,11.0,5714.5,5702.5,12.0,True,SHORT,2017-06-12 04:10:00,5695.0,True,True,True,0.0,3.0455,3.0455,5670.0,2017-06-12 04:57:00,0.1118,5704.73,2017-06-12 06:49:00,True,2017-06-12 04:15:00,0.0,0.1118,True,5703.75,2017-06-12 06:48:00,0.0227
NQ,2017-06-12,Monday,RDR,5690.48,5648.25,42.22999999999956,5699.98,5634.73,65.25,True,LONG,2017-06-12 11:10:00,5704.25,True,True,True,0.6157,0.0,0.6157,5716.48,2017-06-12 11:29:00,0.556,5667.0,2017-06-12 13:09:00,True,2017-06-12 11:27:00,0.0,0.556,True,5689.5,2017-06-12 11:49:00,0.0232
NQ,2017-06-13,Tuesday,ADR,5720.0,5709.25,10.75,5720.25,5708.98,11.270000000000437,True,LONG,2017-06-12 21:05:00,5721.73,True,True,True,0.6958,0.0,0.6958,5727.48,2017-06-13 00:30:00,0.2809,5716.98,2017-06-12 21:56:00,True,2017-06-13 00:26:00,0.2809,0.0,True,5719.98,2017-06-12 21:24:00,0.0019
NQ,2017-06-13,Tuesday,ODR,5730.5,5725.0,5.5,5731.0,5724.5,6.5,True,SHORT,2017-06-13 04:20:00,5724.25,False,True,False,0.0873,1.3218,1.3218,5717.73,2017-06-13 05:42:00,1.0873,5730.98,2017-06-13 08:26:00,True,2017-06-13 05:21:00,0.3145,1.0873,True,5725.48,2017-06-13 04:32:00,0.0873
NQ,2017-06-13,Tuesday,RDR,5757.48,5733.23,24.25,5759.5,5732.98,26.520000000000437,True,SHORT,2017-06-13 10:50:00,5723.75,False,True,False,0.1142,1.0412,1.0412,5707.98,2017-06-13 11:00:00,1.1142,5760.25,2017-06-13 15:37:00,True,2017-06-13 10:56:00,0.0,1.1142,True,5733.75,2017-06-13 11:20:00,0.0214
NQ,2017-06-14,Wednesday,ADR,5753.75,5751.98,1.7700000000004366,5754.0,5751.98,2.0200000000004366,True,SHORT,2017-06-13 21:05:00,5750.5,True,False,,0.1412,7.3333,7.3333,5739.0,2017-06-13 22:44:00,0.0,5750.48,2017-06-13 21:10:00,True,2017-06-13 21:10:00,0.0,0.0,False,,,
NQ,2017-06-14,Wednesday,ODR,5752.98,5746.5,6.479999999999563,5753.25,5746.5,6.75,True,LONG,2017-06-14 04:05:00,5753.48,True,True,True,2.3951,0.0,2.3951,5768.5,2017-06-14 07:43:00,0.1127,5752.25,2017-06-14 04:15:00,True,2017-06-14 04:19:00,0.1127,0.0,True,5752.75,2017-06-14 04:11:00,0.0355
NQ,2017-06-14,Wednesday,RDR,5773.25,5751.98,21.270000000000437,5774.75,5747.25,27.5,True,SHORT,2017-06-14 14:35:00,5740.25,True,False,,0.0,3.4076,3.4076,5679.5,2017-06-14 15:14:00,0.0,5741.98,2017-06-14 14:40:00,True,2017-06-14 14:40:00,0.0,0.0,False,,,
NQ,2017-06-15,Thursday,ADR,5710.5,5698.75,11.75,5710.5,5698.25,12.25,True,SHORT,2017-06-14 21:30:00,5696.5,True,True,False,0.0,1.0851,1.0851,5686.0,2017-06-14 22:18:00,0.2323,5701.48,2017-06-15 01:59:00,True,2017-06-14 21:41:00,0.0621,0.2323,True,5699.23,2017-06-14 21:38:00,0.0409
NQ,2017-06-15,Thursday,ODR,5695.25,5668.0,27.25,5697.25,5667.98,29.270000000000437,True,SHORT,2017-06-15 04:00:00,5666.5,True,True,True,0.0,0.6239,0.6239,5651.0,2017-06-15 06:18:00,0.3028,5676.25,2017-06-15 04:14:00,True,2017-06-15 06:14:00,0.3028,0.0734,True,5670.75,2017-06-15 04:05:00,0.1009
NQ,2017-06-15,Thursday,RDR,5673.0,5634.98,38.02000000000044,5676.23,5634.0,42.22999999999956,True,LONG,2017-06-15 12:50:00,5676.75,True,True,True,0.9008,0.0,0.9008,5707.25,2017-06-15 15:27:00,0.0263,5672.0,2017-06-15 13:47:00,True,2017-06-15 14:21:00,0.0263,0.0,True,5672.0,2017-06-15 13:47:00,0.0263
NQ,2017-06-16,Friday,ADR,5715.48,5707.0,8.479999999999563,5715.98,5707.0,8.979999999999563,True,LONG,2017-06-15 21:50:00,5717.0,True,True,True,1.3585,0.0,1.3585,5727.0,2017-06-15 23:51:00,0.0861,5714.75,2017-06-15 22:54:00,True,2017-06-15 23:42:00,0.0861,0.0,True,5715.48,2017-06-15 22:00:00,0.0
NQ,2017-06-16,Friday,ODR,5725.5,5720.75,4.75,5726.48,5720.73,5.75,True,SHORT,2017-06-16 04:25:00,5718.73,True,False,,0.0,2.4253,2.4253,5709.23,2017-06-16 04:59:00,0.0,5720.48,2017-06-16 07:12:00,True,2017-06-16 04:30:00,0.0,0.0,False,,,
NQ,2017-06-16,Friday,RDR,5707.0,5675.73,31.270000000000437,5707.0,5670.73,36.27000000000044,True,SHORT,2017-06-16 10:50:00,5664.0,True,True,False,0.0,0.4717,0.4717,5660.98,2017-06-16 11:10:00,0.7355,5698.73,2017-06-16 14:34:00,False,,0.0,,True,5675.98,2017-06-16 11:20:00,0.008
NQ,2017-06-19,Monday,ADR,5693.5,5688.98,4.520000000000437,5694.73,5688.98,5.75,True,LONG,2017-06-18 20:30:00,5695.0,True,True,True,4.0376,0.0,4.0376,5711.75,2017-06-18 21:13:00,0.0,5693.5,2017-06-18 20:37:00,True,2017-06-18 20:38:00,0.0,0.0,True,5693.5,2017-06-18 20:37:00,0.0
NQ,2017-06-19,Monday,ODR,5723.25,5713.98,9.270000000000437,5724.73,5713.73,11.0,True,LONG,2017-06-19 05:30:00,5725.0,True,True,True,1.5081,0.0,1.5081,5737.23,2017-06-19 08:12:00,0.7012,5716.75,2017-06-19 06:19:00,True,2017-06-19 07:59:00,0.7012,0.0,True,5722.98,2017-06-19 05:38:00,0.0291
NQ,2017-06-19,Monday,RDR,5768.0,5730.23,37.77000000000044,5771.5,5728.23,43.27000000000044,True,LONG,2017-06-19 13:30:00,5775.98,True,True,True,0.3834,0.0,0.3834,5782.48,2017-06-19 13:37:00,0.2256,5759.48,2017-06-19 14:55:00,False,,0.0,,True,5767.23,2017-06-19 14:23:00,0.0204
NQ,2017-06-20,Tuesday,ADR,5780.0,5774.23,5.770000000000437,5781.75,5773.48,8.270000000000437,False,,,,,,,0.4731,0.0,,,,,,,False,,,,False,,,
NQ,2017-06-20,Tuesday,ODR,5781.98,5775.73,6.25,5783.73,5773.73,10.0,True,SHORT,2017-06-20 08:15:00,5771.73,True,False,,0.0,1.3568,1.3568,5767.25,2017-06-20 08:24:00,0.0,5772.73,2017-06-20 08:20:00,True,2017-06-20 08:20:00,0.0,0.0,False,,,
NQ,2017-06-20,Tuesday,RDR,5771.0,5758.98,12.020000000000437,5773.73,5751.98,21.75,True,LONG,2017-06-20 10:45:00,5775.98,False,True,False,0.5807,2.4958,0.5391,5777.48,2017-06-20 10:50:00,3.4958,5728.98,2017-06-20 15:48:00,True,2017-06-20 10:50:00,0.0,3.4958,True,5770.23,2017-06-20 11:02:00,0.0641
NQ,2017-06-21,Wednesday,ADR,5732.25,5722.0,10.25,5733.48,5722.0,11.479999999999563,True,SHORT,2017-06-20 20:30:00,5718.98,True,True,True,0.0,0.7561,0.7561,5714.25,2017-06-20 21:31:00,0.4878,5727.0,2017-06-20 22:24:00,True,2017-06-20 20:39:00,0.0976,0.4878,True,5722.5,2017-06-20 20:50:00,0.0488
NQ,2017-06-21,Wednesday,ODR,5722.75,5707.23,15.520000000000437,5722.75,5705.25,17.5,True,SHORT,2017-06-21 04:10:00,5705.0,False,True,False,1.1746,0.5477,0.5477,5698.73,2017-06-21 04:21:00,2.1746,5740.98,2017-06-21 08:29:00,True,2017-06-21 04:20:00,0.0,2.1746,True,5707.98,2017-06-21 04:27:00,0.0483
NQ,2017-06-21,Wednesday,RDR,5757.25,5741.98,15.270000000000437,5758.48,5739.98,18.5,True,LONG,2017-06-21 10:30:00,5758.75,True,True,True,2.1598,0.0,2.1598,5790.23,2017-06-21 15:59:00,0.3451,5751.98,2017-06-21 11:18:00,True,2017-06-21 10:41:00,0.3451,0.3451,True,5756.48,2017-06-21 10:36:00,0.0504
NQ,2017-06-22,Thursday,ADR,5794.48,5791.25,3.2299999999995634,5794.48,5790.48,4.0,True,SHORT,2017-06-21 21:05:00,5789.75,False,True,False,5.1084,0.774,0.774,5788.75,2017-06-21 22:45:00,6.1084,5810.98,2017-06-22 01:49:00,True,2017-06-21 21:10:00,0.6966,6.1084,True,5791.25,2017-06-21 21:12:00,0.0
NQ,2017-06-22,Thursday,ODR,5809.25,5786.5,22.75,5809.25,5786.0,23.25,True,SHORT,2017-06-22 05:20:00,5784.25,True,True,False,0.0,0.2637,0.2637,5780.5,2017-06-22 05:30:00,0.4505,5796.75,2017-06-22 07:28:00,False,,0.0,,True,5788.73,2017-06-22 05:40:00,0.098
NQ,2017-06-22,Thursday,RDR,5795.23,5774.5,20.729999999999563,5795.23,5770.73,24.5,True,LONG,2017-06-22 12:45:00,5798.5,True,True,False,0.5678,0.0,0.5678,5807.0,2017-06-22 13:09:00,0.5538,5783.75,2017-06-22 15:56:00,True,2017-06-22 13:06:00,0.0,0.5538,True,5795.23,2017-06-22 14:36:00,0.0
NQ,2017-06-23,Friday,ADR,5791.98,5788.23,3.75,5792.48,5787.98,4.5,True,LONG,2017-06-22 21:00:00,5794.0,True,True,True,0.8,0.0,0.8,5794.98,2017-06-22 21:05:00,0.8613,5788.75,2017-06-22 21:55:00,True,2017-06-22 21:05:00,0.0,0.8613,True,5791.5,2017-06-22 21:13:00,0.128
NQ,2017-06-23,Friday,ODR,5798.73,5793.0,5.729999999999563,5800.23,5790.98,9.25,True,SHORT,2017-06-23 05:50:00,5789.0,True,False,,0.2216,3.1449,3.1449,5774.98,2017-06-23 06:38:00,0.0,5792.23,2017-06-23 06:01:00,True,2017-06-23 05:55:00,0.0,0.0,False,,,
NQ,2017-06-23,Friday,RDR,5782.23,5767.0,15.229999999999563,5784.98,5762.98,22.0,True,LONG,2017-06-23 10:30:00,5789.23,True,False,,2.1504,0.0,2.1504,5814.98,2017-06-23 13:39:00,0.0,5787.98,2017-06-23 10:36:00,True,2017-06-23 10:35:00,0.0,0.0,False,,,
NQ,2017-06-26,Monday,ADR,5808.0,5802.25,5.75,5808.75,5802.0,6.75,True,LONG,2017-06-25 21:05:00,5809.5,True,True,True,2.3478,0.0,2.3478,5821.5,2017-06-26 01:58:00,0.1739,5807.0,2017-06-25 21:13:00,True,2017-06-25 21:31:00,0.1739,0.0,True,5807.0,2017-06-25 21:13:00,0.1739
NQ,2017-06-26,Monday,ODR,5831.25,5822.73,8.520000000000437,5833.73,5822.73,11.0,True,LONG,2017-06-26 07:10:00,5834.23,True,False,,1.4354,0.0,1.4354,5843.48,2017-06-26 08:15:00,0.0,5833.48,2017-06-26 07:18:00,True,2017-06-26 07:22:00,0.0,0.0,False,,,
NQ,2017-06-26,Monday,RDR,5849.73,5818.73,31.0,5851.48,5815.73,35.75,True,SHORT,2017-06-26 10:35:00,5803.98,True,False,,0.0,1.6371,1.6371,5767.98,2017-06-26 11:35:00,0.0,5805.98,2017-06-26 12:53:00,True,2017-06-26 10:40:00,0.0,0.0,False,,,
NQ,2017-06-27,Tuesday,ADR,5782.23,5777.75,4.479999999999563,5782.48,5776.25,6.229999999999563,True,SHORT,2017-06-26 20:45:00,5776.0,False,True,True,0.3348,1.2835,1.2835,5772.0,2017-06-27 01:39:00,1.3348,5783.73,2017-06-26 22:26:00,True,2017-06-26 20:50:00,1.3348,1.3348,True,5778.25,2017-06-26 21:07:00,0.1116
NQ,2017-06-27,Tuesday,ODR,5768.0,5761.5,6.5,5770.0,5759.5,10.5,True,SHORT,2017-06-27 04:00:00,5758.0,True,True,True,0.0,2.7308,2.7308,5743.75,2017-06-27 04:25:00,0.1123,5762.23,2017-06-27 04:09:00,True,2017-06-27 04:05:00,0.1123,0.1123,True,5762.23,2017-06-27 04:09:00,0.1123
NQ,2017-06-27,Tuesday,RDR,5759.23,5743.23,16.0,5762.48,5734.98,27.5,True,LONG,2017-06-27 11:00:00,5762.73,False,True,False,0.3438,4.28,0.2812,5763.73,2017-06-27 11:08:00,5.28,5674.75,2017-06-27 15:59:00,False,,0.0,,True,5755.48,2017-06-27 11:09:00,0.2344
NQ,2017-06-28,Wednesday,ADR,5672.98,5667.73,5.25,5674.25,5666.98,7.270000000000437,True,SHORT,2017-06-27 21:50:00,5665.75,True,True,True,0.0,3.381,3.381,5649.98,2017-06-27 23:01:00,0.1943,5668.75,2017-06-27 22:03:00,True,2017-06-27 21:59:00,0.1943,0.1943,True,5668.75,2017-06-27 22:03:00,0.1943
NQ,2017-06-28,Wednesday,ODR,5671.5,5653.75,17.75,5673.23,5650.75,22.479999999999563,True,SHORT,2017-06-28 04:05:00,5646.5,False,True,False,1.493,1.2254,1.2254,5632.0,2017-06-28 04:23:00,2.493,5698.0,2017-06-28 08:19:00,True,2017-06-28 04:19:00,0.0,2.493,True,5654.25,2017-06-28 05:30:00,0.0282
NQ,2017-06-28,Wednesday,RDR,5695.25,5666.48,28.770000000000437,5698.98,5662.5,36.47999999999956,True,LONG,2017-06-28 10:30:00,5705.23,True,False,,2.3027,0.0,2.3027,5761.5,2017-06-28 15:54:00,0.0,5700.0,2017-06-28 10:39:00,True,2017-06-28 10:43:00,0.0,0.0,False,,,
NQ,2017-06-29,Thursday,ADR,5773.73,5769.0,4.729999999999563,5774.48,5768.73,5.75,True,SHORT,2017-06-28 21:15:00,5768.0,True,True,True,0.0,1.1628,1.1628,5763.5,2017-06-29 01:33:00,1.0,5773.73,2017-06-28 22:25:00,True,2017-06-29 01:20:00,1.0,0.0,True,5769.0,2017-06-28 21:20:00,0.0
NQ,2017-06-29,Thursday,ODR,5769.75,5756.0,13.75,5771.5,5754.98,16.520000000000437,True,SHORT,2017-06-29 04:05:00,5753.0,True,True,True,0.0,1.3105,1.3105,5737.98,2017-06-29 08:28:00,0.1804,5758.48,2017-06-29 04:25:00,True,2017-06-29 06:09:00,0.1804,0.1622,True,5756.25,2017-06-29 04:17:00,0.0182
NQ,2017-06-29,Thursday,RDR,5731.73,5678.48,53.25,5732.48,5673.48,59.0,True,SHORT,2017-06-29 11:05:00,5668.73,True,False,,0.0,1.455,1.455,5601.0,2017-06-29 13:29:00,0.0,5670.98,2017-06-29 15:39:00,True,2017-06-29 11:23:00,0.0,0.0,False,,,
NQ,2017-06-30,Friday,ADR,5645.25,5639.0,6.25,5647.5,5638.98,8.520000000000437,True,SHORT,2017-06-29 20:50:00,5637.98,True,True,False,0.0,2.48,2.48,5623.5,2017-06-29 21:21:00,0.8,5644.0,2017-06-29 22:00:00,True,2017-06-29 21:04:00,0.16,0.8,True,5639.5,2017-06-29 21:01:00,0.08
NQ,2017-06-30,Friday,ODR,5646.85,5630.0,16.850000000000364,5649.25,5627.5,21.75,True,LONG,2017-06-30 04:50:00,5651.25,True,False,,1.9513,0.0,1.9513,5679.73,2017-06-30 06:41:00,0.0,5655.25,2017-06-30 08:25:00,True,2017-06-30 04:57:00,0.0,0.0,False,,,
NQ,2017-06-30,Friday,RDR,5684.48,5647.48,37.0,5686.0,5639.73,46.27000000000044,False,,,,,,,0.0,0.0,,,,,,,False,,,,False,,,
NQ,2017-07-03,Monday,ADR,5670.75,5661.98,8.770000000000437,5672.48,5661.75,10.729999999999563,True,SHORT,2017-07-02 20:30:00,5660.98,True,True,False,0.0,0.3968,0.3968,5658.5,2017-07-02 20:37:00,0.8837,5669.73,2017-07-03 01:46:00,False,,0.0,,True,5661.98,2017-07-02 20:44:00,0.0
NQ,2017-07-03,Monday,ODR,5676.5,5669.5,7.0,5677.5,5669.25,8.25,True,SHORT,2017-07-03 05:50:00,5667.73,True,True,False,0.0,1.0029,1.0029,5662.48,2017-07-03 06:49:00,0.4614,5672.73,2017-07-03 07:57:00,True,2017-07-03 06:08:00,0.0,0.4614,True,5672.73,2017-07-03 07:57:00,0.4614
NQ,2017-07-03,Monday,RDR,5683.73,5650.23,33.5,5690.48,5643.48,47.0,True,SHORT,2017-07-03 10:45:00,5642.1,True,False,,0.0,2.0591,2.0591,5581.25,2017-07-03 13:10:00,0.0,5644.48,2017-07-03 10:50:00,True,2017-07-03 10:57:00,0.0,0.0,False,,,
NQ,2017-07-04,Tuesday,ADR,5588.75,5581.5,7.25,5589.23,5580.98,8.25,True,SHORT,2017-07-03 20:55:00,5576.25,True,True,True,0.0,1.7931,1.7931,5568.5,2017-07-03 21:22:00,0.2731,5583.48,2017-07-03 22:13:00,True,2017-07-03 21:00:00,0.0,0.2731,True,5581.73,2017-07-03 22:06:00,0.0317
NQ,2017-07-04,Tuesday,ODR,5596.75,5573.0,23.75,5597.48,5571.75,25.729999999999563,True,LONG,2017-07-04 04:20:00,5598.75,True,True,True,0.8947,0.0,0.8947,5618.0,2017-07-04 05:45:00,0.2632,5590.5,2017-07-04 04:52:00,True,2017-07-04 05:24:00,0.2632,0.0,True,5596.75,2017-07-04 04:25:00,0.0
NQ,2017-07-04,Tuesday,RDR,5612.75,5603.73,9.020000000000437,5613.98,5602.23,11.75,True,SHORT,2017-07-04 10:50:00,5599.73,True,False,,0.0,4.7927,4.7927,5560.5,2017-07-04 12:21:00,0.0,5600.98,2017-07-04 10:55:00,True,2017-07-04 10:57:00,0.0,0.0,False,,,
NQ,2017-07-05,Wednesday,ADR,5580.0,5572.73,7.270000000000437,5580.75,5571.98,8.770000000000437,True,SHORT,2017-07-04 21:40:00,5569.5,False,True,False,1.3384,0.7909,0.7909,5566.98,2017-07-04 21:54:00,2.3384,5589.73,2017-07-05 01:57:00,True,2017-07-04 21:45:00,0.0,2.3384,True,5573.0,2017-07-04 22:10:00,0.0371
NQ,2017-07-05,Wednesday,ODR,5588.75,5575.1,13.649999999999636,5591.0,5574.23,16.770000000000437,True,SHORT,2017-07-05 04:20:00,5574.0,False,True,False,1.4637,0.4484,0.4484,5568.98,2017-07-05 04:43:00,2.4637,5608.73,2017-07-05 08:29:00,False,,0.1194,,True,5576.73,2017-07-05 04:25:00,0.1194
NQ,2017-07-05,Wednesday,RDR,5627.73,5599.23,28.5,5631.6,5595.23,36.3700000000008,True,LONG,2017-07-05 10:50:00,5634.75,True,False,,1.3772,0.0,1.3772,5666.98,2017-07-05 14:43:00,0.0,5629.5,2017-07-05 11:05:00,True,2017-07-05 11:27:00,0.0,0.0,False,,,
NQ,2017-07-06,Thursday,ADR,5649.73,5647.0,2.7299999999995634,5649.73,5646.75,2.9799999999995634,True,LONG,2017-07-05 20:40:00,5650.0,False,True,False,0.0989,4.3114,0.0989,5650.0,2017-07-05 20:46:00,5.3114,5635.23,2017-07-05 21:57:00,False,,0.359,,True,5649.48,2017-07-05 20:45:00,0.0916
NQ,2017-07-06,Thursday,ODR,5648.25,5634.23,14.020000000000437,5649.73,5631.25,18.479999999999563,True,SHORT,2017-07-06 05:15:00,5629.25,True,False,,0.0,3.0136,3.0136,5591.98,2017-07-06 08:20:00,0.0,5629.23,2017-07-06 05:20:00,True,2017-07-06 05:22:00,0.0,0.0,False,,,
NQ,2017-07-06,Thursday,RDR,5616.23,5586.23,30.0,5619.6,5580.25,39.350000000000364,True,LONG,2017-07-06 12:35:00,5625.6,True,True,False,0.5167,0.1667,0.5167,5631.73,2017-07-06 12:45:00,0.8,5592.23,2017-07-06 15:44:00,True,2017-07-06 12:45:00,0.0,0.8,True,5614.25,2017-07-06 13:40:00,0.066
NQ,2017-07-07,Friday,ADR,5606.48,5600.25,6.229999999999563,5607.25,5600.0,7.25,True,LONG,2017-07-06 21:50:00,5607.98,True,True,False,1.2039,0.0,1.2039,5613.98,2017-07-06 22:30:00,0.6822,5602.23,2017-07-07 00:22:00,True,2017-07-06 22:06:00,0.0,0.6822,True,5605.73,2017-07-07 00:02:00,0.1204
NQ,2017-07-07,Friday,ODR,5608.5,5592.5,16.0,5609.75,5591.48,18.270000000000437,False,,,,,,,0.0925,0.0,,,,,,,False,,,,False,,,
NQ,2017-07-07,Friday,RDR,5643.5,5618.98,24.520000000000437,5645.73,5618.23,27.5,True,LONG,2017-07-07 11:25:00,5651.73,True,False,,1.345,0.0,1.345,5676.48,2017-07-07 13:43:00,0.0,5651.48,2017-07-07 11:33:00,True,2017-07-07 11:34:00,0.0,0.0,False,,,
NQ,2017-07-10,Monday,ADR,5664.25,5660.48,3.7700000000004366,5664.73,5660.48,4.25,True,LONG,2017-07-09 20:55:00,5665.48,True,True,True,5.504,0.0,5.504,5685.0,2017-07-09 22:33:00,0.3979,5662.75,2017-07-09 21:31:00,True,2017-07-09 21:00:00,0.3979,0.3979,True,5663.98,2017-07-09 21:26:00,0.0716
NQ,2017-07-10,Monday,ODR,5679.5,5676.0,3.5,5681.23,5675.0,6.229999999999563,True,SHORT,2017-07-10 05:05:00,5674.98,True,True,True,0.2143,3.72,3.72,5662.98,2017-07-10 07:32:00,0.78,5678.73,2017-07-10 06:10:00,True,2017-07-10 05:21:00,0.78,0.78,True,5677.25,2017-07-10 05:16:00,0.3571
NQ,2017-07-10,Monday,RDR,5675.98,5652.5,23.479999999999563,5680.75,5649.98,30.770000000000437,True,LONG,2017-07-10 10:50:00,5681.23,True,False,,1.5013,0.0,1.5013,5711.23,2017-07-10 15:41:00,0.0,5679.98,2017-07-10 10:56:00,True,2017-07-10 12:00:00,0.0,0.0,False,,,
NQ,2017-07-11,Tuesday,ADR,5697.73,5692.75,4.979999999999563,5697.75,5692.73,5.020000000000437,True,LONG,2017-07-10 21:30:00,5698.25,True,True,True,1.255,0.0,1.255,5703.98,2017-07-10 22:25:00,0.7028,5694.23,2017-07-11 00:29:00,True,2017-07-10 21:37:00,0.0,0.7028,True,5697.0,2017-07-11 00:24:00,0.1466
NQ,2017-07-11,Tuesday,ODR,5700.5,5692.23,8.270000000000437,5702.0,5692.0,10.0,True,SHORT,2017-07-11 04:00:00,5689.25,True,True,True,0.0,1.2696,1.2696,5681.73,2017-07-11 08:29:00,0.214,5694.0,2017-07-11 04:28:00,True,2017-07-11 04:16:00,0.214,0.214,True,5692.48,2017-07-11 04:24:00,0.0302
NQ,2017-07-11,Tuesday,RDR,5714.98,5685.23,29.75,5716.73,5681.23,35.5,True,SHORT,2017-07-11 11:20:00,5678.48,False,True,False,0.1849,0.5966,0.5966,5667.48,2017-07-11 11:26:00,1.1849,5720.48,2017-07-11 15:31:00,True,2017-07-11 11:26:00,0.0,1.1849,True,5685.48,2017-07-11 11:30:00,0.0084
NQ,2017-07-12,Wednesday,ADR,5720.73,5717.73,3.0,5720.98,5717.23,3.75,True,SHORT,2017-07-11 20:50:00,5716.98,True,True,False,0.0,1.6667,1.6667,5712.73,2017-07-11 21:02:00,0.8333,5720.23,2017-07-12 01:06:00,True,2017-07-11 20:56:00,0.0,0.8333,True,5717.73,2017-07-11 21:17:00,0.0
NQ,2017-07-12,Wednesday,ODR,5722.48,5716.48,6.0,5722.5,5715.5,7.0,True,LONG,2017-07-12 05:45:00,5729.5,True,False,,2.9617,0.0,2.9617,5740.25,2017-07-12 07:26:00,0.0,5727.23,2017-07-12 05:52:00,True,2017-07-12 05:50:00,0.0,0.0,False,,,
NQ,2017-07-12,Wednesday,RDR,5767.0,5753.73,13.270000000000437,5771.23,5751.0,20.229999999999563,True,LONG,2017-07-12 12:05:00,5771.48,True,True,True,1.5622,0.0754,1.5622,5787.73,2017-07-12 15:14:00,0.3971,5761.73,2017-07-12 12:15:00,True,2017-07-12 13:06:00,0.3971,0.0377,True,5765.98,2017-07-12 12:12:00,0.0769
NQ,2017-07-13,Thursday,ADR,5798.73,5787.25,11.479999999999563,5800.25,5787.0,13.25,True,LONG,2017-07-12 21:25:00,5801.98,True,True,False,0.2848,0.0,0.2848,5802.0,2017-07-12 21:30:00,0.2395,5795.98,2017-07-13 01:52:00,False,,0.0,,True,5798.0,2017-07-12 21:41:00,0.0636
NQ,2017-07-13,Thursday,ODR,5805.85,5797.1,8.75,5805.85,5795.98,9.8700000000008,True,LONG,2017-07-13 04:30:00,5806.0,False,True,False,0.6171,0.3851,0.6171,5811.25,2017-07-13 05:03:00,1.3851,5793.73,2017-07-13 07:35:00,True,2017-07-13 05:03:00,0.1257,1.3851,True,5805.23,2017-07-13 04:35:00,0.0709
NQ,2017-07-13,Thursday,RDR,5806.23,5785.73,20.5,5808.23,5780.48,27.75,False,,,,,,,0.0244,0.3844,,,,,,,False,,,,False,,,
NQ,2017-07-14,Friday,ADR,5801.0,5797.23,3.7700000000004366,5801.23,5796.98,4.25,True,LONG,2017-07-13 20:45:00,5801.73,False,True,False,1.0557,1.061,1.0557,5804.98,2017-07-13 21:30:00,2.061,5793.23,2017-07-13 23:03:00,True,2017-07-13 21:02:00,0.0663,2.061,True,5800.98,2017-07-13 20:50:00,0.0053
NQ,2017-07-14,Friday,ODR,5795.73,5789.5,6.229999999999563,5797.0,5787.75,9.25,True,LONG,2017-07-14 06:40:00,5797.25,True,True,True,1.2472,0.0,1.2472,5803.5,2017-07-14 08:26:00,0.2809,5793.98,2017-07-14 06:56:00,True,2017-07-14 07:31:00,0.2809,0.0,True,5794.75,2017-07-14 06:55:00,0.1573
NQ,2017-07-14,Friday,RDR,5817.98,5806.23,11.75,5822.85,5802.23,20.6200000000008,True,LONG,2017-07-14 12:35:00,5826.23,True,False,,2.5106,0.1702,2.5106,5847.48,2017-07-14 15:37:00,0.0,5824.73,2017-07-14 12:47:00,True,2017-07-14 12:40:00,0.0,0.0,False,,,
NQ,2017-07-17,Monday,ADR,5852.35,5847.25,5.100000000000364,5852.48,5846.0,6.479999999999563,True,LONG,2017-07-16 20:45:00,5852.98,False,True,False,0.3725,0.298,0.3725,5854.25,2017-07-16 20:53:00,1.298,5845.73,2017-07-16 21:55:00,False,,0.0,,True,5851.98,2017-07-16 21:02:00,0.0725
NQ,2017-07-17,Monday,ODR,5853.73,5848.98,4.75,5854.98,5848.75,6.229999999999563,True,SHORT,2017-07-17 04:00:00,5848.73,False,True,False,0.6884,1.7326,1.7326,5840.75,2017-07-17 05:23:00,1.6884,5857.0,2017-07-17 07:49:00,True,2017-07-17 04:07:00,0.0,1.6884,True,5848.98,2017-07-17 06:13:00,0.0
NQ,2017-07-17,Monday,RDR,5859.98,5845.5,14.479999999999563,5863.23,5840.5,22.729999999999563,True,SHORT,2017-07-17 11:05:00,5837.75,True,True,True,0.0,0.9682,0.9682,5831.48,2017-07-17 14:11:00,0.3094,5849.98,2017-07-17 13:14:00,True,2017-07-17 11:10:00,0.3094,0.3094,True,5845.73,2017-07-17 11:24:00,0.0159
NQ,2017-07-18,Tuesday,ADR,5857.25,5855.5,1.75,5857.25,5855.0,2.25,True,SHORT,2017-07-17 20:40:00,5854.98,True,False,,0.0,5.1429,5.1429,5846.5,2017-07-17 21:40:00,0.0,5855.0,2017-07-17 20:45:00,True,2017-07-17 20:46:00,0.0,0.0,False,,,
NQ,2017-07-18,Tuesday,ODR,5852.98,5848.25,4.729999999999563,5853.73,5847.25,6.479999999999563,True,LONG,2017-07-18 04:10:00,5854.0,False,True,False,1.9556,1.3256,1.9556,5862.23,2017-07-18 04:50:00,2.3256,5841.98,2017-07-18 08:24:00,True,2017-07-18 04:18:00,0.0,2.3256,True,5852.5,2017-07-18 06:40:00,0.1015
NQ,2017-07-18,Tuesday,RDR,5850.85,5822.75,28.100000000000364,5852.25,5820.23,32.02000000000044,True,LONG,2017-07-18 10:55:00,5856.25,True,True,True,1.1167,0.0,1.1167,5882.23,2017-07-18 15:59:00,0.0132,5850.48,2017-07-18 11:07:00,True,2017-07-18 11:32:00,0.0132,0.0,True,5850.48,2017-07-18 11:07:00,0.0132
NQ,2017-07-19,Wednesday,ADR,5895.98,5890.23,5.75,5896.23,5890.23,6.0,True,LONG,2017-07-18 20:35:00,5896.73,True,True,True,1.5217,0.0,1.5217,5904.73,2017-07-18 22:33:00,0.2609,5894.48,2017-07-18 20:55:00,True,2017-07-18 21:18:00,0.2609,0.0,True,5895.73,2017-07-18 20:49:00,0.0435
NQ,2017-07-19,Wednesday,ODR,5900.23,5897.75,2.4799999999995634,5900.48,5896.98,3.5,True,SHORT,2017-07-19 04:20:00,5896.5,False,True,False,0.7137,2.2177,2.2177,5892.25,2017-07-19 08:02:00,1.7137,5902.0,2017-07-19 08:29:00,True,2017-07-19 04:25:00,1.4113,1.7137,True,5897.98,2017-07-19 04:34:00,0.0927
NQ,2017-07-19,Wednesday,RDR,5912.48,5898.1,14.3799999999992,5912.85,5896.48,16.3700000000008,True,LONG,2017-07-19 11:35:00,5913.23,True,True,True,0.8345,0.13,0.8345,5924.48,2017-07-19 13:11:00,0.0348,5911.98,2017-07-19 11:40:00,True,2017-07-19 12:04:00,0.0348,0.0,True,5911.98,2017-07-19 11:40:00,0.0348
NQ,2017-07-20,Thursday,ADR,5920.98,5917.98,3.0,5921.25,5917.98,3.2700000000004366,True,LONG,2017-07-19 20:45:00,5921.5,False,True,True,0.75,0.0833,0.75,5923.23,2017-07-20 01:42:00,1.0833,5917.73,2017-07-19 22:49:00,True,2017-07-20 01:12:00,1.0833,0.0,True,5920.48,2017-07-19 21:00:00,0.1667
NQ,2017-07-20,Thursday,ODR,5920.25,5918.23,2.0200000000004366,5921.25,5917.25,4.0,True,SHORT,2017-07-20 04:55:00,5916.25,False,True,False,7.9208,1.7327,1.7327,5914.73,2017-07-20 05:02:00,8.9208,5936.25,2017-07-20 08:22:00,True,2017-07-20 05:00:00,0.0,8.9208,True,5918.25,2017-07-20 05:17:00,0.0099
NQ,2017-07-20,Thursday,RDR,5930.23,5913.1,17.1299999999992,5934.98,5907.48,27.5,True,SHORT,2017-07-20 10:30:00,5905.48,True,True,False,0.007,0.941,0.941,5896.98,2017-07-20 10:40:00,1.007,5930.35,2017-07-20 12:23:00,True,2017-07-20 10:35:00,0.0,1.007,True,5913.48,2017-07-20 10:54:00,0.0222
NQ,2017-07-21,Friday,ADR,5920.73,5918.0,2.7299999999995634,5920.75,5918.0,2.75,True,SHORT,2017-07-20 21:35:00,5917.98,True,True,False,0.0989,2.5641,2.5641,5911.0,2017-07-20 22:16:00,0.4579,5919.25,2017-07-20 21:55:00,True,2017-07-20 21:58:00,0.4579,0.1758,True,5918.23,2017-07-20 21:40:00,0.0842
NQ,2017-07-21,Friday,ODR,5921.48,5915.98,5.5,5921.75,5915.73,6.020000000000437,True,LONG,2017-07-21 04:00:00,5921.98,False,True,False,1.1855,1.4545,1.1855,5928.0,2017-07-21 05:10:00,2.4545,5907.98,2017-07-21 08:04:00,True,2017-07-21 04:10:00,0.0909,2.4545,True,5921.23,2017-07-21 04:38:00,0.0455
NQ,2017-07-21,Friday,RDR,5912.73,5898.0,14.729999999999563,5913.73,5890.73,23.0,True,LONG,2017-07-21 12:30:00,5915.73,True,True,True,0.5771,0.0862,0.5771,5921.23,2017-07-21 13:07:00,0.4073,5906.73,2017-07-21 14:15:00,True,2017-07-21 13:07:00,0.0,0.4073,True,5912.48,2017-07-21 13:32:00,0.017
NQ,2017-07-24,Monday,ADR,5920.0,5911.48,8.520000000000437,5920.0,5910.25,9.75,True,SHORT,2017-07-23 21:15:00,5909.25,True,True,False,0.0,0.7923,0.7923,5904.73,2017-07-23 23:27:00,0.2371,5913.5,2017-07-24 01:30:00,True,2017-07-23 21:21:00,0.0,0.2371,True,5911.48,2017-07-24 01:05:00,0.0
NQ,2017-07-24,Monday,ODR,5910.0,5905.25,4.75,5912.48,5905.0,7.479999999999563,True,LONG,2017-07-24 04:35:00,5912.75,True,True,True,2.5747,0.0,2.5747,5922.23,2017-07-24 08:26:00,0.9516,5905.48,2017-07-24 05:22:00,True,2017-07-24 04:40:00,0.9516,0.9516,True,5910.0,2017-07-24 04:55:00,0.0
NQ,2017-07-24,Monday,RDR,5925.25,5916.48,8.770000000000437,5926.48,5915.48,11.0,True,SHORT,2017-07-24 11:20:00,5914.73,False,True,False,2.9624,0.4846,0.3991,5912.98,2017-07-24 11:26:00,3.9624,5951.23,2017-07-24 15:48:00,False,,0.0,,True,5916.73,2017-07-24 11:28:00,0.0285
NQ,2017-07-25,Tuesday,ADR,5930.5,5927.23,3.2700000000004366,5931.23,5927.0,4.229999999999563,True,LONG,2017-07-24 21:30:00,5931.25,True,True,False,0.6055,0.0,0.6055,5932.48,2017-07-25 00:45:00,0.9235,5927.48,2017-07-24 22:28:00,True,2017-07-25 00:44:00,0.9235,0.4648,True,5930.23,2017-07-24 21:41:00,0.0826
NQ,2017-07-25,Tuesday,ODR,5931.48,5924.98,6.5,5931.73,5924.73,7.0,True,LONG,2017-07-25 04:05:00,5932.75,True,True,True,1.6923,0.0,1.6923,5942.48,2017-07-25 08:17:00,0.2692,5929.73,2017-07-25 05:07:00,True,2017-07-25 05:16:00,0.2692,0.1154,True,5931.25,2017-07-25 04:25:00,0.0354
NQ,2017-07-25,Tuesday,RDR,5934.85,5920.73,14.1200000000008,5936.73,5915.73,21.0,True,LONG,2017-07-25 13:10:00,5936.98,True,True,False,0.7882,0.0354,0.7882,5945.98,2017-07-25 14:13:00,0.4865,5927.98,2017-07-25 15:50:00,True,2017-07-25 13:50:00,0.0,0.4865,True,5934.48,2017-07-25 15:13:00,0.0262
NQ,2017-07-26,Wednesday,ADR,5935.98,5932.73,3.25,5936.23,5932.5,3.7299999999995634,True,SHORT,2017-07-25 20:45:00,5931.75,True,True,True,0.0,1.7692,1.7692,5926.98,2017-07-25 22:49:00,0.5446,5934.5,2017-07-25 21:45:00,True,2017-07-25 20:51:00,0.5446,0.5446,True,5932.73,2017-07-25 21:02:00,0.0
NQ,2017-07-26,Wednesday,ODR,5934.98,5928.73,6.25,5935.73,5928.0,7.729999999999563,True,LONG,2017-07-26 05:35:00,5937.0,True,True,True,2.0832,0.0,2.0832,5948.0,2017-07-26 08:14:00,0.5568,5931.5,2017-07-26 06:04:00,True,2017-07-26 06:42:00,0.5568,0.0,True,5934.73,2017-07-26 05:47:00,0.04
NQ,2017-07-26,Wednesday,RDR,5953.0,5945.73,7.270000000000437,5954.23,5941.73,12.5,True,SHORT,2017-07-26 11:20:00,5939.48,True,True,False,0.0,1.2008,1.2008,5937.0,2017-07-26 14:00:00,0.7909,5951.48,2017-07-26 15:22:00,True,2017-07-26 11:25:00,0.3439,0.7909,True,5945.98,2017-07-26 12:05:00,0.0344
NQ,2017-07-27,Thursday,ADR,5970.48,5966.75,3.7299999999995634,5971.23,5966.73,4.5,True,LONG,2017-07-26 20:45:00,5977.75,True,False,,4.0938,0.0,3.8928,5985.0,2017-07-27 01:18:00,0.0,5975.75,2017-07-26 21:28:00,True,2017-07-26 20:50:00,0.0,0.0,False,,,
NQ,2017-07-27,Thursday,ODR,5982.5,5979.48,3.0200000000004366,5983.5,5978.48,5.020000000000437,True,SHORT,2017-07-27 04:30:00,5977.25,False,True,False,2.9735,1.4073,1.4073,5975.23,2017-07-27 06:02:00,3.9735,5991.48,2017-07-27 08:19:00,True,2017-07-27 04:35:00,0.0,3.9735,True,5979.48,2017-07-27 06:40:00,0.0
NQ,2017-07-27,Thursday,RDR,5991.85,5975.73,16.1200000000008,5993.98,5973.23,20.75,True,LONG,2017-07-27 11:30:00,5994.48,False,True,False,0.2252,8.1253,0.2097,5995.23,2017-07-27 11:35:00,9.1253,5844.75,2017-07-27 13:39:00,False,,0.0,,True,5990.75,2017-07-27 11:37:00,0.0682
NQ,2017-07-28,Friday,ADR,5897.23,5889.23,8.0,5897.5,5888.98,8.520000000000437,True,SHORT,2017-07-27 20:30:00,5885.48,True,False,,0.0,3.375,3.375,5862.23,2017-07-28 01:49:00,0.0,5887.98,2017-07-27 20:36:00,True,2017-07-27 20:39:00,0.0,0.0,False,,,
NQ,2017-07-28,Friday,ODR,5866.75,5862.23,4.520000000000437,5867.1,5861.0,6.100000000000364,True,SHORT,2017-07-28 04:30:00,5857.48,False,True,False,2.5398,2.7102,2.7102,5849.98,2017-07-28 06:08:00,3.5398,5878.23,2017-07-28 07:53:00,True,2017-07-28 04:35:00,0.0,3.5398,True,5862.75,2017-07-28 06:59:00,0.115
NQ,2017-07-28,Friday,RDR,5903.48,5871.48,32.0,5904.98,5868.23,36.75,True,LONG,2017-07-28 12:00:00,5906.23,True,True,True,0.4453,0.0,0.4453,5917.73,2017-07-28 12:41:00,0.0625,5901.48,2017-07-28 15:15:00,False,,0.0,,True,5901.48,2017-07-28 15:15:00,0.0625
NQ,2017-07-31,Monday,ADR,5910.73,5898.5,12.229999999999563,5910.73,5898.5,12.229999999999563,False,,,,,,,0.0,0.0425,,,,,,,False,,,,False,,,
NQ,2017-07-31,Monday,ODR,5930.48,5909.73,20.75,5933.0,5908.5,24.5,False,,,,,,,0.0,0.0,,,,,,,False,,,,False,,,
NQ,2017-07-31,Monday,RDR,5929.23,5885.5,43.72999999999956,5932.23,5884.25,47.97999999999956,True,SHORT,2017-07-31 10:30:00,5878.73,True,True,True,0.0,0.3487,0.3487,5870.25,2017-07-31 10:38:00,0.2625,5896.98,2017-07-31 11:43:00,False,,0.0,,True,5886.35,2017-07-31 10:48:00,0.0194
NQ,2017-08-01,Tuesday,ADR,5887.75,5880.98,6.770000000000437,5888.25,5880.73,7.520000000000437,True,LONG,2017-07-31 20:30:00,5888.48,True,False,,3.1758,0.0,3.1758,5909.25,2017-07-31 21:51:00,0.0,5887.98,2017-07-31 21:04:00,True,2017-07-31 21:08:00,0.0,0.0,False,,,
NQ,2017-08-01,Tuesday,ODR,5907.48,5902.73,4.75,5908.5,5901.5,7.0,True,LONG,2017-08-01 04:15:00,5910.73,False,True,False,1.6316,1.5789,1.6316,5915.23,2017-08-01 04:56:00,2.5789,5895.23,2017-08-01 07:26:00,True,2017-08-01 04:20:00,0.0,2.5789,True,5907.48,2017-08-01 06:11:00,0.0
NQ,2017-08-01,Tuesday,RDR,5902.1,5880.73,21.3700000000008,5904.73,5878.23,26.5,False,,,,,,,0.0529,0.0,,,,,,,False,,,,False,,,
NQ,2017-08-02,Wednesday,ADR,5935.23,5931.0,4.229999999999563,5936.48,5930.73,5.75,True,SHORT,2017-08-01 21:10:00,5929.23,False,True,False,2.8369,0.4184,0.4137,5929.25,2017-08-01 21:15:00,3.8369,5947.23,2017-08-02 01:20:00,False,,0.0,,True,5931.23,2017-08-01 21:19:00,0.0544
NQ,2017-08-02,Wednesday,ODR,5941.98,5930.25,11.729999999999563,5941.98,5929.98,12.0,True,SHORT,2017-08-02 07:25:00,5928.98,True,True,False,0.0213,0.3853,0.3853,5925.73,2017-08-02 07:39:00,0.3393,5934.23,2017-08-02 08:27:00,False,,0.0,,True,5930.73,2017-08-02 08:05:00,0.0409
NQ,2017-08-02,Wednesday,RDR,5932.35,5879.23,53.1200000000008,5935.0,5875.48,59.52000000000044,True,SHORT,2017-08-02 10:40:00,5866.23,True,True,False,0.0,0.4283,0.4283,5856.48,2017-08-02 11:05:00,0.7929,5921.35,2017-08-02 15:04:00,False,,0.0047,,True,5879.48,2017-08-02 10:51:00,0.0047
NQ,2017-08-03,Thursday,ADR,5909.75,5903.73,6.020000000000437,5909.75,5902.98,6.770000000000437,True,SHORT,2017-08-02 20:35:00,5902.23,False,True,False,0.9136,1.3256,1.3256,5895.75,2017-08-02 22:10:00,1.9136,5915.25,2017-08-02 23:36:00,True,2017-08-02 20:45:00,0.4568,1.9136,True,5903.73,2017-08-02 20:49:00,0.0
NQ,2017-08-03,Thursday,ODR,5908.98,5898.48,10.5,5908.98,5897.48,11.5,True,LONG,2017-08-03 05:10:00,5909.73,True,True,True,1.0238,0.0,1.0238,5919.73,2017-08-03 06:46:00,0.119,5907.73,2017-08-03 05:54:00,True,2017-08-03 06:38:00,0.119,0.0,True,5908.73,2017-08-03 05:47:00,0.0238
NQ,2017-08-03,Thursday,RDR,5918.98,5879.5,39.47999999999956,5919.1,5877.23,41.8700000000008,False,,,,,,,0.0,0.0038,,,,,,,False,,,,False,,,
NQ,2017-08-04,Friday,ADR,5886.25,5883.0,3.25,5886.98,5880.98,6.0,True,LONG,2017-08-03 20:45:00,5887.5,True,True,True,1.9169,0.0,1.9169,5892.48,2017-08-04 00:37:00,0.16,5885.73,2017-08-03 21:41:00,True,2017-08-03 20:53:00,0.16,0.16,True,5886.23,2017-08-03 21:21:00,0.0062
NQ,2017-08-04,Friday,ODR,5894.0,5888.98,5.020000000000437,5894.73,5887.73,7.0,True,LONG,2017-08-04 04:10:00,5895.48,True,True,True,1.4402,0.0,1.4402,5901.23,2017-08-04 08:11:00,0.0,5894.0,2017-08-04 05:20:00,True,2017-08-04 04:15:00,0.0,0.0,True,5894.0,2017-08-04 05:20:00,0.0
NQ,2017-08-04,Friday,RDR,5905.48,5876.23,29.25,5911.73,5873.98,37.75,False,,,,,,,0.1026,0.0,,,,,,,False,,,,False,,,
NQ,2017-08-07,Monday,ADR,5907.5,5903.0,4.5,5908.0,5902.75,5.25,True,LONG,2017-08-06 20:55:00,5911.5,True,False,,3.0511,0.0,3.0511,5921.23,2017-08-07 01:04:00,0.0,5911.25,2017-08-06 21:01:00,True,2017-08-06 21:00:00,0.0,0.0,False,,,
NQ,2017-08-07,Monday,ODR,5918.25,5913.75,4.5,5919.23,5912.98,6.25,True,SHORT,2017-08-07 04:05:00,5911.75,True,False,,0.0,3.1711,3.1711,5899.48,2017-08-07 07:42:00,0.0,5912.98,2017-08-07 04:20:00,True,2017-08-07 04:10:00,0.0,0.0,False,,,
NQ,2017-08-07,Monday,RDR,5917.48,5904.73,12.75,5918.48,5900.48,18.0,True,LONG,2017-08-07 10:50:00,5920.73,True,True,True,1.4314,0.0,1.4314,5935.73,2017-08-07 15:51:00,0.1176,5915.98,2017-08-07 11:00:00,True,2017-08-07 11:25:00,0.1176,0.0,True,5915.98,2017-08-07 11:00:00,0.1176
NQ,2017-08-08,Tuesday,ADR,5934.73,5930.98,3.75,5934.75,5930.48,4.270000000000437,True,SHORT,2017-08-07 20:35:00,5929.48,True,True,False,0.0,1.2667,1.2667,5926.23,2017-08-07 21:50:00,0.4,5932.48,2017-08-08 01:26:00,True,2017-08-07 21:44:00,0.0053,0.4,True,5931.0,2017-08-07 20:54:00,0.0053
NQ,2017-08-08,Tuesday,ODR,5934.48,5931.23,3.25,5935.48,5930.98,4.5,True,SHORT,2017-08-08 04:35:00,5930.5,True,True,True,0.3846,2.0769,2.0769,5924.48,2017-08-08 07:36:00,1.2677,5935.35,2017-08-08 06:34:00,True,2017-08-08 07:13:00,1.2677,0.0769,True,5931.48,2017-08-08 04:42:00,0.0769
NQ,2017-08-08,Tuesday,RDR,5927.23,5914.73,12.5,5929.1,5912.23,16.8700000000008,True,LONG,2017-08-08 10:35:00,5932.48,False,True,False,3.6,0.5504,3.6,5972.23,2017-08-08 12:10:00,1.5504,5907.85,2017-08-08 15:36:00,True,2017-08-08 10:43:00,0.0,1.5504,True,5926.48,2017-08-08 15:27:00,0.06
NQ,2017-08-09,Wednesday,ADR,5905.48,5896.23,9.25,5905.48,5895.98,9.5,True,SHORT,2017-08-08 20:30:00,5890.48,True,True,False,0.0,1.2973,1.2973,5884.23,2017-08-08 20:52:00,0.4076,5900.0,2017-08-09 01:38:00,True,2017-08-08 20:35:00,0.0,0.4076,True,5896.25,2017-08-09 00:32:00,0.0022
NQ,2017-08-09,Wednesday,ODR,5905.0,5896.5,8.5,5905.73,5896.23,9.5,True,SHORT,2017-08-09 04:00:00,5893.73,True,False,,0.0,3.0024,3.0024,5870.98,2017-08-09 08:02:00,0.0,5894.23,2017-08-09 04:05:00,True,2017-08-09 04:09:00,0.0,0.0,False,,,
NQ,2017-08-09,Wednesday,RDR,5892.98,5869.73,23.25,5893.73,5861.73,32.0,True,LONG,2017-08-09 10:30:00,5898.1,True,True,True,1.1019,0.0,1.1019,5918.6,2017-08-09 15:51:00,0.2796,5886.48,2017-08-09 14:48:00,True,2017-08-09 11:53:00,0.2796,0.2796,True,5891.48,2017-08-09 10:49:00,0.0645
NQ,2017-08-10,Thursday,ADR,5921.48,5917.48,4.0,5921.75,5917.25,4.5,True,SHORT,2017-08-09 21:45:00,5916.25,True,True,True,0.1875,4.0,4.0,5901.48,2017-08-09 23:39:00,0.0,5917.48,2017-08-09 22:00:00,True,2017-08-09 21:53:00,0.0,0.0,True,5917.48,2017-08-09 22:00:00,0.0
NQ,2017-08-10,Thursday,ODR,5910.5,5899.73,10.770000000000437,5910.5,5898.23,12.270000000000437,True,SHORT,2017-08-10 04:10:00,5894.25,True,False,,0.0,1.9499,1.9499,5878.73,2017-08-10 07:09:00,0.0,5897.98,2017-08-10 04:36:00,True,2017-08-10 04:15:00,0.0,0.0,False,,,
NQ,2017-08-10,Thursday,RDR,5884.48,5839.1,45.3799999999992,5885.98,5838.23,47.75,True,SHORT,2017-08-10 11:40:00,5834.48,True,True,True,0.0,1.2312,1.2312,5783.23,2017-08-10 15:49:00,0.0194,5839.98,2017-08-10 14:32:00,True,2017-08-10 12:23:00,0.0194,0.0194,True,5839.98,2017-08-10 14:32:00,0.0194
NQ,2017-08-11,Friday,ADR,5776.73,5773.75,2.9799999999995634,5777.0,5773.0,4.0,True,SHORT,2017-08-10 20:30:00,5772.25,True,True,False,0.4262,3.7819,3.7819,5762.48,2017-08-10 22:07:00,1.4262,5778.0,2017-08-10 21:45:00,True,2017-08-10 20:35:00,1.4262,1.4262,True,5773.98,2017-08-10 21:33:00,0.0772
NQ,2017-08-11,Friday,ODR,5786.25,5778.98,7.270000000000437,5786.5,5776.98,9.520000000000437,True,SHORT,2017-08-11 04:10:00,5776.5,True,True,True,0.0,2.4938,2.4938,5760.85,2017-08-11 04:30:00,0.5186,5782.75,2017-08-11 08:24:00,True,2017-08-11 04:15:00,0.0,0.5186,True,5779.23,2017-08-11 06:11:00,0.0344
NQ,2017-08-11,Friday,RDR,5824.73,5790.0,34.72999999999956,5830.73,5783.48,47.25,True,LONG,2017-08-11 12:20:00,5831.23,True,True,True,0.5975,0.0,0.5975,5845.48,2017-08-11 14:15:00,0.1656,5818.98,2017-08-11 15:19:00,True,2017-08-11 14:13:00,0.0,0.1656,True,5824.48,2017-08-11 14:58:00,0.0072
NQ,2017-08-14,Monday,ADR,5872.0,5854.5,17.5,5873.98,5852.75,21.229999999999563,False,,,,,,,0.0846,0.0,,,,,,,False,,,,False,,,
NQ,2017-08-14,Monday,ODR,5877.48,5867.0,10.479999999999563,5877.73,5865.23,12.5,False,,,,,,,0.0,0.2166,,,,,,,False,,,,False,,,
NQ,2017-08-14,Monday,RDR,5899.23,5877.73,21.5,5901.0,5877.5,23.5,True,LONG,2017-08-14 10:35:00,5901.48,True,True,True,0.8023,0.0,0.8023,5916.48,2017-08-14 15:56:00,0.1628,5895.73,2017-08-14 11:23:00,True,2017-08-14 10:50:00,0.1628,0.1628,True,5898.98,2017-08-14 11:03:00,0.0116
NQ,2017-08-15,Tuesday,ADR,5937.23,5914.73,22.5,5938.5,5914.48,24.020000000000437,True,LONG,2017-08-14 21:35:00,5941.98,True,True,False,0.3111,0.0,0.2444,5942.73,2017-08-14 21:41:00,0.3111,5930.23,2017-08-15 01:54:00,False,,0.0,,True,5936.75,2017-08-14 21:55:00,0.0213
NQ,2017-08-15,Tuesday,ODR,5931.25,5920.73,10.520000000000437,5931.75,5920.48,11.270000000000437,True,SHORT,2017-08-15 04:00:00,5917.73,True,True,False,0.0,0.3327,0.3327,5917.23,2017-08-15 04:05:00,0.8099,5929.25,2017-08-15 08:00:00,False,,0.0,,True,5920.73,2017-08-15 04:11:00,0.0
NQ,2017-08-15,Tuesday,RDR,5921.85,5899.23,22.6200000000008,5922.73,5895.48,27.25,False,,,,,,,0.0,0.1326,,,,,,,False,,,,False,,,
NQ,2017-08-16,Wednesday,ADR,5909.98,5905.35,4.6299999999992,5912.48,5904.98,7.5,True,SHORT,2017-08-15 20:50:00,5904.0,False,True,False,0.6523,0.3499,0.2959,5903.98,2017-08-15 20:55:00,1.6523,5913.0,2017-08-16 01:18:00,False,,0.0,,True,5906.48,2017-08-15 21:00:00,0.2441
NQ,2017-08-16,Wednesday,ODR,5928.73,5917.98,10.75,5930.25,5916.98,13.270000000000437,True,LONG,2017-08-16 04:20:00,5930.98,True,True,False,0.8837,0.0,0.8837,5938.23,2017-08-16 05:47:00,0.814,5919.98,2017-08-16 08:10:00,True,2017-08-16 05:43:00,0.2093,0.814,True,5928.23,2017-08-16 04:38:00,0.0465
NQ,2017-08-16,Wednesday,RDR,5925.48,5910.48,15.0,5927.85,5907.48,20.3700000000008,True,LONG,2017-08-16 10:45:00,5930.75,False,True,False,1.5833,0.5753,1.5833,5949.23,2017-08-16 12:26:00,1.5753,5901.85,2017-08-16 14:32:00,True,2017-08-16 10:54:00,0.0,1.5753,True,5917.73,2017-08-16 13:12:00,0.5167
NQ,2017-08-17,Thursday,ADR,5912.5,5905.98,6.520000000000437,5912.98,5904.5,8.479999999999563,True,LONG,2017-08-16 20:40:00,5914.23,True,True,True,0.6488,0.0,0.6488,5916.73,2017-08-17 01:04:00,0.9233,5906.48,2017-08-16 22:28:00,True,2017-08-17 01:02:00,0.9233,0.3098,True,5912.48,2017-08-16 21:02:00,0.0031
NQ,2017-08-17,Thursday,ODR,5921.73,5912.0,9.729999999999563,5923.5,5910.75,12.75,True,SHORT,2017-08-17 04:35:00,5908.98,True,True,True,0.0,2.2117,2.2117,5890.48,2017-08-17 08:23:00,0.0874,5912.85,2017-08-17 05:21:00,True,2017-08-17 04:50:00,0.0874,0.0874,True,5912.85,2017-08-17 05:21:00,0.0874
NQ,2017-08-17,Thursday,RDR,5903.73,5857.98,45.75,5907.23,5851.48,55.75,True,SHORT,2017-08-17 12:10:00,5850.23,True,False,,0.0,1.2678,1.2678,5799.98,2017-08-17 15:59:00,0.0,5850.23,2017-08-17 12:23:00,True,2017-08-17 12:56:00,0.0,0.0,False,,,
NQ,2017-08-18,Friday,ADR,5798.25,5792.25,6.0,5798.48,5788.75,9.729999999999563,True,LONG,2017-08-17 20:45:00,5800.73,True,False,,3.83,0.0,3.83,5821.23,2017-08-17 21:54:00,0.0,5800.98,2017-08-17 20:50:00,True,2017-08-17 20:50:00,0.0,0.0,False,,,
NQ,2017-08-18,Friday,ODR,5805.73,5795.5,10.229999999999563,5806.5,5794.25,12.25,True,SHORT,2017-08-18 04:35:00,5793.73,False,True,False,1.8328,0.5885,0.5885,5789.48,2017-08-18 04:52:00,2.8328,5824.48,2017-08-18 08:28:00,True,2017-08-18 04:51:00,0.0,2.8328,True,5795.5,2017-08-18 05:02:00,0.0
NQ,2017-08-18,Friday,RDR,5804.48,5772.73,31.75,5809.23,5772.5,36.72999999999956,True,LONG,2017-08-18 11:25:00,5818.48,True,True,False,0.9606,0.0,0.9606,5834.98,2017-08-18 12:44:00,0.3543,5793.23,2017-08-18 15:59:00,True,2017-08-18 11:32:00,0.0,0.3543,True,5803.25,2017-08-18 13:59:00,0.0387
NQ,2017-08-21,Monday,ADR,5810.0,5791.73,18.270000000000437,5810.0,5788.25,21.75,True,SHORT,2017-08-20 21:05:00,5787.0,True,True,False,0.0,0.4242,0.3684,5785.0,2017-08-20 23:04:00,0.2189,5795.73,2017-08-21 01:46:00,False,,0.2063,,True,5793.5,2017-08-20 21:15:00,0.0969
NQ,2017-08-21,Monday,ODR,5792.25,5780.98,11.270000000000437,5793.23,5779.5,13.729999999999563,True,LONG,2017-08-21 06:15:00,5793.98,True,False,,1.0293,0.2201,1.0293,5803.85,2017-08-21 06:33:00,0.0,5793.75,2017-08-21 06:20:00,True,2017-08-21 06:25:00,0.0,0.0,False,,,
NQ,2017-08-21,Monday,RDR,5802.48,5755.73,46.75,5807.23,5751.98,55.25,False,,,,,,,0.0,0.0,,,,,,,False,,,,False,,,
NQ,2017-08-22,Tuesday,ADR,5809.25,5795.98,13.270000000000437,5810.23,5795.73,14.5,True,LONG,2017-08-21 20:30:00,5812.73,True,False,,0.8274,0.0,0.8274,5820.23,2017-08-22 01:39:00,0.0,5810.73,2017-08-21 20:36:00,True,2017-08-21 20:45:00,0.0,0.0,False,,,
NQ,2017-08-22,Tuesday,ODR,5827.75,5814.0,13.75,5828.0,5813.48,14.520000000000437,True,SHORT,2017-08-22 04:20:00,5812.5,True,True,False,0.0,0.656,0.656,5804.98,2017-08-22 05:21:00,0.8531,5825.73,2017-08-22 08:27:00,True,2017-08-22 05:20:00,0.3258,0.8531,True,5814.5,2017-08-22 04:27:00,0.0364
NQ,2017-08-22,Tuesday,RDR,5852.23,5818.48,33.75,5853.48,5816.98,36.5,True,LONG,2017-08-22 10:50:00,5856.98,True,False,,0.8741,0.0,0.8741,5881.73,2017-08-22 15:47:00,0.0,5856.23,2017-08-22 10:55:00,True,2017-08-22 12:01:00,0.0,0.0,False,,,
NQ,2017-08-23,Wednesday,ADR,5881.0,5872.98,8.020000000000437,5881.5,5872.98,8.520000000000437,True,SHORT,2017-08-22 22:05:00,5872.48,True,True,True,0.0,1.0599,1.0599,5864.48,2017-08-22 23:39:00,0.1247,5873.98,2017-08-22 22:13:00,True,2017-08-22 23:02:00,0.1247,0.0,True,5873.5,2017-08-22 22:11:00,0.0648
NQ,2017-08-23,Wednesday,ODR,5876.25,5869.73,6.520000000000437,5876.73,5867.25,9.479999999999563,True,SHORT,2017-08-23 05:20:00,5866.75,True,False,,0.0,2.1856,2.1856,5855.48,2017-08-23 07:47:00,0.0,5869.23,2017-08-23 05:28:00,True,2017-08-23 05:36:00,0.0,0.0,False,,,
NQ,2017-08-23,Wednesday,RDR,5860.0,5843.75,16.25,5861.73,5841.48,20.25,True,LONG,2017-08-23 11:45:00,5862.73,False,True,False,0.4308,0.0782,0.4308,5867.0,2017-08-23 15:38:00,1.0782,5842.48,2017-08-23 13:54:00,False,,1.0782,,True,5858.23,2017-08-23 12:01:00,0.1089
NQ,2017-08-24,Thursday,ADR,5837.98,5832.5,5.479999999999563,5838.23,5831.98,6.25,True,LONG,2017-08-23 20:35:00,5839.98,True,True,True,2.2354,0.0,2.2354,5850.23,2017-08-23 23:28:00,0.2281,5836.73,2017-08-23 20:52:00,True,2017-08-23 20:45:00,0.2281,0.2281,True,5837.98,2017-08-23 20:47:00,0.0
NQ,2017-08-24,Thursday,ODR,5854.5,5847.25,7.25,5855.23,5846.98,8.25,True,SHORT,2017-08-24 04:05:00,5846.25,False,True,False,2.2731,0.2759,0.2759,5845.25,2017-08-24 04:10:00,3.2731,5870.98,2017-08-24 08:25:00,False,,0.0,,True,5848.25,2017-08-24 04:12:00,0.1379
NQ,2017-08-24,Thursday,RDR,5870.1,5831.73,38.3700000000008,5873.98,5822.73,51.25,True,SHORT,2017-08-24 11:15:00,5818.98,True,True,False,0.0,0.645,0.645,5806.98,2017-08-24 11:40:00,0.4006,5847.1,2017-08-24 15:22:00,True,2017-08-24 11:28:00,0.0,0.4006,True,5832.98,2017-08-24 13:12:00,0.0326
NQ,2017-08-25,Friday,ADR,5846.5,5839.5,7.0,5847.23,5838.75,8.479999999999563,True,SHORT,2017-08-24 20:30:00,5838.73,False,True,False,0.4643,0.8957,0.8957,5833.23,2017-08-24 21:28:00,1.4643,5849.75,2017-08-24 23:08:00,True,2017-08-24 21:24:00,0.7143,1.4643,True,5839.73,2017-08-24 20:37:00,0.0329
NQ,2017-08-25,Friday,ODR,5846.0,5834.25,11.75,5847.0,5831.75,15.25,True,LONG,2017-08-25 05:45:00,5848.0,True,False,,1.766,0.0,1.766,5866.75,2017-08-25 07:51:00,0.0,5846.48,2017-08-25 05:52:00,True,2017-08-25 05:57:00,0.0,0.0,False,,,
NQ,2017-08-25,Friday,RDR,5865.48,5848.73,16.75,5873.6,5845.23,28.3700000000008,True,SHORT,2017-08-25 10:45:00,5840.23,True,False,,0.0,1.9254,1.9254,5816.48,2017-08-25 11:34:00,0.0,5843.75,2017-08-25 10:57:00,True,2017-08-25 10:50:00,0.0,0.0,False,,,
NQ,2017-08-28,Monday,ADR,5825.5,5814.25,11.25,5829.0,5813.48,15.520000000000437,True,SHORT,2017-08-27 20:30:00,5811.0,True,True,False,0.0,0.6018,0.6018,5807.48,2017-08-27 20:40:00,0.4222,5819.0,2017-08-27 23:27:00,True,2017-08-27 20:40:00,0.0,0.4222,True,5814.48,2017-08-27 20:58:00,0.0204
NQ,2017-08-28,Monday,ODR,5808.48,5804.5,3.9799999999995634,5808.98,5801.73,7.25,True,LONG,2017-08-28 04:00:00,5816.73,True,False,,6.6005,0.0,6.6005,5834.75,2017-08-28 08:21:00,0.0,5811.23,2017-08-28 04:24:00,True,2017-08-28 04:05:00,0.0,0.0,False,,,
NQ,2017-08-28,Monday,RDR,5842.6,5825.98,16.6200000000008,5843.73,5823.48,20.25,True,LONG,2017-08-28 10:40:00,5844.73,True,True,False,0.79,0.0,0.79,5855.73,2017-08-28 10:53:00,0.8333,5828.75,2017-08-28 12:45:00,True,2017-08-28 10:52:00,0.1426,0.8333,True,5841.23,2017-08-28 10:46:00,0.0824
NQ,2017-08-29,Tuesday,ADR,5811.25,5806.0,5.25,5813.23,5804.98,8.25,True,LONG,2017-08-28 20:55:00,5814.5,False,True,False,0.9962,2.0,0.9962,5816.48,2017-08-28 21:00:00,3.0,5795.5,2017-08-28 22:09:00,True,2017-08-28 21:00:00,0.0,3.0,True,5811.0,2017-08-28 21:04:00,0.0476
NQ,2017-08-29,Tuesday,ODR,5808.98,5787.98,21.0,5809.75,5786.98,22.770000000000437,True,SHORT,2017-08-29 04:15:00,5783.5,True,True,False,0.0,0.511,0.511,5777.25,2017-08-29 05:01:00,0.8224,5805.25,2017-08-29 08:20:00,True,2017-08-29 05:01:00,0.0,0.8224,True,5787.98,2017-08-29 05:29:00,0.0
NQ,2017-08-29,Tuesday,RDR,5830.23,5791.6,38.6299999999992,5830.73,5786.25,44.47999999999956,True,LONG,2017-08-29 10:30:00,5837.23,True,False,,1.1589,0.0,1.1589,5875.0,2017-08-29 15:27:00,0.0,5833.48,2017-08-29 10:38:00,True,2017-08-29 11:07:00,0.0,0.0,False,,,
NQ,2017-08-30,Wednesday,ADR,5878.25,5875.75,2.5,5878.48,5874.48,4.0,True,LONG,2017-08-30 00:50:00,5878.5,True,True,True,1.692,1.108,1.692,5882.48,2017-08-30 01:14:00,0.508,5876.98,2017-08-30 01:03:00,True,2017-08-30 01:06:00,0.508,0.0,True,5877.75,2017-08-30 00:59:00,0.2
NQ,2017-08-30,Wednesday,ODR,5895.98,5888.5,7.479999999999563,5896.0,5887.98,8.020000000000437,True,SHORT,2017-08-30 04:00:00,5883.5,True,False,,0.0,2.1751,2.1751,5872.23,2017-08-30 07:32:00,0.0,5886.48,2017-08-30 04:32:00,True,2017-08-30 04:05:00,0.0,0.0,False,,,
NQ,2017-08-30,Wednesday,RDR,5896.48,5867.98,28.5,5897.98,5865.48,32.5,True,LONG,2017-08-30 10:45:00,5903.73,True,False,,1.6579,0.0,1.6579,5943.73,2017-08-30 14:39:00,0.0,5899.98,2017-08-30 11:25:00,True,2017-08-30 12:39:00,0.0,0.0,False,,,
NQ,2017-08-31,Thursday,ADR,5947.23,5938.23,9.0,5948.73,5937.98,10.75,True,LONG,2017-08-30 20:45:00,5949.25,True,True,False,0.2522,0.0,0.25,5949.48,2017-08-30 20:50:00,0.5256,5942.5,2017-08-31 01:38:00,False,,0.0,,True,5946.5,2017-08-30 20:58:00,0.0811
NQ,2017-08-31,Thursday,ODR,5948.25,5939.48,8.770000000000437,5948.98,5938.0,10.979999999999563,True,LONG,2017-08-31 04:30:00,5949.25,True,True,False,0.9669,0.0,0.9669,5956.73,2017-08-31 05:55:00,0.7719,5941.48,2017-08-31 07:54:00,True,2017-08-31 05:42:00,0.1163,0.7719,True,5948.0,2017-08-31 04:45:00,0.0285
NQ,2017-08-31,Thursday,RDR,5974.98,5949.35,25.6299999999992,5975.98,5946.73,29.25,True,LONG,2017-08-31 11:50:00,5976.48,True,True,True,0.8779,0.0,0.8779,5997.48,2017-08-31 15:44:00,0.0293,5974.23,2017-08-31 11:56:00,True,2017-08-31 14:47:00,0.0293,0.0,True,5974.23,2017-08-31 11:56:00,0.0293
NQ,2017-09-01,Friday,ADR,5999.75,5996.5,3.25,6000.23,5996.23,4.0,True,SHORT,2017-08-31 21:00:00,5995.98,True,True,False,0.0,0.7754,0.7754,5993.98,2017-08-31 21:13:00,0.9169,5999.48,2017-08-31 21:54:00,True,2017-08-31 21:09:00,0.0,0.9169,True,5996.73,2017-08-31 21:19:00,0.0708
NQ,2017-09-01,Friday,ODR,6001.75,5994.73,7.020000000000437,6003.23,5994.23,9.0,True,SHORT,2017-09-01 05:50:00,5993.75,False,True,False,1.1011,0.3533,0.1068,5993.98,2017-09-01 06:00:00,2.1011,6009.48,2017-09-01 07:58:00,False,,0.0741,,True,5994.98,2017-09-01 05:56:00,0.0356
NQ,2017-09-01,Friday,RDR,6009.23,5976.48,32.75,6012.98,5973.25,39.72999999999956,False,,,,,,,0.0,0.0,,,,,,,False,,,,False,,,
NQ,2017-09-04,Monday,ADR,5964.0,5957.48,6.520000000000437,5964.73,5956.98,7.75,True,SHORT,2017-09-03 20:55:00,5951.75,True,True,False,0.1887,1.6488,1.6488,5946.73,2017-09-03 21:08:00,1.1887,5965.23,2017-09-03 23:33:00,True,2017-09-03 21:00:00,0.0,1.1887,True,5957.73,2017-09-03 21:16:00,0.0383
NQ,2017-09-04,Monday,ODR,5960.73,5955.48,5.25,5962.98,5953.98,9.0,True,LONG,2017-09-04 05:10:00,5963.25,True,False,,2.3333,0.0,2.3333,5972.98,2017-09-04 08:17:00,0.0,5961.75,2017-09-04 05:41:00,True,2017-09-04 05:15:00,0.0,0.0,False,,,
NQ,2017-09-04,Monday,RDR,5972.73,5964.75,7.979999999999563,5972.73,5963.48,9.25,True,LONG,2017-09-04 10:30:00,5975.98,True,True,True,1.1303,0.0,1.1303,5981.75,2017-09-04 12:45:00,0.1253,5971.73,2017-09-04 11:34:00,True,2017-09-04 10:35:00,0.1253,0.1253,True,5971.98,2017-09-04 11:33:00,0.094
NQ,2017-09-05,Tuesday,ADR,5981.48,5975.98,5.5,5981.5,5973.75,7.75,True,SHORT,2017-09-04 22:15:00,5972.5,True,True,True,0.0,1.3636,1.3636,5968.48,2017-09-04 22:31:00,0.5945,5979.25,2017-09-05 01:18:00,True,2017-09-04 22:20:00,0.0,0.5945,True,5976.48,2017-09-05 00:55:00,0.0909
NQ,2017-09-05,Tuesday,ODR,5981.98,5975.25,6.729999999999563,5983.0,5973.98,9.020000000000437,True,LONG,2017-09-05 04:30:00,5983.98,False,True,False,0.3715,0.5973,0.3373,5984.25,2017-09-05 04:35:00,1.5973,5971.23,2017-09-05 06:29:00,False,,0.0,,True,5980.73,2017-09-05 04:36:00,0.1857
NQ,2017-09-05,Tuesday,RDR,5981.23,5957.0,24.229999999999563,5983.6,5951.23,32.3700000000008,True,SHORT,2017-09-05 11:15:00,5947.25,True,False,,0.0,2.7763,2.7763,5889.73,2017-09-05 13:04:00,0.0,5955.5,2017-09-05 11:43:00,True,2017-09-05 11:21:00,0.0,0.0,False,,,
NQ,2017-09-06,Wednesday,ADR,5935.25,5930.75,4.5,5936.25,5930.73,5.520000000000437,True,LONG,2017-09-05 21:00:00,5936.73,True,False,,2.0556,0.0,2.0556,5944.5,2017-09-05 21:32:00,0.0,5935.48,2017-09-05 23:10:00,True,2017-09-05 21:15:00,0.0,0.0,False,,,
NQ,2017-09-06,Wednesday,ODR,5956.98,5942.0,14.979999999999563,5957.48,5939.5,17.979999999999563,False,,,,,,,0.018,0.3004,,,,,,,False,,,,False,,,
NQ,2017-09-06,Wednesday,RDR,5950.23,5926.85,23.3799999999992,5960.98,5923.23,37.75,True,SHORT,2017-09-06 11:05:00,5918.73,False,True,False,0.6523,0.7536,0.7536,5909.23,2017-09-06 11:13:00,1.6523,5965.48,2017-09-06 15:27:00,True,2017-09-06 11:10:00,0.0,1.6523,True,5927.23,2017-09-06 11:32:00,0.0163
NQ,2017-09-07,Thursday,ADR,5950.73,5943.98,6.75,5950.73,5941.98,8.75,True,LONG,2017-09-06 20:50:00,5951.23,False,True,False,0.4074,0.2933,0.4074,5953.48,2017-09-06 21:11:00,1.2933,5942.0,2017-09-07 01:57:00,False,,0.1852,,True,5950.23,2017-09-06 20:56:00,0.0741
NQ,2017-09-07,Thursday,ODR,5947.23,5942.75,4.479999999999563,5948.48,5942.25,6.229999999999563,True,LONG,2017-09-07 04:15:00,5948.5,True,True,True,3.5714,0.0,3.5714,5963.23,2017-09-07 07:50:00,0.4464,5945.23,2017-09-07 04:53:00,True,2017-09-07 05:11:00,0.4464,0.0,True,5947.23,2017-09-07 04:28:00,0.0
NQ,2017-09-07,Thursday,RDR,5963.48,5945.48,18.0,5965.23,5943.98,21.25,True,LONG,2017-09-07 10:40:00,5967.98,True,True,True,0.9861,0.0,0.9861,5981.23,2017-09-07 11:06:00,0.7917,5949.23,2017-09-07 12:55:00,True,2017-09-07 10:46:00,0.0,0.7917,True,5963.1,2017-09-07 12:02:00,0.0211
NQ,2017-09-08,Friday,ADR,5967.48,5960.73,6.75,5967.98,5960.73,7.25,True,SHORT,2017-09-07 20:30:00,5958.98,True,True,True,0.0,1.037,1.037,5953.73,2017-09-08 01:37:00,0.8178,5966.25,2017-09-08 00:55:00,True,2017-09-07 20:38:00,0.8178,0.8178,True,5960.73,2017-09-07 20:50:00,0.0
NQ,2017-09-08,Friday,ODR,5955.98,5949.23,6.75,5956.5,5948.48,8.020000000000437,True,LONG,2017-09-08 05:05:00,5957.48,True,True,True,1.1881,0.0341,1.1881,5964.0,2017-09-08 05:36:00,1.0341,5949.0,2017-09-08 06:58:00,True,2017-09-08 05:16:00,0.0,1.0341,True,5955.73,2017-09-08 05:59:00,0.037
NQ,2017-09-08,Friday,RDR,5958.23,5938.73,19.5,5961.0,5935.75,25.25,True,SHORT,2017-09-08 11:40:00,5931.98,True,False,,0.0,1.6015,1.6015,5907.5,2017-09-08 15:30:00,0.0,5936.73,2017-09-08 11:58:00,True,2017-09-08 12:14:00,0.0,0.0,False,,,
NQ,2017-09-11,Monday,ADR,5943.0,5939.25,3.75,5943.73,5938.98,4.75,True,LONG,2017-09-10 20:40:00,5943.98,True,False,,2.9947,0.0,2.9947,5954.23,2017-09-11 00:06:00,0.0,5943.23,2017-09-10 20:48:00,True,2017-09-10 20:53:00,0.0,0.0,False,,,
NQ,2017-09-11,Monday,ODR,5955.75,5948.5,7.25,5956.0,5947.98,8.020000000000437,True,LONG,2017-09-11 04:25:00,5956.48,True,True,False,1.0662,0.0,1.0662,5963.48,2017-09-11 05:29:00,0.3476,5953.23,2017-09-11 07:55:00,True,2017-09-11 04:36:00,0.0,0.3476,True,5955.5,2017-09-11 07:11:00,0.0345
NQ,2017-09-11,Monday,RDR,5989.25,5959.23,30.020000000000437,5991.48,5959.0,32.47999999999956,False,,,,,,,0.0,0.0,,,,,,,False,,,,False,,,
NQ,2017-09-12,Tuesday,ADR,5990.0,5982.73,7.270000000000437,5991.75,5982.5,9.25,True,SHORT,2017-09-11 22:40:00,5982.25,True,True,False,0.0688,0.1692,0.1692,5981.5,2017-09-11 23:18:00,0.6217,5987.25,2017-09-12 00:35:00,False,,0.3783,,True,5983.23,2017-09-11 22:46:00,0.0688
NQ,2017-09-12,Tuesday,ODR,5989.5,5985.23,4.270000000000437,5989.98,5984.23,5.75,True,LONG,2017-09-12 04:05:00,5990.0,True,True,True,2.459,0.0,2.459,6000.0,2017-09-12 08:05:00,0.0585,5989.25,2017-09-12 04:23:00,True,2017-09-12 04:12:00,0.0585,0.0585,True,5989.5,2017-09-12 04:22:00,0.0
NQ,2017-09-12,Tuesday,RDR,5999.25,5977.23,22.020000000000437,6003.75,5972.5,31.25,False,,,,,,,0.0,0.4419,,,,,,,False,,,,False,,,
NQ,2017-09-13,Wednesday,ADR,5998.75,5994.23,4.520000000000437,5999.48,5994.0,5.479999999999563,True,SHORT,2017-09-12 21:45:00,5993.48,True,True,True,0.0,1.323,1.323,5988.25,2017-09-12 22:18:00,0.0,5994.23,2017-09-12 21:51:00,True,2017-09-12 22:13:00,0.0,0.0,True,5994.23,2017-09-12 21:51:00,0.0
NQ,2017-09-13,Wednesday,ODR,5989.73,5982.73,7.0,5990.23,5981.98,8.25,True,SHORT,2017-09-13 06:55:00,5981.5,True,True,False,0.0,0.2114,0.1786,5981.48,2017-09-13 07:00:00,0.6457,5987.25,2017-09-13 07:55:00,False,,0.0,,True,5983.0,2017-09-13 07:12:00,0.0386
NQ,2017-09-13,Wednesday,RDR,5994.98,5976.23,18.75,5996.85,5975.5,21.350000000000364,True,LONG,2017-09-13 12:45:00,5997.23,True,True,True,0.4933,0.0,0.4933,6004.23,2017-09-13 15:54:00,0.3733,5987.98,2017-09-13 13:03:00,False,,0.3733,,True,5994.75,2017-09-13 12:51:00,0.0123
NQ,2017-09-14,Thursday,ADR,5997.23,5994.75,2.4799999999995634,5997.25,5994.73,2.5200000000004366,True,LONG,2017-09-13 20:45:00,5997.5,False,True,False,1.4194,0.9153,1.4194,6000.75,2017-09-13 21:46:00,1.9153,5992.48,2017-09-14 01:42:00,True,2017-09-13 20:56:00,0.1008,1.9153,True,5997.23,2017-09-13 20:51:00,0.0
NQ,2017-09-14,Thursday,ODR,5997.75,5994.1,3.649999999999636,5997.98,5993.48,4.5,True,LONG,2017-09-14 04:20:00,5998.25,False,True,False,0.5425,2.7671,0.5425,5999.73,2017-09-14 06:01:00,3.7671,5984.0,2017-09-14 08:29:00,True,2017-09-14 06:01:00,0.4164,3.7671,True,5997.75,2017-09-14 04:25:00,0.0
NQ,2017-09-14,Thursday,RDR,5980.73,5966.23,14.5,5984.73,5964.73,20.0,True,LONG,2017-09-14 10:30:00,5984.75,True,True,False,1.1897,0.1379,1.1897,5997.98,2017-09-14 11:16:00,1.1379,5964.23,2017-09-14 15:58:00,True,2017-09-14 10:45:00,0.0,1.1379,True,5980.23,2017-09-14 12:10:00,0.0345
NQ,2017-09-15,Friday,ADR,5959.23,5953.25,5.979999999999563,5960.23,5952.48,7.75,True,LONG,2017-09-14 20:35:00,5960.75,True,True,True,2.0268,0.0,2.0268,5971.35,2017-09-15 00:32:00,0.209,5957.98,2017-09-14 20:47:00,True,2017-09-14 21:08:00,0.209,0.0385,True,5959.23,2017-09-14 20:41:00,0.0
NQ,2017-09-15,Friday,ODR,5967.23,5963.25,3.9799999999995634,5968.25,5962.73,5.520000000000437,True,LONG,2017-09-15 04:20:00,5968.98,False,True,False,1.005,0.7588,1.005,5971.23,2017-09-15 05:30:00,1.7588,5960.23,2017-09-15 06:57:00,True,2017-09-15 04:26:00,0.1884,1.7588,True,5967.23,2017-09-15 04:45:00,0.0
NQ,2017-09-15,Friday,RDR,5979.23,5964.73,14.5,5980.48,5960.98,19.5,True,LONG,2017-09-15 10:30:00,5984.73,True,False,,2.5,0.0,2.5,6015.48,2017-09-15 10:54:00,0.0,5983.98,2017-09-15 10:35:00,True,2017-09-15 10:38:00,0.0,0.0,False,,,
NQ,2017-09-18,Monday,ADR,6003.98,6001.98,2.0,6004.98,6001.48,3.5,True,SHORT,2017-09-17 20:50:00,6001.23,False,True,False,3.76,0.5,0.5,6000.98,2017-09-17 20:59:00,4.76,6011.5,2017-09-18 01:33:00,True,2017-09-17 20:59:00,0.0,4.76,True,6002.23,2017-09-17 21:01:00,0.125
NQ,2017-09-18,Monday,ODR,6009.98,6002.0,7.979999999999563,6009.98,6001.73,8.25,True,SHORT,2017-09-18 08:20:00,6000.98,True,False,,0.0,0.4098,0.4098,5998.73,2017-09-18 08:28:00,0.0,6001.23,2017-09-18 08:27:00,False,,0.0,,False,,,
NQ,2017-09-18,Monday,RDR,6012.98,5997.23,15.75,6017.48,5992.98,24.5,True,SHORT,2017-09-18 14:15:00,5985.48,True,False,,0.1429,1.9048,1.9048,5967.23,2017-09-18 14:45:00,0.0,5990.73,2017-09-18 15:50:00,True,2017-09-18 14:20:00,0.0,0.0,False,,,
NQ,2017-09-19,Tuesday,ADR,5991.98,5988.48,3.5,5992.98,5987.98,5.0,True,LONG,2017-09-18 20:30:00,5993.23,False,True,False,0.5714,1.1371,0.5,5993.73,2017-09-18 20:37:00,2.1371,5984.5,2017-09-18 22:58:00,True,2017-09-18 20:37:00,0.0,2.1371,True,5991.73,2017-09-18 20:38:00,0.0714
NQ,2017-09-19,Tuesday,ODR,5985.23,5979.35,5.8799999999992,5985.73,5978.98,6.75,True,LONG,2017-09-19 05:00:00,5987.23,True,False,,1.4456,0.0,1.4456,5993.73,2017-09-19 07:53:00,0.0,5986.23,2017-09-19 05:09:00,True,2017-09-19 05:22:00,0.0,0.0,False,,,
NQ,2017-09-19,Tuesday,RDR,5995.5,5976.48,19.020000000000437,5998.48,5974.98,23.5,True,LONG,2017-09-19 12:00:00,6001.23,True,True,False,0.4721,0.0,0.4196,6003.48,2017-09-19 12:07:00,0.3559,5988.73,2017-09-19 13:20:00,False,,0.0,,True,5995.48,2017-09-19 12:38:00,0.0011
NQ,2017-09-20,Wednesday,ADR,5993.23,5990.23,3.0,5993.73,5989.25,4.479999999999563,True,SHORT,2017-09-19 20:50:00,5988.48,False,True,False,1.0,0.91,0.91,5987.5,2017-09-19 20:56:00,2.0,5996.23,2017-09-19 23:12:00,True,2017-09-19 20:55:00,0.0,2.0,True,5991.23,2017-09-19 21:08:00,0.3333
NQ,2017-09-20,Wednesday,ODR,5994.25,5990.48,3.7700000000004366,5994.48,5989.48,5.0,True,LONG,2017-09-20 04:20:00,5995.0,True,True,True,1.0557,0.0,1.0557,5998.23,2017-09-20 07:32:00,0.2706,5993.23,2017-09-20 05:44:00,True,2017-09-20 04:43:00,0.2706,0.2706,True,5994.25,2017-09-20 04:25:00,0.0
NQ,2017-09-20,Wednesday,RDR,5997.0,5984.73,12.270000000000437,6000.23,5983.23,17.0,True,SHORT,2017-09-20 10:50:00,5981.75,True,False,,0.0,4.4197,4.4197,5930.5,2017-09-20 14:36:00,0.0,5984.23,2017-09-20 12:43:00,True,2017-09-20 10:55:00,0.0,0.0,False,,,
NQ,2017-09-21,Thursday,ADR,5979.5,5973.48,6.020000000000437,5980.0,5973.23,6.770000000000437,True,SHORT,2017-09-20 20:55:00,5968.73,True,False,,0.0,0.9136,0.9136,5967.98,2017-09-20 21:25:00,0.0,5972.98,2017-09-20 21:12:00,True,2017-09-20 21:00:00,0.0,0.0,False,,,
NQ,2017-09-21,Thursday,ODR,5968.5,5965.73,2.7700000000004366,5968.98,5963.73,5.25,True,LONG,2017-09-21 04:10:00,5969.23,True,True,True,3.1588,0.0,3.1588,5977.25,2017-09-21 06:56:00,0.278,5967.73,2017-09-21 04:33:00,True,2017-09-21 04:17:00,0.278,0.278,True,5968.23,2017-09-21 04:18:00,0.0975
NQ,2017-09-21,Thursday,RDR,5972.73,5921.23,51.5,5972.98,5920.98,52.0,True,SHORT,2017-09-21 10:40:00,5920.48,True,True,False,0.0,0.0437,0.0437,5918.98,2017-09-21 10:45:00,0.8447,5964.73,2017-09-21 13:19:00,False,,0.0631,,True,5924.48,2017-09-21 10:45:00,0.0631
NQ,2017-09-22,Friday,ADR,5943.73,5935.98,7.75,5943.75,5933.98,9.770000000000437,True,SHORT,2017-09-21 20:35:00,5933.0,True,False,,0.0,3.1935,3.1935,5911.23,2017-09-21 22:32:00,0.0,5933.23,2017-09-21 20:40:00,True,2017-09-21 20:40:00,0.0,0.0,False,,,
NQ,2017-09-22,Friday,ODR,5929.48,5925.23,4.25,5929.98,5924.98,5.0,True,LONG,2017-09-22 04:40:00,5931.73,False,True,False,1.6518,0.7647,1.6518,5936.5,2017-09-22 06:36:00,1.7647,5921.98,2017-09-22 08:11:00,True,2017-09-22 05:49:00,0.9412,1.7647,True,5929.48,2017-09-22 04:48:00,0.0
NQ,2017-09-22,Friday,RDR,5940.73,5920.98,19.75,5942.98,5917.73,25.25,False,,,,,,,0.0,0.2785,,,,,,,False,,,,False,,,
NQ,2017-09-25,Monday,ADR,5953.98,5939.25,14.729999999999563,5953.98,5938.75,15.229999999999563,True,SHORT,2017-09-24 22:10:00,5937.0,True,True,True,0.0,0.6293,0.6293,5929.98,2017-09-24 23:28:00,0.1005,5940.73,2017-09-24 22:29:00,True,2017-09-24 23:09:00,0.1005,0.0,True,5939.73,2017-09-24 22:26:00,0.0326
NQ,2017-09-25,Monday,ODR,5931.25,5921.75,9.5,5931.73,5921.0,10.729999999999563,True,LONG,2017-09-25 06:05:00,5932.23,True,True,False,0.2611,0.0,0.2611,5933.73,2017-09-25 07:05:00,0.8968,5922.73,2017-09-25 08:29:00,False,,0.2916,,True,5930.98,2017-09-25 06:15:00,0.0284
NQ,2017-09-25,Monday,RDR,5911.1,5889.23,21.8700000000008,5913.98,5886.5,27.479999999999563,True,SHORT,2017-09-25 10:30:00,5883.48,True,False,,0.0,2.1605,2.1605,5841.98,2017-09-25 14:36:00,0.0,5883.48,2017-09-25 10:35:00,True,2017-09-25 10:36:00,0.0,0.0,False,,,
NQ,2017-09-26,Tuesday,ADR,5874.73,5867.98,6.75,5875.48,5867.73,7.75,True,SHORT,2017-09-25 20:35:00,5865.73,False,True,False,1.1141,0.8148,0.8148,5862.48,2017-09-25 20:42:00,2.1141,5882.25,2017-09-25 22:27:00,True,2017-09-25 20:40:00,0.0,2.1141,True,5868.23,2017-09-25 20:54:00,0.037
NQ,2017-09-26,Tuesday,ODR,5875.0,5871.75,3.25,5875.48,5871.23,4.25,True,LONG,2017-09-26 04:15:00,5875.73,True,True,True,4.5323,0.0,4.5323,5889.73,2017-09-26 07:45:00,0.0769,5874.75,2017-09-26 04:28:00,True,2017-09-26 04:43:00,0.0769,0.0,True,5875.0,2017-09-26 04:25:00,0.0
NQ,2017-09-26,Tuesday,RDR,5908.5,5898.73,9.770000000000437,5912.23,5895.48,16.75,True,SHORT,2017-09-26 10:30:00,5892.23,True,True,True,0.0,3.3398,3.3398,5866.1,2017-09-26 11:28:00,0.9468,5907.98,2017-09-26 13:36:00,True,2017-09-26 10:35:00,0.0,0.9468,True,5900.98,2017-09-26 13:13:00,0.2303
NQ,2017-09-27,Wednesday,ADR,5891.85,5890.1,1.75,5893.98,5888.23,5.75,True,SHORT,2017-09-26 20:50:00,5886.5,False,True,False,4.9429,2.0686,2.0686,5886.48,2017-09-26 20:55:00,5.9429,5900.5,2017-09-27 01:56:00,True,2017-09-26 20:55:00,0.0,5.9429,True,5890.48,2017-09-26 21:33:00,0.2171
NQ,2017-09-27,Wednesday,ODR,5909.5,5900.98,8.520000000000437,5913.6,5900.48,13.1200000000008,True,SHORT,2017-09-27 05:45:00,5900.0,False,True,False,0.3791,0.2207,0.2207,5899.1,2017-09-27 06:00:00,1.3791,5912.73,2017-09-27 08:15:00,False,,0.0023,,True,5900.98,2017-09-27 05:50:00,0.0
NQ,2017-09-27,Wednesday,RDR,5932.35,5914.85,17.5,5936.48,5913.48,23.0,True,SHORT,2017-09-27 10:30:00,5912.48,False,True,False,1.7217,0.6783,0.6783,5902.98,2017-09-27 10:55:00,2.7217,5962.48,2017-09-27 15:35:00,True,2017-09-27 10:40:00,0.3217,2.7217,True,5916.23,2017-09-27 10:42:00,0.0789
NQ,2017-09-28,Thursday,ADR,5939.23,5936.23,3.0,5939.23,5935.23,4.0,True,LONG,2017-09-27 20:50:00,5939.48,True,True,True,3.0,0.25,3.0,5948.23,2017-09-28 01:58:00,1.0833,5935.98,2017-09-27 21:45:00,True,2017-09-27 22:59:00,1.0833,0.0,True,5938.98,2017-09-27 20:55:00,0.0833
NQ,2017-09-28,Thursday,ODR,5943.73,5934.75,8.979999999999563,5944.48,5934.23,10.25,True,SHORT,2017-09-28 07:05:00,5934.0,True,True,True,0.0,2.0067,2.0067,5916.73,2017-09-28 08:22:00,0.2483,5936.98,2017-09-28 07:18:00,True,2017-09-28 07:48:00,0.2483,0.0,True,5934.98,2017-09-28 07:12:00,0.0256
NQ,2017-09-28,Thursday,RDR,5936.25,5915.1,21.149999999999636,5938.5,5911.48,27.020000000000437,True,LONG,2017-09-28 10:40:00,5940.98,True,True,True,0.3182,0.0,0.3182,5942.98,2017-09-28 10:45:00,0.6747,5921.98,2017-09-28 12:02:00,False,,0.0,,True,5936.23,2017-09-28 10:46:00,0.0009
NQ,2017-09-29,Friday,ADR,5935.73,5933.98,1.75,5936.25,5933.73,2.5200000000004366,True,LONG,2017-09-28 20:50:00,5937.48,True,False,,4.1429,0.0,4.1429,5942.98,2017-09-29 00:33:00,0.0,5936.48,2017-09-28 21:05:00,True,2017-09-28 20:55:00,0.0,0.0,False,,,
NQ,2017-09-29,Friday,ODR,5941.98,5938.48,3.5,5942.48,5938.48,4.0,True,LONG,2017-09-29 04:35:00,5942.73,True,True,True,1.8571,0.0,1.8571,5948.48,2017-09-29 07:00:00,0.2857,5940.98,2017-09-29 04:57:00,True,2017-09-29 04:41:00,0.2857,0.2857,True,5941.75,2017-09-29 04:50:00,0.0657
NQ,2017-09-29,Friday,RDR,5953.85,5936.5,17.350000000000364,5956.85,5933.23,23.6200000000008,True,LONG,2017-09-29 10:35:00,5959.23,True,True,True,1.7654,0.0,1.7654,5984.48,2017-09-29 13:01:00,0.0357,5953.23,2017-09-29 10:50:00,True,2017-09-29 11:16:00,0.0357,0.0,True,5953.73,2017-09-29 10:48:00,0.0069
NQ,2017-10-02,Monday,ADR,5994.5,5990.23,4.270000000000437,5994.73,5989.0,5.729999999999563,True,SHORT,2017-10-01 22:30:00,5988.98,True,True,False,0.0,0.5222,0.4684,5988.23,2017-10-01 22:49:00,0.5855,5992.73,2017-10-01 23:44:00,False,,0.0,,True,5990.23,2017-10-01 22:57:00,0.0
NQ,2017-10-02,Monday,ODR,5990.48,5986.48,4.0,5990.73,5986.48,4.25,True,SHORT,2017-10-02 04:05:00,5986.23,False,True,False,2.0625,0.6575,0.6575,5983.85,2017-10-02 04:49:00,3.0625,5998.73,2017-10-02 07:48:00,True,2017-10-02 04:47:00,0.625,3.0625,True,5986.48,2017-10-02 04:10:00,0.0
NQ,2017-10-02,Monday,RDR,6008.23,5989.6,18.6299999999992,6009.48,5988.98,20.5,True,SHORT,2017-10-02 11:40:00,5980.5,True,False,,0.0,1.6838,1.6838,5958.23,2017-10-02 12:01:00,0.0,5988.73,2017-10-02 14:31:00,True,2017-10-02 11:45:00,0.0,0.0,False,,,
NQ,2017-10-03,Tuesday,ADR,5982.48,5979.75,2.7299999999995634,5982.48,5978.5,3.9799999999995634,True,LONG,2017-10-02 21:15:00,5983.48,True,False,,4.7619,0.2821,4.7619,5995.48,2017-10-03 00:11:00,0.0,5982.73,2017-10-02 21:22:00,True,2017-10-02 21:25:00,0.0,0.0,False,,,
NQ,2017-10-03,Tuesday,ODR,5992.98,5988.98,4.0,5993.48,5987.48,6.0,True,SHORT,2017-10-03 04:40:00,5986.73,True,True,False,0.0,1.625,1.625,5982.48,2017-10-03 07:30:00,0.7175,5991.85,2017-10-03 08:08:00,True,2017-10-03 04:45:00,0.125,0.7175,True,5989.23,2017-10-03 04:49:00,0.0625
NQ,2017-10-03,Tuesday,RDR,6004.1,5982.98,21.1200000000008,6004.48,5979.48,25.0,False,,,,,,,0.0,0.0,,,,,,,False,,,,False,,,
NQ,2017-10-04,Wednesday,ADR,5994.73,5992.98,1.75,5995.25,5991.48,3.7700000000004366,True,LONG,2017-10-03 22:35:00,5995.35,True,True,True,1.4286,0.5714,1.4286,5997.23,2017-10-03 23:38:00,0.56,5993.75,2017-10-04 01:27:00,True,2017-10-03 22:40:00,0.0,0.56,True,5994.73,2017-10-03 23:17:00,0.0
NQ,2017-10-04,Wednesday,ODR,5996.98,5993.5,3.4799999999995634,5996.98,5993.48,3.5,True,SHORT,2017-10-04 05:05:00,5993.25,True,True,True,0.0,2.7356,2.7356,5983.98,2017-10-04 08:24:00,0.2816,5994.48,2017-10-04 05:12:00,True,2017-10-04 05:20:00,0.2816,0.0,True,5993.73,2017-10-04 05:10:00,0.0661
NQ,2017-10-04,Wednesday,RDR,5994.23,5983.23,11.0,5996.23,5979.48,16.75,True,LONG,2017-10-04 11:25:00,6002.48,True,True,True,1.9091,0.2273,1.9091,6015.23,2017-10-04 12:17:00,0.7845,5985.6,2017-10-04 13:36:00,True,2017-10-04 11:30:00,0.0,0.7845,True,5985.6,2017-10-04 13:36:00,0.7845
NQ,2017-10-05,Thursday,ADR,6004.73,6003.48,1.25,6005.0,6003.23,1.7700000000004366,True,SHORT,2017-10-04 20:30:00,6002.48,False,True,True,2.0,2.2,2.2,6000.73,2017-10-04 20:54:00,3.0,6007.23,2017-10-04 22:54:00,True,2017-10-04 20:35:00,0.0,3.0,True,6003.5,2017-10-04 21:50:00,0.016
NQ,2017-10-05,Thursday,ODR,6006.5,6002.73,3.7700000000004366,6007.48,6002.48,5.0,True,LONG,2017-10-05 04:35:00,6007.5,True,True,True,5.8966,0.0,5.8966,6028.73,2017-10-05 08:28:00,0.4695,6004.73,2017-10-05 05:06:00,True,2017-10-05 07:07:00,0.4695,0.0,True,6006.25,2017-10-05 04:45:00,0.0663
NQ,2017-10-05,Thursday,RDR,6036.73,6021.75,14.979999999999563,6039.98,6019.75,20.229999999999563,True,SHORT,2017-10-05 11:05:00,6018.73,False,True,False,1.8525,0.285,0.2183,6018.48,2017-10-05 11:16:00,2.8525,6064.48,2017-10-05 15:04:00,False,,0.0,,True,6021.75,2017-10-05 11:12:00,0.0
NQ,2017-10-06,Friday,ADR,6065.25,6062.48,2.7700000000004366,6065.5,6062.23,3.2700000000004366,True,LONG,2017-10-05 22:00:00,6067.48,True,True,True,1.2563,0.0,1.2563,6068.73,2017-10-05 22:12:00,0.1877,6064.73,2017-10-05 23:23:00,True,2017-10-05 22:05:00,0.0,0.1877,True,6065.23,2017-10-05 23:21:00,0.0072
NQ,2017-10-06,Friday,ODR,6067.6,6065.23,2.3700000000008004,6067.98,6064.73,3.25,True,SHORT,2017-10-06 04:05:00,6062.98,False,True,True,1.5316,1.4768,1.4768,6061.73,2017-10-06 08:22:00,2.5316,6071.23,2017-10-06 06:29:00,True,2017-10-06 04:10:00,2.5316,2.5316,True,6065.48,2017-10-06 04:18:00,0.1055
NQ,2017-10-06,Friday,RDR,6061.73,6040.98,20.75,6063.23,6040.48,22.75,True,LONG,2017-10-06 12:30:00,6065.23,True,True,True,0.3373,0.0,0.3373,6068.73,2017-10-06 15:56:00,0.241,6056.73,2017-10-06 15:26:00,False,,0.241,,True,6061.23,2017-10-06 13:02:00,0.0241
NQ,2017-10-09,Monday,ADR,6071.23,6067.23,4.0,6072.98,6067.23,5.75,True,LONG,2017-10-08 20:45:00,6073.48,True,False,,1.75,0.0,1.75,6078.23,2017-10-08 22:04:00,0.0,6071.98,2017-10-08 20:53:00,True,2017-10-08 20:50:00,0.0,0.0,False,,,
NQ,2017-10-09,Monday,ODR,6076.48,6071.35,5.1299999999992,6077.48,6070.98,6.5,True,LONG,2017-10-09 07:25:00,6078.98,True,False,,1.1209,0.0234,1.1209,6082.23,2017-10-09 08:16:00,0.0,6076.73,2017-10-09 07:39:00,True,2017-10-09 07:33:00,0.0,0.0,False,,,
NQ,2017-10-09,Monday,RDR,6081.0,6072.23,8.770000000000437,6083.48,6068.23,15.25,True,SHORT,2017-10-09 10:45:00,6067.48,True,True,True,0.0,1.9954,1.9954,6054.73,2017-10-09 15:48:00,0.5986,6077.48,2017-10-09 11:48:00,True,2017-10-09 10:50:00,0.5986,0.5986,True,6072.73,2017-10-09 11:00:00,0.057
NQ,2017-10-10,Tuesday,ADR,6067.5,6063.23,4.270000000000437,6068.98,6062.23,6.75,True,LONG,2017-10-09 20:35:00,6069.73,True,True,True,1.1077,0.0,1.1077,6072.23,2017-10-09 21:09:00,0.356,6065.98,2017-10-09 22:44:00,True,2017-10-09 20:40:00,0.0,0.356,True,6067.48,2017-10-09 21:33:00,0.0047
NQ,2017-10-10,Tuesday,ODR,6074.25,6071.73,2.5200000000004366,6075.23,6071.25,3.9799999999995634,True,SHORT,2017-10-10 04:10:00,6070.73,False,True,False,1.7778,1.5873,1.5873,6067.73,2017-10-10 04:31:00,2.7778,6078.73,2017-10-10 08:29:00,True,2017-10-10 04:16:00,0.0,2.7778,True,6071.98,2017-10-10 04:58:00,0.0992
NQ,2017-10-10,Tuesday,RDR,6084.73,6056.5,28.229999999999563,6088.23,6050.23,38.0,True,SHORT,2017-10-10 12:00:00,6048.23,True,True,False,0.0,0.6111,0.6111,6039.25,2017-10-10 12:21:00,0.3578,6066.6,2017-10-10 15:59:00,True,2017-10-10 12:08:00,0.0,0.3578,True,6057.73,2017-10-10 12:43:00,0.0436
NQ,2017-10-11,Wednesday,ADR,6067.48,6064.98,2.5,6067.48,6064.98,2.5,True,LONG,2017-10-10 21:20:00,6068.73,True,True,False,1.9,0.1,1.9,6072.23,2017-10-10 22:12:00,0.7,6065.73,2017-10-11 01:51:00,True,2017-10-10 21:25:00,0.0,0.7,True,6067.48,2017-10-10 21:37:00,0.0
NQ,2017-10-11,Wednesday,ODR,6066.23,6056.98,9.25,6066.23,6056.0,10.229999999999563,True,SHORT,2017-10-11 07:40:00,6055.73,True,True,False,0.0,0.4054,0.4054,6053.23,2017-10-11 07:54:00,0.2454,6059.25,2017-10-11 08:29:00,False,,0.027,,True,6057.23,2017-10-11 07:49:00,0.027
NQ,2017-10-11,Wednesday,RDR,6071.85,6056.5,15.350000000000364,6074.73,6055.85,18.8799999999992,True,LONG,2017-10-11 14:15:00,6077.73,True,True,True,0.9205,0.0,0.9205,6085.98,2017-10-11 15:58:00,0.2033,6068.73,2017-10-11 14:23:00,True,2017-10-11 15:09:00,0.2033,0.0,True,6070.73,2017-10-11 14:22:00,0.073
NQ,2017-10-12,Thursday,ADR,6082.25,6079.73,2.5200000000004366,6082.5,6078.98,3.5200000000004366,True,SHORT,2017-10-11 21:00:00,6078.48,False,True,False,0.5873,0.6944,0.6944,6077.98,2017-10-11 21:05:00,1.5873,6083.73,2017-10-11 23:44:00,True,2017-10-11 21:05:00,0.0,1.5873,True,6079.73,2017-10-11 21:08:00,0.0
NQ,2017-10-12,Thursday,ODR,6083.25,6079.25,4.0,6083.73,6079.23,4.5,True,SHORT,2017-10-12 04:45:00,6077.48,True,True,True,0.0,1.4425,1.4425,6073.48,2017-10-12 07:39:00,0.9325,6082.98,2017-10-12 05:52:00,True,2017-10-12 04:50:00,0.9325,0.9325,True,6079.25,2017-10-12 05:18:00,0.0
NQ,2017-10-12,Thursday,RDR,6084.98,6071.25,13.729999999999563,6086.48,6068.48,18.0,True,LONG,2017-10-12 11:10:00,6087.73,False,True,False,0.8558,0.3656,0.8558,6096.73,2017-10-12 12:08:00,1.3656,6066.23,2017-10-12 15:53:00,True,2017-10-12 12:03:00,0.091,1.3656,True,6084.73,2017-10-12 11:18:00,0.0182
NQ,2017-10-13,Friday,ADR,6072.48,6068.75,3.7299999999995634,6072.48,6068.48,4.0,True,LONG,2017-10-12 21:00:00,6072.73,True,True,True,2.3458,0.0054,2.3458,6081.23,2017-10-13 01:00:00,0.0,6072.48,2017-10-12 21:27:00,True,2017-10-12 21:34:00,0.0,0.0,True,6072.48,2017-10-12 21:27:00,0.0
NQ,2017-10-13,Friday,ODR,6077.25,6073.25,4.0,6077.98,6072.98,5.0,True,SHORT,2017-10-13 04:15:00,6072.73,False,True,False,2.6825,0.255,0.255,6072.23,2017-10-13 04:21:00,3.6825,6087.98,2017-10-13 08:12:00,False,,0.0,,True,6073.48,2017-10-13 04:25:00,0.0575
NQ,2017-10-13,Friday,RDR,6101.48,6091.98,9.5,6101.6,6089.98,11.6200000000008,True,LONG,2017-10-13 13:10:00,6101.73,True,True,False,0.2368,0.0,0.2368,6103.73,2017-10-13 13:16:00,0.9474,6092.48,2017-10-13 15:58:00,False,,0.0,,True,6101.48,2017-10-13 13:15:00,0.0
NQ,2017-10-16,Monday,ADR,6106.48,6104.48,2.0,6106.48,6103.98,2.5,True,LONG,2017-10-15 20:35:00,6107.48,True,False,,4.125,0.0,4.125,6114.73,2017-10-15 22:34:00,0.0,6106.98,2017-10-15 21:44:00,True,2017-10-15 20:40:00,0.0,0.0,False,,,
NQ,2017-10-16,Monday,ODR,6107.98,6103.48,4.5,6108.48,6102.98,5.5,True,LONG,2017-10-16 04:00:00,6109.25,True,True,True,0.7222,0.0,0.7222,6111.23,2017-10-16 08:18:00,1.0,6103.48,2017-10-16 07:25:00,True,2017-10-16 08:17:00,1.0,0.0,True,6107.73,2017-10-16 04:09:00,0.0556
NQ,2017-10-16,Monday,RDR,6117.48,6106.6,10.8799999999992,6117.98,6103.48,14.5,True,SHORT,2017-10-16 12:15:00,6100.98,True,True,False,0.0,0.8042,0.8042,6097.85,2017-10-16 12:20:00,0.9651,6117.1,2017-10-16 15:59:00,True,2017-10-16 12:20:00,0.0,0.9651,True,6106.6,2017-10-16 12:40:00,0.0
NQ,2017-10-17,Tuesday,ADR,6124.23,6121.23,3.0,6124.23,6121.23,3.0,True,SHORT,2017-10-16 21:30:00,6120.73,True,True,True,0.1667,1.4167,1.4167,6116.98,2017-10-16 21:58:00,0.3333,6122.23,2017-10-17 00:30:00,True,2017-10-16 21:48:00,0.09,0.3333,True,6121.25,2017-10-16 21:40:00,0.0067
NQ,2017-10-17,Tuesday,ODR,6120.73,6115.98,4.75,6121.1,6115.98,5.1200000000008,True,SHORT,2017-10-17 04:15:00,6115.73,True,True,True,0.0,0.2632,0.2632,6114.73,2017-10-17 08:23:00,0.9474,6120.48,2017-10-17 08:02:00,False,,0.9474,,True,6115.98,2017-10-17 04:27:00,0.0
NQ,2017-10-17,Tuesday,RDR,6116.23,6106.48,9.75,6116.98,6105.98,11.0,True,LONG,2017-10-17 11:05:00,6117.73,True,True,True,0.9097,0.1538,0.9097,6125.1,2017-10-17 15:56:00,0.5385,6110.98,2017-10-17 11:53:00,True,2017-10-17 15:30:00,0.5385,0.0,True,6115.98,2017-10-17 11:32:00,0.0256
NQ,2017-10-18,Wednesday,ADR,6128.48,6124.23,4.25,6128.73,6123.98,4.75,False,,,,,,,0.0,0.0,,,,,,,False,,,,False,,,
NQ,2017-10-18,Wednesday,ODR,6125.23,6123.23,2.0,6125.48,6123.23,2.25,True,LONG,2017-10-18 05:45:00,6128.48,True,True,True,3.0,0.115,3.0,6131.23,2017-10-18 05:57:00,0.19,6124.85,2017-10-18 06:18:00,True,2017-10-18 05:50:00,0.0,0.19,True,6124.85,2017-10-18 06:18:00,0.19
NQ,2017-10-18,Wednesday,RDR,6130.35,6111.75,18.600000000000364,6130.6,6107.98,22.6200000000008,False,,,,,,,0.0,0.0,,,,,,,False,,,,False,,,
NQ,2017-10-19,Thursday,ADR,6118.75,6115.0,3.75,6118.98,6114.98,4.0,True,SHORT,2017-10-19 00:00:00,6114.73,True,True,False,0.0,0.7387,0.7387,6112.23,2017-10-19 00:16:00,0.5947,6117.23,2017-10-19 00:59:00,True,2017-10-19 00:16:00,0.128,0.5947,True,6115.0,2017-10-19 00:06:00,0.0
NQ,2017-10-19,Thursday,ODR,6111.0,6069.0,42.0,6111.23,6062.48,48.75,False,,,,,,,0.0,0.3333,,,,,,,False,,,,False,,,
NQ,2017-10-19,Thursday,RDR,6081.98,6056.48,25.5,6090.75,6051.23,39.52000000000044,True,LONG,2017-10-19 15:55:00,6093.35,True,,,0.4459,0.0,,,,,,,False,,,,False,,,
NQ,2017-10-20,Friday,ADR,6095.48,6092.48,3.0,6095.48,6091.98,3.5,True,SHORT,2017-10-19 21:05:00,6090.98,False,True,False,11.3333,0.6667,0.5767,6090.75,2017-10-19 21:10:00,12.3333,6129.48,2017-10-19 22:06:00,True,2017-10-19 21:10:00,0.0,12.3333,True,6092.73,2017-10-19 21:15:00,0.0833
NQ,2017-10-20,Friday,ODR,6118.48,6114.23,4.25,6118.85,6112.98,5.8700000000008,True,SHORT,2017-10-20 04:10:00,6110.48,True,True,True,0.0,2.6424,2.6424,6103.0,2017-10-20 04:44:00,0.0588,6114.48,2017-10-20 07:48:00,True,2017-10-20 04:15:00,0.0,0.0588,True,6114.23,2017-10-20 07:44:00,0.0
NQ,2017-10-20,Friday,RDR,6121.75,6113.23,8.520000000000437,6123.73,6111.85,11.8799999999992,True,SHORT,2017-10-20 10:40:00,6106.98,True,True,True,0.0,1.2617,1.2617,6102.48,2017-10-20 15:58:00,0.8803,6120.73,2017-10-20 13:43:00,True,2017-10-20 10:45:00,0.8803,0.8803,True,6113.23,2017-10-20 11:40:00,0.0
NQ,2017-10-23,Monday,ADR,6122.5,6115.0,7.5,6123.98,6114.5,9.479999999999563,True,SHORT,2017-10-22 20:30:00,6113.5,True,True,True,0.0,1.0693,1.0693,6106.98,2017-10-22 22:33:00,0.4307,6118.23,2017-10-22 20:50:00,True,2017-10-22 21:55:00,0.4307,0.0,True,6116.48,2017-10-22 20:39:00,0.1973
NQ,2017-10-23,Monday,ODR,6112.1,6105.98,6.1200000000008,6112.98,6104.98,8.0,True,LONG,2017-10-23 04:35:00,6114.98,True,False,,1.7778,0.0,1.7778,6122.98,2017-10-23 05:49:00,0.0,6112.48,2017-10-23 05:07:00,True,2017-10-23 04:40:00,0.0,0.0,False,,,
NQ,2017-10-23,Monday,RDR,6121.35,6094.0,27.350000000000364,6121.75,6090.98,30.770000000000437,True,SHORT,2017-10-23 10:45:00,6089.48,True,True,True,0.0,1.2165,1.2165,6060.73,2017-10-23 15:52:00,0.3923,6104.73,2017-10-23 13:00:00,True,2017-10-23 15:10:00,0.3923,0.0,True,6095.73,2017-10-23 11:00:00,0.0633
NQ,2017-10-24,Tuesday,ADR,6071.35,6068.5,2.850000000000364,6071.5,6068.23,3.2700000000004366,True,LONG,2017-10-23 20:30:00,6072.0,True,True,True,2.1509,0.0,2.1509,6077.48,2017-10-23 22:11:00,0.9193,6068.73,2017-10-23 21:17:00,True,2017-10-23 20:47:00,0.9193,0.9193,True,6071.23,2017-10-23 20:40:00,0.0421
NQ,2017-10-24,Tuesday,ODR,6073.98,6067.98,6.0,6074.48,6067.23,7.25,True,SHORT,2017-10-24 04:20:00,6066.73,False,True,False,0.2117,0.75,0.75,6063.48,2017-10-24 04:41:00,1.2117,6075.25,2017-10-24 08:29:00,True,2017-10-24 04:40:00,0.045,1.2117,True,6067.98,2017-10-24 04:32:00,0.0
NQ,2017-10-24,Tuesday,RDR,6078.98,6060.98,18.0,6081.1,6056.98,24.1200000000008,True,LONG,2017-10-24 11:00:00,6085.48,True,True,True,0.7361,0.0,0.7361,6092.23,2017-10-24 13:42:00,0.3194,6073.23,2017-10-24 15:50:00,True,2017-10-24 11:46:00,0.0,0.3194,True,6078.98,2017-10-24 13:10:00,0.0
NQ,2017-10-25,Wednesday,ADR,6075.75,6072.98,2.7700000000004366,6076.25,6072.48,3.7700000000004366,True,SHORT,2017-10-24 20:35:00,6072.0,False,True,True,0.9856,4.4224,4.4224,6060.73,2017-10-25 01:37:00,1.9856,6078.48,2017-10-24 23:38:00,True,2017-10-24 20:41:00,1.9856,1.9856,True,6073.48,2017-10-24 20:47:00,0.1805
NQ,2017-10-25,Wednesday,ODR,6072.23,6066.98,5.25,6072.85,6065.23,7.6200000000008,True,SHORT,2017-10-25 05:10:00,6062.98,False,True,False,0.5714,0.7619,0.7619,6062.98,2017-10-25 05:19:00,1.5714,6075.23,2017-10-25 07:07:00,True,2017-10-25 05:15:00,0.0,1.5714,True,6068.48,2017-10-25 05:37:00,0.2857
NQ,2017-10-25,Wednesday,RDR,6084.0,6064.23,19.770000000000437,6087.23,6061.25,25.979999999999563,True,SHORT,2017-10-25 10:40:00,6060.98,True,True,True,0.0,2.6808,2.6808,6011.23,2017-10-25 12:30:00,0.0946,6066.1,2017-10-25 10:54:00,True,2017-10-25 11:02:00,0.0946,0.0,True,6064.23,2017-10-25 10:51:00,0.0
NQ,2017-10-26,Thursday,ADR,6065.23,6058.0,7.229999999999563,6066.48,6057.98,8.5,True,LONG,2017-10-25 22:45:00,6066.5,True,True,False,0.3278,0.0,0.3278,6067.6,2017-10-25 23:00:00,0.7607,6059.73,2017-10-26 01:35:00,False,,0.0,,True,6064.75,2017-10-25 23:22:00,0.0664
NQ,2017-10-26,Thursday,ODR,6066.25,6058.98,7.270000000000437,6066.73,6058.48,8.25,True,LONG,2017-10-26 06:20:00,6067.48,True,True,False,1.3067,0.0,1.3067,6075.75,2017-10-26 07:27:00,0.8281,6060.23,2017-10-26 08:04:00,True,2017-10-26 06:55:00,0.0371,0.8281,True,6066.25,2017-10-26 06:31:00,0.0
NQ,2017-10-26,Thursday,RDR,6059.98,6036.25,23.729999999999563,6062.73,6035.0,27.729999999999563,True,LONG,2017-10-26 10:50:00,6062.98,True,True,False,0.295,0.0,0.295,6066.98,2017-10-26 11:00:00,0.9271,6037.98,2017-10-26 15:59:00,False,,0.0,,True,6058.35,2017-10-26 11:02:00,0.0687
NQ,2017-10-27,Friday,ADR,6090.23,6083.23,7.0,6090.23,6082.48,7.75,True,SHORT,2017-10-26 20:35:00,6081.25,False,True,False,1.8929,0.6043,0.6043,6079.0,2017-10-26 20:45:00,2.8929,6103.48,2017-10-26 23:37:00,True,2017-10-26 20:45:00,0.0,2.8929,True,6084.0,2017-10-26 20:52:00,0.11
NQ,2017-10-27,Friday,ODR,6110.35,6096.48,13.8700000000008,6112.23,6093.75,18.479999999999563,True,LONG,2017-10-27 05:35:00,6114.23,True,False,,1.4348,0.0,1.4348,6130.25,2017-10-27 08:26:00,0.0,6112.73,2017-10-27 05:47:00,True,2017-10-27 06:08:00,0.0,0.0,False,,,
NQ,2017-10-27,Friday,RDR,6176.85,6129.23,47.6200000000008,6180.48,6128.23,52.25,True,LONG,2017-10-27 11:25:00,6184.98,True,False,,1.0002,0.0,1.0002,6224.48,2017-10-27 15:50:00,0.0,6185.23,2017-10-27 11:30:00,True,2017-10-27 11:51:00,0.0,0.0,False,,,
NQ,2017-10-30,Monday,ADR,6220.48,6206.98,13.5,6220.73,6204.0,16.729999999999563,True,LONG,2017-10-29 21:00:00,6221.25,True,True,False,0.1496,0.1281,0.1496,6222.5,2017-10-29 21:09:00,1.1281,6205.25,2017-10-29 22:06:00,False,,0.0,,True,6219.98,2017-10-29 21:12:00,0.037
NQ,2017-10-30,Monday,ODR,6219.23,6214.48,4.75,6220.25,6212.73,7.520000000000437,True,SHORT,2017-10-30 06:35:00,6212.48,True,True,True,0.0042,1.0526,1.0526,6209.48,2017-10-30 06:58:00,0.2632,6215.73,2017-10-30 08:09:00,True,2017-10-30 06:40:00,0.0,0.2632,True,6214.73,2017-10-30 07:45:00,0.0526
NQ,2017-10-30,Monday,RDR,6248.73,6206.6,42.1299999999992,6249.98,6206.23,43.75,True,SHORT,2017-10-30 12:15:00,6203.23,True,True,False,0.0593,0.1037,0.1037,6202.23,2017-10-30 12:21:00,0.6084,6232.23,2017-10-30 15:55:00,False,,0.0,,True,6208.23,2017-10-30 12:24:00,0.0387
NQ,2017-10-31,Tuesday,ADR,6223.73,6221.0,2.7299999999995634,6223.98,6220.48,3.5,True,LONG,2017-10-30 20:40:00,6226.25,True,False,,4.1209,0.2821,4.1209,6234.98,2017-10-31 00:51:00,0.0,6224.23,2017-10-30 21:28:00,True,2017-10-30 20:45:00,0.0,0.0,False,,,
NQ,2017-10-31,Tuesday,ODR,6236.25,6231.98,4.270000000000437,6236.48,6231.98,4.5,True,LONG,2017-10-31 04:25:00,6238.48,True,False,,3.0398,0.0,3.0398,6249.23,2017-10-31 08:27:00,0.0,6236.73,2017-10-31 07:10:00,True,2017-10-31 04:30:00,0.0,0.0,False,,,
NQ,2017-10-31,Tuesday,RDR,6245.23,6231.1,14.1299999999992,6248.73,6228.48,20.25,True,LONG,2017-10-31 11:55:00,6249.23,True,True,True,0.92,0.0,0.92,6258.23,2017-10-31 14:17:00,0.4246,6239.23,2017-10-31 12:22:00,True,2017-10-31 14:02:00,0.4246,0.1592,True,6244.73,2017-10-31 12:06:00,0.0354
NQ,2017-11-01,Wednesday,ADR,6255.23,6252.35,2.8799999999991996,6256.23,6251.98,4.25,True,LONG,2017-10-31 20:50:00,6256.48,True,False,,5.2951,0.0,5.2951,6270.48,2017-11-01 01:51:00,0.0,6256.5,2017-10-31 20:55:00,True,2017-10-31 20:55:00,0.0,0.0,False,,,
NQ,2017-11-01,Wednesday,ODR,6278.23,6269.25,8.979999999999563,6279.48,6269.0,10.479999999999563,True,LONG,2017-11-01 05:55:00,6281.98,True,True,False,0.6682,0.0,0.6682,6284.23,2017-11-01 06:02:00,0.4454,6274.23,2017-11-01 07:02:00,True,2017-11-01 06:02:00,0.0,0.4454,True,6276.23,2017-11-01 06:40:00,0.2227
NQ,2017-11-01,Wednesday,RDR,6276.0,6253.73,22.270000000000437,6276.98,6251.35,25.6299999999992,True,SHORT,2017-11-01 10:35:00,6250.23,True,True,True,0.0,1.3583,1.3583,6223.48,2017-11-01 13:19:00,0.3714,6262.0,2017-11-01 11:18:00,True,2017-11-01 11:57:00,0.3714,0.0952,True,6254.48,2017-11-01 10:41:00,0.0337
NQ,2017-11-02,Thursday,ADR,6233.73,6208.25,25.479999999999563,6233.98,6206.5,27.479999999999563,True,SHORT,2017-11-01 20:35:00,6204.23,True,True,False,0.0,0.2951,0.2951,6200.73,2017-11-01 20:41:00,0.7449,6227.23,2017-11-02 01:04:00,False,,0.0,,True,6208.98,2017-11-01 20:44:00,0.0286
NQ,2017-11-02,Thursday,ODR,6227.25,6224.0,3.25,6227.75,6223.23,4.520000000000437,True,LONG,2017-11-02 04:00:00,6229.23,True,False,,4.84,0.0,4.84,6242.98,2017-11-02 08:25:00,0.0,6227.48,2017-11-02 05:09:00,True,2017-11-02 04:05:00,0.0,0.0,False,,,
NQ,2017-11-02,Thursday,RDR,6240.98,6211.23,29.75,6242.23,6207.48,34.75,True,SHORT,2017-11-02 11:30:00,6207.23,True,True,False,0.0,0.6218,0.6218,6192.73,2017-11-02 11:37:00,0.9748,6240.23,2017-11-02 15:42:00,True,2017-11-02 11:37:00,0.0,0.9748,True,6211.73,2017-11-02 11:56:00,0.0168
NQ,2017-11-03,Friday,ADR,6255.98,6253.48,2.5,6255.98,6252.23,3.75,True,SHORT,2017-11-02 21:00:00,6251.73,True,True,False,0.0,1.792,1.792,6249.0,2017-11-02 21:40:00,0.9,6255.73,2017-11-03 01:58:00,True,2017-11-02 21:05:00,0.6,0.9,True,6254.23,2017-11-02 21:05:00,0.3
NQ,2017-11-03,Friday,ODR,6257.5,6253.23,4.270000000000437,6257.98,6252.98,5.0,True,SHORT,2017-11-03 04:00:00,6250.0,False,True,False,0.6979,2.0492,2.0492,6244.48,2017-11-03 04:18:00,1.6979,6260.48,2017-11-03 07:13:00,True,2017-11-03 04:05:00,0.0,1.6979,True,6253.23,2017-11-03 04:36:00,0.0
NQ,2017-11-03,Friday,RDR,6258.23,6239.98,18.25,6263.6,6235.98,27.6200000000008,True,LONG,2017-11-03 11:55:00,6266.23,True,False,,2.0411,0.0,2.0411,6295.48,2017-11-03 14:27:00,0.0,6265.48,2017-11-03 12:01:00,True,2017-11-03 12:00:00,0.0,0.0,False,,,
NQ,2017-11-06,Monday,ADR,6296.75,6285.75,11.0,6298.73,6283.25,15.479999999999563,True,SHORT,2017-11-05 20:55:00,6281.5,True,True,False,0.0,1.6155,1.6155,6267.98,2017-11-05 21:33:00,0.1818,6287.75,2017-11-06 01:59:00,True,2017-11-05 21:00:00,0.0,0.1818,True,6287.48,2017-11-06 01:41:00,0.1573
NQ,2017-11-06,Monday,ODR,6290.48,6286.23,4.25,6290.6,6285.85,4.75,True,LONG,2017-11-06 04:15:00,6291.0,False,True,True,1.2941,0.3529,1.2941,6295.98,2017-11-06 07:15:00,1.3482,6284.75,2017-11-06 06:03:00,True,2017-11-06 06:58:00,1.3482,0.1176,True,6290.48,2017-11-06 04:20:00,0.0
NQ,2017-11-06,Monday,RDR,6311.98,6289.1,22.8799999999992,6314.23,6287.1,27.1299999999992,True,LONG,2017-11-06 15:00:00,6315.73,True,True,True,0.2295,0.0,0.2185,6316.98,2017-11-06 15:07:00,0.0437,6310.98,2017-11-06 15:42:00,False,,0.0,,True,6310.98,2017-11-06 15:42:00,0.0437
NQ,2017-11-07,Tuesday,ADR,6317.48,6311.25,6.229999999999563,6317.73,6310.98,6.75,True,LONG,2017-11-06 20:30:00,6319.23,True,True,True,2.2071,0.0,2.2071,6331.23,2017-11-07 01:50:00,0.1605,6316.48,2017-11-06 22:00:00,True,2017-11-06 20:35:00,0.1605,0.1605,True,6317.25,2017-11-06 21:54:00,0.0369
NQ,2017-11-07,Tuesday,ODR,6324.5,6315.1,9.399999999999636,6324.73,6313.25,11.479999999999563,True,SHORT,2017-11-07 04:40:00,6307.98,True,False,,0.0,1.05,1.05,6305.23,2017-11-07 07:48:00,0.0,6314.23,2017-11-07 06:00:00,True,2017-11-07 04:45:00,0.0,0.0,False,,,
NQ,2017-11-07,Tuesday,RDR,6324.85,6309.23,15.6200000000008,6326.48,6306.98,19.5,True,SHORT,2017-11-07 10:30:00,6304.73,True,True,False,0.0,0.8086,0.8086,6296.6,2017-11-07 12:11:00,0.5282,6317.48,2017-11-07 11:48:00,True,2017-11-07 11:58:00,0.5282,0.5282,True,6310.23,2017-11-07 10:36:00,0.064
NQ,2017-11-08,Wednesday,ADR,6311.75,6304.25,7.5,6311.98,6302.5,9.479999999999563,True,LONG,2017-11-07 20:30:00,6312.23,True,True,True,0.7,0.0,0.7,6317.0,2017-11-07 22:38:00,0.136,6310.73,2017-11-07 21:03:00,True,2017-11-07 22:20:00,0.136,0.136,True,6311.73,2017-11-07 20:39:00,0.0027
NQ,2017-11-08,Wednesday,ODR,6324.23,6316.98,7.25,6325.73,6316.5,9.229999999999563,True,SHORT,2017-11-08 05:20:00,6316.48,True,True,False,0.0,0.8621,0.8621,6310.73,2017-11-08 07:50:00,0.3103,6319.23,2017-11-08 05:42:00,True,2017-11-08 06:50:00,0.3103,0.2069,True,6316.98,2017-11-08 05:25:00,0.0
NQ,2017-11-08,Wednesday,RDR,6320.98,6310.73,10.25,6322.35,6307.73,14.6200000000008,True,LONG,2017-11-08 10:50:00,6322.98,True,False,,2.3776,0.0,2.3776,6345.35,2017-11-08 15:38:00,0.0,6322.23,2017-11-08 11:51:00,True,2017-11-08 11:01:00,0.0,0.0,False,,,
NQ,2017-11-09,Thursday,ADR,6347.5,6343.23,4.270000000000437,6348.48,6341.73,6.75,True,LONG,2017-11-08 20:35:00,6348.98,False,True,False,0.815,4.274,0.815,6350.98,2017-11-08 20:43:00,5.274,6324.98,2017-11-09 00:32:00,True,2017-11-08 20:43:00,0.0,5.274,True,6347.5,2017-11-08 20:45:00,0.0
NQ,2017-11-09,Thursday,ODR,6337.75,6330.25,7.5,6338.98,6328.23,10.75,True,SHORT,2017-11-09 05:30:00,6328.0,True,True,True,0.0,5.8693,5.8693,6286.23,2017-11-09 08:15:00,0.1333,6331.25,2017-11-09 05:45:00,True,2017-11-09 06:20:00,0.1333,0.0,True,6331.25,2017-11-09 05:45:00,0.1333
NQ,2017-11-09,Thursday,RDR,6310.23,6273.73,36.5,6312.98,6272.48,40.5,True,SHORT,2017-11-09 12:00:00,6271.73,True,True,False,0.0649,0.7871,0.7871,6245.0,2017-11-09 12:34:00,1.0649,6312.6,2017-11-09 15:55:00,True,2017-11-09 12:30:00,0.1301,1.0649,True,6276.23,2017-11-09 12:05:00,0.0685
NQ,2017-11-10,Friday,ADR,6314.25,6309.0,5.25,6314.75,6307.73,7.020000000000437,True,LONG,2017-11-09 20:30:00,6316.73,False,True,False,1.2343,0.5752,1.2343,6320.73,2017-11-10 00:27:00,1.5752,6305.98,2017-11-10 01:56:00,True,2017-11-09 20:35:00,1.099,1.5752,True,6314.0,2017-11-09 20:43:00,0.0476
NQ,2017-11-10,Friday,ODR,6313.5,6298.23,15.270000000000437,6314.48,6296.48,18.0,True,SHORT,2017-11-10 04:20:00,6295.98,True,True,False,0.0,1.1054,1.1054,6281.35,2017-11-10 04:59:00,0.3438,6303.48,2017-11-10 08:16:00,True,2017-11-10 04:27:00,0.0,0.3438,True,6298.73,2017-11-10 07:55:00,0.0327
NQ,2017-11-10,Friday,RDR,6304.23,6290.25,13.979999999999563,6306.23,6286.73,19.5,True,LONG,2017-11-10 12:10:00,6306.98,True,True,True,0.6795,0.4664,0.6795,6313.73,2017-11-10 15:02:00,0.6617,6294.98,2017-11-10 13:06:00,True,2017-11-10 14:13:00,0.6617,0.0,True,6303.98,2017-11-10 12:19:00,0.0179
NQ,2017-11-13,Monday,ADR,6315.0,6311.5,3.5,6315.48,6310.48,5.0,True,LONG,2017-11-12 20:30:00,6316.0,False,True,False,2.3514,0.6486,2.3514,6323.23,2017-11-13 00:03:00,1.6486,6309.23,2017-11-13 01:14:00,True,2017-11-12 20:35:00,0.2143,1.6486,True,6315.0,2017-11-12 21:06:00,0.0
NQ,2017-11-13,Monday,ODR,6318.98,6310.75,8.229999999999563,6318.98,6310.73,8.25,True,SHORT,2017-11-13 04:25:00,6309.73,True,True,True,0.0,3.0097,3.0097,6285.98,2017-11-13 08:27:00,0.2102,6312.48,2017-11-13 04:47:00,True,2017-11-13 04:40:00,0.2102,0.2102,True,6310.98,2017-11-13 04:32:00,0.0279
NQ,2017-11-13,Monday,RDR,6315.73,6285.98,29.75,6317.23,6284.98,32.25,True,LONG,2017-11-13 11:15:00,6318.23,True,True,True,0.3025,0.0,0.3025,6324.73,2017-11-13 15:25:00,0.2185,6309.23,2017-11-13 15:47:00,False,,0.1597,,True,6315.23,2017-11-13 11:23:00,0.0168
NQ,2017-11-14,Tuesday,ADR,6315.48,6310.23,5.25,6316.23,6309.98,6.25,True,SHORT,2017-11-13 21:15:00,6307.5,True,True,True,0.1467,0.9048,0.9048,6305.48,2017-11-14 00:55:00,0.3371,6312.0,2017-11-14 00:19:00,True,2017-11-13 21:20:00,0.3371,0.3371,True,6310.25,2017-11-13 21:58:00,0.0038
NQ,2017-11-14,Tuesday,ODR,6316.5,6311.48,5.020000000000437,6317.98,6306.98,11.0,True,SHORT,2017-11-14 07:25:00,6303.73,True,False,,0.0956,2.241,2.241,6300.23,2017-11-14 07:35:00,0.0,6310.98,2017-11-14 08:29:00,True,2017-11-14 07:30:00,0.0,0.0,False,,,
NQ,2017-11-14,Tuesday,RDR,6295.23,6263.73,31.5,6297.48,6262.73,34.75,True,LONG,2017-11-14 10:45:00,6298.73,True,True,False,0.1905,0.0,0.1905,6301.23,2017-11-14 12:03:00,0.9683,6264.73,2017-11-14 13:05:00,False,,0.1667,,True,6294.6,2017-11-14 10:50:00,0.02
NQ,2017-11-15,Wednesday,ADR,6284.48,6275.98,8.5,6286.25,6272.98,13.270000000000437,True,SHORT,2017-11-14 20:35:00,6272.73,True,True,True,0.0,0.6765,0.6765,6270.23,2017-11-14 22:53:00,0.5906,6281.0,2017-11-14 20:58:00,True,2017-11-14 22:50:00,0.5906,0.3824,True,6276.73,2017-11-14 20:44:00,0.0882
NQ,2017-11-15,Wednesday,ODR,6267.85,6261.25,6.600000000000364,6268.0,6259.48,8.520000000000437,True,SHORT,2017-11-15 04:40:00,6258.48,False,True,False,1.6106,0.7606,0.7606,6256.23,2017-11-15 04:47:00,2.6106,6278.48,2017-11-15 08:28:00,True,2017-11-15 04:47:00,0.0,2.6106,True,6261.48,2017-11-15 04:51:00,0.0348
NQ,2017-11-15,Wednesday,RDR,6267.48,6234.98,32.5,6268.1,6230.73,37.3700000000008,True,LONG,2017-11-15 10:35:00,6269.98,True,True,False,0.4231,0.0,0.4231,6281.23,2017-11-15 11:24:00,0.5,6251.23,2017-11-15 15:51:00,False,,0.1154,,True,6267.48,2017-11-15 10:41:00,0.0
NQ,2017-11-16,Thursday,ADR,6277.0,6269.75,7.25,6278.48,6268.75,9.729999999999563,True,LONG,2017-11-15 21:10:00,6278.73,True,False,,1.7903,0.0,1.7903,6289.98,2017-11-16 01:10:00,0.0,6277.25,2017-11-15 21:18:00,True,2017-11-15 21:23:00,0.0,0.0,False,,,
NQ,2017-11-16,Thursday,ODR,6290.5,6283.73,6.770000000000437,6291.48,6281.23,10.25,True,LONG,2017-11-16 04:35:00,6292.73,True,True,True,1.1418,0.0,1.1418,6298.23,2017-11-16 08:07:00,0.3353,6288.23,2017-11-16 06:08:00,True,2017-11-16 05:03:00,0.3353,0.3353,True,6289.98,2017-11-16 04:44:00,0.0768
NQ,2017-11-16,Thursday,RDR,6319.98,6295.73,24.25,6323.23,6295.0,28.229999999999563,True,LONG,2017-11-16 10:30:00,6324.98,True,False,,1.5773,0.0,1.5773,6358.23,2017-11-16 14:12:00,0.0,6323.98,2017-11-16 10:35:00,True,2017-11-16 10:40:00,0.0,0.0,False,,,
NQ,2017-11-17,Friday,ADR,6351.23,6346.25,4.979999999999563,6351.48,6345.98,5.5,True,SHORT,2017-11-16 20:45:00,6345.25,True,True,True,0.0,2.1124,2.1124,6335.73,2017-11-16 21:33:00,0.1506,6347.0,2017-11-16 20:53:00,True,2017-11-16 21:02:00,0.1506,0.0,True,6346.75,2017-11-16 20:52:00,0.1004
NQ,2017-11-17,Friday,ODR,6350.5,6341.98,8.520000000000437,6351.25,6341.98,9.270000000000437,True,SHORT,2017-11-17 04:10:00,6341.73,True,True,False,0.0,0.5575,0.5575,6337.23,2017-11-17 04:19:00,0.9977,6350.48,2017-11-17 07:49:00,True,2017-11-17 04:19:00,0.0,0.9977,True,6341.98,2017-11-17 04:33:00,0.0
NQ,2017-11-17,Friday,RDR,6345.98,6334.73,11.25,6348.73,6330.98,17.75,True,SHORT,2017-11-17 14:00:00,6330.48,True,False,,0.0,1.9333,1.9333,6312.98,2017-11-17 15:46:00,0.0,6331.73,2017-11-17 14:07:00,True,2017-11-17 14:13:00,0.0,0.0,False,,,
NQ,2017-11-20,Monday,ADR,6315.48,6310.23,5.25,6315.98,6309.73,6.25,True,SHORT,2017-11-19 20:45:00,6309.5,True,False,,0.0,3.52,3.52,6291.75,2017-11-19 21:03:00,0.0,6309.5,2017-11-19 20:52:00,True,2017-11-19 20:51:00,0.0,0.0,False,,,
NQ,2017-11-20,Monday,ODR,6306.25,6300.98,5.270000000000437,6307.73,6298.5,9.229999999999563,True,LONG,2017-11-20 05:30:00,6310.0,True,False,,2.7002,0.0,2.7002,6320.48,2017-11-20 08:26:00,0.0,6309.73,2017-11-20 05:54:00,True,2017-11-20 05:35:00,0.0,0.0,False,,,
NQ,2017-11-20,Monday,RDR,6327.48,6315.73,11.75,6328.98,6314.23,14.75,True,SHORT,2017-11-20 10:40:00,6313.48,True,True,True,0.0,0.9047,0.9047,6305.1,2017-11-20 12:24:00,0.5532,6322.23,2017-11-20 11:04:00,True,2017-11-20 12:21:00,0.5532,0.2979,True,6315.73,2017-11-20 10:46:00,0.0
NQ,2017-11-21,Tuesday,ADR,6317.0,6311.23,5.770000000000437,6317.23,6311.0,6.229999999999563,True,LONG,2017-11-20 20:45:00,6317.25,True,True,True,1.0797,0.0399,1.0797,6323.23,2017-11-21 00:27:00,0.13,6316.25,2017-11-21 01:22:00,True,2017-11-20 21:06:00,0.0901,0.13,True,6317.0,2017-11-20 20:50:00,0.0
NQ,2017-11-21,Tuesday,ODR,6316.6,6312.5,4.100000000000364,6317.0,6311.98,5.020000000000437,True,LONG,2017-11-21 04:30:00,6318.48,True,False,,7.5927,0.0659,7.5927,6347.73,2017-11-21 08:09:00,0.0,6316.73,2017-11-21 04:37:00,True,2017-11-21 04:35:00,0.0,0.0,False,,,
NQ,2017-11-21,Tuesday,RDR,6379.48,6341.85,37.6299999999992,6380.73,6340.48,40.25,True,LONG,2017-11-21 11:00:00,6381.73,True,True,True,0.1493,0.0,0.1493,6385.1,2017-11-21 13:54:00,0.0997,6375.73,2017-11-21 15:20:00,False,,0.0664,,True,6378.73,2017-11-21 11:09:00,0.0199
NQ,2017-11-22,Wednesday,ADR,6380.73,6378.5,2.2299999999995634,6382.23,6377.98,4.25,True,LONG,2017-11-21 21:35:00,6382.75,True,False,,3.0269,0.0,3.0269,6387.48,2017-11-21 21:46:00,0.0,6381.23,2017-11-22 01:05:00,True,2017-11-21 21:40:00,0.0,0.0,False,,,
NQ,2017-11-22,Wednesday,ODR,6384.48,6380.48,4.0,6384.48,6380.25,4.229999999999563,True,SHORT,2017-11-22 04:05:00,6378.73,False,True,False,2.0625,1.1875,1.1875,6375.73,2017-11-22 05:42:00,3.0625,6392.73,2017-11-22 07:59:00,True,2017-11-22 04:10:00,0.25,3.0625,True,6380.48,2017-11-22 04:20:00,0.0
NQ,2017-11-22,Wednesday,RDR,6392.48,6377.23,15.25,6392.73,6375.23,17.5,True,LONG,2017-11-22 14:40:00,6392.98,True,True,False,0.1639,0.0,0.1639,6394.98,2017-11-22 14:46:00,0.4098,6386.23,2017-11-22 15:11:00,False,,0.0,,True,6392.48,2017-11-22 14:50:00,0.0
NQ,2017-11-23,Thursday,ADR,6391.23,6388.73,2.5,6391.23,6388.73,2.5,True,SHORT,2017-11-22 20:35:00,6388.0,False,True,True,0.308,1.092,1.092,6386.0,2017-11-23 01:57:00,1.308,6392.0,2017-11-22 23:45:00,True,2017-11-23 01:45:00,1.308,0.0,True,6388.73,2017-11-22 20:40:00,0.0
NQ,2017-11-23,Thursday,ODR,6386.48,6378.5,7.979999999999563,6387.23,6377.48,9.75,True,LONG,2017-11-23 04:10:00,6389.25,True,False,,1.4098,0.0,1.4098,6397.73,2017-11-23 05:58:00,0.0,6386.98,2017-11-23 04:38:00,True,2017-11-23 04:45:00,0.0,0.0,False,,,
NQ,2017-11-23,Thursday,RDR,6389.73,6385.75,3.9799999999995634,6390.73,6385.25,5.479999999999563,True,SHORT,2017-11-23 11:10:00,6385.23,True,False,,0.0,1.3869,1.3869,6380.23,2017-11-23 12:29:00,0.0,6385.48,2017-11-23 11:16:00,True,2017-11-23 11:25:00,0.0,0.0,False,,,
NQ,2017-11-24,Friday,ADR,6384.73,6383.25,1.4799999999995634,6384.98,6382.75,2.2299999999995634,True,LONG,2017-11-23 20:40:00,6385.98,True,True,True,6.0811,0.3514,6.0811,6393.73,2017-11-23 22:50:00,1.1689,6383.0,2017-11-23 21:25:00,True,2017-11-23 20:45:00,1.1689,1.1689,True,6384.73,2017-11-23 21:20:00,0.0
NQ,2017-11-24,Friday,ODR,6394.48,6389.25,5.229999999999563,6394.73,6388.25,6.479999999999563,True,LONG,2017-11-24 05:30:00,6395.23,True,True,True,1.3862,0.0,1.3862,6401.73,2017-11-24 08:24:00,0.1434,6393.73,2017-11-24 06:17:00,True,2017-11-24 06:29:00,0.1434,0.0,True,6394.48,2017-11-24 05:40:00,0.0
NQ,2017-11-24,Friday,RDR,6400.5,6393.73,6.770000000000437,6401.98,6392.25,9.729999999999563,True,LONG,2017-11-24 10:30:00,6402.73,True,False,,2.2127,0.0,2.2127,6415.48,2017-11-24 13:07:00,0.0,6400.98,2017-11-24 10:41:00,True,2017-11-24 10:45:00,0.0,0.0,False,,,
NQ,2017-11-27,Monday,ADR,6414.75,6407.23,7.520000000000437,6414.98,6406.73,8.25,True,SHORT,2017-11-26 20:30:00,6406.23,True,True,False,0.0,0.8949,0.8949,6400.5,2017-11-26 21:13:00,0.2327,6408.98,2017-11-26 23:13:00,True,2017-11-26 20:45:00,0.0359,0.2327,True,6407.5,2017-11-26 20:37:00,0.0359
NQ,2017-11-27,Monday,ODR,6417.1,6407.73,9.3700000000008,6417.1,6407.23,9.8700000000008,True,LONG,2017-11-27 04:05:00,6417.98,False,True,False,0.7343,0.2935,0.7343,6423.98,2017-11-27 06:10:00,1.2935,6404.98,2017-11-27 08:07:00,True,2017-11-27 06:03:00,0.1195,1.2935,True,6416.98,2017-11-27 04:34:00,0.0128
NQ,2017-11-27,Monday,RDR,6423.73,6407.23,16.5,6423.98,6403.75,20.229999999999563,True,SHORT,2017-11-27 11:20:00,6400.23,True,True,False,0.0,0.7564,0.7564,6394.75,2017-11-27 11:29:00,0.3939,6413.73,2017-11-27 13:07:00,True,2017-11-27 11:27:00,0.0,0.3939,True,6407.23,2017-11-27 11:50:00,0.0
NQ,2017-11-28,Tuesday,ADR,6405.98,6402.23,3.75,6406.48,6401.73,4.75,True,LONG,2017-11-27 20:50:00,6407.0,False,True,False,0.7333,1.0667,0.7333,6408.73,2017-11-27 21:11:00,2.0667,6398.23,2017-11-27 22:54:00,True,2017-11-27 20:56:00,0.0,2.0667,True,6404.75,2017-11-27 21:33:00,0.328
NQ,2017-11-28,Tuesday,ODR,6414.5,6410.25,4.25,6415.48,6407.23,8.25,True,LONG,2017-11-28 05:00:00,6416.48,True,True,True,1.6424,0.0,1.6424,6421.48,2017-11-28 08:11:00,0.8871,6410.73,2017-11-28 05:23:00,True,2017-11-28 05:53:00,0.8871,0.0635,True,6414.48,2017-11-28 05:09:00,0.0047
NQ,2017-11-28,Tuesday,RDR,6422.98,6412.48,10.5,6424.23,6410.0,14.229999999999563,True,LONG,2017-11-28 12:20:00,6424.25,False,True,True,0.5952,2.2619,0.5952,6429.23,2017-11-28 15:15:00,3.2619,6388.73,2017-11-28 14:04:00,True,2017-11-28 15:15:00,3.2619,0.6429,True,6422.23,2017-11-28 12:36:00,0.0714
NQ,2017-11-29,Wednesday,ADR,6422.23,6417.73,4.5,6422.73,6417.48,5.25,True,SHORT,2017-11-28 20:55:00,6416.98,False,True,False,0.6111,0.7222,0.7222,6414.48,2017-11-28 22:01:00,1.6111,6424.98,2017-11-29 01:42:00,True,2017-11-28 21:04:00,0.2267,1.6111,True,6417.73,2017-11-28 21:14:00,0.0
NQ,2017-11-29,Wednesday,ODR,6423.73,6413.48,10.25,6424.23,6412.73,11.5,True,LONG,2017-11-29 06:20:00,6426.25,True,True,False,0.4166,0.2195,0.4166,6428.0,2017-11-29 06:35:00,0.2683,6420.98,2017-11-29 08:17:00,False,,0.0,,True,6423.73,2017-11-29 07:34:00,0.0
NQ,2017-11-29,Wednesday,RDR,6418.23,6327.98,90.25,6418.35,6320.75,97.60000000000036,True,SHORT,2017-11-29 11:05:00,6314.48,True,True,True,0.0,0.4986,0.4986,6282.98,2017-11-29 12:05:00,0.0831,6335.48,2017-11-29 13:28:00,False,,0.0567,,True,6330.98,2017-11-29 11:12:00,0.0332
NQ,2017-11-30,Thursday,ADR,6309.48,6306.48,3.0,6310.48,6306.23,4.25,True,SHORT,2017-11-29 20:30:00,6305.23,False,True,True,0.5,5.8333,5.8333,6288.98,2017-11-29 22:43:00,1.5,6310.98,2017-11-29 20:58:00,True,2017-11-29 20:35:00,1.5,1.5,True,6306.48,2017-11-29 20:36:00,0.0
NQ,2017-11-30,Thursday,ODR,6308.98,6303.48,5.5,6310.5,6301.73,8.770000000000437,True,LONG,2017-11-30 04:10:00,6314.48,True,False,,3.6364,0.0,3.6364,6328.98,2017-11-30 08:26:00,0.0,6311.25,2017-11-30 04:57:00,True,2017-11-30 04:15:00,0.0,0.0,False,,,
NQ,2017-11-30,Thursday,RDR,6348.98,6330.35,18.6299999999992,6351.73,6324.48,27.25,True,LONG,2017-11-30 10:30:00,6354.98,True,True,True,1.503,0.0,1.503,6376.98,2017-11-30 12:48:00,0.1476,6346.23,2017-11-30 10:42:00,True,2017-11-30 11:03:00,0.1476,0.1476,True,6346.23,2017-11-30 10:42:00,0.1476
NQ,2017-12-01,Friday,ADR,6357.23,6346.25,10.979999999999563,6357.98,6345.48,12.5,True,SHORT,2017-11-30 20:45:00,6344.23,False,True,False,0.3415,0.7532,0.7532,6337.98,2017-11-30 21:04:00,1.3415,6360.98,2017-11-30 23:38:00,True,2017-11-30 20:54:00,0.0,1.3415,True,6346.98,2017-11-30 21:37:00,0.0665
NQ,2017-12-01,Friday,ODR,6367.25,6342.73,24.520000000000437,6367.48,6341.48,26.0,True,SHORT,2017-12-01 04:00:00,6339.98,True,True,False,0.0,1.3356,1.3356,6309.98,2017-12-01 05:56:00,0.1733,6346.98,2017-12-01 08:25:00,True,2017-12-01 05:42:00,0.102,0.1733,True,6344.23,2017-12-01 04:10:00,0.0612
NQ,2017-12-01,Friday,RDR,6364.98,6325.6,39.3799999999992,6368.73,6324.1,44.6299999999992,True,SHORT,2017-12-01 11:15:00,6315.85,True,True,False,0.0444,2.0155,2.0155,6246.23,2017-12-01 11:33:00,0.4672,6344.0,2017-12-01 15:44:00,True,2017-12-01 11:21:00,0.0,0.4672,True,6326.35,2017-12-01 13:01:00,0.019
NQ,2017-12-04,Monday,ADR,6383.0,6376.73,6.270000000000437,6383.98,6376.5,7.479999999999563,True,SHORT,2017-12-03 20:30:00,6373.73,True,True,True,0.0,1.1132,1.1132,6369.75,2017-12-03 21:19:00,0.7576,6381.48,2017-12-03 23:25:00,True,2017-12-03 20:35:00,0.3589,0.7576,True,6376.98,2017-12-03 20:58:00,0.0399
NQ,2017-12-04,Monday,ODR,6373.85,6365.73,8.1200000000008,6375.5,6363.75,11.75,True,LONG,2017-12-04 06:10:00,6376.5,True,True,False,0.7549,0.3362,0.7549,6379.98,2017-12-04 07:34:00,0.6921,6368.23,2017-12-04 08:25:00,True,2017-12-04 06:36:00,0.2303,0.6921,True,6373.48,2017-12-04 07:00:00,0.0456
NQ,2017-12-04,Monday,RDR,6378.1,6318.73,59.3700000000008,6384.25,6306.0,78.25,True,SHORT,2017-12-04 10:45:00,6298.73,True,True,True,0.0,1.0275,1.0275,6257.73,2017-12-04 15:49:00,0.1684,6328.73,2017-12-04 13:15:00,True,2017-12-04 10:54:00,0.1684,0.1684,True,6319.23,2017-12-04 12:51:00,0.0084
NQ,2017-12-05,Tuesday,ADR,6270.25,6265.25,5.0,6271.48,6263.48,8.0,True,LONG,2017-12-04 20:35:00,6272.5,False,True,False,1.746,0.554,1.746,6278.98,2017-12-04 23:51:00,1.554,6262.48,2017-12-05 01:10:00,True,2017-12-04 20:40:00,0.55,1.554,True,6269.98,2017-12-04 20:46:00,0.054
NQ,2017-12-05,Tuesday,ODR,6266.23,6257.5,8.729999999999563,6267.48,6255.98,11.5,True,SHORT,2017-12-05 04:15:00,6254.5,False,True,False,0.63,2.9496,2.9496,6231.75,2017-12-05 06:23:00,1.63,6271.73,2017-12-05 07:56:00,True,2017-12-05 04:22:00,0.1145,1.63,True,6257.98,2017-12-05 04:56:00,0.055
NQ,2017-12-05,Tuesday,RDR,6314.5,6253.0,61.5,6319.1,6238.98,80.1200000000008,True,LONG,2017-12-05 10:55:00,6319.48,True,True,False,0.4062,0.0,0.4062,6339.48,2017-12-05 11:22:00,0.8459,6262.48,2017-12-05 15:53:00,False,,0.0,,True,6312.75,2017-12-05 11:58:00,0.0285
NQ,2017-12-06,Wednesday,ADR,6278.23,6273.98,4.25,6278.48,6273.25,5.229999999999563,True,SHORT,2017-12-05 21:15:00,6271.5,True,False,,0.0,8.6471,8.6471,6237.23,2017-12-06 00:20:00,0.0,6273.5,2017-12-05 21:21:00,True,2017-12-05 21:20:00,0.0,0.0,False,,,
NQ,2017-12-06,Wednesday,ODR,6247.0,6232.73,14.270000000000437,6247.0,6232.48,14.520000000000437,True,LONG,2017-12-06 04:00:00,6247.5,True,True,True,0.6819,0.0,0.6819,6256.73,2017-12-06 08:10:00,0.8423,6234.98,2017-12-06 05:40:00,True,2017-12-06 04:12:00,0.8423,0.8423,True,6246.48,2017-12-06 04:05:00,0.0364
NQ,2017-12-06,Wednesday,RDR,6286.73,6245.48,41.25,6291.98,6237.98,54.0,True,LONG,2017-12-06 13:55:00,6292.73,True,False,,0.4848,0.0,0.4848,6306.73,2017-12-06 15:16:00,0.0,6287.35,2017-12-06 15:50:00,False,,0.0,,False,,,
NQ,2017-12-07,Thursday,ADR,6317.25,6310.48,6.770000000000437,6318.98,6309.75,9.229999999999563,True,LONG,2017-12-06 20:40:00,6323.75,True,True,True,1.4742,0.0,1.4742,6327.23,2017-12-07 01:11:00,0.5908,6313.25,2017-12-06 21:52:00,True,2017-12-06 20:45:00,0.5908,0.5908,True,6316.6,2017-12-06 21:05:00,0.096
NQ,2017-12-07,Thursday,ODR,6314.75,6310.23,4.520000000000437,6315.1,6309.98,5.1200000000008,True,LONG,2017-12-07 04:05:00,6315.25,False,True,False,1.7699,2.2677,1.7699,6322.75,2017-12-07 05:36:00,3.2677,6299.98,2017-12-07 07:59:00,True,2017-12-07 04:31:00,0.2257,3.2677,True,6313.98,2017-12-07 04:24:00,0.1704
NQ,2017-12-07,Thursday,RDR,6313.73,6290.48,23.25,6315.85,6288.73,27.1200000000008,True,LONG,2017-12-07 10:30:00,6323.23,True,True,True,0.9247,0.0,0.9247,6335.23,2017-12-07 11:58:00,0.6077,6299.6,2017-12-07 14:45:00,True,2017-12-07 10:37:00,0.0,0.6077,True,6312.23,2017-12-07 13:50:00,0.0645
NQ,2017-12-08,Friday,ADR,6330.25,6323.0,7.25,6331.0,6323.0,8.0,True,LONG,2017-12-07 21:00:00,6332.73,True,True,True,3.9972,0.0,3.9972,6359.23,2017-12-08 01:59:00,0.2069,6328.75,2017-12-07 22:05:00,True,2017-12-07 21:25:00,0.2069,0.2069,True,6330.23,2017-12-07 21:08:00,0.0028
NQ,2017-12-08,Friday,ODR,6353.6,6349.75,3.850000000000364,6354.5,6348.75,5.75,True,LONG,2017-12-08 05:00:00,6355.5,False,True,False,1.4675,0.974,1.4675,6359.25,2017-12-08 05:20:00,1.974,6346.0,2017-12-08 07:00:00,True,2017-12-08 05:05:00,0.0,1.974,True,6353.48,2017-12-08 05:28:00,0.0312
NQ,2017-12-08,Friday,RDR,6373.75,6363.23,10.520000000000437,6378.73,6361.48,17.25,True,SHORT,2017-12-08 11:25:00,6353.0,True,True,True,0.0,2.6616,2.6616,6335.23,2017-12-08 14:22:00,0.2852,6366.23,2017-12-08 12:30:00,True,2017-12-08 11:30:00,0.2852,0.2852,True,6363.23,2017-12-08 12:26:00,0.0
NQ,2017-12-11,Monday,ADR,6348.23,6345.98,2.25,6348.73,6345.48,3.25,True,LONG,2017-12-10 20:40:00,6349.48,True,True,True,4.3333,0.0,4.3333,6357.98,2017-12-10 22:55:00,0.2222,6347.73,2017-12-10 21:20:00,True,2017-12-10 20:57:00,0.2222,0.2222,True,6347.98,2017-12-10 20:48:00,0.1111
NQ,2017-12-11,Monday,ODR,6357.0,6351.0,6.0,6357.73,6350.75,6.979999999999563,True,SHORT,2017-12-11 04:25:00,6349.75,True,True,True,0.0,1.8783,1.8783,6339.73,2017-12-11 08:27:00,0.875,6356.25,2017-12-11 07:48:00,True,2017-12-11 04:35:00,0.875,0.875,True,6351.25,2017-12-11 05:12:00,0.0417
NQ,2017-12-11,Monday,RDR,6366.98,6346.73,20.25,6368.48,6346.5,21.979999999999563,True,LONG,2017-12-11 10:30:00,6369.23,True,True,True,1.4321,0.0,1.4321,6395.98,2017-12-11 13:07:00,0.4691,6357.48,2017-12-11 11:10:00,True,2017-12-11 11:53:00,0.4691,0.0,True,6365.73,2017-12-11 10:35:00,0.0617
NQ,2017-12-12,Tuesday,ADR,6405.75,6402.25,3.5,6406.25,6400.0,6.25,True,LONG,2017-12-11 21:20:00,6406.5,False,True,False,0.5657,0.5057,0.5657,6407.73,2017-12-11 21:32:00,1.3629,6400.98,2017-12-11 22:36:00,True,2017-12-11 21:27:00,0.0,1.3629,True,6405.75,2017-12-11 21:39:00,0.0
NQ,2017-12-12,Tuesday,ODR,6404.23,6397.98,6.25,6405.23,6397.5,7.729999999999563,True,SHORT,2017-12-12 04:45:00,6397.0,True,True,True,0.0,0.7568,0.7568,6393.25,2017-12-12 05:45:00,0.3632,6400.25,2017-12-12 04:55:00,True,2017-12-12 05:44:00,0.3632,0.2432,True,6399.23,2017-12-12 04:52:00,0.2
NQ,2017-12-12,Tuesday,RDR,6391.23,6379.48,11.75,6394.48,6371.73,22.75,True,LONG,2017-12-12 11:05:00,6397.23,False,True,False,1.1064,0.5106,1.1064,6404.23,2017-12-12 12:15:00,1.5106,6373.48,2017-12-12 13:56:00,True,2017-12-12 11:10:00,0.0,1.5106,True,6390.98,2017-12-12 12:28:00,0.0213
NQ,2017-12-13,Wednesday,ADR,6383.0,6379.0,4.0,6384.5,6379.0,5.5,True,SHORT,2017-12-12 20:35:00,6378.75,False,True,False,1.0575,3.38,3.38,6365.48,2017-12-12 22:36:00,2.0575,6387.23,2017-12-13 01:23:00,True,2017-12-12 22:14:00,1.4375,2.0575,True,6380.0,2017-12-12 20:41:00,0.25
NQ,2017-12-13,Wednesday,ODR,6392.25,6386.5,5.75,6392.5,6386.25,6.25,True,LONG,2017-12-13 05:55:00,6393.23,False,True,False,0.4783,0.6122,0.4783,6395.0,2017-12-13 06:09:00,1.6122,6382.98,2017-12-13 07:57:00,False,,0.0,,True,6391.73,2017-12-13 06:13:00,0.0904
NQ,2017-12-13,Wednesday,RDR,6417.25,6402.98,14.270000000000437,6418.25,6399.25,19.0,True,SHORT,2017-12-13 12:00:00,6396.98,True,True,True,0.0336,0.9972,0.9972,6388.75,2017-12-13 13:31:00,0.8248,6414.75,2017-12-13 14:57:00,True,2017-12-13 12:09:00,0.0,0.8248,True,6403.5,2017-12-13 14:00:00,0.0364
NQ,2017-12-14,Thursday,ADR,6410.5,6406.5,4.0,6410.75,6405.75,5.0,True,SHORT,2017-12-13 20:40:00,6405.25,True,True,True,0.0,2.25,2.25,6397.5,2017-12-14 01:11:00,0.625,6409.0,2017-12-13 21:11:00,True,2017-12-13 20:52:00,0.625,0.625,True,6406.75,2017-12-13 20:47:00,0.0625
NQ,2017-12-14,Thursday,ODR,6409.48,6407.23,2.25,6409.75,6406.23,3.5200000000004366,True,LONG,2017-12-14 05:00:00,6409.98,False,True,False,0.4533,2.3244,0.4533,6410.5,2017-12-14 05:07:00,3.3244,6402.0,2017-12-14 07:40:00,False,,0.1022,,True,6409.48,2017-12-14 05:05:00,0.0
NQ,2017-12-14,Thursday,RDR,6417.5,6403.5,14.0,6421.48,6399.98,21.5,True,SHORT,2017-12-14 13:15:00,6396.98,True,True,True,0.5164,1.2871,1.2871,6385.48,2017-12-14 14:30:00,0.3393,6408.25,2017-12-14 13:47:00,True,2017-12-14 13:20:00,0.3393,0.3393,True,6404.5,2017-12-14 13:37:00,0.0714
NQ,2017-12-15,Friday,ADR,6411.23,6406.5,4.729999999999563,6411.25,6405.73,5.520000000000437,True,SHORT,2017-12-14 20:35:00,6404.73,False,True,False,2.0085,1.2199,1.2199,6400.73,2017-12-14 21:25:00,3.0085,6420.73,2017-12-14 23:38:00,True,2017-12-14 21:07:00,0.1586,3.0085,True,6406.73,2017-12-14 20:47:00,0.0486
NQ,2017-12-15,Friday,ODR,6423.23,6418.73,4.5,6423.98,6418.73,5.25,True,LONG,2017-12-15 04:10:00,6424.48,True,True,True,1.5044,0.0,1.5044,6430.0,2017-12-15 08:21:00,0.9444,6418.98,2017-12-15 04:50:00,True,2017-12-15 06:03:00,0.9444,0.6622,True,6422.98,2017-12-15 04:16:00,0.0556
NQ,2017-12-15,Friday,RDR,6441.98,6426.48,15.5,6444.6,6423.48,21.1200000000008,True,LONG,2017-12-15 11:00:00,6448.98,True,False,,3.129,0.0,3.129,6490.48,2017-12-15 15:17:00,0.0,6448.98,2017-12-15 11:05:00,True,2017-12-15 11:05:00,0.0,0.0,False,,,
NQ,2017-12-18,Monday,ADR,6516.73,6509.75,6.979999999999563,6516.98,6509.23,7.75,True,LONG,2017-12-17 21:05:00,6517.48,True,True,True,0.8052,0.0,0.8052,6522.35,2017-12-18 01:48:00,0.3223,6514.48,2017-12-17 21:22:00,True,2017-12-17 22:59:00,0.3223,0.0,True,6516.48,2017-12-17 21:13:00,0.0358
NQ,2017-12-18,Monday,ODR,6532.5,6524.85,7.649999999999636,6532.98,6524.73,8.25,True,LONG,2017-12-18 04:50:00,6535.23,True,True,False,0.9124,0.0,0.9124,6539.48,2017-12-18 06:40:00,0.6235,6527.73,2017-12-18 08:27:00,True,2017-12-18 04:58:00,0.0654,0.6235,True,6532.0,2017-12-18 05:30:00,0.0654
NQ,2017-12-18,Monday,RDR,6533.25,6519.98,13.270000000000437,6534.23,6513.23,21.0,True,LONG,2017-12-18 12:00:00,6535.48,True,True,True,0.639,0.0565,0.639,6541.73,2017-12-18 12:50:00,0.3971,6527.98,2017-12-18 15:50:00,True,2017-12-18 12:49:00,0.0769,0.3971,True,6532.98,2017-12-18 12:20:00,0.0203
NQ,2017-12-19,Tuesday,ADR,6536.98,6534.23,2.75,6537.48,6534.23,3.25,True,LONG,2017-12-18 20:30:00,6538.73,True,True,True,1.28,0.0,1.28,6540.5,2017-12-19 00:48:00,0.5455,6535.48,2017-12-18 20:47:00,True,2017-12-18 20:35:00,0.5455,0.5455,True,6536.98,2017-12-18 20:36:00,0.0
NQ,2017-12-19,Tuesday,ODR,6545.23,6538.25,6.979999999999563,6545.48,6538.25,7.229999999999563,True,SHORT,2017-12-19 06:05:00,6538.0,True,True,True,0.0,0.8983,0.8983,6531.98,2017-12-19 08:25:00,0.1762,6539.48,2017-12-19 06:27:00,True,2017-12-19 07:06:00,0.1762,0.0,True,6538.5,2017-12-19 06:10:00,0.0358
NQ,2017-12-19,Tuesday,RDR,6523.48,6501.23,22.25,6531.23,6498.25,32.97999999999956,True,SHORT,2017-12-19 10:40:00,6495.5,True,True,True,0.0,0.9663,0.9663,6479.73,2017-12-19 12:24:00,0.2809,6507.48,2017-12-19 11:29:00,True,2017-12-19 11:52:00,0.2809,0.1348,True,6502.98,2017-12-19 11:16:00,0.0787
NQ,2017-12-20,Wednesday,ADR,6514.73,6509.48,5.25,6515.23,6509.23,6.0,True,LONG,2017-12-19 20:30:00,6515.98,True,True,True,0.8095,0.0,0.8095,6518.98,2017-12-19 23:11:00,0.1429,6513.98,2017-12-20 00:42:00,True,2017-12-19 20:44:00,0.0,0.1429,True,6514.23,2017-12-20 00:41:00,0.0952
NQ,2017-12-20,Wednesday,ODR,6519.73,6514.23,5.5,6520.98,6512.23,8.75,True,LONG,2017-12-20 04:25:00,6522.98,True,False,,1.6364,0.0,1.6364,6528.73,2017-12-20 08:26:00,0.0,6519.98,2017-12-20 06:26:00,True,2017-12-20 04:30:00,0.0,0.0,False,,,
NQ,2017-12-20,Wednesday,RDR,6519.48,6469.73,49.75,6521.48,6468.1,53.3799999999992,True,SHORT,2017-12-20 10:40:00,6465.48,True,True,False,0.0,0.1256,0.1005,6464.73,2017-12-20 10:45:00,0.6482,6501.98,2017-12-20 13:23:00,False,,0.0,,True,6469.98,2017-12-20 10:46:00,0.005
NQ,2017-12-21,Thursday,ADR,6487.98,6482.0,5.979999999999563,6488.23,6481.5,6.729999999999563,True,LONG,2017-12-20 20:35:00,6489.0,True,True,False,0.9231,0.0,0.9231,6493.5,2017-12-20 20:48:00,0.9197,6482.48,2017-12-21 00:17:00,True,2017-12-20 20:40:00,0.0,0.9197,True,6487.73,2017-12-20 21:24:00,0.0418
NQ,2017-12-21,Thursday,ODR,6485.5,6478.25,7.25,6486.23,6478.0,8.229999999999563,True,LONG,2017-12-21 04:15:00,6486.25,True,True,True,1.7586,0.0,1.7586,6498.25,2017-12-21 08:14:00,0.5545,6481.48,2017-12-21 04:51:00,True,2017-12-21 06:09:00,0.5545,0.0,True,6485.5,2017-12-21 04:22:00,0.0
NQ,2017-12-21,Thursday,RDR,6504.5,6485.23,19.270000000000437,6507.35,6482.48,24.8700000000008,True,LONG,2017-12-21 11:30:00,6509.73,True,True,False,0.8293,0.0,0.8293,6520.48,2017-12-21 13:21:00,0.8832,6487.48,2017-12-21 15:55:00,True,2017-12-21 12:59:00,0.04,0.8832,True,6503.73,2017-12-21 12:02:00,0.04
NQ,2017-12-22,Friday,ADR,6496.73,6492.48,4.25,6497.23,6492.23,5.0,True,LONG,2017-12-21 20:30:00,6497.48,False,True,False,0.5882,0.0588,0.5882,6499.23,2017-12-21 20:46:00,1.0588,6492.23,2017-12-22 01:09:00,True,2017-12-21 20:45:00,0.0,1.0588,True,6496.73,2017-12-21 20:36:00,0.0
NQ,2017-12-22,Friday,ODR,6501.23,6496.98,4.25,6501.25,6496.23,5.020000000000437,True,SHORT,2017-12-22 05:50:00,6494.98,True,True,True,0.0,1.5882,1.5882,6490.23,2017-12-22 08:17:00,0.1765,6497.73,2017-12-22 07:04:00,True,2017-12-22 05:55:00,0.1765,0.1765,True,6497.48,2017-12-22 06:52:00,0.1176
NQ,2017-12-22,Friday,RDR,6485.98,6470.23,15.75,6487.75,6467.48,20.270000000000437,True,LONG,2017-12-22 14:20:00,6488.48,True,True,True,0.3651,0.0,0.3651,6491.73,2017-12-22 15:37:00,0.094,6484.5,2017-12-22 14:43:00,False,,0.094,,True,6485.98,2017-12-22 14:33:00,0.0
NQ,2017-12-26,Tuesday,ADR,6490.23,6478.73,11.5,6490.23,6477.75,12.479999999999563,True,SHORT,2017-12-25 20:30:00,6476.75,True,True,True,0.0,0.2609,0.2609,6475.73,2017-12-25 23:36:00,0.1087,6479.98,2017-12-25 20:55:00,False,,0.1087,,True,6478.73,2017-12-25 20:41:00,0.0
NQ,2017-12-26,Tuesday,ODR,6479.73,6476.73,3.0,6479.73,6476.23,3.5,True,SHORT,2017-12-26 05:55:00,6475.73,True,False,,0.0,10.3333,10.3333,6445.73,2017-12-26 08:21:00,0.0,6475.73,2017-12-26 06:01:00,True,2017-12-26 06:01:00,0.0,0.0,False,,,
NQ,2017-12-26,Tuesday,RDR,6456.0,6436.1,19.899999999999636,6459.98,6432.35,27.6299999999992,True,LONG,2017-12-26 12:40:00,6463.48,True,True,True,0.4764,0.0,0.4447,6464.85,2017-12-26 12:57:00,0.2261,6451.5,2017-12-26 15:37:00,False,,0.0,,True,6455.48,2017-12-26 15:24:00,0.0261
NQ,2017-12-27,Wednesday,ADR,6467.48,6463.98,3.5,6468.1,6463.73,4.3700000000008,True,SHORT,2017-12-26 20:40:00,6463.23,False,True,True,1.1057,0.7857,0.7857,6461.23,2017-12-26 20:50:00,2.1057,6471.35,2017-12-26 22:04:00,True,2017-12-26 20:50:00,0.0,2.1057,True,6464.25,2017-12-26 21:01:00,0.0771
NQ,2017-12-27,Wednesday,ODR,6468.0,6460.98,7.020000000000437,6468.6,6460.98,7.6200000000008,True,LONG,2017-12-27 04:10:00,6468.75,False,True,False,0.3177,1.0684,0.3177,6470.23,2017-12-27 05:53:00,2.0684,6453.48,2017-12-27 07:38:00,False,,0.4302,,True,6467.48,2017-12-27 04:17:00,0.0741
NQ,2017-12-27,Wednesday,RDR,6474.85,6459.1,15.75,6475.23,6453.23,22.0,True,SHORT,2017-12-27 11:55:00,6452.1,True,False,,0.0,1.0711,1.0711,6442.23,2017-12-27 15:37:00,0.0,6458.73,2017-12-27 12:43:00,True,2017-12-27 12:00:00,0.0,0.0,False,,,
NQ,2017-12-28,Thursday,ADR,6457.98,6453.73,4.25,6458.23,6453.48,4.75,True,LONG,2017-12-27 21:05:00,6458.73,True,True,True,1.1765,0.0,1.1765,6462.98,2017-12-27 22:13:00,0.0,6457.98,2017-12-28 00:46:00,True,2017-12-27 21:12:00,0.0,0.0,True,6457.98,2017-12-28 00:46:00,0.0
NQ,2017-12-28,Thursday,ODR,6464.48,6460.48,4.0,6464.73,6459.98,4.75,True,LONG,2017-12-28 04:10:00,6465.73,True,True,True,3.1875,0.0,3.1875,6477.23,2017-12-28 07:21:00,0.0625,6464.23,2017-12-28 05:08:00,True,2017-12-28 04:16:00,0.0625,0.0625,True,6464.48,2017-12-28 04:53:00,0.0
NQ,2017-12-28,Thursday,RDR,6466.23,6446.98,19.25,6466.85,6445.98,20.8700000000008,True,SHORT,2017-12-28 10:35:00,6444.98,True,True,False,0.0,0.2457,0.2457,6442.25,2017-12-28 14:35:00,0.4868,6456.35,2017-12-28 11:19:00,False,,0.4868,,True,6446.98,2017-12-28 10:45:00,0.0
NQ,2017-12-29,Friday,ADR,6451.0,6449.23,1.7700000000004366,6451.73,6448.98,2.75,True,SHORT,2017-12-28 20:30:00,6448.73,True,True,False,0.0,2.1186,2.1186,6445.48,2017-12-28 21:39:00,0.8588,6450.75,2017-12-28 20:50:00,True,2017-12-28 21:28:00,0.8588,0.2825,True,6449.25,2017-12-28 20:35:00,0.0113
NQ,2017-12-29,Friday,ODR,6451.23,6447.73,3.5,6452.48,6446.98,5.5,True,LONG,2017-12-29 04:10:00,6452.98,True,True,True,4.6429,0.0,4.6429,6467.48,2017-12-29 07:24:00,0.0,6451.23,2017-12-29 04:22:00,True,2017-12-29 04:15:00,0.0,0.0,True,6451.23,2017-12-29 04:22:00,0.0
NQ,2017-12-29,Friday,RDR,6457.35,6434.48,22.8700000000008,6457.35,6431.75,25.600000000000364,True,SHORT,2017-12-29 10:50:00,6427.73,True,True,True,0.0,1.2243,1.2243,6406.48,2017-12-29 15:59:00,0.1146,6437.1,2017-12-29 12:38:00,True,2017-12-29 10:56:00,0.1146,0.1146,True,6434.98,2017-12-29 12:18:00,0.0219
