instrument,trading_date,day_of_week,range_type,dr_high,dr_low,dr_range,idr_high,idr_low,idr_range,confirmed,direction,confirmation_time,confirmation_price,dr_rule_true,retraced_into_dr,outside_dr_closed,mean_sd_up,mean_sd_down,extension_sd,extension_price,extension_time,max_retracement_sd,max_retracement_price,max_retracement_time,reached_05_sd,time_05_sd,retracement_before_extreme_sd,retracement_after_05_sd,first_retracement_occurred,first_retracement_price,first_retracement_time,first_retracement_exact
ES,2021-01-04,Monday,ADR,3753.999,3748.237,5.761999999999716,3753.999,3745.751,8.247999999999593,True,LONG,2021-01-03 20:40:00,3754.242,True,True,True,1.0319,0.0,1.0319,3759.945,2021-01-04 01:48:00,0.2201,3752.731,2021-01-04 00:24:00,True,2021-01-03 21:08:00,0.2201,0.2201,True,3753.931,2021-01-03 20:45:00,0.0118
ES,2021-01-04,Monday,ODR,3772.751,3767.739,5.012000000000171,3773.751,3766.933,6.818000000000211,True,LONG,2021-01-04 04:15:00,3775.745,True,True,False,1.5962,0.0,1.5962,3780.751,2021-01-04 04:46:00,0.6606,3769.44,2021-01-04 08:26:00,True,2021-01-04 04:20:00,0.0,0.6606,True,3772.736,2021-01-04 07:06:00,0.003
ES,2021-01-04,Monday,RDR,3765.797,3735.833,29.963999999999942,3767.397,3733.831,33.5659999999998,True,SHORT,2021-01-04 10:30:00,3732.536,True,False,,0.0,2.493,2.493,3661.134,2021-01-04 12:15:00,0.0,3735.554,2021-01-04 10:43:00,True,2021-01-04 10:51:00,0.0,0.0,False,,,
ES,2021-01-05,Tuesday,ADR,3713.442,3704.452,8.989999999999782,3713.736,3703.931,9.804999999999836,True,SHORT,2021-01-04 22:45:00,3701.442,True,True,False,0.0397,1.0804,1.0804,3694.739,2021-01-04 23:17:00,0.5895,3709.752,2021-01-05 01:59:00,True,2021-01-04 22:57:00,0.0,0.5895,True,3704.499,2021-01-05 00:08:00,0.0052
ES,2021-01-05,Tuesday,ODR,3711.751,3688.431,23.320000000000164,3712.299,3688.236,24.063000000000102,False,,,,,,,0.0429,0.0,,,,,,,False,,,,False,,,
ES,2021-01-05,Tuesday,RDR,3722.233,3694.751,27.48199999999997,3722.74,3694.746,27.993999999999687,True,LONG,2021-01-05 14:00:00,3730.433,True,True,True,0.6153,0.0,0.6153,3739.142,2021-01-05 14:30:00,0.0219,3721.631,2021-01-05 15:40:00,True,2021-01-05 14:08:00,0.0,0.0219,True,3721.833,2021-01-05 15:31:00,0.0146
ES,2021-01-06,Wednesday,ADR,3742.037,3713.051,28.985999999999876,3742.599,3707.531,35.06800000000021,True,SHORT,2021-01-05 21:50:00,3701.539,True,True,False,0.0,0.6312,0.6312,3694.754,2021-01-05 23:03:00,0.0947,3715.797,2021-01-06 01:55:00,True,2021-01-05 22:04:00,0.0,0.0947,True,3713.299,2021-01-06 00:16:00,0.0086
ES,2021-01-06,Wednesday,ODR,3719.651,3698.142,21.509000000000015,3719.651,3695.533,24.117999999999938,True,LONG,2021-01-06 05:45:00,3720.251,True,True,False,0.3209,0.2048,0.3209,3726.554,2021-01-06 07:24:00,0.6469,3705.736,2021-01-06 06:22:00,False,,0.6469,,True,3719.054,2021-01-06 05:51:00,0.0278
ES,2021-01-06,Wednesday,RDR,3750.639,3706.342,44.297000000000025,3752.699,3704.139,48.559999999999945,True,LONG,2021-01-06 10:30:00,3757.699,True,True,False,0.7396,0.0,0.7396,3783.399,2021-01-06 13:15:00,0.192,3742.136,2021-01-06 15:52:00,True,2021-01-06 11:15:00,0.0,0.192,True,3749.848,2021-01-06 14:48:00,0.0179
ES,2021-01-07,Thursday,ADR,3771.042,3753.245,17.797000000000025,3772.84,3753.099,19.740999999999985,True,LONG,2021-01-06 22:05:00,3772.851,True,True,True,0.3817,0.0,0.3817,3777.836,2021-01-06 22:10:00,0.4493,3763.045,2021-01-07 00:15:00,False,,0.0,,True,3771.042,2021-01-06 22:15:00,0.0
ES,2021-01-07,Thursday,ODR,3775.897,3765.736,10.161000000000058,3776.899,3764.836,12.063000000000102,True,SHORT,2021-01-07 04:35:00,3764.099,True,True,False,0.0,1.0235,1.0235,3755.336,2021-01-07 06:00:00,0.577,3771.599,2021-01-07 08:11:00,True,2021-01-07 05:51:00,0.2574,0.577,True,3765.897,2021-01-07 04:56:00,0.0158
ES,2021-01-07,Thursday,RDR,3802.648,3773.851,28.797000000000025,3805.497,3771.933,33.56399999999985,True,LONG,2021-01-07 10:45:00,3807.454,True,True,False,0.3299,0.0,0.3299,3812.148,2021-01-07 15:54:00,0.2367,3795.833,2021-01-07 12:20:00,False,,0.2367,,True,3802.639,2021-01-07 11:10:00,0.0003
ES,2021-01-08,Friday,ADR,3812.351,3807.345,5.006000000000313,3812.399,3806.642,5.757000000000062,True,LONG,2021-01-07 20:30:00,3817.399,True,False,,2.3378,0.0,2.3378,3824.054,2021-01-08 01:12:00,0.0,3814.336,2021-01-07 23:30:00,True,2021-01-07 20:35:00,0.0,0.0,False,,,
ES,2021-01-08,Friday,ODR,3821.849,3814.645,7.204000000000178,3823.899,3812.899,11.0,True,SHORT,2021-01-08 04:00:00,3811.648,True,True,True,0.0,1.1538,1.1538,3806.333,2021-01-08 04:37:00,0.5144,3818.351,2021-01-08 07:17:00,True,2021-01-08 04:08:00,0.0,0.5144,True,3815.149,2021-01-08 04:55:00,0.07
ES,2021-01-08,Friday,RDR,3822.234,3801.739,20.49499999999989,3824.299,3800.936,23.36299999999983,True,SHORT,2021-01-08 13:15:00,3800.242,False,True,False,0.2299,0.9028,0.9028,3783.236,2021-01-08 13:44:00,1.2299,3826.945,2021-01-08 15:59:00,True,2021-01-08 13:23:00,0.0,1.2299,True,3802.254,2021-01-08 14:06:00,0.0251
ES,2021-01-11,Monday,ADR,3816.148,3812.448,3.700000000000273,3817.154,3811.654,5.5,True,SHORT,2021-01-10 20:35:00,3807.133,True,False,,0.0,4.0524,4.0524,3797.454,2021-01-11 01:13:00,0.0,3810.999,2021-01-10 20:52:00,True,2021-01-10 20:40:00,0.0,0.0,False,,,
ES,2021-01-11,Monday,ODR,3810.854,3800.451,10.402999999999793,3811.997,3798.939,13.057999999999993,True,SHORT,2021-01-11 08:25:00,3795.954,True,,,0.0,0.4323,,,,,,,False,,,,False,,,
ES,2021-01-11,Monday,RDR,3808.599,3790.642,17.957000000000335,3810.042,3788.748,21.29399999999987,True,LONG,2021-01-11 10:30:00,3810.548,True,True,False,0.5432,0.0,0.5432,3818.354,2021-01-11 12:51:00,0.8439,3793.445,2021-01-11 15:40:00,True,2021-01-11 12:51:00,0.6048,0.8439,True,3808.533,2021-01-11 10:37:00,0.0037
ES,2021-01-12,Tuesday,ADR,3811.399,3800.399,11.0,3812.554,3799.351,13.202999999999975,True,SHORT,2021-01-11 23:25:00,3799.339,True,True,False,0.0,0.4148,0.4148,3795.836,2021-01-11 23:43:00,0.5595,3806.554,2021-01-12 01:53:00,False,,0.0,,True,3800.545,2021-01-12 00:14:00,0.0133
ES,2021-01-12,Tuesday,ODR,3810.399,3803.339,7.059999999999945,3810.897,3802.036,8.860999999999876,True,LONG,2021-01-12 04:45:00,3814.051,True,True,False,0.5949,0.0,0.5173,3814.051,2021-01-12 04:50:00,0.9129,3803.954,2021-01-12 08:27:00,True,2021-01-12 04:50:00,0.0,0.9129,True,3809.833,2021-01-12 04:57:00,0.0802
ES,2021-01-12,Tuesday,RDR,3807.942,3797.131,10.81100000000015,3809.646,3789.936,19.710000000000036,True,SHORT,2021-01-12 12:05:00,3783.999,True,True,False,0.287,1.9507,1.9507,3776.042,2021-01-12 12:15:00,0.9313,3807.199,2021-01-12 15:58:00,True,2021-01-12 12:10:00,0.0,0.9313,True,3797.648,2021-01-12 13:29:00,0.0478
ES,2021-01-13,Wednesday,ADR,3805.848,3802.554,3.293999999999869,3806.052,3801.845,4.207000000000335,True,LONG,2021-01-12 20:50:00,3806.542,True,True,True,2.1269,0.0,2.1269,3812.854,2021-01-12 23:01:00,0.1554,3805.336,2021-01-13 00:46:00,True,2021-01-12 21:14:00,0.1536,0.1554,True,3805.836,2021-01-12 21:03:00,0.0036
ES,2021-01-13,Wednesday,ODR,3808.536,3805.037,3.499000000000251,3809.399,3804.533,4.8659999999999854,True,LONG,2021-01-13 04:15:00,3809.554,False,True,False,0.4467,5.8548,0.4467,3810.099,2021-01-13 04:21:00,6.8548,3784.551,2021-01-13 07:56:00,False,,0.0,,True,3808.336,2021-01-13 04:28:00,0.0572
ES,2021-01-13,Wednesday,RDR,3804.999,3791.648,13.350999999999658,3805.54,3790.939,14.601000000000113,True,LONG,2021-01-13 10:35:00,3806.645,True,True,True,1.2209,0.0,1.2209,3821.299,2021-01-13 14:17:00,0.1166,3803.442,2021-01-13 12:25:00,True,2021-01-13 12:45:00,0.1166,0.0,True,3804.436,2021-01-13 11:13:00,0.0422
ES,2021-01-14,Thursday,ADR,3820.445,3818.433,2.012000000000171,3820.799,3817.733,3.0659999999998035,True,LONG,2021-01-13 20:30:00,3821.451,False,True,False,2.2411,2.4821,2.2411,3824.954,2021-01-13 22:18:00,3.4821,3813.439,2021-01-14 00:23:00,True,2021-01-13 20:35:00,1.0919,3.4821,True,3820.236,2021-01-13 21:17:00,0.1039
ES,2021-01-14,Thursday,ODR,3821.445,3815.748,5.697000000000116,3821.954,3814.936,7.018000000000029,True,SHORT,2021-01-14 05:35:00,3812.245,True,True,True,0.0893,0.7574,0.7574,3811.433,2021-01-14 06:28:00,0.2196,3816.999,2021-01-14 07:16:00,True,2021-01-14 05:40:00,0.1315,0.2196,True,3815.754,2021-01-14 05:42:00,0.0011
ES,2021-01-14,Thursday,RDR,3823.242,3814.534,8.708000000000084,3823.399,3814.045,9.353999999999814,True,SHORT,2021-01-14 12:40:00,3813.399,True,True,True,0.0,2.4461,2.4461,3793.233,2021-01-14 15:56:00,0.6336,3820.051,2021-01-14 12:57:00,True,2021-01-14 14:53:00,0.6336,0.0,True,3815.354,2021-01-14 12:50:00,0.0942
ES,2021-01-15,Friday,ADR,3802.154,3788.348,13.80600000000004,3802.399,3784.345,18.054000000000087,True,SHORT,2021-01-14 22:55:00,3783.854,True,False,,0.0,1.1745,1.1745,3772.133,2021-01-15 01:04:00,0.0,3787.399,2021-01-14 23:43:00,True,2021-01-15 00:17:00,0.0,0.0,False,,,
ES,2021-01-15,Friday,ODR,3788.349,3783.154,5.195000000000164,3789.897,3782.851,7.045999999999822,True,SHORT,2021-01-15 06:05:00,3781.142,True,True,False,0.5482,1.0202,1.0202,3777.854,2021-01-15 06:24:00,0.8085,3787.354,2021-01-15 07:37:00,True,2021-01-15 06:13:00,0.0,0.8085,True,3783.654,2021-01-15 06:55:00,0.0962
ES,2021-01-15,Friday,RDR,3785.431,3748.736,36.695000000000164,3787.297,3748.299,38.99800000000005,False,,,,,,,0.0,0.0,,,,,,,False,,,,False,,,
ES,2021-01-18,Monday,ADR,3764.052,3756.745,7.307000000000244,3764.252,3755.736,8.516000000000076,False,,,,,,,0.0885,0.1655,,,,,,,False,,,,False,,,
ES,2021-01-18,Monday,ODR,3761.654,3758.746,2.9079999999999018,3763.749,3757.251,6.4979999999995925,True,LONG,2021-01-18 05:40:00,3764.099,True,False,,4.1069,0.0712,4.1069,3773.597,2021-01-18 06:14:00,0.0,3763.642,2021-01-18 05:45:00,True,2021-01-18 05:45:00,0.0,0.0,False,,,
ES,2021-01-18,Monday,RDR,3771.842,3767.639,4.2029999999999745,3772.151,3767.133,5.018000000000029,True,LONG,2021-01-18 10:50:00,3772.648,True,False,,0.9177,0.0,0.9177,3775.699,2021-01-18 12:55:00,0.0,3771.848,2021-01-18 12:29:00,True,2021-01-18 11:32:00,0.0,0.0,False,,,
ES,2021-01-19,Tuesday,ADR,3788.199,3782.548,5.651000000000295,3789.446,3782.445,7.000999999999749,True,LONG,2021-01-18 20:30:00,3789.499,True,True,True,2.5659,0.0,2.5659,3802.699,2021-01-18 22:30:00,0.1002,3787.633,2021-01-18 20:48:00,True,2021-01-18 22:20:00,0.1002,0.0,True,3788.136,2021-01-18 20:44:00,0.0111
ES,2021-01-19,Tuesday,ODR,3798.137,3790.639,7.498000000000047,3798.951,3789.936,9.014999999999873,True,SHORT,2021-01-19 04:25:00,3789.633,False,True,False,0.075,0.2001,0.1921,3789.199,2021-01-19 04:30:00,1.075,3798.699,2021-01-19 06:13:00,False,,0.0,,True,3790.954,2021-01-19 04:31:00,0.042
ES,2021-01-19,Tuesday,RDR,3794.631,3781.751,12.879999999999654,3799.097,3781.733,17.364000000000033,True,LONG,2021-01-19 12:55:00,3799.142,True,False,,0.7429,0.1644,0.7429,3804.199,2021-01-19 13:57:00,0.0,3797.333,2021-01-19 14:44:00,True,2021-01-19 13:04:00,0.0,0.0,False,,,
ES,2021-01-20,Wednesday,ADR,3806.533,3798.033,8.5,3806.599,3797.599,9.0,True,SHORT,2021-01-19 23:20:00,3796.548,False,True,False,0.1194,0.2702,0.1529,3796.733,2021-01-19 23:25:00,1.1194,3807.548,2021-01-20 01:54:00,False,,0.0,,True,3798.245,2021-01-19 23:28:00,0.0249
ES,2021-01-20,Wednesday,ODR,3811.554,3803.036,8.518000000000029,3814.054,3801.739,12.315000000000055,True,LONG,2021-01-20 05:55:00,3814.542,True,True,True,0.6692,0.0,0.6692,3817.254,2021-01-20 08:26:00,0.2124,3809.745,2021-01-20 06:59:00,True,2021-01-20 08:24:00,0.2124,0.0,True,3811.536,2021-01-20 06:28:00,0.0021
ES,2021-01-20,Wednesday,RDR,3838.633,3821.133,17.5,3840.699,3818.699,22.0,True,LONG,2021-01-20 10:45:00,3841.448,True,True,True,1.2209,0.0,1.2209,3859.999,2021-01-20 15:44:00,0.2679,3833.945,2021-01-20 11:11:00,True,2021-01-20 12:40:00,0.2679,0.0,True,3837.936,2021-01-20 11:00:00,0.0398
ES,2021-01-21,Thursday,ADR,3861.242,3853.054,8.188000000000102,3862.099,3852.242,9.856999999999971,True,LONG,2021-01-20 22:00:00,3862.545,True,True,True,0.6728,0.0,0.6728,3866.751,2021-01-20 23:34:00,0.1451,3860.054,2021-01-21 01:38:00,True,2021-01-20 22:45:00,0.0,0.1451,True,3861.039,2021-01-21 01:30:00,0.0248
ES,2021-01-21,Thursday,ODR,3864.154,3855.554,8.599999999999909,3865.099,3855.033,10.066000000000258,False,,,,,,,0.0462,0.0,,,,,,,False,,,,False,,,
ES,2021-01-21,Thursday,RDR,3859.145,3847.354,11.791000000000167,3859.699,3843.851,15.847999999999956,True,LONG,2021-01-21 11:00:00,3860.151,False,True,False,0.1827,0.1953,0.1827,3861.299,2021-01-21 15:48:00,1.1953,3845.051,2021-01-21 12:20:00,False,,1.1953,,True,3858.342,2021-01-21 11:05:00,0.0681
ES,2021-01-22,Friday,ADR,3855.152,3847.399,7.753000000000156,3855.997,3846.633,9.364000000000033,True,SHORT,2021-01-21 21:10:00,3842.139,True,False,,0.0,1.1565,1.1565,3838.433,2021-01-21 22:18:00,0.0,3846.942,2021-01-21 23:26:00,True,2021-01-21 21:15:00,0.0,0.0,False,,,
ES,2021-01-22,Friday,ODR,3837.939,3829.043,8.89599999999973,3838.451,3827.948,10.503000000000156,True,SHORT,2021-01-22 04:40:00,3826.448,True,True,True,0.0854,0.91,0.91,3820.948,2021-01-22 07:40:00,0.3323,3831.999,2021-01-22 05:30:00,True,2021-01-22 06:12:00,0.3323,0.0125,True,3829.149,2021-01-22 04:57:00,0.0119
ES,2021-01-22,Friday,RDR,3844.245,3833.736,10.509000000000015,3844.797,3831.236,13.56100000000015,True,LONG,2021-01-22 11:45:00,3845.551,True,True,False,0.7949,0.3521,0.7949,3852.599,2021-01-22 15:44:00,0.4288,3839.739,2021-01-22 15:59:00,True,2021-01-22 12:01:00,0.2855,0.4288,True,3843.799,2021-01-22 13:06:00,0.0424
ES,2021-01-25,Monday,ADR,3854.649,3851.148,3.500999999999749,3855.639,3851.039,4.599999999999909,True,LONG,2021-01-24 21:15:00,3856.936,True,False,,1.2996,0.0,1.2996,3859.199,2021-01-24 21:51:00,0.0,3855.133,2021-01-25 00:45:00,True,2021-01-24 21:20:00,0.0,0.0,False,,,
ES,2021-01-25,Monday,ODR,3859.999,3853.145,6.8539999999998145,3859.999,3852.433,7.5659999999998035,True,SHORT,2021-01-25 04:45:00,3850.651,True,True,True,0.0,2.0426,2.0426,3839.145,2021-01-25 07:55:00,0.4164,3855.999,2021-01-25 06:08:00,True,2021-01-25 05:11:00,0.4164,0.4164,True,3853.499,2021-01-25 05:39:00,0.0516
ES,2021-01-25,Monday,RDR,3859.239,3846.239,13.0,3859.599,3844.733,14.865999999999985,True,SHORT,2021-01-25 10:50:00,3842.051,True,True,False,0.0,3.8464,3.8464,3796.236,2021-01-25 11:09:00,0.8123,3856.799,2021-01-25 15:59:00,True,2021-01-25 10:56:00,0.0,0.8123,True,3846.245,2021-01-25 13:11:00,0.0005
ES,2021-01-26,Tuesday,ADR,3851.942,3844.648,7.293999999999869,3852.999,3844.433,8.565999999999804,True,SHORT,2021-01-25 21:20:00,3842.951,True,False,,0.0,2.1271,2.1271,3829.133,2021-01-25 23:39:00,0.0,3844.151,2021-01-25 21:29:00,True,2021-01-25 21:40:00,0.0,0.0,False,,,
ES,2021-01-26,Tuesday,ODR,3847.933,3835.145,12.788000000000011,3849.651,3835.142,14.509000000000015,True,LONG,2021-01-26 04:00:00,3850.451,True,True,True,1.2563,0.0,1.2563,3863.999,2021-01-26 07:06:00,0.2178,3845.148,2021-01-26 05:46:00,True,2021-01-26 04:24:00,0.2178,0.2178,True,3847.154,2021-01-26 04:53:00,0.0609
ES,2021-01-26,Tuesday,RDR,3867.599,3852.045,15.554000000000087,3870.054,3850.036,20.01800000000003,True,SHORT,2021-01-26 11:45:00,3848.748,True,True,True,0.0,0.2772,0.2772,3847.733,2021-01-26 11:57:00,0.595,3861.299,2021-01-26 15:29:00,False,,0.0,,True,3852.054,2021-01-26 12:03:00,0.0006
ES,2021-01-27,Wednesday,ADR,3855.231,3851.631,3.600000000000364,3855.599,3849.845,5.75400000000036,True,SHORT,2021-01-26 20:45:00,3849.333,True,False,,0.2689,2.72,2.72,3841.839,2021-01-27 00:38:00,0.0,3850.854,2021-01-27 01:59:00,True,2021-01-26 20:50:00,0.0,0.0,False,,,
ES,2021-01-27,Wednesday,ODR,3848.145,3842.636,5.5090000000000146,3848.145,3840.836,7.3090000000001965,True,SHORT,2021-01-27 05:40:00,3839.836,True,False,,0.1913,8.0414,8.0414,3798.336,2021-01-27 08:00:00,0.0,3840.833,2021-01-27 05:46:00,True,2021-01-27 05:45:00,0.0,0.0,False,,,
ES,2021-01-27,Wednesday,RDR,3813.345,3773.339,40.00599999999986,3813.951,3767.248,46.702999999999975,True,SHORT,2021-01-27 14:30:00,3760.239,True,False,,0.0,1.06,1.06,3730.933,2021-01-27 15:37:00,0.0,3772.299,2021-01-27 14:43:00,True,2021-01-27 14:49:00,0.0,0.0,False,,,
ES,2021-01-28,Thursday,ADR,3750.936,3724.434,26.501999999999953,3751.854,3722.842,29.011999999999716,True,LONG,2021-01-27 20:40:00,3752.333,True,True,False,0.225,0.0,0.225,3756.899,2021-01-27 20:51:00,0.7674,3730.599,2021-01-28 01:21:00,False,,0.0521,,True,3750.836,2021-01-27 20:45:00,0.0038
ES,2021-01-28,Thursday,ODR,3743.399,3715.899,27.5,3744.899,3715.533,29.365999999999985,True,SHORT,2021-01-28 04:20:00,3715.342,False,True,False,0.4602,0.0857,0.0857,3713.542,2021-01-28 04:36:00,1.4602,3756.054,2021-01-28 07:19:00,False,,0.1636,,True,3718.848,2021-01-28 04:25:00,0.1072
ES,2021-01-28,Thursday,RDR,3810.051,3773.449,36.60199999999986,3812.999,3769.939,43.059999999999945,True,LONG,2021-01-28 11:00:00,3814.151,True,True,False,0.5504,0.0,0.5504,3830.197,2021-01-28 13:42:00,0.7299,3783.336,2021-01-28 15:59:00,True,2021-01-28 12:47:00,0.1013,0.7299,True,3809.636,2021-01-28 11:23:00,0.0113
ES,2021-01-29,Friday,ADR,3779.24,3770.039,9.200999999999567,3782.654,3769.133,13.521000000000186,True,SHORT,2021-01-28 20:45:00,3766.842,True,False,,0.0173,4.1718,4.1718,3731.654,2021-01-29 00:41:00,0.0,3768.199,2021-01-28 20:52:00,True,2021-01-28 20:50:00,0.0,0.0,False,,,
ES,2021-01-29,Friday,ODR,3750.542,3728.148,22.393999999999778,3753.054,3727.842,25.21199999999999,True,LONG,2021-01-29 04:00:00,3753.333,True,True,True,0.9069,0.0,0.9069,3770.851,2021-01-29 06:37:00,0.7461,3733.833,2021-01-29 08:00:00,True,2021-01-29 06:27:00,0.5452,0.7461,True,3749.154,2021-01-29 04:16:00,0.062
ES,2021-01-29,Friday,RDR,3776.239,3746.939,29.300000000000182,3776.336,3741.233,35.10299999999961,True,SHORT,2021-01-29 11:25:00,3736.942,True,False,,0.021,1.8603,1.8603,3692.433,2021-01-29 13:17:00,0.0,3742.248,2021-01-29 12:11:00,True,2021-01-29 11:33:00,0.0,0.0,False,,,
ES,2021-02-01,Monday,ADR,3701.333,3687.333,14.0,3702.154,3684.145,18.009000000000015,True,LONG,2021-01-31 20:35:00,3705.045,True,True,True,2.169,0.0,2.169,3731.699,2021-02-01 00:22:00,0.1922,3698.642,2021-01-31 20:46:00,True,2021-01-31 21:20:00,0.1922,0.0489,True,3699.333,2021-01-31 20:45:00,0.1429
ES,2021-02-01,Monday,ODR,3744.639,3734.642,9.997000000000298,3748.351,3728.336,20.015000000000327,True,LONG,2021-02-01 06:20:00,3750.151,True,True,False,1.321,0.0,1.321,3757.845,2021-02-01 06:28:00,0.2007,3742.633,2021-02-01 08:28:00,True,2021-02-01 06:25:00,0.0,0.2007,True,3743.345,2021-02-01 08:26:00,0.1294
ES,2021-02-01,Monday,RDR,3749.648,3725.254,24.394000000000233,3753.933,3724.254,29.679000000000087,True,LONG,2021-02-01 11:25:00,3756.942,True,False,,1.4287,0.0,1.4287,3784.499,2021-02-01 14:52:00,0.0,3756.151,2021-02-01 11:32:00,True,2021-02-01 11:40:00,0.0,0.0,False,,,
ES,2021-02-02,Tuesday,ADR,3789.533,3769.097,20.435999999999694,3790.539,3767.542,22.9970000000003,True,LONG,2021-02-01 20:50:00,3794.833,True,True,True,0.4681,0.0,0.4681,3799.099,2021-02-01 21:37:00,0.0343,3788.833,2021-02-01 21:14:00,False,,0.0343,,True,3788.833,2021-02-01 21:14:00,0.0343
ES,2021-02-02,Tuesday,ODR,3803.842,3792.04,11.802000000000135,3804.854,3789.033,15.820999999999913,True,LONG,2021-02-02 04:10:00,3805.051,True,True,False,0.6401,0.0,0.6401,3811.397,2021-02-02 05:51:00,0.322,3800.042,2021-02-02 07:00:00,True,2021-02-02 05:49:00,0.1477,0.322,True,3803.833,2021-02-02 04:16:00,0.0008
ES,2021-02-02,Tuesday,RDR,3835.939,3806.897,29.041999999999916,3836.499,3806.634,29.86499999999978,True,LONG,2021-02-02 11:05:00,3836.954,True,True,False,0.2484,0.0,0.2484,3843.154,2021-02-02 12:15:00,0.3891,3824.639,2021-02-02 15:59:00,False,,0.0447,,True,3835.633,2021-02-02 11:11:00,0.0105
ES,2021-02-03,Wednesday,ADR,3845.251,3838.837,6.414000000000215,3846.254,3837.533,8.721000000000004,True,SHORT,2021-02-02 20:30:00,3837.342,True,True,False,0.0,0.9359,0.9359,3832.834,2021-02-02 21:07:00,0.8669,3844.397,2021-02-03 01:19:00,True,2021-02-02 20:35:00,0.2744,0.8669,True,3838.852,2021-02-02 20:38:00,0.0023
ES,2021-02-03,Wednesday,ODR,3849.542,3841.336,8.206000000000131,3850.836,3840.531,10.304999999999836,True,SHORT,2021-02-03 04:05:00,3837.336,True,True,True,0.0,0.8287,0.8287,3834.536,2021-02-03 07:25:00,0.209,3843.051,2021-02-03 05:50:00,True,2021-02-03 04:10:00,0.209,0.209,True,3841.854,2021-02-03 05:49:00,0.0631
ES,2021-02-03,Wednesday,RDR,3839.554,3818.451,21.103000000000065,3841.197,3817.951,23.246000000000095,True,LONG,2021-02-03 13:35:00,3843.539,True,True,False,0.4025,0.1335,0.4025,3848.049,2021-02-03 14:37:00,0.4836,3829.348,2021-02-03 15:59:00,False,,0.0,,True,3839.339,2021-02-03 15:02:00,0.0102
ES,2021-02-04,Thursday,ADR,3838.931,3832.651,6.2800000000002,3839.499,3831.633,7.8659999999999854,True,SHORT,2021-02-03 22:20:00,3829.945,True,False,,0.0,2.2325,2.2325,3818.631,2021-02-04 00:15:00,0.0,3831.499,2021-02-04 01:55:00,True,2021-02-03 22:25:00,0.0,0.0,False,,,
ES,2021-02-04,Thursday,ODR,3839.143,3827.633,11.510000000000218,3839.497,3827.131,12.365999999999985,False,,,,,,,0.0694,0.0,,,,,,,False,,,,False,,,
ES,2021-02-04,Thursday,RDR,3853.736,3839.651,14.085000000000036,3854.249,3837.731,16.517999999999574,True,LONG,2021-02-04 11:00:00,3856.052,True,True,True,1.3533,0.0,1.3533,3872.797,2021-02-04 15:59:00,0.0705,3852.743,2021-02-04 11:14:00,True,2021-02-04 13:12:00,0.0705,0.0,True,3853.537,2021-02-04 11:12:00,0.0141
ES,2021-02-05,Friday,ADR,3870.852,3867.152,3.699999999999818,3871.899,3866.836,5.063000000000102,True,LONG,2021-02-04 20:45:00,3872.636,True,False,,3.6614,0.0,3.6614,3884.399,2021-02-05 01:30:00,0.0,3871.839,2021-02-04 20:51:00,True,2021-02-04 20:50:00,0.0,0.0,False,,,
ES,2021-02-05,Friday,ODR,3881.139,3877.533,3.606000000000222,3881.197,3876.839,4.358000000000175,True,LONG,2021-02-05 04:20:00,3882.142,True,False,,3.2612,0.0,3.2612,3892.899,2021-02-05 06:10:00,0.0,3881.345,2021-02-05 04:26:00,True,2021-02-05 04:32:00,0.0,0.0,False,,,
ES,2021-02-05,Friday,RDR,3892.651,3875.44,17.210999999999785,3892.948,3875.433,17.514999999999873,True,LONG,2021-02-05 12:55:00,3894.245,True,True,False,0.1248,0.0,0.1248,3894.799,2021-02-05 13:00:00,0.6342,3881.736,2021-02-05 15:29:00,False,,0.0,,True,3892.236,2021-02-05 13:03:00,0.0241
ES,2021-02-08,Monday,ADR,3905.899,3901.134,4.764999999999873,3905.899,3900.131,5.768000000000029,True,LONG,2021-02-07 21:45:00,3906.199,True,True,False,0.1679,0.0,0.1679,3906.699,2021-02-07 22:16:00,0.9582,3901.333,2021-02-08 00:40:00,False,,0.1163,,True,3905.833,2021-02-07 21:51:00,0.0139
ES,2021-02-08,Monday,ODR,3899.642,3894.345,5.2970000000000255,3900.654,3893.042,7.61200000000008,True,LONG,2021-02-08 08:15:00,3901.648,True,False,,0.566,0.4618,0.566,3902.64,2021-02-08 08:24:00,0.0,3900.634,2021-02-08 08:21:00,True,2021-02-08 08:24:00,0.0,0.0,False,,,
ES,2021-02-08,Monday,RDR,3908.236,3901.942,6.293999999999869,3908.454,3900.731,7.722999999999956,True,SHORT,2021-02-08 11:10:00,3900.445,False,True,False,1.2016,1.2718,1.2718,3893.937,2021-02-08 11:41:00,2.2016,3915.799,2021-02-08 15:59:00,True,2021-02-08 11:31:00,0.081,2.2016,True,3902.452,2021-02-08 11:22:00,0.081
ES,2021-02-09,Tuesday,ADR,3915.597,3910.731,4.8659999999999854,3917.042,3910.233,6.808999999999742,True,LONG,2021-02-08 20:50:00,3917.054,True,True,False,0.5037,0.0,0.5037,3918.048,2021-02-08 21:31:00,0.6301,3912.531,2021-02-08 22:46:00,True,2021-02-08 21:31:00,0.0,0.6301,True,3915.254,2021-02-08 21:42:00,0.0705
ES,2021-02-09,Tuesday,ODR,3915.039,3912.252,2.787000000000262,3916.099,3911.233,4.8659999999999854,True,SHORT,2021-02-09 04:05:00,3910.054,True,False,,0.0,2.8759,2.8759,3904.237,2021-02-09 06:08:00,0.0,3911.799,2021-02-09 05:04:00,True,2021-02-09 04:10:00,0.0,0.0,False,,,
ES,2021-02-09,Tuesday,RDR,3913.142,3905.133,8.009000000000015,3913.699,3901.331,12.367999999999938,True,LONG,2021-02-09 12:10:00,3915.345,True,True,False,0.6508,0.2165,0.6508,3918.354,2021-02-09 15:39:00,0.5632,3908.631,2021-02-09 15:57:00,True,2021-02-09 12:52:00,0.2259,0.5632,True,3912.846,2021-02-09 12:20:00,0.037
ES,2021-02-10,Wednesday,ADR,3922.748,3915.142,7.606000000000222,3924.037,3914.733,9.303999999999633,True,LONG,2021-02-09 20:55:00,3925.051,True,False,,0.6312,0.0,0.6312,3927.549,2021-02-10 01:10:00,0.0,3923.74,2021-02-09 21:57:00,True,2021-02-09 22:10:00,0.0,0.0,False,,,
ES,2021-02-10,Wednesday,ODR,3927.297,3922.746,4.550999999999931,3928.054,3921.531,6.523000000000138,False,,,,,,,0.2103,0.1112,,,,,,,False,,,,False,,,
ES,2021-02-10,Wednesday,RDR,3930.552,3899.854,30.69800000000032,3932.142,3896.642,35.5,True,SHORT,2021-02-10 10:40:00,3886.899,True,True,False,0.0,0.4959,0.4795,3885.133,2021-02-10 10:45:00,0.6774,3920.648,2021-02-10 15:02:00,False,,0.0,,True,3901.197,2021-02-10 10:52:00,0.0437
ES,2021-02-11,Thursday,ADR,3905.94,3900.054,5.885999999999967,3906.751,3899.736,7.015000000000327,True,LONG,2021-02-10 21:35:00,3907.036,True,False,,1.2503,0.0525,1.2503,3913.299,2021-02-11 01:38:00,0.0,3906.534,2021-02-10 21:44:00,True,2021-02-10 21:52:00,0.0,0.0,False,,,
ES,2021-02-11,Thursday,ODR,3920.549,3911.242,9.306999999999789,3921.043,3911.037,10.006000000000313,True,LONG,2021-02-11 05:05:00,3921.239,True,True,True,0.2692,0.0,0.2692,3923.054,2021-02-11 06:25:00,0.4089,3916.743,2021-02-11 07:09:00,False,,0.2705,,True,3919.931,2021-02-11 05:11:00,0.0664
ES,2021-02-11,Thursday,RDR,3924.133,3912.345,11.788000000000011,3925.197,3911.351,13.846000000000004,True,SHORT,2021-02-11 12:10:00,3910.999,True,True,False,0.0,1.9009,1.9009,3889.937,2021-02-11 12:46:00,0.5265,3918.551,2021-02-11 15:59:00,True,2021-02-11 12:17:00,0.0,0.5265,True,3912.751,2021-02-11 15:12:00,0.0344
ES,2021-02-12,Friday,ADR,3914.739,3911.237,3.5019999999999527,3915.099,3911.036,4.063000000000102,True,SHORT,2021-02-11 20:35:00,3910.499,True,True,True,0.0,1.4866,1.4866,3906.031,2021-02-11 21:55:00,0.3883,3912.597,2021-02-11 21:11:00,True,2021-02-11 20:42:00,0.3883,0.3883,True,3911.297,2021-02-11 20:54:00,0.0171
ES,2021-02-12,Friday,ODR,3910.254,3895.739,14.514999999999873,3910.799,3895.043,15.755999999999858,True,LONG,2021-02-12 07:30:00,3911.099,True,True,False,0.1032,0.0,0.1032,3911.752,2021-02-12 08:06:00,0.1734,3907.737,2021-02-12 07:48:00,False,,0.1734,,True,3909.748,2021-02-12 07:37:00,0.0349
ES,2021-02-12,Friday,RDR,3915.349,3906.249,9.100000000000364,3915.642,3905.837,9.804999999999836,True,LONG,2021-02-12 10:35:00,3919.345,True,True,True,2.4498,0.0,2.4498,3937.642,2021-02-12 15:59:00,0.1882,3913.636,2021-02-12 13:21:00,True,2021-02-12 10:40:00,0.1882,0.1882,True,3915.333,2021-02-12 13:19:00,0.0018
ES,2021-02-15,Monday,ADR,3949.899,3947.531,2.367999999999938,3950.599,3947.531,3.068000000000211,True,LONG,2021-02-14 21:10:00,3950.854,True,True,True,1.7534,0.2893,1.7534,3954.051,2021-02-14 23:08:00,0.4502,3948.833,2021-02-14 22:11:00,True,2021-02-14 21:15:00,0.4502,0.4502,True,3949.854,2021-02-14 21:30:00,0.019
ES,2021-02-15,Monday,ODR,3952.848,3948.545,4.302999999999884,3953.048,3948.333,4.714999999999691,True,LONG,2021-02-15 05:15:00,3953.333,True,True,False,0.709,0.0,0.709,3955.899,2021-02-15 05:20:00,0.5345,3950.548,2021-02-15 07:45:00,True,2021-02-15 05:20:00,0.0,0.5345,True,3952.542,2021-02-15 06:01:00,0.0711
ES,2021-02-15,Monday,RDR,3955.636,3952.436,3.199999999999818,3955.646,3952.131,3.5150000000003274,True,LONG,2021-02-15 11:15:00,3956.642,True,True,False,0.4259,0.0,0.4259,3956.999,2021-02-15 11:28:00,0.5294,3953.942,2021-02-15 11:35:00,False,,0.0,,True,3955.439,2021-02-15 11:30:00,0.0616
ES,2021-02-16,Tuesday,ADR,3961.352,3956.034,5.317999999999756,3961.854,3955.534,6.319999999999709,True,LONG,2021-02-15 20:40:00,3962.039,True,True,False,0.4225,0.0946,0.4225,3963.599,2021-02-15 23:09:00,1.0946,3955.531,2021-02-16 00:46:00,False,,0.2856,,True,3961.336,2021-02-15 20:52:00,0.003
ES,2021-02-16,Tuesday,ODR,3956.597,3953.342,3.255000000000109,3956.999,3952.333,4.665999999999713,True,SHORT,2021-02-16 04:35:00,3952.033,False,True,False,0.537,1.0129,0.8608,3950.54,2021-02-16 06:08:00,1.537,3958.345,2021-02-16 07:17:00,True,2021-02-16 06:07:00,0.9253,1.537,True,3953.399,2021-02-16 04:43:00,0.0175
ES,2021-02-16,Tuesday,RDR,3948.649,3938.436,10.212999999999738,3949.451,3936.131,13.320000000000164,True,LONG,2021-02-16 10:35:00,3949.645,False,True,False,0.1028,1.4493,0.1026,3949.697,2021-02-16 10:40:00,2.4493,3923.634,2021-02-16 12:10:00,False,,0.0013,,True,3948.636,2021-02-16 10:40:00,0.0013
ES,2021-02-17,Wednesday,ADR,3924.642,3917.934,6.707999999999629,3924.651,3916.999,7.652000000000044,True,LONG,2021-02-16 21:05:00,3924.954,True,True,True,1.7162,0.0,1.7162,3936.154,2021-02-17 01:30:00,0.0315,3924.431,2021-02-16 21:10:00,True,2021-02-16 21:44:00,0.0315,0.0,True,3924.431,2021-02-16 21:10:00,0.0315
ES,2021-02-17,Wednesday,ODR,3934.699,3922.145,12.554000000000087,3936.497,3920.839,15.657999999999902,False,,,,,,,0.0,0.0,,,,,,,False,,,,False,,,
ES,2021-02-17,Wednesday,RDR,3923.239,3908.046,15.193000000000211,3924.752,3900.731,24.02099999999973,True,LONG,2021-02-17 14:00:00,3925.248,True,True,True,0.6921,0.4018,0.6921,3933.754,2021-02-17 15:58:00,0.2133,3919.999,2021-02-17 14:30:00,True,2021-02-17 15:22:00,0.2133,0.0,True,3922.233,2021-02-17 14:22:00,0.0662
ES,2021-02-18,Thursday,ADR,3938.797,3936.045,2.7519999999999527,3939.546,3935.733,3.812999999999647,True,SHORT,2021-02-17 20:35:00,3932.551,True,True,True,0.0,6.6548,6.6548,3917.731,2021-02-17 23:20:00,0.5483,3937.554,2021-02-17 22:00:00,True,2021-02-17 20:40:00,0.5483,0.5483,True,3936.733,2021-02-17 21:52:00,0.25
ES,2021-02-18,Thursday,ODR,3928.245,3914.534,13.710999999999785,3928.499,3914.031,14.467999999999847,True,SHORT,2021-02-18 06:00:00,3910.548,True,True,True,0.0038,0.4377,0.4377,3908.533,2021-02-18 06:05:00,0.384,3919.799,2021-02-18 07:48:00,False,,0.0,,True,3914.754,2021-02-18 06:13:00,0.016
ES,2021-02-18,Thursday,RDR,3905.145,3888.346,16.798999999999978,3909.836,3885.833,24.0029999999997,True,LONG,2021-02-18 13:30:00,3911.345,True,False,,1.0122,0.2388,1.0122,3922.149,2021-02-18 15:36:00,0.0,3908.331,2021-02-18 13:41:00,True,2021-02-18 14:02:00,0.0,0.0,False,,,
ES,2021-02-19,Friday,ADR,3915.534,3904.333,11.201000000000022,3916.054,3904.333,11.721000000000004,True,SHORT,2021-02-18 20:30:00,3897.839,True,True,False,0.0,0.9374,0.9374,3893.833,2021-02-18 21:39:00,0.6308,3911.399,2021-02-19 01:50:00,True,2021-02-18 20:35:00,0.0,0.6308,True,3904.549,2021-02-19 00:10:00,0.0193
ES,2021-02-19,Friday,ODR,3916.842,3907.851,8.990999999999985,3917.399,3907.248,10.15099999999984,True,LONG,2021-02-19 04:10:00,3918.342,True,False,,1.691,0.0,1.691,3932.046,2021-02-19 07:36:00,0.0,3917.531,2021-02-19 04:15:00,True,2021-02-19 04:33:00,0.0,0.0,False,,,
ES,2021-02-19,Friday,RDR,3928.336,3919.454,8.881999999999607,3929.348,3917.443,11.904999999999745,True,LONG,2021-02-19 11:25:00,3929.645,False,True,False,0.2369,1.916,0.2369,3930.44,2021-02-19 11:32:00,2.916,3902.436,2021-02-19 15:56:00,False,,0.0,,True,3928.136,2021-02-19 11:34:00,0.0225
ES,2021-02-22,Monday,ADR,3916.949,3908.24,8.709000000000287,3917.299,3907.751,9.547999999999774,True,SHORT,2021-02-21 20:50:00,3905.742,True,True,True,0.0,1.7808,1.7808,3892.731,2021-02-22 01:01:00,0.3857,3911.599,2021-02-21 21:19:00,True,2021-02-21 21:28:00,0.3857,0.0,True,3908.548,2021-02-21 20:57:00,0.0354
ES,2021-02-22,Monday,ODR,3881.531,3867.646,13.884999999999764,3881.754,3864.531,17.222999999999956,False,,,,,,,0.0371,0.0,,,,,,,False,,,,False,,,
ES,2021-02-22,Monday,RDR,3889.699,3874.652,15.047000000000025,3891.899,3873.349,18.549999999999727,True,LONG,2021-02-22 12:50:00,3892.999,True,True,False,0.861,0.0,0.861,3902.654,2021-02-22 13:55:00,0.9549,3875.331,2021-02-22 15:59:00,True,2021-02-22 13:22:00,0.0,0.9549,True,3889.631,2021-02-22 15:11:00,0.0045
ES,2021-02-23,Tuesday,ADR,3881.242,3873.754,7.488000000000284,3881.551,3873.139,8.411999999999807,True,LONG,2021-02-22 20:35:00,3884.539,True,False,,2.3783,0.0,2.3783,3899.051,2021-02-23 00:08:00,0.0,3882.234,2021-02-22 22:23:00,True,2021-02-22 20:41:00,0.0,0.0,False,,,
ES,2021-02-23,Tuesday,ODR,3894.749,3879.751,14.997999999999593,3895.097,3878.243,16.85400000000027,True,SHORT,2021-02-23 04:00:00,3872.736,True,False,,0.0,2.4346,2.4346,3843.237,2021-02-23 05:37:00,0.0,3874.251,2021-02-23 04:06:00,True,2021-02-23 04:05:00,0.0,0.0,False,,,
ES,2021-02-23,Tuesday,RDR,3852.648,3814.634,38.014000000000124,3853.646,3808.251,45.39499999999998,True,LONG,2021-02-23 10:45:00,3860.639,True,True,True,1.1246,0.0,1.1246,3895.399,2021-02-23 15:27:00,0.5656,3831.148,2021-02-23 13:00:00,True,2021-02-23 14:54:00,0.5656,0.0,True,3850.839,2021-02-23 11:21:00,0.0476
ES,2021-02-24,Wednesday,ADR,3888.437,3873.034,15.402999999999793,3889.652,3872.737,16.914999999999964,True,LONG,2021-02-23 20:50:00,3890.051,False,True,False,0.2832,1.1687,0.1533,3890.799,2021-02-23 20:55:00,2.1687,3855.033,2021-02-24 01:19:00,False,,0.0,,True,3888.052,2021-02-23 20:56:00,0.025
ES,2021-02-24,Wednesday,ODR,3879.554,3871.049,8.50500000000011,3880.251,3867.754,12.497000000000298,True,LONG,2021-02-24 04:00:00,3880.599,True,True,True,2.3378,0.0,2.3378,3899.437,2021-02-24 07:52:00,0.2376,3877.533,2021-02-24 04:14:00,True,2021-02-24 04:20:00,0.2376,0.0,True,3879.234,2021-02-24 04:05:00,0.0376
ES,2021-02-24,Wednesday,RDR,3881.84,3861.836,20.00400000000036,3882.699,3858.836,23.863000000000284,True,LONG,2021-02-24 10:30:00,3883.354,True,True,True,2.3646,0.0,2.3646,3929.142,2021-02-24 15:51:00,0.1853,3878.133,2021-02-24 10:38:00,True,2021-02-24 10:56:00,0.1853,0.0,True,3881.339,2021-02-24 10:35:00,0.025
ES,2021-02-25,Thursday,ADR,3933.851,3927.834,6.01700000000028,3934.539,3927.031,7.508000000000266,True,SHORT,2021-02-24 20:50:00,3926.399,False,True,False,0.5066,0.4986,0.4986,3924.834,2021-02-24 21:06:00,1.5066,3936.899,2021-02-25 00:20:00,False,,0.0361,,True,3927.897,2021-02-24 20:55:00,0.0105
ES,2021-02-25,Thursday,ODR,3930.554,3921.933,8.621000000000095,3931.399,3920.833,10.565999999999804,True,SHORT,2021-02-25 04:05:00,3919.533,True,True,True,0.0,1.6703,1.6703,3907.533,2021-02-25 08:15:00,0.6513,3927.548,2021-02-25 06:02:00,True,2021-02-25 04:55:00,0.6513,0.6513,True,3922.054,2021-02-25 04:12:00,0.014
ES,2021-02-25,Thursday,RDR,3922.442,3900.136,22.30600000000004,3924.948,3898.431,26.516999999999825,True,SHORT,2021-02-25 10:30:00,3896.636,True,True,True,0.0,3.9049,3.9049,3813.033,2021-02-25 15:38:00,0.1124,3902.643,2021-02-25 11:21:00,True,2021-02-25 10:38:00,0.1124,0.1124,True,3900.699,2021-02-25 11:08:00,0.0252
ES,2021-02-26,Friday,ADR,3836.551,3808.742,27.80899999999974,3838.797,3808.031,30.766000000000076,True,LONG,2021-02-25 21:15:00,3840.754,True,True,False,0.3793,0.0256,0.3793,3847.099,2021-02-25 21:30:00,1.0256,3808.031,2021-02-26 00:35:00,False,,0.0,,True,3836.037,2021-02-25 21:59:00,0.0185
ES,2021-02-26,Friday,ODR,3849.543,3818.051,31.49200000000019,3850.399,3815.333,35.0659999999998,True,SHORT,2021-02-26 06:40:00,3814.051,True,True,False,0.0,0.2387,0.2387,3810.533,2021-02-26 06:47:00,0.724,3840.851,2021-02-26 07:40:00,False,,0.0,,True,3819.551,2021-02-26 06:51:00,0.0476
ES,2021-02-26,Friday,RDR,3849.243,3791.142,58.10100000000011,3854.999,3788.133,66.86599999999999,True,LONG,2021-02-26 12:10:00,3857.136,True,True,False,0.2099,0.0085,0.2099,3861.437,2021-02-26 12:19:00,0.6335,3812.436,2021-02-26 15:59:00,False,,0.0,,True,3847.831,2021-02-26 12:40:00,0.0243
ES,2021-03-01,Monday,ADR,3845.733,3840.836,4.897000000000389,3846.597,3839.831,6.766000000000076,True,LONG,2021-02-28 20:40:00,3846.739,False,True,False,0.8372,0.7141,0.8372,3849.833,2021-02-28 21:11:00,1.7141,3837.339,2021-02-28 23:50:00,True,2021-02-28 20:50:00,0.0,1.7141,True,3845.337,2021-02-28 21:27:00,0.0809
ES,2021-03-01,Monday,ODR,3858.399,3853.048,5.351000000000113,3859.897,3850.833,9.06399999999985,True,SHORT,2021-03-01 06:10:00,3850.054,True,True,True,0.1869,1.2538,1.2538,3846.339,2021-03-01 06:54:00,0.7113,3856.854,2021-03-01 08:15:00,True,2021-03-01 06:15:00,0.0,0.7113,True,3854.599,2021-03-01 08:04:00,0.2899
ES,2021-03-01,Monday,RDR,3887.645,3861.852,25.79300000000012,3889.697,3861.439,28.258000000000266,True,LONG,2021-03-01 10:35:00,3891.948,True,False,,1.0605,0.0,1.0605,3914.999,2021-03-01 14:54:00,0.0,3888.131,2021-03-01 13:16:00,True,2021-03-01 11:58:00,0.0,0.0,False,,,
ES,2021-03-02,Tuesday,ADR,3907.352,3903.336,4.016000000000076,3907.899,3902.042,5.856999999999971,True,SHORT,2021-03-01 20:30:00,3899.842,True,False,,0.0,5.7263,5.7263,3880.339,2021-03-02 00:29:00,0.0,3902.046,2021-03-01 21:13:00,True,2021-03-01 20:35:00,0.0,0.0,False,,,
ES,2021-03-02,Tuesday,ODR,3889.345,3873.548,15.797000000000025,3891.897,3873.034,18.86299999999983,True,SHORT,2021-03-02 04:10:00,3872.899,False,True,False,0.6681,0.2666,0.096,3872.031,2021-03-02 04:18:00,1.6681,3899.899,2021-03-02 07:45:00,False,,0.1615,,True,3874.397,2021-03-02 04:15:00,0.0537
ES,2021-03-02,Tuesday,RDR,3903.549,3880.948,22.601000000000113,3906.454,3880.936,25.51800000000003,True,SHORT,2021-03-02 10:35:00,3879.937,True,True,True,0.0,0.558,0.558,3868.336,2021-03-02 15:59:00,0.9868,3903.251,2021-03-02 13:39:00,True,2021-03-02 15:59:00,0.9868,0.0,True,3882.436,2021-03-02 10:43:00,0.0658
ES,2021-03-03,Wednesday,ADR,3883.542,3873.045,10.496999999999844,3884.397,3872.548,11.84900000000016,True,LONG,2021-03-02 22:10:00,3884.833,True,True,True,0.6245,0.1135,0.6245,3890.097,2021-03-03 01:53:00,0.1902,3881.545,2021-03-02 22:45:00,True,2021-03-03 01:33:00,0.1902,0.0,True,3883.351,2021-03-02 22:29:00,0.0182
ES,2021-03-03,Wednesday,ODR,3895.936,3892.342,3.594000000000051,3897.399,3891.845,5.554000000000087,True,LONG,2021-03-03 04:10:00,3899.836,False,True,False,1.2293,4.1205,1.2293,3900.354,2021-03-03 04:15:00,5.1205,3877.533,2021-03-03 08:21:00,True,2021-03-03 04:15:00,0.0,5.1205,True,3895.099,2021-03-03 04:34:00,0.2329
ES,2021-03-03,Wednesday,RDR,3869.642,3840.131,29.510999999999967,3872.954,3835.937,37.01700000000028,True,SHORT,2021-03-03 14:30:00,3828.536,True,True,True,0.0137,0.7419,0.7419,3818.236,2021-03-03 15:59:00,0.2869,3848.599,2021-03-03 15:11:00,True,2021-03-03 15:53:00,0.2869,0.0,True,3841.536,2021-03-03 14:38:00,0.0476
ES,2021-03-04,Thursday,ADR,3813.948,3806.445,7.502999999999702,3815.133,3805.936,9.196999999999662,True,SHORT,2021-03-03 21:25:00,3803.948,True,True,True,0.1991,3.5246,3.5246,3780.0,2021-03-03 23:07:00,0.0945,3807.154,2021-03-04 01:12:00,True,2021-03-03 21:33:00,0.0137,0.0945,True,3806.548,2021-03-03 21:31:00,0.0137
ES,2021-03-04,Thursday,ODR,3819.442,3810.945,8.496999999999844,3820.699,3808.433,12.266000000000076,True,SHORT,2021-03-04 04:10:00,3806.151,True,True,False,0.0,2.3316,2.3316,3791.133,2021-03-04 05:42:00,0.7657,3817.451,2021-03-04 08:24:00,True,2021-03-04 04:15:00,0.0,0.7657,True,3811.645,2021-03-04 07:15:00,0.0824
ES,2021-03-04,Thursday,RDR,3836.736,3790.742,45.99399999999969,3837.748,3790.233,47.51499999999987,True,LONG,2021-03-04 11:45:00,3839.742,False,True,False,0.163,1.4786,0.163,3844.233,2021-03-04 12:09:00,2.4786,3722.733,2021-03-04 13:59:00,False,,0.0978,,True,3835.733,2021-03-04 11:52:00,0.0218
ES,2021-03-05,Friday,ADR,3751.933,3735.336,16.597000000000207,3751.954,3733.636,18.31800000000021,True,LONG,2021-03-04 21:45:00,3752.151,True,True,True,1.2063,0.0,1.2063,3771.954,2021-03-05 01:00:00,0.0,3751.933,2021-03-04 21:50:00,True,2021-03-04 22:34:00,0.0,0.0,True,3751.933,2021-03-04 21:50:00,0.0
ES,2021-03-05,Friday,ODR,3760.199,3744.639,15.559999999999945,3760.699,3741.133,19.56600000000026,True,LONG,2021-03-05 05:35:00,3761.448,True,False,,1.5395,0.0,1.5395,3784.154,2021-03-05 08:26:00,0.0,3760.633,2021-03-05 05:40:00,True,2021-03-05 06:12:00,0.0,0.0,False,,,
ES,2021-03-05,Friday,RDR,3808.936,3765.051,43.88500000000022,3810.051,3762.239,47.8119999999999,True,SHORT,2021-03-05 10:30:00,3761.754,False,True,False,0.9825,0.782,0.782,3730.733,2021-03-05 11:28:00,1.9825,3852.054,2021-03-05 15:53:00,True,2021-03-05 11:16:00,0.1948,1.9825,True,3773.599,2021-03-05 10:36:00,0.1948
ES,2021-03-08,Monday,ADR,3854.442,3844.633,9.809000000000196,3856.954,3843.642,13.312000000000353,True,SHORT,2021-03-07 21:20:00,3837.454,True,False,,0.0,1.9568,1.9568,3825.439,2021-03-08 00:30:00,0.0,3839.454,2021-03-07 21:26:00,True,2021-03-07 21:25:00,0.0,0.0,False,,,
ES,2021-03-08,Monday,ODR,3819.451,3808.442,11.009000000000015,3820.499,3806.639,13.859999999999673,True,SHORT,2021-03-08 04:20:00,3800.633,False,True,False,1.4713,0.9092,0.9092,3798.433,2021-03-08 04:26:00,2.4713,3835.648,2021-03-08 08:27:00,True,2021-03-08 04:25:00,0.0,2.4713,True,3808.648,2021-03-08 04:41:00,0.0187
ES,2021-03-08,Monday,RDR,3871.251,3837.445,33.80600000000004,3873.299,3831.936,41.36299999999983,True,LONG,2021-03-08 10:30:00,3877.036,False,True,False,0.2972,0.565,0.2972,3881.299,2021-03-08 13:19:00,1.565,3818.345,2021-03-08 15:59:00,False,,0.459,,True,3866.736,2021-03-08 10:38:00,0.1336
ES,2021-03-09,Tuesday,ADR,3846.051,3832.033,14.018000000000029,3847.354,3830.839,16.514999999999873,True,SHORT,2021-03-08 20:35:00,3829.542,False,True,False,0.6455,0.2994,0.2994,3827.836,2021-03-08 20:58:00,1.6455,3855.099,2021-03-08 23:06:00,False,,0.0584,,True,3832.851,2021-03-08 20:46:00,0.0584
ES,2021-03-09,Tuesday,ODR,3858.099,3845.833,12.266000000000076,3859.099,3844.851,14.248000000000047,True,LONG,2021-03-09 04:10:00,3859.339,True,True,False,0.693,0.0,0.693,3866.599,2021-03-09 06:47:00,0.4933,3852.048,2021-03-09 07:40:00,True,2021-03-09 04:43:00,0.2255,0.4933,True,3858.045,2021-03-09 04:17:00,0.0044
ES,2021-03-09,Tuesday,RDR,3887.442,3862.336,25.106000000000222,3889.954,3856.936,33.01800000000003,True,LONG,2021-03-09 11:00:00,3892.451,True,True,False,0.6236,0.0,0.6236,3903.099,2021-03-09 14:00:00,0.6017,3872.336,2021-03-09 15:59:00,True,2021-03-09 12:19:00,0.0,0.6017,True,3887.233,2021-03-09 15:36:00,0.0083
ES,2021-03-10,Wednesday,ADR,3877.245,3873.148,4.096999999999753,3877.799,3871.236,6.563000000000102,True,SHORT,2021-03-09 20:30:00,3869.042,True,True,True,0.0,3.5665,3.5665,3858.536,2021-03-10 01:21:00,0.1101,3873.599,2021-03-09 23:39:00,True,2021-03-09 20:35:00,0.1101,0.1101,True,3873.599,2021-03-09 23:39:00,0.1101
ES,2021-03-10,Wednesday,ODR,3879.545,3868.048,11.497000000000298,3879.754,3863.739,16.014999999999873,True,LONG,2021-03-10 04:20:00,3880.245,True,True,False,0.457,0.0875,0.457,3884.799,2021-03-10 05:21:00,1.0875,3867.042,2021-03-10 06:28:00,False,,0.1141,,True,3879.036,2021-03-10 04:25:00,0.0443
ES,2021-03-10,Wednesday,RDR,3909.399,3888.839,20.559999999999945,3912.848,3888.136,24.71199999999999,True,SHORT,2021-03-10 10:35:00,3887.136,False,True,False,0.4202,0.1702,0.1702,3885.339,2021-03-10 10:40:00,1.4202,3918.039,2021-03-10 14:49:00,False,,0.0,,True,3891.148,2021-03-10 10:41:00,0.1123
ES,2021-03-11,Thursday,ADR,3901.142,3895.136,6.005999999999858,3902.254,3894.733,7.520999999999731,True,LONG,2021-03-10 20:45:00,3907.539,True,False,,3.5152,0.0,3.5152,3922.254,2021-03-11 01:59:00,0.0,3906.742,2021-03-10 20:50:00,True,2021-03-10 20:50:00,0.0,0.0,False,,,
ES,2021-03-11,Thursday,ODR,3926.745,3922.099,4.645999999999731,3927.097,3921.739,5.358000000000175,True,LONG,2021-03-11 04:10:00,3929.051,True,True,False,0.8625,0.251,0.8625,3930.752,2021-03-11 04:19:00,1.251,3920.933,2021-03-11 07:00:00,True,2021-03-11 04:15:00,0.0,1.251,True,3926.236,2021-03-11 04:30:00,0.1096
ES,2021-03-11,Thursday,RDR,3934.639,3921.842,12.797000000000025,3936.148,3920.854,15.294000000000324,True,LONG,2021-03-11 10:40:00,3937.845,True,False,,1.9973,0.0,1.9973,3960.199,2021-03-11 13:07:00,0.0,3936.339,2021-03-11 15:58:00,True,2021-03-11 10:50:00,0.0,0.0,False,,,
ES,2021-03-12,Friday,ADR,3945.942,3941.833,4.108999999999924,3945.999,3941.233,4.765999999999622,True,SHORT,2021-03-11 21:20:00,3939.951,False,True,True,0.3651,1.7279,1.7279,3934.733,2021-03-11 21:45:00,1.3651,3947.442,2021-03-12 00:04:00,True,2021-03-11 21:25:00,0.0,1.3651,True,3942.448,2021-03-11 22:50:00,0.1497
ES,2021-03-12,Friday,ODR,3925.745,3915.236,10.509000000000015,3927.454,3913.151,14.303000000000338,True,SHORT,2021-03-12 04:20:00,3912.439,False,True,False,0.4766,0.4095,0.4095,3910.933,2021-03-12 05:23:00,1.4766,3930.754,2021-03-12 08:05:00,False,,0.0966,,True,3915.448,2021-03-12 04:31:00,0.0202
ES,2021-03-12,Friday,RDR,3931.851,3919.839,12.012000000000171,3933.554,3915.533,18.021000000000186,True,LONG,2021-03-12 12:30:00,3934.745,True,True,True,1.0987,0.4165,1.0987,3945.048,2021-03-12 15:58:00,0.5509,3925.233,2021-03-12 13:03:00,True,2021-03-12 15:23:00,0.5509,0.0,True,3931.536,2021-03-12 12:41:00,0.0262
ES,2021-03-15,Monday,ADR,3956.348,3949.945,6.402999999999793,3956.954,3949.733,7.221000000000004,True,LONG,2021-03-14 21:00:00,3957.142,False,True,False,0.1485,2.1103,0.1485,3957.299,2021-03-14 21:15:00,3.1103,3936.433,2021-03-15 01:23:00,False,,0.0648,,True,3956.333,2021-03-14 21:08:00,0.0023
ES,2021-03-15,Monday,ODR,3952.299,3942.639,9.659999999999854,3952.999,3940.233,12.765999999999622,True,LONG,2021-03-15 04:05:00,3953.442,False,True,False,0.5383,0.5072,0.5383,3957.499,2021-03-15 04:49:00,1.5072,3937.739,2021-03-15 07:48:00,True,2021-03-15 04:48:00,0.0,1.5072,True,3952.233,2021-03-15 05:12:00,0.0068
ES,2021-03-15,Monday,RDR,3943.545,3932.599,10.945999999999913,3944.399,3931.345,13.054000000000087,True,SHORT,2021-03-15 10:30:00,3926.542,False,True,False,2.4401,0.8739,0.8739,3923.033,2021-03-15 10:38:00,3.4401,3970.254,2021-03-15 15:01:00,True,2021-03-15 10:35:00,0.0,3.4401,True,3932.851,2021-03-15 10:53:00,0.023
ES,2021-03-16,Tuesday,ADR,3970.142,3962.354,7.788000000000011,3970.651,3961.645,9.005999999999858,True,LONG,2021-03-15 20:50:00,3971.851,True,True,True,0.2836,0.0,0.2836,3972.351,2021-03-16 01:55:00,0.6817,3964.833,2021-03-15 21:40:00,False,,0.6817,,True,3969.345,2021-03-15 20:59:00,0.1023
ES,2021-03-16,Tuesday,ODR,3970.348,3964.899,5.449000000000069,3970.699,3964.345,6.354000000000269,True,LONG,2021-03-16 06:15:00,3970.833,True,True,True,0.9187,0.0367,0.9187,3975.354,2021-03-16 07:30:00,0.1296,3969.642,2021-03-16 07:32:00,True,2021-03-16 06:36:00,0.0945,0.1296,True,3970.136,2021-03-16 06:30:00,0.0389
ES,2021-03-16,Tuesday,RDR,3979.442,3972.799,6.643000000000029,3980.448,3971.933,8.514999999999873,True,SHORT,2021-03-16 10:40:00,3971.745,True,True,True,0.0,3.0206,3.0206,3952.733,2021-03-16 13:44:00,0.4435,3975.745,2021-03-16 12:04:00,True,2021-03-16 10:48:00,0.4435,0.4435,True,3972.951,2021-03-16 10:45:00,0.0229
ES,2021-03-17,Wednesday,ADR,3964.648,3958.636,6.012000000000171,3965.099,3958.336,6.763000000000375,True,SHORT,2021-03-16 20:30:00,3957.336,True,True,False,0.0085,0.431,0.431,3956.045,2021-03-16 20:41:00,1.0085,3964.699,2021-03-17 01:27:00,False,,0.0,,True,3958.654,2021-03-16 20:47:00,0.003
ES,2021-03-17,Wednesday,ODR,3963.133,3959.839,3.293999999999869,3964.199,3958.333,5.8659999999999854,True,SHORT,2021-03-17 06:00:00,3957.848,True,False,,0.02,4.5556,4.5556,3944.833,2021-03-17 07:00:00,0.0,3958.899,2021-03-17 06:08:00,True,2021-03-17 06:05:00,0.0,0.0,False,,,
ES,2021-03-17,Wednesday,RDR,3948.948,3937.239,11.708999999999833,3948.948,3934.936,14.011999999999716,True,LONG,2021-03-17 13:00:00,3955.239,True,False,,2.9081,0.0,2.9081,3982.999,2021-03-17 14:09:00,0.0,3952.439,2021-03-17 13:30:00,True,2021-03-17 13:05:00,0.0,0.0,False,,,
ES,2021-03-18,Thursday,ADR,3986.645,3984.042,2.6030000000000655,3988.099,3983.533,4.566000000000258,True,SHORT,2021-03-17 21:45:00,3982.754,True,True,True,0.4226,4.7265,4.7265,3971.739,2021-03-17 23:20:00,0.2735,3984.754,2021-03-17 22:00:00,True,2021-03-17 21:50:00,0.2735,0.2735,True,3984.254,2021-03-17 21:56:00,0.0814
ES,2021-03-18,Thursday,ODR,3963.254,3952.545,10.708999999999833,3964.052,3950.236,13.816000000000258,True,SHORT,2021-03-18 06:35:00,3944.042,True,False,,0.0,0.981,0.981,3942.039,2021-03-18 08:15:00,0.0,3951.554,2021-03-18 07:04:00,True,2021-03-18 06:40:00,0.0,0.0,False,,,
ES,2021-03-18,Thursday,RDR,3959.351,3949.651,9.700000000000273,3959.351,3946.139,13.211999999999989,True,LONG,2021-03-18 10:40:00,3959.951,False,True,False,1.0725,3.9091,1.0725,3969.754,2021-03-18 11:15:00,4.9091,3911.733,2021-03-18 14:50:00,True,2021-03-18 11:03:00,0.1359,4.9091,True,3959.233,2021-03-18 10:45:00,0.0122
ES,2021-03-19,Friday,ADR,3927.045,3923.636,3.4090000000001055,3927.399,3922.345,5.054000000000087,True,LONG,2021-03-18 20:35:00,3928.145,False,True,False,0.7653,4.0481,0.7653,3929.654,2021-03-18 20:47:00,5.0481,3909.836,2021-03-19 01:12:00,True,2021-03-18 20:41:00,0.0,5.0481,True,3926.333,2021-03-18 21:02:00,0.2089
ES,2021-03-19,Friday,ODR,3932.651,3926.636,6.014999999999873,3934.199,3926.333,7.8659999999999854,True,SHORT,2021-03-19 05:10:00,3924.833,True,True,True,0.0836,3.1593,3.1593,3907.633,2021-03-19 08:00:00,0.8334,3931.649,2021-03-19 05:50:00,True,2021-03-19 05:15:00,0.8334,0.8334,True,3927.033,2021-03-19 05:28:00,0.066
ES,2021-03-19,Friday,RDR,3913.299,3893.748,19.55099999999993,3914.999,3892.242,22.756999999999607,True,LONG,2021-03-19 10:40:00,3915.299,True,True,False,0.8695,0.0,0.8695,3930.299,2021-03-19 14:00:00,0.3358,3906.733,2021-03-19 15:14:00,True,2021-03-19 10:55:00,0.0,0.3358,True,3912.933,2021-03-19 14:58:00,0.0187
ES,2021-03-22,Monday,ADR,3905.145,3896.399,8.746000000000095,3905.354,3895.854,9.5,True,LONG,2021-03-21 20:45:00,3907.639,True,True,True,1.1496,0.0,1.1496,3915.199,2021-03-21 23:24:00,0.2062,3903.342,2021-03-21 21:43:00,True,2021-03-21 20:55:00,0.2062,0.2062,True,3904.342,2021-03-21 21:41:00,0.0918
ES,2021-03-22,Monday,ODR,3909.699,3899.054,10.644999999999982,3911.351,3897.633,13.718000000000302,True,LONG,2021-03-22 05:15:00,3912.839,True,False,,1.1273,0.0,1.1273,3921.699,2021-03-22 06:37:00,0.0,3911.833,2021-03-22 05:46:00,True,2021-03-22 06:04:00,0.0,0.0,False,,,
ES,2021-03-22,Monday,RDR,3938.054,3928.951,9.103000000000065,3940.551,3927.499,13.052000000000135,True,LONG,2021-03-22 10:35:00,3941.545,True,False,,2.0649,0.0,2.0649,3956.851,2021-03-22 14:03:00,0.0,3938.833,2021-03-22 10:45:00,True,2021-03-22 11:11:00,0.0,0.0,False,,,
ES,2021-03-23,Tuesday,ADR,3946.639,3942.942,3.6970000000001164,3947.254,3942.433,4.820999999999913,True,SHORT,2021-03-22 20:30:00,3941.433,True,True,True,0.0,3.3836,3.3836,3930.433,2021-03-23 01:11:00,0.4212,3944.499,2021-03-22 20:55:00,True,2021-03-22 21:18:00,0.4212,0.0,True,3943.499,2021-03-22 20:36:00,0.1507
ES,2021-03-23,Tuesday,ODR,3935.242,3926.942,8.300000000000182,3935.242,3925.733,9.509000000000015,True,SHORT,2021-03-23 04:25:00,3925.454,True,True,False,0.0014,0.759,0.759,3920.642,2021-03-23 05:27:00,1.0014,3935.254,2021-03-23 08:29:00,True,2021-03-23 05:01:00,0.1577,1.0014,True,3927.499,2021-03-23 04:46:00,0.0671
ES,2021-03-23,Tuesday,RDR,3949.599,3931.542,18.057000000000244,3950.599,3928.848,21.751000000000204,True,SHORT,2021-03-23 13:50:00,3927.836,True,False,,0.0693,1.5788,1.5788,3903.033,2021-03-23 14:50:00,0.0,3928.352,2021-03-23 13:55:00,True,2021-03-23 13:59:00,0.0,0.0,False,,,
ES,2021-03-24,Wednesday,ADR,3914.297,3909.533,4.764000000000124,3914.551,3909.139,5.411999999999807,True,SHORT,2021-03-23 20:45:00,3908.039,True,True,False,0.0,1.4555,1.4555,3902.599,2021-03-23 21:31:00,0.844,3913.554,2021-03-23 22:37:00,True,2021-03-23 20:50:00,0.0,0.844,True,3909.551,2021-03-23 22:28:00,0.0038
ES,2021-03-24,Wednesday,ODR,3923.051,3907.251,15.799999999999727,3925.051,3905.733,19.317999999999756,True,LONG,2021-03-24 04:10:00,3925.799,True,True,True,0.3792,0.0,0.3792,3929.042,2021-03-24 06:16:00,0.2098,3919.736,2021-03-24 05:48:00,False,,0.2098,,True,3923.045,2021-03-24 04:22:00,0.0004
ES,2021-03-24,Wednesday,RDR,3939.151,3921.836,17.315000000000055,3941.699,3919.339,22.360000000000127,True,SHORT,2021-03-24 12:10:00,3916.848,True,True,True,0.0,1.9696,1.9696,3887.733,2021-03-24 15:00:00,0.3934,3928.648,2021-03-24 13:22:00,True,2021-03-24 13:40:00,0.3934,0.0,True,3922.699,2021-03-24 12:28:00,0.0498
ES,2021-03-25,Thursday,ADR,3900.445,3893.454,6.9909999999999854,3900.451,3893.448,7.003000000000156,True,SHORT,2021-03-24 20:30:00,3892.199,False,True,False,0.7515,0.8604,0.8604,3887.439,2021-03-24 20:37:00,1.7515,3905.699,2021-03-24 21:20:00,True,2021-03-24 20:36:00,0.0,1.7515,True,3894.654,2021-03-24 20:43:00,0.1716
ES,2021-03-25,Thursday,ODR,3904.199,3894.136,10.063000000000102,3904.439,3890.639,13.799999999999727,True,SHORT,2021-03-25 06:25:00,3889.945,True,False,,0.0,2.4843,2.4843,3869.136,2021-03-25 07:44:00,0.0,3889.654,2021-03-25 06:30:00,True,2021-03-25 06:30:00,0.0,0.0,False,,,
ES,2021-03-25,Thursday,RDR,3875.033,3855.031,20.001999999999953,3878.039,3853.533,24.506000000000313,True,LONG,2021-03-25 10:55:00,3882.739,True,False,,2.2281,0.0,2.2281,3919.599,2021-03-25 14:50:00,0.0,3878.299,2021-03-25 11:14:00,True,2021-03-25 11:01:00,0.0,0.0,False,,,
ES,2021-03-26,Friday,ADR,3917.939,3912.642,5.2970000000000255,3918.148,3911.933,6.2150000000001455,True,LONG,2021-03-25 20:35:00,3919.151,True,True,True,2.5599,0.0,2.5599,3931.499,2021-03-26 01:06:00,0.3409,3916.133,2021-03-25 20:53:00,True,2021-03-25 21:00:00,0.3409,0.1505,True,3917.433,2021-03-25 20:42:00,0.0955
ES,2021-03-26,Friday,ODR,3925.945,3922.433,3.512000000000171,3928.454,3921.439,7.015000000000327,True,SHORT,2021-03-26 04:10:00,3919.633,True,True,False,0.0,2.3633,2.3633,3914.133,2021-03-26 07:27:00,0.6452,3924.699,2021-03-26 08:27:00,True,2021-03-26 04:15:00,0.2899,0.6452,True,3922.454,2021-03-26 04:57:00,0.006
ES,2021-03-26,Friday,RDR,3935.754,3920.542,15.211999999999989,3937.799,3920.036,17.76299999999992,True,LONG,2021-03-26 11:30:00,3938.554,False,True,True,2.7837,0.2305,2.7837,3978.099,2021-03-26 14:59:00,1.2305,3917.036,2021-03-26 13:50:00,True,2021-03-26 11:49:00,1.2305,1.2305,True,3935.533,2021-03-26 12:39:00,0.0145
ES,2021-03-29,Monday,ODR,3961.345,3951.448,9.896999999999935,3961.499,3950.999,10.5,True,SHORT,2021-03-29 04:10:00,3950.136,False,True,False,0.2823,0.6078,0.6078,3945.433,2021-03-29 04:20:00,1.2823,3964.139,2021-03-29 07:12:00,True,2021-03-29 04:19:00,0.0,1.2823,True,3951.448,2021-03-29 04:31:00,0.0
ES,2021-03-29,Monday,RDR,3970.039,3945.051,24.988000000000284,3970.754,3944.754,26.0,True,SHORT,2021-03-29 10:50:00,3944.254,False,True,False,0.4488,0.1207,0.1207,3942.036,2021-03-29 11:01:00,1.4488,3981.254,2021-03-29 15:25:00,False,,0.1881,,True,3946.039,2021-03-29 10:55:00,0.0395
ES,2021-03-30,Tuesday,ADR,3976.033,3969.536,6.496999999999844,3976.599,3969.133,7.466000000000349,True,SHORT,2021-03-29 20:40:00,3968.536,True,True,False,0.0,0.7393,0.7393,3964.733,2021-03-29 21:33:00,0.8013,3974.742,2021-03-29 23:45:00,True,2021-03-29 21:07:00,0.0,0.8013,True,3969.799,2021-03-29 22:20:00,0.0405
ES,2021-03-30,Tuesday,ODR,3974.042,3968.033,6.0090000000000146,3974.754,3966.933,7.820999999999913,True,SHORT,2021-03-30 04:10:00,3965.045,True,True,True,0.0,2.463,2.463,3953.233,2021-03-30 08:00:00,0.586,3971.554,2021-03-30 06:11:00,True,2021-03-30 04:15:00,0.586,0.586,True,3968.045,2021-03-30 04:32:00,0.002
ES,2021-03-30,Tuesday,RDR,3957.839,3946.84,10.998999999999796,3960.699,3943.633,17.06600000000026,True,LONG,2021-03-30 10:45:00,3960.845,True,True,True,0.9963,0.0,0.9963,3968.797,2021-03-30 15:04:00,0.8734,3948.233,2021-03-30 13:07:00,True,2021-03-30 11:46:00,0.8734,0.8734,True,3955.642,2021-03-30 10:52:00,0.1997
ES,2021-03-31,Wednesday,ADR,3962.851,3958.336,4.515000000000327,3962.899,3957.639,5.2599999999997635,True,LONG,2021-03-30 20:30:00,3964.351,False,True,False,1.1068,0.9967,1.1068,3967.848,2021-03-30 21:17:00,1.9967,3953.836,2021-03-31 01:10:00,True,2021-03-30 20:39:00,0.002,1.9967,True,3962.842,2021-03-30 21:04:00,0.002
ES,2021-03-31,Wednesday,ODR,3960.152,3955.134,5.018000000000029,3960.154,3954.333,5.820999999999913,True,LONG,2021-03-31 06:35:00,3960.639,True,True,True,1.0456,0.3589,1.0456,3965.399,2021-03-31 08:17:00,0.0038,3960.133,2021-03-31 07:01:00,True,2021-03-31 06:53:00,0.0038,0.0038,True,3960.133,2021-03-31 07:01:00,0.0038
ES,2021-03-31,Wednesday,RDR,3978.736,3967.248,11.487999999999829,3979.797,3967.239,12.557999999999993,True,LONG,2021-03-31 10:40:00,3981.748,True,True,True,1.3284,0.0,1.3284,3993.997,2021-03-31 13:37:00,0.2435,3975.939,2021-03-31 15:59:00,True,2021-03-31 11:50:00,0.0,0.2435,True,3977.299,2021-03-31 15:55:00,0.1251
ES,2021-04-01,Thursday,ADR,3981.254,3979.351,1.9029999999997926,3981.849,3977.842,4.007000000000062,True,LONG,2021-03-31 20:35:00,3982.645,False,True,False,1.2848,2.3741,1.2564,3983.645,2021-03-31 20:40:00,3.3741,3974.833,2021-03-31 22:56:00,True,2021-03-31 20:40:00,0.0,3.3741,True,3980.642,2021-03-31 21:01:00,0.3216
ES,2021-04-01,Thursday,ODR,3990.354,3983.133,7.221000000000004,3990.899,3982.836,8.063000000000102,True,LONG,2021-04-01 04:10:00,3991.648,True,True,True,0.5942,0.0,0.5942,3994.645,2021-04-01 05:01:00,0.501,3986.736,2021-04-01 06:59:00,True,2021-04-01 05:01:00,0.1414,0.501,True,3990.354,2021-04-01 04:29:00,0.0
ES,2021-04-01,Thursday,RDR,4006.239,3997.434,8.804999999999836,4006.245,3995.939,10.30600000000004,True,LONG,2021-04-01 10:40:00,4006.939,True,True,True,1.7049,0.0,1.7049,4021.251,2021-04-01 15:59:00,0.4873,4001.948,2021-04-01 10:54:00,True,2021-04-01 11:04:00,0.4873,0.148,True,4006.236,2021-04-01 10:45:00,0.0003
ES,2021-04-02,Friday,ADR,4026.699,4025.633,1.0660000000002583,4026.699,4025.351,1.3479999999999563,True,SHORT,2021-04-01 21:40:00,4025.336,False,True,False,2.303,0.9325,0.9325,4024.639,2021-04-01 22:13:00,3.303,4029.154,2021-04-02 01:55:00,True,2021-04-01 22:11:00,0.4887,3.303,True,4025.639,2021-04-01 21:45:00,0.0056
ES,2021-04-02,Friday,ODR,4030.697,4029.631,1.0660000000002583,4030.699,4029.333,1.3659999999999854,True,SHORT,2021-04-02 04:15:00,4028.645,False,True,False,3.4728,1.4024,1.4024,4028.136,2021-04-02 04:20:00,4.4728,4034.399,2021-04-02 08:25:00,True,2021-04-02 04:20:00,0.0,4.4728,True,4029.754,2021-04-02 04:25:00,0.1154
ES,2021-04-05,Monday,ADR,4042.654,4038.654,4.0,4043.348,4038.333,5.014999999999873,True,SHORT,2021-04-04 22:15:00,4037.654,True,True,True,0.0,1.1287,1.1287,4034.139,2021-04-05 01:57:00,0.1363,4039.199,2021-04-04 22:25:00,True,2021-04-04 22:51:00,0.1363,0.0,True,4038.899,2021-04-04 22:24:00,0.0612
ES,2021-04-05,Monday,ODR,4035.633,4033.337,2.2959999999998217,4035.899,4033.139,2.7599999999997635,True,LONG,2021-04-05 04:10:00,4036.833,True,False,,3.5131,0.0,3.5131,4043.699,2021-04-05 07:23:00,0.0,4036.633,2021-04-05 04:15:00,True,2021-04-05 04:15:00,0.0,0.0,False,,,
ES,2021-04-05,Monday,RDR,4067.939,4048.248,19.690999999999804,4068.799,4047.445,21.353999999999814,True,LONG,2021-04-05 10:30:00,4069.748,True,False,,0.7876,0.0,0.7876,4083.448,2021-04-05 12:37:00,0.0,4068.742,2021-04-05 11:01:00,True,2021-04-05 11:36:00,0.0,0.0,False,,,
ES,2021-04-06,Tuesday,ADR,4082.951,4076.148,6.802999999999884,4082.951,4076.133,6.818000000000211,True,SHORT,2021-04-05 20:40:00,4075.951,True,True,True,0.0,1.3982,1.3982,4066.636,2021-04-05 23:40:00,0.228,4077.699,2021-04-05 21:00:00,True,2021-04-05 21:53:00,0.228,0.0,True,4076.439,2021-04-05 20:47:00,0.0428
ES,2021-04-06,Tuesday,ODR,4072.436,4062.148,10.288000000000011,4072.454,4061.939,10.515000000000327,True,LONG,2021-04-06 04:45:00,4073.339,True,True,True,0.1473,0.0,0.1473,4073.951,2021-04-06 08:07:00,0.6318,4065.936,2021-04-06 06:28:00,False,,0.6318,,True,4071.633,2021-04-06 04:50:00,0.0781
ES,2021-04-06,Tuesday,RDR,4083.751,4071.154,12.597000000000207,4085.254,4068.533,16.721000000000004,True,LONG,2021-04-06 11:50:00,4085.542,False,True,False,0.1467,0.2475,0.1467,4085.599,2021-04-06 12:00:00,1.2475,4068.036,2021-04-06 15:53:00,False,,0.0,,True,4083.739,2021-04-06 12:03:00,0.001
ES,2021-04-07,Wednesday,ADR,4080.539,4076.833,3.706000000000131,4080.899,4076.036,4.862999999999829,True,SHORT,2021-04-06 21:30:00,4075.039,True,False,,0.0,1.4841,1.4841,4071.333,2021-04-06 22:58:00,0.0,4075.899,2021-04-06 22:08:00,True,2021-04-06 21:35:00,0.0,0.0,False,,,
ES,2021-04-07,Wednesday,ODR,4079.039,4075.036,4.003000000000156,4079.354,4075.033,4.320999999999913,True,SHORT,2021-04-07 05:15:00,4073.851,True,True,True,0.0,1.4247,1.4247,4069.333,2021-04-07 08:25:00,0.5898,4077.397,2021-04-07 06:11:00,True,2021-04-07 05:33:00,0.5898,0.5898,True,4075.054,2021-04-07 05:23:00,0.0045
ES,2021-04-07,Wednesday,RDR,4081.636,4072.833,8.802999999999884,4081.699,4072.445,9.253999999999905,True,LONG,2021-04-07 10:40:00,4081.933,False,True,False,0.1546,0.5553,0.1546,4082.997,2021-04-07 10:47:00,1.5553,4067.945,2021-04-07 12:30:00,False,,0.0,,True,4081.136,2021-04-07 10:48:00,0.0568
ES,2021-04-08,Thursday,ADR,4090.043,4082.551,7.492000000000189,4091.597,4082.539,9.057999999999993,True,LONG,2021-04-07 21:40:00,4092.242,True,False,,1.5021,0.0,1.5021,4101.297,2021-04-08 01:52:00,0.0,4090.531,2021-04-07 22:02:00,True,2021-04-07 21:46:00,0.0,0.0,False,,,
ES,2021-04-08,Thursday,ODR,4096.043,4092.239,3.8039999999996326,4096.699,4092.233,4.46599999999944,True,SHORT,2021-04-08 04:10:00,4091.554,True,True,False,0.0,1.2337,1.2337,4087.546,2021-04-08 05:31:00,0.5289,4094.251,2021-04-08 06:27:00,True,2021-04-08 04:36:00,0.342,0.5289,True,4092.251,2021-04-08 04:18:00,0.0032
ES,2021-04-08,Thursday,RDR,4091.752,4083.834,7.91800000000012,4092.654,4081.833,10.820999999999913,True,LONG,2021-04-08 11:50:00,4092.833,True,True,True,0.8969,0.0,0.8969,4098.854,2021-04-08 15:59:00,0.1161,4090.833,2021-04-08 12:00:00,True,2021-04-08 12:16:00,0.1161,0.0532,True,4091.533,2021-04-08 11:59:00,0.0277
ES,2021-04-09,Friday,ADR,4109.246,4106.233,3.01299999999992,4109.954,4105.933,4.020999999999731,True,LONG,2021-04-08 20:30:00,4110.434,False,True,False,0.6807,3.4175,0.6807,4111.297,2021-04-08 20:42:00,4.4175,4095.936,2021-04-09 01:45:00,True,2021-04-08 20:38:00,0.0,4.4175,True,4109.245,2021-04-08 20:47:00,0.0003
ES,2021-04-09,Friday,ODR,4104.436,4098.246,6.1899999999996,4105.252,4096.734,8.518000000000029,True,LONG,2021-04-09 07:20:00,4106.439,True,True,False,0.4625,0.0015,0.4625,4107.299,2021-04-09 07:25:00,0.8893,4098.931,2021-04-09 08:25:00,False,,0.0,,True,4104.434,2021-04-09 07:43:00,0.0003
ES,2021-04-09,Friday,RDR,4104.845,4096.746,8.09900000000016,4105.399,4095.831,9.568000000000211,True,LONG,2021-04-09 11:50:00,4106.436,True,True,True,3.0977,0.0,3.0977,4129.933,2021-04-09 15:59:00,0.0868,4104.142,2021-04-09 12:17:00,True,2021-04-09 13:33:00,0.0868,0.0,True,4104.636,2021-04-09 12:10:00,0.0258
ES,2021-04-12,Monday,ADR,4121.849,4115.342,6.507000000000517,4122.354,4114.537,7.817000000000007,True,SHORT,2021-04-12 01:10:00,4113.045,True,True,True,0.1849,0.3552,0.3548,4113.033,2021-04-12 01:15:00,0.2599,4117.033,2021-04-12 01:33:00,False,,0.0,,True,4116.348,2021-04-12 01:19:00,0.1546
ES,2021-04-12,Monday,ODR,4120.551,4116.348,4.203000000000429,4121.399,4116.033,5.3659999999999854,True,LONG,2021-04-12 05:25:00,4121.542,True,True,True,0.9631,0.0754,0.9631,4124.599,2021-04-12 07:21:00,0.4078,4118.837,2021-04-12 06:20:00,True,2021-04-12 07:11:00,0.4078,0.1701,True,4120.539,2021-04-12 05:31:00,0.0029
ES,2021-04-12,Monday,RDR,4126.648,4118.931,7.717000000000553,4127.652,4117.142,10.510000000000218,True,SHORT,2021-04-12 10:40:00,4115.948,False,True,False,0.7193,0.5572,0.4924,4115.131,2021-04-12 10:45:00,1.7193,4132.199,2021-04-12 15:52:00,False,,0.0,,True,4119.042,2021-04-12 10:47:00,0.0144
ES,2021-04-13,Tuesday,ADR,4131.842,4128.531,3.3109999999996944,4132.051,4128.331,3.7200000000002547,True,SHORT,2021-04-12 21:15:00,4128.036,True,True,True,0.0,1.9622,1.9622,4122.034,2021-04-13 01:22:00,0.8656,4131.397,2021-04-12 21:31:00,True,2021-04-13 00:31:00,0.8656,0.0,True,4128.552,2021-04-12 21:20:00,0.0063
ES,2021-04-13,Tuesday,ODR,4130.899,4126.836,4.063000000000102,4130.899,4126.531,4.368000000000393,True,LONG,2021-04-13 04:00:00,4131.054,False,True,False,1.0938,4.1848,1.0938,4135.343,2021-04-13 06:00:00,5.1848,4109.833,2021-04-13 07:04:00,True,2021-04-13 05:57:00,0.506,5.1848,True,4130.543,2021-04-13 04:06:00,0.0876
ES,2021-04-13,Tuesday,RDR,4133.154,4125.145,8.009000000000015,4134.146,4124.131,10.014999999999418,True,LONG,2021-04-13 13:40:00,4134.939,True,False,,1.8475,0.0,1.8475,4147.951,2021-04-13 15:10:00,0.0,4133.742,2021-04-13 13:53:00,True,2021-04-13 14:12:00,0.0,0.0,False,,,
ES,2021-04-14,Wednesday,ADR,4139.745,4137.94,1.805000000000291,4139.999,4137.931,2.068000000000211,True,LONG,2021-04-13 20:40:00,4140.439,True,True,True,3.1551,0.0,3.1551,4145.44,2021-04-14 01:55:00,0.8377,4138.233,2021-04-13 20:55:00,True,2021-04-13 20:45:00,0.8377,0.8377,True,4139.248,2021-04-13 20:52:00,0.2753
ES,2021-04-14,Wednesday,ODR,4145.451,4141.231,4.220000000000255,4145.754,4140.939,4.8149999999996,True,LONG,2021-04-14 04:30:00,4145.939,True,True,False,0.3557,0.0,0.3557,4146.952,2021-04-14 05:09:00,0.9521,4141.433,2021-04-14 06:56:00,False,,0.0521,,True,4145.443,2021-04-14 04:36:00,0.0019
ES,2021-04-14,Wednesday,RDR,4150.336,4140.24,10.096000000000458,4150.399,4137.533,12.865999999999985,True,LONG,2021-04-14 10:45:00,4150.539,False,True,False,0.1498,1.9221,0.0711,4151.054,2021-04-14 10:50:00,2.9221,4120.834,2021-04-14 15:02:00,False,,0.0777,,True,4149.552,2021-04-14 10:50:00,0.0777
ES,2021-04-15,Thursday,ADR,4133.545,4129.545,4.0,4133.751,4129.233,4.518000000000029,True,SHORT,2021-04-14 21:40:00,4128.533,False,True,False,0.3885,0.5773,0.5773,4127.236,2021-04-14 21:47:00,1.3765,4135.051,2021-04-15 01:51:00,True,2021-04-14 21:45:00,0.0,1.3765,True,4129.548,2021-04-14 21:55:00,0.0007
ES,2021-04-15,Thursday,ODR,4144.739,4139.237,5.501999999999498,4145.554,4137.54,8.014000000000124,True,LONG,2021-04-15 04:40:00,4145.733,True,True,True,1.329,0.0,1.329,4152.051,2021-04-15 08:18:00,0.3988,4142.545,2021-04-15 06:04:00,True,2021-04-15 07:49:00,0.3988,0.0,True,4144.731,2021-04-15 04:53:00,0.0015
ES,2021-04-15,Thursday,RDR,4157.637,4149.531,8.105999999999767,4157.699,4148.846,8.853000000000065,True,LONG,2021-04-15 10:30:00,4162.351,True,True,True,2.0185,0.0,2.0185,4173.999,2021-04-15 15:47:00,0.0005,4157.633,2021-04-15 11:41:00,True,2021-04-15 10:35:00,0.0005,0.0005,True,4157.633,2021-04-15 11:41:00,0.0005
ES,2021-04-16,Friday,ADR,4171.145,4164.836,6.3090000000001965,4171.648,4164.139,7.5090000000000146,True,SHORT,2021-04-15 20:45:00,4163.854,True,True,False,0.0,0.5058,0.5058,4161.645,2021-04-15 22:11:00,0.4433,4167.633,2021-04-16 01:56:00,True,2021-04-15 22:11:00,0.0802,0.4433,True,4164.899,2021-04-15 21:06:00,0.01
ES,2021-04-16,Friday,ODR,4169.149,4163.337,5.811999999999898,4169.899,4161.631,8.268000000000029,True,LONG,2021-04-16 05:35:00,4171.151,True,False,,1.8152,0.0,1.8152,4179.699,2021-04-16 08:14:00,0.0,4170.136,2021-04-16 05:47:00,True,2021-04-16 05:42:00,0.0,0.0,False,,,
ES,2021-04-16,Friday,RDR,4184.397,4171.934,12.462999999999738,4185.797,4169.236,16.560999999999694,True,LONG,2021-04-16 14:50:00,4186.242,True,True,True,0.5137,0.0,0.5137,4190.799,2021-04-16 15:50:00,0.1559,4182.454,2021-04-16 15:59:00,True,2021-04-16 15:50:00,0.0534,0.1559,True,4183.933,2021-04-16 15:10:00,0.0372
ES,2021-04-19,Monday,ADR,4174.845,4169.331,5.514000000000124,4174.897,4168.134,6.76299999999992,True,LONG,2021-04-18 22:00:00,4176.199,True,False,,0.8255,0.0,0.8255,4179.397,2021-04-19 00:32:00,0.0,4175.333,2021-04-18 22:08:00,True,2021-04-18 23:13:00,0.0,0.0,False,,,
ES,2021-04-19,Monday,ODR,4179.34,4175.646,3.6940000000004147,4179.854,4175.243,4.610999999999876,True,LONG,2021-04-19 04:05:00,4181.136,False,True,False,0.7306,1.3568,0.6922,4181.897,2021-04-19 04:10:00,2.3568,4170.634,2021-04-19 06:46:00,True,2021-04-19 04:10:00,0.0,2.3568,True,4179.336,2021-04-19 04:19:00,0.0011
ES,2021-04-19,Monday,RDR,4178.234,4164.954,13.280000000000655,4178.94,4162.234,16.70599999999922,True,SHORT,2021-04-19 10:45:00,4158.233,True,True,True,0.0,1.1687,1.1687,4149.433,2021-04-19 12:46:00,0.2669,4168.499,2021-04-19 11:28:00,True,2021-04-19 10:50:00,0.2669,0.2669,True,4165.299,2021-04-19 10:54:00,0.026
ES,2021-04-20,Tuesday,ADR,4170.151,4164.539,5.61200000000008,4170.754,4164.231,6.523000000000138,True,LONG,2021-04-19 21:50:00,4171.242,True,True,True,0.6497,0.0,0.6497,4173.797,2021-04-19 23:11:00,0.1634,4169.234,2021-04-20 00:26:00,True,2021-04-19 23:10:00,0.1614,0.1634,True,4169.745,2021-04-19 22:00:00,0.0723
ES,2021-04-20,Tuesday,ODR,4172.254,4167.751,4.502999999999702,4172.599,4167.539,5.0600000000004,True,SHORT,2021-04-20 04:00:00,4166.442,True,True,True,0.0,6.5512,6.5512,4138.251,2021-04-20 06:44:00,0.0773,4168.099,2021-04-20 04:27:00,True,2021-04-20 04:05:00,0.0773,0.0773,True,4168.043,2021-04-20 04:26:00,0.0648
ES,2021-04-20,Tuesday,RDR,4157.636,4149.642,7.994000000000597,4158.199,4148.339,9.859999999999673,True,SHORT,2021-04-20 10:30:00,4144.145,True,False,,0.0,3.9787,3.9787,4117.836,2021-04-20 11:38:00,0.0,4148.639,2021-04-20 10:38:00,True,2021-04-20 10:35:00,0.0,0.0,False,,,
ES,2021-04-21,Wednesday,ADR,4131.236,4128.042,3.1939999999995052,4132.045,4126.736,5.3090000000001965,True,SHORT,2021-04-20 21:15:00,4126.054,True,True,True,0.4117,2.4449,2.4449,4120.233,2021-04-20 22:01:00,0.3309,4129.099,2021-04-20 21:37:00,True,2021-04-20 21:20:00,0.3309,0.3309,True,4128.099,2021-04-20 21:34:00,0.0178
ES,2021-04-21,Wednesday,ODR,4136.754,4133.242,3.5119999999997162,4137.099,4132.233,4.8659999999999854,True,SHORT,2021-04-21 04:40:00,4131.742,False,True,True,0.6677,1.994,1.994,4126.239,2021-04-21 08:26:00,1.6677,4139.099,2021-04-21 07:00:00,True,2021-04-21 04:54:00,1.6677,1.6677,True,4133.299,2021-04-21 04:47:00,0.0162
ES,2021-04-21,Wednesday,RDR,4152.039,4126.039,26.0,4153.099,4125.136,27.962999999999738,True,LONG,2021-04-21 11:10:00,4154.099,True,False,,0.8677,0.0,0.8677,4174.599,2021-04-21 15:50:00,0.0,4152.339,2021-04-21 11:22:00,True,2021-04-21 15:30:00,0.0,0.0,False,,,
ES,2021-04-22,Thursday,ADR,4163.454,4161.645,1.808999999999287,4163.499,4160.951,2.5479999999997744,True,LONG,2021-04-21 20:45:00,4164.445,True,True,True,4.2814,0.0017,4.2814,4171.199,2021-04-22 01:59:00,1.0017,4161.642,2021-04-21 21:58:00,True,2021-04-21 20:50:00,1.0017,1.0017,True,4163.433,2021-04-21 20:53:00,0.0116
ES,2021-04-22,Thursday,ODR,4172.136,4168.454,3.6820000000006985,4172.699,4167.936,4.76299999999992,True,SHORT,2021-04-22 05:00:00,4167.136,True,True,False,0.0986,0.6847,0.6847,4165.933,2021-04-22 06:56:00,0.814,4171.451,2021-04-22 08:23:00,True,2021-04-22 06:21:00,0.7333,0.814,True,4168.499,2021-04-22 05:07:00,0.0122
ES,2021-04-22,Thursday,RDR,4170.736,4159.254,11.481999999999971,4170.736,4157.039,13.697000000000116,True,LONG,2021-04-22 10:30:00,4170.799,False,True,False,0.7458,3.1538,0.7458,4179.299,2021-04-22 13:00:00,4.1538,4123.042,2021-04-22 14:03:00,True,2021-04-22 12:32:00,0.218,4.1538,True,4168.733,2021-04-22 10:35:00,0.1744
ES,2021-04-23,Friday,ADR,4141.045,4135.899,5.145999999999731,4141.099,4135.342,5.757000000000517,True,LONG,2021-04-22 21:15:00,4141.551,True,True,True,0.7878,0.0,0.7878,4145.099,2021-04-22 23:19:00,0.4293,4138.836,2021-04-22 21:31:00,True,2021-04-22 21:40:00,0.4293,0.2915,True,4141.033,2021-04-22 21:20:00,0.0023
ES,2021-04-23,Friday,ODR,4148.336,4137.851,10.485000000000582,4148.899,4137.851,11.048000000000684,False,,,,,,,0.006,0.0292,,,,,,,False,,,,False,,,
ES,2021-04-23,Friday,RDR,4155.936,4140.048,15.88799999999992,4156.154,4139.439,16.715000000000146,True,LONG,2021-04-23 10:30:00,4161.651,True,False,,2.4053,0.0,2.4053,4194.151,2021-04-23 15:35:00,0.0,4161.131,2021-04-23 10:35:00,True,2021-04-23 10:35:00,0.0,0.0,False,,,
ES,2021-04-26,Monday,ADR,4177.839,4174.039,3.800000000000182,4178.851,4172.036,6.8149999999996,True,LONG,2021-04-25 21:45:00,4180.554,True,False,,1.4632,0.0,1.4632,4183.399,2021-04-26 00:06:00,0.0,4179.533,2021-04-26 01:50:00,True,2021-04-25 21:50:00,0.0,0.0,False,,,
ES,2021-04-26,Monday,ODR,4182.045,4177.836,4.208999999999833,4182.536,4177.533,5.002999999999702,True,SHORT,2021-04-26 04:30:00,4175.033,True,True,False,0.0,1.545,1.545,4171.333,2021-04-26 06:02:00,0.4901,4179.899,2021-04-26 08:24:00,True,2021-04-26 04:35:00,0.0,0.4901,True,4178.099,2021-04-26 07:54:00,0.0625
ES,2021-04-26,Monday,RDR,4192.654,4185.351,7.303000000000793,4192.999,4183.433,9.565999999999804,False,,,,,,,0.1157,0.6037,,,,,,,False,,,,False,,,
ES,2021-04-27,Tuesday,ADR,4191.842,4187.542,4.299999999999272,4192.099,4187.533,4.5659999999998035,True,SHORT,2021-04-26 20:30:00,4186.833,False,True,False,1.6307,0.2777,0.2777,4186.348,2021-04-26 20:35:00,2.6307,4198.854,2021-04-27 01:51:00,False,,0.0,,True,4187.899,2021-04-26 20:36:00,0.083
ES,2021-04-27,Tuesday,ODR,4193.336,4191.042,2.293999999999869,4193.599,4191.033,2.5659999999998035,True,SHORT,2021-04-27 04:10:00,4190.848,True,True,False,0.3326,3.2681,3.2681,4183.545,2021-04-27 05:51:00,0.8095,4192.899,2021-04-27 08:24:00,True,2021-04-27 05:40:00,0.6787,0.8095,True,4191.399,2021-04-27 04:15:00,0.1556
ES,2021-04-27,Tuesday,RDR,4190.499,4179.439,11.05999999999949,4191.154,4174.651,16.50300000000061,True,LONG,2021-04-27 15:35:00,4192.139,True,True,False,0.1989,0.2521,0.1989,4192.699,2021-04-27 15:40:00,0.5471,4184.448,2021-04-27 15:59:00,False,,0.0,,True,4189.148,2021-04-27 15:46:00,0.1222
ES,2021-04-28,Wednesday,ADR,4190.545,4188.033,2.5119999999997162,4190.551,4187.042,3.5090000000000146,True,LONG,2021-04-27 21:40:00,4190.842,True,True,True,1.0167,0.5959,1.0167,4193.099,2021-04-28 01:32:00,0.0036,4190.536,2021-04-28 01:47:00,True,2021-04-27 21:48:00,0.0012,0.0036,True,4190.542,2021-04-27 21:45:00,0.0012
ES,2021-04-28,Wednesday,ODR,4192.348,4186.039,6.3090000000001965,4193.548,4184.833,8.715000000000146,False,,,,,,,0.0312,0.3958,,,,,,,False,,,,False,,,
ES,2021-04-28,Wednesday,RDR,4195.648,4186.945,8.70300000000043,4196.199,4184.942,11.256999999999607,True,SHORT,2021-04-28 11:50:00,4184.139,False,True,True,0.7235,0.6891,0.6891,4180.948,2021-04-28 14:00:00,1.7235,4201.945,2021-04-28 14:45:00,True,2021-04-28 14:00:00,0.4032,1.7235,True,4187.499,2021-04-28 12:07:00,0.0637
ES,2021-04-29,Thursday,ADR,4198.839,4194.154,4.684999999999491,4199.699,4193.639,6.059999999999491,True,LONG,2021-04-28 20:50:00,4200.848,True,False,,2.5742,0.0,2.5742,4210.899,2021-04-28 21:57:00,0.0,4200.133,2021-04-28 21:04:00,True,2021-04-28 20:55:00,0.0,0.0,False,,,
ES,2021-04-29,Thursday,ODR,4209.854,4206.854,3.0,4210.399,4206.633,3.766000000000531,True,LONG,2021-04-29 04:00:00,4212.854,True,True,True,1.8333,0.0,1.8333,4215.354,2021-04-29 06:37:00,0.0737,4209.633,2021-04-29 05:11:00,True,2021-04-29 04:05:00,0.0737,0.0737,True,4209.833,2021-04-29 04:29:00,0.007
ES,2021-04-29,Thursday,RDR,4214.836,4199.442,15.394000000000233,4218.733,4198.236,20.4970000000003,True,SHORT,2021-04-29 10:30:00,4196.299,True,True,False,0.1242,1.527,1.527,4175.936,2021-04-29 12:07:00,1.1242,4216.748,2021-04-29 14:45:00,True,2021-04-29 10:36:00,0.0557,1.1242,True,4200.251,2021-04-29 11:13:00,0.0526
ES,2021-04-30,Friday,ADR,4206.936,4201.939,4.996999999999389,4207.099,4201.354,5.744999999999891,True,SHORT,2021-04-29 21:40:00,4201.342,True,False,,0.0,1.6822,1.6822,4193.533,2021-04-30 01:36:00,0.0,4201.854,2021-04-29 21:48:00,True,2021-04-29 22:18:00,0.0,0.0,False,,,
ES,2021-04-30,Friday,ODR,4202.836,4199.548,3.2880000000004657,4203.539,4199.533,4.005999999999403,True,SHORT,2021-04-30 04:05:00,4196.342,True,True,True,0.0,5.1749,5.1749,4182.533,2021-04-30 06:53:00,0.4717,4201.099,2021-04-30 05:08:00,True,2021-04-30 04:10:00,0.4717,0.4717,True,4199.899,2021-04-30 04:25:00,0.1068
ES,2021-04-30,Friday,RDR,4195.945,4187.436,8.509000000000015,4196.699,4185.433,11.265999999999622,True,SHORT,2021-04-30 11:00:00,4185.145,True,True,True,0.0299,1.4694,1.4694,4174.933,2021-04-30 15:47:00,0.3247,4190.199,2021-04-30 13:33:00,True,2021-04-30 11:07:00,0.3247,0.3247,True,4187.454,2021-04-30 11:12:00,0.0021
ES,2021-05-03,Monday,ADR,4199.099,4194.339,4.760000000000218,4199.399,4194.039,5.360000000000582,True,LONG,2021-05-02 20:35:00,4199.899,False,True,False,0.5252,0.7977,0.5252,4201.599,2021-05-02 20:55:00,1.7977,4190.542,2021-05-03 01:37:00,True,2021-05-02 20:55:00,0.0,1.7977,True,4199.033,2021-05-02 21:06:00,0.0139
ES,2021-05-03,Monday,ODR,4204.551,4195.845,8.706000000000131,4205.851,4195.533,10.317999999999302,True,SHORT,2021-05-03 05:25:00,4194.942,False,True,False,0.1778,0.6102,0.6102,4190.533,2021-05-03 05:44:00,1.1778,4206.099,2021-05-03 07:31:00,True,2021-05-03 05:33:00,0.0,1.1778,True,4196.051,2021-05-03 06:14:00,0.0237
ES,2021-05-03,Monday,RDR,4207.936,4198.936,9.0,4209.999,4197.648,12.350999999999658,True,SHORT,2021-05-03 11:00:00,4195.336,True,True,True,0.1121,1.2327,1.2327,4187.842,2021-05-03 15:56:00,0.4902,4203.348,2021-05-03 14:55:00,True,2021-05-03 11:11:00,0.4902,0.4902,True,4199.151,2021-05-03 11:35:00,0.0239
ES,2021-05-04,Tuesday,ADR,4187.599,4184.036,3.563000000000102,4188.254,4183.733,4.520999999999731,True,SHORT,2021-05-03 21:15:00,4182.242,True,True,False,0.0,1.8251,1.8251,4177.533,2021-05-03 22:23:00,0.2015,4184.754,2021-05-04 01:57:00,True,2021-05-03 21:20:00,0.0,0.2015,True,4184.099,2021-05-04 01:42:00,0.0177
ES,2021-05-04,Tuesday,ODR,4191.054,4181.742,9.311999999999898,4191.299,4180.033,11.265999999999622,True,SHORT,2021-05-04 07:40:00,4174.299,True,False,,0.0,1.9014,1.9014,4164.036,2021-05-04 08:26:00,0.0,4180.036,2021-05-04 07:53:00,True,2021-05-04 07:45:00,0.0,0.0,False,,,
ES,2021-05-04,Tuesday,RDR,4172.836,4145.145,27.690999999999804,4176.848,4142.399,34.448999999999614,True,SHORT,2021-05-04 11:10:00,4133.633,True,True,False,0.0,0.6428,0.6428,4127.345,2021-05-04 11:56:00,0.8344,4168.251,2021-05-04 15:59:00,True,2021-05-04 11:15:00,0.0,0.8344,True,4145.399,2021-05-04 12:13:00,0.0092
ES,2021-05-05,Wednesday,ADR,4170.351,4163.851,6.5,4170.848,4163.833,7.015000000000327,True,LONG,2021-05-04 20:30:00,4171.154,True,True,True,1.4382,0.0,1.4382,4179.699,2021-05-04 21:56:00,0.1869,4169.136,2021-05-05 01:26:00,True,2021-05-04 20:51:00,0.0018,0.1869,True,4170.339,2021-05-04 20:42:00,0.0018
ES,2021-05-05,Wednesday,ODR,4179.136,4171.836,7.300000000000182,4179.899,4170.636,9.26299999999992,True,LONG,2021-05-05 04:25:00,4181.139,True,True,True,0.8925,0.0,0.8925,4185.651,2021-05-05 08:16:00,0.3151,4176.836,2021-05-05 07:22:00,True,2021-05-05 05:25:00,0.3151,0.3151,True,4178.845,2021-05-05 04:44:00,0.0399
ES,2021-05-05,Wednesday,RDR,4184.654,4163.242,21.412000000000262,4185.499,4160.436,25.063000000000102,True,LONG,2021-05-05 11:55:00,4186.748,True,True,False,0.1235,0.0375,0.1235,4187.299,2021-05-05 12:00:00,1.0375,4162.439,2021-05-05 15:25:00,False,,0.0,,True,4183.748,2021-05-05 12:14:00,0.0423
ES,2021-05-06,Thursday,ADR,4168.445,4162.739,5.706000000000131,4168.954,4162.533,6.420999999999367,True,LONG,2021-05-05 20:45:00,4170.739,False,True,True,1.0706,0.6113,1.0706,4174.554,2021-05-05 21:25:00,1.6113,4159.251,2021-05-05 22:52:00,True,2021-05-05 21:06:00,0.0,1.6113,True,4167.733,2021-05-05 22:24:00,0.1248
ES,2021-05-06,Thursday,ODR,4179.799,4171.754,8.045000000000073,4181.248,4171.233,10.014999999999418,True,SHORT,2021-05-06 04:50:00,4170.033,True,True,True,0.0,1.051,1.051,4163.299,2021-05-06 08:20:00,0.4779,4175.599,2021-05-06 06:36:00,True,2021-05-06 05:16:00,0.4779,0.4779,True,4172.048,2021-05-06 05:00:00,0.0365
ES,2021-05-06,Thursday,RDR,4173.348,4149.339,24.009000000000015,4173.642,4147.142,26.5,True,LONG,2021-05-06 11:30:00,4176.851,True,True,True,1.2245,0.0,1.2245,4202.748,2021-05-06 15:59:00,0.2714,4166.833,2021-05-06 14:43:00,True,2021-05-06 11:50:00,0.2714,0.2714,True,4173.145,2021-05-06 13:53:00,0.0085
ES,2021-05-07,Friday,ADR,4201.839,4198.845,2.993999999999687,4202.151,4198.633,3.518000000000029,True,LONG,2021-05-06 20:30:00,4203.339,True,False,,2.8591,0.0,2.8591,4210.399,2021-05-06 22:01:00,0.0,4202.336,2021-05-06 20:43:00,True,2021-05-06 20:35:00,0.0,0.0,False,,,
ES,2021-05-07,Friday,ODR,4204.336,4199.845,4.4909999999999854,4205.199,4198.533,6.665999999999258,True,LONG,2021-05-07 04:40:00,4205.899,True,False,,2.2084,0.0,2.2084,4214.254,2021-05-07 08:29:00,0.0,4204.633,2021-05-07 04:52:00,True,2021-05-07 04:45:00,0.0,0.0,False,,,
ES,2021-05-07,Friday,RDR,4235.439,4205.742,29.697000000000116,4237.442,4202.436,35.00600000000031,True,LONG,2021-05-07 11:40:00,4237.954,True,True,False,0.0847,0.0,0.0761,4237.699,2021-05-07 15:30:00,0.4481,4222.133,2021-05-07 14:01:00,False,,0.4481,,True,4234.633,2021-05-07 11:45:00,0.0271
ES,2021-05-10,Monday,ADR,4243.636,4235.942,7.694000000000415,4244.133,4235.933,8.199999999999818,False,,,,,,,0.0472,0.0,,,,,,,False,,,,False,,,
ES,2021-05-10,Monday,ODR,4235.142,4229.948,5.193999999999505,4235.148,4228.436,6.712000000000444,True,LONG,2021-05-10 04:15:00,4236.136,True,True,True,0.7322,0.0606,0.7322,4238.945,2021-05-10 08:17:00,1.0606,4229.633,2021-05-10 05:00:00,True,2021-05-10 08:12:00,1.0606,0.0974,True,4235.133,2021-05-10 04:20:00,0.0017
ES,2021-05-10,Monday,RDR,4234.945,4226.754,8.190999999999804,4237.045,4226.733,10.311999999999898,True,SHORT,2021-05-10 10:30:00,4224.299,False,True,True,0.1594,4.7273,4.7273,4188.033,2021-05-10 15:59:00,1.1594,4236.251,2021-05-10 12:25:00,True,2021-05-10 10:44:00,1.1594,1.1594,True,4227.299,2021-05-10 10:39:00,0.0665
ES,2021-05-11,Tuesday,ADR,4189.999,4183.148,6.850999999999658,4190.951,4182.636,8.3149999999996,True,SHORT,2021-05-10 20:40:00,4178.439,True,False,,0.0,4.0454,4.0454,4155.433,2021-05-10 22:06:00,0.0,4179.654,2021-05-10 20:47:00,True,2021-05-10 20:45:00,0.0,0.0,False,,,
ES,2021-05-11,Tuesday,ODR,4174.651,4155.136,19.514999999999418,4175.699,4153.933,21.76599999999962,True,SHORT,2021-05-11 04:00:00,4153.654,True,True,True,0.0,1.0351,1.0351,4134.936,2021-05-11 08:29:00,0.6154,4167.145,2021-05-11 05:20:00,True,2021-05-11 08:16:00,0.6154,0.0,True,4156.499,2021-05-11 04:07:00,0.0698
ES,2021-05-11,Tuesday,RDR,4158.799,4128.242,30.55699999999979,4162.245,4127.733,34.511999999999716,True,SHORT,2021-05-11 10:30:00,4124.045,True,True,False,0.0327,0.5892,0.5892,4110.239,2021-05-11 10:46:00,1.0327,4159.799,2021-05-11 15:26:00,True,2021-05-11 10:46:00,0.0,1.0327,True,4129.539,2021-05-11 10:52:00,0.0424
ES,2021-05-12,Wednesday,ADR,4155.442,4146.445,8.997000000000298,4155.999,4145.636,10.362999999999374,True,SHORT,2021-05-11 20:35:00,4144.651,True,False,,0.0,3.391,3.391,4115.936,2021-05-12 00:22:00,0.0,4144.999,2021-05-11 20:40:00,True,2021-05-11 20:40:00,0.0,0.0,False,,,
ES,2021-05-12,Wednesday,ODR,4150.639,4137.042,13.596999999999753,4152.499,4136.939,15.55999999999949,True,SHORT,2021-05-12 05:30:00,4136.445,True,True,True,0.0,0.4114,0.4114,4131.448,2021-05-12 07:18:00,0.5817,4144.951,2021-05-12 06:36:00,False,,0.5817,,True,4137.645,2021-05-12 05:35:00,0.0443
ES,2021-05-12,Wednesday,RDR,4128.799,4112.551,16.247999999999593,4134.599,4112.048,22.551000000000386,True,SHORT,2021-05-12 10:30:00,4107.736,True,True,True,0.0,3.4354,3.4354,4056.733,2021-05-12 15:54:00,0.2147,4116.039,2021-05-12 10:38:00,True,2021-05-12 10:42:00,0.2147,0.0,True,4114.599,2021-05-12 10:37:00,0.126
ES,2021-05-13,Thursday,ADR,4074.033,4065.348,8.684999999999945,4075.099,4061.336,13.763000000000375,True,LONG,2021-05-12 20:40:00,4077.033,False,True,False,0.9232,0.3241,0.9232,4082.051,2021-05-12 23:14:00,1.3241,4062.533,2021-05-13 01:53:00,True,2021-05-12 21:33:00,0.4257,1.3241,True,4074.033,2021-05-12 20:57:00,0.0
ES,2021-05-13,Thursday,ODR,4068.345,4046.836,21.509000000000015,4069.033,4045.842,23.190999999999804,True,SHORT,2021-05-13 04:10:00,4043.539,False,True,False,0.328,0.5813,0.5813,4034.333,2021-05-13 04:52:00,1.328,4075.399,2021-05-13 08:21:00,True,2021-05-13 04:50:00,0.0938,1.328,True,4047.045,2021-05-13 04:16:00,0.0097
ES,2021-05-13,Thursday,RDR,4122.148,4078.642,43.50600000000031,4122.699,4078.64,44.05899999999974,True,LONG,2021-05-13 10:50:00,4124.151,True,True,False,0.2184,0.0,0.2184,4131.651,2021-05-13 15:44:00,0.8162,4086.639,2021-05-13 13:38:00,False,,0.8162,,True,4121.436,2021-05-13 11:01:00,0.0164
ES,2021-05-14,Friday,ADR,4120.199,4112.599,7.599999999999454,4121.251,4110.042,11.208999999999833,True,LONG,2021-05-13 20:45:00,4121.299,True,False,,2.0921,0.0,2.0921,4136.099,2021-05-14 01:15:00,0.0,4120.733,2021-05-13 21:50:00,True,2021-05-13 20:55:00,0.0,0.0,False,,,
ES,2021-05-14,Friday,ODR,4137.254,4128.733,8.52099999999973,4137.754,4126.751,11.002999999999702,True,LONG,2021-05-14 05:05:00,4139.599,True,True,True,0.6206,0.0,0.6206,4142.542,2021-05-14 05:17:00,0.388,4133.948,2021-05-14 07:00:00,True,2021-05-14 05:11:00,0.0,0.388,True,4136.033,2021-05-14 05:56:00,0.1433
ES,2021-05-14,Friday,RDR,4157.042,4139.699,17.343000000000757,4159.836,4139.637,20.199000000000524,True,LONG,2021-05-14 10:55:00,4160.654,True,True,True,1.4878,0.0,1.4878,4182.845,2021-05-14 14:55:00,0.0409,4156.333,2021-05-14 11:04:00,True,2021-05-14 12:13:00,0.0409,0.0,True,4156.833,2021-05-14 11:02:00,0.0121
ES,2021-05-17,Monday,ADR,4176.099,4165.251,10.847999999999956,4177.099,4165.039,12.0600000000004,True,SHORT,2021-05-16 20:35:00,4164.233,True,True,False,0.0,0.4346,0.4346,4160.536,2021-05-17 00:04:00,0.8156,4174.099,2021-05-16 21:39:00,False,,0.8156,,True,4166.299,2021-05-16 20:45:00,0.0966
ES,2021-05-17,Monday,ODR,4172.745,4159.045,13.699999999999818,4174.799,4157.736,17.063000000000102,True,SHORT,2021-05-17 07:00:00,4157.233,True,True,True,0.0,0.5114,0.5114,4152.039,2021-05-17 08:16:00,0.2196,4162.054,2021-05-17 07:19:00,True,2021-05-17 08:16:00,0.2196,0.0,True,4160.099,2021-05-17 07:07:00,0.0769
ES,2021-05-17,Monday,RDR,4169.699,4150.633,19.065999999999804,4171.648,4148.845,22.802999999999884,True,SHORT,2021-05-17 10:30:00,4147.854,True,True,False,0.0,0.456,0.456,4141.939,2021-05-17 13:41:00,0.7692,4165.299,2021-05-17 15:11:00,False,,0.5804,,True,4150.654,2021-05-17 10:35:00,0.0011
ES,2021-05-18,Tuesday,ADR,4171.354,4164.842,6.512000000000626,4171.654,4164.342,7.312000000000808,True,LONG,2021-05-17 21:10:00,4171.848,True,True,True,0.8208,0.0,0.8208,4176.699,2021-05-18 01:34:00,0.1568,4170.333,2021-05-18 00:24:00,True,2021-05-17 21:43:00,0.1568,0.1568,True,4171.333,2021-05-17 21:16:00,0.0032
ES,2021-05-18,Tuesday,ODR,4182.739,4177.833,4.905999999999949,4183.151,4177.633,5.518000000000029,True,SHORT,2021-05-18 04:05:00,4176.639,True,True,True,0.0,2.0383,2.0383,4167.833,2021-05-18 07:27:00,0.0746,4178.199,2021-05-18 04:19:00,True,2021-05-18 04:55:00,0.0746,0.0746,True,4177.899,2021-05-18 04:16:00,0.0135
ES,2021-05-18,Tuesday,RDR,4167.442,4155.151,12.291000000000167,4168.254,4152.433,15.820999999999913,True,SHORT,2021-05-18 14:20:00,4152.251,True,False,,0.0007,2.4174,2.4174,4125.439,2021-05-18 15:59:00,0.0,4153.799,2021-05-18 15:41:00,True,2021-05-18 14:34:00,0.0,0.0,False,,,
ES,2021-05-19,Wednesday,ADR,4125.333,4111.339,13.993999999999687,4125.354,4109.136,16.217999999999847,True,LONG,2021-05-18 21:05:00,4125.651,False,True,False,0.0404,0.4643,0.0262,4125.699,2021-05-18 21:10:00,1.4643,4104.842,2021-05-19 00:50:00,False,,0.0715,,True,4124.333,2021-05-18 21:10:00,0.0715
ES,2021-05-19,Wednesday,ODR,4112.648,4102.133,10.515000000000327,4113.633,4099.648,13.984999999999673,True,SHORT,2021-05-19 04:10:00,4097.854,True,True,True,0.0,2.1202,2.1202,4079.839,2021-05-19 07:35:00,0.2916,4105.199,2021-05-19 05:21:00,True,2021-05-19 04:15:00,0.2916,0.2916,True,4102.142,2021-05-19 05:17:00,0.0009
ES,2021-05-19,Wednesday,RDR,4082.451,4063.951,18.5,4083.439,4060.233,23.205999999999676,True,LONG,2021-05-19 11:05:00,4084.236,True,True,True,1.8808,0.1739,1.8808,4117.245,2021-05-19 15:59:00,0.19,4078.936,2021-05-19 11:42:00,True,2021-05-19 12:07:00,0.19,0.0,True,4081.939,2021-05-19 11:10:00,0.0277
ES,2021-05-20,Thursday,ADR,4113.051,4103.599,9.452000000000226,4113.399,4103.533,9.865999999999985,True,LONG,2021-05-19 20:30:00,4115.845,True,True,True,0.5271,0.0,0.5271,4118.033,2021-05-20 01:02:00,0.9752,4103.833,2021-05-19 21:30:00,True,2021-05-20 00:56:00,0.9752,0.0,True,4112.842,2021-05-19 20:49:00,0.0221
ES,2021-05-20,Thursday,ODR,4113.042,4109.354,3.688000000000102,4114.099,4109.099,5.0,True,SHORT,2021-05-20 04:20:00,4106.939,True,True,False,0.0,5.699,5.699,4088.336,2021-05-20 05:25:00,0.2834,4110.399,2021-05-20 08:03:00,True,2021-05-20 04:25:00,0.0,0.2834,True,4109.399,2021-05-20 07:36:00,0.0122
ES,2021-05-20,Thursday,RDR,4143.133,4124.642,18.490999999999985,4143.499,4123.136,20.362999999999374,True,LONG,2021-05-20 10:30:00,4143.948,True,True,True,1.6344,0.0,1.6344,4173.354,2021-05-20 15:28:00,0.146,4140.433,2021-05-20 10:37:00,True,2021-05-20 11:26:00,0.146,0.0,True,4140.939,2021-05-20 10:35:00,0.1187
ES,2021-05-21,Friday,ADR,4168.651,4161.439,7.211999999999534,4168.954,4161.436,7.518000000000029,True,LONG,2021-05-20 20:35:00,4169.154,False,True,False,0.2562,0.2063,0.2562,4170.499,2021-05-20 20:46:00,1.2063,4159.951,2021-05-20 22:19:00,False,,0.0025,,True,4168.633,2021-05-20 20:40:00,0.0025
ES,2021-05-21,Friday,ODR,4171.445,4165.636,5.808999999999287,4172.699,4164.639,8.05999999999949,True,SHORT,2021-05-21 04:05:00,4163.433,False,True,False,0.9807,0.9818,0.9818,4159.933,2021-05-21 04:22:00,1.9807,4177.142,2021-05-21 07:46:00,True,2021-05-21 04:10:00,0.0,1.9807,True,4166.999,2021-05-21 05:00:00,0.2346
ES,2021-05-21,Friday,RDR,4189.033,4174.554,14.47900000000027,4189.048,4174.545,14.502999999999702,True,SHORT,2021-05-21 10:35:00,4173.736,True,True,True,0.0,1.6312,1.6312,4150.936,2021-05-21 12:56:00,0.3242,4179.248,2021-05-21 11:12:00,True,2021-05-21 11:55:00,0.3242,0.0,True,4174.799,2021-05-21 10:43:00,0.0169
ES,2021-05-24,Monday,ADR,4165.245,4152.936,12.309000000000196,4165.454,4152.933,12.52099999999973,True,LONG,2021-05-23 21:00:00,4167.251,True,True,False,0.4471,0.0,0.4471,4170.748,2021-05-23 21:33:00,0.3666,4160.733,2021-05-23 22:46:00,False,,0.001,,True,4165.233,2021-05-23 21:22:00,0.001
ES,2021-05-24,Monday,ODR,4175.999,4167.439,8.55999999999949,4176.742,4166.942,9.800000000000182,True,LONG,2021-05-24 05:55:00,4176.754,True,True,False,0.1116,0.0,0.1116,4176.954,2021-05-24 06:00:00,0.4984,4171.733,2021-05-24 07:31:00,False,,0.0,,True,4175.954,2021-05-24 06:03:00,0.0053
ES,2021-05-24,Monday,RDR,4197.339,4179.733,17.605999999999767,4199.354,4177.039,22.31500000000051,True,LONG,2021-05-24 10:35:00,4200.348,True,True,True,0.6736,0.0,0.6736,4209.199,2021-05-24 14:45:00,0.1246,4195.145,2021-05-24 12:28:00,True,2021-05-24 14:14:00,0.1246,0.1083,True,4196.533,2021-05-24 12:12:00,0.0458
ES,2021-05-25,Tuesday,ADR,4205.948,4199.542,6.405999999999949,4206.099,4198.533,7.5659999999998035,True,LONG,2021-05-24 21:10:00,4207.039,True,True,True,0.4536,0.1575,0.4536,4208.854,2021-05-25 01:43:00,0.7985,4200.833,2021-05-24 21:30:00,False,,0.7985,,True,4205.036,2021-05-24 21:16:00,0.1424
ES,2021-05-25,Tuesday,ODR,4212.851,4208.854,3.996999999999389,4213.399,4207.536,5.863000000000284,True,SHORT,2021-05-25 04:15:00,4206.836,True,True,False,0.0,0.7035,0.7035,4206.042,2021-05-25 07:01:00,0.9985,4212.845,2021-05-25 06:04:00,True,2021-05-25 04:20:00,0.9985,0.9985,True,4209.045,2021-05-25 04:26:00,0.0478
ES,2021-05-25,Tuesday,RDR,4209.651,4198.445,11.206000000000131,4212.999,4198.133,14.865999999999985,True,SHORT,2021-05-25 10:30:00,4195.651,True,True,True,0.0,1.4002,1.4002,4182.754,2021-05-25 15:51:00,0.3131,4201.954,2021-05-25 10:57:00,True,2021-05-25 11:19:00,0.3131,0.2101,True,4200.154,2021-05-25 10:44:00,0.1525
ES,2021-05-26,Wednesday,ADR,4201.136,4195.633,5.503000000000611,4201.699,4195.354,6.344999999999345,True,LONG,2021-05-25 20:40:00,4201.845,True,True,True,0.3651,0.0,0.3651,4203.145,2021-05-25 21:45:00,0.3634,4199.136,2021-05-25 21:18:00,False,,0.3634,,True,4201.136,2021-05-25 20:53:00,0.0
ES,2021-05-26,Wednesday,ODR,4205.139,4199.336,5.802999999999884,4205.854,4197.845,8.009000000000015,False,,,,,,,0.3781,0.1206,,,,,,,False,,,,False,,,
ES,2021-05-26,Wednesday,RDR,4196.748,4185.442,11.305999999999585,4197.999,4183.942,14.056999999999789,True,LONG,2021-05-26 11:05:00,4199.536,True,True,True,0.4865,0.0,0.4865,4202.248,2021-05-26 13:05:00,0.5494,4190.536,2021-05-26 13:54:00,False,,0.3106,,True,4196.04,2021-05-26 11:11:00,0.0626
ES,2021-05-27,Thursday,ADR,4195.748,4193.336,2.4119999999993524,4196.899,4193.333,3.566000000000713,True,SHORT,2021-05-26 20:40:00,4191.839,True,True,True,0.0,3.318,3.318,4185.333,2021-05-26 21:39:00,0.1505,4193.699,2021-05-26 21:03:00,True,2021-05-26 20:45:00,0.1505,0.1505,True,4193.354,2021-05-26 20:57:00,0.0075
ES,2021-05-27,Thursday,ODR,4188.145,4183.399,4.746000000000095,4188.645,4182.642,6.003000000000611,True,LONG,2021-05-27 04:00:00,4189.333,True,True,True,2.7927,0.2246,2.7927,4201.399,2021-05-27 08:01:00,1.2246,4182.333,2021-05-27 06:01:00,True,2021-05-27 07:58:00,1.2246,0.0,True,4188.136,2021-05-27 04:16:00,0.0019
ES,2021-05-27,Thursday,RDR,4210.254,4206.736,3.518000000000029,4211.999,4203.742,8.256999999999607,True,LONG,2021-05-27 10:40:00,4212.554,False,True,False,0.8087,2.6151,0.7951,4213.051,2021-05-27 10:48:00,3.6151,4197.536,2021-05-27 15:07:00,True,2021-05-27 10:45:00,0.0,3.6151,True,4204.536,2021-05-27 10:50:00,1.0
ES,2021-05-28,Friday,ADR,4219.542,4213.245,6.29700000000048,4220.151,4213.245,6.905999999999949,True,SHORT,2021-05-27 22:25:00,4213.051,True,True,True,0.0337,0.319,0.319,4211.236,2021-05-28 01:47:00,0.612,4217.099,2021-05-28 01:09:00,False,,0.612,,True,4213.754,2021-05-27 22:30:00,0.0808
ES,2021-05-28,Friday,ODR,4214.045,4210.751,3.293999999999869,4214.542,4210.536,4.006000000000313,True,LONG,2021-05-28 04:00:00,4215.548,True,True,False,1.8233,0.0,1.8233,4220.051,2021-05-28 07:04:00,0.6108,4212.033,2021-05-28 08:26:00,True,2021-05-28 04:05:00,0.0,0.6108,True,4214.033,2021-05-28 08:12:00,0.0036
ES,2021-05-28,Friday,RDR,4215.236,4206.351,8.885000000000218,4216.642,4205.336,11.305999999999585,True,LONG,2021-05-28 12:05:00,4216.848,False,True,False,0.3335,0.2493,0.3335,4218.199,2021-05-28 12:16:00,1.2493,4204.136,2021-05-28 15:59:00,False,,0.0,,True,4214.633,2021-05-28 12:48:00,0.0679
ES,2021-05-31,Monday,ADR,4212.545,4209.042,3.5029999999997017,4212.799,4208.233,4.5659999999998035,True,SHORT,2021-05-30 21:30:00,4208.048,True,True,False,0.0,0.5138,0.5138,4207.242,2021-05-30 21:36:00,0.6443,4211.299,2021-05-30 22:10:00,True,2021-05-30 21:36:00,0.0,0.6443,True,4209.099,2021-05-30 21:41:00,0.0163
ES,2021-06-01,Tuesday,ODR,4220.742,4209.742,11.0,4221.054,4209.533,11.52099999999973,True,LONG,2021-06-01 04:00:00,4222.039,True,True,True,0.9143,0.0,0.9143,4230.799,2021-06-01 07:23:00,0.3463,4216.933,2021-06-01 04:39:00,True,2021-06-01 07:09:00,0.3463,0.0,True,4220.733,2021-06-01 04:06:00,0.0008
ES,2021-06-01,Tuesday,RDR,4231.545,4208.836,22.708999999999833,4232.699,4204.642,28.05699999999979,True,SHORT,2021-06-01 10:45:00,4203.399,True,True,True,0.0,0.5286,0.5286,4196.833,2021-06-01 13:21:00,0.036,4209.654,2021-06-01 11:43:00,True,2021-06-01 13:06:00,0.036,0.0,True,4209.199,2021-06-01 11:36:00,0.016
ES,2021-06-02,Wednesday,ADR,4202.151,4194.333,7.818000000000211,4202.639,4194.139,8.5,True,LONG,2021-06-01 22:30:00,4202.645,True,True,False,0.1596,0.0,0.1596,4203.399,2021-06-01 22:40:00,0.5519,4197.836,2021-06-02 01:02:00,False,,0.0,,True,4201.836,2021-06-01 22:46:00,0.0403
ES,2021-06-02,Wednesday,ODR,4203.751,4195.033,8.717999999999847,4204.342,4192.854,11.487999999999374,True,LONG,2021-06-02 08:25:00,4206.154,True,,,0.4126,0.0799,,,,,,,False,,,,False,,,
ES,2021-06-02,Wednesday,RDR,4212.954,4199.751,13.20299999999952,4213.799,4199.433,14.365999999999985,True,LONG,2021-06-02 11:10:00,4215.848,False,True,False,0.333,0.1301,0.333,4217.351,2021-06-02 11:16:00,1.1301,4198.033,2021-06-02 14:13:00,False,,0.0,,True,4212.554,2021-06-02 12:00:00,0.0303
ES,2021-06-03,Thursday,ADR,4213.145,4208.633,4.512000000000626,4213.354,4208.336,5.018000000000029,True,LONG,2021-06-02 20:35:00,4213.651,True,True,False,0.4552,0.0,0.4552,4215.199,2021-06-02 20:57:00,0.9993,4208.636,2021-06-02 22:39:00,False,,0.1108,,True,4212.645,2021-06-02 20:46:00,0.1108
ES,2021-06-03,Thursday,ODR,4206.845,4200.348,6.497000000000298,4207.199,4199.836,7.362999999999374,True,SHORT,2021-06-03 04:00:00,4199.699,True,True,True,0.0,4.465,4.465,4171.339,2021-06-03 08:04:00,0.7467,4205.199,2021-06-03 04:53:00,True,2021-06-03 06:05:00,0.7467,0.0,True,4200.648,2021-06-03 04:05:00,0.0462
ES,2021-06-03,Thursday,RDR,4184.754,4167.739,17.015000000000327,4186.433,4167.233,19.199999999999818,True,LONG,2021-06-03 10:45:00,4188.399,True,False,,1.1722,0.0,1.1722,4204.699,2021-06-03 11:07:00,0.0,4188.333,2021-06-03 10:50:00,True,2021-06-03 10:56:00,0.0,0.0,False,,,
ES,2021-06-04,Friday,ADR,4189.551,4181.548,8.003000000000611,4190.299,4181.036,9.26299999999992,True,SHORT,2021-06-03 20:30:00,4179.754,False,True,False,0.7747,0.3499,0.2393,4179.633,2021-06-03 20:35:00,1.7747,4195.751,2021-06-03 23:54:00,False,,0.0,,True,4182.099,2021-06-03 20:38:00,0.0688
ES,2021-06-04,Friday,ODR,4196.099,4193.051,3.0479999999997744,4197.545,4191.533,6.011999999999716,True,SHORT,2021-06-04 04:40:00,4191.039,False,True,False,1.3123,2.4646,2.4646,4185.539,2021-06-04 06:33:00,2.3123,4200.099,2021-06-04 08:06:00,True,2021-06-04 04:45:00,0.5079,2.3123,True,4193.539,2021-06-04 05:09:00,0.1601
ES,2021-06-04,Friday,RDR,4219.848,4212.145,7.70299999999952,4220.699,4211.148,9.550999999999476,True,LONG,2021-06-04 10:45:00,4221.651,True,True,True,1.7915,0.0,1.7915,4233.648,2021-06-04 15:54:00,0.0917,4219.142,2021-06-04 12:07:00,True,2021-06-04 11:05:00,0.0917,0.0917,True,4219.833,2021-06-04 11:48:00,0.0019
ES,2021-06-07,Monday,ADR,4231.599,4224.948,6.65099999999984,4231.754,4224.033,7.720999999999549,True,SHORT,2021-06-06 21:05:00,4223.039,True,True,True,0.0,0.5586,0.5586,4221.233,2021-06-06 22:05:00,0.2031,4226.299,2021-06-06 23:20:00,True,2021-06-06 22:04:00,0.1731,0.2031,True,4225.054,2021-06-06 21:17:00,0.0159
ES,2021-06-07,Monday,ODR,4224.254,4216.539,7.7150000000001455,4224.299,4215.739,8.5600000000004,True,LONG,2021-06-07 04:50:00,4225.099,True,True,True,0.9458,0.0,0.9458,4231.551,2021-06-07 07:52:00,0.7412,4218.536,2021-06-07 05:30:00,True,2021-06-07 07:16:00,0.7412,0.0,True,4224.245,2021-06-07 05:02:00,0.0012
ES,2021-06-07,Monday,RDR,4230.651,4219.348,11.302999999999884,4232.154,4219.339,12.81500000000051,True,SHORT,2021-06-07 10:45:00,4218.899,True,True,False,0.0,0.2667,0.2667,4216.333,2021-06-07 13:46:00,0.8008,4228.399,2021-06-07 15:58:00,False,,0.3584,,True,4219.348,2021-06-07 10:50:00,0.0
ES,2021-06-08,Tuesday,ADR,4232.254,4227.236,5.018000000000029,4233.299,4226.736,6.563000000000102,True,LONG,2021-06-07 20:55:00,4233.745,True,True,False,0.8061,0.0006,0.8061,4236.299,2021-06-07 21:13:00,1.0006,4227.233,2021-06-07 23:48:00,True,2021-06-07 21:02:00,0.0,1.0006,True,4232.233,2021-06-07 21:33:00,0.0042
ES,2021-06-08,Tuesday,ODR,4228.245,4224.599,3.645999999999731,4229.536,4224.036,5.5,True,LONG,2021-06-08 05:00:00,4229.736,False,True,True,2.7452,2.825,2.7452,4238.254,2021-06-08 08:25:00,3.825,4214.299,2021-06-08 06:28:00,True,2021-06-08 05:05:00,3.825,3.825,True,4228.048,2021-06-08 06:09:00,0.054
ES,2021-06-08,Tuesday,RDR,4235.751,4221.899,13.851999999999862,4236.699,4219.839,16.859999999999673,True,SHORT,2021-06-08 11:10:00,4218.633,True,True,False,0.0,1.0154,1.0154,4207.833,2021-06-08 11:22:00,0.8486,4233.654,2021-06-08 15:22:00,True,2021-06-08 11:19:00,0.0,0.8486,True,4222.351,2021-06-08 11:43:00,0.0326
ES,2021-06-09,Wednesday,ADR,4230.233,4226.442,3.7910000000001673,4230.554,4225.736,4.818000000000211,False,,,,,,,0.215,0.6299,,,,,,,False,,,,False,,,
ES,2021-06-09,Wednesday,ODR,4231.299,4227.099,4.199999999999818,4231.554,4226.036,5.518000000000029,True,LONG,2021-06-09 07:05:00,4231.736,False,True,True,0.7981,0.3245,0.7981,4234.651,2021-06-09 08:13:00,1.3245,4225.736,2021-06-09 07:34:00,True,2021-06-09 07:53:00,1.3245,0.0619,True,4231.233,2021-06-09 07:10:00,0.0157
ES,2021-06-09,Wednesday,RDR,4236.048,4229.348,6.699999999999818,4236.699,4227.842,8.856999999999971,True,SHORT,2021-06-09 15:00:00,4226.848,True,False,,0.0,1.7187,1.7187,4217.833,2021-06-09 15:59:00,0.0,4227.651,2021-06-09 15:06:00,True,2021-06-09 15:09:00,0.0,0.0,False,,,
ES,2021-06-10,Thursday,ADR,4224.554,4221.336,3.217999999999847,4224.599,4221.033,3.5659999999998035,True,LONG,2021-06-09 21:05:00,4224.842,True,True,False,0.418,0.0895,0.418,4225.899,2021-06-09 21:37:00,1.0895,4221.048,2021-06-10 01:41:00,False,,0.3154,,True,4224.539,2021-06-09 21:10:00,0.0047
ES,2021-06-10,Thursday,ODR,4221.548,4213.945,7.6030000000000655,4221.899,4211.851,10.048000000000684,True,LONG,2021-06-10 06:00:00,4222.099,True,True,False,0.3025,0.12,0.3025,4223.848,2021-06-10 06:12:00,1.12,4213.033,2021-06-10 07:34:00,False,,0.0,,True,4221.336,2021-06-10 06:30:00,0.0279
ES,2021-06-10,Thursday,RDR,4248.448,4232.636,15.811999999999898,4249.433,4232.451,16.98199999999997,True,SHORT,2021-06-10 10:45:00,4226.954,True,True,False,0.0,0.8473,0.8473,4219.239,2021-06-10 10:55:00,0.7503,4244.499,2021-06-10 14:01:00,True,2021-06-10 10:50:00,0.0,0.7503,True,4232.999,2021-06-10 11:19:00,0.023
ES,2021-06-11,Friday,ADR,4241.342,4236.533,4.808999999999287,4241.399,4236.348,5.051000000000386,True,LONG,2021-06-10 21:15:00,4241.842,True,True,True,0.2198,0.2079,0.2198,4242.399,2021-06-10 21:46:00,0.5841,4238.533,2021-06-10 22:09:00,False,,0.2079,,True,4240.842,2021-06-10 21:21:00,0.104
ES,2021-06-11,Friday,ODR,4240.551,4238.348,2.2030000000004293,4240.851,4237.839,3.0119999999997162,True,LONG,2021-06-11 04:50:00,4241.048,True,True,True,3.6532,0.2338,3.6532,4248.599,2021-06-11 07:07:00,0.099,4240.333,2021-06-11 05:48:00,True,2021-06-11 04:55:00,0.099,0.099,True,4240.336,2021-06-11 05:32:00,0.0976
ES,2021-06-11,Friday,RDR,4245.999,4238.645,7.35399999999936,4247.951,4238.133,9.818000000000211,True,SHORT,2021-06-11 10:35:00,4236.839,False,True,False,0.2226,0.9523,0.9523,4231.642,2021-06-11 12:40:00,1.2226,4247.636,2021-06-11 15:59:00,True,2021-06-11 11:03:00,0.1352,1.2226,True,4238.699,2021-06-11 10:53:00,0.0073
ES,2021-06-14,Monday,ADR,4251.254,4247.733,3.520999999999731,4253.099,4246.754,6.345000000000255,False,,,,,,,0.3658,0.198,,,,,,,False,,,,False,,,
ES,2021-06-14,Monday,ODR,4255.454,4249.554,5.899999999999636,4257.054,4248.736,8.318000000000211,True,SHORT,2021-06-14 04:20:00,4248.054,True,True,True,0.0,0.681,0.681,4245.536,2021-06-14 07:50:00,0.3805,4251.799,2021-06-14 07:11:00,True,2021-06-14 07:29:00,0.3805,0.0,True,4249.599,2021-06-14 04:28:00,0.0076
ES,2021-06-14,Monday,RDR,4247.233,4238.339,8.894000000000233,4247.654,4236.833,10.821000000000822,True,SHORT,2021-06-14 11:30:00,4235.839,False,True,False,1.0586,0.5271,0.5271,4233.651,2021-06-14 13:00:00,2.0586,4256.648,2021-06-14 15:59:00,True,2021-06-14 12:54:00,0.0405,2.0586,True,4238.342,2021-06-14 12:09:00,0.0003
ES,2021-06-15,Tuesday,ADR,4258.699,4253.151,5.5479999999997744,4259.451,4253.133,6.318000000000211,True,LONG,2021-06-14 20:35:00,4260.136,True,True,True,0.8652,0.0,0.8652,4263.499,2021-06-14 21:18:00,0.2817,4257.136,2021-06-14 22:04:00,True,2021-06-14 21:03:00,0.0,0.2817,True,4258.648,2021-06-14 21:47:00,0.0092
ES,2021-06-15,Tuesday,ODR,4265.633,4262.633,3.0,4266.999,4262.436,4.563000000000102,True,SHORT,2021-06-15 04:00:00,4261.148,True,False,,0.0,2.5647,2.5647,4254.939,2021-06-15 06:07:00,0.0,4261.999,2021-06-15 04:15:00,True,2021-06-15 04:05:00,0.0,0.0,False,,,
ES,2021-06-15,Tuesday,RDR,4257.045,4246.033,11.011999999999716,4257.254,4245.033,12.220999999999549,True,SHORT,2021-06-15 10:40:00,4244.754,True,True,False,0.0,0.7713,0.7713,4237.539,2021-06-15 11:39:00,0.5599,4252.199,2021-06-15 14:09:00,True,2021-06-15 11:32:00,0.0,0.5599,True,4246.099,2021-06-15 12:28:00,0.006
ES,2021-06-16,Wednesday,ADR,4248.048,4245.036,3.0119999999997162,4248.599,4244.733,3.8659999999999854,True,SHORT,2021-06-15 23:10:00,4244.545,True,True,False,0.2344,0.2666,0.2666,4244.233,2021-06-15 23:20:00,0.8984,4247.742,2021-06-16 01:52:00,False,,0.0724,,True,4245.254,2021-06-15 23:16:00,0.0724
ES,2021-06-16,Wednesday,ODR,4249.039,4244.742,4.296999999999571,4249.799,4244.536,5.26299999999992,True,SHORT,2021-06-16 04:00:00,4244.036,True,True,False,0.1303,0.8611,0.8611,4241.042,2021-06-16 04:30:00,1.1303,4249.599,2021-06-16 06:34:00,True,2021-06-16 04:27:00,0.0,1.1303,True,4244.799,2021-06-16 04:50:00,0.0133
ES,2021-06-16,Wednesday,RDR,4249.033,4244.648,4.385000000000218,4251.199,4243.845,7.35399999999936,True,SHORT,2021-06-16 10:50:00,4243.839,True,True,True,0.0,10.1026,10.1026,4200.348,2021-06-16 14:01:00,0.8098,4248.199,2021-06-16 11:19:00,True,2021-06-16 12:06:00,0.8098,0.0,True,4244.848,2021-06-16 10:59:00,0.0456
ES,2021-06-17,Thursday,ADR,4210.045,4194.499,15.546000000000276,4210.299,4192.536,17.76299999999992,True,LONG,2021-06-17 01:00:00,4211.045,True,True,False,0.1421,0.0,0.1421,4212.254,2021-06-17 01:36:00,0.0838,4208.742,2021-06-17 01:24:00,False,,0.0838,,True,4210.033,2021-06-17 01:07:00,0.0008
ES,2021-06-17,Thursday,ODR,4209.554,4203.754,5.800000000000182,4211.048,4203.539,7.5090000000000146,True,SHORT,2021-06-17 04:40:00,4202.751,False,True,False,1.1284,0.4681,0.4681,4201.039,2021-06-17 04:55:00,2.1284,4216.099,2021-06-17 07:26:00,False,,0.0,,True,4204.699,2021-06-17 05:01:00,0.1629
ES,2021-06-17,Thursday,RDR,4230.351,4215.345,15.005999999999403,4231.151,4213.133,18.01800000000003,True,SHORT,2021-06-17 12:05:00,4212.151,True,True,False,0.1032,1.3334,1.3334,4195.336,2021-06-17 12:30:00,1.1032,4231.899,2021-06-17 15:42:00,True,2021-06-17 12:17:00,0.0,1.1032,True,4216.399,2021-06-17 13:01:00,0.0702
ES,2021-06-18,Friday,ADR,4227.851,4222.539,5.311999999999898,4228.548,4221.336,7.211999999999534,True,LONG,2021-06-17 21:40:00,4228.599,True,True,False,0.2914,0.0,0.2914,4229.399,2021-06-17 21:46:00,0.7182,4224.036,2021-06-18 00:18:00,False,,0.0,,True,4227.833,2021-06-17 21:54:00,0.0034
ES,2021-06-18,Friday,ODR,4225.851,4219.542,6.308999999999287,4226.351,4218.836,7.514999999999418,True,SHORT,2021-06-18 06:05:00,4217.854,True,True,True,0.0,5.8081,5.8081,4182.899,2021-06-18 08:23:00,0.0,4219.542,2021-06-18 06:40:00,True,2021-06-18 06:13:00,0.0,0.0,True,4219.542,2021-06-18 06:40:00,0.0
ES,2021-06-18,Friday,RDR,4191.954,4176.631,15.32299999999941,4193.154,4175.936,17.218000000000757,True,SHORT,2021-06-18 10:50:00,4175.342,True,True,True,0.0,0.9127,0.9127,4162.645,2021-06-18 15:59:00,0.7876,4188.699,2021-06-18 12:29:00,True,2021-06-18 15:59:00,0.7876,0.0,True,4177.199,2021-06-18 10:55:00,0.0371
ES,2021-06-21,Monday,ADR,4162.352,4156.542,5.809999999999491,4162.352,4156.036,6.3159999999998035,True,SHORT,2021-06-20 20:30:00,4155.445,True,True,True,0.0,3.3062,3.3062,4137.333,2021-06-20 23:18:00,0.4057,4158.899,2021-06-20 21:01:00,True,2021-06-20 21:31:00,0.4057,0.0,True,4156.599,2021-06-20 20:35:00,0.0098
ES,2021-06-21,Monday,ODR,4176.748,4156.833,19.914999999999964,4178.852,4156.336,22.51599999999962,True,LONG,2021-06-21 04:45:00,4179.545,True,True,True,0.5676,0.0,0.5676,4188.051,2021-06-21 05:28:00,0.0359,4176.033,2021-06-21 07:22:00,True,2021-06-21 05:22:00,0.0,0.0359,True,4176.033,2021-06-21 07:22:00,0.0359
ES,2021-06-21,Monday,RDR,4206.945,4175.946,30.998999999999796,4208.151,4175.442,32.70899999999983,True,LONG,2021-06-21 10:30:00,4209.636,True,False,,0.6293,0.0,0.6293,4226.454,2021-06-21 15:59:00,0.0,4208.933,2021-06-21 10:35:00,True,2021-06-21 13:40:00,0.0,0.0,False,,,
ES,2021-06-22,Tuesday,ADR,4231.645,4226.631,5.014000000000124,4231.699,4226.333,5.3659999999999854,True,SHORT,2021-06-21 21:00:00,4226.039,False,True,False,0.7088,0.2988,0.2988,4225.133,2021-06-21 21:53:00,1.7088,4235.199,2021-06-22 00:48:00,False,,0.2529,,True,4226.899,2021-06-21 21:06:00,0.0535
ES,2021-06-22,Tuesday,ODR,4229.048,4218.399,10.648999999999432,4229.351,4216.842,12.509000000000015,True,LONG,2021-06-22 07:25:00,4230.136,True,True,False,0.2915,0.2125,0.2915,4232.152,2021-06-22 08:07:00,0.1141,4227.833,2021-06-22 07:37:00,False,,0.1141,,True,4228.833,2021-06-22 07:33:00,0.0202
ES,2021-06-22,Tuesday,RDR,4228.242,4218.936,9.306000000000495,4228.899,4216.251,12.648000000000138,True,LONG,2021-06-22 10:30:00,4228.933,True,False,,2.9779,0.0,2.9779,4255.954,2021-06-22 15:28:00,0.0,4228.433,2021-06-22 10:36:00,True,2021-06-22 10:52:00,0.0,0.0,False,,,
ES,2021-06-23,Wednesday,ADR,4251.131,4247.431,3.7000000000007276,4251.151,4246.639,4.511999999999716,True,LONG,2021-06-22 21:10:00,4251.448,True,True,True,1.763,0.0,1.763,4257.654,2021-06-23 01:58:00,0.3214,4249.942,2021-06-22 21:51:00,True,2021-06-22 22:10:00,0.3214,0.0,True,4250.633,2021-06-22 21:36:00,0.1346
ES,2021-06-23,Wednesday,ODR,4256.439,4249.451,6.988000000000284,4257.499,4248.451,9.047999999999774,True,SHORT,2021-06-23 05:00:00,4248.139,True,True,False,0.0,1.1903,1.1903,4241.133,2021-06-23 07:27:00,0.3148,4251.651,2021-06-23 08:14:00,True,2021-06-23 05:26:00,0.2862,0.3148,True,4249.452,2021-06-23 05:18:00,0.0001
ES,2021-06-23,Wednesday,RDR,4255.751,4247.64,8.110999999999876,4256.297,4246.536,9.760999999999513,True,SHORT,2021-06-23 11:05:00,4245.742,True,True,True,0.0,0.7894,0.7894,4241.237,2021-06-23 15:59:00,0.7904,4254.051,2021-06-23 15:29:00,True,2021-06-23 12:39:00,0.7904,0.7904,True,4247.749,2021-06-23 11:14:00,0.0134
ES,2021-06-24,Thursday,ADR,4249.797,4246.542,3.2549999999991996,4249.799,4246.533,3.2659999999996217,True,LONG,2021-06-23 20:50:00,4250.048,True,True,True,0.9223,0.0,0.9223,4252.799,2021-06-23 22:45:00,0.3241,4248.742,2021-06-23 21:12:00,True,2021-06-23 21:32:00,0.3241,0.1714,True,4249.733,2021-06-23 20:55:00,0.0197
ES,2021-06-24,Thursday,ODR,4254.654,4251.254,3.4000000000005457,4255.099,4250.033,5.0659999999998035,True,LONG,2021-06-24 04:00:00,4258.599,True,False,,2.9244,0.0,2.9244,4264.597,2021-06-24 05:20:00,0.0,4257.233,2021-06-24 04:09:00,True,2021-06-24 04:05:00,0.0,0.0,False,,,
ES,2021-06-24,Thursday,RDR,4270.142,4264.139,6.002999999999702,4270.397,4262.833,7.564000000000306,True,LONG,2021-06-24 10:35:00,4270.451,False,True,False,0.1761,0.364,0.1761,4271.199,2021-06-24 10:44:00,1.364,4261.954,2021-06-24 11:41:00,False,,0.0313,,True,4269.954,2021-06-24 10:40:00,0.0313
ES,2021-06-25,Friday,ADR,4271.397,4269.045,2.3519999999998618,4272.046,4268.836,3.2100000000000364,True,SHORT,2021-06-24 21:20:00,4268.342,False,True,False,1.2764,0.4303,0.4303,4268.033,2021-06-24 21:30:00,2.2764,4274.399,2021-06-24 23:41:00,False,,0.0,,True,4269.045,2021-06-24 21:28:00,0.0
ES,2021-06-25,Friday,ODR,4269.34,4265.048,4.292000000000371,4269.399,4264.036,5.363000000000284,True,LONG,2021-06-25 04:15:00,4270.048,True,True,False,0.8292,0.0,0.8292,4272.899,2021-06-25 05:53:00,0.4669,4267.336,2021-06-25 05:21:00,True,2021-06-25 05:41:00,0.4669,0.349,True,4268.851,2021-06-25 04:24:00,0.1139
ES,2021-06-25,Friday,RDR,4279.136,4273.933,5.203000000000429,4280.499,4271.499,9.0,True,LONG,2021-06-25 14:35:00,4280.745,True,False,,1.5603,0.0,1.5603,4287.254,2021-06-25 15:52:00,0.0,4280.039,2021-06-25 14:48:00,True,2021-06-25 14:42:00,0.0,0.0,False,,,
ES,2021-06-28,Monday,ADR,4287.954,4284.433,3.520999999999731,4288.151,4284.433,3.717999999999847,True,SHORT,2021-06-27 20:40:00,4284.142,True,True,False,0.0,0.5112,0.5112,4282.633,2021-06-27 22:15:00,0.7719,4287.151,2021-06-28 01:59:00,True,2021-06-27 22:15:00,0.4277,0.7719,True,4284.452,2021-06-27 20:45:00,0.0054
ES,2021-06-28,Monday,ODR,4287.639,4283.299,4.3400000000001455,4287.948,4282.639,5.3090000000001965,True,SHORT,2021-06-28 04:20:00,4280.142,True,True,False,0.0,0.9592,0.9592,4279.136,2021-06-28 06:23:00,0.7834,4286.699,2021-06-28 07:23:00,True,2021-06-28 04:25:00,0.3917,0.7834,True,4283.499,2021-06-28 04:56:00,0.0461
ES,2021-06-28,Monday,RDR,4287.652,4278.745,8.907000000000153,4288.599,4276.536,12.063000000000102,True,SHORT,2021-06-28 13:00:00,4276.339,False,True,False,0.4768,0.4943,0.4943,4274.342,2021-06-28 13:12:00,1.4768,4291.899,2021-06-28 15:52:00,False,,0.0,,True,4278.854,2021-06-28 13:46:00,0.0122
ES,2021-06-29,Tuesday,ADR,4287.048,4284.331,2.7169999999996435,4287.397,4283.833,3.5640000000003056,True,SHORT,2021-06-28 21:10:00,4283.333,False,True,False,0.2028,1.2116,1.2116,4281.039,2021-06-28 21:50:00,1.2028,4287.599,2021-06-29 01:59:00,True,2021-06-28 21:35:00,0.449,1.2028,True,4284.354,2021-06-28 21:16:00,0.0085
ES,2021-06-29,Tuesday,ODR,4291.045,4284.599,6.445999999999913,4291.754,4284.348,7.405999999999949,True,LONG,2021-06-29 06:55:00,4292.033,True,True,False,0.2336,0.0093,0.2336,4292.551,2021-06-29 07:00:00,0.8843,4285.345,2021-06-29 07:47:00,False,,0.0,,True,4290.836,2021-06-29 07:01:00,0.0324
ES,2021-06-29,Tuesday,RDR,4297.999,4293.552,4.447000000000116,4298.652,4293.354,5.2979999999997744,True,LONG,2021-06-29 10:30:00,4299.436,False,True,False,0.5521,1.5559,0.5521,4300.454,2021-06-29 10:35:00,2.5559,4286.633,2021-06-29 14:41:00,True,2021-06-29 10:35:00,0.0,2.5559,True,4297.639,2021-06-29 10:37:00,0.081
ES,2021-06-30,Wednesday,ADR,4298.949,4296.199,2.75,4299.297,4295.936,3.3609999999998763,True,SHORT,2021-06-29 20:50:00,4295.748,True,True,True,0.0,1.0058,1.0058,4293.433,2021-06-30 01:59:00,0.4,4297.299,2021-06-30 01:00:00,True,2021-06-29 21:58:00,0.4,0.4,True,4296.251,2021-06-29 21:00:00,0.0189
ES,2021-06-30,Wednesday,ODR,4296.299,4293.237,3.061999999999898,4296.299,4292.733,3.5659999999998035,True,SHORT,2021-06-30 04:05:00,4291.448,True,False,,0.0,4.8347,4.8347,4278.433,2021-06-30 05:05:00,0.0,4292.951,2021-06-30 07:20:00,True,2021-06-30 04:10:00,0.0,0.0,False,,,
ES,2021-06-30,Wednesday,RDR,4294.351,4286.736,7.614999999999782,4294.897,4286.736,8.161000000000058,True,LONG,2021-06-30 10:30:00,4297.099,True,True,True,1.1619,0.0,1.1619,4303.199,2021-06-30 15:55:00,0.4214,4291.142,2021-06-30 14:10:00,True,2021-06-30 11:00:00,0.4214,0.4214,True,4294.139,2021-06-30 11:12:00,0.0278
ES,2021-07-01,Thursday,ADR,4306.148,4301.637,4.511000000000422,4306.399,4301.348,5.051000000000386,True,LONG,2021-06-30 21:10:00,4306.645,True,True,False,0.2773,0.0,0.2773,4307.399,2021-06-30 21:22:00,0.5549,4303.645,2021-07-01 00:53:00,False,,0.0007,,True,4306.145,2021-06-30 21:15:00,0.0007
ES,2021-07-01,Thursday,ODR,4312.742,4305.152,7.5900000000001455,4314.699,4304.133,10.565999999999804,True,SHORT,2021-07-01 05:20:00,4303.354,True,True,True,0.3178,1.2937,1.2937,4295.333,2021-07-01 06:53:00,0.1316,4306.151,2021-07-01 08:01:00,True,2021-07-01 05:45:00,0.0721,0.1316,True,4305.699,2021-07-01 05:28:00,0.0721
ES,2021-07-01,Thursday,RDR,4310.239,4303.352,6.886999999999716,4311.251,4302.736,8.515000000000327,True,LONG,2021-07-01 11:00:00,4311.499,True,True,True,1.5972,0.0,1.5972,4321.239,2021-07-01 15:59:00,0.9878,4303.436,2021-07-01 11:24:00,True,2021-07-01 13:34:00,0.9878,0.0,True,4309.936,2021-07-01 11:07:00,0.044
ES,2021-07-02,Friday,ADR,4321.639,4318.136,3.5029999999997017,4322.151,4318.133,4.018000000000029,True,LONG,2021-07-01 20:45:00,4322.645,True,True,False,0.5881,0.0,0.5881,4323.699,2021-07-01 21:15:00,0.7145,4319.136,2021-07-02 01:59:00,True,2021-07-01 21:15:00,0.0,0.7145,True,4321.154,2021-07-01 21:30:00,0.1385
ES,2021-07-02,Friday,ODR,4326.742,4319.34,7.402000000000044,4326.899,4318.342,8.557000000000698,False,,,,,,,0.0,0.1356,,,,,,,False,,,,False,,,
ES,2021-07-02,Friday,RDR,4333.699,4329.743,3.9559999999992215,4334.239,4327.939,6.299999999999272,True,LONG,2021-07-02 11:15:00,4334.451,True,False,,5.5859,0.0,5.5859,4355.797,2021-07-02 15:51:00,0.0,4333.736,2021-07-02 11:22:00,True,2021-07-02 11:29:00,0.0,0.0,False,,,
ES,2021-07-05,Monday,ADR,4349.199,4344.139,5.059999999999491,4349.397,4342.899,6.4979999999995925,False,,,,,,,0.0,0.0982,,,,,,,False,,,,False,,,
ES,2021-07-05,Monday,ODR,4345.648,4341.833,3.8150000000005093,4345.897,4341.339,4.557999999999993,True,LONG,2021-07-05 04:20:00,4346.339,True,True,True,1.6246,0.0,1.6246,4351.846,2021-07-05 07:13:00,0.0039,4345.633,2021-07-05 05:03:00,True,2021-07-05 04:30:00,0.0039,0.0039,True,4345.642,2021-07-05 04:33:00,0.0016
ES,2021-07-05,Monday,RDR,4352.448,4349.999,2.449000000000524,4352.452,4349.954,2.498000000000502,True,LONG,2021-07-05 10:30:00,4353.236,False,True,False,0.7558,0.4083,0.7558,4354.299,2021-07-05 11:32:00,1.4083,4348.999,2021-07-05 12:59:00,True,2021-07-05 10:43:00,0.0,1.4083,True,4351.742,2021-07-05 12:52:00,0.2883
ES,2021-07-06,Tuesday,ADR,4355.336,4353.133,2.2030000000004293,4355.699,4352.836,2.8629999999993743,True,LONG,2021-07-05 20:55:00,4355.842,False,True,False,0.458,2.33,0.2556,4355.899,2021-07-05 21:00:00,3.33,4348.0,2021-07-06 01:44:00,False,,0.0,,True,4355.336,2021-07-05 21:03:00,0.0
ES,2021-07-06,Tuesday,ODR,4350.646,4346.345,4.300999999999476,4351.151,4345.139,6.011999999999716,True,LONG,2021-07-06 07:25:00,4351.348,True,True,False,0.1646,0.1621,0.1635,4351.349,2021-07-06 07:30:00,0.8154,4347.139,2021-07-06 08:18:00,False,,0.07,,True,4350.345,2021-07-06 07:30:00,0.07
ES,2021-07-06,Tuesday,RDR,4351.939,4333.437,18.502000000000407,4353.951,4332.751,21.199999999999818,True,SHORT,2021-07-06 10:30:00,4328.436,True,True,False,0.0,1.0537,1.0537,4313.942,2021-07-06 12:20:00,0.6898,4346.199,2021-07-06 15:50:00,True,2021-07-06 10:59:00,0.0113,0.6898,True,4333.646,2021-07-06 10:38:00,0.0113
ES,2021-07-07,Wednesday,ADR,4337.545,4334.945,2.600000000000364,4337.854,4333.833,4.02100000000064,True,LONG,2021-07-06 20:35:00,4338.099,True,True,True,1.8669,0.0,1.8669,4342.399,2021-07-06 23:42:00,0.1958,4337.036,2021-07-06 21:15:00,True,2021-07-06 20:42:00,0.1958,0.1958,True,4337.533,2021-07-06 20:41:00,0.0046
ES,2021-07-07,Wednesday,ODR,4348.899,4342.351,6.548000000000684,4349.599,4342.333,7.266000000000531,True,LONG,2021-07-07 04:00:00,4349.851,True,True,True,0.7549,0.0,0.7549,4353.842,2021-07-07 08:12:00,0.621,4344.833,2021-07-07 04:43:00,True,2021-07-07 08:01:00,0.621,0.1318,True,4348.899,2021-07-07 04:11:00,0.0
ES,2021-07-07,Wednesday,RDR,4355.699,4340.148,15.550999999999476,4355.999,4339.133,16.865999999999985,True,SHORT,2021-07-07 10:30:00,4337.351,False,True,False,0.418,0.6756,0.6756,4329.642,2021-07-07 10:45:00,1.418,4362.199,2021-07-07 15:34:00,True,2021-07-07 10:44:00,0.1093,1.418,True,4341.399,2021-07-07 10:36:00,0.0804
ES,2021-07-08,Thursday,ADR,4359.833,4357.745,2.087999999999738,4360.551,4357.533,3.018000000000029,True,SHORT,2021-07-07 20:40:00,4357.351,True,False,,0.0,5.3597,5.3597,4346.554,2021-07-07 22:42:00,0.0,4357.354,2021-07-07 20:46:00,True,2021-07-07 20:47:00,0.0,0.0,False,,,
ES,2021-07-08,Thursday,ODR,4335.839,4320.836,15.002999999999702,4337.554,4315.539,22.015000000000327,True,SHORT,2021-07-08 04:25:00,4313.833,True,False,,0.0,2.1996,2.1996,4287.836,2021-07-08 08:11:00,0.0,4319.299,2021-07-08 04:59:00,True,2021-07-08 04:30:00,0.0,0.0,False,,,
ES,2021-07-08,Thursday,RDR,4308.136,4292.139,15.997000000000298,4309.645,4288.951,20.694000000000415,True,LONG,2021-07-08 11:15:00,4310.136,True,True,True,1.4292,0.0,1.4292,4330.999,2021-07-08 12:56:00,0.1686,4305.439,2021-07-08 15:50:00,True,2021-07-08 11:39:00,0.0,0.1686,True,4307.936,2021-07-08 15:49:00,0.0125
ES,2021-07-09,Friday,ADR,4323.633,4316.639,6.993999999999687,4323.651,4315.836,7.8149999999996,True,SHORT,2021-07-08 20:40:00,4315.645,True,True,False,0.0,2.1867,2.1867,4301.345,2021-07-08 22:06:00,0.509,4320.199,2021-07-09 01:11:00,True,2021-07-08 20:46:00,0.0,0.509,True,4317.848,2021-07-09 01:05:00,0.1729
ES,2021-07-09,Friday,ODR,4330.648,4322.054,8.594000000000051,4332.651,4321.633,11.018000000000029,True,LONG,2021-07-09 04:10:00,4334.139,True,True,True,1.5716,0.0,1.5716,4344.154,2021-07-09 07:45:00,0.3025,4328.048,2021-07-09 06:06:00,True,2021-07-09 04:42:00,0.3025,0.3025,True,4330.636,2021-07-09 06:01:00,0.0014
ES,2021-07-09,Friday,RDR,4356.948,4339.151,17.79700000000048,4357.499,4336.733,20.76599999999962,True,LONG,2021-07-09 10:50:00,4357.754,True,True,True,0.8319,0.0,0.8319,4371.754,2021-07-09 15:54:00,0.1524,4354.236,2021-07-09 10:59:00,True,2021-07-09 11:43:00,0.1524,0.0,True,4355.942,2021-07-09 10:55:00,0.0565
ES,2021-07-12,Monday,ADR,4373.199,4367.242,5.956999999999425,4373.199,4366.642,6.556999999999789,True,SHORT,2021-07-11 21:15:00,4365.399,True,False,,0.0,1.3608,1.3608,4359.136,2021-07-12 01:32:00,0.0,4366.154,2021-07-11 21:22:00,True,2021-07-11 21:31:00,0.0,0.0,False,,,
ES,2021-07-12,Monday,ODR,4365.348,4350.342,15.006000000000313,4365.899,4350.133,15.766000000000531,False,,,,,,,0.0,0.0,,,,,,,False,,,,False,,,
ES,2021-07-12,Monday,RDR,4377.939,4365.733,12.206000000000131,4377.999,4363.236,14.76299999999992,True,LONG,2021-07-12 10:30:00,4380.245,True,True,True,0.7629,0.0,0.7629,4387.251,2021-07-12 15:50:00,0.2627,4374.733,2021-07-12 11:38:00,True,2021-07-12 14:30:00,0.2627,0.0,True,4377.733,2021-07-12 11:23:00,0.0169
ES,2021-07-13,Tuesday,ADR,4386.445,4383.642,2.8029999999998836,4386.699,4383.436,3.26299999999992,True,SHORT,2021-07-12 21:30:00,4382.436,True,True,True,0.2487,1.0735,1.0735,4380.633,2021-07-13 01:59:00,0.6454,4385.451,2021-07-12 22:02:00,True,2021-07-12 21:38:00,0.6454,0.6454,True,4383.699,2021-07-12 21:52:00,0.0203
ES,2021-07-13,Tuesday,ODR,4380.454,4377.639,2.8149999999996,4380.999,4376.633,4.3659999999999854,True,LONG,2021-07-13 04:15:00,4381.936,True,False,,2.3048,0.0,2.3048,4386.942,2021-07-13 06:02:00,0.0,4381.145,2021-07-13 04:23:00,True,2021-07-13 04:20:00,0.0,0.0,False,,,
ES,2021-07-13,Tuesday,RDR,4385.554,4375.936,9.618000000000393,4385.799,4375.936,9.863000000000284,True,LONG,2021-07-13 10:30:00,4387.239,False,True,False,0.696,0.9049,0.696,4392.248,2021-07-13 12:01:00,1.9049,4367.233,2021-07-13 15:56:00,True,2021-07-13 11:24:00,0.344,1.9049,True,4384.542,2021-07-13 10:43:00,0.1052
ES,2021-07-14,Wednesday,ADR,4369.448,4363.433,6.015000000000327,4369.448,4362.942,6.506000000000313,True,LONG,2021-07-13 21:15:00,4371.439,False,True,False,0.4574,0.4978,0.4574,4372.199,2021-07-13 21:53:00,1.4978,4360.439,2021-07-14 01:01:00,False,,0.0,,True,4369.442,2021-07-13 22:04:00,0.001
ES,2021-07-14,Wednesday,ODR,4369.654,4359.133,10.52100000000064,4371.199,4358.133,13.065999999999804,True,LONG,2021-07-14 05:30:00,4372.654,True,True,True,0.7457,0.0,0.7457,4377.499,2021-07-14 07:58:00,0.0017,4369.636,2021-07-14 06:00:00,True,2021-07-14 07:18:00,0.0017,0.0,True,4369.636,2021-07-14 06:00:00,0.0017
ES,2021-07-14,Wednesday,RDR,4391.599,4381.536,10.063000000000102,4392.599,4380.536,12.063000000000102,True,SHORT,2021-07-14 10:35:00,4379.939,True,True,True,0.0,1.9083,1.9083,4362.333,2021-07-14 11:58:00,0.4688,4386.254,2021-07-14 10:51:00,True,2021-07-14 11:25:00,0.4688,0.2249,True,4381.954,2021-07-14 10:40:00,0.0415
ES,2021-07-15,Thursday,ADR,4375.551,4369.542,6.0090000000000146,4375.599,4369.033,6.5659999999998035,True,SHORT,2021-07-14 20:45:00,4367.536,True,True,False,0.0,0.6657,0.6657,4365.542,2021-07-14 21:18:00,0.6752,4373.599,2021-07-14 23:38:00,True,2021-07-14 20:53:00,0.0,0.6752,True,4369.799,2021-07-14 21:33:00,0.0428
ES,2021-07-15,Thursday,ODR,4372.636,4364.554,8.082000000000335,4373.254,4361.536,11.717999999999847,True,LONG,2021-07-15 04:10:00,4373.554,False,True,False,0.6318,1.4229,0.6318,4377.742,2021-07-15 04:26:00,2.4229,4353.054,2021-07-15 07:25:00,True,2021-07-15 04:25:00,0.0124,2.4229,True,4372.536,2021-07-15 04:16:00,0.0124
ES,2021-07-15,Thursday,RDR,4367.354,4356.333,11.02100000000064,4368.354,4352.845,15.509000000000015,True,SHORT,2021-07-15 13:10:00,4351.145,True,True,False,0.0,1.4518,1.4518,4340.333,2021-07-15 13:56:00,0.4369,4361.148,2021-07-15 15:35:00,True,2021-07-15 13:15:00,0.0,0.4369,True,4356.642,2021-07-15 15:00:00,0.028
ES,2021-07-16,Friday,ADR,4355.048,4348.239,6.8090000000001965,4355.599,4348.036,7.563000000000102,True,SHORT,2021-07-15 21:00:00,4347.551,False,True,False,0.8887,0.2942,0.2942,4346.236,2021-07-15 21:07:00,1.8887,4361.099,2021-07-16 01:34:00,False,,0.0,,True,4348.799,2021-07-15 21:09:00,0.0822
ES,2021-07-16,Friday,ODR,4363.442,4357.554,5.88799999999992,4364.551,4356.233,8.318000000000211,True,LONG,2021-07-16 05:05:00,4365.748,True,True,True,1.2155,0.1384,1.2155,4370.599,2021-07-16 08:26:00,0.579,4360.033,2021-07-16 06:22:00,True,2021-07-16 05:10:00,0.579,0.579,True,4363.033,2021-07-16 05:55:00,0.0695
ES,2021-07-16,Friday,RDR,4372.739,4345.345,27.393999999999323,4373.354,4344.339,29.015000000000327,True,SHORT,2021-07-16 11:25:00,4343.951,True,True,True,0.0,0.8398,0.8398,4322.339,2021-07-16 15:51:00,0.3688,4355.448,2021-07-16 12:20:00,True,2021-07-16 15:01:00,0.3688,0.0,True,4345.951,2021-07-16 11:30:00,0.0221
ES,2021-07-19,Monday,ADR,4317.751,4311.233,6.518000000000029,4317.754,4310.936,6.818000000000211,True,SHORT,2021-07-18 20:30:00,4309.745,True,True,True,0.0,1.0433,1.0433,4304.433,2021-07-18 22:01:00,0.3477,4313.499,2021-07-19 01:07:00,True,2021-07-18 20:45:00,0.0799,0.3477,True,4311.448,2021-07-18 20:35:00,0.033
ES,2021-07-19,Monday,ODR,4314.748,4301.748,13.0,4315.999,4301.251,14.747999999999593,True,SHORT,2021-07-19 04:35:00,4295.451,True,True,True,0.0,2.3319,2.3319,4271.433,2021-07-19 08:22:00,0.0005,4301.754,2021-07-19 05:44:00,True,2021-07-19 04:40:00,0.0005,0.0005,True,4301.754,2021-07-19 05:44:00,0.0005
ES,2021-07-19,Monday,RDR,4278.551,4244.042,34.509000000000015,4280.048,4239.339,40.70899999999983,True,SHORT,2021-07-19 12:40:00,4235.548,True,True,False,0.0,0.3622,0.3622,4231.542,2021-07-19 13:33:00,0.5364,4262.554,2021-07-19 15:59:00,False,,0.0683,,True,4244.599,2021-07-19 13:01:00,0.0161
ES,2021-07-20,Tuesday,ADR,4274.242,4267.451,6.791000000000167,4274.751,4267.433,7.318000000000211,True,LONG,2021-07-19 20:40:00,4275.754,False,True,False,1.1422,0.7389,1.1422,4281.999,2021-07-19 22:03:00,1.7389,4262.433,2021-07-20 00:20:00,True,2021-07-19 21:44:00,0.369,1.7389,True,4273.939,2021-07-19 21:04:00,0.0446
ES,2021-07-20,Tuesday,ODR,4285.499,4278.454,7.045000000000073,4286.499,4274.942,11.556999999999789,True,SHORT,2021-07-20 05:45:00,4272.451,True,True,True,0.0426,1.2091,1.2091,4269.936,2021-07-20 06:02:00,0.8495,4284.439,2021-07-20 08:04:00,True,2021-07-20 05:50:00,0.0,0.8495,True,4278.799,2021-07-20 06:11:00,0.049
ES,2021-07-20,Tuesday,RDR,4306.839,4267.354,39.48499999999967,4306.899,4260.533,46.365999999999985,True,LONG,2021-07-20 10:40:00,4307.542,True,True,True,0.7664,0.0,0.7664,4337.099,2021-07-20 15:25:00,0.0152,4306.239,2021-07-20 10:45:00,True,2021-07-20 12:04:00,0.0152,0.0,True,4306.239,2021-07-20 10:45:00,0.0152
ES,2021-07-21,Wednesday,ADR,4333.699,4328.136,5.562999999999192,4333.699,4327.136,6.562999999999192,True,SHORT,2021-07-20 22:00:00,4326.136,True,False,,0.2337,1.7981,1.7981,4318.133,2021-07-21 00:59:00,0.0,4326.999,2021-07-20 22:06:00,True,2021-07-20 22:08:00,0.0,0.0,False,,,
ES,2021-07-21,Wednesday,ODR,4340.639,4327.951,12.688000000000102,4343.154,4324.133,19.02100000000064,True,LONG,2021-07-21 04:20:00,4345.154,False,True,False,0.4578,0.3558,0.4224,4345.999,2021-07-21 04:32:00,1.3558,4323.436,2021-07-21 07:56:00,False,,0.0,,True,4340.433,2021-07-21 05:02:00,0.0162
ES,2021-07-21,Wednesday,RDR,4349.554,4336.539,13.015000000000327,4350.054,4334.245,15.809000000000196,True,LONG,2021-07-21 11:50:00,4350.745,True,True,True,0.8256,0.0,0.8256,4360.299,2021-07-21 15:57:00,0.1783,4347.233,2021-07-21 12:59:00,True,2021-07-21 15:09:00,0.1783,0.0626,True,4349.536,2021-07-21 12:21:00,0.0014
ES,2021-07-22,Thursday,ADR,4364.648,4361.133,3.5150000000003274,4364.899,4360.133,4.766000000000531,True,SHORT,2021-07-21 20:40:00,4359.851,True,True,False,0.0,0.4267,0.4267,4359.633,2021-07-21 20:45:00,0.8595,4364.154,2021-07-21 21:45:00,False,,0.0,,True,4361.351,2021-07-21 21:14:00,0.062
ES,2021-07-22,Thursday,ODR,4367.336,4361.651,5.6850000000004,4367.899,4361.633,6.266000000000531,True,LONG,2021-07-22 06:45:00,4368.133,False,True,False,0.3277,0.2649,0.3277,4369.199,2021-07-22 06:54:00,1.2649,4360.145,2021-07-22 08:09:00,False,,0.0,,True,4366.633,2021-07-22 07:00:00,0.1237
ES,2021-07-22,Thursday,RDR,4361.745,4354.436,7.3090000000001965,4362.999,4351.939,11.05999999999949,True,LONG,2021-07-22 10:35:00,4363.599,False,True,True,1.1339,0.6435,1.1339,4370.033,2021-07-22 14:59:00,1.6435,4349.733,2021-07-22 12:21:00,True,2021-07-22 10:41:00,1.6435,1.6435,True,4361.236,2021-07-22 11:05:00,0.0696
ES,2021-07-23,Friday,ADR,4377.948,4375.448,2.5,4378.451,4375.251,3.199999999999818,True,LONG,2021-07-22 20:30:00,4379.299,True,True,True,1.5404,0.0,1.5404,4381.799,2021-07-22 21:36:00,0.8048,4375.936,2021-07-23 00:17:00,True,2021-07-22 20:35:00,0.0,0.8048,True,4377.942,2021-07-22 22:42:00,0.0024
ES,2021-07-23,Friday,ODR,4383.933,4378.842,5.091000000000349,4384.299,4378.233,6.0659999999998035,True,LONG,2021-07-23 04:15:00,4384.499,True,True,True,1.3487,0.0,1.3487,4390.799,2021-07-23 05:51:00,0.0982,4383.433,2021-07-23 04:23:00,True,2021-07-23 04:47:00,0.0982,0.0,True,4383.439,2021-07-23 04:22:00,0.097
ES,2021-07-23,Friday,RDR,4388.036,4382.345,5.6909999999998035,4389.099,4380.548,8.551000000000386,True,LONG,2021-07-23 10:35:00,4390.945,True,False,,4.8529,0.0,4.8529,4415.654,2021-07-23 15:50:00,0.0,4390.648,2021-07-23 10:40:00,True,2021-07-23 10:40:00,0.0,0.0,False,,,
ES,2021-07-26,Monday,ADR,4412.833,4401.839,10.993999999999687,4413.054,4401.836,11.217999999999847,True,SHORT,2021-07-25 20:45:00,4401.036,True,True,True,0.0,0.6362,0.6362,4394.845,2021-07-26 01:31:00,0.0648,4402.551,2021-07-25 20:58:00,True,2021-07-25 21:14:00,0.0648,0.0014,True,4401.854,2021-07-25 20:51:00,0.0014
ES,2021-07-26,Monday,ODR,4400.848,4391.033,9.8149999999996,4401.099,4389.836,11.26299999999992,True,SHORT,2021-07-26 04:00:00,4385.545,False,True,False,0.5304,0.7626,0.7626,4383.548,2021-07-26 04:09:00,1.5304,4406.054,2021-07-26 07:42:00,True,2021-07-26 04:05:00,0.0,1.5304,True,4391.051,2021-07-26 04:37:00,0.0018
ES,2021-07-26,Monday,RDR,4414.154,4405.833,8.321000000000822,4415.154,4405.445,9.709000000000742,True,LONG,2021-07-26 11:25:00,4416.936,True,True,True,1.0572,0.0834,1.0572,4422.951,2021-07-26 15:59:00,0.2414,4412.145,2021-07-26 12:42:00,True,2021-07-26 11:35:00,0.2414,0.2414,True,4414.136,2021-07-26 12:33:00,0.0022
ES,2021-07-27,Tuesday,ADR,4421.954,4418.554,3.399999999999636,4421.954,4418.033,3.920999999999367,True,SHORT,2021-07-26 20:30:00,4417.599,True,False,,0.0,1.6238,1.6238,4413.033,2021-07-27 01:18:00,0.0,4418.354,2021-07-26 21:42:00,True,2021-07-26 20:38:00,0.0,0.0,False,,,
ES,2021-07-27,Tuesday,ODR,4413.548,4398.845,14.70299999999952,4414.054,4398.533,15.52099999999973,True,LONG,2021-07-27 07:00:00,4415.899,True,True,False,0.4115,0.0,0.4115,4419.599,2021-07-27 07:39:00,0.1026,4412.039,2021-07-27 08:19:00,False,,0.0,,True,4413.533,2021-07-27 07:51:00,0.001
ES,2021-07-27,Tuesday,RDR,4411.539,4395.445,16.09400000000005,4411.539,4393.436,18.103000000000065,True,SHORT,2021-07-27 11:15:00,4389.951,True,True,False,0.0,1.4545,1.4545,4372.036,2021-07-27 13:33:00,0.4756,4403.099,2021-07-27 15:59:00,True,2021-07-27 11:26:00,0.0,0.4756,True,4395.548,2021-07-27 15:00:00,0.0064
ES,2021-07-28,Wednesday,ADR,4405.745,4397.699,8.046000000000276,4405.999,4397.433,8.565999999999804,True,LONG,2021-07-27 21:00:00,4408.236,False,True,False,0.4357,1.05,0.4357,4409.251,2021-07-27 21:06:00,2.05,4389.251,2021-07-28 01:03:00,False,,0.0,,True,4405.333,2021-07-27 21:38:00,0.0512
ES,2021-07-28,Wednesday,ODR,4401.799,4395.739,6.0600000000004,4401.799,4392.945,8.85400000000027,True,LONG,2021-07-28 04:00:00,4402.442,True,True,True,1.6422,0.0,1.6422,4411.751,2021-07-28 04:56:00,0.2564,4400.245,2021-07-28 06:16:00,True,2021-07-28 04:20:00,0.0,0.2564,True,4401.242,2021-07-28 06:15:00,0.0919
ES,2021-07-28,Wednesday,RDR,4408.739,4394.051,14.687999999999192,4410.354,4393.033,17.320999999999913,True,SHORT,2021-07-28 13:30:00,4391.899,False,True,False,0.4297,0.5797,0.5797,4385.536,2021-07-28 14:00:00,1.4297,4415.051,2021-07-28 14:51:00,True,2021-07-28 14:00:00,0.1939,1.4297,True,4394.548,2021-07-28 13:42:00,0.0338
ES,2021-07-29,Thursday,ADR,4401.239,4395.433,5.805999999999585,4401.445,4395.233,6.211999999999534,True,SHORT,2021-07-28 21:20:00,4393.799,True,True,False,0.0,1.3779,1.3779,4387.433,2021-07-28 22:09:00,0.7864,4399.999,2021-07-29 01:32:00,True,2021-07-28 21:30:00,0.0,0.7864,True,4395.448,2021-07-28 23:03:00,0.0026
ES,2021-07-29,Thursday,ODR,4407.748,4402.942,4.805999999999585,4408.451,4401.733,6.717999999999847,True,LONG,2021-07-29 05:40:00,4408.748,True,True,True,0.4584,0.0019,0.4584,4409.951,2021-07-29 08:14:00,1.0,4402.942,2021-07-29 06:48:00,False,,1.0,,True,4407.439,2021-07-29 06:40:00,0.0643
ES,2021-07-29,Thursday,RDR,4421.399,4409.936,11.463000000000648,4422.342,4409.899,12.442999999999302,True,LONG,2021-07-29 10:35:00,4423.336,True,True,False,0.7104,0.0,0.7104,4429.542,2021-07-29 13:31:00,0.25,4418.533,2021-07-29 15:51:00,True,2021-07-29 11:00:00,0.0,0.25,True,4421.039,2021-07-29 14:39:00,0.0314
ES,2021-07-30,Friday,ADR,4399.454,4388.151,11.302999999999884,4399.933,4387.936,11.997000000000298,True,SHORT,2021-07-29 20:45:00,4383.999,True,True,True,0.0,0.9482,0.9482,4377.433,2021-07-30 01:23:00,0.2254,4390.699,2021-07-29 22:31:00,True,2021-07-29 21:27:00,0.2254,0.2254,True,4388.151,2021-07-29 21:06:00,0.0
ES,2021-07-30,Friday,ODR,4383.499,4377.654,5.844999999999345,4384.199,4377.433,6.765999999999622,True,LONG,2021-07-30 04:05:00,4384.448,True,True,True,2.0017,0.0,2.0017,4395.199,2021-07-30 07:00:00,0.0958,4382.939,2021-07-30 08:02:00,True,2021-07-30 04:13:00,0.0,0.0958,True,4382.939,2021-07-30 08:02:00,0.0958
ES,2021-07-30,Friday,RDR,4410.548,4390.439,20.10899999999947,4411.554,4390.439,21.11499999999978,True,SHORT,2021-07-30 14:35:00,4389.554,True,True,False,0.0,0.0698,0.0698,4389.036,2021-07-30 14:40:00,0.4781,4400.054,2021-07-30 15:10:00,False,,0.0,,True,4391.548,2021-07-30 14:41:00,0.0551
ES,2021-08-02,Monday,ADR,4414.139,4411.44,2.699000000000524,4414.699,4410.034,4.664999999999964,True,LONG,2021-08-01 20:30:00,4415.436,True,True,True,2.7844,0.0,2.7844,4421.654,2021-08-02 01:37:00,0.8162,4411.936,2021-08-01 22:10:00,True,2021-08-01 20:38:00,0.8162,0.8162,True,4412.936,2021-08-01 22:04:00,0.4457
ES,2021-08-02,Monday,ODR,4425.651,4419.133,6.518000000000029,4426.199,4418.539,7.6599999999998545,True,SHORT,2021-08-02 06:55:00,4412.142,True,False,,0.0,1.6253,1.6253,4408.539,2021-08-02 07:00:00,0.0,4417.951,2021-08-02 08:04:00,True,2021-08-02 07:00:00,0.0,0.0,False,,,
ES,2021-08-02,Monday,RDR,4418.254,4411.551,6.70299999999952,4420.599,4408.233,12.365999999999985,True,SHORT,2021-08-02 11:50:00,4406.836,True,False,,0.0,3.986,3.986,4384.833,2021-08-02 15:57:00,0.0,4407.899,2021-08-02 11:55:00,True,2021-08-02 11:55:00,0.0,0.0,False,,,
ES,2021-08-03,Tuesday,ADR,4399.299,4391.442,7.856999999999971,4400.799,4390.733,10.065999999999804,True,SHORT,2021-08-02 22:00:00,4389.451,True,True,False,0.0575,0.3429,0.3182,4388.942,2021-08-02 22:05:00,1.0255,4399.499,2021-08-03 01:07:00,False,,0.0,,True,4391.799,2021-08-02 22:07:00,0.0454
ES,2021-08-03,Tuesday,ODR,4402.754,4396.433,6.320999999999913,4404.499,4394.939,9.55999999999949,True,SHORT,2021-08-03 08:20:00,4393.733,True,False,,0.2761,0.5058,0.4746,4393.433,2021-08-03 08:26:00,0.0,4395.499,2021-08-03 08:25:00,False,,0.0,,False,,,
ES,2021-08-03,Tuesday,RDR,4396.439,4374.336,22.103000000000065,4398.354,4372.833,25.52100000000064,True,LONG,2021-08-03 11:40:00,4407.051,True,False,,1.2628,0.0,1.2628,4424.351,2021-08-03 15:59:00,0.0,4402.536,2021-08-03 12:25:00,True,2021-08-03 11:45:00,0.0,0.0,False,,,
ES,2021-08-04,Wednesday,ADR,4415.948,4413.242,2.706000000000131,4416.454,4412.933,3.520999999999731,True,LONG,2021-08-03 21:15:00,4417.454,True,True,True,1.7927,0.0,1.7927,4420.799,2021-08-04 01:56:00,0.6338,4414.233,2021-08-03 21:43:00,True,2021-08-03 21:20:00,0.6338,0.6338,True,4415.436,2021-08-03 21:36:00,0.1892
ES,2021-08-04,Wednesday,ODR,4422.236,4416.251,5.984999999999673,4422.299,4415.933,6.3659999999999854,True,SHORT,2021-08-04 04:05:00,4415.733,True,True,True,0.0,1.3397,1.3397,4408.233,2021-08-04 08:29:00,0.9195,4421.754,2021-08-04 06:50:00,True,2021-08-04 08:00:00,0.9195,0.0,True,4416.951,2021-08-04 04:11:00,0.117
ES,2021-08-04,Wednesday,RDR,4415.039,4408.333,6.706000000000131,4415.399,4406.033,9.365999999999985,True,SHORT,2021-08-04 11:20:00,4405.333,True,True,True,0.0,1.339,1.339,4399.354,2021-08-04 11:42:00,0.9344,4414.599,2021-08-04 14:42:00,True,2021-08-04 11:25:00,0.0,0.9344,True,4408.34,2021-08-04 12:10:00,0.001
ES,2021-08-05,Thursday,ADR,4412.039,4404.239,7.800000000000182,4412.297,4404.054,8.242999999999483,False,,,,,,,0.1301,0.0,,,,,,,False,,,,False,,,
ES,2021-08-05,Thursday,ODR,4410.599,4402.734,7.864999999999782,4411.799,4402.533,9.265999999999622,True,LONG,2021-08-05 05:10:00,4412.039,True,True,True,0.7247,0.0,0.7247,4416.299,2021-08-05 05:55:00,0.1737,4409.233,2021-08-05 07:11:00,True,2021-08-05 05:52:00,0.0,0.1737,True,4410.548,2021-08-05 06:23:00,0.0065
ES,2021-08-05,Thursday,RDR,4420.14,4413.848,6.292000000000371,4420.348,4410.333,10.015000000000327,True,LONG,2021-08-05 10:50:00,4421.099,True,True,True,1.5733,0.0,1.5733,4430.039,2021-08-05 15:59:00,0.764,4415.333,2021-08-05 13:03:00,True,2021-08-05 15:43:00,0.764,0.0,True,4420.051,2021-08-05 10:58:00,0.0141
ES,2021-08-06,Friday,ADR,4425.248,4423.442,1.8059999999995853,4425.999,4422.933,3.0659999999998035,True,LONG,2021-08-05 23:35:00,4426.245,True,True,True,1.2215,0.2818,1.2215,4427.454,2021-08-06 01:59:00,0.0017,4425.245,2021-08-06 01:12:00,True,2021-08-05 23:41:00,0.0017,0.0017,True,4425.245,2021-08-06 01:12:00,0.0017
ES,2021-08-06,Friday,ODR,4427.239,4424.451,2.787999999999556,4427.451,4423.933,3.518000000000029,True,LONG,2021-08-06 04:45:00,4427.933,True,False,,1.6356,0.0782,1.6356,4431.799,2021-08-06 07:10:00,0.0,4427.742,2021-08-06 04:52:00,True,2021-08-06 04:55:00,0.0,0.0,False,,,
ES,2021-08-06,Friday,RDR,4439.099,4431.037,8.061999999999898,4440.045,4428.845,11.199999999999818,False,,,,,,,0.0248,0.2226,,,,,,,False,,,,False,,,
ES,2021-08-09,Monday,ADR,4425.139,4420.299,4.8400000000001455,4425.654,4419.133,6.52100000000064,True,LONG,2021-08-08 22:05:00,4425.845,True,False,,0.8709,0.0,0.8709,4429.354,2021-08-08 23:14:00,0.0,4425.648,2021-08-09 01:57:00,True,2021-08-08 22:18:00,0.0,0.0,False,,,
ES,2021-08-09,Monday,ODR,4431.342,4424.648,6.693999999999505,4433.645,4423.633,10.012000000000626,False,,,,,,,0.1204,0.0466,,,,,,,False,,,,False,,,
ES,2021-08-09,Monday,RDR,4435.399,4425.433,9.96600000000035,4438.742,4423.733,15.009000000000015,False,,,,,,,0.3062,0.0,,,,,,,False,,,,False,,,
ES,2021-08-10,Tuesday,ADR,4433.154,4430.154,3.0,4433.636,4429.639,3.9970000000002983,True,LONG,2021-08-09 20:40:00,4434.199,False,True,False,0.515,2.2717,0.515,4434.699,2021-08-09 20:59:00,3.2717,4423.339,2021-08-09 22:01:00,True,2021-08-09 20:59:00,0.0,3.2717,True,4433.136,2021-08-09 21:16:00,0.006
ES,2021-08-10,Tuesday,ODR,4433.342,4428.345,4.996999999999389,4434.199,4427.639,6.559999999999491,False,,,,,,,0.1025,0.0,,,,,,,False,,,,False,,,
ES,2021-08-10,Tuesday,RDR,4444.299,4433.948,10.350999999999658,4444.951,4432.936,12.015000000000327,True,SHORT,2021-08-10 10:40:00,4431.554,True,True,False,0.0,0.4356,0.4356,4429.439,2021-08-10 10:54:00,0.9667,4443.954,2021-08-10 12:27:00,False,,0.1981,,True,4434.051,2021-08-10 10:45:00,0.01
ES,2021-08-11,Wednesday,ADR,4436.099,4434.045,2.0540000000000873,4437.048,4433.833,3.2150000000001455,True,SHORT,2021-08-10 20:45:00,4433.333,True,True,True,0.0,1.7084,1.7084,4430.536,2021-08-10 21:01:00,0.9026,4435.899,2021-08-10 22:17:00,True,2021-08-10 20:56:00,0.2434,0.9026,True,4434.054,2021-08-10 20:51:00,0.0044
ES,2021-08-11,Wednesday,ODR,4435.548,4428.051,7.496999999999389,4436.399,4427.833,8.566000000000713,False,,,,,,,0.0,0.0016,,,,,,,False,,,,False,,,
ES,2021-08-11,Wednesday,RDR,4449.133,4445.936,3.1970000000001164,4449.454,4443.133,6.320999999999913,True,SHORT,2021-08-11 11:00:00,4441.536,True,True,False,0.0,2.7848,2.7848,4437.033,2021-08-11 11:51:00,0.7704,4448.399,2021-08-11 15:59:00,True,2021-08-11 11:05:00,0.0,0.7704,True,4446.345,2021-08-11 15:07:00,0.1279
ES,2021-08-12,Thursday,ADR,4446.336,4444.345,1.9909999999999854,4446.799,4443.936,2.8630000000002838,True,LONG,2021-08-11 23:00:00,4446.954,False,True,False,1.0593,0.4581,1.0593,4448.445,2021-08-11 23:51:00,1.4581,4443.433,2021-08-12 01:46:00,True,2021-08-11 23:05:00,0.0,1.4581,True,4446.239,2021-08-12 00:45:00,0.0487
ES,2021-08-12,Thursday,ODR,4445.842,4442.642,3.199999999999818,4446.299,4441.948,4.350999999999658,True,LONG,2021-08-12 04:30:00,4446.448,True,True,True,1.2822,0.0,1.2822,4449.945,2021-08-12 06:48:00,0.0294,4445.748,2021-08-12 05:12:00,True,2021-08-12 04:56:00,0.0294,0.0294,True,4445.748,2021-08-12 05:12:00,0.0294
ES,2021-08-12,Thursday,RDR,4445.439,4437.039,8.400000000000546,4445.999,4436.336,9.662999999999556,True,LONG,2021-08-12 10:50:00,4446.351,True,True,True,1.9595,0.0,1.9595,4461.899,2021-08-12 15:40:00,0.2745,4443.133,2021-08-12 11:14:00,True,2021-08-12 11:53:00,0.2745,0.0,True,4444.639,2021-08-12 11:02:00,0.0952
ES,2021-08-13,Friday,ADR,4459.599,4457.239,2.360000000000582,4459.599,4456.739,2.860000000000582,True,LONG,2021-08-12 20:30:00,4459.754,True,True,False,0.6356,0.0,0.6356,4461.099,2021-08-12 22:19:00,0.8742,4457.536,2021-08-12 21:14:00,True,2021-08-12 22:17:00,0.8742,0.7907,True,4459.245,2021-08-12 20:35:00,0.15
ES,2021-08-13,Friday,ODR,4463.745,4460.248,3.4970000000002983,4464.048,4460.233,3.8149999999996,True,LONG,2021-08-13 04:55:00,4464.299,True,True,False,0.4307,0.0,0.4307,4465.251,2021-08-13 05:03:00,0.7738,4461.039,2021-08-13 07:22:00,False,,0.0,,True,4463.548,2021-08-13 05:21:00,0.0563
ES,2021-08-13,Friday,RDR,4466.854,4462.145,4.708999999999833,4467.699,4460.136,7.562999999999192,True,LONG,2021-08-13 15:55:00,4468.345,True,,,0.4234,0.1087,,,,,,,False,,,,False,,,
ES,2021-08-16,Monday,ADR,4463.554,4457.099,6.454999999999927,4463.599,4455.733,7.8659999999999854,True,SHORT,2021-08-15 22:10:00,4454.545,True,True,False,0.0,0.5205,0.5205,4453.739,2021-08-15 22:20:00,0.4648,4460.099,2021-08-16 01:04:00,True,2021-08-15 22:20:00,0.0,0.4648,True,4457.242,2021-08-15 23:27:00,0.0222
ES,2021-08-16,Monday,ODR,4460.754,4452.599,8.154999999999745,4462.099,4451.233,10.865999999999985,True,SHORT,2021-08-16 06:20:00,4448.536,True,True,True,0.1649,0.7193,0.658,4447.233,2021-08-16 06:26:00,0.7544,4458.751,2021-08-16 07:01:00,True,2021-08-16 06:26:00,0.0,0.7544,True,4453.239,2021-08-16 06:33:00,0.0785
ES,2021-08-16,Monday,RDR,4455.039,4440.342,14.697000000000116,4456.854,4438.836,18.01800000000003,True,LONG,2021-08-16 12:50:00,4457.839,True,False,,1.6884,0.1359,1.6884,4479.854,2021-08-16 15:59:00,0.0,4456.833,2021-08-16 12:57:00,True,2021-08-16 13:34:00,0.0,0.0,False,,,
ES,2021-08-17,Tuesday,ADR,4476.545,4471.245,5.300000000000182,4476.733,4471.033,5.699999999999818,True,SHORT,2021-08-16 20:40:00,4470.045,True,True,True,0.0,1.0777,1.0777,4465.533,2021-08-17 01:55:00,0.1045,4471.799,2021-08-16 20:52:00,True,2021-08-16 21:35:00,0.1045,0.0583,True,4471.599,2021-08-16 20:48:00,0.0668
ES,2021-08-17,Tuesday,ODR,4461.754,4453.742,8.011999999999716,4462.545,4451.739,10.806000000000495,True,LONG,2021-08-17 05:20:00,4463.248,True,True,False,0.2247,0.0004,0.2247,4463.554,2021-08-17 05:29:00,1.0004,4453.739,2021-08-17 07:18:00,False,,0.0,,True,4461.233,2021-08-17 05:31:00,0.065
ES,2021-08-17,Tuesday,RDR,4455.342,4444.348,10.993999999999687,4456.639,4440.842,15.79700000000048,True,LONG,2021-08-17 10:45:00,4456.699,False,True,False,0.255,2.5027,0.255,4458.145,2021-08-17 10:50:00,3.5027,4416.833,2021-08-17 13:00:00,False,,0.0907,,True,4454.345,2021-08-17 10:50:00,0.0907
ES,2021-08-18,Wednesday,ADR,4441.339,4436.854,4.484999999999673,4441.554,4436.533,5.020999999999731,True,LONG,2021-08-17 20:40:00,4442.351,True,False,,2.5668,0.0,2.5668,4452.851,2021-08-18 00:28:00,0.0,4441.533,2021-08-17 21:00:00,True,2021-08-17 20:50:00,0.0,0.0,False,,,
ES,2021-08-18,Wednesday,ODR,4451.048,4442.548,8.5,4451.348,4441.533,9.8149999999996,True,SHORT,2021-08-18 04:50:00,4441.339,True,True,True,0.0,0.3772,0.3772,4439.342,2021-08-18 06:24:00,0.5889,4447.554,2021-08-18 07:09:00,False,,0.3001,,True,4443.336,2021-08-18 04:59:00,0.0927
ES,2021-08-18,Wednesday,RDR,4452.951,4434.945,18.006000000000313,4453.633,4434.442,19.190999999999804,True,SHORT,2021-08-18 14:10:00,4432.839,True,True,True,0.0,2.1052,2.1052,4397.039,2021-08-18 15:59:00,0.4781,4443.554,2021-08-18 14:35:00,True,2021-08-18 14:17:00,0.4781,0.4781,True,4435.899,2021-08-18 14:24:00,0.053
ES,2021-08-19,Thursday,ADR,4401.099,4394.751,6.347999999999956,4402.048,4393.733,8.3149999999996,True,LONG,2021-08-18 21:30:00,4403.039,False,True,False,0.3863,1.3715,0.3863,4403.551,2021-08-18 21:44:00,2.3715,4386.045,2021-08-19 01:59:00,False,,0.0,,True,4400.536,2021-08-18 21:55:00,0.0887
ES,2021-08-19,Thursday,ODR,4373.739,4365.533,8.205999999999221,4374.545,4362.733,11.811999999999898,True,SHORT,2021-08-19 04:00:00,4362.051,False,True,False,0.428,1.6451,1.6451,4352.033,2021-08-19 05:18:00,1.428,4377.251,2021-08-19 06:07:00,True,2021-08-19 04:05:00,0.0,1.428,True,4365.554,2021-08-19 05:35:00,0.0026
ES,2021-08-19,Thursday,RDR,4402.833,4370.254,32.57899999999972,4407.699,4368.833,38.865999999999985,True,LONG,2021-08-19 11:40:00,4408.333,True,True,True,0.4931,0.0,0.4931,4418.899,2021-08-19 12:04:00,0.6353,4382.136,2021-08-19 14:32:00,False,,0.0,,True,4401.833,2021-08-19 13:29:00,0.0307
ES,2021-08-20,Friday,ADR,4404.851,4397.242,7.608999999999469,4405.054,4396.836,8.217999999999847,True,LONG,2021-08-19 20:30:00,4406.399,False,True,False,0.6897,0.9076,0.6897,4410.099,2021-08-19 20:51:00,1.9076,4390.336,2021-08-20 01:29:00,True,2021-08-19 20:49:00,0.0,1.9076,True,4404.539,2021-08-19 21:10:00,0.041
ES,2021-08-20,Friday,ODR,4394.354,4377.433,16.921000000000276,4395.545,4375.836,19.708999999999833,False,,,,,,,0.0,0.0,,,,,,,False,,,,False,,,
ES,2021-08-20,Friday,RDR,4436.345,4409.039,27.306000000000495,4436.951,4404.454,32.4970000000003,True,LONG,2021-08-20 12:25:00,4439.545,True,True,True,0.2892,0.0,0.2892,4444.242,2021-08-20 15:50:00,0.1762,4431.533,2021-08-20 14:46:00,False,,0.1762,,True,4436.033,2021-08-20 13:40:00,0.0114
ES,2021-08-23,Monday,ADR,4445.351,4442.654,2.696999999999207,4446.199,4442.133,4.0659999999998035,True,LONG,2021-08-22 21:00:00,4446.336,True,False,,4.746,0.0022,4.746,4458.151,2021-08-22 23:20:00,0.0,4446.345,2021-08-22 21:05:00,True,2021-08-22 21:06:00,0.0,0.0,False,,,
ES,2021-08-23,Monday,ODR,4456.345,4449.145,7.199999999999818,4457.139,4448.633,8.506000000000313,False,,,,,,,0.2092,0.0707,,,,,,,False,,,,False,,,
ES,2021-08-23,Monday,RDR,4478.248,4457.648,20.599999999999454,4478.799,4457.648,21.15099999999984,True,LONG,2021-08-23 10:55:00,4479.299,True,False,,0.5219,0.0,0.5219,4488.999,2021-08-23 13:13:00,0.0,4478.433,2021-08-23 15:57:00,True,2021-08-23 13:09:00,0.0,0.0,False,,,
ES,2021-08-24,Tuesday,ADR,4486.848,4484.833,2.0150000000003274,4487.199,4484.833,2.3659999999999854,True,LONG,2021-08-24 01:40:00,4487.636,True,True,True,0.9186,0.0993,0.9186,4488.699,2021-08-24 01:46:00,0.006,4486.836,2021-08-24 01:52:00,True,2021-08-24 01:45:00,0.0,0.006,True,4486.836,2021-08-24 01:52:00,0.006
ES,2021-08-24,Tuesday,ODR,4494.648,4489.336,5.311999999999898,4494.845,4488.336,6.5090000000000146,True,SHORT,2021-08-24 04:35:00,4488.148,True,True,True,0.0,1.5442,1.5442,4481.133,2021-08-24 08:24:00,0.0964,4489.848,2021-08-24 04:45:00,True,2021-08-24 05:36:00,0.0964,0.0,True,4489.654,2021-08-24 04:43:00,0.0599
ES,2021-08-24,Tuesday,RDR,4490.245,4481.754,8.490999999999985,4490.299,4480.933,9.365999999999985,True,LONG,2021-08-24 10:35:00,4490.351,True,True,False,0.2484,0.0,0.2484,4492.354,2021-08-24 15:17:00,0.8719,4482.842,2021-08-24 12:30:00,False,,0.8719,,True,4489.833,2021-08-24 10:40:00,0.0485
ES,2021-08-25,Wednesday,ADR,4487.599,4484.048,3.5510000000003856,4489.045,4483.536,5.5090000000000146,True,SHORT,2021-08-24 22:20:00,4481.236,True,True,False,0.0,1.1298,1.1298,4480.036,2021-08-24 23:03:00,0.4796,4485.751,2021-08-25 01:43:00,True,2021-08-24 22:25:00,0.0,0.4796,True,4484.051,2021-08-25 01:29:00,0.0008
ES,2021-08-25,Wednesday,ODR,4488.251,4485.299,2.9520000000002256,4488.554,4485.242,3.311999999999898,True,LONG,2021-08-25 04:10:00,4489.242,False,True,False,0.9495,1.208,0.9495,4491.054,2021-08-25 04:19:00,2.208,4481.733,2021-08-25 07:32:00,True,2021-08-25 04:16:00,0.0,2.208,True,4488.036,2021-08-25 04:38:00,0.0728
ES,2021-08-25,Wednesday,RDR,4491.133,4486.639,4.493999999999687,4492.199,4484.636,7.562999999999192,True,LONG,2021-08-25 11:05:00,4492.839,True,False,,2.3398,0.0,2.3398,4501.648,2021-08-25 15:45:00,0.0,4492.133,2021-08-25 11:10:00,True,2021-08-25 11:10:00,0.0,0.0,False,,,
ES,2021-08-26,Thursday,ADR,4497.254,4491.739,5.515000000000327,4497.299,4491.036,6.26299999999992,True,SHORT,2021-08-25 21:05:00,4489.751,True,True,False,0.0,0.8533,0.8533,4487.033,2021-08-25 22:31:00,0.1467,4492.548,2021-08-25 21:52:00,True,2021-08-25 21:34:00,0.1467,0.1467,True,4492.299,2021-08-25 21:51:00,0.1015
ES,2021-08-26,Thursday,ODR,4493.039,4484.542,8.496999999999389,4494.736,4484.042,10.693999999999505,True,LONG,2021-08-26 07:20:00,4496.051,True,False,,0.4137,0.0,0.4137,4496.554,2021-08-26 08:29:00,0.0,4494.233,2021-08-26 07:31:00,False,,0.0,,False,,,
ES,2021-08-26,Thursday,RDR,4495.345,4482.651,12.694000000000415,4495.648,4473.133,22.515000000000327,True,SHORT,2021-08-26 11:00:00,4471.836,True,True,True,0.0,1.0885,1.0885,4468.833,2021-08-26 15:11:00,0.4134,4487.899,2021-08-26 12:18:00,True,2021-08-26 11:05:00,0.4134,0.4134,True,4483.142,2021-08-26 11:16:00,0.0387
ES,2021-08-27,Friday,ADR,4472.542,4466.033,6.5090000000000146,4472.599,4466.033,6.5659999999998035,True,LONG,2021-08-26 21:25:00,4474.036,True,False,,1.3915,0.0,1.3915,4481.599,2021-08-26 22:33:00,0.0,4473.233,2021-08-26 21:44:00,True,2021-08-26 22:03:00,0.0,0.0,False,,,
ES,2021-08-27,Friday,ODR,4486.751,4481.033,5.717999999999847,4487.745,4480.033,7.711999999999534,True,SHORT,2021-08-27 07:45:00,4478.742,True,True,True,0.0,0.6646,0.4372,4478.533,2021-08-27 07:50:00,0.177,4482.045,2021-08-27 08:22:00,False,,0.0,,True,4481.033,2021-08-27 08:06:00,0.0
ES,2021-08-27,Friday,RDR,4503.154,4477.745,25.40900000000056,4505.345,4477.639,27.70600000000013,True,LONG,2021-08-27 11:55:00,4505.633,True,False,,0.3929,0.0,0.3929,4513.136,2021-08-27 15:47:00,0.0,4503.633,2021-08-27 12:18:00,False,,0.0,,False,,,
ES,2021-08-30,Monday,ADR,4515.951,4508.433,7.518000000000029,4515.999,4507.933,8.065999999999804,True,SHORT,2021-08-29 20:30:00,4505.751,True,True,False,0.0,0.6248,0.6248,4503.736,2021-08-29 21:41:00,0.5348,4512.454,2021-08-30 01:36:00,True,2021-08-29 21:39:00,0.0028,0.5348,True,4508.454,2021-08-29 21:30:00,0.0028
ES,2021-08-30,Monday,ODR,4511.251,4509.448,1.8029999999998836,4511.454,4508.939,2.514999999999418,True,LONG,2021-08-30 04:15:00,4512.251,True,True,True,2.0538,0.0,2.0538,4514.954,2021-08-30 08:03:00,0.4537,4510.433,2021-08-30 05:37:00,True,2021-08-30 04:20:00,0.4537,0.4537,True,4511.233,2021-08-30 04:34:00,0.01
ES,2021-08-30,Monday,RDR,4528.045,4514.836,13.208999999999833,4528.054,4513.533,14.52099999999973,True,LONG,2021-08-30 10:30:00,4528.839,True,True,True,0.7082,0.0,0.7082,4537.399,2021-08-30 11:16:00,0.0528,4527.348,2021-08-30 15:59:00,True,2021-08-30 11:06:00,0.0,0.0528,True,4528.033,2021-08-30 15:58:00,0.0009
ES,2021-08-31,Tuesday,ADR,4531.354,4528.548,2.8060000000004948,4531.548,4528.333,3.2150000000001455,True,SHORT,2021-08-30 22:00:00,4527.551,False,True,False,4.0075,0.3585,0.2505,4527.845,2021-08-30 22:16:00,5.0075,4542.599,2021-08-31 01:48:00,False,,0.1964,,True,4528.554,2021-08-30 22:06:00,0.0021
ES,2021-08-31,Tuesday,ODR,4542.339,4539.536,2.8029999999998836,4542.554,4539.333,3.2210000000004584,True,SHORT,2021-08-31 04:00:00,4538.839,True,True,True,0.0,6.9579,6.9579,4520.033,2021-08-31 08:27:00,0.3436,4540.499,2021-08-31 04:17:00,True,2021-08-31 04:30:00,0.3436,0.0,True,4539.839,2021-08-31 04:05:00,0.1081
ES,2021-08-31,Tuesday,RDR,4527.233,4516.999,10.234000000000378,4528.448,4515.142,13.306000000000495,True,LONG,2021-08-31 11:15:00,4528.939,True,True,False,0.368,0.0,0.368,4530.999,2021-08-31 11:43:00,0.8889,4518.136,2021-08-31 15:31:00,False,,0.0098,,True,4527.154,2021-08-31 11:26:00,0.0077
ES,2021-09-01,Wednesday,ADR,4531.251,4527.299,3.9520000000002256,4531.554,4526.233,5.320999999999913,True,LONG,2021-08-31 22:00:00,4533.742,True,False,,1.7214,0.3196,1.7214,4538.054,2021-09-01 01:42:00,0.0,4533.033,2021-08-31 22:11:00,True,2021-08-31 22:05:00,0.0,0.0,False,,,
ES,2021-09-01,Wednesday,ODR,4541.254,4539.742,1.5119999999997162,4542.039,4539.533,2.5059999999994034,True,SHORT,2021-09-01 04:35:00,4539.251,True,True,True,0.3208,2.7837,2.7837,4535.533,2021-09-01 06:19:00,0.994,4541.245,2021-09-01 08:16:00,True,2021-09-01 05:03:00,0.2361,0.994,True,4539.754,2021-09-01 04:40:00,0.0079
ES,2021-09-01,Wednesday,RDR,4532.154,4525.848,6.306000000000495,4532.699,4524.136,8.562999999999192,True,LONG,2021-09-01 12:30:00,4533.633,False,True,False,0.7919,0.6684,0.7919,4537.148,2021-09-01 13:31:00,1.6684,4521.633,2021-09-01 15:58:00,True,2021-09-01 12:57:00,0.0,1.6684,True,4532.136,2021-09-01 14:24:00,0.0029
ES,2021-09-02,Thursday,ADR,4527.239,4521.248,5.9909999999999854,4527.599,4519.236,8.363000000000284,True,SHORT,2021-09-01 20:40:00,4518.799,True,True,False,0.0,0.5867,0.5867,4517.733,2021-09-01 20:45:00,0.3844,4523.551,2021-09-02 01:40:00,True,2021-09-01 20:45:00,0.0,0.3844,True,4521.254,2021-09-01 21:23:00,0.001
ES,2021-09-02,Thursday,ODR,4529.736,4526.033,3.70299999999952,4529.736,4524.736,5.0,True,LONG,2021-09-02 04:00:00,4530.751,True,True,True,1.1645,0.0,1.1645,4534.048,2021-09-02 04:37:00,0.054,4529.536,2021-09-02 06:48:00,True,2021-09-02 04:05:00,0.0,0.054,True,4529.736,2021-09-02 06:19:00,0.0
ES,2021-09-02,Thursday,RDR,4542.645,4536.136,6.5090000000000146,4545.699,4535.833,9.865999999999985,True,SHORT,2021-09-02 13:15:00,4535.354,True,True,False,0.0312,1.7668,1.7668,4524.636,2021-09-02 14:11:00,0.2612,4537.836,2021-09-02 15:59:00,True,2021-09-02 13:25:00,0.0,0.2612,True,4536.199,2021-09-02 15:58:00,0.0097
ES,2021-09-03,Friday,ADR,4539.551,4535.739,3.8120000000008076,4540.054,4535.739,4.315000000000509,True,LONG,2021-09-02 20:35:00,4540.239,True,True,True,2.0207,0.0,2.0207,4547.254,2021-09-02 23:00:00,0.7917,4536.533,2021-09-02 21:45:00,True,2021-09-02 22:43:00,0.7917,0.0,True,4539.533,2021-09-02 20:45:00,0.0047
ES,2021-09-03,Friday,ODR,4545.042,4541.036,4.006000000000313,4545.542,4540.533,5.0090000000000146,True,LONG,2021-09-03 04:40:00,4545.554,True,True,False,0.2639,0.0,0.2639,4546.099,2021-09-03 06:55:00,0.7489,4542.042,2021-09-03 08:10:00,False,,0.4985,,True,4544.799,2021-09-03 04:51:00,0.0607
ES,2021-09-03,Friday,RDR,4534.648,4524.351,10.29700000000048,4535.354,4521.133,14.221000000000458,True,LONG,2021-09-03 13:05:00,4535.851,True,True,True,0.6804,0.0,0.6804,4541.654,2021-09-03 15:14:00,0.0694,4533.933,2021-09-03 15:56:00,True,2021-09-03 13:58:00,0.0,0.0694,True,4534.242,2021-09-03 15:55:00,0.0394
ES,2021-09-06,Monday,ADR,4532.351,4526.839,5.511999999999716,4532.654,4526.633,6.02100000000064,True,SHORT,2021-09-05 20:30:00,4525.339,False,True,False,0.9984,0.3095,0.3095,4525.133,2021-09-05 20:35:00,1.9984,4537.854,2021-09-06 01:56:00,False,,0.0,,True,4526.854,2021-09-05 20:46:00,0.0027
ES,2021-09-06,Monday,ODR,4544.599,4540.145,4.4539999999997235,4545.199,4539.633,5.5659999999998035,True,LONG,2021-09-06 05:10:00,4545.345,True,True,True,0.5164,0.0,0.5164,4546.899,2021-09-06 06:21:00,0.2155,4543.639,2021-09-06 05:35:00,True,2021-09-06 06:21:00,0.2155,0.1706,True,4544.345,2021-09-06 05:21:00,0.057
ES,2021-09-06,Monday,RDR,4549.299,4544.348,4.951000000000022,4549.299,4544.336,4.962999999999738,False,,,,,,,0.0,0.022,,,,,,,False,,,,False,,,
ES,2021-09-07,Tuesday,ADR,4543.348,4540.239,3.1090000000003783,4543.651,4538.833,4.818000000000211,True,SHORT,2021-09-06 21:35:00,4538.754,True,True,False,0.0,0.7729,0.7729,4537.836,2021-09-06 21:44:00,0.6304,4542.199,2021-09-06 23:05:00,True,2021-09-06 21:40:00,0.0,0.6304,True,4540.654,2021-09-06 22:03:00,0.1335
ES,2021-09-07,Tuesday,ODR,4540.899,4539.633,1.2660000000005311,4541.399,4538.333,3.066000000000713,True,SHORT,2021-09-07 04:05:00,4536.399,True,True,True,0.0,7.109,7.109,4530.633,2021-09-07 05:35:00,0.6051,4540.399,2021-09-07 04:39:00,True,2021-09-07 04:10:00,0.6051,0.6051,True,4540.154,2021-09-07 04:14:00,0.4115
ES,2021-09-07,Tuesday,RDR,4532.399,4514.442,17.957000000000335,4533.251,4512.351,20.900000000000546,False,,,,,,,0.0,0.0999,,,,,,,False,,,,False,,,
ES,2021-09-08,Wednesday,ADR,4520.039,4515.299,4.739999999999782,4520.799,4514.533,6.265999999999622,True,LONG,2021-09-07 20:40:00,4521.236,True,True,True,1.2057,0.0,1.2057,4525.754,2021-09-07 21:54:00,0.4232,4518.033,2021-09-07 23:40:00,True,2021-09-07 20:50:00,0.0,0.4232,True,4519.536,2021-09-07 23:31:00,0.1061
ES,2021-09-08,Wednesday,ODR,4517.054,4503.039,14.015000000000327,4517.748,4501.236,16.511999999999716,True,LONG,2021-09-08 06:50:00,4519.536,True,True,False,0.3956,0.3429,0.3956,4522.599,2021-09-08 07:15:00,0.272,4513.242,2021-09-08 08:20:00,False,,0.0004,,True,4517.048,2021-09-08 07:00:00,0.0004
ES,2021-09-08,Wednesday,RDR,4519.636,4508.339,11.29700000000048,4521.399,4508.333,13.066000000000713,True,SHORT,2021-09-08 10:30:00,4507.133,True,True,False,0.0,1.3273,1.3273,4493.345,2021-09-08 10:55:00,0.6644,4515.845,2021-09-08 15:16:00,True,2021-09-08 10:36:00,0.0,0.6644,True,4508.354,2021-09-08 11:22:00,0.0013
ES,2021-09-09,Thursday,ADR,4509.736,4507.445,2.2910000000001673,4510.999,4507.233,3.7659999999996217,True,SHORT,2021-09-08 20:40:00,4506.799,True,True,True,0.0,6.9865,6.9865,4491.439,2021-09-09 01:31:00,0.0236,4507.499,2021-09-08 22:03:00,True,2021-09-08 20:47:00,0.0236,0.0236,True,4507.445,2021-09-08 22:02:00,0.0
ES,2021-09-09,Thursday,ODR,4499.254,4487.636,11.617999999999483,4500.999,4486.433,14.565999999999804,True,LONG,2021-09-09 04:00:00,4501.739,True,True,True,1.2089,0.0,1.2089,4513.299,2021-09-09 08:06:00,0.174,4497.233,2021-09-09 05:16:00,True,2021-09-09 05:33:00,0.174,0.0879,True,4498.745,2021-09-09 05:00:00,0.0438
ES,2021-09-09,Thursday,RDR,4528.039,4510.742,17.29699999999957,4529.899,4509.033,20.865999999999985,True,SHORT,2021-09-09 13:20:00,4501.542,True,False,,0.1156,1.1105,1.1105,4491.533,2021-09-09 14:04:00,0.0,4505.899,2021-09-09 15:43:00,True,2021-09-09 13:25:00,0.0,0.0,False,,,
ES,2021-09-10,Friday,ADR,4496.448,4490.999,5.449000000000524,4497.245,4490.945,6.300000000000182,True,LONG,2021-09-09 21:45:00,4497.539,True,False,,1.9826,0.1406,1.9826,4507.251,2021-09-10 01:35:00,0.0,4497.433,2021-09-09 21:50:00,True,2021-09-09 21:51:00,0.0,0.0,False,,,
ES,2021-09-10,Friday,ODR,4510.051,4503.239,6.812000000000808,4510.551,4502.236,8.31500000000051,True,LONG,2021-09-10 04:05:00,4511.054,True,True,True,0.6606,0.0,0.6606,4514.551,2021-09-10 04:51:00,0.1201,4509.233,2021-09-10 06:00:00,True,2021-09-10 04:44:00,0.0756,0.1201,True,4510.033,2021-09-10 04:13:00,0.0026
ES,2021-09-10,Friday,RDR,4516.151,4492.651,23.5,4518.899,4490.839,28.0600000000004,True,SHORT,2021-09-10 10:30:00,4488.639,True,True,True,0.0,1.4812,1.4812,4457.842,2021-09-10 15:57:00,0.2361,4498.199,2021-09-10 13:14:00,True,2021-09-10 10:55:00,0.2361,0.2361,True,4492.836,2021-09-10 12:15:00,0.0079
ES,2021-09-13,Monday,ADR,4476.799,4469.051,7.7479999999995925,4477.042,4468.736,8.306000000000495,True,SHORT,2021-09-12 21:05:00,4468.233,True,True,False,0.0,1.5241,1.5241,4457.242,2021-09-13 01:10:00,0.2901,4471.299,2021-09-12 23:18:00,True,2021-09-12 21:31:00,0.2901,0.2901,True,4469.545,2021-09-12 21:12:00,0.0638
ES,2021-09-13,Monday,ODR,4480.751,4476.045,4.706000000000131,4481.551,4475.745,5.806000000000495,True,LONG,2021-09-13 06:05:00,4482.036,True,False,,1.3914,0.0,1.3914,4487.299,2021-09-13 06:45:00,0.0,4481.242,2021-09-13 06:14:00,True,2021-09-13 06:21:00,0.0,0.0,False,,,
ES,2021-09-13,Monday,RDR,4491.554,4461.336,30.217999999999847,4493.851,4459.342,34.509000000000015,True,SHORT,2021-09-13 11:10:00,4456.948,True,True,False,0.0,0.5526,0.5526,4444.639,2021-09-13 15:06:00,0.2851,4469.951,2021-09-13 15:59:00,True,2021-09-13 14:37:00,0.2089,0.2851,True,4461.699,2021-09-13 11:24:00,0.012
ES,2021-09-14,Tuesday,ADR,4475.736,4472.239,3.4970000000002983,4475.999,4471.733,4.265999999999622,True,LONG,2021-09-13 21:15:00,4476.745,True,True,True,1.3048,0.0,1.3048,4480.299,2021-09-13 21:37:00,0.5156,4473.933,2021-09-13 22:33:00,True,2021-09-13 21:24:00,0.0,0.5156,True,4475.736,2021-09-13 22:27:00,0.0
ES,2021-09-14,Tuesday,ODR,4471.251,4461.739,9.512000000000626,4471.754,4461.733,10.02099999999973,True,LONG,2021-09-14 04:25:00,4472.251,True,True,False,0.5833,0.137,0.5833,4476.799,2021-09-14 04:40:00,1.137,4460.436,2021-09-14 07:53:00,True,2021-09-14 04:37:00,0.0,1.137,True,4471.248,2021-09-14 05:51:00,0.0003
ES,2021-09-14,Tuesday,RDR,4483.799,4456.336,27.462999999999738,4486.045,4453.833,32.212000000000444,True,SHORT,2021-09-14 10:35:00,4450.854,True,True,True,0.0,0.8012,0.8012,4434.333,2021-09-14 14:50:00,0.3191,4465.099,2021-09-14 12:02:00,True,2021-09-14 14:20:00,0.3191,0.0,True,4456.851,2021-09-14 11:08:00,0.0188
ES,2021-09-15,Wednesday,ADR,4452.651,4447.199,5.4520000000002256,4453.351,4446.645,6.7059999999992215,True,SHORT,2021-09-14 21:45:00,4445.833,False,True,False,0.1829,1.2594,1.2594,4440.333,2021-09-14 22:05:00,1.1829,4453.648,2021-09-15 00:51:00,True,2021-09-14 21:53:00,0.0,1.1829,True,4447.199,2021-09-14 22:21:00,0.0
ES,2021-09-15,Wednesday,ODR,4451.748,4447.851,3.8969999999999345,4453.145,4447.342,5.803000000000793,True,LONG,2021-09-15 04:25:00,4454.139,False,True,False,1.3218,2.1057,1.3218,4456.899,2021-09-15 05:52:00,3.1057,4439.645,2021-09-15 08:26:00,True,2021-09-15 04:30:00,0.0,3.1057,True,4451.645,2021-09-15 06:44:00,0.0264
ES,2021-09-15,Wednesday,RDR,4456.242,4437.951,18.291000000000167,4457.499,4436.433,21.065999999999804,True,LONG,2021-09-15 12:15:00,4457.533,True,False,,1.687,0.0,1.687,4487.099,2021-09-15 15:45:00,0.0,4457.033,2021-09-15 12:20:00,True,2021-09-15 12:35:00,0.0,0.0,False,,,
ES,2021-09-16,Thursday,ADR,4485.242,4482.442,2.800000000000182,4485.299,4482.433,2.8659999999999854,True,LONG,2021-09-15 21:05:00,4485.442,False,True,False,0.7879,2.5736,0.7879,4487.448,2021-09-15 21:20:00,3.5736,4475.236,2021-09-16 01:39:00,True,2021-09-15 21:20:00,0.1104,3.5736,True,4484.939,2021-09-15 21:10:00,0.1082
ES,2021-09-16,Thursday,ODR,4483.754,4477.254,6.5,4483.754,4476.945,6.8090000000001965,True,SHORT,2021-09-16 05:35:00,4476.754,True,True,True,0.0,1.7417,1.7417,4465.933,2021-09-16 08:26:00,0.1608,4478.299,2021-09-16 07:03:00,True,2021-09-16 05:46:00,0.1608,0.1608,True,4477.748,2021-09-16 07:02:00,0.076
ES,2021-09-16,Thursday,RDR,4481.546,4450.599,30.947000000000116,4485.351,4448.045,37.305999999999585,True,SHORT,2021-09-16 10:50:00,4445.933,False,True,False,0.16,0.2412,0.2412,4443.136,2021-09-16 10:56:00,1.16,4486.499,2021-09-16 15:10:00,False,,0.0,,True,4451.454,2021-09-16 11:01:00,0.0276
ES,2021-09-17,Friday,ADR,4471.051,4465.599,5.4520000000002256,4471.051,4464.536,6.515000000000327,True,SHORT,2021-09-16 21:30:00,4463.348,False,True,False,1.6229,0.5624,0.469,4463.042,2021-09-16 21:35:00,2.6229,4479.899,2021-09-17 01:59:00,False,,0.0,,True,4465.599,2021-09-16 21:37:00,0.0
ES,2021-09-17,Friday,ODR,4481.551,4472.451,9.100000000000364,4482.399,4472.333,10.066000000000713,True,SHORT,2021-09-17 05:05:00,4472.054,True,True,True,0.0,1.5837,1.5837,4458.039,2021-09-17 06:45:00,0.044,4472.851,2021-09-17 05:10:00,True,2021-09-17 05:14:00,0.044,0.0,True,4472.851,2021-09-17 05:10:00,0.044
ES,2021-09-17,Friday,RDR,4465.551,4443.845,21.70600000000013,4470.199,4441.333,28.865999999999985,True,SHORT,2021-09-17 10:40:00,4439.839,True,True,True,0.0,0.7438,0.7438,4427.699,2021-09-17 13:53:00,0.2789,4449.899,2021-09-17 12:40:00,True,2021-09-17 13:46:00,0.2789,0.0,True,4444.199,2021-09-17 10:54:00,0.0163
ES,2021-09-20,Monday,ADR,4428.048,4425.536,2.5119999999997162,4428.554,4424.233,4.320999999999913,True,SHORT,2021-09-19 20:40:00,4423.054,True,False,,0.0999,13.3348,13.3348,4392.039,2021-09-19 23:02:00,0.0,4424.651,2021-09-19 20:52:00,True,2021-09-19 20:45:00,0.0,0.0,False,,,
ES,2021-09-20,Monday,ODR,4391.748,4384.536,7.211999999999534,4393.299,4382.245,11.054000000000087,True,SHORT,2021-09-20 04:15:00,4380.099,True,True,True,0.0,4.4782,4.4782,4352.239,2021-09-20 08:28:00,0.1751,4385.799,2021-09-20 04:52:00,True,2021-09-20 04:20:00,0.1751,0.1751,True,4385.054,2021-09-20 04:50:00,0.0718
ES,2021-09-20,Monday,RDR,4379.633,4357.139,22.493999999999687,4381.899,4355.136,26.76299999999992,True,SHORT,2021-09-20 11:40:00,4354.548,True,True,False,0.0,2.3162,2.3162,4305.039,2021-09-20 15:17:00,0.1739,4361.051,2021-09-20 15:59:00,True,2021-09-20 11:58:00,0.0,0.1739,True,4359.599,2021-09-20 15:57:00,0.1094
ES,2021-09-21,Tuesday,ADR,4373.133,4353.433,19.699999999999818,4373.699,4352.151,21.547999999999774,True,LONG,2021-09-20 20:30:00,4375.151,True,True,True,0.6607,0.0,0.6607,4386.148,2021-09-21 01:11:00,0.4315,4364.633,2021-09-20 21:38:00,True,2021-09-20 23:46:00,0.4315,0.0,True,4373.133,2021-09-20 20:45:00,0.0
ES,2021-09-21,Tuesday,ODR,4401.448,4381.448,20.0,4401.699,4380.133,21.565999999999804,True,LONG,2021-09-21 04:05:00,4401.954,True,True,False,0.2503,0.0,0.2503,4406.454,2021-09-21 04:40:00,0.9758,4381.933,2021-09-21 08:14:00,False,,0.2008,,True,4400.939,2021-09-21 04:20:00,0.0255
ES,2021-09-21,Tuesday,RDR,4394.554,4364.045,30.509000000000015,4395.754,4361.533,34.22099999999955,True,SHORT,2021-09-21 10:45:00,4352.039,True,True,True,0.0,0.5508,0.5508,4347.242,2021-09-21 10:54:00,0.7279,4386.251,2021-09-21 12:14:00,True,2021-09-21 10:53:00,0.0,0.7279,True,4364.054,2021-09-21 11:08:00,0.0003
ES,2021-09-22,Wednesday,ADR,4346.154,4333.636,12.518000000000029,4347.145,4331.933,15.212000000000444,True,LONG,2021-09-21 21:05:00,4349.136,True,False,,2.1165,0.0,2.1165,4372.648,2021-09-22 01:20:00,0.0,4348.939,2021-09-21 22:07:00,True,2021-09-21 21:10:00,0.0,0.0,False,,,
ES,2021-09-22,Wednesday,ODR,4381.145,4367.033,14.11200000000008,4383.499,4366.136,17.362999999999374,False,,,,,,,0.0432,0.0638,,,,,,,False,,,,False,,,
ES,2021-09-22,Wednesday,RDR,4390.751,4370.099,20.652000000000044,4394.051,4367.236,26.81500000000051,True,LONG,2021-09-22 10:55:00,4395.951,True,True,True,1.2468,0.0,1.2468,4416.499,2021-09-22 14:15:00,0.4025,4382.439,2021-09-22 14:50:00,True,2021-09-22 11:30:00,0.2331,0.4025,True,4385.936,2021-09-22 14:00:00,0.2331
ES,2021-09-23,Thursday,ADR,4405.845,4399.642,6.203000000000429,4406.699,4398.342,8.356999999999971,True,LONG,2021-09-22 21:25:00,4407.836,True,True,True,0.7019,0.0,0.7019,4410.199,2021-09-22 21:35:00,0.5555,4402.399,2021-09-22 22:42:00,True,2021-09-22 21:32:00,0.0,0.5555,True,4405.399,2021-09-22 22:02:00,0.0719
ES,2021-09-23,Thursday,ODR,4423.839,4411.842,11.997000000000298,4424.636,4411.133,13.503000000000611,True,LONG,2021-09-23 04:35:00,4426.151,True,True,False,0.876,0.0,0.876,4434.348,2021-09-23 05:08:00,0.9588,4412.336,2021-09-23 06:15:00,True,2021-09-23 05:08:00,0.0,0.9588,True,4422.136,2021-09-23 06:10:00,0.142
ES,2021-09-23,Thursday,RDR,4450.233,4414.142,36.09100000000035,4452.754,4412.233,40.52099999999973,True,LONG,2021-09-23 10:50:00,4455.354,True,True,False,0.419,0.0,0.419,4465.354,2021-09-23 13:59:00,0.1577,4444.542,2021-09-23 11:22:00,False,,0.1577,,True,4450.033,2021-09-23 11:03:00,0.0055
ES,2021-09-24,Friday,ADR,4460.933,4451.239,9.694000000000415,4461.799,4449.748,12.051000000000386,True,SHORT,2021-09-23 21:55:00,4445.745,True,True,True,0.0,0.8771,0.8771,4442.736,2021-09-24 01:27:00,0.3316,4454.454,2021-09-23 23:24:00,True,2021-09-23 22:00:00,0.3316,0.3316,True,4451.245,2021-09-23 22:30:00,0.0006
ES,2021-09-24,Friday,ODR,4440.736,4430.748,9.988000000000284,4440.999,4428.942,12.056999999999789,True,SHORT,2021-09-24 04:15:00,4428.148,True,True,True,0.0,0.8522,0.8522,4422.236,2021-09-24 08:14:00,0.7515,4438.254,2021-09-24 04:55:00,True,2021-09-24 07:16:00,0.7515,0.3004,True,4431.454,2021-09-24 04:25:00,0.0707
ES,2021-09-24,Friday,RDR,4454.542,4430.251,24.291000000000167,4455.336,4428.339,26.9970000000003,True,LONG,2021-09-24 14:55:00,4456.233,True,True,True,0.3792,0.0,0.3792,4463.754,2021-09-24 15:47:00,0.1689,4450.439,2021-09-24 15:09:00,False,,0.1689,,True,4454.233,2021-09-24 15:00:00,0.0127
ES,2021-09-27,Monday,ADR,4471.854,4459.139,12.715000000000146,4472.151,4458.636,13.514999999999418,True,LONG,2021-09-26 21:00:00,4472.336,True,True,True,0.6563,0.0,0.6563,4480.199,2021-09-27 01:57:00,0.0803,4470.833,2021-09-27 01:00:00,True,2021-09-27 01:54:00,0.0803,0.0,True,4471.339,2021-09-26 23:58:00,0.0405
ES,2021-09-27,Monday,ODR,4475.654,4467.839,7.815000000000509,4476.899,4467.836,9.063000000000102,True,SHORT,2021-09-27 04:00:00,4467.136,True,True,True,0.0,3.5189,3.5189,4440.339,2021-09-27 08:26:00,0.5579,4472.199,2021-09-27 05:14:00,True,2021-09-27 05:34:00,0.5579,0.0,True,4468.148,2021-09-27 04:05:00,0.0395
ES,2021-09-27,Monday,RDR,4454.939,4440.439,14.5,4454.954,4435.945,19.009000000000015,True,LONG,2021-09-27 10:30:00,4456.248,False,True,False,0.1628,0.1866,0.1628,4457.299,2021-09-27 10:45:00,1.1866,4437.733,2021-09-27 12:50:00,False,,0.1168,,True,4454.733,2021-09-27 10:35:00,0.0142
ES,2021-09-28,Tuesday,ADR,4443.199,4436.639,6.559999999999491,4443.454,4435.639,7.8149999999996,True,SHORT,2021-09-27 20:30:00,4434.148,False,True,False,1.4104,0.7174,0.7174,4431.933,2021-09-27 20:42:00,2.4104,4452.451,2021-09-28 01:59:00,True,2021-09-27 20:37:00,0.0,2.4104,True,4437.139,2021-09-27 21:46:00,0.0762
ES,2021-09-28,Tuesday,ODR,4430.436,4414.651,15.784999999999854,4431.499,4413.639,17.859999999999673,True,SHORT,2021-09-28 04:00:00,4411.439,True,True,True,0.0,1.0146,1.0146,4398.636,2021-09-28 06:15:00,0.2726,4418.954,2021-09-28 05:17:00,True,2021-09-28 04:12:00,0.2726,0.2726,True,4415.148,2021-09-28 04:30:00,0.0315
ES,2021-09-28,Tuesday,RDR,4413.454,4371.045,42.40899999999965,4416.754,4366.033,50.72099999999955,True,SHORT,2021-09-28 11:05:00,4361.748,True,True,True,0.0,0.6014,0.6014,4345.539,2021-09-28 13:02:00,0.2829,4383.042,2021-09-28 15:08:00,True,2021-09-28 12:45:00,0.0,0.2829,True,4374.039,2021-09-28 14:45:00,0.0706
ES,2021-09-29,Wednesday,ADR,4373.036,4357.199,15.837000000000444,4373.754,4355.542,18.211999999999534,True,LONG,2021-09-28 20:30:00,4374.048,True,True,True,0.5407,0.0,0.5407,4381.599,2021-09-29 00:47:00,0.9787,4357.536,2021-09-28 21:34:00,True,2021-09-29 00:40:00,0.9787,0.1454,True,4371.236,2021-09-28 20:50:00,0.1137
ES,2021-09-29,Wednesday,ODR,4388.548,4372.042,16.505999999999403,4388.799,4371.745,17.054000000000087,False,,,,,,,0.0,0.0911,,,,,,,False,,,,False,,,
ES,2021-09-29,Wednesday,RDR,4381.842,4358.837,23.0049999999992,4385.399,4356.148,29.251000000000204,False,,,,,,,0.1739,0.2041,,,,,,,False,,,,False,,,
ES,2021-09-30,Thursday,ADR,4375.251,4371.799,3.4520000000002256,4375.799,4370.536,5.26299999999992,True,LONG,2021-09-29 21:45:00,4376.099,True,True,True,5.5918,0.1587,5.5918,4394.554,2021-09-30 01:03:00,0.0052,4375.233,2021-09-29 21:52:00,True,2021-09-29 21:53:00,0.0052,0.0,True,4375.233,2021-09-29 21:52:00,0.0052
ES,2021-09-30,Thursday,ODR,4396.036,4386.036,10.0,4397.748,4383.533,14.214999999999236,True,SHORT,2021-09-30 05:40:00,4382.048,True,False,,0.0,1.5,1.5,4371.036,2021-09-30 07:43:00,0.0,4383.599,2021-09-30 06:11:00,True,2021-09-30 05:45:00,0.0,0.0,False,,,
ES,2021-09-30,Thursday,RDR,4382.139,4362.839,19.300000000000182,4383.039,4361.833,21.20600000000013,True,SHORT,2021-09-30 10:40:00,4360.799,True,True,True,0.0,2.9968,2.9968,4305.0,2021-09-30 15:59:00,0.1741,4366.199,2021-09-30 11:17:00,True,2021-09-30 10:55:00,0.1741,0.1741,True,4363.399,2021-09-30 11:15:00,0.029
ES,2021-10-01,Friday,ADR,4320.499,4313.948,6.550999999999476,4321.254,4313.233,8.02099999999973,True,SHORT,2021-09-30 20:55:00,4308.448,True,False,,0.0458,5.2677,5.2677,4279.439,2021-09-30 21:38:00,0.0,4310.445,2021-09-30 21:00:00,True,2021-09-30 21:00:00,0.0,0.0,False,,,
ES,2021-10-01,Friday,ODR,4290.742,4274.933,15.809000000000196,4292.948,4270.451,22.4970000000003,True,LONG,2021-10-01 06:55:00,4293.242,True,False,,2.4738,0.0,2.4738,4329.851,2021-10-01 08:29:00,0.0,4293.436,2021-10-01 07:02:00,True,2021-10-01 07:06:00,0.0,0.0,False,,,
ES,2021-10-01,Friday,RDR,4325.436,4289.345,36.09099999999944,4331.554,4287.833,43.72100000000046,True,LONG,2021-10-01 11:40:00,4333.533,True,True,True,1.4024,0.0361,1.4024,4376.051,2021-10-01 15:15:00,0.0715,4322.854,2021-10-01 12:16:00,True,2021-10-01 13:33:00,0.0715,0.0,True,4325.333,2021-10-01 12:04:00,0.0029
ES,2021-10-04,Monday,ADR,4371.199,4360.742,10.456999999999425,4371.699,4360.436,11.26299999999992,True,SHORT,2021-10-03 20:35:00,4358.448,True,False,,0.0,2.3055,2.3055,4336.633,2021-10-03 21:54:00,0.0,4358.699,2021-10-04 01:10:00,True,2021-10-03 20:41:00,0.0,0.0,False,,,
ES,2021-10-04,Monday,ODR,4340.945,4326.151,14.793999999999869,4341.636,4325.136,16.5,True,LONG,2021-10-04 05:05:00,4341.699,True,True,True,0.3386,0.0,0.3386,4345.954,2021-10-04 05:50:00,0.5614,4332.639,2021-10-04 07:14:00,False,,0.1901,,True,4340.933,2021-10-04 05:18:00,0.0008
ES,2021-10-04,Monday,RDR,4349.751,4314.233,35.51800000000003,4354.299,4312.742,41.55699999999979,True,SHORT,2021-10-04 10:30:00,4304.045,True,False,,0.0,1.0104,1.0104,4278.345,2021-10-04 11:41:00,0.0,4307.151,2021-10-04 10:44:00,True,2021-10-04 10:37:00,0.0,0.0,False,,,
ES,2021-10-05,Tuesday,ADR,4305.299,4296.742,8.556999999999789,4306.799,4294.742,12.056999999999789,True,SHORT,2021-10-04 20:30:00,4294.254,False,True,False,0.368,2.0104,2.0104,4279.539,2021-10-04 21:22:00,1.368,4308.448,2021-10-04 23:50:00,True,2021-10-04 20:41:00,0.0,1.368,True,4298.248,2021-10-04 22:06:00,0.176
ES,2021-10-05,Tuesday,ODR,4309.239,4297.736,11.502999999999702,4311.799,4297.548,14.251000000000204,True,LONG,2021-10-05 04:50:00,4312.254,True,False,,1.3488,0.0424,1.3488,4324.754,2021-10-05 07:39:00,0.0,4312.536,2021-10-05 04:56:00,True,2021-10-05 05:03:00,0.0,0.0,False,,,
ES,2021-10-05,Tuesday,RDR,4351.642,4313.349,38.292999999999665,4352.154,4309.136,43.01800000000003,True,LONG,2021-10-05 10:45:00,4355.851,True,True,False,0.4559,0.0,0.4559,4369.099,2021-10-05 14:48:00,0.243,4342.336,2021-10-05 15:59:00,False,,0.0,,True,4351.039,2021-10-05 15:50:00,0.0157
ES,2021-10-06,Wednesday,ADR,4345.448,4336.454,8.994000000000597,4345.854,4336.433,9.421000000000276,True,SHORT,2021-10-05 21:05:00,4333.433,True,False,,0.2058,2.226,2.226,4316.433,2021-10-06 00:42:00,0.0,4336.299,2021-10-05 21:25:00,True,2021-10-05 21:31:00,0.0,0.0,False,,,
ES,2021-10-06,Wednesday,ODR,4326.454,4301.999,24.454999999999927,4326.454,4299.233,27.22099999999955,True,SHORT,2021-10-06 04:05:00,4296.442,True,True,False,0.0,0.7674,0.7674,4283.233,2021-10-06 05:40:00,0.2638,4308.451,2021-10-06 08:29:00,True,2021-10-06 05:22:00,0.182,0.2638,True,4303.254,2021-10-06 04:14:00,0.0513
ES,2021-10-06,Wednesday,RDR,4325.548,4293.036,32.511999999999716,4326.836,4289.033,37.802999999999884,True,LONG,2021-10-06 13:25:00,4327.151,True,False,,1.2396,0.0,1.2396,4365.851,2021-10-06 15:59:00,0.0,4326.333,2021-10-06 13:30:00,True,2021-10-06 13:39:00,0.0,0.0,False,,,
ES,2021-10-07,Thursday,ADR,4375.842,4372.236,3.605999999999767,4377.848,4371.342,6.506000000000313,True,LONG,2021-10-06 20:30:00,4377.854,True,True,True,4.4387,0.0,4.4387,4391.848,2021-10-06 22:15:00,0.1403,4375.336,2021-10-06 21:11:00,True,2021-10-06 20:35:00,0.1403,0.1403,True,4375.833,2021-10-06 21:08:00,0.0025
ES,2021-10-07,Thursday,ODR,4389.639,4381.654,7.984999999999673,4390.351,4381.633,8.717999999999847,True,LONG,2021-10-07 04:45:00,4391.645,True,True,True,2.1309,0.0,2.1309,4406.654,2021-10-07 07:39:00,0.3761,4386.636,2021-10-07 05:42:00,True,2021-10-07 06:01:00,0.3761,0.0,True,4389.142,2021-10-07 04:57:00,0.0622
ES,2021-10-07,Thursday,RDR,4427.948,4397.639,30.309000000000196,4430.754,4396.236,34.51800000000003,False,,,,,,,0.0677,0.0761,,,,,,,False,,,,False,,,
ES,2021-10-08,Friday,ADR,4409.039,4397.745,11.293999999999869,4409.799,4396.033,13.765999999999622,False,,,,,,,0.2404,0.1511,,,,,,,False,,,,False,,,
ES,2021-10-08,Friday,ODR,4408.248,4397.036,11.211999999999534,4410.051,4396.033,14.018000000000029,True,SHORT,2021-10-08 04:50:00,4392.754,False,True,False,0.1829,0.5354,0.5354,4391.033,2021-10-08 05:00:00,1.1829,4410.299,2021-10-08 08:27:00,True,2021-10-08 05:00:00,0.0,1.1829,True,4397.036,2021-10-08 05:44:00,0.0
ES,2021-10-08,Friday,RDR,4408.099,4396.148,11.951000000000022,4411.851,4393.136,18.714999999999236,True,SHORT,2021-10-08 12:25:00,4392.651,True,True,True,0.0,0.8796,0.8796,4385.636,2021-10-08 13:23:00,0.9163,4407.099,2021-10-08 14:31:00,True,2021-10-08 13:15:00,0.3763,0.9163,True,4396.154,2021-10-08 12:36:00,0.0005
ES,2021-10-11,Monday,ADR,4375.436,4366.533,8.902999999999338,4376.751,4361.833,14.918000000000575,True,LONG,2021-10-10 20:35:00,4378.854,True,False,,1.6245,0.0,1.6245,4389.899,2021-10-11 01:09:00,0.0,4375.845,2021-10-10 23:08:00,True,2021-10-10 21:00:00,0.0,0.0,False,,,
ES,2021-10-11,Monday,ODR,4385.336,4371.848,13.488000000000284,4386.399,4371.833,14.566000000000713,True,SHORT,2021-10-11 06:45:00,4369.042,True,True,False,0.0,0.3347,0.3347,4367.333,2021-10-11 06:56:00,0.4634,4378.099,2021-10-11 07:27:00,False,,0.0,,True,4372.048,2021-10-11 07:07:00,0.0148
ES,2021-10-11,Monday,RDR,4415.933,4385.539,30.394000000000233,4416.939,4382.933,34.00600000000031,True,SHORT,2021-10-11 13:20:00,4379.636,True,True,True,0.0171,0.8666,0.8666,4359.199,2021-10-11 15:59:00,0.0295,4386.436,2021-10-11 14:16:00,True,2021-10-11 15:35:00,0.0295,0.0,True,4386.139,2021-10-11 14:15:00,0.0197
ES,2021-10-12,Tuesday,ADR,4357.351,4344.839,12.511999999999716,4358.045,4343.036,15.009000000000015,True,SHORT,2021-10-11 20:35:00,4341.839,True,True,False,0.0,1.1429,1.1429,4330.539,2021-10-11 21:16:00,0.2083,4347.445,2021-10-12 01:08:00,True,2021-10-11 20:44:00,0.0,0.2083,True,4345.542,2021-10-11 22:43:00,0.0562
ES,2021-10-12,Tuesday,ODR,4346.033,4329.548,16.485000000000582,4346.848,4327.542,19.305999999999585,True,LONG,2021-10-12 04:20:00,4347.839,True,True,True,1.6904,0.0,1.6904,4373.899,2021-10-12 08:29:00,0.0607,4345.033,2021-10-12 04:28:00,True,2021-10-12 04:47:00,0.0607,0.0,True,4346.033,2021-10-12 04:27:00,0.0
ES,2021-10-12,Tuesday,RDR,4369.333,4351.445,17.88799999999992,4373.999,4348.133,25.865999999999985,True,SHORT,2021-10-12 15:40:00,4344.533,True,True,True,0.2919,0.5541,0.5541,4341.533,2021-10-12 15:50:00,0.1453,4354.045,2021-10-12 15:59:00,True,2021-10-12 15:46:00,0.0,0.1453,True,4352.245,2021-10-12 15:56:00,0.0447
ES,2021-10-13,Wednesday,ADR,4344.045,4337.339,6.706000000000131,4345.099,4336.348,8.751000000000204,True,LONG,2021-10-12 20:40:00,4346.554,True,True,False,0.7238,0.0,0.7238,4348.899,2021-10-13 01:15:00,0.8486,4338.354,2021-10-12 22:48:00,True,2021-10-12 20:45:00,0.8486,0.8486,True,4344.033,2021-10-12 21:06:00,0.0018
ES,2021-10-13,Wednesday,ODR,4350.042,4333.454,16.588000000000648,4351.348,4332.836,18.511999999999716,True,LONG,2021-10-13 04:15:00,4354.542,True,False,,0.7871,0.0,0.7871,4363.099,2021-10-13 06:19:00,0.0,4352.039,2021-10-13 07:10:00,True,2021-10-13 04:44:00,0.0,0.0,False,,,
ES,2021-10-13,Wednesday,RDR,4365.942,4331.042,34.899999999999636,4366.136,4328.642,37.4940000000006,True,LONG,2021-10-13 14:10:00,4368.154,True,True,False,0.2494,0.0,0.079,4368.699,2021-10-13 14:15:00,0.3583,4353.439,2021-10-13 14:43:00,False,,0.0518,,True,4364.133,2021-10-13 14:15:00,0.0518
ES,2021-10-14,Thursday,ADR,4378.733,4369.736,8.997000000000298,4379.751,4369.533,10.217999999999847,True,LONG,2021-10-13 23:45:00,4380.236,True,True,True,0.5894,0.0,0.5894,4384.036,2021-10-14 01:59:00,0.187,4377.051,2021-10-14 01:09:00,True,2021-10-14 01:51:00,0.187,0.0,True,4378.733,2021-10-14 00:01:00,0.0
ES,2021-10-14,Thursday,ODR,4390.739,4383.799,6.9399999999996,4390.754,4382.733,8.02099999999973,True,LONG,2021-10-14 04:00:00,4392.042,True,True,True,2.4582,0.0,2.4582,4407.799,2021-10-14 08:13:00,0.0004,4390.736,2021-10-14 04:06:00,True,2021-10-14 04:12:00,0.0004,0.0,True,4390.736,2021-10-14 04:06:00,0.0004
ES,2021-10-14,Thursday,RDR,4422.633,4400.654,21.97899999999936,4423.654,4399.839,23.81500000000051,True,LONG,2021-10-14 10:50:00,4423.842,True,True,True,0.7835,0.0,0.7835,4439.854,2021-10-14 15:52:00,0.0678,4421.142,2021-10-14 11:05:00,True,2021-10-14 12:16:00,0.0678,0.0,True,4421.633,2021-10-14 11:04:00,0.0455
ES,2021-10-15,Friday,ADR,4446.036,4438.748,7.288000000000466,4446.036,4438.033,8.002999999999702,True,SHORT,2021-10-14 21:05:00,4436.551,False,True,False,1.4082,0.5097,0.5097,4435.033,2021-10-14 21:12:00,2.4082,4456.299,2021-10-15 00:46:00,True,2021-10-14 21:11:00,0.0,2.4082,True,4439.099,2021-10-14 21:19:00,0.0482
ES,2021-10-15,Friday,ODR,4453.239,4445.754,7.484999999999673,4454.099,4445.045,9.054000000000087,True,LONG,2021-10-15 06:25:00,4455.045,True,True,False,0.4696,0.0,0.4696,4456.754,2021-10-15 07:36:00,0.3611,4450.536,2021-10-15 08:28:00,False,,0.3591,,True,4452.539,2021-10-15 06:32:00,0.0935
ES,2021-10-15,Friday,RDR,4469.639,4454.142,15.497000000000298,4470.351,4453.836,16.514999999999418,True,LONG,2021-10-15 14:00:00,4473.733,True,True,True,0.4263,0.0,0.4263,4476.245,2021-10-15 14:26:00,0.1553,4467.233,2021-10-15 15:09:00,False,,0.0,,True,4469.436,2021-10-15 15:05:00,0.0131
ES,2021-10-18,Monday,ADR,4466.342,4461.333,5.0090000000000146,4466.651,4459.633,7.018000000000029,True,LONG,2021-10-17 20:30:00,4467.142,True,True,False,1.357,0.0,1.357,4473.139,2021-10-17 20:54:00,0.3412,4464.633,2021-10-17 21:46:00,True,2021-10-17 20:43:00,0.0417,0.3412,True,4466.133,2021-10-17 20:35:00,0.0417
ES,2021-10-18,Monday,ODR,4459.354,4452.836,6.518000000000029,4460.351,4450.351,10.0,True,LONG,2021-10-18 04:00:00,4462.154,False,True,False,0.6973,0.4584,0.6973,4463.899,2021-10-18 04:11:00,1.4584,4449.848,2021-10-18 06:17:00,True,2021-10-18 04:08:00,0.0,1.4584,True,4459.354,2021-10-18 04:33:00,0.0
ES,2021-10-18,Monday,RDR,4470.245,4448.442,21.802999999999884,4470.948,4445.742,25.20600000000013,True,LONG,2021-10-18 10:40:00,4472.336,True,False,,0.8647,0.0,0.8647,4489.099,2021-10-18 15:50:00,0.0,4470.342,2021-10-18 10:51:00,True,2021-10-18 11:19:00,0.0,0.0,False,,,
ES,2021-10-19,Tuesday,ADR,4491.945,4483.136,8.808999999999287,4492.999,4483.136,9.862999999999374,True,SHORT,2021-10-18 21:10:00,4482.999,True,True,False,0.0,0.1933,0.1933,4481.433,2021-10-18 21:31:00,0.9443,4491.454,2021-10-19 01:59:00,False,,0.1207,,True,4483.699,2021-10-18 21:15:00,0.0639
ES,2021-10-19,Tuesday,ODR,4497.436,4491.439,5.996999999999389,4497.442,4490.933,6.5090000000000146,True,LONG,2021-10-19 04:05:00,4499.636,True,True,True,2.67,0.0,2.67,4513.448,2021-10-19 07:29:00,0.0505,4497.133,2021-10-19 04:35:00,True,2021-10-19 04:19:00,0.0505,0.0505,True,4497.436,2021-10-19 04:13:00,0.0
ES,2021-10-19,Tuesday,RDR,4511.099,4499.036,12.063000000000102,4511.248,4496.548,14.699999999999818,True,LONG,2021-10-19 10:55:00,4512.248,True,True,True,0.8408,0.0,0.8408,4521.242,2021-10-19 15:59:00,0.1132,4509.733,2021-10-19 14:34:00,True,2021-10-19 12:17:00,0.1132,0.1132,True,4510.733,2021-10-19 14:32:00,0.0303
ES,2021-10-20,Wednesday,ADR,4525.454,4519.939,5.514999999999418,4525.954,4519.199,6.755000000000109,True,SHORT,2021-10-19 21:05:00,4518.939,True,True,True,0.0,0.9066,0.9066,4514.939,2021-10-20 01:12:00,0.3191,4521.699,2021-10-19 21:31:00,True,2021-10-19 22:16:00,0.3191,0.184,True,4519.999,2021-10-19 21:22:00,0.0109
ES,2021-10-20,Wednesday,ODR,4523.951,4514.651,9.300000000000182,4524.699,4513.139,11.55999999999949,False,,,,,,,0.0,0.0,,,,,,,False,,,,False,,,
ES,2021-10-20,Wednesday,RDR,4538.739,4524.733,14.005999999999403,4539.048,4523.745,15.302999999999884,True,LONG,2021-10-20 10:30:00,4540.754,True,True,False,0.1644,0.0571,0.1471,4540.799,2021-10-20 10:35:00,1.0571,4523.933,2021-10-20 13:21:00,False,,0.0,,True,4538.739,2021-10-20 10:38:00,0.0
ES,2021-10-21,Thursday,ADR,4532.351,4528.636,3.714999999999236,4532.651,4527.833,4.818000000000211,True,LONG,2021-10-20 21:35:00,4533.854,False,True,False,1.0719,1.9634,1.0719,4536.333,2021-10-20 22:30:00,2.9634,4521.342,2021-10-21 01:51:00,True,2021-10-20 21:40:00,0.0,2.9634,True,4532.336,2021-10-20 23:20:00,0.004
ES,2021-10-21,Thursday,ODR,4528.633,4521.639,6.993999999999687,4528.699,4519.133,9.565999999999804,False,,,,,,,0.0,0.0,,,,,,,False,,,,False,,,
ES,2021-10-21,Thursday,RDR,4538.233,4528.236,9.997000000000298,4538.254,4526.739,11.515000000000327,True,LONG,2021-10-21 10:30:00,4538.542,False,True,True,1.357,0.1203,1.357,4551.799,2021-10-21 15:59:00,1.1203,4527.033,2021-10-21 11:34:00,True,2021-10-21 15:18:00,1.1203,0.0,True,4538.233,2021-10-21 10:35:00,0.0
ES,2021-10-22,Friday,ADR,4544.648,4537.751,6.8969999999999345,4544.648,4536.933,7.7150000000001455,True,LONG,2021-10-21 20:30:00,4545.151,True,True,False,0.5497,0.0,0.5497,4548.439,2021-10-21 23:31:00,0.4371,4541.633,2021-10-21 20:51:00,True,2021-10-21 21:37:00,0.4371,0.3923,True,4544.636,2021-10-21 20:38:00,0.0017
ES,2021-10-22,Friday,ODR,4549.942,4542.636,7.305999999999585,4550.951,4540.536,10.414999999999964,True,LONG,2021-10-22 06:20:00,4551.133,True,False,,0.8905,0.0274,0.8905,4556.448,2021-10-22 07:26:00,0.0,4550.436,2021-10-22 06:29:00,True,2021-10-22 06:45:00,0.0,0.0,False,,,
ES,2021-10-22,Friday,RDR,4560.051,4544.645,15.405999999999949,4560.051,4542.733,17.31800000000021,True,SHORT,2021-10-22 11:20:00,4536.048,True,True,False,0.0,1.3375,1.3375,4524.039,2021-10-22 11:50:00,0.6237,4554.254,2021-10-22 14:37:00,True,2021-10-22 11:25:00,0.0,0.6237,True,4544.748,2021-10-22 12:43:00,0.0067
ES,2021-10-25,Monday,ADR,4537.636,4531.239,6.397000000000844,4537.699,4530.633,7.0659999999998035,True,LONG,2021-10-24 20:35:00,4538.633,True,True,True,2.0889,0.0,2.0889,4550.999,2021-10-25 01:55:00,0.0,4537.636,2021-10-24 21:51:00,True,2021-10-24 20:51:00,0.0,0.0,True,4537.636,2021-10-24 21:51:00,0.0
ES,2021-10-25,Monday,ODR,4551.139,4546.948,4.1909999999998035,4551.499,4546.042,5.456999999999425,True,LONG,2021-10-25 04:05:00,4553.245,True,True,True,0.7194,0.0752,0.5524,4553.454,2021-10-25 04:10:00,1.0752,4546.633,2021-10-25 07:08:00,True,2021-10-25 04:10:00,0.0,1.0752,True,4550.942,2021-10-25 04:16:00,0.047
ES,2021-10-25,Monday,RDR,4555.654,4542.251,13.403000000000247,4556.051,4537.033,19.01800000000003,True,LONG,2021-10-25 11:05:00,4557.233,True,False,,1.2161,0.0,1.2161,4571.954,2021-10-25 13:13:00,0.0,4555.733,2021-10-25 11:11:00,True,2021-10-25 12:02:00,0.0,0.0,False,,,
ES,2021-10-26,Tuesday,ADR,4577.445,4571.233,6.211999999999534,4578.299,4570.951,7.347999999999956,True,LONG,2021-10-25 20:45:00,4579.299,True,True,False,0.9424,0.0,0.9424,4583.299,2021-10-25 21:21:00,0.5166,4574.236,2021-10-26 01:59:00,True,2021-10-25 21:04:00,0.0,0.5166,True,4576.933,2021-10-25 22:00:00,0.0824
ES,2021-10-26,Tuesday,ODR,4584.251,4577.299,6.9520000000002256,4584.454,4576.733,7.720999999999549,True,LONG,2021-10-26 04:00:00,4584.799,True,True,False,0.6765,0.0,0.6765,4588.954,2021-10-26 04:23:00,0.2903,4582.233,2021-10-26 04:36:00,True,2021-10-26 04:22:00,0.0026,0.2903,True,4584.236,2021-10-26 04:05:00,0.0022
ES,2021-10-26,Tuesday,RDR,4597.051,4585.033,12.018000000000029,4598.399,4581.336,17.063000000000102,True,SHORT,2021-10-26 12:00:00,4579.745,True,True,True,0.0161,1.3303,1.3303,4569.045,2021-10-26 12:54:00,0.1886,4587.299,2021-10-26 15:48:00,True,2021-10-26 12:05:00,0.0,0.1886,True,4585.554,2021-10-26 15:00:00,0.0434
ES,2021-10-27,Wednesday,ADR,4580.354,4574.533,5.820999999999913,4580.848,4574.533,6.3149999999996,True,SHORT,2021-10-26 20:35:00,4574.039,True,True,False,0.0077,0.8569,0.8569,4569.545,2021-10-26 21:46:00,1.0077,4580.399,2021-10-27 01:56:00,True,2021-10-26 21:45:00,0.1405,1.0077,True,4575.054,2021-10-26 20:40:00,0.0895
ES,2021-10-27,Wednesday,ODR,4582.048,4578.533,3.514999999999418,4584.099,4577.851,6.248000000000502,True,SHORT,2021-10-27 04:30:00,4577.845,True,True,True,0.1568,3.895,3.895,4564.842,2021-10-27 06:52:00,0.0188,4578.599,2021-10-27 04:37:00,True,2021-10-27 04:40:00,0.0188,0.0,True,4578.551,2021-10-27 04:35:00,0.0051
ES,2021-10-27,Wednesday,RDR,4583.154,4569.645,13.509000000000015,4584.639,4566.139,18.5,True,SHORT,2021-10-27 15:10:00,4563.142,True,False,,0.074,1.3107,1.3107,4551.939,2021-10-27 15:58:00,0.0,4567.699,2021-10-27 15:27:00,True,2021-10-27 15:15:00,0.0,0.0,False,,,
ES,2021-10-28,Thursday,ADR,4561.848,4559.336,2.5119999999997162,4562.399,4559.036,3.3630000000002838,True,SHORT,2021-10-27 20:45:00,4558.045,True,True,True,0.0,1.5936,1.5936,4555.333,2021-10-27 22:28:00,0.8818,4561.551,2021-10-27 21:52:00,True,2021-10-27 20:50:00,0.8818,0.8818,True,4559.836,2021-10-27 20:58:00,0.199
ES,2021-10-28,Thursday,ODR,4561.539,4554.351,7.188000000000102,4563.099,4553.333,9.766000000000531,True,LONG,2021-10-28 06:45:00,4564.536,True,False,,1.2326,0.0,1.2326,4570.399,2021-10-28 08:20:00,0.0,4563.533,2021-10-28 07:55:00,True,2021-10-28 06:53:00,0.0,0.0,False,,,
ES,2021-10-28,Thursday,RDR,4583.645,4567.339,16.306000000000495,4584.199,4567.339,16.859999999999673,True,LONG,2021-10-28 10:30:00,4585.951,True,True,True,0.8039,0.0,0.8039,4596.754,2021-10-28 15:59:00,0.3626,4577.733,2021-10-28 12:57:00,True,2021-10-28 10:47:00,0.3626,0.3626,True,4581.748,2021-10-28 11:50:00,0.1163
ES,2021-10-29,Friday,ADR,4583.551,4578.954,4.597000000000662,4584.551,4578.533,6.018000000000029,True,SHORT,2021-10-28 21:00:00,4578.239,True,True,True,0.0539,1.0705,1.0705,4574.033,2021-10-29 01:11:00,1.0539,4583.799,2021-10-28 23:28:00,True,2021-10-28 21:09:00,1.0539,1.0539,True,4579.054,2021-10-28 21:33:00,0.0218
ES,2021-10-29,Friday,ODR,4579.036,4569.745,9.291000000000167,4580.045,4567.533,12.511999999999716,True,SHORT,2021-10-29 06:20:00,4567.045,True,True,False,0.0,0.2906,0.2704,4567.233,2021-10-29 06:26:00,0.8059,4577.233,2021-10-29 08:12:00,False,,0.0,,True,4569.751,2021-10-29 06:32:00,0.0006
ES,2021-10-29,Friday,RDR,4587.145,4571.536,15.609000000000378,4589.139,4568.334,20.80500000000029,True,LONG,2021-10-29 11:05:00,4591.139,True,False,,1.3424,0.0,1.3424,4608.099,2021-10-29 15:58:00,0.0,4588.842,2021-10-29 15:18:00,True,2021-10-29 11:25:00,0.0,0.0,False,,,
ES,2021-11-01,Monday,ADR,4620.654,4614.945,5.709000000000742,4620.999,4614.633,6.3659999999999854,True,SHORT,2021-10-31 20:30:00,4613.648,True,True,True,0.0,1.104,1.104,4608.642,2021-11-01 01:26:00,0.2643,4616.454,2021-10-31 20:58:00,True,2021-10-31 20:40:00,0.2643,0.2643,True,4615.154,2021-10-31 20:45:00,0.0366
ES,2021-11-01,Monday,ODR,4621.651,4611.651,10.0,4621.945,4611.642,10.302999999999884,True,LONG,2021-11-01 04:00:00,4623.633,True,True,False,0.4803,0.0206,0.4803,4626.454,2021-11-01 06:06:00,1.0206,4611.445,2021-11-01 08:09:00,False,,0.0,,True,4621.133,2021-11-01 07:07:00,0.0518
ES,2021-11-01,Monday,RDR,4606.099,4597.033,9.065999999999804,4606.751,4595.242,11.509000000000015,True,LONG,2021-11-01 10:30:00,4607.239,False,True,True,0.9543,0.2514,0.9543,4614.751,2021-11-01 14:59:00,1.2514,4594.754,2021-11-01 13:19:00,True,2021-11-01 11:39:00,1.2514,1.2514,True,4604.542,2021-11-01 10:35:00,0.1717
ES,2021-11-02,Tuesday,ADR,4613.154,4609.633,3.5210000000006403,4613.199,4609.536,3.662999999999556,True,SHORT,2021-11-01 20:30:00,4606.854,True,True,False,0.0,2.4141,2.4141,4601.133,2021-11-01 22:21:00,0.5016,4611.399,2021-11-02 01:54:00,True,2021-11-01 20:35:00,0.0,0.5016,True,4609.654,2021-11-02 00:39:00,0.006
ES,2021-11-02,Tuesday,ODR,4613.333,4608.333,5.0,4613.899,4608.142,5.757000000000517,True,LONG,2021-11-02 06:30:00,4615.339,True,False,,0.8424,0.4,0.8424,4617.545,2021-11-02 07:55:00,0.0,4613.833,2021-11-02 06:53:00,True,2021-11-02 06:36:00,0.0,0.0,False,,,
ES,2021-11-02,Tuesday,RDR,4631.099,4624.954,6.145000000000437,4631.099,4623.248,7.8510000000005675,True,LONG,2021-11-02 10:40:00,4633.751,False,True,False,0.6436,0.2288,0.6436,4635.054,2021-11-02 10:45:00,1.2288,4623.548,2021-11-02 11:08:00,True,2021-11-02 10:45:00,0.0,1.2288,True,4630.542,2021-11-02 10:50:00,0.0906
ES,2021-11-03,Wednesday,ADR,4630.633,4627.639,2.993999999999687,4630.999,4627.436,3.563000000000102,True,LONG,2021-11-02 20:35:00,4632.439,False,True,False,0.7745,0.9038,0.69,4632.699,2021-11-02 20:40:00,1.9038,4624.933,2021-11-03 01:09:00,True,2021-11-02 20:40:00,0.0,1.9038,True,4630.633,2021-11-02 20:47:00,0.0
ES,2021-11-03,Wednesday,ODR,4630.954,4627.449,3.505000000000109,4631.199,4626.651,4.5479999999997744,True,LONG,2021-11-03 04:10:00,4631.642,False,True,False,0.3424,1.228,0.3424,4632.154,2021-11-03 04:15:00,2.228,4623.145,2021-11-03 08:01:00,False,,0.0,,True,4630.933,2021-11-03 04:19:00,0.006
ES,2021-11-03,Wednesday,RDR,4628.251,4624.754,3.4970000000002983,4628.548,4623.736,4.811999999999898,True,LONG,2021-11-03 13:00:00,4637.742,True,False,,10.4226,0.7183,10.4226,4664.699,2021-11-03 14:50:00,0.0,4629.733,2021-11-03 13:15:00,True,2021-11-03 13:05:00,0.0,0.0,False,,,
ES,2021-11-04,Thursday,ADR,4663.64,4660.433,3.2070000000003347,4663.999,4659.933,4.0659999999998035,True,SHORT,2021-11-03 20:50:00,4658.999,True,True,False,0.0,0.6236,0.6236,4658.433,2021-11-04 01:11:00,0.6919,4662.652,2021-11-04 01:29:00,True,2021-11-03 20:57:00,0.4883,0.6919,True,4660.448,2021-11-03 21:08:00,0.0047
ES,2021-11-04,Thursday,ODR,4668.952,4662.736,6.216000000000349,4669.997,4662.136,7.860999999999876,False,,,,,,,0.1612,0.0156,,,,,,,False,,,,False,,,
ES,2021-11-04,Thursday,RDR,4682.448,4665.251,17.197000000000116,4682.699,4665.233,17.46599999999944,False,,,,,,,0.0,0.0469,,,,,,,False,,,,False,,,
ES,2021-11-05,Friday,ADR,4681.148,4677.445,3.7030000000004293,4681.299,4677.245,4.054000000000087,True,SHORT,2021-11-04 20:35:00,4676.951,False,True,False,0.2155,0.2717,0.1915,4676.736,2021-11-04 20:57:00,1.2155,4681.946,2021-11-04 23:38:00,False,,0.4075,,True,4677.499,2021-11-04 20:40:00,0.0146
ES,2021-11-05,Friday,ODR,4683.452,4677.939,5.51299999999992,4683.999,4677.933,6.0659999999998035,True,LONG,2021-11-05 04:00:00,4684.299,True,True,True,4.1723,0.0,4.1723,4706.454,2021-11-05 08:26:00,0.0397,4683.233,2021-11-05 04:08:00,True,2021-11-05 04:29:00,0.0397,0.0,True,4683.433,2021-11-05 04:06:00,0.0034
ES,2021-11-05,Friday,RDR,4714.899,4708.845,6.054000000000087,4716.399,4708.339,8.0600000000004,True,SHORT,2021-11-05 10:50:00,4708.199,True,True,True,0.0,4.5755,4.5755,4681.145,2021-11-05 12:30:00,0.05,4709.148,2021-11-05 10:55:00,True,2021-11-05 10:56:00,0.05,0.0155,True,4709.148,2021-11-05 10:55:00,0.05
ES,2021-11-08,Monday,ADR,4689.848,4687.051,2.7969999999995707,4690.099,4686.339,3.7600000000002183,True,LONG,2021-11-07 20:40:00,4690.333,False,True,False,0.7172,1.2925,0.7172,4691.854,2021-11-08 01:20:00,2.2925,4683.436,2021-11-07 20:52:00,True,2021-11-08 00:59:00,2.2925,0.8927,True,4688.542,2021-11-07 20:45:00,0.4669
ES,2021-11-08,Monday,ODR,4697.399,4691.045,6.354000000000269,4697.799,4690.036,7.76299999999992,True,LONG,2021-11-08 04:00:00,4699.051,True,True,True,1.023,0.0,1.023,4703.899,2021-11-08 08:28:00,0.0571,4697.036,2021-11-08 05:10:00,True,2021-11-08 04:24:00,0.0571,0.0571,True,4697.339,2021-11-08 05:07:00,0.0094
ES,2021-11-08,Monday,RDR,4711.954,4700.945,11.009000000000015,4713.999,4700.645,13.35399999999936,True,SHORT,2021-11-08 11:10:00,4699.536,True,True,False,0.0,0.599,0.599,4694.351,2021-11-08 12:05:00,0.5408,4706.899,2021-11-08 14:59:00,True,2021-11-08 12:03:00,0.4459,0.5408,True,4701.548,2021-11-08 11:17:00,0.0548
ES,2021-11-09,Tuesday,ADR,4691.242,4688.939,2.3029999999998836,4691.754,4688.633,3.1210000000000946,True,LONG,2021-11-08 21:15:00,4692.233,False,True,True,2.1958,0.6539,2.1958,4696.299,2021-11-09 01:03:00,1.6539,4687.433,2021-11-08 22:56:00,True,2021-11-08 21:47:00,1.6539,1.6539,True,4691.239,2021-11-08 21:30:00,0.0013
ES,2021-11-09,Tuesday,ODR,4702.736,4692.733,10.002999999999702,4703.248,4692.433,10.8149999999996,True,LONG,2021-11-09 05:10:00,4704.499,True,True,False,0.2062,0.0,0.2062,4704.799,2021-11-09 06:21:00,0.85,4694.233,2021-11-09 07:47:00,False,,0.13,,True,4702.733,2021-11-09 05:36:00,0.0003
ES,2021-11-09,Tuesday,RDR,4705.742,4675.048,30.694000000000415,4707.842,4673.536,34.305999999999585,True,SHORT,2021-11-09 12:00:00,4673.142,True,True,False,0.0,0.1497,0.1497,4670.454,2021-11-09 12:05:00,0.3894,4686.999,2021-11-09 15:56:00,False,,0.0132,,True,4675.454,2021-11-09 12:05:00,0.0132
ES,2021-11-10,Wednesday,ADR,4677.636,4674.651,2.985000000000582,4677.697,4674.433,3.2640000000001237,True,SHORT,2021-11-09 20:40:00,4672.933,False,True,False,0.3561,3.3856,3.3856,4664.545,2021-11-09 22:54:00,1.3561,4678.699,2021-11-10 01:53:00,True,2021-11-09 20:45:00,0.4365,1.3561,True,4674.949,2021-11-09 20:54:00,0.0998
ES,2021-11-10,Wednesday,ODR,4685.645,4678.645,7.0,4686.454,4678.633,7.820999999999913,True,SHORT,2021-11-10 04:05:00,4676.633,True,True,True,0.0,1.6446,1.6446,4667.133,2021-11-10 06:44:00,0.4004,4681.448,2021-11-10 04:50:00,True,2021-11-10 04:19:00,0.4004,0.4004,True,4679.199,2021-11-10 04:44:00,0.0791
ES,2021-11-10,Wednesday,RDR,4682.733,4666.699,16.03400000000056,4684.352,4664.233,20.118999999999687,True,SHORT,2021-11-10 13:05:00,4661.842,True,False,,0.0415,2.2182,2.2182,4631.133,2021-11-10 14:45:00,0.0,4666.148,2021-11-10 13:12:00,True,2021-11-10 13:14:00,0.0,0.0,False,,,
ES,2021-11-11,Thursday,ADR,4654.536,4650.254,4.282000000000153,4655.254,4649.039,6.2150000000001455,True,LONG,2021-11-10 20:55:00,4658.239,False,True,False,1.1719,0.8662,1.1719,4659.554,2021-11-10 21:24:00,1.8662,4646.545,2021-11-10 23:29:00,True,2021-11-10 21:00:00,0.0,1.8662,True,4654.533,2021-11-10 21:57:00,0.0007
ES,2021-11-11,Thursday,ODR,4657.033,4652.133,4.900000000000546,4657.754,4650.233,7.520999999999731,True,LONG,2021-11-11 04:00:00,4658.133,True,True,True,2.0543,0.0,2.0543,4667.099,2021-11-11 07:06:00,0.1614,4656.242,2021-11-11 04:07:00,True,2021-11-11 04:13:00,0.1614,0.0,True,4656.742,2021-11-11 04:05:00,0.0594
ES,2021-11-11,Thursday,RDR,4662.054,4652.836,9.217999999999847,4663.142,4652.633,10.509000000000015,True,SHORT,2021-11-11 10:30:00,4651.645,True,True,True,0.0,0.4878,0.4878,4648.339,2021-11-11 15:59:00,0.9615,4661.699,2021-11-11 11:39:00,False,,0.9615,,True,4652.836,2021-11-11 10:35:00,0.0
ES,2021-11-12,Friday,ADR,4663.845,4659.551,4.293999999999869,4663.899,4658.636,5.26299999999992,True,SHORT,2021-11-11 21:30:00,4657.345,True,False,,0.0,2.0282,2.0282,4650.842,2021-11-12 01:51:00,0.0,4657.899,2021-11-11 21:50:00,True,2021-11-11 21:35:00,0.0,0.0,False,,,
ES,2021-11-12,Friday,ODR,4655.854,4651.899,3.9549999999999272,4657.354,4650.333,7.02100000000064,True,LONG,2021-11-12 06:35:00,4658.833,True,False,,1.2137,0.5722,1.2137,4660.654,2021-11-12 08:29:00,0.0,4656.133,2021-11-12 07:59:00,True,2021-11-12 06:40:00,0.0,0.0,False,,,
ES,2021-11-12,Friday,RDR,4661.751,4652.448,9.302999999999884,4662.299,4651.733,10.565999999999804,True,LONG,2021-11-12 10:55:00,4663.651,True,False,,2.9289,0.0554,2.9289,4688.999,2021-11-12 15:36:00,0.0,4663.633,2021-11-12 11:00:00,True,2021-11-12 11:00:00,0.0,0.0,False,,,
ES,2021-11-15,Monday,ADR,4691.836,4689.331,2.505000000000109,4692.199,4688.633,3.5659999999998035,True,SHORT,2021-11-14 21:55:00,4688.151,True,False,,0.0,2.5928,2.5928,4682.836,2021-11-14 23:39:00,0.0,4688.197,2021-11-14 22:00:00,True,2021-11-14 22:00:00,0.0,0.0,False,,,
ES,2021-11-15,Monday,ODR,4690.836,4685.033,5.802999999999884,4690.899,4682.836,8.063000000000102,True,LONG,2021-11-15 04:00:00,4691.899,True,True,True,2.0439,0.0,2.0439,4702.697,2021-11-15 08:21:00,0.2935,4689.133,2021-11-15 04:38:00,True,2021-11-15 05:38:00,0.2935,0.0,True,4690.833,2021-11-15 04:15:00,0.0005
ES,2021-11-15,Monday,RDR,4696.836,4685.999,10.837000000000444,4697.736,4685.239,12.497000000000298,True,SHORT,2021-11-15 11:40:00,4674.999,True,False,,0.0,1.251,1.251,4672.442,2021-11-15 12:22:00,0.0,4685.733,2021-11-15 15:59:00,True,2021-11-15 11:45:00,0.0,0.0,False,,,
ES,2021-11-16,Tuesday,ADR,4689.897,4682.639,7.257999999999811,4690.399,4681.839,8.5600000000004,True,LONG,2021-11-15 20:55:00,4691.651,False,True,False,0.311,0.3298,0.2692,4691.851,2021-11-15 21:00:00,1.3298,4680.245,2021-11-16 00:26:00,False,,0.0,,True,4689.854,2021-11-15 21:12:00,0.0059
ES,2021-11-16,Tuesday,ODR,4684.842,4677.145,7.696999999999207,4686.199,4676.651,9.547999999999774,True,SHORT,2021-11-16 05:15:00,4676.642,False,True,False,0.5011,0.1315,0.1307,4676.139,2021-11-16 05:20:00,1.5011,4688.699,2021-11-16 07:06:00,False,,0.0,,True,4678.199,2021-11-16 05:22:00,0.1369
ES,2021-11-16,Tuesday,RDR,4699.749,4681.352,18.396999999999935,4700.449,4680.839,19.609999999999673,True,LONG,2021-11-16 11:10:00,4702.254,True,True,True,0.7992,0.0,0.7992,4714.452,2021-11-16 14:04:00,0.0164,4699.448,2021-11-16 15:59:00,True,2021-11-16 11:35:00,0.0,0.0164,True,4699.448,2021-11-16 15:59:00,0.0164
ES,2021-11-17,Wednesday,ADR,4703.648,4701.851,1.7970000000004802,4703.899,4701.851,2.048000000000684,True,SHORT,2021-11-16 20:35:00,4701.654,True,True,True,0.0284,3.6238,3.6238,4695.339,2021-11-16 22:48:00,0.5548,4702.848,2021-11-16 21:20:00,True,2021-11-16 21:05:00,0.5548,0.5548,True,4702.199,2021-11-16 20:40:00,0.1937
ES,2021-11-17,Wednesday,ODR,4705.14,4701.633,3.5070000000005166,4705.699,4700.833,4.8659999999999854,True,SHORT,2021-11-17 04:35:00,4699.348,True,True,True,0.0,2.3616,2.3616,4693.351,2021-11-17 08:13:00,0.1614,4702.199,2021-11-17 07:29:00,True,2021-11-17 04:40:00,0.1614,0.1614,True,4701.651,2021-11-17 07:04:00,0.0051
ES,2021-11-17,Wednesday,RDR,4699.642,4685.448,14.193999999999505,4699.999,4684.236,15.76299999999992,True,LONG,2021-11-17 11:55:00,4700.154,True,True,False,0.1097,0.0,0.1097,4701.199,2021-11-17 12:00:00,0.9652,4685.942,2021-11-17 12:32:00,False,,0.0,,True,4699.454,2021-11-17 12:01:00,0.0132
ES,2021-11-18,Thursday,ADR,4693.836,4691.534,2.3020000000005894,4694.354,4691.333,3.0210000000006403,True,SHORT,2021-11-17 21:10:00,4691.048,False,True,False,1.4175,0.8679,0.8679,4689.536,2021-11-17 21:16:00,2.4175,4697.099,2021-11-18 00:05:00,True,2021-11-17 21:16:00,0.0,2.4175,True,4691.551,2021-11-17 21:28:00,0.0074
ES,2021-11-18,Thursday,ODR,4702.351,4697.851,4.5,4702.534,4697.536,4.9979999999995925,True,LONG,2021-11-18 04:00:00,4705.842,True,True,False,1.1118,0.0,1.1118,4707.354,2021-11-18 04:26:00,0.6242,4699.542,2021-11-18 08:23:00,True,2021-11-18 04:05:00,0.0,0.6242,True,4702.039,2021-11-18 04:59:00,0.0693
ES,2021-11-18,Thursday,RDR,4700.899,4675.134,25.765000000000327,4701.448,4671.651,29.79700000000048,True,LONG,2021-11-18 12:00:00,4703.651,True,True,True,0.301,0.0,0.301,4708.654,2021-11-18 15:48:00,0.2236,4695.139,2021-11-18 14:31:00,False,,0.2236,,True,4699.631,2021-11-18 12:48:00,0.0492
ES,2021-11-19,Friday,ADR,4710.248,4708.246,2.001999999999498,4710.251,4707.533,2.717999999999847,True,LONG,2021-11-18 20:45:00,4717.145,True,False,,7.6439,0.0,7.6439,4725.551,2021-11-18 22:14:00,0.0,4714.533,2021-11-18 21:02:00,True,2021-11-18 20:50:00,0.0,0.0,False,,,
ES,2021-11-19,Friday,ODR,4722.749,4720.446,2.3029999999998836,4723.251,4720.042,3.2089999999998327,True,SHORT,2021-11-19 04:25:00,4716.248,True,False,,0.0,14.0729,14.0729,4688.036,2021-11-19 05:14:00,0.0,4716.548,2021-11-19 04:30:00,True,2021-11-19 04:30:00,0.0,0.0,False,,,
ES,2021-11-19,Friday,RDR,4710.399,4696.845,13.554000000000087,4710.649,4695.651,14.998000000000502,True,LONG,2021-11-19 12:10:00,4713.151,False,True,False,0.5533,0.2207,0.5533,4717.899,2021-11-19 12:37:00,1.2207,4693.854,2021-11-19 13:40:00,True,2021-11-19 12:37:00,0.0196,1.2207,True,4710.345,2021-11-19 12:19:00,0.004
ES,2021-11-22,Monday,ADR,4709.051,4703.845,5.206000000000131,4709.351,4703.139,6.211999999999534,True,LONG,2021-11-21 20:35:00,4709.633,True,True,True,0.7881,0.0,0.7881,4713.154,2021-11-21 23:15:00,0.1758,4708.136,2021-11-21 20:46:00,True,2021-11-21 22:29:00,0.1758,0.1379,True,4708.845,2021-11-21 20:43:00,0.0396
ES,2021-11-22,Monday,ODR,4714.136,4710.839,3.29700000000048,4714.699,4709.633,5.0659999999998035,True,LONG,2021-11-22 04:25:00,4715.199,False,True,False,1.6736,1.5754,1.6736,4719.654,2021-11-22 06:40:00,2.5754,4705.645,2021-11-22 08:19:00,True,2021-11-22 05:10:00,0.8502,2.5754,True,4713.854,2021-11-22 04:34:00,0.0855
ES,2021-11-22,Monday,RDR,4742.799,4715.736,27.063000000000102,4743.754,4715.499,28.25500000000011,True,SHORT,2021-11-22 11:50:00,4710.348,True,True,True,0.0073,1.2787,1.2787,4681.131,2021-11-22 15:59:00,0.5881,4731.652,2021-11-22 15:12:00,True,2021-11-22 11:58:00,0.5881,0.5881,True,4715.899,2021-11-22 12:38:00,0.006
ES,2021-11-23,Tuesday,ADR,4691.297,4684.545,6.751999999999498,4691.554,4683.733,7.820999999999913,True,SHORT,2021-11-22 20:50:00,4683.542,True,True,True,0.0,1.9702,1.9702,4671.242,2021-11-23 01:30:00,0.0746,4685.049,2021-11-23 00:01:00,True,2021-11-22 21:24:00,0.0746,0.0746,True,4684.551,2021-11-22 20:59:00,0.0009
ES,2021-11-23,Tuesday,ODR,4671.545,4661.254,10.291000000000167,4675.046,4657.233,17.813000000000102,True,LONG,2021-11-23 04:45:00,4676.551,True,True,True,1.2831,0.0,1.2831,4684.749,2021-11-23 07:07:00,0.1449,4670.054,2021-11-23 06:17:00,True,2021-11-23 04:50:00,0.1449,0.1449,True,4671.233,2021-11-23 06:12:00,0.0303
ES,2021-11-23,Tuesday,RDR,4695.634,4668.151,27.483000000000175,4698.354,4666.636,31.717999999999847,True,SHORT,2021-11-23 10:40:00,4665.636,True,True,False,0.0,0.5573,0.5573,4652.836,2021-11-23 11:03:00,0.9733,4694.899,2021-11-23 15:54:00,True,2021-11-23 11:02:00,0.1455,0.9733,True,4669.854,2021-11-23 10:45:00,0.062
ES,2021-11-24,Wednesday,ADR,4690.336,4686.736,3.600000000000364,4690.751,4686.236,4.515000000000327,True,LONG,2021-11-23 20:30:00,4690.954,False,True,True,1.2247,2.3031,1.2247,4694.745,2021-11-24 01:43:00,3.3031,4678.445,2021-11-23 23:16:00,True,2021-11-24 01:02:00,3.3031,0.1492,True,4690.239,2021-11-23 20:37:00,0.0269
ES,2021-11-24,Wednesday,ODR,4689.339,4685.248,4.091000000000349,4689.751,4684.233,5.518000000000029,True,SHORT,2021-11-24 04:00:00,4683.739,True,True,True,0.1124,3.6214,3.6214,4670.433,2021-11-24 06:03:00,1.1124,4689.799,2021-11-24 04:25:00,True,2021-11-24 04:05:00,1.1124,1.1124,True,4685.745,2021-11-24 04:08:00,0.1215
ES,2021-11-24,Wednesday,RDR,4680.848,4662.445,18.403000000000247,4682.354,4659.333,23.02100000000064,True,LONG,2021-11-24 10:35:00,4683.354,True,True,True,1.2496,0.0,1.2496,4703.845,2021-11-24 15:54:00,0.3268,4674.833,2021-11-24 10:45:00,True,2021-11-24 11:20:00,0.3268,0.0,True,4680.845,2021-11-24 10:42:00,0.0002
ES,2021-11-25,Thursday,ADR,4711.239,4706.646,4.592999999999847,4712.599,4706.548,6.051000000000386,True,LONG,2021-11-24 22:10:00,4713.233,True,False,,1.8637,0.0,1.8637,4719.799,2021-11-25 01:04:00,0.0,4712.751,2021-11-24 22:15:00,True,2021-11-24 22:15:00,0.0,0.0,False,,,
ES,2021-11-25,Thursday,ODR,4718.242,4714.942,3.300000000000182,4718.554,4714.036,4.518000000000029,True,SHORT,2021-11-25 04:55:00,4713.454,True,False,,0.0918,2.0321,2.0321,4708.236,2021-11-25 08:21:00,0.0,4714.243,2021-11-25 06:05:00,True,2021-11-25 05:00:00,0.0,0.0,False,,,
ES,2021-11-25,Thursday,RDR,4711.842,4708.343,3.4989999999997963,4711.899,4707.299,4.600000000000364,True,SHORT,2021-11-25 11:00:00,4707.145,True,True,False,0.0,0.4887,0.4887,4706.633,2021-11-25 11:08:00,0.6733,4710.699,2021-11-25 12:16:00,False,,0.0,,True,4708.351,2021-11-25 11:28:00,0.0023
ES,2021-11-26,Friday,ADR,4683.645,4673.739,9.906000000000859,4684.536,4673.733,10.802999999999884,True,SHORT,2021-11-25 20:35:00,4671.548,True,True,True,0.0,3.6342,3.6342,4637.739,2021-11-26 01:31:00,0.1575,4675.299,2021-11-25 20:52:00,True,2021-11-25 21:13:00,0.1575,0.0,True,4674.245,2021-11-25 20:46:00,0.0511
ES,2021-11-26,Friday,ODR,4627.533,4606.748,20.785000000000764,4630.739,4600.533,30.20599999999922,False,,,,,,,0.1716,0.0961,,,,,,,False,,,,False,,,
ES,2021-11-26,Friday,RDR,4642.399,4604.651,37.7480000000005,4646.351,4597.336,49.01499999999942,True,SHORT,2021-11-26 11:15:00,4592.036,True,True,True,0.0,0.5594,0.5594,4583.536,2021-11-26 13:13:00,0.461,4622.054,2021-11-26 12:38:00,True,2021-11-26 12:54:00,0.461,0.1297,True,4605.399,2021-11-26 12:08:00,0.0198
ES,2021-11-29,Monday,ADR,4635.142,4627.199,7.943000000000211,4637.939,4625.431,12.50800000000072,True,LONG,2021-11-28 20:40:00,4639.654,False,True,True,1.3291,0.1831,1.3291,4645.699,2021-11-28 21:16:00,1.1831,4625.745,2021-11-29 00:25:00,True,2021-11-28 20:45:00,0.0,1.1831,True,4634.999,2021-11-28 23:48:00,0.018
ES,2021-11-29,Monday,ODR,4637.648,4626.299,11.34900000000016,4643.151,4624.633,18.51800000000003,True,SHORT,2021-11-29 04:55:00,4623.439,False,True,False,0.3393,0.279,0.2517,4623.442,2021-11-29 05:00:00,1.3393,4641.499,2021-11-29 06:10:00,False,,0.0,,True,4627.699,2021-11-29 05:04:00,0.1234
ES,2021-11-29,Monday,RDR,4647.645,4633.199,14.446000000000822,4653.099,4631.742,21.35699999999997,True,SHORT,2021-11-29 10:35:00,4629.599,False,True,False,1.7759,0.5999,0.5999,4624.533,2021-11-29 10:42:00,2.7759,4673.299,2021-11-29 13:11:00,True,2021-11-29 10:41:00,0.0,2.7759,True,4633.254,2021-11-29 10:45:00,0.0038
ES,2021-11-30,Tuesday,ADR,4669.933,4666.442,3.4909999999999854,4670.445,4665.633,4.811999999999898,True,SHORT,2021-11-29 21:20:00,4664.151,True,False,,0.1621,23.0584,23.0584,4585.945,2021-11-30 01:07:00,0.0,4664.697,2021-11-29 21:25:00,True,2021-11-29 21:25:00,0.0,0.0,False,,,
ES,2021-11-30,Tuesday,ODR,4614.936,4600.939,13.996999999999389,4615.199,4598.436,16.76299999999992,True,SHORT,2021-11-30 04:05:00,4597.199,False,True,False,0.5228,0.6363,0.6363,4592.033,2021-11-30 04:25:00,1.5228,4622.254,2021-11-30 07:27:00,True,2021-11-30 04:25:00,0.1223,1.5228,True,4601.642,2021-11-30 04:16:00,0.0502
ES,2021-11-30,Tuesday,RDR,4643.748,4621.754,21.993999999999687,4646.099,4617.733,28.365999999999985,True,SHORT,2021-11-30 10:45:00,4614.951,True,False,,0.1458,2.8199,2.8199,4559.733,2021-11-30 15:54:00,0.0,4617.248,2021-11-30 10:51:00,True,2021-11-30 10:50:00,0.0,0.0,False,,,
ES,2021-12-01,Wednesday,ADR,4591.536,4577.254,14.282000000000153,4592.048,4574.033,18.014999999999418,True,LONG,2021-11-30 20:50:00,4594.799,True,False,,1.7362,0.0,1.7362,4616.333,2021-12-01 01:21:00,0.0,4593.336,2021-11-30 20:59:00,True,2021-11-30 21:03:00,0.0,0.0,False,,,
ES,2021-12-01,Wednesday,ODR,4613.042,4600.451,12.59100000000035,4613.299,4598.536,14.76299999999992,True,LONG,2021-12-01 04:05:00,4617.836,True,False,,1.4539,0.0,1.4539,4631.348,2021-12-01 07:22:00,0.0,4617.336,2021-12-01 04:13:00,True,2021-12-01 04:10:00,0.0,0.0,False,,,
ES,2021-12-01,Wednesday,RDR,4636.454,4611.136,25.3179999999993,4637.999,4608.933,29.065999999999804,True,LONG,2021-12-01 10:50:00,4640.251,False,True,False,0.6636,4.0637,0.6636,4653.254,2021-12-01 11:26:00,5.0637,4508.251,2021-12-01 15:59:00,True,2021-12-01 11:14:00,0.0,5.0637,True,4634.151,2021-12-01 11:55:00,0.091
ES,2021-12-02,Thursday,ADR,4533.552,4521.036,12.515999999999622,4534.354,4519.836,14.518000000000029,True,LONG,2021-12-01 20:55:00,4536.854,True,True,True,1.378,0.0,1.378,4550.799,2021-12-02 01:59:00,0.3436,4529.251,2021-12-01 21:22:00,True,2021-12-01 21:43:00,0.3436,0.024,True,4531.848,2021-12-01 21:00:00,0.1361
ES,2021-12-02,Thursday,ODR,4540.845,4528.842,12.003000000000611,4542.836,4526.539,16.29700000000048,True,LONG,2021-12-02 04:00:00,4543.533,False,True,False,0.8919,1.4406,0.8919,4551.551,2021-12-02 04:19:00,2.4406,4511.551,2021-12-02 07:43:00,True,2021-12-02 04:13:00,0.0,2.4406,True,4540.845,2021-12-02 04:35:00,0.0
ES,2021-12-02,Thursday,RDR,4566.454,4511.436,55.01800000000003,4568.654,4508.154,60.5,True,LONG,2021-12-02 11:55:00,4571.945,True,True,True,0.5225,0.0,0.5225,4595.199,2021-12-02 15:42:00,0.0003,4566.436,2021-12-02 13:30:00,True,2021-12-02 15:42:00,0.0003,0.0,True,4566.436,2021-12-02 13:30:00,0.0003
ES,2021-12-03,Friday,ADR,4573.045,4562.351,10.694000000000415,4573.399,4562.099,11.300000000000182,True,SHORT,2021-12-02 20:30:00,4560.536,False,True,False,1.0615,1.5721,1.5721,4545.539,2021-12-02 20:45:00,2.0615,4584.397,2021-12-03 01:28:00,True,2021-12-02 20:36:00,0.0,2.0615,True,4563.399,2021-12-02 22:20:00,0.098
ES,2021-12-03,Friday,ODR,4583.551,4571.834,11.717000000000553,4585.054,4569.833,15.221000000000458,True,SHORT,2021-12-03 05:15:00,4567.742,False,True,False,0.5587,1.1086,1.1086,4558.845,2021-12-03 05:40:00,1.5587,4590.097,2021-12-03 08:15:00,True,2021-12-03 05:22:00,0.0,1.5587,True,4571.899,2021-12-03 06:44:00,0.0055
ES,2021-12-03,Friday,RDR,4603.148,4542.651,60.4970000000003,4607.948,4540.451,67.4970000000003,True,SHORT,2021-12-03 10:40:00,4528.499,True,False,,0.0,0.8053,0.8053,4493.933,2021-12-03 15:00:00,0.0,4540.999,2021-12-03 15:59:00,True,2021-12-03 11:57:00,0.0,0.0,False,,,
ES,2021-12-06,Monday,ADR,4560.699,4548.639,12.05999999999949,4562.339,4547.799,14.539999999999964,True,LONG,2021-12-06 00:25:00,4563.454,True,True,True,0.6001,0.0,0.6001,4567.936,2021-12-06 00:53:00,0.104,4559.445,2021-12-06 01:34:00,True,2021-12-06 00:53:00,0.0801,0.104,True,4560.439,2021-12-06 00:31:00,0.0216
ES,2021-12-06,Monday,ODR,4564.451,4557.451,7.0,4565.254,4553.739,11.515000000000327,True,LONG,2021-12-06 04:00:00,4569.945,False,True,False,1.2576,3.5143,0.9996,4571.448,2021-12-06 04:17:00,4.5143,4532.851,2021-12-06 05:57:00,True,2021-12-06 04:05:00,0.0,4.5143,True,4564.436,2021-12-06 04:38:00,0.0021
ES,2021-12-06,Monday,RDR,4586.036,4544.854,41.18199999999979,4588.045,4540.833,47.212000000000444,True,LONG,2021-12-06 12:15:00,4590.048,True,False,,0.6523,0.0,0.6523,4612.899,2021-12-06 14:03:00,0.0,4588.045,2021-12-06 12:21:00,True,2021-12-06 13:26:00,0.0,0.0,False,,,
ES,2021-12-07,Tuesday,ADR,4602.351,4590.936,11.414999999999964,4603.254,4589.699,13.555000000000291,True,LONG,2021-12-06 20:40:00,4603.499,True,True,True,1.6993,0.0,1.6993,4621.748,2021-12-07 01:53:00,0.6931,4594.439,2021-12-06 22:09:00,True,2021-12-06 23:14:00,0.6931,0.0,True,4601.436,2021-12-06 20:51:00,0.0802
ES,2021-12-07,Tuesday,ODR,4642.436,4628.299,14.136999999999716,4643.499,4625.933,17.565999999999804,True,LONG,2021-12-07 04:10:00,4644.233,True,True,True,1.1009,0.0,1.1009,4657.999,2021-12-07 05:52:00,0.1758,4639.951,2021-12-07 04:41:00,True,2021-12-07 05:19:00,0.1758,0.0,True,4642.333,2021-12-07 04:33:00,0.0073
ES,2021-12-07,Tuesday,RDR,4684.854,4649.454,35.400000000000546,4686.348,4648.899,37.448999999999614,True,LONG,2021-12-07 10:40:00,4688.542,True,True,True,0.2555,0.0,0.2555,4693.899,2021-12-07 11:02:00,0.4809,4667.831,2021-12-07 15:50:00,False,,0.0,,True,4684.836,2021-12-07 12:18:00,0.0005
ES,2021-12-08,Wednesday,ADR,4701.233,4689.339,11.894000000000233,4702.151,4689.336,12.8149999999996,True,LONG,2021-12-07 21:15:00,4703.439,True,True,False,0.481,0.0,0.481,4706.954,2021-12-07 22:40:00,0.2344,4698.445,2021-12-07 21:30:00,False,,0.2344,,True,4700.236,2021-12-07 21:25:00,0.0838
ES,2021-12-08,Wednesday,ODR,4702.754,4695.245,7.5090000000000146,4702.948,4693.436,9.512000000000626,True,SHORT,2021-12-08 05:30:00,4691.945,False,True,False,1.4043,1.6659,1.6659,4682.736,2021-12-08 06:05:00,2.4043,4713.299,2021-12-08 06:56:00,True,2021-12-08 05:35:00,0.0,2.4043,True,4696.239,2021-12-08 06:45:00,0.1324
ES,2021-12-08,Wednesday,RDR,4693.545,4679.351,14.194000000000415,4697.899,4679.033,18.865999999999985,True,SHORT,2021-12-08 10:55:00,4676.648,False,True,False,0.7929,0.3674,0.3674,4674.136,2021-12-08 11:03:00,1.7929,4704.799,2021-12-08 15:53:00,False,,0.0,,True,4679.654,2021-12-08 11:09:00,0.0213
ES,2021-12-09,Thursday,ADR,4697.951,4695.933,2.018000000000029,4698.251,4695.633,2.618000000000393,True,LONG,2021-12-08 20:35:00,4699.139,False,True,False,4.5545,3.4628,4.5545,4707.142,2021-12-08 22:12:00,4.4628,4688.945,2021-12-08 23:00:00,True,2021-12-08 20:40:00,0.0,4.4628,True,4696.154,2021-12-08 22:58:00,0.8905
ES,2021-12-09,Thursday,ODR,4697.651,4690.236,7.414999999999964,4698.654,4687.933,10.721000000000458,True,SHORT,2021-12-09 04:10:00,4687.136,True,True,True,0.0,1.5648,1.5648,4678.633,2021-12-09 06:14:00,0.3322,4692.699,2021-12-09 04:36:00,True,2021-12-09 05:08:00,0.3322,0.0,True,4690.451,2021-12-09 04:22:00,0.029
ES,2021-12-09,Thursday,RDR,4693.239,4679.739,13.5,4695.099,4679.548,15.551000000000386,True,SHORT,2021-12-09 10:30:00,4679.048,False,True,True,0.1861,1.0004,1.0004,4666.233,2021-12-09 15:59:00,1.1861,4695.751,2021-12-09 13:37:00,True,2021-12-09 15:12:00,1.1861,0.1344,True,4680.099,2021-12-09 10:35:00,0.0267
ES,2021-12-10,Friday,ADR,4672.439,4666.145,6.293999999999869,4673.054,4665.633,7.4210000000002765,True,LONG,2021-12-09 20:30:00,4673.499,True,True,False,0.6451,0.0019,0.6451,4676.499,2021-12-09 22:04:00,1.0019,4666.133,2021-12-10 00:43:00,True,2021-12-09 22:03:00,0.2846,1.0019,True,4672.436,2021-12-09 20:36:00,0.0005
ES,2021-12-10,Friday,ODR,4680.999,4672.999,8.0,4681.199,4672.133,9.065999999999804,True,LONG,2021-12-10 05:45:00,4681.448,True,True,True,1.125,0.0,1.125,4689.999,2021-12-10 06:57:00,0.1696,4679.642,2021-12-10 05:51:00,True,2021-12-10 06:16:00,0.1696,0.045,True,4679.933,2021-12-10 05:50:00,0.1332
ES,2021-12-10,Friday,RDR,4704.251,4688.639,15.61200000000008,4705.754,4686.533,19.22099999999955,True,SHORT,2021-12-10 10:35:00,4685.542,False,True,False,0.6116,1.1914,1.1914,4670.039,2021-12-10 11:09:00,1.6116,4713.799,2021-12-10 15:59:00,True,2021-12-10 10:46:00,0.0,1.6116,True,4689.951,2021-12-10 11:43:00,0.084
ES,2021-12-13,Monday,ADR,4730.454,4722.228,8.225999999999658,4730.499,4721.34,9.15899999999965,True,LONG,2021-12-12 20:35:00,4731.433,True,True,False,0.1809,0.0,0.1809,4731.942,2021-12-12 20:41:00,0.7684,4724.133,2021-12-13 00:31:00,False,,0.0,,True,4730.433,2021-12-12 20:46:00,0.0026
ES,2021-12-13,Monday,ODR,4725.654,4717.936,7.718000000000757,4726.651,4717.633,9.018000000000029,True,LONG,2021-12-13 04:10:00,4727.739,True,True,False,0.6474,0.0,0.6474,4730.651,2021-12-13 06:14:00,0.87,4718.939,2021-12-13 08:21:00,True,2021-12-13 04:30:00,0.4166,0.87,True,4725.645,2021-12-13 05:12:00,0.0012
ES,2021-12-13,Monday,RDR,4707.136,4682.751,24.38500000000022,4710.254,4678.533,31.72099999999955,True,SHORT,2021-12-13 11:00:00,4676.833,True,True,True,0.0,0.6601,0.6601,4666.654,2021-12-13 15:59:00,0.2849,4689.699,2021-12-13 15:05:00,True,2021-12-13 15:56:00,0.2849,0.0,True,4683.999,2021-12-13 12:13:00,0.0512
ES,2021-12-14,Tuesday,ADR,4677.654,4673.339,4.315000000000509,4678.199,4673.333,4.8659999999999854,True,SHORT,2021-12-13 21:15:00,4673.151,True,True,False,0.0568,1.1594,1.1594,4668.336,2021-12-13 22:37:00,1.0463,4677.854,2021-12-14 01:46:00,True,2021-12-13 22:36:00,0.6524,1.0463,True,4674.154,2021-12-13 21:20:00,0.1889
ES,2021-12-14,Tuesday,ODR,4684.342,4678.339,6.002999999999702,4684.854,4678.339,6.515000000000327,True,SHORT,2021-12-14 04:00:00,4677.645,True,True,True,0.0,4.9152,4.9152,4648.833,2021-12-14 05:03:00,0.643,4682.199,2021-12-14 04:10:00,True,2021-12-14 04:36:00,0.643,0.0,True,4678.554,2021-12-14 04:06:00,0.0358
ES,2021-12-14,Tuesday,RDR,4656.954,4632.848,24.105999999999767,4660.299,4631.739,28.5600000000004,True,SHORT,2021-12-14 10:45:00,4624.899,True,True,False,0.0,1.1497,1.1497,4605.133,2021-12-14 12:48:00,0.5953,4647.199,2021-12-14 15:36:00,True,2021-12-14 10:54:00,0.0,0.5953,True,4634.199,2021-12-14 15:03:00,0.056
ES,2021-12-15,Wednesday,ADR,4642.551,4632.433,10.118000000000393,4642.799,4632.039,10.760000000000218,True,LONG,2021-12-14 22:50:00,4643.148,True,True,False,0.321,0.118,0.321,4645.799,2021-12-15 01:02:00,0.7916,4634.542,2021-12-15 01:57:00,False,,0.3279,,True,4642.533,2021-12-14 22:56:00,0.0018
ES,2021-12-15,Wednesday,ODR,4645.148,4638.742,6.405999999999949,4645.754,4637.533,8.220999999999549,True,SHORT,2021-12-15 04:10:00,4636.099,True,True,True,0.0,1.483,1.483,4629.242,2021-12-15 04:27:00,0.2899,4640.599,2021-12-15 08:22:00,True,2021-12-15 04:15:00,0.0,0.2899,True,4639.551,2021-12-15 05:59:00,0.1263
ES,2021-12-15,Wednesday,RDR,4637.751,4619.345,18.40599999999995,4640.699,4614.842,25.85699999999997,True,SHORT,2021-12-15 11:30:00,4614.336,False,True,False,4.0448,0.4462,0.4462,4611.133,2021-12-15 11:42:00,5.0448,4712.199,2021-12-15 15:59:00,False,,0.0,,True,4619.645,2021-12-15 11:55:00,0.0163
ES,2021-12-16,Thursday,ADR,4714.799,4711.299,3.5,4715.599,4710.533,5.0659999999998035,True,LONG,2021-12-15 20:30:00,4716.054,False,True,True,3.9429,1.5886,3.9429,4728.599,2021-12-16 01:27:00,2.5886,4705.739,2021-12-15 20:55:00,True,2021-12-15 23:02:00,2.5886,0.0146,True,4714.539,2021-12-15 20:36:00,0.0743
ES,2021-12-16,Thursday,ODR,4737.036,4726.554,10.481999999999971,4738.551,4725.736,12.81500000000051,True,LONG,2021-12-16 05:55:00,4741.799,True,True,True,1.4024,0.0,1.4024,4751.736,2021-12-16 06:47:00,0.1431,4735.536,2021-12-16 08:11:00,True,2021-12-16 06:01:00,0.0,0.1431,True,4735.539,2021-12-16 08:09:00,0.1428
ES,2021-12-16,Thursday,RDR,4728.545,4702.699,25.84600000000046,4731.899,4701.533,30.365999999999985,True,SHORT,2021-12-16 11:50:00,4701.133,True,True,True,0.0,2.0142,2.0142,4650.639,2021-12-16 14:54:00,0.0116,4702.999,2021-12-16 11:55:00,True,2021-12-16 12:26:00,0.0116,0.0,True,4702.999,2021-12-16 11:55:00,0.0116
ES,2021-12-17,Friday,ADR,4675.552,4668.837,6.714999999999236,4676.399,4668.342,8.057000000000698,True,SHORT,2021-12-16 22:05:00,4667.033,True,False,,0.007,2.5969,2.5969,4651.399,2021-12-16 22:58:00,0.0,4667.239,2021-12-16 22:10:00,True,2021-12-16 22:12:00,0.0,0.0,False,,,
ES,2021-12-17,Friday,ODR,4672.042,4662.342,9.700000000000728,4674.342,4660.333,14.009000000000015,True,SHORT,2021-12-17 04:00:00,4660.051,True,True,True,0.0,3.0412,3.0412,4632.842,2021-12-17 07:51:00,0.001,4662.352,2021-12-17 05:01:00,True,2021-12-17 04:05:00,0.001,0.001,True,4662.351,2021-12-17 04:28:00,0.0009
ES,2021-12-17,Friday,RDR,4637.451,4601.933,35.51800000000003,4641.699,4598.636,43.06299999999919,True,LONG,2021-12-17 10:45:00,4649.142,True,True,False,0.8235,0.0,0.8235,4666.699,2021-12-17 11:13:00,0.6368,4614.833,2021-12-17 15:52:00,True,2021-12-17 10:53:00,0.0,0.6368,True,4636.348,2021-12-17 11:39:00,0.0311
ES,2021-12-20,Monday,ADR,4600.733,4592.254,8.47900000000027,4602.045,4591.051,10.993999999999687,True,SHORT,2021-12-19 20:40:00,4589.545,True,False,,0.0372,4.2757,4.2757,4556.0,2021-12-20 01:30:00,0.0,4592.251,2021-12-19 20:49:00,True,2021-12-19 20:57:00,0.0,0.0,False,,,
ES,2021-12-20,Monday,ODR,4562.748,4544.499,18.248999999999796,4564.051,4541.048,23.00300000000061,True,SHORT,2021-12-20 04:05:00,4539.551,False,True,False,0.7974,0.4639,0.4639,4536.033,2021-12-20 04:21:00,1.7974,4577.299,2021-12-20 07:09:00,False,,0.0,,True,4544.545,2021-12-20 04:31:00,0.0025
ES,2021-12-20,Monday,RDR,4566.842,4542.133,24.708999999999833,4567.899,4541.133,26.76600000000053,True,SHORT,2021-12-20 10:50:00,4538.851,False,True,False,0.2432,0.4854,0.4854,4530.139,2021-12-20 11:36:00,1.2432,4572.851,2021-12-20 15:59:00,False,,0.0489,,True,4542.354,2021-12-20 10:55:00,0.0089
ES,2021-12-21,Tuesday,ADR,4586.042,4577.954,8.088000000000648,4586.599,4575.633,10.96600000000035,True,LONG,2021-12-20 20:30:00,4589.754,True,False,,3.1599,0.0,3.1599,4611.599,2021-12-21 01:55:00,0.0,4586.545,2021-12-20 21:45:00,True,2021-12-20 20:35:00,0.0,0.0,False,,,
ES,2021-12-21,Tuesday,ODR,4600.048,4590.533,9.514999999999418,4600.048,4587.533,12.514999999999418,True,LONG,2021-12-21 04:10:00,4602.242,True,True,True,1.6816,0.1459,1.6816,4616.048,2021-12-21 07:51:00,1.1459,4589.145,2021-12-21 05:01:00,True,2021-12-21 06:13:00,1.1459,0.0,True,4600.033,2021-12-21 04:33:00,0.0016
ES,2021-12-21,Tuesday,RDR,4610.351,4587.148,23.20299999999952,4613.645,4585.333,28.312000000000808,True,LONG,2021-12-21 11:40:00,4622.136,True,False,,1.7883,0.2161,1.7883,4651.845,2021-12-21 15:59:00,0.0,4614.842,2021-12-21 11:59:00,True,2021-12-21 11:45:00,0.0,0.0,False,,,
ES,2021-12-22,Wednesday,ADR,4649.536,4645.754,3.782000000000153,4650.099,4645.539,4.5600000000004,True,LONG,2021-12-21 20:35:00,4651.754,False,True,False,0.7041,1.3252,0.665,4652.051,2021-12-21 20:40:00,2.3252,4640.742,2021-12-21 22:02:00,True,2021-12-21 20:40:00,0.0,2.3252,True,4649.533,2021-12-21 20:45:00,0.0008
ES,2021-12-22,Wednesday,ODR,4644.536,4633.745,10.791000000000167,4645.299,4632.034,13.265000000000327,True,LONG,2021-12-22 05:40:00,4646.299,True,True,False,1.0202,0.0,1.0202,4655.545,2021-12-22 07:01:00,0.4895,4639.254,2021-12-22 08:28:00,True,2021-12-22 05:50:00,0.0,0.4895,True,4643.233,2021-12-22 08:22:00,0.1207
ES,2021-12-22,Wednesday,RDR,4662.851,4646.733,16.117999999999483,4664.899,4645.333,19.566000000000713,True,LONG,2021-12-22 10:35:00,4671.245,True,False,,2.131,0.0,2.131,4697.199,2021-12-22 15:59:00,0.0,4671.136,2021-12-22 10:40:00,True,2021-12-22 10:40:00,0.0,0.0,False,,,
ES,2021-12-23,Thursday,ADR,4700.239,4697.251,2.9879999999993743,4700.799,4696.233,4.5659999999998035,True,LONG,2021-12-23 01:00:00,4702.299,True,True,False,0.8417,0.1734,0.6744,4702.254,2021-12-23 01:05:00,0.7028,4698.139,2021-12-23 01:21:00,True,2021-12-23 01:05:00,0.0,0.7028,True,4699.742,2021-12-23 01:10:00,0.1663
ES,2021-12-23,Thursday,ODR,4703.933,4696.136,7.796999999999571,4705.099,4694.599,10.5,True,LONG,2021-12-23 04:05:00,4705.245,True,True,True,1.1935,0.0,1.1935,4713.239,2021-12-23 08:02:00,0.41,4700.736,2021-12-23 04:30:00,True,2021-12-23 05:52:00,0.41,0.0,True,4703.533,2021-12-23 04:16:00,0.0513
ES,2021-12-23,Thursday,RDR,4727.136,4706.339,20.79700000000048,4727.354,4705.333,22.02100000000064,True,LONG,2021-12-23 10:55:00,4729.699,True,True,False,0.6522,0.0,0.6522,4740.699,2021-12-23 15:50:00,0.1587,4723.836,2021-12-23 15:59:00,True,2021-12-23 15:45:00,0.0481,0.1587,True,4726.833,2021-12-23 11:29:00,0.0146
ES,2021-12-27,Monday,ADR,4734.099,4727.642,6.457000000000335,4734.099,4726.742,7.356999999999971,True,SHORT,2021-12-27 01:10:00,4726.548,True,True,False,0.0,0.4806,0.4806,4724.539,2021-12-27 01:16:00,0.1482,4728.599,2021-12-27 01:24:00,False,,0.0,,True,4727.954,2021-12-27 01:22:00,0.0483
ES,2021-12-27,Monday,ODR,4730.051,4725.039,5.012000000000626,4732.245,4723.733,8.511999999999716,True,LONG,2021-12-27 04:50:00,4733.099,True,False,,2.5235,0.0,2.5235,4742.699,2021-12-27 08:21:00,0.0,4731.239,2021-12-27 05:07:00,True,2021-12-27 04:55:00,0.0,0.0,False,,,
ES,2021-12-27,Monday,RDR,4765.645,4739.154,26.490999999999985,4765.699,4738.854,26.844999999999345,True,LONG,2021-12-27 10:30:00,4766.399,True,True,True,0.9739,0.0,0.9739,4791.445,2021-12-27 15:59:00,0.1211,4762.436,2021-12-27 10:46:00,True,2021-12-27 13:26:00,0.1211,0.0,True,4765.336,2021-12-27 10:35:00,0.0117
ES,2021-12-28,Tuesday,ADR,4788.354,4783.742,4.61200000000008,4788.554,4783.336,5.217999999999847,True,SHORT,2021-12-27 21:15:00,4781.839,False,True,False,0.3686,0.4783,0.4783,4781.536,2021-12-27 21:25:00,1.3686,4790.054,2021-12-28 01:02:00,False,,0.0,,True,4783.899,2021-12-27 21:40:00,0.034
ES,2021-12-28,Tuesday,ODR,4796.442,4785.348,11.094000000000051,4797.351,4784.748,12.603000000000065,True,LONG,2021-12-28 04:00:00,4797.554,True,False,,0.7803,0.0,0.7803,4805.099,2021-12-28 05:17:00,0.0,4796.836,2021-12-28 04:08:00,True,2021-12-28 04:24:00,0.0,0.0,False,,,
ES,2021-12-28,Tuesday,RDR,4804.146,4789.454,14.692000000000007,4805.951,4789.345,16.605999999999767,True,SHORT,2021-12-28 12:25:00,4786.699,True,True,True,0.0,0.7367,0.7367,4778.631,2021-12-28 12:35:00,0.3878,4795.151,2021-12-28 15:47:00,True,2021-12-28 12:32:00,0.0,0.3878,True,4789.642,2021-12-28 13:58:00,0.0128
ES,2021-12-29,Wednesday,ADR,4795.351,4792.045,3.3059999999995853,4796.351,4791.833,4.518000000000029,True,SHORT,2021-12-28 20:30:00,4787.533,True,True,False,0.0,2.5711,2.5711,4783.545,2021-12-28 21:00:00,0.9065,4795.042,2021-12-29 01:01:00,True,2021-12-28 20:35:00,0.0,0.9065,True,4792.399,2021-12-28 22:53:00,0.1071
ES,2021-12-29,Wednesday,ODR,4797.099,4793.836,3.26299999999992,4797.854,4793.533,4.320999999999913,True,SHORT,2021-12-29 06:00:00,4793.245,True,False,,0.3837,3.0034,3.0034,4784.036,2021-12-29 08:28:00,0.0,4793.099,2021-12-29 06:07:00,True,2021-12-29 06:07:00,0.0,0.0,False,,,
ES,2021-12-29,Wednesday,RDR,4797.148,4782.954,14.194000000000415,4799.648,4778.133,21.515000000000327,True,LONG,2021-12-29 15:30:00,4801.033,True,True,False,0.4853,0.1847,0.4853,4804.036,2021-12-29 15:50:00,0.339,4792.336,2021-12-29 15:59:00,False,,0.0,,True,4797.036,2021-12-29 15:55:00,0.0079
ES,2021-12-30,Thursday,ADR,4791.039,4785.942,5.096999999999753,4791.099,4785.336,5.76299999999992,True,LONG,2021-12-29 20:35:00,4792.051,True,True,True,0.5909,0.0,0.5909,4794.051,2021-12-29 21:03:00,0.8711,4786.599,2021-12-30 01:00:00,True,2021-12-29 21:02:00,0.0,0.8711,True,4790.836,2021-12-29 21:14:00,0.0398
ES,2021-12-30,Thursday,ODR,4796.342,4791.548,4.793999999999869,4796.554,4790.539,6.015000000000327,True,LONG,2021-12-30 04:00:00,4796.848,True,True,True,1.3052,0.0,1.3052,4802.599,2021-12-30 06:50:00,0.4178,4794.339,2021-12-30 05:33:00,True,2021-12-30 04:23:00,0.4178,0.4178,True,4796.342,2021-12-30 04:15:00,0.0
ES,2021-12-30,Thursday,RDR,4807.148,4796.533,10.614999999999782,4807.699,4794.448,13.250999999999294,True,SHORT,2021-12-30 15:25:00,4793.851,True,False,,0.0,1.9501,1.9501,4775.833,2021-12-30 15:57:00,0.0,4795.599,2021-12-30 15:30:00,True,2021-12-30 15:39:00,0.0,0.0,False,,,
ES,2021-12-31,Friday,ADR,4775.251,4761.151,14.100000000000364,4775.499,4760.936,14.563000000000102,True,LONG,2021-12-30 20:40:00,4776.254,True,True,False,0.213,0.0,0.213,4778.254,2021-12-30 21:00:00,0.6325,4766.333,2021-12-30 22:26:00,False,,0.0359,,True,4774.936,2021-12-30 20:45:00,0.0223
ES,2021-12-31,Friday,ODR,4779.299,4775.233,4.0659999999998035,4779.799,4775.233,4.5659999999998035,True,SHORT,2021-12-31 04:15:00,4774.633,True,True,True,0.0,2.6562,2.6562,4764.433,2021-12-31 07:08:00,0.497,4777.254,2021-12-31 04:59:00,True,2021-12-31 05:42:00,0.497,0.2973,True,4775.245,2021-12-31 04:21:00,0.003
ES,2021-12-31,Friday,RDR,4785.045,4772.833,12.212000000000444,4786.899,4767.045,19.85400000000027,True,SHORT,2021-12-31 15:55:00,4766.633,True,,,0.0742,0.5816,,,,,,,False,,,,False,,,
NQ,2021-01-04,Monday,ADR,12854.959,12834.969,19.9900000000016,12856.489,12827.339,29.149999999999636,True,LONG,2021-01-03 21:00:00,12856.619,True,False,,2.1081,0.0,2.1081,12897.099,2021-01-04 01:49:00,0.0,12855.959,2021-01-03 21:12:00,True,2021-01-03 21:18:00,0.0,0.0,False,,,
NQ,2021-01-04,Monday,ODR,12947.099,12926.369,20.729999999999563,12954.689,12924.669,30.020000000000437,True,LONG,2021-01-04 04:30:00,12954.889,True,True,False,0.6995,0.0,0.6995,12961.599,2021-01-04 04:36:00,0.6199,12934.249,2021-01-04 05:27:00,True,2021-01-04 04:36:00,0.0,0.6199,True,12946.369,2021-01-04 05:18:00,0.0352
NQ,2021-01-04,Monday,RDR,12936.179,12860.397,75.78199999999924,12943.777,12849.479,94.29800000000068,True,SHORT,2021-01-04 10:45:00,12825.629,True,False,,0.0,4.3613,4.3613,12529.889,2021-01-04 12:15:00,0.0,12830.897,2021-01-04 10:50:00,True,2021-01-04 10:50:00,0.0,0.0,False,,,
NQ,2021-01-05,Tuesday,ADR,12728.947,12692.867,36.07999999999993,12729.589,12690.069,39.52000000000044,True,LONG,2021-01-04 22:10:00,12730.529,False,True,False,0.1536,0.6471,0.1536,12734.489,2021-01-04 22:31:00,1.6471,12669.519,2021-01-04 23:17:00,False,,0.0254,,True,12728.889,2021-01-04 22:15:00,0.0016
NQ,2021-01-05,Tuesday,ODR,12721.299,12656.859,64.44000000000051,12722.789,12655.239,67.55000000000109,True,LONG,2021-01-05 06:05:00,12722.919,False,True,False,0.1736,0.3274,0.1736,12732.489,2021-01-05 06:28:00,1.3274,12635.759,2021-01-05 08:27:00,False,,0.0309,,True,12719.309,2021-01-05 06:12:00,0.0309
NQ,2021-01-05,Tuesday,RDR,12780.599,12657.299,123.29999999999927,12790.219,12657.299,132.91999999999825,True,LONG,2021-01-05 14:05:00,12795.009,True,True,True,0.2545,0.0,0.2545,12811.977,2021-01-05 14:44:00,0.1438,12762.869,2021-01-05 15:40:00,False,,0.0,,True,12778.539,2021-01-05 14:56:00,0.0167
NQ,2021-01-06,Wednesday,ADR,12849.587,12694.619,154.96799999999894,12852.019,12675.939,176.07999999999993,True,SHORT,2021-01-05 21:45:00,12672.179,True,False,,0.0,0.7012,0.7012,12585.949,2021-01-05 23:50:00,0.0,12674.569,2021-01-06 01:20:00,True,2021-01-05 22:31:00,0.0,0.0,False,,,
NQ,2021-01-06,Wednesday,ODR,12593.669,12510.869,82.79999999999927,12605.609,12499.819,105.79000000000087,True,LONG,2021-01-06 07:00:00,12627.909,True,True,True,0.703,0.0091,0.703,12651.879,2021-01-06 08:23:00,0.0074,12593.059,2021-01-06 07:58:00,True,2021-01-06 07:06:00,0.0074,0.0074,True,12593.359,2021-01-06 07:55:00,0.0037
NQ,2021-01-06,Wednesday,RDR,12711.089,12565.919,145.17000000000007,12721.039,12561.919,159.1200000000008,True,LONG,2021-01-06 10:30:00,12728.609,True,True,False,0.6658,0.0,0.6658,12807.749,2021-01-06 12:06:00,0.7216,12606.329,2021-01-06 15:52:00,True,2021-01-06 11:16:00,0.0,0.7216,True,12710.809,2021-01-06 14:25:00,0.0019
NQ,2021-01-07,Thursday,ADR,12742.159,12672.317,69.84200000000055,12747.289,12671.519,75.77000000000044,True,LONG,2021-01-07 01:50:00,12747.709,True,False,,0.1326,0.0,0.1326,12751.417,2021-01-07 01:59:00,0.0,12743.719,2021-01-07 01:58:00,False,,0.0,,False,,,
NQ,2021-01-07,Thursday,ODR,12722.869,12677.279,45.590000000000146,12725.709,12669.669,56.04000000000087,True,LONG,2021-01-07 07:40:00,12727.679,True,True,True,0.3055,0.118,0.3055,12736.799,2021-01-07 08:23:00,0.0919,12718.679,2021-01-07 07:52:00,False,,0.0919,,True,12721.199,2021-01-07 07:50:00,0.0366
NQ,2021-01-07,Thursday,RDR,12887.609,12737.229,150.38000000000102,12899.399,12737.177,162.22199999999975,True,LONG,2021-01-07 10:45:00,12911.879,True,True,True,0.5392,0.0,0.5392,12968.689,2021-01-07 15:54:00,0.061,12878.429,2021-01-07 12:14:00,True,2021-01-07 15:51:00,0.061,0.0,True,12885.939,2021-01-07 11:14:00,0.0111
NQ,2021-01-08,Friday,ADR,12964.759,12951.427,13.332000000000335,12965.719,12948.829,16.889999999999418,True,LONG,2021-01-07 20:30:00,12977.949,True,True,True,1.6209,0.0,1.6209,12986.369,2021-01-07 21:15:00,0.7306,12955.019,2021-01-07 23:30:00,True,2021-01-07 20:35:00,0.0,0.7306,True,12962.299,2021-01-07 21:29:00,0.1845
NQ,2021-01-08,Friday,ODR,12992.789,12980.419,12.3700000000008,13001.099,12975.299,25.799999999999272,True,SHORT,2021-01-08 04:25:00,12963.379,False,True,False,1.6354,1.9159,1.9159,12956.719,2021-01-08 04:37:00,2.6354,13013.019,2021-01-08 07:34:00,True,2021-01-08 04:30:00,0.0,2.6354,True,12986.199,2021-01-08 04:53:00,0.4673
NQ,2021-01-08,Friday,RDR,13061.799,12969.509,92.29000000000087,13063.499,12963.769,99.72999999999956,True,LONG,2021-01-08 12:10:00,13065.419,False,True,True,0.5494,0.3525,0.5494,13112.499,2021-01-08 15:59:00,1.3525,12936.979,2021-01-08 13:44:00,True,2021-01-08 15:54:00,1.3525,0.0,True,13061.039,2021-01-08 12:21:00,0.0082
NQ,2021-01-11,Monday,ADR,13087.159,13064.129,23.029999999998836,13092.699,13060.009,32.69000000000051,True,SHORT,2021-01-10 20:55:00,13057.109,True,True,True,0.0186,1.4872,1.4872,13029.879,2021-01-10 21:11:00,0.2752,13070.467,2021-01-10 21:50:00,True,2021-01-10 21:00:00,0.0,0.2752,True,13065.699,2021-01-10 21:48:00,0.0682
NQ,2021-01-11,Monday,ODR,13075.339,13047.519,27.81999999999971,13081.517,13042.029,39.487999999999374,True,SHORT,2021-01-11 05:00:00,13034.929,True,True,True,0.0,1.7236,1.7236,12999.569,2021-01-11 08:29:00,0.6244,13064.889,2021-01-11 06:01:00,True,2021-01-11 07:18:00,0.6244,0.0,True,13048.297,2021-01-11 05:08:00,0.028
NQ,2021-01-11,Monday,RDR,12998.609,12922.369,76.23999999999978,13004.909,12901.689,103.21999999999935,True,LONG,2021-01-11 10:30:00,13010.419,False,True,False,0.3381,0.5097,0.3381,13024.389,2021-01-11 12:34:00,1.5097,12883.509,2021-01-11 15:30:00,False,,0.7699,,True,12998.179,2021-01-11 10:36:00,0.0056
NQ,2021-01-12,Tuesday,ADR,12951.359,12916.159,35.20000000000073,12955.009,12913.929,41.07999999999993,True,SHORT,2021-01-11 23:30:00,12907.439,True,True,False,0.0,0.5412,0.5412,12897.109,2021-01-11 23:40:00,0.7764,12943.487,2021-01-12 01:39:00,True,2021-01-11 23:40:00,0.0,0.7764,True,12919.209,2021-01-11 23:46:00,0.0866
NQ,2021-01-12,Tuesday,ODR,12952.637,12932.659,19.978000000000975,12958.999,12929.809,29.19000000000051,True,LONG,2021-01-12 04:20:00,12960.369,False,True,False,0.8295,0.7879,0.8295,12969.209,2021-01-12 04:49:00,1.7879,12916.919,2021-01-12 08:27:00,True,2021-01-12 04:45:00,0.2502,1.7879,True,12950.789,2021-01-12 04:27:00,0.0925
NQ,2021-01-12,Tuesday,RDR,12946.719,12887.437,59.28199999999924,12958.779,12855.219,103.56000000000131,True,SHORT,2021-01-12 12:00:00,12848.889,True,True,False,0.0,1.8316,1.8316,12778.859,2021-01-12 12:15:00,0.5685,12921.139,2021-01-12 15:50:00,True,2021-01-12 12:05:00,0.0,0.5685,True,12893.889,2021-01-12 13:31:00,0.1088
NQ,2021-01-13,Wednesday,ADR,12909.279,12898.269,11.010000000000218,12911.199,12897.709,13.489999999999782,True,LONG,2021-01-12 20:30:00,12915.359,True,False,,3.2342,0.0,3.2342,12944.887,2021-01-12 22:59:00,0.0,12911.919,2021-01-12 20:40:00,True,2021-01-12 20:35:00,0.0,0.0,False,,,
NQ,2021-01-13,Wednesday,ODR,12940.699,12920.639,20.06000000000131,12941.689,12916.329,25.360000000000582,True,SHORT,2021-01-13 05:30:00,12889.719,True,False,,0.0,4.4521,4.4521,12831.329,2021-01-13 08:10:00,0.0,12907.789,2021-01-13 05:50:00,True,2021-01-13 05:35:00,0.0,0.0,False,,,
NQ,2021-01-13,Wednesday,RDR,12947.259,12879.669,67.59000000000015,12956.499,12876.179,80.31999999999971,True,LONG,2021-01-13 10:35:00,12970.209,True,True,True,0.9356,0.0,0.9356,13010.499,2021-01-13 14:32:00,0.0164,12946.149,2021-01-13 12:36:00,True,2021-01-13 10:47:00,0.0164,0.0164,True,12946.149,2021-01-13 12:36:00,0.0164
NQ,2021-01-14,Thursday,ADR,13012.499,12997.419,15.079999999999927,13015.189,12994.919,20.270000000000437,True,LONG,2021-01-13 20:30:00,13016.659,False,True,False,0.5637,3.7739,0.5637,13020.999,2021-01-13 21:14:00,4.7739,12940.509,2021-01-13 22:31:00,True,2021-01-13 21:14:00,0.2838,4.7739,True,13010.559,2021-01-13 21:06:00,0.1286
NQ,2021-01-14,Thursday,ODR,12984.059,12962.169,21.889999999999418,12988.319,12958.739,29.579999999999927,True,SHORT,2021-01-14 05:00:00,12953.219,True,True,False,0.1795,1.4925,1.4925,12929.499,2021-01-14 05:30:00,1.0754,12985.709,2021-01-14 07:55:00,True,2021-01-14 05:05:00,0.0,1.0754,True,12962.977,2021-01-14 06:53:00,0.0369
NQ,2021-01-14,Thursday,RDR,13016.489,12988.199,28.289999999999054,13022.519,12976.759,45.76000000000022,True,LONG,2021-01-14 10:45:00,13028.689,False,True,False,0.6967,3.5405,0.6967,13036.199,2021-01-14 10:53:00,4.5405,12888.039,2021-01-14 15:56:00,True,2021-01-14 10:50:00,0.0,4.5405,True,13015.919,2021-01-14 11:02:00,0.0201
NQ,2021-01-15,Friday,ADR,12926.129,12890.299,35.82999999999993,12928.609,12876.529,52.07999999999993,True,SHORT,2021-01-15 00:15:00,12850.319,True,False,,0.0,1.5035,1.5035,12836.429,2021-01-15 01:04:00,0.0,12873.389,2021-01-15 01:44:00,True,2021-01-15 00:20:00,0.0,0.0,False,,,
NQ,2021-01-15,Friday,ODR,12897.049,12882.419,14.630000000001019,12902.299,12879.439,22.860000000000582,True,LONG,2021-01-15 04:00:00,12905.329,False,True,True,1.3035,1.702,1.3035,12916.119,2021-01-15 08:21:00,2.702,12857.519,2021-01-15 06:08:00,True,2021-01-15 04:05:00,2.702,2.702,True,12896.519,2021-01-15 04:08:00,0.0362
NQ,2021-01-15,Friday,RDR,12923.399,12771.319,152.07999999999993,12937.689,12760.349,177.34000000000015,False,,,,,,,0.0,0.1363,,,,,,,False,,,,False,,,
NQ,2021-01-18,Monday,ADR,12784.619,12763.389,21.230000000001382,12785.649,12756.899,28.75,True,LONG,2021-01-18 00:35:00,12795.399,True,True,False,0.5883,0.5205,0.5846,12797.029,2021-01-18 00:40:00,0.4046,12776.029,2021-01-18 01:54:00,True,2021-01-18 00:40:00,0.0,0.4046,True,12783.109,2021-01-18 01:06:00,0.0711
NQ,2021-01-18,Monday,ODR,12791.919,12780.119,11.799999999999272,12796.099,12776.429,19.670000000000073,True,LONG,2021-01-18 06:05:00,12809.629,True,False,,2.6102,0.0,2.6102,12822.719,2021-01-18 06:14:00,0.0,12799.369,2021-01-18 06:56:00,True,2021-01-18 06:10:00,0.0,0.0,False,,,
NQ,2021-01-18,Monday,RDR,12818.869,12797.899,20.970000000001164,12822.089,12791.489,30.600000000000364,False,,,,,,,0.1583,0.0,,,,,,,False,,,,False,,,
NQ,2021-01-19,Tuesday,ADR,12876.619,12849.919,26.700000000000728,12880.049,12848.929,31.1200000000008,True,LONG,2021-01-18 20:30:00,12882.889,True,False,,2.9191,0.0,2.9191,12954.559,2021-01-18 22:28:00,0.0,12882.429,2021-01-18 20:48:00,True,2021-01-18 20:38:00,0.0,0.0,False,,,
NQ,2021-01-19,Tuesday,ODR,12943.209,12917.409,25.80000000000109,12943.799,12913.619,30.18000000000029,True,SHORT,2021-01-19 07:30:00,12910.879,True,False,,0.0,0.6767,0.6767,12899.949,2021-01-19 07:46:00,0.0,12916.579,2021-01-19 08:08:00,True,2021-01-19 07:46:00,0.0,0.0,False,,,
NQ,2021-01-19,Tuesday,RDR,12922.859,12871.519,51.340000000000146,12937.399,12865.019,72.3799999999992,True,LONG,2021-01-19 12:35:00,12939.499,True,False,,1.7589,0.2676,1.7589,13013.159,2021-01-19 15:04:00,0.0,12931.819,2021-01-19 12:41:00,True,2021-01-19 12:44:00,0.0,0.0,False,,,
NQ,2021-01-20,Wednesday,ADR,13051.109,13028.539,22.56999999999971,13051.849,13025.149,26.700000000000728,True,LONG,2021-01-19 21:35:00,13053.129,True,True,True,1.2658,0.0266,1.2658,13079.679,2021-01-20 01:53:00,1.0266,13027.939,2021-01-19 23:05:00,True,2021-01-20 00:54:00,1.0266,0.0669,True,13051.079,2021-01-19 21:44:00,0.0013
NQ,2021-01-20,Wednesday,ODR,13090.359,13054.117,36.24200000000019,13095.689,13053.329,42.36000000000058,True,LONG,2021-01-20 05:35:00,13096.599,True,True,True,0.8294,0.0,0.8294,13120.419,2021-01-20 08:15:00,0.0955,13086.899,2021-01-20 07:21:00,True,2021-01-20 07:55:00,0.0955,0.0,True,13089.309,2021-01-20 06:27:00,0.029
NQ,2021-01-20,Wednesday,RDR,13238.399,13144.099,94.29999999999927,13245.369,13128.529,116.84000000000015,True,LONG,2021-01-20 10:30:00,13248.119,True,True,True,1.0137,0.0,1.0137,13333.989,2021-01-20 15:44:00,0.2825,13211.759,2021-01-20 11:09:00,True,2021-01-20 13:04:00,0.2825,0.0,True,13233.049,2021-01-20 10:50:00,0.0567
NQ,2021-01-21,Thursday,ADR,13380.277,13321.047,59.22999999999956,13388.287,13318.849,69.4380000000001,True,LONG,2021-01-20 23:10:00,13391.289,True,True,False,0.297,0.0,0.297,13397.869,2021-01-20 23:19:00,0.4933,13351.059,2021-01-21 01:38:00,False,,0.0,,True,13379.049,2021-01-21 00:35:00,0.0207
NQ,2021-01-21,Thursday,ODR,13376.969,13343.987,32.98199999999997,13378.589,13341.209,37.3799999999992,False,,,,,,,0.0,0.0233,,,,,,,False,,,,False,,,
NQ,2021-01-21,Thursday,RDR,13378.749,13306.269,72.47999999999956,13384.339,13290.509,93.82999999999993,True,LONG,2021-01-21 10:50:00,13385.859,True,True,True,0.725,0.0,0.725,13431.299,2021-01-21 15:49:00,0.7555,13323.989,2021-01-21 12:21:00,True,2021-01-21 15:04:00,0.7555,0.0,True,13377.839,2021-01-21 11:10:00,0.0126
NQ,2021-01-22,Friday,ADR,13397.339,13370.339,27.0,13399.499,13368.869,30.6299999999992,True,SHORT,2021-01-21 21:10:00,13352.619,True,True,True,0.0,1.1333,1.1333,13339.739,2021-01-21 21:17:00,0.0678,13372.169,2021-01-21 21:41:00,True,2021-01-21 21:15:00,0.0,0.0678,True,13372.169,2021-01-21 21:41:00,0.0678
NQ,2021-01-22,Friday,ODR,13358.139,13335.639,22.5,13359.899,13331.719,28.18000000000029,True,SHORT,2021-01-22 04:30:00,13326.179,True,True,True,0.0,1.2591,1.2591,13307.309,2021-01-22 07:40:00,0.3453,13343.409,2021-01-22 05:30:00,True,2021-01-22 04:35:00,0.3453,0.3453,True,13336.799,2021-01-22 04:57:00,0.0516
NQ,2021-01-22,Friday,RDR,13396.857,13353.229,43.62800000000061,13399.299,13335.689,63.61000000000058,True,LONG,2021-01-22 15:40:00,13404.379,True,True,False,0.196,0.4978,0.196,13405.409,2021-01-22 15:45:00,0.7756,13363.019,2021-01-22 15:59:00,False,,0.0,,True,13394.339,2021-01-22 15:48:00,0.0577
NQ,2021-01-25,Monday,ADR,13450.079,13437.139,12.94000000000051,13452.489,13437.139,15.350000000000364,True,LONG,2021-01-24 21:00:00,13452.589,True,False,,2.0889,0.0,2.0889,13477.109,2021-01-25 00:31:00,0.0,13451.639,2021-01-24 21:05:00,True,2021-01-24 21:19:00,0.0,0.0,False,,,
NQ,2021-01-25,Monday,ODR,13484.629,13474.779,9.850000000000364,13485.299,13471.589,13.710000000000946,True,LONG,2021-01-25 04:00:00,13487.739,True,True,True,3.1888,0.0,3.1888,13516.039,2021-01-25 07:14:00,0.6558,13478.169,2021-01-25 05:11:00,True,2021-01-25 04:06:00,0.6558,0.6558,True,13478.169,2021-01-25 05:11:00,0.6558
NQ,2021-01-25,Monday,RDR,13556.189,13506.987,49.202000000001135,13563.409,13505.809,57.600000000000364,True,SHORT,2021-01-25 10:40:00,13504.749,True,True,True,0.0,6.2589,6.2589,13199.039,2021-01-25 11:08:00,0.1321,13513.489,2021-01-25 10:46:00,True,2021-01-25 10:49:00,0.1321,0.0,True,13506.997,2021-01-25 10:45:00,0.0002
NQ,2021-01-26,Tuesday,ADR,13466.909,13442.309,24.600000000000364,13469.389,13440.189,29.19999999999891,True,SHORT,2021-01-25 22:00:00,13436.979,True,True,True,0.0,2.1134,2.1134,13390.319,2021-01-25 23:39:00,0.0873,13444.457,2021-01-25 22:17:00,True,2021-01-25 23:27:00,0.0873,0.0,True,13444.457,2021-01-25 22:17:00,0.0873
NQ,2021-01-26,Tuesday,ODR,13451.189,13413.459,37.72999999999956,13456.299,13411.289,45.01000000000022,True,LONG,2021-01-26 04:00:00,13459.309,True,True,True,1.2274,0.0,1.2274,13497.499,2021-01-26 07:06:00,0.5635,13429.929,2021-01-26 05:50:00,True,2021-01-26 06:44:00,0.5635,0.0,True,13450.789,2021-01-26 04:11:00,0.0106
NQ,2021-01-26,Tuesday,RDR,13512.909,13450.319,62.590000000000146,13518.879,13437.669,81.21000000000095,True,LONG,2021-01-26 10:45:00,13524.129,True,True,False,0.4758,0.0,0.4758,13542.689,2021-01-26 11:06:00,0.7605,13465.309,2021-01-26 11:59:00,False,,0.0564,,True,13509.379,2021-01-26 10:58:00,0.0564
NQ,2021-01-27,Wednesday,ADR,13565.919,13555.739,10.180000000000291,13568.199,13548.459,19.73999999999978,True,LONG,2021-01-26 20:30:00,13573.809,False,True,False,1.5393,1.112,1.5393,13581.589,2021-01-27 01:01:00,2.112,13544.419,2021-01-26 22:08:00,True,2021-01-26 20:35:00,2.112,2.112,True,13563.439,2021-01-26 20:36:00,0.2436
NQ,2021-01-27,Wednesday,ODR,13564.219,13539.687,24.531999999999243,13564.219,13537.339,26.8799999999992,True,LONG,2021-01-27 04:00:00,13566.189,False,True,False,0.4553,7.2443,0.1097,13566.909,2021-01-27 04:05:00,8.2443,13361.969,2021-01-27 08:00:00,False,,0.0408,,True,13563.219,2021-01-27 04:05:00,0.0408
NQ,2021-01-27,Wednesday,RDR,13400.379,13218.799,181.57999999999993,13400.379,13181.449,218.9300000000003,True,SHORT,2021-01-27 14:45:00,13158.889,True,False,,0.0,1.0323,1.0323,13031.359,2021-01-27 15:37:00,0.0,13171.809,2021-01-27 14:50:00,True,2021-01-27 14:52:00,0.0,0.0,False,,,
NQ,2021-01-28,Thursday,ADR,13095.619,12999.849,95.77000000000044,13103.509,12995.829,107.68000000000029,True,LONG,2021-01-27 20:45:00,13106.249,True,True,False,0.4269,0.0,0.4269,13136.499,2021-01-27 20:51:00,0.8872,13010.649,2021-01-28 01:53:00,False,,0.0,,True,13089.859,2021-01-27 21:24:00,0.0601
NQ,2021-01-28,Thursday,ODR,13040.919,12945.609,95.30999999999949,13048.209,12929.769,118.44000000000051,True,SHORT,2021-01-28 04:20:00,12921.319,False,True,False,0.3989,0.3126,0.2585,12920.969,2021-01-28 04:25:00,1.3989,13078.939,2021-01-28 07:19:00,False,,0.0,,True,12951.489,2021-01-28 04:27:00,0.0617
NQ,2021-01-28,Thursday,RDR,13276.199,13147.309,128.89000000000124,13288.509,13139.139,149.3700000000008,True,LONG,2021-01-28 11:00:00,13301.109,True,True,False,0.9853,0.0,0.9853,13403.199,2021-01-28 13:48:00,0.7163,13183.869,2021-01-28 15:59:00,True,2021-01-28 12:05:00,0.0966,0.7163,True,13268.429,2021-01-28 11:30:00,0.0603
NQ,2021-01-29,Friday,ADR,13156.819,13128.789,28.029999999998836,13167.357,13120.659,46.69800000000032,True,SHORT,2021-01-28 20:35:00,13110.139,True,False,,0.0,5.6133,5.6133,12971.449,2021-01-28 23:19:00,0.0,13123.699,2021-01-28 20:44:00,True,2021-01-28 20:40:00,0.0,0.0,False,,,
NQ,2021-01-29,Friday,ODR,13026.839,12941.329,85.51000000000022,13034.909,12941.329,93.57999999999993,True,LONG,2021-01-29 04:00:00,13039.279,True,True,True,0.9373,0.0,0.9373,13106.989,2021-01-29 07:30:00,0.9207,12948.109,2021-01-29 05:18:00,True,2021-01-29 06:19:00,0.9207,0.2644,True,13021.159,2021-01-29 04:11:00,0.0664
NQ,2021-01-29,Friday,RDR,13158.509,13022.729,135.78000000000065,13168.029,13006.979,161.0500000000011,True,SHORT,2021-01-29 11:25:00,13005.159,True,True,True,0.0684,1.3232,1.3232,12843.069,2021-01-29 12:49:00,0.2509,13056.799,2021-01-29 12:11:00,True,2021-01-29 12:22:00,0.2509,0.0616,True,13024.299,2021-01-29 11:41:00,0.0116
NQ,2021-02-01,Monday,ADR,12868.519,12815.689,52.82999999999993,12872.709,12795.429,77.28000000000065,True,LONG,2021-01-31 20:35:00,12880.119,True,True,True,2.3163,0.0,2.3163,12990.889,2021-02-01 00:56:00,0.2156,12857.129,2021-01-31 21:00:00,True,2021-01-31 21:20:00,0.2156,0.0,True,12862.669,2021-01-31 20:45:00,0.1107
NQ,2021-02-01,Monday,ODR,13054.409,13005.029,49.3799999999992,13055.889,12992.429,63.45999999999913,True,LONG,2021-02-01 04:15:00,13062.419,True,True,False,0.7792,0.0,0.7792,13092.887,2021-02-01 06:30:00,0.5014,13029.649,2021-02-01 04:48:00,True,2021-02-01 06:27:00,0.5014,0.289,True,13054.019,2021-02-01 04:24:00,0.0079
NQ,2021-02-01,Monday,RDR,13097.469,12985.709,111.7599999999984,13112.389,12980.349,132.03999999999905,True,LONG,2021-02-01 10:40:00,13126.089,True,True,True,1.6441,0.0,1.6441,13281.219,2021-02-01 13:21:00,0.4024,13052.499,2021-02-01 11:03:00,True,2021-02-01 11:24:00,0.4024,0.0,True,13096.389,2021-02-01 10:52:00,0.0097
NQ,2021-02-02,Tuesday,ADR,13331.407,13252.459,78.9479999999985,13334.949,13246.239,88.71000000000095,True,LONG,2021-02-01 20:50:00,13345.409,True,True,True,0.6179,0.0,0.6179,13380.189,2021-02-01 21:37:00,0.2301,13313.239,2021-02-02 00:45:00,True,2021-02-01 21:30:00,0.0067,0.2301,True,13330.879,2021-02-01 21:14:00,0.0067
NQ,2021-02-02,Tuesday,ODR,13364.409,13320.757,43.652000000000044,13372.689,13310.419,62.27000000000044,True,LONG,2021-02-02 04:40:00,13378.269,True,True,False,0.5154,0.0,0.5154,13386.909,2021-02-02 04:52:00,0.6692,13335.199,2021-02-02 07:00:00,True,2021-02-02 04:52:00,0.0,0.6692,True,13364.169,2021-02-02 05:15:00,0.0055
NQ,2021-02-02,Tuesday,RDR,13444.999,13361.909,83.09000000000015,13447.009,13355.289,91.71999999999935,True,LONG,2021-02-02 11:40:00,13450.299,True,True,True,0.7137,0.0,0.7137,13504.299,2021-02-02 14:47:00,0.0938,13437.209,2021-02-02 13:22:00,True,2021-02-02 13:42:00,0.0938,0.0,True,13443.749,2021-02-02 13:19:00,0.015
NQ,2021-02-03,Wednesday,ADR,13538.499,13503.347,35.152000000000044,13540.489,13499.489,41.0,True,LONG,2021-02-03 00:45:00,13549.309,True,False,,0.4893,0.1621,0.4893,13555.699,2021-02-03 01:27:00,0.0,13544.389,2021-02-03 01:36:00,False,,0.0,,False,,,
NQ,2021-02-03,Wednesday,ODR,13583.939,13555.639,28.30000000000109,13590.819,13552.359,38.45999999999913,True,SHORT,2021-02-03 04:05:00,13543.389,True,True,True,0.0,1.2286,1.2286,13520.869,2021-02-03 04:33:00,0.2325,13562.219,2021-02-03 06:59:00,True,2021-02-03 04:15:00,0.0,0.2325,True,13557.659,2021-02-03 05:50:00,0.0714
NQ,2021-02-03,Wednesday,RDR,13538.449,13405.339,133.11000000000058,13555.197,13403.219,151.97800000000097,True,SHORT,2021-02-03 15:55:00,13400.099,True,,,0.0,0.0461,,,,,,,False,,,,False,,,
NQ,2021-02-04,Thursday,ADR,13449.399,13426.879,22.519999999998618,13452.609,13424.099,28.51000000000022,True,LONG,2021-02-03 21:10:00,13455.609,False,True,False,0.3162,3.1772,0.2846,13455.809,2021-02-03 21:18:00,4.1772,13355.329,2021-02-04 00:15:00,False,,0.0,,True,13447.139,2021-02-03 21:34:00,0.1004
NQ,2021-02-04,Thursday,ODR,13461.289,13427.159,34.13000000000102,13466.579,13424.089,42.48999999999978,True,LONG,2021-02-04 08:10:00,13470.259,True,False,,0.3575,0.0,0.3575,13473.489,2021-02-04 08:15:00,0.0,13464.079,2021-02-04 08:29:00,False,,0.0,,False,,,
NQ,2021-02-04,Thursday,RDR,13469.569,13404.157,65.41200000000026,13490.819,13402.709,88.10999999999876,True,LONG,2021-02-04 13:00:00,13497.529,True,False,,1.4133,0.0,1.4133,13562.019,2021-02-04 15:59:00,0.0,13492.269,2021-02-04 13:07:00,True,2021-02-04 13:12:00,0.0,0.0,False,,,
NQ,2021-02-05,Friday,ADR,13553.377,13537.509,15.868000000000393,13557.599,13536.129,21.469999999999345,True,LONG,2021-02-04 20:45:00,13562.249,True,False,,4.5829,0.0,4.5829,13626.099,2021-02-05 01:05:00,0.0,13560.149,2021-02-04 20:51:00,True,2021-02-04 20:50:00,0.0,0.0,False,,,
NQ,2021-02-05,Friday,ODR,13608.159,13593.579,14.579999999999927,13608.789,13586.219,22.570000000001528,True,SHORT,2021-02-05 04:00:00,13583.709,False,True,True,0.284,1.2977,1.2977,13574.659,2021-02-05 04:20:00,1.284,13612.299,2021-02-05 06:10:00,True,2021-02-05 04:05:00,0.0,1.284,True,13594.799,2021-02-05 04:35:00,0.0837
NQ,2021-02-05,Friday,RDR,13598.249,13536.309,61.94000000000051,13601.379,13528.539,72.84000000000015,True,LONG,2021-02-05 12:20:00,13602.109,True,True,True,0.7336,0.0,0.7336,13643.689,2021-02-05 13:19:00,0.3891,13574.149,2021-02-05 15:29:00,True,2021-02-05 12:49:00,0.0,0.3891,True,13597.209,2021-02-05 13:53:00,0.0168
NQ,2021-02-08,Monday,ADR,13690.339,13650.569,39.77000000000044,13690.597,13647.829,42.76800000000003,False,,,,,,,0.007,0.0,,,,,,,False,,,,False,,,
NQ,2021-02-08,Monday,ODR,13670.027,13642.859,27.167999999999665,13674.877,13638.109,36.76800000000003,True,SHORT,2021-02-08 07:25:00,13637.709,True,True,False,0.0,0.371,0.371,13632.779,2021-02-08 07:36:00,0.7888,13664.289,2021-02-08 08:24:00,False,,0.0,,True,13642.997,2021-02-08 07:41:00,0.0051
NQ,2021-02-08,Monday,RDR,13692.549,13647.519,45.030000000000655,13697.689,13638.009,59.68000000000029,True,SHORT,2021-02-08 11:30:00,13619.809,False,True,False,0.0342,0.9873,0.9873,13603.059,2021-02-08 11:41:00,1.0342,13694.089,2021-02-08 15:59:00,True,2021-02-08 11:35:00,0.0,1.0342,True,13652.719,2021-02-08 12:13:00,0.1155
NQ,2021-02-09,Tuesday,ADR,13677.987,13666.509,11.477999999999156,13683.289,13663.609,19.68000000000029,True,LONG,2021-02-08 20:45:00,13686.999,True,True,True,1.4734,0.0,1.4734,13694.899,2021-02-09 00:22:00,0.3919,13673.489,2021-02-08 22:46:00,True,2021-02-08 20:50:00,0.3919,0.3919,True,13677.009,2021-02-08 21:42:00,0.0852
NQ,2021-02-09,Tuesday,ODR,13679.849,13671.999,7.850000000000364,13682.489,13668.859,13.6299999999992,True,SHORT,2021-02-09 06:05:00,13661.979,False,True,True,0.6204,1.8293,1.8293,13657.639,2021-02-09 06:15:00,1.6204,13684.719,2021-02-09 07:35:00,True,2021-02-09 06:10:00,0.0,1.6204,True,13672.409,2021-02-09 06:44:00,0.0522
NQ,2021-02-09,Tuesday,RDR,13732.967,13651.489,81.47800000000097,13734.967,13651.489,83.47800000000097,True,LONG,2021-02-09 10:35:00,13737.149,True,True,False,0.1145,0.0,0.0925,13740.507,2021-02-09 10:40:00,0.781,13669.329,2021-02-09 13:50:00,False,,0.0,,True,13732.899,2021-02-09 10:42:00,0.0008
NQ,2021-02-10,Wednesday,ADR,13715.309,13688.969,26.340000000000146,13719.989,13688.369,31.61999999999898,True,LONG,2021-02-09 20:45:00,13722.419,True,False,,1.612,0.0,1.612,13757.769,2021-02-09 22:12:00,0.0,13721.949,2021-02-09 20:50:00,True,2021-02-09 20:56:00,0.0,0.0,False,,,
NQ,2021-02-10,Wednesday,ODR,13765.889,13751.769,14.119999999998981,13768.489,13746.659,21.829999999999927,True,SHORT,2021-02-10 05:20:00,13746.629,True,False,,0.0,2.2245,2.2245,13720.359,2021-02-10 08:11:00,0.0,13750.897,2021-02-10 06:05:00,True,2021-02-10 05:32:00,0.0,0.0,False,,,
NQ,2021-02-10,Wednesday,RDR,13753.469,13586.129,167.33999999999833,13768.917,13570.089,198.82799999999952,True,SHORT,2021-02-10 10:40:00,13535.909,True,True,False,0.0,0.3646,0.3394,13529.329,2021-02-10 10:45:00,0.6924,13701.989,2021-02-10 15:13:00,False,,0.0,,True,13597.679,2021-02-10 10:52:00,0.069
NQ,2021-02-11,Thursday,ADR,13641.819,13621.279,20.539999999999054,13645.489,13618.769,26.719999999999345,True,LONG,2021-02-10 21:35:00,13655.797,True,False,,1.6206,0.0448,1.6206,13675.107,2021-02-10 22:01:00,0.0,13647.219,2021-02-11 00:32:00,True,2021-02-10 21:40:00,0.0,0.0,False,,,
NQ,2021-02-11,Thursday,ODR,13701.349,13666.107,35.24200000000019,13703.089,13665.069,38.02000000000044,True,LONG,2021-02-11 04:20:00,13705.139,True,True,True,0.7502,0.0,0.7502,13727.789,2021-02-11 08:26:00,0.0216,13700.589,2021-02-11 07:09:00,True,2021-02-11 05:06:00,0.0216,0.0216,True,13700.809,2021-02-11 04:29:00,0.0153
NQ,2021-02-11,Thursday,RDR,13729.989,13691.577,38.41200000000026,13744.189,13688.529,55.659999999999854,True,LONG,2021-02-11 11:40:00,13744.229,False,True,True,0.5105,1.588,0.4506,13747.299,2021-02-11 11:45:00,2.588,13630.579,2021-02-11 12:46:00,False,,0.0,,True,13728.059,2021-02-11 11:53:00,0.0502
NQ,2021-02-12,Friday,ADR,13735.279,13724.189,11.090000000000146,13737.599,13723.049,14.549999999999272,True,SHORT,2021-02-11 20:35:00,13721.749,True,True,True,0.0,1.5464,1.5464,13707.039,2021-02-11 21:55:00,0.3697,13728.289,2021-02-11 21:11:00,True,2021-02-11 20:42:00,0.3697,0.3697,True,13725.519,2021-02-11 20:55:00,0.1199
NQ,2021-02-12,Friday,ODR,13717.509,13670.689,46.81999999999971,13720.179,13667.739,52.44000000000051,True,LONG,2021-02-12 08:00:00,13722.009,True,True,False,0.2027,0.0,0.2027,13726.999,2021-02-12 08:09:00,0.2548,13705.579,2021-02-12 08:24:00,False,,0.0,,True,13716.129,2021-02-12 08:14:00,0.0295
NQ,2021-02-12,Friday,RDR,13713.097,13672.109,40.987999999999374,13715.009,13651.719,63.29000000000087,True,LONG,2021-02-12 10:40:00,13723.009,True,False,,2.4952,0.0454,2.4952,13815.369,2021-02-12 15:59:00,0.0,13717.199,2021-02-12 14:06:00,True,2021-02-12 10:49:00,0.0,0.0,False,,,
NQ,2021-02-15,Monday,ADR,13864.687,13855.099,9.587999999999738,13869.879,13853.739,16.140000000001237,True,SHORT,2021-02-14 21:35:00,13853.179,True,True,True,0.0,1.5144,1.5144,13840.579,2021-02-15 01:55:00,0.6665,13861.489,2021-02-14 23:09:00,True,2021-02-14 22:34:00,0.6665,0.6665,True,13855.099,2021-02-14 21:51:00,0.0
NQ,2021-02-15,Monday,ODR,13848.177,13839.227,8.949999999998909,13848.497,13836.809,11.688000000000102,True,LONG,2021-02-15 05:15:00,13848.899,True,True,False,0.6147,0.0,0.6147,13853.679,2021-02-15 05:20:00,0.7975,13841.039,2021-02-15 07:54:00,True,2021-02-15 05:20:00,0.0,0.7975,True,13848.009,2021-02-15 05:34:00,0.0188
NQ,2021-02-15,Monday,RDR,13864.189,13853.869,10.319999999999709,13867.399,13853.649,13.75,True,LONG,2021-02-15 10:55:00,13867.749,True,True,True,1.8818,0.0,1.8818,13883.609,2021-02-15 12:51:00,0.4719,13859.319,2021-02-15 11:35:00,True,2021-02-15 12:30:00,0.4719,0.0,True,13864.039,2021-02-15 11:02:00,0.0145
NQ,2021-02-16,Tuesday,ADR,13893.609,13879.047,14.561999999999898,13895.909,13876.669,19.23999999999978,True,LONG,2021-02-15 20:30:00,13897.719,True,True,False,0.7753,0.1585,0.7753,13904.899,2021-02-15 20:45:00,1.1585,13876.739,2021-02-16 00:39:00,True,2021-02-15 20:41:00,0.0,1.1585,True,13891.719,2021-02-15 22:01:00,0.1298
NQ,2021-02-16,Tuesday,ODR,13873.179,13859.059,14.1200000000008,13874.299,13852.629,21.670000000000073,True,LONG,2021-02-16 05:45:00,13875.019,True,True,True,0.8725,0.602,0.8725,13885.499,2021-02-16 07:17:00,0.9936,13859.149,2021-02-16 06:11:00,True,2021-02-16 06:41:00,0.9936,0.1813,True,13872.339,2021-02-16 05:50:00,0.0595
NQ,2021-02-16,Tuesday,RDR,13869.529,13831.519,38.01000000000022,13873.289,13816.879,56.409999999999854,True,LONG,2021-02-16 10:35:00,13876.559,False,True,False,0.2989,2.8803,0.247,13878.919,2021-02-16 10:42:00,3.8803,13722.039,2021-02-16 12:10:00,False,,0.0,,True,13868.539,2021-02-16 10:44:00,0.026
NQ,2021-02-17,Wednesday,ADR,13725.837,13699.789,26.047999999998865,13728.269,13695.529,32.73999999999978,True,LONG,2021-02-16 21:10:00,13731.369,True,False,,1.9572,0.0,1.9572,13776.819,2021-02-17 01:31:00,0.0,13731.469,2021-02-16 21:15:00,True,2021-02-16 21:19:00,0.0,0.0,False,,,
NQ,2021-02-17,Wednesday,ODR,13779.987,13736.757,43.22999999999956,13786.299,13730.439,55.86000000000058,True,SHORT,2021-02-17 08:15:00,13723.919,True,False,,0.0261,0.5475,0.5475,13713.089,2021-02-17 08:28:00,0.0,13727.439,2021-02-17 08:21:00,True,2021-02-17 08:27:00,0.0,0.0,False,,,
NQ,2021-02-17,Wednesday,RDR,13687.449,13603.739,83.71000000000095,13694.589,13587.029,107.55999999999949,True,SHORT,2021-02-17 11:15:00,13562.719,False,True,False,0.3197,0.6503,0.6503,13549.299,2021-02-17 11:46:00,1.3197,13714.209,2021-02-17 15:50:00,True,2021-02-17 11:20:00,0.0,1.3197,True,13606.799,2021-02-17 11:58:00,0.0366
NQ,2021-02-18,Thursday,ADR,13721.769,13707.529,14.239999999999782,13724.787,13705.749,19.038000000000466,True,SHORT,2021-02-17 20:30:00,13699.569,True,False,,0.0,6.5133,6.5133,13614.779,2021-02-17 23:10:00,0.0,13701.579,2021-02-17 22:00:00,True,2021-02-17 20:35:00,0.0,0.0,False,,,
NQ,2021-02-18,Thursday,ODR,13655.789,13614.019,41.77000000000044,13656.769,13609.089,47.68000000000029,True,SHORT,2021-02-18 05:50:00,13609.079,True,True,True,0.0263,0.9765,0.9765,13573.229,2021-02-18 06:05:00,0.0787,13617.307,2021-02-18 07:35:00,True,2021-02-18 06:03:00,0.0,0.0787,True,13615.499,2021-02-18 07:33:00,0.0354
NQ,2021-02-18,Thursday,RDR,13571.089,13486.609,84.47999999999956,13586.029,13475.039,110.98999999999978,True,LONG,2021-02-18 13:20:00,13599.099,True,False,,1.2041,0.1668,1.2041,13672.809,2021-02-18 15:31:00,0.0,13594.789,2021-02-18 13:26:00,True,2021-02-18 13:32:00,0.0,0.0,False,,,
NQ,2021-02-19,Friday,ADR,13640.359,13597.349,43.01000000000022,13644.199,13595.549,48.649999999999636,True,SHORT,2021-02-18 20:30:00,13563.039,True,True,False,0.0,1.03,1.03,13553.049,2021-02-18 22:00:00,0.8782,13635.119,2021-02-19 01:17:00,True,2021-02-18 20:35:00,0.0,0.8782,True,13598.337,2021-02-19 00:10:00,0.023
NQ,2021-02-19,Friday,ODR,13654.389,13625.529,28.859999999998763,13658.697,13621.799,36.89799999999923,True,LONG,2021-02-19 04:15:00,13663.509,True,False,,2.3908,0.0,2.3908,13723.387,2021-02-19 08:29:00,0.0,13658.529,2021-02-19 05:10:00,True,2021-02-19 04:31:00,0.0,0.0,False,,,
NQ,2021-02-19,Friday,RDR,13700.247,13643.577,56.67000000000007,13703.309,13633.229,70.07999999999993,True,SHORT,2021-02-19 12:20:00,13616.299,True,False,,0.0503,1.8496,1.8496,13538.759,2021-02-19 13:10:00,0.0,13627.099,2021-02-19 12:27:00,True,2021-02-19 12:25:00,0.0,0.0,False,,,
NQ,2021-02-22,Monday,ADR,13628.807,13604.107,24.700000000000728,13631.069,13600.227,30.841999999998734,True,SHORT,2021-02-21 20:45:00,13591.519,True,False,,0.0,3.8465,3.8465,13509.099,2021-02-22 01:05:00,0.0,13599.669,2021-02-21 21:24:00,True,2021-02-21 20:50:00,0.0,0.0,False,,,
NQ,2021-02-22,Monday,ODR,13438.069,13382.849,55.219999999999345,13439.877,13366.859,73.01800000000003,False,,,,,,,0.0,0.2771,,,,,,,False,,,,False,,,
NQ,2021-02-22,Monday,RDR,13438.677,13351.309,87.3680000000004,13448.809,13344.819,103.98999999999978,True,SHORT,2021-02-22 10:30:00,13333.829,True,True,True,0.0,1.4683,1.4683,13223.029,2021-02-22 15:59:00,0.4554,13391.097,2021-02-22 13:55:00,True,2021-02-22 10:53:00,0.4554,0.4554,True,13355.517,2021-02-22 10:43:00,0.0482
NQ,2021-02-23,Tuesday,ADR,13251.369,13211.039,40.32999999999993,13252.597,13208.569,44.02800000000025,True,LONG,2021-02-22 20:30:00,13256.559,True,False,,2.1689,0.0,2.1689,13338.839,2021-02-23 00:08:00,0.0,13256.629,2021-02-22 20:35:00,True,2021-02-22 20:36:00,0.0,0.0,False,,,
NQ,2021-02-23,Tuesday,ODR,13316.387,13215.899,100.4880000000012,13316.387,13210.639,105.74800000000141,True,SHORT,2021-02-23 04:00:00,13176.549,True,False,,0.0,2.639,2.639,12950.709,2021-02-23 05:37:00,0.0,13189.789,2021-02-23 04:07:00,True,2021-02-23 04:11:00,0.0,0.0,False,,,
NQ,2021-02-23,Tuesday,RDR,13029.299,12776.389,252.91000000000167,13032.017,12762.099,269.91799999999967,True,LONG,2021-02-23 10:40:00,13042.539,True,True,True,0.9158,0.0,0.9158,13260.909,2021-02-23 15:30:00,0.5525,12889.569,2021-02-23 13:00:00,True,2021-02-23 15:07:00,0.5525,0.0,True,13013.269,2021-02-23 11:25:00,0.0634
NQ,2021-02-24,Wednesday,ADR,13226.787,13159.779,67.00799999999981,13231.119,13157.959,73.15999999999985,True,LONG,2021-02-23 20:40:00,13238.869,False,True,False,0.5691,1.9162,0.5691,13264.919,2021-02-23 20:53:00,2.9162,13031.379,2021-02-24 01:19:00,True,2021-02-23 20:52:00,0.0,2.9162,True,13221.009,2021-02-23 21:03:00,0.0862
NQ,2021-02-24,Wednesday,ODR,13183.369,13137.339,46.030000000000655,13186.299,13123.919,62.38000000000102,True,LONG,2021-02-24 04:00:00,13193.099,True,True,True,2.4968,0.0,2.4968,13298.297,2021-02-24 07:56:00,0.4089,13164.549,2021-02-24 06:36:00,True,2021-02-24 04:19:00,0.4089,0.4089,True,13181.269,2021-02-24 04:09:00,0.0456
NQ,2021-02-24,Wednesday,RDR,13087.089,12978.859,108.22999999999956,13123.579,12962.599,160.97999999999956,True,LONG,2021-02-24 11:00:00,13124.209,True,False,,2.1106,0.0,2.1106,13315.519,2021-02-24 15:59:00,0.0,13109.489,2021-02-24 11:08:00,True,2021-02-24 11:11:00,0.0,0.0,False,,,
NQ,2021-02-25,Thursday,ADR,13333.989,13288.369,45.61999999999898,13337.909,13282.519,55.38999999999942,True,LONG,2021-02-24 23:35:00,13338.589,True,True,True,0.557,0.1366,0.557,13359.399,2021-02-25 01:59:00,0.0741,13330.609,2021-02-25 01:12:00,True,2021-02-25 01:59:00,0.0741,0.0,True,13333.609,2021-02-24 23:44:00,0.0083
NQ,2021-02-25,Thursday,ODR,13304.089,13243.079,61.01000000000022,13307.119,13229.549,77.56999999999971,True,SHORT,2021-02-25 04:05:00,13220.089,True,True,True,0.0,1.4958,1.4958,13151.819,2021-02-25 06:48:00,0.5132,13274.389,2021-02-25 06:02:00,True,2021-02-25 04:35:00,0.5132,0.5132,True,13251.599,2021-02-25 04:15:00,0.1396
NQ,2021-02-25,Thursday,RDR,13286.009,13146.649,139.36000000000058,13296.299,13128.549,167.75,True,SHORT,2021-02-25 10:35:00,13113.549,True,True,True,0.0,2.6935,2.6935,12771.279,2021-02-25 15:38:00,0.1955,13173.887,2021-02-25 11:21:00,True,2021-02-25 10:50:00,0.1955,0.1955,True,13147.289,2021-02-25 11:03:00,0.0046
NQ,2021-02-26,Friday,ADR,12810.137,12713.589,96.54800000000068,12823.889,12709.139,114.75,True,LONG,2021-02-25 21:15:00,12825.799,False,True,False,0.6462,0.4494,0.6462,12872.529,2021-02-25 21:31:00,1.4494,12670.199,2021-02-26 00:34:00,True,2021-02-25 21:27:00,0.0,1.4494,True,12807.619,2021-02-25 21:59:00,0.0261
NQ,2021-02-26,Friday,ODR,12909.999,12772.959,137.03999999999905,12920.799,12758.799,162.0,True,SHORT,2021-02-26 06:35:00,12752.107,True,True,False,0.0,0.3553,0.3553,12724.269,2021-02-26 06:47:00,0.9533,12903.597,2021-02-26 07:40:00,False,,0.0,,True,12773.897,2021-02-26 06:59:00,0.0068
NQ,2021-02-26,Friday,RDR,13004.907,12767.059,237.84799999999996,13037.757,12759.229,278.52800000000025,True,LONG,2021-02-26 12:05:00,13058.509,True,True,False,0.3834,0.0063,0.3834,13096.109,2021-02-26 12:19:00,0.4415,12899.909,2021-02-26 15:59:00,False,,0.0,,True,13004.269,2021-02-26 12:57:00,0.0027
NQ,2021-03-01,Monday,ADR,13063.709,13034.779,28.93000000000029,13067.799,13030.259,37.54000000000087,True,LONG,2021-02-28 20:40:00,13071.559,True,True,True,0.8296,0.0239,0.8296,13087.709,2021-02-28 20:50:00,1.0239,13034.089,2021-02-28 23:50:00,True,2021-02-28 20:47:00,0.0,1.0239,True,13057.837,2021-02-28 21:06:00,0.203
NQ,2021-03-01,Monday,ODR,13126.159,13111.387,14.771999999999025,13129.599,13099.029,30.56999999999971,True,SHORT,2021-03-01 04:00:00,13093.389,True,True,True,0.1117,4.5761,4.5761,13043.789,2021-03-01 08:23:00,0.9418,13125.299,2021-03-01 05:34:00,True,2021-03-01 04:05:00,0.9418,0.9418,True,13114.409,2021-03-01 05:10:00,0.2046
NQ,2021-03-01,Monday,RDR,13141.309,13056.589,84.71999999999935,13151.609,13044.269,107.34000000000015,True,LONG,2021-03-01 10:35:00,13154.729,True,False,,1.7597,0.0,1.7597,13290.387,2021-03-01 15:59:00,0.0,13155.559,2021-03-01 10:40:00,True,2021-03-01 10:52:00,0.0,0.0,False,,,
NQ,2021-03-02,Tuesday,ADR,13323.679,13313.117,10.561999999999898,13326.087,13305.599,20.487999999999374,True,SHORT,2021-03-01 20:30:00,13291.179,True,False,,0.0,9.748,9.748,13210.159,2021-03-02 00:28:00,0.0,13308.179,2021-03-01 21:15:00,True,2021-03-01 20:35:00,0.0,0.0,False,,,
NQ,2021-03-02,Tuesday,ODR,13231.057,13175.919,55.13800000000083,13247.479,13169.149,78.32999999999993,True,LONG,2021-03-02 06:50:00,13247.499,True,False,,0.9763,0.1977,0.9763,13284.889,2021-03-02 08:06:00,0.0,13231.209,2021-03-02 06:59:00,True,2021-03-02 07:19:00,0.0,0.0,False,,,
NQ,2021-03-02,Tuesday,RDR,13299.709,13160.279,139.4300000000003,13306.287,13160.149,146.13800000000083,True,SHORT,2021-03-02 10:35:00,13153.969,True,True,True,0.0,0.7605,0.7605,13054.239,2021-03-02 15:59:00,0.4154,13218.197,2021-03-02 13:47:00,True,2021-03-02 15:50:00,0.4154,0.0,True,13162.489,2021-03-02 10:43:00,0.0159
NQ,2021-03-03,Wednesday,ADR,13127.219,13077.299,49.919999999998254,13131.809,13076.729,55.07999999999993,True,LONG,2021-03-02 22:00:00,13139.079,True,False,,0.7728,0.1234,0.7728,13165.797,2021-03-03 01:51:00,0.0,13128.749,2021-03-02 22:44:00,True,2021-03-03 00:13:00,0.0,0.0,False,,,
NQ,2021-03-03,Wednesday,ODR,13187.189,13161.659,25.530000000000655,13195.199,13161.629,33.56999999999971,True,SHORT,2021-03-03 04:35:00,13153.269,True,True,True,0.0,3.2221,3.2221,13079.399,2021-03-03 08:21:00,0.0826,13163.769,2021-03-03 04:44:00,True,2021-03-03 04:51:00,0.0826,0.0,True,13162.899,2021-03-03 04:42:00,0.0486
NQ,2021-03-03,Wednesday,RDR,13034.369,12847.589,186.78000000000065,13057.189,12829.619,227.5699999999997,True,SHORT,2021-03-03 12:55:00,12823.119,True,True,True,0.0,0.8769,0.8769,12683.799,2021-03-03 14:31:00,0.1498,12875.577,2021-03-03 13:22:00,True,2021-03-03 14:03:00,0.1498,0.0,True,12866.887,2021-03-03 13:18:00,0.1033
NQ,2021-03-04,Thursday,ADR,12652.699,12619.507,33.19200000000092,12654.117,12614.249,39.86800000000039,True,LONG,2021-03-03 21:00:00,12661.399,False,True,False,0.5242,3.0974,0.2892,12662.299,2021-03-03 21:06:00,4.0974,12516.699,2021-03-03 23:07:00,False,,0.0,,True,12649.379,2021-03-03 21:09:00,0.1
NQ,2021-03-04,Thursday,ODR,12711.259,12655.267,55.99200000000019,12713.259,12647.049,66.20999999999913,True,SHORT,2021-03-04 04:10:00,12633.439,True,True,False,0.0,1.7125,1.7125,12559.379,2021-03-04 06:19:00,0.7344,12696.389,2021-03-04 08:24:00,True,2021-03-04 04:21:00,0.0,0.7344,True,12656.799,2021-03-04 07:14:00,0.0274
NQ,2021-03-04,Thursday,RDR,12758.259,12517.509,240.75,12770.089,12514.899,255.1900000000005,True,LONG,2021-03-04 11:40:00,12788.399,False,True,False,0.1832,0.8542,0.1832,12802.369,2021-03-04 11:50:00,1.8542,12311.859,2021-03-04 13:59:00,False,,0.0,,True,12755.247,2021-03-04 11:55:00,0.0125
NQ,2021-03-05,Friday,ADR,12388.539,12310.399,78.14000000000124,12390.889,12310.209,80.67999999999847,True,LONG,2021-03-04 21:50:00,12395.449,True,True,True,1.1436,0.0,1.1436,12477.899,2021-03-05 00:58:00,0.0705,12383.029,2021-03-04 22:29:00,True,2021-03-04 22:35:00,0.0705,0.0,True,12383.029,2021-03-04 22:29:00,0.0705
NQ,2021-03-05,Friday,ODR,12424.919,12369.407,55.512000000000626,12437.897,12355.969,81.9280000000017,True,LONG,2021-03-05 06:10:00,12444.019,True,True,True,1.6732,0.0,1.6732,12517.799,2021-03-05 08:03:00,0.0009,12424.869,2021-03-05 06:18:00,True,2021-03-05 06:28:00,0.0009,0.0,True,12424.869,2021-03-05 06:18:00,0.0009
NQ,2021-03-05,Friday,RDR,12587.477,12359.139,228.33800000000156,12610.709,12351.179,259.53000000000065,True,SHORT,2021-03-05 10:30:00,12346.139,False,True,False,0.4959,0.6384,0.6384,12213.369,2021-03-05 11:28:00,1.4959,12700.699,2021-03-05 15:39:00,True,2021-03-05 11:18:00,0.2687,1.4959,True,12361.939,2021-03-05 10:35:00,0.0123
NQ,2021-03-08,Monday,ADR,12669.897,12626.959,42.9380000000001,12683.099,12621.189,61.909999999999854,True,SHORT,2021-03-07 21:10:00,12620.689,True,False,,0.0,2.6138,2.6138,12514.729,2021-03-08 00:30:00,0.0,12622.017,2021-03-07 21:15:00,True,2021-03-07 21:18:00,0.0,0.0,False,,,
NQ,2021-03-08,Monday,ODR,12477.007,12417.357,59.649999999999636,12483.689,12407.609,76.07999999999993,True,SHORT,2021-03-08 04:20:00,12388.799,False,True,False,1.742,0.6441,0.6441,12378.939,2021-03-08 04:27:00,2.742,12580.919,2021-03-08 08:27:00,True,2021-03-08 04:25:00,0.0,2.742,True,12417.387,2021-03-08 04:39:00,0.0005
NQ,2021-03-08,Monday,RDR,12687.399,12548.619,138.77999999999884,12701.699,12531.007,170.69200000000092,True,LONG,2021-03-08 10:30:00,12711.589,False,True,False,0.2294,1.865,0.2234,12718.409,2021-03-08 10:35:00,2.865,12289.789,2021-03-08 15:59:00,False,,0.0,,True,12664.719,2021-03-08 10:38:00,0.1634
NQ,2021-03-09,Tuesday,ADR,12405.869,12350.509,55.36000000000058,12412.289,12344.129,68.15999999999985,True,SHORT,2021-03-08 20:40:00,12343.697,False,True,False,1.319,0.3752,0.3752,12329.739,2021-03-08 20:50:00,2.319,12478.887,2021-03-09 00:06:00,False,,0.1785,,True,12351.497,2021-03-08 20:45:00,0.0178
NQ,2021-03-09,Tuesday,ODR,12521.707,12484.209,37.49799999999959,12527.639,12473.329,54.30999999999949,True,LONG,2021-03-09 04:00:00,12538.509,True,False,,2.4951,0.0,2.4951,12615.269,2021-03-09 06:51:00,0.0,12528.509,2021-03-09 04:09:00,True,2021-03-09 04:17:00,0.0,0.0,False,,,
NQ,2021-03-09,Tuesday,RDR,12755.369,12607.119,148.25,12772.387,12592.459,179.92799999999988,True,LONG,2021-03-09 12:05:00,12779.469,True,False,,0.7651,0.0,0.7651,12868.797,2021-03-09 15:13:00,0.0,12765.719,2021-03-09 12:56:00,True,2021-03-09 13:08:00,0.0,0.0,False,,,
NQ,2021-03-10,Wednesday,ADR,12803.599,12781.749,21.850000000000364,12807.609,12773.249,34.36000000000058,True,SHORT,2021-03-09 20:30:00,12760.049,True,True,True,0.0,2.7767,2.7767,12721.079,2021-03-10 00:10:00,0.5372,12793.487,2021-03-09 23:40:00,True,2021-03-09 20:35:00,0.5372,0.5372,True,12781.879,2021-03-09 23:36:00,0.0059
NQ,2021-03-10,Wednesday,ODR,12802.499,12755.329,47.17000000000007,12806.609,12749.469,57.14000000000124,True,LONG,2021-03-10 05:20:00,12813.559,False,True,False,0.3392,1.0816,0.2506,12814.319,2021-03-10 05:25:00,2.0816,12704.309,2021-03-10 06:27:00,False,,0.0,,True,12801.339,2021-03-10 05:28:00,0.0246
NQ,2021-03-10,Wednesday,RDR,12969.887,12798.287,171.60000000000036,12980.489,12790.319,190.17000000000007,True,SHORT,2021-03-10 10:35:00,12768.979,True,True,True,0.0,0.4431,0.4431,12722.249,2021-03-10 13:48:00,0.3624,12860.479,2021-03-10 11:55:00,False,,0.3624,,True,12804.879,2021-03-10 10:42:00,0.0384
NQ,2021-03-11,Thursday,ADR,12764.669,12728.149,36.52000000000044,12766.639,12724.559,42.07999999999993,True,LONG,2021-03-10 20:45:00,12783.619,True,False,,3.4983,0.0,3.4983,12892.427,2021-03-11 01:59:00,0.0,12779.689,2021-03-10 20:50:00,True,2021-03-10 20:50:00,0.0,0.0,False,,,
NQ,2021-03-11,Thursday,ODR,12971.479,12897.449,74.02999999999884,12973.199,12896.649,76.55000000000109,True,LONG,2021-03-11 04:00:00,12974.399,True,True,True,0.5661,0.0,0.5661,13013.389,2021-03-11 05:55:00,0.3707,12944.039,2021-03-11 07:09:00,True,2021-03-11 05:51:00,0.1689,0.3707,True,12970.649,2021-03-11 04:05:00,0.0112
NQ,2021-03-11,Thursday,RDR,12998.007,12924.029,73.97799999999916,13007.577,12913.959,93.61799999999857,True,LONG,2021-03-11 10:45:00,13010.679,True,True,True,1.6544,0.0,1.6544,13120.399,2021-03-11 13:07:00,0.0517,12994.179,2021-03-11 10:56:00,True,2021-03-11 11:00:00,0.0517,0.0,True,12994.179,2021-03-11 10:56:00,0.0517
NQ,2021-03-12,Friday,ADR,13091.189,13075.679,15.510000000000218,13093.589,13074.359,19.229999999999563,True,SHORT,2021-03-11 20:50:00,13069.829,True,False,,0.0,7.7279,7.7279,12955.819,2021-03-12 01:54:00,0.0,13075.389,2021-03-11 21:18:00,True,2021-03-11 20:55:00,0.0,0.0,False,,,
NQ,2021-03-12,Friday,ODR,12900.387,12831.419,68.96800000000076,12902.689,12824.859,77.82999999999993,True,SHORT,2021-03-12 04:20:00,12820.319,True,True,False,0.0,0.6736,0.6736,12784.959,2021-03-12 05:06:00,0.9564,12897.379,2021-03-12 08:05:00,True,2021-03-12 05:04:00,0.0809,0.9564,True,12835.999,2021-03-12 04:30:00,0.0664
NQ,2021-03-12,Friday,RDR,12891.497,12803.919,87.57799999999952,12904.949,12774.289,130.65999999999985,True,LONG,2021-03-12 12:25:00,12906.829,True,True,True,0.6098,0.4026,0.6098,12944.899,2021-03-12 15:57:00,0.3779,12858.399,2021-03-12 13:03:00,True,2021-03-12 15:36:00,0.3779,0.0,True,12883.349,2021-03-12 12:43:00,0.093
NQ,2021-03-15,Monday,ADR,13003.219,12964.479,38.73999999999978,13008.789,12960.969,47.82000000000153,True,SHORT,2021-03-14 21:50:00,12956.269,True,True,True,0.1151,2.1128,2.1128,12882.629,2021-03-15 01:23:00,0.0163,12965.109,2021-03-14 22:05:00,True,2021-03-14 22:07:00,0.0163,0.0,True,12964.507,2021-03-14 22:04:00,0.0007
NQ,2021-03-15,Monday,ODR,12961.807,12897.439,64.3680000000004,12966.189,12886.789,79.39999999999964,True,LONG,2021-03-15 04:05:00,12968.459,True,True,False,0.5498,0.0,0.5498,12997.197,2021-03-15 04:57:00,0.7851,12911.269,2021-03-15 07:35:00,True,2021-03-15 04:49:00,0.0,0.7851,True,12959.629,2021-03-15 05:12:00,0.0338
NQ,2021-03-15,Monday,RDR,12980.889,12917.197,63.6919999999991,12989.477,12907.439,82.03800000000047,True,SHORT,2021-03-15 10:30:00,12899.899,False,True,False,1.8732,0.5518,0.5518,12882.049,2021-03-15 10:38:00,2.8732,13100.199,2021-03-15 15:01:00,True,2021-03-15 10:38:00,0.0,2.8732,True,12917.779,2021-03-15 10:43:00,0.0091
NQ,2021-03-16,Tuesday,ADR,13109.437,13063.929,45.50799999999981,13112.379,13061.099,51.280000000000655,True,LONG,2021-03-15 20:50:00,13128.039,True,True,True,1.2099,0.0,1.2099,13164.499,2021-03-16 01:55:00,0.3511,13093.459,2021-03-15 21:40:00,True,2021-03-15 22:41:00,0.3511,0.0,True,13106.009,2021-03-15 21:13:00,0.0753
NQ,2021-03-16,Tuesday,ODR,13141.367,13103.849,37.51800000000003,13142.819,13101.399,41.42000000000007,True,LONG,2021-03-16 05:35:00,13145.279,True,True,True,0.9095,0.0,0.9095,13175.489,2021-03-16 08:28:00,0.2356,13132.529,2021-03-16 07:32:00,True,2021-03-16 07:30:00,0.2356,0.2356,True,13140.889,2021-03-16 05:41:00,0.0127
NQ,2021-03-16,Tuesday,RDR,13291.309,13269.399,21.909999999999854,13297.569,13262.779,34.789999999999054,True,SHORT,2021-03-16 10:50:00,13262.249,True,False,,0.0219,8.2853,8.2853,13087.869,2021-03-16 13:44:00,0.0,13266.799,2021-03-16 11:02:00,True,2021-03-16 10:56:00,0.0,0.0,False,,,
NQ,2021-03-17,Wednesday,ADR,13150.359,13128.849,21.51000000000022,13152.609,13126.759,25.850000000000364,True,SHORT,2021-03-16 20:30:00,13122.389,True,True,False,0.0111,0.6774,0.6774,13114.279,2021-03-17 00:16:00,1.0111,13150.597,2021-03-17 01:22:00,True,2021-03-16 20:35:00,0.8898,1.0111,True,13132.409,2021-03-16 20:48:00,0.1655
NQ,2021-03-17,Wednesday,ODR,13137.509,13126.219,11.290000000000873,13141.899,13117.249,24.649999999999636,True,SHORT,2021-03-17 04:45:00,13111.449,True,True,True,0.0,13.1718,13.1718,12977.509,2021-03-17 07:00:00,0.0618,13126.917,2021-03-17 05:39:00,True,2021-03-17 04:50:00,0.0618,0.0618,True,13126.917,2021-03-17 05:39:00,0.0618
NQ,2021-03-17,Wednesday,RDR,13065.499,12993.539,71.95999999999913,13083.297,12982.309,100.9880000000012,True,SHORT,2021-03-17 10:35:00,12973.009,False,True,False,2.9987,0.6138,0.6138,12949.369,2021-03-17 11:04:00,3.9987,13281.287,2021-03-17 14:09:00,True,2021-03-17 11:03:00,0.1052,3.9987,True,12994.997,2021-03-17 10:49:00,0.0203
NQ,2021-03-18,Thursday,ADR,13266.539,13250.919,15.6200000000008,13276.287,13248.909,27.37800000000061,True,SHORT,2021-03-17 20:30:00,13247.819,True,True,True,0.0,4.8278,4.8278,13175.509,2021-03-17 23:20:00,0.5294,13259.189,2021-03-17 20:56:00,True,2021-03-17 20:44:00,0.5294,0.5294,True,13252.087,2021-03-17 20:37:00,0.0748
NQ,2021-03-18,Thursday,ODR,13094.479,13023.579,70.89999999999964,13099.099,13016.519,82.57999999999993,True,SHORT,2021-03-18 06:30:00,12996.559,True,False,,0.0,0.9712,0.9712,12954.719,2021-03-18 08:10:00,0.0,13005.599,2021-03-18 07:04:00,True,2021-03-18 06:35:00,0.0,0.0,False,,,
NQ,2021-03-18,Thursday,RDR,12995.979,12954.739,41.23999999999978,13000.697,12938.219,62.478000000000975,True,LONG,2021-03-18 11:05:00,13011.027,False,True,False,0.7471,4.2217,0.7471,13026.789,2021-03-18 11:15:00,5.2217,12780.637,2021-03-18 14:50:00,True,2021-03-18 11:14:00,0.0,5.2217,True,12991.669,2021-03-18 11:31:00,0.1045
NQ,2021-03-19,Friday,ADR,12829.997,12794.009,35.987999999999374,12833.389,12790.369,43.01999999999862,True,SHORT,2021-03-18 21:20:00,12783.569,True,True,False,0.1609,1.7828,1.7828,12729.849,2021-03-19 01:12:00,1.1443,12835.189,2021-03-19 01:51:00,True,2021-03-19 01:01:00,1.0722,1.1443,True,12794.299,2021-03-18 21:36:00,0.0081
NQ,2021-03-19,Friday,ODR,12907.897,12872.839,35.0580000000009,12913.987,12868.509,45.477999999999156,True,SHORT,2021-03-19 05:10:00,12861.019,True,True,True,0.0,3.2552,3.2552,12758.719,2021-03-19 08:00:00,0.575,12892.999,2021-03-19 07:20:00,True,2021-03-19 05:19:00,0.575,0.575,True,12875.499,2021-03-19 05:47:00,0.0759
NQ,2021-03-19,Friday,RDR,12858.487,12754.229,104.25799999999981,12869.019,12748.709,120.30999999999949,True,LONG,2021-03-19 10:50:00,12871.759,True,True,False,0.4797,0.0,0.4797,12908.499,2021-03-19 12:50:00,0.1632,12841.469,2021-03-19 14:28:00,False,,0.1155,,True,12850.999,2021-03-19 11:28:00,0.0718
NQ,2021-03-22,Monday,ADR,12877.019,12840.449,36.56999999999971,12878.489,12836.219,42.27000000000044,True,LONG,2021-03-21 20:40:00,12880.009,True,False,,1.9839,0.0,1.9839,12949.569,2021-03-21 23:24:00,0.0,12880.339,2021-03-21 20:45:00,True,2021-03-21 20:46:00,0.0,0.0,False,,,
NQ,2021-03-22,Monday,ODR,12928.399,12895.439,32.95999999999913,12934.467,12887.509,46.95800000000054,True,LONG,2021-03-22 04:25:00,12936.239,True,True,True,1.5442,0.0,1.5442,12979.297,2021-03-22 06:37:00,0.0413,12927.039,2021-03-22 04:51:00,True,2021-03-22 05:11:00,0.0413,0.0,True,12927.329,2021-03-22 04:32:00,0.0325
NQ,2021-03-22,Monday,RDR,13094.069,13035.739,58.32999999999993,13095.789,13026.019,69.77000000000044,True,LONG,2021-03-22 10:30:00,13099.129,True,True,False,1.2624,0.0,1.2624,13167.707,2021-03-22 11:45:00,0.2805,13077.709,2021-03-22 15:00:00,True,2021-03-22 11:10:00,0.2383,0.2805,True,13094.049,2021-03-22 10:35:00,0.0003
NQ,2021-03-23,Tuesday,ADR,13087.189,13053.669,33.52000000000044,13090.387,13051.099,39.288000000000466,True,SHORT,2021-03-22 20:30:00,13048.699,True,True,True,0.0,1.1972,1.1972,13013.539,2021-03-23 01:10:00,0.2157,13060.899,2021-03-22 21:05:00,True,2021-03-22 21:32:00,0.2157,0.0,True,13056.757,2021-03-22 20:36:00,0.0921
NQ,2021-03-23,Tuesday,ODR,13065.079,13031.919,33.159999999999854,13067.699,13019.169,48.530000000000655,True,LONG,2021-03-23 04:00:00,13073.279,False,True,True,1.994,0.1644,1.994,13131.199,2021-03-23 08:24:00,1.1644,13026.469,2021-03-23 04:39:00,True,2021-03-23 06:21:00,1.1644,0.0,True,13064.129,2021-03-23 04:12:00,0.0286
NQ,2021-03-23,Tuesday,RDR,13177.707,13076.127,101.57999999999993,13183.319,13062.699,120.61999999999898,True,SHORT,2021-03-23 13:55:00,13055.459,True,False,,0.0,0.8369,0.8369,12991.119,2021-03-23 14:50:00,0.0,13072.719,2021-03-23 14:06:00,True,2021-03-23 14:21:00,0.0,0.0,False,,,
NQ,2021-03-24,Wednesday,ADR,13081.679,13054.599,27.079999999999927,13084.489,13052.499,31.98999999999978,True,SHORT,2021-03-23 20:55:00,13049.509,True,True,True,0.0746,0.8309,0.8309,13032.099,2021-03-23 21:23:00,1.0037,13081.779,2021-03-23 22:38:00,True,2021-03-23 21:21:00,0.2064,1.0037,True,13054.999,2021-03-23 21:01:00,0.0148
NQ,2021-03-24,Wednesday,ODR,13140.599,13054.109,86.48999999999978,13150.487,13048.029,102.45799999999872,False,,,,,,,0.1725,0.0,,,,,,,False,,,,False,,,
NQ,2021-03-24,Wednesday,RDR,13041.129,12953.509,87.6200000000008,13060.189,12936.617,123.57200000000012,True,SHORT,2021-03-24 12:00:00,12933.169,True,True,True,0.0326,1.795,1.795,12796.229,2021-03-24 15:00:00,0.104,12962.619,2021-03-24 13:22:00,True,2021-03-24 12:12:00,0.104,0.104,True,12954.797,2021-03-24 12:50:00,0.0147
NQ,2021-03-25,Thursday,ADR,12835.117,12795.539,39.57799999999952,12837.387,12795.509,41.87800000000061,True,SHORT,2021-03-24 20:30:00,12782.949,False,True,False,0.3758,0.8204,0.8204,12763.069,2021-03-24 20:37:00,1.3758,12849.989,2021-03-25 00:30:00,True,2021-03-24 20:35:00,0.0,1.3758,True,12801.819,2021-03-24 20:53:00,0.1587
NQ,2021-03-25,Thursday,ODR,12863.959,12816.519,47.44000000000051,12870.397,12801.059,69.33800000000156,True,SHORT,2021-03-25 06:30:00,12796.959,True,False,,0.0453,2.3602,2.3602,12704.549,2021-03-25 08:17:00,0.0,12800.739,2021-03-25 06:35:00,True,2021-03-25 06:35:00,0.0,0.0,False,,,
NQ,2021-03-25,Thursday,RDR,12755.497,12649.099,106.39799999999923,12764.159,12621.429,142.72999999999956,True,LONG,2021-03-25 11:25:00,12779.409,True,True,True,0.7295,0.0664,0.7295,12833.119,2021-03-25 14:50:00,0.8337,12666.789,2021-03-25 13:29:00,True,2021-03-25 14:02:00,0.8337,0.0,True,12754.739,2021-03-25 11:36:00,0.0071
NQ,2021-03-26,Friday,ADR,12819.139,12795.249,23.889999999999418,12820.309,12791.009,29.299999999999272,True,LONG,2021-03-25 20:55:00,12827.559,True,True,True,3.0037,0.0,3.0037,12890.897,2021-03-26 01:26:00,0.1955,12814.469,2021-03-25 21:28:00,True,2021-03-25 21:00:00,0.1955,0.1955,True,12818.819,2021-03-25 21:05:00,0.0134
NQ,2021-03-26,Friday,ODR,12836.509,12817.709,18.799999999999272,12844.999,12815.049,29.94999999999891,True,SHORT,2021-03-26 04:05:00,12808.259,True,True,True,0.0947,6.942,6.942,12687.199,2021-03-26 07:12:00,1.0947,12838.289,2021-03-26 05:11:00,True,2021-03-26 04:10:00,1.0947,1.0947,True,12817.889,2021-03-26 04:30:00,0.0096
NQ,2021-03-26,Friday,RDR,12869.117,12775.019,94.09799999999996,12875.499,12769.519,105.97999999999956,True,SHORT,2021-03-26 13:05:00,12764.149,False,True,False,1.4197,0.6597,0.6597,12712.939,2021-03-26 13:50:00,2.4197,13002.709,2021-03-26 15:01:00,True,2021-03-26 13:15:00,0.0,2.4197,True,12797.069,2021-03-26 13:53:00,0.2343
NQ,2021-03-29,Monday,ODR,12931.339,12895.127,36.211999999999534,12932.099,12888.709,43.38999999999942,True,SHORT,2021-03-29 04:15:00,12867.249,False,True,False,1.4128,0.824,0.824,12865.289,2021-03-29 04:20:00,2.4128,12982.499,2021-03-29 07:12:00,True,2021-03-29 04:20:00,0.0,2.4128,True,12895.489,2021-03-29 04:31:00,0.01
NQ,2021-03-29,Monday,RDR,12985.257,12843.809,141.44800000000032,12991.707,12832.799,158.90799999999945,True,LONG,2021-03-29 13:00:00,13000.217,True,True,False,0.2216,0.0074,0.2216,13016.599,2021-03-29 13:35:00,0.6023,12900.069,2021-03-29 14:59:00,False,,0.1197,,True,12980.159,2021-03-29 13:27:00,0.036
NQ,2021-03-30,Tuesday,ADR,12993.477,12966.749,26.728000000000975,12994.467,12962.639,31.82800000000134,True,SHORT,2021-03-29 20:40:00,12960.219,True,False,,0.0,1.8048,1.8048,12918.509,2021-03-29 23:01:00,0.0,12962.199,2021-03-29 20:58:00,True,2021-03-29 20:46:00,0.0,0.0,False,,,
NQ,2021-03-30,Tuesday,ODR,12932.809,12878.869,53.93999999999869,12936.749,12873.659,63.090000000000146,True,SHORT,2021-03-30 06:40:00,12860.999,True,True,True,0.0,0.5567,0.5567,12848.839,2021-03-30 08:00:00,0.0951,12883.999,2021-03-30 07:00:00,True,2021-03-30 07:16:00,0.0951,0.0363,True,12878.899,2021-03-30 06:56:00,0.0006
NQ,2021-03-30,Tuesday,RDR,12887.387,12805.327,82.06000000000131,12901.719,12790.819,110.89999999999964,True,LONG,2021-03-30 11:30:00,12912.499,True,True,True,0.5582,0.0,0.5582,12933.189,2021-03-30 11:40:00,0.5477,12842.439,2021-03-30 13:07:00,True,2021-03-30 11:38:00,0.0,0.5477,True,12883.899,2021-03-30 11:48:00,0.0425
NQ,2021-03-31,Wednesday,ADR,12911.969,12894.457,17.511999999998807,12914.999,12891.319,23.68000000000029,True,LONG,2021-03-30 20:30:00,12921.299,False,True,False,1.5275,0.7622,1.5275,12938.719,2021-03-30 21:20:00,1.7622,12881.109,2021-03-31 01:07:00,True,2021-03-30 20:35:00,0.0348,1.7622,True,12911.359,2021-03-30 21:07:00,0.0348
NQ,2021-03-31,Wednesday,ODR,12909.219,12888.809,20.409999999999854,12913.089,12883.949,29.139999999999418,True,LONG,2021-03-31 04:00:00,12921.159,True,True,True,3.9686,0.0,3.9686,12990.219,2021-03-31 08:17:00,0.5537,12897.919,2021-03-31 04:38:00,True,2021-03-31 04:05:00,0.5537,0.5537,True,12905.999,2021-03-31 04:27:00,0.1578
NQ,2021-03-31,Wednesday,RDR,13100.329,12982.349,117.97999999999956,13116.419,12968.109,148.3099999999995,True,LONG,2021-03-31 10:40:00,13130.869,True,True,False,0.5804,0.0,0.5804,13168.799,2021-03-31 15:17:00,0.1524,13082.349,2021-03-31 15:55:00,True,2021-03-31 13:27:00,0.0,0.1524,True,13082.349,2021-03-31 15:55:00,0.1524
NQ,2021-04-01,Thursday,ADR,13132.489,13119.497,12.99200000000019,13136.787,13118.209,18.57799999999952,True,LONG,2021-03-31 20:45:00,13137.999,True,True,True,1.8333,0.33,1.8333,13156.307,2021-04-01 01:46:00,1.33,13115.209,2021-03-31 21:45:00,True,2021-03-31 20:53:00,1.33,1.33,True,13130.019,2021-03-31 21:01:00,0.1901
NQ,2021-04-01,Thursday,ODR,13228.597,13177.239,51.358000000000175,13233.117,13172.289,60.82799999999952,True,LONG,2021-04-01 04:05:00,13237.069,True,True,True,0.4864,0.0,0.4864,13253.577,2021-04-01 08:12:00,0.5021,13202.809,2021-04-01 04:43:00,False,,0.5021,,True,13222.769,2021-04-01 04:39:00,0.1135
NQ,2021-04-01,Thursday,RDR,13323.439,13265.099,58.340000000000146,13330.999,13253.999,77.0,False,,,,,,,0.1692,0.0,,,,,,,False,,,,False,,,
NQ,2021-04-02,Friday,ADR,13365.289,13342.609,22.68000000000029,13366.799,13342.459,24.340000000000146,True,LONG,2021-04-01 22:35:00,13376.139,True,True,False,0.728,0.0,0.7063,13381.309,2021-04-01 22:46:00,0.5295,13353.279,2021-04-02 01:44:00,True,2021-04-01 22:40:00,0.0,0.5295,True,13365.239,2021-04-01 23:16:00,0.0022
NQ,2021-04-02,Friday,ODR,13377.969,13361.729,16.23999999999978,13379.199,13361.029,18.170000000000073,True,SHORT,2021-04-02 06:30:00,13359.109,True,True,False,0.0326,0.4403,0.4403,13354.579,2021-04-02 06:39:00,1.0265,13378.399,2021-04-02 08:25:00,False,,0.0782,,True,13362.999,2021-04-02 06:37:00,0.0782
NQ,2021-04-05,Monday,ADR,13360.439,13341.519,18.920000000000073,13364.097,13340.009,24.087999999999738,True,SHORT,2021-04-04 22:15:00,13336.199,True,True,True,0.0,0.8087,0.8087,13326.219,2021-04-04 22:55:00,0.0729,13342.899,2021-04-05 01:51:00,True,2021-04-04 22:34:00,0.0053,0.0729,True,13341.619,2021-04-04 22:25:00,0.0053
NQ,2021-04-05,Monday,ODR,13333.809,13321.989,11.819999999999709,13334.259,13319.759,14.5,True,LONG,2021-04-05 04:10:00,13351.989,True,False,,5.2682,0.0,5.2682,13396.079,2021-04-05 08:05:00,0.0,13351.509,2021-04-05 04:15:00,True,2021-04-05 04:15:00,0.0,0.0,False,,,
NQ,2021-04-05,Monday,RDR,13522.819,13427.229,95.59000000000015,13526.497,13418.589,107.90799999999945,True,LONG,2021-04-05 10:30:00,13532.379,True,True,True,1.0753,0.0,1.0753,13625.609,2021-04-05 14:40:00,0.072,13515.939,2021-04-05 11:01:00,True,2021-04-05 12:19:00,0.072,0.0,True,13521.009,2021-04-05 10:58:00,0.0189
NQ,2021-04-06,Tuesday,ADR,13627.887,13609.987,17.900000000001455,13629.689,13606.829,22.860000000000582,True,SHORT,2021-04-05 21:05:00,13598.107,True,False,,0.0,1.9636,1.9636,13574.839,2021-04-05 23:40:00,0.0,13601.489,2021-04-05 21:33:00,True,2021-04-05 21:10:00,0.0,0.0,False,,,
NQ,2021-04-06,Tuesday,ODR,13577.387,13536.939,40.44800000000032,13577.889,13532.459,45.42999999999847,True,LONG,2021-04-06 07:55:00,13582.917,True,False,,0.5937,0.0952,0.5937,13601.399,2021-04-06 08:10:00,0.0,13580.879,2021-04-06 08:00:00,True,2021-04-06 08:09:00,0.0,0.0,False,,,
NQ,2021-04-06,Tuesday,RDR,13613.827,13561.109,52.71799999999894,13621.209,13548.139,73.07000000000153,True,LONG,2021-04-06 11:05:00,13623.917,False,True,False,0.9263,0.1375,0.9263,13662.659,2021-04-06 11:59:00,1.1375,13553.859,2021-04-06 15:54:00,True,2021-04-06 11:13:00,0.0,1.1375,True,13605.909,2021-04-06 13:02:00,0.1502
NQ,2021-04-07,Wednesday,ADR,13602.689,13587.579,15.110000000000582,13604.057,13585.499,18.558000000000902,True,SHORT,2021-04-06 21:30:00,13584.789,True,False,,0.1257,2.0529,2.0529,13556.559,2021-04-06 22:58:00,0.0,13586.399,2021-04-06 21:39:00,True,2021-04-06 21:41:00,0.0,0.0,False,,,
NQ,2021-04-07,Wednesday,ODR,13611.869,13592.639,19.230000000001382,13614.799,13590.599,24.200000000000728,True,SHORT,2021-04-07 04:15:00,13589.889,True,True,True,0.0,1.767,1.767,13558.659,2021-04-07 08:23:00,0.5329,13602.887,2021-04-07 06:13:00,True,2021-04-07 04:58:00,0.5329,0.5329,True,13596.099,2021-04-07 04:20:00,0.1799
NQ,2021-04-07,Wednesday,RDR,13623.899,13529.089,94.80999999999949,13624.507,13521.349,103.15799999999945,True,LONG,2021-04-07 11:05:00,13631.899,True,True,False,0.2643,0.0,0.2643,13648.959,2021-04-07 14:15:00,0.5796,13568.949,2021-04-07 12:30:00,False,,0.5796,,True,13622.609,2021-04-07 11:23:00,0.0136
NQ,2021-04-08,Thursday,ADR,13655.109,13625.379,29.729999999999563,13660.699,13624.869,35.82999999999993,True,LONG,2021-04-07 21:35:00,13663.489,True,False,,2.8692,0.0,2.8692,13740.409,2021-04-08 01:52:00,0.0,13662.889,2021-04-07 21:40:00,True,2021-04-07 21:41:00,0.0,0.0,False,,,
NQ,2021-04-08,Thursday,ODR,13723.409,13710.499,12.909999999999854,13724.999,13707.929,17.06999999999971,True,SHORT,2021-04-08 04:35:00,13698.969,False,True,False,2.0999,1.5004,1.5004,13691.129,2021-04-08 05:40:00,3.0999,13750.519,2021-04-08 06:28:00,True,2021-04-08 04:40:00,0.4795,3.0999,True,13711.799,2021-04-08 04:59:00,0.1007
NQ,2021-04-08,Thursday,RDR,13759.189,13709.389,49.80000000000109,13763.009,13699.919,63.090000000000146,False,,,,,,,0.0382,0.1008,,,,,,,False,,,,False,,,
NQ,2021-04-09,Friday,ADR,13819.179,13801.527,17.652000000000044,13821.297,13799.899,21.398000000001048,True,LONG,2021-04-08 20:30:00,13836.379,False,True,False,1.6831,4.0102,1.6831,13848.889,2021-04-08 21:01:00,5.0102,13730.739,2021-04-09 01:45:00,True,2021-04-08 20:35:00,0.0,5.0102,True,13818.629,2021-04-08 21:45:00,0.0312
NQ,2021-04-09,Friday,ODR,13751.579,13723.079,28.5,13757.389,13715.219,42.17000000000007,True,LONG,2021-04-09 07:20:00,13759.409,False,True,False,0.3933,0.2551,0.3933,13762.789,2021-04-09 07:25:00,1.2551,13715.809,2021-04-09 08:10:00,False,,0.0,,True,13750.819,2021-04-09 07:30:00,0.0267
NQ,2021-04-09,Friday,RDR,13747.759,13683.249,64.51000000000022,13756.099,13667.769,88.32999999999993,True,LONG,2021-04-09 11:45:00,13756.989,True,False,,1.5717,0.0,1.5717,13849.147,2021-04-09 15:55:00,0.0,13756.709,2021-04-09 11:50:00,True,2021-04-09 11:55:00,0.0,0.0,False,,,
NQ,2021-04-12,Monday,ADR,13800.519,13780.829,19.69000000000051,13803.817,13777.169,26.64799999999923,True,LONG,2021-04-11 20:35:00,13806.389,True,True,False,1.3342,0.0,1.3342,13826.789,2021-04-11 21:16:00,0.8436,13783.909,2021-04-12 01:15:00,True,2021-04-11 20:40:00,0.0,0.8436,True,13800.429,2021-04-11 21:35:00,0.0046
NQ,2021-04-12,Monday,ODR,13823.947,13807.019,16.927999999999884,13828.997,13802.439,26.557999999999083,True,LONG,2021-04-12 04:00:00,13830.269,False,True,False,0.6529,1.2559,0.6529,13834.999,2021-04-12 04:06:00,2.2559,13785.759,2021-04-12 06:47:00,True,2021-04-12 04:06:00,0.0,2.2559,True,13823.259,2021-04-12 04:08:00,0.0406
NQ,2021-04-12,Monday,RDR,13810.889,13766.239,44.649999999999636,13819.699,13752.659,67.04000000000087,True,LONG,2021-04-12 12:30:00,13824.519,True,True,True,0.6479,0.5442,0.6479,13839.819,2021-04-12 13:10:00,0.7129,13779.059,2021-04-12 15:04:00,True,2021-04-12 13:02:00,0.0,0.7129,True,13810.309,2021-04-12 13:34:00,0.013
NQ,2021-04-13,Tuesday,ADR,13835.817,13816.939,18.877999999998792,13836.799,13813.829,22.970000000001164,True,SHORT,2021-04-12 23:55:00,13813.779,True,False,,0.1844,1.8053,1.8053,13782.859,2021-04-13 01:38:00,0.0,13814.899,2021-04-13 00:22:00,True,2021-04-13 00:00:00,0.0,0.0,False,,,
NQ,2021-04-13,Tuesday,ODR,13822.699,13791.799,30.899999999999636,13823.909,13791.289,32.61999999999898,True,LONG,2021-04-13 05:55:00,13826.089,False,True,True,0.4466,0.2091,0.4466,13836.499,2021-04-13 08:17:00,1.2091,13785.339,2021-04-13 07:04:00,False,,1.2091,,True,13822.229,2021-04-13 06:02:00,0.0152
NQ,2021-04-13,Tuesday,RDR,13953.929,13886.309,67.6200000000008,13959.699,13877.809,81.89000000000124,True,LONG,2021-04-13 14:30:00,13962.909,True,False,,0.7199,0.0,0.7199,14002.609,2021-04-13 15:28:00,0.0,13960.059,2021-04-13 14:39:00,True,2021-04-13 15:10:00,0.0,0.0,False,,,
NQ,2021-04-14,Wednesday,ADR,13978.729,13973.407,5.322000000000116,13979.609,13972.269,7.3400000000001455,True,LONG,2021-04-13 20:40:00,13980.799,False,True,True,2.8655,1.3262,2.8655,13993.979,2021-04-14 01:55:00,2.3262,13966.349,2021-04-13 22:55:00,True,2021-04-13 20:45:00,2.3262,2.3262,True,13978.009,2021-04-13 20:52:00,0.1353
NQ,2021-04-14,Wednesday,ODR,13997.899,13977.879,20.019999999998618,13998.499,13975.259,23.23999999999978,True,LONG,2021-04-14 04:20:00,14001.437,True,True,True,1.9276,0.0,1.9276,14036.489,2021-04-14 07:54:00,0.0899,13996.099,2021-04-14 04:28:00,True,2021-04-14 04:35:00,0.0899,0.0,True,13996.529,2021-04-14 04:27:00,0.0684
NQ,2021-04-14,Wednesday,RDR,13990.939,13930.219,60.720000000001164,13996.939,13925.239,71.70000000000073,True,SHORT,2021-04-14 11:00:00,13909.849,True,False,,0.0,2.4476,2.4476,13781.599,2021-04-14 15:55:00,0.0,13927.489,2021-04-14 12:50:00,True,2021-04-14 11:13:00,0.0,0.0,False,,,
NQ,2021-04-15,Thursday,ADR,13830.567,13812.849,17.717999999998938,13835.839,13810.909,24.93000000000029,True,SHORT,2021-04-14 21:40:00,13802.819,False,True,False,1.1018,0.8968,0.8968,13796.959,2021-04-14 21:45:00,2.1018,13850.089,2021-04-15 01:51:00,True,2021-04-14 21:45:00,0.0,2.1018,True,13813.099,2021-04-14 21:53:00,0.0141
NQ,2021-04-15,Thursday,ODR,13898.107,13862.399,35.70800000000054,13903.399,13859.029,44.36999999999898,True,LONG,2021-04-15 06:55:00,13904.829,True,True,True,1.1199,0.0,1.1199,13938.097,2021-04-15 08:25:00,0.3223,13886.599,2021-04-15 07:16:00,True,2021-04-15 07:55:00,0.3223,0.0,True,13897.249,2021-04-15 07:05:00,0.024
NQ,2021-04-15,Thursday,RDR,13997.009,13938.499,58.51000000000022,13997.319,13931.879,65.43999999999869,True,LONG,2021-04-15 10:30:00,14003.429,True,True,True,0.7459,0.0,0.7459,14040.649,2021-04-15 15:53:00,0.7694,13951.989,2021-04-15 12:05:00,True,2021-04-15 13:31:00,0.7694,0.2056,True,13995.759,2021-04-15 10:41:00,0.0214
NQ,2021-04-16,Friday,ADR,14020.819,13996.059,24.76000000000022,14023.509,13991.749,31.76000000000022,True,SHORT,2021-04-15 21:00:00,13989.899,True,True,True,0.0,1.4532,1.4532,13960.079,2021-04-15 22:08:00,0.1304,13999.287,2021-04-16 01:40:00,True,2021-04-15 21:08:00,0.0,0.1304,True,13996.397,2021-04-16 01:03:00,0.0137
NQ,2021-04-16,Friday,ODR,13997.109,13976.009,21.100000000000364,13998.289,13971.499,26.790000000000873,True,LONG,2021-04-16 05:45:00,13999.619,True,True,True,3.2062,0.0,3.2062,14064.759,2021-04-16 08:15:00,0.2076,13992.729,2021-04-16 06:03:00,True,2021-04-16 06:47:00,0.2076,0.0,True,13996.739,2021-04-16 05:55:00,0.0175
NQ,2021-04-16,Friday,RDR,14044.569,13970.729,73.84000000000015,14044.579,13960.609,83.96999999999935,False,,,,,,,0.0329,0.0,,,,,,,False,,,,False,,,
NQ,2021-04-19,Monday,ADR,14008.687,13991.049,17.63799999999901,14010.079,13983.079,27.0,True,LONG,2021-04-18 20:50:00,14012.429,True,True,True,2.7839,0.0,2.7839,14057.789,2021-04-18 23:16:00,0.8322,13994.009,2021-04-18 21:33:00,True,2021-04-18 21:01:00,0.8322,0.8322,True,14008.459,2021-04-18 20:57:00,0.0129
NQ,2021-04-19,Monday,ODR,14048.989,14037.579,11.409999999999854,14052.789,14037.419,15.3700000000008,True,SHORT,2021-04-19 04:15:00,14029.309,True,True,True,0.1769,6.6205,6.6205,13962.039,2021-04-19 08:16:00,0.3874,14041.999,2021-04-19 05:19:00,True,2021-04-19 04:20:00,0.3874,0.3874,True,14039.797,2021-04-19 04:48:00,0.1944
NQ,2021-04-19,Monday,RDR,14011.687,13915.239,96.44800000000032,14019.709,13897.049,122.65999999999985,True,SHORT,2021-04-19 10:45:00,13884.449,True,True,True,0.0,0.9054,0.9054,13827.919,2021-04-19 12:42:00,0.4174,13955.499,2021-04-19 11:19:00,True,2021-04-19 11:45:00,0.4174,0.0,True,13924.189,2021-04-19 10:54:00,0.0928
NQ,2021-04-20,Tuesday,ADR,13926.887,13904.619,22.26800000000003,13928.797,13903.209,25.587999999999738,True,LONG,2021-04-19 20:30:00,13930.109,True,True,True,0.4616,0.0,0.4616,13937.167,2021-04-19 21:32:00,0.7553,13910.069,2021-04-19 20:56:00,False,,0.7553,,True,13925.119,2021-04-19 20:37:00,0.0794
NQ,2021-04-20,Tuesday,ODR,13931.129,13899.169,31.960000000000946,13932.699,13899.139,33.56000000000131,True,SHORT,2021-04-20 05:25:00,13893.027,True,False,,0.2584,2.4443,2.4443,13821.049,2021-04-20 06:44:00,0.0,13893.489,2021-04-20 05:30:00,True,2021-04-20 05:30:00,0.0,0.0,False,,,
NQ,2021-04-20,Tuesday,RDR,13925.389,13869.979,55.409999999999854,13936.287,13858.989,77.29800000000068,True,SHORT,2021-04-20 10:40:00,13832.149,True,False,,0.0,2.5963,2.5963,13726.119,2021-04-20 11:35:00,0.0,13837.709,2021-04-20 10:48:00,True,2021-04-20 10:45:00,0.0,0.0,False,,,
NQ,2021-04-21,Wednesday,ADR,13757.897,13744.309,13.588000000001557,13765.017,13739.709,25.307999999999083,True,SHORT,2021-04-20 22:00:00,13727.279,True,True,True,0.6175,2.1055,2.0687,13716.199,2021-04-20 22:29:00,0.5291,13751.499,2021-04-21 01:00:00,True,2021-04-20 22:05:00,0.0,0.5291,True,13744.599,2021-04-20 23:15:00,0.0213
NQ,2021-04-21,Wednesday,ODR,13773.757,13755.029,18.727999999999156,13782.699,13749.039,33.659999999999854,True,LONG,2021-04-21 06:50:00,13787.039,False,True,False,1.0483,0.6375,1.0483,13793.389,2021-04-21 06:59:00,1.6375,13743.089,2021-04-21 08:26:00,True,2021-04-21 06:55:00,0.0,1.6375,True,13771.059,2021-04-21 07:28:00,0.1441
NQ,2021-04-21,Wednesday,RDR,13827.289,13722.019,105.27000000000044,13832.579,13710.289,122.28999999999905,True,LONG,2021-04-21 11:10:00,13838.269,True,False,,1.0505,0.0,1.0505,13937.879,2021-04-21 15:55:00,0.0,13837.249,2021-04-21 11:15:00,True,2021-04-21 11:55:00,0.0,0.0,False,,,
NQ,2021-04-22,Thursday,ADR,13897.089,13891.377,5.711999999999534,13899.589,13888.609,10.979999999999563,True,LONG,2021-04-21 20:45:00,13902.869,True,True,True,5.9751,0.0,5.9751,13931.219,2021-04-22 01:52:00,0.1681,13896.129,2021-04-21 20:57:00,True,2021-04-21 20:50:00,0.1681,0.1681,True,13896.609,2021-04-21 20:56:00,0.084
NQ,2021-04-22,Thursday,ODR,13944.307,13927.209,17.097999999999956,13947.197,13921.369,25.82799999999952,True,SHORT,2021-04-22 05:35:00,13918.779,True,False,,0.0,2.0862,2.0862,13891.539,2021-04-22 08:04:00,0.0,13926.419,2021-04-22 05:58:00,True,2021-04-22 05:43:00,0.0,0.0,False,,,
NQ,2021-04-22,Thursday,RDR,13922.579,13874.039,48.539999999999054,13930.797,13867.109,63.6880000000001,True,LONG,2021-04-22 10:30:00,13942.539,False,True,False,0.6636,3.3154,0.6636,13954.789,2021-04-22 10:53:00,4.3154,13713.109,2021-04-22 14:02:00,True,2021-04-22 10:47:00,0.0,4.3154,True,13922.519,2021-04-22 11:04:00,0.0012
NQ,2021-04-23,Friday,ADR,13779.579,13765.067,14.512000000000626,13781.389,13762.219,19.170000000000073,True,LONG,2021-04-22 21:10:00,13781.569,True,True,True,1.1431,0.2466,1.1431,13796.167,2021-04-22 23:20:00,1.2466,13761.489,2021-04-22 21:31:00,True,2021-04-22 21:21:00,1.2466,1.2466,True,13774.169,2021-04-22 21:30:00,0.3728
NQ,2021-04-23,Friday,ODR,13797.109,13755.179,41.93000000000029,13800.987,13749.409,51.57799999999952,False,,,,,,,0.0451,0.0,,,,,,,False,,,,False,,,
NQ,2021-04-23,Friday,RDR,13862.459,13787.169,75.29000000000087,13863.899,13786.719,77.18000000000029,True,LONG,2021-04-23 10:30:00,13871.749,True,True,True,1.6934,0.0,1.6934,13989.957,2021-04-23 15:35:00,0.026,13860.499,2021-04-23 10:45:00,True,2021-04-23 11:16:00,0.026,0.0,True,13862.429,2021-04-23 10:44:00,0.0004
NQ,2021-04-26,Monday,ADR,13936.449,13917.979,18.470000000001164,13941.097,13914.019,27.07799999999952,True,LONG,2021-04-25 21:45:00,13945.439,True,True,False,0.8521,0.0,0.8521,13952.187,2021-04-25 22:30:00,0.7867,13921.919,2021-04-26 01:46:00,True,2021-04-25 21:50:00,0.0,0.7867,True,13934.639,2021-04-26 01:00:00,0.098
NQ,2021-04-26,Monday,ODR,13939.699,13913.569,26.13000000000102,13944.589,13910.399,34.19000000000051,True,SHORT,2021-04-26 04:25:00,13906.829,True,False,,0.0,1.5193,1.5193,13873.869,2021-04-26 07:06:00,0.0,13909.297,2021-04-26 08:28:00,True,2021-04-26 04:33:00,0.0,0.0,False,,,
NQ,2021-04-26,Monday,RDR,13968.399,13922.049,46.349999999998545,13975.599,13911.539,64.05999999999949,True,LONG,2021-04-26 10:45:00,13977.089,True,True,True,1.4628,0.0,1.4628,14036.199,2021-04-26 15:19:00,0.0986,13963.829,2021-04-26 12:13:00,True,2021-04-26 11:03:00,0.0986,0.0986,True,13968.039,2021-04-26 10:53:00,0.0078
NQ,2021-04-27,Tuesday,ADR,14039.789,14027.479,12.31000000000131,14040.469,14026.039,14.429999999998472,True,SHORT,2021-04-26 20:40:00,14025.789,False,True,False,1.4785,0.2738,0.2738,14024.109,2021-04-26 21:36:00,2.4785,14057.989,2021-04-27 01:51:00,False,,0.5776,,True,14028.289,2021-04-26 20:46:00,0.0658
NQ,2021-04-27,Tuesday,ODR,14044.009,14033.607,10.402000000000044,14045.687,14032.889,12.798000000000684,True,SHORT,2021-04-27 04:05:00,14032.839,False,True,False,0.4509,1.5937,1.5937,14017.029,2021-04-27 05:51:00,1.4509,14048.699,2021-04-27 08:21:00,True,2021-04-27 04:10:00,1.4413,1.4509,True,14033.897,2021-04-27 04:15:00,0.0279
NQ,2021-04-27,Tuesday,RDR,14033.999,13949.009,84.98999999999978,14044.599,13928.339,116.26000000000022,False,,,,,,,0.0,0.2704,,,,,,,False,,,,False,,,
NQ,2021-04-28,Wednesday,ADR,13982.417,13972.139,10.278000000000247,13983.389,13968.969,14.420000000000073,True,SHORT,2021-04-27 20:35:00,13967.689,False,True,True,0.7756,0.7501,0.7501,13964.429,2021-04-28 01:52:00,1.7756,13990.389,2021-04-27 22:21:00,True,2021-04-27 20:40:00,1.7756,1.7756,True,13972.189,2021-04-27 20:48:00,0.0049
NQ,2021-04-28,Wednesday,ODR,13974.407,13924.229,50.177999999999884,13976.887,13916.429,60.45800000000054,False,,,,,,,0.0,0.0,,,,,,,False,,,,False,,,
NQ,2021-04-28,Wednesday,RDR,13983.997,13909.889,74.10800000000017,13992.889,13897.699,95.18999999999869,False,,,,,,,0.1537,0.2456,,,,,,,False,,,,False,,,
NQ,2021-04-29,Thursday,ADR,13997.497,13973.909,23.587999999999738,14002.399,13973.359,29.039999999999054,True,LONG,2021-04-28 20:50:00,14004.489,True,True,True,1.8955,0.0,1.8955,14042.209,2021-04-28 21:56:00,0.016,13997.119,2021-04-28 21:01:00,True,2021-04-28 21:00:00,0.016,0.016,True,13997.119,2021-04-28 21:01:00,0.016
NQ,2021-04-29,Thursday,ODR,14023.209,14006.849,16.360000000000582,14024.599,14004.619,19.979999999999563,True,LONG,2021-04-29 04:00:00,14043.829,True,False,,2.2114,0.0,2.2114,14059.387,2021-04-29 07:14:00,0.0,14028.119,2021-04-29 06:15:00,True,2021-04-29 04:05:00,0.0,0.0,False,,,
NQ,2021-04-29,Thursday,RDR,14052.499,13941.019,111.47999999999956,14073.799,13935.309,138.4900000000016,True,SHORT,2021-04-29 10:30:00,13930.527,True,True,False,0.0,0.9808,0.9808,13831.679,2021-04-29 12:07:00,0.468,13993.189,2021-04-29 15:07:00,True,2021-04-29 11:56:00,0.1425,0.468,True,13941.899,2021-04-29 10:59:00,0.0079
NQ,2021-04-30,Friday,ADR,13942.697,13913.079,29.618000000000393,13944.889,13904.139,40.75,True,SHORT,2021-04-29 22:15:00,13898.889,True,True,True,0.0,1.2121,1.2121,13877.179,2021-04-30 01:36:00,0.1292,13916.907,2021-04-30 00:05:00,True,2021-04-29 22:20:00,0.1292,0.1292,True,13913.299,2021-04-30 00:01:00,0.0074
NQ,2021-04-30,Friday,ODR,13925.679,13910.809,14.8700000000008,13934.497,13909.819,24.677999999999884,True,SHORT,2021-04-30 04:05:00,13903.017,True,True,True,0.0491,4.4405,4.4405,13844.779,2021-04-30 06:51:00,1.0491,13926.409,2021-04-30 05:07:00,True,2021-04-30 04:10:00,1.0491,1.0491,True,13912.399,2021-04-30 04:10:00,0.1069
NQ,2021-04-30,Friday,RDR,13957.759,13862.859,94.89999999999964,13958.379,13852.749,105.63000000000102,True,SHORT,2021-04-30 13:50:00,13851.879,True,True,False,0.1194,0.263,0.263,13837.899,2021-04-30 13:58:00,0.2797,13889.399,2021-04-30 15:01:00,False,,0.0,,True,13865.919,2021-04-30 14:01:00,0.0322
NQ,2021-05-03,Monday,ADR,13906.349,13890.387,15.961999999999534,13907.799,13888.609,19.19000000000051,True,LONG,2021-05-02 20:45:00,13909.539,False,True,False,0.4981,1.4433,0.4981,13914.299,2021-05-02 21:20:00,2.4433,13867.349,2021-05-03 01:32:00,False,,0.1397,,True,13904.399,2021-05-02 21:02:00,0.1222
NQ,2021-05-03,Monday,ODR,13918.759,13888.869,29.889999999999418,13925.299,13888.539,36.76000000000022,True,SHORT,2021-05-03 04:55:00,13887.529,True,True,False,0.0,1.092,1.092,13856.229,2021-05-03 05:43:00,0.7504,13911.299,2021-05-03 07:39:00,True,2021-05-03 05:29:00,0.0713,0.7504,True,13890.397,2021-05-03 05:00:00,0.0511
NQ,2021-05-03,Monday,RDR,13953.637,13874.779,78.85800000000017,13959.589,13863.599,95.98999999999978,True,SHORT,2021-05-03 10:50:00,13859.229,True,False,,0.0,1.1836,1.1836,13781.439,2021-05-03 12:45:00,0.0,13864.299,2021-05-03 10:56:00,True,2021-05-03 11:11:00,0.0,0.0,False,,,
NQ,2021-05-04,Tuesday,ADR,13780.887,13761.999,18.88800000000083,13784.687,13760.499,24.188000000000102,True,SHORT,2021-05-03 21:00:00,13759.199,True,True,False,0.0,1.5888,1.5888,13731.989,2021-05-03 21:22:00,0.5188,13771.799,2021-05-04 01:50:00,True,2021-05-03 21:12:00,0.0,0.5188,True,13763.507,2021-05-04 01:41:00,0.0798
NQ,2021-05-04,Tuesday,ODR,13785.067,13741.869,43.1979999999985,13786.189,13734.589,51.600000000000364,True,SHORT,2021-05-04 07:35:00,13715.559,True,False,,0.0,1.8999,1.8999,13659.799,2021-05-04 07:41:00,0.0,13716.589,2021-05-04 07:40:00,True,2021-05-04 07:40:00,0.0,0.0,False,,,
NQ,2021-05-04,Tuesday,RDR,13692.039,13530.847,161.19200000000092,13705.779,13503.219,202.5600000000013,True,SHORT,2021-05-04 10:45:00,13499.289,True,True,False,0.0,0.8703,0.8703,13390.559,2021-05-04 11:56:00,0.1528,13555.479,2021-05-04 15:59:00,True,2021-05-04 11:14:00,0.0,0.1528,True,13532.819,2021-05-04 15:56:00,0.0122
NQ,2021-05-05,Wednesday,ADR,13557.369,13523.257,34.11200000000099,13559.487,13523.149,36.33799999999974,True,LONG,2021-05-04 20:30:00,13559.799,True,True,True,1.0976,0.0,1.0976,13594.809,2021-05-04 23:15:00,0.5444,13538.799,2021-05-05 01:20:00,True,2021-05-04 21:46:00,0.1334,0.5444,True,13556.309,2021-05-04 20:41:00,0.0311
NQ,2021-05-05,Wednesday,ODR,13586.589,13553.427,33.16200000000026,13591.197,13550.679,40.51800000000003,True,LONG,2021-05-05 04:10:00,13594.589,True,False,,2.3403,0.0,2.3403,13664.197,2021-05-05 08:17:00,0.0,13593.969,2021-05-05 04:15:00,True,2021-05-05 04:28:00,0.0,0.0,False,,,
NQ,2021-05-05,Wednesday,RDR,13655.689,13557.649,98.04000000000087,13677.719,13541.949,135.76999999999862,True,SHORT,2021-05-05 15:00:00,13537.229,True,False,,0.0,0.838,0.838,13475.489,2021-05-05 15:26:00,0.0,13551.089,2021-05-05 15:05:00,True,2021-05-05 15:22:00,0.0,0.0,False,,,
NQ,2021-05-06,Thursday,ADR,13519.819,13490.479,29.340000000000146,13522.609,13487.979,34.63000000000102,True,LONG,2021-05-05 20:40:00,13522.849,False,True,False,0.6575,0.9519,0.6575,13539.109,2021-05-05 21:25:00,1.9519,13462.549,2021-05-05 23:21:00,True,2021-05-05 20:49:00,0.0,1.9519,True,13517.719,2021-05-05 22:09:00,0.0716
NQ,2021-05-06,Thursday,ODR,13571.017,13530.569,40.44800000000032,13580.157,13525.989,54.167999999999665,True,SHORT,2021-05-06 05:15:00,13520.079,True,True,True,0.0,1.1264,1.1264,13485.009,2021-05-06 08:20:00,0.6265,13555.909,2021-05-06 06:36:00,True,2021-05-06 05:36:00,0.6265,0.6265,True,13532.199,2021-05-06 05:24:00,0.0403
NQ,2021-05-06,Thursday,RDR,13518.899,13411.089,107.80999999999949,13519.889,13400.659,119.22999999999956,True,LONG,2021-05-06 11:30:00,13534.529,True,True,True,0.8795,0.0,0.8795,13613.717,2021-05-06 15:59:00,0.3808,13477.849,2021-05-06 14:43:00,True,2021-05-06 11:50:00,0.3808,0.3808,True,13517.839,2021-05-06 13:45:00,0.0098
NQ,2021-05-07,Friday,ADR,13634.919,13613.959,20.959999999999127,13635.797,13610.869,24.927999999999884,True,LONG,2021-05-06 20:30:00,13640.339,True,True,True,1.5792,0.0,1.5792,13668.019,2021-05-06 22:01:00,0.2242,13630.219,2021-05-07 00:06:00,True,2021-05-06 20:45:00,0.0,0.2242,True,13634.029,2021-05-06 22:50:00,0.0425
NQ,2021-05-07,Friday,ODR,13627.897,13603.919,23.978000000000975,13631.879,13596.089,35.79000000000087,True,LONG,2021-05-07 05:25:00,13636.589,True,True,True,1.1966,0.0,1.1966,13656.589,2021-05-07 06:46:00,0.1017,13625.459,2021-05-07 08:01:00,True,2021-05-07 05:59:00,0.0245,0.1017,True,13627.309,2021-05-07 05:52:00,0.0245
NQ,2021-05-07,Friday,RDR,13802.187,13682.079,120.10800000000017,13818.669,13670.689,147.97999999999956,False,,,,,,,0.06,0.1253,,,,,,,False,,,,False,,,
NQ,2021-05-10,Monday,ADR,13748.199,13738.359,9.840000000000146,13751.099,13732.159,18.94000000000051,True,LONG,2021-05-09 21:40:00,13752.389,False,True,False,0.935,2.6961,0.935,13757.399,2021-05-09 21:48:00,3.6961,13711.829,2021-05-10 01:19:00,True,2021-05-09 21:45:00,0.0,3.6961,True,13747.929,2021-05-09 21:54:00,0.0274
NQ,2021-05-10,Monday,ODR,13683.019,13652.589,30.43000000000029,13688.417,13644.939,43.477999999999156,True,LONG,2021-05-10 04:15:00,13694.189,False,True,False,0.3904,0.1906,0.3904,13694.899,2021-05-10 04:20:00,1.1906,13646.789,2021-05-10 08:00:00,False,,0.0,,True,13682.509,2021-05-10 04:26:00,0.0168
NQ,2021-05-10,Monday,RDR,13656.387,13522.109,134.27800000000025,13663.687,13509.009,154.67799999999988,True,SHORT,2021-05-10 10:30:00,13505.079,True,True,True,0.0,1.212,1.212,13359.359,2021-05-10 15:59:00,0.2061,13549.789,2021-05-10 12:25:00,True,2021-05-10 14:03:00,0.2061,0.0,True,13522.339,2021-05-10 10:35:00,0.0017
NQ,2021-05-11,Tuesday,ADR,13349.619,13325.519,24.100000000000364,13349.897,13316.369,33.52800000000025,True,SHORT,2021-05-10 20:40:00,13301.879,True,False,,0.0,6.2141,6.2141,13175.759,2021-05-10 20:54:00,0.0,13305.389,2021-05-10 20:45:00,True,2021-05-10 20:45:00,0.0,0.0,False,,,
NQ,2021-05-11,Tuesday,ODR,13268.617,13163.589,105.02800000000025,13274.697,13146.709,127.98799999999937,True,SHORT,2021-05-11 07:55:00,13125.899,True,False,,0.0,0.6685,0.6685,13093.379,2021-05-11 08:29:00,0.0,13146.199,2021-05-11 08:04:00,True,2021-05-11 08:16:00,0.0,0.0,False,,,
NQ,2021-05-11,Tuesday,RDR,13277.589,13114.139,163.45000000000073,13285.289,13091.399,193.89000000000124,True,LONG,2021-05-11 11:20:00,13290.249,True,True,True,0.6514,0.0,0.6514,13384.059,2021-05-11 14:29:00,0.1326,13255.909,2021-05-11 12:54:00,True,2021-05-11 13:28:00,0.1326,0.0,True,13270.789,2021-05-11 12:50:00,0.0416
NQ,2021-05-12,Wednesday,ADR,13357.587,13330.117,27.469999999999345,13358.899,13325.439,33.45999999999913,True,SHORT,2021-05-11 20:35:00,13312.619,True,False,,0.0,5.0247,5.0247,13192.089,2021-05-12 00:21:00,0.0,13322.897,2021-05-11 22:27:00,True,2021-05-11 20:40:00,0.0,0.0,False,,,
NQ,2021-05-12,Wednesday,ODR,13339.207,13270.419,68.78800000000047,13344.617,13269.469,75.14800000000105,True,SHORT,2021-05-12 06:50:00,13268.637,True,True,False,0.0,0.1833,0.1833,13257.809,2021-05-12 06:59:00,0.5982,13311.569,2021-05-12 08:18:00,False,,0.0373,,True,13272.987,2021-05-12 06:55:00,0.0373
NQ,2021-05-12,Wednesday,RDR,13213.449,13114.339,99.11000000000058,13238.387,13110.609,127.77800000000025,True,SHORT,2021-05-12 10:30:00,13096.839,True,True,True,0.0,1.4763,1.4763,12968.019,2021-05-12 15:54:00,0.1187,13126.099,2021-05-12 10:38:00,True,2021-05-12 10:43:00,0.1187,0.0169,True,13117.209,2021-05-12 10:37:00,0.029
NQ,2021-05-13,Thursday,ADR,13041.249,13012.909,28.340000000000146,13045.319,12997.209,48.10999999999876,True,LONG,2021-05-12 20:40:00,13049.209,True,True,False,1.2049,0.0049,1.2049,13075.397,2021-05-12 23:14:00,1.0049,13012.769,2021-05-13 01:57:00,True,2021-05-12 21:18:00,0.4774,1.0049,True,13035.029,2021-05-12 20:56:00,0.2195
NQ,2021-05-13,Thursday,ODR,13052.177,12963.227,88.94999999999891,13063.989,12950.449,113.53999999999905,True,SHORT,2021-05-13 04:10:00,12943.309,False,True,False,0.4904,0.4633,0.4633,12922.019,2021-05-13 04:52:00,1.4904,13095.799,2021-05-13 08:12:00,False,,0.1099,,True,12968.179,2021-05-13 04:18:00,0.0557
NQ,2021-05-13,Thursday,RDR,13206.287,13097.419,108.8680000000004,13220.899,13095.229,125.67000000000007,True,SHORT,2021-05-13 11:40:00,13069.489,True,True,False,0.2049,0.8724,0.8724,13002.439,2021-05-13 13:38:00,0.7132,13175.059,2021-05-13 15:48:00,True,2021-05-13 13:24:00,0.5012,0.7132,True,13098.989,2021-05-13 11:50:00,0.0144
NQ,2021-05-14,Friday,ADR,13126.787,13090.109,36.677999999999884,13131.489,13075.209,56.279999999998836,True,LONG,2021-05-13 20:40:00,13135.849,True,False,,2.1122,0.0,2.1122,13204.259,2021-05-13 23:21:00,0.0,13134.109,2021-05-13 20:47:00,True,2021-05-13 20:51:00,0.0,0.0,False,,,
NQ,2021-05-14,Friday,ODR,13218.537,13176.647,41.88999999999942,13220.349,13170.699,49.649999999999636,True,LONG,2021-05-14 05:05:00,13237.109,True,False,,1.0778,0.0,1.0778,13263.687,2021-05-14 05:17:00,0.0,13222.369,2021-05-14 07:00:00,True,2021-05-14 05:10:00,0.0,0.0,False,,,
NQ,2021-05-14,Friday,RDR,13298.117,13224.789,73.32799999999952,13313.269,13213.729,99.54000000000087,True,LONG,2021-05-14 10:30:00,13315.309,True,True,True,1.8082,0.0,1.8082,13430.709,2021-05-14 14:55:00,0.0952,13291.139,2021-05-14 10:43:00,True,2021-05-14 11:12:00,0.0952,0.0,True,13291.139,2021-05-14 10:43:00,0.0952
NQ,2021-05-17,Monday,ADR,13405.047,13353.649,51.39800000000105,13409.089,13352.039,57.04999999999927,True,SHORT,2021-05-16 20:35:00,13348.319,True,True,False,0.0,0.1777,0.1777,13344.517,2021-05-16 23:24:00,0.9407,13401.999,2021-05-16 21:39:00,False,,0.9407,,True,13357.879,2021-05-16 20:44:00,0.0823
NQ,2021-05-17,Monday,ODR,13390.639,13343.639,47.0,13396.597,13336.139,60.45800000000054,True,SHORT,2021-05-17 06:25:00,13336.109,True,True,True,0.0,0.8177,0.8177,13305.209,2021-05-17 08:16:00,0.1442,13350.417,2021-05-17 07:11:00,True,2021-05-17 07:46:00,0.1442,0.0,True,13345.119,2021-05-17 06:34:00,0.0315
NQ,2021-05-17,Monday,RDR,13326.747,13252.529,74.21799999999894,13347.557,13242.809,104.74800000000141,True,SHORT,2021-05-17 12:05:00,13240.509,True,True,False,0.0829,0.8254,0.8254,13191.269,2021-05-17 13:41:00,0.8366,13314.619,2021-05-17 15:59:00,True,2021-05-17 13:21:00,0.3109,0.8366,True,13252.599,2021-05-17 12:15:00,0.0009
NQ,2021-05-18,Tuesday,ADR,13349.479,13317.089,32.38999999999942,13350.299,13314.349,35.95000000000073,True,LONG,2021-05-17 21:05:00,13355.989,True,True,True,1.2136,0.0,1.2136,13388.789,2021-05-18 01:36:00,0.289,13340.119,2021-05-18 00:25:00,True,2021-05-17 21:46:00,0.289,0.289,True,13348.899,2021-05-17 22:26:00,0.0179
NQ,2021-05-18,Tuesday,ODR,13434.389,13417.819,16.56999999999971,13436.669,13412.929,23.73999999999978,True,SHORT,2021-05-18 04:05:00,13410.379,True,True,True,0.0,2.6554,2.6554,13373.819,2021-05-18 07:27:00,0.324,13423.187,2021-05-18 05:20:00,True,2021-05-18 04:10:00,0.324,0.324,True,13418.159,2021-05-18 04:36:00,0.0205
NQ,2021-05-18,Tuesday,RDR,13390.329,13329.637,60.6919999999991,13390.597,13308.869,81.72799999999916,True,LONG,2021-05-18 10:30:00,13396.759,False,True,False,0.2305,1.9379,0.2305,13404.319,2021-05-18 10:50:00,2.9379,13212.019,2021-05-18 15:59:00,False,,0.2565,,True,13388.749,2021-05-18 10:38:00,0.026
NQ,2021-05-19,Wednesday,ADR,13221.579,13168.567,53.012000000000626,13221.699,13161.609,60.090000000000146,True,SHORT,2021-05-18 22:50:00,13150.319,True,True,True,0.0,0.6881,0.6881,13132.089,2021-05-19 00:49:00,0.1777,13177.989,2021-05-19 00:10:00,True,2021-05-19 00:46:00,0.1777,0.0,True,13169.107,2021-05-18 23:22:00,0.0102
NQ,2021-05-19,Wednesday,ODR,13145.439,13073.129,72.30999999999949,13150.899,13064.929,85.96999999999935,True,SHORT,2021-05-19 04:15:00,13051.559,True,True,True,0.0,1.0126,1.0126,12999.909,2021-05-19 07:41:00,0.2543,13091.519,2021-05-19 05:21:00,True,2021-05-19 05:54:00,0.2543,0.0,True,13075.097,2021-05-19 05:08:00,0.0272
NQ,2021-05-19,Wednesday,RDR,13098.309,12988.009,110.29999999999927,13104.389,12975.419,128.96999999999935,True,LONG,2021-05-19 10:50:00,13115.067,True,True,True,1.3559,0.0,1.3559,13247.869,2021-05-19 14:30:00,0.1968,13076.599,2021-05-19 11:04:00,True,2021-05-19 11:22:00,0.1968,0.0,True,13088.669,2021-05-19 11:00:00,0.0874
NQ,2021-05-20,Thursday,ADR,13223.439,13184.157,39.28200000000106,13225.299,13183.639,41.66000000000167,True,LONG,2021-05-19 20:30:00,13228.799,True,True,True,0.5002,0.0,0.5002,13243.089,2021-05-19 20:37:00,0.8363,13190.589,2021-05-19 21:30:00,True,2021-05-19 20:37:00,0.0,0.8363,True,13223.429,2021-05-19 20:49:00,0.0003
NQ,2021-05-20,Thursday,ODR,13250.149,13198.497,51.652000000000044,13262.057,13191.949,70.10800000000017,True,SHORT,2021-05-20 04:50:00,13188.509,True,True,False,0.0,0.8297,0.8297,13155.639,2021-05-20 05:39:00,0.9138,13245.699,2021-05-20 08:11:00,True,2021-05-20 04:58:00,0.0,0.9138,True,13199.387,2021-05-20 06:56:00,0.0172
NQ,2021-05-20,Thursday,RDR,13425.599,13296.039,129.5599999999995,13426.719,13286.829,139.88999999999942,True,LONG,2021-05-20 10:30:00,13436.589,True,True,True,0.7726,0.0,0.7726,13525.699,2021-05-20 15:30:00,0.0381,13420.659,2021-05-20 10:41:00,True,2021-05-20 11:40:00,0.0381,0.0,True,13422.959,2021-05-20 10:39:00,0.0204
NQ,2021-05-21,Friday,ADR,13537.599,13510.519,27.079999999999927,13537.989,13510.079,27.909999999999854,True,LONG,2021-05-20 20:35:00,13538.009,False,True,False,0.4135,0.6004,0.4135,13548.797,2021-05-20 21:15:00,1.6004,13494.259,2021-05-20 22:20:00,False,,0.0665,,True,13537.239,2021-05-20 20:40:00,0.0133
NQ,2021-05-21,Friday,ODR,13536.279,13512.409,23.8700000000008,13540.997,13503.019,37.977999999999156,True,LONG,2021-05-21 07:35:00,13549.329,True,True,True,0.5873,0.3079,0.5748,13549.999,2021-05-21 07:40:00,0.145,13532.819,2021-05-21 08:09:00,True,2021-05-21 07:40:00,0.0,0.145,True,13536.029,2021-05-21 08:08:00,0.0105
NQ,2021-05-21,Friday,RDR,13553.989,13483.559,70.43000000000029,13572.409,13479.349,93.05999999999949,True,SHORT,2021-05-21 10:35:00,13478.479,True,True,True,0.0,1.1826,1.1826,13400.269,2021-05-21 15:57:00,0.1026,13490.787,2021-05-21 11:20:00,True,2021-05-21 11:28:00,0.1026,0.0,True,13483.899,2021-05-21 11:11:00,0.0048
NQ,2021-05-24,Monday,ADR,13412.779,13370.179,42.600000000000364,13414.909,13364.919,49.98999999999978,True,LONG,2021-05-23 20:55:00,13415.019,True,True,True,0.8009,0.0,0.8009,13446.899,2021-05-23 21:03:00,0.5869,13387.779,2021-05-23 22:42:00,True,2021-05-23 21:02:00,0.0,0.5869,True,13410.599,2021-05-23 22:12:00,0.0512
NQ,2021-05-24,Monday,ODR,13483.349,13431.399,51.95000000000073,13486.889,13429.219,57.67000000000007,True,LONG,2021-05-24 05:50:00,13496.799,True,True,True,0.6306,0.0,0.6306,13516.109,2021-05-24 08:25:00,0.0524,13480.629,2021-05-24 07:20:00,True,2021-05-24 08:05:00,0.0524,0.0,True,13483.169,2021-05-24 07:18:00,0.0035
NQ,2021-05-24,Monday,RDR,13640.029,13512.667,127.36200000000099,13642.497,13498.049,144.4479999999985,True,LONG,2021-05-24 10:35:00,13649.999,True,True,False,0.3711,0.0,0.3711,13687.299,2021-05-24 14:52:00,0.0734,13630.679,2021-05-24 12:55:00,False,,0.0734,,True,13636.609,2021-05-24 10:49:00,0.0269
NQ,2021-05-25,Tuesday,ADR,13666.367,13636.319,30.048000000000684,13666.889,13633.569,33.31999999999971,True,SHORT,2021-05-24 20:30:00,13633.129,False,True,False,1.056,0.1235,0.1235,13632.609,2021-05-24 20:35:00,2.056,13698.099,2021-05-25 01:43:00,False,,0.026,,True,13637.099,2021-05-24 20:35:00,0.026
NQ,2021-05-25,Tuesday,ODR,13730.199,13714.599,15.600000000000364,13734.747,13712.839,21.907999999999447,True,SHORT,2021-05-25 04:05:00,13706.899,True,True,True,0.0,2.4564,2.4564,13676.279,2021-05-25 07:01:00,0.7383,13726.117,2021-05-25 06:06:00,True,2021-05-25 04:10:00,0.7383,0.7383,True,13716.787,2021-05-25 05:48:00,0.1403
NQ,2021-05-25,Tuesday,RDR,13701.397,13653.069,48.32800000000134,13733.309,13646.069,87.23999999999978,True,SHORT,2021-05-25 10:30:00,13640.029,True,True,False,0.0,0.8864,0.8864,13610.229,2021-05-25 11:33:00,0.7186,13687.797,2021-05-25 10:57:00,True,2021-05-25 11:28:00,0.7186,0.2655,True,13653.097,2021-05-25 10:36:00,0.0006
NQ,2021-05-26,Wednesday,ADR,13715.559,13690.457,25.101999999998952,13718.207,13688.119,30.087999999999738,False,,,,,,,0.2526,0.0,,,,,,,False,,,,False,,,
NQ,2021-05-26,Wednesday,ODR,13712.659,13682.619,30.039999999999054,13716.199,13674.819,41.38000000000102,True,LONG,2021-05-26 07:20:00,13722.629,True,True,True,0.5842,0.0,0.5842,13730.209,2021-05-26 07:25:00,0.006,13712.479,2021-05-26 07:43:00,True,2021-05-26 07:25:00,0.0,0.006,True,13712.479,2021-05-26 07:43:00,0.006
NQ,2021-05-26,Wednesday,RDR,13699.519,13665.009,34.51000000000022,13711.399,13659.179,52.219999999999345,True,LONG,2021-05-26 10:50:00,13711.469,True,True,True,0.8224,0.0,0.8224,13727.899,2021-05-26 12:12:00,0.5853,13679.319,2021-05-26 13:53:00,True,2021-05-26 11:14:00,0.4752,0.5853,True,13692.329,2021-05-26 11:31:00,0.2083
NQ,2021-05-27,Thursday,ADR,13711.897,13699.727,12.170000000000073,13714.999,13697.249,17.75,True,SHORT,2021-05-26 20:40:00,13693.029,True,False,,0.0,3.0327,3.0327,13662.819,2021-05-27 01:29:00,0.0,13697.389,2021-05-26 21:03:00,True,2021-05-26 20:45:00,0.0,0.0,False,,,
NQ,2021-05-27,Thursday,ODR,13660.809,13629.899,30.909999999999854,13663.099,13623.749,39.350000000000364,True,LONG,2021-05-27 07:55:00,13668.779,True,True,False,0.737,0.2456,0.737,13683.589,2021-05-27 08:01:00,0.9007,13632.969,2021-05-27 08:23:00,True,2021-05-27 08:00:00,0.0,0.9007,True,13660.309,2021-05-27 08:04:00,0.0162
NQ,2021-05-27,Thursday,RDR,13701.419,13653.817,47.60200000000077,13704.799,13646.389,58.41000000000167,True,LONG,2021-05-27 10:30:00,13716.439,True,True,False,0.4867,0.0525,0.4867,13724.589,2021-05-27 10:44:00,1.0525,13651.319,2021-05-27 15:05:00,False,,0.0,,True,13683.479,2021-05-27 10:50:00,0.3769
NQ,2021-05-28,Friday,ADR,13714.509,13693.649,20.860000000000582,13718.719,13693.649,25.06999999999971,True,SHORT,2021-05-27 21:55:00,13693.239,True,True,True,0.0714,0.8883,0.8883,13675.119,2021-05-28 01:57:00,0.5676,13705.489,2021-05-27 23:53:00,True,2021-05-28 01:30:00,0.5676,0.0,True,13695.709,2021-05-27 22:00:00,0.0988
NQ,2021-05-28,Friday,ODR,13688.717,13672.629,16.087999999999738,13693.987,13669.959,24.02799999999843,True,LONG,2021-05-28 04:00:00,13699.409,True,False,,2.497,0.0,2.497,13728.889,2021-05-28 06:58:00,0.0,13693.119,2021-05-28 08:26:00,True,2021-05-28 04:05:00,0.0,0.0,False,,,
NQ,2021-05-28,Friday,RDR,13730.999,13701.509,29.48999999999978,13743.097,13698.899,44.19800000000032,True,LONG,2021-05-28 11:40:00,13748.939,False,True,False,1.2173,0.4937,1.2173,13766.897,2021-05-28 12:09:00,1.4937,13686.949,2021-05-28 15:59:00,True,2021-05-28 11:45:00,0.0,1.4937,True,13726.669,2021-05-28 13:29:00,0.1468
NQ,2021-05-31,Monday,ADR,13719.777,13705.617,14.159999999999854,13721.219,13702.429,18.789999999999054,True,SHORT,2021-05-30 21:30:00,13698.749,True,True,True,0.0,0.8819,0.8819,13693.129,2021-05-30 23:28:00,0.4578,13712.099,2021-05-30 22:10:00,True,2021-05-30 21:35:00,0.4578,0.4578,True,13706.289,2021-05-30 21:48:00,0.0475
NQ,2021-06-01,Tuesday,ODR,13719.469,13703.499,15.969999999999345,13720.389,13699.069,21.31999999999971,True,LONG,2021-06-01 04:00:00,13726.809,True,True,True,2.4859,0.0,2.4859,13759.169,2021-06-01 07:23:00,0.3788,13713.419,2021-06-01 04:20:00,True,2021-06-01 04:05:00,0.3788,0.3788,True,13717.519,2021-06-01 04:13:00,0.1221
NQ,2021-06-01,Tuesday,RDR,13757.299,13650.619,106.68000000000029,13776.507,13631.617,144.88999999999942,True,SHORT,2021-06-01 10:50:00,13616.999,True,True,False,0.0,0.5033,0.5033,13596.929,2021-06-01 10:56:00,0.4376,13697.297,2021-06-01 14:50:00,True,2021-06-01 10:56:00,0.0,0.4376,True,13651.589,2021-06-01 11:22:00,0.0091
NQ,2021-06-02,Wednesday,ADR,13652.749,13630.159,22.590000000000146,13654.509,13626.969,27.540000000000873,True,LONG,2021-06-01 20:50:00,13654.789,True,True,False,0.4413,0.0,0.4413,13662.717,2021-06-02 01:45:00,0.6861,13637.249,2021-06-02 00:08:00,False,,0.6861,,True,13652.619,2021-06-01 20:56:00,0.0058
NQ,2021-06-02,Wednesday,ODR,13654.229,13627.449,26.779999999998836,13657.889,13618.619,39.26999999999862,True,LONG,2021-06-02 08:20:00,13659.147,True,False,,0.7532,0.2543,0.7532,13674.399,2021-06-02 08:29:00,0.0,13657.729,2021-06-02 08:25:00,True,2021-06-02 08:27:00,0.0,0.0,False,,,
NQ,2021-06-02,Wednesday,RDR,13705.687,13669.609,36.07799999999952,13711.179,13654.659,56.52000000000044,True,SHORT,2021-06-02 13:20:00,13630.109,True,True,False,0.2572,1.7712,1.7712,13605.709,2021-06-02 14:15:00,0.3005,13680.449,2021-06-02 15:59:00,True,2021-06-02 13:25:00,0.0,0.3005,True,13672.617,2021-06-02 15:50:00,0.0834
NQ,2021-06-03,Thursday,ADR,13701.309,13677.399,23.909999999999854,13703.307,13677.399,25.908000000001266,True,LONG,2021-06-02 20:35:00,13703.779,True,True,False,0.2454,0.0,0.2454,13707.177,2021-06-02 20:57:00,0.8369,13681.299,2021-06-02 22:39:00,False,,0.0816,,True,13700.189,2021-06-02 20:46:00,0.0468
NQ,2021-06-03,Thursday,ODR,13663.599,13650.759,12.840000000000146,13665.289,13648.309,16.980000000001382,True,LONG,2021-06-03 04:40:00,13666.259,False,True,False,0.4283,10.8232,0.4283,13669.099,2021-06-03 04:52:00,11.8232,13511.789,2021-06-03 08:15:00,False,,0.0693,,True,13663.599,2021-06-03 04:47:00,0.0
NQ,2021-06-03,Thursday,RDR,13561.109,13468.239,92.8700000000008,13570.109,13463.799,106.30999999999949,True,LONG,2021-06-03 10:55:00,13582.739,True,True,False,0.5657,0.0,0.5657,13613.649,2021-06-03 11:08:00,0.4207,13522.039,2021-06-03 15:47:00,True,2021-06-03 11:05:00,0.0,0.4207,True,13560.829,2021-06-03 11:23:00,0.003
NQ,2021-06-04,Friday,ADR,13513.837,13481.899,31.938000000000102,13516.409,13478.819,37.590000000000146,True,SHORT,2021-06-03 20:30:00,13472.419,False,True,False,0.6407,0.4005,0.3028,13472.229,2021-06-03 20:35:00,1.6407,13534.299,2021-06-03 23:53:00,False,,0.0,,True,13482.879,2021-06-03 20:39:00,0.0307
NQ,2021-06-04,Friday,ODR,13540.239,13518.189,22.049999999999272,13545.579,13506.319,39.26000000000022,True,LONG,2021-06-04 07:00:00,13546.409,True,True,True,1.3043,0.6993,1.3043,13568.999,2021-06-04 08:06:00,0.0073,13540.079,2021-06-04 07:45:00,True,2021-06-04 07:05:00,0.0073,0.0073,True,13540.079,2021-06-04 07:45:00,0.0073
NQ,2021-06-04,Friday,RDR,13736.629,13611.299,125.32999999999993,13752.579,13608.799,143.77999999999884,True,LONG,2021-06-04 11:15:00,13757.979,True,False,,0.37,0.0,0.37,13782.999,2021-06-04 14:49:00,0.0,13746.439,2021-06-04 12:04:00,False,,0.0,,False,,,
NQ,2021-06-07,Monday,ADR,13772.579,13750.729,21.850000000000364,13773.897,13740.189,33.70800000000054,True,SHORT,2021-06-06 21:05:00,13737.709,True,True,True,0.0,0.9611,0.9611,13729.729,2021-06-07 01:49:00,0.113,13753.197,2021-06-06 23:20:00,True,2021-06-06 21:10:00,0.113,0.113,True,13750.899,2021-06-06 21:24:00,0.0078
NQ,2021-06-07,Monday,ODR,13741.037,13712.629,28.407999999999447,13745.109,13708.849,36.26000000000022,True,SHORT,2021-06-07 05:10:00,13706.809,False,True,False,0.59,0.7956,0.7956,13690.029,2021-06-07 05:29:00,1.59,13757.799,2021-06-07 07:58:00,True,2021-06-07 05:29:00,0.013,1.59,True,13712.999,2021-06-07 05:22:00,0.013
NQ,2021-06-07,Monday,RDR,13755.599,13714.239,41.36000000000058,13763.597,13712.229,51.36800000000039,True,LONG,2021-06-07 13:00:00,13766.199,True,True,True,1.3162,0.0,1.3162,13810.037,2021-06-07 15:25:00,0.5147,13734.309,2021-06-07 13:46:00,True,2021-06-07 14:56:00,0.5147,0.0,True,13755.269,2021-06-07 13:09:00,0.008
NQ,2021-06-08,Tuesday,ADR,13841.017,13822.109,18.907999999999447,13845.199,13819.109,26.090000000000146,True,LONG,2021-06-07 20:55:00,13845.469,False,True,False,1.3212,0.1317,1.3212,13865.999,2021-06-07 21:14:00,1.1317,13819.619,2021-06-08 01:56:00,True,2021-06-07 21:02:00,0.0,1.1317,True,13837.019,2021-06-07 22:55:00,0.2114
NQ,2021-06-08,Tuesday,ODR,13826.417,13795.517,30.899999999999636,13829.569,13792.929,36.63999999999942,True,LONG,2021-06-08 04:55:00,13833.279,True,True,True,2.2907,0.298,2.2907,13897.199,2021-06-08 08:27:00,1.298,13786.309,2021-06-08 06:32:00,True,2021-06-08 05:05:00,1.298,1.298,True,13823.709,2021-06-08 05:01:00,0.0876
NQ,2021-06-08,Tuesday,RDR,13911.979,13829.669,82.30999999999949,13918.497,13824.249,94.24799999999959,True,SHORT,2021-06-08 10:30:00,13820.169,True,True,True,0.0,1.0699,1.0699,13741.609,2021-06-08 11:21:00,0.1304,13840.399,2021-06-08 10:51:00,True,2021-06-08 11:17:00,0.1304,0.1036,True,13829.967,2021-06-08 10:40:00,0.0036
NQ,2021-06-09,Wednesday,ADR,13829.639,13811.217,18.42199999999866,13830.617,13807.839,22.778000000000247,True,LONG,2021-06-08 20:30:00,13831.069,False,True,False,0.1656,0.2767,0.1173,13831.799,2021-06-08 20:50:00,1.2767,13806.119,2021-06-08 21:31:00,False,,0.387,,True,13828.759,2021-06-08 20:35:00,0.0478
NQ,2021-06-09,Wednesday,ODR,13839.777,13817.009,22.76800000000003,13844.389,13812.239,32.149999999999636,True,LONG,2021-06-09 06:40:00,13844.819,True,True,True,1.0331,0.0408,1.0331,13863.299,2021-06-09 07:24:00,0.4554,13829.409,2021-06-09 07:34:00,True,2021-06-09 06:55:00,0.0,0.4554,True,13836.989,2021-06-09 07:33:00,0.1225
NQ,2021-06-09,Wednesday,RDR,13883.589,13839.569,44.02000000000044,13903.989,13826.309,77.68000000000029,True,SHORT,2021-06-09 15:25:00,13821.097,True,False,,0.0,0.7151,0.7151,13808.089,2021-06-09 15:50:00,0.0,13828.887,2021-06-09 15:33:00,True,2021-06-09 15:30:00,0.0,0.0,False,,,
NQ,2021-06-10,Thursday,ADR,13824.679,13813.189,11.489999999999782,13827.289,13810.689,16.600000000000364,True,LONG,2021-06-09 21:05:00,13828.999,True,True,False,1.1854,0.0,1.1854,13838.299,2021-06-09 22:30:00,0.8216,13815.239,2021-06-10 01:41:00,True,2021-06-09 21:14:00,0.0,0.8216,True,13824.659,2021-06-09 23:23:00,0.0017
NQ,2021-06-10,Thursday,ODR,13802.677,13783.079,19.597999999999956,13805.219,13773.529,31.68999999999869,True,SHORT,2021-06-10 04:25:00,13764.699,True,True,False,0.0,1.9558,1.9558,13744.749,2021-06-10 07:34:00,0.72,13797.189,2021-06-10 08:24:00,True,2021-06-10 04:30:00,0.4802,0.72,True,13784.999,2021-06-10 04:36:00,0.098
NQ,2021-06-10,Thursday,RDR,13953.757,13830.157,123.60000000000036,13964.519,13811.139,153.38000000000102,False,,,,,,,0.0804,0.0443,,,,,,,False,,,,False,,,
NQ,2021-06-11,Friday,ADR,13980.447,13963.599,16.847999999999956,13981.099,13962.239,18.860000000000582,True,LONG,2021-06-10 21:15:00,13981.239,True,True,False,0.3064,0.0689,0.1699,13983.309,2021-06-10 21:20:00,0.7768,13967.359,2021-06-11 01:15:00,False,,0.0,,True,13977.299,2021-06-10 21:21:00,0.1868
NQ,2021-06-11,Friday,ODR,13970.749,13952.249,18.5,13970.819,13951.079,19.73999999999978,True,SHORT,2021-06-11 04:00:00,13949.929,False,True,False,1.4458,0.2832,0.2832,13947.009,2021-06-11 04:29:00,2.4458,13997.497,2021-06-11 07:10:00,False,,0.3,,True,13952.789,2021-06-11 04:10:00,0.0292
NQ,2021-06-11,Friday,RDR,13984.869,13953.279,31.590000000000146,13985.999,13941.859,44.13999999999942,True,SHORT,2021-06-11 11:00:00,13938.029,False,True,False,0.3646,0.648,0.5195,13936.869,2021-06-11 11:05:00,1.3646,13996.387,2021-06-11 15:59:00,True,2021-06-11 11:05:00,0.0,1.3646,True,13958.197,2021-06-11 11:07:00,0.1557
NQ,2021-06-14,Monday,ADR,14019.479,14010.869,8.609999999998763,14025.587,14005.429,20.157999999999447,False,,,,,,,0.489,0.0058,,,,,,,False,,,,False,,,
NQ,2021-06-14,Monday,ODR,14029.399,14011.619,17.779999999998836,14033.959,14010.349,23.610000000000582,True,LONG,2021-06-14 06:35:00,14034.029,True,True,False,1.1079,0.1569,1.1079,14049.097,2021-06-14 07:11:00,0.3009,14024.049,2021-06-14 08:29:00,True,2021-06-14 06:41:00,0.0,0.3009,True,14028.359,2021-06-14 07:50:00,0.0585
NQ,2021-06-14,Monday,RDR,14039.159,13979.389,59.77000000000044,14044.097,13964.609,79.48799999999937,True,LONG,2021-06-14 12:00:00,14047.759,True,False,,1.5242,0.0,1.5242,14130.259,2021-06-14 15:59:00,0.0,14040.019,2021-06-14 12:33:00,True,2021-06-14 13:48:00,0.0,0.0,False,,,
NQ,2021-06-15,Tuesday,ADR,14141.789,14112.569,29.220000000001164,14145.299,14111.719,33.580000000001746,True,LONG,2021-06-14 20:35:00,14146.829,True,True,True,0.6502,0.0,0.6502,14160.789,2021-06-14 21:19:00,0.4839,14127.649,2021-06-14 22:05:00,True,2021-06-14 21:15:00,0.0,0.4839,True,14139.559,2021-06-14 21:43:00,0.0763
NQ,2021-06-15,Tuesday,ODR,14156.107,14144.297,11.80999999999949,14159.199,14140.269,18.93000000000029,True,SHORT,2021-06-15 05:30:00,14139.059,True,True,False,0.0,1.4926,1.4926,14126.669,2021-06-15 06:10:00,0.5582,14150.889,2021-06-15 08:25:00,True,2021-06-15 05:35:00,0.0,0.5582,True,14146.307,2021-06-15 06:59:00,0.1702
NQ,2021-06-15,Tuesday,RDR,14121.069,14066.519,54.54999999999927,14128.369,14063.239,65.13000000000102,True,SHORT,2021-06-15 11:25:00,14056.809,True,True,True,0.0,1.0695,1.0695,14008.179,2021-06-15 15:37:00,0.0977,14071.849,2021-06-15 12:10:00,True,2021-06-15 11:38:00,0.0977,0.0977,True,14068.297,2021-06-15 12:01:00,0.0326
NQ,2021-06-16,Wednesday,ADR,14042.579,14033.709,8.869999999998981,14043.999,14031.969,12.030000000000655,True,SHORT,2021-06-15 22:50:00,14031.229,False,True,False,0.4442,0.5073,0.4498,14029.719,2021-06-15 22:55:00,1.4442,14046.519,2021-06-16 01:08:00,False,,0.0,,True,14035.007,2021-06-15 22:57:00,0.1463
NQ,2021-06-16,Wednesday,ODR,14048.087,14038.599,9.487999999999374,14054.499,14035.699,18.799999999999272,True,SHORT,2021-06-16 04:25:00,14032.939,False,True,False,0.485,1.465,1.465,14024.699,2021-06-16 08:01:00,1.485,14052.689,2021-06-16 06:31:00,True,2021-06-16 04:30:00,1.485,1.485,True,14039.387,2021-06-16 04:37:00,0.0831
NQ,2021-06-16,Wednesday,RDR,14095.789,14056.489,39.30000000000109,14102.399,14049.439,52.95999999999913,True,SHORT,2021-06-16 11:30:00,14044.389,True,False,,0.0,5.6048,5.6048,13836.219,2021-06-16 14:45:00,0.0,14047.299,2021-06-16 11:35:00,True,2021-06-16 11:36:00,0.0,0.0,False,,,
NQ,2021-06-17,Thursday,ADR,13906.799,13853.259,53.54000000000087,13908.589,13846.649,61.94000000000051,True,LONG,2021-06-16 22:05:00,13912.289,True,True,True,0.4335,0.0,0.4335,13930.009,2021-06-17 01:36:00,0.1903,13896.609,2021-06-16 22:40:00,False,,0.1903,,True,13904.269,2021-06-16 22:25:00,0.0473
NQ,2021-06-17,Thursday,ODR,13913.299,13890.749,22.55000000000109,13917.999,13889.009,28.98999999999978,True,SHORT,2021-06-17 04:40:00,13883.909,False,True,False,1.1259,0.7619,0.7619,13873.569,2021-06-17 04:47:00,2.1259,13938.689,2021-06-17 07:24:00,True,2021-06-17 04:45:00,0.0,2.1259,True,13891.489,2021-06-17 05:01:00,0.0328
NQ,2021-06-17,Thursday,RDR,14097.719,13941.819,155.89999999999964,14102.489,13939.289,163.1999999999989,True,LONG,2021-06-17 10:30:00,14120.149,True,True,True,0.6997,0.0,0.6997,14206.799,2021-06-17 15:50:00,0.1895,14068.169,2021-06-17 12:30:00,True,2021-06-17 11:32:00,0.1895,0.1895,True,14094.769,2021-06-17 10:57:00,0.0189
NQ,2021-06-18,Friday,ADR,14192.089,14175.299,16.789999999999054,14194.689,14169.409,25.280000000000655,True,LONG,2021-06-17 21:35:00,14196.819,True,True,True,1.0911,0.0,1.0911,14210.409,2021-06-18 01:54:00,0.1215,14190.049,2021-06-18 00:04:00,True,2021-06-17 21:43:00,0.1215,0.1215,True,14191.909,2021-06-17 22:42:00,0.0107
NQ,2021-06-18,Friday,ODR,14201.899,14178.519,23.3799999999992,14203.289,14175.119,28.170000000000073,True,SHORT,2021-06-18 07:05:00,14173.429,True,False,,0.0,5.1711,5.1711,14057.619,2021-06-18 08:23:00,0.0,14173.539,2021-06-18 07:10:00,True,2021-06-18 07:10:00,0.0,0.0,False,,,
NQ,2021-06-18,Friday,RDR,14121.907,14066.829,55.07799999999952,14138.719,14051.989,86.72999999999956,True,SHORT,2021-06-18 11:10:00,14039.799,True,True,True,0.2524,0.8408,0.8408,14020.519,2021-06-18 11:30:00,0.9512,14119.219,2021-06-18 13:13:00,True,2021-06-18 11:15:00,0.0,0.9512,True,14071.559,2021-06-18 11:38:00,0.0859
NQ,2021-06-21,Monday,ADR,14050.887,14036.089,14.798000000000684,14054.359,14034.269,20.090000000000146,True,SHORT,2021-06-20 20:40:00,14034.189,True,True,True,0.0,3.0031,3.0031,13991.649,2021-06-20 23:18:00,0.6629,14045.899,2021-06-20 21:00:00,True,2021-06-20 21:31:00,0.6629,0.0,True,14038.487,2021-06-20 20:50:00,0.162
NQ,2021-06-21,Monday,ODR,14110.789,14051.709,59.07999999999993,14120.499,14046.179,74.31999999999971,True,LONG,2021-06-21 05:10:00,14124.669,True,True,False,0.3961,0.0,0.3961,14134.189,2021-06-21 05:28:00,0.7698,14065.309,2021-06-21 08:29:00,False,,0.0,,True,14110.059,2021-06-21 06:15:00,0.0124
NQ,2021-06-21,Monday,RDR,14079.049,13987.259,91.79000000000087,14087.189,13967.699,119.48999999999978,True,LONG,2021-06-21 10:35:00,14090.737,True,False,,0.798,0.0,0.798,14152.299,2021-06-21 13:52:00,0.0,14088.609,2021-06-21 10:44:00,True,2021-06-21 11:03:00,0.0,0.0,False,,,
NQ,2021-06-22,Tuesday,ADR,14155.577,14140.719,14.858000000000175,14156.299,14138.649,17.650000000001455,True,LONG,2021-06-21 20:30:00,14159.099,True,True,False,0.3809,0.2019,0.2976,14159.999,2021-06-21 20:35:00,1.2019,14137.719,2021-06-22 01:58:00,False,,0.0,,True,14154.779,2021-06-21 20:42:00,0.0537
NQ,2021-06-22,Tuesday,ODR,14130.627,14081.139,49.48800000000119,14132.487,14074.249,58.237999999999374,True,LONG,2021-06-22 06:05:00,14134.159,True,True,True,1.1068,0.0192,1.1068,14185.399,2021-06-22 07:30:00,0.1879,14121.327,2021-06-22 06:21:00,True,2021-06-22 07:01:00,0.1879,0.0,True,14129.899,2021-06-22 06:11:00,0.0147
NQ,2021-06-22,Tuesday,RDR,14175.289,14127.759,47.530000000000655,14184.727,14116.049,68.67799999999988,True,LONG,2021-06-22 11:00:00,14185.397,True,False,,2.4168,0.0,2.4168,14290.159,2021-06-22 15:31:00,0.0,14178.379,2021-06-22 11:06:00,True,2021-06-22 11:09:00,0.0,0.0,False,,,
NQ,2021-06-23,Wednesday,ADR,14295.149,14282.769,12.3799999999992,14296.387,14278.159,18.228000000000975,True,LONG,2021-06-22 22:00:00,14297.099,True,True,True,2.3069,0.0,2.3069,14323.709,2021-06-23 01:57:00,0.1292,14293.549,2021-06-23 01:11:00,True,2021-06-22 22:32:00,0.1292,0.1292,True,14294.609,2021-06-23 01:09:00,0.0436
NQ,2021-06-23,Wednesday,ODR,14305.199,14274.207,30.99200000000019,14307.597,14270.729,36.86800000000039,True,SHORT,2021-06-23 05:00:00,14265.879,True,True,False,0.0,0.7959,0.7959,14249.539,2021-06-23 07:23:00,0.5354,14290.799,2021-06-23 06:31:00,True,2021-06-23 07:21:00,0.5354,0.4898,True,14275.499,2021-06-23 05:13:00,0.0417
NQ,2021-06-23,Wednesday,RDR,14320.589,14268.297,52.29199999999946,14326.617,14265.699,60.917999999999665,True,SHORT,2021-06-23 11:00:00,14264.049,True,True,False,0.0,0.4794,0.4794,14243.229,2021-06-23 12:40:00,0.6998,14304.889,2021-06-23 15:32:00,False,,0.6292,,True,14268.497,2021-06-23 11:05:00,0.0038
NQ,2021-06-24,Thursday,ADR,14308.159,14290.567,17.592000000000553,14309.199,14289.079,20.1200000000008,True,LONG,2021-06-23 21:30:00,14309.649,True,True,True,0.5605,0.0,0.5605,14318.019,2021-06-23 23:54:00,0.2132,14304.409,2021-06-23 23:21:00,True,2021-06-23 23:54:00,0.2132,0.154,True,14307.219,2021-06-23 21:50:00,0.0534
NQ,2021-06-24,Thursday,ODR,14318.909,14308.807,10.101999999998952,14323.519,14305.939,17.579999999999927,True,LONG,2021-06-24 04:00:00,14343.489,True,False,,4.9345,0.0,4.9345,14368.757,2021-06-24 05:20:00,0.0,14337.529,2021-06-24 04:14:00,True,2021-06-24 04:05:00,0.0,0.0,False,,,
NQ,2021-06-24,Thursday,RDR,14414.217,14359.989,54.228000000000975,14414.297,14355.239,59.0580000000009,True,LONG,2021-06-24 10:30:00,14416.679,False,True,False,0.3262,0.4085,0.3262,14431.907,2021-06-24 12:13:00,1.4085,14337.839,2021-06-24 13:50:00,False,,0.4645,,True,14414.209,2021-06-24 10:35:00,0.0001
NQ,2021-06-25,Friday,ADR,14365.899,14354.509,11.389999999999418,14367.517,14353.119,14.397999999999229,True,SHORT,2021-06-24 20:30:00,14351.859,False,True,False,1.6339,1.1449,1.1449,14341.469,2021-06-24 21:31:00,2.6339,14384.509,2021-06-25 00:00:00,True,2021-06-24 21:23:00,0.6662,2.6339,True,14354.897,2021-06-24 20:54:00,0.0341
NQ,2021-06-25,Friday,ODR,14370.869,14358.999,11.8700000000008,14372.589,14353.559,19.030000000000655,True,LONG,2021-06-25 04:05:00,14375.879,True,True,False,2.3698,0.0,2.3698,14398.999,2021-06-25 05:41:00,0.7885,14361.509,2021-06-25 08:29:00,True,2021-06-25 04:17:00,0.1988,0.7885,True,14370.019,2021-06-25 04:10:00,0.0716
NQ,2021-06-25,Friday,RDR,14397.299,14344.849,52.45000000000073,14400.479,14323.519,76.95999999999913,False,,,,,,,0.0,0.3272,,,,,,,False,,,,False,,,
NQ,2021-06-28,Monday,ADR,14364.599,14349.809,14.790000000000873,14366.589,14347.909,18.68000000000029,True,SHORT,2021-06-27 21:20:00,14345.069,False,True,False,0.595,0.524,0.524,14342.059,2021-06-27 21:38:00,1.595,14373.399,2021-06-28 01:31:00,True,2021-06-27 21:25:00,0.0,1.595,True,14350.287,2021-06-27 21:46:00,0.0323
NQ,2021-06-28,Monday,ODR,14391.389,14365.327,26.061999999999898,14395.597,14361.089,34.50799999999981,False,,,,,,,0.246,0.0636,,,,,,,False,,,,False,,,
NQ,2021-06-28,Monday,RDR,14479.647,14403.347,76.30000000000109,14491.589,14400.819,90.77000000000044,True,LONG,2021-06-28 12:20:00,14494.889,True,True,True,0.627,0.0,0.627,14527.489,2021-06-28 15:52:00,0.1845,14465.569,2021-06-28 13:29:00,True,2021-06-28 15:03:00,0.1845,0.0,True,14478.919,2021-06-28 12:55:00,0.0095
NQ,2021-06-29,Tuesday,ADR,14498.967,14490.237,8.730000000001382,14499.999,14488.289,11.709999999999127,True,SHORT,2021-06-28 21:10:00,14484.899,True,True,False,0.0,1.4522,1.4522,14477.559,2021-06-28 21:49:00,0.764,14496.907,2021-06-29 01:33:00,True,2021-06-28 21:15:00,0.2648,0.764,True,14491.489,2021-06-28 21:18:00,0.1434
NQ,2021-06-29,Tuesday,ODR,14504.309,14484.239,20.06999999999971,14506.987,14482.239,24.747999999999593,True,SHORT,2021-06-29 04:00:00,14477.709,False,True,False,0.7369,0.44,0.44,14475.409,2021-06-29 04:30:00,1.7369,14519.099,2021-06-29 07:00:00,False,,0.1425,,True,14484.769,2021-06-29 04:11:00,0.0264
NQ,2021-06-29,Tuesday,RDR,14528.299,14500.489,27.81000000000131,14536.819,14477.909,58.909999999999854,True,LONG,2021-06-29 12:15:00,14544.719,True,False,,1.7116,0.0,1.7116,14575.899,2021-06-29 15:55:00,0.0,14539.669,2021-06-29 14:46:00,True,2021-06-29 12:20:00,0.0,0.0,False,,,
NQ,2021-06-30,Wednesday,ADR,14605.217,14592.809,12.408000000001266,14606.687,14591.689,14.997999999999593,True,SHORT,2021-06-29 21:50:00,14590.839,True,True,True,0.0,1.2,1.2,14577.919,2021-06-30 01:57:00,0.0637,14593.599,2021-06-30 00:56:00,True,2021-06-29 22:36:00,0.0637,0.0637,True,14593.589,2021-06-29 22:22:00,0.0629
NQ,2021-06-30,Wednesday,ODR,14593.819,14582.397,11.421999999998661,14598.799,14581.609,17.19000000000051,True,SHORT,2021-06-30 04:10:00,14576.039,True,True,True,0.0,4.0876,4.0876,14535.709,2021-06-30 05:41:00,0.0606,14583.089,2021-06-30 07:20:00,True,2021-06-30 04:15:00,0.0,0.0606,True,14583.089,2021-06-30 07:20:00,0.0606
NQ,2021-06-30,Wednesday,RDR,14573.439,14543.009,30.43000000000029,14581.407,14529.319,52.08799999999974,False,,,,,,,0.3605,0.5626,,,,,,,False,,,,False,,,
NQ,2021-07-01,Thursday,ADR,14576.539,14561.299,15.239999999999782,14577.769,14560.519,17.25,True,LONG,2021-06-30 20:55:00,14578.239,False,True,False,0.4428,0.6818,0.4428,14583.287,2021-06-30 21:22:00,1.6818,14550.909,2021-07-01 00:53:00,False,,0.0361,,True,14575.989,2021-06-30 21:10:00,0.0361
NQ,2021-07-01,Thursday,ODR,14596.699,14555.529,41.17000000000007,14612.089,14551.279,60.80999999999949,True,SHORT,2021-07-01 05:20:00,14546.449,True,True,True,0.0338,1.2196,1.2196,14505.319,2021-07-01 06:57:00,0.1693,14562.499,2021-07-01 08:04:00,True,2021-07-01 06:22:00,0.1013,0.1693,True,14555.789,2021-07-01 05:29:00,0.0063
NQ,2021-07-01,Thursday,RDR,14562.799,14524.229,38.57000000000153,14577.919,14516.109,61.80999999999949,True,SHORT,2021-07-01 11:10:00,14506.397,True,True,False,0.0049,1.1434,1.1434,14480.129,2021-07-01 11:24:00,1.0049,14562.989,2021-07-01 15:34:00,True,2021-07-01 11:15:00,0.0,1.0049,True,14526.619,2021-07-01 11:54:00,0.062
NQ,2021-07-02,Friday,ADR,14551.799,14539.779,12.020000000000437,14554.289,14539.309,14.980000000001382,True,SHORT,2021-07-01 21:30:00,14536.899,True,True,True,0.1822,1.4143,1.4143,14522.779,2021-07-02 01:59:00,0.0682,14540.599,2021-07-01 22:13:00,True,2021-07-01 21:41:00,0.0682,0.0682,True,14540.589,2021-07-01 22:11:00,0.0674
NQ,2021-07-02,Friday,ODR,14586.297,14535.879,50.417999999999665,14597.409,14534.649,62.76000000000022,True,LONG,2021-07-02 07:40:00,14601.269,True,False,,0.6825,0.0,0.6825,14620.709,2021-07-02 08:02:00,0.0,14598.269,2021-07-02 07:45:00,True,2021-07-02 08:00:00,0.0,0.0,False,,,
NQ,2021-07-02,Friday,RDR,14672.689,14636.749,35.94000000000051,14673.389,14627.709,45.67999999999847,True,LONG,2021-07-02 11:50:00,14676.779,True,True,True,1.7643,0.0954,1.7643,14736.097,2021-07-02 15:54:00,0.2944,14662.109,2021-07-02 12:12:00,True,2021-07-02 12:57:00,0.2944,0.0,True,14672.559,2021-07-02 12:00:00,0.0036
NQ,2021-07-05,Monday,ADR,14725.319,14718.749,6.569999999999709,14727.587,14716.119,11.467999999998938,True,SHORT,2021-07-04 20:35:00,14715.709,True,True,True,0.0,3.2298,3.2298,14697.529,2021-07-05 01:24:00,0.2648,14720.489,2021-07-04 21:09:00,True,2021-07-04 20:40:00,0.2648,0.2648,True,14718.999,2021-07-04 21:00:00,0.0381
NQ,2021-07-05,Monday,ODR,14700.539,14686.039,14.5,14703.819,14681.189,22.6299999999992,True,LONG,2021-07-05 05:20:00,14705.809,True,False,,1.0943,0.0,1.0943,14716.407,2021-07-05 07:31:00,0.0,14700.739,2021-07-05 06:31:00,True,2021-07-05 05:33:00,0.0,0.0,False,,,
NQ,2021-07-05,Monday,RDR,14710.249,14702.709,7.539999999999054,14711.599,14699.849,11.75,True,SHORT,2021-07-05 12:50:00,14698.349,True,False,,0.0,0.8395,0.6074,14698.129,2021-07-05 12:56:00,0.0,14701.099,2021-07-05 12:59:00,True,2021-07-05 12:55:00,0.0,0.0,False,,,
NQ,2021-07-06,Tuesday,ADR,14723.369,14715.519,7.850000000000364,14728.879,14714.149,14.730000000001382,True,SHORT,2021-07-05 21:15:00,14710.059,True,False,,0.0,3.7134,3.7134,14686.369,2021-07-06 01:45:00,0.0,14710.869,2021-07-05 21:20:00,True,2021-07-05 21:20:00,0.0,0.0,False,,,
NQ,2021-07-06,Tuesday,ODR,14705.577,14688.047,17.529999999998836,14705.907,14676.579,29.32799999999952,True,LONG,2021-07-06 04:05:00,14706.219,True,True,True,2.4713,0.0,2.4713,14748.899,2021-07-06 07:31:00,0.2669,14700.899,2021-07-06 05:00:00,True,2021-07-06 05:16:00,0.2669,0.0957,True,14703.839,2021-07-06 04:10:00,0.0991
NQ,2021-07-06,Tuesday,RDR,14792.409,14746.619,45.789999999999054,14796.187,14743.799,52.38799999999901,True,SHORT,2021-07-06 10:30:00,14733.749,True,True,False,0.0,2.4479,2.4479,14634.529,2021-07-06 12:20:00,0.9823,14791.599,2021-07-06 15:50:00,True,2021-07-06 10:35:00,0.3929,0.9823,True,14748.409,2021-07-06 10:38:00,0.0391
NQ,2021-07-07,Wednesday,ADR,14773.779,14764.607,9.17200000000048,14776.099,14761.359,14.739999999999782,True,LONG,2021-07-06 21:15:00,14779.619,True,False,,3.3666,0.0968,3.3666,14804.657,2021-07-06 23:12:00,0.0,14778.309,2021-07-06 21:22:00,True,2021-07-06 21:20:00,0.0,0.0,False,,,
NQ,2021-07-07,Wednesday,ODR,14847.759,14789.607,58.152000000000044,14849.367,14788.519,60.847999999999956,True,LONG,2021-07-07 04:00:00,14850.769,True,True,True,0.5389,0.0,0.5389,14879.097,2021-07-07 08:16:00,0.286,14831.129,2021-07-07 04:57:00,True,2021-07-07 08:16:00,0.286,0.0,True,14843.759,2021-07-07 04:35:00,0.0688
NQ,2021-07-07,Wednesday,RDR,14878.217,14798.059,80.15800000000127,14891.997,14795.089,96.90799999999945,True,SHORT,2021-07-07 10:35:00,14778.409,True,True,False,0.0,0.769,0.769,14736.419,2021-07-07 10:45:00,0.4982,14837.997,2021-07-07 11:55:00,True,2021-07-07 10:42:00,0.0,0.4982,True,14806.999,2021-07-07 11:44:00,0.1115
NQ,2021-07-08,Thursday,ADR,14827.569,14816.419,11.149999999999636,14830.299,14814.949,15.350000000000364,True,SHORT,2021-07-07 20:50:00,14814.877,True,True,True,0.0734,3.1758,3.1758,14781.009,2021-07-07 22:42:00,0.3747,14820.597,2021-07-07 21:39:00,True,2021-07-07 21:05:00,0.3747,0.3747,True,14816.599,2021-07-07 20:58:00,0.0161
NQ,2021-07-08,Thursday,ODR,14770.589,14687.919,82.67000000000007,14777.287,14672.109,105.17799999999988,True,SHORT,2021-07-08 04:00:00,14669.029,True,True,True,0.0,1.6335,1.6335,14552.879,2021-07-08 08:11:00,0.146,14699.989,2021-07-08 04:19:00,True,2021-07-08 04:35:00,0.146,0.0,True,14691.419,2021-07-08 04:13:00,0.0423
NQ,2021-07-08,Thursday,RDR,14653.459,14550.879,102.57999999999993,14660.499,14550.879,109.61999999999898,True,LONG,2021-07-08 11:35:00,14670.309,True,False,,1.0825,0.0,1.0825,14764.499,2021-07-08 13:43:00,0.0,14659.419,2021-07-08 11:42:00,True,2021-07-08 12:29:00,0.0,0.0,False,,,
NQ,2021-07-09,Friday,ADR,14724.589,14699.759,24.829999999999927,14724.589,14696.769,27.81999999999971,True,SHORT,2021-07-08 20:30:00,14692.949,True,True,False,0.0,2.0334,2.0334,14649.269,2021-07-08 22:03:00,0.6983,14717.099,2021-07-09 01:20:00,True,2021-07-08 20:37:00,0.0,0.6983,True,14700.277,2021-07-08 23:08:00,0.0209
NQ,2021-07-09,Friday,ODR,14744.599,14702.669,41.93000000000029,14751.189,14696.789,54.399999999999636,True,SHORT,2021-07-09 06:00:00,14688.309,True,True,False,0.1049,0.6258,0.6258,14676.429,2021-07-09 06:06:00,1.0575,14747.009,2021-07-09 08:15:00,True,2021-07-09 06:05:00,0.0,1.0575,True,14707.987,2021-07-09 06:32:00,0.1268
NQ,2021-07-09,Friday,RDR,14737.419,14693.889,43.530000000000655,14744.199,14677.639,66.56000000000131,True,LONG,2021-07-09 10:40:00,14747.899,True,False,,2.3428,0.0,2.3428,14839.399,2021-07-09 12:48:00,0.0,14741.199,2021-07-09 10:46:00,True,2021-07-09 10:50:00,0.0,0.0,False,,,
NQ,2021-07-12,Monday,ADR,14841.317,14825.619,15.697999999998501,14841.789,14822.999,18.790000000000873,True,SHORT,2021-07-11 20:40:00,14822.659,True,True,True,0.0,1.5696,1.5696,14800.979,2021-07-11 23:25:00,0.6108,14835.207,2021-07-11 21:00:00,True,2021-07-11 21:31:00,0.6108,0.0,True,14826.199,2021-07-11 20:45:00,0.0369
NQ,2021-07-12,Monday,ODR,14837.499,14792.517,44.98199999999997,14839.399,14791.919,47.47999999999956,True,LONG,2021-07-12 04:45:00,14844.109,True,True,True,0.8626,0.0,0.8626,14876.299,2021-07-12 08:21:00,0.3984,14819.579,2021-07-12 06:13:00,True,2021-07-12 08:10:00,0.3984,0.0,True,14831.319,2021-07-12 06:10:00,0.1374
NQ,2021-07-12,Monday,RDR,14877.499,14823.589,53.909999999999854,14896.089,14810.429,85.65999999999985,False,,,,,,,0.0948,0.0,,,,,,,False,,,,False,,,
NQ,2021-07-13,Tuesday,ADR,14892.459,14882.789,9.670000000000073,14892.809,14881.849,10.959999999999127,True,SHORT,2021-07-12 21:30:00,14881.819,False,True,False,0.1789,0.4199,0.2647,14880.229,2021-07-12 21:47:00,1.0869,14893.299,2021-07-12 22:21:00,False,,0.3524,,True,14885.289,2021-07-12 21:35:00,0.2585
NQ,2021-07-13,Tuesday,ODR,14874.807,14866.469,8.338000000001557,14878.699,14859.919,18.780000000000655,True,LONG,2021-07-13 04:15:00,14882.609,True,False,,7.4589,0.0,7.4589,14936.999,2021-07-13 06:05:00,0.0,14880.259,2021-07-13 04:20:00,True,2021-07-13 04:20:00,0.0,0.0,False,,,
NQ,2021-07-13,Tuesday,RDR,14964.049,14861.249,102.80000000000109,14965.689,14853.239,112.45000000000073,True,LONG,2021-07-13 10:30:00,14970.259,False,True,False,0.3807,0.1957,0.3807,15003.187,2021-07-13 11:32:00,1.1957,14841.129,2021-07-13 14:03:00,False,,0.1198,,True,14958.819,2021-07-13 10:43:00,0.0509
NQ,2021-07-14,Wednesday,ADR,14874.739,14850.969,23.770000000000437,14875.207,14848.279,26.927999999999884,True,LONG,2021-07-13 21:10:00,14878.289,True,True,False,0.7766,0.0,0.7766,14893.199,2021-07-13 21:38:00,0.6761,14858.669,2021-07-14 01:59:00,True,2021-07-13 21:18:00,0.0,0.6761,True,14874.219,2021-07-13 22:11:00,0.0219
NQ,2021-07-14,Wednesday,ODR,14896.889,14868.629,28.2599999999984,14901.007,14864.049,36.95799999999872,True,LONG,2021-07-14 05:05:00,14919.289,True,False,,1.7222,0.2268,1.7222,14945.557,2021-07-14 07:58:00,0.0,14909.649,2021-07-14 07:01:00,True,2021-07-14 05:10:00,0.0,0.0,False,,,
NQ,2021-07-14,Wednesday,RDR,14999.919,14947.477,52.4419999999991,15002.787,14942.299,60.487999999999374,True,SHORT,2021-07-14 11:25:00,14925.739,True,True,True,0.0,1.4972,1.4972,14868.959,2021-07-14 11:59:00,0.1186,14953.697,2021-07-14 15:10:00,True,2021-07-14 11:30:00,0.0,0.1186,True,14952.597,2021-07-14 12:43:00,0.0976
NQ,2021-07-15,Thursday,ADR,14910.189,14892.509,17.68000000000029,14910.699,14890.259,20.44000000000051,True,SHORT,2021-07-14 20:45:00,14886.789,False,True,False,1.1945,0.6623,0.6623,14880.799,2021-07-14 20:54:00,2.1945,14931.307,2021-07-15 01:06:00,True,2021-07-14 20:50:00,0.0,2.1945,True,14896.089,2021-07-14 21:20:00,0.2025
NQ,2021-07-15,Thursday,ODR,14936.337,14913.439,22.89799999999923,14939.507,14903.099,36.40799999999945,True,LONG,2021-07-15 04:00:00,14941.229,False,True,False,1.4085,1.8713,1.4085,14968.589,2021-07-15 05:03:00,2.8713,14870.589,2021-07-15 07:25:00,True,2021-07-15 04:11:00,0.0401,2.8713,True,14935.419,2021-07-15 04:05:00,0.0401
NQ,2021-07-15,Thursday,RDR,14900.729,14810.539,90.18999999999869,14908.299,14793.039,115.26000000000022,True,SHORT,2021-07-15 10:45:00,14775.129,True,True,True,0.0,1.0389,1.0389,14716.839,2021-07-15 13:56:00,0.3054,14838.087,2021-07-15 11:33:00,True,2021-07-15 10:50:00,0.3054,0.3054,True,14811.129,2021-07-15 11:09:00,0.0065
NQ,2021-07-16,Friday,ADR,14779.797,14749.369,30.427999999999884,14779.899,14748.187,31.711999999999534,True,SHORT,2021-07-15 21:00:00,14747.379,False,True,False,0.6639,0.2711,0.2711,14741.119,2021-07-15 22:02:00,1.6639,14799.999,2021-07-16 01:36:00,False,,0.5045,,True,14752.489,2021-07-15 21:09:00,0.1025
NQ,2021-07-16,Friday,ODR,14812.589,14777.159,35.43000000000029,14818.699,14772.759,45.94000000000051,True,LONG,2021-07-16 06:55:00,14822.639,True,True,True,0.6904,0.0,0.6904,14837.049,2021-07-16 08:25:00,0.0071,14812.339,2021-07-16 07:40:00,True,2021-07-16 07:15:00,0.0071,0.0071,True,14812.339,2021-07-16 07:40:00,0.0071
NQ,2021-07-16,Friday,RDR,14870.799,14750.087,120.71200000000135,14875.869,14745.869,130.0,True,SHORT,2021-07-16 11:00:00,14743.799,True,True,True,0.0,0.6993,0.6993,14665.679,2021-07-16 15:51:00,0.3355,14790.589,2021-07-16 13:17:00,True,2021-07-16 15:29:00,0.3355,0.0,True,14753.227,2021-07-16 11:07:00,0.026
NQ,2021-07-19,Monday,ADR,14664.707,14628.079,36.62800000000061,14668.497,14619.659,48.83799999999974,False,,,,,,,0.0186,0.2127,,,,,,,False,,,,False,,,
NQ,2021-07-19,Monday,ODR,14665.809,14637.027,28.781999999999243,14670.899,14634.109,36.789999999999054,True,SHORT,2021-07-19 04:35:00,14627.229,True,True,True,0.2258,4.3853,4.3853,14510.809,2021-07-19 08:22:00,0.3572,14647.309,2021-07-19 04:41:00,True,2021-07-19 04:50:00,0.3572,0.3144,True,14645.089,2021-07-19 04:40:00,0.2801
NQ,2021-07-19,Monday,RDR,14575.719,14481.139,94.57999999999993,14581.199,14464.639,116.56000000000131,True,SHORT,2021-07-19 13:30:00,14460.839,True,True,False,0.0431,0.3023,0.2182,14460.499,2021-07-19 13:35:00,0.8412,14560.699,2021-07-19 15:59:00,False,,0.009,,True,14481.989,2021-07-19 13:35:00,0.009
NQ,2021-07-20,Tuesday,ADR,14606.559,14587.667,18.891999999999825,14608.989,14587.519,21.469999999999345,True,LONG,2021-07-19 20:40:00,14615.089,True,True,True,2.22,0.0,2.22,14648.499,2021-07-19 21:58:00,0.9898,14587.859,2021-07-20 00:20:00,True,2021-07-19 21:15:00,0.288,0.9898,True,14604.549,2021-07-19 21:05:00,0.1064
NQ,2021-07-20,Tuesday,ODR,14637.769,14602.019,35.75,14646.879,14601.729,45.150000000001455,True,SHORT,2021-07-20 05:45:00,14599.399,True,True,False,0.0,0.4173,0.4173,14587.099,2021-07-20 05:53:00,0.8187,14631.289,2021-07-20 07:08:00,False,,0.0,,True,14602.797,2021-07-20 06:06:00,0.0218
NQ,2021-07-20,Tuesday,RDR,14613.797,14532.159,81.63800000000083,14620.719,14522.069,98.64999999999964,True,LONG,2021-07-20 10:40:00,14641.299,True,False,,2.1659,0.0,2.1659,14790.619,2021-07-20 15:15:00,0.0,14635.509,2021-07-20 10:45:00,True,2021-07-20 10:47:00,0.0,0.0,False,,,
NQ,2021-07-21,Wednesday,ADR,14754.589,14735.329,19.26000000000022,14755.409,14730.879,24.529999999998836,True,SHORT,2021-07-20 22:00:00,14729.199,True,False,,0.0,2.108,2.108,14694.729,2021-07-21 01:00:00,0.0,14733.379,2021-07-20 22:07:00,True,2021-07-20 22:08:00,0.0,0.0,False,,,
NQ,2021-07-21,Wednesday,ODR,14739.189,14719.749,19.44000000000051,14746.889,14716.689,30.19999999999891,True,LONG,2021-07-21 04:15:00,14754.539,False,True,False,1.7442,2.2675,1.7442,14773.097,2021-07-21 04:24:00,3.2675,14675.669,2021-07-21 07:53:00,True,2021-07-21 04:20:00,0.0,3.2675,True,14737.639,2021-07-21 05:44:00,0.0797
NQ,2021-07-21,Wednesday,RDR,14771.719,14709.897,61.8219999999983,14777.909,14702.019,75.88999999999942,True,LONG,2021-07-21 11:00:00,14787.799,True,True,True,1.1434,0.0,1.1434,14842.409,2021-07-21 15:59:00,0.4147,14746.079,2021-07-21 13:02:00,True,2021-07-21 15:01:00,0.4147,0.0,True,14769.709,2021-07-21 11:43:00,0.0325
NQ,2021-07-22,Thursday,ADR,14854.099,14842.619,11.479999999999563,14855.487,14840.709,14.777999999998428,True,LONG,2021-07-21 21:40:00,14860.809,True,True,False,0.9922,0.0,0.9922,14865.489,2021-07-21 22:41:00,0.9399,14843.309,2021-07-22 01:08:00,True,2021-07-21 21:45:00,0.0,0.9399,True,14853.109,2021-07-21 22:59:00,0.0862
NQ,2021-07-22,Thursday,ODR,14882.689,14864.627,18.061999999999898,14888.207,14863.729,24.478000000000975,True,SHORT,2021-07-22 04:35:00,14860.049,True,True,True,0.0,0.9106,0.9106,14848.179,2021-07-22 06:09:00,0.4253,14872.309,2021-07-22 07:15:00,True,2021-07-22 04:51:00,0.2581,0.4253,True,14865.089,2021-07-22 05:15:00,0.0256
NQ,2021-07-22,Thursday,RDR,14915.847,14850.117,65.72999999999956,14918.799,14849.809,68.9900000000016,True,LONG,2021-07-22 10:35:00,14926.419,True,True,True,0.4005,0.0,0.4005,14942.169,2021-07-22 15:59:00,0.8122,14862.459,2021-07-22 12:21:00,False,,0.8122,,True,14910.599,2021-07-22 11:06:00,0.0798
NQ,2021-07-23,Friday,ADR,14985.169,14976.177,8.99200000000019,14987.689,14974.829,12.860000000000582,True,LONG,2021-07-22 20:30:00,14989.319,True,True,False,2.4711,0.0932,2.4711,15007.389,2021-07-22 20:50:00,1.0932,14975.339,2021-07-23 00:18:00,True,2021-07-22 20:35:00,0.0,1.0932,True,14984.439,2021-07-22 22:14:00,0.0812
NQ,2021-07-23,Friday,ODR,15002.169,14977.719,24.450000000000728,15003.797,14975.419,28.37800000000061,True,LONG,2021-07-23 04:00:00,15004.639,True,True,False,0.9538,0.0,0.9538,15025.489,2021-07-23 05:51:00,0.7301,14984.319,2021-07-23 07:48:00,True,2021-07-23 04:15:00,0.009,0.7301,True,15001.949,2021-07-23 04:06:00,0.009
NQ,2021-07-23,Friday,RDR,15008.999,14960.219,48.780000000000655,15015.489,14945.329,70.15999999999985,True,LONG,2021-07-23 10:35:00,15021.069,True,True,True,2.4108,0.0,2.4108,15126.599,2021-07-23 15:42:00,0.1043,15003.909,2021-07-23 10:46:00,True,2021-07-23 11:02:00,0.1043,0.0,True,15008.539,2021-07-23 10:45:00,0.0094
NQ,2021-07-26,Monday,ADR,15132.567,15115.229,17.337999999999738,15134.389,15113.209,21.179999999998472,True,SHORT,2021-07-25 20:35:00,15112.909,True,False,,0.0,1.9085,1.9085,15082.139,2021-07-26 01:31:00,0.0,15113.707,2021-07-25 20:44:00,True,2021-07-25 20:42:00,0.0,0.0,False,,,
NQ,2021-07-26,Monday,ODR,15110.577,15087.349,23.227999999999156,15114.599,15083.539,31.05999999999949,True,SHORT,2021-07-26 04:00:00,15065.739,True,True,True,0.0,1.7281,1.7281,15047.209,2021-07-26 04:18:00,0.75,15104.769,2021-07-26 07:39:00,True,2021-07-26 04:05:00,0.0,0.75,True,15089.749,2021-07-26 05:25:00,0.1033
NQ,2021-07-26,Monday,RDR,15124.849,15058.029,66.81999999999971,15126.099,15049.639,76.46000000000095,True,LONG,2021-07-26 10:35:00,15128.629,True,True,True,0.2522,0.0,0.2522,15141.699,2021-07-26 12:00:00,0.4957,15091.727,2021-07-26 10:50:00,False,,0.4957,,True,15121.179,2021-07-26 10:40:00,0.0549
NQ,2021-07-27,Tuesday,ADR,15124.887,15117.739,7.148000000001048,15124.987,15115.199,9.787999999998647,True,SHORT,2021-07-26 20:30:00,15114.859,True,False,,0.0,2.9477,2.9477,15096.669,2021-07-27 01:35:00,0.0,15117.497,2021-07-26 21:38:00,True,2021-07-26 20:35:00,0.0,0.0,False,,,
NQ,2021-07-27,Tuesday,ODR,15106.339,15064.749,41.590000000000146,15108.999,15059.609,49.38999999999942,True,LONG,2021-07-27 06:00:00,15109.917,True,True,True,0.773,0.0,0.773,15138.489,2021-07-27 07:37:00,0.089,15102.639,2021-07-27 06:28:00,True,2021-07-27 07:02:00,0.089,0.0,True,15105.869,2021-07-27 06:13:00,0.0113
NQ,2021-07-27,Tuesday,RDR,15112.889,14980.109,132.77999999999884,15112.939,14959.779,153.15999999999985,True,SHORT,2021-07-27 10:30:00,14943.597,True,False,,0.0,1.469,1.469,14785.059,2021-07-27 13:22:00,0.0,14963.487,2021-07-27 15:59:00,True,2021-07-27 10:37:00,0.0,0.0,False,,,
NQ,2021-07-28,Wednesday,ADR,14955.897,14926.719,29.178000000001703,14957.199,14924.629,32.56999999999971,True,LONG,2021-07-27 21:00:00,14961.179,False,True,False,0.4182,0.8126,0.4182,14968.099,2021-07-27 21:26:00,1.8126,14903.009,2021-07-28 01:03:00,False,,0.0,,True,14952.919,2021-07-27 21:38:00,0.1021
NQ,2021-07-28,Wednesday,ODR,14945.589,14934.999,10.590000000000146,14950.999,14931.839,19.159999999999854,True,LONG,2021-07-28 04:00:00,14952.339,True,False,,6.9415,0.0,6.9415,15019.099,2021-07-28 08:29:00,0.0,14949.979,2021-07-28 04:05:00,True,2021-07-28 04:05:00,0.0,0.0,False,,,
NQ,2021-07-28,Wednesday,RDR,15064.919,14919.319,145.60000000000036,15074.979,14912.599,162.3799999999992,False,,,,,,,0.1358,0.0,,,,,,,False,,,,False,,,
NQ,2021-07-29,Thursday,ADR,14998.229,14987.249,10.979999999999563,15002.187,14983.609,18.57799999999952,True,SHORT,2021-07-28 21:30:00,14977.649,True,True,False,0.4089,3.0118,3.0118,14954.179,2021-07-28 21:54:00,1.1519,14999.897,2021-07-29 01:32:00,True,2021-07-28 21:35:00,0.0,1.1519,True,14987.719,2021-07-29 01:22:00,0.0428
NQ,2021-07-29,Thursday,ODR,15033.309,15011.217,22.091999999998734,15033.589,15009.749,23.840000000000146,True,SHORT,2021-07-29 04:20:00,15001.659,True,True,False,0.0,1.8725,1.8725,14969.849,2021-07-29 06:48:00,0.3477,15018.899,2021-07-29 08:14:00,True,2021-07-29 06:36:00,0.3064,0.3477,True,15011.499,2021-07-29 04:41:00,0.0128
NQ,2021-07-29,Thursday,RDR,15076.209,14993.037,83.17200000000048,15089.789,14992.639,97.15000000000146,False,,,,,,,0.2114,0.0,,,,,,,False,,,,False,,,
NQ,2021-07-30,Friday,ADR,14911.669,14863.429,48.23999999999978,14913.089,14862.129,50.95999999999913,True,SHORT,2021-07-29 20:45:00,14837.019,True,True,True,0.0,0.8808,0.8808,14820.939,2021-07-30 01:28:00,0.3041,14878.097,2021-07-29 22:31:00,True,2021-07-29 20:50:00,0.3041,0.3041,True,14864.707,2021-07-29 22:15:00,0.0265
NQ,2021-07-30,Friday,ODR,14858.169,14836.029,22.139999999999418,14861.417,14833.959,27.45799999999872,True,LONG,2021-07-30 04:10:00,14868.079,True,True,True,2.4494,0.0,2.4494,14912.399,2021-07-30 07:00:00,0.1247,14855.409,2021-07-30 08:02:00,True,2021-07-30 04:15:00,0.0,0.1247,True,14855.409,2021-07-30 08:02:00,0.1247
NQ,2021-07-30,Friday,RDR,14987.117,14877.687,109.43000000000029,14989.889,14876.609,113.27999999999884,False,,,,,,,0.0154,0.0,,,,,,,False,,,,False,,,
NQ,2021-08-02,Monday,ADR,15013.517,15005.597,7.920000000000073,15015.899,15002.507,13.391999999999825,True,LONG,2021-08-01 20:30:00,15016.539,True,True,True,4.9116,0.0,4.9116,15052.417,2021-08-02 01:37:00,0.7801,15007.339,2021-08-01 22:09:00,True,2021-08-01 20:38:00,0.7801,0.7801,True,15013.109,2021-08-01 20:36:00,0.0515
NQ,2021-08-02,Monday,ODR,15060.949,15046.177,14.772000000000844,15065.199,15043.869,21.329999999999927,True,SHORT,2021-08-02 04:20:00,15041.369,True,True,True,0.0,2.6881,2.6881,15006.469,2021-08-02 07:00:00,0.57,15054.597,2021-08-02 05:45:00,True,2021-08-02 04:26:00,0.57,0.57,True,15046.509,2021-08-02 04:31:00,0.0225
NQ,2021-08-02,Monday,RDR,15036.197,14964.839,71.35800000000017,15054.219,14946.329,107.88999999999942,True,LONG,2021-08-02 11:15:00,15055.189,False,True,False,0.3755,0.2836,0.3755,15062.989,2021-08-02 11:37:00,1.2836,14944.599,2021-08-02 15:49:00,False,,0.0,,True,15036.039,2021-08-02 11:52:00,0.0022
NQ,2021-08-03,Tuesday,ADR,14994.259,14966.109,28.149999999999636,14998.987,14963.609,35.37799999999879,True,SHORT,2021-08-02 22:00:00,14958.589,False,True,False,0.1439,0.4679,0.3577,14956.039,2021-08-02 22:31:00,1.1439,14998.309,2021-08-03 01:23:00,False,,0.1911,,True,14967.199,2021-08-02 22:07:00,0.0387
NQ,2021-08-03,Tuesday,ODR,14999.499,14988.469,11.030000000000655,15002.619,14985.579,17.040000000000873,True,SHORT,2021-08-03 05:10:00,14978.479,True,True,True,0.0626,1.7634,1.7634,14969.019,2021-08-03 05:22:00,0.3645,14992.489,2021-08-03 06:18:00,True,2021-08-03 05:15:00,0.0,0.3645,True,14988.499,2021-08-03 06:10:00,0.0027
NQ,2021-08-03,Tuesday,RDR,14998.509,14878.889,119.6200000000008,15020.789,14874.829,145.96000000000095,True,LONG,2021-08-03 11:55:00,15022.629,True,True,True,0.5315,0.146,0.5315,15062.089,2021-08-03 15:59:00,0.0538,14992.069,2021-08-03 12:25:00,True,2021-08-03 15:34:00,0.0538,0.0,True,14997.689,2021-08-03 12:22:00,0.0069
NQ,2021-08-04,Wednesday,ADR,15046.789,15034.487,12.302000000001499,15048.199,15032.759,15.44000000000051,True,LONG,2021-08-03 21:15:00,15049.579,True,True,True,2.7231,0.0,2.7231,15080.289,2021-08-04 01:56:00,0.8803,15035.959,2021-08-03 21:42:00,True,2021-08-03 21:55:00,0.8803,0.0146,True,15046.509,2021-08-03 21:28:00,0.0228
NQ,2021-08-04,Wednesday,ODR,15077.889,15061.609,16.279999999998836,15080.799,15059.929,20.8700000000008,True,SHORT,2021-08-04 04:05:00,15055.999,True,True,True,0.0,1.8342,1.8342,15031.749,2021-08-04 08:28:00,0.7856,15074.399,2021-08-04 06:37:00,True,2021-08-04 07:31:00,0.7856,0.43,True,15062.699,2021-08-04 04:14:00,0.067
NQ,2021-08-04,Wednesday,RDR,15069.399,15030.989,38.409999999999854,15081.559,15015.949,65.60999999999876,True,LONG,2021-08-04 13:00:00,15088.829,True,False,,1.3666,0.56,1.3666,15121.889,2021-08-04 14:36:00,0.0,15075.259,2021-08-04 15:20:00,True,2021-08-04 13:05:00,0.0,0.0,False,,,
NQ,2021-08-05,Thursday,ADR,15110.759,15093.057,17.701999999999316,15112.367,15091.779,20.587999999999738,False,,,,,,,0.1558,0.0835,,,,,,,False,,,,False,,,
NQ,2021-08-05,Thursday,ODR,15104.379,15085.847,18.532000000001062,15107.987,15085.847,22.139999999999418,True,LONG,2021-08-05 05:15:00,15108.919,True,False,,1.2583,0.0,1.2583,15127.697,2021-08-05 06:16:00,0.0,15106.589,2021-08-05 05:20:00,True,2021-08-05 05:26:00,0.0,0.0,False,,,
NQ,2021-08-05,Thursday,RDR,15141.999,15111.399,30.600000000000364,15144.319,15084.959,59.35999999999876,True,LONG,2021-08-05 10:50:00,15160.569,True,False,,1.3464,0.0,1.3464,15183.199,2021-08-05 15:59:00,0.0,15146.759,2021-08-05 13:03:00,True,2021-08-05 10:55:00,0.0,0.0,False,,,
NQ,2021-08-06,Friday,ADR,15175.707,15168.239,7.468000000000757,15177.297,15166.367,10.930000000000291,False,,,,,,,0.3053,0.3401,,,,,,,False,,,,False,,,
NQ,2021-08-06,Friday,ODR,15160.767,15154.119,6.647999999999229,15162.397,15151.699,10.69800000000032,True,SHORT,2021-08-06 04:00:00,15150.529,False,True,True,1.0743,0.6513,0.528,15150.609,2021-08-06 04:05:00,2.0743,15167.909,2021-08-06 04:55:00,True,2021-08-06 04:05:00,0.0677,2.0743,True,15154.569,2021-08-06 04:05:00,0.0677
NQ,2021-08-06,Friday,RDR,15151.987,15113.049,38.93799999999828,15159.149,15104.759,54.38999999999942,True,SHORT,2021-08-06 10:45:00,15101.029,True,True,True,0.0,1.3475,1.3475,15060.579,2021-08-06 11:10:00,0.2349,15122.197,2021-08-06 13:03:00,True,2021-08-06 10:51:00,0.0,0.2349,True,15115.899,2021-08-06 11:59:00,0.0732
NQ,2021-08-09,Monday,ADR,15040.997,15020.339,20.657999999999447,15040.997,15011.759,29.237999999999374,True,LONG,2021-08-08 21:40:00,15045.009,True,True,True,1.0307,0.0,1.0307,15062.289,2021-08-09 01:49:00,0.0957,15039.019,2021-08-08 21:54:00,True,2021-08-08 22:35:00,0.0957,0.0,True,15039.019,2021-08-08 21:54:00,0.0957
NQ,2021-08-09,Monday,ODR,15093.719,15055.769,37.94999999999891,15097.797,15055.229,42.56800000000112,True,LONG,2021-08-09 04:15:00,15103.539,True,False,,1.0492,0.0,1.0492,15133.537,2021-08-09 07:26:00,0.0,15097.219,2021-08-09 04:32:00,True,2021-08-09 04:44:00,0.0,0.0,False,,,
NQ,2021-08-09,Monday,RDR,15132.199,15082.719,49.48000000000138,15148.089,15078.659,69.43000000000029,True,LONG,2021-08-09 14:30:00,15154.849,True,True,True,0.4913,0.0,0.481,15155.999,2021-08-09 14:35:00,0.0893,15127.779,2021-08-09 15:50:00,False,,0.0,,True,15132.119,2021-08-09 15:48:00,0.0016
NQ,2021-08-10,Tuesday,ADR,15132.167,15124.209,7.957999999998719,15133.809,15123.189,10.619999999998981,True,LONG,2021-08-09 20:55:00,15135.489,False,True,False,0.4549,2.6853,0.4549,15135.787,2021-08-09 21:00:00,3.6853,15102.839,2021-08-09 22:01:00,False,,0.0,,True,15131.109,2021-08-09 21:02:00,0.1329
NQ,2021-08-10,Tuesday,ODR,15149.129,15129.777,19.35200000000077,15150.499,15126.859,23.639999999999418,True,LONG,2021-08-10 04:00:00,15154.189,True,True,True,0.5824,0.0,0.5824,15160.399,2021-08-10 07:02:00,0.5932,15137.649,2021-08-10 04:41:00,True,2021-08-10 07:02:00,0.5932,0.1008,True,15149.117,2021-08-10 04:06:00,0.0006
NQ,2021-08-10,Tuesday,RDR,15158.597,15106.989,51.608000000000175,15167.999,15106.249,61.75,True,SHORT,2021-08-10 10:30:00,15068.499,True,False,,0.0,1.9363,1.9363,15007.059,2021-08-10 11:15:00,0.0,15098.499,2021-08-10 12:25:00,True,2021-08-10 10:35:00,0.0,0.0,False,,,
NQ,2021-08-11,Wednesday,ADR,15051.609,15044.557,7.05199999999968,15056.099,15043.789,12.30999999999949,True,SHORT,2021-08-10 20:45:00,15043.779,False,True,False,1.557,1.466,1.466,15034.219,2021-08-10 21:01:00,2.557,15062.589,2021-08-11 01:16:00,True,2021-08-10 20:56:00,0.4455,2.557,True,15046.499,2021-08-10 20:50:00,0.2754
NQ,2021-08-11,Wednesday,ODR,15046.659,15018.257,28.402000000000044,15052.989,15009.159,43.82999999999993,True,SHORT,2021-08-11 05:15:00,14995.399,True,True,False,0.0,1.0608,0.8777,14993.329,2021-08-11 05:20:00,0.6599,15036.999,2021-08-11 07:04:00,True,2021-08-11 05:20:00,0.0,0.6599,True,15019.167,2021-08-11 06:23:00,0.032
NQ,2021-08-11,Wednesday,RDR,15121.787,15052.237,69.55000000000109,15130.309,15045.069,85.23999999999978,True,SHORT,2021-08-11 10:30:00,15039.869,True,False,,0.0,1.163,1.163,14971.349,2021-08-11 11:17:00,0.0,15051.967,2021-08-11 10:51:00,True,2021-08-11 10:59:00,0.0,0.0,False,,,
NQ,2021-08-12,Thursday,ADR,15009.799,14997.869,11.930000000000291,15010.599,14996.639,13.960000000000946,True,LONG,2021-08-11 21:15:00,15011.079,True,True,False,0.6119,0.0,0.6119,15017.099,2021-08-11 23:52:00,0.8617,14999.519,2021-08-12 01:45:00,True,2021-08-11 23:48:00,0.2313,0.8617,True,15009.389,2021-08-11 21:23:00,0.0344
NQ,2021-08-12,Thursday,ODR,15002.139,14992.049,10.089999999998327,15003.349,14989.079,14.270000000000437,True,LONG,2021-08-12 04:00:00,15008.179,True,True,True,3.8702,0.0,3.8702,15041.189,2021-08-12 06:48:00,0.7027,14995.049,2021-08-12 04:13:00,True,2021-08-12 04:05:00,0.7027,0.7027,True,15001.049,2021-08-12 04:08:00,0.108
NQ,2021-08-12,Thursday,RDR,15025.549,14961.529,64.02000000000044,15028.099,14948.409,79.69000000000051,True,LONG,2021-08-12 10:30:00,15038.499,True,False,,1.1495,0.0,1.1495,15099.139,2021-08-12 15:40:00,0.0,15032.119,2021-08-12 10:45:00,True,2021-08-12 10:50:00,0.0,0.0,False,,,
NQ,2021-08-13,Friday,ADR,15081.267,15071.459,9.807999999999083,15081.267,15069.469,11.798000000000684,True,LONG,2021-08-12 20:30:00,15082.619,True,True,False,0.5559,0.0,0.5559,15086.719,2021-08-12 22:26:00,0.9164,15072.279,2021-08-13 01:47:00,True,2021-08-12 22:24:00,0.8817,0.9164,True,15080.759,2021-08-12 20:36:00,0.0518
NQ,2021-08-13,Friday,ODR,15103.239,15085.629,17.609999999998763,15103.999,15085.629,18.36999999999898,True,SHORT,2021-08-13 07:10:00,15084.389,True,True,True,0.0,1.2703,1.2703,15063.259,2021-08-13 08:00:00,0.021,15085.999,2021-08-13 07:29:00,True,2021-08-13 07:22:00,0.021,0.021,True,15085.697,2021-08-13 07:27:00,0.0039
NQ,2021-08-13,Friday,RDR,15146.389,15083.317,63.072000000000116,15150.449,15077.219,73.23000000000138,False,,,,,,,0.0,0.0,,,,,,,False,,,,False,,,
NQ,2021-08-16,Monday,ADR,15123.179,15104.517,18.662000000000262,15123.179,15099.219,23.960000000000946,False,,,,,,,0.0,0.1473,,,,,,,False,,,,False,,,
NQ,2021-08-16,Monday,ODR,15121.599,15098.089,23.51000000000022,15124.559,15094.729,29.829999999999927,True,SHORT,2021-08-16 06:15:00,15085.089,True,True,True,0.0,1.3509,1.3509,15066.329,2021-08-16 06:23:00,0.1791,15102.299,2021-08-16 07:01:00,True,2021-08-16 06:20:00,0.0,0.1791,True,15099.817,2021-08-16 07:00:00,0.0735
NQ,2021-08-16,Monday,RDR,15110.319,14955.889,154.4300000000003,15118.289,14949.059,169.23000000000138,True,SHORT,2021-08-16 10:50:00,14942.289,False,True,False,0.209,0.2082,0.1785,14928.319,2021-08-16 10:59:00,1.209,15142.599,2021-08-16 15:59:00,False,,0.0,,True,14961.077,2021-08-16 11:00:00,0.0336
NQ,2021-08-17,Tuesday,ADR,15136.657,15119.649,17.00799999999981,15138.119,15117.819,20.30000000000109,True,SHORT,2021-08-16 20:40:00,15114.549,True,True,True,0.0,0.6838,0.6838,15108.019,2021-08-17 01:55:00,0.3675,15125.899,2021-08-16 21:48:00,True,2021-08-17 01:05:00,0.3675,0.0,True,15119.789,2021-08-16 20:50:00,0.0082
NQ,2021-08-17,Tuesday,ODR,15100.979,15071.949,29.029999999998836,15105.297,15063.339,41.95800000000054,True,SHORT,2021-08-17 08:25:00,15061.189,True,,,0.0,0.6283,,,,,,,False,,,,False,,,
NQ,2021-08-17,Tuesday,RDR,15038.879,14978.659,60.220000000001164,15048.069,14954.639,93.43000000000029,True,LONG,2021-08-17 10:40:00,15059.619,False,True,False,0.4703,1.1998,0.4703,15067.199,2021-08-17 10:50:00,2.1998,14906.409,2021-08-17 13:00:00,False,,0.0,,True,15036.869,2021-08-17 10:56:00,0.0334
NQ,2021-08-18,Wednesday,ADR,14974.067,14959.289,14.777999999998428,14975.289,14957.329,17.960000000000946,True,LONG,2021-08-17 20:30:00,14976.639,True,False,,3.6353,0.0,3.6353,15027.789,2021-08-18 00:29:00,0.0,14975.019,2021-08-17 20:40:00,True,2021-08-17 20:42:00,0.0,0.0,False,,,
NQ,2021-08-18,Wednesday,ODR,15023.587,14992.247,31.340000000000146,15026.099,14988.739,37.36000000000058,True,SHORT,2021-08-18 04:15:00,14988.549,False,True,False,0.329,0.2434,0.2434,14984.619,2021-08-18 04:55:00,1.329,15033.899,2021-08-18 07:09:00,False,,0.2346,,True,14996.309,2021-08-18 04:21:00,0.1296
NQ,2021-08-18,Wednesday,RDR,15036.889,14984.819,52.06999999999971,15042.589,14972.279,70.30999999999949,True,SHORT,2021-08-18 14:10:00,14956.309,True,True,True,0.0,2.6626,2.6626,14846.179,2021-08-18 15:59:00,0.5431,15013.099,2021-08-18 14:31:00,True,2021-08-18 14:15:00,0.5431,0.5431,True,14989.749,2021-08-18 14:26:00,0.0947
NQ,2021-08-19,Thursday,ADR,14861.459,14840.679,20.780000000000655,14865.109,14839.569,25.540000000000873,True,LONG,2021-08-18 20:35:00,14865.429,False,True,False,0.7089,1.2089,0.7089,14876.189,2021-08-18 21:35:00,2.2089,14815.559,2021-08-19 01:57:00,True,2021-08-18 21:06:00,0.0,2.2089,True,14859.749,2021-08-18 21:57:00,0.0823
NQ,2021-08-19,Thursday,ODR,14765.019,14744.779,20.23999999999978,14773.069,14735.919,37.149999999999636,True,SHORT,2021-08-19 04:00:00,14729.009,False,True,False,1.7619,1.5993,1.5993,14712.409,2021-08-19 04:27:00,2.7619,14800.679,2021-08-19 06:07:00,True,2021-08-19 04:05:00,0.0,2.7619,True,14749.007,2021-08-19 05:33:00,0.2089
NQ,2021-08-19,Thursday,RDR,14869.719,14776.477,93.24199999999837,14887.079,14766.647,120.43199999999888,True,LONG,2021-08-19 10:55:00,14900.029,True,True,True,1.4207,0.0,1.4207,15002.189,2021-08-19 12:04:00,0.1068,14859.759,2021-08-19 14:32:00,True,2021-08-19 11:05:00,0.0,0.1068,True,14864.629,2021-08-19 14:30:00,0.0546
NQ,2021-08-20,Friday,ADR,14935.179,14914.009,21.170000000000073,14935.399,14910.269,25.1299999999992,True,LONG,2021-08-19 20:30:00,14941.709,False,True,False,1.0449,1.0,1.0449,14957.299,2021-08-19 20:50:00,2.0,14892.839,2021-08-20 01:29:00,True,2021-08-19 20:36:00,0.0,2.0,True,14932.339,2021-08-19 21:17:00,0.1342
NQ,2021-08-20,Friday,ODR,14916.907,14861.409,55.49799999999959,14920.399,14852.529,67.86999999999898,True,LONG,2021-08-20 08:20:00,14930.519,True,False,,0.3042,0.0,0.3042,14933.789,2021-08-20 08:27:00,0.0,14924.379,2021-08-20 08:29:00,False,,0.0,,False,,,
NQ,2021-08-20,Friday,RDR,15088.109,14973.599,114.51000000000022,15092.899,14960.889,132.01000000000022,True,LONG,2021-08-20 15:40:00,15094.119,True,True,False,0.116,0.0,0.116,15101.389,2021-08-20 15:58:00,0.0356,15084.037,2021-08-20 15:59:00,False,,0.0151,,True,15086.379,2021-08-20 15:49:00,0.0151
NQ,2021-08-23,Monday,ADR,15116.247,15106.249,9.997999999999593,15116.247,15105.659,10.587999999999738,True,LONG,2021-08-22 21:05:00,15119.149,True,False,,3.7089,0.243,3.7089,15153.329,2021-08-23 01:11:00,0.0,15116.829,2021-08-22 21:16:00,True,2021-08-22 21:13:00,0.0,0.0,False,,,
NQ,2021-08-23,Monday,ODR,15143.569,15123.099,20.469999999999345,15144.589,15121.009,23.579999999999927,False,,,,,,,0.0,0.0684,,,,,,,False,,,,False,,,
NQ,2021-08-23,Monday,RDR,15250.379,15125.769,124.61000000000058,15255.199,15125.769,129.4300000000003,True,LONG,2021-08-23 10:30:00,15258.579,True,False,,0.7166,0.0,0.7166,15339.679,2021-08-23 14:56:00,0.0,15253.179,2021-08-23 10:37:00,True,2021-08-23 11:56:00,0.0,0.0,False,,,
NQ,2021-08-24,Tuesday,ADR,15332.119,15328.079,4.040000000000873,15335.389,15327.519,7.869999999998981,True,SHORT,2021-08-23 21:30:00,15327.069,False,True,False,2.9624,1.1757,1.1757,15323.329,2021-08-23 23:13:00,3.9624,15344.087,2021-08-24 01:49:00,True,2021-08-23 23:00:00,1.4158,3.9624,True,15328.589,2021-08-23 21:35:00,0.1262
NQ,2021-08-24,Tuesday,ODR,15383.177,15372.589,10.587999999999738,15385.497,15370.159,15.337999999999738,True,SHORT,2021-08-24 05:35:00,15359.269,True,False,,0.0,5.6583,5.6583,15312.679,2021-08-24 08:24:00,0.0,15359.909,2021-08-24 05:40:00,True,2021-08-24 05:40:00,0.0,0.0,False,,,
NQ,2021-08-24,Tuesday,RDR,15370.259,15325.989,44.27000000000044,15372.099,15315.249,56.850000000000364,True,LONG,2021-08-24 10:30:00,15374.519,True,True,False,0.2988,0.0,0.2988,15383.489,2021-08-24 10:40:00,0.8272,15333.639,2021-08-24 12:30:00,False,,0.0,,True,15364.319,2021-08-24 10:47:00,0.1342
NQ,2021-08-25,Wednesday,ADR,15364.909,15355.099,9.80999999999949,15370.849,15353.559,17.290000000000873,True,SHORT,2021-08-24 22:20:00,15351.557,True,True,False,0.2538,0.6198,0.6198,15349.019,2021-08-25 01:00:00,1.2538,15367.399,2021-08-25 01:43:00,True,2021-08-24 22:25:00,0.4687,1.2538,True,15356.407,2021-08-24 22:26:00,0.1333
NQ,2021-08-25,Wednesday,ODR,15379.799,15367.099,12.700000000000728,15381.519,15365.349,16.170000000000073,True,LONG,2021-08-25 04:10:00,15383.209,False,True,False,0.8967,2.4764,0.8967,15391.187,2021-08-25 04:19:00,3.4764,15335.649,2021-08-25 07:31:00,True,2021-08-25 04:16:00,0.0,3.4764,True,15379.329,2021-08-25 04:28:00,0.037
NQ,2021-08-25,Wednesday,RDR,15391.597,15360.479,31.118000000000393,15399.589,15357.339,42.25,True,SHORT,2021-08-25 10:35:00,15353.559,True,True,False,0.0,0.7105,0.7105,15338.369,2021-08-25 10:50:00,0.9101,15388.799,2021-08-25 15:45:00,True,2021-08-25 10:40:00,0.0,0.9101,True,15362.719,2021-08-25 10:55:00,0.072
NQ,2021-08-26,Thursday,ADR,15369.509,15347.809,21.700000000000728,15370.109,15345.179,24.93000000000029,True,SHORT,2021-08-25 21:05:00,15343.089,True,True,True,0.0,1.1636,1.1636,15322.559,2021-08-25 22:07:00,0.2336,15352.879,2021-08-25 21:52:00,True,2021-08-25 22:06:00,0.2336,0.0,True,15348.599,2021-08-25 21:16:00,0.0364
NQ,2021-08-26,Thursday,ODR,15341.009,15306.319,34.69000000000051,15344.207,15299.829,44.37800000000061,True,LONG,2021-08-26 04:00:00,15346.569,True,True,True,0.5301,0.0,0.5301,15359.397,2021-08-26 07:24:00,0.5555,15321.739,2021-08-26 05:08:00,True,2021-08-26 07:24:00,0.5555,0.0,True,15339.219,2021-08-26 04:06:00,0.0516
NQ,2021-08-26,Thursday,RDR,15363.017,15300.239,62.77800000000025,15369.899,15274.319,95.57999999999993,False,,,,,,,0.0,0.6279,,,,,,,False,,,,False,,,
NQ,2021-08-27,Friday,ADR,15289.349,15271.179,18.170000000000073,15290.129,15269.879,20.25,True,LONG,2021-08-26 21:15:00,15290.909,True,False,,2.6445,0.0,2.6445,15337.399,2021-08-27 00:21:00,0.0,15289.709,2021-08-26 21:24:00,True,2021-08-26 21:26:00,0.0,0.0,False,,,
NQ,2021-08-27,Friday,ODR,15334.679,15322.509,12.170000000000073,15338.909,15319.749,19.159999999999854,True,SHORT,2021-08-27 04:25:00,15319.589,False,True,True,0.1329,0.7527,0.7527,15313.349,2021-08-27 07:49:00,1.1329,15336.297,2021-08-27 06:53:00,True,2021-08-27 04:30:00,1.1329,1.1329,True,15323.289,2021-08-27 04:39:00,0.0641
NQ,2021-08-27,Friday,RDR,15422.989,15293.629,129.35999999999876,15431.897,15287.029,144.8680000000004,True,LONG,2021-08-27 13:20:00,15437.659,True,True,True,0.1786,0.0,0.1786,15446.099,2021-08-27 15:26:00,0.01,15421.699,2021-08-27 14:16:00,False,,0.01,,True,15421.699,2021-08-27 14:16:00,0.01
NQ,2021-08-30,Monday,ADR,15455.719,15438.199,17.519999999998618,15457.089,15435.879,21.209999999999127,True,SHORT,2021-08-29 20:30:00,15432.339,True,True,False,0.0,0.9743,0.9743,15421.129,2021-08-29 21:41:00,0.4224,15445.599,2021-08-30 01:34:00,True,2021-08-29 20:38:00,0.0,0.4224,True,15438.599,2021-08-29 22:24:00,0.0228
NQ,2021-08-30,Monday,ODR,15443.599,15435.119,8.479999999999563,15447.189,15432.329,14.860000000000582,True,LONG,2021-08-30 04:05:00,15450.599,True,True,False,1.4741,0.0,1.4741,15456.099,2021-08-30 06:44:00,0.3443,15440.679,2021-08-30 08:20:00,True,2021-08-30 04:10:00,0.0,0.3443,True,15443.579,2021-08-30 07:23:00,0.0024
NQ,2021-08-30,Monday,RDR,15571.569,15456.927,114.64199999999983,15575.399,15456.899,118.5,True,LONG,2021-08-30 10:30:00,15583.879,True,True,True,0.4374,0.0,0.4374,15621.709,2021-08-30 14:18:00,0.0796,15562.439,2021-08-30 11:19:00,False,,0.0796,,True,15570.709,2021-08-30 10:45:00,0.0075
NQ,2021-08-31,Tuesday,ADR,15605.789,15596.819,8.970000000001164,15607.079,15595.049,12.029999999998836,True,SHORT,2021-08-30 20:35:00,15593.229,False,True,False,6.9911,0.5329,0.5329,15592.039,2021-08-30 22:16:00,7.9911,15668.499,2021-08-31 01:35:00,True,2021-08-30 22:16:00,0.4091,7.9911,True,15598.389,2021-08-30 21:04:00,0.175
NQ,2021-08-31,Tuesday,ODR,15671.229,15656.489,14.739999999999782,15672.907,15655.259,17.64799999999923,True,SHORT,2021-08-31 04:35:00,15654.769,True,True,True,0.0,6.0129,6.0129,15567.859,2021-08-31 08:28:00,0.0556,15657.309,2021-08-31 04:43:00,True,2021-08-31 04:50:00,0.0556,0.0,True,15656.809,2021-08-31 04:41:00,0.0217
NQ,2021-08-31,Tuesday,RDR,15609.109,15528.239,80.8700000000008,15612.069,15522.419,89.64999999999964,False,,,,,,,0.0,0.0,,,,,,,False,,,,False,,,
NQ,2021-09-01,Wednesday,ADR,15601.599,15585.439,16.159999999999854,15602.399,15582.619,19.779999999998836,True,SHORT,2021-08-31 21:30:00,15582.019,False,True,False,2.0111,0.3304,0.2679,15581.109,2021-08-31 21:35:00,3.0111,15634.099,2021-09-01 01:43:00,False,,0.06,,True,15586.409,2021-08-31 21:35:00,0.06
NQ,2021-09-01,Wednesday,ODR,15646.689,15626.329,20.360000000000582,15649.879,15625.909,23.970000000001164,True,SHORT,2021-09-01 04:05:00,15617.389,True,True,False,0.0835,1.8821,1.8821,15588.009,2021-09-01 05:22:00,1.0835,15648.389,2021-09-01 08:19:00,True,2021-09-01 04:11:00,0.0,1.0835,True,15627.889,2021-09-01 07:57:00,0.0766
NQ,2021-09-01,Wednesday,RDR,15697.179,15630.937,66.24200000000019,15699.989,15625.039,74.94999999999891,True,SHORT,2021-09-01 15:35:00,15624.539,True,True,True,0.0,0.4091,0.4091,15603.839,2021-09-01 15:57:00,0.0598,15634.897,2021-09-01 15:48:00,False,,0.0598,,True,15632.287,2021-09-01 15:40:00,0.0204
NQ,2021-09-02,Thursday,ADR,15628.957,15610.409,18.548000000000684,15630.009,15604.319,25.69000000000051,True,SHORT,2021-09-01 20:45:00,15603.489,True,True,False,0.0,0.6022,0.4254,15602.519,2021-09-02 01:20:00,0.7111,15623.599,2021-09-01 21:36:00,False,,0.7111,,True,15610.727,2021-09-01 20:57:00,0.0171
NQ,2021-09-02,Thursday,ODR,15633.489,15620.119,13.369999999998981,15633.489,15617.979,15.510000000000218,True,LONG,2021-09-02 04:00:00,15638.799,True,False,,1.6911,0.0,1.6911,15656.099,2021-09-02 07:45:00,0.0,15634.509,2021-09-02 05:56:00,True,2021-09-02 04:05:00,0.0,0.0,False,,,
NQ,2021-09-02,Thursday,RDR,15672.479,15622.269,50.20999999999913,15681.109,15616.049,65.05999999999949,True,SHORT,2021-09-02 12:15:00,15607.829,True,True,True,0.0,1.3975,1.3975,15552.099,2021-09-02 14:11:00,0.0783,15626.199,2021-09-02 13:02:00,True,2021-09-02 13:24:00,0.0783,0.0,True,15622.897,2021-09-02 12:36:00,0.0125
NQ,2021-09-03,Friday,ADR,15610.659,15595.149,15.510000000000218,15612.089,15594.909,17.18000000000029,True,LONG,2021-09-02 20:35:00,15615.819,True,True,True,1.234,0.0,1.234,15629.799,2021-09-02 23:00:00,0.8549,15597.399,2021-09-02 21:45:00,True,2021-09-02 22:52:00,0.8549,0.0,True,15610.639,2021-09-02 21:01:00,0.0013
NQ,2021-09-03,Friday,ODR,15621.819,15608.809,13.010000000000218,15624.589,15605.409,19.18000000000029,True,LONG,2021-09-03 04:00:00,15625.049,True,True,True,0.5058,0.0846,0.5058,15628.399,2021-09-03 07:39:00,1.0846,15607.709,2021-09-03 05:01:00,True,2021-09-03 07:39:00,1.0846,0.5135,True,15621.509,2021-09-03 04:22:00,0.0238
NQ,2021-09-03,Friday,RDR,15660.119,15553.629,106.48999999999978,15667.119,15553.629,113.48999999999978,False,,,,,,,0.0842,0.0,,,,,,,False,,,,False,,,
NQ,2021-09-06,Monday,ADR,15655.789,15647.249,8.540000000000873,15656.899,15645.019,11.8799999999992,True,SHORT,2021-09-05 20:30:00,15642.279,False,True,False,3.1393,0.7494,0.6885,15641.369,2021-09-05 21:19:00,4.1393,15682.599,2021-09-06 01:54:00,True,2021-09-05 20:35:00,0.2412,4.1393,True,15647.289,2021-09-05 20:46:00,0.0047
NQ,2021-09-06,Monday,ODR,15699.489,15684.899,14.590000000000146,15707.089,15684.519,22.56999999999971,False,,,,,,,0.0,0.0254,,,,,,,False,,,,False,,,
NQ,2021-09-06,Monday,RDR,15705.589,15686.817,18.772000000000844,15706.907,15685.869,21.037999999998647,False,,,,,,,0.0,0.0,,,,,,,False,,,,False,,,
NQ,2021-09-07,Tuesday,ADR,15695.229,15686.719,8.510000000000218,15695.889,15684.269,11.619999999998981,True,SHORT,2021-09-06 21:10:00,15682.849,True,False,,0.0,2.1387,2.1387,15668.519,2021-09-06 21:51:00,0.0,15686.589,2021-09-07 01:17:00,True,2021-09-06 21:15:00,0.0,0.0,False,,,
NQ,2021-09-07,Tuesday,ODR,15688.609,15678.507,10.102000000000771,15690.089,15676.099,13.989999999999782,True,SHORT,2021-09-07 04:05:00,15659.717,True,False,,0.0,5.7897,5.7897,15620.019,2021-09-07 05:34:00,0.0,15676.399,2021-09-07 04:39:00,True,2021-09-07 04:10:00,0.0,0.0,False,,,
NQ,2021-09-07,Tuesday,RDR,15654.719,15615.559,39.159999999999854,15667.889,15606.689,61.19999999999891,True,LONG,2021-09-07 10:50:00,15672.539,True,True,True,1.1897,0.0,1.1897,15701.307,2021-09-07 12:49:00,0.5672,15632.509,2021-09-07 11:27:00,True,2021-09-07 10:55:00,0.5672,0.5672,True,15653.689,2021-09-07 11:09:00,0.0263
NQ,2021-09-08,Wednesday,ADR,15677.219,15659.099,18.11999999999898,15680.179,15657.159,23.020000000000437,True,LONG,2021-09-07 20:50:00,15683.579,True,True,False,0.6887,0.0,0.6887,15689.699,2021-09-07 21:42:00,0.5359,15667.509,2021-09-08 01:14:00,True,2021-09-07 21:21:00,0.0,0.5359,True,15672.769,2021-09-07 23:31:00,0.2456
NQ,2021-09-08,Wednesday,ODR,15666.249,15615.609,50.63999999999942,15669.559,15604.529,65.02999999999884,True,LONG,2021-09-08 07:10:00,15677.289,True,True,False,0.2281,0.106,0.2281,15677.799,2021-09-08 07:15:00,0.2269,15654.759,2021-09-08 08:20:00,False,,0.0,,True,15666.119,2021-09-08 07:23:00,0.0026
NQ,2021-09-08,Wednesday,RDR,15664.369,15618.029,46.340000000000146,15665.689,15612.039,53.649999999999636,True,SHORT,2021-09-08 10:30:00,15592.867,True,True,False,0.0,2.0255,2.0255,15524.169,2021-09-08 12:00:00,0.1568,15625.297,2021-09-08 14:04:00,True,2021-09-08 10:35:00,0.0,0.1568,True,15624.399,2021-09-08 14:03:00,0.1375
NQ,2021-09-09,Thursday,ADR,15601.889,15591.719,10.170000000000073,15607.409,15590.929,16.479999999999563,True,SHORT,2021-09-08 20:45:00,15585.369,True,True,True,0.1485,3.7915,3.7915,15553.159,2021-09-09 01:32:00,0.8378,15600.239,2021-09-08 22:02:00,True,2021-09-08 20:50:00,0.8378,0.8378,True,15592.899,2021-09-08 21:12:00,0.116
NQ,2021-09-09,Thursday,ODR,15585.419,15556.889,28.530000000000655,15590.149,15545.399,44.75,True,LONG,2021-09-09 05:30:00,15594.219,True,True,True,1.429,0.0,1.429,15626.189,2021-09-09 07:55:00,0.463,15572.209,2021-09-09 07:45:00,True,2021-09-09 07:48:00,0.463,0.0,True,15585.139,2021-09-09 05:45:00,0.0098
NQ,2021-09-09,Thursday,RDR,15667.219,15628.369,38.849999999998545,15675.199,15621.699,53.5,True,SHORT,2021-09-09 11:25:00,15613.499,True,True,True,0.0,1.8795,1.8795,15555.349,2021-09-09 15:59:00,0.2677,15638.769,2021-09-09 12:40:00,True,2021-09-09 13:20:00,0.2677,0.0,True,15628.989,2021-09-09 11:40:00,0.016
NQ,2021-09-10,Friday,ADR,15576.419,15558.959,17.459999999999127,15578.399,15558.629,19.769999999998618,True,LONG,2021-09-09 23:15:00,15578.739,True,False,,1.2131,0.2371,1.2131,15597.599,2021-09-10 01:27:00,0.0,15576.649,2021-09-09 23:21:00,True,2021-09-10 00:34:00,0.0,0.0,False,,,
NQ,2021-09-10,Friday,ODR,15606.387,15592.819,13.56800000000112,15608.099,15587.269,20.829999999999927,True,LONG,2021-09-10 04:05:00,15612.749,True,False,,2.2555,0.0,2.2555,15636.989,2021-09-10 08:13:00,0.0,15607.519,2021-09-10 06:00:00,True,2021-09-10 04:19:00,0.0,0.0,False,,,
NQ,2021-09-10,Friday,RDR,15661.119,15608.859,52.26000000000022,15666.999,15599.819,67.18000000000029,True,SHORT,2021-09-10 10:30:00,15586.129,True,False,,0.0,3.3511,3.3511,15433.729,2021-09-10 15:55:00,0.0,15608.297,2021-09-10 13:14:00,True,2021-09-10 10:35:00,0.0,0.0,False,,,
NQ,2021-09-13,Monday,ADR,15494.299,15466.569,27.730000000001382,15495.397,15464.879,30.51800000000003,True,SHORT,2021-09-12 21:05:00,15461.299,True,True,True,0.0,1.9546,1.9546,15412.369,2021-09-13 01:10:00,0.062,15468.289,2021-09-12 21:18:00,True,2021-09-12 21:21:00,0.062,0.0,True,15467.109,2021-09-12 21:14:00,0.0195
NQ,2021-09-13,Monday,ODR,15492.399,15480.817,11.582000000000335,15494.897,15479.579,15.31800000000112,True,LONG,2021-09-13 04:05:00,15497.509,True,False,,3.5918,0.0,3.5918,15533.999,2021-09-13 08:15:00,0.0,15495.099,2021-09-13 04:46:00,True,2021-09-13 04:10:00,0.0,0.0,False,,,
NQ,2021-09-13,Monday,RDR,15545.797,15379.719,166.07800000000134,15565.219,15365.719,199.5,True,SHORT,2021-09-13 11:15:00,15365.459,True,True,False,0.0,0.1876,0.1876,15348.569,2021-09-13 15:02:00,0.4189,15449.297,2021-09-13 13:08:00,False,,0.4189,,True,15383.997,2021-09-13 11:26:00,0.0258
NQ,2021-09-14,Tuesday,ADR,15449.039,15439.319,9.720000000001164,15450.399,15436.469,13.930000000000291,True,LONG,2021-09-13 21:25:00,15457.349,True,True,True,1.6924,0.0,1.6924,15465.489,2021-09-13 21:38:00,0.5689,15443.509,2021-09-13 23:02:00,True,2021-09-13 21:30:00,0.0,0.5689,True,15447.869,2021-09-13 22:32:00,0.1204
NQ,2021-09-14,Tuesday,ODR,15429.519,15396.879,32.63999999999942,15433.009,15393.919,39.090000000000146,True,LONG,2021-09-14 04:25:00,15433.589,True,True,False,0.4933,0.0,0.4933,15445.619,2021-09-14 04:40:00,0.9715,15397.809,2021-09-14 08:01:00,False,,0.0,,True,15428.059,2021-09-14 05:42:00,0.0447
NQ,2021-09-14,Tuesday,RDR,15496.099,15416.699,79.39999999999964,15527.129,15408.309,118.82000000000153,True,SHORT,2021-09-14 10:35:00,15401.939,True,True,True,0.0,0.8529,0.8529,15348.979,2021-09-14 15:50:00,0.9499,15492.119,2021-09-14 12:02:00,True,2021-09-14 14:20:00,0.9499,0.0,True,15423.069,2021-09-14 10:42:00,0.0802
NQ,2021-09-15,Wednesday,ADR,15415.457,15400.989,14.468000000000757,15419.699,15399.419,20.280000000000655,True,SHORT,2021-09-14 21:40:00,15391.649,False,True,False,0.1099,1.8648,1.8648,15374.009,2021-09-14 22:04:00,1.0796,15416.609,2021-09-15 00:14:00,True,2021-09-14 21:45:00,0.0,1.0796,True,15404.509,2021-09-14 23:31:00,0.2433
NQ,2021-09-15,Wednesday,ODR,15425.219,15411.059,14.159999999999854,15427.689,15409.929,17.76000000000022,True,LONG,2021-09-15 04:25:00,15429.289,False,True,False,0.8136,1.2246,0.8136,15436.739,2021-09-15 05:52:00,2.2246,15393.719,2021-09-15 08:26:00,True,2021-09-15 04:30:00,0.0205,2.2246,True,15424.929,2021-09-15 05:30:00,0.0205
NQ,2021-09-15,Wednesday,RDR,15408.799,15323.819,84.98000000000138,15437.789,15313.189,124.60000000000036,True,LONG,2021-09-15 12:55:00,15444.429,True,False,,1.3084,0.0033,1.3084,15519.989,2021-09-15 15:46:00,0.0,15439.929,2021-09-15 13:10:00,True,2021-09-15 13:05:00,0.0,0.0,False,,,
NQ,2021-09-16,Thursday,ADR,15509.189,15501.159,8.030000000000655,15510.299,15498.829,11.470000000001164,True,LONG,2021-09-15 20:45:00,15510.979,False,True,False,1.8879,3.1569,1.8879,15524.349,2021-09-15 21:20:00,4.1569,15475.809,2021-09-16 01:40:00,True,2021-09-15 21:07:00,0.4433,4.1569,True,15508.879,2021-09-15 20:50:00,0.0386
NQ,2021-09-16,Thursday,ODR,15504.189,15476.727,27.461999999999534,15504.889,15476.249,28.639999999999418,True,SHORT,2021-09-16 04:50:00,15475.259,True,True,True,0.0,1.419,1.419,15437.759,2021-09-16 08:27:00,0.1738,15481.499,2021-09-16 05:04:00,True,2021-09-16 05:45:00,0.1738,0.0897,True,15478.389,2021-09-16 04:56:00,0.0605
NQ,2021-09-16,Thursday,RDR,15468.909,15386.199,82.70999999999913,15477.897,15371.379,106.51800000000003,True,LONG,2021-09-16 13:55:00,15479.299,True,False,,0.8637,0.2162,0.8637,15540.349,2021-09-16 15:15:00,0.0,15470.819,2021-09-16 14:05:00,True,2021-09-16 15:01:00,0.0,0.0,False,,,
NQ,2021-09-17,Friday,ADR,15503.779,15481.369,22.409999999999854,15504.999,15480.789,24.209999999999127,True,SHORT,2021-09-16 21:30:00,15473.489,False,True,False,1.4208,0.4034,0.3896,15472.639,2021-09-16 21:35:00,2.4208,15535.619,2021-09-17 01:59:00,False,,0.0,,True,15484.099,2021-09-16 21:38:00,0.1218
NQ,2021-09-17,Friday,ODR,15532.119,15504.707,27.412000000000262,15534.599,15501.679,32.92000000000007,True,SHORT,2021-09-17 05:10:00,15490.549,True,True,False,0.0,1.3822,1.3822,15466.819,2021-09-17 07:14:00,0.4083,15515.899,2021-09-17 08:28:00,True,2021-09-17 05:15:00,0.0,0.4083,True,15507.299,2021-09-17 08:19:00,0.0946
NQ,2021-09-17,Friday,RDR,15491.769,15385.187,106.58200000000033,15491.769,15374.219,117.55000000000109,True,SHORT,2021-09-17 10:35:00,15368.639,True,False,,0.0,0.8862,0.8862,15290.739,2021-09-17 14:37:00,0.0,15377.819,2021-09-17 12:40:00,True,2021-09-17 11:10:00,0.0,0.0,False,,,
NQ,2021-09-20,Monday,ADR,15346.989,15333.329,13.659999999999854,15349.007,15331.979,17.028000000000247,True,SHORT,2021-09-19 20:40:00,15329.389,True,True,True,0.0527,8.5564,8.5564,15216.449,2021-09-19 23:02:00,0.1083,15334.809,2021-09-19 20:55:00,True,2021-09-19 21:01:00,0.1083,0.0,True,15334.089,2021-09-19 20:52:00,0.0556
NQ,2021-09-20,Monday,ODR,15228.669,15194.499,34.17000000000007,15237.689,15190.229,47.460000000000946,True,SHORT,2021-09-20 04:00:00,15182.469,True,True,True,0.0,3.6678,3.6678,15069.169,2021-09-20 08:26:00,0.249,15203.009,2021-09-20 04:52:00,True,2021-09-20 04:05:00,0.249,0.249,True,15194.499,2021-09-20 04:09:00,0.0
NQ,2021-09-20,Monday,RDR,15152.199,15032.889,119.31000000000131,15162.889,15025.229,137.65999999999985,True,SHORT,2021-09-20 10:40:00,15014.019,True,True,True,0.0,1.8009,1.8009,14818.019,2021-09-20 15:17:00,0.1738,15053.629,2021-09-20 11:30:00,True,2021-09-20 11:55:00,0.1738,0.0,True,15033.589,2021-09-20 10:48:00,0.0059
NQ,2021-09-21,Tuesday,ADR,15055.649,14994.109,61.539999999999054,15061.669,14989.619,72.04999999999927,True,LONG,2021-09-20 20:30:00,15064.709,True,True,True,0.6696,0.0,0.6696,15096.859,2021-09-21 01:11:00,0.5762,15020.189,2021-09-20 21:38:00,True,2021-09-20 23:46:00,0.5762,0.0,True,15053.619,2021-09-20 20:54:00,0.033
NQ,2021-09-21,Tuesday,ODR,15155.359,15079.859,75.5,15155.889,15076.519,79.36999999999898,True,LONG,2021-09-21 04:10:00,15158.189,True,True,False,0.207,0.0,0.207,15170.989,2021-09-21 04:40:00,0.7479,15098.889,2021-09-21 08:14:00,False,,0.1816,,True,15151.879,2021-09-21 04:19:00,0.0461
NQ,2021-09-21,Tuesday,RDR,15132.999,15023.809,109.19000000000051,15140.269,15012.499,127.77000000000044,True,SHORT,2021-09-21 10:45:00,15008.479,True,True,False,0.0,0.3298,0.3298,14987.799,2021-09-21 10:54:00,0.9709,15129.819,2021-09-21 12:14:00,False,,0.0,,True,15036.319,2021-09-21 11:05:00,0.1146
NQ,2021-09-22,Wednesday,ADR,14999.359,14947.229,52.13000000000102,15003.177,14940.209,62.96799999999894,True,LONG,2021-09-21 21:05:00,15007.619,True,False,,1.7021,0.0,1.7021,15088.089,2021-09-22 01:20:00,0.0,15007.149,2021-09-21 21:10:00,True,2021-09-21 21:10:00,0.0,0.0,False,,,
NQ,2021-09-22,Wednesday,ODR,15099.489,15059.229,40.26000000000022,15106.917,15054.049,52.867999999998574,False,,,,,,,0.0,0.0723,,,,,,,False,,,,False,,,
NQ,2021-09-22,Wednesday,RDR,15128.547,15031.819,96.72800000000097,15142.099,15025.719,116.38000000000102,True,LONG,2021-09-22 11:00:00,15144.539,True,True,True,1.1046,0.0,1.1046,15235.397,2021-09-22 14:15:00,0.299,15099.629,2021-09-22 14:50:00,True,2021-09-22 11:39:00,0.2909,0.299,True,15128.459,2021-09-22 13:51:00,0.0009
NQ,2021-09-23,Thursday,ADR,15207.989,15192.059,15.930000000000291,15210.399,15189.459,20.93999999999869,True,LONG,2021-09-22 21:20:00,15212.589,True,True,False,1.0733,0.3151,1.0733,15225.087,2021-09-22 21:34:00,1.3151,15187.039,2021-09-22 22:42:00,True,2021-09-22 21:25:00,0.0,1.3151,True,15204.199,2021-09-22 22:02:00,0.2379
NQ,2021-09-23,Thursday,ODR,15264.489,15216.927,47.5619999999999,15267.299,15212.459,54.840000000000146,True,LONG,2021-09-23 04:05:00,15269.519,True,True,False,1.0365,0.0,1.0365,15313.789,2021-09-23 05:08:00,0.6928,15231.539,2021-09-23 08:04:00,True,2021-09-23 05:08:00,0.0,0.6928,True,15256.219,2021-09-23 06:12:00,0.1739
NQ,2021-09-23,Thursday,RDR,15335.479,15203.019,132.45999999999913,15347.119,15191.389,155.73000000000138,True,LONG,2021-09-23 13:30:00,15351.799,True,True,False,0.1587,0.0,0.1587,15356.507,2021-09-23 13:59:00,0.227,15305.417,2021-09-23 15:59:00,False,,0.0,,True,15333.049,2021-09-23 14:10:00,0.0183
NQ,2021-09-24,Friday,ADR,15339.309,15313.839,25.469999999999345,15342.519,15305.529,36.98999999999978,True,SHORT,2021-09-23 21:55:00,15293.089,True,True,True,0.0,1.5795,1.5795,15273.609,2021-09-24 01:27:00,0.2152,15319.319,2021-09-23 23:24:00,True,2021-09-23 22:00:00,0.2152,0.2152,True,15315.189,2021-09-23 22:44:00,0.053
NQ,2021-09-24,Friday,ODR,15263.467,15230.539,32.927999999999884,15263.799,15225.509,38.29000000000087,True,SHORT,2021-09-24 04:15:00,15225.409,True,True,True,0.0,1.0693,1.0693,15195.329,2021-09-24 08:25:00,0.9043,15260.317,2021-09-24 05:03:00,True,2021-09-24 07:13:00,0.9043,0.184,True,15232.307,2021-09-24 04:25:00,0.0537
NQ,2021-09-24,Friday,RDR,15267.559,15213.359,54.19999999999891,15273.089,15200.939,72.14999999999964,True,LONG,2021-09-24 12:10:00,15281.299,True,False,,1.4937,0.0,1.4937,15348.517,2021-09-24 15:49:00,0.0,15274.519,2021-09-24 14:14:00,True,2021-09-24 12:20:00,0.0,0.0,False,,,
NQ,2021-09-27,Monday,ADR,15369.409,15318.029,51.3799999999992,15374.779,15315.579,59.20000000000073,True,LONG,2021-09-26 20:45:00,15380.099,True,False,,0.802,0.0,0.802,15410.617,2021-09-26 21:36:00,0.0,15375.159,2021-09-27 00:50:00,True,2021-09-26 21:31:00,0.0,0.0,False,,,
NQ,2021-09-27,Monday,ODR,15381.707,15348.249,33.45800000000054,15387.909,15347.839,40.06999999999971,True,SHORT,2021-09-27 04:00:00,15347.809,True,True,True,0.0,4.6153,4.6153,15193.829,2021-09-27 08:28:00,0.1745,15354.089,2021-09-27 04:06:00,True,2021-09-27 05:29:00,0.1745,0.0,True,15353.089,2021-09-27 04:05:00,0.1447
NQ,2021-09-27,Monday,RDR,15206.999,15120.759,86.23999999999978,15227.869,15098.539,129.32999999999993,True,LONG,2021-09-27 11:00:00,15237.019,True,True,True,0.4151,0.0,0.4151,15242.799,2021-09-27 15:14:00,0.8346,15135.019,2021-09-27 12:50:00,False,,0.8346,,True,15197.199,2021-09-27 11:09:00,0.1136
NQ,2021-09-28,Tuesday,ADR,15191.517,15168.627,22.889999999999418,15192.589,15163.209,29.3799999999992,True,SHORT,2021-09-27 20:30:00,15158.719,False,True,False,0.5147,1.0711,1.0711,15144.109,2021-09-27 20:42:00,1.5147,15203.299,2021-09-27 22:27:00,True,2021-09-27 20:36:00,0.0,1.5147,True,15171.297,2021-09-27 21:47:00,0.1166
NQ,2021-09-28,Tuesday,ODR,15085.319,15013.809,71.51000000000022,15095.319,15000.679,94.63999999999942,True,SHORT,2021-09-28 04:00:00,14991.789,True,True,True,0.0,1.0905,1.0905,14935.829,2021-09-28 06:15:00,0.3941,15041.989,2021-09-28 05:17:00,True,2021-09-28 04:10:00,0.3941,0.3941,True,15020.149,2021-09-28 04:30:00,0.0887
NQ,2021-09-28,Tuesday,RDR,15012.089,14861.599,150.48999999999978,15040.809,14839.709,201.09999999999854,True,SHORT,2021-09-28 11:00:00,14827.069,True,True,True,0.0,0.7115,0.7115,14754.527,2021-09-28 14:14:00,0.1741,14887.799,2021-09-28 15:08:00,True,2021-09-28 11:17:00,0.0,0.1741,True,14862.289,2021-09-28 14:45:00,0.0046
NQ,2021-09-29,Wednesday,ADR,14853.619,14776.059,77.56000000000131,14858.579,14771.759,86.81999999999971,True,LONG,2021-09-28 22:45:00,14861.359,True,True,True,0.3116,0.0,0.3116,14877.789,2021-09-29 00:47:00,0.2768,14832.149,2021-09-29 01:13:00,False,,0.2425,,True,14853.127,2021-09-28 22:51:00,0.0063
NQ,2021-09-29,Wednesday,ODR,14933.889,14856.309,77.57999999999993,14937.419,14855.119,82.29999999999927,False,,,,,,,0.0,0.0259,,,,,,,False,,,,False,,,
NQ,2021-09-29,Wednesday,RDR,14909.519,14806.839,102.68000000000029,14919.009,14800.529,118.47999999999956,True,SHORT,2021-09-29 11:35:00,14776.269,True,True,True,0.0,0.7966,0.7966,14725.039,2021-09-29 13:41:00,0.5702,14865.389,2021-09-29 14:45:00,True,2021-09-29 12:23:00,0.1378,0.5702,True,14808.789,2021-09-29 11:48:00,0.019
NQ,2021-09-30,Thursday,ADR,14817.089,14798.389,18.700000000000728,14817.399,14794.019,23.3799999999992,True,LONG,2021-09-29 20:50:00,14822.219,False,True,True,3.8401,0.2973,3.8401,14888.899,2021-09-30 01:03:00,1.2973,14792.829,2021-09-29 21:44:00,True,2021-09-29 21:11:00,1.2973,1.2973,True,14816.589,2021-09-29 21:05:00,0.0267
NQ,2021-09-30,Thursday,ODR,14880.859,14837.339,43.52000000000044,14893.559,14825.849,67.70999999999913,True,SHORT,2021-09-30 05:40:00,14816.119,True,False,,0.0744,0.9694,0.9694,14795.149,2021-09-30 06:24:00,0.0,14836.489,2021-09-30 06:11:00,True,2021-09-30 05:45:00,0.0,0.0,False,,,
NQ,2021-09-30,Thursday,RDR,14879.499,14819.799,59.69999999999891,14889.809,14816.059,73.75,True,SHORT,2021-09-30 10:50:00,14813.379,True,True,True,0.0,2.2683,2.2683,14684.379,2021-09-30 15:59:00,0.5455,14852.367,2021-09-30 11:17:00,True,2021-09-30 10:55:00,0.5455,0.5455,True,14825.389,2021-09-30 11:06:00,0.0936
NQ,2021-10-01,Friday,ADR,14739.599,14717.219,22.38000000000102,14742.829,14714.589,28.23999999999978,True,SHORT,2021-09-30 20:55:00,14692.549,True,False,,0.0223,5.882,5.882,14585.579,2021-09-30 21:14:00,0.0,14702.319,2021-09-30 21:00:00,True,2021-09-30 21:00:00,0.0,0.0,False,,,
NQ,2021-10-01,Friday,ODR,14639.797,14579.559,60.23800000000119,14655.759,14567.659,88.10000000000036,True,LONG,2021-10-01 07:00:00,14675.559,True,False,,1.9023,0.0,1.9023,14754.389,2021-10-01 08:20:00,0.0,14671.619,2021-10-01 07:05:00,True,2021-10-01 07:05:00,0.0,0.0,False,,,
NQ,2021-10-01,Friday,RDR,14721.389,14563.319,158.0699999999997,14747.079,14555.149,191.9300000000003,True,LONG,2021-10-01 13:45:00,14752.099,True,False,,0.6889,0.0859,0.6889,14830.289,2021-10-01 15:15:00,0.0,14724.359,2021-10-01 13:59:00,True,2021-10-01 14:55:00,0.0,0.0,False,,,
NQ,2021-10-04,Monday,ADR,14839.407,14800.319,39.08799999999974,14841.897,14798.209,43.6880000000001,True,SHORT,2021-10-03 20:35:00,14795.209,True,False,,0.0,2.5092,2.5092,14702.239,2021-10-04 00:13:00,0.0,14795.819,2021-10-03 20:40:00,True,2021-10-03 20:44:00,0.0,0.0,False,,,
NQ,2021-10-04,Monday,ODR,14700.779,14648.909,51.8700000000008,14707.799,14643.339,64.46000000000095,True,LONG,2021-10-04 05:00:00,14710.279,True,True,True,0.5284,0.0,0.5284,14728.189,2021-10-04 06:10:00,0.5138,14674.129,2021-10-04 07:22:00,True,2021-10-04 05:50:00,0.0789,0.5138,True,14696.689,2021-10-04 05:54:00,0.0789
NQ,2021-10-04,Monday,RDR,14714.219,14521.739,192.47999999999956,14730.669,14521.139,209.53000000000065,True,SHORT,2021-10-04 10:30:00,14473.269,True,False,,0.0,0.7321,0.7321,14380.819,2021-10-04 13:04:00,0.0,14508.759,2021-10-04 15:06:00,True,2021-10-04 10:53:00,0.0,0.0,False,,,
NQ,2021-10-05,Tuesday,ADR,14500.279,14474.769,25.51000000000022,14506.899,14466.209,40.68999999999869,True,SHORT,2021-10-04 20:30:00,14464.609,False,True,False,1.1607,2.0623,2.0623,14422.159,2021-10-04 21:22:00,2.1607,14529.889,2021-10-04 23:50:00,True,2021-10-04 20:40:00,0.0,2.1607,True,14474.899,2021-10-04 21:50:00,0.0051
NQ,2021-10-05,Tuesday,ODR,14541.337,14479.779,61.55799999999908,14549.599,14478.659,70.94000000000051,True,LONG,2021-10-05 05:00:00,14550.999,True,True,False,0.3127,0.0403,0.3127,14560.587,2021-10-05 05:23:00,0.5732,14506.049,2021-10-05 07:24:00,False,,0.0,,True,14537.589,2021-10-05 05:32:00,0.0609
NQ,2021-10-05,Tuesday,RDR,14641.539,14517.389,124.15000000000146,14648.099,14509.899,138.20000000000073,True,LONG,2021-10-05 10:40:00,14655.089,True,False,,1.0049,0.0,1.0049,14766.299,2021-10-05 14:48:00,0.0,14654.319,2021-10-05 10:45:00,True,2021-10-05 11:03:00,0.0,0.0,False,,,
NQ,2021-10-06,Wednesday,ADR,14674.357,14645.337,29.020000000000437,14675.289,14645.049,30.23999999999978,True,SHORT,2021-10-05 21:00:00,14644.039,True,False,,0.1641,2.8828,2.8828,14561.679,2021-10-06 00:42:00,0.0,14644.209,2021-10-05 21:05:00,True,2021-10-05 21:08:00,0.0,0.0,False,,,
NQ,2021-10-06,Wednesday,ODR,14597.039,14498.669,98.3700000000008,14597.059,14484.259,112.79999999999927,True,SHORT,2021-10-06 04:05:00,14478.119,True,True,False,0.0,0.6537,0.6537,14434.369,2021-10-06 05:40:00,0.253,14523.559,2021-10-06 08:29:00,True,2021-10-06 05:22:00,0.1447,0.253,True,14504.899,2021-10-06 04:14:00,0.0633
NQ,2021-10-06,Wednesday,RDR,14671.099,14507.709,163.38999999999942,14680.859,14496.319,184.54000000000087,True,LONG,2021-10-06 10:45:00,14694.919,True,True,True,0.6409,0.0,0.6409,14775.809,2021-10-06 15:59:00,0.5641,14578.929,2021-10-06 13:07:00,True,2021-10-06 14:40:00,0.5641,0.0,True,14663.267,2021-10-06 10:52:00,0.0479
NQ,2021-10-07,Thursday,ADR,14825.329,14808.389,16.94000000000051,14829.499,14806.089,23.409999999999854,True,LONG,2021-10-06 20:30:00,14833.619,True,True,True,4.2662,0.0,4.2662,14897.599,2021-10-06 22:14:00,0.2721,14820.719,2021-10-06 21:10:00,True,2021-10-06 20:35:00,0.2721,0.2721,True,14825.209,2021-10-06 21:03:00,0.0071
NQ,2021-10-07,Thursday,ODR,14905.579,14875.169,30.409999999999854,14908.109,14875.169,32.94000000000051,True,LONG,2021-10-07 04:30:00,14910.409,True,True,True,1.8158,0.0,1.8158,14960.797,2021-10-07 07:39:00,0.461,14891.559,2021-10-07 05:41:00,True,2021-10-07 06:59:00,0.461,0.0,True,14904.319,2021-10-07 05:01:00,0.0414
NQ,2021-10-07,Thursday,RDR,14992.719,14892.417,100.30199999999968,15004.609,14870.099,134.51000000000022,True,LONG,2021-10-07 11:55:00,15007.989,True,True,False,0.1775,0.1424,0.1775,15010.519,2021-10-07 12:01:00,1.1424,14878.129,2021-10-07 15:57:00,False,,0.0,,True,14990.919,2021-10-07 12:09:00,0.0179
NQ,2021-10-08,Friday,ADR,14933.239,14891.759,41.47999999999956,14934.799,14884.759,50.04000000000087,True,SHORT,2021-10-08 01:05:00,14878.599,True,False,,0.2589,0.7555,0.7555,14860.419,2021-10-08 01:59:00,0.0,14880.789,2021-10-08 01:20:00,True,2021-10-08 01:12:00,0.0,0.0,False,,,
NQ,2021-10-08,Friday,ODR,14916.809,14855.309,61.5,14922.119,14844.429,77.69000000000051,True,LONG,2021-10-08 08:20:00,14933.149,True,True,True,0.3005,0.1198,0.3005,14935.289,2021-10-08 08:27:00,0.1063,14910.269,2021-10-08 08:28:00,False,,0.0,,True,14910.269,2021-10-08 08:28:00,0.1063
NQ,2021-10-08,Friday,RDR,14941.239,14858.599,82.63999999999942,14952.549,14857.219,95.33000000000175,True,SHORT,2021-10-08 10:40:00,14838.849,True,True,True,0.0,0.6746,0.6746,14802.849,2021-10-08 13:27:00,0.3513,14887.629,2021-10-08 11:19:00,True,2021-10-08 13:15:00,0.3513,0.2891,True,14863.289,2021-10-08 10:48:00,0.0568
NQ,2021-10-11,Monday,ADR,14757.049,14725.109,31.94000000000051,14761.899,14715.139,46.76000000000022,True,LONG,2021-10-10 20:40:00,14764.799,True,True,True,1.4296,0.0,1.4296,14802.709,2021-10-11 01:59:00,0.6531,14736.189,2021-10-10 23:08:00,True,2021-10-10 21:02:00,0.6531,0.6531,True,14756.689,2021-10-10 20:53:00,0.0113
NQ,2021-10-11,Monday,ODR,14781.089,14731.609,49.47999999999956,14785.189,14731.139,54.05000000000109,True,SHORT,2021-10-11 06:30:00,14729.239,True,True,True,0.0,0.7963,0.7963,14692.209,2021-10-11 08:02:00,0.1413,14738.599,2021-10-11 07:27:00,True,2021-10-11 06:45:00,0.1413,0.1413,True,14732.899,2021-10-11 06:35:00,0.0261
NQ,2021-10-11,Monday,RDR,14902.787,14759.129,143.65799999999945,14908.599,14734.019,174.57999999999993,True,SHORT,2021-10-11 15:55:00,14712.209,True,,,0.018,0.346,,,,,,,False,,,,False,,,
NQ,2021-10-12,Tuesday,ADR,14699.989,14655.889,44.100000000000364,14706.099,14649.899,56.20000000000073,True,SHORT,2021-10-11 20:35:00,14642.469,True,True,False,0.0,1.0887,1.0887,14607.879,2021-10-11 21:16:00,0.3254,14670.239,2021-10-12 01:08:00,True,2021-10-11 20:41:00,0.0,0.3254,True,14657.099,2021-10-11 22:42:00,0.0274
NQ,2021-10-12,Tuesday,ODR,14672.199,14604.019,68.18000000000029,14677.389,14598.309,79.07999999999993,True,LONG,2021-10-12 04:20:00,14684.829,True,False,,1.7935,0.0,1.7935,14794.479,2021-10-12 08:29:00,0.0,14674.729,2021-10-12 04:33:00,True,2021-10-12 04:48:00,0.0,0.0,False,,,
NQ,2021-10-12,Tuesday,RDR,14778.019,14673.779,104.23999999999978,14790.779,14664.019,126.76000000000022,True,SHORT,2021-10-12 10:50:00,14659.799,True,True,True,0.0,0.3811,0.3811,14634.049,2021-10-12 15:47:00,0.6772,14744.369,2021-10-12 12:09:00,False,,0.6772,,True,14694.249,2021-10-12 11:00:00,0.1964
NQ,2021-10-13,Wednesday,ADR,14641.789,14616.409,25.38000000000102,14645.989,14613.269,32.719999999999345,True,LONG,2021-10-12 20:40:00,14651.599,False,True,False,0.5835,0.2518,0.5835,14656.599,2021-10-12 20:46:00,1.2518,14610.019,2021-10-12 22:48:00,True,2021-10-12 20:45:00,0.0,1.2518,True,14640.649,2021-10-12 21:06:00,0.0449
NQ,2021-10-13,Wednesday,ODR,14685.599,14606.519,79.07999999999993,14688.689,14603.119,85.56999999999971,True,LONG,2021-10-13 04:15:00,14700.809,True,False,,0.8914,0.0,0.8914,14756.089,2021-10-13 06:19:00,0.0,14697.839,2021-10-13 04:21:00,True,2021-10-13 04:45:00,0.0,0.0,False,,,
NQ,2021-10-13,Wednesday,RDR,14787.589,14690.329,97.26000000000022,14791.289,14680.219,111.07000000000153,False,,,,,,,0.1874,0.1871,,,,,,,False,,,,False,,,
NQ,2021-10-14,Thursday,ADR,14836.967,14801.127,35.840000000000146,14840.599,14799.319,41.280000000000655,True,LONG,2021-10-14 01:45:00,14841.729,True,False,,0.6898,0.0,0.6898,14861.689,2021-10-14 01:59:00,0.0,14842.149,2021-10-14 01:50:00,True,2021-10-14 01:51:00,0.0,0.0,False,,,
NQ,2021-10-14,Thursday,ODR,14886.557,14864.529,22.028000000000247,14889.239,14858.749,30.48999999999978,True,LONG,2021-10-14 04:00:00,14889.679,True,True,True,2.7993,0.0,2.7993,14948.219,2021-10-14 08:14:00,0.3386,14879.099,2021-10-14 06:31:00,True,2021-10-14 04:12:00,0.3386,0.3386,True,14884.659,2021-10-14 04:05:00,0.0862
NQ,2021-10-14,Thursday,RDR,14998.279,14909.009,89.27000000000044,15004.499,14901.989,102.51000000000022,True,LONG,2021-10-14 11:25:00,15004.909,True,True,True,0.6732,0.0,0.6732,15058.379,2021-10-14 15:53:00,0.0229,14996.239,2021-10-14 11:34:00,True,2021-10-14 12:14:00,0.0229,0.0,True,14996.239,2021-10-14 11:34:00,0.0229
NQ,2021-10-15,Friday,ADR,15082.709,15049.209,33.5,15083.919,15046.679,37.23999999999978,True,SHORT,2021-10-14 20:35:00,15045.809,False,True,False,1.0501,0.5779,0.5779,15029.849,2021-10-14 21:12:00,2.0501,15117.889,2021-10-15 01:58:00,True,2021-10-14 21:10:00,0.2803,2.0501,True,15049.999,2021-10-14 20:42:00,0.0236
NQ,2021-10-15,Friday,ODR,15092.879,15048.329,44.55000000000109,15093.299,15045.209,48.090000000000146,True,LONG,2021-10-15 06:00:00,15095.419,True,True,True,0.2988,0.0,0.2988,15106.189,2021-10-15 07:36:00,0.2694,15080.879,2021-10-15 06:23:00,False,,0.2694,,True,15088.649,2021-10-15 06:07:00,0.0949
NQ,2021-10-15,Friday,RDR,15097.869,15061.349,36.52000000000044,15109.099,15056.189,52.909999999999854,True,LONG,2021-10-15 10:55:00,15123.609,True,True,True,1.4518,0.0096,1.4518,15150.889,2021-10-15 15:59:00,0.7029,15072.199,2021-10-15 11:52:00,True,2021-10-15 11:00:00,0.7029,0.7029,True,15097.749,2021-10-15 11:38:00,0.0033
NQ,2021-10-18,Monday,ADR,15115.229,15091.019,24.209999999999127,15115.939,15088.659,27.280000000000655,True,LONG,2021-10-17 20:40:00,15121.789,True,True,False,0.8699,0.0,0.8699,15136.289,2021-10-17 20:54:00,0.8178,15095.429,2021-10-18 00:07:00,True,2021-10-17 20:53:00,0.0,0.8178,True,15112.419,2021-10-17 21:01:00,0.1161
NQ,2021-10-18,Monday,ODR,15085.659,15059.459,26.19999999999891,15090.009,15051.039,38.969999999999345,True,LONG,2021-10-18 04:00:00,15098.209,True,True,True,1.8374,0.0702,1.8374,15133.799,2021-10-18 07:30:00,1.0702,15057.619,2021-10-18 06:17:00,True,2021-10-18 04:05:00,1.0702,1.0702,True,15081.259,2021-10-18 05:02:00,0.1679
NQ,2021-10-18,Monday,RDR,15172.659,15074.179,98.47999999999956,15173.789,15065.539,108.25,True,LONG,2021-10-18 10:50:00,15183.609,True,False,,1.3682,0.0,1.3682,15307.399,2021-10-18 15:59:00,0.0,15179.719,2021-10-18 10:57:00,True,2021-10-18 11:46:00,0.0,0.0,False,,,
NQ,2021-10-19,Tuesday,ADR,15323.749,15290.029,33.719999999999345,15328.479,15290.029,38.44999999999891,False,,,,,,,0.0,0.0718,,,,,,,False,,,,False,,,
NQ,2021-10-19,Tuesday,ODR,15339.019,15311.509,27.51000000000022,15339.109,15310.249,28.860000000000582,True,LONG,2021-10-19 04:05:00,15347.049,True,True,True,1.4784,0.0,1.4784,15379.689,2021-10-19 07:29:00,0.3235,15330.119,2021-10-19 05:00:00,True,2021-10-19 06:28:00,0.3235,0.0,True,15337.189,2021-10-19 04:11:00,0.0665
NQ,2021-10-19,Tuesday,RDR,15372.929,15327.949,44.97999999999956,15374.709,15315.569,59.14000000000124,True,LONG,2021-10-19 10:55:00,15389.139,True,True,True,0.9751,0.0,0.9751,15416.789,2021-10-19 15:20:00,0.0027,15372.809,2021-10-19 11:19:00,True,2021-10-19 11:52:00,0.0027,0.0,True,15372.809,2021-10-19 11:19:00,0.0027
NQ,2021-10-20,Wednesday,ADR,15425.709,15394.199,31.51000000000022,15427.269,15394.199,33.06999999999971,True,SHORT,2021-10-19 20:50:00,15393.859,True,True,True,0.0,0.4916,0.4916,15378.709,2021-10-19 22:26:00,0.2571,15402.299,2021-10-19 23:58:00,False,,0.1904,,True,15395.609,2021-10-19 20:55:00,0.0447
NQ,2021-10-20,Wednesday,ODR,15417.269,15387.127,30.141999999999825,15424.109,15382.739,41.3700000000008,True,LONG,2021-10-20 08:25:00,15428.409,True,,,0.4021,0.0,,,,,,,False,,,,False,,,
NQ,2021-10-20,Wednesday,RDR,15450.249,15404.119,46.1299999999992,15452.109,15393.859,58.25,True,LONG,2021-10-20 10:30:00,15457.407,False,True,False,0.1856,1.5632,0.1537,15457.339,2021-10-20 10:35:00,2.5632,15332.009,2021-10-20 13:21:00,False,,0.0,,True,15449.219,2021-10-20 10:36:00,0.0223
NQ,2021-10-21,Thursday,ADR,15357.729,15346.639,11.090000000000146,15358.299,15342.169,16.13000000000102,True,SHORT,2021-10-20 21:05:00,15340.529,False,True,True,1.8377,2.4004,2.4004,15320.019,2021-10-21 01:51:00,2.8377,15378.109,2021-10-20 22:30:00,True,2021-10-20 21:10:00,2.8377,2.8377,True,15347.889,2021-10-20 21:16:00,0.1127
NQ,2021-10-21,Thursday,ODR,15369.829,15321.359,48.469999999999345,15370.589,15312.549,58.039999999999054,True,LONG,2021-10-21 06:00:00,15371.529,True,True,False,0.0652,0.0,0.0429,15371.909,2021-10-21 06:05:00,0.9272,15324.889,2021-10-21 08:16:00,False,,0.0149,,True,15369.109,2021-10-21 06:05:00,0.0149
NQ,2021-10-21,Thursday,RDR,15439.867,15359.269,80.59799999999996,15440.179,15346.777,93.40200000000004,True,LONG,2021-10-21 10:35:00,15441.889,True,True,True,0.6892,0.0,0.6892,15495.419,2021-10-21 15:59:00,0.369,15410.129,2021-10-21 11:34:00,True,2021-10-21 15:20:00,0.369,0.0,True,15438.209,2021-10-21 10:41:00,0.0206
NQ,2021-10-22,Friday,ADR,15421.649,15399.399,22.25,15422.299,15396.849,25.450000000000728,True,LONG,2021-10-21 20:30:00,15425.369,True,True,False,0.3703,0.0126,0.3434,15429.289,2021-10-21 21:31:00,1.0126,15399.119,2021-10-21 22:16:00,False,,0.6166,,True,15421.519,2021-10-21 20:42:00,0.0058
NQ,2021-10-22,Friday,ODR,15439.949,15416.339,23.610000000000582,15443.199,15407.209,35.98999999999978,True,LONG,2021-10-22 06:10:00,15448.169,True,False,,1.2812,0.0775,1.2812,15470.199,2021-10-22 07:26:00,0.0,15446.329,2021-10-22 06:21:00,True,2021-10-22 06:24:00,0.0,0.0,False,,,
NQ,2021-10-22,Friday,RDR,15473.989,15414.589,59.399999999999636,15474.699,15397.149,77.55000000000109,True,SHORT,2021-10-22 11:15:00,15368.539,True,False,,0.0152,2.1712,2.1712,15285.619,2021-10-22 11:49:00,0.0,15395.299,2021-10-22 14:36:00,True,2021-10-22 11:20:00,0.0,0.0,False,,,
NQ,2021-10-25,Monday,ADR,15332.649,15312.219,20.43000000000029,15335.489,15309.469,26.020000000000437,True,LONG,2021-10-24 20:40:00,15335.539,True,True,True,2.2438,0.0,2.2438,15378.489,2021-10-25 01:54:00,0.1459,15329.669,2021-10-24 21:52:00,True,2021-10-24 20:51:00,0.1459,0.1459,True,15329.689,2021-10-24 21:51:00,0.1449
NQ,2021-10-25,Monday,ODR,15395.509,15379.809,15.700000000000728,15397.689,15374.719,22.970000000001164,True,LONG,2021-10-25 04:05:00,15398.199,False,True,False,0.7318,0.7975,0.7318,15406.999,2021-10-25 08:18:00,1.7975,15367.289,2021-10-25 07:09:00,True,2021-10-25 07:55:00,1.7975,0.4191,True,15395.089,2021-10-25 04:14:00,0.0268
NQ,2021-10-25,Monday,RDR,15438.509,15370.469,68.04000000000087,15446.189,15336.699,109.48999999999978,True,LONG,2021-10-25 11:55:00,15447.709,True,False,,1.6797,0.0,1.6797,15552.799,2021-10-25 14:37:00,0.0,15445.629,2021-10-25 12:01:00,True,2021-10-25 12:07:00,0.0,0.0,False,,,
NQ,2021-10-26,Tuesday,ADR,15566.899,15536.009,30.889999999999418,15568.889,15535.889,33.0,True,LONG,2021-10-25 20:40:00,15571.559,True,False,,0.8708,0.0,0.8708,15593.799,2021-10-25 21:22:00,0.0,15570.909,2021-10-25 20:45:00,True,2021-10-25 20:49:00,0.0,0.0,False,,,
NQ,2021-10-26,Tuesday,ODR,15612.139,15586.409,25.729999999999563,15615.099,15578.839,36.26000000000022,False,,,,,,,0.4174,0.0155,,,,,,,False,,,,False,,,
NQ,2021-10-26,Tuesday,RDR,15702.559,15608.889,93.67000000000007,15709.289,15592.289,117.0,True,SHORT,2021-10-26 12:00:00,15580.689,True,True,True,0.0944,1.0112,1.0112,15514.169,2021-10-26 12:54:00,0.035,15612.169,2021-10-26 12:17:00,True,2021-10-26 12:41:00,0.035,0.0,True,15609.999,2021-10-26 12:15:00,0.0119
NQ,2021-10-27,Wednesday,ADR,15578.119,15561.649,16.470000000001164,15580.299,15560.949,19.350000000000364,True,SHORT,2021-10-26 20:35:00,15555.479,False,True,False,0.1324,1.8956,1.8956,15530.429,2021-10-26 21:56:00,1.1324,15580.299,2021-10-27 01:59:00,True,2021-10-26 20:42:00,0.0,1.1324,True,15565.207,2021-10-27 01:02:00,0.216
NQ,2021-10-27,Wednesday,ODR,15595.619,15576.489,19.13000000000102,15602.199,15576.149,26.05000000000109,True,SHORT,2021-10-27 04:40:00,15575.559,True,True,True,0.0664,3.1035,3.1035,15517.119,2021-10-27 06:52:00,0.2859,15581.959,2021-10-27 04:47:00,True,2021-10-27 04:55:00,0.2859,0.0,True,15579.699,2021-10-27 04:45:00,0.1678
NQ,2021-10-27,Wednesday,RDR,15652.999,15580.639,72.36000000000058,15657.729,15570.079,87.64999999999964,True,LONG,2021-10-27 10:50:00,15659.279,True,True,False,1.0336,0.0,1.0336,15727.789,2021-10-27 13:42:00,0.8262,15593.217,2021-10-27 15:59:00,True,2021-10-27 12:16:00,0.4048,0.8262,True,15628.757,2021-10-27 10:57:00,0.335
NQ,2021-10-28,Thursday,ADR,15637.049,15627.039,10.010000000000218,15640.019,15624.059,15.960000000000946,True,SHORT,2021-10-27 20:45:00,15622.319,True,True,True,0.1057,2.0939,2.0939,15606.079,2021-10-27 22:27:00,1.1057,15638.107,2021-10-28 01:03:00,True,2021-10-27 20:50:00,0.8961,1.1057,True,15628.619,2021-10-27 20:58:00,0.1578
NQ,2021-10-28,Thursday,ODR,15644.709,15605.629,39.07999999999993,15647.509,15601.677,45.832000000000335,True,LONG,2021-10-28 04:35:00,15652.739,True,False,,1.3713,0.0,1.3713,15698.299,2021-10-28 07:12:00,0.0,15647.439,2021-10-28 05:49:00,True,2021-10-28 04:43:00,0.0,0.0,False,,,
NQ,2021-10-28,Thursday,RDR,15709.499,15661.119,48.3799999999992,15720.689,15646.279,74.40999999999985,True,LONG,2021-10-28 10:30:00,15721.099,True,True,True,1.575,0.0,1.575,15785.699,2021-10-28 15:59:00,0.1796,15700.809,2021-10-28 12:57:00,True,2021-10-28 10:44:00,0.1796,0.1796,True,15700.809,2021-10-28 12:57:00,0.1796
NQ,2021-10-29,Friday,ADR,15686.997,15670.739,16.25799999999981,15690.619,15668.049,22.56999999999971,True,SHORT,2021-10-28 21:05:00,15664.969,True,True,True,0.0566,1.5949,1.5949,15644.809,2021-10-29 01:52:00,1.0566,15687.917,2021-10-28 23:28:00,True,2021-10-28 21:20:00,1.0566,1.0566,True,15671.199,2021-10-28 22:28:00,0.0283
NQ,2021-10-29,Friday,ODR,15670.067,15639.079,30.987999999999374,15672.889,15629.809,43.07999999999993,True,SHORT,2021-10-29 06:10:00,15615.749,True,True,False,0.0,1.0378,1.0378,15606.919,2021-10-29 06:26:00,0.7419,15662.069,2021-10-29 08:29:00,True,2021-10-29 06:15:00,0.0,0.7419,True,15639.489,2021-10-29 06:59:00,0.0132
NQ,2021-10-29,Friday,RDR,15711.499,15643.349,68.14999999999964,15718.299,15628.609,89.69000000000051,True,LONG,2021-10-29 11:05:00,15721.199,True,False,,2.134,0.0,2.134,15856.929,2021-10-29 15:59:00,0.0,15720.737,2021-10-29 11:10:00,True,2021-10-29 11:20:00,0.0,0.0,False,,,
NQ,2021-11-01,Monday,ADR,15911.019,15890.389,20.63000000000102,15913.929,15888.649,25.280000000000655,True,SHORT,2021-10-31 20:30:00,15883.209,True,True,True,0.0,1.0848,1.0848,15868.009,2021-11-01 01:26:00,0.5235,15901.189,2021-11-01 00:40:00,True,2021-10-31 20:36:00,0.5235,0.5235,True,15890.889,2021-10-31 20:45:00,0.0242
NQ,2021-11-01,Monday,ODR,15911.979,15881.509,30.469999999999345,15913.389,15881.509,31.8799999999992,True,LONG,2021-11-01 04:00:00,15914.579,False,True,False,0.4011,0.6882,0.4011,15924.199,2021-11-01 06:19:00,1.6882,15860.539,2021-11-01 08:09:00,False,,0.3544,,True,15910.939,2021-11-01 04:26:00,0.0341
NQ,2021-11-01,Monday,RDR,15855.599,15809.379,46.219999999999345,15859.347,15800.299,59.047999999998865,True,LONG,2021-11-01 10:45:00,15865.949,False,True,True,1.1934,0.1701,1.1934,15910.759,2021-11-01 14:59:00,1.1701,15801.519,2021-11-01 13:19:00,True,2021-11-01 12:03:00,1.1701,1.1701,True,15852.959,2021-11-01 12:23:00,0.0571
NQ,2021-11-02,Tuesday,ADR,15895.439,15880.029,15.409999999999854,15898.499,15878.539,19.959999999999127,True,SHORT,2021-11-01 20:30:00,15877.539,False,True,False,0.8021,1.2492,1.2492,15860.779,2021-11-01 22:23:00,1.8021,15907.799,2021-11-02 00:52:00,True,2021-11-01 20:36:00,0.1142,1.8021,True,15881.789,2021-11-01 21:04:00,0.1142
NQ,2021-11-02,Tuesday,ODR,15893.587,15873.819,19.76800000000003,15896.109,15872.569,23.540000000000873,True,SHORT,2021-11-02 04:05:00,15872.289,True,True,False,0.0719,0.5519,0.5519,15862.909,2021-11-02 04:54:00,1.0719,15895.009,2021-11-02 07:52:00,True,2021-11-02 04:54:00,0.3945,1.0719,True,15874.387,2021-11-02 04:10:00,0.0287
NQ,2021-11-02,Tuesday,RDR,15968.739,15947.849,20.889999999999418,15978.207,15944.839,33.36800000000039,True,LONG,2021-11-02 10:40:00,15982.369,False,True,True,1.0895,1.4663,1.0895,15991.499,2021-11-02 10:46:00,2.4663,15917.219,2021-11-02 13:35:00,True,2021-11-02 10:45:00,0.0,2.4663,True,15956.749,2021-11-02 10:51:00,0.574
NQ,2021-11-03,Wednesday,ADR,15977.079,15958.887,18.191999999999098,15977.099,15958.219,18.88000000000102,True,LONG,2021-11-02 20:30:00,15977.849,True,True,False,0.5342,0.0,0.5342,15986.797,2021-11-02 20:38:00,0.8553,15961.519,2021-11-03 00:57:00,True,2021-11-02 20:38:00,0.0,0.8553,True,15976.879,2021-11-02 20:47:00,0.011
NQ,2021-11-03,Wednesday,ODR,15985.259,15968.787,16.471999999999753,15988.099,15966.889,21.210000000000946,True,LONG,2021-11-03 04:15:00,15989.769,True,True,True,0.8516,0.0,0.8516,15999.287,2021-11-03 07:03:00,0.768,15972.609,2021-11-03 05:51:00,True,2021-11-03 05:17:00,0.768,0.768,True,15984.549,2021-11-03 04:27:00,0.0431
NQ,2021-11-03,Wednesday,RDR,15975.039,15961.709,13.329999999999927,15979.607,15951.209,28.39799999999923,True,LONG,2021-11-03 10:50:00,15983.489,True,True,True,13.6354,0.6062,13.6354,16156.799,2021-11-03 14:57:00,0.4231,15969.399,2021-11-03 13:00:00,True,2021-11-03 10:55:00,0.4231,0.4231,True,15969.399,2021-11-03 13:00:00,0.4231
NQ,2021-11-04,Thursday,ADR,16186.589,16171.159,15.430000000000291,16187.619,16168.149,19.470000000001164,True,SHORT,2021-11-03 20:50:00,16166.689,True,True,False,0.0,0.6202,0.6202,16161.589,2021-11-03 20:58:00,0.6765,16181.597,2021-11-04 01:51:00,True,2021-11-03 20:58:00,0.0,0.6765,True,16171.599,2021-11-03 21:35:00,0.0285
NQ,2021-11-04,Thursday,ODR,16220.557,16180.147,40.409999999999854,16224.599,16179.339,45.26000000000022,False,,,,,,,0.0,0.0,,,,,,,False,,,,False,,,
NQ,2021-11-04,Thursday,RDR,16343.289,16260.229,83.06000000000131,16343.899,16258.109,85.78999999999905,True,LONG,2021-11-04 12:40:00,16349.099,True,True,False,0.5299,0.0647,0.5299,16387.299,2021-11-04 13:46:00,0.4641,16304.739,2021-11-04 14:43:00,True,2021-11-04 13:46:00,0.2041,0.4641,True,16342.879,2021-11-04 12:52:00,0.0049
NQ,2021-11-05,Friday,ADR,16341.089,16325.219,15.8700000000008,16341.399,16321.849,19.549999999999272,True,LONG,2021-11-04 22:10:00,16342.149,True,True,True,0.9641,0.0,0.9641,16356.389,2021-11-05 01:02:00,0.397,16334.789,2021-11-04 22:44:00,True,2021-11-04 23:11:00,0.397,0.138,True,16341.069,2021-11-04 22:16:00,0.0013
NQ,2021-11-05,Friday,ODR,16361.499,16326.629,34.86999999999898,16362.689,16326.159,36.530000000000655,True,LONG,2021-11-05 04:00:00,16370.669,True,True,True,2.0533,0.0,2.0533,16433.099,2021-11-05 05:21:00,0.6361,16339.319,2021-11-05 07:31:00,True,2021-11-05 04:30:00,0.0,0.6361,True,16356.269,2021-11-05 06:29:00,0.15
NQ,2021-11-05,Friday,RDR,16442.207,16417.519,24.687999999998283,16447.599,16413.709,33.88999999999942,True,LONG,2021-11-05 10:45:00,16451.279,False,True,False,0.5676,4.7339,0.4055,16452.219,2021-11-05 10:50:00,5.7339,16300.649,2021-11-05 12:30:00,False,,0.0,,True,16440.289,2021-11-05 10:51:00,0.0777
NQ,2021-11-08,Monday,ADR,16313.617,16300.179,13.438000000000102,16317.287,16293.689,23.597999999999956,True,LONG,2021-11-07 20:40:00,16317.659,False,True,False,0.7657,1.5292,0.7657,16323.907,2021-11-08 00:37:00,2.5292,16279.629,2021-11-07 21:50:00,True,2021-11-08 00:37:00,2.5292,1.5522,True,16311.069,2021-11-07 20:45:00,0.1896
NQ,2021-11-08,Monday,ODR,16340.719,16306.829,33.88999999999942,16344.197,16305.579,38.61800000000039,True,LONG,2021-11-08 04:10:00,16345.179,True,True,True,0.8518,0.0,0.8518,16369.587,2021-11-08 06:42:00,0.1924,16334.199,2021-11-08 04:45:00,True,2021-11-08 05:28:00,0.1924,0.0,True,16340.659,2021-11-08 04:15:00,0.0018
NQ,2021-11-08,Monday,RDR,16381.519,16333.309,48.210000000000946,16401.809,16325.389,76.42000000000189,True,SHORT,2021-11-08 10:40:00,16324.109,False,True,False,0.1921,0.4617,0.3927,16314.379,2021-11-08 15:47:00,1.1921,16390.779,2021-11-08 14:18:00,False,,1.1921,,True,16344.289,2021-11-08 10:46:00,0.2278
NQ,2021-11-09,Tuesday,ADR,16304.699,16293.249,11.450000000000728,16305.599,16291.889,13.710000000000946,True,LONG,2021-11-08 21:00:00,16306.139,True,True,True,2.676,0.2734,2.676,16335.339,2021-11-09 01:02:00,0.3092,16301.159,2021-11-08 22:55:00,True,2021-11-08 21:10:00,0.3092,0.3092,True,16304.309,2021-11-08 21:06:00,0.0341
NQ,2021-11-09,Tuesday,ODR,16348.317,16309.889,38.427999999999884,16349.669,16309.509,40.159999999999854,True,LONG,2021-11-09 04:10:00,16350.329,True,True,True,0.8273,0.0,0.8273,16380.109,2021-11-09 06:20:00,0.1571,16342.279,2021-11-09 07:47:00,True,2021-11-09 05:12:00,0.007,0.1571,True,16348.119,2021-11-09 04:20:00,0.0052
NQ,2021-11-09,Tuesday,RDR,16384.237,16212.029,172.20800000000054,16400.099,16199.159,200.9399999999987,True,SHORT,2021-11-09 13:35:00,16190.059,True,True,False,0.0,0.2622,0.2622,16166.869,2021-11-09 13:57:00,0.1612,16239.789,2021-11-09 14:23:00,False,,0.0,,True,16214.919,2021-11-09 14:15:00,0.0168
NQ,2021-11-10,Wednesday,ADR,16191.909,16181.719,10.19000000000051,16193.987,16180.249,13.737999999999374,True,SHORT,2021-11-09 20:40:00,16173.639,False,True,False,3.0108,4.3768,4.3768,16137.119,2021-11-09 22:19:00,4.0108,16222.589,2021-11-10 01:54:00,True,2021-11-09 20:45:00,0.0069,4.0108,True,16181.789,2021-11-09 21:00:00,0.0069
NQ,2021-11-10,Wednesday,ODR,16240.699,16205.209,35.48999999999978,16246.089,16203.569,42.52000000000044,True,SHORT,2021-11-10 04:05:00,16201.259,True,True,True,0.0,2.4945,2.4945,16116.679,2021-11-10 06:44:00,0.0898,16208.397,2021-11-10 04:50:00,True,2021-11-10 04:23:00,0.0898,0.0898,True,16205.399,2021-11-10 04:48:00,0.0054
NQ,2021-11-10,Wednesday,RDR,16210.269,16070.699,139.5699999999997,16224.749,16047.319,177.4300000000003,True,SHORT,2021-11-10 13:20:00,16046.549,True,True,True,0.0,1.1939,1.1939,15904.069,2021-11-10 14:45:00,0.073,16080.889,2021-11-10 13:34:00,True,2021-11-10 14:16:00,0.073,0.0,True,16071.639,2021-11-10 13:28:00,0.0067
NQ,2021-11-11,Thursday,ADR,16027.529,16012.369,15.159999999999854,16032.379,16006.559,25.820000000001528,True,LONG,2021-11-10 20:55:00,16046.149,False,True,False,1.4208,1.8298,1.4208,16049.069,2021-11-10 21:05:00,2.8298,15984.629,2021-11-10 23:30:00,True,2021-11-10 21:00:00,0.0,2.8298,True,16026.739,2021-11-10 21:51:00,0.0521
NQ,2021-11-11,Thursday,ODR,16033.919,16010.239,23.68000000000029,16038.899,16001.609,37.289999999999054,True,LONG,2021-11-11 04:00:00,16046.689,True,False,,2.9451,0.0,2.9451,16103.659,2021-11-11 08:23:00,0.0,16038.009,2021-11-11 04:07:00,True,2021-11-11 04:05:00,0.0,0.0,False,,,
NQ,2021-11-11,Thursday,RDR,16110.559,16054.799,55.7599999999984,16115.559,16046.739,68.81999999999971,True,SHORT,2021-11-11 12:15:00,16040.519,True,True,True,0.0,0.7448,0.7448,16013.269,2021-11-11 15:14:00,0.5434,16085.099,2021-11-11 14:41:00,True,2021-11-11 15:10:00,0.5434,0.0,True,16055.289,2021-11-11 12:33:00,0.0088
NQ,2021-11-12,Friday,ADR,16097.599,16082.739,14.860000000000582,16099.109,16079.029,20.079999999999927,True,SHORT,2021-11-11 21:30:00,16076.599,True,False,,0.0,3.0249,3.0249,16037.789,2021-11-12 01:51:00,0.0,16077.809,2021-11-11 21:50:00,True,2021-11-11 21:35:00,0.0,0.0,False,,,
NQ,2021-11-12,Friday,ODR,16077.089,16055.649,21.44000000000051,16083.589,16048.359,35.22999999999956,True,SHORT,2021-11-12 05:10:00,16048.139,True,True,False,0.084,0.6101,0.3983,16047.109,2021-11-12 05:26:00,1.014,16077.389,2021-11-12 06:40:00,False,,0.0,,True,16055.877,2021-11-12 05:41:00,0.0106
NQ,2021-11-12,Friday,RDR,16075.259,16014.359,60.899999999999636,16084.199,16008.589,75.61000000000058,True,LONG,2021-11-12 10:45:00,16094.829,True,False,,2.3668,0.0,2.3668,16219.399,2021-11-12 15:36:00,0.0,16090.319,2021-11-12 10:50:00,True,2021-11-12 10:53:00,0.0,0.0,False,,,
NQ,2021-11-15,Monday,ADR,16239.419,16234.349,5.069999999999709,16242.099,16230.569,11.530000000000655,True,SHORT,2021-11-14 21:25:00,16230.239,True,True,True,0.0947,4.4694,4.4694,16211.689,2021-11-14 23:38:00,1.0947,16239.899,2021-11-15 01:35:00,True,2021-11-14 21:30:00,0.4043,1.0947,True,16234.549,2021-11-14 21:46:00,0.0394
NQ,2021-11-15,Monday,ODR,16239.119,16224.679,14.44000000000051,16239.799,16217.019,22.780000000000655,True,LONG,2021-11-15 05:35:00,16240.019,True,True,True,2.9003,0.7479,2.9003,16280.999,2021-11-15 08:22:00,0.9965,16224.729,2021-11-15 06:30:00,True,2021-11-15 08:11:00,0.9965,0.0,True,16235.869,2021-11-15 05:40:00,0.2251
NQ,2021-11-15,Monday,RDR,16253.079,16167.039,86.03999999999905,16259.169,16163.829,95.34000000000015,True,SHORT,2021-11-15 11:40:00,16110.369,True,True,False,0.0,0.9117,0.9117,16088.599,2021-11-15 12:22:00,0.3852,16200.179,2021-11-15 15:30:00,True,2021-11-15 11:45:00,0.0,0.3852,True,16167.299,2021-11-15 13:17:00,0.003
NQ,2021-11-16,Tuesday,ADR,16221.999,16187.419,34.57999999999993,16222.099,16182.629,39.469999999999345,True,LONG,2021-11-15 20:55:00,16224.029,False,True,False,0.2192,0.2831,0.1009,16225.489,2021-11-15 21:14:00,1.2831,16177.629,2021-11-16 00:26:00,False,,0.0628,,True,16221.029,2021-11-15 21:04:00,0.0281
NQ,2021-11-16,Tuesday,ODR,16203.129,16171.709,31.420000000000073,16209.599,16170.549,39.04999999999927,True,SHORT,2021-11-16 05:10:00,16166.289,False,True,False,0.1582,0.515,0.515,16155.529,2021-11-16 05:27:00,1.1582,16208.099,2021-11-16 07:00:00,True,2021-11-16 05:18:00,0.0,1.1582,True,16171.889,2021-11-16 06:16:00,0.0057
NQ,2021-11-16,Tuesday,RDR,16252.179,16161.289,90.88999999999942,16264.309,16154.549,109.7599999999984,True,LONG,2021-11-16 11:10:00,16285.859,True,False,,0.8332,0.0,0.8332,16327.909,2021-11-16 14:10:00,0.0,16282.529,2021-11-16 12:04:00,True,2021-11-16 11:17:00,0.0,0.0,False,,,
NQ,2021-11-17,Wednesday,ADR,16307.909,16302.769,5.139999999999418,16312.389,16302.029,10.359999999998763,True,SHORT,2021-11-16 20:35:00,16299.719,True,True,True,0.1128,5.6518,5.6518,16273.719,2021-11-16 22:45:00,0.5117,16305.399,2021-11-17 01:30:00,True,2021-11-16 20:40:00,0.3366,0.5117,True,16303.809,2021-11-16 20:51:00,0.2023
NQ,2021-11-17,Wednesday,ODR,16328.699,16305.729,22.970000000001164,16332.609,16302.139,30.470000000001164,True,SHORT,2021-11-17 08:10:00,16294.789,True,True,False,0.0488,0.6556,0.6556,16290.669,2021-11-17 08:15:00,0.1502,16309.179,2021-11-17 08:28:00,True,2021-11-17 08:15:00,0.0,0.1502,True,16306.019,2021-11-17 08:21:00,0.0126
NQ,2021-11-17,Wednesday,RDR,16321.909,16283.599,38.30999999999949,16328.109,16271.169,56.94000000000051,True,LONG,2021-11-17 10:35:00,16349.429,True,True,False,2.0459,0.0,2.0459,16400.289,2021-11-17 12:00:00,0.8168,16290.619,2021-11-17 13:11:00,True,2021-11-17 10:40:00,0.0,0.8168,True,16312.359,2021-11-17 12:28:00,0.2493
NQ,2021-11-18,Thursday,ADR,16339.307,16332.797,6.510000000000218,16341.989,16331.009,10.979999999999563,True,LONG,2021-11-17 21:35:00,16343.259,True,True,True,2.9005,0.3776,2.9005,16358.189,2021-11-18 01:41:00,0.906,16333.409,2021-11-17 22:03:00,True,2021-11-17 21:40:00,0.906,0.906,True,16339.269,2021-11-17 21:45:00,0.0058
NQ,2021-11-18,Thursday,ODR,16384.509,16369.917,14.591999999998734,16387.619,16366.109,21.5099999999984,True,LONG,2021-11-18 04:00:00,16409.759,True,True,True,1.8353,0.0,1.8209,16411.079,2021-11-18 04:05:00,0.1604,16382.169,2021-11-18 05:06:00,True,2021-11-18 04:05:00,0.0,0.1604,True,16383.759,2021-11-18 05:04:00,0.0514
NQ,2021-11-18,Thursday,RDR,16414.819,16321.769,93.04999999999927,16423.399,16306.529,116.8700000000008,True,LONG,2021-11-18 11:30:00,16433.259,True,True,True,0.9722,0.0,0.9722,16505.279,2021-11-18 15:48:00,0.0542,16409.779,2021-11-18 14:31:00,True,2021-11-18 11:43:00,0.0542,0.0542,True,16409.779,2021-11-18 14:31:00,0.0542
NQ,2021-11-19,Friday,ADR,16506.519,16498.529,7.990000000001601,16506.889,16496.509,10.380000000001019,True,LONG,2021-11-18 20:45:00,16535.399,True,False,,10.6345,0.0,10.6345,16591.489,2021-11-18 22:14:00,0.0,16526.869,2021-11-18 21:18:00,True,2021-11-18 20:50:00,0.0,0.0,False,,,
NQ,2021-11-19,Friday,ODR,16565.109,16550.999,14.110000000000582,16567.739,16547.519,20.220000000001164,True,LONG,2021-11-19 04:15:00,16570.049,False,True,False,0.7555,2.8994,0.7555,16575.769,2021-11-19 04:27:00,3.8994,16510.089,2021-11-19 05:14:00,True,2021-11-19 04:22:00,0.0,3.8994,True,16564.059,2021-11-19 04:28:00,0.0744
NQ,2021-11-19,Friday,RDR,16616.369,16532.739,83.62999999999738,16619.899,16519.019,100.88000000000102,False,,,,,,,0.1535,0.0,,,,,,,False,,,,False,,,
NQ,2021-11-22,Monday,ADR,16629.459,16605.719,23.739999999997963,16632.309,16603.969,28.340000000000146,False,,,,,,,0.0353,0.0,,,,,,,False,,,,False,,,
NQ,2021-11-22,Monday,ODR,16631.709,16618.907,12.80199999999968,16634.789,16614.729,20.06000000000131,True,LONG,2021-11-22 04:00:00,16637.429,True,True,True,1.3496,0.0,1.3496,16648.987,2021-11-22 04:08:00,0.4054,16626.519,2021-11-22 05:51:00,True,2021-11-22 04:05:00,0.0,0.4054,True,16630.919,2021-11-22 05:42:00,0.0617
NQ,2021-11-22,Monday,RDR,16755.949,16638.729,117.22000000000116,16768.799,16638.729,130.0699999999997,True,SHORT,2021-11-22 11:20:00,16632.039,True,False,,0.0,2.2325,2.2325,16377.039,2021-11-22 15:59:00,0.0,16636.397,2021-11-22 11:33:00,True,2021-11-22 11:44:00,0.0,0.0,False,,,
NQ,2021-11-23,Tuesday,ADR,16410.697,16383.419,27.278000000000247,16411.289,16377.679,33.61000000000058,True,SHORT,2021-11-22 20:45:00,16377.399,True,False,,0.0,2.3931,2.3931,16318.139,2021-11-22 21:33:00,0.0,16382.499,2021-11-22 20:51:00,True,2021-11-22 20:55:00,0.0,0.0,False,,,
NQ,2021-11-23,Tuesday,ODR,16337.869,16281.679,56.19000000000051,16344.359,16273.659,70.70000000000073,True,LONG,2021-11-23 05:20:00,16345.359,True,True,True,0.6257,0.0,0.6257,16373.029,2021-11-23 07:08:00,0.688,16299.209,2021-11-23 06:12:00,True,2021-11-23 07:06:00,0.688,0.2963,True,16334.519,2021-11-23 05:31:00,0.0596
NQ,2021-11-23,Tuesday,RDR,16405.917,16242.679,163.2380000000012,16418.309,16236.739,181.57000000000153,True,SHORT,2021-11-23 10:40:00,16219.279,True,True,False,0.0,0.7533,0.7533,16119.719,2021-11-23 13:35:00,0.4719,16319.709,2021-11-23 15:54:00,True,2021-11-23 11:01:00,0.1721,0.4719,True,16243.849,2021-11-23 10:46:00,0.0072
NQ,2021-11-24,Wednesday,ADR,16307.819,16292.919,14.899999999999636,16309.789,16291.539,18.25,True,LONG,2021-11-23 20:30:00,16310.429,False,True,True,3.0523,1.7678,3.0523,16353.299,2021-11-24 01:41:00,2.7678,16266.579,2021-11-23 23:16:00,True,2021-11-24 00:44:00,2.7678,0.0,True,16303.719,2021-11-23 20:38:00,0.2752
NQ,2021-11-24,Wednesday,ODR,16326.259,16287.809,38.45000000000073,16328.079,16285.199,42.8799999999992,True,SHORT,2021-11-24 04:00:00,16279.499,True,True,True,0.0,1.5888,1.5888,16226.719,2021-11-24 05:59:00,0.7519,16316.719,2021-11-24 04:25:00,True,2021-11-24 04:53:00,0.7519,0.1628,True,16287.959,2021-11-24 04:10:00,0.0039
NQ,2021-11-24,Wednesday,RDR,16249.399,16129.159,120.23999999999978,16257.619,16103.399,154.22000000000116,True,LONG,2021-11-24 10:35:00,16265.959,True,True,True,1.0021,0.0,1.0021,16369.889,2021-11-24 15:59:00,0.318,16211.159,2021-11-24 11:04:00,True,2021-11-24 11:22:00,0.318,0.0,True,16228.049,2021-11-24 10:44:00,0.1776
NQ,2021-11-25,Thursday,ADR,16375.819,16361.189,14.6299999999992,16380.689,16360.049,20.639999999999418,True,LONG,2021-11-24 22:15:00,16381.489,True,False,,3.2242,0.0,3.2242,16422.989,2021-11-25 01:38:00,0.0,16380.239,2021-11-24 22:20:00,True,2021-11-24 22:20:00,0.0,0.0,False,,,
NQ,2021-11-25,Thursday,ODR,16434.299,16412.009,22.290000000000873,16436.219,16406.789,29.43000000000029,True,SHORT,2021-11-25 06:05:00,16403.489,True,False,,0.0781,1.5693,1.5693,16377.029,2021-11-25 06:25:00,0.0,16411.699,2021-11-25 07:38:00,True,2021-11-25 06:12:00,0.0,0.0,False,,,
NQ,2021-11-25,Thursday,RDR,16415.909,16383.739,32.17000000000007,16419.309,16380.969,38.340000000001965,False,,,,,,,0.0432,0.0,,,,,,,False,,,,False,,,
NQ,2021-11-26,Friday,ADR,16346.819,16311.809,35.01000000000022,16349.499,16305.079,44.42000000000007,True,SHORT,2021-11-25 21:10:00,16304.769,True,False,,0.0,2.0571,2.0571,16239.789,2021-11-26 01:42:00,0.0,16308.489,2021-11-25 22:14:00,True,2021-11-25 21:15:00,0.0,0.0,False,,,
NQ,2021-11-26,Friday,ODR,16215.719,16166.137,49.581999999998516,16228.309,16148.769,79.53999999999905,True,SHORT,2021-11-26 04:30:00,16148.079,False,True,False,0.8388,0.8509,0.8509,16123.949,2021-11-26 04:36:00,1.8388,16257.309,2021-11-26 07:12:00,True,2021-11-26 04:35:00,0.0,1.8388,True,16166.687,2021-11-26 04:45:00,0.0111
NQ,2021-11-26,Friday,RDR,16297.789,16142.749,155.04000000000087,16308.569,16118.269,190.29999999999927,True,SHORT,2021-11-26 11:00:00,16093.189,True,False,,0.0,0.9942,0.9942,15988.609,2021-11-26 12:55:00,0.0,16137.229,2021-11-26 12:38:00,True,2021-11-26 11:13:00,0.0,0.0,False,,,
NQ,2021-11-29,Monday,ADR,16215.879,16190.589,25.290000000000873,16222.249,16182.309,39.94000000000051,True,LONG,2021-11-28 20:40:00,16232.179,True,True,True,1.4152,0.0,1.4152,16251.669,2021-11-29 01:59:00,0.9312,16192.329,2021-11-29 00:25:00,True,2021-11-28 20:45:00,0.9312,0.9312,True,16215.299,2021-11-29 00:06:00,0.0229
NQ,2021-11-29,Monday,ODR,16217.769,16192.609,25.159999999999854,16227.619,16178.639,48.98000000000138,True,SHORT,2021-11-29 04:50:00,16176.829,False,True,False,0.3828,1.0533,1.0533,16166.109,2021-11-29 04:59:00,1.3828,16227.399,2021-11-29 06:05:00,True,2021-11-29 04:55:00,0.0,1.3828,True,16193.589,2021-11-29 05:19:00,0.039
NQ,2021-11-29,Monday,RDR,16300.739,16230.689,70.04999999999927,16314.349,16208.819,105.53000000000065,True,LONG,2021-11-29 11:30:00,16319.299,True,False,,1.9908,0.0488,1.9908,16440.197,2021-11-29 15:16:00,0.0,16314.069,2021-11-29 11:35:00,True,2021-11-29 11:37:00,0.0,0.0,False,,,
NQ,2021-11-30,Tuesday,ADR,16436.907,16424.229,12.677999999999884,16439.789,16421.519,18.270000000000437,True,SHORT,2021-11-29 21:10:00,16420.599,True,False,,0.0009,14.511,14.511,16240.259,2021-11-30 01:07:00,0.0,16422.789,2021-11-29 21:15:00,True,2021-11-29 21:20:00,0.0,0.0,False,,,
NQ,2021-11-30,Tuesday,ODR,16337.559,16309.099,28.459999999999127,16342.657,16296.329,46.32799999999952,True,SHORT,2021-11-30 04:05:00,16287.239,True,True,True,0.0,1.4691,1.4691,16267.289,2021-11-30 04:31:00,0.9592,16336.399,2021-11-30 07:29:00,True,2021-11-30 04:10:00,0.0172,0.9592,True,16309.589,2021-11-30 04:19:00,0.0172
NQ,2021-11-30,Tuesday,RDR,16447.989,16350.087,97.90200000000186,16457.819,16321.619,136.1999999999989,True,SHORT,2021-11-30 10:45:00,16268.697,True,False,,0.0,2.8684,2.8684,16069.269,2021-11-30 12:11:00,0.0,16280.149,2021-11-30 10:51:00,True,2021-11-30 10:50:00,0.0,0.0,False,,,
NQ,2021-12-01,Wednesday,ADR,16242.007,16189.889,52.11800000000039,16242.889,16181.329,61.55999999999949,True,LONG,2021-11-30 20:35:00,16249.159,True,True,True,3.0679,0.0,3.0679,16401.899,2021-12-01 01:32:00,0.1216,16235.669,2021-11-30 20:41:00,True,2021-11-30 20:57:00,0.1216,0.0,True,16235.669,2021-11-30 20:41:00,0.1216
NQ,2021-12-01,Wednesday,ODR,16379.817,16305.837,73.97999999999956,16379.817,16300.919,78.89799999999923,True,LONG,2021-12-01 06:50:00,16383.829,True,True,False,0.2402,0.0,0.2402,16397.587,2021-12-01 07:29:00,0.3676,16352.619,2021-12-01 08:23:00,False,,0.0371,,True,16379.539,2021-12-01 07:06:00,0.0038
NQ,2021-12-01,Wednesday,RDR,16371.639,16286.059,85.57999999999993,16377.107,16270.919,106.1880000000001,True,LONG,2021-12-01 11:10:00,16413.659,False,True,False,0.6831,4.9641,0.6831,16430.097,2021-12-01 11:19:00,5.9641,15861.229,2021-12-01 15:59:00,True,2021-12-01 11:17:00,0.0,5.9641,True,16355.949,2021-12-01 11:55:00,0.1833
NQ,2021-12-02,Thursday,ADR,15956.819,15915.049,41.76999999999862,15962.719,15905.719,57.0,True,LONG,2021-12-01 20:55:00,15976.389,True,True,True,0.7323,0.0,0.7323,15987.409,2021-12-01 21:58:00,0.5932,15932.039,2021-12-01 22:37:00,True,2021-12-01 21:56:00,0.4556,0.5932,True,15956.659,2021-12-01 21:02:00,0.0038
NQ,2021-12-02,Thursday,ODR,15961.779,15911.719,50.06000000000131,15964.299,15904.729,59.57000000000153,True,LONG,2021-12-02 04:00:00,15967.809,False,True,False,0.6181,2.1974,0.6181,15992.719,2021-12-02 04:24:00,3.1974,15801.719,2021-12-02 07:43:00,True,2021-12-02 04:17:00,0.0192,3.1974,True,15961.549,2021-12-02 04:10:00,0.0046
NQ,2021-12-02,Thursday,RDR,16019.289,15822.619,196.67000000000007,16027.189,15789.739,237.45000000000073,True,SHORT,2021-12-02 10:40:00,15774.269,False,True,False,0.2339,0.3054,0.3054,15762.549,2021-12-02 10:45:00,1.2339,16065.299,2021-12-02 15:42:00,False,,0.0,,True,15838.689,2021-12-02 10:47:00,0.0817
NQ,2021-12-03,Friday,ADR,15961.739,15926.169,35.56999999999971,15963.609,15924.709,38.899999999999636,True,SHORT,2021-12-02 20:30:00,15923.049,False,True,False,1.5091,1.8448,1.8448,15860.549,2021-12-02 20:45:00,2.5091,16015.419,2021-12-03 01:26:00,True,2021-12-02 20:36:00,0.0,2.5091,True,15931.499,2021-12-02 22:20:00,0.1498
NQ,2021-12-03,Friday,ODR,15995.729,15931.709,64.01999999999862,15997.699,15924.699,73.0,True,SHORT,2021-12-03 05:35:00,15918.389,False,True,False,0.7585,0.3183,0.3183,15911.329,2021-12-03 05:40:00,1.7585,16044.289,2021-12-03 08:15:00,False,,0.0,,True,15934.399,2021-12-03 05:57:00,0.042
NQ,2021-12-03,Friday,RDR,16052.369,15741.849,310.52000000000044,16089.189,15733.219,355.97000000000116,True,SHORT,2021-12-03 10:40:00,15684.229,True,False,,0.0,0.6579,0.6579,15537.559,2021-12-03 15:01:00,0.0,15727.109,2021-12-03 10:57:00,True,2021-12-03 11:58:00,0.0,0.0,False,,,
NQ,2021-12-06,Monday,ADR,15726.799,15689.319,37.48000000000138,15729.889,15685.019,44.86999999999898,True,LONG,2021-12-05 21:10:00,15736.739,True,True,True,1.1926,0.0,1.1926,15771.499,2021-12-06 00:53:00,0.1489,15721.219,2021-12-05 22:35:00,True,2021-12-05 22:00:00,0.1489,0.1489,True,15722.769,2021-12-05 21:30:00,0.1075
NQ,2021-12-06,Monday,ODR,15773.709,15728.299,45.409999999999854,15779.369,15728.299,51.06999999999971,True,LONG,2021-12-06 04:00:00,15790.339,False,True,False,0.7309,3.0377,0.7309,15806.899,2021-12-06 04:17:00,4.0377,15590.359,2021-12-06 05:58:00,True,2021-12-06 04:11:00,0.0,4.0377,True,15773.379,2021-12-06 04:35:00,0.0073
NQ,2021-12-06,Monday,RDR,15765.999,15576.319,189.6800000000003,15785.419,15558.879,226.53999999999905,True,LONG,2021-12-06 12:30:00,15794.609,True,False,,0.686,0.0,0.686,15896.119,2021-12-06 14:18:00,0.0,15767.379,2021-12-06 12:43:00,True,2021-12-06 13:26:00,0.0,0.0,False,,,
NQ,2021-12-07,Tuesday,ADR,15875.089,15835.589,39.5,15880.189,15829.299,50.88999999999942,True,LONG,2021-12-06 23:10:00,15891.899,True,False,,2.4385,0.0,2.4385,15971.409,2021-12-07 01:53:00,0.0,15883.259,2021-12-06 23:18:00,True,2021-12-06 23:36:00,0.0,0.0,False,,,
NQ,2021-12-07,Tuesday,ODR,16090.699,15990.409,100.29000000000087,16096.119,15984.219,111.90000000000146,True,LONG,2021-12-07 04:00:00,16107.989,True,False,,0.7667,0.0,0.7667,16167.589,2021-12-07 05:52:00,0.0,16097.549,2021-12-07 04:37:00,True,2021-12-07 05:50:00,0.0,0.0,False,,,
NQ,2021-12-07,Tuesday,RDR,16264.969,16119.609,145.35999999999876,16269.489,16119.609,149.8799999999992,True,LONG,2021-12-07 10:35:00,16277.989,True,True,True,0.5541,0.0,0.5541,16345.509,2021-12-07 13:54:00,0.1458,16243.769,2021-12-07 15:50:00,True,2021-12-07 12:59:00,0.0,0.1458,True,16263.319,2021-12-07 15:37:00,0.0114
NQ,2021-12-08,Wednesday,ADR,16387.417,16341.267,46.150000000001455,16391.539,16340.999,50.54000000000087,True,LONG,2021-12-07 21:15:00,16396.119,True,True,True,0.6581,0.0,0.6581,16417.789,2021-12-07 22:16:00,0.1488,16380.549,2021-12-07 21:30:00,True,2021-12-07 21:48:00,0.1488,0.1191,True,16384.909,2021-12-07 21:25:00,0.0543
NQ,2021-12-08,Wednesday,ODR,16409.099,16365.879,43.219999999997526,16410.829,16362.709,48.1200000000008,True,SHORT,2021-12-08 05:35:00,16350.899,True,True,True,0.5949,0.64,0.64,16338.219,2021-12-08 08:21:00,1.5949,16434.809,2021-12-08 06:46:00,True,2021-12-08 07:17:00,1.5949,0.2645,True,16372.509,2021-12-08 06:10:00,0.1534
NQ,2021-12-08,Wednesday,RDR,16341.849,16257.339,84.51000000000022,16357.869,16253.839,104.03000000000065,True,LONG,2021-12-08 13:40:00,16368.679,True,True,True,0.6738,0.0233,0.6738,16398.789,2021-12-08 15:59:00,0.2709,16318.959,2021-12-08 14:16:00,True,2021-12-08 15:50:00,0.2709,0.0,True,16340.859,2021-12-08 14:08:00,0.0117
NQ,2021-12-09,Thursday,ADR,16384.109,16376.219,7.890000000001237,16385.109,16375.009,10.100000000000364,True,LONG,2021-12-08 20:35:00,16387.869,False,True,False,4.5488,2.4106,4.5488,16419.999,2021-12-08 22:13:00,3.4106,16357.199,2021-12-09 00:00:00,True,2021-12-08 20:40:00,0.2966,3.4106,True,16383.649,2021-12-08 20:47:00,0.0583
NQ,2021-12-09,Thursday,ODR,16393.769,16372.369,21.399999999999636,16397.789,16364.209,33.57999999999993,True,SHORT,2021-12-09 04:05:00,16363.089,True,False,,0.0,3.2117,3.2117,16303.639,2021-12-09 06:53:00,0.0,16365.649,2021-12-09 04:35:00,True,2021-12-09 04:10:00,0.0,0.0,False,,,
NQ,2021-12-09,Thursday,RDR,16402.259,16273.039,129.21999999999753,16415.269,16270.809,144.46000000000095,True,SHORT,2021-12-09 10:35:00,16267.409,True,True,True,0.0,1.0287,1.0287,16140.109,2021-12-09 15:59:00,0.5638,16345.899,2021-12-09 11:31:00,True,2021-12-09 13:50:00,0.5638,0.0,True,16276.299,2021-12-09 10:40:00,0.0252
NQ,2021-12-10,Friday,ADR,16171.099,16149.349,21.75,16171.619,16143.099,28.520000000000437,True,LONG,2021-12-09 20:30:00,16177.289,False,True,False,0.8722,0.371,0.8722,16190.069,2021-12-09 21:17:00,1.371,16141.279,2021-12-10 00:56:00,True,2021-12-09 20:49:00,0.172,1.371,True,16169.649,2021-12-09 20:38:00,0.0667
NQ,2021-12-10,Friday,ODR,16200.299,16158.709,41.590000000000146,16201.537,16154.829,46.70800000000054,True,LONG,2021-12-10 06:05:00,16206.789,True,True,False,0.6297,0.0,0.6297,16226.489,2021-12-10 06:57:00,0.6607,16172.819,2021-12-10 07:47:00,True,2021-12-10 06:49:00,0.0,0.6607,True,16200.059,2021-12-10 07:13:00,0.0058
NQ,2021-12-10,Friday,RDR,16314.349,16216.089,98.26000000000022,16326.099,16201.049,125.04999999999927,True,SHORT,2021-12-10 10:45:00,16166.669,False,True,False,0.2194,0.8323,0.8323,16134.309,2021-12-10 11:09:00,1.2194,16335.909,2021-12-10 15:59:00,True,2021-12-10 10:50:00,0.0,1.2194,True,16219.189,2021-12-10 11:42:00,0.0315
NQ,2021-12-13,Monday,ADR,16395.719,16372.036,23.683000000000902,16396.399,16370.406,25.993000000000393,True,LONG,2021-12-12 20:35:00,16396.819,False,True,False,0.3496,0.1569,0.3496,16403.999,2021-12-12 20:57:00,1.1569,16368.319,2021-12-13 01:10:00,False,,0.0456,,True,16394.639,2021-12-12 20:40:00,0.0456
NQ,2021-12-13,Monday,ODR,16368.899,16344.169,24.729999999999563,16373.899,16342.859,31.039999999999054,True,LONG,2021-12-13 04:00:00,16375.789,True,False,,1.6531,0.0,1.6531,16409.779,2021-12-13 06:41:00,0.0,16372.809,2021-12-13 04:09:00,True,2021-12-13 04:12:00,0.0,0.0,False,,,
NQ,2021-12-13,Monday,RDR,16324.289,16214.599,109.69000000000051,16337.119,16194.189,142.9300000000003,True,SHORT,2021-12-13 10:35:00,16188.359,True,True,True,0.0,1.2868,1.2868,16073.449,2021-12-13 15:59:00,0.1932,16235.787,2021-12-13 10:51:00,True,2021-12-13 11:24:00,0.1932,0.0,True,16215.549,2021-12-13 10:46:00,0.0087
NQ,2021-12-14,Tuesday,ADR,16104.967,16091.579,13.38800000000083,16107.489,16091.089,16.399999999999636,True,LONG,2021-12-13 20:30:00,16109.119,False,True,False,0.3684,1.3505,0.3535,16109.699,2021-12-13 20:35:00,2.3505,16073.499,2021-12-13 22:37:00,False,,0.0,,True,16103.899,2021-12-13 20:37:00,0.0798
NQ,2021-12-14,Tuesday,ODR,16128.997,16105.679,23.3179999999993,16131.289,16104.979,26.31000000000131,True,SHORT,2021-12-14 04:10:00,16101.169,True,True,True,0.0,6.3059,6.3059,15958.639,2021-12-14 05:03:00,0.018,16106.099,2021-12-14 04:19:00,True,2021-12-14 04:24:00,0.018,0.0,True,16105.909,2021-12-14 04:18:00,0.0099
NQ,2021-12-14,Tuesday,RDR,15990.189,15867.409,122.78000000000065,15998.109,15853.069,145.04000000000087,True,SHORT,2021-12-14 10:45:00,15840.089,True,True,False,0.0,1.0858,1.0858,15734.099,2021-12-14 12:48:00,0.8402,15970.569,2021-12-14 15:36:00,True,2021-12-14 10:55:00,0.0,0.8402,True,15870.389,2021-12-14 14:45:00,0.0243
NQ,2021-12-15,Wednesday,ADR,15943.089,15902.019,41.06999999999971,15944.399,15900.319,44.07999999999993,True,LONG,2021-12-15 00:45:00,15950.009,True,True,False,0.4604,0.1254,0.4604,15961.999,2021-12-15 01:06:00,0.6779,15915.249,2021-12-15 01:57:00,False,,0.0,,True,15936.359,2021-12-15 01:32:00,0.1639
NQ,2021-12-15,Wednesday,ODR,15963.059,15927.207,35.85199999999895,15964.819,15921.899,42.92000000000007,True,SHORT,2021-12-15 04:10:00,15902.569,True,True,False,0.0,2.091,2.091,15852.239,2021-12-15 04:27:00,0.2238,15935.229,2021-12-15 08:22:00,True,2021-12-15 04:15:00,0.0,0.2238,True,15929.999,2021-12-15 08:21:00,0.0779
NQ,2021-12-15,Wednesday,RDR,15910.119,15836.739,73.38000000000102,15931.789,15812.269,119.52000000000044,True,SHORT,2021-12-15 11:15:00,15812.079,False,True,False,5.3196,1.2661,1.2661,15743.829,2021-12-15 12:23:00,6.3196,16300.469,2021-12-15 15:59:00,True,2021-12-15 11:31:00,0.0,6.3196,True,15836.889,2021-12-15 13:58:00,0.002
NQ,2021-12-16,Thursday,ADR,16316.699,16301.317,15.382000000001426,16318.299,16300.159,18.140000000001237,True,SHORT,2021-12-15 20:45:00,16287.549,False,True,False,4.0879,1.501,1.501,16278.229,2021-12-15 20:52:00,5.0879,16379.579,2021-12-16 01:54:00,True,2021-12-15 20:50:00,0.0,5.0879,True,16304.589,2021-12-15 21:15:00,0.2127
NQ,2021-12-16,Thursday,ODR,16406.209,16366.089,40.11999999999898,16413.059,16365.389,47.67000000000189,True,LONG,2021-12-16 05:55:00,16413.719,False,True,False,1.2764,0.2959,1.2764,16457.419,2021-12-16 06:47:00,1.2959,16354.219,2021-12-16 08:17:00,True,2021-12-16 06:14:00,0.0,1.2959,True,16404.669,2021-12-16 07:07:00,0.0384
NQ,2021-12-16,Thursday,RDR,16323.889,16097.689,226.1999999999989,16343.369,16093.329,250.04000000000087,True,SHORT,2021-12-16 11:00:00,16050.329,True,False,,0.0,1.3323,1.3323,15796.319,2021-12-16 14:54:00,0.0,16064.557,2021-12-16 11:30:00,True,2021-12-16 11:57:00,0.0,0.0,False,,,
NQ,2021-12-17,Friday,ADR,15896.069,15851.339,44.72999999999956,15899.419,15849.479,49.94000000000051,True,SHORT,2021-12-16 22:10:00,15845.579,True,True,True,0.0027,1.8542,1.8542,15768.399,2021-12-16 22:58:00,0.0239,15852.409,2021-12-16 22:19:00,True,2021-12-16 22:33:00,0.0239,0.0,True,15852.409,2021-12-16 22:19:00,0.0239
NQ,2021-12-17,Friday,ODR,15860.319,15791.529,68.78999999999905,15875.089,15777.119,97.96999999999935,True,SHORT,2021-12-17 04:10:00,15708.359,True,False,,0.0,1.854,1.854,15663.989,2021-12-17 07:51:00,0.0,15776.387,2021-12-17 04:57:00,True,2021-12-17 04:15:00,0.0,0.0,False,,,
NQ,2021-12-17,Friday,RDR,15798.617,15667.969,130.64800000000105,15845.689,15655.339,190.35000000000036,True,LONG,2021-12-17 10:45:00,15884.869,True,True,False,1.2414,0.0,1.2414,15960.799,2021-12-17 11:13:00,0.3894,15747.739,2021-12-17 12:07:00,True,2021-12-17 10:50:00,0.0,0.3894,True,15792.249,2021-12-17 11:44:00,0.0487
NQ,2021-12-20,Monday,ADR,15733.799,15692.899,40.900000000001455,15737.589,15689.309,48.280000000000655,True,SHORT,2021-12-19 20:40:00,15679.409,True,True,True,0.0,3.0509,3.0509,15568.119,2021-12-20 01:01:00,0.1533,15699.169,2021-12-19 20:51:00,True,2021-12-19 20:59:00,0.1533,0.0,True,15694.139,2021-12-19 20:49:00,0.0303
NQ,2021-12-20,Monday,ODR,15593.669,15541.539,52.1299999999992,15613.229,15525.249,87.97999999999956,True,SHORT,2021-12-20 04:10:00,15515.389,False,True,False,0.5586,0.6257,0.6257,15508.919,2021-12-20 04:21:00,1.5586,15622.789,2021-12-20 07:09:00,True,2021-12-20 04:15:00,0.0,1.5586,True,15542.789,2021-12-20 04:33:00,0.024
NQ,2021-12-20,Monday,RDR,15637.529,15574.219,63.31000000000131,15664.919,15549.819,115.10000000000036,True,SHORT,2021-12-20 11:00:00,15525.999,True,True,False,0.3284,1.1777,1.1777,15499.659,2021-12-20 11:37:00,1.3284,15658.319,2021-12-20 15:22:00,True,2021-12-20 11:05:00,0.0,1.3284,True,15579.309,2021-12-20 11:54:00,0.0804
NQ,2021-12-21,Tuesday,ADR,15718.409,15691.229,27.18000000000029,15721.199,15680.369,40.82999999999993,True,LONG,2021-12-20 20:30:00,15738.129,True,False,,4.1564,0.0,4.1564,15831.379,2021-12-21 01:55:00,0.0,15724.589,2021-12-20 21:45:00,True,2021-12-20 20:35:00,0.0,0.0,False,,,
NQ,2021-12-21,Tuesday,ODR,15790.989,15751.029,39.95999999999913,15790.989,15738.779,52.20999999999913,True,SHORT,2021-12-21 04:45:00,15731.379,False,True,False,0.8333,0.75,0.75,15721.059,2021-12-21 05:01:00,1.8333,15824.289,2021-12-21 07:56:00,True,2021-12-21 04:52:00,0.0,1.8333,True,15759.209,2021-12-21 05:16:00,0.2047
NQ,2021-12-21,Tuesday,RDR,15766.319,15630.719,135.60000000000036,15803.799,15619.209,184.59000000000015,True,SHORT,2021-12-21 10:30:00,15615.579,False,True,False,1.6732,0.1391,0.1391,15611.859,2021-12-21 10:38:00,2.6732,15993.199,2021-12-21 15:59:00,False,,0.0918,,True,15633.109,2021-12-21 10:35:00,0.0176
NQ,2021-12-22,Wednesday,ADR,15963.199,15948.609,14.590000000000146,15963.819,15946.239,17.579999999999927,True,LONG,2021-12-21 20:30:00,15965.739,False,True,False,1.2591,1.5079,1.2591,15981.569,2021-12-22 01:22:00,2.5079,15926.609,2021-12-21 22:03:00,True,2021-12-21 20:37:00,2.5079,2.5079,True,15961.319,2021-12-21 20:45:00,0.1289
NQ,2021-12-22,Wednesday,ODR,15948.809,15896.777,52.03199999999924,15955.119,15888.139,66.98000000000138,True,LONG,2021-12-22 05:45:00,15958.689,True,True,False,0.7955,0.0,0.7955,15990.199,2021-12-22 06:57:00,0.4824,15923.709,2021-12-22 08:28:00,True,2021-12-22 06:47:00,0.0,0.4824,True,15944.639,2021-12-22 08:21:00,0.0801
NQ,2021-12-22,Wednesday,RDR,16038.757,15954.787,83.96999999999935,16050.799,15940.519,110.28000000000065,True,LONG,2021-12-22 10:35:00,16074.799,True,False,,1.7571,0.0,1.7571,16186.299,2021-12-22 15:59:00,0.0,16047.149,2021-12-22 14:28:00,True,2021-12-22 10:41:00,0.0,0.0,False,,,
NQ,2021-12-23,Thursday,ADR,16185.609,16174.269,11.340000000000146,16186.899,16170.889,16.01000000000022,True,LONG,2021-12-22 21:25:00,16187.339,True,True,True,1.0767,0.2531,1.0767,16197.819,2021-12-23 01:02:00,0.873,16175.709,2021-12-23 01:26:00,True,2021-12-22 21:32:00,0.6481,0.873,True,16184.759,2021-12-22 21:30:00,0.075
NQ,2021-12-23,Thursday,ODR,16185.349,16159.659,25.69000000000051,16191.309,16153.819,37.48999999999978,True,LONG,2021-12-23 05:20:00,16198.289,True,False,,1.668,0.0,1.668,16228.199,2021-12-23 08:02:00,0.0,16192.359,2021-12-23 05:32:00,True,2021-12-23 05:39:00,0.0,0.0,False,,,
NQ,2021-12-23,Thursday,RDR,16277.709,16191.729,85.98000000000138,16281.619,16185.769,95.85000000000036,True,LONG,2021-12-23 10:45:00,16284.889,True,False,,0.9692,0.0,0.9692,16361.039,2021-12-23 15:50:00,0.0,16279.419,2021-12-23 10:51:00,True,2021-12-23 11:13:00,0.0,0.0,False,,,
NQ,2021-12-27,Monday,ADR,16357.819,16332.777,25.04199999999946,16358.399,16326.829,31.56999999999971,True,SHORT,2021-12-27 01:35:00,16326.599,True,True,False,0.0,0.5781,0.2591,16326.289,2021-12-27 01:40:00,0.0336,16333.619,2021-12-27 01:57:00,False,,0.0,,True,16333.619,2021-12-27 01:57:00,0.0336
NQ,2021-12-27,Monday,ODR,16335.829,16317.739,18.090000000000146,16341.359,16311.649,29.710000000000946,True,LONG,2021-12-27 04:50:00,16345.359,True,False,,2.613,0.0,2.613,16383.099,2021-12-27 07:44:00,0.0,16337.089,2021-12-27 06:24:00,True,2021-12-27 04:55:00,0.0,0.0,False,,,
NQ,2021-12-27,Monday,RDR,16511.689,16351.549,160.1399999999976,16511.689,16350.409,161.27999999999884,True,LONG,2021-12-27 10:30:00,16528.529,True,True,True,0.3423,0.0,0.3423,16566.507,2021-12-27 15:59:00,0.1072,16494.519,2021-12-27 11:20:00,False,,0.1072,,True,16507.729,2021-12-27 10:46:00,0.0247
NQ,2021-12-28,Tuesday,ADR,16557.009,16540.079,16.929999999996653,16560.699,16538.469,22.229999999999563,True,LONG,2021-12-28 00:35:00,16563.709,True,True,True,0.9203,0.2416,0.9203,16572.589,2021-12-28 01:02:00,0.0585,16556.019,2021-12-28 01:15:00,True,2021-12-28 00:58:00,0.0,0.0585,True,16556.329,2021-12-28 01:10:00,0.0402
NQ,2021-12-28,Tuesday,ODR,16608.819,16552.427,56.391999999999825,16611.199,16550.449,60.75,True,LONG,2021-12-28 04:00:00,16617.949,True,False,,0.9216,0.0,0.9216,16660.789,2021-12-28 07:43:00,0.0,16614.879,2021-12-28 04:05:00,True,2021-12-28 04:38:00,0.0,0.0,False,,,
NQ,2021-12-28,Tuesday,RDR,16603.519,16495.829,107.68999999999869,16612.019,16495.829,116.18999999999869,True,SHORT,2021-12-28 12:30:00,16471.419,True,True,False,0.0,0.3615,0.3615,16456.899,2021-12-28 14:04:00,0.3322,16531.599,2021-12-28 15:45:00,False,,0.1603,,True,16504.869,2021-12-28 12:51:00,0.0839
NQ,2021-12-29,Wednesday,ADR,16551.199,16535.129,16.06999999999971,16554.699,16533.059,21.639999999999418,True,SHORT,2021-12-28 20:30:00,16522.559,False,True,False,0.3615,2.1164,2.1164,16501.119,2021-12-28 21:00:00,1.3615,16557.009,2021-12-29 00:48:00,True,2021-12-28 20:35:00,0.0,1.3615,True,16537.079,2021-12-28 21:39:00,0.1213
NQ,2021-12-29,Wednesday,ODR,16560.869,16535.139,25.729999999999563,16564.919,16531.469,33.45000000000073,True,SHORT,2021-12-29 06:05:00,16527.639,True,False,,0.0517,2.4221,2.4221,16472.819,2021-12-29 08:28:00,0.0,16531.489,2021-12-29 06:25:00,True,2021-12-29 06:15:00,0.0,0.0,False,,,
NQ,2021-12-29,Wednesday,RDR,16524.167,16417.829,106.33799999999974,16552.187,16391.429,160.75800000000163,False,,,,,,,0.0232,0.007,,,,,,,False,,,,False,,,
NQ,2021-12-30,Thursday,ADR,16475.989,16453.319,22.67000000000189,16476.309,16450.979,25.330000000001746,True,LONG,2021-12-29 20:35:00,16482.727,True,True,True,0.7508,0.0,0.7508,16493.009,2021-12-29 21:02:00,0.2281,16470.819,2021-12-30 01:00:00,True,2021-12-29 21:01:00,0.0,0.2281,True,16474.999,2021-12-29 21:55:00,0.0437
NQ,2021-12-30,Thursday,ODR,16518.399,16496.729,21.67000000000189,16519.109,16494.229,24.88000000000102,True,LONG,2021-12-30 04:00:00,16519.769,True,True,False,1.1347,0.0,1.1347,16542.989,2021-12-30 07:43:00,0.7877,16501.329,2021-12-30 08:23:00,True,2021-12-30 04:30:00,0.311,0.7877,True,16518.369,2021-12-30 04:13:00,0.0014
NQ,2021-12-30,Thursday,RDR,16559.319,16468.719,90.59999999999854,16569.149,16451.629,117.52000000000044,True,SHORT,2021-12-30 15:50:00,16439.529,True,False,,0.0561,0.583,0.583,16415.899,2021-12-30 15:58:00,0.0,16443.379,2021-12-30 15:55:00,True,2021-12-30 15:57:00,0.0,0.0,False,,,
NQ,2021-12-31,Friday,ADR,16421.749,16365.409,56.340000000000146,16426.589,16365.139,61.45000000000073,False,,,,,,,0.0648,0.0,,,,,,,False,,,,False,,,
NQ,2021-12-31,Friday,ODR,16431.419,16422.149,9.270000000000437,16434.999,16418.719,16.279999999998836,True,SHORT,2021-12-31 04:15:00,16408.899,True,True,False,0.0,5.2416,5.2416,16373.559,2021-12-31 07:08:00,0.4585,16426.399,2021-12-31 08:28:00,True,2021-12-31 04:20:00,0.0,0.4585,True,16422.609,2021-12-31 07:46:00,0.0496
NQ,2021-12-31,Friday,RDR,16460.089,16368.207,91.8819999999996,16467.889,16358.329,109.55999999999949,True,SHORT,2021-12-31 12:15:00,16357.769,True,True,True,0.0,0.5436,0.5436,16318.259,2021-12-31 15:59:00,0.3591,16401.199,2021-12-31 13:04:00,True,2021-12-31 15:54:00,0.3591,0.0,True,16370.389,2021-12-31 12:24:00,0.0237
