instrument,trading_date,day_of_week,range_type,dr_high,dr_low,dr_range,idr_high,idr_low,idr_range,confirmed,direction,confirmation_time,confirmation_price,dr_rule_true,retraced_into_dr,outside_dr_closed,mean_sd_up,mean_sd_down,extension_sd,extension_price,extension_time,max_retracement_sd,max_retracement_price,max_retracement_time,reached_05_sd,time_05_sd,retracement_before_extreme_sd,retracement_after_05_sd,first_retracement_occurred,first_retracement_price,first_retracement_time,first_retracement_exact
ES,2020-01-02,Thursday,ADR,3238.337,3235.4,2.936999999999898,3238.84,3234.534,4.30600000000004,True,LONG,2020-01-01 22:20:00,3238.849,True,True,True,0.3466,0.0,0.3466,3239.355,2020-01-01 22:53:00,0.4436,3237.034,2020-01-02 00:31:00,False,,0.0,,True,3238.043,2020-01-01 23:54:00,0.1001
ES,2020-01-02,Thursday,ODR,3245.84,3241.355,4.485000000000127,3246.355,3240.837,5.518000000000029,True,LONG,2020-01-02 04:05:00,3246.834,True,True,True,0.7837,0.0,0.7837,3249.355,2020-01-02 05:46:00,0.0007,3245.837,2020-01-02 06:48:00,True,2020-01-02 04:41:00,0.0,0.0007,True,3245.84,2020-01-02 06:45:00,0.0
ES,2020-01-02,Thursday,RDR,3248.443,3236.455,11.988000000000284,3249.44,3235.94,13.5,True,LONG,2020-01-02 15:30:00,3249.934,True,False,,0.751,0.1099,0.751,3257.446,2020-01-02 15:59:00,0.0,3249.437,2020-01-02 15:36:00,True,2020-01-02 15:54:00,0.0,0.0,False,,,
ES,2020-01-03,Friday,ADR,3261.355,3259.6,1.7550000000001091,3261.6,3259.6,2.0,True,SHORT,2020-01-02 20:35:00,3258.855,True,False,,0.0,17.1197,17.1197,3229.555,2020-01-03 00:10:00,0.0,3258.855,2020-01-02 20:40:00,True,2020-01-02 20:40:00,0.0,0.0,False,,,
ES,2020-01-03,Friday,ODR,3229.4,3225.834,3.5660000000002583,3229.834,3221.549,8.284999999999854,True,SHORT,2020-01-03 04:40:00,3221.052,False,True,False,0.408,5.6085,5.6085,3205.834,2020-01-03 05:57:00,1.408,3230.855,2020-01-03 08:23:00,True,2020-01-03 04:45:00,0.0,1.408,True,3225.846,2020-01-03 08:04:00,0.0034
ES,2020-01-03,Friday,RDR,3237.934,3220.037,17.89700000000039,3238.5,3219.84,18.659999999999854,True,LONG,2020-01-03 10:40:00,3238.955,True,True,False,0.4482,0.0,0.4482,3245.955,2020-01-03 12:51:00,0.4015,3230.749,2020-01-03 11:10:00,False,,0.4015,,True,3237.243,2020-01-03 10:49:00,0.0386
ES,2020-01-06,Monday,ADR,3223.634,3220.643,2.9909999999999854,3224.149,3220.134,4.014999999999873,True,SHORT,2020-01-05 20:45:00,3219.849,False,True,False,2.0281,0.6048,0.6048,3218.834,2020-01-05 20:54:00,3.0281,3229.7,2020-01-05 23:29:00,True,2020-01-05 20:54:00,0.0,3.0281,True,3220.846,2020-01-05 21:02:00,0.0679
ES,2020-01-06,Monday,ODR,3224.849,3208.834,16.015000000000327,3225.4,3208.646,16.753999999999905,False,,,,,,,0.0,0.0125,,,,,,,False,,,,False,,,
ES,2020-01-06,Monday,RDR,3230.5,3214.4,16.09999999999991,3230.934,3213.243,17.69100000000026,True,LONG,2020-01-06 10:40:00,3233.355,True,False,,1.0341,0.0,1.0341,3247.149,2020-01-06 15:59:00,0.0,3230.534,2020-01-06 11:02:00,True,2020-01-06 14:09:00,0.0,0.0,False,,,
ES,2020-01-07,Tuesday,ADR,3247.437,3244.243,3.19399999999996,3247.946,3243.949,3.9969999999998436,True,LONG,2020-01-06 20:40:00,3248.452,True,True,True,1.6791,0.0,1.6791,3252.8,2020-01-06 23:26:00,0.6205,3245.455,2020-01-07 01:22:00,True,2020-01-06 21:03:00,0.0,0.6205,True,3247.437,2020-01-07 01:18:00,0.0
ES,2020-01-07,Tuesday,ODR,3251.937,3245.24,6.697000000000116,3253.746,3243.746,10.0,True,SHORT,2020-01-07 06:45:00,3243.44,True,True,True,0.0,0.4159,0.4159,3242.455,2020-01-07 08:20:00,0.2253,3246.749,2020-01-07 07:58:00,False,,0.2253,,True,3245.455,2020-01-07 07:09:00,0.0321
ES,2020-01-07,Tuesday,RDR,3240.049,3232.4,7.648999999999887,3241.549,3231.04,10.509000000000015,True,LONG,2020-01-07 10:55:00,3242.0,True,True,False,0.641,0.0,0.641,3244.952,2020-01-07 11:27:00,0.5495,3235.846,2020-01-07 15:54:00,True,2020-01-07 11:02:00,0.0,0.5495,True,3240.0,2020-01-07 11:44:00,0.0064
ES,2020-01-08,Wednesday,ADR,3195.949,3183.143,12.80600000000004,3198.143,3180.634,17.509000000000015,True,LONG,2020-01-07 20:40:00,3207.44,True,False,,2.5918,0.0,2.5918,3229.14,2020-01-07 21:49:00,0.0,3200.7,2020-01-07 20:51:00,True,2020-01-07 20:45:00,0.0,0.0,False,,,
ES,2020-01-08,Wednesday,ODR,3232.137,3228.134,4.003000000000156,3234.7,3227.134,7.5659999999998035,True,LONG,2020-01-08 05:15:00,3236.14,True,False,,3.4504,0.0,3.4504,3245.949,2020-01-08 08:20:00,0.0,3234.646,2020-01-08 05:29:00,True,2020-01-08 05:20:00,0.0,0.0,False,,,
ES,2020-01-08,Wednesday,RDR,3247.743,3238.646,9.096999999999753,3249.055,3235.743,13.311999999999898,True,LONG,2020-01-08 11:25:00,3249.543,True,True,True,2.0999,0.0666,2.0999,3266.846,2020-01-08 15:28:00,0.4407,3243.734,2020-01-08 11:33:00,True,2020-01-08 11:38:00,0.4407,0.0,True,3245.734,2020-01-08 11:30:00,0.2208
ES,2020-01-09,Thursday,ADR,3262.834,3260.537,2.2970000000000255,3263.349,3260.334,3.0150000000003274,True,SHORT,2020-01-08 22:10:00,3259.4,False,True,False,1.1171,1.9512,1.9512,3256.055,2020-01-08 22:18:00,2.1171,3265.4,2020-01-09 00:50:00,True,2020-01-08 22:15:00,0.0,2.1171,True,3260.555,2020-01-08 23:31:00,0.0078
ES,2020-01-09,Thursday,ODR,3271.552,3267.952,3.599999999999909,3272.343,3267.4,4.942999999999756,True,SHORT,2020-01-09 07:30:00,3266.855,True,True,False,0.0,0.6683,0.6683,3265.546,2020-01-09 07:55:00,0.3189,3269.1,2020-01-09 08:26:00,True,2020-01-09 07:54:00,0.1667,0.3189,True,3268.049,2020-01-09 07:39:00,0.0269
ES,2020-01-09,Thursday,RDR,3270.937,3266.455,4.481999999999971,3272.146,3264.137,8.009000000000015,True,LONG,2020-01-09 10:35:00,3272.443,False,True,True,1.1073,0.6247,1.1073,3275.9,2020-01-09 14:43:00,1.6247,3263.655,2020-01-09 12:44:00,True,2020-01-09 10:53:00,1.6247,1.6247,True,3270.934,2020-01-09 11:08:00,0.0007
ES,2020-01-10,Friday,ADR,3281.737,3278.443,3.293999999999869,3282.0,3278.443,3.556999999999789,True,LONG,2020-01-09 23:25:00,3282.234,True,True,True,0.7644,0.0,0.7644,3284.255,2020-01-10 01:18:00,0.2429,3280.937,2020-01-10 00:13:00,True,2020-01-10 01:00:00,0.2429,0.0,True,3281.737,2020-01-10 00:03:00,0.0
ES,2020-01-10,Friday,ODR,3282.755,3278.734,4.0210000000001855,3282.755,3278.234,4.5210000000001855,True,LONG,2020-01-10 05:10:00,3283.255,True,True,False,0.7508,0.0,0.7508,3285.774,2020-01-10 06:34:00,1.0,3278.734,2020-01-10 08:19:00,True,2020-01-10 06:24:00,0.2042,1.0,True,3282.437,2020-01-10 05:17:00,0.0791
ES,2020-01-10,Friday,RDR,3281.852,3274.84,7.011999999999716,3282.555,3273.834,8.721000000000004,True,SHORT,2020-01-10 11:45:00,3272.634,True,True,True,0.0,2.0973,2.0973,3260.134,2020-01-10 15:42:00,0.3557,3277.334,2020-01-10 13:49:00,True,2020-01-10 12:03:00,0.3557,0.3557,True,3275.152,2020-01-10 11:53:00,0.0445
ES,2020-01-13,Monday,ADR,3272.246,3266.234,6.012000000000171,3273.052,3266.043,7.0090000000000146,True,LONG,2020-01-12 22:10:00,3273.246,True,True,True,0.2994,0.0,0.2994,3274.046,2020-01-13 01:06:00,0.002,3272.234,2020-01-12 22:22:00,False,,0.002,,True,3272.234,2020-01-12 22:22:00,0.002
ES,2020-01-13,Monday,ODR,3275.543,3272.546,2.9970000000002983,3276.1,3272.237,3.862999999999829,True,LONG,2020-01-13 04:50:00,3276.743,False,True,True,0.5863,0.6713,0.5863,3277.3,2020-01-13 05:00:00,1.6713,3270.534,2020-01-13 07:00:00,True,2020-01-13 04:56:00,0.0,1.6713,True,3275.534,2020-01-13 05:18:00,0.003
ES,2020-01-13,Monday,RDR,3274.846,3269.355,5.4909999999999854,3275.334,3267.34,7.993999999999687,True,LONG,2020-01-13 10:50:00,3276.146,True,False,,2.3773,0.0,2.3773,3287.9,2020-01-13 15:59:00,0.0,3275.637,2020-01-13 11:29:00,True,2020-01-13 11:15:00,0.0,0.0,False,,,
ES,2020-01-14,Tuesday,ADR,3294.746,3291.943,2.8029999999998836,3295.252,3291.74,3.512000000000171,True,SHORT,2020-01-13 20:30:00,3291.737,True,True,True,0.0,2.0293,2.0293,3286.255,2020-01-13 22:33:00,0.1805,3292.449,2020-01-13 21:39:00,True,2020-01-13 21:10:00,0.1805,0.1805,True,3292.249,2020-01-13 20:37:00,0.1092
ES,2020-01-14,Tuesday,ODR,3284.5,3274.74,9.760000000000218,3284.752,3274.255,10.496999999999844,True,LONG,2020-01-14 04:20:00,3285.252,True,True,True,0.6909,0.0,0.6909,3291.243,2020-01-14 04:51:00,0.4371,3280.234,2020-01-14 06:17:00,True,2020-01-14 04:37:00,0.0049,0.4371,True,3284.452,2020-01-14 04:25:00,0.0049
ES,2020-01-14,Tuesday,RDR,3283.852,3279.052,4.799999999999727,3285.355,3278.052,7.302999999999884,True,LONG,2020-01-14 10:35:00,3285.537,True,True,False,2.1863,0.4621,2.1863,3294.346,2020-01-14 13:33:00,1.4621,3276.834,2020-01-14 14:14:00,True,2020-01-14 11:23:00,0.6275,1.4621,True,3283.343,2020-01-14 10:50:00,0.106
ES,2020-01-15,Wednesday,ADR,3282.543,3279.54,3.0030000000001564,3283.334,3279.037,4.2970000000000255,True,LONG,2020-01-14 20:35:00,3284.834,False,True,False,0.8515,0.8315,0.8315,3285.04,2020-01-14 20:40:00,1.8315,3277.043,2020-01-14 22:24:00,True,2020-01-14 20:40:00,0.0,1.8315,True,3282.543,2020-01-14 20:50:00,0.0
ES,2020-01-15,Wednesday,ODR,3284.9,3280.34,4.559999999999945,3285.4,3279.534,5.8659999999999854,True,LONG,2020-01-15 06:40:00,3285.849,True,True,False,0.5371,0.0,0.5371,3287.349,2020-01-15 07:54:00,0.2996,3283.534,2020-01-15 07:31:00,True,2020-01-15 07:54:00,0.2996,0.1241,True,3284.034,2020-01-15 07:23:00,0.1899
ES,2020-01-15,Wednesday,RDR,3294.946,3281.534,13.411999999999807,3296.252,3280.952,15.299999999999727,True,LONG,2020-01-15 10:55:00,3297.252,False,True,False,0.265,0.0805,0.265,3298.5,2020-01-15 11:42:00,1.0805,3280.455,2020-01-15 15:33:00,False,,0.2614,,True,3294.734,2020-01-15 11:07:00,0.0158
ES,2020-01-16,Thursday,ADR,3295.449,3294.255,1.19399999999996,3295.949,3294.237,1.711999999999989,True,SHORT,2020-01-15 20:30:00,3293.749,False,True,False,2.8065,0.6826,0.6826,3293.44,2020-01-15 20:37:00,3.8065,3298.8,2020-01-16 00:54:00,True,2020-01-15 20:36:00,0.0,3.8065,True,3294.255,2020-01-15 20:35:00,0.0
ES,2020-01-16,Thursday,ODR,3305.249,3298.255,6.993999999999687,3306.749,3298.255,8.493999999999687,False,,,,,,,0.0,0.0,,,,,,,False,,,,False,,,
ES,2020-01-16,Thursday,RDR,3306.446,3303.052,3.393999999999778,3307.4,3301.834,5.566000000000258,True,LONG,2020-01-16 12:30:00,3307.437,True,True,True,3.1509,0.1196,3.1509,3317.14,2020-01-16 15:59:00,0.0902,3306.14,2020-01-16 13:19:00,True,2020-01-16 13:37:00,0.0902,0.0,True,3306.437,2020-01-16 12:44:00,0.0027
ES,2020-01-17,Friday,ADR,3319.249,3317.949,1.2999999999997272,3319.3,3317.737,1.5630000000001019,True,SHORT,2020-01-16 20:35:00,3316.437,False,True,True,0.4238,1.3192,1.1631,3316.437,2020-01-16 20:40:00,1.4238,3319.8,2020-01-16 21:18:00,True,2020-01-16 20:40:00,0.0,1.4238,True,3317.955,2020-01-16 20:57:00,0.0046
ES,2020-01-17,Friday,ODR,3323.955,3320.234,3.7210000000000036,3324.455,3319.937,4.518000000000029,True,LONG,2020-01-17 05:10:00,3325.74,True,True,False,0.6173,0.0,0.6173,3326.252,2020-01-17 05:18:00,0.5423,3321.937,2020-01-17 07:53:00,True,2020-01-17 05:18:00,0.0,0.5423,True,3323.943,2020-01-17 05:28:00,0.0032
ES,2020-01-17,Friday,RDR,3325.846,3320.534,5.311999999999898,3325.855,3319.546,6.3090000000001965,True,SHORT,2020-01-17 11:10:00,3318.846,False,True,False,0.6977,0.4108,0.4108,3318.352,2020-01-17 11:23:00,1.6977,3329.552,2020-01-17 15:57:00,False,,0.0,,True,3320.6,2020-01-17 11:27:00,0.0124
ES,2020-01-20,Monday,ADR,3327.0,3325.24,1.7600000000002183,3327.0,3325.24,1.7600000000002183,True,SHORT,2020-01-20 00:45:00,3324.952,True,True,False,0.0,0.4562,0.4562,3324.437,2020-01-20 01:01:00,0.575,3326.252,2020-01-20 01:50:00,False,,0.0341,,True,3325.3,2020-01-20 00:52:00,0.0341
ES,2020-01-20,Monday,ODR,3321.937,3318.752,3.1849999999999454,3322.24,3318.434,3.8059999999995853,True,SHORT,2020-01-20 04:10:00,3318.234,False,True,False,0.2559,0.2559,0.1303,3318.337,2020-01-20 04:15:00,1.2559,3322.752,2020-01-20 07:00:00,False,,0.0,,True,3319.234,2020-01-20 04:16:00,0.1513
ES,2020-01-20,Monday,RDR,3322.349,3320.44,1.9090000000001055,3322.4,3319.834,2.5660000000002583,True,LONG,2020-01-20 11:25:00,3323.049,True,False,,1.4096,0.0,1.4096,3325.04,2020-01-20 12:58:00,0.0,3323.04,2020-01-20 11:32:00,True,2020-01-20 11:31:00,0.0,0.0,False,,,
ES,2020-01-21,Tuesday,ADR,3322.855,3313.349,9.505999999999858,3323.2,3312.14,11.059999999999945,True,SHORT,2020-01-20 20:30:00,3311.843,True,True,True,0.0,0.5483,0.5483,3308.137,2020-01-20 21:42:00,0.0369,3313.7,2020-01-20 21:04:00,True,2020-01-20 21:36:00,0.0369,0.0,True,3313.646,2020-01-20 21:03:00,0.0312
ES,2020-01-21,Tuesday,ODR,3314.2,3308.143,6.056999999999789,3314.355,3306.64,7.7150000000001455,True,LONG,2020-01-21 07:00:00,3314.846,True,True,True,0.2727,0.0,0.2727,3315.852,2020-01-21 08:28:00,0.0925,3313.64,2020-01-21 07:46:00,False,,0.0925,,True,3314.14,2020-01-21 07:18:00,0.0099
ES,2020-01-21,Tuesday,RDR,3321.746,3315.649,6.097000000000207,3322.495,3315.337,7.157999999999902,True,LONG,2020-01-21 11:05:00,3322.54,True,True,False,1.3702,0.0,1.3702,3330.1,2020-01-21 12:39:00,0.844,3316.6,2020-01-21 14:01:00,True,2020-01-21 11:16:00,0.0,0.844,True,3321.6,2020-01-21 13:31:00,0.0239
ES,2020-01-22,Wednesday,ADR,3325.5,3322.452,3.0479999999997744,3325.5,3322.2,3.300000000000182,True,LONG,2020-01-21 21:00:00,3325.637,True,True,True,3.4301,0.0,3.4301,3335.955,2020-01-21 21:57:00,0.1837,3324.94,2020-01-21 21:12:00,True,2020-01-21 21:20:00,0.1837,0.0,True,3325.5,2020-01-21 21:05:00,0.0
ES,2020-01-22,Wednesday,ODR,3334.146,3331.14,3.006000000000313,3334.652,3330.934,3.717999999999847,True,SHORT,2020-01-22 04:10:00,3330.7,False,True,False,0.0988,0.5615,0.5615,3329.452,2020-01-22 04:30:00,1.0988,3334.443,2020-01-22 07:36:00,True,2020-01-22 04:30:00,0.1673,1.0988,True,3331.2,2020-01-22 04:17:00,0.02
ES,2020-01-22,Wednesday,RDR,3335.049,3330.146,4.902999999999793,3335.543,3327.734,7.8090000000001965,True,LONG,2020-01-22 10:35:00,3336.243,False,True,False,0.5099,2.1032,0.5099,3337.549,2020-01-22 10:45:00,3.1032,3319.834,2020-01-22 15:24:00,True,2020-01-22 10:43:00,0.0,3.1032,True,3334.534,2020-01-22 10:49:00,0.105
ES,2020-01-23,Thursday,ADR,3319.34,3314.349,4.9909999999999854,3319.852,3314.349,5.502999999999702,True,LONG,2020-01-22 20:45:00,3320.037,False,True,False,0.3526,0.4506,0.3526,3321.1,2020-01-22 21:07:00,1.4506,3312.1,2020-01-23 01:41:00,False,,0.1597,,True,3319.043,2020-01-22 20:53:00,0.0595
ES,2020-01-23,Thursday,ODR,3319.34,3316.1,3.2400000000002365,3320.34,3315.834,4.506000000000313,True,LONG,2020-01-23 05:25:00,3320.4,False,True,False,0.6358,0.9426,0.6358,3321.4,2020-01-23 06:04:00,1.9426,3313.046,2020-01-23 08:13:00,True,2020-01-23 06:03:00,0.0,1.9426,True,3319.334,2020-01-23 06:11:00,0.0019
ES,2020-01-23,Thursday,RDR,3313.6,3303.2,10.400000000000091,3315.2,3301.437,13.76299999999992,True,LONG,2020-01-23 13:20:00,3316.755,True,True,True,1.3462,0.0,1.3462,3327.6,2020-01-23 15:59:00,0.0157,3313.437,2020-01-23 13:31:00,True,2020-01-23 13:46:00,0.0157,0.0,True,3313.5,2020-01-23 13:29:00,0.0096
ES,2020-01-24,Friday,ADR,3329.9,3327.04,2.8600000000001273,3330.4,3326.849,3.550999999999931,True,SHORT,2020-01-23 20:45:00,3326.1,False,True,False,0.3497,0.5224,0.4164,3325.849,2020-01-23 20:50:00,1.3497,3330.9,2020-01-23 23:43:00,False,,0.0,,True,3327.055,2020-01-23 20:51:00,0.0052
ES,2020-01-24,Friday,ODR,3336.837,3328.846,7.9909999999999854,3337.4,3328.355,9.045000000000073,False,,,,,,,0.0079,0.0,,,,,,,False,,,,False,,,
ES,2020-01-24,Friday,RDR,3332.355,3317.655,14.699999999999818,3332.955,3317.455,15.5,True,SHORT,2020-01-24 10:45:00,3316.955,True,True,True,0.0,2.4834,2.4834,3281.149,2020-01-24 14:23:00,0.3772,3323.2,2020-01-24 11:12:00,True,2020-01-24 11:42:00,0.3772,0.0,True,3318.0,2020-01-24 10:50:00,0.0235
ES,2020-01-27,Monday,ADR,3269.349,3264.4,4.949000000000069,3269.349,3262.552,6.7970000000000255,True,SHORT,2020-01-26 21:15:00,3261.349,True,True,True,0.0,1.2245,1.2245,3258.34,2020-01-26 21:33:00,0.4041,3266.4,2020-01-26 22:44:00,True,2020-01-26 21:20:00,0.0,0.4041,True,3264.555,2020-01-26 22:11:00,0.0313
ES,2020-01-27,Monday,ODR,3266.549,3260.4,6.148999999999887,3266.9,3257.349,9.55099999999993,True,SHORT,2020-01-27 04:15:00,3256.349,True,False,,0.0,3.9602,3.9602,3236.049,2020-01-27 06:00:00,0.0,3257.855,2020-01-27 04:23:00,True,2020-01-27 04:20:00,0.0,0.0,False,,,
ES,2020-01-27,Monday,RDR,3253.2,3237.534,15.665999999999713,3254.0,3233.646,20.353999999999814,True,LONG,2020-01-27 12:20:00,3254.449,True,True,False,0.3155,0.0,0.3155,3258.143,2020-01-27 12:47:00,0.706,3242.14,2020-01-27 15:51:00,False,,0.0033,,True,3253.149,2020-01-27 12:29:00,0.0033
ES,2020-01-28,Tuesday,ADR,3254.44,3246.5,7.940000000000055,3254.44,3245.449,8.990999999999985,True,LONG,2020-01-27 23:35:00,3255.455,True,False,,1.2418,0.0252,1.2418,3264.3,2020-01-28 01:38:00,0.0,3254.452,2020-01-28 00:09:00,True,2020-01-28 00:30:00,0.0,0.0,False,,,
ES,2020-01-28,Tuesday,ODR,3261.952,3251.752,10.200000000000273,3262.752,3250.952,11.799999999999727,True,SHORT,2020-01-28 04:00:00,3246.955,False,True,False,0.1518,0.8821,0.8821,3242.755,2020-01-28 06:17:00,1.1518,3263.5,2020-01-28 07:48:00,True,2020-01-28 04:06:00,0.0484,1.1518,True,3252.246,2020-01-28 04:44:00,0.0484
ES,2020-01-28,Tuesday,RDR,3271.349,3254.4,16.94900000000007,3273.4,3252.543,20.85699999999997,True,LONG,2020-01-28 10:40:00,3276.552,True,False,,0.8585,0.0,0.8585,3285.9,2020-01-28 14:45:00,0.0,3272.055,2020-01-28 11:09:00,True,2020-01-28 11:58:00,0.0,0.0,False,,,
ES,2020-01-29,Wednesday,ADR,3283.643,3274.334,9.309000000000196,3284.7,3274.146,10.553999999999633,True,LONG,2020-01-28 20:35:00,3286.143,True,False,,0.8333,0.0,0.8333,3291.4,2020-01-28 22:17:00,0.0,3284.852,2020-01-28 20:40:00,True,2020-01-28 20:43:00,0.0,0.0,False,,,
ES,2020-01-29,Wednesday,ODR,3289.849,3282.9,6.949000000000069,3290.7,3282.152,8.547999999999774,True,LONG,2020-01-29 07:00:00,3291.2,True,True,False,0.4103,0.1081,0.4103,3292.7,2020-01-29 07:17:00,0.1736,3288.643,2020-01-29 07:32:00,False,,0.0,,True,3289.149,2020-01-29 07:30:00,0.1007
ES,2020-01-29,Wednesday,RDR,3291.355,3273.0,18.355000000000018,3291.955,3271.24,20.715000000000146,True,LONG,2020-01-29 14:00:00,3292.8,True,True,False,0.1223,0.0,0.1223,3293.6,2020-01-29 14:06:00,0.9866,3273.246,2020-01-29 15:59:00,False,,0.0,,True,3291.3,2020-01-29 14:08:00,0.003
ES,2020-01-30,Thursday,ADR,3269.752,3264.552,5.199999999999818,3269.8,3264.252,5.548000000000229,True,SHORT,2020-01-29 21:05:00,3264.1,True,False,,0.0577,2.6562,2.6562,3250.74,2020-01-30 00:19:00,0.0,3264.3,2020-01-29 21:10:00,True,2020-01-29 21:21:00,0.0,0.0,False,,,
ES,2020-01-30,Thursday,ODR,3250.6,3244.052,6.5479999999997744,3251.1,3241.746,9.353999999999814,True,LONG,2020-01-30 04:05:00,3253.8,True,True,True,1.3204,0.0768,1.3204,3259.246,2020-01-30 04:24:00,1.0768,3243.549,2020-01-30 06:26:00,True,2020-01-30 04:10:00,0.0,1.0768,True,3250.246,2020-01-30 05:30:00,0.0541
ES,2020-01-30,Thursday,RDR,3264.649,3249.74,14.909000000000106,3265.352,3249.349,16.0029999999997,True,SHORT,2020-01-30 10:40:00,3247.352,False,True,False,1.4425,0.4923,0.4923,3242.4,2020-01-30 10:55:00,2.4425,3286.155,2020-01-30 15:59:00,False,,0.0,,True,3249.9,2020-01-30 11:06:00,0.0107
ES,2020-01-31,Friday,ADR,3296.852,3286.4,10.45199999999977,3298.2,3286.4,11.799999999999727,False,,,,,,,0.0524,0.024,,,,,,,False,,,,False,,,
ES,2020-01-31,Friday,ODR,3283.849,3279.649,4.200000000000273,3284.655,3278.9,5.755000000000109,True,SHORT,2020-01-31 04:30:00,3278.852,True,True,True,0.0,3.096,3.096,3266.646,2020-01-31 05:35:00,0.3586,3281.155,2020-01-31 07:43:00,True,2020-01-31 04:37:00,0.0121,0.3586,True,3279.7,2020-01-31 05:08:00,0.0121
ES,2020-01-31,Friday,RDR,3275.855,3252.955,22.90000000000009,3278.3,3252.949,25.351000000000113,True,SHORT,2020-01-31 10:35:00,3251.74,True,True,True,0.0,1.7033,1.7033,3213.949,2020-01-31 15:43:00,0.0655,3254.455,2020-01-31 10:43:00,True,2020-01-31 11:14:00,0.0655,0.0,True,3253.2,2020-01-31 10:42:00,0.0107
ES,2020-02-03,Monday,ADR,3241.3,3233.955,7.345000000000255,3244.752,3233.249,11.503000000000156,True,LONG,2020-02-02 20:30:00,3245.24,True,True,True,1.2873,0.0,1.2873,3250.755,2020-02-02 21:01:00,0.1423,3240.255,2020-02-02 22:04:00,True,2020-02-02 20:35:00,0.0,0.1423,True,3241.243,2020-02-02 21:49:00,0.0078
ES,2020-02-03,Monday,ODR,3245.5,3235.243,10.257000000000062,3246.952,3233.752,13.200000000000273,False,,,,,,,0.2393,0.1938,,,,,,,False,,,,False,,,
ES,2020-02-03,Monday,RDR,3267.337,3239.449,27.88799999999992,3267.6,3238.34,29.259999999999764,False,,,,,,,0.0077,0.0,,,,,,,False,,,,False,,,
ES,2020-02-04,Tuesday,ADR,3255.149,3246.449,8.699999999999818,3256.7,3245.949,10.750999999999749,True,LONG,2020-02-03 20:35:00,3258.449,True,True,True,2.1034,0.0,2.1034,3273.449,2020-02-04 01:55:00,0.1386,3253.943,2020-02-03 21:21:00,True,2020-02-03 20:40:00,0.1386,0.1386,True,3253.943,2020-02-03 21:21:00,0.1386
ES,2020-02-04,Tuesday,ODR,3282.943,3270.652,12.291000000000167,3283.955,3269.2,14.75500000000011,True,LONG,2020-02-04 04:45:00,3284.5,True,True,True,0.5335,0.0,0.5335,3289.5,2020-02-04 08:00:00,0.3082,3279.155,2020-02-04 06:02:00,True,2020-02-04 07:56:00,0.3082,0.0,True,3282.655,2020-02-04 05:18:00,0.0234
ES,2020-02-04,Tuesday,RDR,3297.543,3284.049,13.494000000000142,3297.595,3283.54,14.054999999999836,True,LONG,2020-02-04 10:35:00,3298.746,True,True,True,0.6712,0.0,0.6712,3306.6,2020-02-04 14:45:00,0.1588,3295.4,2020-02-04 11:08:00,True,2020-02-04 11:47:00,0.1588,0.1552,True,3296.843,2020-02-04 10:50:00,0.0519
ES,2020-02-05,Wednesday,ADR,3294.5,3291.755,2.744999999999891,3295.446,3291.437,4.0090000000000146,True,SHORT,2020-02-04 20:30:00,3290.5,False,True,False,1.7486,0.7286,0.7286,3289.755,2020-02-04 20:35:00,2.7486,3299.3,2020-02-04 20:58:00,True,2020-02-04 20:35:00,0.0,2.7486,True,3292.252,2020-02-04 20:37:00,0.1811
ES,2020-02-05,Wednesday,ODR,3317.943,3293.249,24.694000000000415,3320.5,3292.3,28.199999999999818,True,LONG,2020-02-05 04:05:00,3322.752,True,False,,0.5895,0.0,0.5895,3332.5,2020-02-05 04:54:00,0.0,3318.749,2020-02-05 04:14:00,True,2020-02-05 04:52:00,0.0,0.0,False,,,
ES,2020-02-05,Wednesday,RDR,3329.3,3318.1,11.200000000000273,3330.6,3315.049,15.55099999999993,True,LONG,2020-02-05 14:50:00,3333.752,True,True,True,0.7411,0.425,0.7411,3337.6,2020-02-05 15:24:00,0.0487,3328.755,2020-02-05 15:54:00,True,2020-02-05 15:01:00,0.0,0.0487,True,3329.043,2020-02-05 15:53:00,0.0229
ES,2020-02-06,Thursday,ADR,3346.946,3334.143,12.802999999999884,3348.0,3333.455,14.545000000000073,True,LONG,2020-02-05 22:00:00,3348.149,True,True,True,0.9067,0.0,0.9067,3358.555,2020-02-06 01:29:00,0.1404,3345.149,2020-02-05 22:30:00,True,2020-02-05 23:54:00,0.1404,0.0,True,3346.943,2020-02-05 22:14:00,0.0002
ES,2020-02-06,Thursday,ODR,3353.955,3350.7,3.255000000000109,3355.0,3350.143,4.856999999999971,True,SHORT,2020-02-06 04:15:00,3348.152,True,True,True,0.0,2.7788,2.7788,3341.655,2020-02-06 05:59:00,0.0922,3351.0,2020-02-06 07:01:00,True,2020-02-06 04:20:00,0.0,0.0922,True,3350.7,2020-02-06 06:57:00,0.0
ES,2020-02-06,Thursday,RDR,3345.146,3336.543,8.603000000000065,3346.755,3334.04,12.715000000000146,True,LONG,2020-02-06 13:00:00,3347.4,True,True,True,0.3145,0.0,0.3145,3347.852,2020-02-06 13:06:00,0.4875,3340.952,2020-02-06 15:22:00,False,,0.0,,True,3344.846,2020-02-06 13:13:00,0.0349
ES,2020-02-07,Friday,ADR,3347.752,3338.052,9.699999999999818,3347.755,3337.037,10.718000000000302,True,LONG,2020-02-07 01:25:00,3347.8,True,True,False,0.0565,0.0,0.0256,3348.0,2020-02-07 01:30:00,0.2277,3345.543,2020-02-07 01:45:00,False,,0.0734,,True,3347.04,2020-02-07 01:30:00,0.0734
ES,2020-02-07,Friday,ODR,3345.034,3341.046,3.9880000000002838,3345.1,3339.555,5.545000000000073,True,SHORT,2020-02-07 04:40:00,3339.252,True,True,True,0.0,3.2081,3.2081,3328.252,2020-02-07 06:01:00,0.0637,3341.3,2020-02-07 08:28:00,True,2020-02-07 04:45:00,0.0,0.0637,True,3341.3,2020-02-07 08:28:00,0.0637
ES,2020-02-07,Friday,RDR,3335.155,3326.055,9.100000000000364,3335.5,3325.0,10.5,True,LONG,2020-02-07 10:40:00,3336.649,False,True,False,0.7359,0.4619,0.7359,3341.852,2020-02-07 11:31:00,1.4619,3321.852,2020-02-07 14:13:00,True,2020-02-07 11:31:00,0.3863,1.4619,True,3335.0,2020-02-07 10:46:00,0.017
ES,2020-02-10,Monday,ADR,3319.346,3313.855,5.4909999999999854,3320.355,3312.849,7.505999999999858,True,LONG,2020-02-09 20:30:00,3320.4,True,False,,2.7962,0.0,2.7962,3334.7,2020-02-09 21:34:00,0.0,3320.143,2020-02-09 20:35:00,True,2020-02-09 20:35:00,0.0,0.0,False,,,
ES,2020-02-10,Monday,ODR,3330.152,3320.7,9.452000000000226,3330.2,3318.852,11.347999999999956,False,,,,,,,0.0,0.1115,,,,,,,False,,,,False,,,
ES,2020-02-10,Monday,RDR,3338.352,3317.146,21.205999999999676,3338.7,3316.949,21.75099999999975,True,LONG,2020-02-10 10:30:00,3339.649,True,True,True,0.6672,0.0,0.6672,3352.5,2020-02-10 15:59:00,0.1982,3334.149,2020-02-10 12:36:00,True,2020-02-10 15:54:00,0.1982,0.0,True,3338.149,2020-02-10 10:56:00,0.0096
ES,2020-02-11,Tuesday,ADR,3360.8,3355.0,5.800000000000182,3361.249,3354.449,6.799999999999727,True,LONG,2020-02-10 20:45:00,3361.749,True,False,,0.7241,0.0,0.7241,3365.0,2020-02-10 21:30:00,0.0,3361.24,2020-02-10 23:34:00,True,2020-02-10 21:21:00,0.0,0.0,False,,,
ES,2020-02-11,Tuesday,ODR,3362.737,3358.743,3.994000000000142,3362.746,3357.955,4.791000000000167,True,SHORT,2020-02-11 04:00:00,3357.252,False,True,False,0.4294,0.8232,0.8232,3355.455,2020-02-11 04:13:00,1.4294,3364.452,2020-02-11 08:29:00,True,2020-02-11 04:05:00,0.0,1.4294,True,3358.746,2020-02-11 04:23:00,0.0008
ES,2020-02-11,Tuesday,RDR,3373.9,3360.9,13.0,3374.4,3359.837,14.563000000000102,True,SHORT,2020-02-11 14:20:00,3359.452,True,True,True,0.1187,0.6112,0.6112,3352.955,2020-02-11 15:18:00,0.2732,3364.452,2020-02-11 14:44:00,True,2020-02-11 15:15:00,0.2732,0.0427,True,3361.0,2020-02-11 14:26:00,0.0077
ES,2020-02-12,Wednesday,ADR,3361.755,3356.5,5.255000000000109,3362.0,3356.5,5.5,True,LONG,2020-02-11 22:30:00,3362.452,True,False,,1.3406,0.0,1.3406,3368.8,2020-02-12 01:11:00,0.0,3362.246,2020-02-11 22:42:00,True,2020-02-11 23:46:00,0.0,0.0,False,,,
ES,2020-02-12,Wednesday,ODR,3372.3,3365.0,7.300000000000182,3373.8,3364.449,9.351000000000113,False,,,,,,,0.0685,0.0,,,,,,,False,,,,False,,,
ES,2020-02-12,Wednesday,RDR,3377.352,3370.849,6.502999999999702,3377.846,3369.534,8.311999999999898,True,LONG,2020-02-12 14:45:00,3377.852,True,True,True,0.6225,0.1538,0.6225,3381.4,2020-02-12 15:54:00,0.4636,3374.337,2020-02-12 15:13:00,True,2020-02-12 15:53:00,0.4636,0.0,True,3377.352,2020-02-12 14:51:00,0.0
ES,2020-02-13,Thursday,ADR,3371.64,3366.155,5.484999999999673,3372.855,3365.849,7.005999999999858,False,,,,,,,0.1933,0.0027,,,,,,,False,,,,False,,,
ES,2020-02-13,Thursday,ODR,3366.4,3363.155,3.244999999999891,3366.9,3363.0,3.900000000000091,True,SHORT,2020-02-13 04:05:00,3361.652,True,True,True,0.0,4.5646,4.5646,3348.343,2020-02-13 05:10:00,0.2296,3363.9,2020-02-13 04:11:00,True,2020-02-13 04:19:00,0.2296,0.0,True,3363.9,2020-02-13 04:11:00,0.2296
ES,2020-02-13,Thursday,RDR,3371.24,3359.94,11.299999999999727,3371.734,3358.949,12.784999999999854,True,LONG,2020-02-13 10:45:00,3372.037,True,False,,1.222,0.0,1.222,3385.049,2020-02-13 14:04:00,0.0,3371.6,2020-02-13 10:50:00,True,2020-02-13 11:24:00,0.0,0.0,False,,,
ES,2020-02-14,Friday,ADR,3377.1,3372.8,4.299999999999727,3378.3,3372.752,5.548000000000229,True,LONG,2020-02-13 20:35:00,3379.755,True,False,,2.5581,0.0,2.5581,3388.1,2020-02-13 22:02:00,0.0,3377.755,2020-02-13 21:10:00,True,2020-02-13 20:40:00,0.0,0.0,False,,,
ES,2020-02-14,Friday,ODR,3383.6,3380.749,2.8510000000001128,3384.1,3380.249,3.8510000000001128,True,SHORT,2020-02-14 04:00:00,3380.049,False,True,False,0.8769,0.9481,0.9481,3378.046,2020-02-14 04:08:00,1.8769,3386.1,2020-02-14 07:56:00,True,2020-02-14 04:05:00,0.0,1.8769,True,3381.3,2020-02-14 04:18:00,0.1933
ES,2020-02-14,Friday,RDR,3379.655,3371.643,8.012000000000171,3379.7,3370.2,9.5,True,SHORT,2020-02-14 13:05:00,3369.1,True,True,False,0.093,0.7852,0.7852,3365.352,2020-02-14 14:16:00,0.9682,3379.4,2020-02-14 15:59:00,True,2020-02-14 14:16:00,0.1569,0.9682,True,3371.9,2020-02-14 13:35:00,0.0321
ES,2020-02-17,Monday,ADR,3385.752,3383.252,2.5,3386.3,3382.449,3.8510000000001128,True,LONG,2020-02-16 20:30:00,3387.3,True,False,,2.6192,0.0,2.6192,3392.3,2020-02-17 01:19:00,0.0,3386.449,2020-02-16 20:35:00,True,2020-02-16 20:35:00,0.0,0.0,False,,,
ES,2020-02-17,Monday,ODR,3390.434,3387.355,3.0790000000001783,3390.8,3386.746,4.054000000000087,False,,,,,,,0.0,0.4726,,,,,,,False,,,,False,,,
ES,2020-02-17,Monday,RDR,3387.049,3386.24,0.8090000000001965,3387.1,3386.046,1.0540000000000873,True,LONG,2020-02-17 10:45:00,3388.055,True,False,,2.8467,0.0,2.8467,3389.352,2020-02-17 12:00:00,0.0,3387.343,2020-02-17 10:54:00,True,2020-02-17 10:50:00,0.0,0.0,False,,,
ES,2020-02-18,Tuesday,ADR,3375.052,3370.749,4.303000000000338,3375.3,3370.546,4.75400000000036,True,SHORT,2020-02-17 21:35:00,3370.246,True,True,True,0.0,0.8592,0.8592,3367.052,2020-02-17 21:58:00,0.35,3372.255,2020-02-18 00:00:00,True,2020-02-17 21:52:00,0.0697,0.35,True,3370.752,2020-02-17 21:42:00,0.0007
ES,2020-02-18,Tuesday,ODR,3370.1,3364.052,6.0479999999997744,3371.3,3363.74,7.5600000000004,True,SHORT,2020-02-18 04:10:00,3361.249,True,True,False,0.0,0.496,0.496,3361.052,2020-02-18 04:15:00,0.9099,3369.555,2020-02-18 05:56:00,False,,0.0,,True,3364.3,2020-02-18 04:43:00,0.041
ES,2020-02-18,Tuesday,RDR,3373.649,3362.7,10.94900000000007,3373.855,3362.34,11.514999999999873,True,SHORT,2020-02-18 11:10:00,3361.655,False,True,False,0.1456,0.6633,0.6633,3355.437,2020-02-18 11:45:00,1.1456,3375.243,2020-02-18 15:15:00,True,2020-02-18 11:28:00,0.0413,1.1456,True,3362.846,2020-02-18 11:17:00,0.0133
ES,2020-02-19,Wednesday,ADR,3376.843,3372.6,4.242999999999938,3376.855,3371.849,5.005999999999858,True,LONG,2020-02-18 21:10:00,3377.9,True,True,True,1.074,0.0606,1.074,3381.4,2020-02-18 23:10:00,0.1857,3376.055,2020-02-18 21:55:00,True,2020-02-18 21:17:00,0.1857,0.1857,True,3376.843,2020-02-18 21:53:00,0.0
ES,2020-02-19,Wednesday,ODR,3379.352,3374.343,5.0090000000000146,3379.352,3373.552,5.799999999999727,True,LONG,2020-02-19 07:55:00,3379.4,True,True,False,0.1004,0.0,0.0495,3379.6,2020-02-19 08:00:00,0.4586,3377.055,2020-02-19 08:09:00,False,,0.101,,True,3378.846,2020-02-19 08:00:00,0.101
ES,2020-02-19,Wednesday,RDR,3385.655,3380.449,5.206000000000131,3386.649,3377.446,9.202999999999975,True,LONG,2020-02-19 10:55:00,3387.0,True,True,True,1.5175,0.0,1.5175,3393.555,2020-02-19 14:45:00,0.1164,3385.049,2020-02-19 15:52:00,True,2020-02-19 11:02:00,0.0,0.1164,True,3385.6,2020-02-19 15:49:00,0.0106
ES,2020-02-20,Thursday,ADR,3395.352,3393.6,1.7519999999999527,3395.9,3393.355,2.5450000000000728,True,SHORT,2020-02-19 20:30:00,3391.843,True,True,True,0.0,10.0194,10.0194,3376.046,2020-02-19 23:00:00,0.2546,3394.046,2020-02-19 20:44:00,True,2020-02-19 20:35:00,0.2546,0.2546,True,3393.9,2020-02-19 20:42:00,0.1712
ES,2020-02-20,Thursday,ODR,3389.552,3380.34,9.211999999999989,3389.552,3379.555,9.997000000000298,True,SHORT,2020-02-20 06:50:00,3379.355,True,True,True,0.0,0.2698,0.2698,3377.855,2020-02-20 06:59:00,0.1693,3381.9,2020-02-20 08:13:00,False,,0.0,,True,3380.555,2020-02-20 07:06:00,0.0233
ES,2020-02-20,Thursday,RDR,3388.052,3379.54,8.512000000000171,3388.549,3377.443,11.105999999999767,True,SHORT,2020-02-20 11:10:00,3375.74,True,False,,0.0584,4.7566,4.7566,3339.052,2020-02-20 11:32:00,0.0,3375.749,2020-02-20 11:15:00,True,2020-02-20 11:15:00,0.0,0.0,False,,,
ES,2020-02-21,Friday,ADR,3365.055,3359.855,5.199999999999818,3365.537,3358.843,6.69399999999996,True,SHORT,2020-02-20 21:00:00,3358.046,True,True,True,0.0,2.0221,2.0221,3349.34,2020-02-21 01:37:00,0.1048,3360.4,2020-02-20 21:15:00,True,2020-02-20 21:19:00,0.1048,0.1048,True,3360.4,2020-02-20 21:15:00,0.1048
ES,2020-02-21,Friday,ODR,3357.54,3345.849,11.690999999999804,3359.04,3345.043,13.996999999999844,True,LONG,2020-02-21 07:35:00,3359.34,True,True,False,0.3852,0.0,0.3852,3362.043,2020-02-21 07:49:00,0.043,3357.037,2020-02-21 08:28:00,False,,0.0,,True,3357.355,2020-02-21 08:20:00,0.0158
ES,2020-02-21,Friday,RDR,3357.046,3336.634,20.411999999999807,3360.443,3336.446,23.9970000000003,True,SHORT,2020-02-21 10:40:00,3335.437,True,True,False,0.0,0.4115,0.4115,3328.234,2020-02-21 15:34:00,0.667,3350.249,2020-02-21 12:05:00,False,,0.667,,True,3337.5,2020-02-21 10:49:00,0.0424
ES,2020-02-24,Monday,ADR,3301.54,3295.252,6.288000000000011,3303.255,3293.552,9.702999999999975,True,SHORT,2020-02-23 21:30:00,3291.046,True,True,True,0.0,1.5614,1.5614,3285.434,2020-02-23 21:54:00,0.1258,3296.043,2020-02-23 23:56:00,True,2020-02-23 21:35:00,0.0,0.1258,True,3295.737,2020-02-23 23:53:00,0.0771
ES,2020-02-24,Monday,ODR,3282.749,3264.543,18.205999999999676,3283.8,3262.043,21.757000000000062,True,SHORT,2020-02-24 04:00:00,3257.734,True,True,True,0.0,1.2638,1.2638,3241.534,2020-02-24 06:10:00,0.0553,3265.549,2020-02-24 07:05:00,True,2020-02-24 04:15:00,0.0,0.0553,True,3265.549,2020-02-24 07:05:00,0.0553
ES,2020-02-24,Monday,RDR,3258.855,3231.655,27.199999999999818,3259.7,3229.652,30.047999999999774,True,SHORT,2020-02-24 12:05:00,3226.94,True,True,True,0.0,0.6513,0.6513,3213.94,2020-02-24 13:17:00,0.7921,3253.2,2020-02-24 15:02:00,True,2020-02-24 13:04:00,0.1468,0.7921,True,3232.443,2020-02-24 12:27:00,0.029
ES,2020-02-25,Tuesday,ADR,3256.8,3243.94,12.860000000000127,3258.8,3241.934,16.865999999999985,True,LONG,2020-02-24 20:45:00,3259.24,True,True,True,0.2333,0.0,0.2058,3259.446,2020-02-24 20:50:00,0.8605,3245.734,2020-02-24 22:11:00,False,,0.0,,True,3256.246,2020-02-24 20:51:00,0.0431
ES,2020-02-25,Tuesday,ODR,3256.443,3242.455,13.988000000000284,3256.955,3241.434,15.52099999999973,True,SHORT,2020-02-25 04:10:00,3237.949,True,True,True,0.0,1.5383,1.5383,3220.937,2020-02-25 05:46:00,0.2496,3245.946,2020-02-25 08:10:00,True,2020-02-25 04:21:00,0.0,0.2496,True,3242.755,2020-02-25 07:46:00,0.0214
ES,2020-02-25,Tuesday,RDR,3240.749,3204.055,36.69399999999996,3247.555,3201.543,46.011999999999716,True,SHORT,2020-02-25 10:45:00,3201.355,True,False,,0.0,2.3496,2.3496,3117.837,2020-02-25 15:39:00,0.0,3203.552,2020-02-25 11:01:00,True,2020-02-25 11:16:00,0.0,0.0,False,,,
ES,2020-02-26,Wednesday,ADR,3149.034,3131.1,17.934000000000196,3149.034,3127.734,21.300000000000182,True,LONG,2020-02-25 21:10:00,3150.555,True,True,False,0.5581,0.0,0.5581,3159.043,2020-02-25 21:38:00,0.9474,3132.043,2020-02-26 01:57:00,True,2020-02-25 21:37:00,0.1279,0.9474,True,3148.74,2020-02-25 21:15:00,0.0164
ES,2020-02-26,Wednesday,ODR,3150.246,3117.746,32.5,3152.743,3116.249,36.49400000000014,True,SHORT,2020-02-26 04:00:00,3108.143,True,True,False,0.0,0.8002,0.8002,3091.74,2020-02-26 04:12:00,0.9387,3148.255,2020-02-26 08:26:00,True,2020-02-26 04:08:00,0.0,0.9387,True,3122.734,2020-02-26 04:39:00,0.1535
ES,2020-02-26,Wednesday,RDR,3171.143,3142.237,28.90599999999995,3175.849,3139.552,36.297000000000025,True,LONG,2020-02-26 10:40:00,3178.143,False,True,False,0.3998,1.1726,0.3998,3182.7,2020-02-26 10:51:00,2.1726,3108.343,2020-02-26 13:45:00,False,,0.0,,True,3168.334,2020-02-26 11:01:00,0.0972
ES,2020-02-27,Thursday,ADR,3105.055,3084.037,21.01800000000003,3107.546,3080.743,26.802999999999884,True,SHORT,2020-02-26 21:20:00,3078.155,True,True,False,0.0,1.1562,1.1562,3059.737,2020-02-26 23:57:00,0.0672,3085.449,2020-02-27 01:59:00,True,2020-02-26 21:49:00,0.0,0.0672,True,3085.449,2020-02-27 01:59:00,0.0672
ES,2020-02-27,Thursday,ODR,3096.052,3079.534,16.51800000000003,3096.249,3076.752,19.496999999999844,True,LONG,2020-02-27 04:00:00,3098.543,False,True,False,0.4955,1.1077,0.4955,3104.237,2020-02-27 04:34:00,2.1077,3061.237,2020-02-27 08:22:00,False,,0.2609,,True,3094.237,2020-02-27 04:09:00,0.1099
ES,2020-02-27,Thursday,RDR,3067.527,3025.655,41.871999999999844,3069.334,3022.7,46.634000000000015,True,SHORT,2020-02-27 10:30:00,3008.14,False,True,True,0.6928,1.1859,1.1859,2976.0,2020-02-27 15:59:00,1.6928,3096.537,2020-02-27 12:39:00,True,2020-02-27 15:50:00,1.6928,0.0,True,3027.355,2020-02-27 10:39:00,0.0406
ES,2020-02-28,Friday,ADR,2969.552,2957.84,11.711999999999989,2971.855,2952.849,19.005999999999858,True,LONG,2020-02-27 21:10:00,2977.034,False,True,False,0.9379,4.8495,0.9379,2980.537,2020-02-27 21:16:00,5.8495,2901.043,2020-02-28 01:28:00,True,2020-02-27 21:15:00,0.0,5.8495,True,2968.537,2020-02-27 21:32:00,0.0867
ES,2020-02-28,Friday,ODR,2946.34,2903.937,42.40300000000025,2947.6,2902.237,45.36299999999983,True,SHORT,2020-02-28 04:10:00,2901.846,False,True,False,0.1594,0.5754,0.5754,2879.537,2020-02-28 04:30:00,1.1594,2953.1,2020-02-28 07:49:00,True,2020-02-28 04:30:00,0.1369,1.1594,True,2905.555,2020-02-28 04:15:00,0.0382
ES,2020-02-28,Friday,RDR,2921.44,2853.94,67.5,2930.843,2853.437,77.40599999999995,True,LONG,2020-02-28 11:35:00,2931.955,True,True,True,0.5587,0.0,0.5587,2959.152,2020-02-28 11:43:00,0.634,2878.643,2020-02-28 14:09:00,True,2020-02-28 11:43:00,0.0,0.634,True,2920.449,2020-02-28 11:51:00,0.0147
ES,2020-03-02,Monday,ADR,2941.855,2913.243,28.61200000000008,2942.546,2910.54,32.00599999999986,True,LONG,2020-03-01 20:30:00,2962.055,True,False,,1.4922,0.0,1.4922,2984.549,2020-03-01 21:49:00,0.0,2943.355,2020-03-01 21:02:00,True,2020-03-01 20:35:00,0.0,0.0,False,,,
ES,2020-03-02,Monday,ODR,3017.046,2998.246,18.799999999999727,3021.9,2996.4,25.5,True,SHORT,2020-03-02 04:10:00,2995.852,True,True,True,0.0,4.9357,4.9357,2905.455,2020-03-02 06:59:00,0.3912,3005.6,2020-03-02 04:24:00,True,2020-03-02 04:15:00,0.3912,0.3912,True,2999.846,2020-03-02 04:20:00,0.0851
ES,2020-03-02,Monday,RDR,2982.052,2947.155,34.896999999999935,2990.655,2944.149,46.50600000000031,True,LONG,2020-03-02 10:45:00,2991.449,True,True,True,3.1263,0.0,3.1263,3091.152,2020-03-02 15:59:00,0.012,2981.634,2020-03-02 11:09:00,True,2020-03-02 10:53:00,0.012,0.012,True,2981.634,2020-03-02 11:09:00,0.012
ES,2020-03-03,Tuesday,ADR,3094.446,3081.437,13.009000000000015,3096.252,3079.737,16.514999999999873,True,SHORT,2020-03-02 20:45:00,3076.434,True,True,True,0.0,2.6511,2.6511,3046.949,2020-03-03 01:09:00,0.4458,3087.237,2020-03-02 22:34:00,True,2020-03-02 20:58:00,0.4458,0.4458,True,3082.449,2020-03-02 21:05:00,0.0778
ES,2020-03-03,Tuesday,ODR,3097.449,3065.937,31.51200000000017,3100.934,3060.24,40.694000000000415,True,SHORT,2020-03-03 07:45:00,3058.749,True,True,False,0.1222,0.4348,0.4348,3052.237,2020-03-03 08:06:00,0.5827,3084.3,2020-03-03 08:26:00,False,,0.2222,,True,3066.752,2020-03-03 07:50:00,0.0259
ES,2020-03-03,Tuesday,RDR,3129.249,3055.6,73.64899999999989,3137.546,3048.334,89.21199999999999,True,SHORT,2020-03-03 11:20:00,3037.355,True,True,True,0.0,1.1005,1.1005,2974.546,2020-03-03 14:10:00,0.3618,3082.243,2020-03-03 12:09:00,True,2020-03-03 13:26:00,0.3618,0.0,True,3059.552,2020-03-03 11:39:00,0.0537
ES,2020-03-04,Wednesday,ADR,3024.652,3009.143,15.509000000000015,3027.355,3009.143,18.21199999999999,True,LONG,2020-03-03 21:40:00,3028.355,True,False,,1.196,0.0,1.196,3043.2,2020-03-04 01:18:00,0.0,3025.646,2020-03-03 21:51:00,True,2020-03-03 22:05:00,0.0,0.0,False,,,
ES,2020-03-04,Wednesday,ODR,3050.9,3036.143,14.757000000000062,3051.149,3032.334,18.815000000000055,True,LONG,2020-03-04 04:00:00,3053.7,True,True,True,1.6434,0.0,1.6434,3075.152,2020-03-04 07:37:00,0.4096,3044.855,2020-03-04 08:13:00,True,2020-03-04 04:42:00,0.3566,0.4096,True,3048.855,2020-03-04 04:07:00,0.1386
ES,2020-03-04,Wednesday,RDR,3068.14,3037.5,30.639999999999873,3072.355,3032.237,40.11799999999994,True,LONG,2020-03-04 12:50:00,3073.646,True,False,,2.0335,0.0,2.0335,3130.446,2020-03-04 15:59:00,0.0,3071.8,2020-03-04 12:55:00,True,2020-03-04 13:05:00,0.0,0.0,False,,,
ES,2020-03-05,Thursday,ADR,3108.24,3094.452,13.787999999999556,3109.252,3093.037,16.215000000000146,True,SHORT,2020-03-04 20:45:00,3091.252,True,True,True,0.0,0.6169,0.6169,3085.946,2020-03-04 22:59:00,0.7101,3104.243,2020-03-05 00:56:00,True,2020-03-04 22:44:00,0.3989,0.7101,True,3094.455,2020-03-04 21:33:00,0.0002
ES,2020-03-05,Thursday,ODR,3088.937,3074.446,14.490999999999985,3089.3,3074.352,14.94800000000032,True,SHORT,2020-03-05 04:00:00,3072.5,True,False,,0.0,2.5119,2.5119,3038.046,2020-03-05 08:27:00,0.0,3073.455,2020-03-05 04:18:00,True,2020-03-05 04:06:00,0.0,0.0,False,,,
ES,2020-03-05,Thursday,RDR,3062.052,3040.349,21.702999999999975,3068.1,3036.34,31.759999999999764,True,LONG,2020-03-05 11:05:00,3073.047,False,True,False,1.0184,1.9076,1.0184,3084.155,2020-03-05 11:27:00,2.9076,2998.949,2020-03-05 15:26:00,True,2020-03-05 11:10:00,0.0,2.9076,True,3062.0,2020-03-05 11:40:00,0.0024
ES,2020-03-06,Friday,ADR,3034.337,3011.455,22.882000000000062,3036.652,3010.94,25.71199999999999,True,SHORT,2020-03-05 20:45:00,3009.5,True,False,,0.0,1.6527,1.6527,2973.637,2020-03-06 00:30:00,0.0,3009.7,2020-03-05 20:50:00,True,2020-03-05 21:00:00,0.0,0.0,False,,,
ES,2020-03-06,Friday,ODR,2998.137,2976.634,21.503000000000156,2998.937,2975.646,23.290999999999713,True,SHORT,2020-03-06 04:30:00,2975.455,True,True,True,0.0,2.7525,2.7525,2917.446,2020-03-06 07:53:00,0.0938,2978.652,2020-03-06 04:35:00,True,2020-03-06 04:45:00,0.0938,0.0,True,2978.652,2020-03-06 04:35:00,0.0938
ES,2020-03-06,Friday,RDR,2963.643,2922.546,41.09700000000021,2965.2,2913.752,51.447999999999865,True,LONG,2020-03-06 10:35:00,2967.149,False,True,True,0.5573,0.5282,0.5573,2986.546,2020-03-06 15:57:00,1.5282,2900.837,2020-03-06 15:09:00,True,2020-03-06 15:57:00,1.5282,0.0,True,2962.155,2020-03-06 10:40:00,0.0362
ES,2020-03-09,Monday,ADR,2839.155,2829.2,9.955000000000382,2841.0,2828.152,12.847999999999956,True,SHORT,2020-03-08 20:35:00,2827.952,True,True,True,0.0,0.9092,0.9092,2820.149,2020-03-08 20:50:00,0.1507,2830.7,2020-03-08 22:20:00,True,2020-03-08 20:42:00,0.0,0.1507,True,2830.7,2020-03-08 22:20:00,0.1507
ES,2020-03-09,Monday,RDR,2812.246,2780.534,31.71199999999999,2815.8,2776.8,39.0,True,LONG,2020-03-09 10:35:00,2823.049,False,True,False,0.8468,1.748,0.8468,2839.1,2020-03-09 11:10:00,2.748,2725.1,2020-03-09 15:01:00,True,2020-03-09 10:44:00,0.0,2.748,True,2810.837,2020-03-09 11:26:00,0.0444
ES,2020-03-10,Tuesday,ADR,2829.849,2788.2,41.64900000000034,2833.955,2788.2,45.75500000000011,True,LONG,2020-03-10 00:10:00,2840.055,True,False,,0.5715,0.0,0.5715,2853.652,2020-03-10 00:41:00,0.0,2838.64,2020-03-10 01:25:00,True,2020-03-10 00:18:00,0.0,0.0,False,,,
ES,2020-03-10,Tuesday,ODR,2857.143,2811.655,45.48799999999983,2858.0,2809.452,48.547999999999774,True,LONG,2020-03-10 04:00:00,2858.937,True,True,False,0.5674,0.0,0.5674,2882.952,2020-03-10 05:46:00,0.7805,2821.64,2020-03-10 07:44:00,True,2020-03-10 04:49:00,0.1911,0.7805,True,2855.943,2020-03-10 04:05:00,0.0264
ES,2020-03-10,Tuesday,RDR,2821.243,2746.9,74.34299999999985,2821.6,2746.337,75.26299999999992,True,SHORT,2020-03-10 10:30:00,2743.64,False,True,False,0.8987,0.1959,0.1959,2732.337,2020-03-10 10:38:00,1.8987,2888.055,2020-03-10 15:00:00,False,,0.0,,True,2747.249,2020-03-10 10:39:00,0.0047
ES,2020-03-11,Wednesday,ADR,2830.955,2807.4,23.554999999999836,2834.246,2807.4,26.846000000000004,True,SHORT,2020-03-10 20:35:00,2800.343,True,True,True,0.0,1.0894,1.0894,2781.74,2020-03-11 01:54:00,0.6173,2821.94,2020-03-10 21:28:00,True,2020-03-11 00:01:00,0.6173,0.2096,True,2808.049,2020-03-10 20:41:00,0.0276
ES,2020-03-11,Wednesday,ODR,2831.5,2796.84,34.659999999999854,2839.74,2791.946,47.79399999999987,True,SHORT,2020-03-11 06:40:00,2789.84,True,True,False,0.013,0.8321,0.8321,2768.0,2020-03-11 07:58:00,0.3034,2807.355,2020-03-11 08:29:00,True,2020-03-11 07:35:00,0.1992,0.3034,True,2798.6,2020-03-11 06:58:00,0.0508
ES,2020-03-11,Wednesday,RDR,2794.155,2759.852,34.30300000000034,2795.94,2759.346,36.59400000000005,True,LONG,2020-03-11 11:15:00,2799.834,False,True,False,0.3088,1.5656,0.3055,2804.634,2020-03-11 11:20:00,2.5656,2706.146,2020-03-11 14:24:00,False,,0.0,,True,2791.337,2020-03-11 11:22:00,0.0822
ES,2020-03-12,Thursday,ADR,2736.534,2663.155,73.3789999999999,2737.752,2661.734,76.01800000000003,True,SHORT,2020-03-11 20:35:00,2654.646,True,True,True,0.0,0.7239,0.7239,2610.037,2020-03-11 21:07:00,0.1103,2671.252,2020-03-11 23:37:00,True,2020-03-11 21:00:00,0.0,0.1103,True,2671.234,2020-03-11 23:36:00,0.1101
ES,2020-03-12,Thursday,ODR,2640.552,2608.743,31.809000000000196,2647.0,2606.143,40.85699999999997,True,SHORT,2020-03-12 04:05:00,2605.746,True,True,True,0.0,0.1634,0.1634,2603.546,2020-03-12 07:01:00,0.8014,2634.234,2020-03-12 04:50:00,False,,0.8014,,True,2610.455,2020-03-12 04:20:00,0.0538
ES,2020-03-12,Thursday,RDR,2583.246,2535.24,48.00600000000031,2585.143,2526.834,58.3090000000002,True,SHORT,2020-03-12 10:45:00,2519.355,False,True,True,1.6134,1.7538,1.7538,2451.046,2020-03-12 15:00:00,2.6134,2660.7,2020-03-12 12:05:00,True,2020-03-12 10:51:00,2.6134,2.6134,True,2535.352,2020-03-12 11:27:00,0.0023
ES,2020-03-13,Friday,ADR,2463.634,2422.534,41.09999999999991,2467.534,2422.055,45.47900000000027,True,SHORT,2020-03-12 20:35:00,2418.634,False,True,False,2.4931,0.6396,0.6396,2396.246,2020-03-12 22:28:00,3.4931,2566.1,2020-03-13 00:39:00,True,2020-03-12 22:24:00,0.4493,3.4931,True,2432.943,2020-03-12 20:47:00,0.2533
ES,2020-03-13,Friday,ODR,2594.743,2529.255,65.48799999999983,2595.152,2527.234,67.91800000000012,True,LONG,2020-03-13 06:05:00,2595.752,True,False,,0.0382,0.0344,0.0382,2597.246,2020-03-13 06:10:00,0.0,2595.434,2020-03-13 06:10:00,False,,0.0,,False,,,
ES,2020-03-13,Friday,RDR,2588.334,2519.146,69.18799999999965,2593.134,2518.737,74.39699999999993,True,SHORT,2020-03-13 10:30:00,2503.843,False,True,False,1.7591,0.4092,0.4092,2490.834,2020-03-13 10:50:00,2.7591,2710.04,2020-03-13 15:00:00,False,,0.0665,,True,2521.34,2020-03-13 10:35:00,0.0317
ES,2020-03-16,Monday,RDR,2564.049,2454.234,109.81500000000005,2564.946,2453.234,111.71199999999999,True,SHORT,2020-03-16 13:05:00,2450.743,True,True,True,0.0,0.6491,0.6491,2382.952,2020-03-16 14:59:00,0.46,2504.752,2020-03-16 13:35:00,True,2020-03-16 14:56:00,0.46,0.0,True,2456.555,2020-03-16 13:10:00,0.0211
ES,2020-03-17,Tuesday,RDR,2497.643,2420.849,76.79399999999987,2498.9,2414.346,84.55400000000009,True,LONG,2020-03-17 10:50:00,2506.155,True,True,False,0.745,0.0,0.745,2554.855,2020-03-17 11:13:00,0.6875,2444.846,2020-03-17 12:17:00,True,2020-03-17 11:08:00,0.0768,0.6875,True,2497.4,2020-03-17 10:55:00,0.0032
ES,2020-03-18,Wednesday,ADR,2432.24,2409.646,22.593999999999596,2437.552,2407.94,29.61200000000008,True,LONG,2020-03-17 21:30:00,2440.649,False,True,False,1.2398,0.1994,1.2398,2460.252,2020-03-17 21:57:00,1.1994,2405.14,2020-03-18 00:16:00,True,2020-03-17 21:42:00,0.0,1.1994,True,2430.934,2020-03-17 22:22:00,0.0578
ES,2020-03-18,Wednesday,RDR,2438.149,2375.643,62.50599999999986,2444.155,2371.346,72.8090000000002,True,SHORT,2020-03-18 11:15:00,2368.8,True,True,False,0.0,1.6077,1.6077,2275.152,2020-03-18 13:25:00,0.8064,2426.047,2020-03-18 15:13:00,True,2020-03-18 12:11:00,0.2193,0.8064,True,2377.2,2020-03-18 11:20:00,0.0249
ES,2020-03-19,Thursday,ADR,2450.9,2404.037,46.863000000000284,2451.555,2402.237,49.317999999999756,True,SHORT,2020-03-18 20:55:00,2399.734,True,False,,0.0,2.4859,2.4859,2287.54,2020-03-18 23:06:00,0.0,2400.546,2020-03-18 21:00:00,True,2020-03-18 21:05:00,0.0,0.0,False,,,
ES,2020-03-19,Thursday,ODR,2423.343,2371.934,51.40899999999965,2426.949,2365.934,61.01499999999987,True,SHORT,2020-03-19 05:10:00,2364.6,True,True,False,0.01,0.6299,0.6299,2339.552,2020-03-19 07:22:00,0.366,2390.752,2020-03-19 06:05:00,True,2020-03-19 06:40:00,0.366,0.366,True,2372.734,2020-03-19 05:23:00,0.0156
ES,2020-03-19,Thursday,RDR,2444.846,2381.446,63.40000000000009,2446.934,2375.7,71.23400000000038,True,LONG,2020-03-19 10:45:00,2451.334,True,True,False,0.3881,0.0,0.3881,2469.449,2020-03-19 13:44:00,0.9527,2384.443,2020-03-19 11:35:00,False,,0.9527,,True,2438.446,2020-03-19 10:51:00,0.1009
ES,2020-03-20,Friday,ADR,2396.555,2354.14,42.414999999999964,2400.54,2348.44,52.09999999999991,True,LONG,2020-03-19 23:20:00,2405.14,True,True,True,1.253,0.0,1.253,2449.7,2020-03-20 01:59:00,0.0783,2393.234,2020-03-20 00:53:00,True,2020-03-19 23:37:00,0.0783,0.0783,True,2396.055,2020-03-20 00:15:00,0.0118
ES,2020-03-20,Friday,ODR,2506.634,2467.94,38.69399999999996,2507.543,2463.934,43.608999999999924,True,LONG,2020-03-20 05:05:00,2509.152,False,True,False,0.1112,1.6124,0.0651,2509.152,2020-03-20 05:10:00,2.6124,2405.549,2020-03-20 08:19:00,False,,0.0434,,True,2504.955,2020-03-20 05:10:00,0.0434
ES,2020-03-20,Friday,RDR,2450.346,2387.846,62.5,2454.552,2386.337,68.21500000000015,True,SHORT,2020-03-20 11:05:00,2368.317,True,True,True,0.0,1.5327,1.5327,2292.055,2020-03-20 15:13:00,0.3009,2406.652,2020-03-20 12:11:00,True,2020-03-20 11:28:00,0.3009,0.3009,True,2389.034,2020-03-20 11:49:00,0.019
ES,2020-03-23,Monday,ADR,2207.14,2188.449,18.690999999999804,2210.434,2185.237,25.197000000000116,True,LONG,2020-03-22 22:00:00,2231.24,False,True,True,1.5042,0.0535,1.5042,2235.255,2020-03-22 22:29:00,1.0535,2187.449,2020-03-23 00:29:00,True,2020-03-22 22:05:00,0.0,1.0535,True,2204.649,2020-03-22 23:26:00,0.1333
ES,2020-03-23,Monday,ODR,2223.64,2205.552,18.087999999999738,2229.0,2204.543,24.45699999999988,True,LONG,2020-03-23 04:00:00,2232.655,True,True,True,9.5871,0.0,9.5871,2397.052,2020-03-23 07:23:00,0.4445,2215.6,2020-03-23 04:28:00,True,2020-03-23 04:05:00,0.4445,0.4445,True,2222.3,2020-03-23 04:12:00,0.0741
ES,2020-03-23,Monday,RDR,2276.246,2211.352,64.89400000000023,2285.846,2210.655,75.1909999999998,True,SHORT,2020-03-23 10:35:00,2205.846,False,True,False,0.3376,0.3699,0.3699,2187.349,2020-03-23 10:46:00,1.3376,2298.155,2020-03-23 12:14:00,False,,0.0,,True,2212.349,2020-03-23 11:00:00,0.0154
ES,2020-03-24,Tuesday,ADR,2295.243,2263.237,32.00599999999986,2300.943,2260.44,40.503000000000156,True,LONG,2020-03-23 20:35:00,2302.049,True,True,True,1.3984,0.0,1.3984,2340.0,2020-03-24 01:30:00,0.4219,2281.74,2020-03-23 22:45:00,True,2020-03-23 20:58:00,0.4219,0.4219,True,2292.44,2020-03-23 20:41:00,0.0876
ES,2020-03-24,Tuesday,ODR,2339.934,2320.4,19.534000000000106,2343.237,2316.84,26.396999999999935,True,LONG,2020-03-24 04:35:00,2345.237,False,True,True,0.2724,0.4078,0.2724,2345.255,2020-03-24 07:50:00,1.4078,2312.434,2020-03-24 07:19:00,False,,1.4078,,True,2338.855,2020-03-24 06:18:00,0.0552
ES,2020-03-24,Tuesday,RDR,2393.94,2374.155,19.784999999999854,2399.0,2369.137,29.86299999999983,True,LONG,2020-03-24 10:35:00,2402.0,False,True,True,2.9574,0.7736,2.9574,2452.452,2020-03-24 15:14:00,1.7736,2358.849,2020-03-24 13:10:00,True,2020-03-24 10:40:00,1.7736,1.7736,True,2392.155,2020-03-24 10:51:00,0.0902
ES,2020-03-25,Wednesday,ADR,2439.84,2409.055,30.78500000000031,2439.852,2408.237,31.61499999999978,True,LONG,2020-03-24 20:30:00,2441.255,False,True,True,0.8187,0.3123,0.8187,2465.043,2020-03-25 01:46:00,1.3123,2399.44,2020-03-24 23:46:00,True,2020-03-25 00:59:00,1.3123,0.3867,True,2435.249,2020-03-24 20:35:00,0.1491
ES,2020-03-25,Wednesday,ODR,2494.337,2463.9,30.436999999999898,2497.437,2460.755,36.68199999999979,True,LONG,2020-03-25 04:00:00,2498.252,False,True,False,0.5163,2.1309,0.5163,2510.052,2020-03-25 04:31:00,3.1309,2399.043,2020-03-25 06:35:00,True,2020-03-25 04:29:00,0.0,3.1309,True,2490.943,2020-03-25 04:43:00,0.1115
ES,2020-03-25,Wednesday,RDR,2472.634,2432.44,40.19399999999996,2476.7,2431.446,45.253999999999905,True,LONG,2020-03-25 11:00:00,2485.334,True,True,True,2.5007,0.0,2.5007,2573.146,2020-03-25 12:47:00,0.1317,2467.34,2020-03-25 14:59:00,True,2020-03-25 11:15:00,0.0,0.1317,True,2467.34,2020-03-25 14:59:00,0.1317
ES,2020-03-26,Thursday,ADR,2506.446,2456.434,50.011999999999716,2508.543,2451.2,57.3430000000003,True,SHORT,2020-03-25 21:10:00,2443.449,True,True,True,0.0,0.2656,0.2656,2443.152,2020-03-25 21:15:00,0.5402,2483.452,2020-03-25 22:27:00,False,,0.0,,True,2456.949,2020-03-25 21:21:00,0.0103
ES,2020-03-26,Thursday,ODR,2443.543,2428.134,15.409000000000106,2449.546,2424.64,24.90599999999995,True,LONG,2020-03-26 05:25:00,2449.843,False,True,True,4.2155,0.8496,4.2155,2508.5,2020-03-26 08:26:00,1.8496,2415.043,2020-03-26 07:30:00,True,2020-03-26 05:30:00,1.8496,1.8496,True,2441.437,2020-03-26 06:48:00,0.1367
ES,2020-03-26,Thursday,RDR,2584.237,2553.549,30.688000000000102,2586.955,2548.234,38.721000000000004,True,LONG,2020-03-26 10:30:00,2594.749,True,True,True,1.7242,0.0,1.7242,2637.149,2020-03-26 14:55:00,0.8864,2557.034,2020-03-26 12:32:00,True,2020-03-26 11:35:00,0.8864,0.8864,True,2583.6,2020-03-26 10:56:00,0.0208
ES,2020-03-27,Friday,ADR,2628.74,2587.1,41.63999999999987,2633.743,2583.24,50.503000000000156,True,SHORT,2020-03-26 21:10:00,2580.946,True,True,False,0.0,0.6019,0.6019,2562.037,2020-03-27 00:18:00,0.5956,2611.9,2020-03-27 01:22:00,True,2020-03-27 00:08:00,0.1742,0.5956,True,2590.252,2020-03-26 21:50:00,0.0757
ES,2020-03-27,Friday,ODR,2587.934,2573.049,14.885000000000218,2592.255,2571.534,20.721000000000004,True,SHORT,2020-03-27 04:00:00,2570.955,True,True,True,0.0,3.1242,3.1242,2526.546,2020-03-27 08:15:00,0.5242,2580.852,2020-03-27 04:18:00,True,2020-03-27 04:32:00,0.5242,0.4625,True,2573.343,2020-03-27 04:10:00,0.0198
ES,2020-03-27,Friday,RDR,2564.949,2531.4,33.54899999999998,2570.943,2526.634,44.3090000000002,True,LONG,2020-03-27 12:35:00,2574.649,True,True,False,1.5411,0.0376,1.5411,2616.652,2020-03-27 14:28:00,1.0169,2530.834,2020-03-27 15:13:00,True,2020-03-27 13:58:00,0.224,1.0169,True,2564.555,2020-03-27 12:47:00,0.0117
ES,2020-03-30,Monday,ODR,2550.637,2509.155,41.48199999999997,2559.44,2506.84,52.59999999999991,False,,,,,,,0.104,0.0001,,,,,,,False,,,,False,,,
ES,2020-03-30,Monday,RDR,2581.7,2552.634,29.065999999999804,2583.537,2544.052,39.48499999999967,True,LONG,2020-03-30 10:30:00,2584.755,True,True,True,1.7305,0.0,1.7305,2632.0,2020-03-30 15:50:00,0.2569,2574.234,2020-03-30 10:58:00,True,2020-03-30 11:12:00,0.2569,0.0,True,2578.546,2020-03-30 10:56:00,0.1085
ES,2020-03-31,Tuesday,ADR,2634.052,2623.834,10.218000000000302,2635.446,2623.146,12.299999999999727,True,LONG,2020-03-30 21:00:00,2638.155,False,True,False,0.7731,1.7809,0.7731,2641.952,2020-03-30 21:09:00,2.7809,2605.637,2020-03-31 01:03:00,True,2020-03-30 21:05:00,0.0,2.7809,True,2633.54,2020-03-30 21:18:00,0.0501
ES,2020-03-31,Tuesday,ODR,2642.952,2628.137,14.815000000000055,2644.7,2626.355,18.3449999999998,True,SHORT,2020-03-31 06:20:00,2624.049,True,True,True,0.2192,3.0097,3.0097,2583.549,2020-03-31 08:22:00,0.1362,2630.155,2020-03-31 06:45:00,True,2020-03-31 06:38:00,0.1362,0.1362,True,2629.6,2020-03-31 06:43:00,0.0988
ES,2020-03-31,Tuesday,RDR,2635.249,2593.255,41.99399999999969,2637.1,2589.552,47.547999999999774,True,LONG,2020-03-31 11:25:00,2637.152,False,True,False,0.1536,0.5336,0.1536,2641.7,2020-03-31 11:35:00,1.5336,2570.849,2020-03-31 15:24:00,False,,0.0025,,True,2635.143,2020-03-31 11:32:00,0.0025
ES,2020-04-01,Wednesday,ADR,2556.755,2544.237,12.518000000000029,2558.1,2542.543,15.556999999999789,True,SHORT,2020-03-31 23:55:00,2540.043,True,False,,0.1995,3.5939,3.5939,2499.249,2020-04-01 01:49:00,0.0,2542.755,2020-04-01 00:03:00,True,2020-04-01 00:05:00,0.0,0.0,False,,,
ES,2020-04-01,Wednesday,ODR,2523.543,2496.255,27.28800000000001,2524.055,2492.555,31.5,True,SHORT,2020-04-01 07:05:00,2491.955,True,True,True,0.0,0.6051,0.6051,2479.743,2020-04-01 08:14:00,0.2637,2503.452,2020-04-01 07:39:00,True,2020-04-01 08:12:00,0.2637,0.1759,True,2496.743,2020-04-01 07:14:00,0.0179
ES,2020-04-01,Wednesday,RDR,2506.146,2487.3,18.846000000000004,2512.0,2483.955,28.045000000000073,True,LONG,2020-04-01 10:45:00,2514.2,False,True,False,0.8784,2.1355,0.8784,2522.7,2020-04-01 11:10:00,3.1355,2447.055,2020-04-01 15:44:00,True,2020-04-01 11:04:00,0.1433,3.1355,True,2505.94,2020-04-01 10:55:00,0.0109
ES,2020-04-02,Thursday,ADR,2487.946,2476.643,11.302999999999884,2488.1,2474.652,13.447999999999865,True,SHORT,2020-04-01 21:05:00,2472.152,False,True,False,1.1992,0.593,0.593,2469.94,2020-04-01 21:10:00,2.1992,2501.5,2020-04-01 23:45:00,True,2020-04-01 21:10:00,0.0,2.1992,True,2477.449,2020-04-01 21:19:00,0.0713
ES,2020-04-02,Thursday,ODR,2507.452,2500.155,7.2970000000000255,2507.5,2497.446,10.054000000000087,True,LONG,2020-04-02 04:00:00,2508.146,False,True,False,0.8288,1.1254,0.8288,2513.5,2020-04-02 04:23:00,2.1254,2491.943,2020-04-02 06:01:00,True,2020-04-02 04:16:00,0.1379,2.1254,True,2507.437,2020-04-02 04:11:00,0.0021
ES,2020-04-02,Thursday,RDR,2497.649,2456.352,41.297000000000025,2498.2,2453.146,45.05399999999963,True,LONG,2020-04-02 10:30:00,2510.7,True,True,True,0.8959,0.0,0.8959,2534.646,2020-04-02 10:37:00,0.7266,2467.643,2020-04-02 14:20:00,True,2020-04-02 10:35:00,0.0,0.7266,True,2496.349,2020-04-02 11:26:00,0.0315
ES,2020-04-03,Friday,ADR,2523.255,2507.634,15.621000000000095,2523.44,2503.94,19.5,True,SHORT,2020-04-02 20:50:00,2503.352,True,True,True,0.0,1.4966,1.4966,2484.255,2020-04-03 01:31:00,0.4361,2514.446,2020-04-02 21:37:00,True,2020-04-02 23:44:00,0.4361,0.0,True,2508.155,2020-04-02 21:12:00,0.0334
ES,2020-04-03,Friday,ODR,2509.752,2494.449,15.302999999999884,2509.8,2491.943,17.85699999999997,True,SHORT,2020-04-03 05:20:00,2488.943,False,True,False,1.7446,0.5226,0.5226,2486.452,2020-04-03 05:37:00,2.7446,2536.449,2020-04-03 07:59:00,True,2020-04-03 05:36:00,0.0883,2.7446,True,2494.749,2020-04-03 05:29:00,0.0196
ES,2020-04-03,Friday,RDR,2533.455,2509.2,24.25500000000011,2539.455,2505.446,34.009000000000015,True,SHORT,2020-04-03 10:30:00,2503.2,True,True,True,0.0,2.0638,2.0638,2459.143,2020-04-03 14:12:00,0.0309,2509.949,2020-04-03 11:01:00,True,2020-04-03 10:39:00,0.0309,0.0309,True,2509.949,2020-04-03 11:01:00,0.0309
ES,2020-04-06,Monday,ADR,2548.94,2521.74,27.200000000000273,2549.3,2520.449,28.851000000000113,True,LONG,2020-04-05 20:30:00,2568.855,True,False,,1.7301,0.0,1.7301,2596.0,2020-04-06 01:45:00,0.0,2551.14,2020-04-05 21:50:00,True,2020-04-05 20:35:00,0.0,0.0,False,,,
ES,2020-04-06,Monday,ODR,2594.952,2583.734,11.218000000000302,2596.0,2580.0,16.0,True,SHORT,2020-04-06 04:10:00,2578.5,True,True,True,0.0,0.8912,0.8912,2573.737,2020-04-06 08:17:00,0.9106,2593.949,2020-04-06 05:51:00,True,2020-04-06 04:15:00,0.9106,0.9106,True,2583.74,2020-04-06 04:30:00,0.0005
ES,2020-04-06,Monday,RDR,2612.443,2576.7,35.74300000000039,2614.2,2573.634,40.5659999999998,True,LONG,2020-04-06 11:45:00,2615.937,True,False,,1.7908,0.0,1.7908,2676.452,2020-04-06 15:56:00,0.0,2612.934,2020-04-06 12:01:00,True,2020-04-06 12:24:00,0.0,0.0,False,,,
ES,2020-04-07,Tuesday,ADR,2671.443,2658.5,12.943000000000211,2675.755,2657.655,18.09999999999991,True,SHORT,2020-04-06 21:25:00,2657.14,True,True,False,0.0393,2.0912,2.0912,2631.434,2020-04-06 23:53:00,1.0393,2671.952,2020-04-07 01:54:00,True,2020-04-06 21:38:00,0.0,1.0393,True,2660.252,2020-04-07 01:36:00,0.1354
ES,2020-04-07,Tuesday,ODR,2723.252,2695.249,28.003000000000156,2725.243,2690.646,34.59699999999975,True,LONG,2020-04-07 04:20:00,2725.452,True,True,True,1.0552,0.0,1.0552,2752.8,2020-04-07 06:24:00,0.3749,2712.755,2020-04-07 04:59:00,True,2020-04-07 06:04:00,0.3749,0.0,True,2721.94,2020-04-07 04:25:00,0.0469
ES,2020-04-07,Tuesday,RDR,2747.937,2702.649,45.28800000000001,2756.343,2699.137,57.205999999999676,True,SHORT,2020-04-07 10:45:00,2693.849,True,True,True,0.0,1.0291,1.0291,2656.043,2020-04-07 15:59:00,0.9761,2746.855,2020-04-07 12:22:00,True,2020-04-07 14:50:00,0.9761,0.0641,True,2703.7,2020-04-07 10:58:00,0.0232
ES,2020-04-08,Wednesday,ADR,2666.655,2640.452,26.202999999999975,2667.549,2637.237,30.311999999999898,True,SHORT,2020-04-07 20:30:00,2631.055,False,True,False,0.8203,0.4543,0.4543,2628.549,2020-04-07 20:40:00,1.8203,2688.149,2020-04-08 01:52:00,False,,0.0,,True,2640.74,2020-04-07 21:07:00,0.011
ES,2020-04-08,Wednesday,ODR,2665.034,2650.24,14.794000000000324,2668.955,2647.255,21.699999999999818,True,SHORT,2020-04-08 04:25:00,2644.052,False,True,False,1.3191,0.9119,0.9119,2636.749,2020-04-08 04:36:00,2.3191,2684.549,2020-04-08 08:20:00,True,2020-04-08 04:30:00,0.0,2.3191,True,2651.537,2020-04-08 05:06:00,0.0877
ES,2020-04-08,Wednesday,RDR,2686.249,2664.249,22.0,2696.352,2661.443,34.90899999999965,True,LONG,2020-04-08 11:10:00,2702.746,True,False,,3.386,0.0,3.386,2760.74,2020-04-08 15:54:00,0.0,2700.555,2020-04-08 11:15:00,True,2020-04-08 11:15:00,0.0,0.0,False,,,
ES,2020-04-09,Thursday,ADR,2757.6,2749.1,8.5,2758.943,2748.249,10.694000000000415,True,SHORT,2020-04-08 21:30:00,2740.952,True,True,True,0.0,2.2295,2.2295,2730.149,2020-04-08 22:49:00,0.3455,2752.037,2020-04-09 00:59:00,True,2020-04-08 21:35:00,0.0,0.3455,True,2750.543,2020-04-09 00:42:00,0.1698
ES,2020-04-09,Thursday,ODR,2776.255,2765.755,10.5,2777.14,2761.549,15.590999999999894,True,SHORT,2020-04-09 04:20:00,2760.134,True,False,,0.0329,5.3821,5.3821,2709.243,2020-04-09 08:18:00,0.0,2761.052,2020-04-09 04:25:00,True,2020-04-09 04:25:00,0.0,0.0,False,,,
ES,2020-04-09,Thursday,RDR,2810.855,2777.155,33.69999999999982,2811.5,2774.752,36.74800000000005,True,LONG,2020-04-09 12:55:00,2812.849,False,True,False,0.2311,0.4601,0.2311,2818.643,2020-04-09 13:31:00,1.4601,2761.649,2020-04-09 14:55:00,False,,0.14,,True,2809.34,2020-04-09 13:01:00,0.045
ES,2020-04-13,Monday,ADR,2758.949,2748.555,10.394000000000233,2759.443,2747.9,11.54300000000012,True,SHORT,2020-04-12 20:45:00,2743.155,False,True,True,0.3359,0.8866,0.8866,2739.34,2020-04-12 21:07:00,1.3359,2762.44,2020-04-12 22:21:00,True,2020-04-12 20:50:00,0.0,1.3359,True,2748.555,2020-04-12 21:03:00,0.0
ES,2020-04-13,Monday,ODR,2755.2,2749.7,5.5,2756.94,2749.637,7.302999999999884,True,SHORT,2020-04-13 04:25:00,2747.634,False,True,False,4.9527,0.4909,0.4909,2747.0,2020-04-13 04:32:00,5.9527,2782.44,2020-04-13 08:16:00,False,,0.0,,True,2749.9,2020-04-13 04:33:00,0.0364
ES,2020-04-13,Monday,RDR,2777.7,2735.634,42.0659999999998,2780.837,2734.34,46.496999999999844,True,SHORT,2020-04-13 10:35:00,2733.843,True,True,False,0.0,0.3632,0.3632,2720.355,2020-04-13 11:09:00,0.9109,2773.952,2020-04-13 15:50:00,False,,0.0761,,True,2736.4,2020-04-13 10:41:00,0.0182
ES,2020-04-14,Tuesday,ADR,2776.64,2761.9,14.739999999999782,2776.843,2761.334,15.509000000000015,True,LONG,2020-04-13 21:15:00,2778.734,True,True,True,2.7077,0.0382,2.7077,2816.552,2020-04-14 01:27:00,0.1423,2774.543,2020-04-13 21:30:00,True,2020-04-13 21:33:00,0.1423,0.0,True,2775.243,2020-04-13 21:29:00,0.0948
ES,2020-04-14,Tuesday,ODR,2810.834,2796.143,14.690999999999804,2811.134,2793.749,17.38500000000022,True,SHORT,2020-04-14 04:15:00,2793.349,False,True,False,0.1706,0.4631,0.4631,2789.34,2020-04-14 06:52:00,1.1706,2813.34,2020-04-14 08:24:00,False,,0.5249,,True,2796.352,2020-04-14 04:22:00,0.0142
ES,2020-04-14,Tuesday,RDR,2843.552,2816.14,27.412000000000262,2845.04,2805.346,39.69399999999996,True,LONG,2020-04-14 14:15:00,2847.555,True,True,True,0.3613,0.3298,0.3613,2853.455,2020-04-14 15:50:00,0.4122,2832.252,2020-04-14 15:16:00,False,,0.4122,,True,2843.552,2020-04-14 14:31:00,0.0
ES,2020-04-15,Wednesday,ADR,2842.155,2835.934,6.221000000000004,2843.652,2833.643,10.009000000000015,True,SHORT,2020-04-14 21:05:00,2832.446,False,True,True,0.078,1.3342,1.3342,2827.634,2020-04-14 22:50:00,1.078,2842.64,2020-04-15 00:33:00,True,2020-04-14 21:10:00,0.4681,1.078,True,2836.155,2020-04-14 21:50:00,0.0355
ES,2020-04-15,Wednesday,ODR,2835.634,2808.44,27.19399999999996,2836.443,2808.14,28.30300000000034,True,SHORT,2020-04-15 04:45:00,2800.449,True,False,,0.0,0.9194,0.9194,2783.437,2020-04-15 08:27:00,0.0,2807.437,2020-04-15 06:06:00,True,2020-04-15 05:09:00,0.0,0.0,False,,,
ES,2020-04-15,Wednesday,RDR,2787.649,2761.634,26.014999999999873,2789.646,2761.337,28.309000000000196,True,LONG,2020-04-15 13:15:00,2791.337,True,True,False,0.5267,0.057,0.5267,2801.352,2020-04-15 15:01:00,0.4418,2776.155,2020-04-15 13:56:00,True,2020-04-15 15:01:00,0.4418,0.4042,True,2787.14,2020-04-15 13:21:00,0.0196
ES,2020-04-16,Thursday,ADR,2775.2,2761.952,13.247999999999593,2776.846,2760.943,15.902999999999793,True,SHORT,2020-04-15 20:35:00,2757.134,False,True,False,1.3173,0.4527,0.4012,2756.637,2020-04-15 20:40:00,2.3173,2792.652,2020-04-16 01:59:00,False,,0.0,,True,2762.0,2020-04-15 20:48:00,0.0036
ES,2020-04-16,Thursday,ODR,2808.852,2798.952,9.899999999999636,2812.449,2795.14,17.309000000000196,True,SHORT,2020-04-16 05:00:00,2792.546,True,True,True,0.0,1.6676,1.6676,2782.443,2020-04-16 08:19:00,0.419,2803.1,2020-04-16 06:32:00,True,2020-04-16 05:05:00,0.419,0.419,True,2800.443,2020-04-16 05:43:00,0.1506
ES,2020-04-16,Thursday,RDR,2797.137,2766.652,30.485000000000127,2803.634,2763.337,40.297000000000025,True,LONG,2020-04-16 11:50:00,2805.655,True,True,False,0.2954,0.0819,0.2951,2806.134,2020-04-16 11:56:00,1.0819,2764.155,2020-04-16 12:33:00,False,,0.0,,True,2796.643,2020-04-16 12:02:00,0.0162
ES,2020-04-17,Friday,ADR,2885.646,2869.549,16.097000000000207,2886.934,2868.637,18.297000000000025,True,LONG,2020-04-16 21:15:00,2887.446,True,True,False,0.423,0.0,0.423,2892.455,2020-04-17 01:32:00,0.5723,2876.434,2020-04-16 23:37:00,False,,0.5723,,True,2885.437,2020-04-16 21:23:00,0.013
ES,2020-04-17,Friday,ODR,2882.6,2862.455,20.144999999999982,2883.355,2858.937,24.41800000000012,True,LONG,2020-04-17 07:00:00,2884.355,True,True,False,0.1539,0.1045,0.1539,2885.7,2020-04-17 07:07:00,0.6184,2870.143,2020-04-17 08:29:00,False,,0.0,,True,2882.449,2020-04-17 07:09:00,0.0075
ES,2020-04-17,Friday,RDR,2860.846,2841.843,19.003000000000156,2862.64,2839.134,23.505999999999858,True,SHORT,2020-04-17 10:30:00,2838.155,False,True,False,0.9684,0.653,0.653,2829.434,2020-04-17 11:27:00,1.9684,2879.249,2020-04-17 15:51:00,True,2020-04-17 10:48:00,0.1847,1.9684,True,2842.652,2020-04-17 10:41:00,0.0426
ES,2020-04-20,Monday,ADR,2866.1,2855.534,10.565999999999804,2866.6,2855.234,11.365999999999985,True,LONG,2020-04-19 20:30:00,2874.055,True,True,False,1.6514,0.0,1.6514,2883.549,2020-04-19 20:48:00,0.8575,2857.04,2020-04-19 21:43:00,True,2020-04-19 20:35:00,0.0,0.8575,True,2866.055,2020-04-19 21:12:00,0.0043
ES,2020-04-20,Monday,ODR,2867.74,2852.237,15.502999999999702,2868.6,2849.737,18.86299999999983,True,SHORT,2020-04-20 05:50:00,2848.3,True,False,,0.0,2.2891,2.2891,2816.749,2020-04-20 07:52:00,0.0,2848.552,2020-04-20 05:55:00,True,2020-04-20 05:59:00,0.0,0.0,False,,,
ES,2020-04-20,Monday,RDR,2844.452,2829.949,14.503000000000156,2846.452,2827.649,18.80300000000034,True,LONG,2020-04-20 10:40:00,2848.943,False,True,False,1.7376,0.7205,1.7376,2869.652,2020-04-20 11:39:00,1.7205,2819.5,2020-04-20 15:06:00,True,2020-04-20 10:45:00,0.0,1.7205,True,2843.949,2020-04-20 14:16:00,0.0347
ES,2020-04-21,Tuesday,ADR,2830.349,2820.54,9.809000000000196,2831.4,2817.449,13.951000000000022,True,LONG,2020-04-20 20:45:00,2834.0,False,True,False,1.1007,4.0377,1.1007,2841.146,2020-04-20 21:24:00,5.0377,2780.934,2020-04-20 22:42:00,True,2020-04-20 21:19:00,0.1745,5.0377,True,2829.949,2020-04-20 20:55:00,0.0408
ES,2020-04-21,Tuesday,ODR,2814.14,2795.5,18.639999999999873,2816.0,2791.546,24.45400000000018,True,SHORT,2020-04-21 05:25:00,2787.543,True,False,,0.0,1.9884,1.9884,2758.437,2020-04-21 08:12:00,0.0,2792.952,2020-04-21 06:00:00,True,2020-04-21 05:32:00,0.0,0.0,False,,,
ES,2020-04-21,Tuesday,RDR,2781.849,2759.849,22.0,2785.555,2758.734,26.820999999999913,True,SHORT,2020-04-21 10:45:00,2754.355,True,True,True,0.0,1.5142,1.5142,2726.537,2020-04-21 12:46:00,0.1457,2763.055,2020-04-21 14:26:00,True,2020-04-21 10:57:00,0.0,0.1457,True,2762.055,2020-04-21 14:23:00,0.1003
ES,2020-04-22,Wednesday,ADR,2752.6,2730.549,22.05099999999993,2757.543,2726.6,30.94300000000021,True,LONG,2020-04-22 01:40:00,2758.243,True,False,,0.4508,0.036,0.4508,2762.54,2020-04-22 01:52:00,0.0,2756.543,2020-04-22 01:45:00,False,,0.0,,False,,,
ES,2020-04-22,Wednesday,ODR,2768.749,2760.6,8.148999999999887,2770.3,2757.74,12.5600000000004,True,LONG,2020-04-22 04:15:00,2772.3,True,True,True,2.0924,0.0,2.0924,2785.8,2020-04-22 05:16:00,0.3324,2766.04,2020-04-22 08:17:00,True,2020-04-22 04:20:00,0.0,0.3324,True,2767.755,2020-04-22 06:43:00,0.122
ES,2020-04-22,Wednesday,RDR,2790.149,2776.2,13.94900000000007,2795.149,2775.149,20.0,True,LONG,2020-04-22 11:50:00,2796.2,True,True,True,1.85,0.0,1.85,2815.955,2020-04-22 15:50:00,0.0869,2788.937,2020-04-22 13:06:00,True,2020-04-22 12:02:00,0.0869,0.0869,True,2789.646,2020-04-22 12:56:00,0.0361
ES,2020-04-23,Thursday,ADR,2788.337,2783.34,4.996999999999844,2790.84,2781.046,9.794000000000324,True,LONG,2020-04-22 20:45:00,2791.852,False,True,True,2.9544,0.1789,2.9544,2803.1,2020-04-23 01:33:00,1.1789,2782.446,2020-04-22 23:50:00,True,2020-04-22 20:50:00,1.1789,1.1789,True,2786.455,2020-04-22 22:19:00,0.3766
ES,2020-04-23,Thursday,ODR,2808.349,2788.352,19.9970000000003,2809.4,2786.343,23.057000000000244,False,,,,,,,0.0,0.1405,,,,,,,False,,,,False,,,
ES,2020-04-23,Thursday,RDR,2830.749,2810.84,19.90899999999965,2831.752,2806.949,24.802999999999884,True,LONG,2020-04-23 10:30:00,2837.5,False,True,False,0.7108,0.8792,0.7108,2844.9,2020-04-23 10:44:00,1.8792,2793.337,2020-04-23 14:10:00,True,2020-04-23 10:41:00,0.0,1.8792,True,2829.7,2020-04-23 11:33:00,0.0527
ES,2020-04-24,Friday,ADR,2780.346,2770.646,9.699999999999818,2781.7,2770.1,11.599999999999909,True,SHORT,2020-04-23 20:30:00,2767.252,True,True,False,0.0,0.7626,0.7626,2763.249,2020-04-24 01:09:00,0.7788,2778.2,2020-04-24 00:09:00,True,2020-04-23 21:22:00,0.7788,0.7788,True,2771.346,2020-04-23 20:45:00,0.0722
ES,2020-04-24,Friday,ODR,2786.155,2780.143,6.012000000000171,2787.649,2777.84,9.808999999999742,True,SHORT,2020-04-24 04:15:00,2777.352,False,True,False,4.8232,0.7152,0.7152,2775.843,2020-04-24 04:24:00,5.8232,2815.152,2020-04-24 07:05:00,True,2020-04-24 04:20:00,0.0,5.8232,True,2780.149,2020-04-24 04:35:00,0.001
ES,2020-04-24,Friday,RDR,2812.843,2794.252,18.590999999999894,2818.8,2793.24,25.5600000000004,True,LONG,2020-04-24 13:55:00,2821.24,True,False,,1.6275,0.1887,1.6275,2843.1,2020-04-24 15:48:00,0.0,2818.252,2020-04-24 14:02:00,True,2020-04-24 14:03:00,0.0,0.0,False,,,
ES,2020-04-27,Monday,ADR,2831.537,2824.955,6.58199999999988,2833.055,2822.552,10.502999999999702,True,LONG,2020-04-26 20:55:00,2835.837,True,True,True,6.3602,0.0,6.3602,2873.4,2020-04-27 01:46:00,0.1506,2830.546,2020-04-26 21:10:00,True,2020-04-26 21:00:00,0.1506,0.1506,True,2830.855,2020-04-26 21:08:00,0.1036
ES,2020-04-27,Monday,ODR,2865.846,2852.843,13.003000000000156,2867.052,2850.846,16.20600000000013,True,LONG,2020-04-27 05:25:00,2867.552,True,True,True,0.3843,0.0,0.3843,2870.843,2020-04-27 05:44:00,0.5612,2858.549,2020-04-27 07:06:00,False,,0.0,,True,2865.046,2020-04-27 06:02:00,0.0615
ES,2020-04-27,Monday,RDR,2867.255,2853.252,14.003000000000156,2868.955,2852.246,16.708999999999833,True,LONG,2020-04-27 11:15:00,2869.537,True,False,,1.5564,0.0,1.5564,2889.049,2020-04-27 15:50:00,0.0,2867.343,2020-04-27 13:45:00,True,2020-04-27 11:33:00,0.0,0.0,False,,,
ES,2020-04-28,Tuesday,ADR,2877.5,2872.149,5.351000000000113,2877.7,2870.949,6.750999999999749,True,LONG,2020-04-27 20:40:00,2881.0,False,True,False,0.8597,2.4679,0.7561,2881.546,2020-04-27 20:45:00,3.4679,2858.943,2020-04-28 00:12:00,True,2020-04-27 20:45:00,0.0,3.4679,True,2877.149,2020-04-27 21:00:00,0.0656
ES,2020-04-28,Tuesday,ODR,2888.446,2871.5,16.945999999999913,2890.455,2869.94,20.514999999999873,True,LONG,2020-04-28 05:15:00,2896.44,True,False,,1.685,0.0,1.685,2917.0,2020-04-28 08:00:00,0.0,2896.643,2020-04-28 05:20:00,True,2020-04-28 05:20:00,0.0,0.0,False,,,
ES,2020-04-28,Tuesday,RDR,2916.452,2893.055,23.39700000000039,2920.052,2891.337,28.715000000000146,True,SHORT,2020-04-28 10:30:00,2890.549,True,True,True,0.0,1.4085,1.4085,2860.1,2020-04-28 15:54:00,0.0575,2894.4,2020-04-28 10:36:00,True,2020-04-28 10:43:00,0.0575,0.0,True,2893.4,2020-04-28 10:35:00,0.0147
ES,2020-04-29,Wednesday,ADR,2886.1,2878.452,7.6479999999996835,2886.94,2878.037,8.903000000000247,True,LONG,2020-04-28 20:30:00,2887.049,True,True,True,3.5042,0.0,3.5042,2912.9,2020-04-29 00:09:00,0.2947,2883.846,2020-04-28 20:46:00,True,2020-04-28 21:08:00,0.2947,0.0,True,2885.546,2020-04-28 20:38:00,0.0724
ES,2020-04-29,Wednesday,ODR,2901.552,2891.555,9.997000000000298,2903.552,2891.352,12.200000000000273,True,LONG,2020-04-29 05:20:00,2904.046,False,True,True,0.3549,0.3216,0.3549,2905.1,2020-04-29 05:40:00,1.3216,2888.34,2020-04-29 07:49:00,False,,0.0,,True,2901.046,2020-04-29 05:48:00,0.0506
ES,2020-04-29,Wednesday,RDR,2927.155,2912.643,14.512000000000171,2927.2,2910.443,16.756999999999607,True,LONG,2020-04-29 10:30:00,2927.449,True,True,True,1.9223,0.0,1.9223,2955.052,2020-04-29 15:28:00,0.2207,2923.952,2020-04-29 10:38:00,True,2020-04-29 11:21:00,0.2207,0.0,True,2924.646,2020-04-29 10:37:00,0.1729
ES,2020-04-30,Thursday,ADR,2956.946,2946.846,10.099999999999909,2957.9,2946.043,11.856999999999971,True,SHORT,2020-04-29 20:30:00,2945.534,False,True,False,1.5256,0.694,0.694,2939.837,2020-04-29 20:46:00,2.5256,2972.355,2020-04-30 00:36:00,True,2020-04-29 20:46:00,0.0,2.5256,True,2946.9,2020-04-29 20:58:00,0.0053
ES,2020-04-30,Thursday,ODR,2963.243,2948.549,14.69399999999996,2963.243,2946.552,16.690999999999804,True,SHORT,2020-04-30 06:40:00,2944.555,True,False,,0.0,1.4298,1.4298,2927.54,2020-04-30 08:01:00,0.0,2945.855,2020-04-30 06:46:00,True,2020-04-30 06:52:00,0.0,0.0,False,,,
ES,2020-04-30,Thursday,RDR,2925.152,2906.452,18.699999999999818,2926.452,2901.443,25.009000000000015,True,SHORT,2020-04-30 11:55:00,2900.943,True,True,False,0.1227,0.7704,0.7704,2892.046,2020-04-30 12:32:00,0.6205,2918.055,2020-04-30 15:58:00,True,2020-04-30 12:01:00,0.0,0.6205,True,2907.3,2020-04-30 12:57:00,0.0453
ES,2020-05-01,Friday,ADR,2883.449,2876.84,6.608999999999924,2885.7,2875.449,10.250999999999749,True,LONG,2020-04-30 21:00:00,2886.9,False,True,False,0.6735,2.194,0.6735,2887.9,2020-04-30 21:06:00,3.194,2862.34,2020-05-01 01:44:00,True,2020-04-30 21:05:00,0.0,3.194,True,2883.34,2020-04-30 21:12:00,0.0165
ES,2020-05-01,Friday,ODR,2852.655,2839.634,13.021000000000186,2853.852,2838.849,15.002999999999702,True,LONG,2020-05-01 04:25:00,2854.2,True,True,False,0.499,0.0,0.499,2859.152,2020-05-01 06:19:00,0.6149,2844.649,2020-05-01 07:32:00,False,,0.2462,,True,2852.652,2020-05-01 04:41:00,0.0002
ES,2020-05-01,Friday,RDR,2864.955,2848.5,16.454999999999927,2865.946,2846.8,19.14599999999973,True,SHORT,2020-05-01 11:20:00,2845.952,True,False,,0.0,1.7165,1.7165,2820.255,2020-05-01 13:49:00,0.0,2847.746,2020-05-01 11:25:00,True,2020-05-01 11:45:00,0.0,0.0,False,,,
ES,2020-05-04,Monday,ADR,2793.243,2783.846,9.396999999999935,2793.355,2781.843,11.512000000000171,True,SHORT,2020-05-03 20:50:00,2781.5,False,True,False,2.4902,0.4257,0.4257,2779.846,2020-05-03 20:55:00,3.4902,2816.643,2020-05-04 00:06:00,False,,0.0,,True,2783.946,2020-05-03 20:58:00,0.0106
ES,2020-05-04,Monday,ODR,2818.643,2806.7,11.943000000000211,2821.4,2804.349,17.05099999999993,True,SHORT,2020-05-04 04:30:00,2802.849,True,True,False,0.0,1.2102,1.2102,2792.246,2020-05-04 05:25:00,0.7666,2815.855,2020-05-04 08:27:00,True,2020-05-04 05:01:00,0.0957,0.7666,True,2806.7,2020-05-04 04:42:00,0.0
ES,2020-05-04,Monday,RDR,2824.243,2800.249,23.994000000000142,2826.746,2797.452,29.29399999999987,True,LONG,2020-05-04 14:55:00,2830.252,True,False,,0.863,0.0,0.863,2844.949,2020-05-04 15:59:00,0.0,2827.949,2020-05-04 15:05:00,True,2020-05-04 15:17:00,0.0,0.0,False,,,
ES,2020-05-05,Tuesday,ADR,2845.855,2837.037,8.818000000000211,2846.6,2837.0,9.599999999999909,True,LONG,2020-05-04 20:55:00,2848.4,True,False,,1.6437,0.0,1.6437,2860.349,2020-05-05 00:56:00,0.0,2847.34,2020-05-04 21:03:00,True,2020-05-04 21:10:00,0.0,0.0,False,,,
ES,2020-05-05,Tuesday,ODR,2870.855,2856.334,14.521000000000186,2872.543,2855.049,17.494000000000142,True,SHORT,2020-05-05 04:45:00,2849.846,False,True,False,0.2097,1.0284,1.0284,2841.4,2020-05-05 05:00:00,1.189,2873.6,2020-05-05 08:19:00,True,2020-05-05 04:50:00,0.0,1.189,True,2856.352,2020-05-05 05:17:00,0.0012
ES,2020-05-05,Tuesday,RDR,2888.155,2872.04,16.115000000000236,2890.446,2868.143,22.302999999999884,True,LONG,2020-05-05 11:20:00,2891.655,False,True,False,0.6508,0.5645,0.6508,2898.643,2020-05-05 14:59:00,1.5645,2862.943,2020-05-05 15:42:00,True,2020-05-05 12:00:00,0.1557,1.5645,True,2887.0,2020-05-05 13:05:00,0.0717
ES,2020-05-06,Wednesday,ADR,2877.149,2862.449,14.699999999999818,2877.4,2861.655,15.74499999999989,True,SHORT,2020-05-05 20:50:00,2854.137,False,True,False,0.442,0.7217,0.7217,2851.84,2020-05-05 20:56:00,1.442,2883.646,2020-05-06 01:31:00,True,2020-05-05 20:55:00,0.0,1.442,True,2862.7,2020-05-05 21:39:00,0.0171
ES,2020-05-06,Wednesday,ODR,2890.834,2879.746,11.087999999999738,2891.349,2878.655,12.69399999999996,True,LONG,2020-05-06 05:55:00,2891.352,False,True,False,0.3162,0.3695,0.3162,2894.34,2020-05-06 06:05:00,1.3695,2875.649,2020-05-06 08:18:00,False,,0.0,,True,2889.655,2020-05-06 06:18:00,0.1063
ES,2020-05-06,Wednesday,RDR,2886.34,2858.734,27.606000000000222,2889.855,2855.746,34.108999999999924,True,SHORT,2020-05-06 15:45:00,2849.355,True,False,,0.0,0.431,0.431,2846.837,2020-05-06 15:50:00,0.0,2855.349,2020-05-06 15:54:00,False,,0.0,,False,,,
ES,2020-05-07,Thursday,ADR,2847.649,2834.355,13.293999999999869,2849.4,2833.852,15.54800000000023,True,LONG,2020-05-06 20:30:00,2850.152,True,True,True,1.1288,0.0,1.1288,2862.655,2020-05-07 00:23:00,0.2104,2844.852,2020-05-06 22:20:00,True,2020-05-06 23:02:00,0.2104,0.0,True,2847.34,2020-05-06 20:48:00,0.0232
ES,2020-05-07,Thursday,ODR,2880.2,2864.34,15.859999999999673,2882.855,2862.346,20.509000000000015,True,LONG,2020-05-07 05:40:00,2884.9,True,True,True,0.5646,0.0,0.5646,2889.155,2020-05-07 07:58:00,0.2245,2876.64,2020-05-07 07:27:00,True,2020-05-07 07:57:00,0.2245,0.0,True,2880.137,2020-05-07 06:04:00,0.004
ES,2020-05-07,Thursday,RDR,2892.8,2879.743,13.057000000000244,2894.3,2876.755,17.545000000000073,True,LONG,2020-05-07 11:40:00,2898.337,False,True,False,0.7538,0.3066,0.7538,2902.643,2020-05-07 12:01:00,1.3066,2875.74,2020-05-07 15:53:00,True,2020-05-07 11:45:00,0.0,1.3066,True,2892.643,2020-05-07 12:53:00,0.012
ES,2020-05-08,Friday,ADR,2905.346,2890.352,14.994000000000142,2905.4,2890.149,15.251000000000204,True,LONG,2020-05-07 20:35:00,2907.855,True,False,,1.3541,0.0,1.3541,2925.649,2020-05-08 01:59:00,0.0,2906.343,2020-05-07 20:45:00,True,2020-05-07 20:57:00,0.0,0.0,False,,,
ES,2020-05-08,Friday,ODR,2916.352,2912.152,4.199999999999818,2916.9,2911.646,5.253999999999905,True,SHORT,2020-05-08 04:10:00,2910.9,False,True,True,1.321,0.956,0.956,2908.137,2020-05-08 04:31:00,2.321,2921.9,2020-05-08 06:32:00,True,2020-05-08 04:15:00,0.0,2.321,True,2912.152,2020-05-08 04:45:00,0.0
ES,2020-05-08,Friday,RDR,2918.234,2905.249,12.985000000000127,2919.3,2902.455,16.845000000000255,True,LONG,2020-05-08 11:30:00,2919.455,True,True,True,1.0945,0.0,1.0945,2932.446,2020-05-08 15:50:00,0.4997,2911.746,2020-05-08 13:49:00,True,2020-05-08 15:03:00,0.4997,0.0,True,2917.952,2020-05-08 13:25:00,0.0217
ES,2020-05-11,Monday,ADR,2947.934,2937.449,10.485000000000127,2948.455,2937.449,11.005999999999858,True,LONG,2020-05-10 21:30:00,2951.0,False,True,False,0.5022,0.0014,0.5022,2953.2,2020-05-10 21:41:00,1.0014,2937.434,2020-05-11 01:59:00,True,2020-05-10 21:41:00,0.0,1.0014,True,2947.649,2020-05-10 22:22:00,0.0272
ES,2020-05-11,Monday,ODR,2947.94,2938.946,8.994000000000142,2948.5,2937.152,11.347999999999956,True,SHORT,2020-05-11 04:30:00,2937.0,True,False,,0.0,4.3636,4.3636,2899.7,2020-05-11 08:06:00,0.0,2937.155,2020-05-11 04:35:00,True,2020-05-11 04:36:00,0.0,0.0,False,,,
ES,2020-05-11,Monday,RDR,2913.749,2904.946,8.802999999999884,2916.055,2902.243,13.811999999999898,True,LONG,2020-05-11 10:45:00,2916.746,True,True,True,3.4705,0.0,3.4705,2944.3,2020-05-11 13:38:00,0.2279,2911.743,2020-05-11 10:59:00,True,2020-05-11 11:18:00,0.2279,0.0,True,2912.752,2020-05-11 10:55:00,0.1133
ES,2020-05-12,Tuesday,ADR,2922.846,2912.74,10.106000000000222,2924.749,2911.44,13.308999999999742,True,SHORT,2020-05-11 20:45:00,2910.749,True,True,False,0.0,1.1673,1.1673,2900.943,2020-05-11 23:39:00,0.7975,2920.8,2020-05-12 01:23:00,True,2020-05-11 21:45:00,0.445,0.7975,True,2913.255,2020-05-11 20:51:00,0.051
ES,2020-05-12,Tuesday,ODR,2923.755,2910.746,13.009000000000015,2923.855,2909.452,14.402999999999793,True,LONG,2020-05-12 04:20:00,2924.255,True,True,True,1.4256,0.0,1.4256,2942.3,2020-05-12 07:51:00,0.6383,2915.452,2020-05-12 05:06:00,True,2020-05-12 06:17:00,0.6383,0.0,True,2923.443,2020-05-12 04:25:00,0.024
ES,2020-05-12,Tuesday,RDR,2941.737,2920.343,21.394000000000233,2945.6,2919.043,26.55699999999979,True,SHORT,2020-05-12 13:10:00,2917.443,True,False,,0.0,2.3905,2.3905,2869.2,2020-05-12 15:59:00,0.0,2919.155,2020-05-12 13:15:00,True,2020-05-12 13:25:00,0.0,0.0,False,,,
ES,2020-05-13,Wednesday,ADR,2850.337,2834.652,15.684999999999945,2851.343,2831.649,19.69399999999996,True,LONG,2020-05-12 22:25:00,2851.846,True,False,,1.0085,0.0,1.0085,2866.155,2020-05-13 01:33:00,0.0,2850.7,2020-05-12 22:31:00,True,2020-05-12 23:40:00,0.0,0.0,False,,,
ES,2020-05-13,Wednesday,ODR,2870.2,2853.64,16.559999999999945,2870.3,2852.4,17.90000000000009,True,LONG,2020-05-13 05:50:00,2874.7,True,False,,0.7521,0.0,0.7521,2882.655,2020-05-13 07:57:00,0.0,2871.837,2020-05-13 06:00:00,True,2020-05-13 06:04:00,0.0,0.0,False,,,
ES,2020-05-13,Wednesday,RDR,2866.255,2844.246,22.009000000000015,2867.755,2839.649,28.106000000000222,True,LONG,2020-05-13 10:30:00,2871.749,False,True,False,0.3973,2.3673,0.327,2873.452,2020-05-13 10:36:00,3.3673,2792.143,2020-05-13 15:26:00,False,,0.0,,True,2865.946,2020-05-13 10:41:00,0.014
ES,2020-05-14,Thursday,ADR,2829.855,2814.1,15.75500000000011,2830.355,2814.1,16.25500000000011,True,SHORT,2020-05-13 20:30:00,2811.052,True,True,True,0.0,0.6697,0.6697,2803.549,2020-05-13 22:18:00,0.6538,2824.4,2020-05-14 00:17:00,True,2020-05-13 22:10:00,0.5872,0.6538,True,2814.4,2020-05-13 20:42:00,0.019
ES,2020-05-14,Thursday,ODR,2825.055,2807.6,17.454999999999927,2825.4,2807.1,18.300000000000182,True,SHORT,2020-05-14 07:25:00,2806.543,True,True,True,0.0,0.8506,0.8506,2792.752,2020-05-14 08:25:00,0.1292,2809.855,2020-05-14 07:38:00,True,2020-05-14 08:06:00,0.1292,0.0,True,2809.34,2020-05-14 07:37:00,0.0997
ES,2020-05-14,Thursday,RDR,2791.6,2768.146,23.453999999999724,2799.943,2765.64,34.30300000000034,True,LONG,2020-05-14 10:45:00,2802.949,True,False,,2.6245,0.0,2.6245,2853.155,2020-05-14 15:59:00,0.0,2792.449,2020-05-14 11:42:00,True,2020-05-14 10:51:00,0.0,0.0,False,,,
ES,2020-05-15,Friday,ADR,2861.252,2853.452,7.799999999999727,2862.849,2853.337,9.512000000000171,True,SHORT,2020-05-14 20:40:00,2853.14,True,True,True,0.0,1.7692,1.7692,2839.652,2020-05-14 22:20:00,0.8209,2859.855,2020-05-15 01:05:00,True,2020-05-14 21:05:00,0.1523,0.8209,True,2854.355,2020-05-14 20:45:00,0.1158
ES,2020-05-15,Friday,ODR,2866.143,2851.837,14.30600000000004,2867.652,2851.64,16.01200000000017,True,SHORT,2020-05-15 06:30:00,2842.649,True,False,,0.0008,2.551,2.551,2815.343,2020-05-15 08:02:00,0.0,2845.7,2020-05-15 06:48:00,True,2020-05-15 06:35:00,0.0,0.0,False,,,
ES,2020-05-15,Friday,RDR,2849.24,2819.455,29.784999999999854,2851.8,2814.449,37.35100000000011,True,LONG,2020-05-15 13:10:00,2853.2,True,True,True,0.5511,0.0,0.5511,2865.655,2020-05-15 15:59:00,0.1812,2843.843,2020-05-15 13:48:00,True,2020-05-15 15:58:00,0.1812,0.0,True,2848.64,2020-05-15 13:18:00,0.0201
ES,2020-05-18,Monday,ADR,2876.949,2871.955,4.994000000000142,2878.0,2871.237,6.76299999999992,True,LONG,2020-05-17 21:15:00,2878.452,True,True,True,2.7627,0.0,2.7627,2890.746,2020-05-17 23:19:00,0.5419,2874.243,2020-05-17 21:37:00,True,2020-05-17 21:20:00,0.5419,0.5419,True,2876.937,2020-05-17 21:24:00,0.0024
ES,2020-05-18,Monday,ODR,2895.249,2888.0,7.248999999999796,2895.8,2887.8,8.0,True,LONG,2020-05-18 04:00:00,2899.246,True,True,True,5.663,0.0,5.663,2936.3,2020-05-18 08:29:00,0.6893,2890.252,2020-05-18 05:35:00,True,2020-05-18 04:05:00,0.6893,0.6893,True,2894.846,2020-05-18 04:34:00,0.0556
ES,2020-05-18,Monday,RDR,2941.4,2932.037,9.363000000000284,2944.4,2929.6,14.800000000000182,True,LONG,2020-05-18 10:40:00,2944.555,True,False,,2.952,0.0,2.952,2969.04,2020-05-18 15:50:00,0.0,2943.4,2020-05-18 10:48:00,True,2020-05-18 10:49:00,0.0,0.0,False,,,
ES,2020-05-19,Tuesday,ADR,2956.537,2950.737,5.799999999999727,2958.055,2949.746,8.308999999999742,True,SHORT,2020-05-18 20:30:00,2947.043,True,True,True,0.0,1.8438,1.8438,2940.043,2020-05-18 23:18:00,0.8384,2955.6,2020-05-19 01:00:00,True,2020-05-18 20:35:00,0.5893,0.8384,True,2951.149,2020-05-18 20:43:00,0.071
ES,2020-05-19,Tuesday,ODR,2976.746,2954.046,22.700000000000273,2976.755,2953.752,23.003000000000156,True,SHORT,2020-05-19 04:00:00,2951.237,True,True,True,0.0,0.815,0.815,2935.546,2020-05-19 06:25:00,0.0024,2954.1,2020-05-19 04:05:00,True,2020-05-19 04:24:00,0.0024,0.0,True,2954.1,2020-05-19 04:05:00,0.0024
ES,2020-05-19,Tuesday,RDR,2957.352,2937.137,20.21499999999969,2959.7,2936.337,23.36299999999983,True,LONG,2020-05-19 11:25:00,2959.852,False,True,False,0.3239,0.7814,0.3239,2963.9,2020-05-19 14:48:00,1.7814,2921.34,2020-05-19 15:59:00,False,,0.4107,,True,2956.855,2020-05-19 11:38:00,0.0246
ES,2020-05-20,Wednesday,ADR,2931.446,2926.237,5.208999999999833,2932.5,2925.252,7.248000000000047,True,LONG,2020-05-19 20:30:00,2933.255,True,False,,2.8418,0.0,2.8418,2946.249,2020-05-20 00:23:00,0.0,2931.746,2020-05-19 20:42:00,True,2020-05-19 20:57:00,0.0,0.0,False,,,
ES,2020-05-20,Wednesday,ODR,2941.452,2934.749,6.703000000000429,2944.252,2932.437,11.815000000000055,True,LONG,2020-05-20 04:15:00,2948.252,True,False,,3.0655,0.0,3.0655,2962.0,2020-05-20 08:18:00,0.0,2946.546,2020-05-20 05:07:00,True,2020-05-20 04:20:00,0.0,0.0,False,,,
ES,2020-05-20,Wednesday,RDR,2975.049,2958.549,16.5,2977.052,2957.337,19.715000000000146,True,LONG,2020-05-20 11:15:00,2978.852,True,True,False,0.3032,0.0,0.3032,2980.052,2020-05-20 11:26:00,0.9401,2959.537,2020-05-20 14:16:00,False,,0.0,,True,2974.555,2020-05-20 12:02:00,0.0299
ES,2020-05-21,Thursday,ADR,2970.437,2963.749,6.688000000000102,2971.0,2962.44,8.559999999999945,True,SHORT,2020-05-20 21:00:00,2962.255,True,True,True,0.0,2.0109,2.0109,2950.3,2020-05-20 22:09:00,0.3366,2966.0,2020-05-20 21:27:00,True,2020-05-20 21:42:00,0.3366,0.0,True,2963.955,2020-05-20 21:07:00,0.0308
ES,2020-05-21,Thursday,ODR,2957.952,2949.252,8.700000000000273,2959.952,2947.246,12.706000000000131,True,LONG,2020-05-21 07:25:00,2961.755,True,True,True,0.551,0.3466,0.551,2962.746,2020-05-21 07:43:00,0.3393,2955.0,2020-05-21 08:04:00,True,2020-05-21 07:40:00,0.0,0.3393,True,2957.8,2020-05-21 07:54:00,0.0175
ES,2020-05-21,Thursday,RDR,2976.74,2966.4,10.33999999999969,2977.4,2963.549,13.851000000000113,True,SHORT,2020-05-21 10:30:00,2961.852,True,False,,0.0,2.7137,2.7137,2938.34,2020-05-21 11:26:00,0.0,2963.543,2020-05-21 10:56:00,True,2020-05-21 10:35:00,0.0,0.0,False,,,
ES,2020-05-22,Friday,ADR,2955.743,2950.94,4.802999999999884,2956.9,2950.346,6.554000000000087,True,SHORT,2020-05-21 21:05:00,2942.355,True,False,,0.0,7.5174,7.5174,2914.834,2020-05-22 01:29:00,0.0,2948.6,2020-05-21 21:18:00,True,2020-05-21 21:10:00,0.0,0.0,False,,,
ES,2020-05-22,Friday,ODR,2920.6,2911.852,8.748000000000047,2922.455,2908.355,14.099999999999909,True,LONG,2020-05-22 04:40:00,2923.049,True,False,,3.3099,0.0007,3.3099,2949.555,2020-05-22 08:14:00,0.0,2921.534,2020-05-22 04:51:00,True,2020-05-22 04:56:00,0.0,0.0,False,,,
ES,2020-05-22,Friday,RDR,2946.355,2934.2,12.1550000000002,2949.0,2933.134,15.865999999999985,True,LONG,2020-05-22 14:00:00,2952.343,True,True,True,0.8793,0.086,0.8793,2957.043,2020-05-22 15:59:00,0.2638,2943.149,2020-05-22 15:23:00,True,2020-05-22 14:05:00,0.2638,0.2638,True,2946.134,2020-05-22 15:22:00,0.0182
ES,2020-05-25,Monday,ADR,2972.249,2967.44,4.808999999999742,2973.243,2966.943,6.299999999999727,True,SHORT,2020-05-24 20:50:00,2966.3,True,True,False,0.0,1.8482,1.8482,2958.552,2020-05-24 21:33:00,0.8557,2971.555,2020-05-25 01:32:00,True,2020-05-24 21:03:00,0.0,0.8557,True,2967.734,2020-05-24 21:59:00,0.0611
ES,2020-05-25,Monday,ODR,2971.234,2964.534,6.699999999999818,2971.555,2963.649,7.905999999999949,True,LONG,2020-05-25 04:35:00,2971.743,True,False,,2.6599,0.0425,2.6599,2989.055,2020-05-25 06:54:00,0.0,2971.255,2020-05-25 04:42:00,True,2020-05-25 04:44:00,0.0,0.0,False,,,
ES,2020-05-25,Monday,RDR,2991.143,2987.846,3.2970000000000255,2991.343,2987.152,4.1909999999998035,True,LONG,2020-05-25 10:30:00,2991.846,True,False,,0.9272,0.0,0.9272,2994.2,2020-05-25 11:40:00,0.0,2991.337,2020-05-25 11:08:00,True,2020-05-25 11:12:00,0.0,0.0,False,,,
ES,2020-05-26,Tuesday,ADR,2989.055,2986.034,3.020999999999731,2989.246,2985.052,4.19399999999996,True,LONG,2020-05-25 20:35:00,2990.046,True,False,,8.9355,0.0,8.9355,3016.049,2020-05-26 00:40:00,0.0,2990.04,2020-05-25 20:40:00,True,2020-05-25 20:40:00,0.0,0.0,False,,,
ES,2020-05-26,Tuesday,ODR,3015.043,3008.534,6.5090000000000146,3015.734,3007.534,8.199999999999818,True,LONG,2020-05-26 05:05:00,3016.646,True,True,False,0.615,0.0461,0.615,3019.046,2020-05-26 05:15:00,1.0447,3008.243,2020-05-26 08:08:00,True,2020-05-26 05:13:00,0.0,1.0447,True,3014.24,2020-05-26 05:38:00,0.1234
ES,2020-05-26,Tuesday,RDR,3020.249,3006.346,13.902999999999793,3023.2,3005.134,18.065999999999804,True,SHORT,2020-05-26 11:40:00,3001.94,True,True,True,0.0,1.3816,1.3816,2987.137,2020-05-26 15:59:00,0.6399,3015.243,2020-05-26 13:30:00,True,2020-05-26 15:34:00,0.6399,0.1293,True,3006.94,2020-05-26 12:10:00,0.0427
ES,2020-05-27,Wednesday,ADR,2996.343,2989.055,7.288000000000011,2997.04,2986.852,10.188000000000102,True,LONG,2020-05-26 21:00:00,3001.837,True,False,,3.5067,0.0,3.5067,3021.9,2020-05-27 00:30:00,0.0,2998.846,2020-05-26 22:23:00,True,2020-05-26 21:05:00,0.0,0.0,False,,,
ES,2020-05-27,Wednesday,ODR,3021.1,3011.443,9.656999999999698,3022.834,3007.852,14.981999999999971,True,LONG,2020-05-27 04:35:00,3024.34,True,False,,1.7852,0.0,1.7852,3038.34,2020-05-27 05:57:00,0.0,3023.852,2020-05-27 04:40:00,True,2020-05-27 04:41:00,0.0,0.0,False,,,
ES,2020-05-27,Wednesday,RDR,3021.055,2997.137,23.917999999999665,3022.343,2993.2,29.14300000000003,True,SHORT,2020-05-27 10:30:00,2991.452,False,True,False,0.6307,1.1705,1.1705,2969.14,2020-05-27 10:50:00,1.6307,3036.14,2020-05-27 15:59:00,True,2020-05-27 10:40:00,0.0,1.6307,True,2999.455,2020-05-27 12:01:00,0.0969
ES,2020-05-28,Thursday,ADR,3049.8,3038.037,11.763000000000375,3052.44,3037.6,14.840000000000146,True,LONG,2020-05-27 20:45:00,3053.946,False,True,True,0.6335,0.4846,0.6335,3057.252,2020-05-27 21:53:00,1.4846,3032.337,2020-05-28 00:23:00,True,2020-05-27 21:53:00,0.2862,1.4846,True,3049.434,2020-05-27 21:13:00,0.0311
ES,2020-05-28,Thursday,ODR,3049.946,3039.437,10.509000000000015,3051.74,3035.249,16.490999999999985,True,SHORT,2020-05-28 06:00:00,3034.755,True,True,False,0.1288,0.714,0.5222,3033.949,2020-05-28 06:05:00,0.9807,3049.743,2020-05-28 07:34:00,True,2020-05-28 06:05:00,0.0,0.9807,True,3039.5,2020-05-28 06:16:00,0.006
ES,2020-05-28,Thursday,RDR,3047.252,3034.337,12.914999999999964,3050.046,3034.034,16.011999999999716,True,LONG,2020-05-28 10:40:00,3051.052,False,True,False,1.6715,0.8752,1.6715,3068.84,2020-05-28 13:56:00,1.8752,3023.034,2020-05-28 15:50:00,True,2020-05-28 11:07:00,0.1096,1.8752,True,3046.4,2020-05-28 11:09:00,0.066
ES,2020-05-29,Friday,ADR,3033.834,3026.337,7.496999999999844,3035.334,3025.34,9.993999999999687,True,SHORT,2020-05-28 20:50:00,3024.54,False,True,False,0.5626,1.5998,1.5998,3014.343,2020-05-28 21:15:00,1.5626,3038.052,2020-05-29 01:37:00,True,2020-05-28 20:55:00,0.0,1.5626,True,3026.346,2020-05-28 21:37:00,0.0012
ES,2020-05-29,Friday,ODR,3031.849,3020.546,11.303000000000338,3034.543,3018.334,16.209000000000287,True,SHORT,2020-05-29 04:00:00,3017.34,False,True,False,0.5314,0.3716,0.3716,3016.346,2020-05-29 04:06:00,1.5314,3037.855,2020-05-29 07:49:00,False,,0.0,,True,3021.1,2020-05-29 04:12:00,0.049
ES,2020-05-29,Friday,RDR,3028.646,3015.44,13.206000000000131,3031.5,3013.152,18.347999999999956,True,SHORT,2020-05-29 10:45:00,3009.443,False,True,False,1.5564,1.5142,1.5142,2995.443,2020-05-29 12:54:00,2.5564,3049.2,2020-05-29 15:59:00,True,2020-05-29 10:52:00,0.3832,2.5564,True,3015.649,2020-05-29 11:14:00,0.0158
ES,2020-06-01,Monday,ADR,3038.255,3021.934,16.320999999999913,3039.543,3020.434,19.108999999999924,True,LONG,2020-05-31 21:20:00,3039.949,True,True,True,0.8268,0.0,0.8268,3051.749,2020-05-31 23:02:00,0.0319,3037.734,2020-05-31 23:58:00,True,2020-05-31 21:31:00,0.0,0.0319,True,3037.946,2020-05-31 23:55:00,0.0189
ES,2020-06-01,Monday,ODR,3056.54,3052.5,4.039999999999964,3057.8,3051.943,5.856999999999971,True,SHORT,2020-06-01 04:00:00,3051.255,True,False,,0.0,7.1946,7.1946,3023.434,2020-06-01 04:24:00,0.0,3052.44,2020-06-01 04:05:00,True,2020-06-01 04:07:00,0.0,0.0,False,,,
ES,2020-06-01,Monday,RDR,3049.534,3032.84,16.69399999999996,3050.555,3030.055,20.5,True,LONG,2020-06-01 10:30:00,3051.4,True,True,True,0.7348,0.0,0.7348,3061.8,2020-06-01 13:39:00,0.4311,3042.337,2020-06-01 11:26:00,True,2020-06-01 13:06:00,0.4311,0.0,True,3049.334,2020-06-01 10:46:00,0.012
ES,2020-06-02,Tuesday,ADR,3048.355,3041.034,7.320999999999913,3048.846,3039.337,9.509000000000015,True,SHORT,2020-06-01 22:10:00,3038.346,False,True,False,0.7372,0.4098,0.4098,3038.034,2020-06-01 22:18:00,1.7372,3053.752,2020-06-02 01:59:00,False,,0.0,,True,3041.934,2020-06-01 22:37:00,0.1229
ES,2020-06-02,Tuesday,ODR,3057.4,3049.1,8.300000000000182,3057.9,3047.843,10.057000000000244,True,LONG,2020-06-02 04:00:00,3058.552,True,False,,2.5301,0.0,2.5301,3078.4,2020-06-02 05:41:00,0.0,3058.334,2020-06-02 04:05:00,True,2020-06-02 04:13:00,0.0,0.0,False,,,
ES,2020-06-02,Tuesday,RDR,3071.452,3058.137,13.315000000000055,3071.452,3055.0,16.452000000000226,True,SHORT,2020-06-02 11:05:00,3053.14,False,True,False,0.7171,0.5476,0.5476,3050.846,2020-06-02 11:15:00,1.7171,3081.0,2020-06-02 15:59:00,True,2020-06-02 11:15:00,0.0,1.7171,True,3058.946,2020-06-02 11:20:00,0.0608
ES,2020-06-03,Wednesday,ADR,3089.737,3087.049,2.688000000000102,3090.3,3086.737,3.563000000000102,True,LONG,2020-06-02 20:45:00,3090.546,False,True,True,1.8646,1.2831,1.8646,3094.749,2020-06-02 21:02:00,2.2831,3083.6,2020-06-02 22:26:00,True,2020-06-02 20:50:00,0.0,2.2831,True,3089.6,2020-06-02 21:27:00,0.051
ES,2020-06-03,Wednesday,ODR,3094.046,3089.734,4.311999999999898,3094.1,3087.552,6.5479999999997744,True,LONG,2020-06-03 05:20:00,3094.155,True,True,True,1.208,0.5081,1.208,3099.255,2020-06-03 08:20:00,1.1616,3089.037,2020-06-03 06:56:00,True,2020-06-03 05:29:00,1.1616,1.1616,True,3093.8,2020-06-03 05:25:00,0.0571
ES,2020-06-03,Wednesday,RDR,3108.655,3101.343,7.312000000000353,3109.2,3098.843,10.356999999999971,True,LONG,2020-06-03 10:30:00,3110.152,True,True,True,3.179,0.0,3.179,3131.9,2020-06-03 15:50:00,0.0021,3108.64,2020-06-03 10:42:00,True,2020-06-03 10:54:00,0.0021,0.0,True,3108.649,2020-06-03 10:41:00,0.0008
ES,2020-06-04,Thursday,ADR,3128.255,3118.8,9.454999999999927,3128.755,3117.54,11.215000000000146,True,SHORT,2020-06-03 20:30:00,3116.743,True,True,True,0.0,1.1685,1.1685,3107.752,2020-06-03 22:53:00,0.2068,3120.755,2020-06-03 21:09:00,True,2020-06-03 21:58:00,0.2068,0.0,True,3118.8,2020-06-03 20:36:00,0.0
ES,2020-06-04,Thursday,ODR,3111.552,3107.452,4.099999999999909,3112.737,3107.24,5.497000000000298,True,SHORT,2020-06-04 05:20:00,3105.046,False,True,False,0.7798,1.5151,1.5151,3101.24,2020-06-04 06:49:00,1.7798,3114.749,2020-06-04 07:55:00,True,2020-06-04 05:25:00,0.0,1.7798,True,3107.743,2020-06-04 07:31:00,0.071
ES,2020-06-04,Thursday,RDR,3124.646,3109.552,15.094000000000051,3125.34,3108.84,16.5,True,LONG,2020-06-04 10:30:00,3128.152,False,True,False,0.2985,1.3056,0.2985,3129.152,2020-06-04 10:35:00,2.3056,3089.846,2020-06-04 15:17:00,False,,0.0,,True,3123.9,2020-06-04 10:42:00,0.0494
ES,2020-06-05,Friday,ADR,3117.2,3110.64,6.559999999999945,3117.5,3108.643,8.856999999999971,True,LONG,2020-06-04 21:00:00,3118.955,True,True,True,3.4212,0.0,3.4212,3139.643,2020-06-05 01:48:00,0.6503,3112.934,2020-06-04 21:15:00,True,2020-06-04 22:31:00,0.6503,0.0,True,3117.152,2020-06-04 21:06:00,0.0073
ES,2020-06-05,Friday,ODR,3146.44,3136.455,9.985000000000127,3147.637,3134.552,13.085000000000036,True,SHORT,2020-06-05 06:05:00,3132.655,True,True,True,0.0561,0.6024,0.6024,3130.44,2020-06-05 06:19:00,0.355,3140.0,2020-06-05 07:50:00,True,2020-06-05 06:18:00,0.0,0.355,True,3136.655,2020-06-05 07:05:00,0.02
ES,2020-06-05,Friday,RDR,3184.74,3171.94,12.799999999999727,3186.249,3170.749,15.5,True,LONG,2020-06-05 10:50:00,3188.252,True,True,True,2.173,0.0,2.173,3212.555,2020-06-05 11:31:00,0.1643,3182.637,2020-06-05 15:46:00,True,2020-06-05 10:59:00,0.0,0.1643,True,3182.637,2020-06-05 15:46:00,0.1643
ES,2020-06-08,Monday,ADR,3211.1,3200.052,11.047999999999774,3212.349,3198.4,13.94900000000007,True,SHORT,2020-06-07 20:50:00,3197.9,True,False,,0.0,1.1054,1.1054,3187.84,2020-06-07 22:02:00,0.0,3199.355,2020-06-07 21:00:00,True,2020-06-07 21:14:00,0.0,0.0,False,,,
ES,2020-06-08,Monday,ODR,3191.546,3185.04,6.505999999999858,3193.546,3184.837,8.708999999999833,True,LONG,2020-06-08 04:15:00,3194.849,True,False,,2.9208,0.0,2.9208,3210.549,2020-06-08 08:29:00,0.0,3193.543,2020-06-08 04:25:00,True,2020-06-08 04:20:00,0.0,0.0,False,,,
ES,2020-06-08,Monday,RDR,3209.955,3197.652,12.302999999999884,3210.7,3195.646,15.053999999999633,True,LONG,2020-06-08 11:15:00,3211.24,True,True,True,1.8695,0.2042,1.8695,3232.955,2020-06-08 15:59:00,0.4889,3203.94,2020-06-08 12:15:00,True,2020-06-08 13:38:00,0.4889,0.0,True,3209.943,2020-06-08 11:31:00,0.001
ES,2020-06-09,Tuesday,ADR,3229.652,3224.352,5.300000000000182,3230.446,3222.646,7.799999999999727,True,SHORT,2020-06-08 21:00:00,3219.4,False,True,False,0.1977,1.0372,0.9845,3219.134,2020-06-08 21:15:00,1.1977,3230.7,2020-06-09 01:56:00,True,2020-06-08 21:05:00,0.0,1.1977,True,3225.152,2020-06-08 21:45:00,0.1509
ES,2020-06-09,Tuesday,ODR,3224.152,3208.64,15.512000000000171,3225.7,3206.943,18.756999999999607,True,SHORT,2020-06-09 04:05:00,3203.849,True,False,,0.0,1.0826,1.0826,3191.846,2020-06-09 04:45:00,0.0,3207.655,2020-06-09 07:47:00,True,2020-06-09 04:17:00,0.0,0.0,False,,,
ES,2020-06-09,Tuesday,RDR,3204.946,3193.0,11.945999999999913,3206.5,3192.74,13.760000000000218,True,LONG,2020-06-09 10:45:00,3211.252,True,True,True,1.4946,0.0,1.4946,3222.8,2020-06-09 15:20:00,0.3348,3200.946,2020-06-09 12:05:00,True,2020-06-09 10:50:00,0.3348,0.3348,True,3204.934,2020-06-09 11:47:00,0.001
ES,2020-06-10,Wednesday,ADR,3218.637,3212.346,6.291000000000167,3219.4,3211.155,8.24499999999989,True,LONG,2020-06-09 20:30:00,3220.155,True,True,True,1.6791,0.0,1.6791,3229.2,2020-06-09 22:03:00,0.0771,3218.152,2020-06-09 20:49:00,True,2020-06-09 20:57:00,0.0771,0.0463,True,3218.2,2020-06-09 20:48:00,0.0695
ES,2020-06-10,Wednesday,ODR,3225.9,3216.7,9.200000000000273,3226.146,3215.155,10.990999999999985,True,SHORT,2020-06-10 04:55:00,3214.149,True,True,True,0.0,2.3761,2.3761,3194.84,2020-06-10 06:15:00,0.2935,3219.4,2020-06-10 08:13:00,True,2020-06-10 05:00:00,0.0,0.2935,True,3217.44,2020-06-10 07:58:00,0.0804
ES,2020-06-10,Wednesday,RDR,3213.4,3187.755,25.644999999999982,3217.3,3185.746,31.554000000000087,True,SHORT,2020-06-10 10:50:00,3185.24,False,True,False,0.3726,0.2343,0.2343,3181.746,2020-06-10 10:56:00,1.3726,3222.955,2020-06-10 14:17:00,False,,0.0,,True,3189.746,2020-06-10 11:01:00,0.0776
ES,2020-06-11,Thursday,ADR,3177.54,3165.855,11.684999999999945,3177.9,3163.549,14.351000000000113,True,LONG,2020-06-10 21:00:00,3179.255,False,True,False,0.4116,2.2513,0.4116,3182.349,2020-06-10 21:08:00,3.2513,3139.549,2020-06-11 01:20:00,False,,0.0,,True,3177.343,2020-06-10 21:19:00,0.0169
ES,2020-06-11,Thursday,ODR,3143.334,3129.043,14.290999999999713,3144.346,3128.843,15.503000000000156,True,SHORT,2020-06-11 04:40:00,3127.337,False,True,True,0.2464,1.8255,1.8255,3102.955,2020-06-11 08:23:00,1.2464,3146.855,2020-06-11 05:55:00,True,2020-06-11 04:51:00,1.2464,1.2464,True,3129.052,2020-06-11 05:04:00,0.0006
ES,2020-06-11,Thursday,RDR,3116.646,3100.455,16.19100000000026,3119.452,3098.655,20.797000000000025,True,SHORT,2020-06-11 10:45:00,3094.7,True,False,,0.0,6.3233,6.3233,2998.074,2020-06-11 15:30:00,0.0,3096.7,2020-06-11 10:51:00,True,2020-06-11 10:55:00,0.0,0.0,False,,,
ES,2020-06-12,Friday,ADR,3034.837,3022.2,12.637000000000171,3034.9,3018.649,16.251000000000204,True,SHORT,2020-06-11 21:00:00,3014.152,False,True,False,1.5718,0.7165,0.7165,3013.146,2020-06-11 21:05:00,2.5718,3054.7,2020-06-12 01:58:00,True,2020-06-11 21:05:00,0.0,2.5718,True,3022.649,2020-06-11 21:07:00,0.0355
ES,2020-06-12,Friday,ODR,3054.837,3028.746,26.090999999999894,3057.7,3028.64,29.059999999999945,True,LONG,2020-06-12 04:30:00,3059.355,True,True,True,0.7996,0.0,0.7996,3075.7,2020-06-12 06:05:00,0.1034,3052.14,2020-06-12 08:16:00,True,2020-06-12 04:49:00,0.0,0.1034,True,3054.334,2020-06-12 08:10:00,0.0193
ES,2020-06-12,Friday,RDR,3086.949,3058.955,27.994000000000142,3088.949,3058.949,30.0,True,SHORT,2020-06-12 10:35:00,3045.949,True,False,,0.0,2.7078,2.7078,2983.152,2020-06-12 14:00:00,0.0,3056.455,2020-06-12 10:47:00,True,2020-06-12 10:51:00,0.0,0.0,False,,,
ES,2020-06-15,Monday,ADR,3002.534,2993.155,9.378999999999905,3003.6,2989.043,14.556999999999789,True,SHORT,2020-06-15 00:45:00,2987.052,True,False,,0.167,4.9689,4.9689,2946.552,2020-06-15 01:57:00,0.0,2987.555,2020-06-15 00:50:00,True,2020-06-15 00:50:00,0.0,0.0,False,,,
ES,2020-06-15,Monday,ODR,2960.052,2942.755,17.297000000000025,2961.446,2941.1,20.346000000000004,True,LONG,2020-06-15 04:10:00,2962.746,True,False,,1.9196,0.0,1.9196,2993.255,2020-06-15 06:13:00,0.0,2960.552,2020-06-15 04:17:00,True,2020-06-15 04:27:00,0.0,0.0,False,,,
ES,2020-06-15,Monday,RDR,3009.346,2967.855,41.490999999999985,3010.6,2964.855,45.74499999999989,True,LONG,2020-06-15 10:50:00,3011.855,True,True,True,1.7077,0.0,1.7077,3080.2,2020-06-15 14:30:00,0.1131,3004.652,2020-06-15 11:00:00,True,2020-06-15 12:07:00,0.1131,0.0,True,3008.349,2020-06-15 10:57:00,0.024
ES,2020-06-16,Tuesday,ADR,3101.049,3085.04,16.009000000000015,3102.546,3083.555,18.990999999999985,True,LONG,2020-06-15 21:00:00,3103.252,True,True,True,1.5304,0.0,1.5304,3125.549,2020-06-15 22:52:00,0.3998,3094.649,2020-06-15 21:25:00,True,2020-06-15 22:30:00,0.3998,0.0,True,3100.043,2020-06-15 21:12:00,0.0628
ES,2020-06-16,Tuesday,ODR,3110.546,3097.255,13.290999999999713,3113.0,3094.24,18.76000000000022,True,LONG,2020-06-16 06:10:00,3113.043,True,True,True,1.885,0.3775,1.885,3135.6,2020-06-16 08:27:00,0.1726,3108.252,2020-06-16 07:17:00,True,2020-06-16 06:29:00,0.1726,0.1726,True,3109.1,2020-06-16 07:12:00,0.1088
ES,2020-06-16,Tuesday,RDR,3153.055,3137.349,15.705999999999676,3153.655,3135.855,17.800000000000182,True,SHORT,2020-06-16 10:40:00,3128.855,True,True,True,0.05,4.0116,4.0116,3074.343,2020-06-16 11:01:00,0.2421,3141.152,2020-06-16 14:15:00,True,2020-06-16 10:45:00,0.0,0.2421,True,3138.04,2020-06-16 12:36:00,0.044
ES,2020-06-17,Wednesday,ADR,3136.052,3120.234,15.818000000000211,3137.755,3117.555,20.200000000000273,True,SHORT,2020-06-16 22:20:00,3116.746,True,True,False,0.0,0.7899,0.7899,3107.74,2020-06-16 22:33:00,0.728,3131.749,2020-06-17 00:30:00,True,2020-06-16 22:30:00,0.0,0.728,True,3120.534,2020-06-16 23:27:00,0.019
ES,2020-06-17,Wednesday,ODR,3152.055,3129.54,22.514999999999873,3153.1,3127.034,26.065999999999804,True,LONG,2020-06-17 04:15:00,3153.249,True,True,False,0.2752,0.0579,0.2752,3158.252,2020-06-17 04:21:00,1.0579,3128.237,2020-06-17 05:49:00,False,,0.0007,,True,3152.04,2020-06-17 04:20:00,0.0007
ES,2020-06-17,Wednesday,RDR,3138.8,3114.134,24.666000000000167,3139.24,3111.655,27.58499999999958,True,LONG,2020-06-17 13:35:00,3140.34,False,True,False,0.0913,0.3277,0.0833,3140.855,2020-06-17 13:43:00,1.3277,3106.052,2020-06-17 15:50:00,False,,0.0103,,True,3138.546,2020-06-17 13:41:00,0.0103
ES,2020-06-18,Thursday,ADR,3105.846,3091.352,14.494000000000142,3106.34,3090.2,16.140000000000327,True,SHORT,2020-06-17 21:20:00,3088.134,True,True,False,0.0,1.1006,1.1006,3075.4,2020-06-17 21:37:00,0.9168,3104.64,2020-06-18 01:03:00,True,2020-06-17 21:31:00,0.0,0.9168,True,3091.4,2020-06-17 23:11:00,0.0033
ES,2020-06-18,Thursday,ODR,3115.84,3106.137,9.702999999999975,3118.7,3104.7,14.0,True,LONG,2020-06-18 04:30:00,3123.343,False,True,False,1.4838,2.2661,1.4838,3130.237,2020-06-18 05:31:00,3.2661,3084.149,2020-06-18 08:10:00,True,2020-06-18 04:35:00,0.0,3.2661,True,3112.349,2020-06-18 06:01:00,0.3598
ES,2020-06-18,Thursday,RDR,3114.24,3097.249,16.990999999999985,3115.255,3091.752,23.503000000000156,True,LONG,2020-06-18 10:55:00,3119.637,True,True,True,0.3658,0.0,0.3647,3120.437,2020-06-18 11:00:00,0.9477,3098.137,2020-06-18 15:05:00,False,,0.0,,True,3114.134,2020-06-18 11:24:00,0.0062
ES,2020-06-19,Friday,ADR,3126.952,3114.334,12.618000000000393,3127.349,3113.034,14.315000000000055,True,SHORT,2020-06-18 20:35:00,3111.549,True,True,False,0.0,0.6736,0.6736,3105.834,2020-06-18 21:14:00,0.3336,3118.543,2020-06-18 23:00:00,True,2020-06-18 21:06:00,0.0173,0.3336,True,3114.355,2020-06-18 20:54:00,0.0017
ES,2020-06-19,Friday,ODR,3131.049,3123.043,8.005999999999858,3132.555,3121.834,10.721000000000004,True,LONG,2020-06-19 05:10:00,3133.852,True,True,True,2.1605,0.0613,2.1605,3148.346,2020-06-19 08:09:00,0.0269,3130.834,2020-06-19 06:54:00,True,2020-06-19 05:16:00,0.0269,0.0269,True,3130.846,2020-06-19 06:53:00,0.0254
ES,2020-06-19,Friday,RDR,3152.343,3139.946,12.396999999999935,3154.834,3137.434,17.399999999999636,True,SHORT,2020-06-19 10:30:00,3136.452,True,True,True,0.0,4.6581,4.6581,3082.2,2020-06-19 14:30:00,0.0007,3139.955,2020-06-19 11:12:00,True,2020-06-19 10:41:00,0.0007,0.0007,True,3139.955,2020-06-19 11:12:00,0.0007
ES,2020-06-22,Monday,ADR,3069.552,3058.4,11.152000000000044,3070.843,3056.1,14.742999999999938,True,LONG,2020-06-21 21:00:00,3075.234,True,False,,2.1244,0.0,2.1244,3093.243,2020-06-21 23:33:00,0.0,3073.946,2020-06-21 21:05:00,True,2020-06-21 21:05:00,0.0,0.0,False,,,
ES,2020-06-22,Monday,ODR,3098.04,3080.534,17.505999999999858,3099.6,3078.34,21.259999999999764,True,LONG,2020-06-22 04:40:00,3102.243,True,True,False,0.5434,0.0,0.5434,3107.552,2020-06-22 05:05:00,0.7544,3084.834,2020-06-22 07:23:00,True,2020-06-22 05:02:00,0.0,0.7544,True,3098.034,2020-06-22 06:01:00,0.0003
ES,2020-06-22,Monday,RDR,3105.643,3078.44,27.202999999999975,3106.446,3077.446,29.0,True,LONG,2020-06-22 12:00:00,3108.94,True,True,True,0.5645,0.0,0.5645,3121.0,2020-06-22 15:11:00,0.0809,3103.443,2020-06-22 15:24:00,True,2020-06-22 14:57:00,0.0,0.0809,True,3105.134,2020-06-22 15:23:00,0.0187
ES,2020-06-23,Tuesday,ADR,3136.352,3130.837,5.514999999999873,3136.834,3129.834,7.0,True,SHORT,2020-06-22 20:35:00,3128.84,True,True,True,0.0,10.6063,10.6063,3072.343,2020-06-22 21:29:00,0.3835,3132.952,2020-06-22 20:51:00,True,2020-06-22 21:08:00,0.3835,0.229,True,3131.84,2020-06-22 20:42:00,0.1819
ES,2020-06-23,Tuesday,ODR,3144.846,3124.346,20.5,3144.846,3122.34,22.505999999999858,True,LONG,2020-06-23 05:40:00,3146.0,True,True,True,0.5855,0.0,0.5855,3156.849,2020-06-23 08:15:00,0.1462,3141.849,2020-06-23 06:00:00,True,2020-06-23 08:14:00,0.1462,0.0,True,3144.037,2020-06-23 05:45:00,0.0395
ES,2020-06-23,Tuesday,RDR,3148.455,3138.637,9.817999999999756,3149.2,3133.955,15.24499999999989,True,LONG,2020-06-23 11:20:00,3152.443,False,True,False,0.7837,1.2207,0.7837,3156.149,2020-06-23 13:51:00,2.2207,3126.652,2020-06-23 15:52:00,True,2020-06-23 13:21:00,0.6111,2.2207,True,3147.952,2020-06-23 11:36:00,0.0512
ES,2020-06-24,Wednesday,ADR,3134.1,3122.4,11.699999999999818,3134.6,3121.555,13.045000000000073,True,LONG,2020-06-23 20:50:00,3135.055,True,True,False,0.4391,0.218,0.4391,3139.237,2020-06-24 00:38:00,1.218,3119.849,2020-06-23 22:02:00,False,,1.218,,True,3133.84,2020-06-23 20:56:00,0.0222
ES,2020-06-24,Wednesday,ODR,3135.4,3113.855,21.545000000000073,3135.555,3113.04,22.514999999999873,True,SHORT,2020-06-24 04:05:00,3106.852,True,False,,0.0,1.0211,1.0211,3091.855,2020-06-24 05:20:00,0.0,3112.852,2020-06-24 08:28:00,True,2020-06-24 04:12:00,0.0,0.0,False,,,
ES,2020-06-24,Wednesday,RDR,3112.946,3081.155,31.790999999999713,3115.455,3080.155,35.29999999999973,True,SHORT,2020-06-24 10:35:00,3075.449,True,False,,0.0,1.5888,1.5888,3030.646,2020-06-24 11:49:00,0.0,3080.946,2020-06-24 10:52:00,True,2020-06-24 11:10:00,0.0,0.0,False,,,
ES,2020-06-25,Thursday,ADR,3061.955,3047.952,14.002999999999702,3063.5,3045.0,18.5,True,LONG,2020-06-24 20:50:00,3064.252,False,True,False,0.3571,1.1212,0.3571,3066.955,2020-06-24 21:03:00,2.1212,3032.252,2020-06-24 22:11:00,False,,0.0,,True,3061.443,2020-06-24 21:09:00,0.0366
ES,2020-06-25,Thursday,ODR,3039.8,3019.44,20.360000000000127,3042.0,3016.255,25.74499999999989,True,LONG,2020-06-25 04:15:00,3044.943,True,True,False,1.1395,0.0,1.1395,3063.0,2020-06-25 05:37:00,0.3613,3032.443,2020-06-25 07:46:00,True,2020-06-25 04:21:00,0.0,0.3613,True,3039.0,2020-06-25 07:41:00,0.0393
ES,2020-06-25,Thursday,RDR,3057.6,3023.9,33.69999999999982,3059.555,3022.543,37.011999999999716,True,LONG,2020-06-25 12:40:00,3061.055,True,True,True,0.8591,0.0,0.8591,3086.552,2020-06-25 15:59:00,0.3637,3045.343,2020-06-25 14:36:00,True,2020-06-25 15:23:00,0.3637,0.0,True,3056.54,2020-06-25 12:50:00,0.0315
ES,2020-06-26,Friday,ADR,3089.955,3078.04,11.914999999999964,3090.452,3075.952,14.5,True,LONG,2020-06-26 00:20:00,3090.734,True,True,False,0.2136,0.2971,0.2136,3092.5,2020-06-26 00:25:00,0.7319,3081.234,2020-06-26 01:57:00,False,,0.0,,True,3089.943,2020-06-26 00:33:00,0.001
ES,2020-06-26,Friday,ODR,3076.743,3066.943,9.799999999999727,3078.5,3065.8,12.699999999999818,True,SHORT,2020-06-26 04:00:00,3064.8,False,True,False,1.5315,0.7347,0.7347,3059.743,2020-06-26 04:11:00,2.5315,3091.752,2020-06-26 07:07:00,True,2020-06-26 04:08:00,0.0,2.5315,True,3067.3,2020-06-26 04:43:00,0.0364
ES,2020-06-26,Friday,RDR,3072.8,3037.837,34.96300000000019,3074.1,3030.355,43.74499999999989,True,SHORT,2020-06-26 10:30:00,3026.537,True,True,True,0.0,0.9792,0.9792,3003.6,2020-06-26 15:38:00,0.0218,3038.6,2020-06-26 11:58:00,True,2020-06-26 10:40:00,0.0218,0.0218,True,3038.052,2020-06-26 11:07:00,0.0061
ES,2020-06-29,Monday,ADR,3014.634,3002.1,12.534000000000106,3015.149,3001.655,13.493999999999687,True,LONG,2020-06-28 20:55:00,3016.44,True,True,False,1.3967,0.0,1.3967,3032.14,2020-06-28 22:15:00,0.5744,3007.434,2020-06-29 00:43:00,True,2020-06-28 21:14:00,0.0,0.5744,True,3013.434,2020-06-28 23:43:00,0.0957
ES,2020-06-29,Monday,ODR,3029.437,3018.14,11.297000000000025,3030.452,3017.2,13.252000000000407,True,SHORT,2020-06-29 04:10:00,3013.64,False,True,False,0.7167,0.4608,0.4608,3012.934,2020-06-29 04:20:00,1.7167,3037.534,2020-06-29 07:57:00,False,,0.0,,True,3018.152,2020-06-29 04:31:00,0.0011
ES,2020-06-29,Monday,RDR,3030.54,3003.8,26.73999999999978,3034.234,2999.734,34.5,True,LONG,2020-06-29 10:35:00,3039.1,True,True,True,0.8923,0.0,0.8923,3054.4,2020-06-29 15:59:00,0.0263,3029.837,2020-06-29 11:18:00,True,2020-06-29 10:50:00,0.0263,0.0263,True,3029.837,2020-06-29 11:18:00,0.0263
ES,2020-06-30,Tuesday,ADR,3068.246,3059.1,9.146000000000186,3069.3,3058.749,10.551000000000386,True,SHORT,2020-06-29 20:30:00,3058.746,True,True,True,0.0007,0.7491,0.7491,3052.249,2020-06-30 01:40:00,1.0007,3068.252,2020-06-29 21:40:00,True,2020-06-30 01:39:00,1.0007,0.1462,True,3059.1,2020-06-29 20:35:00,0.0
ES,2020-06-30,Tuesday,ODR,3054.737,3046.249,8.488000000000284,3060.1,3045.243,14.856999999999971,True,SHORT,2020-06-30 04:30:00,3043.555,False,True,False,1.2327,0.6719,0.6719,3040.546,2020-06-30 05:05:00,2.2327,3065.2,2020-06-30 07:30:00,True,2020-06-30 05:04:00,0.4716,2.2327,True,3046.549,2020-06-30 04:35:00,0.0353
ES,2020-06-30,Tuesday,RDR,3066.846,3048.743,18.103000000000065,3068.7,3047.855,20.8449999999998,True,LONG,2020-06-30 10:50:00,3072.64,True,True,True,2.4501,0.0,2.4501,3111.2,2020-06-30 15:54:00,0.0246,3066.4,2020-06-30 13:15:00,True,2020-06-30 10:59:00,0.0246,0.0246,True,3066.4,2020-06-30 13:15:00,0.0246
ES,2020-07-01,Wednesday,ADR,3094.64,3090.646,3.993999999999687,3095.449,3088.955,6.494000000000142,True,LONG,2020-06-30 20:35:00,3095.5,False,True,False,0.7541,1.9271,0.7541,3097.652,2020-06-30 21:45:00,2.9271,3082.949,2020-07-01 01:51:00,True,2020-06-30 20:42:00,0.8726,2.9271,True,3094.443,2020-06-30 20:46:00,0.0493
ES,2020-07-01,Wednesday,ODR,3100.937,3091.955,8.981999999999971,3101.446,3091.5,9.945999999999913,True,LONG,2020-07-01 05:25:00,3102.64,False,True,False,0.2797,2.1167,0.2797,3103.449,2020-07-01 05:30:00,3.1167,3072.943,2020-07-01 07:35:00,False,,0.0,,True,3099.449,2020-07-01 05:31:00,0.1657
ES,2020-07-01,Wednesday,RDR,3118.255,3104.64,13.615000000000236,3119.255,3102.043,17.21199999999999,True,SHORT,2020-07-01 11:25:00,3101.8,False,True,False,0.7598,0.3227,0.2277,3101.54,2020-07-01 11:30:00,1.7598,3128.6,2020-07-01 15:49:00,False,,0.0,,True,3105.046,2020-07-01 11:33:00,0.0298
ES,2020-07-02,Thursday,ADR,3115.352,3107.4,7.951999999999771,3115.852,3106.552,9.299999999999727,True,SHORT,2020-07-01 21:00:00,3105.855,False,True,False,0.6977,0.2335,0.2072,3105.752,2020-07-01 21:13:00,1.6977,3120.9,2020-07-01 23:22:00,False,,0.0629,,True,3107.549,2020-07-01 21:08:00,0.0187
ES,2020-07-02,Thursday,ODR,3132.352,3123.046,9.30600000000004,3135.9,3121.84,14.059999999999945,True,LONG,2020-07-02 04:20:00,3137.043,True,True,True,0.8863,0.0,0.8863,3140.6,2020-07-02 04:35:00,0.4302,3128.349,2020-07-02 06:18:00,True,2020-07-02 04:25:00,0.0,0.4302,True,3132.052,2020-07-02 05:01:00,0.0322
ES,2020-07-02,Thursday,RDR,3163.155,3145.5,17.6550000000002,3166.446,3145.146,21.299999999999727,True,SHORT,2020-07-02 10:50:00,3140.7,True,True,True,0.0,1.2065,1.2065,3124.2,2020-07-02 15:57:00,0.4336,3153.155,2020-07-02 14:38:00,True,2020-07-02 11:02:00,0.4336,0.4336,True,3146.2,2020-07-02 11:44:00,0.0396
ES,2020-07-03,Friday,ADR,3139.752,3133.743,6.0090000000000146,3140.052,3133.252,6.800000000000182,True,LONG,2020-07-02 21:20:00,3140.237,False,True,False,0.2243,0.6167,0.1483,3140.643,2020-07-02 21:26:00,1.6167,3130.037,2020-07-03 01:27:00,False,,0.0343,,True,3139.546,2020-07-02 21:26:00,0.0343
ES,2020-07-03,Friday,ODR,3145.234,3138.64,6.594000000000051,3146.755,3138.04,8.715000000000146,True,SHORT,2020-07-03 04:15:00,3137.5,True,True,True,0.0,1.9104,1.9104,3126.043,2020-07-03 08:06:00,0.5551,3142.3,2020-07-03 04:52:00,True,2020-07-03 04:32:00,0.5551,0.5551,True,3138.746,2020-07-03 04:46:00,0.0161
ES,2020-07-03,Friday,RDR,3129.837,3125.64,4.197000000000116,3130.855,3124.649,6.206000000000131,True,SHORT,2020-07-03 10:30:00,3118.2,True,True,True,0.0,2.3798,2.3798,3115.652,2020-07-03 10:37:00,0.6216,3128.249,2020-07-03 12:27:00,True,2020-07-03 10:35:00,0.0,0.6216,True,3125.7,2020-07-03 11:44:00,0.0143
ES,2020-07-06,Monday,ADR,3147.252,3142.055,5.197000000000116,3148.3,3140.755,7.545000000000073,True,LONG,2020-07-05 20:55:00,3150.255,True,False,,6.0319,0.0,6.0319,3178.6,2020-07-06 01:01:00,0.0,3150.54,2020-07-05 21:00:00,True,2020-07-05 21:00:00,0.0,0.0,False,,,
ES,2020-07-06,Monday,ODR,3179.54,3172.252,7.288000000000011,3181.3,3171.237,10.063000000000102,True,SHORT,2020-07-06 05:05:00,3170.252,False,True,False,0.3787,0.6453,0.6453,3167.549,2020-07-06 05:10:00,1.3787,3182.3,2020-07-06 06:14:00,True,2020-07-06 05:10:00,0.0,1.3787,True,3172.44,2020-07-06 05:27:00,0.0258
ES,2020-07-06,Monday,RDR,3177.155,3168.634,8.521000000000186,3184.1,3165.14,18.960000000000036,False,,,,,,,0.5509,0.457,,,,,,,False,,,,False,,,
ES,2020-07-07,Tuesday,ADR,3190.646,3184.352,6.294000000000324,3191.7,3182.7,9.0,True,LONG,2020-07-06 20:50:00,3192.846,False,True,False,0.3986,2.6298,0.3986,3193.155,2020-07-06 20:55:00,3.6298,3167.8,2020-07-07 01:55:00,False,,0.0,,True,3189.634,2020-07-06 21:00:00,0.1608
ES,2020-07-07,Tuesday,ODR,3167.343,3156.834,10.509000000000015,3169.0,3154.349,14.65099999999984,True,SHORT,2020-07-07 04:25:00,3153.852,True,True,False,0.0,0.8648,0.8648,3147.746,2020-07-07 06:18:00,0.5772,3162.9,2020-07-07 07:48:00,True,2020-07-07 05:04:00,0.2251,0.5772,True,3156.9,2020-07-07 04:31:00,0.0063
ES,2020-07-07,Tuesday,RDR,3177.452,3159.449,18.003000000000156,3178.8,3157.749,21.051000000000386,True,LONG,2020-07-07 11:10:00,3179.952,False,True,False,0.3748,0.9333,0.3748,3184.2,2020-07-07 11:21:00,1.9333,3142.646,2020-07-07 15:59:00,False,,0.0,,True,3176.949,2020-07-07 11:34:00,0.0279
ES,2020-07-08,Wednesday,ADR,3155.349,3149.34,6.0090000000000146,3155.6,3145.334,10.266000000000076,True,LONG,2020-07-07 21:10:00,3156.346,False,True,False,0.6742,1.3318,0.6742,3159.4,2020-07-07 21:33:00,2.3318,3141.337,2020-07-08 01:57:00,True,2020-07-07 21:32:00,0.4076,2.3318,True,3154.846,2020-07-07 21:21:00,0.0837
ES,2020-07-08,Wednesday,ODR,3158.049,3145.849,12.199999999999818,3158.555,3143.755,14.799999999999727,True,SHORT,2020-07-08 05:15:00,3142.852,True,True,False,0.312,0.5743,0.5743,3138.843,2020-07-08 05:44:00,0.7993,3155.6,2020-07-08 07:54:00,True,2020-07-08 05:44:00,0.0825,0.7993,True,3146.1,2020-07-08 05:31:00,0.0206
ES,2020-07-08,Wednesday,RDR,3170.437,3155.052,15.384999999999764,3172.149,3151.152,20.996999999999844,True,SHORT,2020-07-08 11:05:00,3150.443,True,True,False,0.0325,1.2287,1.2287,3136.149,2020-07-08 11:26:00,1.0325,3170.937,2020-07-08 15:59:00,True,2020-07-08 11:18:00,0.0,1.0325,True,3156.455,2020-07-08 12:18:00,0.0912
ES,2020-07-09,Thursday,ADR,3178.652,3173.2,5.4520000000002256,3179.155,3172.34,6.815000000000055,True,SHORT,2020-07-08 21:00:00,3171.649,True,True,True,0.0,1.5591,1.5591,3164.7,2020-07-09 01:52:00,0.6304,3176.637,2020-07-09 00:15:00,True,2020-07-08 21:10:00,0.6304,0.6304,True,3173.355,2020-07-08 21:07:00,0.0284
ES,2020-07-09,Thursday,ODR,3169.0,3163.9,5.099999999999909,3171.4,3162.2,9.200000000000273,True,LONG,2020-07-09 04:05:00,3172.846,True,True,True,1.6941,0.0,1.6941,3177.64,2020-07-09 08:27:00,0.8431,3164.7,2020-07-09 05:24:00,True,2020-07-09 04:10:00,0.8431,0.8431,True,3168.837,2020-07-09 04:32:00,0.032
ES,2020-07-09,Thursday,RDR,3176.643,3156.446,20.197000000000116,3179.3,3153.943,25.35699999999997,True,SHORT,2020-07-09 10:35:00,3150.0,True,True,True,0.0,2.0644,2.0644,3114.752,2020-07-09 11:26:00,0.337,3163.252,2020-07-09 15:15:00,True,2020-07-09 10:41:00,0.0,0.337,True,3156.8,2020-07-09 14:56:00,0.0175
ES,2020-07-10,Friday,ADR,3163.149,3157.843,5.30600000000004,3163.4,3157.155,6.244999999999891,True,SHORT,2020-07-09 20:45:00,3155.152,True,False,,0.0,6.6317,6.6317,3122.655,2020-07-10 01:39:00,0.0,3154.955,2020-07-09 20:50:00,True,2020-07-09 20:50:00,0.0,0.0,False,,,
ES,2020-07-10,Friday,ODR,3134.655,3124.349,10.30600000000004,3134.855,3123.155,11.699999999999818,True,LONG,2020-07-10 04:00:00,3139.849,True,True,False,1.0376,0.0,1.0376,3145.349,2020-07-10 07:08:00,0.6607,3127.846,2020-07-10 05:10:00,True,2020-07-10 04:05:00,0.6607,0.6607,True,3133.7,2020-07-10 04:49:00,0.0927
ES,2020-07-10,Friday,RDR,3157.955,3137.746,20.208999999999833,3158.955,3135.94,23.014999999999873,True,LONG,2020-07-10 10:40:00,3162.749,True,True,True,1.4439,0.0,1.4439,3187.134,2020-07-10 15:59:00,0.2332,3153.243,2020-07-10 11:05:00,True,2020-07-10 12:05:00,0.2332,0.0252,True,3157.94,2020-07-10 10:49:00,0.0007
ES,2020-07-13,Monday,ADR,3199.984,3191.342,8.641999999999825,3200.484,3191.089,9.394999999999982,True,LONG,2020-07-12 21:00:00,3201.519,True,True,True,0.9564,0.0,0.9564,3208.249,2020-07-13 01:56:00,0.3504,3196.956,2020-07-12 21:23:00,True,2020-07-12 21:57:00,0.3504,0.0154,True,3199.703,2020-07-12 21:08:00,0.0325
ES,2020-07-13,Monday,ODR,3204.451,3198.329,6.121999999999844,3205.451,3197.721,7.730000000000018,True,SHORT,2020-07-13 04:00:00,3196.698,False,True,False,1.4454,1.1081,1.1081,3191.545,2020-07-13 04:35:00,2.4454,3213.3,2020-07-13 07:14:00,True,2020-07-13 04:27:00,0.386,2.4454,True,3198.448,2020-07-13 04:08:00,0.0194
ES,2020-07-13,Monday,RDR,3219.155,3204.152,15.003000000000156,3219.155,3200.352,18.80300000000034,True,LONG,2020-07-13 10:30:00,3219.634,False,True,False,1.0796,3.6094,1.0796,3235.352,2020-07-13 13:37:00,4.6094,3150.0,2020-07-13 15:54:00,True,2020-07-13 11:02:00,0.4302,4.6094,True,3218.855,2020-07-13 10:35:00,0.02
ES,2020-07-14,Tuesday,ADR,3167.446,3161.749,5.697000000000116,3169.455,3159.449,10.005999999999858,True,SHORT,2020-07-13 21:20:00,3155.74,True,True,True,0.0,1.6686,1.6686,3152.243,2020-07-13 21:28:00,0.7367,3165.946,2020-07-13 22:02:00,True,2020-07-13 21:25:00,0.0,0.7367,True,3162.452,2020-07-13 21:39:00,0.1234
ES,2020-07-14,Tuesday,ODR,3171.434,3156.455,14.97900000000027,3172.8,3152.234,20.56600000000026,False,,,,,,,0.0882,0.0136,,,,,,,False,,,,False,,,
ES,2020-07-14,Tuesday,RDR,3158.343,3132.6,25.742999999999938,3161.052,3128.037,33.01500000000033,True,LONG,2020-07-14 10:30:00,3161.9,True,True,True,1.6397,0.0,1.6397,3200.555,2020-07-14 15:54:00,0.3228,3150.034,2020-07-14 11:05:00,True,2020-07-14 11:42:00,0.3228,0.245,True,3156.534,2020-07-14 10:36:00,0.0703
ES,2020-07-15,Wednesday,ADR,3222.852,3215.334,7.518000000000029,3224.155,3213.2,10.955000000000382,True,SHORT,2020-07-14 23:15:00,3212.649,True,True,False,0.0,0.4894,0.4894,3211.655,2020-07-14 23:20:00,0.574,3219.649,2020-07-15 01:38:00,False,,0.0,,True,3215.64,2020-07-14 23:25:00,0.0407
ES,2020-07-15,Wednesday,ODR,3214.643,3208.34,6.302999999999884,3215.2,3206.452,8.747999999999593,True,LONG,2020-07-15 04:00:00,3216.155,True,True,True,3.7298,0.0,3.7298,3238.152,2020-07-15 08:25:00,0.9976,3208.355,2020-07-15 05:07:00,True,2020-07-15 04:13:00,0.9976,0.9976,True,3214.643,2020-07-15 04:17:00,0.0
ES,2020-07-15,Wednesday,RDR,3232.3,3220.255,12.045000000000073,3233.8,3218.937,14.863000000000284,True,LONG,2020-07-15 10:35:00,3235.449,False,True,False,0.4732,1.6438,0.4732,3238.0,2020-07-15 10:45:00,2.6438,3200.455,2020-07-15 12:04:00,False,,0.0,,True,3231.943,2020-07-15 10:55:00,0.0296
ES,2020-07-16,Thursday,ADR,3228.54,3218.237,10.302999999999884,3230.049,3216.037,14.012000000000171,True,SHORT,2020-07-15 22:20:00,3215.255,True,False,,0.0,1.2609,1.2609,3205.246,2020-07-16 01:35:00,0.0,3216.8,2020-07-16 00:51:00,True,2020-07-15 22:27:00,0.0,0.0,False,,,
ES,2020-07-16,Thursday,ODR,3211.743,3205.749,5.994000000000142,3214.049,3203.746,10.302999999999884,True,SHORT,2020-07-16 04:30:00,3203.055,True,True,False,0.0,1.4515,1.4515,3197.049,2020-07-16 05:01:00,0.8832,3211.043,2020-07-16 07:48:00,True,2020-07-16 04:35:00,0.0,0.8832,True,3205.749,2020-07-16 05:40:00,0.0
ES,2020-07-16,Thursday,RDR,3210.352,3199.855,10.496999999999844,3212.355,3198.652,13.702999999999975,True,LONG,2020-07-16 10:40:00,3212.7,True,True,True,0.9668,0.0,0.9668,3220.5,2020-07-16 15:37:00,0.9862,3200.0,2020-07-16 15:00:00,True,2020-07-16 15:29:00,0.9862,0.0196,True,3209.837,2020-07-16 10:50:00,0.0491
ES,2020-07-17,Friday,ADR,3214.443,3210.8,3.643000000000029,3214.755,3210.437,4.318000000000211,True,SHORT,2020-07-16 21:10:00,3209.437,False,True,False,0.5523,0.9731,0.9731,3207.255,2020-07-16 21:16:00,1.5523,3216.455,2020-07-16 22:32:00,True,2020-07-16 21:15:00,0.0,1.5523,True,3210.852,2020-07-16 21:21:00,0.0143
ES,2020-07-17,Friday,ODR,3212.737,3203.943,8.793999999999869,3212.8,3203.943,8.856999999999971,True,LONG,2020-07-17 05:25:00,3213.5,True,True,True,1.389,0.0575,1.389,3224.952,2020-07-17 08:20:00,0.2609,3210.443,2020-07-17 05:58:00,True,2020-07-17 06:27:00,0.2609,0.0,True,3212.4,2020-07-17 05:30:00,0.0383
ES,2020-07-17,Friday,RDR,3226.8,3208.546,18.25400000000036,3226.94,3205.843,21.097000000000207,True,LONG,2020-07-17 14:15:00,3228.355,True,True,False,0.3725,0.2029,0.3725,3233.6,2020-07-17 15:37:00,0.1514,3224.037,2020-07-17 15:54:00,False,,0.1315,,True,3226.6,2020-07-17 14:22:00,0.011
ES,2020-07-20,Monday,ADR,3230.437,3225.5,4.936999999999898,3230.5,3225.243,5.257000000000062,True,SHORT,2020-07-19 20:50:00,3225.0,True,True,True,0.0,4.2651,4.2651,3204.443,2020-07-19 21:50:00,0.0517,3225.755,2020-07-19 21:02:00,True,2020-07-19 21:03:00,0.0517,0.0,True,3225.755,2020-07-19 21:02:00,0.0517
ES,2020-07-20,Monday,ODR,3206.5,3200.334,6.166000000000167,3206.752,3198.752,8.0,True,LONG,2020-07-20 04:25:00,3207.0,True,True,True,2.6357,0.0,2.6357,3222.752,2020-07-20 07:50:00,0.2849,3204.743,2020-07-20 04:33:00,True,2020-07-20 04:35:00,0.2849,0.0,True,3205.94,2020-07-20 04:30:00,0.0908
ES,2020-07-20,Monday,RDR,3234.037,3215.337,18.699999999999818,3234.055,3214.343,19.71199999999999,True,LONG,2020-07-20 10:30:00,3234.355,True,True,True,1.3375,0.0,1.3375,3259.049,2020-07-20 15:50:00,0.1598,3231.049,2020-07-20 11:01:00,True,2020-07-20 13:41:00,0.1598,0.0,True,3233.349,2020-07-20 10:50:00,0.0368
ES,2020-07-21,Tuesday,ADR,3255.249,3250.946,4.302999999999884,3255.249,3250.252,4.996999999999844,True,LONG,2020-07-20 20:30:00,3256.8,True,True,True,4.3458,0.0,4.3458,3273.949,2020-07-21 01:54:00,0.5803,3252.752,2020-07-20 21:45:00,True,2020-07-20 20:42:00,0.5803,0.5803,True,3254.94,2020-07-20 21:39:00,0.0718
ES,2020-07-21,Tuesday,ODR,3273.452,3267.24,6.212000000000444,3273.755,3266.44,7.315000000000055,True,LONG,2020-07-21 04:10:00,3273.943,True,True,True,1.2883,0.0,1.2883,3281.455,2020-07-21 07:32:00,0.2746,3271.746,2020-07-21 04:18:00,True,2020-07-21 04:37:00,0.2746,0.0,True,3272.452,2020-07-21 04:16:00,0.161
ES,2020-07-21,Tuesday,RDR,3276.54,3265.552,10.987999999999829,3277.1,3262.846,14.253999999999905,True,SHORT,2020-07-21 10:40:00,3262.84,True,True,True,0.0,1.6657,1.6657,3247.249,2020-07-21 15:52:00,0.9286,3275.755,2020-07-21 14:09:00,True,2020-07-21 15:12:00,0.9286,0.0,True,3267.1,2020-07-21 10:46:00,0.1409
ES,2020-07-22,Wednesday,ADR,3268.043,3262.155,5.88799999999992,3268.8,3261.752,7.048000000000229,True,SHORT,2020-07-21 20:55:00,3260.755,False,True,True,0.8928,1.0284,1.0284,3256.1,2020-07-22 01:12:00,1.8928,3273.3,2020-07-21 22:25:00,True,2020-07-22 00:53:00,1.8928,0.0,True,3263.1,2020-07-21 21:02:00,0.1605
ES,2020-07-22,Wednesday,ODR,3264.6,3252.055,12.545000000000073,3265.6,3249.3,16.299999999999727,True,SHORT,2020-07-22 04:30:00,3247.8,True,True,False,0.0,1.3561,1.3561,3235.043,2020-07-22 05:14:00,0.3782,3256.8,2020-07-22 08:12:00,True,2020-07-22 04:35:00,0.0,0.3782,True,3253.049,2020-07-22 07:02:00,0.0792
ES,2020-07-22,Wednesday,RDR,3267.652,3253.54,14.11200000000008,3268.652,3252.84,15.811999999999898,True,LONG,2020-07-22 12:10:00,3268.855,True,True,True,0.8183,0.0496,0.8183,3279.2,2020-07-22 15:50:00,0.8724,3255.34,2020-07-22 14:00:00,True,2020-07-22 15:45:00,0.8724,0.0,True,3267.155,2020-07-22 12:23:00,0.0352
ES,2020-07-23,Thursday,ADR,3273.4,3266.855,6.545000000000073,3273.54,3266.549,6.9909999999999854,True,LONG,2020-07-22 21:15:00,3273.552,True,True,True,0.5348,0.0778,0.5348,3276.9,2020-07-22 21:43:00,0.9852,3266.952,2020-07-22 22:51:00,True,2020-07-22 21:42:00,0.3893,0.9852,True,3272.343,2020-07-22 21:20:00,0.1615
ES,2020-07-23,Thursday,ODR,3289.04,3282.546,6.494000000000142,3289.855,3281.546,8.309000000000196,True,LONG,2020-07-23 04:05:00,3290.752,False,True,False,0.4404,0.616,0.4404,3291.9,2020-07-23 04:19:00,1.616,3278.546,2020-07-23 08:12:00,False,,0.1517,,True,3288.4,2020-07-23 04:12:00,0.0986
ES,2020-07-23,Thursday,RDR,3277.949,3263.843,14.106000000000222,3279.2,3262.84,16.359999999999673,True,SHORT,2020-07-23 12:35:00,3261.349,True,True,True,0.0816,2.956,2.956,3222.146,2020-07-23 14:17:00,0.1706,3266.249,2020-07-23 13:06:00,True,2020-07-23 13:20:00,0.1706,0.0,True,3265.4,2020-07-23 12:41:00,0.1104
ES,2020-07-24,Friday,ADR,3242.255,3239.7,2.555000000000291,3243.3,3238.743,4.557000000000244,True,LONG,2020-07-23 20:55:00,3246.249,False,True,False,1.7006,8.7906,1.562,3246.246,2020-07-23 21:04:00,9.7906,3217.24,2020-07-24 01:47:00,True,2020-07-23 21:00:00,0.0,9.7906,True,3239.734,2020-07-23 21:45:00,0.9867
ES,2020-07-24,Friday,ODR,3214.237,3207.752,6.485000000000127,3217.549,3207.052,10.496999999999844,True,LONG,2020-07-24 04:10:00,3218.543,True,False,,2.7779,0.0,2.7779,3232.252,2020-07-24 06:24:00,0.0,3214.8,2020-07-24 04:27:00,True,2020-07-24 04:15:00,0.0,0.0,False,,,
ES,2020-07-24,Friday,RDR,3222.352,3205.852,16.5,3223.846,3202.134,21.71199999999999,True,LONG,2020-07-24 10:55:00,3224.855,False,True,False,0.2756,0.3943,0.2756,3226.9,2020-07-24 11:01:00,1.3943,3199.346,2020-07-24 13:15:00,False,,0.0,,True,3221.355,2020-07-24 11:05:00,0.0604
ES,2020-07-27,Monday,ADR,3222.04,3202.646,19.393999999999778,3222.255,3202.549,19.70600000000013,True,LONG,2020-07-26 21:00:00,3222.555,True,True,True,0.4906,0.0,0.4906,3231.555,2020-07-26 23:15:00,0.1797,3218.555,2020-07-26 22:28:00,False,,0.1797,,True,3221.749,2020-07-26 21:11:00,0.015
ES,2020-07-27,Monday,ODR,3224.534,3218.749,5.785000000000309,3226.1,3216.537,9.563000000000102,True,LONG,2020-07-27 05:25:00,3228.046,True,True,True,1.1262,0.0,1.1262,3231.049,2020-07-27 07:53:00,0.2221,3223.249,2020-07-27 07:12:00,True,2020-07-27 05:30:00,0.2221,0.2221,True,3224.3,2020-07-27 07:07:00,0.0404
ES,2020-07-27,Monday,RDR,3233.852,3218.2,15.652000000000044,3236.355,3215.146,21.208999999999833,True,LONG,2020-07-27 10:35:00,3236.4,True,True,True,0.4794,0.0,0.4794,3241.355,2020-07-27 15:49:00,0.9399,3219.14,2020-07-27 11:38:00,False,,0.9399,,True,3233.343,2020-07-27 10:57:00,0.0325
ES,2020-07-28,Tuesday,ADR,3247.54,3240.034,7.505999999999858,3248.1,3239.743,8.356999999999971,True,LONG,2020-07-27 20:55:00,3248.552,False,True,False,0.868,0.1054,0.868,3254.055,2020-07-27 21:19:00,1.1054,3239.243,2020-07-28 00:19:00,True,2020-07-27 21:03:00,0.0,1.1054,True,3247.04,2020-07-27 23:07:00,0.0666
ES,2020-07-28,Tuesday,ODR,3244.746,3240.055,4.691000000000258,3245.8,3237.746,8.054000000000087,True,SHORT,2020-07-28 05:45:00,3236.749,True,False,,0.0,3.6905,3.6905,3222.743,2020-07-28 07:36:00,0.0,3237.252,2020-07-28 05:50:00,True,2020-07-28 05:50:00,0.0,0.0,False,,,
ES,2020-07-28,Tuesday,RDR,3235.637,3221.2,14.437000000000353,3237.646,3220.343,17.30300000000034,True,LONG,2020-07-28 11:30:00,3238.6,False,True,False,0.5692,0.3713,0.5692,3243.855,2020-07-28 13:52:00,1.3713,3215.84,2020-07-28 15:58:00,True,2020-07-28 13:51:00,0.2275,1.3713,True,3235.334,2020-07-28 12:00:00,0.021
ES,2020-07-29,Wednesday,ADR,3227.749,3223.752,3.9969999999998436,3228.055,3221.746,6.308999999999742,True,SHORT,2020-07-28 21:30:00,3220.737,True,False,,0.2502,2.9309,2.9309,3212.037,2020-07-29 01:01:00,0.0,3222.6,2020-07-28 22:15:00,True,2020-07-28 21:35:00,0.0,0.0,False,,,
ES,2020-07-29,Wednesday,ODR,3229.537,3224.1,5.436999999999898,3231.055,3223.534,7.520999999999731,True,SHORT,2020-07-29 05:05:00,3222.3,False,True,False,0.7473,0.3427,0.2853,3222.549,2020-07-29 05:10:00,1.7473,3233.6,2020-07-29 08:15:00,False,,0.0,,True,3224.549,2020-07-29 05:13:00,0.0826
ES,2020-07-29,Wednesday,RDR,3240.637,3228.052,12.585000000000036,3240.7,3227.734,12.965999999999894,True,LONG,2020-07-29 10:35:00,3241.637,True,True,True,1.9518,0.0,1.9518,3265.2,2020-07-29 15:37:00,0.0626,3239.849,2020-07-29 12:09:00,True,2020-07-29 12:35:00,0.0626,0.0,True,3239.849,2020-07-29 12:09:00,0.0626
ES,2020-07-30,Thursday,ADR,3260.234,3255.234,5.0,3260.3,3254.734,5.566000000000258,True,SHORT,2020-07-29 22:05:00,3254.555,True,True,True,0.0,0.9988,0.9988,3250.24,2020-07-30 01:36:00,0.7636,3259.052,2020-07-29 23:24:00,True,2020-07-30 01:15:00,0.7636,0.0,True,3255.234,2020-07-29 22:12:00,0.0
ES,2020-07-30,Thursday,ODR,3247.034,3231.737,15.297000000000025,3248.1,3231.034,17.065999999999804,True,SHORT,2020-07-30 04:30:00,3230.555,True,True,False,0.0,0.8625,0.8625,3218.543,2020-07-30 06:56:00,0.3799,3237.549,2020-07-30 05:44:00,True,2020-07-30 04:58:00,0.3799,0.3799,True,3231.74,2020-07-30 04:36:00,0.0002
ES,2020-07-30,Thursday,RDR,3229.9,3207.852,22.04800000000023,3231.2,3202.837,28.36299999999983,True,LONG,2020-07-30 11:30:00,3232.643,True,False,,0.957,0.0,0.957,3251.0,2020-07-30 15:33:00,0.0,3230.743,2020-07-30 12:11:00,True,2020-07-30 12:16:00,0.0,0.0,False,,,
ES,2020-07-31,Friday,ADR,3277.04,3267.543,9.496999999999844,3277.252,3266.737,10.514999999999873,True,SHORT,2020-07-30 20:30:00,3265.04,True,True,True,0.0,1.5274,1.5274,3253.037,2020-07-31 01:55:00,0.9486,3276.552,2020-07-30 21:50:00,True,2020-07-30 21:00:00,0.9486,0.9486,True,3267.734,2020-07-30 20:48:00,0.0201
ES,2020-07-31,Friday,ODR,3265.552,3260.24,5.312000000000353,3268.1,3259.04,9.059999999999945,True,LONG,2020-07-31 04:35:00,3268.8,False,True,False,0.9407,0.5642,0.6971,3269.255,2020-07-31 04:40:00,1.5642,3257.243,2020-07-31 06:17:00,True,2020-07-31 04:40:00,0.0,1.5642,True,3265.534,2020-07-31 04:50:00,0.0034
ES,2020-07-31,Friday,RDR,3265.54,3233.634,31.90599999999995,3267.555,3230.652,36.90299999999979,True,SHORT,2020-07-31 12:30:00,3227.855,False,True,False,0.2087,0.4325,0.4325,3219.834,2020-07-31 12:57:00,1.2087,3272.2,2020-07-31 15:59:00,False,,0.0,,True,3233.655,2020-07-31 13:25:00,0.0007
ES,2020-08-03,Monday,ADR,3271.737,3263.1,8.637000000000171,3274.534,3263.043,11.490999999999985,True,LONG,2020-08-02 21:10:00,3275.052,True,True,False,0.7771,0.0,0.7771,3278.449,2020-08-02 21:45:00,0.5207,3267.24,2020-08-03 00:16:00,True,2020-08-02 21:27:00,0.0,0.5207,True,3271.737,2020-08-02 22:10:00,0.0
ES,2020-08-03,Monday,ODR,3271.04,3262.246,8.793999999999869,3271.3,3261.8,9.5,True,LONG,2020-08-03 04:00:00,3274.24,True,True,True,2.4686,0.0,2.4686,3292.749,2020-08-03 08:00:00,0.887,3263.24,2020-08-03 04:41:00,True,2020-08-03 06:11:00,0.887,0.0,True,3270.537,2020-08-03 04:16:00,0.0572
ES,2020-08-03,Monday,RDR,3297.34,3284.4,12.940000000000055,3299.255,3283.834,15.421000000000276,True,LONG,2020-08-03 11:40:00,3299.949,True,True,False,0.3833,0.0,0.3833,3302.3,2020-08-03 14:38:00,0.5485,3290.243,2020-08-03 15:34:00,False,,0.3014,,True,3297.24,2020-08-03 11:50:00,0.0077
ES,2020-08-04,Tuesday,ADR,3296.855,3291.843,5.012000000000171,3296.9,3291.337,5.563000000000102,True,LONG,2020-08-03 21:05:00,3297.149,True,True,True,0.8669,0.0,0.8669,3301.2,2020-08-03 21:14:00,0.8422,3292.634,2020-08-04 00:01:00,True,2020-08-03 21:14:00,0.2001,0.8422,True,3295.852,2020-08-03 21:10:00,0.2001
ES,2020-08-04,Tuesday,ODR,3303.137,3286.849,16.28800000000001,3304.352,3286.134,18.217999999999847,True,SHORT,2020-08-04 04:00:00,3285.334,True,True,True,0.0,0.5533,0.5533,3277.837,2020-08-04 08:03:00,0.2021,3290.14,2020-08-04 05:07:00,True,2020-08-04 08:02:00,0.2021,0.0,True,3287.134,2020-08-04 04:15:00,0.0175
ES,2020-08-04,Tuesday,RDR,3298.737,3284.7,14.037000000000262,3299.3,3284.7,14.600000000000364,True,LONG,2020-08-04 10:45:00,3300.146,True,True,True,0.5993,0.0,0.5993,3307.149,2020-08-04 15:59:00,0.8972,3286.143,2020-08-04 14:40:00,True,2020-08-04 15:59:00,0.8972,0.0,True,3298.155,2020-08-04 11:07:00,0.0415
ES,2020-08-05,Wednesday,ADR,3307.034,3302.84,4.19399999999996,3307.1,3300.834,6.266000000000076,True,SHORT,2020-08-04 21:35:00,3300.543,False,True,False,1.5179,0.8352,0.7153,3299.84,2020-08-04 21:46:00,2.5179,3313.4,2020-08-05 01:49:00,True,2020-08-04 21:40:00,0.0,2.5179,True,3303.355,2020-08-04 22:06:00,0.1228
ES,2020-08-05,Wednesday,ODR,3325.549,3318.1,7.449000000000069,3326.334,3316.537,9.797000000000025,True,LONG,2020-08-05 07:40:00,3326.349,True,True,False,0.4031,0.2761,0.4031,3328.552,2020-08-05 07:59:00,1.0752,3317.54,2020-08-05 08:17:00,False,,0.1542,,True,3324.4,2020-08-05 07:49:00,0.1542
ES,2020-08-05,Wednesday,RDR,3326.449,3319.449,7.0,3327.655,3318.64,9.015000000000327,True,LONG,2020-08-05 11:00:00,3328.449,True,True,True,0.5714,0.1446,0.5714,3330.449,2020-08-05 11:11:00,1.1446,3318.437,2020-08-05 15:50:00,True,2020-08-05 11:06:00,0.0,1.1446,True,3326.14,2020-08-05 11:29:00,0.0441
ES,2020-08-06,Thursday,ADR,3333.743,3325.04,8.702999999999975,3333.8,3324.555,9.245000000000346,True,LONG,2020-08-05 21:20:00,3335.049,False,True,False,0.2312,0.6313,0.2312,3335.755,2020-08-05 21:27:00,1.6313,3319.546,2020-08-06 00:24:00,False,,0.0,,True,3333.734,2020-08-05 21:37:00,0.001
ES,2020-08-06,Thursday,ODR,3333.6,3323.534,10.065999999999804,3334.8,3323.04,11.760000000000218,True,SHORT,2020-08-06 04:45:00,3323.037,True,True,True,0.0,1.6187,1.6187,3307.24,2020-08-06 07:49:00,0.3245,3326.8,2020-08-06 05:47:00,True,2020-08-06 06:41:00,0.3245,0.0,True,3324.034,2020-08-06 04:50:00,0.0497
ES,2020-08-06,Thursday,RDR,3332.146,3320.149,11.997000000000298,3332.346,3319.84,12.505999999999858,True,LONG,2020-08-06 13:45:00,3333.855,True,False,,1.5882,0.1927,1.5882,3351.2,2020-08-06 15:19:00,0.0,3333.355,2020-08-06 13:50:00,True,2020-08-06 14:02:00,0.0,0.0,False,,,
ES,2020-08-07,Friday,ADR,3352.249,3346.04,6.208999999999833,3354.1,3344.8,9.299999999999727,True,SHORT,2020-08-06 22:15:00,3343.3,True,False,,0.0,2.4168,2.4168,3331.034,2020-08-07 00:02:00,0.0,3344.543,2020-08-06 22:22:00,True,2020-08-06 22:25:00,0.0,0.0,False,,,
ES,2020-08-07,Friday,ODR,3345.555,3337.737,7.817999999999756,3345.649,3335.034,10.614999999999782,True,SHORT,2020-08-07 05:05:00,3334.546,True,True,False,0.1592,0.9202,0.9202,3330.543,2020-08-07 05:15:00,0.4876,3341.549,2020-08-07 08:29:00,True,2020-08-07 05:10:00,0.0,0.4876,True,3337.749,2020-08-07 06:54:00,0.0015
ES,2020-08-07,Friday,RDR,3345.149,3337.337,7.811999999999898,3347.155,3334.343,12.812000000000353,True,LONG,2020-08-07 10:30:00,3348.343,False,True,True,0.986,1.0485,0.986,3352.852,2020-08-07 15:49:00,2.0485,3329.146,2020-08-07 14:25:00,True,2020-08-07 10:50:00,2.0485,2.0485,True,3344.634,2020-08-07 11:18:00,0.0659
ES,2020-08-10,Monday,ADR,3350.749,3344.546,6.2029999999999745,3351.8,3344.534,7.266000000000076,True,LONG,2020-08-09 22:05:00,3352.234,True,False,,1.7493,0.0,1.7493,3361.6,2020-08-10 01:57:00,0.0,3352.234,2020-08-09 22:10:00,True,2020-08-09 22:15:00,0.0,0.0,False,,,
ES,2020-08-10,Monday,ODR,3359.252,3353.255,5.996999999999844,3360.549,3351.252,9.297000000000025,True,SHORT,2020-08-10 04:40:00,3350.237,True,True,False,0.0,0.6705,0.5361,3350.04,2020-08-10 04:45:00,0.9171,3358.755,2020-08-10 05:15:00,True,2020-08-10 04:45:00,0.0,0.9171,True,3353.3,2020-08-10 04:48:00,0.0075
ES,2020-08-10,Monday,RDR,3360.9,3353.846,7.054000000000087,3361.7,3352.637,9.062999999999647,True,SHORT,2020-08-10 10:45:00,3347.343,False,True,False,0.2835,2.6235,2.6235,3335.34,2020-08-10 11:00:00,1.2835,3362.9,2020-08-10 15:06:00,True,2020-08-10 10:50:00,0.0,1.2835,True,3355.152,2020-08-10 11:52:00,0.1851
ES,2020-08-11,Tuesday,ADR,3358.6,3354.552,4.0479999999997744,3359.3,3353.755,5.545000000000073,True,LONG,2020-08-10 20:50:00,3360.052,True,False,,2.6433,0.0,2.6433,3369.3,2020-08-11 01:56:00,0.0,3359.034,2020-08-10 21:05:00,True,2020-08-10 20:57:00,0.0,0.0,False,,,
ES,2020-08-11,Tuesday,ODR,3374.734,3364.743,9.990999999999985,3375.246,3364.537,10.709000000000287,True,LONG,2020-08-11 04:20:00,3375.552,True,True,True,0.9875,0.0,0.9875,3384.6,2020-08-11 05:33:00,0.0986,3373.749,2020-08-11 07:56:00,True,2020-08-11 04:36:00,0.0,0.0986,True,3373.749,2020-08-11 07:56:00,0.0986
ES,2020-08-11,Tuesday,RDR,3376.152,3361.837,14.315000000000055,3377.7,3360.337,17.36299999999983,True,LONG,2020-08-11 13:20:00,3380.634,False,True,False,0.3283,2.5151,0.3283,3380.852,2020-08-11 13:28:00,3.5151,3325.834,2020-08-11 15:53:00,False,,0.0,,True,3374.64,2020-08-11 13:48:00,0.1056
ES,2020-08-12,Wednesday,ADR,3347.637,3339.343,8.294000000000324,3347.855,3339.343,8.512000000000171,True,SHORT,2020-08-11 20:35:00,3338.337,True,True,False,0.0,0.8688,0.8688,3332.137,2020-08-11 22:20:00,0.4891,3343.4,2020-08-11 21:31:00,True,2020-08-11 20:57:00,0.4891,0.4891,True,3340.2,2020-08-11 20:42:00,0.1033
ES,2020-08-12,Wednesday,ODR,3360.649,3350.334,10.315000000000055,3361.7,3348.855,12.8449999999998,True,LONG,2020-08-12 05:10:00,3362.343,True,True,False,0.5335,0.0,0.5335,3366.152,2020-08-12 06:14:00,0.3698,3356.834,2020-08-12 07:26:00,True,2020-08-12 06:14:00,0.1266,0.3698,True,3360.337,2020-08-12 05:42:00,0.0302
ES,2020-08-12,Wednesday,RDR,3376.437,3359.4,17.036999999999807,3376.8,3359.4,17.40000000000009,True,LONG,2020-08-12 10:30:00,3378.237,True,True,True,0.667,0.0,0.667,3387.8,2020-08-12 15:18:00,0.3221,3370.949,2020-08-12 13:29:00,True,2020-08-12 15:13:00,0.3221,0.0,True,3375.749,2020-08-12 10:39:00,0.0404
ES,2020-08-13,Thursday,ADR,3379.949,3373.943,6.005999999999858,3379.949,3373.143,6.80600000000004,True,SHORT,2020-08-12 20:50:00,3372.343,True,True,True,0.0808,0.9667,0.9667,3368.137,2020-08-12 21:01:00,0.335,3375.955,2020-08-12 22:56:00,True,2020-08-12 20:55:00,0.0,0.335,True,3373.943,2020-08-12 21:15:00,0.0
ES,2020-08-13,Thursday,ODR,3376.146,3371.934,4.211999999999989,3377.2,3370.937,6.26299999999992,True,SHORT,2020-08-13 04:05:00,3370.2,True,True,True,0.0,0.7821,0.7821,3368.64,2020-08-13 08:01:00,0.8359,3375.455,2020-08-13 04:53:00,True,2020-08-13 04:10:00,0.8359,0.8359,True,3372.643,2020-08-13 04:18:00,0.1683
ES,2020-08-13,Thursday,RDR,3382.8,3370.143,12.657000000000153,3383.6,3368.534,15.065999999999804,True,LONG,2020-08-13 11:05:00,3383.849,False,True,False,0.3476,0.5772,0.3476,3387.2,2020-08-13 13:00:00,1.5772,3362.837,2020-08-13 14:52:00,False,,0.2501,,True,3382.64,2020-08-13 11:10:00,0.0126
ES,2020-08-14,Friday,ADR,3382.337,3379.349,2.987999999999829,3382.849,3378.537,4.312000000000353,True,SHORT,2020-08-13 20:40:00,3378.04,True,True,False,0.0,1.4431,1.4431,3375.037,2020-08-13 21:21:00,0.8537,3381.9,2020-08-14 01:57:00,True,2020-08-13 20:45:00,0.084,0.8537,True,3379.4,2020-08-13 20:51:00,0.0171
ES,2020-08-14,Friday,ODR,3378.849,3362.846,16.003000000000156,3379.6,3360.54,19.059999999999945,True,SHORT,2020-08-14 04:05:00,3360.034,True,True,False,0.0,0.4882,0.4882,3355.034,2020-08-14 04:23:00,0.6251,3372.849,2020-08-14 07:47:00,False,,0.0,,True,3364.4,2020-08-14 06:50:00,0.0971
ES,2020-08-14,Friday,RDR,3372.5,3364.437,8.063000000000102,3373.449,3363.434,10.014999999999873,True,LONG,2020-08-14 10:45:00,3374.052,False,True,True,0.7498,0.445,0.7498,3378.546,2020-08-14 13:59:00,1.445,3360.849,2020-08-14 15:50:00,True,2020-08-14 11:25:00,0.5776,1.445,True,3372.334,2020-08-14 10:52:00,0.0206
ES,2020-08-17,Monday,ADR,3375.752,3372.734,3.018000000000029,3376.249,3372.437,3.811999999999898,True,LONG,2020-08-16 21:50:00,3376.255,True,True,False,1.492,0.0954,1.492,3380.255,2020-08-16 22:22:00,0.6617,3373.755,2020-08-17 01:32:00,True,2020-08-16 22:01:00,0.001,0.6617,True,3375.749,2020-08-16 21:57:00,0.001
ES,2020-08-17,Monday,ODR,3378.755,3372.746,6.0090000000000146,3379.955,3369.755,10.199999999999818,True,LONG,2020-08-17 05:15:00,3380.74,True,True,False,0.415,0.0,0.415,3381.249,2020-08-17 05:21:00,0.586,3375.234,2020-08-17 06:52:00,False,,0.0,,True,3378.246,2020-08-17 05:31:00,0.0847
ES,2020-08-17,Monday,RDR,3384.555,3379.334,5.221000000000004,3385.852,3379.052,6.799999999999727,True,LONG,2020-08-17 10:50:00,3387.046,True,True,False,0.5746,0.0,0.4788,3387.055,2020-08-17 10:55:00,0.8265,3380.24,2020-08-17 15:13:00,False,,0.0,,True,3384.537,2020-08-17 10:59:00,0.0034
ES,2020-08-18,Tuesday,ADR,3391.343,3388.9,2.4429999999997563,3392.146,3388.634,3.512000000000171,True,SHORT,2020-08-17 21:10:00,3388.149,True,False,,0.0,3.1764,3.1764,3381.14,2020-08-17 22:48:00,0.0,3388.7,2020-08-17 21:22:00,True,2020-08-17 21:16:00,0.0,0.0,False,,,
ES,2020-08-18,Tuesday,ODR,3381.646,3377.046,4.600000000000364,3382.2,3375.64,6.559999999999945,True,LONG,2020-08-18 04:00:00,3382.337,True,False,,2.4361,0.0,2.4361,3392.852,2020-08-18 07:04:00,0.0,3382.134,2020-08-18 04:07:00,True,2020-08-18 04:15:00,0.0,0.0,False,,,
ES,2020-08-18,Tuesday,RDR,3393.749,3371.946,21.802999999999884,3394.3,3371.434,22.865999999999985,False,,,,,,,0.046,0.1015,,,,,,,False,,,,False,,,
ES,2020-08-19,Wednesday,ADR,3393.149,3390.134,3.0149999999998727,3393.4,3389.34,4.059999999999945,True,LONG,2020-08-18 21:00:00,3393.7,True,True,True,1.4925,0.4262,1.4925,3397.649,2020-08-18 23:34:00,0.1035,3392.837,2020-08-18 21:05:00,True,2020-08-18 21:08:00,0.1035,0.0975,True,3392.837,2020-08-18 21:05:00,0.1035
ES,2020-08-19,Wednesday,ODR,3396.652,3389.037,7.6150000000002365,3396.9,3387.2,9.700000000000273,True,LONG,2020-08-19 06:50:00,3397.149,True,True,False,0.0982,0.0,0.0896,3397.334,2020-08-19 06:56:00,0.8953,3389.834,2020-08-19 08:25:00,False,,0.0,,True,3396.649,2020-08-19 06:59:00,0.0004
ES,2020-08-19,Wednesday,RDR,3394.446,3390.5,3.9459999999999127,3395.3,3389.437,5.863000000000284,True,LONG,2020-08-19 10:30:00,3395.443,False,True,False,1.2808,5.3386,1.2808,3399.5,2020-08-19 11:44:00,6.3386,3369.434,2020-08-19 15:50:00,True,2020-08-19 10:53:00,0.3071,6.3386,True,3394.437,2020-08-19 10:42:00,0.0023
ES,2020-08-20,Thursday,ADR,3369.54,3363.546,5.994000000000142,3369.734,3363.055,6.679000000000087,True,SHORT,2020-08-19 21:10:00,3360.055,True,False,,0.0,2.502,2.502,3348.549,2020-08-19 22:34:00,0.0,3361.6,2020-08-19 21:16:00,True,2020-08-19 21:15:00,0.0,0.0,False,,,
ES,2020-08-20,Thursday,ODR,3367.449,3359.052,8.396999999999935,3368.3,3356.743,11.557000000000244,True,SHORT,2020-08-20 04:20:00,3355.252,False,True,False,0.4943,0.7446,0.7446,3352.8,2020-08-20 04:25:00,1.4943,3371.6,2020-08-20 06:57:00,True,2020-08-20 04:25:00,0.0,1.4943,True,3359.555,2020-08-20 04:46:00,0.0599
ES,2020-08-20,Thursday,RDR,3375.146,3356.546,18.600000000000364,3376.155,3355.134,21.021000000000186,True,LONG,2020-08-20 10:50:00,3377.2,True,True,True,0.8333,0.0,0.8333,3390.646,2020-08-20 15:47:00,0.2577,3370.352,2020-08-20 11:15:00,True,2020-08-20 14:54:00,0.2577,0.0,True,3374.637,2020-08-20 10:58:00,0.0274
ES,2020-08-21,Friday,ADR,3396.549,3390.1,6.449000000000069,3396.849,3390.049,6.800000000000182,True,SHORT,2020-08-20 21:30:00,3389.852,True,True,False,0.0,0.3101,0.3101,3388.1,2020-08-20 21:49:00,0.6589,3394.349,2020-08-21 01:05:00,False,,0.3027,,True,3390.1,2020-08-20 21:38:00,0.0
ES,2020-08-21,Friday,ODR,3390.4,3383.037,7.363000000000284,3391.1,3380.84,10.259999999999764,True,SHORT,2020-08-21 04:40:00,3380.334,True,True,True,0.0,3.1217,3.1217,3360.052,2020-08-21 08:11:00,0.4478,3386.334,2020-08-21 05:51:00,True,2020-08-21 04:49:00,0.4478,0.4478,True,3383.04,2020-08-21 05:05:00,0.0004
ES,2020-08-21,Friday,RDR,3388.949,3380.643,8.30600000000004,3390.54,3378.437,12.103000000000065,True,LONG,2020-08-21 13:35:00,3391.643,True,False,,1.3546,0.0,1.3546,3400.2,2020-08-21 15:01:00,0.0,3389.7,2020-08-21 13:56:00,True,2020-08-21 14:10:00,0.0,0.0,False,,,
ES,2020-08-24,Monday,ADR,3403.552,3399.549,4.003000000000156,3404.055,3397.552,6.502999999999702,True,LONG,2020-08-23 21:20:00,3404.234,True,True,True,1.1227,0.0,1.1227,3408.046,2020-08-24 01:59:00,0.0794,3403.234,2020-08-23 21:33:00,True,2020-08-23 21:40:00,0.0794,0.0,True,3403.54,2020-08-23 21:31:00,0.003
ES,2020-08-24,Monday,ODR,3416.6,3411.243,5.356999999999971,3417.555,3410.734,6.820999999999913,True,LONG,2020-08-24 04:40:00,3419.043,True,False,,2.0534,0.0,2.0534,3427.6,2020-08-24 08:05:00,0.0,3418.534,2020-08-24 05:15:00,True,2020-08-24 04:45:00,0.0,0.0,False,,,
ES,2020-08-24,Monday,RDR,3426.4,3418.84,7.559999999999945,3427.2,3416.337,10.862999999999829,True,SHORT,2020-08-24 10:50:00,3414.343,False,True,False,0.825,0.7275,0.7275,3413.34,2020-08-24 10:58:00,1.825,3432.637,2020-08-24 15:59:00,True,2020-08-24 10:55:00,0.0,1.825,True,3419.2,2020-08-24 11:01:00,0.0476
ES,2020-08-25,Tuesday,ADR,3438.043,3430.037,8.006000000000313,3439.1,3430.034,9.065999999999804,True,LONG,2020-08-24 20:40:00,3439.737,True,True,True,1.3811,0.0,1.3811,3449.1,2020-08-24 22:16:00,0.0,3438.043,2020-08-24 20:52:00,True,2020-08-24 21:07:00,0.0,0.0,True,3438.043,2020-08-24 20:52:00,0.0
ES,2020-08-25,Tuesday,ODR,3451.252,3445.749,5.503000000000156,3451.743,3445.737,6.005999999999858,True,SHORT,2020-08-25 04:20:00,3444.734,True,True,True,0.0,1.093,1.093,3439.734,2020-08-25 05:02:00,0.4554,3448.255,2020-08-25 08:09:00,True,2020-08-25 04:32:00,0.0,0.4554,True,3446.249,2020-08-25 07:12:00,0.0909
ES,2020-08-25,Tuesday,RDR,3438.04,3428.346,9.69399999999996,3439.637,3427.634,12.003000000000156,True,SHORT,2020-08-25 10:45:00,3427.143,False,True,False,0.6824,0.3313,0.3313,3425.134,2020-08-25 10:53:00,1.6824,3444.655,2020-08-25 15:59:00,False,,0.0,,True,3429.649,2020-08-25 10:58:00,0.1344
ES,2020-08-26,Wednesday,ADR,3450.549,3448.034,2.5149999999998727,3451.1,3447.534,3.5659999999998035,True,SHORT,2020-08-25 20:35:00,3447.043,True,False,,0.0,2.1845,2.1845,3442.54,2020-08-25 21:33:00,0.0,3447.8,2020-08-25 20:47:00,True,2020-08-25 20:40:00,0.0,0.0,False,,,
ES,2020-08-26,Wednesday,ODR,3447.04,3440.8,6.239999999999782,3448.055,3440.034,8.02099999999973,True,LONG,2020-08-26 04:35:00,3449.755,True,True,True,0.5705,0.0,0.5224,3450.3,2020-08-26 04:41:00,0.4002,3444.543,2020-08-26 05:58:00,True,2020-08-26 04:40:00,0.0,0.4002,True,3447.037,2020-08-26 05:30:00,0.0005
ES,2020-08-26,Wednesday,RDR,3451.4,3445.337,6.063000000000102,3451.7,3444.34,7.359999999999673,True,LONG,2020-08-26 10:30:00,3453.146,True,False,,4.948,0.0,4.948,3481.4,2020-08-26 14:27:00,0.0,3453.149,2020-08-26 10:35:00,True,2020-08-26 10:40:00,0.0,0.0,False,,,
ES,2020-08-27,Thursday,ADR,3480.843,3477.743,3.099999999999909,3481.6,3477.037,4.563000000000102,True,LONG,2020-08-26 21:00:00,3482.043,False,True,False,0.8094,1.4223,0.391,3482.055,2020-08-26 21:05:00,2.4223,3473.334,2020-08-26 22:21:00,False,,0.0939,,True,3480.552,2020-08-26 21:05:00,0.0939
ES,2020-08-27,Thursday,ODR,3479.84,3474.037,5.803000000000338,3479.9,3473.334,6.566000000000258,True,SHORT,2020-08-27 05:15:00,3473.034,True,True,False,0.0,0.4313,0.4313,3471.534,2020-08-27 05:27:00,0.7775,3478.549,2020-08-27 08:29:00,False,,0.0,,True,3474.4,2020-08-27 05:35:00,0.0626
ES,2020-08-27,Thursday,RDR,3495.44,3477.152,18.28800000000001,3497.155,3476.934,20.221000000000004,True,LONG,2020-08-27 10:30:00,3497.643,False,True,False,0.3122,0.5205,0.3122,3501.149,2020-08-27 11:03:00,1.5205,3467.634,2020-08-27 12:53:00,False,,0.3448,,True,3495.437,2020-08-27 10:35:00,0.0002
ES,2020-08-28,Friday,ADR,3496.049,3491.737,4.311999999999898,3496.1,3491.549,4.550999999999931,True,SHORT,2020-08-27 20:45:00,3490.034,False,True,False,3.7224,0.5791,0.5791,3489.24,2020-08-27 21:21:00,4.7224,3512.1,2020-08-27 23:03:00,True,2020-08-27 20:50:00,0.4321,4.7224,True,3492.052,2020-08-27 21:03:00,0.0731
ES,2020-08-28,Friday,ODR,3506.24,3489.252,16.98799999999983,3506.537,3488.234,18.302999999999884,False,,,,,,,0.0,0.0,,,,,,,False,,,,False,,,
ES,2020-08-28,Friday,RDR,3496.249,3488.846,7.402999999999793,3497.9,3487.634,10.266000000000076,True,SHORT,2020-08-28 10:30:00,3487.143,False,True,False,1.7629,0.7171,0.7171,3483.537,2020-08-28 10:58:00,2.7629,3509.3,2020-08-28 15:47:00,True,2020-08-28 10:36:00,0.4125,2.7629,True,3489.2,2020-08-28 10:39:00,0.0478
ES,2020-08-31,Monday,ADR,3523.737,3516.74,6.997000000000298,3524.055,3516.234,7.820999999999913,True,LONG,2020-08-30 20:30:00,3524.549,True,True,False,0.4092,0.0,0.4092,3526.6,2020-08-30 22:12:00,0.7436,3518.534,2020-08-31 01:37:00,False,,0.1719,,True,3523.737,2020-08-30 21:06:00,0.0
ES,2020-08-31,Monday,ODR,3520.537,3517.255,3.281999999999698,3520.8,3516.54,4.260000000000218,True,SHORT,2020-08-31 04:05:00,3515.549,True,True,True,0.0801,2.6545,2.6545,3508.543,2020-08-31 08:27:00,1.0801,3520.8,2020-08-31 04:49:00,True,2020-08-31 06:07:00,1.0801,0.0,True,3517.552,2020-08-31 04:12:00,0.0905
ES,2020-08-31,Monday,RDR,3506.155,3500.9,5.255000000000109,3508.649,3499.837,8.811999999999898,True,SHORT,2020-08-31 11:20:00,3498.355,False,True,True,1.6746,1.5724,1.5724,3492.637,2020-08-31 11:27:00,2.6746,3514.955,2020-08-31 15:53:00,True,2020-08-31 11:25:00,0.0,2.6746,True,3501.852,2020-08-31 11:40:00,0.1812
ES,2020-09-01,Tuesday,ADR,3504.8,3493.037,11.763000000000375,3505.246,3493.037,12.209000000000287,True,LONG,2020-08-31 21:55:00,3505.8,True,True,True,0.238,0.0,0.238,3507.6,2020-08-31 22:05:00,0.1926,3502.534,2020-08-31 23:38:00,False,,0.0,,True,3504.737,2020-08-31 22:21:00,0.0054
ES,2020-09-01,Tuesday,ODR,3517.54,3509.049,8.490999999999985,3518.555,3508.234,10.320999999999913,True,SHORT,2020-09-01 04:50:00,3507.252,True,True,True,0.0,0.3904,0.3904,3505.734,2020-09-01 04:56:00,0.6588,3514.643,2020-09-01 05:39:00,False,,0.0,,True,3509.055,2020-09-01 05:06:00,0.0007
ES,2020-09-01,Tuesday,RDR,3515.349,3497.137,18.21199999999999,3515.549,3494.14,21.409000000000106,True,LONG,2020-09-01 13:40:00,3516.6,True,True,True,0.7551,0.0,0.7551,3529.1,2020-09-01 15:59:00,0.088,3513.746,2020-09-01 13:53:00,True,2020-09-01 15:58:00,0.088,0.0,True,3515.246,2020-09-01 13:50:00,0.0057
ES,2020-09-02,Wednesday,ADR,3539.652,3533.637,6.014999999999873,3539.9,3533.537,6.363000000000284,True,LONG,2020-09-01 20:35:00,3540.352,True,True,True,0.7062,0.0,0.7062,3543.9,2020-09-01 20:46:00,0.9164,3534.14,2020-09-01 22:02:00,True,2020-09-01 20:43:00,0.0,0.9164,True,3539.652,2020-09-01 21:06:00,0.0
ES,2020-09-02,Wednesday,ODR,3548.755,3542.152,6.6030000000000655,3549.4,3540.134,9.266000000000076,True,LONG,2020-09-02 04:20:00,3549.646,True,True,True,1.4539,0.0,1.4539,3558.355,2020-09-02 06:02:00,0.2134,3547.346,2020-09-02 08:15:00,True,2020-09-02 04:44:00,0.0183,0.2134,True,3548.634,2020-09-02 04:30:00,0.0183
ES,2020-09-02,Wednesday,RDR,3551.449,3538.737,12.711999999999989,3551.8,3535.949,15.851000000000113,True,LONG,2020-09-02 10:30:00,3553.455,False,True,True,2.8479,0.1016,2.8479,3587.652,2020-09-02 15:50:00,1.1016,3537.446,2020-09-02 11:40:00,True,2020-09-02 12:36:00,1.1016,0.0,True,3550.949,2020-09-02 10:35:00,0.0393
ES,2020-09-03,Thursday,ADR,3586.343,3580.64,5.7029999999999745,3587.2,3579.143,8.056999999999789,True,SHORT,2020-09-02 20:30:00,3578.846,True,True,True,0.0,2.0686,2.0686,3568.843,2020-09-03 01:45:00,0.5271,3583.646,2020-09-02 22:30:00,True,2020-09-02 20:48:00,0.5271,0.5271,True,3580.852,2020-09-02 21:55:00,0.0372
ES,2020-09-03,Thursday,ODR,3584.152,3574.355,9.797000000000025,3585.2,3573.837,11.362999999999829,True,SHORT,2020-09-03 05:05:00,3573.634,True,True,True,0.0,1.4516,1.4516,3560.134,2020-09-03 08:18:00,0.0801,3575.14,2020-09-03 05:17:00,True,2020-09-03 05:45:00,0.0801,0.0,True,3575.14,2020-09-03 05:17:00,0.0801
ES,2020-09-03,Thursday,RDR,3561.44,3522.94,38.5,3564.3,3520.437,43.863000000000284,True,SHORT,2020-09-03 10:35:00,3518.455,True,False,,0.0,2.5066,2.5066,3426.437,2020-09-03 15:34:00,0.0,3522.443,2020-09-03 10:41:00,True,2020-09-03 11:03:00,0.0,0.0,False,,,
ES,2020-09-04,Friday,ADR,3444.9,3432.237,12.663000000000011,3446.6,3430.534,16.065999999999804,True,LONG,2020-09-03 20:30:00,3448.9,True,True,True,1.1336,0.0,1.1336,3459.255,2020-09-03 21:15:00,0.5259,3438.24,2020-09-03 23:04:00,True,2020-09-03 21:02:00,0.1072,0.5259,True,3443.552,2020-09-03 20:44:00,0.1065
ES,2020-09-04,Friday,ODR,3470.04,3439.04,31.0,3472.052,3437.334,34.7180000000003,True,LONG,2020-09-04 04:10:00,3472.6,True,True,False,0.5019,0.0,0.5019,3485.6,2020-09-04 06:12:00,0.7098,3448.037,2020-09-04 07:55:00,True,2020-09-04 06:12:00,0.0,0.7098,True,3467.546,2020-09-04 07:01:00,0.0805
ES,2020-09-04,Friday,RDR,3475.355,3392.4,82.95499999999993,3478.655,3391.649,87.00600000000031,True,SHORT,2020-09-04 10:30:00,3388.355,True,True,False,0.0,0.5154,0.5154,3349.646,2020-09-04 10:44:00,0.7414,3453.9,2020-09-04 15:28:00,True,2020-09-04 10:43:00,0.0,0.7414,True,3394.855,2020-09-04 11:55:00,0.0296
ES,2020-09-07,Monday,ADR,3415.237,3398.246,16.990999999999985,3417.2,3397.737,19.462999999999738,True,LONG,2020-09-06 20:45:00,3420.443,True,True,False,0.398,0.0,0.3535,3421.243,2020-09-06 20:50:00,0.8261,3401.2,2020-09-07 01:56:00,False,,0.0,,True,3414.234,2020-09-06 20:57:00,0.059
ES,2020-09-07,Monday,ODR,3409.152,3399.246,9.905999999999949,3411.955,3396.237,15.717999999999847,True,LONG,2020-09-07 04:05:00,3414.134,True,True,True,1.796,0.0,1.796,3426.943,2020-09-07 07:45:00,0.2943,3406.237,2020-09-07 05:06:00,True,2020-09-07 04:10:00,0.2943,0.2943,True,3408.437,2020-09-07 04:52:00,0.0722
ES,2020-09-07,Monday,RDR,3431.537,3420.452,11.084999999999582,3431.846,3419.534,12.311999999999898,True,LONG,2020-09-07 10:30:00,3434.034,True,True,True,0.723,0.0,0.723,3439.552,2020-09-07 12:54:00,0.0634,3430.834,2020-09-07 10:43:00,True,2020-09-07 11:04:00,0.0634,0.0,True,3431.034,2020-09-07 10:40:00,0.0454
ES,2020-09-08,Tuesday,ADR,3442.649,3435.637,7.011999999999716,3444.7,3434.334,10.365999999999985,True,SHORT,2020-09-07 21:00:00,3434.143,False,True,False,0.0709,1.5687,1.5687,3424.637,2020-09-07 23:30:00,1.0709,3443.146,2020-09-08 01:59:00,True,2020-09-07 21:07:00,0.6716,1.0709,True,3435.852,2020-09-07 21:17:00,0.0307
ES,2020-09-08,Tuesday,ODR,3441.346,3433.14,8.206000000000131,3442.9,3432.337,10.563000000000102,True,SHORT,2020-09-08 04:10:00,3426.843,True,False,,0.0,8.1042,8.1042,3366.637,2020-09-08 08:15:00,0.0,3426.855,2020-09-08 04:15:00,True,2020-09-08 04:15:00,0.0,0.0,False,,,
ES,2020-09-08,Tuesday,RDR,3374.752,3342.94,31.811999999999898,3376.255,3338.949,37.30600000000004,True,LONG,2020-09-08 10:35:00,3378.249,False,True,False,0.1886,0.4495,0.1319,3378.949,2020-09-08 10:40:00,1.4495,3328.64,2020-09-08 15:07:00,False,,0.1515,,True,3369.934,2020-09-08 10:40:00,0.1515
ES,2020-09-09,Wednesday,ADR,3330.037,3318.346,11.690999999999804,3330.9,3315.346,15.554000000000087,True,LONG,2020-09-08 20:35:00,3334.54,True,True,True,2.1381,0.0,2.1381,3355.034,2020-09-09 01:15:00,0.2551,3327.055,2020-09-08 21:12:00,True,2020-09-08 20:41:00,0.2551,0.2551,True,3328.4,2020-09-08 21:09:00,0.14
ES,2020-09-09,Wednesday,ODR,3359.632,3334.54,25.0920000000001,3360.4,3334.54,25.860000000000127,True,LONG,2020-09-09 04:00:00,3364.54,True,True,True,0.4467,0.0,0.4467,3370.84,2020-09-09 08:15:00,0.3306,3351.337,2020-09-09 05:03:00,False,,0.3306,,True,3359.355,2020-09-09 04:34:00,0.011
ES,2020-09-09,Wednesday,RDR,3394.434,3367.937,26.4970000000003,3398.652,3366.152,32.5,True,LONG,2020-09-09 11:00:00,3403.146,True,True,True,1.1536,0.0,1.1536,3425.0,2020-09-09 15:31:00,0.1999,3389.137,2020-09-09 11:17:00,True,2020-09-09 12:11:00,0.1999,0.0,True,3392.434,2020-09-09 11:09:00,0.0755
ES,2020-09-10,Thursday,ADR,3410.3,3403.746,6.554000000000087,3410.646,3402.934,7.711999999999989,True,SHORT,2020-09-09 20:30:00,3397.44,True,True,False,0.0,2.8241,2.8241,3385.237,2020-09-09 22:13:00,0.4587,3406.752,2020-09-10 01:56:00,True,2020-09-09 20:35:00,0.0,0.4587,True,3403.746,2020-09-10 01:28:00,0.0
ES,2020-09-10,Thursday,ODR,3404.255,3381.44,22.815000000000055,3404.755,3381.234,23.521000000000186,True,SHORT,2020-09-10 04:10:00,3378.743,True,True,False,0.0,0.2492,0.2492,3375.755,2020-09-10 04:25:00,0.8463,3400.749,2020-09-10 06:09:00,False,,0.0005,,True,3381.452,2020-09-10 04:16:00,0.0005
ES,2020-09-10,Thursday,RDR,3424.334,3412.946,11.38799999999992,3425.052,3412.034,13.018000000000029,True,SHORT,2020-09-10 10:45:00,3402.055,True,False,,0.0,7.4475,7.4475,3328.134,2020-09-10 15:27:00,0.0,3409.04,2020-09-10 10:52:00,True,2020-09-10 10:50:00,0.0,0.0,False,,,
ES,2020-09-11,Friday,ADR,3355.155,3344.946,10.209000000000287,3356.543,3343.137,13.405999999999949,True,LONG,2020-09-10 20:30:00,3357.037,True,True,True,1.2244,0.0,1.2244,3367.655,2020-09-11 01:37:00,0.1974,3353.14,2020-09-10 20:36:00,True,2020-09-10 21:34:00,0.1974,0.0703,True,3354.5,2020-09-10 20:35:00,0.0642
ES,2020-09-11,Friday,ODR,3374.152,3361.5,12.652000000000044,3375.155,3359.634,15.521000000000186,True,LONG,2020-09-11 05:35:00,3375.2,False,True,False,0.103,0.108,0.103,3375.455,2020-09-11 06:00:00,1.108,3360.134,2020-09-11 08:26:00,False,,0.2776,,True,3373.449,2020-09-11 05:40:00,0.0556
ES,2020-09-11,Friday,RDR,3360.543,3341.037,19.506000000000313,3364.734,3336.749,27.985000000000127,True,LONG,2020-09-11 11:00:00,3365.034,False,True,False,0.4364,1.6301,0.4364,3369.055,2020-09-11 11:09:00,2.6301,3309.24,2020-09-11 13:32:00,False,,0.0,,True,3360.237,2020-09-11 11:17:00,0.0157
ES,2020-09-14,Monday,ADR,3361.234,3355.749,5.485000000000127,3361.6,3355.246,6.3539999999998145,True,LONG,2020-09-13 21:05:00,3364.443,True,True,True,3.2308,0.0,3.2308,3378.955,2020-09-14 01:55:00,0.0177,3361.137,2020-09-13 21:23:00,True,2020-09-13 21:10:00,0.0177,0.0177,True,3361.137,2020-09-13 21:23:00,0.0177
ES,2020-09-14,Monday,ODR,3383.3,3379.934,3.3659999999999854,3384.252,3379.037,5.2150000000001455,True,SHORT,2020-09-14 04:20:00,3379.0,True,False,,0.3565,4.7932,4.7932,3363.8,2020-09-14 05:46:00,0.0,3379.5,2020-09-14 04:25:00,True,2020-09-14 04:26:00,0.0,0.0,False,,,
ES,2020-09-14,Monday,RDR,3400.555,3371.534,29.02099999999973,3402.355,3368.037,34.31800000000021,False,,,,,,,0.0188,0.0,,,,,,,False,,,,False,,,
ES,2020-09-15,Tuesday,ADR,3386.3,3376.734,9.566000000000258,3386.3,3375.755,10.545000000000073,True,LONG,2020-09-14 22:00:00,3386.734,True,True,True,0.748,0.1045,0.748,3393.455,2020-09-15 01:58:00,0.2458,3383.949,2020-09-14 22:46:00,True,2020-09-15 00:43:00,0.2458,0.0,True,3385.937,2020-09-14 22:13:00,0.0379
ES,2020-09-15,Tuesday,ODR,3393.952,3388.243,5.709000000000287,3394.349,3387.44,6.9090000000001055,True,LONG,2020-09-15 04:35:00,3394.943,True,False,,2.5383,0.0,2.5383,3408.443,2020-09-15 07:38:00,0.0,3394.934,2020-09-15 04:40:00,True,2020-09-15 04:41:00,0.0,0.0,False,,,
ES,2020-09-15,Tuesday,RDR,3416.84,3407.337,9.503000000000156,3418.355,3407.034,11.320999999999913,True,SHORT,2020-09-15 10:40:00,3405.534,False,True,True,0.1578,1.9717,1.9717,3388.6,2020-09-15 15:37:00,1.1578,3418.34,2020-09-15 13:17:00,True,2020-09-15 15:05:00,1.1578,0.0,True,3407.852,2020-09-15 10:46:00,0.0542
ES,2020-09-16,Wednesday,ADR,3401.646,3397.346,4.300000000000182,3401.9,3395.14,6.760000000000218,True,LONG,2020-09-15 20:50:00,3402.337,True,True,True,2.6737,0.0,2.6737,3413.143,2020-09-15 23:14:00,0.6512,3398.846,2020-09-15 21:15:00,True,2020-09-15 21:41:00,0.6512,0.0,True,3401.64,2020-09-15 21:01:00,0.0014
ES,2020-09-16,Wednesday,ODR,3414.634,3410.146,4.487999999999829,3415.2,3407.634,7.5659999999998035,True,LONG,2020-09-16 04:05:00,3415.346,True,False,,2.9432,0.0,2.9432,3427.843,2020-09-16 06:56:00,0.0,3415.143,2020-09-16 04:10:00,True,2020-09-16 04:14:00,0.0,0.0,False,,,
ES,2020-09-16,Wednesday,RDR,3414.249,3405.943,8.305999999999585,3416.44,3405.943,10.496999999999844,True,SHORT,2020-09-16 10:40:00,3405.743,False,True,True,1.7639,2.6954,2.6954,3383.555,2020-09-16 15:56:00,2.7639,3428.9,2020-09-16 14:41:00,True,2020-09-16 15:10:00,2.7639,0.0131,True,3406.255,2020-09-16 10:45:00,0.0376
ES,2020-09-17,Thursday,ADR,3392.437,3374.852,17.585000000000036,3392.955,3372.74,20.215000000000146,True,SHORT,2020-09-16 20:30:00,3372.246,True,True,True,0.0,1.758,1.758,3343.937,2020-09-16 23:21:00,0.4633,3383.0,2020-09-16 21:33:00,True,2020-09-16 21:55:00,0.4633,0.0,True,3375.443,2020-09-16 20:42:00,0.0336
ES,2020-09-17,Thursday,ODR,3345.955,3332.449,13.505999999999858,3346.8,3329.246,17.554000000000087,True,LONG,2020-09-17 04:20:00,3350.255,True,True,False,0.766,0.0,0.766,3356.3,2020-09-17 05:58:00,0.7195,3336.237,2020-09-17 08:09:00,True,2020-09-17 04:28:00,0.0,0.7195,True,3345.449,2020-09-17 06:57:00,0.0375
ES,2020-09-17,Thursday,RDR,3360.349,3333.655,26.69399999999996,3365.943,3329.534,36.409000000000106,True,LONG,2020-09-17 10:45:00,3366.4,False,True,False,0.5339,0.2181,0.5339,3374.6,2020-09-17 11:15:00,1.2181,3327.834,2020-09-17 12:26:00,True,2020-09-17 11:06:00,0.0,1.2181,True,3358.534,2020-09-17 11:41:00,0.068
ES,2020-09-18,Friday,ADR,3366.552,3355.034,11.518000000000029,3366.552,3353.54,13.012000000000171,True,SHORT,2020-09-17 20:45:00,3351.537,True,True,False,0.0,1.2402,1.2402,3340.749,2020-09-17 21:32:00,0.6135,3362.1,2020-09-18 01:59:00,True,2020-09-17 20:51:00,0.0884,0.6135,True,3355.055,2020-09-17 21:02:00,0.0018
ES,2020-09-18,Friday,ODR,3363.555,3354.237,9.317999999999756,3364.1,3352.037,12.063000000000102,True,LONG,2020-09-18 05:25:00,3364.746,True,True,False,0.5994,0.053,0.5994,3369.14,2020-09-18 07:34:00,0.5922,3358.037,2020-09-18 06:00:00,True,2020-09-18 07:34:00,0.5922,0.4829,True,3360.534,2020-09-18 05:50:00,0.3242
ES,2020-09-18,Friday,RDR,3364.249,3347.152,17.096999999999753,3366.046,3342.137,23.90899999999965,True,SHORT,2020-09-18 10:50:00,3338.14,True,False,,0.0,3.2932,3.2932,3290.849,2020-09-18 13:31:00,0.0,3344.9,2020-09-18 12:08:00,True,2020-09-18 10:55:00,0.0,0.0,False,,,
ES,2020-09-21,Monday,ADR,3331.8,3318.749,13.051000000000386,3332.755,3317.234,15.521000000000186,True,LONG,2020-09-20 21:20:00,3333.949,False,True,False,0.3218,1.2731,0.3172,3335.94,2020-09-20 21:30:00,2.2731,3302.134,2020-09-21 01:38:00,False,,0.0,,True,3331.434,2020-09-20 21:41:00,0.028
ES,2020-09-21,Monday,ODR,3311.94,3286.946,24.994000000000142,3316.0,3280.749,35.251000000000204,True,SHORT,2020-09-21 04:10:00,3280.5,True,False,,0.0,1.1803,1.1803,3257.446,2020-09-21 04:51:00,0.0,3282.755,2020-09-21 04:15:00,True,2020-09-21 04:26:00,0.0,0.0,False,,,
ES,2020-09-21,Monday,RDR,3268.446,3237.9,30.54599999999982,3275.855,3235.837,40.01800000000003,True,SHORT,2020-09-21 10:30:00,3235.552,False,True,False,0.4585,0.3295,0.3295,3227.834,2020-09-21 10:40:00,1.4585,3282.452,2020-09-21 15:59:00,False,,0.0,,True,3239.852,2020-09-21 10:49:00,0.0639
ES,2020-09-22,Tuesday,ADR,3299.334,3286.543,12.790999999999713,3300.352,3286.349,14.002999999999702,True,SHORT,2020-09-21 21:15:00,3283.749,True,True,True,0.0,1.2279,1.2279,3270.837,2020-09-22 01:50:00,0.1217,3288.1,2020-09-21 21:39:00,True,2020-09-21 21:22:00,0.1217,0.1217,True,3286.6,2020-09-21 21:37:00,0.0045
ES,2020-09-22,Tuesday,ODR,3278.043,3269.534,8.509000000000015,3278.9,3267.537,11.363000000000284,True,LONG,2020-09-22 04:00:00,3280.34,True,True,True,2.2696,0.0,2.2696,3297.355,2020-09-22 07:40:00,0.2358,3276.037,2020-09-22 04:52:00,True,2020-09-22 04:05:00,0.2358,0.2358,True,3277.84,2020-09-22 04:49:00,0.0239
ES,2020-09-22,Tuesday,RDR,3299.149,3282.643,16.505999999999858,3302.652,3281.437,21.215000000000146,True,SHORT,2020-09-22 10:55:00,3274.446,False,True,False,1.3117,0.7687,0.7687,3269.955,2020-09-22 11:07:00,2.3117,3320.8,2020-09-22 15:46:00,True,2020-09-22 11:02:00,0.0,2.3117,True,3282.646,2020-09-22 11:17:00,0.0002
ES,2020-09-23,Wednesday,ADR,3315.949,3306.64,9.309000000000196,3316.652,3306.434,10.217999999999847,True,SHORT,2020-09-22 20:55:00,3305.449,False,True,False,0.4196,0.3757,0.3757,3303.143,2020-09-22 21:30:00,1.4196,3319.855,2020-09-23 01:40:00,False,,0.1461,,True,3306.646,2020-09-22 21:00:00,0.0006
ES,2020-09-23,Wednesday,ODR,3318.446,3307.434,11.011999999999716,3320.955,3305.943,15.011999999999716,True,LONG,2020-09-23 04:25:00,3323.14,True,True,True,1.1128,0.0,1.1128,3330.7,2020-09-23 06:53:00,0.0919,3317.434,2020-09-23 08:12:00,True,2020-09-23 04:30:00,0.0,0.0919,True,3318.337,2020-09-23 08:10:00,0.0099
ES,2020-09-23,Wednesday,RDR,3321.737,3302.6,19.13700000000017,3323.555,3300.534,23.02099999999973,True,SHORT,2020-09-23 10:35:00,3299.246,True,True,True,0.0,3.677,3.677,3232.234,2020-09-23 15:54:00,0.3478,3309.255,2020-09-23 10:50:00,True,2020-09-23 11:32:00,0.3478,0.0,True,3307.6,2020-09-23 10:41:00,0.2613
ES,2020-09-24,Thursday,ADR,3236.349,3222.34,14.009000000000015,3236.852,3221.84,15.011999999999716,True,LONG,2020-09-23 20:35:00,3239.04,True,True,False,0.9784,0.0928,0.9784,3250.055,2020-09-23 21:30:00,1.0928,3221.04,2020-09-24 01:01:00,True,2020-09-23 20:46:00,0.0,1.0928,True,3236.034,2020-09-23 21:57:00,0.0225
ES,2020-09-24,Thursday,ODR,3241.046,3223.849,17.19699999999966,3243.834,3223.534,20.299999999999727,True,LONG,2020-09-24 06:05:00,3244.9,True,True,False,0.3494,0.0287,0.3494,3247.055,2020-09-24 06:54:00,1.0287,3223.355,2020-09-24 08:06:00,False,,0.0,,True,3241.043,2020-09-24 07:08:00,0.0002
ES,2020-09-24,Thursday,RDR,3252.455,3212.643,39.8119999999999,3257.455,3209.14,48.315000000000055,True,LONG,2020-09-24 12:00:00,3259.146,True,True,False,0.6718,0.0,0.6718,3279.2,2020-09-24 13:46:00,0.5656,3229.937,2020-09-24 15:32:00,True,2020-09-24 13:15:00,0.1508,0.5656,True,3250.952,2020-09-24 12:33:00,0.0378
ES,2020-09-25,Friday,ADR,3264.849,3260.049,4.800000000000182,3267.5,3259.434,8.065999999999804,True,LONG,2020-09-24 21:20:00,3267.952,False,True,False,0.969,0.3352,0.969,3269.5,2020-09-24 21:26:00,1.3352,3258.44,2020-09-25 01:59:00,True,2020-09-24 21:25:00,0.0,1.3352,True,3264.749,2020-09-24 21:32:00,0.0208
ES,2020-09-25,Friday,ODR,3260.249,3247.449,12.799999999999727,3260.3,3246.237,14.063000000000102,True,SHORT,2020-09-25 04:05:00,3244.437,True,True,True,0.0,2.3603,2.3603,3217.237,2020-09-25 07:05:00,0.5118,3254.0,2020-09-25 05:03:00,True,2020-09-25 05:42:00,0.5118,0.0,True,3247.452,2020-09-25 04:23:00,0.0002
ES,2020-09-25,Friday,RDR,3251.855,3230.4,21.454999999999927,3253.6,3227.049,26.55099999999993,True,LONG,2020-09-25 10:35:00,3259.349,True,False,,2.5749,0.0,2.5749,3307.1,2020-09-25 15:21:00,0.0,3253.4,2020-09-25 11:05:00,True,2020-09-25 10:40:00,0.0,0.0,False,,,
ES,2020-09-28,Monday,ADR,3307.955,3303.24,4.7150000000001455,3308.5,3302.937,5.563000000000102,True,LONG,2020-09-27 21:15:00,3309.0,True,True,True,2.9262,0.0636,2.9262,3321.752,2020-09-28 01:59:00,0.351,3306.3,2020-09-27 21:36:00,True,2020-09-27 21:50:00,0.351,0.2159,True,3307.955,2020-09-27 21:25:00,0.0
ES,2020-09-28,Monday,ODR,3326.455,3316.943,9.511999999999716,3326.946,3316.737,10.208999999999833,True,LONG,2020-09-28 04:05:00,3327.255,True,True,True,2.2393,0.0,2.2393,3347.755,2020-09-28 08:06:00,0.3807,3322.834,2020-09-28 04:58:00,True,2020-09-28 06:03:00,0.3807,0.0,True,3326.255,2020-09-28 04:13:00,0.021
ES,2020-09-28,Monday,RDR,3354.355,3333.537,20.81800000000021,3357.4,3332.846,24.554000000000087,True,LONG,2020-09-28 13:30:00,3358.537,True,True,False,0.302,0.0,0.302,3360.643,2020-09-28 14:47:00,0.3803,3346.437,2020-09-28 15:50:00,False,,0.0242,,True,3354.043,2020-09-28 14:03:00,0.015
ES,2020-09-29,Tuesday,ADR,3366.552,3363.24,3.312000000000353,3366.6,3362.534,4.0659999999998035,True,LONG,2020-09-28 20:35:00,3367.534,False,True,True,1.8062,0.4511,1.8062,3372.534,2020-09-29 01:04:00,1.4511,3361.746,2020-09-28 23:31:00,True,2020-09-28 21:01:00,1.4511,1.4511,True,3366.534,2020-09-28 20:54:00,0.0054
ES,2020-09-29,Tuesday,ODR,3358.043,3345.14,12.903000000000247,3359.3,3344.037,15.263000000000375,True,SHORT,2020-09-29 04:00:00,3342.237,True,True,False,0.0199,0.2788,0.2788,3341.543,2020-09-29 04:05:00,1.0199,3358.3,2020-09-29 07:11:00,False,,0.0,,True,3345.552,2020-09-29 04:13:00,0.0319
ES,2020-09-29,Tuesday,RDR,3356.846,3347.346,9.5,3357.849,3344.837,13.012000000000171,True,SHORT,2020-09-29 10:35:00,3343.646,True,True,True,0.0,2.1796,2.1796,3326.64,2020-09-29 13:16:00,0.1952,3349.2,2020-09-29 14:33:00,True,2020-09-29 10:41:00,0.0,0.1952,True,3348.2,2020-09-29 14:32:00,0.0899
ES,2020-09-30,Wednesday,ADR,3349.146,3344.449,4.697000000000116,3349.937,3344.0,5.936999999999898,True,SHORT,2020-09-29 20:40:00,3343.955,False,True,True,3.9076,8.1122,8.1122,3306.346,2020-09-30 01:59:00,4.9076,3367.5,2020-09-29 22:17:00,True,2020-09-29 22:48:00,4.9076,0.4677,True,3344.652,2020-09-29 20:45:00,0.0432
ES,2020-09-30,Wednesday,ODR,3327.5,3314.949,12.55099999999993,3328.955,3312.946,16.009000000000015,True,SHORT,2020-09-30 05:10:00,3311.94,False,True,False,0.6338,0.7176,0.7176,3305.943,2020-09-30 05:29:00,1.6338,3335.455,2020-09-30 06:45:00,True,2020-09-30 05:26:00,0.0041,1.6338,True,3315.0,2020-09-30 05:17:00,0.0041
ES,2020-09-30,Wednesday,RDR,3372.749,3341.452,31.29699999999957,3373.3,3340.737,32.5630000000001,True,LONG,2020-09-30 11:10:00,3374.6,True,True,False,0.6662,0.0709,0.6662,3393.6,2020-09-30 14:23:00,1.0709,3339.234,2020-09-30 15:20:00,True,2020-09-30 14:06:00,0.0069,1.0709,True,3372.534,2020-09-30 11:41:00,0.0069
ES,2020-10-01,Thursday,ADR,3372.449,3366.434,6.014999999999873,3373.0,3365.143,7.856999999999971,True,LONG,2020-09-30 21:10:00,3377.646,True,False,,1.6121,0.2151,1.6121,3382.146,2020-09-30 22:02:00,0.0,3374.649,2020-10-01 01:36:00,True,2020-09-30 21:15:00,0.0,0.0,False,,,
ES,2020-10-01,Thursday,ODR,3392.0,3385.934,6.0659999999998035,3392.7,3383.452,9.247999999999593,True,SHORT,2020-10-01 04:30:00,3379.837,False,True,False,0.8813,1.695,1.695,3375.652,2020-10-01 04:40:00,1.8813,3397.346,2020-10-01 07:57:00,True,2020-10-01 04:35:00,0.0,1.8813,True,3386.0,2020-10-01 05:19:00,0.0109
ES,2020-10-01,Thursday,RDR,3393.237,3370.543,22.69399999999996,3397.052,3365.543,31.509000000000015,True,SHORT,2020-10-01 14:05:00,3363.037,True,True,False,0.0,0.441,0.441,3360.534,2020-10-01 14:15:00,0.5974,3384.1,2020-10-01 15:02:00,False,,0.0,,True,3370.734,2020-10-01 14:27:00,0.0084
ES,2020-10-02,Friday,ADR,3381.055,3372.637,8.417999999999665,3382.849,3369.134,13.715000000000146,True,SHORT,2020-10-01 20:40:00,3366.4,True,True,True,0.0,7.3288,7.3288,3310.943,2020-10-02 01:35:00,0.3585,3375.655,2020-10-02 00:33:00,True,2020-10-01 20:45:00,0.3585,0.3585,True,3373.146,2020-10-01 21:30:00,0.0605
ES,2020-10-02,Friday,ODR,3348.7,3335.937,12.76299999999992,3350.0,3331.634,18.365999999999985,True,SHORT,2020-10-02 05:30:00,3330.634,True,True,False,0.0,1.6442,1.6442,3314.952,2020-10-02 06:21:00,0.2521,3339.155,2020-10-02 08:29:00,True,2020-10-02 05:36:00,0.0,0.2521,True,3336.7,2020-10-02 08:22:00,0.0598
ES,2020-10-02,Friday,RDR,3361.8,3327.146,34.653999999999996,3364.1,3322.143,41.95699999999988,True,LONG,2020-10-02 12:15:00,3364.534,True,True,False,0.2347,0.0,0.2347,3369.934,2020-10-02 12:20:00,0.4288,3346.94,2020-10-02 15:59:00,False,,0.0,,True,3361.04,2020-10-02 12:23:00,0.0219
ES,2020-10-05,Monday,ADR,3375.052,3365.743,9.309000000000196,3376.352,3364.543,11.808999999999742,True,LONG,2020-10-04 20:55:00,3377.052,True,True,False,0.2689,0.0,0.2689,3377.555,2020-10-04 21:00:00,0.9831,3365.9,2020-10-05 00:01:00,False,,0.0,,True,3374.834,2020-10-04 21:02:00,0.0234
ES,2020-10-05,Monday,ODR,3370.052,3359.6,10.452000000000226,3372.1,3356.534,15.565999999999804,True,LONG,2020-10-05 06:55:00,3372.84,True,True,False,0.5786,0.0,0.5786,3376.1,2020-10-05 07:08:00,0.2398,3367.546,2020-10-05 08:19:00,True,2020-10-05 07:07:00,0.0,0.2398,True,3369.334,2020-10-05 08:00:00,0.0687
ES,2020-10-05,Monday,RDR,3387.155,3370.9,16.25500000000011,3388.5,3370.555,17.945000000000164,True,LONG,2020-10-05 10:30:00,3392.146,True,True,True,1.4023,0.0,1.4023,3409.949,2020-10-05 15:32:00,0.0936,3385.634,2020-10-05 14:04:00,True,2020-10-05 10:49:00,0.0936,0.0936,True,3386.634,2020-10-05 14:01:00,0.0321
ES,2020-10-06,Tuesday,ADR,3403.949,3397.74,6.209000000000287,3404.0,3396.355,7.644999999999982,True,SHORT,2020-10-05 20:35:00,3395.434,False,True,False,0.733,0.5618,0.4837,3394.737,2020-10-05 20:40:00,1.733,3408.5,2020-10-05 23:32:00,False,,0.0,,True,3397.8,2020-10-05 20:45:00,0.0097
ES,2020-10-06,Tuesday,ODR,3406.137,3395.949,10.188000000000102,3407.949,3395.437,12.512000000000171,True,SHORT,2020-10-06 04:00:00,3390.737,False,True,False,0.2272,0.6086,0.6086,3389.749,2020-10-06 06:03:00,1.2272,3408.452,2020-10-06 08:24:00,True,2020-10-06 04:05:00,0.0199,1.2272,True,3396.0,2020-10-06 05:14:00,0.005
ES,2020-10-06,Tuesday,RDR,3414.037,3400.849,13.187999999999647,3415.052,3400.346,14.706000000000131,True,SHORT,2020-10-06 11:50:00,3398.643,False,True,True,1.3393,3.5795,3.5795,3353.643,2020-10-06 15:54:00,2.3393,3431.7,2020-10-06 14:46:00,True,2020-10-06 14:51:00,2.3393,0.0494,True,3402.7,2020-10-06 12:00:00,0.1404
ES,2020-10-07,Wednesday,ADR,3359.737,3350.746,8.990999999999985,3359.852,3349.552,10.299999999999727,True,LONG,2020-10-06 21:55:00,3363.846,True,True,True,2.1486,0.0,2.1486,3379.055,2020-10-07 01:42:00,0.245,3357.534,2020-10-06 22:44:00,True,2020-10-06 22:00:00,0.245,0.245,True,3357.534,2020-10-06 22:44:00,0.245
ES,2020-10-07,Wednesday,ODR,3385.052,3377.343,7.709000000000287,3387.843,3376.534,11.308999999999742,True,LONG,2020-10-07 07:55:00,3387.855,True,False,,0.9143,0.2461,0.9143,3392.1,2020-10-07 08:16:00,0.0,3386.037,2020-10-07 08:06:00,True,2020-10-07 08:08:00,0.0,0.0,False,,,
ES,2020-10-07,Wednesday,RDR,3404.2,3391.34,12.859999999999673,3405.155,3391.04,14.115000000000236,True,LONG,2020-10-07 11:00:00,3405.64,True,True,True,1.7303,0.0,1.7303,3426.452,2020-10-07 15:11:00,0.6807,3395.446,2020-10-07 12:27:00,True,2020-10-07 13:44:00,0.6807,0.0,True,3404.137,2020-10-07 11:13:00,0.0049
ES,2020-10-08,Thursday,ADR,3423.555,3418.34,5.214999999999691,3424.055,3416.849,7.205999999999676,True,LONG,2020-10-07 21:55:00,3427.843,True,True,True,1.2825,0.1511,1.1208,3429.4,2020-10-07 22:00:00,0.1918,3422.555,2020-10-07 22:27:00,True,2020-10-07 22:00:00,0.0,0.1918,True,3422.555,2020-10-07 22:27:00,0.1918
ES,2020-10-08,Thursday,ODR,3440.346,3433.834,6.512000000000171,3441.9,3433.034,8.865999999999985,True,SHORT,2020-10-08 04:05:00,3432.846,True,True,False,0.0,1.6585,1.6585,3423.034,2020-10-08 04:29:00,0.9241,3439.852,2020-10-08 08:13:00,True,2020-10-08 04:18:00,0.0,0.9241,True,3439.1,2020-10-08 06:45:00,0.8087
ES,2020-10-08,Thursday,RDR,3441.0,3432.943,8.056999999999789,3443.355,3431.943,11.411999999999807,True,SHORT,2020-10-08 11:30:00,3429.949,False,True,False,0.7695,0.6217,0.4355,3429.434,2020-10-08 11:35:00,1.7695,3447.2,2020-10-08 15:59:00,False,,0.0,,True,3432.946,2020-10-08 11:36:00,0.0004
ES,2020-10-09,Friday,ADR,3463.443,3458.934,4.5090000000000146,3464.0,3457.934,6.0659999999998035,True,LONG,2020-10-08 22:35:00,3464.24,True,True,False,1.0772,0.1109,1.0772,3468.3,2020-10-08 23:21:00,0.8745,3459.5,2020-10-09 01:59:00,True,2020-10-08 22:59:00,0.1129,0.8745,True,3463.434,2020-10-08 22:46:00,0.002
ES,2020-10-09,Friday,ODR,3460.5,3455.434,5.0659999999998035,3461.0,3455.237,5.76299999999992,True,LONG,2020-10-09 04:50:00,3461.243,True,True,True,0.7896,0.0395,0.7896,3464.5,2020-10-09 08:26:00,1.0395,3455.234,2020-10-09 07:00:00,True,2020-10-09 06:13:00,1.0395,1.0395,True,3460.434,2020-10-09 04:57:00,0.013
ES,2020-10-09,Friday,RDR,3468.555,3458.852,9.702999999999975,3469.855,3458.037,11.818000000000211,True,LONG,2020-10-09 11:40:00,3470.049,True,True,True,1.4269,0.0015,1.4269,3482.4,2020-10-09 12:09:00,0.0009,3468.546,2020-10-09 14:39:00,True,2020-10-09 11:46:00,0.0,0.0009,True,3468.546,2020-10-09 14:39:00,0.0009
ES,2020-10-12,Monday,ADR,3480.134,3475.237,4.8969999999999345,3482.255,3472.746,9.509000000000015,True,LONG,2020-10-11 21:50:00,3483.94,True,False,,3.0037,0.1003,3.0037,3494.843,2020-10-12 01:41:00,0.0,3481.737,2020-10-11 22:22:00,True,2020-10-11 21:55:00,0.0,0.0,False,,,
ES,2020-10-12,Monday,ODR,3490.355,3487.237,3.117999999999938,3491.0,3485.737,5.26299999999992,True,LONG,2020-10-12 04:15:00,3492.452,True,True,True,5.0985,0.0,5.0985,3506.252,2020-10-12 08:27:00,0.3566,3489.243,2020-10-12 05:00:00,True,2020-10-12 04:20:00,0.3566,0.3566,True,3489.8,2020-10-12 04:58:00,0.178
ES,2020-10-12,Monday,RDR,3510.84,3501.343,9.497000000000298,3511.1,3500.034,11.065999999999804,True,LONG,2020-10-12 10:35:00,3511.843,True,False,,4.1023,0.0,4.1023,3549.8,2020-10-12 14:32:00,0.0,3511.1,2020-10-12 10:42:00,True,2020-10-12 10:51:00,0.0,0.0,False,,,
ES,2020-10-13,Tuesday,ADR,3540.452,3531.446,9.006000000000313,3541.152,3530.0,11.152000000000044,True,SHORT,2020-10-12 20:30:00,3528.146,True,True,False,0.0,1.0336,1.0336,3522.137,2020-10-12 22:26:00,0.7443,3538.149,2020-10-13 01:41:00,True,2020-10-12 20:35:00,0.0282,0.7443,True,3531.7,2020-10-12 21:19:00,0.0282
ES,2020-10-13,Tuesday,ODR,3527.049,3519.634,7.414999999999964,3527.955,3518.937,9.018000000000029,True,LONG,2020-10-13 04:05:00,3528.155,True,True,True,1.8349,0.0,1.8349,3540.655,2020-10-13 07:32:00,0.284,3524.943,2020-10-13 04:21:00,True,2020-10-13 04:32:00,0.284,0.0,True,3526.637,2020-10-13 04:15:00,0.0556
ES,2020-10-13,Tuesday,RDR,3531.943,3519.752,12.191000000000258,3533.1,3516.1,17.0,True,SHORT,2020-10-13 13:05:00,3512.8,True,True,True,0.0,1.6008,1.6008,3500.237,2020-10-13 14:30:00,0.4551,3525.3,2020-10-13 13:18:00,True,2020-10-13 13:10:00,0.4551,0.4551,True,3520.055,2020-10-13 13:14:00,0.0249
ES,2020-10-14,Wednesday,ADR,3519.2,3516.646,2.5539999999996326,3521.7,3513.843,7.856999999999971,True,SHORT,2020-10-13 21:20:00,3511.652,False,True,False,3.7803,2.3528,1.9221,3511.737,2020-10-13 21:25:00,4.7803,3528.855,2020-10-14 00:06:00,True,2020-10-13 21:25:00,0.0,4.7803,True,3517.755,2020-10-13 21:42:00,0.4342
ES,2020-10-14,Wednesday,ODR,3526.14,3519.352,6.788000000000011,3526.849,3517.337,9.512000000000171,True,LONG,2020-10-14 04:00:00,3527.152,False,True,False,0.8928,2.5339,0.8928,3532.2,2020-10-14 04:46:00,3.5339,3502.152,2020-10-14 06:55:00,True,2020-10-14 04:30:00,0.3393,3.5339,True,3526.14,2020-10-14 04:11:00,0.0
ES,2020-10-14,Wednesday,RDR,3527.237,3510.737,16.5,3528.5,3509.937,18.563000000000102,True,SHORT,2020-10-14 10:30:00,3507.8,True,True,True,0.0,1.8665,1.8665,3479.94,2020-10-14 12:25:00,0.4584,3518.3,2020-10-14 10:48:00,True,2020-10-14 11:45:00,0.4584,0.0,True,3511.955,2020-10-14 10:36:00,0.0738
ES,2020-10-15,Thursday,ADR,3493.649,3486.749,6.900000000000091,3493.9,3486.355,7.545000000000073,True,SHORT,2020-10-14 20:30:00,3485.8,True,True,True,0.0,2.2341,2.2341,3471.334,2020-10-15 00:08:00,0.5726,3490.7,2020-10-14 21:16:00,True,2020-10-14 21:23:00,0.5726,0.2007,True,3486.9,2020-10-14 20:37:00,0.0219
ES,2020-10-15,Thursday,ODR,3473.643,3466.634,7.0090000000000146,3473.646,3466.334,7.312000000000353,True,SHORT,2020-10-15 04:15:00,3464.4,True,False,,0.0,3.5664,3.5664,3441.637,2020-10-15 05:46:00,0.0,3464.9,2020-10-15 04:20:00,True,2020-10-15 04:20:00,0.0,0.0,False,,,
ES,2020-10-15,Thursday,RDR,3464.44,3445.137,19.302999999999884,3465.0,3439.455,25.545000000000073,True,LONG,2020-10-15 11:15:00,3466.943,True,True,True,1.262,0.0,1.262,3488.8,2020-10-15 15:43:00,0.4035,3456.652,2020-10-15 12:45:00,True,2020-10-15 13:44:00,0.4035,0.0,True,3464.24,2020-10-15 11:27:00,0.0104
ES,2020-10-16,Friday,ADR,3494.34,3487.637,6.7029999999999745,3494.555,3486.649,7.905999999999949,True,LONG,2020-10-15 21:00:00,3497.2,False,True,False,0.6727,1.3133,0.3819,3496.9,2020-10-15 21:05:00,2.3133,3478.834,2020-10-16 00:58:00,False,,0.0,,True,3494.334,2020-10-15 21:08:00,0.0009
ES,2020-10-16,Friday,ODR,3488.143,3478.334,9.809000000000196,3489.343,3478.334,11.009000000000015,True,LONG,2020-10-16 06:25:00,3490.352,True,True,True,0.6333,0.0,0.6333,3494.355,2020-10-16 07:49:00,0.4381,3483.846,2020-10-16 06:54:00,True,2020-10-16 07:26:00,0.4381,0.0,True,3484.137,2020-10-16 06:53:00,0.4084
ES,2020-10-16,Friday,RDR,3514.737,3493.3,21.436999999999898,3515.455,3491.255,24.199999999999818,True,SHORT,2020-10-16 15:45:00,3491.243,True,False,,0.0708,0.6,0.6,3480.437,2020-10-16 15:59:00,0.0,3491.243,2020-10-16 15:50:00,True,2020-10-16 15:59:00,0.0,0.0,False,,,
ES,2020-10-19,Monday,ADR,3488.337,3484.143,4.19399999999996,3488.9,3483.343,5.557000000000244,True,LONG,2020-10-18 21:00:00,3489.2,True,True,True,1.7556,0.0,1.7556,3495.7,2020-10-19 01:31:00,0.3534,3486.855,2020-10-18 21:59:00,True,2020-10-18 21:15:00,0.3534,0.3534,True,3488.337,2020-10-18 21:07:00,0.0
ES,2020-10-19,Monday,ODR,3503.755,3494.146,9.608999999999924,3504.2,3493.634,10.565999999999804,False,,,,,,,0.0,0.053,,,,,,,False,,,,False,,,
ES,2020-10-19,Monday,RDR,3500.5,3481.743,18.757000000000062,3501.452,3477.137,24.315000000000055,True,SHORT,2020-10-19 10:40:00,3476.743,True,True,True,0.0,3.3264,3.3264,3419.349,2020-10-19 15:54:00,0.0297,3482.3,2020-10-19 11:17:00,True,2020-10-19 10:45:00,0.0297,0.0297,True,3481.752,2020-10-19 11:00:00,0.0005
ES,2020-10-20,Tuesday,ADR,3452.755,3446.534,6.221000000000004,3453.5,3446.234,7.266000000000076,True,SHORT,2020-10-19 21:25:00,3443.246,True,True,True,0.0,1.6065,1.6065,3436.54,2020-10-20 01:31:00,0.4038,3449.046,2020-10-19 23:35:00,True,2020-10-19 21:30:00,0.4038,0.4038,True,3446.549,2020-10-19 23:34:00,0.0024
ES,2020-10-20,Tuesday,ODR,3450.255,3443.234,7.0210000000001855,3450.8,3441.546,9.25400000000036,True,LONG,2020-10-20 04:00:00,3452.737,False,True,False,1.3945,1.1537,1.3945,3460.046,2020-10-20 06:30:00,2.1537,3435.134,2020-10-20 08:24:00,True,2020-10-20 06:26:00,0.3582,2.1537,True,3450.234,2020-10-20 04:07:00,0.003
ES,2020-10-20,Tuesday,RDR,3456.9,3443.1,13.800000000000182,3461.155,3439.143,22.01200000000017,True,SHORT,2020-10-20 11:00:00,3437.837,False,True,True,1.5185,0.5759,0.5757,3435.155,2020-10-20 15:17:00,2.5185,3477.855,2020-10-20 13:49:00,True,2020-10-20 11:05:00,2.5185,2.5185,True,3443.7,2020-10-20 11:10:00,0.0435
ES,2020-10-21,Wednesday,ADR,3457.055,3450.252,6.802999999999884,3458.1,3449.737,8.362999999999829,True,LONG,2020-10-20 22:45:00,3458.746,True,True,False,1.2561,0.0,1.2561,3465.6,2020-10-20 23:49:00,0.4882,3453.734,2020-10-21 01:36:00,True,2020-10-20 23:47:00,0.0467,0.4882,True,3456.737,2020-10-20 23:05:00,0.0467
ES,2020-10-21,Wednesday,ODR,3460.8,3445.652,15.148000000000138,3460.8,3443.234,17.56600000000026,True,SHORT,2020-10-21 04:15:00,3442.249,True,True,True,0.0,1.1497,1.1497,3428.237,2020-10-21 05:01:00,0.0328,3446.149,2020-10-21 05:51:00,True,2020-10-21 04:23:00,0.0,0.0328,True,3446.149,2020-10-21 05:51:00,0.0328
ES,2020-10-21,Wednesday,RDR,3463.143,3441.537,21.606000000000222,3464.9,3439.636,25.264000000000124,True,SHORT,2020-10-21 11:10:00,3438.7,True,True,True,0.0,0.4027,0.4027,3432.837,2020-10-21 11:22:00,0.8406,3459.7,2020-10-21 12:22:00,False,,0.0,,True,3442.7,2020-10-21 11:30:00,0.0538
ES,2020-10-22,Thursday,ADR,3433.455,3412.246,21.208999999999833,3434.452,3409.937,24.515000000000327,False,,,,,,,0.0,0.0,,,,,,,False,,,,False,,,
ES,2020-10-22,Thursday,ODR,3426.734,3416.946,9.788000000000011,3427.2,3414.937,12.26299999999992,True,LONG,2020-10-22 04:20:00,3428.946,True,True,True,1.2269,0.0,1.2269,3438.743,2020-10-22 08:03:00,0.1532,3425.234,2020-10-22 06:08:00,True,2020-10-22 04:27:00,0.1532,0.1532,True,3425.74,2020-10-22 06:02:00,0.1016
ES,2020-10-22,Thursday,RDR,3444.939,3426.054,18.884999999999764,3445.548,3423.339,22.208999999999833,True,SHORT,2020-10-22 10:30:00,3421.333,False,True,False,0.8161,0.6207,0.6207,3414.333,2020-10-22 10:44:00,1.8161,3460.351,2020-10-22 15:38:00,True,2020-10-22 10:44:00,0.0518,1.8161,True,3427.033,2020-10-22 10:37:00,0.0518
ES,2020-10-23,Friday,ADR,3461.639,3452.199,9.440000000000055,3462.199,3451.633,10.566000000000258,True,SHORT,2020-10-22 21:30:00,3451.436,True,True,False,0.0381,0.3778,0.2699,3449.651,2020-10-22 22:14:00,1.0381,3461.999,2020-10-22 23:08:00,False,,0.1589,,True,3452.499,2020-10-22 21:36:00,0.0318
ES,2020-10-23,Friday,ODR,3462.651,3447.954,14.696999999999662,3463.699,3446.933,16.766000000000076,True,LONG,2020-10-23 04:00:00,3465.199,True,True,True,0.4765,0.0,0.4765,3469.654,2020-10-23 08:17:00,0.219,3459.433,2020-10-23 05:04:00,False,,0.219,,True,3462.645,2020-10-23 04:31:00,0.0004
ES,2020-10-23,Friday,RDR,3467.651,3454.299,13.351999999999862,3468.099,3452.239,15.860000000000127,True,SHORT,2020-10-23 11:20:00,3449.733,True,True,False,0.0,1.1057,1.1057,3439.536,2020-10-23 12:22:00,0.8688,3465.899,2020-10-23 15:57:00,True,2020-10-23 11:46:00,0.0,0.8688,True,3454.299,2020-10-23 11:32:00,0.0
ES,2020-10-26,Monday,ADR,3449.551,3445.054,4.496999999999844,3449.599,3444.733,4.8659999999999854,True,SHORT,2020-10-25 20:30:00,3441.036,True,False,,0.0,2.6253,2.6253,3433.248,2020-10-26 01:49:00,0.0,3443.745,2020-10-25 21:35:00,True,2020-10-25 20:35:00,0.0,0.0,False,,,
ES,2020-10-26,Monday,ODR,3428.533,3423.042,5.4909999999999854,3430.299,3420.248,10.05099999999993,True,LONG,2020-10-26 06:00:00,3431.051,False,True,True,0.6771,0.2544,0.6771,3432.251,2020-10-26 06:13:00,1.2544,3421.645,2020-10-26 07:15:00,True,2020-10-26 06:05:00,0.0,1.2544,True,3428.533,2020-10-26 06:33:00,0.0
ES,2020-10-26,Monday,RDR,3423.633,3390.139,33.49399999999969,3423.654,3389.142,34.51200000000017,True,SHORT,2020-10-26 10:30:00,3388.151,True,True,False,0.0,0.7699,0.7699,3364.351,2020-10-26 12:35:00,0.4901,3406.554,2020-10-26 15:02:00,True,2020-10-26 12:23:00,0.2854,0.4901,True,3391.645,2020-10-26 10:35:00,0.045
ES,2020-10-27,Tuesday,ADR,3411.651,3408.039,3.6119999999996253,3412.099,3407.733,4.3659999999999854,True,SHORT,2020-10-26 20:30:00,3403.145,False,True,False,1.2744,1.3859,1.3851,3403.036,2020-10-26 20:35:00,2.2744,3416.254,2020-10-27 01:15:00,True,2020-10-26 20:35:00,0.0,2.2744,True,3408.099,2020-10-26 23:33:00,0.0166
ES,2020-10-27,Tuesday,ODR,3412.951,3401.254,11.697000000000116,3413.299,3400.536,12.76299999999992,True,LONG,2020-10-27 05:40:00,3417.545,True,True,False,0.4401,0.0,0.4401,3418.099,2020-10-27 05:58:00,0.744,3404.248,2020-10-27 08:02:00,False,,0.0179,,True,3412.742,2020-10-27 05:50:00,0.0179
ES,2020-10-27,Tuesday,RDR,3403.333,3392.842,10.490999999999985,3405.151,3391.833,13.317999999999756,True,LONG,2020-10-27 10:55:00,3405.742,False,True,False,0.5686,0.8203,0.5686,3409.298,2020-10-27 12:33:00,1.8203,3384.236,2020-10-27 15:11:00,True,2020-10-27 11:05:00,0.9613,1.8203,True,3403.248,2020-10-27 11:11:00,0.0081
ES,2020-10-28,Wednesday,ADR,3374.654,3370.636,4.018000000000029,3374.654,3369.651,5.003000000000156,True,SHORT,2020-10-27 21:15:00,3369.633,False,True,True,0.7466,0.5219,0.5219,3368.539,2020-10-27 23:19:00,1.7466,3377.654,2020-10-28 00:52:00,True,2020-10-27 23:19:00,0.8001,1.7466,True,3370.651,2020-10-27 21:22:00,0.0037
ES,2020-10-28,Wednesday,ODR,3362.154,3339.399,22.75500000000011,3365.154,3338.833,26.320999999999913,True,SHORT,2020-10-28 06:05:00,3338.399,True,True,True,0.0,0.8156,0.8156,3320.839,2020-10-28 07:57:00,0.2965,3346.145,2020-10-28 06:55:00,True,2020-10-28 07:45:00,0.2965,0.0,True,3339.399,2020-10-28 06:11:00,0.0
ES,2020-10-28,Wednesday,RDR,3300.445,3284.739,15.706000000000131,3302.999,3283.239,19.759999999999764,True,LONG,2020-10-28 10:50:00,3304.999,False,True,False,0.6562,1.0183,0.6562,3310.751,2020-10-28 11:06:00,2.0183,3268.745,2020-10-28 14:59:00,True,2020-10-28 11:06:00,0.0,2.0183,True,3300.433,2020-10-28 11:28:00,0.0008
ES,2020-10-29,Thursday,ADR,3301.451,3294.933,6.518000000000029,3302.451,3294.639,7.811999999999898,True,LONG,2020-10-28 20:30:00,3302.999,True,True,True,2.5626,0.0,2.5626,3318.154,2020-10-29 01:24:00,0.4314,3298.639,2020-10-28 22:04:00,True,2020-10-28 20:43:00,0.4314,0.4314,True,3301.345,2020-10-28 20:58:00,0.0163
ES,2020-10-29,Thursday,ODR,3307.645,3291.145,16.5,3308.445,3290.933,17.51200000000017,True,SHORT,2020-10-29 05:25:00,3289.945,True,True,True,0.0,1.6782,1.6782,3263.454,2020-10-29 06:58:00,0.272,3295.633,2020-10-29 05:56:00,True,2020-10-29 06:11:00,0.272,0.0,True,3292.945,2020-10-29 05:31:00,0.1091
ES,2020-10-29,Thursday,RDR,3303.539,3293.739,9.800000000000182,3305.799,3291.533,14.266000000000076,True,SHORT,2020-10-29 10:40:00,3290.748,False,True,False,3.898,0.868,0.868,3285.233,2020-10-29 10:58:00,4.898,3341.739,2020-10-29 13:35:00,True,2020-10-29 10:45:00,0.4959,4.898,True,3294.254,2020-10-29 10:48:00,0.0526
ES,2020-10-30,Friday,ADR,3285.333,3274.436,10.896999999999935,3286.239,3274.336,11.903000000000247,True,SHORT,2020-10-30 00:10:00,3271.033,True,False,,0.0,3.7077,3.7077,3234.033,2020-10-30 01:12:00,0.0,3271.336,2020-10-30 00:15:00,True,2020-10-30 00:16:00,0.0,0.0,False,,,
ES,2020-10-30,Friday,ODR,3266.233,3250.751,15.481999999999971,3269.399,3250.348,19.05099999999993,True,LONG,2020-10-30 04:15:00,3271.354,True,False,,2.1059,0.0,2.1059,3298.836,2020-10-30 06:09:00,0.0,3270.033,2020-10-30 04:20:00,True,2020-10-30 04:21:00,0.0,0.0,False,,,
ES,2020-10-30,Friday,RDR,3261.939,3239.933,22.005999999999858,3263.699,3239.933,23.766000000000076,True,LONG,2020-10-30 11:00:00,3263.948,False,True,True,1.0593,0.2863,1.0593,3285.251,2020-10-30 15:00:00,1.2863,3233.633,2020-10-30 13:45:00,True,2020-10-30 11:27:00,1.2863,1.2863,True,3260.133,2020-10-30 11:10:00,0.0821
ES,2020-11-02,Monday,ADR,3272.345,3258.036,14.308999999999742,3274.899,3256.033,18.865999999999985,True,LONG,2020-11-01 20:35:00,3277.536,True,True,True,0.9572,0.0,0.9572,3286.042,2020-11-02 01:36:00,0.0637,3271.433,2020-11-02 01:56:00,True,2020-11-01 20:45:00,0.0,0.0637,True,3271.433,2020-11-02 01:56:00,0.0637
ES,2020-11-02,Monday,ODR,3293.536,3277.051,16.485000000000127,3294.048,3275.842,18.205999999999676,True,LONG,2020-11-02 04:00:00,3297.551,True,False,,2.2334,0.0,2.2334,3330.354,2020-11-02 05:56:00,0.0,3295.854,2020-11-02 04:09:00,True,2020-11-02 04:24:00,0.0,0.0,False,,,
ES,2020-11-02,Monday,RDR,3329.454,3298.939,30.515000000000327,3331.454,3297.432,34.02200000000039,True,SHORT,2020-11-02 12:45:00,3297.033,True,True,False,0.0,0.6359,0.6359,3279.535,2020-11-02 14:00:00,0.4068,3311.354,2020-11-02 15:32:00,True,2020-11-02 13:21:00,0.0948,0.4068,True,3301.399,2020-11-02 12:51:00,0.0806
ES,2020-11-03,Tuesday,ADR,3323.333,3319.333,4.0,3324.145,3315.848,8.297000000000025,True,LONG,2020-11-02 20:50:00,3325.799,False,True,True,2.2165,0.2713,2.2165,3332.199,2020-11-02 21:47:00,1.2713,3318.248,2020-11-02 23:59:00,True,2020-11-02 20:55:00,0.0,1.2713,True,3323.145,2020-11-02 23:09:00,0.047
ES,2020-11-03,Tuesday,ODR,3345.142,3326.139,19.0029999999997,3346.648,3323.136,23.51200000000017,True,LONG,2020-11-03 04:35:00,3353.533,True,True,True,0.632,0.0,0.632,3357.151,2020-11-03 04:54:00,0.2057,3341.233,2020-11-03 08:08:00,True,2020-11-03 04:47:00,0.0,0.2057,True,3344.839,2020-11-03 06:44:00,0.0159
ES,2020-11-03,Tuesday,RDR,3386.145,3341.236,44.909000000000106,3387.999,3338.933,49.0659999999998,True,LONG,2020-11-03 11:35:00,3389.739,True,True,False,0.0858,0.0,0.0801,3389.742,2020-11-03 11:40:00,0.695,3354.933,2020-11-03 13:59:00,False,,0.0,,True,3385.936,2020-11-03 11:41:00,0.0047
ES,2020-11-04,Wednesday,ADR,3393.554,3345.539,48.01499999999987,3394.999,3343.439,51.559999999999945,True,LONG,2020-11-03 22:00:00,3403.551,True,True,False,0.9517,0.1978,0.9517,3439.248,2020-11-03 22:16:00,0.4417,3372.348,2020-11-04 01:54:00,True,2020-11-03 22:07:00,0.0,0.4417,True,3391.036,2020-11-03 23:42:00,0.0524
ES,2020-11-04,Wednesday,ODR,3390.745,3351.833,38.91199999999981,3397.899,3343.742,54.1569999999997,True,LONG,2020-11-04 04:25:00,3411.039,True,True,True,1.1861,0.0,1.1861,3436.898,2020-11-04 08:29:00,0.6707,3364.645,2020-11-04 05:32:00,True,2020-11-04 04:30:00,0.6707,0.6707,True,3390.733,2020-11-04 04:40:00,0.0003
ES,2020-11-04,Wednesday,RDR,3466.144,3406.233,59.9109999999996,3472.299,3403.245,69.05400000000009,True,LONG,2020-11-04 11:55:00,3474.436,True,True,False,0.3522,0.0,0.3522,3487.242,2020-11-04 12:24:00,0.4574,3438.739,2020-11-04 15:56:00,False,,0.0,,True,3462.433,2020-11-04 13:42:00,0.0619
ES,2020-11-05,Thursday,ADR,3453.548,3445.148,8.399999999999636,3453.845,3444.048,9.797000000000025,True,SHORT,2020-11-04 21:10:00,3443.699,False,True,False,3.1912,1.1075,1.1075,3435.845,2020-11-04 21:24:00,4.1912,3480.354,2020-11-05 00:56:00,True,2020-11-04 21:18:00,0.0,4.1912,True,3445.545,2020-11-04 21:38:00,0.0473
ES,2020-11-05,Thursday,ODR,3493.098,3479.099,13.998999999999796,3496.854,3476.154,20.699999999999818,True,LONG,2020-11-05 05:00:00,3503.351,True,False,,1.5394,0.0,1.5394,3514.648,2020-11-05 06:24:00,0.0,3497.354,2020-11-05 07:06:00,True,2020-11-05 05:05:00,0.0,0.0,False,,,
ES,2020-11-05,Thursday,RDR,3527.248,3498.848,28.40000000000009,3528.798,3495.251,33.54699999999957,False,,,,,,,0.0018,0.1202,,,,,,,False,,,,False,,,
ES,2020-11-06,Friday,ADR,3500.836,3492.954,7.881999999999607,3501.251,3491.445,9.80600000000004,True,LONG,2020-11-05 20:50:00,3503.454,False,True,False,0.5662,1.3456,0.5662,3505.299,2020-11-05 20:56:00,2.3456,3482.348,2020-11-06 00:48:00,True,2020-11-05 20:56:00,0.0,2.3456,True,3499.433,2020-11-05 21:04:00,0.178
ES,2020-11-06,Friday,ODR,3505.799,3486.739,19.059999999999945,3507.933,3485.445,22.48799999999983,True,SHORT,2020-11-06 04:00:00,3483.439,True,True,True,0.0,1.2586,1.2586,3462.751,2020-11-06 05:03:00,0.2736,3491.954,2020-11-06 07:08:00,True,2020-11-06 04:11:00,0.0,0.2736,True,3487.299,2020-11-06 06:01:00,0.0294
ES,2020-11-06,Friday,RDR,3504.936,3487.545,17.391000000000076,3509.054,3482.836,26.218000000000302,True,LONG,2020-11-06 10:50:00,3510.599,True,True,True,0.9324,0.0,0.9324,3521.151,2020-11-06 15:50:00,0.8106,3490.839,2020-11-06 10:59:00,True,2020-11-06 11:52:00,0.8106,0.3739,True,3495.039,2020-11-06 10:58:00,0.5691
ES,2020-11-09,Monday,ADR,3561.445,3542.599,18.846000000000004,3562.099,3542.033,20.06600000000026,True,LONG,2020-11-08 22:50:00,3563.545,True,True,False,0.5198,0.0,0.5198,3571.242,2020-11-09 00:43:00,0.3296,3555.233,2020-11-09 01:40:00,True,2020-11-09 00:43:00,0.0,0.3296,True,3561.033,2020-11-09 00:53:00,0.0219
ES,2020-11-09,Monday,ODR,3559.942,3551.233,8.708999999999833,3561.551,3551.048,10.503000000000156,True,LONG,2020-11-09 04:10:00,3562.242,True,True,True,11.736,0.0,11.736,3662.151,2020-11-09 08:00:00,0.9081,3552.033,2020-11-09 04:35:00,True,2020-11-09 06:45:00,0.9081,0.2536,True,3558.739,2020-11-09 04:24:00,0.1381
ES,2020-11-09,Monday,RDR,3645.933,3608.833,37.09999999999991,3650.548,3607.845,42.702999999999975,True,SHORT,2020-11-09 10:35:00,3607.645,True,True,True,0.0,1.6818,1.6818,3546.439,2020-11-09 15:59:00,0.5019,3627.454,2020-11-09 13:14:00,True,2020-11-09 15:27:00,0.5019,0.0,True,3609.342,2020-11-09 10:40:00,0.0137
ES,2020-11-10,Tuesday,ADR,3548.339,3538.851,9.487999999999829,3548.854,3536.833,12.02099999999973,True,LONG,2020-11-09 20:30:00,3551.899,False,True,False,0.9338,2.4471,0.9338,3557.199,2020-11-09 21:10:00,3.4471,3515.633,2020-11-09 23:16:00,True,2020-11-09 20:36:00,0.0,3.4471,True,3548.139,2020-11-09 21:22:00,0.0211
ES,2020-11-10,Tuesday,ODR,3560.151,3545.754,14.396999999999935,3563.145,3545.633,17.51200000000017,True,SHORT,2020-11-10 05:10:00,3543.336,True,True,True,0.2086,1.5018,1.5018,3524.133,2020-11-10 06:02:00,0.4094,3551.648,2020-11-10 07:05:00,True,2020-11-10 05:20:00,0.0,0.4094,True,3545.851,2020-11-10 06:37:00,0.0067
ES,2020-11-10,Tuesday,RDR,3549.754,3529.642,20.11200000000008,3550.454,3523.933,26.521000000000186,True,SHORT,2020-11-10 10:35:00,3516.751,False,True,False,0.3726,0.9399,0.9399,3510.739,2020-11-10 10:44:00,1.3726,3557.248,2020-11-10 12:22:00,True,2020-11-10 10:40:00,0.0,1.3726,True,3532.999,2020-11-10 11:04:00,0.1669
ES,2020-11-11,Wednesday,ADR,3542.754,3536.448,6.30600000000004,3544.254,3535.433,8.820999999999913,True,LONG,2020-11-10 20:55:00,3548.648,True,False,,2.9304,0.0,2.9304,3561.233,2020-11-11 01:43:00,0.0,3544.739,2020-11-11 00:53:00,True,2020-11-10 21:00:00,0.0,0.0,False,,,
ES,2020-11-11,Wednesday,ODR,3571.254,3548.442,22.811999999999898,3571.999,3547.733,24.26599999999962,True,LONG,2020-11-11 05:20:00,3572.233,True,True,True,0.3066,0.0,0.3066,3578.248,2020-11-11 08:06:00,0.1237,3568.433,2020-11-11 05:40:00,False,,0.1237,,True,3570.942,2020-11-11 05:25:00,0.0137
ES,2020-11-11,Wednesday,RDR,3569.439,3558.039,11.399999999999636,3571.351,3556.545,14.80600000000004,True,LONG,2020-11-11 11:15:00,3572.051,True,True,True,1.0228,0.1752,1.0228,3581.099,2020-11-11 13:22:00,1.1752,3556.042,2020-11-11 14:50:00,True,2020-11-11 12:09:00,0.0,1.1752,True,3569.048,2020-11-11 14:26:00,0.0343
ES,2020-11-12,Thursday,ADR,3575.254,3569.251,6.002999999999702,3575.733,3567.933,7.800000000000182,True,SHORT,2020-11-11 20:35:00,3566.951,True,False,,0.0,4.4983,4.4983,3542.248,2020-11-11 23:53:00,0.0,3569.133,2020-11-11 20:50:00,True,2020-11-11 20:41:00,0.0,0.0,False,,,
ES,2020-11-12,Thursday,ODR,3557.748,3548.948,8.800000000000182,3558.754,3547.345,11.409000000000106,True,LONG,2020-11-12 04:35:00,3559.999,True,True,False,1.762,0.0568,1.762,3573.254,2020-11-12 05:42:00,1.0568,3548.448,2020-11-12 07:59:00,True,2020-11-12 04:47:00,0.0,1.0568,True,3556.748,2020-11-12 07:05:00,0.1136
ES,2020-11-12,Thursday,RDR,3565.854,3552.345,13.509000000000015,3567.099,3551.533,15.566000000000258,True,LONG,2020-11-12 10:40:00,3567.845,False,True,False,0.2219,2.5769,0.2219,3568.851,2020-11-12 11:05:00,3.5769,3517.533,2020-11-12 15:08:00,False,,0.1866,,True,3564.833,2020-11-12 10:46:00,0.0756
ES,2020-11-13,Friday,ADR,3541.931,3531.136,10.795000000000073,3542.154,3531.136,11.018000000000029,True,SHORT,2020-11-12 20:30:00,3529.548,False,True,False,0.488,0.8062,0.8062,3522.433,2020-11-12 21:05:00,1.488,3547.199,2020-11-13 01:42:00,True,2020-11-12 20:54:00,0.0937,1.488,True,3531.499,2020-11-12 20:45:00,0.0336
ES,2020-11-13,Friday,ODR,3560.551,3548.951,11.599999999999909,3560.899,3546.639,14.259999999999764,True,LONG,2020-11-13 04:20:00,3561.148,True,True,True,1.0903,0.0,1.0903,3573.199,2020-11-13 05:19:00,0.1648,3558.639,2020-11-13 07:58:00,True,2020-11-13 04:32:00,0.0791,0.1648,True,3559.633,2020-11-13 04:26:00,0.0791
ES,2020-11-13,Friday,RDR,3565.652,3557.248,8.403999999999996,3567.297,3555.739,11.557999999999993,True,LONG,2020-11-13 11:55:00,3567.536,True,False,,3.3849,0.6184,3.3849,3594.099,2020-11-13 15:43:00,0.0,3565.733,2020-11-13 12:24:00,True,2020-11-13 12:12:00,0.0,0.0,False,,,
ES,2020-11-16,Monday,ADR,3613.051,3607.742,5.308999999999742,3614.054,3606.936,7.117999999999938,True,LONG,2020-11-15 22:35:00,3614.539,True,True,True,1.5155,0.2842,1.5155,3621.097,2020-11-16 01:37:00,0.246,3611.745,2020-11-15 23:04:00,True,2020-11-16 00:10:00,0.246,0.0,True,3612.733,2020-11-15 22:42:00,0.0599
ES,2020-11-16,Monday,ODR,3617.731,3609.74,7.99100000000044,3618.545,3606.739,11.80600000000004,True,LONG,2020-11-16 06:50:00,3619.299,True,False,,2.8432,0.0,2.8432,3640.451,2020-11-16 06:56:00,0.0,3618.036,2020-11-16 06:55:00,True,2020-11-16 06:55:00,0.0,0.0,False,,,
ES,2020-11-16,Monday,RDR,3619.645,3602.143,17.501999999999953,3619.645,3600.651,18.994000000000142,True,LONG,2020-11-16 10:30:00,3620.145,True,True,True,0.5942,0.0577,0.5942,3630.045,2020-11-16 15:59:00,1.0577,3601.133,2020-11-16 13:41:00,True,2020-11-16 15:59:00,1.0577,0.0,True,3619.142,2020-11-16 10:35:00,0.0287
ES,2020-11-17,Tuesday,ADR,3623.34,3621.339,2.0010000000002037,3623.699,3620.036,3.663000000000011,True,SHORT,2020-11-16 20:35:00,3619.367,True,False,,0.0,7.5947,7.5947,3606.142,2020-11-17 01:03:00,0.0,3619.367,2020-11-16 20:40:00,True,2020-11-16 20:40:00,0.0,0.0,False,,,
ES,2020-11-17,Tuesday,ODR,3619.397,3614.054,5.342999999999847,3619.899,3612.251,7.6479999999996835,True,SHORT,2020-11-17 05:05:00,3611.645,True,True,True,0.0,2.3236,2.3236,3601.639,2020-11-17 08:28:00,0.093,3614.551,2020-11-17 05:24:00,True,2020-11-17 05:10:00,0.093,0.093,True,3614.551,2020-11-17 05:24:00,0.093
ES,2020-11-17,Tuesday,RDR,3604.154,3588.251,15.902999999999793,3605.799,3587.733,18.065999999999804,True,LONG,2020-11-17 10:50:00,3609.233,True,True,True,1.2353,0.0,1.2353,3623.799,2020-11-17 14:14:00,0.1143,3602.336,2020-11-17 15:50:00,True,2020-11-17 11:15:00,0.0,0.1143,True,3603.945,2020-11-17 15:23:00,0.0131
ES,2020-11-18,Wednesday,ADR,3605.642,3599.754,5.88799999999992,3605.754,3599.033,6.721000000000004,True,LONG,2020-11-17 22:40:00,3606.039,False,True,False,0.2707,1.8353,0.2707,3607.236,2020-11-17 23:19:00,2.8353,3588.948,2020-11-18 01:30:00,False,,0.3572,,True,3605.251,2020-11-17 23:03:00,0.0664
ES,2020-11-18,Wednesday,ODR,3611.142,3599.439,11.702999999999975,3614.254,3598.033,16.221000000000004,True,LONG,2020-11-18 05:00:00,3614.545,True,False,,1.291,0.0,1.291,3626.251,2020-11-18 07:42:00,0.0,3614.242,2020-11-18 05:05:00,True,2020-11-18 05:08:00,0.0,0.0,False,,,
ES,2020-11-18,Wednesday,RDR,3616.336,3608.643,7.692999999999756,3617.399,3607.348,10.05099999999993,True,LONG,2020-11-18 11:00:00,3618.354,False,True,False,0.3979,5.5885,0.3979,3619.397,2020-11-18 11:05:00,6.5885,3565.651,2020-11-18 15:59:00,False,,0.0,,True,3615.645,2020-11-18 11:18:00,0.0898
ES,2020-11-19,Thursday,ADR,3567.851,3558.897,8.954000000000178,3567.899,3558.651,9.248000000000047,True,SHORT,2020-11-18 22:10:00,3556.842,False,True,False,0.8765,0.2525,0.2292,3556.845,2020-11-18 22:15:00,1.8765,3575.699,2020-11-19 01:56:00,False,,0.0,,True,3560.354,2020-11-18 22:18:00,0.1627
ES,2020-11-19,Thursday,ODR,3569.646,3550.899,18.7470000000003,3570.899,3547.833,23.065999999999804,True,SHORT,2020-11-19 05:10:00,3546.845,True,True,False,0.0,0.3336,0.2533,3546.151,2020-11-19 05:15:00,0.8161,3566.199,2020-11-19 07:50:00,False,,0.0,,True,3551.351,2020-11-19 05:24:00,0.0241
ES,2020-11-19,Thursday,RDR,3565.799,3549.236,16.563000000000102,3566.997,3544.739,22.25799999999981,True,LONG,2020-11-19 10:45:00,3568.799,True,True,True,1.2156,0.0,1.2156,3585.933,2020-11-19 15:35:00,0.6198,3555.533,2020-11-19 12:55:00,True,2020-11-19 14:33:00,0.6198,0.0,True,3565.754,2020-11-19 10:52:00,0.0027
ES,2020-11-20,Friday,ADR,3561.945,3555.742,6.2029999999999745,3562.499,3554.999,7.5,True,LONG,2020-11-19 22:00:00,3562.745,True,True,True,1.1856,0.1622,1.1856,3569.299,2020-11-19 23:46:00,0.679,3557.733,2020-11-19 22:47:00,True,2020-11-19 23:31:00,0.679,0.0019,True,3561.733,2020-11-19 22:14:00,0.0342
ES,2020-11-20,Friday,ODR,3570.748,3564.445,6.302999999999884,3571.254,3562.933,8.320999999999913,True,LONG,2020-11-20 04:25:00,3577.136,True,False,,2.3083,0.0,2.3083,3585.297,2020-11-20 07:07:00,0.0,3574.233,2020-11-20 05:11:00,True,2020-11-20 04:30:00,0.0,0.0,False,,,
ES,2020-11-20,Friday,RDR,3579.548,3565.833,13.71499999999969,3580.399,3564.839,15.559999999999945,True,SHORT,2020-11-20 15:10:00,3564.036,True,True,True,0.0,0.7287,0.7287,3555.839,2020-11-20 15:59:00,0.588,3573.897,2020-11-20 15:47:00,True,2020-11-20 15:57:00,0.588,0.0,True,3566.848,2020-11-20 15:36:00,0.074
ES,2020-11-23,Monday,ADR,3567.899,3564.448,3.451000000000022,3568.845,3564.036,4.808999999999742,True,LONG,2020-11-23 01:00:00,3569.342,True,True,True,0.4341,0.1194,0.4184,3569.343,2020-11-23 01:05:00,0.8287,3565.039,2020-11-23 01:34:00,False,,0.0,,True,3567.842,2020-11-23 01:10:00,0.0165
ES,2020-11-23,Monday,ODR,3580.843,3571.842,9.000999999999749,3581.854,3570.033,11.820999999999913,False,,,,,,,0.1729,0.0892,,,,,,,False,,,,False,,,
ES,2020-11-23,Monday,RDR,3588.142,3563.651,24.490999999999985,3590.448,3562.945,27.5029999999997,True,SHORT,2020-11-23 11:10:00,3556.751,True,True,False,0.0,0.4865,0.4865,3551.736,2020-11-23 11:33:00,0.9574,3587.099,2020-11-23 15:08:00,False,,0.0,,True,3564.299,2020-11-23 12:19:00,0.0265
ES,2020-11-24,Tuesday,ADR,3599.142,3594.436,4.705999999999676,3599.651,3593.633,6.018000000000029,True,LONG,2020-11-23 21:40:00,3601.148,True,False,,2.0212,0.0625,2.0212,3608.654,2020-11-24 00:01:00,0.0,3600.133,2020-11-23 22:23:00,True,2020-11-23 21:45:00,0.0,0.0,False,,,
ES,2020-11-24,Tuesday,ODR,3608.354,3600.939,7.414999999999964,3608.499,3599.636,8.862999999999829,True,LONG,2020-11-24 06:05:00,3609.699,False,True,False,0.2419,0.311,0.2218,3609.999,2020-11-24 06:10:00,1.311,3598.633,2020-11-24 07:27:00,False,,0.0,,True,3607.939,2020-11-24 06:13:00,0.056
ES,2020-11-24,Tuesday,RDR,3610.748,3598.745,12.003000000000156,3613.249,3596.033,17.215999999999894,True,LONG,2020-11-24 10:40:00,3617.033,True,False,,2.541,0.0,2.541,3641.248,2020-11-24 13:41:00,0.0,3616.233,2020-11-24 10:46:00,True,2020-11-24 10:45:00,0.0,0.0,False,,,
ES,2020-11-25,Wednesday,ADR,3655.343,3650.048,5.295000000000073,3655.348,3649.333,6.014999999999873,True,LONG,2020-11-24 20:40:00,3655.539,False,True,False,0.1428,2.929,0.0965,3655.854,2020-11-24 20:45:00,3.929,3634.539,2020-11-25 00:59:00,False,,0.1518,,True,3654.539,2020-11-24 20:45:00,0.1518
ES,2020-11-25,Wednesday,ODR,3643.899,3634.036,9.862999999999829,3645.851,3633.839,12.012000000000171,True,SHORT,2020-11-25 04:25:00,3629.839,True,True,True,0.0,0.7088,0.7088,3627.045,2020-11-25 05:53:00,0.4563,3638.536,2020-11-25 07:29:00,True,2020-11-25 04:30:00,0.1889,0.4563,True,3634.099,2020-11-25 04:36:00,0.0064
ES,2020-11-25,Wednesday,RDR,3634.331,3618.934,15.396999999999935,3634.399,3617.939,16.460000000000036,False,,,,,,,0.0109,0.0,,,,,,,False,,,,False,,,
ES,2020-11-26,Thursday,ADR,3636.936,3634.034,2.9020000000000437,3637.349,3633.351,3.9980000000000473,True,LONG,2020-11-25 20:40:00,3638.533,False,True,True,1.1933,1.032,1.1933,3640.399,2020-11-26 01:58:00,2.032,3631.039,2020-11-25 22:54:00,True,2020-11-25 20:45:00,2.032,2.032,True,3636.848,2020-11-25 21:12:00,0.0303
ES,2020-11-26,Thursday,ODR,3638.545,3631.054,7.4909999999999854,3638.899,3630.836,8.063000000000102,True,SHORT,2020-11-26 05:55:00,3630.442,True,True,True,0.0,0.5623,0.5623,3626.842,2020-11-26 07:34:00,0.2727,3633.097,2020-11-26 06:53:00,True,2020-11-26 07:21:00,0.2727,0.1735,True,3631.552,2020-11-26 06:06:00,0.0665
ES,2020-11-26,Thursday,RDR,3632.551,3630.936,1.6149999999997817,3633.151,3629.139,4.011999999999716,True,SHORT,2020-11-26 10:50:00,3627.445,True,True,True,0.0,8.9164,8.9164,3616.536,2020-11-26 12:44:00,0.4427,3631.651,2020-11-26 10:55:00,True,2020-11-26 10:55:00,0.4427,0.4427,True,3631.651,2020-11-26 10:55:00,0.4427
ES,2020-11-27,Friday,ADR,3622.039,3619.799,2.2400000000002365,3622.399,3618.845,3.5540000000000873,True,LONG,2020-11-26 20:35:00,3623.045,False,True,True,5.8996,2.2129,5.8996,3635.254,2020-11-27 01:33:00,3.2129,3614.842,2020-11-26 21:07:00,True,2020-11-26 20:44:00,3.2129,3.2129,True,3622.031,2020-11-26 20:50:00,0.0036
ES,2020-11-27,Friday,ODR,3638.039,3629.536,8.503000000000156,3638.599,3629.339,9.260000000000218,True,LONG,2020-11-27 04:20:00,3638.854,True,True,True,0.2131,0.0,0.2131,3639.851,2020-11-27 08:05:00,0.6704,3632.339,2020-11-27 05:22:00,False,,0.6704,,True,3637.539,2020-11-27 04:31:00,0.0588
ES,2020-11-27,Friday,RDR,3643.999,3638.949,5.049999999999727,3644.697,3637.936,6.760999999999967,True,SHORT,2020-11-27 11:50:00,3635.636,True,True,True,0.0,2.1982,2.1982,3627.848,2020-11-27 12:30:00,0.1485,3639.699,2020-11-27 13:02:00,True,2020-11-27 11:55:00,0.0,0.1485,True,3639.354,2020-11-27 12:59:00,0.0802
ES,2020-11-30,Monday,ADR,3635.797,3628.145,7.652000000000044,3636.754,3625.533,11.221000000000004,True,SHORT,2020-11-29 23:05:00,3621.048,True,False,,0.0,1.1822,1.1822,3619.099,2020-11-29 23:30:00,0.0,3623.099,2020-11-29 23:16:00,True,2020-11-29 23:10:00,0.0,0.0,False,,,
ES,2020-12-01,Tuesday,ADR,3647.854,3640.833,7.020999999999731,3647.899,3640.333,7.5659999999998035,True,LONG,2020-11-30 20:45:00,3648.548,True,True,True,1.9513,0.0,1.9513,3661.554,2020-11-30 22:22:00,0.0017,3647.842,2020-11-30 20:50:00,True,2020-11-30 21:05:00,0.0017,0.0,True,3647.842,2020-11-30 20:50:00,0.0017
ES,2020-12-01,Tuesday,ODR,3660.436,3648.834,11.602000000000317,3660.897,3646.836,14.06100000000015,True,LONG,2020-12-01 04:25:00,3663.848,True,True,False,0.4278,0.0,0.4278,3665.399,2020-12-01 06:27:00,0.3105,3656.833,2020-12-01 08:29:00,False,,0.2238,,True,3660.099,2020-12-01 04:31:00,0.029
ES,2020-12-01,Tuesday,RDR,3675.636,3652.451,23.184999999999945,3676.651,3651.433,25.217999999999847,True,LONG,2020-12-01 14:40:00,3677.048,True,True,False,0.1259,0.0,0.0697,3677.251,2020-12-01 14:45:00,0.8233,3656.548,2020-12-01 15:20:00,False,,0.0,,True,3675.239,2020-12-01 14:49:00,0.0171
ES,2020-12-02,Wednesday,ADR,3656.445,3647.234,9.21100000000024,3656.497,3645.148,11.348999999999705,True,SHORT,2020-12-01 21:05:00,3644.939,False,True,False,0.1421,0.2492,0.2492,3644.939,2020-12-01 21:10:00,1.1421,3657.754,2020-12-02 01:59:00,False,,0.0,,True,3647.299,2020-12-01 21:13:00,0.0071
ES,2020-12-02,Wednesday,ODR,3654.454,3648.931,5.523000000000138,3654.499,3647.236,7.26299999999992,True,LONG,2020-12-02 04:10:00,3655.245,False,True,False,0.6419,0.7601,0.6419,3657.999,2020-12-02 04:22:00,1.7601,3644.733,2020-12-02 07:41:00,True,2020-12-02 04:18:00,0.0,1.7601,True,3654.233,2020-12-02 04:53:00,0.04
ES,2020-12-02,Wednesday,RDR,3658.154,3645.842,12.311999999999898,3658.899,3643.833,15.065999999999804,True,LONG,2020-12-02 10:40:00,3660.651,True,True,True,1.0721,0.0,1.0721,3671.354,2020-12-02 15:50:00,0.2047,3655.634,2020-12-02 10:50:00,True,2020-12-02 11:44:00,0.2047,0.1056,True,3658.136,2020-12-02 10:46:00,0.0015
ES,2020-12-03,Thursday,ADR,3667.233,3665.539,1.69399999999996,3667.299,3665.236,2.063000000000102,True,LONG,2020-12-02 20:40:00,3667.536,False,True,False,4.9103,1.6564,4.9103,3675.551,2020-12-02 22:19:00,2.6564,3662.733,2020-12-03 00:00:00,True,2020-12-02 20:47:00,1.0035,2.6564,True,3666.542,2020-12-02 21:17:00,0.4079
ES,2020-12-03,Thursday,ODR,3669.051,3663.099,5.951999999999771,3670.645,3662.736,7.9090000000001055,True,SHORT,2020-12-03 04:20:00,3661.699,False,True,False,0.2937,0.7335,0.7335,3658.733,2020-12-03 04:45:00,1.2937,3670.799,2020-12-03 07:59:00,True,2020-12-03 04:41:00,0.0,1.2937,True,3663.248,2020-12-03 04:47:00,0.025
ES,2020-12-03,Thursday,RDR,3679.645,3668.636,11.009000000000015,3680.854,3667.836,13.018000000000029,True,SHORT,2020-12-03 13:55:00,3666.354,False,True,True,0.3228,1.0903,1.0903,3656.633,2020-12-03 15:54:00,1.3228,3683.199,2020-12-03 15:22:00,True,2020-12-03 15:41:00,1.3228,0.3872,True,3669.899,2020-12-03 14:01:00,0.1147
ES,2020-12-04,Friday,ADR,3675.248,3672.239,3.0090000000000146,3675.799,3671.736,4.063000000000102,True,SHORT,2020-12-03 20:55:00,3670.748,False,True,False,0.3343,1.1652,1.1652,3668.733,2020-12-03 21:18:00,1.3343,3676.254,2020-12-04 00:57:00,True,2020-12-03 21:00:00,0.0,1.3343,True,3672.297,2020-12-03 21:26:00,0.0193
ES,2020-12-04,Friday,ODR,3678.599,3673.052,5.5470000000000255,3679.354,3672.333,7.020999999999731,True,LONG,2020-12-04 04:45:00,3680.436,True,True,False,0.4146,0.0,0.3606,3680.599,2020-12-04 04:50:00,0.7314,3674.542,2020-12-04 05:27:00,False,,0.0,,True,3677.536,2020-12-04 04:56:00,0.1916
ES,2020-12-04,Friday,RDR,3687.354,3674.345,13.009000000000015,3688.651,3673.139,15.511999999999716,True,LONG,2020-12-04 10:35:00,3688.942,True,True,True,0.972,0.0,0.972,3699.999,2020-12-04 15:59:00,0.0324,3686.933,2020-12-04 14:29:00,True,2020-12-04 10:45:00,0.0324,0.0324,True,3686.942,2020-12-04 14:28:00,0.0317
ES,2020-12-07,Monday,ADR,3700.351,3696.54,3.811000000000149,3700.899,3695.854,5.045000000000073,True,SHORT,2020-12-06 20:45:00,3694.842,True,False,,0.0,2.5455,2.5455,3686.839,2020-12-06 23:04:00,0.0,3696.399,2020-12-06 20:51:00,True,2020-12-06 21:04:00,0.0,0.0,False,,,
ES,2020-12-07,Monday,ODR,3693.352,3673.551,19.80099999999993,3693.551,3673.336,20.215000000000146,False,,,,,,,0.0,0.0,,,,,,,False,,,,False,,,
ES,2020-12-07,Monday,RDR,3695.148,3690.148,5.0,3695.948,3689.633,6.315000000000055,True,LONG,2020-12-07 10:30:00,3696.151,False,True,False,0.4588,2.3412,0.4588,3697.442,2020-12-07 11:59:00,3.3412,3678.442,2020-12-07 15:49:00,False,,0.7418,,True,3695.133,2020-12-07 10:40:00,0.003
ES,2020-12-08,Tuesday,ADR,3684.833,3680.036,4.7970000000000255,3685.354,3679.033,6.320999999999913,True,SHORT,2020-12-07 22:10:00,3678.554,False,True,False,0.2222,0.6254,0.6254,3677.036,2020-12-07 22:23:00,1.2222,3685.899,2020-12-08 01:06:00,True,2020-12-07 22:20:00,0.0,1.2222,True,3680.054,2020-12-07 22:58:00,0.0038
ES,2020-12-08,Tuesday,ODR,3683.499,3679.099,4.399999999999636,3684.851,3678.339,6.512000000000171,True,LONG,2020-12-08 04:05:00,3686.539,False,True,False,1.1034,3.128,0.8066,3687.048,2020-12-08 04:11:00,4.128,3665.336,2020-12-08 06:59:00,True,2020-12-08 04:10:00,0.0,4.128,True,3683.333,2020-12-08 04:24:00,0.0377
ES,2020-12-08,Tuesday,RDR,3688.139,3677.599,10.539999999999964,3688.699,3677.536,11.163000000000011,True,LONG,2020-12-08 10:45:00,3688.754,True,True,True,1.9981,0.0,1.9981,3709.199,2020-12-08 14:27:00,0.065,3687.454,2020-12-08 10:51:00,True,2020-12-08 11:01:00,0.065,0.0,True,3687.733,2020-12-08 10:50:00,0.0385
ES,2020-12-09,Wednesday,ADR,3713.154,3707.436,5.717999999999847,3713.699,3706.142,7.557000000000244,True,SHORT,2020-12-08 20:55:00,3705.945,True,True,False,0.0,0.3503,0.2629,3705.933,2020-12-08 21:00:00,0.9729,3712.999,2020-12-09 01:14:00,False,,0.0381,,True,3707.654,2020-12-08 21:00:00,0.0381
ES,2020-12-09,Wednesday,ODR,3714.448,3707.336,7.11200000000008,3714.454,3706.633,7.821000000000367,True,SHORT,2020-12-09 07:35:00,3705.436,True,True,False,0.0,0.3098,0.2676,3705.433,2020-12-09 07:40:00,0.1572,3708.454,2020-12-09 08:24:00,False,,0.0,,True,3707.636,2020-12-09 07:59:00,0.0422
ES,2020-12-09,Wednesday,RDR,3710.751,3697.099,13.652000000000044,3711.099,3694.533,16.56600000000026,True,SHORT,2020-12-09 11:00:00,3694.354,True,True,True,0.0,2.6931,2.6931,3660.333,2020-12-09 15:26:00,0.0952,3698.399,2020-12-09 11:58:00,True,2020-12-09 12:24:00,0.0952,0.0,True,3697.699,2020-12-09 11:07:00,0.0439
ES,2020-12-10,Thursday,ADR,3677.542,3674.545,2.9969999999998436,3677.851,3674.333,3.518000000000029,True,SHORT,2020-12-09 20:45:00,3674.039,False,True,True,0.1859,2.6733,2.6733,3666.533,2020-12-10 01:45:00,1.1859,3678.099,2020-12-09 21:57:00,True,2020-12-09 22:17:00,1.1859,0.4318,True,3674.554,2020-12-09 20:52:00,0.003
ES,2020-12-10,Thursday,ODR,3675.539,3667.939,7.600000000000364,3675.899,3667.833,8.065999999999804,True,LONG,2020-12-10 04:05:00,3677.851,False,True,False,0.7891,0.7771,0.7891,3681.536,2020-12-10 04:36:00,1.7771,3662.033,2020-12-10 07:36:00,True,2020-12-10 04:21:00,0.0,1.7771,True,3674.339,2020-12-10 06:18:00,0.1579
ES,2020-12-10,Thursday,RDR,3674.448,3646.136,28.311999999999898,3676.433,3644.633,31.800000000000182,True,LONG,2020-12-10 10:50:00,3676.645,True,True,False,0.1589,0.0,0.1589,3678.948,2020-12-10 11:25:00,0.5831,3657.939,2020-12-10 14:24:00,False,,0.1523,,True,3674.133,2020-12-10 10:57:00,0.0111
ES,2020-12-11,Friday,ADR,3672.599,3668.542,4.057000000000244,3672.599,3668.342,4.257000000000062,True,SHORT,2020-12-10 21:35:00,3666.339,True,False,,0.0,2.0234,2.0234,3660.333,2020-12-11 01:13:00,0.0,3667.351,2020-12-11 01:46:00,True,2020-12-10 21:40:00,0.0,0.0,False,,,
ES,2020-12-11,Friday,ODR,3667.342,3640.842,26.5,3667.599,3640.542,27.057000000000244,True,SHORT,2020-12-11 05:55:00,3634.542,True,True,False,0.0,0.4718,0.4718,3628.339,2020-12-11 06:27:00,0.1342,3644.399,2020-12-11 08:12:00,False,,0.0,,True,3640.899,2020-12-11 07:15:00,0.0022
ES,2020-12-11,Friday,RDR,3657.948,3643.951,13.996999999999844,3658.954,3642.436,16.51800000000003,True,SHORT,2020-12-11 11:35:00,3640.645,False,True,False,0.5854,0.8229,0.8229,3632.433,2020-12-11 12:38:00,1.5854,3666.142,2020-12-11 15:19:00,True,2020-12-11 12:11:00,0.0717,1.5854,True,3644.154,2020-12-11 11:50:00,0.0145
ES,2020-12-14,Monday,ADR,3681.539,3678.533,3.006000000000313,3682.099,3677.833,4.266000000000076,True,SHORT,2020-12-14 00:05:00,3676.754,True,True,True,0.1198,1.1643,1.1643,3675.033,2020-12-14 01:00:00,0.5685,3680.242,2020-12-14 01:43:00,True,2020-12-14 00:10:00,0.2881,0.5685,True,3678.539,2020-12-14 00:26:00,0.002
ES,2020-12-14,Monday,ODR,3683.054,3678.339,4.7150000000001455,3684.099,3677.533,6.566000000000258,True,LONG,2020-12-14 05:50:00,3684.236,True,True,True,1.8759,0.0,1.8759,3691.899,2020-12-14 08:12:00,0.0431,3682.851,2020-12-14 06:00:00,True,2020-12-14 06:04:00,0.0431,0.0,True,3682.851,2020-12-14 06:00:00,0.0431
ES,2020-12-14,Monday,RDR,3696.948,3685.933,11.014999999999873,3697.699,3683.436,14.26299999999992,True,SHORT,2020-12-14 10:55:00,3680.499,True,False,,0.0911,3.7401,3.7401,3644.736,2020-12-14 15:59:00,0.0,3684.651,2020-12-14 11:18:00,True,2020-12-14 11:00:00,0.0,0.0,False,,,
ES,2020-12-15,Tuesday,ADR,3656.739,3653.654,3.0850000000000364,3657.699,3653.136,4.563000000000102,True,SHORT,2020-12-14 20:40:00,3652.354,True,True,True,0.0,3.5047,3.5047,3642.842,2020-12-15 00:09:00,0.2415,3654.399,2020-12-15 01:18:00,True,2020-12-14 20:45:00,0.0,0.2415,True,3654.154,2020-12-15 01:15:00,0.1621
ES,2020-12-15,Tuesday,ODR,3667.633,3654.154,13.478999999999814,3668.339,3652.351,15.987999999999829,True,LONG,2020-12-15 04:05:00,3669.633,True,True,True,0.5501,0.0,0.5501,3675.048,2020-12-15 07:14:00,0.1484,3665.633,2020-12-15 06:36:00,True,2020-12-15 07:14:00,0.1484,0.0,True,3667.633,2020-12-15 04:28:00,0.0
ES,2020-12-15,Tuesday,RDR,3675.954,3666.254,9.700000000000273,3677.799,3664.445,13.353999999999814,True,SHORT,2020-12-15 10:35:00,3661.554,False,True,False,1.926,0.796,0.796,3658.533,2020-12-15 11:07:00,2.926,3694.636,2020-12-15 15:59:00,True,2020-12-15 10:42:00,0.1325,2.926,True,3666.599,2020-12-15 10:46:00,0.0356
ES,2020-12-16,Wednesday,ADR,3690.399,3687.539,2.8599999999996726,3690.854,3687.054,3.799999999999727,True,LONG,2020-12-15 21:10:00,3691.551,True,True,True,2.0979,0.0,2.0979,3696.399,2020-12-15 22:08:00,0.1927,3689.848,2020-12-15 23:25:00,True,2020-12-15 21:19:00,0.0,0.1927,True,3689.848,2020-12-15 23:25:00,0.1927
ES,2020-12-16,Wednesday,ODR,3705.054,3693.042,12.012000000000171,3705.554,3692.842,12.711999999999989,True,LONG,2020-12-16 05:25:00,3706.042,True,True,False,0.2904,0.0,0.2904,3708.542,2020-12-16 08:14:00,0.418,3700.033,2020-12-16 08:27:00,False,,0.2931,,True,3704.542,2020-12-16 05:31:00,0.0426
ES,2020-12-16,Wednesday,RDR,3699.642,3690.142,9.5,3700.442,3688.433,12.009000000000015,True,LONG,2020-12-16 10:30:00,3701.133,True,True,True,1.2481,0.0006,1.2481,3711.499,2020-12-16 15:32:00,1.0006,3690.136,2020-12-16 14:19:00,True,2020-12-16 14:38:00,1.0006,0.022,True,3699.633,2020-12-16 10:46:00,0.0009
ES,2020-12-17,Thursday,ADR,3705.042,3700.936,4.105999999999767,3705.099,3700.836,4.263000000000375,True,LONG,2020-12-16 21:55:00,3705.399,True,True,True,2.0723,0.0,2.0723,3713.551,2020-12-17 01:28:00,0.0022,3705.033,2020-12-16 22:01:00,True,2020-12-16 22:20:00,0.0022,0.0,True,3705.036,2020-12-16 22:00:00,0.0015
ES,2020-12-17,Thursday,ODR,3722.554,3718.851,3.7029999999999745,3722.854,3718.842,4.011999999999716,True,LONG,2020-12-17 04:40:00,3723.836,False,True,False,0.4804,0.3559,0.3511,3723.854,2020-12-17 04:45:00,1.3559,3717.533,2020-12-17 07:45:00,False,,0.0008,,True,3722.551,2020-12-17 04:45:00,0.0008
ES,2020-12-17,Thursday,RDR,3722.451,3713.642,8.809000000000196,3723.999,3712.433,11.565999999999804,True,SHORT,2020-12-17 11:50:00,3710.945,True,True,False,0.0,0.396,0.3416,3710.633,2020-12-17 11:55:00,0.9659,3722.151,2020-12-17 15:55:00,False,,0.0,,True,3714.454,2020-12-17 11:58:00,0.0922
ES,2020-12-18,Friday,ADR,3718.939,3716.333,2.605999999999767,3719.399,3716.333,3.0659999999998035,True,SHORT,2020-12-17 20:45:00,3716.099,True,True,True,0.0,3.449,3.449,3707.345,2020-12-18 00:26:00,0.2767,3717.054,2020-12-17 22:23:00,True,2020-12-17 21:27:00,0.2767,0.2767,True,3716.545,2020-12-17 20:50:00,0.0814
ES,2020-12-18,Friday,ODR,3724.042,3715.336,8.706000000000131,3724.599,3713.545,11.054000000000087,True,LONG,2020-12-18 04:05:00,3729.542,True,True,False,0.7804,0.0,0.7532,3730.599,2020-12-18 04:10:00,0.4601,3720.036,2020-12-18 05:40:00,True,2020-12-18 04:10:00,0.0,0.4601,True,3723.339,2020-12-18 04:18:00,0.0807
ES,2020-12-18,Friday,RDR,3724.643,3702.642,22.001000000000204,3726.399,3699.933,26.465999999999894,True,SHORT,2020-12-18 11:10:00,3696.399,True,True,False,0.0,0.7639,0.7639,3685.836,2020-12-18 15:26:00,0.8275,3720.848,2020-12-18 15:56:00,True,2020-12-18 14:16:00,0.3888,0.8275,True,3703.139,2020-12-18 11:53:00,0.0226
ES,2020-12-21,Monday,ADR,3719.748,3708.139,11.608999999999924,3720.051,3708.139,11.911999999999807,True,SHORT,2020-12-20 20:45:00,3707.042,True,True,False,0.0,0.2493,0.2493,3705.245,2020-12-20 23:08:00,0.8536,3718.048,2020-12-21 00:47:00,False,,0.3583,,True,3709.051,2020-12-20 20:56:00,0.0786
ES,2020-12-21,Monday,ODR,3702.099,3693.045,9.054000000000087,3702.299,3692.733,9.565999999999804,True,SHORT,2020-12-21 04:10:00,3692.248,True,True,True,0.0,9.7245,9.7245,3604.999,2020-12-21 05:57:00,0.4696,3697.297,2020-12-21 04:20:00,True,2020-12-21 04:42:00,0.4696,0.0,True,3693.549,2020-12-21 04:16:00,0.0557
ES,2020-12-21,Monday,RDR,3677.699,3638.645,39.05400000000009,3679.354,3633.846,45.50799999999981,True,LONG,2020-12-21 12:25:00,3681.136,True,False,,0.6581,0.0591,0.6581,3703.399,2020-12-21 14:36:00,0.0,3680.636,2020-12-21 12:43:00,True,2020-12-21 13:42:00,0.0,0.0,False,,,
ES,2020-12-22,Tuesday,ADR,3694.539,3685.037,9.502000000000407,3694.539,3684.531,10.008000000000266,True,LONG,2020-12-21 20:30:00,3695.354,False,True,False,0.3536,1.2837,0.3536,3697.899,2020-12-21 21:53:00,2.2837,3672.839,2020-12-22 01:11:00,False,,0.4213,,True,3694.333,2020-12-21 20:37:00,0.0217
ES,2020-12-22,Tuesday,ODR,3696.543,3681.943,14.599999999999909,3697.554,3679.34,18.213999999999942,True,LONG,2020-12-22 04:05:00,3700.839,True,True,True,0.5038,0.0,0.5038,3703.899,2020-12-22 07:08:00,0.3085,3692.039,2020-12-22 05:03:00,True,2020-12-22 07:07:00,0.3085,0.0,True,3695.036,2020-12-22 04:45:00,0.1032
ES,2020-12-22,Tuesday,RDR,3696.597,3686.146,10.451000000000022,3696.954,3685.131,11.82300000000032,True,SHORT,2020-12-22 11:35:00,3682.951,True,True,False,0.1296,1.0253,1.0253,3675.431,2020-12-22 11:44:00,1.1053,3697.697,2020-12-22 13:56:00,True,2020-12-22 11:41:00,0.0,1.1053,True,3687.199,2020-12-22 12:01:00,0.1008
ES,2020-12-23,Wednesday,ADR,3682.852,3667.737,15.114999999999782,3683.054,3660.542,22.51200000000017,True,LONG,2020-12-22 23:15:00,3683.542,True,True,True,0.1788,0.212,0.1788,3685.554,2020-12-23 01:56:00,0.3518,3677.534,2020-12-23 00:45:00,False,,0.3518,,True,3682.842,2020-12-22 23:21:00,0.0007
ES,2020-12-23,Wednesday,ODR,3695.354,3691.397,3.95699999999988,3696.951,3690.033,6.91800000000012,True,LONG,2020-12-23 04:05:00,3697.036,True,True,False,1.1863,0.0159,1.1863,3700.048,2020-12-23 05:15:00,1.0159,3691.334,2020-12-23 07:27:00,True,2020-12-23 04:15:00,0.3331,1.0159,True,3695.343,2020-12-23 04:13:00,0.0028
ES,2020-12-23,Wednesday,RDR,3704.64,3697.843,6.7970000000000255,3706.942,3697.354,9.588000000000193,True,LONG,2020-12-23 12:10:00,3707.633,False,True,False,0.941,1.2942,0.941,3711.036,2020-12-23 13:41:00,2.2942,3689.046,2020-12-23 15:59:00,True,2020-12-23 12:41:00,0.0,2.2942,True,3704.431,2020-12-23 14:54:00,0.0307
ES,2020-12-24,Thursday,ADR,3695.799,3691.531,4.268000000000029,3696.299,3691.233,5.0659999999998035,True,LONG,2020-12-23 20:45:00,3697.245,True,True,True,1.1584,0.7945,1.1584,3700.743,2020-12-23 21:37:00,0.2966,3694.533,2020-12-23 23:10:00,True,2020-12-23 20:53:00,0.0,0.2966,True,3695.233,2020-12-23 22:08:00,0.1326
ES,2020-12-24,Thursday,ODR,3702.297,3696.748,5.548999999999978,3703.548,3696.545,7.002999999999702,True,SHORT,2020-12-24 07:30:00,3696.099,True,True,True,0.0,0.4527,0.4527,3694.236,2020-12-24 07:37:00,0.1447,3697.551,2020-12-24 07:56:00,False,,0.0,,True,3696.799,2020-12-24 07:49:00,0.0092
ES,2020-12-24,Thursday,RDR,3700.545,3695.252,5.29300000000012,3701.199,3694.333,6.8659999999999854,True,LONG,2020-12-24 10:30:00,3701.342,False,True,True,0.8691,1.1332,0.8691,3705.145,2020-12-24 13:00:00,2.1332,3689.254,2020-12-24 12:04:00,True,2020-12-24 12:50:00,2.1332,0.0376,True,3700.331,2020-12-24 10:36:00,0.0404
ES,2020-12-28,Monday,ADR,3718.246,3712.536,5.710000000000036,3719.099,3711.74,7.359000000000378,True,LONG,2020-12-27 20:35:00,3719.534,True,False,,1.8482,0.0,1.8482,3728.799,2020-12-27 22:26:00,0.0,3719.731,2020-12-27 20:51:00,True,2020-12-27 21:02:00,0.0,0.0,False,,,
ES,2020-12-28,Monday,ODR,3727.599,3723.551,4.048000000000229,3728.037,3723.236,4.800999999999931,True,LONG,2020-12-28 05:10:00,3728.045,True,True,True,1.8898,0.0,1.8898,3735.249,2020-12-28 06:14:00,0.4121,3725.931,2020-12-28 05:43:00,True,2020-12-28 06:05:00,0.4121,0.0163,True,3727.536,2020-12-28 05:16:00,0.0156
ES,2020-12-28,Monday,RDR,3735.648,3727.136,8.512000000000171,3736.651,3725.342,11.308999999999742,True,LONG,2020-12-28 10:35:00,3737.136,True,True,True,0.5529,0.0,0.5529,3740.354,2020-12-28 14:47:00,0.4129,3732.133,2020-12-28 11:58:00,True,2020-12-28 14:43:00,0.4129,0.2722,True,3735.642,2020-12-28 10:56:00,0.0007
ES,2020-12-29,Tuesday,ADR,3747.542,3745.734,1.8079999999999927,3748.099,3745.231,2.867999999999938,True,LONG,2020-12-28 21:05:00,3748.248,True,True,True,4.1798,0.0,4.1798,3755.099,2020-12-29 00:46:00,0.5592,3746.531,2020-12-28 22:18:00,True,2020-12-28 21:11:00,0.5592,0.5592,True,3747.533,2020-12-28 21:14:00,0.005
ES,2020-12-29,Tuesday,ODR,3755.552,3751.233,4.31899999999996,3755.752,3751.039,4.712999999999738,True,SHORT,2020-12-29 08:05:00,3750.739,True,False,,0.0,0.5078,0.5078,3749.04,2020-12-29 08:23:00,0.0,3751.099,2020-12-29 08:12:00,True,2020-12-29 08:22:00,0.0,0.0,False,,,
ES,2020-12-29,Tuesday,RDR,3753.151,3733.639,19.511999999999716,3754.397,3732.352,22.045000000000073,True,SHORT,2020-12-29 12:30:00,3730.636,True,True,True,0.0,0.5539,0.5539,3722.831,2020-12-29 14:48:00,0.0261,3734.148,2020-12-29 15:24:00,True,2020-12-29 12:51:00,0.0,0.0261,True,3734.143,2020-12-29 15:23:00,0.0258
ES,2020-12-30,Wednesday,ADR,3732.239,3727.245,4.994000000000142,3732.239,3725.931,6.307999999999993,True,LONG,2020-12-29 20:30:00,3732.739,True,True,True,2.6055,0.0,2.6055,3745.251,2020-12-30 00:11:00,0.301,3730.736,2020-12-29 20:56:00,True,2020-12-29 21:42:00,0.301,0.0,True,3732.231,2020-12-29 20:37:00,0.0016
ES,2020-12-30,Wednesday,ODR,3745.745,3739.499,6.246000000000095,3745.999,3739.231,6.767999999999574,True,SHORT,2020-12-30 07:30:00,3738.442,True,True,False,0.0,0.4087,0.4087,3736.946,2020-12-30 07:36:00,0.3602,3741.749,2020-12-30 08:18:00,False,,0.0,,True,3739.797,2020-12-30 07:44:00,0.0477
ES,2020-12-30,Wednesday,RDR,3742.343,3736.949,5.393999999999778,3744.097,3736.033,8.064000000000306,True,SHORT,2020-12-30 12:45:00,3735.848,True,True,True,0.1958,1.4679,1.4679,3729.031,2020-12-30 15:20:00,0.3055,3738.597,2020-12-30 13:09:00,True,2020-12-30 14:04:00,0.3055,0.1205,True,3737.397,2020-12-30 13:00:00,0.0831
ES,2020-12-31,Thursday,ADR,3736.152,3731.651,4.501000000000204,3736.197,3731.637,4.559999999999945,True,LONG,2020-12-30 20:55:00,3736.454,False,True,False,0.1764,0.6036,0.1764,3736.946,2020-12-30 21:31:00,1.6036,3728.934,2020-12-30 23:11:00,False,,0.3361,,True,3735.942,2020-12-30 21:02:00,0.0467
ES,2020-12-31,Thursday,ODR,3730.451,3724.136,6.315000000000055,3731.948,3724.131,7.817000000000007,True,LONG,2020-12-31 05:50:00,3731.999,True,True,False,0.8785,0.2371,0.8785,3735.999,2020-12-31 06:38:00,0.4456,3727.637,2020-12-31 08:22:00,True,2020-12-31 06:20:00,0.0,0.4456,True,3729.931,2020-12-31 07:31:00,0.0823
ES,2020-12-31,Thursday,RDR,3733.797,3727.242,6.554999999999836,3735.099,3725.233,9.865999999999985,True,LONG,2020-12-31 14:15:00,3738.236,True,False,,4.0662,0.1844,4.0662,3760.451,2020-12-31 15:59:00,0.0,3737.231,2020-12-31 14:26:00,True,2020-12-31 14:20:00,0.0,0.0,False,,,
GC,2020-01-02,Thursday,ADR,1520.808,1518.075,2.7329999999999472,1520.835,1517.115,3.7200000000000273,True,LONG,2020-01-01 22:05:00,1520.925,True,True,True,0.1196,0.0,0.0538,1520.955,2020-01-01 22:10:00,0.6842,1518.938,2020-01-02 00:04:00,False,,0.0048,,True,1520.795,2020-01-01 22:10:00,0.0048
GC,2020-01-02,Thursday,ODR,1520.815,1519.135,1.6800000000000637,1520.968,1518.395,2.5730000000000928,True,LONG,2020-01-02 04:35:00,1521.015,True,True,True,2.619,0.0,2.619,1525.215,2020-01-02 08:21:00,0.7304,1519.588,2020-01-02 05:11:00,True,2020-01-02 06:02:00,0.7304,0.0,True,1520.595,2020-01-02 04:41:00,0.131
GC,2020-01-02,Thursday,RDR,1529.738,1526.245,3.4930000000001655,1530.548,1525.668,4.880000000000109,True,SHORT,2020-01-02 11:55:00,1525.455,True,True,False,0.4552,1.0106,1.0106,1522.715,2020-01-02 12:21:00,0.6593,1528.548,2020-01-02 15:52:00,True,2020-01-02 12:16:00,0.0,0.6593,True,1526.275,2020-01-02 13:42:00,0.0086
GC,2020-01-03,Friday,ADR,1530.818,1529.388,1.4300000000000637,1531.038,1529.288,1.75,True,LONG,2020-01-02 20:40:00,1532.428,True,False,,9.0559,0.0,9.0559,1543.768,2020-01-03 00:33:00,0.0,1532.005,2020-01-02 20:47:00,True,2020-01-02 20:45:00,0.0,0.0,False,,,
GC,2020-01-03,Friday,ODR,1544.528,1543.295,1.2329999999999472,1545.378,1543.0,2.377999999999929,True,LONG,2020-01-03 04:05:00,1545.745,False,True,False,5.6099,1.9846,5.6099,1551.445,2020-01-03 06:43:00,2.9846,1540.848,2020-01-03 08:27:00,True,2020-01-03 04:10:00,0.0,2.9846,True,1544.098,2020-01-03 08:01:00,0.3487
GC,2020-01-03,Friday,RDR,1550.195,1544.445,5.75,1550.988,1544.048,6.940000000000055,True,LONG,2020-01-03 13:35:00,1551.608,True,True,False,0.5774,0.0,0.2423,1551.588,2020-01-03 13:40:00,0.7021,1546.158,2020-01-03 14:44:00,False,,0.1357,,True,1549.415,2020-01-03 13:40:00,0.1357
GC,2020-01-06,Monday,ADR,1575.128,1569.355,5.772999999999911,1576.355,1568.545,7.809999999999945,True,LONG,2020-01-05 20:50:00,1577.678,True,True,False,0.8379,0.0,0.8379,1579.965,2020-01-05 20:57:00,0.2915,1573.445,2020-01-06 00:48:00,True,2020-01-05 20:55:00,0.0,0.2915,True,1574.878,2020-01-05 23:43:00,0.0433
GC,2020-01-06,Monday,ODR,1576.308,1571.945,4.363000000000056,1576.435,1571.265,5.169999999999845,True,LONG,2020-01-06 04:20:00,1576.468,True,True,False,0.6807,0.0,0.6807,1579.278,2020-01-06 06:48:00,0.482,1574.205,2020-01-06 08:29:00,True,2020-01-06 06:34:00,0.2964,0.482,True,1576.278,2020-01-06 04:25:00,0.0069
GC,2020-01-06,Monday,RDR,1576.058,1566.765,9.292999999999893,1576.608,1566.145,10.462999999999965,True,SHORT,2020-01-06 10:35:00,1564.495,True,True,True,0.0,0.6467,0.6467,1560.755,2020-01-06 11:34:00,0.1833,1568.468,2020-01-06 13:46:00,True,2020-01-06 10:42:00,0.0,0.1833,True,1567.068,2020-01-06 13:23:00,0.0326
GC,2020-01-07,Tuesday,ADR,1565.365,1563.325,2.0399999999999636,1565.415,1562.885,2.5299999999999727,True,SHORT,2020-01-06 20:30:00,1562.775,False,True,False,1.8887,3.9593,3.9593,1555.248,2020-01-06 21:10:00,2.8887,1569.218,2020-01-07 01:33:00,True,2020-01-06 20:36:00,0.0,2.8887,True,1564.685,2020-01-07 01:01:00,0.6667
GC,2020-01-07,Tuesday,ODR,1569.635,1564.655,4.980000000000018,1570.408,1564.485,5.923000000000002,True,SHORT,2020-01-07 04:25:00,1564.475,True,True,False,0.0,0.2926,0.2926,1563.198,2020-01-07 04:31:00,0.9779,1569.525,2020-01-07 07:28:00,False,,0.0,,True,1564.725,2020-01-07 04:36:00,0.0141
GC,2020-01-07,Tuesday,RDR,1570.448,1567.138,3.310000000000173,1571.605,1565.448,6.156999999999925,True,LONG,2020-01-07 12:00:00,1572.105,True,True,True,0.7976,0.0,0.7976,1573.088,2020-01-07 13:54:00,0.287,1569.498,2020-01-07 14:19:00,True,2020-01-07 12:05:00,0.0,0.287,True,1570.345,2020-01-07 14:12:00,0.0311
GC,2020-01-08,Wednesday,ADR,1609.885,1597.838,12.047000000000025,1609.885,1596.658,13.22700000000009,True,SHORT,2020-01-07 20:40:00,1593.035,True,False,,0.0,1.187,1.187,1583.538,2020-01-07 21:41:00,0.0,1596.685,2020-01-07 20:53:00,True,2020-01-07 20:45:00,0.0,0.0,False,,,
GC,2020-01-08,Wednesday,ODR,1588.515,1580.915,7.600000000000136,1588.915,1579.925,8.990000000000009,True,SHORT,2020-01-08 04:20:00,1579.495,True,True,True,0.0,1.6943,1.6943,1568.038,2020-01-08 08:22:00,0.6237,1585.655,2020-01-08 04:51:00,True,2020-01-08 06:33:00,0.6237,0.0,True,1581.535,2020-01-08 04:29:00,0.0816
GC,2020-01-08,Wednesday,RDR,1577.185,1571.485,5.7000000000000455,1578.258,1570.918,7.3400000000001455,True,SHORT,2020-01-08 10:30:00,1570.615,True,True,True,0.0,3.3872,3.3872,1552.178,2020-01-08 14:47:00,0.504,1574.358,2020-01-08 10:56:00,True,2020-01-08 11:11:00,0.504,0.0075,True,1572.185,2020-01-08 10:38:00,0.1228
GC,2020-01-09,Thursday,ADR,1559.095,1554.935,4.160000000000082,1559.638,1554.325,5.3129999999998745,True,LONG,2020-01-08 20:30:00,1560.395,False,True,False,0.5264,3.5649,0.5264,1561.285,2020-01-08 20:47:00,4.5649,1540.105,2020-01-09 01:43:00,True,2020-01-08 20:47:00,0.0,4.5649,True,1558.945,2020-01-08 21:26:00,0.0361
GC,2020-01-09,Thursday,ODR,1547.995,1545.478,2.5169999999998254,1548.618,1544.478,4.139999999999873,True,LONG,2020-01-09 06:50:00,1549.138,True,True,True,3.3743,0.2475,3.3743,1556.488,2020-01-09 07:55:00,0.6305,1546.408,2020-01-09 07:12:00,True,2020-01-09 07:25:00,0.6305,0.0,True,1547.725,2020-01-09 07:00:00,0.1073
GC,2020-01-09,Thursday,RDR,1551.648,1548.355,3.2929999999998927,1552.558,1546.545,6.01299999999992,True,LONG,2020-01-09 13:15:00,1553.205,True,True,False,1.0264,1.0963,1.0264,1555.028,2020-01-09 13:26:00,0.6134,1549.628,2020-01-09 15:57:00,True,2020-01-09 13:20:00,0.0,0.6134,True,1551.578,2020-01-09 15:20:00,0.0213
GC,2020-01-10,Friday,ADR,1551.845,1547.895,3.9500000000000455,1552.145,1547.418,4.727000000000089,True,SHORT,2020-01-09 22:30:00,1547.405,True,True,True,0.0,0.5646,0.5646,1545.665,2020-01-09 23:33:00,0.1856,1548.628,2020-01-10 00:56:00,True,2020-01-09 23:32:00,0.0,0.1856,True,1547.935,2020-01-10 00:25:00,0.0101
GC,2020-01-10,Friday,ODR,1552.168,1550.075,2.092999999999847,1552.368,1549.745,2.6230000000000473,True,SHORT,2020-01-10 04:25:00,1549.155,True,True,True,0.0,1.3665,1.3665,1547.215,2020-01-10 08:25:00,0.3679,1550.845,2020-01-10 06:55:00,True,2020-01-10 04:38:00,0.3679,0.3679,True,1550.105,2020-01-10 06:31:00,0.0143
GC,2020-01-10,Friday,RDR,1555.798,1552.598,3.2000000000000455,1556.248,1552.368,3.880000000000109,True,LONG,2020-01-10 10:45:00,1557.148,True,False,,1.6241,0.0,1.6241,1560.995,2020-01-10 11:36:00,0.0,1557.115,2020-01-10 10:50:00,True,2020-01-10 10:50:00,0.0,0.0,False,,,
GC,2020-01-13,Monday,ADR,1559.645,1554.945,4.7000000000000455,1559.795,1554.235,5.560000000000173,True,SHORT,2020-01-13 01:25:00,1553.975,True,True,False,0.0,0.2404,0.2213,1553.905,2020-01-13 01:38:00,0.0623,1555.238,2020-01-13 01:54:00,False,,0.0,,True,1555.045,2020-01-13 01:48:00,0.0213
GC,2020-01-13,Monday,ODR,1552.705,1550.158,2.5470000000000255,1553.025,1549.835,3.1900000000000546,True,SHORT,2020-01-13 04:00:00,1549.388,False,True,False,1.1464,1.4723,1.4723,1546.408,2020-01-13 04:05:00,2.1464,1555.625,2020-01-13 08:20:00,True,2020-01-13 04:05:00,0.0,2.1464,True,1550.245,2020-01-13 05:30:00,0.0342
GC,2020-01-13,Monday,RDR,1554.165,1548.965,5.2000000000000455,1554.728,1548.578,6.150000000000091,True,SHORT,2020-01-13 14:05:00,1548.448,True,True,True,0.0,0.1558,0.1558,1548.155,2020-01-13 14:13:00,0.2775,1550.408,2020-01-13 15:15:00,False,,0.0,,True,1549.015,2020-01-13 14:17:00,0.0096
GC,2020-01-14,Tuesday,ADR,1543.995,1537.195,6.7999999999999545,1544.245,1535.828,8.416999999999916,False,,,,,,,0.0,0.1672,,,,,,,False,,,,False,,,
GC,2020-01-14,Tuesday,ODR,1545.705,1541.818,3.8869999999999436,1545.868,1541.698,4.169999999999845,False,,,,,,,0.0548,0.0,,,,,,,False,,,,False,,,
GC,2020-01-14,Tuesday,RDR,1546.308,1543.015,3.2929999999998927,1546.965,1543.005,3.959999999999809,True,SHORT,2020-01-14 10:35:00,1541.575,False,True,False,0.7401,0.652,0.5436,1541.225,2020-01-14 10:43:00,1.7401,1548.745,2020-01-14 13:37:00,True,2020-01-14 10:40:00,0.0,1.7401,True,1543.228,2020-01-14 10:49:00,0.0647
GC,2020-01-15,Wednesday,ADR,1549.425,1546.885,2.5399999999999636,1549.575,1546.758,2.8170000000000073,True,SHORT,2020-01-14 20:35:00,1546.448,False,True,False,1.7283,0.235,0.1839,1546.418,2020-01-14 20:40:00,2.7283,1553.815,2020-01-15 01:03:00,False,,0.0,,True,1547.018,2020-01-14 20:41:00,0.0524
GC,2020-01-15,Wednesday,ODR,1553.615,1552.235,1.3800000000001091,1554.205,1551.795,2.4099999999998545,True,SHORT,2020-01-15 05:50:00,1551.655,True,True,True,0.0094,3.8746,3.8746,1546.888,2020-01-15 08:22:00,0.6014,1553.065,2020-01-15 06:16:00,True,2020-01-15 05:55:00,0.6014,0.6014,True,1552.298,2020-01-15 06:07:00,0.0457
GC,2020-01-15,Wednesday,RDR,1553.085,1549.595,3.490000000000009,1553.278,1548.765,4.51299999999992,True,SHORT,2020-01-15 11:00:00,1548.738,False,True,False,1.4507,0.2693,0.2521,1548.715,2020-01-15 11:05:00,2.4507,1558.148,2020-01-15 14:32:00,False,,0.0,,True,1549.748,2020-01-15 11:06:00,0.0438
GC,2020-01-16,Thursday,ADR,1557.585,1556.108,1.4770000000000891,1557.715,1555.668,2.0470000000000255,True,SHORT,2020-01-15 21:05:00,1555.645,True,True,True,0.0,3.1571,3.1571,1551.445,2020-01-16 00:58:00,0.6479,1557.065,2020-01-15 21:30:00,True,2020-01-15 22:03:00,0.6479,0.3995,True,1556.135,2020-01-15 21:15:00,0.0183
GC,2020-01-16,Thursday,ODR,1554.525,1553.085,1.4400000000000546,1554.605,1551.755,2.849999999999909,True,LONG,2020-01-16 04:00:00,1554.935,True,True,True,2.0069,0.0,2.0069,1557.415,2020-01-16 07:26:00,0.0625,1554.435,2020-01-16 06:01:00,True,2020-01-16 04:05:00,0.0625,0.0625,True,1554.465,2020-01-16 05:56:00,0.0417
GC,2020-01-16,Thursday,RDR,1555.005,1550.355,4.650000000000091,1555.468,1549.668,5.800000000000182,True,SHORT,2020-01-16 10:35:00,1549.665,True,True,False,0.0,0.5118,0.5118,1547.975,2020-01-16 10:45:00,0.7727,1553.948,2020-01-16 15:59:00,True,2020-01-16 10:45:00,0.0,0.7727,True,1550.405,2020-01-16 10:50:00,0.0108
GC,2020-01-17,Friday,ADR,1552.255,1549.878,2.37700000000018,1552.255,1549.295,2.9600000000000364,True,LONG,2020-01-16 20:30:00,1552.485,True,True,True,1.9449,0.0,1.9449,1556.878,2020-01-17 01:51:00,0.1292,1551.948,2020-01-16 21:10:00,True,2020-01-16 20:45:00,0.1292,0.1292,True,1552.195,2020-01-16 21:09:00,0.0252
GC,2020-01-17,Friday,ODR,1555.575,1554.375,1.2000000000000455,1555.635,1554.075,1.5599999999999454,True,LONG,2020-01-17 05:30:00,1556.145,True,False,,4.2608,0.275,4.2608,1560.688,2020-01-17 08:13:00,0.0,1555.615,2020-01-17 05:45:00,True,2020-01-17 05:49:00,0.0,0.0,False,,,
GC,2020-01-17,Friday,RDR,1558.675,1554.605,4.069999999999936,1558.905,1554.005,4.899999999999864,True,LONG,2020-01-17 12:15:00,1558.988,True,True,False,0.6093,0.0779,0.6093,1561.155,2020-01-17 14:24:00,0.6069,1556.205,2020-01-17 15:57:00,True,2020-01-17 13:25:00,0.027,0.6069,True,1558.598,2020-01-17 12:31:00,0.0189
GC,2020-01-20,Monday,ADR,1558.288,1556.785,1.502999999999929,1558.405,1556.565,1.8399999999999181,True,LONG,2020-01-19 20:30:00,1558.595,True,True,True,2.9388,0.0,2.9388,1562.705,2020-01-20 01:14:00,0.9468,1556.865,2020-01-19 21:03:00,True,2020-01-19 23:02:00,0.9468,0.0,True,1558.085,2020-01-19 20:37:00,0.1351
GC,2020-01-20,Monday,ODR,1561.468,1559.475,1.9930000000001655,1561.668,1559.205,2.4629999999999654,True,SHORT,2020-01-20 08:00:00,1559.065,True,True,False,0.0,0.6407,0.2107,1559.055,2020-01-20 08:05:00,0.4717,1560.415,2020-01-20 08:28:00,False,,0.0552,,True,1559.585,2020-01-20 08:05:00,0.0552
GC,2020-01-20,Monday,RDR,1560.548,1559.505,1.0429999999998927,1560.618,1559.265,1.352999999999838,True,LONG,2020-01-20 10:55:00,1560.905,True,True,False,0.582,0.0,0.582,1561.155,2020-01-20 11:45:00,0.2617,1560.275,2020-01-20 11:23:00,True,2020-01-20 11:45:00,0.2617,0.1151,True,1560.538,2020-01-20 11:01:00,0.0096
GC,2020-01-21,Tuesday,ADR,1566.275,1560.238,6.037000000000035,1567.855,1559.938,7.916999999999916,True,LONG,2020-01-20 21:35:00,1568.348,True,True,False,0.3699,0.0,0.3633,1568.468,2020-01-20 21:40:00,0.169,1565.255,2020-01-21 00:42:00,False,,0.0,,True,1565.748,2020-01-20 22:05:00,0.0873
GC,2020-01-21,Tuesday,ODR,1560.935,1554.255,6.679999999999836,1561.475,1552.545,8.929999999999836,True,SHORT,2020-01-21 08:25:00,1552.345,True,,,0.0,0.3708,,,,,,,False,,,,False,,,
GC,2020-01-21,Tuesday,RDR,1556.318,1548.068,8.25,1556.678,1546.238,10.440000000000055,True,LONG,2020-01-21 10:40:00,1557.015,True,True,True,0.4396,0.0,0.4396,1559.945,2020-01-21 13:37:00,0.2388,1554.348,2020-01-21 13:11:00,False,,0.2388,,True,1556.098,2020-01-21 11:21:00,0.0267
GC,2020-01-22,Wednesday,ADR,1557.125,1553.358,3.7670000000000528,1557.495,1552.968,4.526999999999816,True,SHORT,2020-01-21 21:20:00,1552.775,True,True,True,0.0,0.8118,0.8118,1550.3,2020-01-21 21:54:00,0.0842,1553.675,2020-01-21 21:33:00,True,2020-01-21 21:51:00,0.0842,0.0284,True,1553.655,2020-01-21 21:30:00,0.0788
GC,2020-01-22,Wednesday,ODR,1556.188,1554.035,2.15300000000002,1556.585,1553.825,2.759999999999991,True,LONG,2020-01-22 04:00:00,1556.955,True,True,True,1.3841,0.0,1.3841,1559.168,2020-01-22 06:05:00,0.517,1555.075,2020-01-22 08:00:00,True,2020-01-22 04:14:00,0.0,0.517,True,1555.585,2020-01-22 06:45:00,0.2801
GC,2020-01-22,Wednesday,RDR,1558.755,1555.035,3.7200000000000273,1558.955,1555.005,3.949999999999818,False,,,,,,,0.0116,0.0565,,,,,,,False,,,,False,,,
GC,2020-01-23,Thursday,ADR,1562.395,1559.355,3.0399999999999636,1563.498,1558.595,4.90300000000002,True,SHORT,2020-01-22 21:05:00,1556.565,True,True,True,0.0,1.3125,1.3125,1555.365,2020-01-23 01:28:00,0.477,1560.805,2020-01-23 00:33:00,True,2020-01-22 21:10:00,0.477,0.477,True,1559.545,2020-01-23 00:17:00,0.0625
GC,2020-01-23,Thursday,ODR,1556.575,1553.515,3.0599999999999454,1556.948,1552.908,4.040000000000191,True,SHORT,2020-01-23 06:55:00,1552.845,False,True,False,0.3049,0.5611,0.5611,1551.798,2020-01-23 07:02:00,1.3049,1557.508,2020-01-23 08:26:00,True,2020-01-23 07:02:00,0.0,1.3049,True,1553.745,2020-01-23 07:04:00,0.0752
GC,2020-01-23,Thursday,RDR,1563.758,1557.485,6.273000000000138,1564.858,1557.065,7.792999999999893,True,LONG,2020-01-23 11:20:00,1564.988,True,True,False,0.652,0.0,0.652,1567.848,2020-01-23 13:01:00,0.5627,1560.228,2020-01-23 14:03:00,True,2020-01-23 11:32:00,0.0303,0.5627,True,1563.635,2020-01-23 11:55:00,0.0196
GC,2020-01-24,Friday,ADR,1561.485,1559.715,1.7699999999999818,1561.575,1559.508,2.0670000000000073,True,LONG,2020-01-23 20:40:00,1561.628,False,True,False,0.6667,0.2203,0.6667,1562.665,2020-01-23 20:49:00,1.2203,1559.325,2020-01-23 23:43:00,True,2020-01-23 20:48:00,0.0565,1.2203,True,1561.385,2020-01-23 20:45:00,0.0565
GC,2020-01-24,Friday,ODR,1559.815,1558.0,1.8150000000000546,1559.998,1557.545,2.4529999999999745,True,LONG,2020-01-24 04:40:00,1560.135,False,True,False,1.6931,0.8512,1.6931,1562.888,2020-01-24 05:05:00,1.8512,1556.455,2020-01-24 08:23:00,True,2020-01-24 04:49:00,0.0,1.8512,True,1559.255,2020-01-24 06:06:00,0.3085
GC,2020-01-24,Friday,RDR,1574.798,1560.535,14.26299999999992,1575.008,1560.275,14.732999999999947,False,,,,,,,0.0692,0.0,,,,,,,False,,,,False,,,
GC,2020-01-27,Monday,ADR,1580.335,1577.628,2.7070000000001073,1581.445,1577.415,4.029999999999973,True,LONG,2020-01-26 20:40:00,1581.458,True,True,False,0.9974,0.0,0.9974,1583.035,2020-01-26 21:33:00,0.9003,1577.898,2020-01-26 23:23:00,True,2020-01-26 21:01:00,0.0,0.9003,True,1580.285,2020-01-26 22:09:00,0.0185
GC,2020-01-27,Monday,ODR,1579.445,1576.128,3.3170000000000073,1579.705,1575.798,3.9069999999999254,True,LONG,2020-01-27 04:00:00,1580.318,True,False,,2.0359,0.0,2.0359,1586.198,2020-01-27 06:00:00,0.0,1579.518,2020-01-27 04:10:00,True,2020-01-27 04:12:00,0.0,0.0,False,,,
GC,2020-01-27,Monday,RDR,1584.728,1578.345,6.383000000000038,1585.908,1578.035,7.87299999999982,True,SHORT,2020-01-27 13:00:00,1577.865,True,True,False,0.0,0.2068,0.2068,1577.025,2020-01-27 13:46:00,0.7446,1583.098,2020-01-27 15:58:00,False,,0.2522,,True,1578.615,2020-01-27 13:05:00,0.0423
GC,2020-01-28,Tuesday,ADR,1582.635,1580.255,2.3799999999998818,1582.965,1579.968,2.9969999999998436,True,SHORT,2020-01-27 22:55:00,1579.575,True,True,True,0.0,0.9357,0.9357,1578.028,2020-01-28 01:23:00,0.1189,1580.538,2020-01-28 00:25:00,True,2020-01-27 23:45:00,0.1189,0.1189,True,1580.265,2020-01-27 23:15:00,0.0042
GC,2020-01-28,Tuesday,ODR,1580.665,1577.115,3.5499999999999545,1581.215,1577.115,4.099999999999909,True,LONG,2020-01-28 04:00:00,1581.588,False,True,False,0.4375,1.5569,0.3699,1581.978,2020-01-28 04:06:00,2.5569,1571.588,2020-01-28 07:49:00,False,,0.0,,True,1580.628,2020-01-28 04:09:00,0.0104
GC,2020-01-28,Tuesday,RDR,1577.028,1569.855,7.173000000000002,1577.928,1568.945,8.983000000000175,True,SHORT,2020-01-28 10:30:00,1568.455,True,True,True,0.0,0.3941,0.3941,1567.028,2020-01-28 12:16:00,0.2621,1571.735,2020-01-28 13:39:00,False,,0.2472,,True,1570.125,2020-01-28 10:50:00,0.0376
GC,2020-01-29,Wednesday,ADR,1568.895,1565.605,3.2899999999999636,1569.225,1564.265,4.959999999999809,True,SHORT,2020-01-28 20:45:00,1564.105,True,True,False,0.0,0.69,0.69,1563.335,2020-01-28 22:15:00,0.6809,1567.845,2020-01-29 01:47:00,True,2020-01-28 22:11:00,0.3343,0.6809,True,1565.848,2020-01-28 20:59:00,0.0739
GC,2020-01-29,Wednesday,ODR,1569.338,1567.475,1.8630000000000564,1569.855,1567.168,2.6870000000001255,True,LONG,2020-01-29 04:20:00,1570.105,True,True,True,1.621,0.0,1.621,1572.358,2020-01-29 06:58:00,0.1358,1569.085,2020-01-29 08:20:00,True,2020-01-29 04:25:00,0.0,0.1358,True,1569.268,2020-01-29 08:19:00,0.0376
GC,2020-01-29,Wednesday,RDR,1573.418,1568.375,5.042999999999893,1574.408,1567.775,6.632999999999811,True,LONG,2020-01-29 14:40:00,1575.028,True,False,,0.8983,0.0,0.8983,1577.948,2020-01-29 15:16:00,0.0,1574.545,2020-01-29 14:51:00,True,2020-01-29 14:52:00,0.0,0.0,False,,,
GC,2020-01-30,Thursday,ADR,1579.885,1577.758,2.1269999999999527,1580.118,1577.558,2.5599999999999454,True,LONG,2020-01-29 21:25:00,1580.395,False,True,False,0.4137,0.4057,0.4137,1580.765,2020-01-29 23:02:00,1.4057,1576.895,2020-01-30 01:09:00,False,,0.8919,,True,1579.775,2020-01-29 21:31:00,0.0517
GC,2020-01-30,Thursday,ODR,1582.568,1580.535,2.0329999999999018,1582.985,1580.335,2.6499999999998636,True,SHORT,2020-01-30 04:10:00,1580.318,True,True,True,0.0,1.3699,1.3699,1577.75,2020-01-30 08:28:00,0.5819,1581.718,2020-01-30 06:25:00,True,2020-01-30 04:20:00,0.5819,0.5819,True,1580.588,2020-01-30 04:15:00,0.0261
GC,2020-01-30,Thursday,RDR,1579.238,1574.958,4.279999999999973,1580.058,1572.155,7.90300000000002,True,LONG,2020-01-30 10:35:00,1582.238,True,True,False,1.5537,0.0,1.5537,1585.888,2020-01-30 12:38:00,0.7554,1576.005,2020-01-30 15:49:00,True,2020-01-30 10:40:00,0.0,0.7554,True,1577.028,2020-01-30 14:59:00,0.5164
GC,2020-01-31,Friday,ADR,1575.155,1571.065,4.089999999999918,1575.395,1570.905,4.490000000000009,False,,,,,,,0.0,0.0318,,,,,,,False,,,,False,,,
GC,2020-01-31,Friday,ODR,1578.065,1576.208,1.856999999999971,1578.205,1576.068,2.1369999999999436,True,LONG,2020-01-31 04:10:00,1578.215,True,True,True,2.1933,0.0,2.1933,1582.138,2020-01-31 08:19:00,0.1546,1577.778,2020-01-31 04:19:00,True,2020-01-31 04:23:00,0.1546,0.133,True,1577.995,2020-01-31 04:18:00,0.0377
GC,2020-01-31,Friday,RDR,1584.735,1580.695,4.039999999999964,1584.775,1580.568,4.207000000000107,True,LONG,2020-01-31 10:40:00,1584.828,True,True,True,1.1735,0.0,1.1735,1589.476,2020-01-31 15:43:00,0.9975,1580.705,2020-01-31 12:12:00,True,2020-01-31 10:49:00,0.9975,0.9975,True,1584.278,2020-01-31 10:45:00,0.1131
GC,2020-02-03,Monday,ADR,1588.965,1583.075,5.889999999999873,1588.965,1582.028,6.936999999999898,True,SHORT,2020-02-02 22:15:00,1581.455,True,False,,0.0,0.7012,0.7012,1578.945,2020-02-03 01:33:00,0.0,1581.805,2020-02-02 22:21:00,True,2020-02-02 22:26:00,0.0,0.0,False,,,
GC,2020-02-03,Monday,ODR,1579.235,1575.255,3.979999999999791,1579.615,1573.218,6.3969999999999345,True,LONG,2020-02-03 05:50:00,1579.725,True,True,False,0.4824,0.1123,0.4824,1581.155,2020-02-03 06:01:00,0.809,1576.015,2020-02-03 08:28:00,False,,0.0,,True,1578.908,2020-02-03 06:08:00,0.0822
GC,2020-02-03,Monday,RDR,1579.108,1572.135,6.972999999999956,1580.348,1569.188,11.159999999999854,False,,,,,,,0.0789,0.1219,,,,,,,False,,,,False,,,
GC,2020-02-04,Tuesday,ADR,1578.755,1576.2,2.5550000000000637,1578.975,1575.048,3.9269999999999072,True,SHORT,2020-02-03 22:35:00,1574.715,True,False,,0.0,2.229,2.229,1570.505,2020-02-04 01:57:00,0.0,1575.995,2020-02-03 23:11:00,True,2020-02-03 22:40:00,0.0,0.0,False,,,
GC,2020-02-04,Tuesday,ODR,1572.125,1567.995,4.130000000000109,1573.135,1567.555,5.579999999999927,True,SHORT,2020-02-04 04:00:00,1566.665,True,True,True,0.0,0.9153,0.9153,1564.215,2020-02-04 08:29:00,0.8547,1571.525,2020-02-04 06:03:00,True,2020-02-04 04:05:00,0.8547,0.8547,True,1568.195,2020-02-04 04:57:00,0.0484
GC,2020-02-04,Tuesday,RDR,1561.785,1552.605,9.180000000000064,1561.955,1552.295,9.659999999999854,True,SHORT,2020-02-04 10:35:00,1551.605,True,True,False,0.0,0.3965,0.3965,1548.965,2020-02-04 12:45:00,0.3642,1555.948,2020-02-04 11:12:00,False,,0.3642,,True,1552.895,2020-02-04 10:47:00,0.0316
GC,2020-02-05,Wednesday,ADR,1556.218,1554.605,1.6130000000000564,1556.498,1553.925,2.5730000000000928,True,SHORT,2020-02-04 20:55:00,1553.875,False,True,False,2.7632,1.1203,0.5561,1553.708,2020-02-04 21:02:00,3.7632,1560.675,2020-02-05 00:49:00,True,2020-02-04 21:02:00,0.0558,3.7632,True,1554.665,2020-02-04 21:00:00,0.0372
GC,2020-02-05,Wednesday,ODR,1561.545,1554.205,7.3400000000001455,1561.878,1552.658,9.220000000000027,True,SHORT,2020-02-05 04:30:00,1551.988,True,True,True,0.0,0.9237,0.9237,1547.425,2020-02-05 04:54:00,0.2275,1555.875,2020-02-05 07:00:00,True,2020-02-05 04:44:00,0.0,0.2275,True,1555.385,2020-02-05 06:37:00,0.1608
GC,2020-02-05,Wednesday,RDR,1557.985,1553.925,4.059999999999945,1558.908,1552.625,6.282999999999902,True,LONG,2020-02-05 11:25:00,1558.958,True,True,False,0.385,0.0,0.385,1559.548,2020-02-05 11:38:00,0.3522,1556.555,2020-02-05 15:45:00,False,,0.0,,True,1557.818,2020-02-05 11:48:00,0.0411
GC,2020-02-06,Thursday,ADR,1557.388,1554.985,2.40300000000002,1558.065,1554.465,3.6000000000001364,True,SHORT,2020-02-05 21:45:00,1554.285,False,True,False,0.2942,1.082,1.082,1552.385,2020-02-06 00:06:00,1.2942,1558.095,2020-02-06 01:58:00,True,2020-02-05 23:03:00,0.1581,1.2942,True,1554.995,2020-02-05 21:53:00,0.0042
GC,2020-02-06,Thursday,ODR,1559.865,1558.528,1.336999999999989,1560.585,1558.065,2.519999999999982,True,LONG,2020-02-06 04:15:00,1561.028,True,False,,5.7315,0.0,5.7315,1567.528,2020-02-06 06:00:00,0.0,1561.015,2020-02-06 04:20:00,True,2020-02-06 04:20:00,0.0,0.0,False,,,
GC,2020-02-06,Thursday,RDR,1566.098,1562.795,3.3029999999998836,1568.178,1562.218,5.960000000000036,False,,,,,,,0.3754,0.3875,,,,,,,False,,,,False,,,
GC,2020-02-07,Friday,ADR,1568.848,1565.365,3.4829999999999472,1569.065,1565.155,3.910000000000082,True,SHORT,2020-02-07 01:15:00,1565.148,True,False,,0.0,0.7379,0.7379,1562.795,2020-02-07 01:31:00,0.0,1565.198,2020-02-07 01:20:00,True,2020-02-07 01:29:00,0.0,0.0,False,,,
GC,2020-02-07,Friday,ODR,1566.785,1564.925,1.8600000000001273,1567.808,1564.785,3.022999999999911,True,LONG,2020-02-07 04:45:00,1567.988,False,True,False,1.629,0.4016,1.629,1569.815,2020-02-07 05:11:00,1.4016,1564.178,2020-02-07 08:29:00,True,2020-02-07 04:50:00,0.0,1.4016,True,1566.685,2020-02-07 07:06:00,0.0538
GC,2020-02-07,Friday,RDR,1573.585,1569.355,4.230000000000018,1574.008,1569.128,4.880000000000109,True,SHORT,2020-02-07 10:30:00,1568.955,True,True,False,0.0,1.0095,1.0095,1565.085,2020-02-07 11:28:00,0.8991,1573.158,2020-02-07 14:05:00,True,2020-02-07 10:43:00,0.078,0.8991,True,1569.415,2020-02-07 10:40:00,0.0142
GC,2020-02-10,Monday,ADR,1573.985,1572.485,1.5,1574.275,1571.705,2.5700000000001637,True,SHORT,2020-02-09 20:40:00,1570.528,True,False,,0.0,3.0533,3.0533,1567.905,2020-02-09 21:39:00,0.0,1572.218,2020-02-09 23:56:00,True,2020-02-09 20:45:00,0.0,0.0,False,,,
GC,2020-02-10,Monday,ODR,1574.888,1571.245,3.643000000000029,1575.168,1570.655,4.51299999999992,False,,,,,,,0.0,0.0,,,,,,,False,,,,False,,,
GC,2020-02-10,Monday,RDR,1574.535,1571.655,2.880000000000109,1575.015,1571.588,3.4270000000001346,True,LONG,2020-02-10 12:15:00,1575.068,True,True,False,0.8309,0.0,0.8309,1576.928,2020-02-10 12:36:00,0.7882,1572.265,2020-02-10 15:43:00,True,2020-02-10 12:34:00,0.0,0.7882,True,1574.525,2020-02-10 15:05:00,0.0035
GC,2020-02-11,Tuesday,ADR,1571.645,1570.235,1.4100000000000819,1571.895,1570.165,1.7300000000000182,True,SHORT,2020-02-10 21:05:00,1569.255,True,False,,0.0638,2.4234,2.4234,1566.818,2020-02-11 01:58:00,0.0,1569.255,2020-02-10 21:10:00,True,2020-02-10 21:10:00,0.0,0.0,False,,,
GC,2020-02-11,Tuesday,ODR,1568.438,1566.235,2.203000000000202,1568.855,1565.698,3.1569999999999254,True,LONG,2020-02-11 04:00:00,1569.465,True,True,True,1.6069,0.0,1.6069,1571.978,2020-02-11 08:26:00,0.5461,1567.235,2020-02-11 05:40:00,True,2020-02-11 04:05:00,0.5461,0.5461,True,1568.345,2020-02-11 04:24:00,0.0422
GC,2020-02-11,Tuesday,RDR,1573.458,1567.615,5.843000000000075,1573.978,1567.088,6.8900000000001,True,SHORT,2020-02-11 10:40:00,1564.075,True,True,False,0.0,0.9738,0.9738,1561.925,2020-02-11 11:01:00,0.3149,1569.455,2020-02-11 15:18:00,True,2020-02-11 10:45:00,0.0,0.3149,True,1567.688,2020-02-11 13:43:00,0.0125
GC,2020-02-12,Wednesday,ADR,1568.505,1566.275,2.230000000000018,1568.555,1566.105,2.4500000000000455,True,SHORT,2020-02-12 00:30:00,1565.815,True,False,,0.0,0.8955,0.8955,1564.278,2020-02-12 01:11:00,0.0,1566.255,2020-02-12 01:57:00,True,2020-02-12 00:36:00,0.0,0.0,False,,,
GC,2020-02-12,Wednesday,ODR,1565.215,1562.225,2.990000000000009,1565.385,1561.728,3.6569999999999254,True,LONG,2020-02-12 04:20:00,1565.525,True,True,True,0.8204,0.097,0.8204,1567.668,2020-02-12 05:40:00,0.4181,1563.965,2020-02-12 08:15:00,True,2020-02-12 05:29:00,0.2676,0.4181,True,1565.055,2020-02-12 04:31:00,0.0535
GC,2020-02-12,Wednesday,RDR,1566.048,1564.388,1.6600000000000819,1566.258,1563.488,2.769999999999982,True,LONG,2020-02-12 10:40:00,1566.268,True,True,True,2.6205,0.0,2.6205,1570.398,2020-02-12 11:45:00,0.6807,1564.918,2020-02-12 15:06:00,True,2020-02-12 10:51:00,0.044,0.6807,True,1565.975,2020-02-12 10:45:00,0.044
GC,2020-02-13,Thursday,ADR,1572.388,1569.648,2.740000000000009,1572.575,1569.3,3.275000000000091,True,LONG,2020-02-12 22:20:00,1572.585,True,True,True,1.1449,0.127,1.1449,1575.525,2020-02-13 01:19:00,0.0741,1572.185,2020-02-12 23:16:00,True,2020-02-12 22:41:00,0.0741,0.0741,True,1572.375,2020-02-12 23:15:00,0.0047
GC,2020-02-13,Thursday,ODR,1575.245,1573.645,1.599999999999909,1575.778,1573.168,2.6100000000001273,True,LONG,2020-02-13 05:05:00,1576.518,False,True,False,1.4019,0.9438,1.4019,1577.488,2020-02-13 05:10:00,1.9438,1572.135,2020-02-13 08:16:00,True,2020-02-13 05:10:00,0.0,1.9438,True,1575.028,2020-02-13 05:18:00,0.1356
GC,2020-02-13,Thursday,RDR,1577.488,1571.815,5.673000000000002,1578.248,1571.788,6.460000000000036,False,,,,,,,0.0899,0.0,,,,,,,False,,,,False,,,
GC,2020-02-14,Friday,ADR,1577.648,1575.708,1.9399999999998272,1578.108,1574.618,3.490000000000009,True,SHORT,2020-02-13 21:55:00,1574.335,True,True,True,0.0,1.4088,1.4088,1572.975,2020-02-13 22:02:00,0.2253,1576.145,2020-02-14 01:40:00,True,2020-02-13 22:00:00,0.0,0.2253,True,1575.728,2020-02-14 01:29:00,0.0103
GC,2020-02-14,Friday,ODR,1576.155,1575.138,1.0170000000000528,1576.305,1574.435,1.8700000000001182,True,LONG,2020-02-14 04:30:00,1576.468,False,True,False,0.7994,0.3078,0.7994,1576.968,2020-02-14 05:00:00,1.3078,1574.825,2020-02-14 08:19:00,True,2020-02-14 04:35:00,0.4002,1.3078,True,1576.048,2020-02-14 04:40:00,0.1052
GC,2020-02-14,Friday,RDR,1582.518,1579.428,3.089999999999918,1582.808,1578.965,3.8430000000000746,True,LONG,2020-02-14 12:20:00,1582.868,True,True,True,0.5599,0.0,0.5599,1584.248,2020-02-14 14:16:00,0.1845,1581.948,2020-02-14 15:22:00,True,2020-02-14 13:22:00,0.0689,0.1845,True,1582.515,2020-02-14 12:38:00,0.001
GC,2020-02-17,Monday,ADR,1583.448,1581.748,1.7000000000000455,1583.558,1581.425,2.133000000000038,False,,,,,,,0.0,0.2194,,,,,,,False,,,,False,,,
GC,2020-02-17,Monday,ODR,1580.485,1579.068,1.4169999999999163,1580.595,1578.798,1.7970000000000255,True,LONG,2020-02-17 04:00:00,1580.745,True,True,True,0.8772,0.0,0.8772,1581.728,2020-02-17 07:36:00,0.374,1579.955,2020-02-17 06:01:00,True,2020-02-17 06:39:00,0.374,0.1553,True,1580.415,2020-02-17 04:34:00,0.0494
GC,2020-02-17,Monday,RDR,1582.208,1580.868,1.3400000000001455,1582.555,1580.768,1.7870000000000346,False,,,,,,,0.05,0.1269,,,,,,,False,,,,False,,,
GC,2020-02-18,Tuesday,ADR,1586.588,1585.385,1.2029999999999745,1587.028,1585.318,1.7100000000000364,True,LONG,2020-02-17 23:10:00,1587.275,False,True,False,0.6376,0.3466,0.6376,1587.355,2020-02-17 23:15:00,1.3466,1584.968,2020-02-18 01:47:00,True,2020-02-17 23:15:00,0.0,1.3466,True,1586.515,2020-02-17 23:21:00,0.0607
GC,2020-02-18,Tuesday,ODR,1588.775,1587.028,1.747000000000071,1588.795,1586.708,2.086999999999989,True,LONG,2020-02-18 04:10:00,1589.038,False,True,False,0.3165,0.3795,0.3165,1589.328,2020-02-18 05:00:00,1.3795,1586.365,2020-02-18 08:01:00,False,,0.4293,,True,1588.618,2020-02-18 04:15:00,0.0899
GC,2020-02-18,Tuesday,RDR,1597.988,1588.645,9.343000000000075,1598.208,1587.915,10.29300000000012,True,LONG,2020-02-18 10:40:00,1598.448,True,True,True,0.7524,0.0,0.7524,1605.018,2020-02-18 11:28:00,0.1391,1596.688,2020-02-18 10:48:00,True,2020-02-18 11:15:00,0.1391,0.0,True,1597.698,2020-02-18 10:45:00,0.031
GC,2020-02-19,Wednesday,ADR,1603.955,1600.305,3.6499999999998636,1604.738,1600.185,4.553000000000111,True,LONG,2020-02-19 01:20:00,1605.355,True,True,False,0.4474,0.0466,0.4474,1605.588,2020-02-19 01:25:00,0.3507,1602.675,2020-02-19 01:56:00,False,,0.0,,True,1603.715,2020-02-19 01:31:00,0.0658
GC,2020-02-19,Wednesday,ODR,1608.585,1605.048,3.5370000000000346,1609.465,1604.775,4.689999999999827,True,LONG,2020-02-19 05:10:00,1609.655,True,True,False,0.7416,0.0,0.7416,1611.208,2020-02-19 06:14:00,0.7342,1605.988,2020-02-19 08:22:00,True,2020-02-19 05:41:00,0.0755,0.7342,True,1608.318,2020-02-19 05:29:00,0.0755
GC,2020-02-19,Wednesday,RDR,1606.845,1603.275,3.5699999999999363,1607.708,1602.328,5.380000000000109,True,LONG,2020-02-19 12:45:00,1608.145,True,True,True,1.6927,0.0,1.6927,1612.888,2020-02-19 15:59:00,0.3557,1605.575,2020-02-19 14:19:00,True,2020-02-19 13:26:00,0.3557,0.3557,True,1606.208,2020-02-19 14:14:00,0.1784
GC,2020-02-20,Thursday,ADR,1609.865,1606.635,3.230000000000018,1609.895,1605.938,3.95699999999988,True,LONG,2020-02-19 21:30:00,1610.048,False,True,False,0.6511,0.1353,0.6511,1611.968,2020-02-19 21:41:00,1.1353,1606.198,2020-02-20 01:47:00,True,2020-02-19 21:40:00,0.1043,1.1353,True,1609.755,2020-02-19 21:35:00,0.0341
GC,2020-02-20,Thursday,ODR,1609.928,1607.135,2.79300000000012,1610.528,1606.965,3.563000000000102,True,LONG,2020-02-20 04:20:00,1610.665,True,True,True,3.1318,0.0,3.1318,1618.675,2020-02-20 07:29:00,0.6087,1608.228,2020-02-20 04:58:00,True,2020-02-20 06:00:00,0.6087,0.0,True,1609.705,2020-02-20 04:33:00,0.0798
GC,2020-02-20,Thursday,RDR,1621.068,1614.885,6.182999999999993,1621.235,1614.425,6.809999999999945,True,LONG,2020-02-20 10:30:00,1621.915,True,True,False,0.4189,0.0,0.4189,1623.658,2020-02-20 11:33:00,0.9235,1615.358,2020-02-20 10:53:00,False,,0.9235,,True,1620.285,2020-02-20 10:39:00,0.1266
GC,2020-02-21,Friday,ADR,1620.965,1618.905,2.0599999999999454,1621.485,1618.895,2.589999999999918,True,LONG,2020-02-20 21:00:00,1621.518,True,False,,5.2573,0.0,5.2573,1631.795,2020-02-21 01:43:00,0.0,1621.518,2020-02-20 21:05:00,True,2020-02-20 21:07:00,0.0,0.0,False,,,
GC,2020-02-21,Friday,ODR,1635.855,1632.005,3.849999999999909,1636.468,1631.958,4.509999999999991,True,SHORT,2020-02-21 04:00:00,1631.835,False,True,False,1.8987,0.1455,0.1083,1631.588,2020-02-21 04:05:00,2.8987,1643.165,2020-02-21 08:20:00,False,,0.0,,True,1632.438,2020-02-21 04:06:00,0.1125
GC,2020-02-21,Friday,RDR,1648.265,1640.518,7.747000000000071,1649.165,1639.868,9.297000000000025,True,SHORT,2020-02-21 11:30:00,1639.655,True,True,False,0.0133,0.293,0.293,1638.248,2020-02-21 11:46:00,1.0133,1648.368,2020-02-21 13:52:00,False,,0.0,,True,1640.905,2020-02-21 11:58:00,0.05
GC,2020-02-24,Monday,ADR,1666.615,1659.055,7.559999999999945,1667.798,1658.428,9.36999999999989,False,,,,,,,0.0106,0.0251,,,,,,,False,,,,False,,,
GC,2020-02-24,Monday,ODR,1682.328,1672.475,9.853000000000065,1686.165,1671.828,14.336999999999989,True,LONG,2020-02-24 04:25:00,1688.145,True,True,False,0.703,0.019,0.6888,1689.115,2020-02-24 04:36:00,1.019,1672.288,2020-02-24 08:07:00,True,2020-02-24 04:30:00,0.0,1.019,True,1681.708,2020-02-24 04:48:00,0.0629
GC,2020-02-24,Monday,RDR,1682.478,1670.955,11.523000000000138,1684.198,1669.568,14.63000000000011,True,SHORT,2020-02-24 14:20:00,1665.418,True,False,,0.0,1.7458,1.7458,1650.838,2020-02-24 14:57:00,0.0,1665.415,2020-02-24 14:25:00,True,2020-02-24 14:25:00,0.0,0.0,False,,,
GC,2020-02-25,Tuesday,ADR,1649.788,1647.045,2.742999999999938,1650.368,1645.648,4.720000000000027,True,LONG,2020-02-24 20:40:00,1651.555,False,True,False,3.2472,5.1137,3.2472,1658.695,2020-02-24 21:12:00,6.1137,1633.018,2020-02-25 01:29:00,True,2020-02-24 20:45:00,0.0,6.1137,True,1648.658,2020-02-25 00:44:00,0.412
GC,2020-02-25,Tuesday,ODR,1653.625,1640.655,12.970000000000027,1653.685,1640.055,13.629999999999882,True,LONG,2020-02-25 04:05:00,1654.595,True,True,False,0.2652,0.0,0.2652,1657.065,2020-02-25 05:46:00,0.9412,1641.418,2020-02-25 06:38:00,False,,0.4094,,True,1653.515,2020-02-25 04:15:00,0.0085
GC,2020-02-25,Tuesday,RDR,1655.848,1648.318,7.529999999999973,1657.128,1646.688,10.439999999999827,True,SHORT,2020-02-25 11:45:00,1645.665,True,True,True,0.3356,3.1102,3.1102,1624.898,2020-02-25 15:59:00,0.6906,1653.518,2020-02-25 14:41:00,True,2020-02-25 11:52:00,0.6906,0.6906,True,1648.488,2020-02-25 12:56:00,0.0226
GC,2020-02-26,Wednesday,ADR,1645.398,1638.895,6.502999999999929,1646.175,1638.795,7.379999999999882,True,SHORT,2020-02-25 21:35:00,1638.005,True,True,False,0.1076,0.3214,0.1395,1637.988,2020-02-25 22:16:00,1.1076,1646.098,2020-02-26 01:58:00,False,,0.3111,,True,1639.008,2020-02-25 21:40:00,0.0174
GC,2020-02-26,Wednesday,ODR,1653.248,1644.175,9.073000000000093,1653.758,1643.735,10.023000000000138,True,LONG,2020-02-26 04:05:00,1654.475,False,True,False,0.1815,0.5342,0.1815,1654.895,2020-02-26 04:12:00,1.5342,1639.328,2020-02-26 08:18:00,False,,0.0,,True,1652.925,2020-02-26 04:13:00,0.0356
GC,2020-02-26,Wednesday,RDR,1639.138,1627.105,12.032999999999902,1639.368,1624.785,14.582999999999856,True,LONG,2020-02-26 11:50:00,1639.985,True,True,False,0.8975,0.0,0.8975,1649.938,2020-02-26 14:53:00,0.2601,1636.008,2020-02-26 15:59:00,True,2020-02-26 13:36:00,0.0443,0.2601,True,1638.945,2020-02-26 12:00:00,0.016
GC,2020-02-27,Thursday,ADR,1647.495,1644.065,3.4299999999998363,1647.608,1643.148,4.460000000000036,True,LONG,2020-02-26 20:30:00,1648.865,True,True,True,1.4761,0.0,1.4761,1652.558,2020-02-27 01:17:00,0.314,1646.418,2020-02-26 22:20:00,True,2020-02-26 20:36:00,0.314,0.314,True,1646.978,2020-02-26 22:09:00,0.1507
GC,2020-02-27,Thursday,ODR,1650.398,1646.025,4.37299999999982,1650.885,1645.425,5.460000000000036,True,SHORT,2020-02-27 04:00:00,1645.085,False,True,False,0.8713,0.4407,0.4407,1644.098,2020-02-27 04:29:00,1.8713,1654.208,2020-02-27 08:19:00,False,,0.2653,,True,1646.415,2020-02-27 04:10:00,0.0892
GC,2020-02-27,Thursday,RDR,1656.328,1650.523,5.805000000000064,1657.708,1650.098,7.610000000000127,True,LONG,2020-02-27 10:30:00,1660.118,False,True,False,0.696,2.5728,0.696,1660.368,2020-02-27 10:35:00,3.5728,1635.588,2020-02-27 15:58:00,True,2020-02-27 10:35:00,0.0,3.5728,True,1655.808,2020-02-27 10:39:00,0.0896
GC,2020-02-28,Friday,ADR,1647.028,1640.508,6.519999999999982,1648.118,1639.838,8.279999999999973,True,SHORT,2020-02-27 22:55:00,1638.865,True,True,True,0.0,2.1334,2.1334,1626.598,2020-02-28 01:12:00,0.2715,1642.278,2020-02-28 00:25:00,True,2020-02-27 23:00:00,0.2715,0.2715,True,1640.558,2020-02-28 00:08:00,0.0077
GC,2020-02-28,Friday,ODR,1638.788,1627.218,11.569999999999936,1641.278,1625.515,15.76299999999992,True,SHORT,2020-02-28 05:10:00,1624.725,True,True,True,0.0,0.8032,0.8032,1617.925,2020-02-28 07:29:00,0.4777,1632.745,2020-02-28 06:07:00,True,2020-02-28 07:29:00,0.4777,0.0,True,1627.775,2020-02-28 05:15:00,0.0481
GC,2020-02-28,Friday,RDR,1622.895,1605.775,17.11999999999989,1623.615,1604.5,19.11500000000001,True,SHORT,2020-02-28 10:30:00,1596.498,True,False,,0.0,2.5074,2.5074,1562.848,2020-02-28 13:29:00,0.0,1598.355,2020-02-28 10:35:00,True,2020-02-28 10:35:00,0.0,0.0,False,,,
GC,2020-03-02,Monday,ADR,1605.608,1590.215,15.393000000000029,1606.518,1588.505,18.01299999999992,False,,,,,,,0.0143,0.0,,,,,,,False,,,,False,,,
GC,2020-03-02,Monday,ODR,1605.458,1597.818,7.6400000000001,1606.718,1597.818,8.900000000000091,True,LONG,2020-03-02 04:15:00,1607.478,False,True,False,0.7199,0.2788,0.7199,1610.958,2020-03-02 05:12:00,1.2788,1595.688,2020-03-02 07:38:00,True,2020-03-02 04:35:00,0.0,1.2788,True,1604.948,2020-03-02 06:38:00,0.0668
GC,2020-03-02,Monday,RDR,1600.128,1593.675,6.4529999999999745,1601.708,1593.335,8.373000000000047,True,SHORT,2020-03-02 10:40:00,1593.035,False,True,True,0.1953,1.5233,1.5233,1583.845,2020-03-02 15:50:00,1.1953,1601.388,2020-03-02 12:39:00,True,2020-03-02 13:41:00,1.1953,0.5687,True,1594.515,2020-03-02 10:52:00,0.1302
GC,2020-03-03,Tuesday,ADR,1600.068,1590.498,9.569999999999936,1600.218,1589.658,10.560000000000173,True,LONG,2020-03-02 23:20:00,1600.678,True,True,False,0.1076,0.0,0.1076,1601.098,2020-03-02 23:26:00,0.6928,1593.438,2020-03-03 01:44:00,False,,0.0,,True,1599.998,2020-03-02 23:27:00,0.0073
GC,2020-03-03,Tuesday,ODR,1597.108,1594.158,2.9500000000000455,1597.168,1594.045,3.12299999999982,True,LONG,2020-03-03 05:05:00,1597.905,True,True,True,2.7864,0.0,2.7864,1605.328,2020-03-03 07:44:00,0.2044,1596.505,2020-03-03 05:28:00,True,2020-03-03 05:16:00,0.2044,0.2044,True,1597.108,2020-03-03 05:12:00,0.0
GC,2020-03-03,Tuesday,RDR,1625.395,1602.488,22.906999999999925,1628.728,1601.748,26.980000000000018,True,LONG,2020-03-03 10:35:00,1637.908,True,False,,1.0396,0.0,1.0396,1649.208,2020-03-03 12:35:00,0.0,1626.418,2020-03-03 15:00:00,True,2020-03-03 10:40:00,0.0,0.0,False,,,
GC,2020-03-04,Wednesday,ADR,1646.418,1640.248,6.169999999999845,1647.088,1639.538,7.5499999999999545,False,,,,,,,0.0827,0.0,,,,,,,False,,,,False,,,
GC,2020-03-04,Wednesday,ODR,1638.148,1635.278,2.869999999999891,1639.548,1634.658,4.8900000000001,True,LONG,2020-03-04 04:50:00,1639.605,True,False,,3.8735,0.123,3.8735,1649.265,2020-03-04 07:32:00,0.0,1638.878,2020-03-04 05:11:00,True,2020-03-04 04:55:00,0.0,0.0,False,,,
GC,2020-03-04,Wednesday,RDR,1646.048,1637.245,8.803000000000111,1646.708,1636.835,9.873000000000047,True,SHORT,2020-03-04 13:50:00,1636.068,True,True,False,0.0,0.3882,0.1666,1635.778,2020-03-04 13:55:00,0.4445,1641.158,2020-03-04 15:18:00,False,,0.0,,True,1637.388,2020-03-04 14:00:00,0.0162
GC,2020-03-05,Thursday,ADR,1639.968,1637.485,2.4830000000001746,1640.768,1636.678,4.089999999999918,True,LONG,2020-03-05 01:55:00,1641.685,True,,,0.729,0.317,,,,,,,False,,,,False,,,
GC,2020-03-05,Thursday,ODR,1640.288,1637.398,2.8900000000001,1641.085,1637.108,3.977000000000089,True,LONG,2020-03-05 04:05:00,1642.285,True,False,,5.4221,0.0,5.4221,1655.958,2020-03-05 08:29:00,0.0,1641.838,2020-03-05 04:13:00,True,2020-03-05 04:10:00,0.0,0.0,False,,,
GC,2020-03-05,Thursday,RDR,1660.138,1655.628,4.509999999999991,1662.528,1654.768,7.759999999999991,True,LONG,2020-03-05 12:20:00,1662.815,True,False,,3.184,0.0,3.184,1674.498,2020-03-05 15:47:00,0.0,1662.708,2020-03-05 12:25:00,True,2020-03-05 12:25:00,0.0,0.0,False,,,
GC,2020-03-06,Friday,ADR,1676.395,1672.658,3.73700000000008,1676.475,1670.728,5.746999999999844,True,SHORT,2020-03-05 20:40:00,1670.468,False,True,False,1.2237,1.3808,1.3808,1667.498,2020-03-05 20:51:00,2.2237,1680.968,2020-03-06 00:39:00,True,2020-03-05 20:45:00,0.0,2.2237,True,1672.835,2020-03-05 23:20:00,0.0474
GC,2020-03-06,Friday,ODR,1677.948,1672.138,5.810000000000173,1679.218,1670.808,8.410000000000082,True,LONG,2020-03-06 04:30:00,1679.275,True,True,True,2.0534,0.0,2.0534,1689.878,2020-03-06 05:21:00,0.475,1675.188,2020-03-06 08:29:00,True,2020-03-06 04:37:00,0.0,0.475,True,1675.188,2020-03-06 08:29:00,0.475
GC,2020-03-06,Friday,RDR,1685.898,1649.738,36.159999999999854,1686.248,1642.128,44.12000000000012,True,LONG,2020-03-06 14:55:00,1686.678,True,True,False,0.1712,0.0639,0.1712,1692.088,2020-03-06 15:06:00,0.5524,1665.925,2020-03-06 15:25:00,False,,0.0348,,True,1684.638,2020-03-06 15:00:00,0.0348
GC,2020-03-09,Monday,ADR,1701.548,1692.008,9.539999999999964,1702.848,1691.938,10.909999999999854,True,SHORT,2020-03-08 22:10:00,1686.665,True,False,,0.1488,3.6373,3.6373,1657.308,2020-03-08 23:47:00,0.0,1688.888,2020-03-08 22:15:00,True,2020-03-08 22:15:00,0.0,0.0,False,,,
GC,2020-03-09,Monday,ODR,1681.345,1672.038,9.307000000000016,1682.578,1670.368,12.210000000000036,True,SHORT,2020-03-09 04:05:00,1666.998,False,True,False,0.3989,1.111,0.9896,1662.828,2020-03-09 05:00:00,1.3989,1685.058,2020-03-09 08:28:00,True,2020-03-09 04:10:00,0.0,1.3989,True,1672.048,2020-03-09 05:12:00,0.0011
GC,2020-03-09,Monday,RDR,1675.618,1669.208,6.4099999999998545,1677.318,1665.945,11.373000000000047,True,SHORT,2020-03-09 10:55:00,1665.0,False,True,False,0.9111,1.1612,1.1612,1661.765,2020-03-09 11:10:00,1.9111,1681.458,2020-03-09 14:08:00,True,2020-03-09 11:00:00,0.0,1.9111,True,1669.275,2020-03-09 11:33:00,0.0105
GC,2020-03-10,Tuesday,ADR,1668.468,1663.088,5.380000000000109,1669.108,1661.485,7.623000000000047,True,LONG,2020-03-09 20:40:00,1669.885,False,True,False,0.5335,2.5725,0.5335,1671.338,2020-03-09 20:45:00,3.5725,1649.248,2020-03-10 01:00:00,True,2020-03-09 20:45:00,0.0,3.5725,True,1668.098,2020-03-09 21:02:00,0.0688
GC,2020-03-10,Tuesday,ODR,1666.128,1660.268,5.8599999999999,1667.418,1660.145,7.272999999999911,True,SHORT,2020-03-10 04:35:00,1659.995,True,True,True,0.227,0.7662,0.7662,1655.778,2020-03-10 05:32:00,1.227,1667.458,2020-03-10 07:09:00,True,2020-03-10 04:41:00,0.1718,1.227,True,1660.305,2020-03-10 04:49:00,0.0063
GC,2020-03-10,Tuesday,RDR,1658.988,1653.435,5.553000000000111,1660.728,1652.225,8.503000000000156,True,SHORT,2020-03-10 11:50:00,1652.185,False,True,True,0.4965,2.1502,2.1502,1641.495,2020-03-10 14:59:00,1.4965,1661.745,2020-03-10 12:32:00,True,2020-03-10 14:06:00,1.4965,0.0,True,1653.598,2020-03-10 11:58:00,0.0294
GC,2020-03-11,Wednesday,ADR,1657.655,1654.535,3.119999999999891,1659.175,1653.258,5.916999999999916,True,LONG,2020-03-10 22:45:00,1659.265,True,False,,2.4423,0.0,2.4423,1665.275,2020-03-11 00:21:00,0.0,1658.085,2020-03-10 23:11:00,True,2020-03-10 22:50:00,0.0,0.0,False,,,
GC,2020-03-11,Wednesday,ODR,1663.005,1656.978,6.027000000000044,1663.638,1656.375,7.26299999999992,True,LONG,2020-03-11 05:55:00,1664.878,True,True,False,1.3527,0.0967,1.3527,1671.158,2020-03-11 07:18:00,0.453,1660.275,2020-03-11 08:29:00,True,2020-03-11 06:02:00,0.0,0.453,True,1662.965,2020-03-11 07:55:00,0.0066
GC,2020-03-11,Wednesday,RDR,1660.048,1646.978,13.069999999999936,1660.205,1646.885,13.319999999999936,True,SHORT,2020-03-11 10:40:00,1645.685,True,True,True,0.0,1.0744,1.0744,1632.935,2020-03-11 14:18:00,0.2928,1650.805,2020-03-11 11:02:00,True,2020-03-11 12:32:00,0.2928,0.0,True,1647.025,2020-03-11 10:46:00,0.0036
GC,2020-03-12,Thursday,ADR,1649.458,1642.695,6.763000000000147,1649.965,1641.475,8.490000000000009,True,SHORT,2020-03-11 20:40:00,1636.628,True,False,,0.0,1.7724,1.7724,1630.708,2020-03-11 21:00:00,0.0,1639.945,2020-03-11 20:53:00,True,2020-03-11 20:45:00,0.0,0.0,False,,,
GC,2020-03-12,Thursday,ODR,1643.985,1639.685,4.2999999999999545,1645.448,1638.485,6.963000000000193,True,SHORT,2020-03-12 04:25:00,1638.355,True,True,True,0.2123,7.8272,7.8272,1606.028,2020-03-12 07:34:00,0.7535,1642.925,2020-03-12 06:31:00,True,2020-03-12 04:40:00,0.7535,0.7535,True,1640.005,2020-03-12 04:31:00,0.0744
GC,2020-03-12,Thursday,RDR,1587.188,1573.138,14.050000000000182,1590.695,1572.495,18.200000000000045,True,SHORT,2020-03-12 10:30:00,1572.408,False,True,False,1.6078,0.8989,0.8989,1560.508,2020-03-12 10:55:00,2.6078,1609.778,2020-03-12 12:01:00,True,2020-03-12 10:51:00,0.0648,2.6078,True,1573.215,2020-03-12 10:35:00,0.0055
GC,2020-03-13,Friday,ADR,1581.485,1562.265,19.2199999999998,1583.038,1559.885,23.15300000000002,True,SHORT,2020-03-12 20:40:00,1554.985,False,True,False,0.5069,0.5723,0.5723,1551.265,2020-03-12 21:02:00,1.5069,1591.228,2020-03-13 00:39:00,True,2020-03-12 21:01:00,0.0,1.5069,True,1562.518,2020-03-12 21:20:00,0.0132
GC,2020-03-13,Friday,ODR,1591.628,1579.865,11.76299999999992,1593.505,1578.795,14.710000000000036,True,LONG,2020-03-13 07:40:00,1594.035,True,True,False,0.5268,0.2321,0.5268,1597.825,2020-03-13 07:57:00,0.5228,1585.478,2020-03-13 08:17:00,True,2020-03-13 07:56:00,0.0731,0.5228,True,1591.488,2020-03-13 07:46:00,0.0119
GC,2020-03-13,Friday,RDR,1573.915,1562.108,11.807000000000016,1575.558,1560.425,15.133000000000038,True,SHORT,2020-03-13 10:35:00,1556.005,True,False,,0.0,4.8878,4.8878,1504.398,2020-03-13 11:44:00,0.0,1556.33,2020-03-13 10:40:00,True,2020-03-13 10:40:00,0.0,0.0,False,,,
GC,2020-03-16,Monday,ADR,1549.975,1530.015,19.95999999999981,1551.888,1523.845,28.042999999999893,False,,,,,,,0.0391,0.0972,,,,,,,False,,,,False,,,
GC,2020-03-16,Monday,ODR,1540.315,1531.148,9.167000000000144,1541.925,1529.348,12.576999999999998,True,SHORT,2020-03-16 04:30:00,1524.268,True,False,,0.056,8.727,8.727,1451.148,2020-03-16 08:03:00,0.0,1529.758,2020-03-16 04:40:00,True,2020-03-16 04:35:00,0.0,0.0,False,,,
GC,2020-03-16,Monday,RDR,1517.075,1477.288,39.787000000000035,1517.998,1475.548,42.450000000000045,False,,,,,,,0.0553,0.0,,,,,,,False,,,,False,,,
GC,2020-03-17,Tuesday,ADR,1517.135,1502.058,15.076999999999998,1519.238,1494.138,25.100000000000136,True,SHORT,2020-03-16 20:55:00,1492.318,True,True,True,0.0,1.2947,1.2947,1482.538,2020-03-17 01:57:00,0.1983,1505.048,2020-03-16 23:15:00,True,2020-03-16 21:00:00,0.1983,0.1983,True,1502.268,2020-03-16 23:12:00,0.0139
GC,2020-03-17,Tuesday,ODR,1487.538,1482.458,5.079999999999927,1487.878,1482.208,5.669999999999845,True,SHORT,2020-03-17 04:30:00,1472.668,False,True,False,0.6406,3.3445,3.3445,1465.468,2020-03-17 05:58:00,1.6406,1490.792,2020-03-17 08:29:00,True,2020-03-17 04:35:00,0.0,1.6406,True,1482.508,2020-03-17 07:21:00,0.0098
GC,2020-03-17,Tuesday,RDR,1549.318,1510.548,38.76999999999998,1553.808,1507.418,46.3900000000001,False,,,,,,,0.0,0.0,,,,,,,False,,,,False,,,
GC,2020-03-18,Wednesday,ADR,1538.695,1531.248,7.446999999999889,1539.828,1529.708,10.11999999999989,True,SHORT,2020-03-17 22:00:00,1529.578,True,True,True,0.0,3.5504,3.5504,1504.808,2020-03-18 01:42:00,0.2632,1533.208,2020-03-17 22:58:00,True,2020-03-17 23:41:00,0.2632,0.0,True,1531.588,2020-03-17 22:36:00,0.0457
GC,2020-03-18,Wednesday,ODR,1507.088,1490.245,16.843000000000075,1508.035,1488.458,19.576999999999998,True,LONG,2020-03-18 05:10:00,1509.638,True,True,False,0.932,0.175,0.932,1522.785,2020-03-18 07:02:00,0.8534,1492.715,2020-03-18 05:59:00,True,2020-03-18 06:59:00,0.8534,0.7718,True,1504.548,2020-03-18 05:27:00,0.1508
GC,2020-03-18,Wednesday,RDR,1510.778,1490.495,20.28300000000013,1513.978,1485.318,28.660000000000082,True,SHORT,2020-03-18 11:15:00,1484.278,True,True,True,0.0,0.881,0.881,1472.625,2020-03-18 12:33:00,0.6011,1502.688,2020-03-18 14:56:00,True,2020-03-18 12:26:00,0.1727,0.6011,True,1493.998,2020-03-18 11:30:00,0.1727
GC,2020-03-19,Thursday,ADR,1493.938,1480.798,13.1400000000001,1494.308,1479.358,14.950000000000045,True,SHORT,2020-03-18 21:55:00,1471.718,True,True,False,0.1613,1.2755,1.2755,1464.038,2020-03-18 23:24:00,1.1613,1496.058,2020-03-19 01:53:00,True,2020-03-18 22:00:00,0.0,1.1613,True,1481.338,2020-03-19 01:15:00,0.0411
GC,2020-03-19,Thursday,ODR,1486.968,1480.228,6.740000000000009,1489.128,1476.838,12.289999999999964,True,SHORT,2020-03-19 05:10:00,1476.065,True,True,True,0.0,2.4114,2.4114,1463.975,2020-03-19 07:15:00,0.2458,1481.885,2020-03-19 06:21:00,True,2020-03-19 05:15:00,0.2458,0.2458,True,1480.978,2020-03-19 05:20:00,0.1113
GC,2020-03-19,Thursday,RDR,1487.958,1472.655,15.303000000000111,1491.648,1470.915,20.732999999999947,True,SHORT,2020-03-19 12:45:00,1470.295,True,True,True,0.0,0.4736,0.4736,1465.408,2020-03-19 13:07:00,0.5119,1480.488,2020-03-19 14:49:00,False,,0.0157,,True,1472.895,2020-03-19 12:55:00,0.0157
GC,2020-03-20,Friday,ADR,1480.408,1471.288,9.11999999999989,1481.728,1471.258,10.470000000000027,True,LONG,2020-03-19 20:40:00,1481.835,True,True,True,2.739,0.0,2.739,1505.388,2020-03-20 01:49:00,0.1469,1479.068,2020-03-19 20:58:00,True,2020-03-19 21:33:00,0.1469,0.011,True,1479.068,2020-03-19 20:58:00,0.1469
GC,2020-03-20,Friday,ODR,1515.145,1503.688,11.45699999999988,1516.045,1501.788,14.257000000000062,True,SHORT,2020-03-20 07:05:00,1501.705,True,True,True,0.0,1.1321,1.1321,1490.718,2020-03-20 08:19:00,0.3428,1507.615,2020-03-20 07:11:00,True,2020-03-20 07:20:00,0.3428,0.0,True,1504.298,2020-03-20 07:10:00,0.0532
GC,2020-03-20,Friday,RDR,1499.788,1489.445,10.343000000000075,1500.058,1487.665,12.393000000000029,True,SHORT,2020-03-20 11:05:00,1485.738,True,True,False,0.0106,0.9929,0.9929,1479.175,2020-03-20 13:26:00,1.0106,1499.898,2020-03-20 15:55:00,True,2020-03-20 11:17:00,0.0,1.0106,True,1493.508,2020-03-20 14:54:00,0.3928
GC,2020-03-23,Monday,ADR,1501.268,1488.838,12.430000000000064,1501.388,1485.788,15.599999999999909,True,SHORT,2020-03-23 01:50:00,1485.278,True,False,,0.0,0.3105,0.2944,1485.178,2020-03-23 01:55:00,0.0,1487.955,2020-03-23 01:59:00,False,,0.0,,False,,,
GC,2020-03-23,Monday,ODR,1491.048,1487.795,3.252999999999929,1491.765,1486.258,5.507000000000062,True,LONG,2020-03-23 04:00:00,1491.928,True,True,True,10.0123,0.0,10.0123,1523.618,2020-03-23 07:12:00,0.5779,1489.168,2020-03-23 04:50:00,True,2020-03-23 04:05:00,0.5779,0.5779,True,1490.788,2020-03-23 04:19:00,0.0799
GC,2020-03-23,Monday,RDR,1543.238,1525.538,17.700000000000045,1543.828,1525.018,18.809999999999945,True,LONG,2020-03-23 11:15:00,1545.548,True,True,True,1.0147,0.0,1.0147,1561.198,2020-03-23 12:49:00,0.161,1540.388,2020-03-23 11:29:00,True,2020-03-23 11:51:00,0.161,0.0,True,1542.948,2020-03-23 11:28:00,0.0164
GC,2020-03-24,Tuesday,ADR,1581.23,1563.495,17.735000000000127,1582.068,1563.215,18.853000000000065,True,SHORT,2020-03-24 00:35:00,1562.338,True,True,False,0.1747,0.3654,0.3654,1557.015,2020-03-24 01:16:00,0.7225,1576.308,2020-03-24 01:50:00,False,,0.0921,,True,1563.528,2020-03-24 00:42:00,0.0019
GC,2020-03-24,Tuesday,ODR,1588.518,1570.208,18.309999999999945,1590.311,1567.378,22.932999999999993,True,LONG,2020-03-24 04:45:00,1591.883,True,True,True,1.4599,0.0,1.4599,1615.248,2020-03-24 05:52:00,0.9541,1571.048,2020-03-24 06:04:00,True,2020-03-24 05:38:00,0.6232,0.9541,True,1586.146,2020-03-24 04:50:00,0.1295
GC,2020-03-24,Tuesday,RDR,1605.238,1584.858,20.38000000000011,1608.915,1584.118,24.797000000000025,True,LONG,2020-03-24 10:35:00,1615.558,True,False,,1.3582,0.0,1.3582,1632.918,2020-03-24 13:22:00,0.0,1607.288,2020-03-24 10:41:00,True,2020-03-24 10:40:00,0.0,0.0,False,,,
GC,2020-03-25,Wednesday,ADR,1629.405,1614.818,14.586999999999989,1629.785,1611.977,17.807999999999993,True,SHORT,2020-03-24 21:35:00,1607.498,True,True,True,0.0,0.7568,0.7568,1603.778,2020-03-25 00:34:00,0.2831,1618.948,2020-03-24 22:08:00,True,2020-03-24 21:40:00,0.2831,0.2831,True,1616.848,2020-03-24 22:03:00,0.1392
GC,2020-03-25,Wednesday,ODR,1604.988,1598.875,6.113000000000056,1609.855,1594.682,15.173000000000002,True,LONG,2020-03-25 04:15:00,1610.898,False,True,True,3.5886,0.4019,3.5886,1626.925,2020-03-25 05:32:00,1.4019,1596.418,2020-03-25 06:34:00,True,2020-03-25 04:20:00,0.0,1.4019,True,1596.418,2020-03-25 06:34:00,1.0
GC,2020-03-25,Wednesday,RDR,1614.748,1606.488,8.259999999999991,1617.648,1604.398,13.25,False,,,,,,,0.3596,0.4879,,,,,,,False,,,,False,,,
GC,2020-03-26,Thursday,ADR,1611.505,1601.945,9.560000000000173,1612.308,1598.338,13.970000000000027,True,SHORT,2020-03-26 01:10:00,1597.895,True,False,,0.0,0.695,0.4477,1597.665,2020-03-26 01:15:00,0.0,1601.888,2020-03-26 01:51:00,False,,0.0,,False,,,
GC,2020-03-26,Thursday,ODR,1606.768,1602.165,4.6030000000000655,1607.538,1600.945,6.593000000000075,True,LONG,2020-03-26 04:45:00,1609.333,True,False,,5.5247,0.0,5.5247,1632.198,2020-03-26 08:12:00,0.0,1606.898,2020-03-26 04:50:00,True,2020-03-26 04:50:00,0.0,0.0,False,,,
GC,2020-03-26,Thursday,RDR,1635.008,1626.388,8.620000000000118,1636.628,1625.598,11.029999999999973,True,SHORT,2020-03-26 11:00:00,1625.538,False,True,False,1.1652,1.2051,1.2051,1616.0,2020-03-26 14:19:00,2.1652,1645.052,2020-03-26 12:39:00,True,2020-03-26 14:14:00,2.1652,0.9524,True,1627.218,2020-03-26 11:10:00,0.0963
GC,2020-03-27,Friday,ADR,1626.848,1621.738,5.1099999999999,1626.898,1619.748,7.149999999999864,True,LONG,2020-03-26 21:40:00,1627.238,True,True,False,0.2348,0.3679,0.2348,1628.048,2020-03-27 00:34:00,1.3679,1619.858,2020-03-27 01:33:00,False,,0.6301,,True,1626.628,2020-03-26 21:45:00,0.0431
GC,2020-03-27,Friday,ODR,1622.908,1616.459,6.448999999999842,1624.528,1614.918,9.610000000000127,True,LONG,2020-03-27 05:40:00,1624.608,False,True,True,0.9831,0.4379,0.9831,1629.248,2020-03-27 08:28:00,1.2262,1615.0,2020-03-27 06:39:00,True,2020-03-27 08:16:00,1.2262,0.0,True,1621.608,2020-03-27 05:48:00,0.2016
GC,2020-03-27,Friday,RDR,1623.148,1618.168,4.980000000000018,1625.948,1616.188,9.759999999999991,True,LONG,2020-03-27 11:35:00,1627.648,True,True,True,1.5964,0.1245,1.5964,1631.098,2020-03-27 14:06:00,1.1245,1617.548,2020-03-27 15:54:00,True,2020-03-27 11:40:00,0.9016,1.1245,True,1622.77,2020-03-27 12:58:00,0.0759
GC,2020-03-30,Monday,ODR,1619.848,1616.248,3.599999999999909,1620.298,1615.698,4.599999999999909,True,LONG,2020-03-30 04:20:00,1620.858,True,True,False,2.0389,0.2167,2.0389,1627.188,2020-03-30 06:59:00,1.2167,1615.468,2020-03-30 08:14:00,True,2020-03-30 04:27:00,0.5,1.2167,True,1619.708,2020-03-30 04:25:00,0.0389
GC,2020-03-30,Monday,RDR,1622.748,1617.888,4.860000000000127,1624.048,1617.888,6.160000000000082,True,SHORT,2020-03-30 13:45:00,1617.688,True,True,False,0.0473,1.3813,1.3813,1611.175,2020-03-30 14:00:00,1.0103,1622.798,2020-03-30 15:59:00,True,2020-03-30 13:56:00,0.0082,1.0103,True,1617.928,2020-03-30 13:50:00,0.0082
GC,2020-03-31,Tuesday,ADR,1618.448,1614.558,3.8900000000001,1618.848,1614.558,4.289999999999964,True,SHORT,2020-03-30 20:50:00,1611.388,True,True,False,0.0,0.8149,0.8149,1611.388,2020-03-30 20:55:00,0.9357,1618.198,2020-03-30 22:39:00,True,2020-03-30 20:55:00,0.0,0.9357,True,1615.035,2020-03-30 21:01:00,0.1226
GC,2020-03-31,Tuesday,ODR,1617.785,1614.548,3.23700000000008,1618.405,1614.058,4.34699999999998,True,SHORT,2020-03-31 04:25:00,1614.008,True,True,True,0.0,6.0704,6.0704,1594.898,2020-03-31 06:54:00,0.0887,1614.835,2020-03-31 04:42:00,True,2020-03-31 04:44:00,0.0887,0.0,True,1614.725,2020-03-31 04:37:00,0.0547
GC,2020-03-31,Tuesday,RDR,1612.788,1606.848,5.940000000000055,1613.458,1605.978,7.480000000000018,True,SHORT,2020-03-31 12:00:00,1603.948,True,False,,0.0,5.2306,5.2306,1575.778,2020-03-31 15:59:00,0.0,1605.998,2020-03-31 12:23:00,True,2020-03-31 12:05:00,0.0,0.0,False,,,
GC,2020-04-01,Wednesday,ADR,1578.638,1576.128,2.509999999999991,1580.518,1575.558,4.960000000000036,True,LONG,2020-03-31 20:50:00,1580.728,True,False,,4.1753,0.0,4.1753,1589.118,2020-04-01 01:53:00,0.0,1578.908,2020-03-31 21:33:00,True,2020-03-31 20:55:00,0.0,0.0,False,,,
GC,2020-04-01,Wednesday,ODR,1598.908,1586.728,12.179999999999836,1599.988,1586.728,13.259999999999991,True,SHORT,2020-04-01 08:00:00,1582.736,True,False,,0.0,0.5805,0.5805,1579.658,2020-04-01 08:16:00,0.0,1586.578,2020-04-01 08:27:00,True,2020-04-01 08:16:00,0.0,0.0,False,,,
GC,2020-04-01,Wednesday,RDR,1585.248,1574.278,10.970000000000027,1589.148,1571.765,17.38299999999981,True,LONG,2020-04-01 11:00:00,1589.258,True,True,True,0.7621,0.0,0.7621,1593.608,2020-04-01 12:30:00,0.6803,1577.785,2020-04-01 13:28:00,True,2020-04-01 11:19:00,0.1076,0.6803,True,1584.388,2020-04-01 11:30:00,0.0784
GC,2020-04-02,Thursday,ADR,1594.008,1588.368,5.6400000000001,1594.998,1588.328,6.670000000000073,True,SHORT,2020-04-01 20:40:00,1587.998,True,True,True,0.0,0.984,0.984,1582.818,2020-04-02 00:48:00,0.0745,1588.788,2020-04-01 20:48:00,True,2020-04-01 21:00:00,0.0745,0.0,True,1588.758,2020-04-01 20:46:00,0.0691
GC,2020-04-02,Thursday,ODR,1597.368,1591.498,5.869999999999891,1599.128,1591.348,7.779999999999973,True,SHORT,2020-04-02 04:05:00,1590.338,False,True,False,1.8654,1.0755,1.0755,1585.185,2020-04-02 05:07:00,2.8654,1608.318,2020-04-02 08:24:00,True,2020-04-02 04:12:00,0.0426,2.8654,True,1591.748,2020-04-02 04:26:00,0.0426
GC,2020-04-02,Thursday,RDR,1611.508,1602.0,9.508000000000038,1612.768,1600.998,11.769999999999982,True,LONG,2020-04-02 12:55:00,1612.808,True,True,True,0.8868,0.0,0.8868,1619.94,2020-04-02 15:16:00,0.3586,1608.098,2020-04-02 14:32:00,True,2020-04-02 13:51:00,0.3586,0.3586,True,1611.208,2020-04-02 13:07:00,0.0316
GC,2020-04-03,Friday,ADR,1614.595,1610.138,4.457000000000107,1615.418,1609.515,5.902999999999793,True,SHORT,2020-04-02 20:45:00,1609.285,True,True,False,0.0,0.4083,0.4083,1608.318,2020-04-02 21:06:00,0.8744,1614.035,2020-04-02 23:09:00,False,,0.1654,,True,1610.555,2020-04-02 20:52:00,0.0936
GC,2020-04-03,Friday,ODR,1616.278,1609.008,7.269999999999982,1616.488,1608.828,7.660000000000082,True,LONG,2020-04-03 04:15:00,1616.495,False,True,True,0.5956,0.1971,0.5956,1620.608,2020-04-03 07:59:00,1.1971,1607.575,2020-04-03 05:13:00,True,2020-04-03 07:53:00,1.1971,0.5131,True,1615.178,2020-04-03 04:22:00,0.1513
GC,2020-04-03,Friday,RDR,1619.198,1612.315,6.883000000000038,1619.718,1611.808,7.910000000000082,True,LONG,2020-04-03 13:25:00,1620.248,True,True,True,0.9153,0.2611,0.9153,1625.498,2020-04-03 15:18:00,0.3051,1617.098,2020-04-03 14:09:00,True,2020-04-03 14:54:00,0.3051,0.1206,True,1618.798,2020-04-03 13:30:00,0.0581
GC,2020-04-06,Monday,ADR,1619.888,1613.668,6.220000000000027,1621.968,1613.388,8.580000000000155,False,,,,,,,0.0643,0.0,,,,,,,False,,,,False,,,
GC,2020-04-06,Monday,ODR,1631.028,1624.425,6.6030000000000655,1632.938,1622.768,10.170000000000073,True,LONG,2020-04-06 04:45:00,1633.028,True,False,,1.8275,0.0,1.8275,1643.095,2020-04-06 08:09:00,0.0,1631.908,2020-04-06 06:18:00,True,2020-04-06 04:53:00,0.0,0.0,False,,,
GC,2020-04-06,Monday,RDR,1649.418,1637.318,12.099999999999909,1651.25,1636.935,14.315000000000055,True,LONG,2020-04-06 12:55:00,1651.528,True,False,,1.5893,0.0,1.5893,1668.648,2020-04-06 15:45:00,0.0,1650.718,2020-04-06 13:30:00,True,2020-04-06 13:17:00,0.0,0.0,False,,,
GC,2020-04-07,Tuesday,ADR,1670.208,1658.475,11.733000000000175,1671.458,1657.788,13.670000000000073,True,SHORT,2020-04-06 21:10:00,1657.258,True,True,False,0.0,0.2109,0.2109,1656.0,2020-04-06 22:39:00,0.5653,1665.108,2020-04-07 01:52:00,False,,0.5133,,True,1658.708,2020-04-06 21:18:00,0.0199
GC,2020-04-07,Tuesday,ODR,1664.708,1645.368,19.340000000000146,1668.598,1644.378,24.220000000000027,False,,,,,,,0.0,0.1153,,,,,,,False,,,,False,,,
GC,2020-04-07,Tuesday,RDR,1656.298,1644.518,11.779999999999973,1656.488,1642.128,14.360000000000127,True,LONG,2020-04-07 11:25:00,1656.945,False,True,True,0.1469,0.1587,0.1469,1658.028,2020-04-07 15:50:00,1.1587,1642.648,2020-04-07 14:44:00,False,,1.1587,,True,1655.265,2020-04-07 11:30:00,0.0877
GC,2020-04-08,Wednesday,ADR,1648.495,1646.565,1.9299999999998363,1648.735,1646.105,2.6299999999998818,True,SHORT,2020-04-07 20:30:00,1642.858,False,True,True,1.5715,3.1953,2.3974,1641.938,2020-04-07 21:00:00,2.5715,1651.528,2020-04-08 01:32:00,True,2020-04-07 20:35:00,0.3109,2.5715,True,1647.165,2020-04-07 20:46:00,0.3109
GC,2020-04-08,Wednesday,ODR,1654.068,1646.288,7.779999999999973,1654.848,1646.278,8.569999999999936,True,SHORT,2020-04-08 07:05:00,1645.368,True,True,False,0.0,0.5512,0.5512,1642.0,2020-04-08 07:33:00,0.464,1649.898,2020-04-08 08:00:00,True,2020-04-08 07:33:00,0.428,0.464,True,1646.625,2020-04-08 07:11:00,0.0433
GC,2020-04-08,Wednesday,RDR,1654.918,1644.315,10.602999999999838,1656.208,1643.0,13.208000000000084,False,,,,,,,0.0,0.0,,,,,,,False,,,,False,,,
GC,2020-04-09,Thursday,ADR,1647.448,1646.318,1.1300000000001091,1648.308,1645.618,2.6900000000000546,True,LONG,2020-04-08 22:25:00,1648.395,True,True,True,1.9292,0.5513,1.9292,1649.628,2020-04-08 23:33:00,0.8965,1646.435,2020-04-09 01:10:00,True,2020-04-08 22:30:00,0.3097,0.8965,True,1647.198,2020-04-08 22:43:00,0.2212
GC,2020-04-09,Thursday,ODR,1658.858,1654.298,4.559999999999945,1660.245,1653.358,6.886999999999944,True,LONG,2020-04-09 05:00:00,1660.978,True,True,True,1.4189,0.0,1.4189,1665.328,2020-04-09 07:49:00,0.8399,1655.028,2020-04-09 07:31:00,True,2020-04-09 05:05:00,0.8399,0.8399,True,1657.615,2020-04-09 05:06:00,0.2726
GC,2020-04-09,Thursday,RDR,1683.458,1670.668,12.790000000000191,1684.978,1670.628,14.350000000000136,True,LONG,2020-04-09 12:25:00,1685.008,True,True,False,0.5074,0.0,0.5074,1689.948,2020-04-09 13:11:00,0.674,1674.838,2020-04-09 14:21:00,True,2020-04-09 13:11:00,0.1056,0.674,True,1683.278,2020-04-09 12:32:00,0.0141
GC,2020-04-13,Monday,ADR,1689.808,1684.548,5.259999999999991,1690.928,1684.138,6.790000000000191,True,SHORT,2020-04-12 21:10:00,1683.878,True,True,True,0.0,1.0837,1.0837,1678.848,2020-04-12 22:04:00,0.1369,1685.268,2020-04-12 21:18:00,True,2020-04-12 21:40:00,0.1369,0.1122,True,1685.268,2020-04-12 21:18:00,0.1369
GC,2020-04-13,Monday,ODR,1691.288,1688.798,2.490000000000009,1692.888,1687.058,5.829999999999927,True,SHORT,2020-04-13 07:05:00,1686.598,False,True,False,1.5582,1.2088,0.9357,1686.468,2020-04-13 07:10:00,2.5582,1695.168,2020-04-13 08:04:00,True,2020-04-13 07:10:00,0.0,2.5582,True,1689.118,2020-04-13 07:18:00,0.1285
GC,2020-04-13,Monday,RDR,1697.333,1687.048,10.285000000000082,1697.748,1686.498,11.25,True,LONG,2020-04-13 10:55:00,1699.348,True,False,,2.4516,0.0,2.4516,1722.548,2020-04-13 14:27:00,0.0,1698.068,2020-04-13 11:00:00,True,2020-04-13 11:12:00,0.0,0.0,False,,,
GC,2020-04-14,Tuesday,ADR,1720.398,1715.198,5.199999999999818,1723.425,1714.478,8.946999999999889,True,LONG,2020-04-13 22:10:00,1723.438,False,True,False,0.9904,0.7615,0.9904,1725.548,2020-04-13 22:31:00,1.7615,1711.238,2020-04-14 01:42:00,True,2020-04-13 22:15:00,0.0,1.7615,True,1719.908,2020-04-13 23:00:00,0.0942
GC,2020-04-14,Tuesday,ODR,1723.278,1710.198,13.079999999999927,1724.968,1709.438,15.529999999999973,True,LONG,2020-04-14 04:00:00,1725.708,True,True,True,0.4809,0.0,0.4809,1729.568,2020-04-14 08:28:00,0.5657,1715.878,2020-04-14 04:54:00,False,,0.5657,,True,1723.098,2020-04-14 04:20:00,0.0138
GC,2020-04-14,Tuesday,RDR,1744.468,1729.148,15.320000000000164,1747.625,1725.978,21.646999999999935,True,SHORT,2020-04-14 15:05:00,1724.273,True,True,True,0.1377,0.6187,0.6187,1719.67,2020-04-14 15:10:00,0.1279,1731.108,2020-04-14 15:47:00,True,2020-04-14 15:10:00,0.0,0.1279,True,1729.52,2020-04-14 15:31:00,0.0243
GC,2020-04-15,Wednesday,ADR,1726.858,1723.408,3.4500000000000455,1729.015,1723.008,6.007000000000062,True,LONG,2020-04-14 20:35:00,1729.338,False,True,False,1.2,1.0907,1.2,1730.998,2020-04-14 21:01:00,2.0907,1719.645,2020-04-14 22:31:00,True,2020-04-14 20:40:00,0.0,2.0907,True,1726.738,2020-04-14 21:10:00,0.0348
GC,2020-04-15,Wednesday,ODR,1715.558,1710.048,5.509999999999991,1717.448,1707.518,9.930000000000064,True,LONG,2020-04-15 06:00:00,1717.765,True,False,,1.7241,0.1258,1.7241,1725.058,2020-04-15 07:55:00,0.0,1716.838,2020-04-15 08:26:00,True,2020-04-15 06:05:00,0.0,0.0,False,,,
GC,2020-04-15,Wednesday,RDR,1724.888,1716.345,8.542999999999893,1726.408,1714.985,11.423000000000002,True,SHORT,2020-04-15 11:50:00,1714.078,True,True,False,0.0,0.8553,0.8553,1709.038,2020-04-15 12:04:00,0.8818,1723.878,2020-04-15 15:56:00,True,2020-04-15 11:55:00,0.0,0.8818,True,1717.568,2020-04-15 13:14:00,0.1432
GC,2020-04-16,Thursday,ADR,1718.398,1715.478,2.9199999999998454,1719.498,1714.768,4.730000000000018,True,SHORT,2020-04-15 21:45:00,1713.848,True,True,True,0.1404,1.2295,1.2295,1711.888,2020-04-15 21:51:00,0.4897,1716.908,2020-04-16 01:49:00,True,2020-04-15 21:50:00,0.0,0.4897,True,1715.618,2020-04-15 21:58:00,0.0479
GC,2020-04-16,Thursday,ODR,1724.935,1721.655,3.2799999999999727,1725.92,1719.738,6.182000000000016,True,LONG,2020-04-16 06:40:00,1726.475,True,False,,4.1808,0.7003,4.1808,1738.648,2020-04-16 08:24:00,0.0,1725.328,2020-04-16 06:48:00,True,2020-04-16 06:45:00,0.0,0.0,False,,,
GC,2020-04-16,Thursday,RDR,1733.538,1719.608,13.930000000000064,1734.308,1718.718,15.589999999999918,True,SHORT,2020-04-16 12:20:00,1718.048,True,False,,0.0,0.8693,0.8693,1707.498,2020-04-16 12:33:00,0.0,1719.428,2020-04-16 14:11:00,True,2020-04-16 12:32:00,0.0,0.0,False,,,
GC,2020-04-17,Friday,ADR,1716.968,1711.968,5.0,1717.638,1711.595,6.042999999999893,True,LONG,2020-04-16 20:35:00,1717.888,False,True,False,0.312,3.87,0.312,1718.528,2020-04-16 21:00:00,4.87,1692.618,2020-04-17 01:58:00,False,,0.14,,True,1716.738,2020-04-16 20:44:00,0.046
GC,2020-04-17,Friday,ODR,1703.728,1693.398,10.330000000000155,1704.605,1689.598,15.007000000000062,True,SHORT,2020-04-17 06:00:00,1688.015,True,True,False,0.0,0.999,0.999,1683.078,2020-04-17 06:37:00,0.4056,1697.588,2020-04-17 08:20:00,True,2020-04-17 06:05:00,0.0,0.4056,True,1693.638,2020-04-17 08:07:00,0.0232
GC,2020-04-17,Friday,RDR,1700.018,1686.238,13.779999999999973,1701.618,1684.678,16.939999999999827,True,SHORT,2020-04-17 10:40:00,1683.648,True,True,True,0.0,0.5162,0.5162,1679.125,2020-04-17 15:24:00,0.6321,1694.948,2020-04-17 11:39:00,True,2020-04-17 15:23:00,0.6321,0.0,True,1686.475,2020-04-17 10:46:00,0.0172
GC,2020-04-20,Monday,ADR,1677.018,1671.978,5.039999999999964,1677.468,1671.598,5.870000000000118,True,LONG,2020-04-19 21:10:00,1677.688,True,True,True,1.2956,0.0,1.2956,1683.548,2020-04-20 01:21:00,0.1508,1676.258,2020-04-19 21:15:00,True,2020-04-19 21:29:00,0.1508,0.0218,True,1676.258,2020-04-19 21:15:00,0.1508
GC,2020-04-20,Monday,ODR,1679.568,1673.908,5.660000000000082,1680.905,1673.138,7.767000000000053,True,LONG,2020-04-20 05:05:00,1681.418,True,True,True,1.7527,0.0562,1.7527,1689.488,2020-04-20 07:43:00,0.924,1674.338,2020-04-20 06:22:00,True,2020-04-20 05:10:00,0.924,0.924,True,1679.178,2020-04-20 06:00:00,0.0689
GC,2020-04-20,Monday,RDR,1691.55,1683.548,8.001999999999953,1692.288,1682.405,9.883000000000038,True,LONG,2020-04-20 11:00:00,1694.505,True,True,True,1.3232,0.0,1.3232,1702.138,2020-04-20 12:04:00,0.7738,1685.358,2020-04-20 14:16:00,True,2020-04-20 11:06:00,0.1365,0.7738,True,1691.478,2020-04-20 11:15:00,0.009
GC,2020-04-21,Tuesday,ADR,1691.368,1689.0,2.367999999999938,1691.468,1689.0,2.4680000000000746,True,SHORT,2020-04-20 21:05:00,1688.538,False,True,False,0.3716,1.4717,1.4717,1685.515,2020-04-21 01:06:00,1.3716,1692.248,2020-04-21 01:39:00,True,2020-04-20 22:13:00,1.1005,1.3716,True,1689.308,2020-04-20 21:13:00,0.1301
GC,2020-04-21,Tuesday,ODR,1695.728,1694.075,1.65300000000002,1697.796,1693.285,4.510999999999967,True,SHORT,2020-04-21 04:00:00,1692.248,True,True,True,0.1071,21.0387,21.0387,1659.298,2020-04-21 07:18:00,1.1071,1695.905,2020-04-21 04:51:00,True,2020-04-21 04:05:00,1.1071,1.1071,True,1694.485,2020-04-21 04:09:00,0.248
GC,2020-04-21,Tuesday,RDR,1687.323,1669.408,17.91500000000019,1691.268,1667.988,23.279999999999973,False,,,,,,,0.0382,0.0,,,,,,,False,,,,False,,,
GC,2020-04-22,Wednesday,ADR,1688.818,1684.258,4.559999999999945,1689.658,1683.908,5.75,True,LONG,2020-04-21 21:20:00,1689.808,False,True,False,0.6322,0.9539,0.2259,1689.848,2020-04-21 21:25:00,1.9539,1679.908,2020-04-22 00:36:00,False,,0.0,,True,1688.288,2020-04-21 21:26:00,0.1162
GC,2020-04-22,Wednesday,ODR,1696.885,1684.008,12.876999999999953,1699.838,1683.678,16.159999999999854,True,LONG,2020-04-22 05:15:00,1702.398,True,True,True,0.7961,0.0,0.7961,1707.136,2020-04-22 05:29:00,0.2731,1693.368,2020-04-22 08:00:00,True,2020-04-22 05:20:00,0.0,0.2731,True,1696.248,2020-04-22 07:36:00,0.0495
GC,2020-04-22,Wednesday,RDR,1710.248,1705.0,5.248000000000047,1711.668,1704.478,7.189999999999827,True,LONG,2020-04-22 12:20:00,1713.768,True,True,True,1.572,0.1096,1.572,1718.498,2020-04-22 15:59:00,0.0953,1709.748,2020-04-22 12:55:00,True,2020-04-22 12:25:00,0.0953,0.0953,True,1709.748,2020-04-22 12:55:00,0.0953
GC,2020-04-23,Thursday,ADR,1714.848,1709.528,5.319999999999936,1715.198,1709.128,6.070000000000164,True,LONG,2020-04-22 21:20:00,1716.448,False,True,True,0.9023,0.4135,0.9023,1719.648,2020-04-22 21:26:00,1.4135,1707.328,2020-04-22 23:11:00,True,2020-04-22 21:25:00,0.0,1.4135,True,1714.698,2020-04-22 21:28:00,0.0282
GC,2020-04-23,Thursday,ODR,1717.738,1711.628,6.110000000000127,1719.155,1710.198,8.95699999999988,True,LONG,2020-04-23 04:05:00,1720.638,True,False,,2.3393,0.0,2.3393,1732.031,2020-04-23 07:19:00,0.0,1719.868,2020-04-23 04:16:00,True,2020-04-23 04:10:00,0.0,0.0,False,,,
GC,2020-04-23,Thursday,RDR,1735.855,1724.298,11.557000000000016,1737.598,1724.258,13.339999999999918,True,SHORT,2020-04-23 13:20:00,1723.658,True,True,False,0.2339,0.294,0.294,1720.9,2020-04-23 13:28:00,0.9258,1734.998,2020-04-23 15:36:00,False,,0.0,,True,1726.078,2020-04-23 13:29:00,0.154
GC,2020-04-24,Friday,ADR,1729.678,1724.808,4.870000000000118,1729.808,1724.678,5.129999999999882,True,SHORT,2020-04-23 20:45:00,1724.558,True,True,True,0.0,0.8296,0.8296,1720.768,2020-04-24 01:09:00,0.1602,1725.588,2020-04-24 00:03:00,True,2020-04-23 21:00:00,0.1602,0.1602,True,1724.838,2020-04-23 20:55:00,0.0062
GC,2020-04-24,Friday,ODR,1730.188,1726.738,3.4500000000000455,1731.088,1725.815,5.272999999999911,True,SHORT,2020-04-24 04:15:00,1725.478,False,True,False,1.7449,0.4087,0.4087,1725.328,2020-04-24 04:21:00,2.7449,1736.208,2020-04-24 07:00:00,False,,0.0,,True,1727.388,2020-04-24 04:22:00,0.1884
GC,2020-04-24,Friday,RDR,1734.625,1719.268,15.356999999999971,1736.048,1715.638,20.410000000000082,True,SHORT,2020-04-24 11:15:00,1713.798,True,True,False,0.0,0.5704,0.5704,1710.508,2020-04-24 11:56:00,0.6043,1728.548,2020-04-24 15:59:00,True,2020-04-24 11:40:00,0.0,0.6043,True,1719.278,2020-04-24 12:39:00,0.0007
GC,2020-04-27,Monday,ADR,1725.725,1722.765,2.959999999999809,1727.225,1722.338,4.886999999999944,True,SHORT,2020-04-26 20:40:00,1722.318,True,True,True,0.0,1.0598,1.0598,1719.628,2020-04-27 01:00:00,0.7848,1725.088,2020-04-26 21:21:00,True,2020-04-26 21:40:00,0.7848,0.2882,True,1723.168,2020-04-26 20:45:00,0.1361
GC,2020-04-27,Monday,ODR,1720.598,1714.475,6.123000000000047,1722.238,1712.948,9.289999999999964,True,LONG,2020-04-27 04:55:00,1722.268,True,True,False,0.5014,0.3376,0.3343,1722.645,2020-04-27 05:13:00,1.3376,1712.408,2020-04-27 08:00:00,False,,0.0968,,True,1720.098,2020-04-27 05:02:00,0.0817
GC,2020-04-27,Monday,RDR,1720.518,1707.968,12.549999999999955,1721.716,1705.995,15.721000000000004,False,,,,,,,0.0,0.0,,,,,,,False,,,,False,,,
GC,2020-04-28,Tuesday,ADR,1709.845,1706.348,3.497000000000071,1710.388,1705.048,5.339999999999918,True,SHORT,2020-04-27 21:05:00,1704.898,True,False,,0.0,4.0292,4.0292,1692.258,2020-04-28 01:06:00,0.0,1705.855,2020-04-27 21:27:00,True,2020-04-27 21:13:00,0.0,0.0,False,,,
GC,2020-04-28,Tuesday,ODR,1703.528,1699.328,4.2000000000000455,1704.558,1698.978,5.579999999999927,True,LONG,2020-04-28 05:15:00,1707.268,True,False,,2.6286,0.0079,2.6286,1714.568,2020-04-28 05:25:00,0.0,1705.778,2020-04-28 06:03:00,True,2020-04-28 05:20:00,0.0,0.0,False,,,
GC,2020-04-28,Tuesday,RDR,1710.738,1697.458,13.279999999999973,1710.808,1691.678,19.12999999999988,False,,,,,,,0.0239,0.0,,,,,,,False,,,,False,,,
GC,2020-04-29,Wednesday,ADR,1706.605,1704.048,2.5570000000000164,1707.348,1704.008,3.339999999999918,True,LONG,2020-04-28 21:00:00,1707.715,True,False,,2.5549,0.0,2.5549,1713.138,2020-04-29 01:22:00,0.0,1707.725,2020-04-28 21:05:00,True,2020-04-28 21:05:00,0.0,0.0,False,,,
GC,2020-04-29,Wednesday,ODR,1709.748,1704.528,5.220000000000027,1709.908,1704.378,5.529999999999973,True,SHORT,2020-04-29 04:00:00,1703.078,False,True,False,0.4563,0.4828,0.4828,1702.008,2020-04-29 07:01:00,1.4563,1712.13,2020-04-29 08:20:00,False,,0.7695,,True,1704.755,2020-04-29 04:09:00,0.0435
GC,2020-04-29,Wednesday,RDR,1706.278,1699.955,6.323000000000093,1706.558,1699.635,6.923000000000002,True,SHORT,2020-04-29 13:10:00,1699.288,False,True,False,1.7587,0.2494,0.1197,1699.198,2020-04-29 14:32:00,2.7587,1717.398,2020-04-29 15:40:00,False,,1.3827,,True,1700.568,2020-04-29 13:15:00,0.0969
GC,2020-04-30,Thursday,ADR,1714.708,1712.878,1.8300000000001546,1715.308,1711.995,3.313000000000102,True,SHORT,2020-04-29 20:35:00,1710.858,False,True,False,0.8087,2.2295,2.2295,1708.798,2020-04-29 21:30:00,1.8087,1716.188,2020-04-30 01:56:00,True,2020-04-29 20:40:00,0.0,1.8087,True,1712.903,2020-04-29 22:03:00,0.0137
GC,2020-04-30,Thursday,ODR,1721.128,1717.128,4.0,1721.598,1716.755,4.842999999999847,True,SHORT,2020-04-30 04:05:00,1716.698,True,True,True,0.0,1.482,1.482,1711.2,2020-04-30 07:10:00,0.6125,1719.578,2020-04-30 05:28:00,True,2020-04-30 04:34:00,0.6125,0.6125,True,1717.175,2020-04-30 04:46:00,0.0118
GC,2020-04-30,Thursday,RDR,1705.783,1701.418,4.365000000000009,1707.34,1699.028,8.311999999999898,True,SHORT,2020-04-30 11:50:00,1698.575,True,False,,0.6838,4.6621,4.6621,1681.068,2020-04-30 14:56:00,0.0,1700.015,2020-04-30 11:56:00,True,2020-04-30 11:55:00,0.0,0.0,False,,,
GC,2020-05-01,Friday,ADR,1688.458,1683.015,5.442999999999984,1688.645,1681.668,6.977000000000089,True,LONG,2020-04-30 22:40:00,1689.495,False,True,False,0.3454,1.9726,0.3454,1690.338,2020-04-30 22:54:00,2.9726,1672.278,2020-05-01 01:59:00,False,,0.0,,True,1688.418,2020-04-30 23:21:00,0.0073
GC,2020-05-01,Friday,ODR,1677.005,1671.838,5.167000000000144,1678.081,1670.868,7.212999999999965,True,LONG,2020-05-01 06:30:00,1679.338,True,True,True,1.6936,0.1554,1.6936,1685.756,2020-05-01 07:25:00,0.2897,1675.508,2020-05-01 08:24:00,True,2020-05-01 06:35:00,0.0323,0.2897,True,1676.838,2020-05-01 07:00:00,0.0323
GC,2020-05-01,Friday,RDR,1685.848,1677.858,7.990000000000009,1688.428,1677.138,11.290000000000191,True,LONG,2020-05-01 10:55:00,1688.468,True,False,,2.4055,0.0,2.4055,1705.068,2020-05-01 15:13:00,0.0,1686.888,2020-05-01 11:03:00,True,2020-05-01 11:08:00,0.0,0.0,False,,,
GC,2020-05-04,Monday,ADR,1699.345,1696.295,3.0499999999999545,1699.545,1695.975,3.5700000000001637,True,SHORT,2020-05-03 20:50:00,1695.738,False,True,False,0.6338,0.377,0.2908,1695.408,2020-05-03 20:59:00,1.6338,1701.278,2020-05-03 23:59:00,False,,0.0305,,True,1696.388,2020-05-03 20:57:00,0.0305
GC,2020-05-04,Monday,ODR,1705.698,1703.575,2.1230000000000473,1706.895,1702.378,4.517000000000053,True,LONG,2020-05-04 05:55:00,1707.118,False,True,False,3.5469,1.5765,3.5469,1713.228,2020-05-04 06:17:00,2.5765,1700.228,2020-05-04 08:26:00,True,2020-05-04 06:00:00,0.0,2.5765,True,1704.638,2020-05-04 06:54:00,0.4993
GC,2020-05-04,Monday,RDR,1708.828,1703.238,5.589999999999918,1710.188,1702.198,7.990000000000009,True,SHORT,2020-05-04 10:50:00,1701.008,True,True,False,0.1717,0.585,0.4848,1700.528,2020-05-04 10:55:00,0.9589,1708.598,2020-05-04 11:59:00,False,,0.0,,True,1703.425,2020-05-04 11:04:00,0.0335
GC,2020-05-05,Tuesday,ADR,1703.515,1699.918,3.5970000000002074,1703.735,1699.738,3.9969999999998436,True,SHORT,2020-05-04 20:30:00,1699.278,False,True,False,0.0759,0.9536,0.9536,1696.488,2020-05-04 21:07:00,1.0759,1703.788,2020-05-05 01:59:00,True,2020-05-04 21:07:00,0.0278,1.0759,True,1699.978,2020-05-04 20:38:00,0.0167
GC,2020-05-05,Tuesday,ODR,1699.918,1692.278,7.639999999999873,1699.998,1689.788,10.210000000000036,True,LONG,2020-05-05 04:05:00,1702.408,True,True,False,1.0602,0.0,0.483,1703.608,2020-05-05 04:12:00,0.6924,1694.628,2020-05-05 08:00:00,False,,0.0,,True,1699.528,2020-05-05 04:29:00,0.051
GC,2020-05-05,Tuesday,RDR,1702.648,1696.258,6.389999999999873,1705.248,1694.215,11.03300000000013,True,LONG,2020-05-05 14:00:00,1705.628,True,False,,1.3959,0.2379,1.3959,1711.568,2020-05-05 15:51:00,0.0,1704.408,2020-05-05 14:46:00,True,2020-05-05 14:05:00,0.0,0.0,False,,,
GC,2020-05-06,Wednesday,ADR,1704.738,1702.058,2.6800000000000637,1704.818,1701.798,3.019999999999982,True,SHORT,2020-05-05 20:40:00,1701.658,False,True,False,1.0448,0.3948,0.3948,1701.0,2020-05-05 20:48:00,2.0448,1707.538,2020-05-05 21:18:00,False,,0.0,,True,1703.908,2020-05-05 21:00:00,0.6903
GC,2020-05-06,Wednesday,ODR,1707.448,1704.468,2.980000000000018,1707.828,1704.088,3.740000000000009,True,SHORT,2020-05-06 04:20:00,1703.035,True,True,True,0.2091,2.0839,2.0839,1698.258,2020-05-06 08:25:00,0.2651,1705.258,2020-05-06 04:41:00,True,2020-05-06 04:25:00,0.2651,0.2651,True,1705.258,2020-05-06 04:41:00,0.2651
GC,2020-05-06,Wednesday,RDR,1697.178,1689.748,7.430000000000064,1697.978,1688.868,9.110000000000127,True,SHORT,2020-05-06 10:35:00,1686.068,True,True,True,0.0,1.0417,1.0417,1682.008,2020-05-06 12:12:00,0.1803,1691.088,2020-05-06 10:51:00,True,2020-05-06 10:40:00,0.1803,0.1803,True,1689.858,2020-05-06 10:46:00,0.0148
GC,2020-05-07,Thursday,ADR,1692.168,1687.125,5.042999999999893,1692.378,1686.938,5.439999999999827,True,LONG,2020-05-06 20:30:00,1693.048,True,True,False,0.3212,0.0,0.3212,1693.788,2020-05-06 20:49:00,0.9736,1687.258,2020-05-07 01:59:00,False,,0.0,,True,1691.928,2020-05-06 20:52:00,0.0476
GC,2020-05-07,Thursday,ODR,1690.365,1686.648,3.7170000000000982,1690.828,1686.648,4.180000000000064,True,LONG,2020-05-07 04:05:00,1691.368,True,False,,1.8814,0.0,1.8814,1697.358,2020-05-07 08:17:00,0.0,1690.528,2020-05-07 04:32:00,True,2020-05-07 04:20:00,0.0,0.0,False,,,
GC,2020-05-07,Thursday,RDR,1698.718,1694.888,3.8300000000001546,1700.428,1694.228,6.2000000000000455,True,LONG,2020-05-07 11:15:00,1700.908,True,False,,6.0496,0.0,6.0496,1721.888,2020-05-07 14:13:00,0.0,1700.498,2020-05-07 11:29:00,True,2020-05-07 11:20:00,0.0,0.0,False,,,
GC,2020-05-08,Friday,ADR,1714.368,1711.168,3.2000000000000455,1714.908,1711.128,3.7799999999999727,True,LONG,2020-05-07 20:40:00,1716.018,True,True,True,1.9375,0.0,1.9375,1720.568,2020-05-07 21:29:00,0.2978,1713.415,2020-05-08 00:29:00,True,2020-05-07 20:45:00,0.125,0.2978,True,1714.228,2020-05-07 20:54:00,0.0437
GC,2020-05-08,Friday,ODR,1719.678,1716.258,3.4200000000000728,1720.038,1715.428,4.6099999999999,True,LONG,2020-05-08 05:05:00,1720.508,True,True,False,1.0146,0.3342,1.0146,1723.148,2020-05-08 05:16:00,1.3342,1715.115,2020-05-08 08:24:00,True,2020-05-08 05:12:00,0.0,1.3342,True,1719.538,2020-05-08 05:34:00,0.0409
GC,2020-05-08,Friday,RDR,1718.788,1711.428,7.3599999999999,1720.838,1711.428,9.409999999999854,True,SHORT,2020-05-08 12:05:00,1710.028,True,True,True,0.3614,1.3383,1.3383,1701.578,2020-05-08 15:25:00,0.1549,1712.568,2020-05-08 12:48:00,True,2020-05-08 13:38:00,0.1549,0.0,True,1711.558,2020-05-08 12:24:00,0.0177
GC,2020-05-11,Monday,ADR,1706.615,1703.888,2.727000000000089,1707.718,1703.145,4.573000000000093,True,LONG,2020-05-10 21:30:00,1708.748,False,True,False,1.996,0.6967,1.996,1712.058,2020-05-10 21:41:00,1.6967,1701.988,2020-05-11 01:30:00,True,2020-05-10 21:35:00,0.0,1.6967,True,1706.358,2020-05-11 00:14:00,0.0942
GC,2020-05-11,Monday,ODR,1708.705,1704.965,3.740000000000009,1709.358,1704.478,4.879999999999882,True,SHORT,2020-05-11 04:40:00,1703.808,True,True,True,0.0,3.0019,3.0019,1693.738,2020-05-11 06:27:00,0.123,1705.425,2020-05-11 05:11:00,True,2020-05-11 04:50:00,0.123,0.123,True,1705.345,2020-05-11 04:48:00,0.1016
GC,2020-05-11,Monday,RDR,1707.648,1698.556,9.09199999999987,1708.168,1696.788,11.379999999999882,True,SHORT,2020-05-11 11:00:00,1694.428,True,True,True,0.0,0.7403,0.7403,1691.825,2020-05-11 11:05:00,0.0761,1699.248,2020-05-11 13:21:00,True,2020-05-11 11:05:00,0.0,0.0761,True,1698.898,2020-05-11 13:08:00,0.0376
GC,2020-05-12,Tuesday,ADR,1698.625,1693.968,4.656999999999925,1698.838,1693.605,5.232999999999947,True,LONG,2020-05-11 22:50:00,1700.198,True,True,True,0.9047,0.0479,0.9047,1702.838,2020-05-12 01:06:00,0.0408,1698.435,2020-05-11 23:01:00,True,2020-05-11 23:18:00,0.0408,0.0,True,1698.518,2020-05-11 22:57:00,0.023
GC,2020-05-12,Tuesday,ODR,1704.338,1699.365,4.972999999999956,1705.678,1698.695,6.983000000000175,True,LONG,2020-05-12 04:15:00,1705.688,True,True,False,0.5731,0.0,0.5731,1707.188,2020-05-12 06:18:00,0.9095,1699.815,2020-05-12 08:26:00,True,2020-05-12 06:18:00,0.3499,0.9095,True,1704.178,2020-05-12 04:28:00,0.0322
GC,2020-05-12,Tuesday,RDR,1708.608,1702.098,6.509999999999991,1709.608,1701.888,7.720000000000027,True,LONG,2020-05-12 10:55:00,1709.648,False,True,False,0.321,0.5834,0.321,1710.698,2020-05-12 11:10:00,1.5834,1698.3,2020-05-12 15:18:00,False,,0.1229,,True,1707.808,2020-05-12 11:02:00,0.1229
GC,2020-05-13,Wednesday,ADR,1705.218,1701.418,3.800000000000182,1705.478,1700.798,4.680000000000064,True,LONG,2020-05-12 20:35:00,1705.578,False,True,False,0.3526,0.3553,0.3526,1706.558,2020-05-12 21:01:00,1.3553,1700.068,2020-05-12 23:05:00,False,,0.1026,,True,1704.828,2020-05-12 20:42:00,0.1026
GC,2020-05-13,Wednesday,ODR,1703.618,1701.045,2.5729999999998654,1703.948,1700.656,3.2920000000001437,True,SHORT,2020-05-13 04:05:00,1699.888,False,True,False,2.9188,0.6595,0.5791,1699.555,2020-05-13 05:32:00,3.9188,1711.128,2020-05-13 08:29:00,True,2020-05-13 04:10:00,1.0416,3.9188,True,1701.085,2020-05-13 04:20:00,0.0155
GC,2020-05-13,Wednesday,RDR,1711.758,1707.198,4.559999999999945,1712.548,1706.658,5.8900000000001,True,LONG,2020-05-13 10:35:00,1713.138,True,True,True,1.3575,0.0,1.3575,1717.948,2020-05-13 15:59:00,0.9254,1707.538,2020-05-13 12:24:00,True,2020-05-13 10:48:00,0.9254,0.9254,True,1711.528,2020-05-13 10:57:00,0.0504
GC,2020-05-14,Thursday,ADR,1718.998,1716.468,2.5299999999999727,1719.568,1716.308,3.259999999999991,True,SHORT,2020-05-13 21:00:00,1715.618,True,False,,0.0,2.2292,2.2292,1710.828,2020-05-14 00:41:00,0.0,1716.268,2020-05-13 21:12:00,True,2020-05-13 21:05:00,0.0,0.0,False,,,
GC,2020-05-14,Thursday,ODR,1718.515,1713.908,4.607000000000198,1719.198,1713.275,5.923000000000002,True,SHORT,2020-05-14 08:05:00,1712.088,True,True,False,0.0955,0.6056,0.4239,1711.955,2020-05-14 08:10:00,0.5644,1716.508,2020-05-14 08:28:00,False,,0.0,,True,1713.935,2020-05-14 08:11:00,0.0059
GC,2020-05-14,Thursday,RDR,1733.048,1716.728,16.319999999999936,1734.873,1716.688,18.184999999999945,True,LONG,2020-05-14 12:15:00,1735.328,True,True,False,0.2022,0.0,0.2022,1736.348,2020-05-14 12:21:00,0.2708,1728.628,2020-05-14 15:36:00,False,,0.0,,True,1732.928,2020-05-14 12:50:00,0.0074
GC,2020-05-15,Friday,ADR,1733.755,1729.845,3.910000000000082,1734.095,1729.298,4.7970000000000255,True,LONG,2020-05-14 21:20:00,1734.098,True,True,True,0.3512,0.3624,0.3512,1735.128,2020-05-15 01:58:00,0.9404,1730.078,2020-05-15 00:43:00,False,,0.9404,,True,1733.728,2020-05-14 21:25:00,0.0069
GC,2020-05-15,Friday,ODR,1738.228,1734.988,3.240000000000009,1738.578,1733.415,5.163000000000011,True,SHORT,2020-05-15 06:20:00,1731.468,True,True,False,0.0,1.5494,1.5494,1729.968,2020-05-15 06:28:00,0.7336,1737.365,2020-05-15 08:29:00,True,2020-05-15 06:25:00,0.0,0.7336,True,1735.388,2020-05-15 07:06:00,0.1235
GC,2020-05-15,Friday,RDR,1743.068,1736.198,6.869999999999891,1743.688,1733.698,9.990000000000009,True,LONG,2020-05-15 11:00:00,1743.718,True,True,True,1.2125,0.0,1.2125,1751.398,2020-05-15 13:53:00,0.4964,1739.658,2020-05-15 14:44:00,True,2020-05-15 11:24:00,0.0732,0.4964,True,1742.958,2020-05-15 11:11:00,0.016
GC,2020-05-18,Monday,ADR,1759.408,1752.005,7.402999999999793,1760.078,1751.225,8.853000000000065,True,LONG,2020-05-17 22:05:00,1762.785,True,True,True,0.6912,0.0,0.6912,1764.525,2020-05-18 01:54:00,0.153,1758.275,2020-05-18 00:03:00,True,2020-05-17 22:10:00,0.153,0.153,True,1758.275,2020-05-18 00:03:00,0.153
GC,2020-05-18,Monday,ODR,1762.828,1759.69,3.13799999999992,1763.035,1759.088,3.9470000000001164,True,LONG,2020-05-18 04:05:00,1764.098,False,True,False,0.6979,2.7859,0.6979,1765.018,2020-05-18 07:16:00,3.7859,1750.948,2020-05-18 08:25:00,True,2020-05-18 06:10:00,1.4095,3.7859,True,1762.318,2020-05-18 04:11:00,0.1625
GC,2020-05-18,Monday,RDR,1747.998,1735.135,12.863000000000056,1749.758,1731.698,18.059999999999945,True,SHORT,2020-05-18 11:25:00,1729.188,True,True,True,0.0,0.5968,0.5838,1727.625,2020-05-18 12:29:00,0.0391,1735.638,2020-05-18 12:00:00,True,2020-05-18 12:21:00,0.0391,0.0,True,1735.235,2020-05-18 11:53:00,0.0078
GC,2020-05-19,Tuesday,ADR,1735.105,1733.335,1.7699999999999818,1735.288,1733.135,2.15300000000002,True,LONG,2020-05-18 20:40:00,1735.845,True,True,True,2.8305,0.0,2.8305,1740.115,2020-05-18 22:26:00,0.3785,1734.435,2020-05-19 01:39:00,True,2020-05-18 20:45:00,0.1695,0.3785,True,1735.048,2020-05-18 21:08:00,0.0322
GC,2020-05-19,Tuesday,ODR,1732.945,1727.285,5.6599999999998545,1733.625,1726.205,7.420000000000073,True,LONG,2020-05-19 04:25:00,1734.258,True,True,True,1.0247,0.0,1.0247,1738.745,2020-05-19 05:19:00,0.2362,1731.608,2020-05-19 07:32:00,True,2020-05-19 04:39:00,0.0,0.2362,True,1732.155,2020-05-19 07:10:00,0.1396
GC,2020-05-19,Tuesday,RDR,1743.485,1736.345,7.139999999999873,1744.048,1733.868,10.180000000000064,True,LONG,2020-05-19 14:15:00,1744.258,True,True,True,0.6069,0.0,0.6069,1747.818,2020-05-19 15:05:00,0.0066,1743.438,2020-05-19 15:53:00,True,2020-05-19 15:05:00,0.0,0.0066,True,1743.438,2020-05-19 15:53:00,0.0066
GC,2020-05-20,Wednesday,ADR,1745.998,1744.658,1.3400000000001455,1746.058,1744.478,1.5799999999999272,True,SHORT,2020-05-19 20:30:00,1744.188,False,True,False,3.744,0.3657,0.3657,1744.168,2020-05-19 20:36:00,4.744,1751.015,2020-05-19 21:52:00,False,,0.0,,True,1744.785,2020-05-19 20:38:00,0.0948
GC,2020-05-20,Wednesday,ODR,1751.298,1748.365,2.9329999999999927,1753.025,1747.858,5.167000000000144,True,SHORT,2020-05-20 05:00:00,1747.795,False,True,False,0.6945,0.6297,0.6297,1746.518,2020-05-20 05:07:00,1.6945,1753.335,2020-05-20 08:06:00,True,2020-05-20 05:05:00,0.0,1.6945,True,1748.488,2020-05-20 05:12:00,0.0419
GC,2020-05-20,Wednesday,RDR,1750.635,1746.305,4.329999999999927,1752.108,1745.438,6.669999999999845,True,SHORT,2020-05-20 10:45:00,1744.598,False,True,False,0.7159,0.8192,0.5143,1744.078,2020-05-20 10:50:00,1.7159,1753.735,2020-05-20 14:13:00,True,2020-05-20 10:50:00,0.0,1.7159,True,1746.758,2020-05-20 10:53:00,0.1046
GC,2020-05-21,Thursday,ADR,1747.955,1745.985,1.9700000000000273,1748.115,1745.378,2.73700000000008,True,SHORT,2020-05-20 20:55:00,1745.185,True,False,,0.0,4.2538,4.2538,1737.605,2020-05-20 22:48:00,0.0,1745.655,2020-05-20 21:00:00,True,2020-05-20 21:00:00,0.0,0.0,False,,,
GC,2020-05-21,Thursday,ODR,1737.925,1735.685,2.240000000000009,1738.378,1735.0,3.377999999999929,True,SHORT,2020-05-21 04:25:00,1734.358,False,True,False,1.1786,2.0656,2.0656,1731.058,2020-05-21 06:08:00,2.1786,1740.565,2020-05-21 08:21:00,True,2020-05-21 04:30:00,0.0,2.1786,True,1736.015,2020-05-21 07:24:00,0.1473
GC,2020-05-21,Thursday,RDR,1738.115,1725.785,12.329999999999927,1739.218,1724.005,15.212999999999965,True,SHORT,2020-05-21 10:30:00,1722.948,True,True,True,0.0,0.6999,0.6999,1717.155,2020-05-21 10:46:00,0.1422,1727.538,2020-05-21 15:42:00,True,2020-05-21 10:35:00,0.0,0.1422,True,1725.845,2020-05-21 12:35:00,0.0049
GC,2020-05-22,Friday,ADR,1728.105,1725.238,2.866999999999962,1728.105,1725.018,3.086999999999989,True,LONG,2020-05-21 20:30:00,1728.565,False,True,True,0.7639,0.3348,0.7639,1730.295,2020-05-21 21:06:00,1.3348,1724.278,2020-05-21 23:19:00,True,2020-05-21 21:05:00,0.1256,1.3348,True,1727.745,2020-05-21 21:02:00,0.1256
GC,2020-05-22,Friday,ODR,1736.028,1734.208,1.8199999999999363,1737.135,1733.318,3.8170000000000073,True,LONG,2020-05-22 04:05:00,1738.108,False,True,True,2.1577,3.6703,2.1577,1739.955,2020-05-22 04:36:00,4.6703,1727.528,2020-05-22 08:00:00,True,2020-05-22 04:10:00,0.0071,4.6703,True,1736.015,2020-05-22 04:15:00,0.0071
GC,2020-05-22,Friday,RDR,1737.568,1731.848,5.720000000000027,1737.878,1731.498,6.379999999999882,True,SHORT,2020-05-22 11:45:00,1731.465,True,True,False,0.0,0.3147,0.3147,1730.048,2020-05-22 11:51:00,0.7972,1736.408,2020-05-22 13:30:00,False,,0.0,,True,1732.288,2020-05-22 12:00:00,0.0769
GC,2020-05-25,Monday,ADR,1730.955,1728.315,2.6399999999998727,1731.198,1727.415,3.783000000000129,True,SHORT,2020-05-24 21:10:00,1726.898,True,True,True,0.0,1.7867,1.7867,1723.598,2020-05-25 01:49:00,0.2879,1729.075,2020-05-24 22:58:00,True,2020-05-24 21:15:00,0.2879,0.2879,True,1728.485,2020-05-24 22:27:00,0.0644
GC,2020-05-25,Monday,ODR,1729.065,1725.665,3.400000000000091,1729.115,1725.265,3.849999999999909,True,LONG,2020-05-25 04:40:00,1729.168,True,True,False,0.4941,0.0,0.4941,1730.745,2020-05-25 05:59:00,0.6374,1726.898,2020-05-25 07:30:00,False,,0.3109,,True,1728.938,2020-05-25 04:48:00,0.0374
GC,2020-05-25,Monday,RDR,1729.668,1723.278,6.389999999999873,1730.948,1721.168,9.7800000000002,True,LONG,2020-05-25 10:50:00,1732.538,True,True,False,0.5394,0.0,0.4648,1732.638,2020-05-25 10:55:00,0.3557,1727.395,2020-05-25 12:54:00,False,,0.0,,True,1729.208,2020-05-25 11:48:00,0.072
GC,2020-05-26,Tuesday,ADR,1728.945,1725.858,3.086999999999989,1729.248,1725.585,3.663000000000011,True,LONG,2020-05-25 20:30:00,1729.748,True,False,,2.0667,0.0,2.0667,1735.325,2020-05-25 23:58:00,0.0,1729.135,2020-05-25 20:41:00,True,2020-05-25 20:41:00,0.0,0.0,False,,,
GC,2020-05-26,Tuesday,ODR,1730.238,1727.205,3.033000000000129,1731.108,1726.308,4.7999999999999545,True,SHORT,2020-05-26 04:45:00,1726.065,True,True,False,0.0617,2.3178,2.3178,1720.175,2020-05-26 06:00:00,0.6363,1729.135,2020-05-26 08:25:00,True,2020-05-26 04:50:00,0.0,0.6363,True,1728.053,2020-05-26 08:04:00,0.2796
GC,2020-05-26,Tuesday,RDR,1728.218,1717.206,11.012000000000171,1728.218,1714.328,13.8900000000001,True,SHORT,2020-05-26 10:50:00,1713.435,True,False,,0.0,0.7853,0.7853,1708.558,2020-05-26 15:11:00,0.0,1715.778,2020-05-26 11:38:00,True,2020-05-26 10:56:00,0.0,0.0,False,,,
GC,2020-05-27,Wednesday,ADR,1712.788,1711.135,1.65300000000002,1712.788,1711.035,1.752999999999929,True,LONG,2020-05-26 20:30:00,1712.815,False,True,False,1.8796,3.7084,1.8796,1715.895,2020-05-26 21:18:00,4.7084,1705.005,2020-05-27 00:05:00,True,2020-05-26 20:54:00,0.3527,4.7084,True,1712.215,2020-05-26 20:35:00,0.3466
GC,2020-05-27,Wednesday,ODR,1709.618,1705.608,4.009999999999991,1710.208,1705.278,4.930000000000064,True,SHORT,2020-05-27 05:00:00,1705.115,True,True,True,0.1546,2.0075,2.0075,1697.558,2020-05-27 07:47:00,0.8055,1708.838,2020-05-27 06:14:00,True,2020-05-27 07:31:00,0.8055,0.0,True,1705.948,2020-05-27 05:07:00,0.0848
GC,2020-05-27,Wednesday,RDR,1701.558,1693.925,7.633000000000038,1704.898,1693.715,11.182999999999993,True,LONG,2020-05-27 12:05:00,1705.118,True,False,,1.7944,0.0,1.7944,1715.255,2020-05-27 14:10:00,0.0,1705.028,2020-05-27 12:10:00,True,2020-05-27 12:10:00,0.0,0.0,False,,,
GC,2020-05-28,Thursday,ADR,1712.415,1709.018,3.3969999999999345,1713.055,1708.555,4.5,True,LONG,2020-05-27 21:05:00,1713.058,True,True,True,2.088,0.0274,2.088,1719.508,2020-05-28 01:54:00,0.4613,1710.848,2020-05-27 21:29:00,True,2020-05-27 21:44:00,0.4613,0.0,True,1712.298,2020-05-27 21:11:00,0.0344
GC,2020-05-28,Thursday,ODR,1721.218,1718.325,2.893000000000029,1721.693,1717.315,4.377999999999929,True,LONG,2020-05-28 05:20:00,1721.738,True,True,True,1.6892,0.0888,1.6892,1726.105,2020-05-28 07:10:00,0.2904,1720.378,2020-05-28 08:07:00,True,2020-05-28 05:32:00,0.2039,0.2904,True,1720.798,2020-05-28 05:28:00,0.1452
GC,2020-05-28,Thursday,RDR,1725.988,1720.538,5.4500000000000455,1727.428,1719.308,8.120000000000118,True,SHORT,2020-05-28 12:40:00,1718.498,True,True,True,0.0,1.7761,1.7761,1710.858,2020-05-28 14:25:00,0.0178,1720.635,2020-05-28 13:08:00,True,2020-05-28 13:16:00,0.0178,0.0,True,1720.608,2020-05-28 12:58:00,0.0128
GC,2020-05-29,Friday,ADR,1721.725,1719.625,2.099999999999909,1722.005,1719.315,2.6900000000000546,True,SHORT,2020-05-28 20:55:00,1718.705,False,True,False,0.5538,3.4271,3.4271,1712.428,2020-05-28 21:15:00,1.5538,1722.888,2020-05-29 01:38:00,True,2020-05-28 21:00:00,0.0,1.5538,True,1719.928,2020-05-28 21:33:00,0.1443
GC,2020-05-29,Friday,ODR,1721.218,1718.355,2.8630000000000564,1721.708,1717.858,3.8500000000001364,True,LONG,2020-05-29 04:05:00,1722.045,True,False,,3.7723,0.0,3.7723,1732.018,2020-05-29 08:25:00,0.0,1721.695,2020-05-29 04:10:00,True,2020-05-29 04:14:00,0.0,0.0,False,,,
GC,2020-05-29,Friday,RDR,1731.678,1726.655,5.023000000000138,1732.398,1726.245,6.15300000000002,True,LONG,2020-05-29 10:35:00,1732.548,True,True,False,1.2134,0.0,1.2134,1737.773,2020-05-29 14:52:00,0.8746,1727.285,2020-05-29 15:04:00,True,2020-05-29 10:50:00,0.1533,0.8746,True,1731.435,2020-05-29 11:02:00,0.0484
GC,2020-06-01,Monday,ADR,1739.715,1735.735,3.980000000000018,1740.048,1735.285,4.76299999999992,True,SHORT,2020-05-31 20:55:00,1735.058,False,True,False,1.2085,1.0319,1.0319,1731.628,2020-05-31 21:26:00,2.2085,1744.525,2020-06-01 01:51:00,True,2020-05-31 21:20:00,0.6666,2.2085,True,1737.168,2020-05-31 21:00:00,0.3601
GC,2020-06-01,Monday,ODR,1741.918,1737.905,4.01299999999992,1742.098,1737.115,4.982999999999947,True,LONG,2020-06-01 04:10:00,1742.655,False,True,False,0.4535,2.1273,0.2816,1743.048,2020-06-01 04:15:00,3.1273,1729.368,2020-06-01 07:34:00,False,,0.2168,,True,1741.048,2020-06-01 04:15:00,0.2168
GC,2020-06-01,Monday,RDR,1735.325,1731.985,3.3400000000001455,1735.798,1727.553,8.24499999999989,True,LONG,2020-06-01 10:50:00,1736.258,True,True,True,1.7584,0.0,1.7584,1741.198,2020-06-01 12:07:00,0.1997,1734.658,2020-06-01 14:48:00,True,2020-06-01 10:58:00,0.0,0.1997,True,1735.208,2020-06-01 13:53:00,0.035
GC,2020-06-02,Tuesday,ADR,1742.815,1740.308,2.507000000000062,1743.125,1740.308,2.8170000000000073,True,SHORT,2020-06-01 20:45:00,1740.175,True,True,True,0.0,1.9238,1.9238,1735.485,2020-06-02 01:01:00,0.706,1742.078,2020-06-01 22:02:00,True,2020-06-01 21:00:00,0.706,0.706,True,1740.385,2020-06-01 20:50:00,0.0307
GC,2020-06-02,Tuesday,ODR,1737.398,1735.095,2.3029999999998836,1737.788,1734.795,2.992999999999938,True,LONG,2020-06-02 04:20:00,1737.998,True,True,True,1.97,0.0999,1.97,1741.935,2020-06-02 05:25:00,0.2301,1736.868,2020-06-02 06:23:00,True,2020-06-02 04:25:00,0.1837,0.2301,True,1736.975,2020-06-02 04:30:00,0.1837
GC,2020-06-02,Tuesday,RDR,1744.575,1741.448,3.1269999999999527,1745.008,1741.448,3.5599999999999454,True,SHORT,2020-06-02 10:45:00,1739.345,True,True,True,0.0,6.4704,6.4704,1721.215,2020-06-02 12:34:00,0.7963,1743.938,2020-06-02 10:52:00,True,2020-06-02 10:50:00,0.7963,0.7963,True,1742.818,2020-06-02 10:51:00,0.4381
GC,2020-06-03,Wednesday,ADR,1728.845,1722.535,6.309999999999945,1729.215,1720.455,8.759999999999991,False,,,,,,,0.0971,0.13,,,,,,,False,,,,False,,,
GC,2020-06-03,Wednesday,ODR,1724.137,1720.198,3.938999999999851,1724.788,1719.538,5.25,True,SHORT,2020-06-03 04:00:00,1718.838,False,True,True,0.4902,1.7568,1.7568,1713.278,2020-06-03 04:42:00,1.4902,1726.068,2020-06-03 08:02:00,True,2020-06-03 04:06:00,0.0,1.4902,True,1720.438,2020-06-03 06:33:00,0.0609
GC,2020-06-03,Wednesday,RDR,1709.565,1694.505,15.059999999999945,1711.348,1692.065,19.2829999999999,True,SHORT,2020-06-03 10:30:00,1691.068,True,True,False,0.0,0.3493,0.3493,1689.245,2020-06-03 10:38:00,0.4062,1700.623,2020-06-03 13:30:00,False,,0.0,,True,1694.525,2020-06-03 10:45:00,0.0013
GC,2020-06-04,Thursday,ADR,1700.855,1697.958,2.8969999999999345,1701.125,1697.258,3.866999999999962,True,LONG,2020-06-03 21:25:00,1701.808,True,True,True,1.4991,0.176,1.4991,1705.198,2020-06-03 22:30:00,0.03,1700.768,2020-06-03 21:37:00,True,2020-06-03 21:30:00,0.03,0.03,True,1700.768,2020-06-03 21:37:00,0.03
GC,2020-06-04,Thursday,ODR,1703.198,1699.805,3.393000000000029,1703.668,1699.015,4.652999999999793,True,LONG,2020-06-04 04:00:00,1703.685,True,True,True,3.5131,0.0,3.5131,1715.118,2020-06-04 06:53:00,0.0737,1702.948,2020-06-04 04:19:00,True,2020-06-04 04:22:00,0.0737,0.0,True,1703.038,2020-06-04 04:07:00,0.0472
GC,2020-06-04,Thursday,RDR,1715.655,1703.825,11.829999999999927,1716.138,1700.298,15.839999999999918,True,LONG,2020-06-04 12:15:00,1716.598,True,True,True,0.5248,0.0,0.5248,1721.863,2020-06-04 13:25:00,0.1849,1713.468,2020-06-04 15:32:00,True,2020-06-04 13:25:00,0.0302,0.1849,True,1715.495,2020-06-04 12:26:00,0.0135
GC,2020-06-05,Friday,ADR,1715.315,1712.218,3.09699999999998,1715.625,1711.898,3.727000000000089,True,SHORT,2020-06-04 22:10:00,1711.175,True,True,True,0.2173,1.7091,1.7091,1706.925,2020-06-04 23:28:00,0.2783,1713.08,2020-06-04 22:30:00,True,2020-06-04 22:16:00,0.2783,0.2783,True,1712.368,2020-06-04 22:21:00,0.0484
GC,2020-06-05,Friday,ODR,1710.628,1707.948,2.6799999999998363,1710.708,1707.525,3.1829999999999927,True,LONG,2020-06-05 04:50:00,1711.068,False,True,False,0.9776,3.0813,0.9776,1713.248,2020-06-05 04:55:00,4.0813,1699.69,2020-06-05 08:15:00,True,2020-06-05 04:55:00,0.0,4.0813,True,1710.415,2020-06-05 04:56:00,0.0795
GC,2020-06-05,Friday,RDR,1686.838,1675.515,11.322999999999865,1688.085,1675.455,12.63000000000011,True,SHORT,2020-06-05 10:30:00,1673.738,True,True,False,0.0,0.4213,0.4213,1670.745,2020-06-05 10:47:00,0.7574,1684.091,2020-06-05 15:47:00,False,,0.0047,,True,1675.568,2020-06-05 10:40:00,0.0047
GC,2020-06-08,Monday,ADR,1683.715,1680.425,3.2899999999999636,1684.388,1679.985,4.40300000000002,True,LONG,2020-06-07 21:05:00,1684.985,True,False,,2.3505,0.0,2.3505,1691.448,2020-06-08 01:09:00,0.0,1684.965,2020-06-07 21:10:00,True,2020-06-07 21:11:00,0.0,0.0,False,,,
GC,2020-06-08,Monday,ODR,1695.128,1692.155,2.9729999999999563,1696.265,1691.648,4.617000000000189,True,LONG,2020-06-08 04:05:00,1696.635,False,True,False,0.7222,0.4363,0.6189,1696.968,2020-06-08 04:10:00,1.4363,1690.858,2020-06-08 08:15:00,True,2020-06-08 04:10:00,0.0,1.4363,True,1694.918,2020-06-08 04:19:00,0.0706
GC,2020-06-08,Monday,RDR,1695.235,1686.525,8.709999999999809,1695.608,1686.128,9.480000000000018,True,LONG,2020-06-08 12:40:00,1696.945,True,False,,0.618,0.0,0.618,1700.618,2020-06-08 15:31:00,0.0,1695.928,2020-06-08 13:04:00,True,2020-06-08 13:32:00,0.0,0.0,False,,,
GC,2020-06-09,Tuesday,ADR,1698.638,1697.178,1.459999999999809,1699.508,1696.578,2.9300000000000637,True,LONG,2020-06-08 20:50:00,1699.595,False,True,False,4.1014,2.3788,4.1014,1704.626,2020-06-08 21:27:00,3.3788,1693.705,2020-06-09 00:17:00,True,2020-06-08 20:55:00,0.2671,3.3788,True,1698.248,2020-06-08 21:00:00,0.2671
GC,2020-06-09,Tuesday,ODR,1701.708,1695.295,6.413000000000011,1702.075,1695.005,7.069999999999936,True,LONG,2020-06-09 04:05:00,1704.055,True,True,True,1.7465,0.0,1.7465,1712.908,2020-06-09 08:29:00,0.027,1701.535,2020-06-09 04:51:00,True,2020-06-09 04:15:00,0.027,0.027,True,1701.535,2020-06-09 04:51:00,0.027
GC,2020-06-09,Tuesday,RDR,1720.225,1713.645,6.579999999999927,1720.668,1712.698,7.9699999999998,True,SHORT,2020-06-09 15:10:00,1712.275,True,True,False,0.0415,0.2933,0.2933,1711.715,2020-06-09 15:21:00,0.2872,1715.535,2020-06-09 15:53:00,False,,0.0,,True,1713.675,2020-06-09 15:28:00,0.0046
GC,2020-06-10,Wednesday,ADR,1715.885,1712.595,3.2899999999999636,1716.748,1712.095,4.65300000000002,True,LONG,2020-06-09 21:00:00,1717.685,True,True,True,0.8936,0.0,0.8936,1718.825,2020-06-10 01:53:00,0.4012,1714.565,2020-06-09 21:36:00,True,2020-06-09 21:05:00,0.4012,0.4012,True,1715.408,2020-06-09 21:26:00,0.145
GC,2020-06-10,Wednesday,ODR,1718.518,1716.688,1.8299999999999272,1718.848,1715.585,3.26299999999992,True,LONG,2020-06-10 04:05:00,1718.905,True,True,True,3.6432,0.5372,3.6432,1725.185,2020-06-10 08:00:00,1.5372,1715.705,2020-06-10 06:37:00,True,2020-06-10 04:10:00,1.5372,1.5372,True,1718.508,2020-06-10 05:16:00,0.0055
GC,2020-06-10,Wednesday,RDR,1726.618,1721.605,5.01299999999992,1727.185,1720.675,6.509999999999991,True,SHORT,2020-06-10 10:50:00,1720.108,False,True,False,2.6046,2.7748,2.7748,1707.695,2020-06-10 14:01:00,3.6046,1739.675,2020-06-10 15:59:00,True,2020-06-10 10:59:00,0.0,3.6046,True,1723.088,2020-06-10 14:07:00,0.2958
GC,2020-06-11,Thursday,ADR,1736.975,1734.635,2.339999999999918,1737.075,1734.295,2.7799999999999727,True,SHORT,2020-06-10 21:00:00,1731.998,True,False,,0.1111,3.3547,3.3547,1726.785,2020-06-11 01:54:00,0.0,1734.495,2020-06-10 22:49:00,True,2020-06-10 21:05:00,0.0,0.0,False,,,
GC,2020-06-11,Thursday,ODR,1736.698,1733.448,3.25,1737.308,1733.148,4.160000000000082,True,SHORT,2020-06-11 04:40:00,1731.715,True,True,True,0.0,3.6932,3.6932,1721.445,2020-06-11 07:32:00,0.3345,1734.535,2020-06-11 05:13:00,True,2020-06-11 04:45:00,0.3345,0.3345,True,1733.625,2020-06-11 04:56:00,0.0545
GC,2020-06-11,Thursday,RDR,1742.445,1735.998,6.446999999999889,1743.098,1734.678,8.419999999999845,True,LONG,2020-06-11 10:50:00,1743.485,False,True,False,0.3304,2.0123,0.3304,1744.575,2020-06-11 11:02:00,3.0123,1723.025,2020-06-11 15:23:00,False,,0.0,,True,1741.498,2020-06-11 11:04:00,0.1469
GC,2020-06-12,Friday,ADR,1730.145,1724.195,5.9500000000000455,1730.228,1722.135,8.093000000000075,False,,,,,,,0.0,0.1424,,,,,,,False,,,,False,,,
GC,2020-06-12,Friday,ODR,1733.525,1731.615,1.9100000000000819,1733.705,1731.005,2.699999999999818,True,LONG,2020-06-12 04:10:00,1734.805,False,True,True,2.9162,0.2618,2.9162,1739.095,2020-06-12 08:29:00,1.2618,1731.115,2020-06-12 05:59:00,True,2020-06-12 04:15:00,1.2618,1.2618,True,1733.525,2020-06-12 05:39:00,0.0
GC,2020-06-12,Friday,RDR,1742.148,1736.655,5.492999999999938,1742.948,1734.878,8.070000000000164,True,SHORT,2020-06-12 11:00:00,1734.228,True,False,,0.0,1.4109,1.4109,1728.905,2020-06-12 14:15:00,0.0,1736.008,2020-06-12 11:57:00,True,2020-06-12 11:06:00,0.0,0.0,False,,,
GC,2020-06-15,Monday,ADR,1733.868,1732.298,1.5699999999999363,1733.938,1731.778,2.160000000000082,True,SHORT,2020-06-14 21:00:00,1731.555,True,True,True,0.1083,7.2185,7.2185,1720.965,2020-06-15 01:58:00,1.1083,1734.038,2020-06-14 22:02:00,True,2020-06-14 21:05:00,1.1083,1.1083,True,1732.468,2020-06-14 21:07:00,0.1083
GC,2020-06-15,Monday,ODR,1722.905,1716.518,6.386999999999944,1723.575,1715.268,8.307000000000016,True,SHORT,2020-06-15 05:35:00,1715.215,True,False,,0.1821,1.3532,1.3532,1707.875,2020-06-15 06:36:00,0.0,1715.545,2020-06-15 05:51:00,True,2020-06-15 06:01:00,0.0,0.0,False,,,
GC,2020-06-15,Monday,RDR,1717.545,1704.415,13.13000000000011,1717.938,1704.025,13.913000000000011,True,LONG,2020-06-15 10:40:00,1718.445,True,True,True,0.8159,0.0,0.8159,1728.258,2020-06-15 14:04:00,0.112,1716.075,2020-06-15 10:59:00,True,2020-06-15 13:54:00,0.112,0.0,True,1717.495,2020-06-15 10:49:00,0.0038
GC,2020-06-16,Tuesday,ADR,1727.438,1724.028,3.410000000000082,1727.788,1724.028,3.759999999999991,True,LONG,2020-06-15 21:05:00,1727.815,True,True,False,1.5504,0.0,1.5504,1732.725,2020-06-15 22:37:00,0.6255,1725.305,2020-06-15 21:22:00,True,2020-06-15 21:59:00,0.6255,0.607,True,1727.285,2020-06-15 21:10:00,0.0449
GC,2020-06-16,Tuesday,ODR,1729.64,1723.565,6.0750000000000455,1729.862,1722.565,7.2970000000000255,True,LONG,2020-06-16 04:20:00,1732.005,True,True,False,0.5116,0.1119,0.4782,1732.545,2020-06-16 04:25:00,1.1119,1722.885,2020-06-16 08:21:00,False,,0.0,,True,1729.538,2020-06-16 04:34:00,0.0168
GC,2020-06-16,Tuesday,RDR,1725.038,1717.695,7.343000000000075,1726.761,1716.535,10.225999999999885,True,LONG,2020-06-16 10:55:00,1729.248,True,True,True,0.7368,0.0,0.7368,1730.448,2020-06-16 13:50:00,0.2129,1723.475,2020-06-16 11:42:00,True,2020-06-16 11:00:00,0.2129,0.2129,True,1724.278,2020-06-16 11:40:00,0.1035
GC,2020-06-17,Wednesday,ADR,1728.285,1726.075,2.2100000000000364,1728.688,1725.925,2.7630000000001473,True,SHORT,2020-06-16 21:05:00,1725.878,False,True,False,0.3303,1.6005,1.6005,1722.538,2020-06-16 22:46:00,1.3303,1729.015,2020-06-17 01:54:00,True,2020-06-16 21:27:00,0.2489,1.3303,True,1726.295,2020-06-16 21:10:00,0.0995
GC,2020-06-17,Wednesday,ODR,1728.455,1723.695,4.759999999999991,1728.605,1721.725,6.880000000000109,True,SHORT,2020-06-17 04:20:00,1721.715,True,True,True,0.0,2.3418,2.3418,1712.548,2020-06-17 05:32:00,0.0742,1724.048,2020-06-17 04:31:00,True,2020-06-17 04:41:00,0.0742,0.0,True,1724.048,2020-06-17 04:31:00,0.0742
GC,2020-06-17,Wednesday,RDR,1724.505,1722.018,2.48700000000008,1725.378,1721.138,4.240000000000009,True,LONG,2020-06-17 10:40:00,1725.785,True,True,True,2.2758,0.0,2.2758,1730.165,2020-06-17 15:50:00,0.5509,1723.135,2020-06-17 11:19:00,True,2020-06-17 10:45:00,0.5509,0.5509,True,1723.965,2020-06-17 11:07:00,0.2171
GC,2020-06-18,Thursday,ADR,1729.475,1726.875,2.599999999999909,1730.258,1726.425,3.8330000000000837,True,SHORT,2020-06-17 20:45:00,1726.325,True,True,False,0.0,1.2219,1.2219,1723.698,2020-06-17 22:05:00,0.955,1729.358,2020-06-17 21:10:00,True,2020-06-17 21:32:00,0.955,0.6665,True,1727.205,2020-06-17 20:50:00,0.1269
GC,2020-06-18,Thursday,ODR,1727.825,1725.698,2.1269999999999527,1728.608,1724.548,4.059999999999945,True,LONG,2020-06-18 04:30:00,1728.945,False,True,False,4.5195,3.5684,4.5195,1737.438,2020-06-18 05:10:00,4.5684,1718.108,2020-06-18 07:46:00,True,2020-06-18 04:35:00,0.0,4.5684,True,1720.748,2020-06-18 05:48:00,1.0
GC,2020-06-18,Thursday,RDR,1726.058,1718.108,7.9500000000000455,1726.448,1717.435,9.013000000000147,False,,,,,,,0.0,0.078,,,,,,,False,,,,False,,,
GC,2020-06-19,Friday,ADR,1723.798,1721.825,1.9729999999999563,1724.088,1721.635,2.4529999999999745,True,LONG,2020-06-18 21:10:00,1724.098,True,True,True,2.1034,0.0,2.1034,1727.948,2020-06-19 01:59:00,0.1333,1723.535,2020-06-18 21:15:00,True,2020-06-18 21:20:00,0.1333,0.0,True,1723.535,2020-06-18 21:15:00,0.1333
GC,2020-06-19,Friday,ODR,1732.048,1730.048,2.0,1732.378,1729.678,2.699999999999818,True,SHORT,2020-06-19 04:20:00,1729.648,False,True,False,1.72,1.21,1.21,1727.628,2020-06-19 05:31:00,2.72,1735.488,2020-06-19 08:22:00,True,2020-06-19 04:29:00,0.145,2.72,True,1730.098,2020-06-19 04:59:00,0.025
GC,2020-06-19,Friday,RDR,1737.538,1732.488,5.0499999999999545,1738.438,1732.098,6.3400000000001455,True,LONG,2020-06-19 10:30:00,1738.798,True,True,True,1.5109,0.0,1.5109,1745.168,2020-06-19 11:21:00,0.0812,1737.128,2020-06-19 10:59:00,True,2020-06-19 10:36:00,0.0812,0.0812,True,1737.435,2020-06-19 10:46:00,0.0204
GC,2020-06-22,Monday,ADR,1750.265,1747.058,3.2070000000001073,1750.915,1746.858,4.057000000000016,True,LONG,2020-06-21 21:10:00,1751.595,True,True,True,2.5984,0.2682,2.5984,1758.598,2020-06-21 21:59:00,0.3586,1749.115,2020-06-21 23:10:00,True,2020-06-21 21:17:00,0.0,0.3586,True,1750.115,2020-06-21 23:08:00,0.0468
GC,2020-06-22,Monday,ODR,1751.068,1743.268,7.7999999999999545,1751.328,1742.598,8.730000000000018,True,LONG,2020-06-22 08:25:00,1751.725,True,,,0.1115,0.0,,,,,,,False,,,,False,,,
GC,2020-06-22,Monday,RDR,1762.408,1755.898,6.509999999999991,1763.058,1754.498,8.559999999999945,True,SHORT,2020-06-22 10:50:00,1754.195,True,True,True,0.0,0.9923,0.9923,1749.438,2020-06-22 11:01:00,0.7266,1760.628,2020-06-22 11:47:00,True,2020-06-22 10:55:00,0.0,0.7266,True,1756.008,2020-06-22 11:07:00,0.0169
GC,2020-06-23,Tuesday,ADR,1755.938,1753.335,2.6030000000000655,1756.141,1752.898,3.2430000000001655,True,SHORT,2020-06-22 20:40:00,1752.708,False,True,True,1.7057,2.1898,2.1898,1747.635,2020-06-22 22:36:00,2.7057,1760.378,2020-06-22 21:29:00,True,2020-06-22 22:23:00,2.7057,0.6542,True,1753.848,2020-06-22 20:46:00,0.1971
GC,2020-06-23,Tuesday,ODR,1755.385,1749.518,5.866999999999962,1756.228,1747.295,8.932999999999993,True,LONG,2020-06-23 04:05:00,1756.555,True,True,True,0.9175,0.0,0.9175,1760.768,2020-06-23 08:20:00,0.279,1753.748,2020-06-23 04:29:00,True,2020-06-23 06:15:00,0.279,0.1103,True,1755.048,2020-06-23 04:15:00,0.0574
GC,2020-06-23,Tuesday,RDR,1767.128,1761.6,5.52800000000002,1768.808,1761.038,7.769999999999982,True,LONG,2020-06-23 15:20:00,1768.978,True,False,,0.6711,0.0,0.6711,1770.838,2020-06-23 15:59:00,0.0,1768.208,2020-06-23 15:28:00,True,2020-06-23 15:45:00,0.0,0.0,False,,,
GC,2020-06-24,Wednesday,ADR,1772.988,1768.138,4.850000000000136,1773.498,1767.958,5.539999999999964,True,SHORT,2020-06-23 22:55:00,1767.755,True,True,False,0.0351,0.3443,0.3443,1766.468,2020-06-24 00:23:00,0.6309,1771.198,2020-06-24 01:37:00,False,,0.2062,,True,1768.495,2020-06-23 23:07:00,0.0736
GC,2020-06-24,Wednesday,ODR,1770.888,1768.225,2.663000000000011,1771.018,1767.838,3.1800000000000637,True,LONG,2020-06-24 04:10:00,1771.135,True,True,True,3.1919,0.0,3.1919,1779.388,2020-06-24 06:03:00,0.1577,1770.468,2020-06-24 04:30:00,True,2020-06-24 04:20:00,0.1577,0.1577,True,1770.825,2020-06-24 04:15:00,0.0237
GC,2020-06-24,Wednesday,RDR,1771.365,1765.048,6.317000000000007,1772.418,1762.008,10.409999999999854,True,LONG,2020-06-24 10:40:00,1772.485,False,True,False,0.7192,0.7266,0.7192,1775.908,2020-06-24 11:09:00,1.7266,1760.458,2020-06-24 12:10:00,True,2020-06-24 10:52:00,0.0,1.7266,True,1770.948,2020-06-24 11:13:00,0.066
GC,2020-06-25,Thursday,ADR,1764.508,1761.008,3.5,1764.988,1760.678,4.309999999999945,True,LONG,2020-06-24 20:45:00,1765.448,False,True,False,0.4343,0.7866,0.4343,1766.028,2020-06-24 20:50:00,1.7866,1758.255,2020-06-24 22:42:00,False,,0.0,,True,1764.508,2020-06-24 20:50:00,0.0
GC,2020-06-25,Thursday,ODR,1767.748,1765.038,2.7100000000000364,1768.548,1764.715,3.8330000000000837,True,SHORT,2020-06-25 04:20:00,1764.268,True,True,True,0.0,3.6089,3.6089,1755.258,2020-06-25 08:22:00,0.2362,1765.678,2020-06-25 04:33:00,True,2020-06-25 04:43:00,0.2362,0.0,True,1765.235,2020-06-25 04:26:00,0.0727
GC,2020-06-25,Thursday,RDR,1764.368,1757.678,6.689999999999827,1764.708,1757.178,7.529999999999973,False,,,,,,,0.0433,0.0,,,,,,,False,,,,False,,,
GC,2020-06-26,Friday,ADR,1766.055,1764.018,2.0370000000000346,1766.238,1763.665,2.5730000000000928,True,SHORT,2020-06-25 20:35:00,1763.418,True,True,True,0.0,2.9259,2.9259,1758.058,2020-06-26 01:24:00,0.1031,1764.228,2020-06-25 20:47:00,True,2020-06-25 20:50:00,0.1031,0.0,True,1764.158,2020-06-25 20:46:00,0.0687
GC,2020-06-26,Friday,ODR,1764.428,1760.025,4.40300000000002,1764.938,1759.805,5.133000000000038,True,LONG,2020-06-26 04:40:00,1765.078,True,True,False,0.4974,0.0,0.4974,1766.618,2020-06-26 04:50:00,0.8274,1760.785,2020-06-26 06:06:00,False,,0.0,,True,1764.168,2020-06-26 04:55:00,0.0591
GC,2020-06-26,Friday,RDR,1755.658,1749.105,6.552999999999884,1756.008,1747.368,8.6400000000001,True,LONG,2020-06-26 11:00:00,1756.485,True,False,,2.4859,0.0,2.4859,1771.948,2020-06-26 15:49:00,0.0,1755.858,2020-06-26 11:06:00,True,2020-06-26 11:10:00,0.0,0.0,False,,,
GC,2020-06-29,Monday,ADR,1773.048,1770.098,2.9500000000000455,1773.528,1769.978,3.5499999999999545,True,LONG,2020-06-28 20:45:00,1773.668,False,True,True,0.6295,0.8881,0.6295,1774.905,2020-06-28 20:58:00,1.8881,1767.478,2020-06-28 22:30:00,True,2020-06-28 20:57:00,0.0,1.8881,True,1771.748,2020-06-28 21:00:00,0.4407
GC,2020-06-29,Monday,ODR,1771.688,1768.888,2.800000000000182,1771.688,1768.388,3.300000000000182,True,SHORT,2020-06-29 04:00:00,1767.768,False,True,True,0.5464,0.6429,0.6429,1767.088,2020-06-29 04:05:00,1.5464,1773.218,2020-06-29 07:34:00,True,2020-06-29 04:05:00,0.0,1.5464,True,1769.098,2020-06-29 04:08:00,0.075
GC,2020-06-29,Monday,RDR,1771.998,1769.878,2.1200000000001182,1772.748,1768.948,3.7999999999999545,True,LONG,2020-06-29 10:45:00,1773.398,False,True,False,0.9703,1.1557,0.9703,1774.055,2020-06-29 11:00:00,2.1557,1767.428,2020-06-29 12:52:00,True,2020-06-29 10:50:00,0.0,2.1557,True,1771.788,2020-06-29 11:11:00,0.0991
GC,2020-06-30,Tuesday,ADR,1773.225,1770.925,2.2999999999999545,1773.505,1770.768,2.73700000000008,True,SHORT,2020-06-29 20:50:00,1769.968,True,True,True,0.0,0.9813,0.9813,1768.668,2020-06-29 21:01:00,0.7317,1772.608,2020-06-30 01:30:00,True,2020-06-29 20:55:00,0.0,0.7317,True,1770.948,2020-06-29 21:40:00,0.01
GC,2020-06-30,Tuesday,ODR,1773.395,1771.608,1.7870000000000346,1773.635,1771.308,2.326999999999998,True,SHORT,2020-06-30 05:00:00,1771.118,True,True,True,0.1528,4.0196,4.0196,1764.425,2020-06-30 07:55:00,0.0095,1771.625,2020-06-30 06:06:00,True,2020-06-30 05:05:00,0.0095,0.0095,True,1771.625,2020-06-30 06:06:00,0.0095
GC,2020-06-30,Tuesday,RDR,1773.378,1768.768,4.6099999999999,1775.155,1768.028,7.126999999999953,True,LONG,2020-06-30 10:30:00,1777.398,True,False,,2.7054,0.0,2.7054,1785.85,2020-06-30 11:21:00,0.0,1775.428,2020-06-30 10:36:00,True,2020-06-30 10:35:00,0.0,0.0,False,,,
GC,2020-07-01,Wednesday,ADR,1784.125,1780.598,3.5270000000000437,1784.255,1780.468,3.7870000000000346,True,LONG,2020-07-01 00:30:00,1784.365,True,True,False,0.2759,0.1248,0.2759,1785.098,2020-07-01 01:27:00,0.482,1782.425,2020-07-01 00:58:00,False,,0.482,,True,1784.005,2020-07-01 00:36:00,0.034
GC,2020-07-01,Wednesday,ODR,1788.668,1783.618,5.0499999999999545,1789.008,1783.398,5.610000000000127,True,SHORT,2020-07-01 06:30:00,1782.288,True,True,True,0.0172,1.555,1.555,1775.765,2020-07-01 08:21:00,0.0786,1784.015,2020-07-01 08:15:00,True,2020-07-01 06:40:00,0.0786,0.0786,True,1784.015,2020-07-01 08:15:00,0.0786
GC,2020-07-01,Wednesday,RDR,1777.015,1765.188,11.826999999999998,1777.115,1762.698,14.416999999999916,True,SHORT,2020-07-01 10:30:00,1761.878,True,True,False,0.0,0.5276,0.5276,1758.948,2020-07-01 11:23:00,0.646,1772.828,2020-07-01 15:33:00,True,2020-07-01 11:23:00,0.1141,0.646,True,1765.948,2020-07-01 10:41:00,0.0643
GC,2020-07-02,Thursday,ADR,1769.525,1766.625,2.900000000000091,1769.715,1766.265,3.449999999999818,True,LONG,2020-07-01 22:10:00,1769.728,False,True,False,0.27,0.8472,0.27,1770.308,2020-07-01 22:19:00,1.8472,1764.168,2020-07-02 01:48:00,False,,0.0,,True,1769.198,2020-07-01 22:21:00,0.1128
GC,2020-07-02,Thursday,ODR,1769.788,1767.565,2.2229999999999563,1770.185,1767.165,3.019999999999982,True,LONG,2020-07-02 04:10:00,1770.338,False,True,False,2.0724,0.8952,2.0724,1774.395,2020-07-02 06:13:00,1.8952,1765.575,2020-07-02 08:29:00,True,2020-07-02 04:19:00,0.0,1.8952,True,1769.175,2020-07-02 08:07:00,0.2758
GC,2020-07-02,Thursday,RDR,1777.108,1767.498,9.6099999999999,1777.435,1766.0,11.434999999999945,True,LONG,2020-07-02 10:40:00,1777.565,True,True,False,0.2411,0.0,0.2411,1779.425,2020-07-02 11:20:00,0.3496,1773.748,2020-07-02 12:13:00,False,,0.2903,,True,1776.818,2020-07-02 10:47:00,0.0302
GC,2020-07-03,Friday,ADR,1776.238,1773.738,2.5,1776.488,1773.378,3.1100000000001273,True,SHORT,2020-07-02 20:30:00,1773.368,False,True,False,0.308,0.44,0.44,1772.638,2020-07-03 01:44:00,1.308,1777.008,2020-07-02 21:03:00,False,,1.308,,True,1774.038,2020-07-02 20:37:00,0.12
GC,2020-07-03,Friday,ODR,1776.528,1775.015,1.51299999999992,1776.788,1774.585,2.2029999999999745,True,SHORT,2020-07-03 04:15:00,1774.208,False,True,True,0.2974,1.0489,1.0489,1773.428,2020-07-03 04:22:00,1.2974,1776.978,2020-07-03 07:22:00,True,2020-07-03 04:20:00,0.0,1.2974,True,1775.025,2020-07-03 04:34:00,0.0066
GC,2020-07-03,Friday,RDR,1775.728,1773.678,2.0499999999999545,1775.915,1773.2,2.714999999999918,False,,,,,,,0.2341,0.0,,,,,,,False,,,,False,,,
GC,2020-07-06,Monday,ADR,1776.258,1775.055,1.2029999999999745,1776.768,1774.895,1.8730000000000473,True,SHORT,2020-07-05 21:05:00,1774.858,True,False,,0.0,4.3533,4.3533,1769.818,2020-07-05 22:06:00,0.0,1774.988,2020-07-05 21:28:00,True,2020-07-05 21:10:00,0.0,0.0,False,,,
GC,2020-07-06,Monday,ODR,1777.598,1775.935,1.663000000000011,1777.798,1775.505,2.2929999999998927,True,SHORT,2020-07-06 04:15:00,1775.288,False,True,False,3.2995,1.1485,1.1485,1774.025,2020-07-06 06:16:00,4.2995,1783.085,2020-07-06 08:26:00,True,2020-07-06 05:32:00,1.6975,4.2995,True,1776.098,2020-07-06 04:23:00,0.098
GC,2020-07-06,Monday,RDR,1786.508,1780.168,6.3400000000001455,1786.905,1779.028,7.876999999999953,False,,,,,,,0.0647,0.0379,,,,,,,False,,,,False,,,
GC,2020-07-07,Tuesday,ADR,1785.918,1784.038,1.8799999999998818,1786.181,1783.328,2.8530000000000655,True,LONG,2020-07-06 21:00:00,1786.558,False,True,False,0.5957,0.8883,0.5957,1787.038,2020-07-06 21:08:00,1.8883,1782.368,2020-07-07 01:50:00,True,2020-07-06 21:06:00,0.0,1.8883,True,1784.818,2020-07-06 21:15:00,0.5851
GC,2020-07-07,Tuesday,ODR,1783.525,1780.365,3.160000000000082,1784.085,1780.168,3.9170000000001437,True,SHORT,2020-07-07 04:10:00,1779.035,True,False,,0.0,2.2047,2.2047,1773.398,2020-07-07 05:37:00,0.0,1780.298,2020-07-07 08:22:00,True,2020-07-07 04:19:00,0.0,0.0,False,,,
GC,2020-07-07,Tuesday,RDR,1793.808,1780.678,13.129999999999882,1795.923,1780.678,15.24499999999989,True,LONG,2020-07-07 10:50:00,1795.938,True,True,True,0.2704,0.0,0.2704,1797.358,2020-07-07 15:59:00,0.0685,1792.908,2020-07-07 11:16:00,False,,0.0685,,True,1793.618,2020-07-07 10:57:00,0.0145
GC,2020-07-08,Wednesday,ADR,1796.215,1793.868,2.34699999999998,1796.458,1793.358,3.1000000000001364,True,SHORT,2020-07-07 20:35:00,1793.258,True,True,False,0.0,1.0311,1.0311,1791.448,2020-07-07 22:07:00,0.6123,1795.305,2020-07-08 01:07:00,True,2020-07-07 20:44:00,0.4772,0.6123,True,1793.938,2020-07-07 21:00:00,0.0298
GC,2020-07-08,Wednesday,ODR,1796.105,1793.975,2.130000000000109,1796.115,1792.638,3.477000000000089,True,LONG,2020-07-08 04:00:00,1797.095,True,False,,4.039,0.0,4.039,1804.708,2020-07-08 07:59:00,0.0,1796.448,2020-07-08 04:33:00,True,2020-07-08 04:06:00,0.0,0.0,False,,,
GC,2020-07-08,Wednesday,RDR,1817.018,1808.998,8.019999999999982,1817.848,1808.848,9.0,True,SHORT,2020-07-08 11:25:00,1808.845,True,True,False,0.0,0.2984,0.2984,1806.605,2020-07-08 14:50:00,0.6047,1813.848,2020-07-08 12:18:00,False,,0.6047,,True,1809.618,2020-07-08 11:30:00,0.0773
GC,2020-07-09,Thursday,ADR,1809.755,1807.705,2.050000000000182,1809.755,1807.385,2.3700000000001182,True,SHORT,2020-07-08 20:40:00,1806.298,False,True,False,1.5366,0.8961,0.8961,1805.868,2020-07-08 20:53:00,2.5366,1812.905,2020-07-09 01:56:00,True,2020-07-08 20:45:00,0.0,2.5366,True,1807.948,2020-07-08 21:04:00,0.1185
GC,2020-07-09,Thursday,ODR,1813.718,1810.258,3.4600000000000364,1813.975,1810.128,3.84699999999998,True,LONG,2020-07-09 04:25:00,1814.868,False,True,False,0.6176,1.4075,0.6176,1815.855,2020-07-09 04:39:00,2.4075,1805.388,2020-07-09 08:22:00,True,2020-07-09 04:39:00,0.0,2.4075,True,1813.718,2020-07-09 05:07:00,0.0
GC,2020-07-09,Thursday,RDR,1814.268,1810.768,3.5,1815.358,1809.388,5.970000000000027,True,SHORT,2020-07-09 10:40:00,1808.918,True,True,True,0.1886,4.4314,4.4314,1795.258,2020-07-09 11:07:00,0.0343,1810.888,2020-07-09 10:55:00,True,2020-07-09 10:45:00,0.0343,0.0343,True,1810.888,2020-07-09 10:55:00,0.0343
GC,2020-07-10,Friday,ADR,1803.918,1801.868,2.0499999999999545,1804.128,1801.868,2.259999999999991,True,SHORT,2020-07-09 20:40:00,1801.808,True,True,True,0.0732,3.0049,3.0049,1795.708,2020-07-10 01:57:00,1.0732,1804.068,2020-07-09 21:54:00,True,2020-07-09 21:29:00,1.0732,1.0732,True,1801.928,2020-07-09 20:45:00,0.0293
GC,2020-07-10,Friday,ODR,1800.165,1796.178,3.9869999999998527,1800.355,1795.945,4.410000000000082,True,LONG,2020-07-10 04:00:00,1801.235,True,False,,2.2506,0.0,2.2506,1809.138,2020-07-10 06:39:00,0.0,1801.015,2020-07-10 04:05:00,True,2020-07-10 04:08:00,0.0,0.0,False,,,
GC,2020-07-10,Friday,RDR,1808.865,1801.548,7.317000000000007,1810.008,1801.378,8.63000000000011,True,SHORT,2020-07-10 11:00:00,1801.288,True,True,True,0.0,1.0405,1.0405,1793.935,2020-07-10 12:56:00,0.149,1802.638,2020-07-10 11:08:00,True,2020-07-10 11:35:00,0.149,0.0,True,1801.988,2020-07-10 11:05:00,0.0601
GC,2020-07-13,Monday,ADR,1801.208,1799.715,1.4930000000001655,1801.278,1799.585,1.6929999999999836,True,LONG,2020-07-12 20:30:00,1801.725,True,True,True,4.1038,0.0,4.1038,1807.335,2020-07-13 01:57:00,0.864,1799.918,2020-07-12 21:01:00,True,2020-07-12 21:05:00,0.864,0.0402,True,1800.965,2020-07-12 20:40:00,0.1628
GC,2020-07-13,Monday,ODR,1807.808,1804.955,2.8530000000000655,1808.168,1804.708,3.459999999999809,True,SHORT,2020-07-13 04:00:00,1804.238,False,True,False,0.742,0.3565,0.2723,1804.178,2020-07-13 04:05:00,1.742,1809.925,2020-07-13 05:19:00,False,,0.0,,True,1805.035,2020-07-13 04:10:00,0.028
GC,2020-07-13,Monday,RDR,1812.098,1806.648,5.4500000000000455,1813.198,1806.135,7.063000000000102,True,SHORT,2020-07-13 10:30:00,1805.388,True,True,True,0.0,1.1541,1.1541,1800.358,2020-07-13 15:54:00,0.8972,1811.538,2020-07-13 13:34:00,True,2020-07-13 10:36:00,0.8972,0.8972,True,1806.778,2020-07-13 10:57:00,0.0239
GC,2020-07-14,Tuesday,ADR,1802.215,1799.295,2.9199999999998454,1802.418,1798.918,3.5,True,SHORT,2020-07-13 20:30:00,1798.808,True,True,True,0.0,1.2182,1.2182,1795.738,2020-07-13 21:10:00,0.1062,1799.605,2020-07-13 20:51:00,True,2020-07-13 20:53:00,0.1062,0.0685,True,1799.318,2020-07-13 20:36:00,0.0079
GC,2020-07-14,Tuesday,ODR,1801.038,1796.748,4.289999999999964,1801.175,1796.628,4.5470000000000255,True,LONG,2020-07-14 04:05:00,1801.228,False,True,False,0.1958,1.4755,0.1958,1801.878,2020-07-14 04:56:00,2.4755,1790.418,2020-07-14 06:18:00,False,,0.5676,,True,1800.898,2020-07-14 04:11:00,0.0326
GC,2020-07-14,Tuesday,RDR,1806.248,1797.608,8.6400000000001,1806.498,1796.445,10.053000000000111,True,LONG,2020-07-14 10:50:00,1807.138,True,True,True,0.5255,0.0,0.5255,1810.788,2020-07-14 14:32:00,0.0428,1805.878,2020-07-14 10:56:00,True,2020-07-14 14:20:00,0.0428,0.0,True,1806.068,2020-07-14 10:55:00,0.0208
GC,2020-07-15,Wednesday,ADR,1810.978,1809.068,1.9100000000000819,1811.108,1808.858,2.25,True,SHORT,2020-07-14 20:35:00,1808.418,True,True,True,0.0,1.8168,1.8168,1805.598,2020-07-15 01:00:00,0.5115,1810.045,2020-07-14 22:11:00,True,2020-07-14 20:40:00,0.5115,0.5115,True,1809.168,2020-07-14 21:00:00,0.0524
GC,2020-07-15,Wednesday,ODR,1811.698,1806.595,5.1030000000000655,1811.825,1806.588,5.23700000000008,True,LONG,2020-07-15 04:00:00,1812.255,False,True,False,0.6306,0.6049,0.6306,1814.916,2020-07-15 04:31:00,1.6049,1803.508,2020-07-15 07:14:00,True,2020-07-15 04:31:00,0.047,1.6049,True,1811.695,2020-07-15 04:09:00,0.0006
GC,2020-07-15,Wednesday,RDR,1810.315,1803.878,6.4370000000001255,1810.738,1802.228,8.509999999999991,True,LONG,2020-07-15 10:30:00,1811.948,True,True,True,0.4494,0.0,0.4494,1813.208,2020-07-15 12:45:00,0.6458,1806.158,2020-07-15 11:15:00,False,,0.6458,,True,1810.278,2020-07-15 10:42:00,0.0057
GC,2020-07-16,Thursday,ADR,1812.968,1811.068,1.900000000000091,1813.138,1810.898,2.240000000000009,True,SHORT,2020-07-15 20:30:00,1810.845,True,True,True,0.0,1.8805,1.8805,1807.495,2020-07-16 01:54:00,0.1405,1811.335,2020-07-16 00:56:00,True,2020-07-15 20:53:00,0.1405,0.1405,True,1811.155,2020-07-16 00:49:00,0.0458
GC,2020-07-16,Thursday,ODR,1807.948,1805.745,2.203000000000202,1808.185,1805.408,2.7770000000000437,True,SHORT,2020-07-16 04:05:00,1804.928,True,True,True,0.0576,1.3105,1.3105,1802.858,2020-07-16 05:55:00,1.0576,1808.075,2020-07-16 05:14:00,True,2020-07-16 04:20:00,1.0576,1.0576,True,1805.768,2020-07-16 04:12:00,0.0104
GC,2020-07-16,Thursday,RDR,1807.955,1805.615,2.339999999999918,1808.205,1805.368,2.836999999999989,True,LONG,2020-07-16 10:30:00,1808.335,False,True,False,0.3162,4.6269,0.3162,1808.695,2020-07-16 10:56:00,5.6269,1794.788,2020-07-16 15:58:00,False,,0.6026,,True,1807.398,2020-07-16 10:36:00,0.238
GC,2020-07-17,Friday,ADR,1798.785,1797.585,1.2000000000000455,1798.985,1797.258,1.7269999999998618,True,SHORT,2020-07-16 21:15:00,1796.848,False,True,False,0.975,1.6475,1.6475,1795.608,2020-07-16 21:46:00,1.975,1799.955,2020-07-17 01:59:00,True,2020-07-16 21:20:00,0.6,1.975,True,1797.775,2020-07-16 21:29:00,0.1583
GC,2020-07-17,Friday,ODR,1800.848,1799.155,1.6929999999999836,1801.218,1798.648,2.5700000000001637,True,LONG,2020-07-17 04:00:00,1801.445,True,False,,3.9439,0.0,3.9439,1807.525,2020-07-17 08:26:00,0.0,1800.958,2020-07-17 04:07:00,True,2020-07-17 04:05:00,0.0,0.0,False,,,
GC,2020-07-17,Friday,RDR,1808.695,1806.345,2.349999999999909,1809.285,1805.128,4.157000000000153,True,LONG,2020-07-17 10:50:00,1809.845,True,True,True,1.3545,0.0,1.3545,1811.878,2020-07-17 12:01:00,0.566,1807.365,2020-07-17 13:05:00,True,2020-07-17 10:55:00,0.166,0.566,True,1808.665,2020-07-17 10:59:00,0.0128
GC,2020-07-20,Monday,ADR,1809.978,1808.598,1.3800000000001091,1810.188,1808.075,2.1130000000000564,True,SHORT,2020-07-19 20:40:00,1808.038,True,True,False,0.1428,2.1978,2.1978,1805.565,2020-07-19 21:13:00,1.1428,1810.175,2020-07-20 01:32:00,True,2020-07-19 20:45:00,0.0,1.1428,True,1808.598,2020-07-19 22:51:00,0.0
GC,2020-07-20,Monday,ODR,1810.605,1808.135,2.4700000000000273,1810.858,1807.498,3.3599999999999,True,LONG,2020-07-20 04:45:00,1810.905,True,True,True,2.0498,0.0,2.0498,1815.668,2020-07-20 08:25:00,0.4401,1809.518,2020-07-20 06:31:00,True,2020-07-20 04:56:00,0.4401,0.4401,True,1810.595,2020-07-20 05:19:00,0.004
GC,2020-07-20,Monday,RDR,1816.655,1812.955,3.7000000000000455,1817.498,1811.758,5.740000000000009,True,LONG,2020-07-20 10:30:00,1817.735,True,True,True,1.0224,0.0,1.0224,1820.438,2020-07-20 10:42:00,0.5378,1814.665,2020-07-20 11:45:00,True,2020-07-20 10:35:00,0.0,0.5378,True,1816.598,2020-07-20 10:58:00,0.0154
GC,2020-07-21,Tuesday,ADR,1818.128,1816.575,1.5529999999998836,1818.645,1816.398,2.247000000000071,True,SHORT,2020-07-20 21:35:00,1816.365,False,True,False,1.2601,0.584,0.584,1815.668,2020-07-20 21:43:00,2.2601,1820.085,2020-07-20 23:47:00,True,2020-07-20 21:43:00,0.0,2.2601,True,1816.675,2020-07-20 21:48:00,0.0644
GC,2020-07-21,Tuesday,ODR,1823.208,1821.548,1.6600000000000819,1824.005,1821.065,2.9400000000000546,True,LONG,2020-07-21 04:35:00,1824.098,True,True,True,10.9157,0.0801,10.9157,1841.328,2020-07-21 08:25:00,0.5783,1822.248,2020-07-21 05:15:00,True,2020-07-21 04:40:00,0.5783,0.5783,True,1822.618,2020-07-21 05:14:00,0.3554
GC,2020-07-21,Tuesday,RDR,1840.788,1834.448,6.339999999999918,1841.067,1833.945,7.122000000000071,True,LONG,2020-07-21 12:55:00,1841.725,True,True,True,0.4117,0.0,0.4117,1843.398,2020-07-21 13:54:00,0.308,1838.835,2020-07-21 15:41:00,False,,0.0,,True,1840.485,2020-07-21 15:17:00,0.0478
GC,2020-07-22,Wednesday,ADR,1844.048,1841.558,2.490000000000009,1844.438,1841.348,3.0900000000001455,True,LONG,2020-07-21 21:00:00,1848.745,True,False,,8.7108,0.0,8.7108,1865.738,2020-07-21 21:14:00,0.0,1848.478,2020-07-21 21:05:00,True,2020-07-21 21:05:00,0.0,0.0,False,,,
GC,2020-07-22,Wednesday,ODR,1860.575,1851.178,9.396999999999935,1861.038,1851.048,9.990000000000009,True,SHORT,2020-07-22 04:10:00,1850.625,False,True,False,0.2565,0.526,0.526,1846.235,2020-07-22 05:00:00,1.2565,1862.985,2020-07-22 08:02:00,True,2020-07-22 04:59:00,0.1423,1.2565,True,1851.428,2020-07-22 04:15:00,0.0266
GC,2020-07-22,Wednesday,RDR,1859.248,1850.338,8.910000000000082,1859.518,1848.985,10.53300000000013,True,LONG,2020-07-22 11:25:00,1861.198,True,False,,1.2469,0.0,1.2469,1870.358,2020-07-22 15:56:00,0.0,1859.678,2020-07-22 11:30:00,True,2020-07-22 11:41:00,0.0,0.0,False,,,
GC,2020-07-23,Thursday,ADR,1876.158,1868.458,7.699999999999818,1876.415,1868.228,8.186999999999898,True,SHORT,2020-07-22 21:25:00,1867.575,True,True,False,0.0,0.5908,0.5908,1863.909,2020-07-22 22:46:00,0.3195,1870.918,2020-07-23 01:31:00,True,2020-07-22 22:05:00,0.0039,0.3195,True,1868.488,2020-07-22 21:31:00,0.0039
GC,2020-07-23,Thursday,ODR,1875.975,1872.878,3.09699999999998,1876.148,1872.535,3.612999999999829,True,LONG,2020-07-23 04:00:00,1878.215,True,True,True,4.0588,0.1075,4.0588,1888.545,2020-07-23 04:42:00,1.1075,1872.545,2020-07-23 08:13:00,True,2020-07-23 04:05:00,0.0,1.1075,True,1875.788,2020-07-23 07:28:00,0.0604
GC,2020-07-23,Thursday,RDR,1883.415,1871.015,12.399999999999864,1883.495,1869.725,13.769999999999982,True,LONG,2020-07-23 10:30:00,1884.368,True,True,True,1.1946,0.0,1.1946,1898.228,2020-07-23 11:55:00,0.3524,1879.045,2020-07-23 14:17:00,True,2020-07-23 11:17:00,0.0,0.3524,True,1880.648,2020-07-23 14:13:00,0.2231
GC,2020-07-24,Friday,ADR,1887.038,1883.225,3.813000000000102,1887.181,1881.265,5.91599999999994,True,LONG,2020-07-23 22:50:00,1888.155,False,True,False,0.7946,0.2491,0.7946,1890.068,2020-07-24 00:11:00,1.2491,1882.275,2020-07-24 01:31:00,True,2020-07-23 22:58:00,0.3619,1.2491,True,1886.365,2020-07-23 23:33:00,0.1765
GC,2020-07-24,Friday,ODR,1896.368,1888.468,7.899999999999864,1896.945,1887.108,9.836999999999989,True,LONG,2020-07-24 04:00:00,1897.585,False,True,False,0.1908,0.1722,0.1566,1897.605,2020-07-24 04:05:00,1.1722,1887.108,2020-07-24 06:35:00,False,,0.0,,True,1895.598,2020-07-24 04:07:00,0.0975
GC,2020-07-24,Friday,RDR,1905.698,1898.578,7.120000000000118,1905.898,1897.785,8.112999999999829,True,SHORT,2020-07-24 11:35:00,1897.598,True,True,False,0.0,0.1812,0.1798,1897.298,2020-07-24 11:40:00,0.5674,1902.618,2020-07-24 15:58:00,False,,0.0421,,True,1898.878,2020-07-24 11:40:00,0.0421
GC,2020-07-27,Monday,ADR,1918.168,1911.208,6.959999999999809,1918.405,1910.208,8.196999999999889,True,LONG,2020-07-26 21:40:00,1918.778,True,False,,3.773,0.0,3.773,1944.428,2020-07-26 23:16:00,0.0,1918.518,2020-07-26 21:45:00,True,2020-07-26 22:22:00,0.0,0.0,False,,,
GC,2020-07-27,Monday,ODR,1935.268,1932.058,3.2100000000000364,1936.595,1931.815,4.779999999999973,True,LONG,2020-07-27 04:10:00,1937.975,True,True,True,3.0685,0.0,3.0685,1945.118,2020-07-27 06:59:00,0.5202,1933.598,2020-07-27 08:11:00,True,2020-07-27 04:15:00,0.0,0.5202,True,1935.135,2020-07-27 08:09:00,0.0414
GC,2020-07-27,Monday,RDR,1942.158,1934.885,7.272999999999911,1943.818,1932.335,11.482999999999947,False,,,,,,,0.4616,0.4313,,,,,,,False,,,,False,,,
GC,2020-07-28,Tuesday,ADR,1966.128,1954.315,11.812999999999874,1967.178,1953.945,13.233000000000175,True,LONG,2020-07-27 21:00:00,1968.318,False,True,False,1.2573,1.8206,1.2573,1980.98,2020-07-27 21:22:00,2.8206,1932.808,2020-07-27 23:08:00,True,2020-07-27 21:07:00,0.0,2.8206,True,1964.455,2020-07-27 21:35:00,0.1416
GC,2020-07-28,Tuesday,ODR,1939.888,1908.965,30.923000000000002,1941.665,1906.645,35.01999999999998,False,,,,,,,0.0,0.0,,,,,,,False,,,,False,,,
GC,2020-07-28,Tuesday,RDR,1946.425,1932.798,13.626999999999953,1947.868,1930.918,16.950000000000045,True,LONG,2020-07-28 10:40:00,1949.605,True,True,True,1.067,0.0,1.067,1960.965,2020-07-28 15:39:00,0.0387,1945.898,2020-07-28 12:56:00,True,2020-07-28 10:57:00,0.0387,0.0387,True,1946.048,2020-07-28 11:11:00,0.0277
GC,2020-07-29,Wednesday,ADR,1963.258,1953.898,9.360000000000127,1963.928,1952.815,11.113000000000056,True,SHORT,2020-07-28 22:00:00,1950.675,True,True,True,0.0203,0.6538,0.6538,1947.778,2020-07-28 23:08:00,0.3237,1956.928,2020-07-28 23:56:00,True,2020-07-28 23:06:00,0.0374,0.3237,True,1954.248,2020-07-28 22:32:00,0.0374
GC,2020-07-29,Wednesday,ODR,1960.455,1957.315,3.1399999999998727,1960.978,1956.245,4.733000000000175,True,SHORT,2020-07-29 05:30:00,1955.318,True,True,True,0.0,1.5341,1.5341,1952.498,2020-07-29 08:27:00,0.185,1957.896,2020-07-29 07:48:00,True,2020-07-29 05:35:00,0.185,0.185,True,1957.345,2020-07-29 06:02:00,0.0096
GC,2020-07-29,Wednesday,RDR,1960.795,1941.898,18.897000000000162,1961.758,1941.328,20.430000000000064,True,LONG,2020-07-29 14:05:00,1964.798,True,True,True,1.0585,0.0,1.0585,1980.798,2020-07-29 14:50:00,0.5022,1951.305,2020-07-29 15:05:00,True,2020-07-29 14:35:00,0.0,0.5022,True,1960.565,2020-07-29 15:01:00,0.0122
GC,2020-07-30,Thursday,ADR,1968.358,1964.778,3.5799999999999272,1969.088,1964.498,4.589999999999918,True,LONG,2020-07-29 21:00:00,1969.555,False,True,False,0.6089,2.5419,0.6089,1970.538,2020-07-29 21:05:00,3.5419,1955.678,2020-07-30 01:29:00,True,2020-07-29 21:05:00,0.0,3.5419,True,1967.968,2020-07-29 21:06:00,0.1089
GC,2020-07-30,Thursday,ODR,1956.978,1947.468,9.509999999999991,1957.595,1947.337,10.258000000000038,False,,,,,,,0.2471,0.2829,,,,,,,False,,,,False,,,
GC,2020-07-30,Thursday,RDR,1960.508,1949.218,11.289999999999964,1961.745,1945.405,16.339999999999918,True,SHORT,2020-07-30 10:40:00,1942.435,True,True,False,0.0,0.8833,0.8833,1939.245,2020-07-30 11:12:00,0.6112,1956.118,2020-07-30 15:28:00,True,2020-07-30 10:45:00,0.0,0.6112,True,1949.555,2020-07-30 11:49:00,0.0298
GC,2020-07-31,Friday,ADR,1959.238,1955.578,3.660000000000082,1959.698,1955.358,4.3400000000001455,True,LONG,2020-07-30 20:30:00,1959.835,True,True,True,4.0484,0.0,4.0484,1974.055,2020-07-31 01:53:00,0.3115,1958.098,2020-07-30 21:00:00,True,2020-07-30 20:46:00,0.3115,0.3115,True,1958.998,2020-07-30 20:39:00,0.0656
GC,2020-07-31,Friday,ODR,1976.388,1971.425,4.962999999999965,1984.218,1969.305,14.913000000000011,False,,,,,,,0.3647,0.2096,,,,,,,False,,,,False,,,
GC,2020-07-31,Friday,RDR,1970.625,1960.458,10.166999999999916,1970.845,1959.718,11.126999999999953,True,LONG,2020-07-31 10:55:00,1972.798,True,True,True,0.6239,0.0,0.6239,1976.968,2020-07-31 11:18:00,0.4682,1965.865,2020-07-31 12:19:00,True,2020-07-31 11:17:00,0.1404,0.4682,True,1969.198,2020-07-31 11:01:00,0.1404
GC,2020-08-03,Monday,ADR,1983.415,1977.678,5.736999999999853,1983.483,1975.605,7.877999999999929,True,SHORT,2020-08-02 20:35:00,1974.115,True,True,True,0.0,1.4159,1.4159,1969.555,2020-08-02 21:51:00,0.0906,1978.198,2020-08-02 20:56:00,True,2020-08-02 20:40:00,0.0906,0.0906,True,1978.198,2020-08-02 20:56:00,0.0906
GC,2020-08-03,Monday,ODR,1974.448,1970.485,3.963000000000193,1974.758,1970.097,4.661000000000058,True,SHORT,2020-08-03 06:10:00,1968.278,True,True,False,0.0959,1.1675,1.1675,1965.858,2020-08-03 06:50:00,0.5223,1972.555,2020-08-03 08:09:00,True,2020-08-03 06:15:00,0.0,0.5223,True,1970.825,2020-08-03 07:12:00,0.0858
GC,2020-08-03,Monday,RDR,1969.748,1962.355,7.393000000000029,1971.248,1960.378,10.870000000000118,True,LONG,2020-08-03 10:30:00,1971.488,True,True,True,1.0483,0.0,1.0483,1977.498,2020-08-03 15:52:00,0.4508,1966.415,2020-08-03 12:10:00,True,2020-08-03 10:51:00,0.4508,0.4508,True,1969.638,2020-08-03 11:39:00,0.0149
GC,2020-08-04,Tuesday,ADR,1975.208,1972.805,2.40300000000002,1975.768,1972.735,3.033000000000129,True,LONG,2020-08-03 21:10:00,1976.295,False,True,True,1.365,0.5431,1.365,1978.488,2020-08-03 21:25:00,1.5431,1971.5,2020-08-04 00:22:00,True,2020-08-03 21:22:00,0.0,1.5431,True,1974.918,2020-08-03 21:51:00,0.1207
GC,2020-08-04,Tuesday,ODR,1978.228,1972.918,5.310000000000173,1978.765,1972.518,6.247000000000071,True,SHORT,2020-08-04 07:15:00,1971.875,True,True,False,0.0,1.1663,0.9661,1967.788,2020-08-04 07:41:00,0.6591,1976.418,2020-08-04 08:23:00,True,2020-08-04 07:30:00,0.2335,0.6591,True,1973.188,2020-08-04 07:21:00,0.0508
GC,2020-08-04,Tuesday,RDR,1983.448,1972.568,10.88000000000011,1985.058,1971.265,13.792999999999893,True,LONG,2020-08-04 10:35:00,1989.195,True,False,,3.1397,0.0,3.1397,2017.608,2020-08-04 15:59:00,0.0,1986.405,2020-08-04 10:46:00,True,2020-08-04 10:40:00,0.0,0.0,False,,,
GC,2020-08-05,Wednesday,ADR,2030.815,2022.205,8.610000000000127,2030.815,2021.765,9.049999999999955,True,SHORT,2020-08-04 20:30:00,2020.925,True,True,True,0.0,1.4944,1.4944,2009.338,2020-08-04 22:17:00,0.4196,2025.818,2020-08-05 01:51:00,True,2020-08-04 20:35:00,0.0,0.4196,True,2022.615,2020-08-05 00:58:00,0.0476
GC,2020-08-05,Wednesday,ODR,2039.208,2028.678,10.529999999999973,2039.815,2027.568,12.247000000000071,True,LONG,2020-08-05 05:55:00,2039.925,True,True,True,0.5201,0.0,0.5201,2044.685,2020-08-05 06:46:00,0.2051,2037.048,2020-08-05 08:24:00,True,2020-08-05 06:46:00,0.0022,0.2051,True,2039.185,2020-08-05 06:13:00,0.0022
GC,2020-08-05,Wednesday,RDR,2050.538,2039.008,11.529999999999973,2052.038,2035.798,16.24000000000001,True,LONG,2020-08-05 10:30:00,2053.188,False,True,False,0.4432,0.902,0.4432,2055.648,2020-08-05 10:35:00,1.902,2028.608,2020-08-05 12:54:00,False,,0.0,,True,2049.688,2020-08-05 10:50:00,0.0737
GC,2020-08-06,Thursday,ADR,2039.145,2035.515,3.6299999999998818,2039.485,2034.385,5.099999999999909,True,LONG,2020-08-05 20:40:00,2039.985,True,True,True,2.9917,0.0,2.9917,2050.005,2020-08-06 01:46:00,0.5419,2037.178,2020-08-05 22:15:00,True,2020-08-05 20:50:00,0.5419,0.5419,True,2039.118,2020-08-05 22:07:00,0.0074
GC,2020-08-06,Thursday,ODR,2051.208,2043.295,7.913000000000011,2052.008,2043.158,8.849999999999909,True,LONG,2020-08-06 07:25:00,2052.285,True,False,,1.7149,0.2846,1.7149,2064.778,2020-08-06 08:22:00,0.0,2051.805,2020-08-06 07:30:00,True,2020-08-06 07:35:00,0.0,0.0,False,,,
GC,2020-08-06,Thursday,RDR,2067.585,2058.208,9.376999999999953,2069.595,2056.898,12.696999999999662,True,SHORT,2020-08-06 10:40:00,2054.108,True,True,False,0.0,0.9662,0.9662,2049.148,2020-08-06 11:33:00,0.5948,2063.785,2020-08-06 15:58:00,True,2020-08-06 11:11:00,0.2823,0.5948,True,2058.455,2020-08-06 10:53:00,0.0263
GC,2020-08-07,Friday,ADR,2070.385,2066.115,4.270000000000437,2071.278,2065.238,6.039999999999964,True,SHORT,2020-08-06 22:30:00,2065.105,True,True,True,0.523,4.4333,4.4333,2047.185,2020-08-07 00:04:00,0.9539,2070.188,2020-08-06 23:09:00,True,2020-08-06 23:34:00,0.9539,0.0,True,2066.425,2020-08-06 22:38:00,0.0726
GC,2020-08-07,Friday,ODR,2064.445,2057.0,7.445000000000164,2064.475,2056.718,7.757000000000062,True,SHORT,2020-08-07 06:25:00,2056.568,True,True,True,0.0054,1.185,1.185,2048.178,2020-08-07 08:28:00,0.2939,2059.188,2020-08-07 06:55:00,True,2020-08-07 07:32:00,0.2939,0.0,True,2057.525,2020-08-07 06:35:00,0.0705
GC,2020-08-07,Friday,RDR,2052.468,2025.638,26.829999999999927,2054.068,2022.788,31.2800000000002,True,SHORT,2020-08-07 13:15:00,2021.828,True,True,False,0.0,0.3821,0.3821,2015.385,2020-08-07 13:41:00,0.4223,2036.968,2020-08-07 14:45:00,False,,0.0,,True,2026.158,2020-08-07 14:04:00,0.0194
GC,2020-08-10,Monday,ADR,2033.458,2026.368,7.0900000000001455,2034.058,2025.215,8.843000000000075,True,LONG,2020-08-09 20:55:00,2034.218,True,True,False,0.3695,0.0,0.3695,2036.078,2020-08-09 21:02:00,0.9083,2027.018,2020-08-10 00:16:00,False,,0.0748,,True,2032.928,2020-08-09 21:00:00,0.0748
GC,2020-08-10,Monday,ODR,2034.455,2028.498,5.95699999999988,2035.128,2028.308,6.819999999999936,True,SHORT,2020-08-10 07:10:00,2028.015,True,True,False,0.1897,0.1343,0.1209,2027.778,2020-08-10 07:15:00,1.1897,2035.585,2020-08-10 08:09:00,False,,0.0537,,True,2028.818,2020-08-10 07:15:00,0.0537
GC,2020-08-10,Monday,RDR,2049.415,2035.085,14.329999999999927,2049.748,2033.945,15.803000000000111,True,SHORT,2020-08-10 11:20:00,2032.705,True,True,True,0.0,1.1082,1.1082,2019.205,2020-08-10 14:47:00,0.0344,2035.578,2020-08-10 12:00:00,True,2020-08-10 12:22:00,0.0344,0.0,True,2035.245,2020-08-10 11:38:00,0.0112
GC,2020-08-11,Tuesday,ADR,2029.845,2019.828,10.017000000000053,2029.935,2019.788,10.146999999999935,True,SHORT,2020-08-10 20:35:00,2015.968,True,True,True,0.0,1.4765,1.4765,2005.038,2020-08-11 01:45:00,0.4529,2024.365,2020-08-10 21:32:00,True,2020-08-10 21:03:00,0.4529,0.4529,True,2020.578,2020-08-10 20:45:00,0.0749
GC,2020-08-11,Tuesday,ODR,2004.768,1994.298,10.470000000000027,2006.535,1993.898,12.637000000000171,True,SHORT,2020-08-11 04:05:00,1988.668,True,True,True,0.0,2.0223,2.0223,1973.125,2020-08-11 08:25:00,0.3142,1997.588,2020-08-11 05:21:00,True,2020-08-11 04:10:00,0.3142,0.3142,True,1996.158,2020-08-11 05:03:00,0.1777
GC,2020-08-11,Tuesday,RDR,1957.885,1942.795,15.089999999999918,1958.015,1939.748,18.267000000000053,True,SHORT,2020-08-11 13:05:00,1939.165,True,False,,0.0,2.1733,2.1733,1910.0,2020-08-11 14:31:00,0.0,1939.185,2020-08-11 13:10:00,True,2020-08-11 13:11:00,0.0,0.0,False,,,
GC,2020-08-12,Wednesday,ADR,1923.535,1906.475,17.060000000000173,1924.048,1905.315,18.732999999999947,True,LONG,2020-08-11 20:30:00,1925.045,False,True,False,0.1202,2.5883,0.1202,1925.585,2020-08-11 20:53:00,3.5883,1862.318,2020-08-12 00:29:00,False,,0.3292,,True,1923.035,2020-08-11 20:35:00,0.0293
GC,2020-08-12,Wednesday,ODR,1939.705,1913.878,25.826999999999998,1939.825,1912.648,27.177000000000135,True,LONG,2020-08-12 04:05:00,1940.075,True,True,False,0.3811,0.0,0.3811,1949.548,2020-08-12 04:21:00,0.885,1916.848,2020-08-12 04:54:00,False,,0.027,,True,1939.008,2020-08-12 04:10:00,0.027
GC,2020-08-12,Wednesday,RDR,1943.765,1929.708,14.057000000000016,1945.248,1927.458,17.789999999999964,True,LONG,2020-08-12 10:55:00,1947.465,False,True,False,0.3829,1.6357,0.3829,1949.148,2020-08-12 12:44:00,2.6357,1906.715,2020-08-12 15:59:00,False,,0.4195,,True,1943.748,2020-08-12 11:02:00,0.0012
GC,2020-08-13,Thursday,ADR,1931.165,1919.108,12.057000000000016,1932.315,1918.755,13.559999999999945,True,LONG,2020-08-12 21:00:00,1936.748,True,True,False,0.9433,0.0,0.9433,1942.538,2020-08-12 21:09:00,0.8062,1921.445,2020-08-13 00:55:00,True,2020-08-12 21:05:00,0.0,0.8062,True,1929.998,2020-08-13 00:07:00,0.0968
GC,2020-08-13,Thursday,ODR,1933.665,1927.055,6.6099999999999,1934.115,1924.818,9.297000000000025,True,LONG,2020-08-13 04:45:00,1934.368,False,True,False,0.8567,1.0091,0.8567,1939.328,2020-08-13 07:07:00,2.0091,1920.385,2020-08-13 08:24:00,True,2020-08-13 04:50:00,0.9133,2.0091,True,1933.608,2020-08-13 04:56:00,0.0086
GC,2020-08-13,Thursday,RDR,1944.905,1932.465,12.440000000000055,1947.268,1930.788,16.480000000000018,True,LONG,2020-08-13 10:30:00,1947.998,True,True,True,1.709,0.0,1.709,1966.165,2020-08-13 13:40:00,0.5908,1937.555,2020-08-13 14:23:00,True,2020-08-13 12:49:00,0.3125,0.5908,True,1943.478,2020-08-13 10:43:00,0.1147
GC,2020-08-14,Friday,ADR,1961.308,1954.628,6.680000000000064,1961.808,1954.408,7.400000000000091,True,SHORT,2020-08-13 21:25:00,1952.928,True,True,True,0.015,1.491,1.491,1944.668,2020-08-13 22:58:00,0.3278,1956.818,2020-08-14 01:30:00,True,2020-08-13 21:32:00,0.0969,0.3278,True,1954.765,2020-08-13 21:47:00,0.0205
GC,2020-08-14,Friday,ODR,1947.905,1942.458,5.446999999999889,1949.155,1941.648,7.507000000000062,True,LONG,2020-08-14 04:10:00,1950.705,True,True,False,0.9589,0.2882,0.9589,1953.128,2020-08-14 04:21:00,1.2882,1940.888,2020-08-14 05:50:00,True,2020-08-14 04:15:00,0.0,1.2882,True,1947.278,2020-08-14 04:35:00,0.1151
GC,2020-08-14,Friday,RDR,1952.355,1944.125,8.230000000000018,1955.748,1941.825,13.923000000000002,True,SHORT,2020-08-14 11:45:00,1940.688,True,True,True,0.0,1.4702,1.4702,1932.025,2020-08-14 13:00:00,0.3439,1946.955,2020-08-14 14:40:00,True,2020-08-14 11:50:00,0.1543,0.3439,True,1944.375,2020-08-14 12:03:00,0.0304
GC,2020-08-17,Monday,ADR,1944.458,1932.415,12.04300000000012,1944.758,1931.808,12.950000000000045,False,,,,,,,0.0996,0.2547,,,,,,,False,,,,False,,,
GC,2020-08-17,Monday,ODR,1956.355,1951.165,5.190000000000055,1956.928,1950.818,6.110000000000127,True,SHORT,2020-08-17 04:10:00,1950.538,False,True,False,0.5574,0.6854,0.6854,1947.608,2020-08-17 05:38:00,1.5574,1959.248,2020-08-17 08:19:00,True,2020-08-17 05:36:00,0.6017,1.5574,True,1952.585,2020-08-17 04:24:00,0.2736
GC,2020-08-17,Monday,RDR,1982.205,1965.908,16.297000000000025,1984.258,1965.438,18.819999999999936,True,LONG,2020-08-17 10:30:00,1985.265,True,True,True,0.5076,0.0,0.5076,1990.478,2020-08-17 13:26:00,0.2618,1977.938,2020-08-17 11:05:00,True,2020-08-17 13:26:00,0.2618,0.1675,True,1981.598,2020-08-17 10:48:00,0.0372
GC,2020-08-18,Tuesday,ADR,1983.785,1981.325,2.4600000000000364,1984.355,1980.618,3.73700000000008,True,LONG,2020-08-17 20:50:00,1985.255,True,True,True,6.298,0.0,6.298,1999.278,2020-08-18 01:48:00,0.202,1983.288,2020-08-17 21:03:00,True,2020-08-17 20:55:00,0.202,0.202,True,1983.738,2020-08-17 20:58:00,0.0191
GC,2020-08-18,Tuesday,ODR,2008.475,1997.525,10.949999999999818,2009.898,1997.065,12.832999999999856,True,LONG,2020-08-18 08:15:00,2012.345,True,False,,0.3957,0.0,0.3616,2012.435,2020-08-18 08:20:00,0.0,2009.995,2020-08-18 08:24:00,False,,0.0,,False,,,
GC,2020-08-18,Tuesday,RDR,2013.878,1982.555,31.322999999999865,2015.498,1980.325,35.173,False,,,,,,,0.0,0.2125,,,,,,,False,,,,False,,,
GC,2020-08-19,Wednesday,ADR,2005.735,2001.388,4.34699999999998,2005.875,2001.208,4.666999999999916,True,SHORT,2020-08-18 20:30:00,2000.148,True,True,True,0.0,3.9712,3.9712,1984.125,2020-08-19 01:49:00,0.7315,2004.568,2020-08-18 21:10:00,True,2020-08-18 20:36:00,0.7315,0.7315,True,2001.795,2020-08-18 21:02:00,0.0936
GC,2020-08-19,Wednesday,ODR,1990.035,1981.808,8.22700000000009,1990.405,1980.238,10.166999999999916,True,LONG,2020-08-19 04:45:00,1990.915,True,True,True,0.9712,0.0729,0.9712,1998.025,2020-08-19 04:56:00,1.0729,1981.208,2020-08-19 07:48:00,True,2020-08-19 04:54:00,0.0,1.0729,True,1986.778,2020-08-19 05:48:00,0.3959
GC,2020-08-19,Wednesday,RDR,1995.035,1984.158,10.87700000000018,1995.275,1981.688,13.586999999999989,True,SHORT,2020-08-19 10:35:00,1981.595,True,False,,0.0,4.5622,4.5622,1934.535,2020-08-19 14:44:00,0.0,1982.595,2020-08-19 10:40:00,True,2020-08-19 10:42:00,0.0,0.0,False,,,
GC,2020-08-20,Thursday,ADR,1932.528,1926.688,5.839999999999918,1932.845,1924.805,8.039999999999964,True,LONG,2020-08-19 20:35:00,1935.225,True,False,,3.8693,0.0,3.8693,1955.125,2020-08-20 00:18:00,0.0,1933.368,2020-08-19 21:28:00,True,2020-08-19 20:40:00,0.0,0.0,False,,,
GC,2020-08-20,Thursday,ODR,1945.918,1932.798,13.11999999999989,1946.918,1932.738,14.179999999999836,True,SHORT,2020-08-20 04:10:00,1928.358,True,True,False,0.0,0.6181,0.6181,1924.688,2020-08-20 06:17:00,0.7528,1942.675,2020-08-20 07:49:00,True,2020-08-20 06:14:00,0.2772,0.7528,True,1933.695,2020-08-20 04:38:00,0.0684
GC,2020-08-20,Thursday,RDR,1938.925,1928.758,10.166999999999916,1940.428,1925.878,14.550000000000182,True,LONG,2020-08-20 10:50:00,1946.175,True,True,True,1.5829,0.0,1.5829,1955.018,2020-08-20 15:37:00,0.16,1937.298,2020-08-20 13:13:00,True,2020-08-20 10:55:00,0.16,0.16,True,1938.675,2020-08-20 11:09:00,0.0246
GC,2020-08-21,Friday,ADR,1955.478,1948.905,6.573000000000093,1955.765,1948.438,7.326999999999998,True,SHORT,2020-08-20 21:00:00,1947.355,True,True,True,0.0,1.2825,1.2825,1940.475,2020-08-20 21:26:00,0.4001,1951.535,2020-08-21 00:08:00,True,2020-08-20 21:07:00,0.0,0.4001,True,1949.745,2020-08-20 23:10:00,0.1278
GC,2020-08-21,Friday,ODR,1948.598,1937.128,11.470000000000027,1949.058,1933.728,15.329999999999927,True,SHORT,2020-08-21 04:20:00,1932.118,True,True,True,0.0,2.2572,2.2572,1911.238,2020-08-21 08:09:00,0.005,1937.185,2020-08-21 06:14:00,True,2020-08-21 04:25:00,0.005,0.005,True,1937.185,2020-08-21 06:14:00,0.005
GC,2020-08-21,Friday,RDR,1938.298,1924.085,14.212999999999965,1939.628,1921.378,18.25,True,LONG,2020-08-21 10:55:00,1944.725,True,True,False,0.5157,0.0,0.5157,1945.628,2020-08-21 11:00:00,0.4477,1931.935,2020-08-21 12:39:00,True,2020-08-21 11:00:00,0.0,0.4477,True,1937.875,2020-08-21 11:34:00,0.0298
GC,2020-08-24,Monday,ADR,1937.315,1931.925,5.3900000000001,1937.775,1930.955,6.820000000000164,False,,,,,,,0.0,0.3297,,,,,,,False,,,,False,,,
GC,2020-08-24,Monday,ODR,1946.848,1934.715,12.133000000000038,1949.415,1933.638,15.777000000000044,True,LONG,2020-08-24 06:30:00,1950.195,True,False,,1.2314,0.0,1.2314,1961.788,2020-08-24 08:19:00,0.0,1947.948,2020-08-24 07:04:00,True,2020-08-24 08:01:00,0.0,0.0,False,,,
GC,2020-08-24,Monday,RDR,1947.125,1937.938,9.186999999999898,1947.378,1937.368,10.009999999999991,True,SHORT,2020-08-24 10:30:00,1937.315,True,True,True,0.0,1.5598,1.5598,1923.608,2020-08-24 15:18:00,0.1263,1939.098,2020-08-24 10:39:00,True,2020-08-24 10:46:00,0.1263,0.0,True,1938.155,2020-08-24 10:36:00,0.0236
GC,2020-08-25,Tuesday,ADR,1930.488,1926.395,4.093000000000075,1930.608,1926.365,4.242999999999938,True,LONG,2020-08-24 21:05:00,1930.848,True,True,True,1.6948,0.0,1.6948,1937.425,2020-08-24 23:46:00,0.2736,1929.368,2020-08-25 01:49:00,True,2020-08-24 21:35:00,0.0342,0.2736,True,1930.348,2020-08-24 21:10:00,0.0342
GC,2020-08-25,Tuesday,ODR,1935.665,1930.345,5.319999999999936,1935.825,1929.868,5.957000000000107,True,SHORT,2020-08-25 04:15:00,1927.755,True,True,True,0.0,1.9962,1.9962,1919.725,2020-08-25 08:11:00,0.2481,1931.665,2020-08-25 07:32:00,True,2020-08-25 04:20:00,0.2481,0.2481,True,1930.575,2020-08-25 07:25:00,0.0432
GC,2020-08-25,Tuesday,RDR,1927.285,1915.665,11.620000000000118,1928.598,1915.028,13.569999999999936,True,SHORT,2020-08-25 11:35:00,1914.768,False,True,False,0.1784,0.1343,0.1231,1914.235,2020-08-25 11:40:00,1.1784,1929.358,2020-08-25 15:59:00,False,,0.0,,True,1915.828,2020-08-25 11:41:00,0.014
GC,2020-08-26,Wednesday,ADR,1929.685,1927.918,1.7670000000000528,1930.175,1927.918,2.257000000000062,True,SHORT,2020-08-25 20:35:00,1927.228,False,True,True,0.9468,5.7402,5.7402,1917.775,2020-08-26 01:53:00,1.9468,1931.358,2020-08-25 22:39:00,True,2020-08-25 20:41:00,1.9468,1.9468,True,1927.968,2020-08-25 20:44:00,0.0283
GC,2020-08-26,Wednesday,ODR,1919.515,1914.825,4.690000000000055,1920.425,1913.708,6.716999999999871,True,LONG,2020-08-26 04:35:00,1920.595,False,True,False,0.9488,1.3341,0.9488,1923.965,2020-08-26 04:56:00,2.3341,1908.568,2020-08-26 08:18:00,True,2020-08-26 04:40:00,0.0,2.3341,True,1918.805,2020-08-26 05:21:00,0.1514
GC,2020-08-26,Wednesday,RDR,1937.208,1918.618,18.590000000000146,1938.525,1918.125,20.40000000000009,True,LONG,2020-08-26 10:30:00,1942.935,True,True,True,0.908,0.0,0.908,1954.088,2020-08-26 15:51:00,0.2372,1932.798,2020-08-26 10:54:00,True,2020-08-26 13:02:00,0.2372,0.0,True,1935.808,2020-08-26 10:45:00,0.0753
GC,2020-08-27,Thursday,ADR,1953.298,1950.788,2.509999999999991,1953.945,1950.465,3.480000000000018,True,SHORT,2020-08-26 20:45:00,1949.328,True,False,,0.0,5.0637,5.0637,1938.078,2020-08-26 22:50:00,0.0,1950.315,2020-08-26 20:59:00,True,2020-08-26 20:50:00,0.0,0.0,False,,,
GC,2020-08-27,Thursday,ODR,1947.285,1938.955,8.330000000000155,1948.595,1938.325,10.269999999999982,False,,,,,,,0.0,0.3154,,,,,,,False,,,,False,,,
GC,2020-08-27,Thursday,RDR,1970.228,1914.538,55.690000000000055,1971.018,1909.778,61.24000000000001,False,,,,,,,0.0,0.0089,,,,,,,False,,,,False,,,
GC,2020-08-28,Friday,ADR,1928.508,1924.498,4.009999999999991,1929.798,1923.288,6.509999999999991,True,LONG,2020-08-27 21:00:00,1929.995,True,False,,4.1988,0.0,4.1988,1945.345,2020-08-28 01:44:00,0.0,1928.718,2020-08-27 21:36:00,True,2020-08-27 21:07:00,0.0,0.0,False,,,
GC,2020-08-28,Friday,ODR,1951.715,1944.035,7.679999999999836,1951.995,1942.238,9.756999999999834,True,LONG,2020-08-28 04:25:00,1952.935,True,True,True,1.6137,0.0,1.6137,1964.108,2020-08-28 07:39:00,0.4775,1948.048,2020-08-28 06:10:00,True,2020-08-28 04:50:00,0.4775,0.4775,True,1951.418,2020-08-28 06:06:00,0.0387
GC,2020-08-28,Friday,RDR,1959.768,1953.898,5.870000000000118,1960.838,1952.688,8.149999999999864,True,LONG,2020-08-28 10:45:00,1962.168,True,True,True,2.3765,0.0,2.3765,1973.718,2020-08-28 12:19:00,0.0477,1959.488,2020-08-28 10:51:00,True,2020-08-28 10:50:00,0.0477,0.0477,True,1959.488,2020-08-28 10:51:00,0.0477
GC,2020-08-31,Monday,ADR,1975.605,1970.975,4.630000000000109,1976.465,1970.355,6.1099999999999,True,SHORT,2020-08-30 21:00:00,1969.435,True,True,True,0.0,1.1635,1.1635,1965.588,2020-08-31 01:32:00,0.3117,1972.418,2020-08-30 22:09:00,True,2020-08-30 21:15:00,0.3117,0.3117,True,1971.575,2020-08-30 21:48:00,0.1296
GC,2020-08-31,Monday,ODR,1965.135,1955.748,9.386999999999944,1965.168,1954.125,11.042999999999893,True,LONG,2020-08-31 05:25:00,1965.965,True,True,False,0.4019,0.0,0.4019,1968.908,2020-08-31 07:49:00,0.527,1960.188,2020-08-31 08:29:00,False,,0.3121,,True,1964.818,2020-08-31 05:30:00,0.0338
GC,2020-08-31,Monday,RDR,1973.128,1966.548,6.579999999999927,1973.948,1965.828,8.120000000000118,True,SHORT,2020-08-31 10:35:00,1965.395,False,True,False,0.2994,0.698,0.698,1961.955,2020-08-31 11:00:00,1.2994,1975.098,2020-08-31 12:37:00,True,2020-08-31 10:45:00,0.231,1.2994,True,1966.595,2020-08-31 10:40:00,0.0071
GC,2020-09-01,Tuesday,ADR,1970.278,1966.888,3.3900000000001,1970.438,1966.085,4.3530000000000655,True,LONG,2020-08-31 21:00:00,1971.938,True,False,,5.7522,0.0,5.7522,1989.778,2020-09-01 01:33:00,0.0,1970.568,2020-08-31 21:13:00,True,2020-08-31 21:05:00,0.0,0.0,False,,,
GC,2020-09-01,Tuesday,ODR,1991.915,1986.965,4.9500000000000455,1992.298,1986.768,5.529999999999973,True,SHORT,2020-09-01 05:15:00,1986.238,True,True,True,0.002,0.6034,0.6034,1983.978,2020-09-01 06:06:00,0.736,1990.608,2020-09-01 08:08:00,True,2020-09-01 06:06:00,0.5279,0.736,True,1987.145,2020-09-01 05:23:00,0.0364
GC,2020-09-01,Tuesday,RDR,1990.238,1971.775,18.462999999999965,1990.508,1969.575,20.932999999999993,True,SHORT,2020-09-01 10:40:00,1967.318,True,True,True,0.0,0.469,0.469,1963.115,2020-09-01 14:44:00,0.4048,1979.248,2020-09-01 11:18:00,False,,0.4048,,True,1973.808,2020-09-01 10:51:00,0.1101
GC,2020-09-02,Wednesday,ADR,1972.518,1969.775,2.742999999999938,1973.118,1969.758,3.3599999999999,True,SHORT,2020-09-01 20:45:00,1966.945,True,False,,0.0,4.0456,4.0456,1958.678,2020-09-01 21:09:00,0.0,1968.908,2020-09-01 21:03:00,True,2020-09-01 20:50:00,0.0,0.0,False,,,
GC,2020-09-02,Wednesday,ODR,1965.918,1957.155,8.76299999999992,1967.498,1955.905,11.593000000000075,True,LONG,2020-09-02 05:05:00,1967.948,False,True,True,0.6676,0.4265,0.6676,1971.768,2020-09-02 05:11:00,1.4265,1953.418,2020-09-02 08:11:00,True,2020-09-02 05:10:00,0.0,1.4265,True,1965.848,2020-09-02 06:58:00,0.008
GC,2020-09-02,Wednesday,RDR,1956.105,1941.188,14.916999999999916,1957.625,1939.885,17.74000000000001,True,SHORT,2020-09-02 11:10:00,1939.878,True,True,False,0.0,0.5872,0.5872,1932.428,2020-09-02 12:30:00,0.2876,1945.478,2020-09-02 15:25:00,True,2020-09-02 12:30:00,0.2056,0.2876,True,1941.425,2020-09-02 11:22:00,0.0159
GC,2020-09-03,Thursday,ADR,1944.795,1942.768,2.0270000000000437,1945.338,1942.768,2.5699999999999363,True,LONG,2020-09-02 20:35:00,1945.488,False,True,False,3.0143,5.3379,3.0143,1950.905,2020-09-02 22:14:00,6.3379,1931.948,2020-09-03 01:59:00,True,2020-09-02 21:01:00,1.5787,6.3379,True,1944.775,2020-09-02 20:53:00,0.0099
GC,2020-09-03,Thursday,ODR,1938.015,1928.198,9.817000000000007,1938.585,1927.178,11.406999999999925,False,,,,,,,0.0,0.1022,,,,,,,False,,,,False,,,
GC,2020-09-03,Thursday,RDR,1943.648,1935.058,8.589999999999918,1945.748,1934.218,11.529999999999973,True,SHORT,2020-09-03 11:15:00,1930.308,True,True,True,0.0,1.56,1.56,1921.658,2020-09-03 11:22:00,0.3795,1938.318,2020-09-03 14:32:00,True,2020-09-03 11:20:00,0.0,0.3795,True,1938.318,2020-09-03 14:32:00,0.3795
GC,2020-09-04,Friday,ADR,1933.825,1927.845,5.980000000000018,1934.688,1926.0,8.688000000000102,True,LONG,2020-09-03 20:50:00,1935.955,True,True,True,1.3946,0.0,1.3946,1942.165,2020-09-03 22:16:00,0.3323,1931.838,2020-09-04 01:36:00,True,2020-09-03 20:55:00,0.0,0.3323,True,1933.398,2020-09-04 01:34:00,0.0714
GC,2020-09-04,Friday,ODR,1937.445,1934.448,2.9969999999998436,1938.185,1933.035,5.149999999999864,True,LONG,2020-09-04 04:50:00,1938.848,True,True,True,1.3891,0.3637,1.3891,1941.608,2020-09-04 05:05:00,0.5629,1935.758,2020-09-04 05:34:00,True,2020-09-04 04:55:00,0.0,0.5629,True,1937.275,2020-09-04 05:31:00,0.0567
GC,2020-09-04,Friday,RDR,1931.468,1921.895,9.573000000000093,1931.888,1920.535,11.352999999999838,True,SHORT,2020-09-04 10:40:00,1919.588,False,True,False,0.7438,0.492,0.492,1917.185,2020-09-04 11:55:00,1.7438,1938.588,2020-09-04 14:46:00,False,,0.3847,,True,1922.678,2020-09-04 10:47:00,0.0818
GC,2020-09-07,Monday,ADR,1936.408,1934.148,2.259999999999991,1936.688,1933.775,2.913000000000011,True,SHORT,2020-09-06 20:55:00,1932.948,False,True,True,2.1504,2.854,2.854,1927.698,2020-09-07 01:55:00,3.1504,1941.268,2020-09-06 22:05:00,True,2020-09-06 21:00:00,3.1504,3.1504,True,1934.338,2020-09-06 21:15:00,0.0841
GC,2020-09-07,Monday,ODR,1932.805,1928.915,3.8900000000001,1933.875,1928.215,5.660000000000082,True,SHORT,2020-09-07 05:30:00,1928.175,True,True,False,0.3265,1.1895,1.1895,1924.288,2020-09-07 06:18:00,0.5098,1930.898,2020-09-07 07:45:00,True,2020-09-07 05:37:00,0.2373,0.5098,True,1929.375,2020-09-07 06:07:00,0.1183
GC,2020-09-07,Monday,RDR,1930.935,1926.048,4.886999999999944,1931.865,1924.495,7.370000000000118,False,,,,,,,0.0579,0.0,,,,,,,False,,,,False,,,
GC,2020-09-08,Tuesday,ADR,1931.068,1928.778,2.2899999999999636,1931.858,1928.565,3.2929999999998927,True,SHORT,2020-09-07 20:30:00,1927.788,False,True,False,0.131,2.655,2.655,1922.698,2020-09-07 23:22:00,1.131,1931.368,2020-09-08 01:59:00,True,2020-09-07 20:35:00,0.3262,1.131,True,1929.525,2020-09-07 21:01:00,0.3262
GC,2020-09-08,Tuesday,ODR,1933.015,1929.915,3.1000000000001364,1933.285,1929.385,3.900000000000091,True,SHORT,2020-09-08 04:15:00,1928.845,True,False,,0.0,7.1603,7.1603,1907.718,2020-09-08 07:48:00,0.0,1929.178,2020-09-08 04:31:00,True,2020-09-08 04:20:00,0.0,0.0,False,,,
GC,2020-09-08,Tuesday,RDR,1922.948,1907.908,15.040000000000191,1922.948,1906.428,16.519999999999982,True,LONG,2020-09-08 11:00:00,1923.108,True,True,True,1.1835,0.0,1.1835,1940.748,2020-09-08 13:53:00,0.137,1920.888,2020-09-08 11:08:00,True,2020-09-08 12:04:00,0.137,0.0,True,1921.708,2020-09-08 11:06:00,0.0824
GC,2020-09-09,Wednesday,ADR,1931.395,1928.878,2.5170000000000528,1931.495,1928.198,3.296999999999798,True,SHORT,2020-09-08 21:00:00,1925.395,False,True,True,1.1772,2.3321,2.3321,1923.008,2020-09-08 21:11:00,2.1772,1934.358,2020-09-09 01:32:00,True,2020-09-08 21:05:00,0.0,2.1772,True,1929.135,2020-09-08 23:41:00,0.1021
GC,2020-09-09,Wednesday,ODR,1933.198,1926.858,6.3400000000001455,1933.668,1926.028,7.639999999999873,True,SHORT,2020-09-09 06:25:00,1925.238,True,True,False,0.142,1.092,1.092,1919.935,2020-09-09 07:16:00,0.6483,1930.968,2020-09-09 08:29:00,True,2020-09-09 06:51:00,0.0,0.6483,True,1927.388,2020-09-09 08:04:00,0.0836
GC,2020-09-09,Wednesday,RDR,1947.325,1940.398,6.927000000000135,1948.878,1939.848,9.029999999999973,True,LONG,2020-09-09 14:55:00,1949.498,True,False,,0.4981,0.0,0.4981,1950.775,2020-09-09 15:19:00,0.0,1947.665,2020-09-09 15:47:00,False,,0.0,,False,,,
GC,2020-09-10,Thursday,ADR,1949.195,1945.938,3.2569999999998345,1950.028,1945.728,4.2999999999999545,True,SHORT,2020-09-09 20:30:00,1945.508,False,True,False,0.4799,0.7399,0.7399,1943.528,2020-09-09 22:08:00,1.4799,1950.758,2020-09-09 21:26:00,True,2020-09-09 22:07:00,1.4799,0.8167,True,1946.278,2020-09-09 20:37:00,0.1044
GC,2020-09-10,Thursday,ODR,1946.335,1942.825,3.509999999999991,1946.918,1942.215,4.7029999999999745,True,LONG,2020-09-10 04:30:00,1946.935,True,True,True,2.0977,0.0342,2.0977,1953.698,2020-09-10 08:29:00,0.5091,1944.548,2020-09-10 05:31:00,True,2020-09-10 04:48:00,0.5091,0.5091,True,1945.918,2020-09-10 04:50:00,0.1188
GC,2020-09-10,Thursday,RDR,1966.058,1959.108,6.9500000000000455,1966.398,1957.438,8.959999999999809,True,SHORT,2020-09-10 10:45:00,1954.568,True,True,True,0.0,2.5601,2.5601,1941.315,2020-09-10 15:49:00,0.3727,1961.698,2020-09-10 11:49:00,True,2020-09-10 10:50:00,0.3727,0.3727,True,1959.115,2020-09-10 11:07:00,0.001
GC,2020-09-11,Friday,ADR,1947.585,1942.975,4.610000000000127,1949.148,1942.868,6.279999999999973,True,SHORT,2020-09-10 22:50:00,1940.578,True,True,True,0.3759,1.2944,1.2944,1937.008,2020-09-10 23:05:00,0.0223,1943.078,2020-09-11 01:54:00,True,2020-09-10 22:55:00,0.0,0.0223,True,1943.048,2020-09-11 01:52:00,0.0158
GC,2020-09-11,Friday,ODR,1944.625,1941.205,3.4200000000000728,1944.978,1940.155,4.823000000000093,True,LONG,2020-09-11 04:45:00,1945.458,True,True,False,1.0,0.0605,1.0,1948.045,2020-09-11 07:18:00,0.5518,1942.738,2020-09-11 08:29:00,True,2020-09-11 05:41:00,0.2301,0.5518,True,1944.335,2020-09-11 05:18:00,0.0848
GC,2020-09-11,Friday,RDR,1954.275,1946.698,7.576999999999998,1954.658,1946.408,8.25,True,SHORT,2020-09-11 12:40:00,1943.358,True,False,,0.0,1.1245,1.1245,1938.178,2020-09-11 13:15:00,0.0,1944.808,2020-09-11 12:54:00,True,2020-09-11 12:45:00,0.0,0.0,False,,,
GC,2020-09-14,Monday,ADR,1942.938,1940.598,2.3400000000001455,1943.138,1940.518,2.619999999999891,True,SHORT,2020-09-13 20:55:00,1939.968,False,True,False,3.7081,0.3718,0.2692,1939.968,2020-09-13 21:00:00,4.7081,1951.615,2020-09-13 23:18:00,False,,0.8333,,True,1942.548,2020-09-13 21:00:00,0.8333
GC,2020-09-14,Monday,ODR,1947.535,1944.478,3.0570000000000164,1947.598,1944.478,3.119999999999891,True,SHORT,2020-09-14 05:25:00,1943.508,False,True,False,0.7763,1.5047,1.5047,1939.878,2020-09-14 07:15:00,1.7763,1949.908,2020-09-14 08:27:00,True,2020-09-14 05:30:00,0.2444,1.7763,True,1945.215,2020-09-14 06:56:00,0.2411
GC,2020-09-14,Monday,RDR,1959.675,1954.228,5.446999999999889,1960.008,1954.228,5.779999999999973,True,LONG,2020-09-14 11:20:00,1960.075,True,True,False,0.4975,0.2203,0.4975,1962.385,2020-09-14 11:30:00,1.2203,1953.028,2020-09-14 13:27:00,False,,0.0,,True,1958.905,2020-09-14 11:49:00,0.1414
GC,2020-09-15,Tuesday,ADR,1957.818,1955.208,2.6099999999999,1957.898,1955.108,2.7899999999999636,True,LONG,2020-09-14 21:35:00,1958.005,True,False,,4.3667,0.0843,4.3667,1969.215,2020-09-15 01:33:00,0.0,1958.025,2020-09-14 21:40:00,True,2020-09-14 21:46:00,0.0,0.0,False,,,
GC,2020-09-15,Tuesday,ODR,1964.808,1960.935,3.8730000000000473,1965.648,1960.307,5.3409999999998945,True,LONG,2020-09-15 05:15:00,1965.798,True,True,True,1.8642,0.0,1.8642,1972.028,2020-09-15 07:00:00,0.5662,1962.615,2020-09-15 05:46:00,True,2020-09-15 06:31:00,0.5662,0.0,True,1964.655,2020-09-15 05:30:00,0.0395
GC,2020-09-15,Tuesday,RDR,1965.598,1950.695,14.90300000000002,1966.558,1949.718,16.839999999999918,True,SHORT,2020-09-15 10:40:00,1948.718,True,True,False,0.0,0.1622,0.1622,1948.278,2020-09-15 10:45:00,0.5404,1958.748,2020-09-15 13:01:00,False,,0.0,,True,1950.775,2020-09-15 10:49:00,0.0054
GC,2020-09-16,Wednesday,ADR,1954.678,1951.585,3.0930000000000746,1954.725,1951.578,3.1469999999999345,True,SHORT,2020-09-15 21:00:00,1951.565,False,True,False,2.6673,0.5778,0.5778,1949.798,2020-09-15 21:11:00,3.6673,1962.928,2020-09-16 01:32:00,True,2020-09-15 21:11:00,0.1326,3.6673,True,1951.865,2020-09-15 21:05:00,0.0905
GC,2020-09-16,Wednesday,ODR,1965.355,1961.008,4.34699999999998,1966.048,1960.715,5.333000000000084,True,LONG,2020-09-16 04:10:00,1966.845,True,True,True,0.8926,0.0,0.8926,1969.235,2020-09-16 08:25:00,0.9103,1961.398,2020-09-16 07:37:00,True,2020-09-16 04:19:00,0.9103,0.9103,True,1965.318,2020-09-16 04:55:00,0.0085
GC,2020-09-16,Wednesday,RDR,1969.798,1958.058,11.740000000000009,1969.998,1956.495,13.503000000000156,True,SHORT,2020-09-16 14:50:00,1954.905,True,True,False,0.0145,0.4679,0.402,1953.338,2020-09-16 14:57:00,0.2351,1960.818,2020-09-16 15:01:00,False,,0.0,,True,1958.088,2020-09-16 14:59:00,0.0026
GC,2020-09-17,Thursday,ADR,1960.585,1955.248,5.336999999999989,1960.865,1954.905,5.960000000000036,True,SHORT,2020-09-16 20:30:00,1954.885,True,True,True,0.0,3.3108,3.3108,1937.578,2020-09-16 23:20:00,0.7939,1959.485,2020-09-16 21:34:00,True,2020-09-16 21:46:00,0.7939,0.0,True,1955.425,2020-09-16 20:35:00,0.0332
GC,2020-09-17,Thursday,ODR,1945.118,1943.485,1.6330000000000382,1946.585,1943.205,3.380000000000109,True,SHORT,2020-09-17 04:05:00,1942.228,False,True,True,2.1984,4.0968,4.0968,1936.795,2020-09-17 05:30:00,3.1984,1948.708,2020-09-17 07:52:00,True,2020-09-17 04:10:00,1.3368,3.1984,True,1943.605,2020-09-17 04:25:00,0.0735
GC,2020-09-17,Thursday,RDR,1942.168,1935.145,7.022999999999911,1945.178,1932.745,12.43300000000022,True,LONG,2020-09-17 10:40:00,1945.315,True,True,True,1.0366,0.0,1.0366,1949.448,2020-09-17 11:15:00,0.0171,1942.048,2020-09-17 12:18:00,True,2020-09-17 10:45:00,0.0,0.0171,True,1942.128,2020-09-17 12:14:00,0.0057
GC,2020-09-18,Friday,ADR,1951.495,1945.958,5.536999999999807,1951.788,1945.768,6.019999999999982,True,LONG,2020-09-17 21:00:00,1954.728,True,True,True,0.7116,0.0,0.6471,1955.078,2020-09-17 21:06:00,0.3733,1949.428,2020-09-17 21:32:00,True,2020-09-17 21:05:00,0.0,0.3733,True,1950.805,2020-09-17 21:21:00,0.1246
GC,2020-09-18,Friday,ODR,1954.115,1952.235,1.8800000000001091,1955.138,1951.778,3.3599999999999,True,LONG,2020-09-18 04:50:00,1955.338,False,True,False,1.0106,2.9239,0.9628,1955.925,2020-09-18 05:23:00,3.9239,1946.738,2020-09-18 08:29:00,True,2020-09-18 04:55:00,0.0995,3.9239,True,1953.928,2020-09-18 05:00:00,0.0995
GC,2020-09-18,Friday,RDR,1953.408,1945.458,7.949999999999818,1953.928,1944.985,8.943000000000211,True,LONG,2020-09-18 10:40:00,1954.798,True,True,False,0.8164,0.0,0.8164,1959.898,2020-09-18 13:11:00,0.4859,1949.545,2020-09-18 15:52:00,True,2020-09-18 12:26:00,0.283,0.4859,True,1953.278,2020-09-18 10:48:00,0.0164
GC,2020-09-21,Monday,ADR,1950.708,1947.148,3.560000000000173,1950.908,1946.868,4.039999999999964,True,LONG,2020-09-20 20:50:00,1951.018,True,True,True,1.3343,0.0,1.3343,1955.458,2020-09-20 21:19:00,0.1376,1950.218,2020-09-20 21:03:00,True,2020-09-20 21:00:00,0.1376,0.1376,True,1950.555,2020-09-20 21:00:00,0.043
GC,2020-09-21,Monday,ODR,1954.158,1948.088,6.069999999999936,1954.638,1947.615,7.022999999999911,True,SHORT,2020-09-21 04:00:00,1945.208,True,False,,0.0,4.1021,4.1021,1923.188,2020-09-21 08:28:00,0.0,1947.648,2020-09-21 04:09:00,True,2020-09-21 04:05:00,0.0,0.0,False,,,
GC,2020-09-21,Monday,RDR,1918.438,1892.055,26.383000000000038,1919.985,1890.438,29.546999999999798,True,SHORT,2020-09-21 10:35:00,1885.045,True,True,False,0.0,0.3669,0.3669,1882.375,2020-09-21 10:40:00,0.7547,1911.965,2020-09-21 15:58:00,False,,0.0,,True,1895.025,2020-09-21 10:42:00,0.1126
GC,2020-09-22,Tuesday,ADR,1919.188,1914.768,4.420000000000073,1919.888,1914.768,5.119999999999891,True,SHORT,2020-09-21 20:30:00,1914.658,True,True,True,0.04,1.8552,1.8552,1906.568,2020-09-21 22:17:00,1.04,1919.365,2020-09-21 20:53:00,True,2020-09-21 21:17:00,1.04,0.3093,True,1916.088,2020-09-21 20:35:00,0.2986
GC,2020-09-22,Tuesday,ODR,1907.988,1896.928,11.059999999999945,1909.568,1894.458,15.1099999999999,False,,,,,,,0.0542,0.0,,,,,,,False,,,,False,,,
GC,2020-09-22,Tuesday,RDR,1915.358,1905.518,9.839999999999918,1917.048,1905.268,11.779999999999973,True,SHORT,2020-09-22 10:40:00,1904.498,True,True,True,0.0,0.9065,0.9065,1896.598,2020-09-22 11:54:00,0.1484,1906.978,2020-09-22 10:48:00,True,2020-09-22 10:59:00,0.1484,0.1474,True,1906.338,2020-09-22 10:45:00,0.0833
GC,2020-09-23,Wednesday,ADR,1904.148,1900.898,3.25,1905.208,1900.598,4.610000000000127,True,SHORT,2020-09-22 21:15:00,1900.088,False,True,True,0.2431,5.7763,5.7763,1882.125,2020-09-23 00:44:00,1.2431,1904.938,2020-09-22 22:01:00,True,2020-09-22 22:38:00,1.2431,0.0185,True,1901.705,2020-09-22 21:26:00,0.2483
GC,2020-09-23,Wednesday,ODR,1882.635,1875.085,7.5499999999999545,1883.168,1874.608,8.559999999999945,True,LONG,2020-09-23 05:00:00,1884.105,True,True,True,1.6199,0.2738,1.6199,1894.865,2020-09-23 06:34:00,0.3175,1880.238,2020-09-23 08:16:00,True,2020-09-23 05:07:00,0.0,0.3175,True,1882.285,2020-09-23 07:53:00,0.0464
GC,2020-09-23,Wednesday,RDR,1884.945,1868.688,16.256999999999834,1887.788,1866.385,21.40300000000002,True,SHORT,2020-09-23 10:35:00,1866.245,True,True,True,0.0,0.8003,0.8003,1855.678,2020-09-23 15:04:00,0.2116,1872.128,2020-09-23 11:21:00,True,2020-09-23 15:04:00,0.2116,0.0,True,1870.118,2020-09-23 10:41:00,0.088
GC,2020-09-24,Thursday,ADR,1860.268,1854.538,5.730000000000018,1860.978,1853.448,7.529999999999973,True,LONG,2020-09-23 20:55:00,1861.358,False,True,False,1.4887,0.993,1.4887,1868.798,2020-09-23 21:25:00,1.993,1848.848,2020-09-24 01:47:00,True,2020-09-23 21:03:00,0.0,1.993,True,1860.138,2020-09-23 21:56:00,0.0227
GC,2020-09-24,Thursday,ODR,1860.678,1852.845,7.833000000000084,1860.968,1852.415,8.553000000000111,True,SHORT,2020-09-24 05:05:00,1851.748,False,True,False,0.1009,0.5375,0.5375,1848.635,2020-09-24 05:52:00,1.1009,1861.468,2020-09-24 08:20:00,True,2020-09-24 05:35:00,0.1804,1.1009,True,1853.318,2020-09-24 05:17:00,0.0604
GC,2020-09-24,Thursday,RDR,1863.738,1851.998,11.740000000000009,1863.928,1850.818,13.110000000000127,True,LONG,2020-09-24 11:20:00,1864.428,True,True,True,1.1286,0.0,1.1286,1876.988,2020-09-24 13:52:00,0.1925,1861.478,2020-09-24 15:22:00,True,2020-09-24 11:56:00,0.0,0.1925,True,1863.208,2020-09-24 14:54:00,0.0451
GC,2020-09-25,Friday,ADR,1868.905,1865.345,3.5599999999999454,1869.265,1864.778,4.48700000000008,True,SHORT,2020-09-24 21:05:00,1862.955,False,True,False,1.3744,1.0337,1.0337,1861.665,2020-09-24 21:42:00,2.3744,1873.798,2020-09-25 01:00:00,True,2020-09-24 21:10:00,0.5374,2.3744,True,1865.795,2020-09-24 21:15:00,0.1264
GC,2020-09-25,Friday,ODR,1874.705,1870.318,4.386999999999944,1875.075,1868.678,6.3969999999999345,True,SHORT,2020-09-25 05:40:00,1868.488,True,False,,0.0,4.0119,4.0119,1852.718,2020-09-25 07:05:00,0.0,1868.618,2020-09-25 05:45:00,True,2020-09-25 05:45:00,0.0,0.0,False,,,
GC,2020-09-25,Friday,RDR,1863.098,1854.368,8.730000000000018,1864.138,1852.298,11.839999999999918,True,LONG,2020-09-25 10:45:00,1864.295,True,True,False,0.4078,0.0,0.4078,1866.658,2020-09-25 15:26:00,0.5727,1858.098,2020-09-25 12:28:00,False,,0.5727,,True,1862.918,2020-09-25 10:50:00,0.0206
GC,2020-09-28,Monday,ADR,1864.048,1859.818,4.230000000000018,1864.328,1859.418,4.910000000000082,True,SHORT,2020-09-27 21:00:00,1857.768,True,True,True,0.0,0.892,0.892,1856.045,2020-09-28 01:56:00,0.952,1863.845,2020-09-28 00:53:00,True,2020-09-27 21:05:00,0.952,0.952,True,1860.318,2020-09-27 21:06:00,0.1182
GC,2020-09-28,Monday,ODR,1860.688,1858.328,2.3600000000001273,1861.548,1857.948,3.599999999999909,True,SHORT,2020-09-28 04:00:00,1856.898,False,True,False,3.2627,4.1835,4.1835,1848.455,2020-09-28 04:47:00,4.2627,1868.388,2020-09-28 08:29:00,True,2020-09-28 04:05:00,0.3729,4.2627,True,1858.428,2020-09-28 04:05:00,0.0424
GC,2020-09-28,Monday,RDR,1874.585,1866.725,7.860000000000127,1876.848,1864.628,12.220000000000027,True,LONG,2020-09-28 13:10:00,1877.335,True,False,,1.0475,0.2452,1.0475,1882.818,2020-09-28 14:48:00,0.0,1876.618,2020-09-28 13:18:00,True,2020-09-28 13:30:00,0.0,0.0,False,,,
GC,2020-09-29,Tuesday,ADR,1885.595,1882.145,3.4500000000000455,1886.125,1881.678,4.446999999999889,True,LONG,2020-09-28 22:25:00,1886.505,False,True,False,0.453,1.9817,0.2899,1886.595,2020-09-28 22:30:00,2.9817,1875.308,2020-09-29 01:31:00,False,,0.0,,True,1885.588,2020-09-28 22:34:00,0.002
GC,2020-09-29,Tuesday,ODR,1883.825,1878.875,4.9500000000000455,1884.535,1878.835,5.7000000000000455,True,LONG,2020-09-29 05:05:00,1884.958,True,True,True,1.2996,0.0,1.2996,1890.258,2020-09-29 07:23:00,0.557,1881.068,2020-09-29 08:06:00,True,2020-09-29 07:03:00,0.4141,0.557,True,1883.778,2020-09-29 05:16:00,0.0095
GC,2020-09-29,Tuesday,RDR,1891.228,1886.278,4.9500000000000455,1892.018,1884.318,7.7000000000000455,True,LONG,2020-09-29 11:20:00,1892.635,True,True,True,1.5616,0.2168,1.5616,1898.958,2020-09-29 13:56:00,0.3879,1889.308,2020-09-29 12:07:00,True,2020-09-29 12:39:00,0.3879,0.0,True,1890.938,2020-09-29 11:29:00,0.0586
GC,2020-09-30,Wednesday,ADR,1898.918,1895.338,3.5799999999999272,1898.928,1894.995,3.93300000000022,True,SHORT,2020-09-29 20:50:00,1894.838,True,True,True,0.0,2.3221,2.3221,1887.025,2020-09-30 00:19:00,0.5838,1897.428,2020-09-29 21:40:00,True,2020-09-29 21:00:00,0.5838,0.5838,True,1895.478,2020-09-29 20:55:00,0.0391
GC,2020-09-30,Wednesday,ODR,1889.095,1884.778,4.317000000000007,1890.058,1883.655,6.40300000000002,True,SHORT,2020-09-30 04:50:00,1882.978,True,True,False,0.0,0.82,0.82,1881.238,2020-09-30 05:29:00,0.8663,1888.518,2020-09-30 08:29:00,True,2020-09-30 04:56:00,0.0,0.8663,True,1884.825,2020-09-30 05:57:00,0.0109
GC,2020-09-30,Wednesday,RDR,1892.258,1883.508,8.75,1892.798,1881.598,11.200000000000045,True,LONG,2020-09-30 11:00:00,1893.678,True,True,False,1.1265,0.0,1.1265,1902.115,2020-09-30 11:18:00,0.8106,1885.165,2020-09-30 15:24:00,True,2020-09-30 11:11:00,0.0,0.8106,True,1891.001,2020-09-30 13:07:00,0.1437
GC,2020-10-01,Thursday,ADR,1888.275,1886.128,2.147000000000162,1888.485,1885.988,2.4969999999998436,True,SHORT,2020-09-30 20:30:00,1885.565,False,True,False,3.3256,0.7327,0.7327,1884.555,2020-09-30 20:58:00,4.3256,1895.415,2020-10-01 00:55:00,True,2020-09-30 20:42:00,0.1989,4.3256,True,1886.335,2020-09-30 20:37:00,0.0964
GC,2020-10-01,Thursday,ODR,1899.335,1895.008,4.326999999999998,1900.078,1894.498,5.579999999999927,True,SHORT,2020-10-01 04:30:00,1894.468,False,True,False,1.8727,0.4368,0.4368,1893.118,2020-10-01 05:25:00,2.8727,1907.438,2020-10-01 08:25:00,False,,0.4245,,True,1895.038,2020-10-01 04:47:00,0.0069
GC,2020-10-01,Thursday,RDR,1905.428,1897.945,7.483000000000175,1906.588,1896.158,10.430000000000064,True,LONG,2020-10-01 11:05:00,1906.798,True,True,False,0.882,0.0815,0.882,1912.028,2020-10-01 11:35:00,0.2312,1903.698,2020-10-01 15:59:00,True,2020-10-01 11:18:00,0.0,0.2312,True,1905.015,2020-10-01 14:03:00,0.0552
GC,2020-10-02,Friday,ADR,1904.965,1901.755,3.209999999999809,1905.215,1900.955,4.259999999999991,True,SHORT,2020-10-01 20:40:00,1900.218,False,True,False,1.2377,3.7748,3.7748,1889.638,2020-10-02 01:01:00,2.2377,1908.938,2020-10-02 01:47:00,True,2020-10-01 20:45:00,0.0,2.2377,True,1902.348,2020-10-02 01:18:00,0.1847
GC,2020-10-02,Friday,ODR,1914.718,1908.098,6.620000000000118,1915.348,1907.515,7.832999999999856,True,SHORT,2020-10-02 04:45:00,1907.258,True,True,False,0.0,0.4551,0.4551,1905.085,2020-10-02 04:58:00,0.3867,1910.658,2020-10-02 08:13:00,False,,0.0,,True,1909.068,2020-10-02 05:12:00,0.1465
GC,2020-10-02,Friday,RDR,1906.498,1899.028,7.470000000000027,1907.098,1898.118,8.980000000000018,True,LONG,2020-10-02 11:10:00,1907.438,False,True,False,0.4163,0.0807,0.4163,1909.608,2020-10-02 11:20:00,1.0807,1898.425,2020-10-02 12:06:00,False,,0.2369,,True,1904.728,2020-10-02 11:15:00,0.2369
GC,2020-10-05,Monday,ADR,1902.915,1900.568,2.34699999999998,1904.158,1900.218,3.939999999999827,True,SHORT,2020-10-04 20:30:00,1899.488,True,True,True,0.0,3.8986,3.8986,1891.418,2020-10-05 00:48:00,0.784,1902.408,2020-10-04 20:37:00,True,2020-10-04 20:35:00,0.784,0.784,True,1901.388,2020-10-04 20:35:00,0.3494
GC,2020-10-05,Monday,ODR,1892.985,1887.748,5.236999999999853,1893.318,1886.898,6.420000000000073,True,LONG,2020-10-05 04:25:00,1893.405,True,True,True,2.6567,0.0,2.6567,1906.898,2020-10-05 08:28:00,0.0052,1892.958,2020-10-05 04:31:00,True,2020-10-05 04:36:00,0.0052,0.0,True,1892.958,2020-10-05 04:31:00,0.0052
GC,2020-10-05,Monday,RDR,1915.275,1906.375,8.900000000000091,1918.188,1905.475,12.713000000000193,False,,,,,,,0.3708,0.0,,,,,,,False,,,,False,,,
GC,2020-10-06,Tuesday,ADR,1913.735,1912.138,1.59699999999998,1913.975,1911.445,2.5299999999999727,True,SHORT,2020-10-05 21:25:00,1910.998,True,True,True,0.4339,2.536,2.536,1908.088,2020-10-05 22:41:00,0.1565,1912.388,2020-10-06 00:57:00,True,2020-10-05 21:30:00,0.0,0.1565,True,1912.245,2020-10-05 23:40:00,0.067
GC,2020-10-06,Tuesday,ODR,1913.565,1908.845,4.720000000000027,1914.425,1908.178,6.246999999999844,True,SHORT,2020-10-06 04:25:00,1907.758,False,True,False,1.1659,0.4936,0.4936,1906.515,2020-10-06 04:46:00,2.1659,1919.068,2020-10-06 08:02:00,False,,0.0,,True,1909.195,2020-10-06 04:57:00,0.0742
GC,2020-10-06,Tuesday,RDR,1919.988,1911.808,8.180000000000064,1921.018,1911.788,9.230000000000018,True,SHORT,2020-10-06 10:40:00,1911.638,True,True,True,0.0,3.0782,3.0782,1886.628,2020-10-06 15:59:00,0.6626,1917.228,2020-10-06 10:51:00,True,2020-10-06 11:49:00,0.6626,0.0,True,1913.428,2020-10-06 10:45:00,0.198
GC,2020-10-07,Wednesday,ADR,1880.658,1877.048,3.6099999999999,1880.728,1876.828,3.900000000000091,True,SHORT,2020-10-06 21:25:00,1873.878,False,True,False,1.7997,1.1911,1.1911,1872.748,2020-10-06 21:30:00,2.7997,1887.155,2020-10-07 01:52:00,True,2020-10-06 21:30:00,0.0,2.7997,True,1877.088,2020-10-06 21:50:00,0.0111
GC,2020-10-07,Wednesday,ODR,1897.518,1889.968,7.5499999999999545,1897.898,1889.575,8.322999999999865,True,SHORT,2020-10-07 04:40:00,1889.508,True,True,True,0.0,1.0066,1.0066,1882.368,2020-10-07 07:13:00,0.2424,1891.798,2020-10-07 04:50:00,True,2020-10-07 06:57:00,0.2424,0.098,True,1890.688,2020-10-07 04:45:00,0.0954
GC,2020-10-07,Wednesday,RDR,1889.105,1879.788,9.317000000000007,1889.598,1879.078,10.519999999999982,False,,,,,,,0.0,0.0,,,,,,,False,,,,False,,,
GC,2020-10-08,Thursday,ADR,1887.688,1884.938,2.75,1887.975,1884.118,3.856999999999971,True,LONG,2020-10-07 21:55:00,1888.308,False,True,True,0.9018,0.6255,0.9018,1890.168,2020-10-08 01:36:00,1.6255,1883.218,2020-10-07 23:30:00,True,2020-10-08 01:28:00,1.6255,0.0,True,1887.638,2020-10-07 22:02:00,0.0182
GC,2020-10-08,Thursday,ODR,1894.288,1890.248,4.039999999999964,1895.198,1889.958,5.240000000000009,True,LONG,2020-10-08 08:15:00,1896.828,True,False,,1.274,0.0668,1.274,1899.435,2020-10-08 08:29:00,0.0,1896.098,2020-10-08 08:20:00,True,2020-10-08 08:20:00,0.0,0.0,False,,,
GC,2020-10-08,Thursday,RDR,1898.908,1884.988,13.919999999999845,1900.498,1884.895,15.603000000000065,True,SHORT,2020-10-08 13:00:00,1882.945,True,True,False,0.0,0.2191,0.2191,1881.938,2020-10-08 13:07:00,0.6695,1894.308,2020-10-08 15:59:00,False,,0.0,,True,1885.545,2020-10-08 13:24:00,0.04
GC,2020-10-09,Friday,ADR,1898.268,1895.038,3.230000000000018,1898.388,1894.908,3.480000000000018,True,LONG,2020-10-08 20:30:00,1898.718,True,True,True,4.4954,0.0,4.4954,1912.788,2020-10-08 23:33:00,0.1765,1897.698,2020-10-08 20:45:00,True,2020-10-08 21:00:00,0.1765,0.0,True,1898.228,2020-10-08 20:37:00,0.0124
GC,2020-10-09,Friday,ODR,1913.075,1907.545,5.529999999999973,1913.515,1907.505,6.009999999999991,True,LONG,2020-10-09 04:00:00,1914.078,True,True,True,0.8939,0.0,0.8939,1918.018,2020-10-09 06:51:00,0.2544,1911.668,2020-10-09 05:40:00,True,2020-10-09 04:42:00,0.2544,0.2544,True,1913.008,2020-10-09 05:25:00,0.0121
GC,2020-10-09,Friday,RDR,1928.088,1917.428,10.659999999999854,1928.518,1916.508,12.009999999999991,True,LONG,2020-10-09 14:25:00,1928.978,True,True,True,0.1379,0.0,0.1379,1929.558,2020-10-09 14:49:00,0.1879,1926.085,2020-10-09 15:06:00,False,,0.0619,,True,1927.428,2020-10-09 14:40:00,0.0619
GC,2020-10-12,Monday,ADR,1931.068,1925.568,5.5,1931.258,1924.875,6.383000000000038,True,SHORT,2020-10-11 20:50:00,1923.068,False,True,False,0.1309,0.766,0.766,1921.355,2020-10-11 21:01:00,1.1309,1931.788,2020-10-12 01:48:00,True,2020-10-11 21:00:00,0.0,1.1309,True,1925.688,2020-10-11 21:20:00,0.0218
GC,2020-10-12,Monday,ODR,1927.728,1924.498,3.230000000000018,1927.828,1923.798,4.029999999999973,True,SHORT,2020-10-12 04:35:00,1922.865,True,True,True,0.0,1.9628,1.9628,1918.158,2020-10-12 07:04:00,0.8421,1927.218,2020-10-12 08:18:00,True,2020-10-12 04:40:00,0.0,0.8421,True,1924.678,2020-10-12 07:54:00,0.0557
GC,2020-10-12,Monday,RDR,1924.605,1921.668,2.9370000000001255,1925.788,1919.528,6.259999999999991,True,SHORT,2020-10-12 10:35:00,1919.118,False,True,False,0.3721,0.8829,0.8829,1919.075,2020-10-12 10:40:00,1.3721,1925.698,2020-10-12 12:58:00,True,2020-10-12 10:40:00,0.0,1.3721,True,1921.818,2020-10-12 10:41:00,0.0511
GC,2020-10-13,Tuesday,ADR,1925.015,1920.238,4.777000000000044,1925.355,1919.365,5.990000000000009,True,SHORT,2020-10-12 20:30:00,1919.205,True,True,True,0.0,2.1086,2.1086,1910.165,2020-10-13 00:16:00,0.395,1922.125,2020-10-12 20:55:00,True,2020-10-12 21:04:00,0.395,0.0105,True,1920.635,2020-10-12 20:38:00,0.0831
GC,2020-10-13,Tuesday,ODR,1919.668,1915.055,4.612999999999829,1920.505,1914.395,6.110000000000127,True,LONG,2020-10-13 04:05:00,1920.548,True,True,True,1.1554,0.0,1.1554,1924.998,2020-10-13 04:47:00,0.2927,1918.318,2020-10-13 07:44:00,True,2020-10-13 04:29:00,0.0,0.2927,True,1919.228,2020-10-13 07:18:00,0.0954
GC,2020-10-13,Tuesday,RDR,1902.175,1889.008,13.166999999999916,1902.265,1886.308,15.957000000000107,False,,,,,,,0.0,0.1324,,,,,,,False,,,,False,,,
GC,2020-10-14,Wednesday,ADR,1893.325,1890.605,2.7200000000000273,1893.415,1890.055,3.3599999999999,True,LONG,2020-10-13 20:40:00,1894.045,False,True,True,1.6261,3.0184,1.6261,1897.748,2020-10-13 23:50:00,4.0184,1882.395,2020-10-13 21:23:00,True,2020-10-13 22:52:00,4.0184,0.2599,True,1893.278,2020-10-13 20:49:00,0.0173
GC,2020-10-14,Wednesday,ODR,1897.135,1892.958,4.176999999999907,1897.668,1892.858,4.809999999999945,True,LONG,2020-10-14 04:30:00,1899.238,True,True,True,2.0165,0.0,2.0165,1905.558,2020-10-14 08:29:00,0.6433,1894.448,2020-10-14 06:14:00,True,2020-10-14 04:35:00,0.6433,0.6433,True,1896.918,2020-10-14 05:14:00,0.052
GC,2020-10-14,Wednesday,RDR,1912.208,1905.948,6.259999999999991,1912.828,1904.758,8.069999999999936,True,SHORT,2020-10-14 11:50:00,1904.398,True,False,,0.0,1.0883,1.0883,1899.135,2020-10-14 15:59:00,0.0,1905.038,2020-10-14 11:55:00,True,2020-10-14 11:58:00,0.0,0.0,False,,,
GC,2020-10-15,Thursday,ADR,1900.065,1897.458,2.606999999999971,1900.198,1896.848,3.3500000000001364,True,SHORT,2020-10-14 20:45:00,1895.888,False,True,False,0.6993,2.1787,2.1787,1891.778,2020-10-14 21:01:00,1.6993,1901.888,2020-10-15 00:48:00,True,2020-10-14 20:50:00,0.0,1.6993,True,1897.528,2020-10-14 21:19:00,0.0269
GC,2020-10-15,Thursday,ODR,1902.658,1896.978,5.679999999999836,1903.518,1896.208,7.309999999999945,True,SHORT,2020-10-15 04:30:00,1895.188,True,True,True,0.0,1.3275,1.3275,1889.438,2020-10-15 08:16:00,0.0775,1897.418,2020-10-15 06:01:00,True,2020-10-15 04:49:00,0.0775,0.0775,True,1897.285,2020-10-15 04:39:00,0.054
GC,2020-10-15,Thursday,RDR,1899.818,1892.558,7.259999999999991,1902.068,1891.735,10.333000000000084,True,LONG,2020-10-15 11:20:00,1902.848,True,False,,1.1846,0.0,1.1846,1908.418,2020-10-15 15:42:00,0.0,1901.848,2020-10-15 12:34:00,True,2020-10-15 11:25:00,0.0,0.0,False,,,
GC,2020-10-16,Friday,ADR,1908.498,1905.188,3.3099999999999454,1908.498,1904.818,3.6800000000000637,True,LONG,2020-10-15 21:00:00,1910.178,False,True,False,0.6314,0.3785,0.6314,1910.588,2020-10-15 21:07:00,1.3785,1903.935,2020-10-16 00:33:00,True,2020-10-15 21:05:00,0.0,1.3785,True,1908.488,2020-10-15 21:28:00,0.003
GC,2020-10-16,Friday,ODR,1909.205,1905.488,3.716999999999871,1909.898,1904.458,5.439999999999827,True,LONG,2020-10-16 04:30:00,1910.855,True,True,True,1.2384,0.0,1.2384,1913.808,2020-10-16 08:20:00,0.9274,1905.758,2020-10-16 06:56:00,True,2020-10-16 04:36:00,0.9274,0.9274,True,1908.698,2020-10-16 05:00:00,0.1364
GC,2020-10-16,Friday,RDR,1908.908,1905.238,3.6699999999998454,1910.398,1903.758,6.639999999999873,True,SHORT,2020-10-16 10:30:00,1903.035,True,False,,0.0,2.0654,2.0654,1897.658,2020-10-16 11:23:00,0.0,1904.735,2020-10-16 10:39:00,True,2020-10-16 10:35:00,0.0,0.0,False,,,
GC,2020-10-19,Monday,ADR,1901.485,1899.275,2.209999999999809,1902.008,1898.535,3.4729999999999563,True,SHORT,2020-10-18 21:10:00,1898.198,False,True,False,3.3588,1.0846,0.6774,1897.778,2020-10-18 21:15:00,4.3588,1908.908,2020-10-19 01:58:00,True,2020-10-18 21:15:00,0.0,4.3588,True,1899.415,2020-10-18 21:16:00,0.0633
GC,2020-10-19,Monday,ODR,1911.108,1908.618,2.490000000000009,1911.698,1908.408,3.290000000000191,True,LONG,2020-10-19 06:00:00,1911.748,True,True,True,2.9036,0.0843,2.9036,1918.338,2020-10-19 08:17:00,0.0723,1910.928,2020-10-19 06:45:00,True,2020-10-19 06:08:00,0.0723,0.0723,True,1910.928,2020-10-19 06:45:00,0.0723
GC,2020-10-19,Monday,RDR,1911.528,1905.198,6.329999999999927,1912.178,1902.715,9.463000000000193,True,SHORT,2020-10-19 15:00:00,1902.635,True,False,,0.0,0.7445,0.7445,1900.485,2020-10-19 15:55:00,0.0,1904.038,2020-10-19 15:20:00,True,2020-10-19 15:06:00,0.0,0.0,False,,,
GC,2020-10-20,Tuesday,ADR,1902.925,1901.905,1.0199999999999818,1903.428,1901.575,1.8530000000000655,True,LONG,2020-10-19 20:50:00,1903.525,False,True,False,1.1206,7.1441,1.1206,1904.068,2020-10-19 21:23:00,8.1441,1894.618,2020-10-19 22:00:00,True,2020-10-19 20:55:00,2.3922,8.1441,True,1902.875,2020-10-19 20:55:00,0.049
GC,2020-10-20,Tuesday,ODR,1903.048,1900.035,3.01299999999992,1903.488,1899.378,4.110000000000127,True,LONG,2020-10-20 05:10:00,1904.575,True,True,False,1.6552,0.155,1.6552,1908.035,2020-10-20 05:40:00,0.9625,1900.148,2020-10-20 08:23:00,True,2020-10-20 05:15:00,0.0,0.9625,True,1902.988,2020-10-20 08:02:00,0.0199
GC,2020-10-20,Tuesday,RDR,1903.365,1898.918,4.447000000000116,1904.425,1897.418,7.007000000000062,True,LONG,2020-10-20 10:35:00,1904.788,True,False,,2.3881,0.0,2.3881,1913.985,2020-10-20 14:15:00,0.0,1904.558,2020-10-20 10:40:00,True,2020-10-20 10:40:00,0.0,0.0,False,,,
GC,2020-10-21,Wednesday,ADR,1914.675,1910.505,4.169999999999845,1915.548,1910.065,5.482999999999947,True,LONG,2020-10-20 21:00:00,1915.838,True,True,True,1.3597,0.0,1.3597,1920.345,2020-10-20 22:23:00,0.2902,1913.465,2020-10-20 21:33:00,True,2020-10-20 21:05:00,0.2902,0.2902,True,1914.465,2020-10-20 21:23:00,0.0504
GC,2020-10-21,Wednesday,ODR,1920.375,1917.485,2.8900000000001,1920.658,1916.308,4.349999999999909,True,LONG,2020-10-21 04:00:00,1920.845,False,True,True,0.8304,1.0612,0.8304,1922.775,2020-10-21 08:24:00,2.0612,1914.418,2020-10-21 05:00:00,True,2020-10-21 04:09:00,2.0612,2.0612,True,1919.255,2020-10-21 04:23:00,0.3875
GC,2020-10-21,Wednesday,RDR,1927.925,1922.778,5.1469999999999345,1929.018,1922.228,6.789999999999964,True,LONG,2020-10-21 10:35:00,1930.058,False,True,False,0.6553,0.5407,0.6553,1931.298,2020-10-21 10:40:00,1.5407,1919.995,2020-10-21 11:16:00,True,2020-10-21 10:40:00,0.0,1.5407,True,1927.798,2020-10-21 10:51:00,0.0247
GC,2020-10-22,Thursday,ADR,1922.315,1919.695,2.6200000000001182,1922.855,1919.438,3.4169999999999163,True,SHORT,2020-10-21 21:25:00,1918.338,True,False,,0.0,3.4771,3.4771,1910.585,2020-10-21 22:13:00,0.0,1919.548,2020-10-21 21:31:00,True,2020-10-21 21:30:00,0.0,0.0,False,,,
GC,2020-10-22,Thursday,ODR,1920.138,1915.315,4.822999999999865,1920.278,1914.918,5.360000000000127,True,SHORT,2020-10-22 07:30:00,1913.768,True,False,,0.0,2.276,2.276,1904.338,2020-10-22 08:16:00,0.0,1915.265,2020-10-22 07:45:00,True,2020-10-22 08:06:00,0.0,0.0,False,,,
GC,2020-10-22,Thursday,RDR,1905.838,1896.588,9.25,1907.338,1894.208,13.129999999999882,False,,,,,,,0.0,0.2198,,,,,,,False,,,,False,,,
GC,2020-10-23,Friday,ADR,1905.698,1903.038,2.660000000000082,1906.078,1903.038,3.0399999999999636,True,SHORT,2020-10-22 20:35:00,1901.768,False,True,False,0.7331,0.6778,0.6778,1901.235,2020-10-22 20:41:00,1.7331,1907.648,2020-10-22 23:06:00,True,2020-10-22 20:40:00,0.0,1.7331,True,1903.275,2020-10-22 20:48:00,0.0891
GC,2020-10-23,Friday,ODR,1908.725,1905.935,2.7899999999999636,1909.205,1905.755,3.449999999999818,True,LONG,2020-10-23 04:10:00,1909.215,True,True,True,1.9043,0.0,1.9043,1914.038,2020-10-23 08:29:00,0.1434,1908.325,2020-10-23 06:09:00,True,2020-10-23 04:17:00,0.1434,0.1434,True,1908.658,2020-10-23 06:08:00,0.024
GC,2020-10-23,Friday,RDR,1908.178,1899.218,8.960000000000036,1909.115,1898.828,10.287000000000035,True,SHORT,2020-10-23 10:45:00,1895.648,True,True,False,0.0,0.5603,0.5603,1894.198,2020-10-23 10:50:00,0.6875,1905.378,2020-10-23 13:24:00,True,2020-10-23 10:50:00,0.0,0.6875,True,1899.245,2020-10-23 11:03:00,0.003
GC,2020-10-26,Monday,ADR,1902.025,1899.168,2.8570000000001983,1902.355,1899.085,3.269999999999982,True,SHORT,2020-10-25 20:30:00,1898.668,True,True,True,0.0,1.5341,1.5341,1894.785,2020-10-26 00:45:00,0.609,1900.908,2020-10-25 21:36:00,True,2020-10-25 20:36:00,0.609,0.609,True,1899.395,2020-10-25 21:24:00,0.0795
GC,2020-10-26,Monday,ODR,1901.308,1896.808,4.5,1901.908,1896.095,5.8129999999998745,True,LONG,2020-10-26 04:50:00,1902.325,True,True,True,1.0622,0.0,1.0622,1906.088,2020-10-26 07:35:00,0.2933,1899.988,2020-10-26 08:01:00,True,2020-10-26 05:11:00,0.14,0.2933,True,1901.285,2020-10-26 05:30:00,0.0051
GC,2020-10-26,Monday,RDR,1905.688,1900.168,5.520000000000209,1906.338,1898.768,7.569999999999936,False,,,,,,,0.0707,0.0,,,,,,,False,,,,False,,,
GC,2020-10-27,Tuesday,ADR,1907.845,1904.205,3.6400000000001,1908.058,1903.665,4.393000000000029,True,LONG,2020-10-26 20:45:00,1908.108,True,True,True,0.6786,0.0,0.6786,1910.315,2020-10-27 01:16:00,0.4085,1906.358,2020-10-26 20:56:00,True,2020-10-26 21:30:00,0.4085,0.3151,True,1907.695,2020-10-26 20:51:00,0.0412
GC,2020-10-27,Tuesday,ODR,1904.855,1900.748,4.106999999999971,1904.975,1899.998,4.976999999999862,True,SHORT,2020-10-27 04:05:00,1899.438,False,True,False,0.6411,0.7378,0.7378,1897.718,2020-10-27 04:17:00,1.6411,1907.488,2020-10-27 08:09:00,True,2020-10-27 04:11:00,0.0,1.6411,True,1900.975,2020-10-27 04:37:00,0.0553
GC,2020-10-27,Tuesday,RDR,1908.388,1905.638,2.75,1909.098,1904.638,4.460000000000036,True,LONG,2020-10-27 10:35:00,1910.218,True,True,False,1.0764,0.0,0.9709,1911.058,2020-10-27 10:41:00,0.7865,1906.225,2020-10-27 15:14:00,True,2020-10-27 10:40:00,0.0,0.7865,True,1908.378,2020-10-27 10:56:00,0.0036
GC,2020-10-28,Wednesday,ADR,1907.228,1905.008,2.2200000000000273,1907.575,1904.628,2.9470000000001164,True,LONG,2020-10-27 20:30:00,1907.648,False,True,False,1.5946,0.3063,1.5946,1910.768,2020-10-28 01:16:00,1.3063,1904.328,2020-10-27 22:11:00,True,2020-10-27 23:41:00,1.3063,0.9324,True,1907.138,2020-10-27 20:40:00,0.0405
GC,2020-10-28,Wednesday,ODR,1906.465,1902.448,4.016999999999825,1906.648,1901.888,4.759999999999991,True,SHORT,2020-10-28 04:20:00,1901.218,True,False,,0.0,6.4899,6.4899,1876.378,2020-10-28 08:10:00,0.0,1901.825,2020-10-28 04:37:00,True,2020-10-28 04:40:00,0.0,0.0,False,,,
GC,2020-10-28,Wednesday,RDR,1877.625,1871.778,5.84699999999998,1878.188,1869.208,8.980000000000018,True,LONG,2020-10-28 10:35:00,1879.325,True,True,False,1.1105,0.0,1.1105,1884.118,2020-10-28 11:33:00,0.4601,1874.935,2020-10-28 15:12:00,True,2020-10-28 10:48:00,0.0958,0.4601,True,1877.278,2020-10-28 10:41:00,0.0593
GC,2020-10-29,Thursday,ADR,1879.948,1875.818,4.130000000000109,1880.095,1875.675,4.420000000000073,True,LONG,2020-10-28 22:25:00,1880.298,True,True,True,1.1889,0.0,1.1889,1884.858,2020-10-29 01:41:00,0.0412,1879.778,2020-10-28 22:33:00,True,2020-10-28 23:15:00,0.0412,0.0,True,1879.778,2020-10-28 22:33:00,0.0412
GC,2020-10-29,Thursday,ODR,1881.165,1877.085,4.079999999999927,1882.338,1877.058,5.279999999999973,True,SHORT,2020-10-29 05:00:00,1877.018,True,True,True,0.14,4.2199,4.2199,1859.868,2020-10-29 08:09:00,0.5613,1879.375,2020-10-29 05:56:00,True,2020-10-29 06:43:00,0.5613,0.0,True,1877.168,2020-10-29 05:05:00,0.0203
GC,2020-10-29,Thursday,RDR,1876.225,1869.015,7.209999999999809,1876.608,1868.578,8.029999999999973,True,SHORT,2020-10-29 10:30:00,1868.278,True,True,True,0.0,0.4951,0.4951,1865.445,2020-10-29 10:45:00,0.4415,1872.198,2020-10-29 11:15:00,False,,0.0,,True,1869.465,2020-10-29 10:55:00,0.0624
GC,2020-10-30,Friday,ADR,1869.235,1865.198,4.036999999999807,1869.235,1864.258,4.976999999999862,True,LONG,2020-10-29 20:30:00,1869.825,True,True,True,2.1699,0.0,2.1699,1877.995,2020-10-29 22:30:00,0.6582,1866.578,2020-10-30 01:06:00,True,2020-10-29 20:40:00,0.0,0.6582,True,1869.138,2020-10-30 00:43:00,0.024
GC,2020-10-30,Friday,ODR,1873.735,1869.315,4.419999999999845,1874.298,1868.928,5.369999999999891,True,LONG,2020-10-30 04:30:00,1874.788,True,True,True,3.5414,0.0724,3.5414,1889.388,2020-10-30 07:57:00,0.4292,1871.838,2020-10-30 05:29:00,True,2020-10-30 04:49:00,0.4292,0.4292,True,1873.675,2020-10-30 04:59:00,0.0136
GC,2020-10-30,Friday,RDR,1884.168,1877.218,6.949999999999818,1884.978,1875.758,9.220000000000027,False,,,,,,,0.0,0.3774,,,,,,,False,,,,False,,,
GC,2020-11-02,Monday,ADR,1878.598,1874.055,4.542999999999893,1879.345,1873.308,6.037000000000035,True,LONG,2020-11-01 20:45:00,1881.078,True,False,,1.5254,0.0,1.5254,1885.528,2020-11-01 21:51:00,0.0,1879.718,2020-11-01 23:55:00,True,2020-11-01 20:50:00,0.0,0.0,False,,,
GC,2020-11-02,Monday,ODR,1884.938,1881.145,3.79300000000012,1885.848,1880.758,5.089999999999918,True,LONG,2020-11-02 04:00:00,1886.358,True,False,,2.1065,0.0,2.1065,1892.928,2020-11-02 08:21:00,0.0,1885.118,2020-11-02 04:19:00,True,2020-11-02 04:05:00,0.0,0.0,False,,,
GC,2020-11-02,Monday,RDR,1890.998,1888.648,2.3500000000001364,1891.968,1887.608,4.360000000000127,True,LONG,2020-11-02 10:50:00,1892.188,True,True,True,1.9915,0.5234,1.9915,1895.678,2020-11-02 15:55:00,0.4055,1890.045,2020-11-02 11:24:00,True,2020-11-02 10:55:00,0.4055,0.4055,True,1890.738,2020-11-02 11:21:00,0.1106
GC,2020-11-03,Tuesday,ADR,1894.688,1892.328,2.3600000000001273,1894.688,1891.598,3.0900000000001455,True,LONG,2020-11-02 20:45:00,1895.995,False,True,False,1.6186,0.7936,1.6186,1898.508,2020-11-02 21:03:00,1.7936,1890.455,2020-11-03 01:11:00,True,2020-11-02 20:50:00,0.0,1.7936,True,1892.918,2020-11-02 22:01:00,0.75
GC,2020-11-03,Tuesday,ODR,1895.628,1890.138,5.490000000000009,1895.888,1889.285,6.602999999999838,True,LONG,2020-11-03 04:05:00,1896.145,True,True,True,1.9393,0.0,1.9393,1906.275,2020-11-03 08:29:00,0.031,1895.458,2020-11-03 04:10:00,True,2020-11-03 04:35:00,0.031,0.0,True,1895.458,2020-11-03 04:10:00,0.031
GC,2020-11-03,Tuesday,RDR,1907.128,1900.398,6.730000000000018,1908.158,1899.728,8.429999999999836,True,LONG,2020-11-03 10:35:00,1908.298,True,True,False,0.4958,0.0,0.4958,1910.465,2020-11-03 13:25:00,0.4358,1904.195,2020-11-03 11:15:00,False,,0.4358,,True,1907.068,2020-11-03 10:46:00,0.0089
GC,2020-11-04,Wednesday,ADR,1911.198,1899.065,12.133000000000038,1912.348,1880.635,31.712999999999965,False,,,,,,,0.0,1.336,,,,,,,False,,,,False,,,
GC,2020-11-04,Wednesday,ODR,1894.868,1889.468,5.399999999999864,1895.278,1887.988,7.289999999999964,True,SHORT,2020-11-04 05:35:00,1887.725,False,True,False,3.1889,0.4598,0.4598,1886.985,2020-11-04 05:41:00,4.1889,1912.088,2020-11-04 08:16:00,False,,0.0,,True,1889.658,2020-11-04 05:50:00,0.0352
GC,2020-11-04,Wednesday,RDR,1906.888,1898.178,8.709999999999809,1908.098,1896.165,11.932999999999993,True,LONG,2020-11-04 10:30:00,1908.928,False,True,False,0.3088,0.5859,0.3088,1909.578,2020-11-04 10:35:00,1.5859,1893.075,2020-11-04 13:02:00,False,,0.0,,True,1906.508,2020-11-04 10:38:00,0.0436
GC,2020-11-05,Thursday,ADR,1907.738,1902.688,5.0499999999999545,1908.068,1902.358,5.710000000000036,True,LONG,2020-11-04 20:40:00,1908.425,True,True,True,0.536,0.0,0.536,1910.445,2020-11-05 01:17:00,0.9287,1903.048,2020-11-04 21:20:00,True,2020-11-05 00:56:00,0.9287,0.1168,True,1907.308,2020-11-04 20:53:00,0.0851
GC,2020-11-05,Thursday,ODR,1917.935,1909.948,7.986999999999853,1918.298,1908.788,9.509999999999991,True,LONG,2020-11-05 04:10:00,1918.578,True,True,True,1.5103,0.0,1.5103,1929.998,2020-11-05 08:24:00,0.4328,1914.478,2020-11-05 06:09:00,True,2020-11-05 07:33:00,0.4328,0.0,True,1917.788,2020-11-05 04:15:00,0.0184
GC,2020-11-05,Thursday,RDR,1947.758,1928.288,19.470000000000027,1948.308,1928.148,20.160000000000082,True,LONG,2020-11-05 11:10:00,1948.765,True,True,True,0.2512,0.0,0.2512,1952.648,2020-11-05 11:20:00,0.2768,1942.368,2020-11-05 12:29:00,False,,0.0,,True,1946.438,2020-11-05 11:28:00,0.0678
GC,2020-11-06,Friday,ADR,1944.045,1939.375,4.670000000000073,1944.885,1938.628,6.257000000000062,True,LONG,2020-11-05 21:15:00,1945.255,False,True,False,0.3561,0.8366,0.2548,1945.235,2020-11-05 21:20:00,1.8366,1935.468,2020-11-05 23:02:00,False,,0.0,,True,1943.428,2020-11-05 21:22:00,0.1321
GC,2020-11-06,Friday,ODR,1950.268,1945.345,4.923000000000002,1950.598,1944.898,5.7000000000000455,True,LONG,2020-11-06 05:45:00,1950.635,True,True,True,1.5621,0.3128,1.5621,1957.958,2020-11-06 06:24:00,0.4834,1947.888,2020-11-06 07:52:00,True,2020-11-06 06:09:00,0.0636,0.4834,True,1949.955,2020-11-06 05:51:00,0.0636
GC,2020-11-06,Friday,RDR,1953.228,1941.545,11.682999999999993,1954.838,1941.068,13.769999999999982,True,LONG,2020-11-06 14:10:00,1955.098,True,True,False,0.1601,0.0,0.1601,1955.098,2020-11-06 14:15:00,0.1928,1950.975,2020-11-06 15:51:00,False,,0.0,,True,1953.095,2020-11-06 14:27:00,0.0114
GC,2020-11-09,Monday,ADR,1956.018,1953.408,2.6100000000001273,1957.268,1952.498,4.769999999999982,True,LONG,2020-11-08 22:50:00,1959.455,True,True,True,3.6004,0.0,3.6004,1965.415,2020-11-09 00:37:00,0.1379,1955.658,2020-11-09 01:58:00,True,2020-11-08 22:55:00,0.0,0.1379,True,1955.788,2020-11-09 01:57:00,0.0881
GC,2020-11-09,Monday,ODR,1962.328,1956.835,5.492999999999938,1963.118,1955.878,7.240000000000009,True,SHORT,2020-11-09 06:20:00,1955.828,True,True,True,0.0,12.5809,12.5809,1887.728,2020-11-09 08:20:00,0.0515,1957.118,2020-11-09 06:45:00,True,2020-11-09 06:32:00,0.0515,0.0515,True,1957.118,2020-11-09 06:45:00,0.0515
GC,2020-11-09,Monday,RDR,1879.828,1863.188,16.639999999999873,1880.348,1859.225,21.123000000000047,True,SHORT,2020-11-09 10:40:00,1858.158,True,True,False,0.0,0.7686,0.7686,1850.398,2020-11-09 11:47:00,0.381,1869.528,2020-11-09 15:31:00,True,2020-11-09 10:45:00,0.0,0.381,True,1864.038,2020-11-09 12:07:00,0.0511
GC,2020-11-10,Tuesday,ADR,1873.648,1868.698,4.949999999999818,1873.965,1867.375,6.589999999999918,True,LONG,2020-11-09 20:55:00,1874.265,True,False,,3.1697,0.0,3.1697,1889.338,2020-11-10 01:56:00,0.0,1874.015,2020-11-09 21:00:00,True,2020-11-09 21:03:00,0.0,0.0,False,,,
GC,2020-11-10,Tuesday,ODR,1889.088,1885.308,3.7799999999999727,1890.158,1884.808,5.349999999999909,True,SHORT,2020-11-10 04:30:00,1880.495,True,False,,0.0,4.7548,4.7548,1867.335,2020-11-10 06:00:00,0.0,1883.388,2020-11-10 08:01:00,True,2020-11-10 04:35:00,0.0,0.0,False,,,
GC,2020-11-10,Tuesday,RDR,1884.088,1878.598,5.490000000000009,1885.208,1877.838,7.370000000000118,True,SHORT,2020-11-10 13:25:00,1876.878,True,True,True,0.1616,1.1858,1.1858,1872.088,2020-11-10 15:59:00,0.0783,1879.028,2020-11-10 14:15:00,True,2020-11-10 13:31:00,0.0783,0.0783,True,1878.715,2020-11-10 14:14:00,0.0213
GC,2020-11-11,Wednesday,ADR,1880.285,1878.095,2.1900000000000546,1880.795,1876.998,3.7970000000000255,True,LONG,2020-11-10 20:35:00,1880.865,True,True,True,1.8689,0.0,1.8689,1884.378,2020-11-11 01:57:00,0.9712,1878.158,2020-11-10 22:37:00,True,2020-11-10 20:46:00,0.9712,0.9712,True,1880.225,2020-11-10 20:40:00,0.0274
GC,2020-11-11,Wednesday,ODR,1879.128,1875.198,3.9299999999998363,1879.395,1874.688,4.70699999999988,True,LONG,2020-11-11 04:50:00,1879.558,False,True,False,0.687,1.7048,0.687,1881.828,2020-11-11 05:00:00,2.7048,1868.498,2020-11-11 08:24:00,True,2020-11-11 04:57:00,0.0025,2.7048,True,1879.118,2020-11-11 04:55:00,0.0025
GC,2020-11-11,Wednesday,RDR,1866.335,1859.748,6.586999999999989,1867.848,1858.805,9.042999999999893,False,,,,,,,0.0425,0.0,,,,,,,False,,,,False,,,
GC,2020-11-12,Thursday,ADR,1867.615,1863.318,4.2970000000000255,1867.808,1862.588,5.220000000000027,True,LONG,2020-11-11 20:30:00,1868.165,True,True,True,1.1434,0.0,1.1434,1872.528,2020-11-12 00:30:00,0.0854,1867.248,2020-11-12 01:35:00,True,2020-11-11 20:40:00,0.0,0.0854,True,1867.498,2020-11-12 01:32:00,0.0272
GC,2020-11-12,Thursday,ODR,1869.898,1865.008,4.889999999999873,1870.198,1863.098,7.100000000000136,True,LONG,2020-11-12 04:30:00,1870.508,True,True,True,0.6196,0.064,0.6196,1872.928,2020-11-12 04:37:00,0.5671,1867.125,2020-11-12 05:48:00,True,2020-11-12 04:37:00,0.0,0.5671,True,1869.748,2020-11-12 05:03:00,0.0307
GC,2020-11-12,Thursday,RDR,1880.428,1876.228,4.2000000000000455,1880.878,1874.538,6.339999999999918,True,LONG,2020-11-12 10:30:00,1882.568,False,True,False,0.7786,0.5245,0.6238,1883.048,2020-11-12 10:35:00,1.5245,1874.025,2020-11-12 15:48:00,True,2020-11-12 10:35:00,0.0,1.5245,True,1880.218,2020-11-12 10:41:00,0.05
GC,2020-11-13,Friday,ADR,1880.868,1875.185,5.682999999999993,1881.865,1874.745,7.120000000000118,False,,,,,,,0.0774,0.0,,,,,,,False,,,,False,,,
GC,2020-11-13,Friday,ODR,1880.238,1878.355,1.8830000000000382,1880.828,1877.058,3.769999999999982,True,SHORT,2020-11-13 04:05:00,1876.768,False,True,False,4.9389,1.427,1.427,1875.668,2020-11-13 04:28:00,5.9389,1889.538,2020-11-13 08:21:00,True,2020-11-13 04:10:00,0.0,5.9389,True,1879.075,2020-11-13 04:41:00,0.3824
GC,2020-11-13,Friday,RDR,1892.918,1888.788,4.129999999999882,1893.765,1887.628,6.137000000000171,True,SHORT,2020-11-13 13:20:00,1887.198,True,False,,0.3947,1.0177,1.0177,1884.585,2020-11-13 13:57:00,0.0,1888.218,2020-11-13 15:59:00,True,2020-11-13 13:29:00,0.0,0.0,False,,,
GC,2020-11-16,Monday,ADR,1895.278,1888.198,7.079999999999927,1895.915,1887.508,8.406999999999925,True,LONG,2020-11-15 20:30:00,1895.955,True,True,False,0.5155,0.0,0.5155,1898.928,2020-11-15 21:13:00,0.9185,1888.775,2020-11-16 01:20:00,True,2020-11-15 21:13:00,0.053,0.9185,True,1894.903,2020-11-15 20:56:00,0.053
GC,2020-11-16,Monday,ODR,1894.578,1891.528,3.0499999999999545,1894.878,1890.798,4.079999999999927,True,SHORT,2020-11-16 06:05:00,1890.228,True,True,True,0.1728,8.8623,8.8623,1864.498,2020-11-16 06:53:00,0.4885,1893.018,2020-11-16 06:46:00,True,2020-11-16 06:52:00,0.4885,0.1443,True,1891.805,2020-11-16 06:16:00,0.0908
GC,2020-11-16,Monday,RDR,1890.545,1887.645,2.900000000000091,1891.278,1886.268,5.009999999999991,True,LONG,2020-11-16 11:15:00,1891.845,False,True,False,1.8631,0.8759,1.8631,1895.948,2020-11-16 11:53:00,1.8759,1885.105,2020-11-16 15:15:00,True,2020-11-16 11:20:00,0.0,1.8759,True,1890.408,2020-11-16 12:45:00,0.0472
GC,2020-11-17,Tuesday,ADR,1891.008,1887.665,3.3430000000000746,1891.158,1886.795,4.362999999999829,True,LONG,2020-11-16 21:45:00,1891.445,False,True,False,0.4068,1.0371,0.4068,1892.368,2020-11-16 22:23:00,2.0371,1884.198,2020-11-17 01:07:00,False,,0.1385,,True,1890.735,2020-11-16 21:52:00,0.0817
GC,2020-11-17,Tuesday,ODR,1891.428,1885.448,5.980000000000018,1891.868,1884.118,7.75,True,LONG,2020-11-17 04:05:00,1892.025,True,True,False,0.1878,0.0,0.1878,1892.551,2020-11-17 04:12:00,0.9465,1885.768,2020-11-17 05:32:00,False,,0.0,,True,1891.358,2020-11-17 04:21:00,0.0117
GC,2020-11-17,Tuesday,RDR,1890.575,1886.938,3.6369999999999436,1890.858,1886.143,4.714999999999918,True,SHORT,2020-11-17 11:35:00,1886.108,True,True,True,0.0,2.8053,2.8053,1876.735,2020-11-17 15:47:00,0.2475,1887.838,2020-11-17 13:18:00,True,2020-11-17 12:08:00,0.2475,0.2475,True,1886.968,2020-11-17 12:34:00,0.0082
GC,2020-11-18,Wednesday,ADR,1882.465,1877.438,5.026999999999816,1882.875,1876.198,6.676999999999907,True,SHORT,2020-11-17 22:15:00,1875.688,True,True,False,0.0,0.376,0.376,1875.548,2020-11-17 22:20:00,0.7698,1881.308,2020-11-18 00:30:00,False,,0.0,,True,1877.458,2020-11-17 22:36:00,0.004
GC,2020-11-18,Wednesday,ODR,1884.105,1881.335,2.769999999999982,1884.595,1880.605,3.990000000000009,True,SHORT,2020-11-18 04:30:00,1879.488,True,False,,0.0841,6.4357,6.4357,1863.508,2020-11-18 07:03:00,0.0,1880.055,2020-11-18 04:36:00,True,2020-11-18 04:35:00,0.0,0.0,False,,,
GC,2020-11-18,Wednesday,RDR,1883.335,1875.698,7.636999999999944,1883.845,1875.121,8.723999999999933,True,SHORT,2020-11-18 13:05:00,1874.765,True,True,True,0.1811,0.8908,0.8908,1868.895,2020-11-18 15:51:00,0.0484,1876.068,2020-11-18 13:21:00,True,2020-11-18 14:03:00,0.0484,0.0,True,1876.068,2020-11-18 13:21:00,0.0484
GC,2020-11-19,Thursday,ADR,1872.465,1868.465,4.0,1872.528,1868.355,4.173000000000002,True,SHORT,2020-11-18 22:15:00,1868.245,True,True,True,0.0,2.603,2.603,1858.053,2020-11-19 00:45:00,0.0575,1868.695,2020-11-18 22:52:00,True,2020-11-18 22:29:00,0.0575,0.0575,True,1868.695,2020-11-18 22:52:00,0.0575
GC,2020-11-19,Thursday,ODR,1863.588,1855.985,7.6030000000000655,1863.968,1855.613,8.355000000000018,True,LONG,2020-11-19 04:30:00,1864.498,True,True,False,0.2552,0.1285,0.2552,1865.528,2020-11-19 04:45:00,0.9763,1856.165,2020-11-19 05:45:00,False,,0.1591,,True,1863.558,2020-11-19 04:36:00,0.0039
GC,2020-11-19,Thursday,RDR,1861.978,1857.058,4.920000000000073,1862.688,1856.228,6.460000000000036,True,LONG,2020-11-19 12:20:00,1863.235,True,False,,1.1274,0.0,1.1274,1867.525,2020-11-19 14:12:00,0.0,1862.128,2020-11-19 12:55:00,True,2020-11-19 13:02:00,0.0,0.0,False,,,
GC,2020-11-20,Friday,ADR,1867.118,1862.098,5.019999999999982,1867.605,1861.593,6.011999999999944,True,LONG,2020-11-19 23:35:00,1867.678,True,True,False,0.512,0.0145,0.512,1869.688,2020-11-20 01:09:00,0.3207,1865.508,2020-11-20 01:30:00,True,2020-11-20 01:09:00,0.1639,0.3207,True,1866.795,2020-11-19 23:44:00,0.0643
GC,2020-11-20,Friday,ODR,1868.948,1865.888,3.060000000000173,1869.275,1865.558,3.7170000000000982,True,SHORT,2020-11-20 05:55:00,1865.495,True,True,False,0.0,0.8408,0.8408,1863.315,2020-11-20 06:01:00,0.8758,1868.568,2020-11-20 08:22:00,True,2020-11-20 06:00:00,0.0,0.8758,True,1866.178,2020-11-20 06:22:00,0.0948
GC,2020-11-20,Friday,RDR,1878.908,1875.428,3.479999999999791,1879.618,1874.528,5.089999999999918,True,SHORT,2020-11-20 10:55:00,1874.325,True,False,,0.0365,1.1963,1.1963,1871.265,2020-11-20 12:13:00,0.0,1875.168,2020-11-20 11:09:00,True,2020-11-20 11:01:00,0.0,0.0,False,,,
GC,2020-11-23,Monday,ADR,1875.058,1871.835,3.2229999999999563,1875.938,1871.635,4.303000000000111,True,SHORT,2020-11-22 21:30:00,1871.065,False,True,False,0.3041,0.4499,0.4499,1870.385,2020-11-22 21:45:00,1.3041,1876.038,2020-11-23 01:30:00,False,,0.3134,,True,1872.635,2020-11-22 21:39:00,0.2482
GC,2020-11-23,Monday,ODR,1874.688,1868.938,5.75,1875.058,1868.515,6.542999999999893,True,SHORT,2020-11-23 04:40:00,1868.358,True,True,True,0.0,1.1374,1.1374,1862.398,2020-11-23 08:25:00,0.1443,1869.768,2020-11-23 05:04:00,True,2020-11-23 05:30:00,0.1443,0.0122,True,1869.018,2020-11-23 04:48:00,0.0139
GC,2020-11-23,Monday,RDR,1867.398,1836.415,30.982999999999947,1867.678,1835.688,31.99000000000001,True,SHORT,2020-11-23 10:40:00,1835.445,True,True,True,0.0,0.1819,0.1819,1830.778,2020-11-23 11:20:00,0.1481,1841.005,2020-11-23 13:30:00,False,,0.0501,,True,1837.015,2020-11-23 10:47:00,0.0194
GC,2020-11-24,Tuesday,ADR,1835.545,1829.774,5.7710000000001855,1836.188,1829.328,6.860000000000127,True,SHORT,2020-11-23 20:35:00,1827.275,True,True,True,0.0,1.4878,1.4878,1821.188,2020-11-23 22:01:00,0.1237,1830.488,2020-11-23 20:46:00,True,2020-11-23 20:40:00,0.1237,0.1237,True,1830.138,2020-11-23 20:45:00,0.0631
GC,2020-11-24,Tuesday,ODR,1830.343,1824.734,5.609000000000151,1830.633,1823.448,7.184999999999945,True,SHORT,2020-11-24 05:05:00,1823.275,True,False,,0.0,3.6416,3.6416,1804.308,2020-11-24 08:19:00,0.0,1824.318,2020-11-24 05:14:00,True,2020-11-24 05:11:00,0.0,0.0,False,,,
GC,2020-11-24,Tuesday,RDR,1805.248,1801.707,3.54099999999994,1808.434,1800.774,7.660000000000082,False,,,,,,,0.8359,0.4855,,,,,,,False,,,,False,,,
GC,2020-11-25,Wednesday,ADR,1811.568,1806.378,5.190000000000055,1811.768,1805.078,6.690000000000055,True,SHORT,2020-11-24 22:25:00,1804.425,True,True,True,0.0944,0.9408,0.9408,1801.495,2020-11-24 23:04:00,0.0135,1806.448,2020-11-25 01:45:00,True,2020-11-24 22:35:00,0.0,0.0135,True,1806.448,2020-11-25 01:45:00,0.0135
GC,2020-11-25,Wednesday,ODR,1813.635,1809.588,4.0470000000000255,1814.999,1809.034,5.964999999999918,True,SHORT,2020-11-25 05:25:00,1808.378,False,True,False,0.3484,0.7939,0.7939,1806.375,2020-11-25 06:11:00,1.3484,1815.045,2020-11-25 08:29:00,True,2020-11-25 06:06:00,0.3484,1.3484,True,1810.018,2020-11-25 05:31:00,0.1063
GC,2020-11-25,Wednesday,RDR,1816.555,1810.308,6.247000000000071,1817.578,1809.768,7.809999999999945,True,SHORT,2020-11-25 12:40:00,1809.405,True,False,,0.0,1.0293,1.0293,1803.878,2020-11-25 14:00:00,0.0,1809.645,2020-11-25 12:50:00,True,2020-11-25 13:26:00,0.0,0.0,False,,,
GC,2020-11-26,Thursday,ADR,1811.708,1807.885,3.8230000000000928,1811.768,1807.098,4.670000000000073,True,LONG,2020-11-25 20:30:00,1812.328,False,True,True,0.4334,0.3131,0.4334,1813.365,2020-11-26 01:59:00,1.3131,1806.688,2020-11-26 00:45:00,False,,1.3131,,True,1811.688,2020-11-25 20:35:00,0.0052
GC,2020-11-26,Thursday,ODR,1817.298,1814.878,2.4200000000000728,1817.849,1813.688,4.160999999999831,True,SHORT,2020-11-26 05:15:00,1812.718,True,True,True,0.0277,1.6281,1.6281,1810.938,2020-11-26 05:29:00,0.1145,1815.155,2020-11-26 08:07:00,True,2020-11-26 05:20:00,0.0,0.1145,True,1814.918,2020-11-26 05:50:00,0.0165
GC,2020-11-26,Thursday,RDR,1813.624,1807.235,6.389000000000124,1814.018,1805.634,8.384000000000015,False,,,,,,,0.0,0.0,,,,,,,False,,,,False,,,
GC,2020-11-27,Friday,ADR,1812.905,1810.348,2.5570000000000164,1813.778,1809.7,4.0779999999999745,True,SHORT,2020-11-26 20:55:00,1809.508,True,True,True,0.0,3.0817,3.0817,1802.468,2020-11-27 00:30:00,0.2464,1810.978,2020-11-27 00:51:00,True,2020-11-26 21:23:00,0.0,0.2464,True,1810.508,2020-11-27 00:48:00,0.0626
GC,2020-11-27,Friday,ODR,1809.948,1808.428,1.5199999999999818,1811.368,1807.628,3.740000000000009,True,SHORT,2020-11-27 04:40:00,1807.455,True,True,True,0.4454,10.6118,10.6118,1792.298,2020-11-27 08:15:00,0.8224,1809.678,2020-11-27 05:17:00,True,2020-11-27 04:45:00,0.8224,0.8224,True,1808.655,2020-11-27 04:46:00,0.1493
GC,2020-11-27,Friday,RDR,1782.635,1778.438,4.196999999999889,1783.868,1777.439,6.42899999999986,True,LONG,2020-11-27 10:40:00,1784.688,True,True,True,1.4184,0.0,1.4184,1788.588,2020-11-27 11:35:00,0.2287,1781.675,2020-11-27 10:58:00,True,2020-11-27 10:45:00,0.2287,0.2287,True,1781.855,2020-11-27 10:49:00,0.1858
GC,2020-11-30,Monday,ADR,1784.868,1781.725,3.143000000000029,1785.565,1780.725,4.8400000000001455,True,SHORT,2020-11-29 21:30:00,1777.908,True,False,,0.0,5.5616,5.5616,1764.245,2020-11-29 21:58:00,0.0,1778.918,2020-11-29 21:35:00,True,2020-11-29 21:35:00,0.0,0.0,False,,,
GC,2020-12-01,Tuesday,ADR,1780.235,1776.795,3.439999999999827,1780.428,1776.75,3.678000000000111,True,LONG,2020-11-30 21:05:00,1780.738,True,True,True,2.2965,0.0,2.2965,1788.135,2020-12-01 00:55:00,0.2703,1779.305,2020-11-30 21:16:00,True,2020-11-30 21:51:00,0.2703,0.0,True,1779.915,2020-11-30 21:13:00,0.093
GC,2020-12-01,Tuesday,ODR,1794.305,1790.848,3.4570000000001073,1794.675,1789.248,5.426999999999907,True,LONG,2020-12-01 04:55:00,1794.875,True,False,,4.7998,0.0,4.7998,1810.898,2020-12-01 08:21:00,0.0,1794.685,2020-12-01 05:12:00,True,2020-12-01 05:01:00,0.0,0.0,False,,,
GC,2020-12-01,Tuesday,RDR,1811.488,1806.068,5.420000000000073,1812.585,1804.818,7.767000000000053,True,LONG,2020-12-01 12:10:00,1813.635,True,False,,1.0498,0.1218,1.0498,1817.178,2020-12-01 13:20:00,0.0,1811.988,2020-12-01 12:29:00,True,2020-12-01 13:06:00,0.0,0.0,False,,,
GC,2020-12-02,Wednesday,ADR,1814.358,1811.978,2.3799999999998818,1814.665,1811.448,3.216999999999871,True,LONG,2020-12-01 20:35:00,1815.215,False,True,False,0.4063,1.9214,0.4059,1815.324,2020-12-01 20:42:00,2.9214,1807.405,2020-12-02 00:39:00,False,,0.0,,True,1813.918,2020-12-01 20:45:00,0.1849
GC,2020-12-02,Wednesday,ODR,1825.978,1813.985,11.993000000000166,1826.278,1813.758,12.519999999999982,True,LONG,2020-12-02 04:50:00,1826.758,True,True,False,0.5303,0.0,0.5303,1832.338,2020-12-02 05:33:00,0.8049,1816.325,2020-12-02 07:48:00,True,2020-12-02 05:32:00,0.1759,0.8049,True,1824.915,2020-12-02 05:00:00,0.0886
GC,2020-12-02,Wednesday,RDR,1823.735,1814.558,9.176999999999907,1823.918,1813.725,10.192999999999984,True,LONG,2020-12-02 10:30:00,1825.698,True,False,,0.7337,0.0,0.7337,1830.468,2020-12-02 14:48:00,0.0,1824.538,2020-12-02 10:44:00,True,2020-12-02 11:03:00,0.0,0.0,False,,,
GC,2020-12-03,Thursday,ADR,1830.048,1827.888,2.160000000000082,1830.858,1827.305,3.5529999999998836,True,SHORT,2020-12-02 20:30:00,1826.428,False,True,False,3.2917,0.8102,0.8102,1826.138,2020-12-02 20:56:00,4.2917,1837.158,2020-12-02 22:45:00,True,2020-12-02 20:35:00,0.1097,4.2917,True,1828.098,2020-12-02 20:43:00,0.0972
GC,2020-12-03,Thursday,ODR,1842.318,1838.668,3.650000000000091,1843.348,1837.479,5.8689999999999145,True,SHORT,2020-12-03 04:25:00,1837.025,False,True,False,0.4082,1.1022,1.1022,1834.645,2020-12-03 05:31:00,1.4082,1843.808,2020-12-03 07:39:00,True,2020-12-03 04:31:00,0.0,1.4082,True,1838.708,2020-12-03 05:46:00,0.011
GC,2020-12-03,Thursday,RDR,1840.178,1831.418,8.760000000000218,1841.108,1829.418,11.690000000000055,True,SHORT,2020-12-03 11:00:00,1827.445,False,True,False,0.2226,0.887,0.887,1823.648,2020-12-03 11:08:00,1.2226,1842.128,2020-12-03 15:59:00,True,2020-12-03 11:05:00,0.0,1.2226,True,1831.855,2020-12-03 11:49:00,0.0499
GC,2020-12-04,Friday,ADR,1842.324,1838.568,3.7560000000000855,1842.534,1838.189,4.345000000000027,True,SHORT,2020-12-03 20:35:00,1838.185,False,True,False,0.6294,0.2103,0.2103,1837.778,2020-12-04 01:00:00,1.6294,1844.688,2020-12-03 22:00:00,False,,1.6294,,True,1838.888,2020-12-03 20:41:00,0.0852
GC,2020-12-04,Friday,ODR,1842.875,1838.758,4.116999999999962,1843.185,1837.718,5.466999999999871,True,LONG,2020-12-04 05:00:00,1844.075,False,True,False,0.3352,0.0857,0.3352,1844.255,2020-12-04 05:05:00,1.0857,1838.405,2020-12-04 06:11:00,False,,0.0551,,True,1842.648,2020-12-04 05:05:00,0.0551
GC,2020-12-04,Friday,RDR,1846.055,1833.898,12.157000000000153,1847.234,1833.488,13.745999999999867,True,SHORT,2020-12-04 10:50:00,1831.088,True,True,False,0.0,0.4039,0.2807,1830.485,2020-12-04 11:04:00,0.2951,1837.485,2020-12-04 15:39:00,False,,0.0,,True,1833.905,2020-12-04 11:14:00,0.0006
GC,2020-12-07,Monday,ADR,1838.955,1835.635,3.3199999999999363,1839.285,1834.734,4.551000000000158,True,LONG,2020-12-07 00:05:00,1839.475,True,False,,1.0099,0.0,1.0099,1842.308,2020-12-07 01:05:00,0.0,1839.0,2020-12-07 01:56:00,True,2020-12-07 00:22:00,0.0,0.0,False,,,
GC,2020-12-07,Monday,ODR,1837.878,1825.605,12.27299999999991,1838.738,1821.808,16.930000000000064,False,,,,,,,0.0,0.0,,,,,,,False,,,,False,,,
GC,2020-12-07,Monday,RDR,1862.668,1839.458,23.20999999999981,1863.705,1839.068,24.636999999999944,True,LONG,2020-12-07 10:45:00,1863.825,True,True,True,0.249,0.0,0.249,1868.448,2020-12-07 11:08:00,0.2056,1857.895,2020-12-07 15:04:00,False,,0.0,,True,1862.318,2020-12-07 13:21:00,0.0151
GC,2020-12-08,Tuesday,ADR,1865.218,1862.825,2.393000000000029,1866.265,1862.098,4.167000000000144,True,SHORT,2020-12-07 20:30:00,1861.188,False,True,False,2.7163,0.7626,0.7008,1861.148,2020-12-07 20:35:00,3.7163,1871.718,2020-12-07 23:09:00,True,2020-12-07 20:35:00,0.0,3.7163,True,1863.388,2020-12-07 20:45:00,0.2353
GC,2020-12-08,Tuesday,ODR,1866.645,1861.808,4.836999999999989,1867.068,1861.138,5.930000000000064,True,SHORT,2020-12-08 06:05:00,1860.608,False,True,False,0.3541,0.3432,0.3432,1860.148,2020-12-08 06:25:00,1.3541,1868.358,2020-12-08 08:24:00,False,,0.1675,,True,1861.968,2020-12-08 06:11:00,0.0331
GC,2020-12-08,Tuesday,RDR,1874.258,1866.295,7.962999999999965,1875.168,1861.928,13.239999999999782,False,,,,,,,0.0,0.2696,,,,,,,False,,,,False,,,
GC,2020-12-09,Wednesday,ADR,1869.578,1866.868,2.7100000000000364,1869.578,1865.225,4.3530000000000655,True,SHORT,2020-12-08 22:15:00,1862.988,True,False,,0.0,4.1808,4.1808,1855.538,2020-12-08 23:12:00,0.0,1863.828,2020-12-09 01:26:00,True,2020-12-08 22:20:00,0.0,0.0,False,,,
GC,2020-12-09,Wednesday,ODR,1864.725,1858.528,6.196999999999889,1865.318,1857.888,7.430000000000064,True,SHORT,2020-12-09 05:15:00,1857.755,True,True,False,0.2162,1.1457,1.1457,1851.428,2020-12-09 06:48:00,0.6229,1862.388,2020-12-09 08:11:00,True,2020-12-09 06:40:00,0.3481,0.6229,True,1858.845,2020-12-09 05:25:00,0.0512
GC,2020-12-09,Wednesday,RDR,1853.824,1838.918,14.906000000000176,1855.075,1837.278,17.797000000000025,True,SHORT,2020-12-09 13:15:00,1834.478,True,False,,0.0,0.9094,0.9094,1825.363,2020-12-09 13:59:00,0.0,1838.908,2020-12-09 15:55:00,True,2020-12-09 13:51:00,0.0,0.0,False,,,
GC,2020-12-10,Thursday,ADR,1838.425,1834.975,3.4500000000000455,1838.425,1834.228,4.196999999999889,True,LONG,2020-12-09 20:30:00,1838.673,False,True,False,1.1391,0.1151,1.1391,1842.355,2020-12-09 21:30:00,1.1151,1834.578,2020-12-10 01:59:00,True,2020-12-09 21:06:00,0.4725,1.1151,True,1836.948,2020-12-09 20:40:00,0.4281
GC,2020-12-10,Thursday,ODR,1837.408,1831.788,5.619999999999891,1837.815,1831.698,6.116999999999962,True,SHORT,2020-12-10 04:10:00,1828.708,False,True,False,0.548,0.5801,0.5801,1828.528,2020-12-10 04:15:00,1.548,1840.488,2020-12-10 08:20:00,True,2020-12-10 04:15:00,0.0,1.548,True,1832.255,2020-12-10 04:17:00,0.0831
GC,2020-12-10,Thursday,RDR,1848.798,1840.765,8.032999999999902,1849.958,1840.065,9.893000000000029,True,SHORT,2020-12-10 10:30:00,1839.498,True,True,True,0.0,1.3329,1.3329,1830.058,2020-12-10 13:01:00,0.0029,1840.788,2020-12-10 10:39:00,True,2020-12-10 10:56:00,0.0029,0.0,True,1840.788,2020-12-10 10:39:00,0.0029
GC,2020-12-11,Friday,ADR,1838.775,1836.738,2.0370000000000346,1839.305,1836.005,3.2999999999999545,True,LONG,2020-12-10 20:35:00,1839.695,False,True,False,0.8738,1.6853,0.8738,1840.555,2020-12-10 21:02:00,2.6853,1833.305,2020-12-11 01:19:00,True,2020-12-10 20:40:00,0.028,2.6853,True,1838.718,2020-12-10 21:02:00,0.028
GC,2020-12-11,Friday,ODR,1836.485,1831.818,4.666999999999916,1836.865,1831.458,5.406999999999925,True,LONG,2020-12-11 04:30:00,1836.988,False,True,False,0.6535,1.7088,0.6535,1839.535,2020-12-11 05:02:00,2.7088,1823.843,2020-12-11 06:28:00,True,2020-12-11 05:01:00,0.1729,2.7088,True,1836.225,2020-12-11 04:46:00,0.0557
GC,2020-12-11,Friday,RDR,1846.858,1836.075,10.782999999999902,1847.648,1834.748,12.899999999999864,False,,,,,,,0.0065,0.0,,,,,,,False,,,,False,,,
GC,2020-12-14,Monday,ADR,1837.085,1835.255,1.8299999999999272,1838.008,1834.138,3.8700000000001182,True,SHORT,2020-12-14 00:25:00,1833.785,True,False,,0.2093,1.7142,1.7142,1832.118,2020-12-14 01:30:00,0.0,1835.125,2020-12-14 00:48:00,True,2020-12-14 00:30:00,0.0,0.0,False,,,
GC,2020-12-14,Monday,ODR,1833.385,1827.0,6.384999999999991,1833.994,1826.119,7.875,True,SHORT,2020-12-14 04:05:00,1825.728,True,True,True,0.0,1.3676,1.3676,1818.268,2020-12-14 05:29:00,0.5745,1830.668,2020-12-14 04:30:00,True,2020-12-14 05:29:00,0.5745,0.4659,True,1827.168,2020-12-14 04:19:00,0.0263
GC,2020-12-14,Monday,RDR,1837.728,1825.088,12.6400000000001,1838.918,1823.578,15.339999999999918,False,,,,,,,0.0,0.2389,,,,,,,False,,,,False,,,
GC,2020-12-15,Tuesday,ADR,1828.338,1826.108,2.230000000000018,1828.465,1825.348,3.116999999999962,True,LONG,2020-12-14 20:55:00,1829.605,True,False,,5.5861,0.0,5.5861,1840.795,2020-12-15 00:54:00,0.0,1828.995,2020-12-14 21:00:00,True,2020-12-14 21:00:00,0.0,0.0,False,,,
GC,2020-12-15,Tuesday,ODR,1845.649,1840.175,5.473999999999933,1847.538,1839.759,7.778999999999996,True,LONG,2020-12-15 08:10:00,1849.339,True,False,,0.9187,0.0,0.9187,1850.678,2020-12-15 08:28:00,0.0,1845.678,2020-12-15 08:22:00,True,2020-12-15 08:15:00,0.0,0.0,False,,,
GC,2020-12-15,Tuesday,RDR,1853.098,1847.628,5.470000000000027,1854.228,1846.818,7.410000000000082,True,SHORT,2020-12-15 11:05:00,1845.898,False,True,False,0.2742,0.5612,0.4576,1845.125,2020-12-15 11:19:00,1.2742,1854.598,2020-12-15 15:57:00,False,,0.1201,,True,1848.285,2020-12-15 11:12:00,0.1201
GC,2020-12-16,Wednesday,ADR,1852.408,1851.435,0.9729999999999563,1852.805,1851.178,1.6269999999999527,True,LONG,2020-12-15 21:00:00,1854.085,True,False,,6.1871,0.298,6.1871,1858.428,2020-12-16 01:54:00,0.0,1852.878,2020-12-15 21:07:00,True,2020-12-15 21:05:00,0.0,0.0,False,,,
GC,2020-12-16,Wednesday,ODR,1861.905,1854.078,7.826999999999998,1862.535,1853.118,9.417000000000144,True,LONG,2020-12-16 04:20:00,1863.155,False,True,False,0.4795,0.6196,0.4795,1865.658,2020-12-16 06:18:00,1.6196,1849.228,2020-12-16 08:20:00,False,,0.1897,,True,1861.898,2020-12-16 05:17:00,0.0009
GC,2020-12-16,Wednesday,RDR,1857.705,1852.535,5.169999999999845,1858.808,1849.263,9.545000000000073,True,SHORT,2020-12-16 14:10:00,1848.668,False,True,False,1.5184,1.5226,1.5226,1844.663,2020-12-16 14:19:00,2.5184,1865.555,2020-12-16 15:05:00,True,2020-12-16 14:15:00,0.0,2.5184,True,1853.278,2020-12-16 14:35:00,0.1437
GC,2020-12-17,Thursday,ADR,1865.968,1862.828,3.1400000000001,1866.012,1862.418,3.594000000000051,True,LONG,2020-12-16 23:25:00,1866.648,True,False,,1.6646,0.2962,1.6646,1871.195,2020-12-17 01:30:00,0.0,1866.038,2020-12-17 00:34:00,True,2020-12-16 23:38:00,0.0,0.0,False,,,
GC,2020-12-17,Thursday,ODR,1881.968,1874.515,7.4529999999999745,1882.998,1874.128,8.870000000000118,True,SHORT,2020-12-17 05:30:00,1872.395,False,True,False,0.2683,0.3619,0.327,1872.078,2020-12-17 05:35:00,1.2683,1883.968,2020-12-17 08:00:00,False,,0.0,,True,1874.535,2020-12-17 05:38:00,0.0027
GC,2020-12-17,Thursday,RDR,1894.958,1888.985,5.973000000000184,1896.118,1888.865,7.252999999999929,True,SHORT,2020-12-17 11:00:00,1888.458,True,True,True,0.0,1.0866,1.0866,1882.495,2020-12-17 13:55:00,0.0708,1889.408,2020-12-17 11:13:00,True,2020-12-17 11:18:00,0.0708,0.0,True,1889.205,2020-12-17 11:07:00,0.0368
GC,2020-12-18,Friday,ADR,1884.145,1879.315,4.829999999999927,1884.798,1878.408,6.3900000000001,True,LONG,2020-12-18 00:00:00,1884.815,True,True,False,0.5197,0.0863,0.5197,1886.655,2020-12-18 00:27:00,0.9994,1879.318,2020-12-18 01:13:00,True,2020-12-18 00:27:00,0.0,0.9994,True,1883.645,2020-12-18 00:35:00,0.1035
GC,2020-12-18,Friday,ODR,1881.838,1877.828,4.009999999999991,1881.985,1877.275,4.709999999999809,True,LONG,2020-12-18 06:50:00,1882.525,True,False,,1.6608,0.0,1.6608,1888.498,2020-12-18 07:10:00,0.0,1882.098,2020-12-18 06:56:00,True,2020-12-18 06:59:00,0.0,0.0,False,,,
GC,2020-12-18,Friday,RDR,1883.918,1877.668,6.25,1885.61,1877.468,8.141999999999825,True,LONG,2020-12-18 10:55:00,1885.955,True,True,False,0.4192,0.0,0.4192,1886.538,2020-12-18 11:05:00,0.8837,1878.395,2020-12-18 15:04:00,False,,0.0,,True,1883.455,2020-12-18 11:13:00,0.0741
GC,2020-12-21,Monday,ADR,1899.075,1886.275,12.799999999999955,1899.085,1885.348,13.73700000000008,True,LONG,2020-12-20 23:50:00,1899.545,True,True,True,0.5909,0.0,0.5909,1906.638,2020-12-21 01:29:00,0.1959,1896.568,2020-12-21 01:55:00,True,2020-12-21 01:20:00,0.0242,0.1959,True,1898.765,2020-12-20 23:55:00,0.0242
GC,2020-12-21,Monday,ODR,1898.215,1893.215,5.0,1898.948,1891.328,7.620000000000118,True,SHORT,2020-12-21 04:45:00,1886.228,True,False,,0.0626,7.652,7.652,1854.955,2020-12-21 05:06:00,0.0,1889.598,2020-12-21 04:51:00,True,2020-12-21 04:50:00,0.0,0.0,False,,,
GC,2020-12-21,Monday,RDR,1884.798,1878.728,6.069999999999936,1885.658,1877.408,8.25,True,SHORT,2020-12-21 11:05:00,1875.538,True,True,True,0.0,0.8012,0.8012,1873.865,2020-12-21 15:16:00,0.6787,1882.848,2020-12-21 12:04:00,True,2020-12-21 11:10:00,0.6787,0.6787,True,1879.445,2020-12-21 11:19:00,0.1181
GC,2020-12-22,Tuesday,ADR,1880.818,1876.378,4.440000000000055,1881.068,1875.538,5.529999999999973,True,LONG,2020-12-21 20:30:00,1881.785,False,True,False,0.7703,1.9189,0.7703,1884.238,2020-12-21 21:43:00,2.9189,1867.858,2020-12-22 01:54:00,True,2020-12-21 21:34:00,0.0495,2.9189,True,1880.808,2020-12-21 21:19:00,0.0023
GC,2020-12-22,Tuesday,ODR,1872.928,1869.068,3.8600000000001273,1873.705,1868.318,5.386999999999944,True,LONG,2020-12-22 05:00:00,1874.378,True,True,True,1.4249,0.0,1.4249,1878.428,2020-12-22 08:23:00,0.7513,1870.028,2020-12-22 06:56:00,True,2020-12-22 05:17:00,0.7513,0.7513,True,1872.928,2020-12-22 05:11:00,0.0
GC,2020-12-22,Tuesday,RDR,1878.458,1870.405,8.053000000000111,1879.878,1870.078,9.799999999999955,True,SHORT,2020-12-22 10:45:00,1868.698,True,False,,0.0,1.4355,1.4355,1858.845,2020-12-22 15:57:00,0.0,1868.745,2020-12-22 10:50:00,True,2020-12-22 10:53:00,0.0,0.0,False,,,
GC,2020-12-23,Wednesday,ADR,1867.205,1861.625,5.579999999999927,1867.268,1861.395,5.873000000000047,True,LONG,2020-12-23 00:10:00,1867.641,True,True,False,0.1326,0.0013,0.0925,1867.721,2020-12-23 00:15:00,0.767,1862.925,2020-12-23 01:38:00,False,,0.0,,True,1867.055,2020-12-23 00:17:00,0.0269
GC,2020-12-23,Wednesday,ODR,1869.268,1866.348,2.9200000000000728,1869.628,1864.508,5.119999999999891,True,LONG,2020-12-23 04:05:00,1870.315,False,True,False,1.0103,3.2226,1.0103,1872.218,2020-12-23 04:32:00,4.2226,1856.938,2020-12-23 07:11:00,True,2020-12-23 04:11:00,0.0,4.2226,True,1868.728,2020-12-23 04:53:00,0.1849
GC,2020-12-23,Wednesday,RDR,1877.425,1867.065,10.3599999999999,1878.348,1866.42,11.927999999999884,False,,,,,,,0.0,0.0,,,,,,,False,,,,False,,,
GC,2020-12-24,Thursday,ADR,1876.888,1872.788,4.099999999999909,1877.178,1872.358,4.820000000000164,True,LONG,2020-12-23 21:00:00,1877.738,True,True,True,0.7317,0.0,0.7317,1879.888,2020-12-23 21:31:00,0.7537,1873.798,2020-12-23 22:35:00,True,2020-12-23 21:30:00,0.0,0.7537,True,1876.878,2020-12-23 21:53:00,0.0024
GC,2020-12-24,Thursday,ODR,1879.805,1875.795,4.009999999999991,1880.445,1875.615,4.829999999999927,True,SHORT,2020-12-24 05:25:00,1873.325,True,True,True,0.093,1.207,1.207,1870.955,2020-12-24 05:54:00,0.3516,1877.205,2020-12-24 06:49:00,True,2020-12-24 05:30:00,0.0,0.3516,True,1876.175,2020-12-24 06:39:00,0.0948
GC,2020-12-24,Thursday,RDR,1878.225,1871.498,6.726999999999862,1879.288,1870.908,8.38000000000011,True,LONG,2020-12-24 11:45:00,1879.395,True,True,True,0.779,0.0,0.779,1883.465,2020-12-24 13:20:00,0.0382,1877.968,2020-12-24 12:14:00,True,2020-12-24 13:20:00,0.0382,0.0,True,1878.178,2020-12-24 11:55:00,0.007
GC,2020-12-28,Monday,ADR,1895.148,1885.948,9.199999999999818,1896.528,1885.618,10.910000000000082,True,LONG,2020-12-27 20:50:00,1898.538,False,True,False,0.538,0.95,0.538,1900.098,2020-12-27 21:06:00,1.95,1877.208,2020-12-28 01:30:00,True,2020-12-27 21:05:00,0.0,1.95,True,1894.818,2020-12-27 22:04:00,0.0359
GC,2020-12-28,Monday,ODR,1885.488,1882.505,2.9829999999999472,1886.428,1881.808,4.620000000000118,True,SHORT,2020-12-28 05:25:00,1881.078,True,True,True,0.124,4.5213,4.5213,1869.018,2020-12-28 06:55:00,0.1509,1882.955,2020-12-28 08:29:00,True,2020-12-28 05:30:00,0.0,0.1509,True,1882.618,2020-12-28 08:25:00,0.0379
GC,2020-12-28,Monday,RDR,1894.535,1889.625,4.910000000000082,1896.378,1888.838,7.539999999999964,True,SHORT,2020-12-28 10:35:00,1887.748,True,False,,0.0,3.5031,3.5031,1872.425,2020-12-28 15:58:00,0.0,1888.845,2020-12-28 10:44:00,True,2020-12-28 10:40:00,0.0,0.0,False,,,
GC,2020-12-29,Tuesday,ADR,1880.858,1877.678,3.1799999999998363,1882.538,1877.188,5.349999999999909,True,SHORT,2020-12-28 21:00:00,1875.775,True,True,False,0.3041,0.85,0.85,1874.975,2020-12-28 21:06:00,1.3041,1881.825,2020-12-28 22:17:00,True,2020-12-28 21:05:00,0.0,1.3041,True,1877.798,2020-12-28 21:33:00,0.0377
GC,2020-12-29,Tuesday,ODR,1882.825,1877.665,5.160000000000082,1883.365,1877.425,5.940000000000055,True,SHORT,2020-12-29 05:30:00,1876.145,True,True,False,0.0504,0.6771,0.6603,1874.258,2020-12-29 08:08:00,0.6822,1881.185,2020-12-29 08:23:00,True,2020-12-29 08:05:00,0.4922,0.6822,True,1877.718,2020-12-29 05:54:00,0.0103
GC,2020-12-29,Tuesday,RDR,1880.035,1873.288,6.747000000000071,1880.48,1871.595,8.884999999999991,True,LONG,2020-12-29 11:05:00,1880.565,True,True,False,0.9253,0.0,0.9253,1886.278,2020-12-29 11:32:00,0.5247,1876.495,2020-12-29 14:22:00,True,2020-12-29 11:30:00,0.0677,0.5247,True,1879.868,2020-12-29 11:10:00,0.0248
GC,2020-12-30,Wednesday,ADR,1881.358,1877.705,3.65300000000002,1881.938,1877.625,4.313000000000102,True,LONG,2020-12-29 20:30:00,1882.038,True,True,True,1.2729,0.0,1.2729,1886.008,2020-12-29 23:47:00,0.499,1879.535,2020-12-30 01:21:00,True,2020-12-29 20:38:00,0.0,0.499,True,1881.278,2020-12-30 00:34:00,0.0219
GC,2020-12-30,Wednesday,ODR,1879.885,1877.868,2.0170000000000528,1880.275,1877.425,2.8500000000001364,True,LONG,2020-12-30 08:20:00,1882.485,True,False,,1.8245,0.9435,1.3535,1882.615,2020-12-30 08:25:00,0.0,1880.945,2020-12-30 08:28:00,True,2020-12-30 08:25:00,0.0,0.0,False,,,
GC,2020-12-30,Wednesday,RDR,1887.475,1880.828,6.6469999999999345,1887.968,1880.445,7.523000000000138,True,LONG,2020-12-30 12:35:00,1888.548,True,False,,0.9034,0.0,0.9034,1893.48,2020-12-30 15:59:00,0.0,1887.755,2020-12-30 12:54:00,True,2020-12-30 13:34:00,0.0,0.0,False,,,
GC,2020-12-31,Thursday,ADR,1897.958,1893.878,4.080000000000155,1899.808,1893.498,6.309999999999945,True,SHORT,2020-12-30 21:45:00,1892.818,True,False,,0.1176,2.1005,2.1005,1885.308,2020-12-31 00:13:00,0.0,1892.928,2020-12-30 21:51:00,True,2020-12-30 21:53:00,0.0,0.0,False,,,
GC,2020-12-31,Thursday,ODR,1893.755,1890.958,2.7970000000000255,1894.538,1890.295,4.242999999999938,True,LONG,2020-12-31 04:00:00,1895.174,True,True,True,1.3332,0.0,1.3332,1897.484,2020-12-31 08:29:00,0.976,1891.025,2020-12-31 05:31:00,True,2020-12-31 04:05:00,0.976,0.976,True,1893.618,2020-12-31 04:09:00,0.049
GC,2020-12-31,Thursday,RDR,1898.014,1892.845,5.168999999999869,1898.594,1891.658,6.936000000000149,True,LONG,2020-12-31 10:35:00,1899.984,False,True,True,0.5545,0.5185,0.5545,1900.88,2020-12-31 15:59:00,1.5185,1890.165,2020-12-31 13:19:00,True,2020-12-31 15:56:00,1.5185,0.0,True,1896.978,2020-12-31 10:43:00,0.2004
NQ,2020-01-02,Thursday,ADR,8762.38,8752.2,10.179999999998472,8763.39,8748.77,14.619999999998981,True,LONG,2020-01-01 22:10:00,8763.66,True,True,True,0.5914,0.0324,0.5914,8768.4,2020-01-01 22:53:00,0.2515,8759.82,2020-01-02 00:32:00,True,2020-01-01 22:36:00,0.0,0.2515,True,8761.85,2020-01-02 00:10:00,0.0521
NQ,2020-01-02,Thursday,ODR,8781.91,8770.68,11.229999999999563,8784.87,8769.02,15.850000000000364,True,LONG,2020-01-02 04:00:00,8784.88,True,False,,1.6874,0.0,1.6874,8800.86,2020-01-02 08:25:00,0.0,8783.72,2020-01-02 04:05:00,True,2020-01-02 04:06:00,0.0,0.0,False,,,
NQ,2020-01-02,Thursday,RDR,8825.67,8786.82,38.850000000000364,8829.71,8782.66,47.04999999999927,True,LONG,2020-01-02 14:00:00,8830.18,True,False,,1.1668,0.0656,1.1668,8871.0,2020-01-02 15:59:00,0.0,8828.22,2020-01-02 14:10:00,True,2020-01-02 14:51:00,0.0,0.0,False,,,
NQ,2020-01-03,Friday,ADR,8886.2,8879.85,6.350000000000364,8887.29,8879.4,7.890000000001237,True,SHORT,2020-01-02 20:30:00,8879.08,True,False,,0.0,15.1433,15.1433,8783.69,2020-01-02 22:18:00,0.0,8879.59,2020-01-02 20:35:00,True,2020-01-02 20:36:00,0.0,0.0,False,,,
NQ,2020-01-03,Friday,ODR,8783.71,8773.89,9.819999999999709,8785.59,8760.19,25.399999999999636,True,SHORT,2020-01-03 04:20:00,8759.89,False,True,False,0.4695,5.8758,5.8758,8716.19,2020-01-03 05:57:00,1.4695,8788.32,2020-01-03 08:23:00,True,2020-01-03 04:25:00,0.0,1.4695,True,8774.39,2020-01-03 08:12:00,0.0509
NQ,2020-01-03,Friday,RDR,8819.37,8752.1,67.27000000000044,8822.17,8752.1,70.06999999999971,True,LONG,2020-01-03 12:00:00,8830.25,True,True,False,0.3762,0.0,0.3762,8844.68,2020-01-03 12:51:00,0.3774,8793.98,2020-01-03 15:59:00,False,,0.0,,True,8818.47,2020-01-03 13:35:00,0.0134
NQ,2020-01-06,Monday,ADR,8762.68,8748.82,13.860000000000582,8763.39,8747.44,15.949999999998909,True,SHORT,2020-01-05 20:35:00,8747.39,False,True,False,1.0556,0.4596,0.4596,8742.45,2020-01-05 21:47:00,2.0556,8777.31,2020-01-05 23:28:00,False,,0.3297,,True,8750.0,2020-01-05 21:03:00,0.0851
NQ,2020-01-06,Monday,ODR,8758.97,8709.37,49.599999999998545,8761.72,8708.9,52.81999999999971,False,,,,,,,0.0,0.0744,,,,,,,False,,,,False,,,
NQ,2020-01-06,Monday,RDR,8800.43,8721.48,78.95000000000073,8801.69,8712.49,89.20000000000073,True,LONG,2020-01-06 10:40:00,8808.31,True,True,True,0.6215,0.0,0.6215,8849.5,2020-01-06 15:59:00,0.0602,8795.68,2020-01-06 12:15:00,True,2020-01-06 15:47:00,0.0602,0.0,True,8799.57,2020-01-06 12:03:00,0.0109
NQ,2020-01-07,Tuesday,ADR,8850.2,8840.66,9.540000000000873,8852.16,8839.65,12.510000000000218,True,LONG,2020-01-06 20:40:00,8856.65,True,True,True,2.1499,0.0,2.1499,8870.71,2020-01-06 23:26:00,0.7704,8842.85,2020-01-07 01:21:00,True,2020-01-06 20:45:00,0.0,0.7704,True,8848.65,2020-01-07 01:18:00,0.1625
NQ,2020-01-07,Tuesday,ODR,8867.36,8843.59,23.770000000000437,8875.64,8838.38,37.26000000000022,False,,,,,,,0.0,0.0,,,,,,,False,,,,False,,,
NQ,2020-01-07,Tuesday,RDR,8854.67,8819.71,34.960000000000946,8859.59,8816.84,42.75,True,LONG,2020-01-07 10:55:00,8859.9,True,True,False,0.5017,0.0,0.5017,8872.21,2020-01-07 11:28:00,0.4073,8840.43,2020-01-07 15:54:00,True,2020-01-07 11:27:00,0.0,0.4073,True,8853.12,2020-01-07 11:48:00,0.0443
NQ,2020-01-08,Wednesday,ADR,8709.65,8672.88,36.77000000000044,8715.8,8660.97,54.82999999999993,True,LONG,2020-01-07 20:40:00,8747.09,True,False,,2.8235,0.0,2.8235,8813.47,2020-01-07 21:49:00,0.0,8723.4,2020-01-07 20:57:00,True,2020-01-07 20:45:00,0.0,0.0,False,,,
NQ,2020-01-08,Wednesday,ODR,8816.45,8806.39,10.06000000000131,8825.07,8802.69,22.3799999999992,True,LONG,2020-01-08 05:15:00,8833.02,True,False,,5.4622,0.0,5.4622,8871.4,2020-01-08 08:20:00,0.0,8830.51,2020-01-08 05:27:00,True,2020-01-08 05:20:00,0.0,0.0,False,,,
NQ,2020-01-08,Wednesday,RDR,8876.19,8842.41,33.780000000000655,8880.97,8831.97,49.0,True,LONG,2020-01-08 11:35:00,8898.01,True,False,,2.3031,0.0696,2.3031,8953.99,2020-01-08 15:30:00,0.0,8896.85,2020-01-08 11:40:00,True,2020-01-08 11:40:00,0.0,0.0,False,,,
NQ,2020-01-09,Thursday,ADR,8940.7,8932.89,7.81000000000131,8942.89,8931.98,10.909999999999854,True,SHORT,2020-01-08 20:45:00,8931.1,False,True,False,0.831,2.5211,2.5211,8913.2,2020-01-08 22:18:00,1.831,8947.19,2020-01-09 00:50:00,True,2020-01-08 21:54:00,0.6082,1.831,True,8933.2,2020-01-08 20:50:00,0.0397
NQ,2020-01-09,Thursday,ODR,8972.94,8960.06,12.880000000001019,8974.5,8957.66,16.840000000000146,False,,,,,,,0.2151,0.3401,,,,,,,False,,,,False,,,
NQ,2020-01-09,Thursday,RDR,8997.7,8979.21,18.4900000000016,9003.51,8973.99,29.520000000000437,True,SHORT,2020-01-09 12:20:00,8967.7,True,True,False,0.0703,2.3267,2.3267,8936.19,2020-01-09 12:44:00,0.6214,8990.7,2020-01-09 15:59:00,True,2020-01-09 12:25:00,0.0,0.6214,True,8980.4,2020-01-09 13:51:00,0.0644
NQ,2020-01-10,Friday,ADR,9014.0,9001.64,12.360000000000582,9015.8,9001.64,14.159999999999854,True,LONG,2020-01-09 22:45:00,9016.01,True,False,,0.9725,0.0,0.9725,9026.02,2020-01-10 01:19:00,0.0,9015.65,2020-01-10 00:11:00,True,2020-01-09 22:58:00,0.0,0.0,False,,,
NQ,2020-01-10,Friday,ODR,9021.62,9007.94,13.680000000000291,9022.1,9007.14,14.960000000000946,True,LONG,2020-01-10 04:55:00,9022.68,True,True,True,1.1389,0.0,1.1389,9037.2,2020-01-10 06:31:00,0.4488,9015.48,2020-01-10 08:20:00,True,2020-01-10 06:08:00,0.0731,0.4488,True,9021.2,2020-01-10 05:01:00,0.0307
NQ,2020-01-10,Friday,RDR,9021.94,8993.19,28.75,9024.64,8987.7,36.93999999999869,True,SHORT,2020-01-10 12:05:00,8978.19,True,True,True,0.1203,1.4835,1.4835,8950.54,2020-01-10 15:43:00,0.3548,9003.39,2020-01-10 13:15:00,True,2020-01-10 12:10:00,0.3548,0.3548,True,8994.19,2020-01-10 12:46:00,0.0348
NQ,2020-01-13,Monday,ADR,8992.89,8969.38,23.51000000000022,8995.9,8968.59,27.30999999999949,True,LONG,2020-01-12 22:05:00,8996.2,True,True,False,0.3063,0.0,0.3063,9000.09,2020-01-13 01:05:00,0.0872,8990.84,2020-01-13 01:59:00,False,,0.0634,,True,8992.21,2020-01-12 22:22:00,0.0289
NQ,2020-01-13,Monday,ODR,9003.13,8992.34,10.789999999999054,9005.39,8991.37,14.019999999998618,True,LONG,2020-01-13 04:50:00,9006.18,False,True,True,0.6265,0.2901,0.6265,9009.89,2020-01-13 05:49:00,1.2901,8989.21,2020-01-13 07:00:00,True,2020-01-13 04:58:00,0.0241,1.2901,True,9002.89,2020-01-13 05:18:00,0.0222
NQ,2020-01-13,Monday,RDR,9017.13,9000.0,17.1299999999992,9020.9,8987.83,33.06999999999971,True,LONG,2020-01-13 11:00:00,9021.6,True,False,,3.1506,0.0,3.1506,9071.1,2020-01-13 15:59:00,0.0,9017.88,2020-01-13 11:11:00,True,2020-01-13 11:16:00,0.0,0.0,False,,,
NQ,2020-01-14,Tuesday,ADR,9095.49,9085.59,9.899999999999636,9097.82,9084.2,13.619999999998981,True,SHORT,2020-01-13 20:30:00,9084.15,True,True,True,0.0,2.3192,2.3192,9062.63,2020-01-13 22:50:00,0.2838,9088.4,2020-01-13 21:43:00,True,2020-01-13 21:10:00,0.2838,0.2838,True,9085.82,2020-01-13 20:43:00,0.0232
NQ,2020-01-14,Tuesday,ODR,9055.92,9026.37,29.549999999999272,9055.92,9025.09,30.829999999999927,True,LONG,2020-01-14 04:15:00,9057.85,True,True,True,0.8081,0.0,0.8081,9079.8,2020-01-14 05:13:00,0.3841,9044.57,2020-01-14 06:13:00,True,2020-01-14 04:35:00,0.0118,0.3841,True,9055.57,2020-01-14 04:22:00,0.0118
NQ,2020-01-14,Tuesday,RDR,9060.08,9025.6,34.47999999999956,9070.32,9019.66,50.659999999999854,True,LONG,2020-01-14 12:35:00,9072.67,True,True,False,0.569,0.1726,0.569,9079.7,2020-01-14 13:33:00,1.1726,9019.65,2020-01-14 14:13:00,True,2020-01-14 13:31:00,0.0,1.1726,True,9050.87,2020-01-14 13:36:00,0.2671
NQ,2020-01-15,Wednesday,ADR,9029.85,9018.23,11.6200000000008,9031.6,9014.76,16.840000000000146,True,LONG,2020-01-14 20:35:00,9037.71,False,True,False,0.821,0.6411,0.7565,9038.64,2020-01-14 20:40:00,1.6411,9010.78,2020-01-14 22:06:00,True,2020-01-14 20:40:00,0.0,1.6411,True,9028.77,2020-01-14 21:02:00,0.0929
NQ,2020-01-15,Wednesday,ODR,9040.6,9025.98,14.6200000000008,9042.1,9023.81,18.290000000000873,True,LONG,2020-01-15 06:45:00,9042.51,True,True,True,1.1491,0.0,1.1491,9057.4,2020-01-15 07:54:00,0.0896,9039.29,2020-01-15 07:24:00,True,2020-01-15 07:16:00,0.0896,0.0896,True,9040.47,2020-01-15 06:51:00,0.0089
NQ,2020-01-15,Wednesday,RDR,9072.62,9037.22,35.400000000001455,9075.4,9034.92,40.47999999999956,True,LONG,2020-01-15 10:55:00,9078.87,False,True,False,0.2006,0.8511,0.1862,9079.21,2020-01-15 11:00:00,1.8511,9007.09,2020-01-15 15:33:00,False,,0.0,,True,9067.86,2020-01-15 11:01:00,0.1345
NQ,2020-01-16,Thursday,ADR,9055.36,9050.39,4.970000000001164,9057.19,9050.39,6.800000000001091,True,SHORT,2020-01-15 20:30:00,9048.1,False,True,False,2.2233,0.7062,0.7062,9046.88,2020-01-15 20:36:00,3.2233,9066.41,2020-01-16 01:59:00,True,2020-01-15 20:35:00,0.0,3.2233,True,9050.9,2020-01-15 20:41:00,0.1026
NQ,2020-01-16,Thursday,ODR,9087.29,9065.0,22.290000000000873,9092.61,9064.3,28.31000000000131,False,,,,,,,0.0,0.0,,,,,,,False,,,,False,,,
NQ,2020-01-16,Thursday,RDR,9100.9,9077.96,22.94000000000051,9103.395,9072.41,30.985000000000582,True,SHORT,2020-01-16 11:10:00,9071.9,False,True,False,1.0811,0.667,0.667,9062.66,2020-01-16 11:16:00,2.0811,9125.7,2020-01-16 15:59:00,True,2020-01-16 11:16:00,0.0,2.0811,True,9078.67,2020-01-16 11:36:00,0.031
NQ,2020-01-17,Friday,ADR,9132.88,9127.53,5.349999999998545,9134.5,9127.3,7.200000000000728,True,SHORT,2020-01-16 20:35:00,9123.8,False,True,True,0.3215,1.3421,1.3421,9120.35,2020-01-17 00:00:00,1.3215,9134.6,2020-01-16 21:15:00,True,2020-01-16 20:40:00,1.3215,1.3215,True,9132.01,2020-01-16 21:00:00,0.8374
NQ,2020-01-17,Friday,ODR,9146.91,9131.93,14.979999999999563,9148.91,9131.42,17.48999999999978,True,LONG,2020-01-17 04:50:00,9151.35,True,True,True,0.7623,0.0,0.7623,9158.33,2020-01-17 05:18:00,0.024,9146.55,2020-01-17 07:43:00,True,2020-01-17 05:11:00,0.0,0.024,True,9146.55,2020-01-17 07:43:00,0.024
NQ,2020-01-17,Friday,RDR,9161.9,9132.41,29.48999999999978,9164.38,9127.02,37.35999999999876,True,SHORT,2020-01-17 11:10:00,9117.92,False,True,False,0.4951,0.5212,0.5212,9117.04,2020-01-17 11:25:00,1.4951,9176.5,2020-01-17 15:57:00,True,2020-01-17 11:19:00,0.0,1.4951,True,9133.01,2020-01-17 11:39:00,0.0203
NQ,2020-01-20,Monday,ADR,9170.89,9163.93,6.959999999999127,9171.59,9162.74,8.850000000000364,False,,,,,,,0.0,0.2083,,,,,,,False,,,,False,,,
NQ,2020-01-20,Monday,ODR,9155.32,9148.75,6.569999999999709,9156.4,9147.68,8.719999999999345,True,LONG,2020-01-20 06:55:00,9157.91,True,True,False,0.589,0.3501,0.589,9159.19,2020-01-20 07:00:00,0.9209,9149.27,2020-01-20 08:06:00,True,2020-01-20 07:00:00,0.0,0.9209,True,9154.77,2020-01-20 07:17:00,0.0837
NQ,2020-01-20,Monday,RDR,9158.97,9153.26,5.709999999999127,9160.01,9150.94,9.069999999999709,True,LONG,2020-01-20 11:30:00,9160.76,True,True,True,1.0035,0.7461,1.0035,9164.7,2020-01-20 12:09:00,0.0,9158.97,2020-01-20 11:37:00,True,2020-01-20 12:00:00,0.0,0.0,True,9158.97,2020-01-20 11:37:00,0.0
NQ,2020-01-21,Tuesday,ADR,9158.8,9125.88,32.92000000000007,9159.28,9121.2,38.07999999999993,True,SHORT,2020-01-20 20:50:00,9118.69,True,True,True,0.0,0.664,0.664,9104.02,2020-01-21 01:44:00,0.034,9127.0,2020-01-20 21:04:00,True,2020-01-20 21:35:00,0.034,0.0,True,9126.73,2020-01-20 21:03:00,0.0258
NQ,2020-01-21,Tuesday,ODR,9124.23,9105.97,18.26000000000022,9124.8,9101.3,23.5,True,LONG,2020-01-21 06:55:00,9125.22,True,True,True,0.5022,0.0,0.5022,9133.4,2020-01-21 08:29:00,0.0416,9123.47,2020-01-21 07:46:00,True,2020-01-21 08:29:00,0.0416,0.0,True,9123.82,2020-01-21 07:19:00,0.0225
NQ,2020-01-21,Tuesday,RDR,9167.28,9140.49,26.790000000000873,9169.52,9139.32,30.200000000000728,True,LONG,2020-01-21 11:10:00,9173.39,True,True,True,0.7514,0.0105,0.7514,9187.41,2020-01-21 11:40:00,1.0105,9140.21,2020-01-21 14:01:00,True,2020-01-21 11:31:00,0.0,1.0105,True,9166.67,2020-01-21 13:18:00,0.0228
NQ,2020-01-22,Wednesday,ADR,9180.31,9170.76,9.549999999999272,9180.7,9170.59,10.110000000000582,True,LONG,2020-01-21 21:15:00,9184.82,True,False,,4.5539,0.0,4.5539,9223.8,2020-01-22 01:06:00,0.0,9184.54,2020-01-21 21:20:00,True,2020-01-21 21:20:00,0.0,0.0,False,,,
NQ,2020-01-22,Wednesday,ODR,9220.45,9209.12,11.329999999999927,9222.0,9208.59,13.409999999999854,True,SHORT,2020-01-22 04:10:00,9207.8,False,True,False,0.5605,0.5146,0.5146,9203.29,2020-01-22 04:15:00,1.5605,9226.8,2020-01-22 07:32:00,True,2020-01-22 04:15:00,0.0,1.5605,True,9209.69,2020-01-22 04:16:00,0.0503
NQ,2020-01-22,Wednesday,RDR,9230.59,9209.31,21.280000000000655,9232.82,9199.28,33.539999999999054,True,LONG,2020-01-22 10:35:00,9236.21,False,True,False,0.5456,1.4793,0.5456,9242.2,2020-01-22 10:43:00,2.4793,9177.83,2020-01-22 15:24:00,True,2020-01-22 10:43:00,0.0,2.4793,True,9229.18,2020-01-22 10:55:00,0.0663
NQ,2020-01-23,Thursday,ADR,9186.36,9170.29,16.06999999999971,9188.29,9170.29,18.0,True,LONG,2020-01-22 20:45:00,9189.61,False,True,False,0.5993,0.5756,0.5993,9195.99,2020-01-22 21:08:00,1.5756,9161.04,2020-01-23 00:26:00,True,2020-01-22 21:04:00,0.079,1.5756,True,9185.91,2020-01-22 20:53:00,0.028
NQ,2020-01-23,Thursday,ODR,9187.28,9175.88,11.400000000001455,9190.6,9174.92,15.680000000000291,True,LONG,2020-01-23 05:35:00,9190.61,False,True,False,0.9228,0.2684,0.9228,9197.8,2020-01-23 07:08:00,1.2684,9172.82,2020-01-23 08:15:00,True,2020-01-23 05:58:00,0.1956,1.2684,True,9187.12,2020-01-23 06:22:00,0.014
NQ,2020-01-23,Thursday,RDR,9193.1,9147.79,45.30999999999949,9194.51,9139.86,54.649999999999636,True,LONG,2020-01-23 10:30:00,9197.31,True,True,True,0.6753,0.0,0.6753,9223.7,2020-01-23 15:50:00,0.6069,9165.6,2020-01-23 11:12:00,True,2020-01-23 14:59:00,0.6069,0.0,True,9192.33,2020-01-23 10:38:00,0.017
NQ,2020-01-24,Friday,ADR,9256.64,9247.72,8.920000000000073,9257.63,9247.0,10.6299999999992,True,SHORT,2020-01-23 20:45:00,9244.2,False,True,False,0.3184,0.5841,0.5146,9243.13,2020-01-23 20:50:00,1.3184,9259.48,2020-01-23 23:43:00,True,2020-01-23 20:50:00,0.0,1.3184,True,9248.59,2020-01-23 20:51:00,0.0975
NQ,2020-01-24,Friday,ODR,9274.19,9249.67,24.520000000000437,9276.69,9247.0,29.69000000000051,False,,,,,,,0.0538,0.0,,,,,,,False,,,,False,,,
NQ,2020-01-24,Friday,RDR,9262.21,9223.47,38.73999999999978,9273.2,9222.51,50.69000000000051,True,SHORT,2020-01-24 11:20:00,9212.01,True,False,,0.0,3.1967,3.1967,9099.63,2020-01-24 14:24:00,0.0,9221.94,2020-01-24 11:37:00,True,2020-01-24 11:42:00,0.0,0.0,False,,,
NQ,2020-01-27,Monday,ADR,9034.69,9018.21,16.480000000001382,9035.02,9010.22,24.80000000000109,True,SHORT,2020-01-26 21:15:00,9010.04,True,True,False,0.0,1.4672,1.4672,8994.03,2020-01-26 21:34:00,0.7269,9030.19,2020-01-26 22:44:00,True,2020-01-26 21:26:00,0.0,0.7269,True,9022.09,2020-01-26 22:11:00,0.2354
NQ,2020-01-27,Monday,ODR,9040.8,9018.91,21.889999999999418,9043.19,9010.52,32.67000000000007,True,SHORT,2020-01-27 04:10:00,9010.15,True,False,,0.0,3.9836,3.9836,8931.71,2020-01-27 06:00:00,0.0,9010.93,2020-01-27 04:15:00,True,2020-01-27 04:15:00,0.0,0.0,False,,,
NQ,2020-01-27,Monday,RDR,8979.41,8935.59,43.81999999999971,8983.89,8916.22,67.67000000000007,True,LONG,2020-01-27 12:15:00,8984.61,True,True,False,0.4861,0.0434,0.4861,9000.71,2020-01-27 12:48:00,0.7919,8944.71,2020-01-27 15:51:00,False,,0.0,,True,8978.42,2020-01-27 13:09:00,0.0226
NQ,2020-01-28,Tuesday,ADR,8987.96,8957.9,30.05999999999949,8988.4,8954.02,34.3799999999992,True,LONG,2020-01-27 23:20:00,8989.9,True,False,,1.3586,0.0,1.3586,9028.8,2020-01-28 01:38:00,0.0,8989.15,2020-01-27 23:28:00,True,2020-01-28 00:30:00,0.0,0.0,False,,,
NQ,2020-01-28,Tuesday,ODR,9022.88,8989.5,33.3799999999992,9024.59,8986.62,37.969999999999345,True,SHORT,2020-01-28 04:00:00,8971.21,False,True,False,0.1714,0.7789,0.7789,8963.5,2020-01-28 04:06:00,1.1714,9028.6,2020-01-28 07:49:00,True,2020-01-28 04:05:00,0.0,1.1714,True,8991.8,2020-01-28 05:10:00,0.0689
NQ,2020-01-28,Tuesday,RDR,9040.68,8997.01,43.67000000000007,9047.6,8991.42,56.18000000000029,True,LONG,2020-01-28 10:30:00,9051.97,True,False,,1.6146,0.0,1.6146,9111.19,2020-01-28 15:30:00,0.0,9048.05,2020-01-28 10:35:00,True,2020-01-28 10:42:00,0.0,0.0,False,,,
NQ,2020-01-29,Wednesday,ADR,9116.42,9084.95,31.469999999999345,9118.91,9084.21,34.70000000000073,True,LONG,2020-01-28 20:35:00,9126.02,True,False,,0.8033,0.0,0.8033,9141.7,2020-01-28 22:18:00,0.0,9119.38,2020-01-29 01:59:00,True,2020-01-28 20:43:00,0.0,0.0,False,,,
NQ,2020-01-29,Wednesday,ODR,9131.59,9109.19,22.399999999999636,9132.9,9106.99,25.909999999999854,True,LONG,2020-01-29 05:50:00,9133.83,True,True,True,0.7058,0.0,0.7058,9147.4,2020-01-29 07:06:00,0.0281,9130.96,2020-01-29 06:33:00,True,2020-01-29 06:59:00,0.0281,0.0,True,9131.43,2020-01-29 05:56:00,0.0071
NQ,2020-01-29,Wednesday,RDR,9140.98,9070.98,70.0,9150.41,9063.85,86.55999999999949,False,,,,,,,0.1574,0.0,,,,,,,False,,,,False,,,
NQ,2020-01-30,Thursday,ADR,9101.27,9083.73,17.540000000000873,9101.59,9082.86,18.729999999999563,True,SHORT,2020-01-29 21:10:00,9080.08,True,False,,0.1157,2.8444,2.8444,9033.84,2020-01-30 00:19:00,0.0,9080.39,2020-01-29 21:15:00,True,2020-01-29 21:18:00,0.0,0.0,False,,,
NQ,2020-01-30,Thursday,ODR,9029.1,9006.38,22.720000000001164,9030.08,8997.38,32.70000000000073,True,LONG,2020-01-30 04:05:00,9039.59,True,True,True,1.3697,0.0,1.3697,9060.22,2020-01-30 04:24:00,0.8904,9008.87,2020-01-30 06:26:00,True,2020-01-30 04:17:00,0.0,0.8904,True,9028.39,2020-01-30 05:30:00,0.0313
NQ,2020-01-30,Thursday,RDR,9103.39,9042.65,60.73999999999978,9106.4,9036.4,70.0,True,SHORT,2020-01-30 10:50:00,9026.2,False,True,False,0.6141,0.423,0.423,9016.96,2020-01-30 11:00:00,1.6141,9140.69,2020-01-30 15:59:00,False,,0.0,,True,9046.32,2020-01-30 11:11:00,0.0604
NQ,2020-01-31,Friday,ADR,9237.6,9198.32,39.280000000000655,9240.17,9198.2,41.969999999999345,False,,,,,,,0.0,0.0,,,,,,,False,,,,False,,,
NQ,2020-01-31,Friday,ODR,9188.2,9171.59,16.610000000000582,9189.7,9168.79,20.909999999999854,True,SHORT,2020-01-31 04:30:00,9168.3,False,True,False,0.162,2.5166,2.5166,9129.79,2020-01-31 05:35:00,1.162,9190.89,2020-01-31 07:43:00,True,2020-01-31 04:37:00,0.0379,1.162,True,9172.22,2020-01-31 05:08:00,0.0379
NQ,2020-01-31,Friday,RDR,9171.48,9061.71,109.77000000000044,9176.25,9061.71,114.54000000000087,True,SHORT,2020-01-31 10:40:00,9058.0,True,True,True,0.0,0.9193,0.9193,8960.8,2020-01-31 15:43:00,0.0821,9070.72,2020-01-31 11:04:00,True,2020-01-31 13:32:00,0.0821,0.0,True,9064.5,2020-01-31 10:45:00,0.0254
NQ,2020-02-03,Monday,ADR,9044.61,9021.23,23.38000000000102,9058.0,9019.08,38.92000000000007,True,LONG,2020-02-02 20:35:00,9061.6,True,True,True,1.7023,0.0,1.7023,9084.41,2020-02-02 21:01:00,0.009,9044.4,2020-02-02 22:04:00,True,2020-02-02 20:40:00,0.0,0.009,True,9044.4,2020-02-02 22:04:00,0.009
NQ,2020-02-03,Monday,ODR,9067.58,9032.09,35.48999999999978,9070.6,9028.4,42.20000000000073,True,SHORT,2020-02-03 04:55:00,9026.26,True,True,False,0.0,0.3829,0.3829,9018.5,2020-02-03 05:05:00,0.9304,9065.11,2020-02-03 08:28:00,False,,0.0,,True,9033.89,2020-02-03 05:11:00,0.0507
NQ,2020-02-03,Monday,RDR,9147.67,9033.63,114.04000000000087,9148.09,9029.42,118.67000000000007,False,,,,,,,0.0151,0.0,,,,,,,False,,,,False,,,
NQ,2020-02-04,Tuesday,ADR,9132.67,9095.2,37.469999999999345,9138.3,9093.79,44.5099999999984,True,LONG,2020-02-03 20:35:00,9142.95,True,True,True,1.5196,0.0,1.5196,9189.61,2020-02-04 01:55:00,0.1342,9127.64,2020-02-03 21:46:00,True,2020-02-03 22:35:00,0.1342,0.0,True,9129.77,2020-02-03 21:21:00,0.0774
NQ,2020-02-04,Tuesday,ODR,9217.69,9179.8,37.89000000000124,9220.1,9174.9,45.20000000000073,True,LONG,2020-02-04 04:45:00,9223.7,True,True,True,0.9161,0.0,0.9161,9252.4,2020-02-04 08:28:00,0.2383,9208.66,2020-02-04 06:05:00,True,2020-02-04 07:30:00,0.2383,0.0,True,9216.8,2020-02-04 05:21:00,0.0235
NQ,2020-02-04,Tuesday,RDR,9272.71,9222.49,50.219999999999345,9274.02,9220.41,53.61000000000058,True,LONG,2020-02-04 10:35:00,9281.54,True,False,,1.5868,0.0,1.5868,9352.4,2020-02-04 15:31:00,0.0,9274.39,2020-02-04 10:57:00,True,2020-02-04 11:21:00,0.0,0.0,False,,,
NQ,2020-02-05,Wednesday,ADR,9327.4,9315.61,11.789999999999054,9330.79,9314.43,16.360000000000582,True,SHORT,2020-02-04 20:30:00,9312.74,False,True,False,1.3673,0.4555,0.4555,9310.24,2020-02-04 20:35:00,2.3673,9343.52,2020-02-04 20:56:00,False,,0.0,,True,9318.8,2020-02-04 20:37:00,0.2706
NQ,2020-02-05,Wednesday,ODR,9400.47,9325.31,75.15999999999985,9411.21,9322.2,89.0099999999984,True,LONG,2020-02-05 04:20:00,9421.2,True,False,,0.7045,0.0,0.7045,9453.42,2020-02-05 04:52:00,0.0,9411.68,2020-02-05 06:38:00,True,2020-02-05 04:34:00,0.0,0.0,False,,,
NQ,2020-02-05,Wednesday,RDR,9448.2,9345.94,102.26000000000022,9448.2,9335.94,112.26000000000022,True,SHORT,2020-02-05 10:35:00,9323.3,True,True,False,0.0,0.3406,0.3406,9311.11,2020-02-05 10:41:00,0.4699,9393.99,2020-02-05 15:05:00,False,,0.0,,True,9346.09,2020-02-05 10:57:00,0.0015
NQ,2020-02-06,Thursday,ADR,9411.87,9368.72,43.150000000001455,9416.81,9366.28,50.529999999998836,True,LONG,2020-02-05 22:00:00,9418.09,True,True,True,0.8971,0.0,0.8971,9450.58,2020-02-06 01:29:00,0.1244,9406.5,2020-02-05 22:30:00,True,2020-02-05 23:52:00,0.1244,0.0,True,9409.86,2020-02-05 22:17:00,0.0466
NQ,2020-02-06,Thursday,ODR,9438.6,9423.83,14.770000000000437,9441.82,9422.07,19.75,True,SHORT,2020-02-06 04:20:00,9406.8,True,True,True,0.0,2.2248,2.2248,9390.97,2020-02-06 05:59:00,0.1699,9426.34,2020-02-06 07:01:00,True,2020-02-06 04:25:00,0.0,0.1699,True,9424.69,2020-02-06 06:57:00,0.0582
NQ,2020-02-06,Thursday,RDR,9405.34,9365.3,40.04000000000087,9409.36,9354.02,55.340000000000146,True,LONG,2020-02-06 10:45:00,9409.37,True,True,True,1.0752,0.0,1.0752,9448.39,2020-02-06 15:59:00,0.1011,9401.29,2020-02-06 10:55:00,True,2020-02-06 11:11:00,0.1011,0.0,True,9403.31,2020-02-06 10:53:00,0.0507
NQ,2020-02-07,Friday,ADR,9450.6,9416.69,33.909999999999854,9450.62,9413.14,37.48000000000138,True,LONG,2020-02-07 01:25:00,9451.16,True,True,False,0.0764,0.0342,0.0413,9452.0,2020-02-07 01:30:00,0.2633,9441.67,2020-02-07 01:39:00,False,,0.0873,,True,9447.64,2020-02-07 01:30:00,0.0873
NQ,2020-02-07,Friday,ODR,9438.12,9427.67,10.450000000000728,9439.0,9422.82,16.18000000000029,True,SHORT,2020-02-07 04:40:00,9421.49,True,True,True,0.0,4.1301,4.1301,9384.51,2020-02-07 06:01:00,0.1751,9429.5,2020-02-07 08:29:00,True,2020-02-07 04:45:00,0.0,0.1751,True,9428.89,2020-02-07 08:28:00,0.1167
NQ,2020-02-07,Friday,RDR,9411.21,9380.79,30.419999999998254,9414.42,9375.5,38.92000000000007,True,LONG,2020-02-07 10:35:00,9417.7,False,True,False,1.4096,0.1394,1.4096,9454.09,2020-02-07 11:32:00,1.1394,9376.55,2020-02-07 14:22:00,True,2020-02-07 10:43:00,0.0434,1.1394,True,9409.89,2020-02-07 11:01:00,0.0434
NQ,2020-02-10,Monday,ADR,9374.31,9355.28,19.029999999998836,9378.08,9350.92,27.159999999999854,True,LONG,2020-02-09 20:30:00,9380.28,True,False,,2.8734,0.0,2.8734,9428.99,2020-02-09 21:34:00,0.0,9377.94,2020-02-09 20:35:00,True,2020-02-09 20:35:00,0.0,0.0,False,,,
NQ,2020-02-10,Monday,ODR,9413.82,9380.95,32.86999999999898,9414.9,9373.51,41.38999999999942,True,LONG,2020-02-10 06:25:00,9415.25,True,True,False,0.1731,0.0,0.118,9417.7,2020-02-10 06:41:00,0.9389,9382.96,2020-02-10 08:06:00,False,,0.1305,,True,9413.44,2020-02-10 06:30:00,0.0116
NQ,2020-02-10,Monday,RDR,9451.81,9369.98,81.82999999999993,9452.8,9368.9,83.89999999999964,True,LONG,2020-02-10 10:30:00,9456.03,True,True,True,0.7868,0.0,0.7868,9516.19,2020-02-10 15:59:00,0.0843,9444.91,2020-02-10 11:14:00,True,2020-02-10 15:10:00,0.0843,0.0,True,9451.65,2020-02-10 10:55:00,0.002
NQ,2020-02-11,Tuesday,ADR,9551.9,9528.71,23.19000000000051,9552.7,9525.96,26.7400000000016,True,LONG,2020-02-10 20:45:00,9557.9,True,False,,0.8624,0.0,0.8624,9571.9,2020-02-10 21:30:00,0.0,9555.69,2020-02-10 23:29:00,True,2020-02-10 21:11:00,0.0,0.0,False,,,
NQ,2020-02-11,Tuesday,ODR,9555.89,9544.85,11.039999999999054,9557.21,9542.0,15.209999999999127,True,SHORT,2020-02-11 04:00:00,9540.47,False,True,False,0.7246,0.8551,0.8551,9535.41,2020-02-11 04:13:00,1.7246,9563.89,2020-02-11 07:29:00,True,2020-02-11 04:05:00,0.0,1.7246,True,9549.16,2020-02-11 04:30:00,0.3904
NQ,2020-02-11,Tuesday,RDR,9587.0,9534.12,52.8799999999992,9588.1,9529.45,58.649999999999636,True,LONG,2020-02-11 10:35:00,9589.22,False,True,False,0.2513,0.7697,0.2513,9600.29,2020-02-11 10:41:00,1.7697,9493.42,2020-02-11 15:19:00,False,,0.0,,True,9586.61,2020-02-11 10:57:00,0.0074
NQ,2020-02-12,Wednesday,ADR,9534.51,9515.91,18.600000000000364,9535.26,9515.25,20.01000000000022,True,LONG,2020-02-11 22:25:00,9536.88,True,False,,1.3925,0.0,1.3925,9560.41,2020-02-12 01:11:00,0.0,9536.57,2020-02-11 22:30:00,True,2020-02-11 22:54:00,0.0,0.0,False,,,
NQ,2020-02-12,Wednesday,ODR,9569.7,9546.12,23.579999999999927,9575.41,9544.95,30.459999999999127,False,,,,,,,0.1018,0.0,,,,,,,False,,,,False,,,
NQ,2020-02-12,Wednesday,RDR,9590.34,9557.91,32.43000000000029,9595.77,9551.44,44.32999999999993,True,LONG,2020-02-12 11:25:00,9595.85,True,True,True,0.7573,0.0934,0.7573,9614.9,2020-02-12 15:54:00,0.152,9585.41,2020-02-12 11:45:00,True,2020-02-12 12:32:00,0.152,0.0993,True,9588.14,2020-02-12 11:42:00,0.0678
NQ,2020-02-13,Thursday,ADR,9583.32,9563.7,19.61999999999898,9588.11,9561.85,26.26000000000022,False,,,,,,,0.213,0.1116,,,,,,,False,,,,False,,,
NQ,2020-02-13,Thursday,ODR,9563.29,9552.61,10.680000000000291,9564.91,9551.41,13.5,True,SHORT,2020-02-13 04:05:00,9546.87,True,True,True,0.0,4.8699,4.8699,9500.6,2020-02-13 05:11:00,0.1582,9554.3,2020-02-13 04:12:00,True,2020-02-13 04:10:00,0.1582,0.1582,True,9554.19,2020-02-13 04:11:00,0.1479
NQ,2020-02-13,Thursday,RDR,9580.08,9538.82,41.26000000000022,9582.43,9529.48,52.95000000000073,True,LONG,2020-02-13 10:40:00,9585.99,True,False,,1.3505,0.0,1.3505,9635.8,2020-02-13 14:04:00,0.0,9584.8,2020-02-13 10:45:00,True,2020-02-13 10:59:00,0.0,0.0,False,,,
NQ,2020-02-14,Friday,ADR,9612.48,9596.69,15.789999999999054,9616.18,9594.81,21.3700000000008,True,LONG,2020-02-13 20:35:00,9622.77,True,False,,2.3623,0.0,2.3623,9649.78,2020-02-13 22:02:00,0.0,9615.46,2020-02-13 21:10:00,True,2020-02-13 20:40:00,0.0,0.0,False,,,
NQ,2020-02-14,Friday,ODR,9632.31,9623.8,8.510000000000218,9634.82,9622.3,12.520000000000437,True,SHORT,2020-02-14 04:00:00,9620.95,False,True,False,0.8801,0.8966,0.8966,9616.17,2020-02-14 04:08:00,1.8801,9639.8,2020-02-14 07:57:00,True,2020-02-14 04:05:00,0.0,1.8801,True,9626.3,2020-02-14 04:18:00,0.2938
NQ,2020-02-14,Friday,RDR,9629.99,9592.08,37.909999999999854,9631.59,9585.26,46.32999999999993,True,SHORT,2020-02-14 14:15:00,9584.23,True,True,False,0.087,0.2994,0.2205,9583.72,2020-02-14 14:20:00,0.7813,9621.7,2020-02-14 15:58:00,False,,0.0,,True,9595.72,2020-02-14 14:23:00,0.096
NQ,2020-02-17,Monday,ADR,9653.55,9646.15,7.399999999999636,9656.25,9643.72,12.530000000000655,True,LONG,2020-02-16 20:30:00,9657.54,True,False,,3.3041,0.0,3.3041,9678.0,2020-02-17 01:19:00,0.0,9654.58,2020-02-16 20:36:00,True,2020-02-16 20:35:00,0.0,0.0,False,,,
NQ,2020-02-17,Monday,ODR,9669.58,9659.12,10.459999999999127,9671.98,9657.02,14.959999999999127,True,SHORT,2020-02-17 07:30:00,9654.16,True,True,True,0.0,0.6281,0.6281,9652.55,2020-02-17 07:36:00,0.1023,9660.19,2020-02-17 07:40:00,True,2020-02-17 07:35:00,0.0,0.1023,True,9660.19,2020-02-17 07:40:00,0.1023
NQ,2020-02-17,Monday,RDR,9655.41,9647.92,7.489999999999782,9656.2,9647.58,8.6200000000008,True,LONG,2020-02-17 11:00:00,9656.29,True,True,True,0.7116,0.0,0.7116,9660.74,2020-02-17 12:55:00,0.2203,9653.76,2020-02-17 12:30:00,True,2020-02-17 11:40:00,0.2203,0.2203,True,9655.28,2020-02-17 11:06:00,0.0174
NQ,2020-02-18,Tuesday,ADR,9589.12,9570.47,18.650000000001455,9589.62,9569.07,20.55000000000109,True,SHORT,2020-02-17 21:45:00,9565.2,True,False,,0.0,0.8284,0.8284,9555.02,2020-02-17 21:58:00,0.0,9569.7,2020-02-17 23:58:00,True,2020-02-17 21:53:00,0.0,0.0,False,,,
NQ,2020-02-18,Tuesday,ODR,9550.5,9528.21,22.290000000000873,9554.0,9527.75,26.25,True,SHORT,2020-02-18 04:10:00,9527.65,False,True,False,1.0453,0.0956,0.0956,9526.08,2020-02-18 04:15:00,2.0453,9573.8,2020-02-18 08:24:00,False,,0.1673,,True,9531.94,2020-02-18 04:15:00,0.1673
NQ,2020-02-18,Tuesday,RDR,9617.1,9573.79,43.30999999999949,9619.03,9566.59,52.44000000000051,True,LONG,2020-02-18 14:20:00,9625.83,True,False,,0.6878,0.0727,0.6878,9646.89,2020-02-18 15:15:00,0.0,9621.96,2020-02-18 15:51:00,True,2020-02-18 14:51:00,0.0,0.0,False,,,
NQ,2020-02-19,Wednesday,ADR,9655.29,9637.52,17.770000000000437,9655.4,9636.28,19.11999999999898,True,LONG,2020-02-18 21:10:00,9656.28,True,True,False,0.6252,0.0411,0.6252,9666.4,2020-02-18 22:54:00,0.3005,9649.95,2020-02-19 01:51:00,True,2020-02-18 22:24:00,0.2808,0.3005,True,9654.78,2020-02-18 21:31:00,0.0287
NQ,2020-02-19,Wednesday,ODR,9661.0,9644.11,16.889999999999418,9661.0,9641.05,19.950000000000728,True,LONG,2020-02-19 07:10:00,9663.6,True,True,True,0.807,0.0,0.807,9674.63,2020-02-19 07:58:00,0.0894,9659.49,2020-02-19 07:26:00,True,2020-02-19 07:53:00,0.0894,0.0,True,9660.31,2020-02-19 07:24:00,0.0409
NQ,2020-02-19,Wednesday,RDR,9711.93,9680.07,31.860000000000582,9712.81,9671.31,41.5,True,LONG,2020-02-19 11:00:00,9718.11,True,True,True,0.8183,0.0,0.8183,9738.0,2020-02-19 14:44:00,0.0691,9709.73,2020-02-19 15:50:00,True,2020-02-19 11:38:00,0.0,0.0691,True,9711.51,2020-02-19 15:49:00,0.0132
NQ,2020-02-20,Thursday,ADR,9747.97,9743.14,4.829999999999927,9749.53,9742.75,6.780000000000655,True,SHORT,2020-02-19 20:30:00,9737.4,True,True,True,0.1014,14.0642,14.0642,9675.21,2020-02-19 23:00:00,0.0145,9743.21,2020-02-19 20:42:00,True,2020-02-19 20:35:00,0.0145,0.0145,True,9743.21,2020-02-19 20:42:00,0.0145
NQ,2020-02-20,Thursday,ODR,9728.57,9699.63,28.94000000000051,9729.19,9696.77,32.42000000000007,True,SHORT,2020-02-20 06:55:00,9694.44,True,True,True,0.0,0.2616,0.2215,9693.22,2020-02-20 07:00:00,0.2543,9706.99,2020-02-20 08:19:00,False,,0.0,,True,9700.29,2020-02-20 07:04:00,0.0228
NQ,2020-02-20,Thursday,RDR,9709.06,9688.07,20.98999999999978,9715.3,9675.81,39.48999999999978,True,SHORT,2020-02-20 11:10:00,9651.52,True,False,,0.0,8.6131,8.6131,9507.28,2020-02-20 11:32:00,0.0,9651.61,2020-02-20 11:15:00,True,2020-02-20 11:15:00,0.0,0.0,False,,,
NQ,2020-02-21,Friday,ADR,9600.82,9581.6,19.219999999999345,9602.46,9578.01,24.44999999999891,True,SHORT,2020-02-20 21:00:00,9574.36,True,True,True,0.0,2.345,2.345,9536.53,2020-02-21 01:37:00,0.089,9583.31,2020-02-20 22:31:00,True,2020-02-20 21:05:00,0.089,0.089,True,9582.2,2020-02-20 21:15:00,0.0312
NQ,2020-02-21,Friday,ODR,9572.82,9532.77,40.04999999999927,9577.3,9529.22,48.07999999999993,True,LONG,2020-02-21 07:30:00,9579.69,True,False,,0.5795,0.0,0.5795,9596.03,2020-02-21 07:49:00,0.0,9579.01,2020-02-21 07:35:00,True,2020-02-21 07:47:00,0.0,0.0,False,,,
NQ,2020-02-21,Friday,RDR,9580.55,9474.75,105.79999999999927,9596.1,9473.39,122.71000000000095,True,SHORT,2020-02-21 12:50:00,9470.29,True,True,True,0.0,0.6593,0.6593,9405.0,2020-02-21 13:55:00,0.1491,9490.52,2020-02-21 13:03:00,True,2020-02-21 13:51:00,0.1491,0.0,True,9478.19,2020-02-21 12:56:00,0.0325
NQ,2020-02-24,Monday,ADR,9309.52,9284.68,24.840000000000146,9315.29,9275.09,40.20000000000073,True,SHORT,2020-02-23 21:25:00,9272.07,True,True,True,0.0,1.5781,1.5781,9245.48,2020-02-23 22:06:00,0.3869,9294.29,2020-02-23 23:56:00,True,2020-02-23 21:30:00,0.0,0.3869,True,9284.89,2020-02-23 23:02:00,0.0085
NQ,2020-02-24,Monday,ODR,9247.7,9177.8,69.90000000000146,9254.08,9167.52,86.55999999999949,True,SHORT,2020-02-24 04:00:00,9157.59,True,True,False,0.0,0.8677,0.8677,9117.15,2020-02-24 04:36:00,0.6139,9220.71,2020-02-24 07:05:00,True,2020-02-24 04:19:00,0.0,0.6139,True,9179.2,2020-02-24 05:05:00,0.02
NQ,2020-02-24,Monday,RDR,9192.98,9093.15,99.82999999999993,9194.71,9036.96,157.75,False,,,,,,,0.0,0.5482,,,,,,,False,,,,False,,,
NQ,2020-02-25,Tuesday,ADR,9193.67,9142.69,50.97999999999956,9201.7,9135.42,66.28000000000065,True,LONG,2020-02-24 20:40:00,9202.89,True,True,True,0.4031,0.0,0.4031,9214.22,2020-02-25 01:57:00,0.8097,9152.39,2020-02-24 22:10:00,False,,0.8097,,True,9193.45,2020-02-24 20:53:00,0.0043
NQ,2020-02-25,Tuesday,ODR,9209.19,9146.65,62.54000000000087,9209.65,9143.22,66.43000000000029,True,SHORT,2020-02-25 04:10:00,9133.13,True,True,True,0.0,1.3375,1.3375,9063.0,2020-02-25 05:46:00,0.4245,9173.2,2020-02-25 08:10:00,True,2020-02-25 05:18:00,0.0,0.4245,True,9146.67,2020-02-25 07:22:00,0.0003
NQ,2020-02-25,Tuesday,RDR,9154.4,9044.87,109.52999999999884,9183.79,9031.79,152.0,True,SHORT,2020-02-25 10:50:00,9005.01,True,False,,0.0,2.2054,2.2054,8803.31,2020-02-25 15:39:00,0.0,9041.51,2020-02-25 12:12:00,True,2020-02-25 11:06:00,0.0,0.0,False,,,
NQ,2020-02-26,Wednesday,ADR,8904.35,8849.31,55.04000000000087,8904.35,8834.82,69.53000000000065,True,LONG,2020-02-25 21:10:00,8911.5,True,True,False,0.6626,0.0,0.6626,8940.82,2020-02-25 21:38:00,0.9875,8850.0,2020-02-26 01:58:00,True,2020-02-25 21:35:00,0.0799,0.9875,True,8899.95,2020-02-25 21:22:00,0.0799
NQ,2020-02-26,Wednesday,ODR,8909.28,8792.12,117.15999999999985,8920.5,8778.3,142.20000000000073,True,SHORT,2020-02-26 04:00:00,8757.62,True,True,False,0.0,0.7622,0.7622,8702.82,2020-02-26 04:12:00,0.9099,8898.72,2020-02-26 08:26:00,True,2020-02-26 04:09:00,0.0,0.9099,True,8805.51,2020-02-26 04:39:00,0.1143
NQ,2020-02-26,Wednesday,RDR,8991.79,8882.99,108.80000000000109,9009.34,8874.05,135.29000000000087,True,LONG,2020-02-26 10:40:00,9023.38,False,True,False,0.365,0.6617,0.365,9031.5,2020-02-26 10:51:00,1.6617,8811.0,2020-02-26 13:45:00,False,,0.0,,True,8984.1,2020-02-26 11:01:00,0.0707
NQ,2020-02-27,Thursday,ADR,8836.4,8766.61,69.78999999999905,8844.47,8758.98,85.48999999999978,True,SHORT,2020-02-26 21:20:00,8753.61,True,True,True,0.0,1.0931,1.0931,8690.32,2020-02-27 01:16:00,0.0771,8771.99,2020-02-26 21:42:00,True,2020-02-26 21:58:00,0.0771,0.0,True,8771.99,2020-02-26 21:42:00,0.0771
NQ,2020-02-27,Thursday,ODR,8805.5,8751.38,54.1200000000008,8805.86,8741.48,64.38000000000102,True,LONG,2020-02-27 04:00:00,8812.4,False,True,False,0.5861,1.5277,0.5861,8837.22,2020-02-27 04:33:00,2.5277,8668.7,2020-02-27 08:21:00,True,2020-02-27 04:32:00,0.2352,2.5277,True,8801.14,2020-02-27 04:09:00,0.0806
NQ,2020-02-27,Thursday,RDR,8705.76,8577.33,128.4300000000003,8715.26,8564.65,150.61000000000058,True,SHORT,2020-02-27 10:30:00,8517.22,False,True,True,0.6365,1.1793,1.1793,8425.87,2020-02-27 15:59:00,1.6365,8787.5,2020-02-27 12:53:00,True,2020-02-27 15:50:00,1.6365,0.0,True,8578.23,2020-02-27 10:39:00,0.007
NQ,2020-02-28,Friday,ADR,8413.97,8376.01,37.95999999999913,8420.29,8358.77,61.52000000000044,True,LONG,2020-02-27 21:10:00,8431.23,False,True,False,0.6989,5.6496,0.6989,8440.5,2020-02-27 21:16:00,6.6496,8161.55,2020-02-28 01:27:00,True,2020-02-27 21:15:00,0.0,6.6496,True,8410.69,2020-02-27 21:32:00,0.0864
NQ,2020-02-28,Friday,ODR,8346.83,8217.9,128.9300000000003,8351.3,8208.54,142.7599999999984,True,SHORT,2020-02-28 04:10:00,8202.0,False,True,False,0.2262,0.7337,0.7337,8123.31,2020-02-28 04:30:00,1.2262,8376.0,2020-02-28 07:30:00,True,2020-02-28 04:27:00,0.0868,1.2262,True,8229.09,2020-02-28 04:17:00,0.0868
NQ,2020-02-28,Friday,RDR,8289.8,8137.3,152.4999999999991,8316.3,8121.52,194.77999999999884,True,LONG,2020-02-28 11:25:00,8335.4,True,True,True,1.3155,0.0,1.3155,8490.41,2020-02-28 11:43:00,0.5175,8210.88,2020-02-28 14:09:00,True,2020-02-28 11:37:00,0.0,0.5175,True,8286.05,2020-02-28 13:35:00,0.0246
NQ,2020-03-02,Monday,ADR,8418.1,8319.47,98.63000000000102,8418.37,8310.31,108.06000000000131,True,LONG,2020-03-01 20:30:00,8477.9,True,False,,1.3982,0.0,1.3982,8556.0,2020-03-01 22:08:00,0.0,8425.06,2020-03-01 21:02:00,True,2020-03-01 20:35:00,0.0,0.0,False,,,
NQ,2020-03-02,Monday,ODR,8651.12,8595.41,55.710000000000946,8670.7,8584.85,85.85000000000036,True,SHORT,2020-03-02 04:30:00,8576.6,True,False,,0.0,4.2725,4.2725,8357.39,2020-03-02 06:58:00,0.0,8581.56,2020-03-02 04:35:00,True,2020-03-02 04:37:00,0.0,0.0,False,,,
NQ,2020-03-02,Monday,RDR,8559.29,8454.25,105.04000000000087,8590.36,8438.25,152.11000000000058,True,LONG,2020-03-02 11:10:00,8631.23,True,False,,3.0382,0.1127,3.0382,8878.42,2020-03-02 15:59:00,0.0,8573.52,2020-03-02 14:43:00,True,2020-03-02 11:15:00,0.0,0.0,False,,,
NQ,2020-03-03,Tuesday,ADR,8881.38,8835.66,45.719999999999345,8886.29,8829.36,56.93000000000029,True,SHORT,2020-03-02 20:45:00,8816.21,True,True,True,0.0,2.1358,2.1358,8738.01,2020-03-03 01:09:00,0.5059,8858.79,2020-03-02 22:34:00,True,2020-03-02 21:12:00,0.5059,0.5059,True,8838.22,2020-03-02 21:05:00,0.056
NQ,2020-03-03,Tuesday,ODR,8890.38,8795.55,94.82999999999993,8903.62,8778.82,124.80000000000109,False,,,,,,,0.2659,0.1131,,,,,,,False,,,,False,,,
NQ,2020-03-03,Tuesday,RDR,8976.1,8764.68,211.42000000000007,9002.02,8744.79,257.22999999999956,True,SHORT,2020-03-03 11:20:00,8737.86,True,True,True,0.0,1.1964,1.1964,8511.73,2020-03-03 14:09:00,0.4655,8863.09,2020-03-03 12:09:00,True,2020-03-03 13:26:00,0.4655,0.0,True,8766.63,2020-03-03 11:34:00,0.0092
NQ,2020-03-04,Wednesday,ADR,8669.49,8614.6,54.88999999999942,8670.98,8614.6,56.3799999999992,True,LONG,2020-03-03 21:40:00,8678.67,True,True,True,0.932,0.0,0.932,8720.65,2020-03-04 01:18:00,0.0581,8666.3,2020-03-03 23:30:00,True,2020-03-03 22:09:00,0.0581,0.0581,True,8669.26,2020-03-03 21:51:00,0.0042
NQ,2020-03-04,Wednesday,ODR,8740.13,8694.89,45.23999999999978,8742.89,8681.93,60.95999999999913,True,LONG,2020-03-04 04:00:00,8753.12,True,True,True,1.4931,0.0,1.4931,8807.68,2020-03-04 07:37:00,0.4346,8720.47,2020-03-04 08:13:00,True,2020-03-04 04:42:00,0.3389,0.4346,True,8735.42,2020-03-04 04:07:00,0.1041
NQ,2020-03-04,Wednesday,RDR,8788.63,8671.91,116.71999999999935,8798.36,8665.35,133.01000000000022,True,LONG,2020-03-04 12:55:00,8817.6,True,False,,1.3776,0.0,1.3776,8949.42,2020-03-04 15:59:00,0.0,8808.61,2020-03-04 14:05:00,True,2020-03-04 13:19:00,0.0,0.0,False,,,
NQ,2020-03-05,Thursday,ADR,8881.52,8838.92,42.600000000000364,8884.67,8835.05,49.6200000000008,True,SHORT,2020-03-04 20:45:00,8829.66,True,True,True,0.0,0.5906,0.5906,8813.76,2020-03-04 22:54:00,0.8209,8873.89,2020-03-05 00:56:00,True,2020-03-04 22:44:00,0.408,0.8209,True,8841.2,2020-03-04 21:33:00,0.0535
NQ,2020-03-05,Thursday,ODR,8829.17,8778.15,51.02000000000044,8831.52,8777.67,53.850000000000364,True,SHORT,2020-03-05 04:00:00,8772.59,True,False,,0.0,1.8897,1.8897,8681.74,2020-03-05 08:22:00,0.0,8777.24,2020-03-05 04:19:00,True,2020-03-05 04:27:00,0.0,0.0,False,,,
NQ,2020-03-05,Thursday,RDR,8800.62,8714.79,85.82999999999993,8816.29,8700.78,115.51000000000022,True,LONG,2020-03-05 10:50:00,8823.78,False,True,False,0.7895,1.1943,0.7895,8868.38,2020-03-05 11:27:00,2.1943,8612.28,2020-03-05 15:26:00,True,2020-03-05 11:12:00,0.1403,2.1943,True,8796.55,2020-03-05 10:57:00,0.0474
NQ,2020-03-06,Friday,ADR,8709.06,8644.07,64.98999999999978,8718.6,8639.77,78.82999999999993,True,SHORT,2020-03-05 20:45:00,8632.79,True,False,,0.0,1.8961,1.8961,8520.84,2020-03-06 00:29:00,0.0,8635.05,2020-03-05 20:52:00,True,2020-03-05 20:57:00,0.0,0.0,False,,,
NQ,2020-03-06,Friday,ODR,8593.07,8532.32,60.75,8594.79,8528.74,66.05000000000109,True,SHORT,2020-03-06 04:30:00,8525.68,True,True,True,0.0,3.2005,3.2005,8337.89,2020-03-06 07:53:00,0.0734,8536.78,2020-03-06 04:35:00,True,2020-03-06 04:45:00,0.0734,0.0,True,8536.78,2020-03-06 04:35:00,0.0734
NQ,2020-03-06,Friday,RDR,8513.66,8385.81,127.85000000000036,8517.38,8365.08,152.29999999999927,True,LONG,2020-03-06 10:35:00,8517.4,False,True,True,0.4519,0.5248,0.4519,8571.43,2020-03-06 15:57:00,1.5248,8318.71,2020-03-06 15:09:00,False,,1.5248,,True,8500.76,2020-03-06 10:40:00,0.1009
NQ,2020-03-09,Monday,ADR,8149.79,8121.61,28.18000000000029,8153.9,8118.32,35.57999999999993,True,SHORT,2020-03-08 20:35:00,8111.94,True,True,True,0.0,1.1178,1.1178,8090.11,2020-03-09 00:34:00,0.2236,8127.91,2020-03-08 22:20:00,True,2020-03-08 20:40:00,0.2236,0.2236,True,8127.91,2020-03-08 22:20:00,0.2236
NQ,2020-03-09,Monday,RDR,8151.5,8059.02,92.47999999999956,8159.6,8043.99,115.61000000000058,True,LONG,2020-03-09 10:35:00,8176.97,False,True,False,1.0004,1.8764,1.0004,8244.02,2020-03-09 11:10:00,2.8764,7885.49,2020-03-09 15:01:00,True,2020-03-09 10:45:00,0.0,2.8764,True,8144.84,2020-03-09 11:33:00,0.072
NQ,2020-03-10,Tuesday,ADR,8192.59,8082.3,110.28999999999996,8203.59,8081.47,122.11999999999989,True,LONG,2020-03-09 23:45:00,8210.25,True,False,,0.7729,0.0,0.7729,8277.83,2020-03-10 00:32:00,0.0,8207.7,2020-03-09 23:52:00,True,2020-03-10 00:15:00,0.0,0.0,False,,,
NQ,2020-03-10,Tuesday,ODR,8285.78,8163.14,122.64000000000033,8287.5,8156.44,131.0600000000004,True,LONG,2020-03-10 04:30:00,8292.42,True,True,False,0.5168,0.0,0.5168,8349.16,2020-03-10 05:55:00,0.8992,8175.5,2020-03-10 07:44:00,True,2020-03-10 05:55:00,0.0,0.8992,True,8284.13,2020-03-10 06:26:00,0.0135
NQ,2020-03-10,Tuesday,RDR,8197.97,7988.11,209.85999999999967,8203.41,7980.61,222.80000000000018,True,SHORT,2020-03-10 10:30:00,7971.21,False,True,False,0.8903,0.2419,0.2419,7937.35,2020-03-10 10:38:00,1.8903,8384.8,2020-03-10 15:00:00,False,,0.0,,True,7988.7,2020-03-10 10:40:00,0.0028
NQ,2020-03-11,Wednesday,ADR,8223.17,8152.55,70.61999999999989,8229.39,8152.55,76.83999999999924,True,SHORT,2020-03-10 20:35:00,8134.22,True,True,True,0.0,0.8813,0.8813,8090.31,2020-03-11 00:56:00,0.676,8200.29,2020-03-10 21:28:00,True,2020-03-11 00:01:00,0.676,0.2059,True,8153.88,2020-03-10 20:41:00,0.0188
NQ,2020-03-11,Wednesday,ODR,8227.73,8123.79,103.9399999999996,8250.59,8109.5,141.09000000000015,True,SHORT,2020-03-11 07:30:00,8106.91,True,True,False,0.0297,0.4571,0.4571,8076.28,2020-03-11 07:58:00,0.4879,8174.5,2020-03-11 08:29:00,False,,0.0,,True,8124.57,2020-03-11 08:17:00,0.0075
NQ,2020-03-11,Wednesday,RDR,8159.54,8071.2,88.34000000000015,8163.39,8068.89,94.5,True,LONG,2020-03-11 11:15:00,8170.26,False,True,False,0.2531,1.9592,0.2361,8180.4,2020-03-11 11:20:00,2.9592,7898.12,2020-03-11 14:24:00,False,,0.0,,True,8146.63,2020-03-11 11:22:00,0.1461
NQ,2020-03-12,Thursday,ADR,7990.71,7773.55,217.15999999999985,8000.29,7769.11,231.1800000000003,True,SHORT,2020-03-11 20:35:00,7725.4,True,False,,0.0,0.7838,0.7838,7603.34,2020-03-11 21:06:00,0.0,7765.07,2020-03-11 23:43:00,True,2020-03-11 20:54:00,0.0,0.0,False,,,
NQ,2020-03-12,Thursday,ODR,7692.53,7613.63,78.89999999999964,7721.1,7606.12,114.98000000000047,True,SHORT,2020-03-12 04:30:00,7605.97,True,True,True,0.0,0.1304,0.1304,7603.34,2020-03-12 04:43:00,0.7005,7668.9,2020-03-12 04:50:00,False,,0.0785,,True,7618.49,2020-03-12 04:41:00,0.0616
NQ,2020-03-12,Thursday,RDR,7612.47,7469.51,142.96000000000004,7617.44,7449.21,168.22999999999956,True,SHORT,2020-03-12 10:30:00,7449.18,False,True,True,1.4006,1.9436,1.9436,7191.65,2020-03-12 15:03:00,2.4006,7812.7,2020-03-12 12:05:00,True,2020-03-12 10:49:00,2.4006,2.4006,True,7470.43,2020-03-12 10:35:00,0.0064
NQ,2020-03-13,Friday,ADR,7165.58,7015.22,150.35999999999967,7179.9,7013.6,166.29999999999927,True,SHORT,2020-03-12 20:35:00,7009.52,False,True,False,2.1475,0.4743,0.4743,6943.9,2020-03-12 22:28:00,3.1475,7488.48,2020-03-13 00:39:00,False,,0.3607,,True,7024.98,2020-03-12 20:45:00,0.0649
NQ,2020-03-13,Friday,ODR,7606.82,7410.74,196.07999999999993,7608.59,7401.83,206.76000000000022,True,LONG,2020-03-13 06:05:00,7617.23,True,False,,0.0911,0.0537,0.0911,7624.69,2020-03-13 06:10:00,0.0,7617.23,2020-03-13 06:10:00,False,,0.0,,False,,,
NQ,2020-03-13,Friday,RDR,7586.74,7392.76,193.97999999999956,7601.41,7391.92,209.48999999999978,True,SHORT,2020-03-13 10:30:00,7351.49,False,True,False,2.0247,0.5102,0.5102,7293.8,2020-03-13 10:49:00,3.0247,7979.49,2020-03-13 15:06:00,True,2020-03-13 10:49:00,0.058,3.0247,True,7398.39,2020-03-13 10:35:00,0.029
NQ,2020-03-16,Monday,RDR,7562.51,7267.47,295.03999999999996,7565.38,7265.44,299.9400000000005,True,SHORT,2020-03-16 13:00:00,7264.69,True,True,True,0.0132,1.1436,1.1436,6930.07,2020-03-16 14:59:00,0.4689,7405.8,2020-03-16 13:35:00,True,2020-03-16 14:55:00,0.4689,0.0,True,7296.62,2020-03-16 13:05:00,0.0988
NQ,2020-03-17,Tuesday,RDR,7397.4,7148.56,248.83999999999924,7404.91,7128.56,276.34999999999945,True,LONG,2020-03-17 10:50:00,7424.11,True,True,True,0.641,0.0,0.641,7556.9,2020-03-17 11:13:00,0.6474,7236.31,2020-03-17 12:17:00,True,2020-03-17 11:09:00,0.0363,0.6474,True,7388.37,2020-03-17 10:56:00,0.0363
NQ,2020-03-18,Wednesday,ADR,7197.06,7123.82,73.24000000000069,7208.78,7110.61,98.17000000000007,True,LONG,2020-03-17 21:30:00,7229.31,False,True,False,1.2321,0.5735,1.2321,7287.3,2020-03-17 21:56:00,1.5735,7081.82,2020-03-18 00:17:00,True,2020-03-17 21:42:00,0.0,1.5735,True,7191.39,2020-03-17 22:24:00,0.0774
NQ,2020-03-18,Wednesday,RDR,7292.61,7126.77,165.83999999999924,7309.49,7116.01,193.47999999999956,True,SHORT,2020-03-18 10:40:00,7106.91,True,True,False,0.0,1.7913,1.7913,6829.7,2020-03-18 13:27:00,0.9275,7280.59,2020-03-18 15:07:00,True,2020-03-18 11:55:00,0.5359,0.9275,True,7132.05,2020-03-18 10:46:00,0.0318
NQ,2020-03-19,Thursday,ADR,7358.53,7233.4,125.13000000000011,7360.29,7224.87,135.42000000000007,True,SHORT,2020-03-18 20:55:00,7217.08,True,False,,0.0,2.7131,2.7131,6893.91,2020-03-18 23:06:00,0.0,7219.68,2020-03-18 21:00:00,True,2020-03-18 21:04:00,0.0,0.0,False,,,
NQ,2020-03-19,Thursday,ODR,7315.3,7149.9,165.40000000000055,7343.32,7134.39,208.92999999999938,True,SHORT,2020-03-19 06:35:00,7100.35,True,True,False,0.089,0.56,0.56,7057.27,2020-03-19 07:28:00,0.3942,7215.1,2020-03-19 08:14:00,True,2020-03-19 07:22:00,0.0,0.3942,True,7166.22,2020-03-19 07:47:00,0.0987
NQ,2020-03-19,Thursday,RDR,7443.1,7233.56,209.53999999999996,7451.11,7210.21,240.89999999999964,True,LONG,2020-03-19 12:50:00,7455.74,True,True,False,0.358,0.0486,0.358,7518.11,2020-03-19 13:44:00,1.0486,7223.38,2020-03-19 15:04:00,False,,0.3281,,True,7435.87,2020-03-19 12:56:00,0.0345
NQ,2020-03-20,Friday,ADR,7350.5,7223.82,126.68000000000029,7357.71,7211.18,146.52999999999975,True,LONG,2020-03-19 23:25:00,7360.45,True,True,True,1.0855,0.124,1.0855,7488.01,2020-03-20 01:58:00,0.3854,7301.68,2020-03-20 00:15:00,True,2020-03-20 01:40:00,0.3854,0.0,True,7350.18,2020-03-19 23:32:00,0.0025
NQ,2020-03-20,Friday,RDR,7479.09,7312.44,166.65000000000055,7487.31,7306.59,180.72000000000025,True,SHORT,2020-03-20 11:00:00,7287.22,True,True,True,0.0,2.07,2.07,6967.47,2020-03-20 14:50:00,0.1293,7333.98,2020-03-20 12:11:00,True,2020-03-20 11:09:00,0.1293,0.1293,True,7313.19,2020-03-20 11:56:00,0.0045
NQ,2020-03-23,Monday,ADR,6722.81,6666.19,56.6200000000008,6732.04,6654.72,77.31999999999971,True,LONG,2020-03-22 20:35:00,6737.19,True,True,True,1.7377,0.0,1.7377,6821.2,2020-03-22 22:29:00,0.8573,6674.27,2020-03-22 21:26:00,True,2020-03-22 22:00:00,0.8573,0.751,True,6714.97,2020-03-22 20:41:00,0.1385
NQ,2020-03-23,Monday,ODR,6792.5,6744.61,47.89000000000033,6811.24,6735.22,76.01999999999953,True,LONG,2020-03-23 04:00:00,6812.69,True,True,True,11.1873,0.0,11.1873,7328.26,2020-03-23 07:23:00,0.6275,6762.45,2020-03-23 04:26:00,True,2020-03-23 04:05:00,0.6275,0.6275,True,6782.65,2020-03-23 04:12:00,0.2057
NQ,2020-03-23,Monday,RDR,7028.96,6830.06,198.89999999999964,7053.97,6823.14,230.82999999999993,True,SHORT,2020-03-23 10:40:00,6772.79,False,True,False,0.5946,0.3271,0.3271,6765.0,2020-03-23 10:46:00,1.5946,7147.23,2020-03-23 12:14:00,False,,0.0,,True,6847.74,2020-03-23 10:53:00,0.0889
NQ,2020-03-24,Tuesday,ADR,7194.24,7075.31,118.92999999999938,7205.41,7068.28,137.1300000000001,True,LONG,2020-03-23 20:50:00,7221.88,True,True,True,1.047,0.0,1.047,7318.76,2020-03-24 01:30:00,0.5755,7125.79,2020-03-23 22:45:00,True,2020-03-23 20:59:00,0.5755,0.5755,True,7193.6,2020-03-23 22:20:00,0.0054
NQ,2020-03-24,Tuesday,ODR,7321.28,7268.57,52.710000000000036,7331.44,7253.09,78.34999999999945,True,LONG,2020-03-24 04:35:00,7359.41,False,True,True,0.9541,0.527,0.9541,7371.57,2020-03-24 04:47:00,1.527,7240.79,2020-03-24 07:19:00,True,2020-03-24 04:40:00,0.0,1.527,True,7314.42,2020-03-24 06:09:00,0.1301
NQ,2020-03-24,Tuesday,RDR,7425.92,7367.39,58.529999999999745,7435.3,7348.06,87.23999999999978,True,LONG,2020-03-24 10:35:00,7453.35,False,True,True,2.4974,1.1128,2.4974,7572.09,2020-03-24 15:14:00,2.1128,7302.26,2020-03-24 13:10:00,True,2020-03-24 10:40:00,2.1128,2.1128,True,7419.07,2020-03-24 10:50:00,0.117
NQ,2020-03-25,Wednesday,ADR,7518.6,7431.25,87.35000000000036,7518.6,7427.46,91.14000000000033,True,LONG,2020-03-24 20:30:00,7523.34,False,True,True,0.7579,0.502,0.7579,7584.8,2020-03-25 01:43:00,1.502,7387.4,2020-03-24 23:45:00,True,2020-03-25 00:59:00,1.502,0.3891,True,7504.85,2020-03-24 20:35:00,0.1574
NQ,2020-03-25,Wednesday,ODR,7708.31,7614.8,93.51000000000022,7720.25,7606.01,114.23999999999978,True,LONG,2020-03-25 04:05:00,7749.97,False,True,False,0.6311,2.0,0.6311,7767.32,2020-03-25 04:31:00,3.0,7427.78,2020-03-25 06:56:00,True,2020-03-25 04:25:00,0.0,3.0,True,7705.75,2020-03-25 04:41:00,0.0274
NQ,2020-03-25,Wednesday,RDR,7538.84,7457.57,81.27000000000044,7550.6,7450.33,100.27000000000044,True,LONG,2020-03-25 11:00:00,7567.28,True,True,False,2.9209,0.1365,2.9209,7776.22,2020-03-25 12:48:00,1.1365,7446.48,2020-03-25 14:59:00,True,2020-03-25 11:15:00,0.0,1.1365,True,7487.72,2020-03-25 14:50:00,0.629
NQ,2020-03-26,Thursday,ADR,7550.0,7408.85,141.14999999999964,7556.58,7392.89,163.6899999999996,True,SHORT,2020-03-25 21:10:00,7372.75,True,True,True,0.0,0.2696,0.2571,7372.56,2020-03-25 21:15:00,0.5961,7492.99,2020-03-25 22:27:00,False,,0.0,,True,7411.32,2020-03-25 21:21:00,0.0175
NQ,2020-03-26,Thursday,ODR,7388.91,7347.41,41.5,7410.47,7338.91,71.5600000000004,True,LONG,2020-03-26 05:30:00,7417.71,False,True,True,4.0361,0.5325,4.0361,7556.41,2020-03-26 08:26:00,1.5325,7325.31,2020-03-26 07:15:00,True,2020-03-26 05:35:00,1.5325,1.5325,True,7385.32,2020-03-26 06:49:00,0.0865
NQ,2020-03-26,Thursday,RDR,7734.97,7655.57,79.40000000000055,7739.93,7639.59,100.34000000000015,True,LONG,2020-03-26 10:30:00,7760.93,True,True,True,2.1841,0.0,2.1841,7908.39,2020-03-26 14:55:00,0.8632,7666.43,2020-03-26 12:32:00,True,2020-03-26 11:52:00,0.8632,0.8632,True,7733.11,2020-03-26 10:46:00,0.0234
NQ,2020-03-27,Friday,ADR,7863.32,7766.15,97.17000000000007,7877.42,7756.79,120.63000000000011,True,SHORT,2020-03-26 21:10:00,7740.4,True,True,False,0.0,0.6786,0.6786,7700.21,2020-03-27 00:18:00,0.5591,7820.48,2020-03-27 01:22:00,True,2020-03-27 00:08:00,0.3267,0.5591,True,7778.12,2020-03-26 21:50:00,0.1232
NQ,2020-03-27,Friday,ODR,7761.66,7722.91,38.75,7770.99,7710.57,60.42000000000007,True,SHORT,2020-03-27 04:25:00,7701.58,True,True,True,0.0,2.2988,2.2988,7633.83,2020-03-27 07:01:00,0.4766,7741.38,2020-03-27 05:37:00,True,2020-03-27 04:30:00,0.4766,0.4766,True,7727.18,2020-03-27 05:34:00,0.1102
NQ,2020-03-27,Friday,RDR,7700.39,7615.89,84.5,7713.86,7600.99,112.86999999999989,True,LONG,2020-03-27 12:35:00,7720.12,False,True,False,1.3931,0.5064,1.3931,7818.11,2020-03-27 14:28:00,1.5064,7573.1,2020-03-27 15:12:00,True,2020-03-27 13:33:00,0.2844,1.5064,True,7696.68,2020-03-27 12:46:00,0.0439
NQ,2020-03-30,Monday,ODR,7637.5,7519.14,118.35999999999967,7660.29,7508.83,151.46000000000004,False,,,,,,,0.114,0.0,,,,,,,False,,,,False,,,
NQ,2020-03-30,Monday,RDR,7774.79,7677.72,97.06999999999971,7782.4,7648.2,134.19999999999982,True,LONG,2020-03-30 10:35:00,7794.5,True,True,True,1.2889,0.0,1.2889,7899.9,2020-03-30 15:54:00,0.0493,7770.0,2020-03-30 10:58:00,True,2020-03-30 11:14:00,0.0493,0.0,True,7770.0,2020-03-30 10:58:00,0.0493
NQ,2020-03-31,Tuesday,ADR,7905.22,7875.7,29.520000000000437,7912.69,7875.19,37.5,True,LONG,2020-03-30 21:00:00,7921.45,False,True,False,1.5437,1.6687,1.5437,7950.79,2020-03-30 21:09:00,2.6687,7826.44,2020-03-31 01:02:00,True,2020-03-30 21:05:00,0.0,2.6687,True,7900.6,2020-03-30 23:05:00,0.1565
NQ,2020-03-31,Tuesday,ODR,7948.17,7900.29,47.88000000000011,7955.51,7899.52,55.98999999999978,True,LONG,2020-03-31 04:25:00,7958.1,False,True,False,0.4766,2.532,0.4766,7970.99,2020-03-31 05:24:00,3.532,7779.06,2020-03-31 08:22:00,False,,0.2379,,True,7945.05,2020-03-31 04:36:00,0.0652
NQ,2020-03-31,Tuesday,RDR,7981.61,7820.44,161.17000000000007,7988.2,7812.61,175.59000000000015,True,LONG,2020-03-31 10:35:00,7997.98,False,True,False,0.178,0.3404,0.178,8010.3,2020-03-31 10:40:00,1.3404,7765.58,2020-03-31 15:24:00,False,,0.0,,True,7978.37,2020-03-31 10:45:00,0.0201
NQ,2020-04-01,Wednesday,ADR,7744.4,7713.15,31.25,7748.09,7704.36,43.73000000000047,True,LONG,2020-03-31 20:45:00,7758.08,False,True,False,0.5091,3.9149,0.5091,7760.31,2020-03-31 20:56:00,4.9149,7590.81,2020-04-01 01:52:00,True,2020-03-31 20:52:00,0.0,4.9149,True,7740.41,2020-03-31 21:01:00,0.1277
NQ,2020-04-01,Wednesday,ODR,7649.1,7585.25,63.850000000000364,7650.5,7573.12,77.38000000000011,True,SHORT,2020-04-01 08:00:00,7562.8,True,True,True,0.0,0.6847,0.6847,7541.53,2020-04-01 08:14:00,0.2153,7599.0,2020-04-01 08:20:00,True,2020-04-01 08:05:00,0.0,0.2153,True,7595.77,2020-04-01 08:19:00,0.1648
NQ,2020-04-01,Wednesday,RDR,7638.15,7582.2,55.94999999999982,7652.76,7579.67,73.09000000000015,True,LONG,2020-04-01 10:30:00,7655.6,False,True,False,1.141,2.8402,1.141,7701.99,2020-04-01 11:11:00,3.8402,7423.29,2020-04-01 15:44:00,True,2020-04-01 10:46:00,0.0,3.8402,True,7634.21,2020-04-01 11:30:00,0.0704
NQ,2020-04-02,Thursday,ADR,7536.11,7504.8,31.30999999999949,7536.17,7498.76,37.409999999999854,True,SHORT,2020-04-01 21:05:00,7487.06,False,True,False,0.8745,0.9364,0.9364,7475.48,2020-04-01 21:10:00,1.8745,7563.49,2020-04-01 23:45:00,True,2020-04-01 21:10:00,0.0,1.8745,True,7506.58,2020-04-01 21:30:00,0.0569
NQ,2020-04-02,Thursday,ODR,7596.52,7568.13,28.390000000000327,7598.22,7561.03,37.19000000000051,True,LONG,2020-04-02 04:15:00,7600.59,False,True,False,0.5171,1.6594,0.5171,7611.2,2020-04-02 04:34:00,2.6594,7521.02,2020-04-02 06:01:00,True,2020-04-02 04:34:00,0.1497,2.6594,True,7592.66,2020-04-02 04:25:00,0.136
NQ,2020-04-02,Thursday,RDR,7539.01,7444.13,94.88000000000011,7544.0,7425.3,118.69999999999982,True,LONG,2020-04-02 10:30:00,7574.29,True,True,True,1.0601,0.0,1.0601,7639.59,2020-04-02 15:56:00,0.8035,7462.77,2020-04-02 14:24:00,True,2020-04-02 10:35:00,0.8035,0.8035,True,7528.6,2020-04-02 13:26:00,0.1097
NQ,2020-04-03,Friday,ADR,7628.79,7589.36,39.43000000000029,7630.36,7580.07,50.289999999999964,True,SHORT,2020-04-02 23:30:00,7578.64,True,False,,0.0,1.512,1.512,7529.74,2020-04-03 01:31:00,0.0,7581.99,2020-04-02 23:40:00,True,2020-04-02 23:45:00,0.0,0.0,False,,,
NQ,2020-04-03,Friday,ODR,7590.16,7546.4,43.76000000000022,7592.65,7538.11,54.539999999999964,True,SHORT,2020-04-03 05:20:00,7531.38,False,True,False,1.6552,0.5037,0.5037,7524.36,2020-04-03 05:37:00,2.6552,7662.59,2020-04-03 07:59:00,True,2020-04-03 05:37:00,0.0894,2.6552,True,7547.57,2020-04-03 05:29:00,0.0267
NQ,2020-04-03,Friday,RDR,7658.59,7584.81,73.77999999999975,7674.66,7574.09,100.56999999999971,True,SHORT,2020-04-03 10:30:00,7572.83,True,True,True,0.0,1.962,1.962,7440.05,2020-04-03 14:12:00,0.0267,7586.78,2020-04-03 10:36:00,True,2020-04-03 10:42:00,0.0267,0.0,True,7586.78,2020-04-03 10:36:00,0.0267
NQ,2020-04-06,Monday,ADR,7745.99,7641.04,104.94999999999982,7746.4,7638.4,108.0,True,LONG,2020-04-05 20:30:00,7804.7,True,False,,1.061,0.0,1.061,7857.34,2020-04-06 01:46:00,0.0,7761.6,2020-04-05 22:35:00,True,2020-04-05 20:35:00,0.0,0.0,False,,,
NQ,2020-04-06,Monday,ODR,7861.23,7836.58,24.649999999999636,7866.22,7828.4,37.82000000000062,True,SHORT,2020-04-06 04:00:00,7824.21,True,True,True,0.0028,1.7331,1.7331,7793.86,2020-04-06 08:17:00,1.0028,7861.3,2020-04-06 05:50:00,True,2020-04-06 04:05:00,1.0028,1.0028,True,7843.61,2020-04-06 04:45:00,0.2852
NQ,2020-04-06,Monday,RDR,7876.1,7779.11,96.99000000000069,7880.4,7764.52,115.8799999999992,True,LONG,2020-04-06 10:35:00,7887.78,True,True,True,2.3817,0.0,2.3817,8107.1,2020-04-06 15:56:00,0.2727,7849.65,2020-04-06 10:52:00,True,2020-04-06 12:19:00,0.2727,0.0,True,7872.77,2020-04-06 10:42:00,0.0343
NQ,2020-04-07,Tuesday,ADR,8089.09,8040.84,48.25,8103.79,8038.29,65.5,True,SHORT,2020-04-06 21:25:00,8034.6,True,True,False,0.0,1.772,1.772,7955.34,2020-04-06 23:53:00,0.7204,8075.6,2020-04-07 01:50:00,True,2020-04-06 21:40:00,0.0,0.7204,True,8052.39,2020-04-07 01:37:00,0.2394
NQ,2020-04-07,Tuesday,ODR,8236.68,8138.53,98.15000000000055,8241.8,8124.09,117.70999999999913,True,LONG,2020-04-07 04:20:00,8242.08,True,True,True,0.7503,0.0,0.7503,8310.32,2020-04-07 06:23:00,0.3456,8202.76,2020-04-07 05:10:00,True,2020-04-07 06:15:00,0.3456,0.0,True,8230.28,2020-04-07 04:25:00,0.0652
NQ,2020-04-07,Tuesday,RDR,8291.63,8139.4,152.22999999999956,8305.58,8130.08,175.5,True,SHORT,2020-04-07 10:40:00,8128.91,True,True,True,0.0,0.6353,0.6353,8042.69,2020-04-07 15:54:00,0.8343,8266.4,2020-04-07 12:22:00,True,2020-04-07 14:54:00,0.8343,0.1997,True,8140.36,2020-04-07 10:45:00,0.0063
NQ,2020-04-08,Wednesday,ADR,8074.69,8004.5,70.1899999999996,8076.9,7994.19,82.71000000000004,True,SHORT,2020-04-07 20:30:00,7972.21,False,True,False,1.1187,0.5799,0.5799,7963.8,2020-04-07 20:40:00,2.1187,8153.21,2020-04-08 01:52:00,True,2020-04-07 20:35:00,0.0,2.1187,True,8006.97,2020-04-07 21:07:00,0.0352
NQ,2020-04-08,Wednesday,ODR,8074.19,8038.53,35.659999999999854,8081.81,8028.58,53.23000000000047,True,SHORT,2020-04-08 04:25:00,8014.82,False,True,False,1.7302,1.3116,1.3116,7991.76,2020-04-08 04:36:00,2.7302,8135.89,2020-04-08 08:18:00,True,2020-04-08 04:30:00,0.0,2.7302,True,8039.26,2020-04-08 05:06:00,0.0205
NQ,2020-04-08,Wednesday,RDR,8146.06,8063.23,82.83000000000084,8165.4,8056.12,109.27999999999975,True,LONG,2020-04-08 11:25:00,8177.97,True,True,True,1.2922,0.0,1.2922,8253.09,2020-04-08 15:54:00,0.172,8131.81,2020-04-08 13:55:00,True,2020-04-08 11:34:00,0.172,0.172,True,8145.72,2020-04-08 13:44:00,0.0041
NQ,2020-04-09,Thursday,ADR,8242.46,8218.55,23.909999999999854,8245.69,8215.0,30.69000000000051,True,SHORT,2020-04-08 21:15:00,8212.95,True,False,,0.0,3.0531,3.0531,8145.55,2020-04-08 22:49:00,0.0,8214.2,2020-04-08 21:21:00,True,2020-04-08 21:22:00,0.0,0.0,False,,,
NQ,2020-04-09,Thursday,ODR,8276.95,8253.8,23.150000000001455,8283.01,8243.36,39.649999999999636,True,SHORT,2020-04-09 04:20:00,8236.5,True,False,,0.0,6.06,6.06,8113.51,2020-04-09 08:18:00,0.0,8239.2,2020-04-09 04:26:00,True,2020-04-09 04:25:00,0.0,0.0,False,,,
NQ,2020-04-09,Thursday,RDR,8333.89,8190.51,143.3799999999992,8337.4,8168.05,169.34999999999945,False,,,,,,,0.0,0.1723,,,,,,,False,,,,False,,,
NQ,2020-04-13,Monday,ADR,8145.1,8120.74,24.360000000000582,8150.86,8118.71,32.149999999999636,True,SHORT,2020-04-12 20:45:00,8107.07,False,True,True,0.5571,0.9294,0.9294,8098.1,2020-04-12 21:07:00,1.5571,8158.67,2020-04-12 22:09:00,True,2020-04-12 20:50:00,0.0673,1.5571,True,8122.38,2020-04-12 21:01:00,0.0673
NQ,2020-04-13,Monday,ODR,8134.22,8120.87,13.350000000000364,8141.09,8119.42,21.670000000000073,True,LONG,2020-04-13 04:55:00,8143.1,True,False,,6.9566,0.0,6.9566,8227.09,2020-04-13 08:16:00,0.0,8138.49,2020-04-13 06:14:00,True,2020-04-13 05:00:00,0.0,0.0,False,,,
NQ,2020-04-13,Monday,RDR,8250.22,8178.32,71.89999999999964,8256.9,8169.3,87.59999999999945,True,SHORT,2020-04-13 11:05:00,8160.8,False,True,False,1.3143,0.3274,0.2513,8160.25,2020-04-13 11:10:00,2.3143,8344.72,2020-04-13 15:50:00,False,,0.0,,True,8182.9,2020-04-13 11:15:00,0.0637
NQ,2020-04-14,Tuesday,ADR,8378.2,8333.01,45.19000000000051,8378.7,8331.08,47.6200000000008,True,LONG,2020-04-13 21:15:00,8381.08,True,True,True,2.6862,0.0252,2.6862,8499.59,2020-04-14 01:27:00,0.1042,8373.49,2020-04-13 21:30:00,True,2020-04-13 21:33:00,0.1042,0.0,True,8378.02,2020-04-13 21:20:00,0.004
NQ,2020-04-14,Tuesday,ODR,8481.99,8446.29,35.69999999999891,8484.1,8441.98,42.1200000000008,True,SHORT,2020-04-14 04:15:00,8439.32,False,True,False,0.4289,0.5258,0.5258,8427.52,2020-04-14 04:55:00,1.4289,8497.3,2020-04-14 08:24:00,True,2020-04-14 04:55:00,0.3504,1.4289,True,8448.09,2020-04-14 04:22:00,0.0504
NQ,2020-04-14,Tuesday,RDR,8620.0,8498.46,121.54000000000087,8622.5,8470.31,152.1900000000005,True,LONG,2020-04-14 12:00:00,8623.5,True,True,True,0.8342,0.0,0.8342,8721.39,2020-04-14 15:50:00,0.048,8614.17,2020-04-14 12:14:00,True,2020-04-14 13:41:00,0.048,0.0,True,8618.51,2020-04-14 12:05:00,0.0123
NQ,2020-04-15,Wednesday,ADR,8691.67,8680.09,11.579999999999927,8693.22,8674.22,19.0,True,SHORT,2020-04-14 20:40:00,8673.22,True,True,True,0.0458,3.1943,3.1943,8643.1,2020-04-15 01:56:00,1.0458,8692.2,2020-04-15 00:47:00,True,2020-04-14 20:45:00,1.0458,1.0458,True,8683.3,2020-04-14 22:00:00,0.2772
NQ,2020-04-15,Wednesday,ODR,8682.51,8603.13,79.38000000000102,8684.79,8599.05,85.7400000000016,True,SHORT,2020-04-15 04:45:00,8586.26,True,True,True,0.0,0.7349,0.7349,8544.79,2020-04-15 08:29:00,0.3267,8629.06,2020-04-15 07:29:00,True,2020-04-15 08:25:00,0.3267,0.0,True,8603.29,2020-04-15 06:04:00,0.002
NQ,2020-04-15,Wednesday,RDR,8573.2,8512.7,60.5,8578.79,8498.66,80.13000000000102,True,LONG,2020-04-15 10:50:00,8581.52,True,True,True,1.5569,0.0,1.5569,8667.39,2020-04-15 15:01:00,0.7221,8529.51,2020-04-15 11:49:00,True,2020-04-15 13:18:00,0.7221,0.0083,True,8571.96,2020-04-15 10:55:00,0.0205
NQ,2020-04-16,Thursday,ADR,8572.58,8535.15,37.43000000000029,8578.31,8530.24,48.06999999999971,True,SHORT,2020-04-15 20:30:00,8526.29,False,True,False,1.4593,0.6463,0.6463,8510.96,2020-04-15 20:38:00,2.4593,8627.2,2020-04-16 01:59:00,True,2020-04-15 20:37:00,0.0,2.4593,True,8535.81,2020-04-15 20:50:00,0.0176
NQ,2020-04-16,Thursday,ODR,8687.07,8664.68,22.389999999999418,8699.32,8652.17,47.149999999999636,True,SHORT,2020-04-16 07:30:00,8646.2,True,True,True,0.5199,1.5203,1.5203,8630.64,2020-04-16 08:20:00,0.0889,8666.67,2020-04-16 08:28:00,True,2020-04-16 07:35:00,0.0,0.0889,True,8666.67,2020-04-16 08:28:00,0.0889
NQ,2020-04-16,Thursday,RDR,8689.3,8615.51,73.78999999999905,8708.52,8603.69,104.82999999999993,True,LONG,2020-04-16 10:45:00,8710.7,True,True,True,1.4521,0.0,1.4521,8796.45,2020-04-16 12:00:00,0.986,8616.54,2020-04-16 12:36:00,True,2020-04-16 11:06:00,0.0,0.986,True,8678.26,2020-04-16 12:20:00,0.1496
NQ,2020-04-17,Friday,ADR,8958.54,8895.13,63.41000000000167,8958.54,8890.71,67.83000000000175,True,LONG,2020-04-17 01:30:00,8960.2,True,True,False,0.0456,0.0,0.0323,8960.59,2020-04-17 01:35:00,0.3665,8935.3,2020-04-17 01:58:00,False,,0.1191,,True,8950.99,2020-04-17 01:35:00,0.1191
NQ,2020-04-17,Friday,ODR,8950.1,8887.64,62.460000000000946,8952.59,8868.27,84.31999999999971,True,LONG,2020-04-17 07:00:00,8954.6,True,True,False,0.1042,0.0,0.1042,8956.61,2020-04-17 07:07:00,0.8666,8895.97,2020-04-17 08:20:00,False,,0.0,,True,8939.08,2020-04-17 07:09:00,0.1764
NQ,2020-04-17,Friday,RDR,8856.76,8796.21,60.55000000000109,8881.28,8774.89,106.39000000000124,True,SHORT,2020-04-17 10:45:00,8754.94,True,True,False,0.0,1.5523,1.5523,8702.22,2020-04-17 14:40:00,0.6955,8838.32,2020-04-17 15:51:00,True,2020-04-17 10:50:00,0.0126,0.6955,True,8796.69,2020-04-17 11:08:00,0.0079
NQ,2020-04-20,Monday,ADR,8784.61,8752.61,32.0,8785.48,8751.62,33.85999999999876,True,LONG,2020-04-19 20:30:00,8813.19,True,True,True,1.9716,0.0,1.9716,8847.7,2020-04-19 20:48:00,0.5206,8767.95,2020-04-19 21:43:00,True,2020-04-19 20:35:00,0.0,0.5206,True,8778.8,2020-04-19 21:35:00,0.1816
NQ,2020-04-20,Monday,ODR,8800.11,8755.56,44.55000000000109,8801.44,8748.76,52.68000000000029,True,SHORT,2020-04-20 06:00:00,8743.79,True,False,,0.0,1.0909,1.0909,8706.96,2020-04-20 07:52:00,0.0,8750.5,2020-04-20 07:06:00,True,2020-04-20 06:07:00,0.0,0.0,False,,,
NQ,2020-04-20,Monday,RDR,8799.55,8747.21,52.340000000000146,8810.8,8741.6,69.19999999999891,True,LONG,2020-04-20 10:40:00,8815.2,False,True,False,1.098,0.47,1.098,8857.02,2020-04-20 11:39:00,1.47,8722.61,2020-04-20 15:59:00,True,2020-04-20 10:47:00,0.0,1.47,True,8796.71,2020-04-20 13:23:00,0.0543
NQ,2020-04-21,Tuesday,ADR,8751.7,8719.02,32.68000000000029,8754.99,8710.75,44.23999999999978,True,LONG,2020-04-20 20:45:00,8755.11,False,True,False,0.661,3.235,0.661,8773.3,2020-04-20 21:22:00,4.235,8613.3,2020-04-20 22:42:00,True,2020-04-20 21:22:00,0.2913,4.235,True,8748.66,2020-04-20 20:51:00,0.093
NQ,2020-04-21,Tuesday,ODR,8711.78,8669.08,42.70000000000073,8718.8,8658.07,60.72999999999956,True,SHORT,2020-04-21 06:10:00,8634.97,True,False,,0.0,1.4728,1.4728,8606.19,2020-04-21 08:12:00,0.0,8652.8,2020-04-21 06:45:00,True,2020-04-21 06:15:00,0.0,0.0,False,,,
NQ,2020-04-21,Tuesday,RDR,8641.4,8534.7,106.69999999999891,8663.7,8527.22,136.48000000000138,True,SHORT,2020-04-21 10:30:00,8523.44,True,False,,0.0,1.6889,1.6889,8354.49,2020-04-21 11:43:00,0.0,8528.69,2020-04-21 14:26:00,True,2020-04-21 10:47:00,0.0,0.0,False,,,
NQ,2020-04-22,Wednesday,ADR,8485.85,8420.4,65.45000000000073,8500.1,8410.87,89.22999999999956,True,LONG,2020-04-22 01:40:00,8501.88,True,False,,0.4972,0.0,0.4972,8518.39,2020-04-22 01:52:00,0.0,8495.67,2020-04-22 01:45:00,False,,0.0,,False,,,
NQ,2020-04-22,Wednesday,ODR,8526.31,8505.69,20.61999999999898,8535.91,8501.55,34.36000000000058,True,LONG,2020-04-22 04:25:00,8536.19,True,True,True,2.5019,0.0,2.5019,8577.9,2020-04-22 05:16:00,0.3104,8519.91,2020-04-22 06:44:00,True,2020-04-22 04:30:00,0.0,0.3104,True,8525.77,2020-04-22 06:37:00,0.0262
NQ,2020-04-22,Wednesday,RDR,8596.28,8552.14,44.14000000000124,8609.3,8545.78,63.51999999999862,True,LONG,2020-04-22 11:20:00,8609.65,True,True,True,2.5841,0.0,2.5841,8710.34,2020-04-22 15:50:00,0.0347,8594.75,2020-04-22 11:31:00,True,2020-04-22 11:42:00,0.0347,0.0,True,8596.28,2020-04-22 11:28:00,0.0
NQ,2020-04-23,Thursday,ADR,8627.76,8604.7,23.05999999999949,8639.12,8596.11,43.01000000000022,True,LONG,2020-04-22 21:05:00,8656.1,False,True,True,1.4913,0.536,1.3894,8659.8,2020-04-22 21:22:00,1.536,8592.34,2020-04-22 22:45:00,True,2020-04-22 21:10:00,0.0,1.536,True,8627.21,2020-04-22 21:48:00,0.0239
NQ,2020-04-23,Thursday,ODR,8674.07,8613.68,60.38999999999942,8678.3,8611.78,66.51999999999862,False,,,,,,,0.0,0.1401,,,,,,,False,,,,False,,,
NQ,2020-04-23,Thursday,RDR,8765.31,8686.42,78.88999999999942,8768.99,8673.67,95.31999999999971,True,LONG,2020-04-23 10:30:00,8788.59,False,True,False,0.4041,0.8571,0.4041,8797.19,2020-04-23 10:44:00,1.8571,8618.8,2020-04-23 14:10:00,False,,0.0,,True,8764.89,2020-04-23 11:05:00,0.0053
NQ,2020-04-24,Friday,ADR,8569.95,8535.5,34.45000000000073,8575.7,8531.77,43.93000000000029,True,SHORT,2020-04-23 20:30:00,8525.0,True,True,False,0.0,0.7707,0.7707,8508.95,2020-04-23 21:33:00,0.8511,8564.82,2020-04-23 22:44:00,True,2020-04-23 21:26:00,0.4578,0.8511,True,8537.09,2020-04-23 20:42:00,0.0462
NQ,2020-04-24,Friday,ODR,8583.88,8566.71,17.170000000000073,8592.97,8558.38,34.590000000000146,True,SHORT,2020-04-24 04:15:00,8556.8,False,True,False,5.3623,0.8136,0.8136,8552.74,2020-04-24 04:24:00,6.3623,8675.95,2020-04-24 07:00:00,True,2020-04-24 04:20:00,0.0,6.3623,True,8569.36,2020-04-24 04:40:00,0.1543
NQ,2020-04-24,Friday,RDR,8655.97,8599.79,56.17999999999847,8678.6,8595.44,83.15999999999985,True,LONG,2020-04-24 12:25:00,8689.59,True,False,,2.4165,0.0,2.4165,8791.73,2020-04-24 15:46:00,0.0,8678.72,2020-04-24 13:15:00,True,2020-04-24 12:30:00,0.0,0.0,False,,,
NQ,2020-04-27,Monday,ADR,8776.18,8755.41,20.770000000000437,8779.49,8748.68,30.80999999999949,True,LONG,2020-04-26 20:55:00,8795.79,True,False,,6.3221,0.0,6.3221,8907.49,2020-04-27 01:46:00,0.0,8780.26,2020-04-26 21:18:00,True,2020-04-26 21:00:00,0.0,0.0,False,,,
NQ,2020-04-27,Monday,ODR,8897.34,8856.45,40.88999999999942,8900.31,8849.16,51.149999999999636,True,LONG,2020-04-27 05:40:00,8901.1,True,True,False,0.224,0.0,0.1555,8903.7,2020-04-27 05:58:00,0.7728,8865.74,2020-04-27 07:06:00,False,,0.0986,,True,8896.73,2020-04-27 05:45:00,0.0149
NQ,2020-04-27,Monday,RDR,8881.16,8843.5,37.659999999999854,8888.39,8831.68,56.70999999999913,True,SHORT,2020-04-27 10:55:00,8829.18,True,True,True,0.0,1.1349,1.1349,8800.76,2020-04-27 13:45:00,0.842,8875.21,2020-04-27 11:45:00,True,2020-04-27 11:01:00,0.842,0.842,True,8845.85,2020-04-27 11:04:00,0.0624
NQ,2020-04-28,Tuesday,ADR,8844.84,8824.91,19.93000000000029,8847.1,8821.36,25.73999999999978,True,LONG,2020-04-27 20:40:00,8854.22,False,True,False,0.6322,1.867,0.5439,8855.68,2020-04-27 20:45:00,2.867,8787.7,2020-04-27 22:00:00,True,2020-04-27 20:45:00,0.0,2.867,True,8842.51,2020-04-27 21:00:00,0.1169
NQ,2020-04-28,Tuesday,ODR,8879.21,8831.63,47.57999999999993,8884.92,8828.36,56.55999999999949,True,LONG,2020-04-28 05:15:00,8903.26,True,False,,1.6118,0.0,1.6118,8955.9,2020-04-28 06:00:00,0.0,8903.42,2020-04-28 05:20:00,True,2020-04-28 05:20:00,0.0,0.0,False,,,
NQ,2020-04-28,Tuesday,RDR,8914.23,8771.32,142.90999999999985,8916.69,8762.91,153.78000000000065,True,SHORT,2020-04-28 10:40:00,8755.39,True,True,True,0.0,0.7321,0.7321,8666.69,2020-04-28 15:54:00,0.0285,8775.4,2020-04-28 14:26:00,True,2020-04-28 12:17:00,0.0285,0.0285,True,8771.82,2020-04-28 14:12:00,0.0035
NQ,2020-04-29,Wednesday,ADR,8797.4,8772.55,24.850000000000364,8798.8,8772.11,26.68999999999869,True,LONG,2020-04-28 20:30:00,8804.1,True,True,True,2.9235,0.0,2.9235,8870.05,2020-04-28 21:39:00,0.1167,8794.5,2020-04-28 20:59:00,True,2020-04-28 21:08:00,0.1167,0.0,True,8796.39,2020-04-28 20:42:00,0.0406
NQ,2020-04-29,Wednesday,ODR,8840.51,8805.72,34.79000000000087,8845.16,8803.45,41.70999999999913,True,SHORT,2020-04-29 07:20:00,8798.98,True,True,False,0.0,0.6148,0.6148,8784.33,2020-04-29 07:51:00,0.81,8833.9,2020-04-29 08:29:00,True,2020-04-29 07:48:00,0.0,0.81,True,8806.2,2020-04-29 08:14:00,0.0138
NQ,2020-04-29,Wednesday,RDR,8942.29,8847.34,94.95000000000073,8944.59,8828.47,116.1200000000008,True,LONG,2020-04-29 12:05:00,8952.0,True,True,True,0.8773,0.0,0.8773,9025.59,2020-04-29 15:42:00,0.0756,8935.11,2020-04-29 14:14:00,True,2020-04-29 14:59:00,0.0756,0.0,True,8939.36,2020-04-29 14:13:00,0.0309
NQ,2020-04-30,Thursday,ADR,9107.83,9076.72,31.110000000000582,9114.43,9073.0,41.43000000000029,True,SHORT,2020-04-29 20:30:00,9070.07,False,True,False,1.5037,0.7319,0.7319,9053.95,2020-04-29 20:46:00,2.5037,9154.61,2020-04-30 00:33:00,True,2020-04-29 20:42:00,0.0,2.5037,True,9080.59,2020-04-29 21:01:00,0.1244
NQ,2020-04-30,Thursday,ODR,9115.02,9079.27,35.75,9116.1,9073.0,43.100000000000364,True,SHORT,2020-04-30 06:45:00,9065.48,True,True,True,0.0,1.2503,1.2503,9034.57,2020-04-30 08:20:00,0.2187,9087.09,2020-04-30 07:44:00,True,2020-04-30 06:50:00,0.2187,0.2187,True,9080.0,2020-04-30 07:41:00,0.0204
NQ,2020-04-30,Thursday,RDR,9027.26,8971.01,56.25,9027.26,8948.95,78.30999999999949,True,SHORT,2020-04-30 12:00:00,8938.74,True,True,False,0.0,0.9611,0.9611,8916.95,2020-04-30 12:31:00,0.7198,9011.5,2020-04-30 15:59:00,True,2020-04-30 12:05:00,0.0,0.7198,True,8974.28,2020-04-30 15:17:00,0.0581
NQ,2020-05-01,Friday,ADR,8851.61,8834.8,16.81000000000131,8857.41,8830.32,27.090000000000146,True,LONG,2020-04-30 20:50:00,8858.17,False,True,False,1.1874,2.2136,1.1874,8871.57,2020-04-30 21:06:00,3.2136,8797.59,2020-04-30 23:06:00,True,2020-04-30 20:57:00,0.0,3.2136,True,8850.87,2020-04-30 21:15:00,0.044
NQ,2020-05-01,Friday,ODR,8778.69,8737.87,40.81999999999971,8782.6,8735.78,46.81999999999971,True,LONG,2020-05-01 06:10:00,8784.9,True,True,True,0.4748,0.0,0.4748,8798.07,2020-05-01 06:19:00,0.5622,8755.74,2020-05-01 07:32:00,False,,0.0,,True,8774.61,2020-05-01 06:49:00,0.1
NQ,2020-05-01,Friday,RDR,8872.32,8801.66,70.65999999999985,8889.7,8791.64,98.06000000000131,True,SHORT,2020-05-01 11:30:00,8778.73,True,False,,0.0,1.6687,1.6687,8683.75,2020-05-01 13:18:00,0.0,8793.41,2020-05-01 11:39:00,True,2020-05-01 11:45:00,0.0,0.0,False,,,
NQ,2020-05-04,Monday,ADR,8622.61,8582.77,39.840000000000146,8622.61,8573.68,48.93000000000029,True,LONG,2020-05-03 21:15:00,8628.21,True,True,True,1.4809,0.3449,1.4809,8681.61,2020-05-04 00:06:00,0.0833,8619.29,2020-05-03 21:24:00,True,2020-05-03 21:52:00,0.0833,0.0,True,8622.56,2020-05-03 21:22:00,0.0013
NQ,2020-05-04,Monday,ODR,8699.03,8663.19,35.840000000000146,8708.5,8657.06,51.44000000000051,True,SHORT,2020-05-04 04:35:00,8656.68,True,True,False,0.0,0.959,0.959,8628.82,2020-05-04 05:26:00,0.7408,8689.74,2020-05-04 07:55:00,True,2020-05-04 05:04:00,0.1649,0.7408,True,8664.99,2020-05-04 04:42:00,0.0502
NQ,2020-05-04,Monday,RDR,8774.09,8680.62,93.46999999999935,8781.6,8663.42,118.18000000000029,True,LONG,2020-05-04 11:20:00,8783.32,True,True,True,0.6977,0.0,0.6977,8839.3,2020-05-04 15:59:00,0.6584,8712.55,2020-05-04 13:17:00,True,2020-05-04 15:34:00,0.6584,0.0,True,8763.74,2020-05-04 11:26:00,0.1107
NQ,2020-05-05,Tuesday,ADR,8851.19,8821.72,29.470000000001164,8855.7,8821.32,34.38000000000102,True,LONG,2020-05-04 21:05:00,8856.47,True,True,True,1.2257,0.0,1.2257,8887.31,2020-05-05 00:56:00,0.2949,8842.5,2020-05-04 23:40:00,True,2020-05-04 21:11:00,0.2949,0.2949,True,8842.79,2020-05-04 23:39:00,0.285
NQ,2020-05-05,Tuesday,ODR,8916.79,8870.6,46.19000000000051,8922.61,8863.99,58.6200000000008,True,SHORT,2020-05-05 04:50:00,8847.8,False,True,False,0.4354,0.808,0.808,8833.28,2020-05-05 05:00:00,1.4354,8936.9,2020-05-05 08:10:00,True,2020-05-05 04:55:00,0.0,1.4354,True,8873.59,2020-05-05 05:16:00,0.0647
NQ,2020-05-05,Tuesday,RDR,8976.0,8916.77,59.22999999999956,8984.2,8907.32,76.88000000000102,True,LONG,2020-05-05 11:20:00,8988.62,False,True,False,0.9387,0.3324,0.9387,9031.6,2020-05-05 14:59:00,1.3324,8897.08,2020-05-05 15:42:00,True,2020-05-05 12:02:00,0.0,1.3324,True,8957.48,2020-05-05 15:28:00,0.3127
NQ,2020-05-06,Wednesday,ADR,8972.78,8923.22,49.56000000000131,8973.91,8919.92,53.98999999999978,True,SHORT,2020-05-05 20:50:00,8900.89,False,True,False,0.3236,0.7131,0.7131,8887.88,2020-05-05 21:19:00,1.3236,8988.82,2020-05-06 01:48:00,True,2020-05-05 20:55:00,0.0,1.3236,True,8923.59,2020-05-05 21:54:00,0.0075
NQ,2020-05-06,Wednesday,ODR,9007.41,8982.22,25.19000000000051,9009.78,8980.1,29.68000000000029,True,LONG,2020-05-06 05:45:00,9009.79,False,True,False,0.4839,0.441,0.4839,9019.6,2020-05-06 06:05:00,1.441,8971.11,2020-05-06 08:18:00,False,,0.239,,True,9003.39,2020-05-06 05:52:00,0.1596
NQ,2020-05-06,Wednesday,RDR,9023.79,8955.89,67.90000000000146,9039.08,8946.57,92.51000000000022,True,LONG,2020-05-06 10:45:00,9046.36,True,True,False,0.6423,0.0,0.6423,9067.4,2020-05-06 13:52:00,0.7676,8971.67,2020-05-06 15:50:00,True,2020-05-06 13:38:00,0.3196,0.7676,True,9022.11,2020-05-06 11:16:00,0.0247
NQ,2020-05-07,Thursday,ADR,8996.2,8953.31,42.89000000000124,9001.29,8952.68,48.61000000000058,True,LONG,2020-05-06 20:30:00,9003.4,True,True,True,1.0399,0.0,1.0399,9040.8,2020-05-07 00:23:00,0.2583,8985.12,2020-05-06 22:17:00,True,2020-05-06 23:02:00,0.2583,0.0,True,8995.89,2020-05-06 20:43:00,0.0072
NQ,2020-05-07,Thursday,ODR,9087.6,9041.69,45.909999999999854,9094.42,9036.26,58.159999999999854,True,LONG,2020-05-07 05:30:00,9097.8,True,True,True,0.4968,0.0,0.4968,9110.41,2020-05-07 05:43:00,0.3328,9072.32,2020-05-07 07:27:00,False,,0.0,,True,9087.31,2020-05-07 06:46:00,0.0063
NQ,2020-05-07,Thursday,RDR,9104.79,9063.07,41.720000000001164,9118.9,9052.59,66.30999999999949,True,SHORT,2020-05-07 10:45:00,9045.91,False,True,False,0.7795,0.4988,0.4988,9042.26,2020-05-07 10:56:00,1.7795,9137.31,2020-05-07 13:14:00,False,,0.0,,True,9066.89,2020-05-07 11:00:00,0.0916
NQ,2020-05-08,Friday,ADR,9173.86,9122.69,51.17000000000007,9174.69,9122.35,52.340000000000146,True,LONG,2020-05-07 20:35:00,9181.91,True,False,,1.1812,0.0,1.1812,9234.3,2020-05-08 01:52:00,0.0,9175.99,2020-05-07 20:45:00,True,2020-05-07 21:47:00,0.0,0.0,False,,,
NQ,2020-05-08,Friday,ODR,9203.49,9188.92,14.569999999999709,9204.79,9185.87,18.920000000000073,True,SHORT,2020-05-08 04:05:00,9185.53,False,True,True,1.0446,0.9417,0.9417,9175.2,2020-05-08 04:21:00,2.0446,9218.71,2020-05-08 06:32:00,True,2020-05-08 04:14:00,0.0124,2.0446,True,9189.1,2020-05-08 04:12:00,0.0124
NQ,2020-05-08,Friday,RDR,9191.45,9143.3,48.150000000001455,9194.91,9124.36,70.54999999999927,True,LONG,2020-05-08 10:35:00,9198.5,True,True,True,0.7562,0.0,0.7562,9227.86,2020-05-08 15:50:00,0.68,9158.71,2020-05-08 14:08:00,True,2020-05-08 12:07:00,0.68,0.68,True,9183.18,2020-05-08 10:44:00,0.1718
NQ,2020-05-11,Monday,ADR,9271.88,9240.6,31.279999999998836,9274.1,9239.03,35.06999999999971,True,LONG,2020-05-10 21:30:00,9283.3,True,True,False,0.6045,0.0,0.6045,9290.79,2020-05-10 21:56:00,0.9383,9242.53,2020-05-11 01:59:00,True,2020-05-10 21:37:00,0.0,0.9383,True,9268.26,2020-05-11 00:23:00,0.1157
NQ,2020-05-11,Monday,ODR,9274.3,9249.81,24.48999999999978,9276.98,9245.57,31.409999999999854,True,SHORT,2020-05-11 04:25:00,9244.79,True,False,,0.0,4.6109,4.6109,9136.89,2020-05-11 08:29:00,0.0,9247.52,2020-05-11 04:33:00,True,2020-05-11 04:36:00,0.0,0.0,False,,,
NQ,2020-05-11,Monday,RDR,9244.0,9163.57,80.43000000000029,9253.01,9154.46,98.55000000000109,True,LONG,2020-05-11 10:45:00,9258.35,True,True,True,1.2794,0.0,1.2794,9346.9,2020-05-11 15:10:00,0.1445,9232.38,2020-05-11 11:12:00,True,2020-05-11 12:27:00,0.1445,0.0,True,9239.39,2020-05-11 10:55:00,0.0573
NQ,2020-05-12,Tuesday,ADR,9284.21,9258.17,26.039999999999054,9291.3,9253.91,37.38999999999942,True,SHORT,2020-05-11 20:45:00,9252.2,False,True,False,0.3491,1.0488,1.0488,9230.86,2020-05-11 23:39:00,1.3491,9293.3,2020-05-12 01:35:00,True,2020-05-11 20:56:00,0.7684,1.3491,True,9259.59,2020-05-11 20:51:00,0.0545
NQ,2020-05-12,Tuesday,ODR,9299.59,9254.31,45.280000000000655,9299.99,9251.35,48.63999999999942,True,LONG,2020-05-12 06:20:00,9300.79,True,True,True,0.6742,0.0,0.6742,9330.12,2020-05-12 07:29:00,0.051,9297.28,2020-05-12 06:51:00,True,2020-05-12 07:20:00,0.051,0.0,True,9299.2,2020-05-12 06:32:00,0.0086
NQ,2020-05-12,Tuesday,RDR,9326.32,9252.79,73.52999999999884,9352.75,9244.74,108.01000000000022,True,SHORT,2020-05-12 15:15:00,9237.16,True,False,,0.182,1.9501,1.9501,9109.4,2020-05-12 15:59:00,0.0,9240.11,2020-05-12 15:20:00,True,2020-05-12 15:24:00,0.0,0.0,False,,,
NQ,2020-05-13,Wednesday,ADR,9058.21,9017.51,40.69999999999891,9061.22,9006.0,55.219999999999345,True,LONG,2020-05-12 22:00:00,9068.51,True,False,,1.5428,0.0,1.5428,9121.0,2020-05-13 01:33:00,0.0,9065.19,2020-05-12 22:19:00,True,2020-05-12 22:34:00,0.0,0.0,False,,,
NQ,2020-05-13,Wednesday,ODR,9131.59,9086.2,45.38999999999942,9132.71,9081.1,51.60999999999876,True,LONG,2020-05-13 05:45:00,9139.56,True,False,,0.9852,0.004,0.9852,9176.31,2020-05-13 07:57:00,0.0,9139.56,2020-05-13 05:50:00,True,2020-05-13 05:53:00,0.0,0.0,False,,,
NQ,2020-05-13,Wednesday,RDR,9187.19,9082.2,104.98999999999978,9191.99,9051.27,140.71999999999935,True,LONG,2020-05-13 10:30:00,9204.19,False,True,False,0.2278,1.8608,0.2278,9211.11,2020-05-13 10:35:00,2.8608,8886.83,2020-05-13 15:25:00,False,,0.0,,True,9177.21,2020-05-13 10:45:00,0.0951
NQ,2020-05-14,Thursday,ADR,9042.59,8987.1,55.48999999999978,9045.1,8987.1,58.0,True,SHORT,2020-05-13 20:30:00,8978.46,True,True,True,0.0,0.661,0.661,8950.42,2020-05-13 22:18:00,0.6832,9025.01,2020-05-14 00:06:00,True,2020-05-13 22:10:00,0.6473,0.6832,True,8988.7,2020-05-13 20:42:00,0.0288
NQ,2020-05-14,Thursday,ODR,9036.03,8975.46,60.57000000000153,9038.99,8975.0,63.98999999999978,True,SHORT,2020-05-14 07:25:00,8964.67,True,True,True,0.1413,0.9653,0.9653,8916.99,2020-05-14 08:24:00,0.0687,8979.62,2020-05-14 07:38:00,True,2020-05-14 07:50:00,0.0687,0.0,True,8977.69,2020-05-14 07:37:00,0.0368
NQ,2020-05-14,Thursday,RDR,8950.8,8859.79,91.0099999999984,8983.41,8858.31,125.10000000000036,True,LONG,2020-05-14 12:55:00,8987.88,True,True,True,1.6075,0.056,1.6075,9097.1,2020-05-14 15:59:00,0.0646,8944.92,2020-05-14 14:41:00,True,2020-05-14 13:25:00,0.0646,0.0646,True,8944.92,2020-05-14 14:41:00,0.0646
NQ,2020-05-15,Friday,ADR,9122.33,9099.2,23.1299999999992,9127.1,9099.07,28.030000000000655,True,SHORT,2020-05-14 20:45:00,9095.99,False,True,True,0.3792,1.6909,1.6909,9060.09,2020-05-14 22:16:00,1.3792,9131.1,2020-05-15 01:05:00,True,2020-05-14 21:06:00,0.2771,1.3792,True,9101.19,2020-05-14 20:52:00,0.086
NQ,2020-05-15,Friday,ODR,9145.99,9109.97,36.02000000000044,9150.1,9109.11,40.98999999999978,True,SHORT,2020-05-15 06:30:00,9076.95,True,False,,0.0,4.7004,4.7004,8940.66,2020-05-15 08:02:00,0.0,9086.61,2020-05-15 06:48:00,True,2020-05-15 06:35:00,0.0,0.0,False,,,
NQ,2020-05-15,Friday,RDR,9057.09,8971.08,86.01000000000022,9065.46,8952.17,113.28999999999905,True,LONG,2020-05-15 12:50:00,9066.2,True,True,True,1.1638,0.1943,1.1638,9157.19,2020-05-15 15:59:00,0.1012,9048.39,2020-05-15 12:57:00,True,2020-05-15 13:11:00,0.1012,0.0028,True,9055.57,2020-05-15 12:56:00,0.0177
NQ,2020-05-18,Monday,ADR,9181.08,9165.69,15.389999999999418,9184.99,9163.58,21.409999999999854,True,LONG,2020-05-17 21:15:00,9188.02,True,True,True,2.6004,0.0,2.6004,9221.1,2020-05-17 23:19:00,0.5146,9173.16,2020-05-17 21:37:00,True,2020-05-17 21:20:00,0.5146,0.5146,True,9176.55,2020-05-17 21:31:00,0.2943
NQ,2020-05-18,Monday,ODR,9230.99,9201.08,29.909999999999854,9231.92,9201.08,30.840000000000146,True,LONG,2020-05-18 04:00:00,9242.66,True,True,True,2.3811,0.0,2.3811,9302.21,2020-05-18 08:20:00,0.9509,9202.55,2020-05-18 05:35:00,True,2020-05-18 04:05:00,0.9509,0.9509,True,9230.2,2020-05-18 04:33:00,0.0264
NQ,2020-05-18,Monday,RDR,9298.89,9253.39,45.5,9311.51,9245.4,66.11000000000058,True,LONG,2020-05-18 10:30:00,9312.59,True,False,,1.5391,0.0,1.5391,9368.92,2020-05-18 13:30:00,0.0,9302.07,2020-05-18 10:36:00,True,2020-05-18 10:40:00,0.0,0.0,False,,,
NQ,2020-05-19,Tuesday,ADR,9353.79,9333.13,20.660000000001673,9359.7,9329.98,29.720000000001164,True,SHORT,2020-05-18 20:30:00,9325.19,True,True,False,0.0,1.5111,1.5111,9301.91,2020-05-18 23:02:00,0.9274,9352.29,2020-05-19 00:59:00,True,2020-05-18 21:36:00,0.7996,0.9274,True,9334.19,2020-05-18 20:39:00,0.0513
NQ,2020-05-19,Tuesday,ODR,9411.19,9346.49,64.70000000000073,9412.57,9343.87,68.69999999999891,True,SHORT,2020-05-19 04:00:00,9338.49,True,True,True,0.0,0.7657,0.7657,9296.95,2020-05-19 06:25:00,0.127,9354.71,2020-05-19 07:49:00,True,2020-05-19 04:25:00,0.0224,0.127,True,9347.94,2020-05-19 05:00:00,0.0224
NQ,2020-05-19,Tuesday,RDR,9399.2,9333.35,65.85000000000036,9404.69,9320.64,84.05000000000109,True,LONG,2020-05-19 11:15:00,9406.81,False,True,False,0.3661,0.5704,0.3661,9423.31,2020-05-19 14:48:00,1.5704,9295.79,2020-05-19 15:59:00,False,,0.3862,,True,9393.31,2020-05-19 11:21:00,0.0894
NQ,2020-05-20,Wednesday,ADR,9330.4,9313.25,17.149999999999636,9334.6,9311.9,22.700000000000728,True,LONG,2020-05-19 21:00:00,9335.35,True,True,True,2.291,0.0,2.291,9369.69,2020-05-20 00:23:00,0.2367,9326.34,2020-05-19 21:12:00,True,2020-05-19 21:17:00,0.2367,0.0,True,9329.39,2020-05-19 21:10:00,0.0589
NQ,2020-05-20,Wednesday,ODR,9357.52,9333.61,23.909999999999854,9362.82,9328.85,33.969999999999345,True,LONG,2020-05-20 04:10:00,9366.2,True,False,,2.3588,0.0,2.3588,9413.92,2020-05-20 08:19:00,0.0,9365.72,2020-05-20 04:15:00,True,2020-05-20 04:15:00,0.0,0.0,False,,,
NQ,2020-05-20,Wednesday,RDR,9474.31,9405.6,68.70999999999913,9478.08,9405.52,72.55999999999949,True,LONG,2020-05-20 11:15:00,9478.8,True,True,True,0.3592,0.0,0.3592,9498.99,2020-05-20 12:00:00,0.5995,9433.12,2020-05-20 12:46:00,False,,0.0,,True,9473.19,2020-05-20 12:10:00,0.0163
NQ,2020-05-21,Thursday,ADR,9489.72,9471.09,18.6299999999992,9490.3,9466.38,23.920000000000073,True,SHORT,2020-05-20 21:35:00,9460.99,True,False,,0.0,2.3194,2.3194,9427.88,2020-05-20 22:30:00,0.0,9464.89,2020-05-21 01:04:00,True,2020-05-20 21:40:00,0.0,0.0,False,,,
NQ,2020-05-21,Thursday,ODR,9447.76,9422.6,25.159999999999854,9454.59,9415.72,38.8700000000008,True,LONG,2020-05-21 07:20:00,9456.58,True,True,True,0.6419,0.3788,0.6419,9463.91,2020-05-21 07:27:00,0.2432,9441.64,2020-05-21 08:04:00,True,2020-05-21 07:25:00,0.0,0.2432,True,9445.77,2020-05-21 08:00:00,0.0791
NQ,2020-05-21,Thursday,RDR,9508.6,9442.57,66.03000000000065,9513.3,9433.61,79.68999999999869,True,SHORT,2020-05-21 10:30:00,9421.09,True,False,,0.0,1.2597,1.2597,9359.39,2020-05-21 11:26:00,0.0,9440.37,2020-05-21 12:26:00,True,2020-05-21 10:35:00,0.0,0.0,False,,,
NQ,2020-05-22,Friday,ADR,9407.5,9395.73,11.770000000000437,9411.4,9394.68,16.719999999999345,True,SHORT,2020-05-21 20:40:00,9394.51,True,True,True,0.0,10.712,10.712,9269.65,2020-05-22 01:30:00,0.2099,9398.2,2020-05-21 21:02:00,True,2020-05-21 21:07:00,0.2099,0.1155,True,9395.88,2020-05-21 20:45:00,0.0127
NQ,2020-05-22,Friday,ODR,9286.49,9258.91,27.579999999999927,9291.92,9245.78,46.13999999999942,True,LONG,2020-05-22 04:40:00,9296.19,True,False,,2.9627,0.0,2.9627,9368.2,2020-05-22 08:00:00,0.0,9289.67,2020-05-22 04:51:00,True,2020-05-22 04:56:00,0.0,0.0,False,,,
NQ,2020-05-22,Friday,RDR,9398.81,9324.76,74.04999999999927,9403.02,9324.41,78.61000000000058,True,LONG,2020-05-22 13:20:00,9408.15,True,True,True,0.313,0.0,0.313,9421.99,2020-05-22 14:39:00,0.2678,9378.98,2020-05-22 15:42:00,False,,0.1552,,True,9394.8,2020-05-22 13:38:00,0.0542
NQ,2020-05-25,Monday,ADR,9462.8,9445.71,17.090000000000146,9466.62,9444.28,22.340000000000146,True,SHORT,2020-05-24 21:00:00,9436.31,False,True,False,0.203,1.5184,1.5184,9419.76,2020-05-24 21:33:00,1.203,9466.27,2020-05-25 01:32:00,True,2020-05-24 21:05:00,0.0,1.203,True,9446.7,2020-05-24 21:50:00,0.0579
NQ,2020-05-25,Monday,ODR,9471.31,9450.22,21.090000000000146,9471.79,9447.56,24.230000000001382,True,LONG,2020-05-25 04:40:00,9486.3,True,False,,2.3305,0.055,2.3305,9520.46,2020-05-25 06:52:00,0.0,9485.08,2020-05-25 04:45:00,True,2020-05-25 04:45:00,0.0,0.0,False,,,
NQ,2020-05-25,Monday,RDR,9528.3,9520.17,8.1299999999992,9532.0,9518.15,13.850000000000364,True,LONG,2020-05-25 10:55:00,9532.39,True,True,True,1.5252,0.0,1.5252,9540.7,2020-05-25 11:24:00,0.0012,9528.29,2020-05-25 12:29:00,True,2020-05-25 11:00:00,0.0,0.0012,True,9528.29,2020-05-25 12:29:00,0.0012
NQ,2020-05-26,Tuesday,ADR,9520.11,9511.02,9.090000000000146,9521.19,9508.59,12.600000000000364,True,LONG,2020-05-25 20:35:00,9525.72,True,False,,8.5259,0.0,8.5259,9597.61,2020-05-26 00:40:00,0.0,9523.75,2020-05-25 21:02:00,True,2020-05-25 20:40:00,0.0,0.0,False,,,
NQ,2020-05-26,Tuesday,ODR,9597.54,9576.43,21.110000000000582,9599.29,9571.14,28.150000000001455,True,LONG,2020-05-26 05:10:00,9601.49,False,True,False,0.3624,1.5069,0.3624,9605.19,2020-05-26 05:15:00,2.5069,9544.62,2020-05-26 08:04:00,False,,0.0,,True,9597.53,2020-05-26 05:21:00,0.0005
NQ,2020-05-26,Tuesday,RDR,9562.16,9501.28,60.8799999999992,9573.5,9487.46,86.04000000000087,True,SHORT,2020-05-26 11:20:00,9483.45,True,False,,0.0,2.0338,2.0338,9377.46,2020-05-26 15:47:00,0.0,9489.92,2020-05-26 13:29:00,True,2020-05-26 11:25:00,0.0,0.0,False,,,
NQ,2020-05-27,Wednesday,ADR,9406.51,9382.43,24.079999999999927,9409.5,9378.38,31.1200000000008,True,LONG,2020-05-26 20:55:00,9410.88,True,False,,3.8081,0.0,3.8081,9498.21,2020-05-27 00:30:00,0.0,9410.97,2020-05-26 21:00:00,True,2020-05-26 21:00:00,0.0,0.0,False,,,
NQ,2020-05-27,Wednesday,ODR,9490.69,9462.8,27.890000000001237,9495.5,9456.42,39.07999999999993,True,LONG,2020-05-27 05:35:00,9497.0,False,True,False,0.7246,1.1266,0.7246,9510.9,2020-05-27 05:57:00,2.1266,9431.38,2020-05-27 08:07:00,True,2020-05-27 05:55:00,0.0,2.1266,True,9489.62,2020-05-27 06:08:00,0.0384
NQ,2020-05-27,Wednesday,RDR,9363.96,9278.27,85.68999999999869,9389.31,9266.38,122.93000000000029,True,SHORT,2020-05-27 10:35:00,9245.36,False,True,False,0.936,1.165,1.165,9178.44,2020-05-27 10:49:00,1.936,9444.17,2020-05-27 15:59:00,True,2020-05-27 10:40:00,0.0,1.936,True,9281.61,2020-05-27 11:49:00,0.039
NQ,2020-05-28,Thursday,ADR,9460.45,9420.83,39.6200000000008,9466.51,9418.41,48.100000000000364,True,LONG,2020-05-27 20:45:00,9472.69,False,True,False,0.5891,1.501,0.5891,9483.79,2020-05-27 21:54:00,2.501,9361.36,2020-05-28 00:23:00,True,2020-05-27 21:53:00,0.3667,2.501,True,9459.32,2020-05-27 21:05:00,0.0285
NQ,2020-05-28,Thursday,ODR,9424.95,9377.42,47.530000000000655,9428.7,9372.86,55.840000000000146,True,LONG,2020-05-28 04:10:00,9433.94,False,True,False,0.2064,0.7606,0.1931,9434.13,2020-05-28 04:15:00,1.7606,9341.27,2020-05-28 08:23:00,False,,0.0,,True,9417.48,2020-05-28 04:18:00,0.1572
NQ,2020-05-28,Thursday,RDR,9475.67,9385.61,90.05999999999949,9479.99,9384.92,95.06999999999971,True,LONG,2020-05-28 10:35:00,9482.92,True,True,False,1.0413,0.0,1.0413,9569.45,2020-05-28 13:45:00,0.935,9391.46,2020-05-28 15:50:00,True,2020-05-28 11:59:00,0.1147,0.935,True,9469.98,2020-05-28 11:22:00,0.0632
NQ,2020-05-29,Friday,ADR,9434.15,9409.3,24.850000000000364,9439.61,9405.77,33.840000000000146,True,SHORT,2020-05-28 20:55:00,9398.59,False,True,False,1.2571,1.0016,1.0016,9384.41,2020-05-28 21:15:00,2.2571,9465.39,2020-05-29 01:11:00,True,2020-05-28 21:00:00,0.0,2.2571,True,9414.52,2020-05-28 21:23:00,0.2101
NQ,2020-05-29,Friday,ODR,9439.13,9404.89,34.23999999999978,9452.6,9398.73,53.8700000000008,True,SHORT,2020-05-29 04:00:00,9397.82,False,True,False,1.585,0.5318,0.5318,9386.68,2020-05-29 04:23:00,2.585,9493.4,2020-05-29 08:08:00,True,2020-05-29 04:23:00,0.1533,2.585,True,9405.05,2020-05-29 04:12:00,0.0047
NQ,2020-05-29,Friday,RDR,9477.11,9400.52,76.59000000000015,9486.07,9384.74,101.32999999999993,True,SHORT,2020-05-29 11:00:00,9383.04,False,True,False,1.2714,0.3196,0.2583,9380.74,2020-05-29 12:54:00,2.2714,9574.49,2020-05-29 15:59:00,False,,0.7602,,True,9404.12,2020-05-29 11:07:00,0.047
NQ,2020-06-01,Monday,ADR,9537.62,9490.55,47.07000000000153,9543.39,9485.02,58.36999999999898,True,LONG,2020-05-31 20:50:00,9545.62,True,True,True,0.9246,0.0,0.9246,9581.14,2020-05-31 23:02:00,0.201,9528.16,2020-05-31 21:05:00,True,2020-05-31 21:30:00,0.201,0.0,True,9530.87,2020-05-31 21:01:00,0.1434
NQ,2020-06-01,Monday,ODR,9584.13,9566.32,17.80999999999949,9589.57,9564.32,25.25,True,SHORT,2020-06-01 04:05:00,9530.39,True,False,,0.0,4.6378,4.6378,9483.72,2020-06-01 04:24:00,0.0,9552.29,2020-06-01 07:40:00,True,2020-06-01 04:10:00,0.0,0.0,False,,,
NQ,2020-06-01,Monday,RDR,9576.28,9521.73,54.55000000000109,9587.26,9509.16,78.10000000000036,True,LONG,2020-06-01 12:40:00,9587.39,True,False,,0.6048,0.0,0.6048,9609.27,2020-06-01 13:39:00,0.0,9579.25,2020-06-01 15:15:00,True,2020-06-01 13:06:00,0.0,0.0,False,,,
NQ,2020-06-02,Tuesday,ADR,9583.2,9567.34,15.860000000000582,9588.71,9561.32,27.389999999999418,True,LONG,2020-06-01 21:10:00,9588.97,False,True,True,1.36,0.3411,1.36,9604.77,2020-06-02 01:59:00,1.3411,9561.93,2020-06-01 22:15:00,True,2020-06-01 21:15:00,1.3411,1.3411,True,9583.01,2020-06-01 21:16:00,0.012
NQ,2020-06-02,Tuesday,ODR,9624.77,9599.3,25.470000000001164,9626.93,9594.25,32.68000000000029,True,LONG,2020-06-02 04:05:00,9629.91,True,True,False,1.8724,0.0,1.8724,9672.46,2020-06-02 06:15:00,0.2513,9618.37,2020-06-02 08:11:00,True,2020-06-02 04:18:00,0.0,0.2513,True,9623.94,2020-06-02 08:00:00,0.0326
NQ,2020-06-02,Tuesday,RDR,9613.89,9573.02,40.86999999999898,9615.19,9562.22,52.970000000001164,True,SHORT,2020-06-02 10:45:00,9545.96,False,True,False,1.1228,1.5632,1.5632,9509.13,2020-06-02 11:12:00,2.1228,9659.78,2020-06-02 15:59:00,True,2020-06-02 10:50:00,0.0,2.1228,True,9575.37,2020-06-02 12:44:00,0.0575
NQ,2020-06-03,Wednesday,ADR,9680.03,9665.83,14.200000000000728,9682.22,9664.75,17.469999999999345,True,LONG,2020-06-02 20:45:00,9684.15,False,True,True,0.9951,0.8204,0.9951,9694.16,2020-06-02 21:02:00,1.8204,9654.18,2020-06-02 22:28:00,True,2020-06-02 20:58:00,0.0,1.8204,True,9678.72,2020-06-02 21:27:00,0.0923
NQ,2020-06-03,Wednesday,ODR,9689.07,9670.84,18.229999999999563,9689.89,9664.63,25.26000000000022,True,LONG,2020-06-03 05:35:00,9692.66,True,True,False,0.3966,0.254,0.3966,9696.3,2020-06-03 05:53:00,1.1481,9668.14,2020-06-03 07:36:00,False,,0.057,,True,9688.85,2020-06-03 05:43:00,0.0121
NQ,2020-06-03,Wednesday,RDR,9700.61,9663.29,37.31999999999971,9706.82,9654.62,52.19999999999891,True,SHORT,2020-06-03 12:10:00,9654.15,False,True,False,0.8403,0.4917,0.4917,9644.94,2020-06-03 12:17:00,1.8403,9731.97,2020-06-03 15:50:00,False,,0.0,,True,9663.31,2020-06-03 12:27:00,0.0005
NQ,2020-06-04,Thursday,ADR,9706.45,9684.29,22.159999999999854,9708.7,9679.47,29.230000000001382,True,SHORT,2020-06-03 20:30:00,9676.32,True,True,True,0.0,1.6444,1.6444,9647.85,2020-06-03 23:00:00,0.3592,9692.25,2020-06-03 21:08:00,True,2020-06-03 20:50:00,0.3592,0.3592,True,9686.51,2020-06-03 20:56:00,0.1002
NQ,2020-06-04,Thursday,ODR,9687.23,9662.61,24.61999999999898,9688.19,9659.73,28.460000000000946,True,LONG,2020-06-04 04:05:00,9691.82,False,True,False,0.3676,0.5703,0.3676,9696.28,2020-06-04 04:12:00,1.5703,9648.57,2020-06-04 06:48:00,False,,0.0,,True,9685.98,2020-06-04 04:14:00,0.0508
NQ,2020-06-04,Thursday,RDR,9736.3,9682.42,53.8799999999992,9744.79,9671.93,72.86000000000058,True,SHORT,2020-06-04 11:10:00,9668.1,True,False,,0.1336,1.9952,1.9952,9574.92,2020-06-04 15:17:00,0.0,9681.82,2020-06-04 12:22:00,True,2020-06-04 11:16:00,0.0,0.0,False,,,
NQ,2020-06-05,Friday,ADR,9638.19,9618.78,19.409999999999854,9638.69,9612.65,26.040000000000873,True,LONG,2020-06-04 21:00:00,9640.31,True,True,True,2.6074,0.0,2.6074,9688.8,2020-06-05 01:48:00,0.7218,9624.18,2020-06-04 21:15:00,True,2020-06-04 22:31:00,0.7218,0.0,True,9636.18,2020-06-04 21:06:00,0.1036
NQ,2020-06-05,Friday,ODR,9700.76,9678.46,22.30000000000109,9705.5,9672.58,32.92000000000007,True,SHORT,2020-06-05 04:50:00,9669.79,True,True,True,0.0422,1.9888,1.9888,9634.11,2020-06-05 08:06:00,0.2247,9683.47,2020-06-05 05:19:00,True,2020-06-05 05:32:00,0.2247,0.0,True,9679.12,2020-06-05 04:59:00,0.0296
NQ,2020-06-05,Friday,RDR,9778.0,9672.11,105.88999999999942,9780.92,9656.52,124.39999999999964,True,LONG,2020-06-05 11:00:00,9794.54,True,False,,0.654,0.0,0.654,9847.25,2020-06-05 13:25:00,0.0,9778.44,2020-06-05 11:18:00,True,2020-06-05 12:30:00,0.0,0.0,False,,,
NQ,2020-06-08,Monday,ADR,9874.21,9853.09,21.11999999999898,9875.74,9847.74,28.0,True,SHORT,2020-06-07 21:00:00,9847.41,True,True,True,0.0,1.2273,1.2273,9827.17,2020-06-07 22:04:00,0.1141,9855.5,2020-06-07 23:22:00,True,2020-06-07 21:14:00,0.0,0.1141,True,9853.4,2020-06-07 22:34:00,0.0147
NQ,2020-06-08,Monday,ODR,9827.15,9800.66,26.48999999999978,9827.8,9798.06,29.73999999999978,True,LONG,2020-06-08 04:55:00,9833.18,False,True,False,0.4485,0.544,0.4485,9839.03,2020-06-08 05:31:00,1.544,9786.25,2020-06-08 08:16:00,False,,0.0,,True,9826.81,2020-06-08 05:43:00,0.0128
NQ,2020-06-08,Monday,RDR,9813.63,9752.61,61.01999999999862,9830.8,9748.86,81.93999999999869,True,LONG,2020-06-08 13:30:00,9843.58,True,False,,1.4638,0.0,1.4638,9902.95,2020-06-08 15:59:00,0.0,9839.36,2020-06-08 13:35:00,True,2020-06-08 13:35:00,0.0,0.0,False,,,
NQ,2020-06-09,Tuesday,ADR,9894.45,9878.91,15.540000000000873,9897.49,9874.5,22.98999999999978,True,SHORT,2020-06-08 21:00:00,9864.11,False,True,False,0.8462,1.1911,1.1911,9860.4,2020-06-08 21:23:00,1.8462,9907.6,2020-06-09 01:50:00,True,2020-06-08 21:05:00,0.0,1.8462,True,9880.67,2020-06-08 21:45:00,0.1133
NQ,2020-06-09,Tuesday,ODR,9889.66,9856.03,33.6299999999992,9894.04,9851.81,42.23000000000138,True,SHORT,2020-06-09 04:05:00,9848.12,True,True,True,0.0,1.2792,1.2792,9813.01,2020-06-09 06:14:00,0.0847,9858.88,2020-06-09 08:21:00,True,2020-06-09 04:14:00,0.0,0.0847,True,9856.59,2020-06-09 08:11:00,0.0167
NQ,2020-06-09,Tuesday,RDR,9914.57,9858.85,55.719999999999345,9916.19,9853.21,62.98000000000138,True,LONG,2020-06-09 10:30:00,9918.67,True,True,True,1.6578,0.0,1.6578,10006.94,2020-06-09 13:44:00,0.0293,9912.94,2020-06-09 10:36:00,True,2020-06-09 10:45:00,0.0293,0.0,True,9912.94,2020-06-09 10:36:00,0.0293
NQ,2020-06-10,Wednesday,ADR,9995.47,9979.68,15.789999999999054,9996.68,9975.88,20.80000000000109,True,LONG,2020-06-09 21:10:00,10000.54,True,False,,1.3889,0.0,1.3889,10017.4,2020-06-09 22:03:00,0.0,9997.81,2020-06-09 21:16:00,True,2020-06-09 21:18:00,0.0,0.0,False,,,
NQ,2020-06-10,Wednesday,ODR,10006.82,9991.5,15.319999999999709,10008.96,9987.34,21.61999999999898,True,LONG,2020-06-10 04:25:00,10009.57,False,True,True,2.3877,2.0777,2.3877,10043.4,2020-06-10 08:11:00,3.0777,9959.67,2020-06-10 06:15:00,True,2020-06-10 07:55:00,3.0777,0.0,True,10006.82,2020-06-10 04:30:00,0.0
NQ,2020-06-10,Wednesday,RDR,10079.49,10029.91,49.57999999999993,10079.89,10025.69,54.19999999999891,True,LONG,2020-06-10 14:00:00,10105.64,True,True,True,1.5714,0.1967,1.5714,10157.4,2020-06-10 15:30:00,0.2273,10068.22,2020-06-10 14:54:00,True,2020-06-10 14:05:00,0.2273,0.2273,True,10078.84,2020-06-10 14:53:00,0.0131
NQ,2020-06-11,Thursday,ADR,10069.82,10037.26,32.55999999999949,10071.18,10030.72,40.460000000000946,True,LONG,2020-06-10 20:40:00,10074.63,False,True,False,0.7472,1.73,0.7472,10094.15,2020-06-10 21:07:00,2.73,9980.93,2020-06-11 01:20:00,True,2020-06-10 21:04:00,0.1674,2.73,True,10067.3,2020-06-10 20:45:00,0.0774
NQ,2020-06-11,Thursday,ODR,9995.41,9951.49,43.92000000000007,10000.4,9944.87,55.529999999998836,True,SHORT,2020-06-11 04:45:00,9935.33,True,True,True,0.0,1.1557,1.1557,9900.73,2020-06-11 08:24:00,0.8748,9989.91,2020-06-11 05:56:00,True,2020-06-11 04:50:00,0.8748,0.8748,True,9955.1,2020-06-11 05:17:00,0.0822
NQ,2020-06-11,Thursday,RDR,9963.82,9890.59,73.22999999999956,9970.97,9876.93,94.03999999999905,True,LONG,2020-06-11 10:30:00,9971.48,False,True,False,0.232,4.1809,0.232,9980.81,2020-06-11 10:39:00,5.1809,9584.42,2020-06-11 15:59:00,False,,0.0456,,True,9961.24,2020-06-11 10:35:00,0.0352
NQ,2020-06-12,Friday,ADR,9691.44,9645.45,45.98999999999978,9695.59,9635.58,60.01000000000022,True,SHORT,2020-06-11 21:00:00,9609.43,False,True,False,1.0587,0.9226,0.9226,9603.02,2020-06-11 21:05:00,2.0587,9740.13,2020-06-12 00:10:00,True,2020-06-11 21:05:00,0.0,2.0587,True,9656.19,2020-06-11 21:15:00,0.2335
NQ,2020-06-12,Friday,ODR,9735.52,9665.19,70.32999999999993,9743.58,9664.61,78.96999999999935,True,LONG,2020-06-12 04:15:00,9744.58,True,True,False,0.8334,0.0,0.8334,9794.13,2020-06-12 06:05:00,0.2345,9719.03,2020-06-12 08:16:00,True,2020-06-12 04:43:00,0.0,0.2345,True,9735.19,2020-06-12 08:06:00,0.0047
NQ,2020-06-12,Friday,RDR,9840.2,9755.97,84.23000000000138,9849.51,9754.85,94.65999999999985,True,SHORT,2020-06-12 10:35:00,9722.43,True,False,,0.0,3.0875,3.0875,9495.91,2020-06-12 14:00:00,0.0,9748.42,2020-06-12 10:47:00,True,2020-06-12 10:50:00,0.0,0.0,False,,,
NQ,2020-06-15,Monday,ADR,9566.83,9541.4,25.43000000000029,9571.4,9523.35,48.04999999999927,True,LONG,2020-06-14 20:30:00,9571.6,False,True,False,1.173,4.9041,1.173,9596.66,2020-06-14 22:17:00,5.9041,9416.69,2020-06-15 01:57:00,True,2020-06-14 21:38:00,1.0523,5.9041,True,9565.65,2020-06-14 20:37:00,0.0464
NQ,2020-06-15,Monday,ODR,9453.1,9408.19,44.909999999999854,9453.96,9400.14,53.81999999999971,True,LONG,2020-06-15 04:00:00,9457.37,True,True,True,1.9356,0.0,1.9356,9540.03,2020-06-15 07:50:00,0.3734,9436.33,2020-06-15 04:10:00,True,2020-06-15 04:27:00,0.3734,0.0,True,9451.67,2020-06-15 04:05:00,0.0318
NQ,2020-06-15,Monday,RDR,9632.05,9499.65,132.39999999999964,9636.31,9485.67,150.63999999999942,True,LONG,2020-06-15 11:20:00,9637.72,True,True,True,1.3452,0.0,1.3452,9810.16,2020-06-15 14:30:00,0.2674,9596.65,2020-06-15 11:54:00,True,2020-06-15 13:10:00,0.2674,0.0,True,9625.09,2020-06-15 11:25:00,0.0526
NQ,2020-06-16,Tuesday,ADR,9881.62,9831.19,50.43000000000029,9885.64,9827.76,57.8799999999992,True,LONG,2020-06-15 21:05:00,9885.88,True,True,True,1.5203,0.0,1.5203,9958.29,2020-06-15 22:51:00,0.3748,9862.72,2020-06-15 21:26:00,True,2020-06-15 22:09:00,0.3748,0.0,True,9878.62,2020-06-15 21:11:00,0.0595
NQ,2020-06-16,Tuesday,ODR,9914.89,9870.59,44.29999999999927,9921.6,9862.39,59.210000000000946,True,LONG,2020-06-16 06:10:00,9925.66,True,True,True,1.0817,0.1567,1.0817,9962.81,2020-06-16 08:27:00,0.3551,9899.16,2020-06-16 07:13:00,True,2020-06-16 06:31:00,0.3551,0.3551,True,9914.69,2020-06-16 07:05:00,0.0045
NQ,2020-06-16,Tuesday,RDR,9996.79,9960.74,36.05000000000109,10013.59,9953.12,60.469999999999345,True,SHORT,2020-06-16 10:40:00,9944.22,True,True,True,0.3337,4.5257,4.5257,9797.59,2020-06-16 11:01:00,0.5678,9981.21,2020-06-16 14:15:00,True,2020-06-16 10:45:00,0.0,0.5678,True,9962.09,2020-06-16 11:48:00,0.0374
NQ,2020-06-17,Wednesday,ADR,9994.12,9951.79,42.32999999999993,9998.35,9942.8,55.55000000000109,True,SHORT,2020-06-16 22:30:00,9928.53,True,True,False,0.0,0.6201,0.5597,9928.1,2020-06-16 22:35:00,0.8332,9987.06,2020-06-17 00:30:00,True,2020-06-16 22:35:00,0.0,0.8332,True,9952.68,2020-06-16 22:51:00,0.021
NQ,2020-06-17,Wednesday,ODR,10034.08,9985.52,48.55999999999949,10036.5,9979.24,57.26000000000022,True,LONG,2020-06-17 04:20:00,10036.63,True,True,False,0.2805,0.0589,0.2724,10047.31,2020-06-17 04:34:00,1.0589,9982.66,2020-06-17 05:50:00,False,,0.0,,True,10033.32,2020-06-17 04:39:00,0.0157
NQ,2020-06-17,Wednesday,RDR,10023.56,9956.05,67.51000000000022,10028.75,9947.67,81.07999999999993,True,LONG,2020-06-17 12:30:00,10033.51,True,True,False,0.5248,0.0433,0.5248,10058.99,2020-06-17 13:43:00,0.9778,9957.55,2020-06-17 15:50:00,True,2020-06-17 13:39:00,0.0,0.9778,True,10022.52,2020-06-17 14:59:00,0.0154
NQ,2020-06-18,Thursday,ADR,9974.78,9932.19,42.590000000000146,9978.99,9930.13,48.86000000000058,True,SHORT,2020-06-17 21:20:00,9919.94,True,True,False,0.07,1.2794,1.2794,9877.7,2020-06-17 21:40:00,1.07,9977.76,2020-06-18 01:03:00,True,2020-06-17 21:31:00,0.0,1.07,True,9937.02,2020-06-17 23:24:00,0.1134
NQ,2020-06-18,Thursday,ODR,10004.93,9976.3,28.63000000000102,10009.02,9973.05,35.970000000001164,True,LONG,2020-06-18 04:30:00,10022.68,False,True,False,1.1942,1.2703,1.1942,10039.12,2020-06-18 05:31:00,2.2703,9939.93,2020-06-18 08:07:00,True,2020-06-18 04:35:00,0.0,2.2703,True,10004.72,2020-06-18 05:38:00,0.0073
NQ,2020-06-18,Thursday,RDR,10000.63,9962.59,38.039999999999054,10003.19,9953.96,49.23000000000138,True,LONG,2020-06-18 10:55:00,10005.72,False,True,True,0.4989,0.6706,0.4989,10019.61,2020-06-18 11:15:00,1.4314,9946.18,2020-06-18 15:05:00,False,,0.081,,True,9998.54,2020-06-18 11:02:00,0.0549
NQ,2020-06-19,Friday,ADR,10034.79,10011.16,23.63000000000102,10036.39,10004.61,31.779999999998836,True,SHORT,2020-06-18 20:35:00,10003.83,True,True,False,0.0,0.8358,0.8358,9991.41,2020-06-18 21:15:00,0.9412,10033.4,2020-06-19 01:59:00,True,2020-06-18 20:47:00,0.0643,0.9412,True,10011.84,2020-06-18 20:56:00,0.0288
NQ,2020-06-19,Friday,ODR,10075.53,10055.61,19.920000000000073,10080.49,10050.67,29.81999999999971,True,LONG,2020-06-19 06:05:00,10081.72,True,True,True,1.2169,0.2374,1.2169,10099.77,2020-06-19 08:13:00,0.6235,10063.11,2020-06-19 06:54:00,True,2020-06-19 07:58:00,0.6235,0.0,True,10075.28,2020-06-19 06:15:00,0.0126
NQ,2020-06-19,Friday,RDR,10117.61,10097.3,20.31000000000131,10119.3,10085.81,33.48999999999978,True,SHORT,2020-06-19 11:15:00,10081.94,True,False,,0.0,8.1216,8.1216,9932.35,2020-06-19 14:30:00,0.0,10088.85,2020-06-19 11:25:00,True,2020-06-19 11:20:00,0.0,0.0,False,,,
NQ,2020-06-22,Monday,ADR,9931.85,9892.11,39.73999999999978,9937.2,9886.01,51.19000000000051,True,LONG,2020-06-21 21:00:00,9950.79,True,False,,1.8948,0.0,1.8948,10007.15,2020-06-22 00:02:00,0.0,9946.39,2020-06-21 21:09:00,True,2020-06-21 21:05:00,0.0,0.0,False,,,
NQ,2020-06-22,Monday,ODR,10018.59,9981.05,37.54000000000087,10024.37,9976.05,48.32000000000153,True,LONG,2020-06-22 04:40:00,10025.19,True,True,True,0.7754,0.0,0.7754,10047.7,2020-06-22 05:03:00,0.6713,9993.39,2020-06-22 07:14:00,True,2020-06-22 05:02:00,0.0,0.6713,True,10017.42,2020-06-22 06:14:00,0.0312
NQ,2020-06-22,Monday,RDR,10059.41,9987.57,71.84000000000015,10064.56,9986.56,78.0,True,LONG,2020-06-22 11:35:00,10066.02,True,False,,1.0125,0.0,1.0125,10132.15,2020-06-22 15:59:00,0.0,10065.18,2020-06-22 11:40:00,True,2020-06-22 12:15:00,0.0,0.0,False,,,
NQ,2020-06-23,Tuesday,ADR,10165.85,10150.4,15.450000000000728,10169.39,10147.42,21.969999999999345,True,SHORT,2020-06-22 20:35:00,10146.84,True,True,True,0.0,10.7282,10.7282,9984.65,2020-06-22 21:29:00,0.4485,10157.33,2020-06-22 21:00:00,True,2020-06-22 21:08:00,0.4485,0.0,True,10153.19,2020-06-22 20:42:00,0.1806
NQ,2020-06-23,Tuesday,ODR,10206.13,10144.69,61.43999999999869,10206.13,10139.11,67.01999999999862,True,LONG,2020-06-23 06:05:00,10206.71,True,True,True,0.1628,0.0,0.1628,10216.13,2020-06-23 06:15:00,0.2643,10189.89,2020-06-23 07:01:00,False,,0.0348,,True,10204.16,2020-06-23 06:10:00,0.0321
NQ,2020-06-23,Tuesday,RDR,10229.09,10177.86,51.22999999999956,10229.19,10171.48,57.710000000000946,True,LONG,2020-06-23 10:35:00,10232.18,True,True,False,1.5475,0.0,1.5475,10308.37,2020-06-23 13:51:00,0.8097,10187.61,2020-06-23 15:51:00,True,2020-06-23 11:22:00,0.3951,0.8097,True,10226.45,2020-06-23 10:43:00,0.0515
NQ,2020-06-24,Wednesday,ADR,10225.81,10191.19,34.61999999999898,10228.59,10186.12,42.469999999999345,True,LONG,2020-06-23 20:50:00,10232.34,True,True,True,0.7562,0.0199,0.7562,10251.99,2020-06-24 00:38:00,1.0199,10190.5,2020-06-23 22:02:00,True,2020-06-24 00:28:00,1.0199,0.0,True,10224.56,2020-06-23 20:57:00,0.0361
NQ,2020-06-24,Wednesday,ODR,10240.02,10168.04,71.97999999999956,10242.47,10165.32,77.14999999999964,True,SHORT,2020-06-24 04:05:00,10157.43,True,True,False,0.0,0.7095,0.7095,10116.97,2020-06-24 05:20:00,0.2926,10189.1,2020-06-24 08:28:00,True,2020-06-24 05:18:00,0.1246,0.2926,True,10169.69,2020-06-24 04:51:00,0.0229
NQ,2020-06-24,Wednesday,RDR,10221.1,10086.68,134.42000000000007,10232.61,10083.06,149.5500000000011,True,SHORT,2020-06-24 10:35:00,10081.2,True,True,True,0.0,1.0963,1.0963,9939.31,2020-06-24 11:49:00,0.1319,10104.41,2020-06-24 10:52:00,True,2020-06-24 11:15:00,0.1319,0.0,True,10093.24,2020-06-24 10:43:00,0.0488
NQ,2020-06-25,Thursday,ADR,10027.67,9984.14,43.530000000000655,10033.12,9974.84,58.280000000000655,True,LONG,2020-06-24 20:45:00,10033.98,False,True,False,0.3338,0.7223,0.3338,10042.2,2020-06-24 21:03:00,1.7223,9952.7,2020-06-24 22:11:00,False,,0.0,,True,10026.17,2020-06-24 21:09:00,0.0345
NQ,2020-06-25,Thursday,ODR,9990.79,9921.31,69.48000000000138,9994.61,9904.31,90.30000000000109,True,LONG,2020-06-25 04:15:00,9995.84,True,True,False,0.9647,0.0,0.9647,10057.82,2020-06-25 05:30:00,0.173,9978.77,2020-06-25 07:59:00,True,2020-06-25 04:43:00,0.0,0.173,True,9985.1,2020-06-25 07:43:00,0.0819
NQ,2020-06-25,Thursday,RDR,10012.95,9902.21,110.7400000000016,10028.43,9897.13,131.3000000000011,True,LONG,2020-06-25 12:15:00,10045.19,True,True,True,0.8749,0.0,0.8749,10109.84,2020-06-25 15:59:00,0.3118,9978.42,2020-06-25 14:35:00,True,2020-06-25 15:23:00,0.3118,0.0,True,10010.32,2020-06-25 13:02:00,0.0237
NQ,2020-06-26,Friday,ADR,10129.38,10098.91,30.469999999999345,10131.2,10092.74,38.460000000000946,True,SHORT,2020-06-25 20:35:00,10090.14,True,True,False,0.0,0.4522,0.2921,10090.01,2020-06-25 20:40:00,0.7968,10123.19,2020-06-25 21:55:00,False,,0.0,,True,10099.97,2020-06-25 20:42:00,0.0348
NQ,2020-06-26,Friday,ODR,10090.72,10058.97,31.75,10097.68,10052.8,44.88000000000102,True,SHORT,2020-06-26 04:05:00,10046.31,False,True,False,1.2498,0.4746,0.4746,10043.9,2020-06-26 04:10:00,2.2498,10130.4,2020-06-26 07:07:00,False,,0.0,,True,10058.99,2020-06-26 04:22:00,0.0006
NQ,2020-06-26,Friday,RDR,10085.81,9937.41,148.39999999999964,10093.88,9907.31,186.5699999999997,True,SHORT,2020-06-26 10:30:00,9900.42,True,True,True,0.0,0.6712,0.6712,9837.81,2020-06-26 15:54:00,0.379,9993.65,2020-06-26 11:58:00,True,2020-06-26 15:35:00,0.379,0.0,True,9941.31,2020-06-26 11:06:00,0.0263
NQ,2020-06-29,Monday,ADR,9847.45,9817.4,30.05000000000109,9851.12,9816.02,35.100000000000364,True,LONG,2020-06-28 20:55:00,9854.73,True,True,False,1.5191,0.0113,1.5191,9893.1,2020-06-28 21:52:00,1.0113,9817.06,2020-06-29 00:43:00,True,2020-06-28 21:09:00,0.0,1.0113,True,9843.41,2020-06-28 23:14:00,0.1344
NQ,2020-06-29,Monday,ODR,9886.44,9846.82,39.6200000000008,9890.8,9845.8,45.0,True,SHORT,2020-06-29 04:10:00,9843.23,False,True,False,0.3041,0.2504,0.2504,9836.9,2020-06-29 04:20:00,1.3041,9898.49,2020-06-29 07:57:00,False,,0.0063,,True,9846.85,2020-06-29 04:16:00,0.0008
NQ,2020-06-29,Monday,RDR,9853.0,9766.6,86.39999999999964,9868.23,9741.9,126.32999999999993,True,LONG,2020-06-29 10:35:00,9880.52,True,True,True,1.2771,0.0,1.2771,9963.34,2020-06-29 15:59:00,0.1314,9841.65,2020-06-29 11:11:00,True,2020-06-29 10:50:00,0.1314,0.1314,True,9852.12,2020-06-29 11:06:00,0.0102
NQ,2020-06-30,Tuesday,ADR,10011.95,9997.49,14.460000000000946,10015.78,9995.09,20.69000000000051,True,LONG,2020-06-29 21:10:00,10026.67,False,True,False,1.7877,0.6162,1.7877,10037.8,2020-06-30 01:21:00,1.6162,9988.58,2020-06-30 01:40:00,True,2020-06-29 21:15:00,0.2075,1.6162,True,10011.71,2020-06-29 21:53:00,0.0166
NQ,2020-06-30,Tuesday,ODR,10001.59,9971.96,29.63000000000102,10014.19,9966.62,47.56999999999971,True,SHORT,2020-06-30 04:30:00,9966.26,True,True,True,0.0,0.3658,0.3658,9961.12,2020-06-30 05:05:00,0.9993,10001.57,2020-06-30 07:30:00,False,,0.5751,,True,9973.5,2020-06-30 04:35:00,0.052
NQ,2020-06-30,Tuesday,RDR,10050.29,9958.22,92.07000000000153,10057.29,9954.62,102.67000000000007,True,LONG,2020-06-30 10:50:00,10058.69,True,True,True,1.4411,0.0,1.4411,10182.97,2020-06-30 15:54:00,0.0075,10049.6,2020-06-30 13:15:00,True,2020-06-30 11:21:00,0.0075,0.0075,True,10049.6,2020-06-30 13:15:00,0.0075
NQ,2020-07-01,Wednesday,ADR,10144.66,10138.46,6.200000000000728,10146.79,10132.7,14.090000000000146,True,LONG,2020-06-30 20:30:00,10150.52,False,True,False,3.1919,3.6613,3.1919,10164.45,2020-06-30 21:45:00,4.6613,10115.76,2020-07-01 01:47:00,True,2020-06-30 20:35:00,0.8758,4.6613,True,10144.64,2020-06-30 20:57:00,0.0032
NQ,2020-07-01,Wednesday,ODR,10163.79,10143.21,20.580000000001746,10167.12,10143.16,23.960000000000946,True,SHORT,2020-07-01 04:40:00,10140.26,True,True,True,0.0398,2.7308,2.7308,10087.01,2020-07-01 07:43:00,1.0398,10164.61,2020-07-01 05:30:00,True,2020-07-01 05:45:00,1.0398,0.3022,True,10143.51,2020-07-01 04:45:00,0.0146
NQ,2020-07-01,Wednesday,RDR,10218.02,10146.18,71.84000000000015,10219.65,10137.62,82.02999999999884,True,LONG,2020-07-01 10:30:00,10225.64,True,True,True,1.4535,0.0,1.4535,10322.44,2020-07-01 15:49:00,0.1463,10207.51,2020-07-01 10:50:00,True,2020-07-01 12:06:00,0.1463,0.0,True,10217.69,2020-07-01 10:35:00,0.0046
NQ,2020-07-02,Thursday,ADR,10287.27,10266.9,20.3700000000008,10289.51,10265.26,24.25,True,LONG,2020-07-01 21:45:00,10294.99,True,True,True,1.1399,0.1296,1.1399,10310.49,2020-07-01 23:28:00,0.1183,10284.86,2020-07-01 22:00:00,True,2020-07-01 22:07:00,0.1183,0.0,True,10286.0,2020-07-01 21:57:00,0.0623
NQ,2020-07-02,Thursday,ODR,10328.9,10310.49,18.409999999999854,10335.5,10306.63,28.8700000000008,True,LONG,2020-07-02 04:20:00,10337.28,True,True,True,1.3721,0.0,1.3721,10354.16,2020-07-02 08:14:00,0.899,10312.35,2020-07-02 06:31:00,True,2020-07-02 04:25:00,0.899,0.899,True,10328.12,2020-07-02 05:01:00,0.0424
NQ,2020-07-02,Thursday,RDR,10425.87,10377.17,48.70000000000073,10433.92,10374.12,59.79999999999927,True,SHORT,2020-07-02 11:00:00,10361.72,True,True,True,0.0,1.0053,1.0053,10328.21,2020-07-02 15:55:00,0.7786,10415.09,2020-07-02 15:00:00,True,2020-07-02 11:15:00,0.7786,0.7786,True,10378.39,2020-07-02 11:06:00,0.0251
NQ,2020-07-03,Friday,ADR,10365.34,10352.79,12.549999999999272,10366.21,10349.75,16.459999999999127,True,LONG,2020-07-02 20:55:00,10367.29,True,True,True,1.2645,0.1952,1.2645,10381.21,2020-07-02 21:24:00,1.1952,10350.34,2020-07-02 23:05:00,True,2020-07-02 21:16:00,0.5641,1.1952,True,10362.86,2020-07-02 21:00:00,0.1976
NQ,2020-07-03,Friday,ODR,10392.08,10383.59,8.489999999999782,10395.3,10380.27,15.029999999998836,True,SHORT,2020-07-03 04:10:00,10378.91,True,True,True,0.0,3.6961,3.6961,10352.21,2020-07-03 08:06:00,0.8351,10390.68,2020-07-03 05:11:00,True,2020-07-03 04:15:00,0.8351,0.8351,True,10384.12,2020-07-03 04:45:00,0.0624
NQ,2020-07-03,Friday,RDR,10363.81,10351.21,12.600000000000364,10368.09,10346.03,22.05999999999949,True,SHORT,2020-07-03 10:30:00,10324.81,True,True,True,0.0,2.4937,2.4937,10319.79,2020-07-03 10:37:00,0.9246,10362.86,2020-07-03 12:39:00,True,2020-07-03 10:35:00,0.0,0.9246,True,10351.8,2020-07-03 11:35:00,0.0468
NQ,2020-07-06,Monday,ADR,10410.85,10401.29,9.55999999999949,10412.81,10398.53,14.279999999998836,True,LONG,2020-07-05 20:40:00,10412.82,True,False,,10.6893,0.0,10.6893,10513.04,2020-07-06 00:31:00,0.0,10411.82,2020-07-05 20:50:00,True,2020-07-05 20:46:00,0.0,0.0,False,,,
NQ,2020-07-06,Monday,ODR,10502.09,10490.41,11.680000000000291,10512.8,10488.3,24.5,True,SHORT,2020-07-06 05:00:00,10486.26,True,True,False,0.1122,1.4854,1.4854,10473.06,2020-07-06 05:10:00,0.9118,10501.06,2020-07-06 06:14:00,True,2020-07-06 05:05:00,0.0,0.9118,True,10490.8,2020-07-06 06:03:00,0.0334
NQ,2020-07-06,Monday,RDR,10550.79,10478.85,71.94000000000051,10552.84,10478.85,73.98999999999978,True,LONG,2020-07-06 10:30:00,10560.07,True,True,True,1.0288,0.0,1.0288,10624.8,2020-07-06 11:41:00,0.3091,10528.55,2020-07-06 14:21:00,True,2020-07-06 11:00:00,0.0367,0.3091,True,10548.15,2020-07-06 10:43:00,0.0367
NQ,2020-07-07,Tuesday,ADR,10666.52,10644.42,22.100000000000364,10669.29,10637.54,31.75,True,LONG,2020-07-06 20:40:00,10671.38,False,True,False,0.3068,2.233,0.3068,10673.3,2020-07-06 21:00:00,3.233,10595.07,2020-07-06 22:00:00,False,,0.1344,,True,10665.32,2020-07-06 20:48:00,0.0543
NQ,2020-07-07,Tuesday,ODR,10588.94,10554.78,34.159999999999854,10594.6,10547.34,47.26000000000022,False,,,,,,,0.0018,0.4561,,,,,,,False,,,,False,,,
NQ,2020-07-07,Tuesday,RDR,10671.61,10570.72,100.89000000000124,10678.82,10567.61,111.20999999999913,True,LONG,2020-07-07 10:50:00,10679.41,False,True,False,0.3289,0.5394,0.3289,10704.79,2020-07-07 11:26:00,1.5394,10516.3,2020-07-07 15:59:00,False,,0.0237,,True,10670.99,2020-07-07 10:59:00,0.0061
NQ,2020-07-08,Wednesday,ADR,10577.14,10555.77,21.36999999999898,10578.96,10544.21,34.75,True,LONG,2020-07-07 21:30:00,10579.12,False,True,False,0.2251,1.5559,0.153,10580.41,2020-07-07 21:36:00,2.5559,10522.52,2020-07-08 00:38:00,False,,0.0,,True,10577.13,2020-07-07 21:39:00,0.0005
NQ,2020-07-08,Wednesday,ODR,10577.27,10553.53,23.73999999999978,10583.7,10547.98,35.720000000001164,True,LONG,2020-07-08 04:40:00,10584.42,False,True,False,0.7468,0.818,0.69,10593.65,2020-07-08 08:00:00,1.818,10534.11,2020-07-08 05:44:00,True,2020-07-08 04:49:00,1.818,1.818,True,10574.03,2020-07-08 04:56:00,0.1365
NQ,2020-07-08,Wednesday,RDR,10644.18,10583.62,60.55999999999949,10651.11,10577.46,73.65000000000146,True,SHORT,2020-07-08 11:15:00,10558.67,False,True,False,0.4128,0.9756,0.9756,10524.54,2020-07-08 11:23:00,1.4128,10669.18,2020-07-08 15:59:00,True,2020-07-08 11:20:00,0.0,1.4128,True,10584.78,2020-07-08 11:43:00,0.0192
NQ,2020-07-09,Thursday,ADR,10696.01,10677.05,18.960000000000946,10704.53,10672.02,32.51000000000022,True,SHORT,2020-07-08 21:30:00,10670.69,True,True,True,0.0,1.1102,1.1102,10656.0,2020-07-08 22:36:00,0.8882,10693.89,2020-07-09 00:15:00,True,2020-07-08 21:48:00,0.0459,0.8882,True,10677.11,2020-07-08 21:41:00,0.0032
NQ,2020-07-09,Thursday,ODR,10682.14,10666.45,15.68999999999869,10684.1,10659.9,24.200000000000728,True,LONG,2020-07-09 04:00:00,10689.12,True,False,,3.3639,0.0,3.3639,10734.92,2020-07-09 08:24:00,0.0,10685.84,2020-07-09 05:25:00,True,2020-07-09 04:05:00,0.0,0.0,False,,,
NQ,2020-07-09,Thursday,RDR,10753.89,10699.62,54.26999999999862,10758.35,10691.53,66.81999999999971,True,SHORT,2020-07-09 10:40:00,10660.54,False,True,False,0.5952,2.3357,2.3357,10572.86,2020-07-09 11:19:00,1.5952,10786.19,2020-07-09 15:15:00,True,2020-07-09 10:45:00,0.0,1.5952,True,10699.68,2020-07-09 12:47:00,0.0011
NQ,2020-07-10,Friday,ADR,10766.01,10751.7,14.30999999999949,10768.2,10751.42,16.780000000000655,True,SHORT,2020-07-09 20:45:00,10747.35,True,False,,0.1663,6.2809,6.2809,10661.82,2020-07-10 01:39:00,0.0,10747.7,2020-07-09 20:50:00,True,2020-07-09 20:50:00,0.0,0.0,False,,,
NQ,2020-07-10,Friday,ODR,10698.6,10672.9,25.700000000000728,10699.33,10668.62,30.709999999999127,True,LONG,2020-07-10 04:00:00,10712.41,True,True,True,1.4626,0.0,1.4626,10736.19,2020-07-10 07:10:00,0.6109,10682.9,2020-07-10 08:12:00,True,2020-07-10 04:05:00,0.3401,0.6109,True,10696.42,2020-07-10 04:49:00,0.0848
NQ,2020-07-10,Friday,RDR,10746.35,10650.46,95.89000000000124,10762.1,10638.32,123.78000000000065,True,LONG,2020-07-10 13:05:00,10763.77,True,False,,1.0009,0.0,1.0009,10842.33,2020-07-10 15:59:00,0.0,10758.72,2020-07-10 13:10:00,True,2020-07-10 14:47:00,0.0,0.0,False,,,
NQ,2020-07-13,Monday,ADR,10905.969,10873.459,32.5099999999984,10906.769,10870.879,35.88999999999942,True,LONG,2020-07-12 21:00:00,10908.099,True,True,True,0.2301,0.0,0.2301,10913.449,2020-07-13 01:57:00,0.6823,10883.789,2020-07-12 23:13:00,False,,0.6823,,True,10905.609,2020-07-12 21:08:00,0.0111
NQ,2020-07-13,Monday,ODR,10910.389,10899.179,11.209999999999127,10916.049,10896.899,19.150000000001455,True,SHORT,2020-07-13 04:00:00,10894.399,False,True,False,4.6781,1.8127,1.8127,10878.859,2020-07-13 04:35:00,5.6781,10962.83,2020-07-13 08:00:00,True,2020-07-13 04:19:00,0.3434,5.6781,True,10899.279,2020-07-13 04:06:00,0.0089
NQ,2020-07-13,Monday,RDR,11011.32,10949.02,62.29999999999927,11013.26,10942.26,71.0,True,LONG,2020-07-13 10:40:00,11019.38,False,True,False,0.9642,6.0045,0.9642,11071.39,2020-07-13 11:31:00,7.0045,10574.94,2020-07-13 15:55:00,True,2020-07-13 10:58:00,0.205,7.0045,True,10998.55,2020-07-13 10:46:00,0.205
NQ,2020-07-14,Tuesday,ADR,10665.27,10644.58,20.69000000000051,10671.36,10630.54,40.81999999999971,True,SHORT,2020-07-13 21:25:00,10626.1,False,True,True,0.2291,1.087,0.9261,10625.42,2020-07-14 00:32:00,1.2291,10670.01,2020-07-13 22:03:00,True,2020-07-13 21:30:00,1.2291,1.2291,True,10648.3,2020-07-13 21:37:00,0.1798
NQ,2020-07-14,Tuesday,ODR,10684.5,10606.78,77.71999999999935,10689.5,10596.47,93.03000000000065,False,,,,,,,0.0,0.0504,,,,,,,False,,,,False,,,
NQ,2020-07-14,Tuesday,RDR,10620.4,10380.84,239.5599999999995,10640.97,10371.28,269.6899999999987,True,LONG,2020-07-14 14:20:00,10643.0,True,True,True,0.3359,0.0,0.3359,10700.88,2020-07-14 15:59:00,0.3401,10538.92,2020-07-14 15:16:00,False,,0.3401,,True,10619.07,2020-07-14 14:35:00,0.0056
NQ,2020-07-15,Wednesday,ADR,10742.83,10722.59,20.23999999999978,10746.32,10716.48,29.840000000000146,True,SHORT,2020-07-14 21:45:00,10710.09,True,True,True,0.0,2.4387,2.4387,10673.23,2020-07-14 23:32:00,0.0726,10724.06,2020-07-14 22:12:00,True,2020-07-14 21:50:00,0.0726,0.0726,True,10724.06,2020-07-14 22:12:00,0.0726
NQ,2020-07-15,Wednesday,ODR,10713.25,10688.97,24.280000000000655,10714.48,10681.97,32.51000000000022,True,LONG,2020-07-15 04:10:00,10715.25,False,True,True,2.1536,0.4407,2.1536,10765.54,2020-07-15 07:04:00,1.4407,10678.27,2020-07-15 05:54:00,True,2020-07-15 06:39:00,1.4407,0.3303,True,10710.45,2020-07-15 04:17:00,0.1153
NQ,2020-07-15,Wednesday,RDR,10775.74,10703.51,72.22999999999956,10778.23,10689.45,88.77999999999884,True,SHORT,2020-07-15 11:00:00,10664.94,True,True,True,0.0,1.9335,1.9335,10563.85,2020-07-15 12:04:00,0.2741,10723.31,2020-07-15 14:05:00,True,2020-07-15 11:05:00,0.0,0.2741,True,10710.77,2020-07-15 14:03:00,0.1005
NQ,2020-07-16,Thursday,ADR,10663.4,10624.34,39.05999999999949,10667.07,10618.75,48.31999999999971,True,SHORT,2020-07-15 22:20:00,10615.64,True,True,True,0.0,0.9104,0.9104,10588.78,2020-07-15 23:17:00,0.1738,10631.13,2020-07-16 00:51:00,True,2020-07-15 22:27:00,0.0,0.1738,True,10627.3,2020-07-16 00:26:00,0.0758
NQ,2020-07-16,Thursday,ODR,10608.03,10588.33,19.700000000000728,10613.24,10580.13,33.11000000000058,True,SHORT,2020-07-16 04:15:00,10579.57,True,False,,0.0,4.5036,4.5036,10499.61,2020-07-16 06:35:00,0.0,10582.62,2020-07-16 04:23:00,True,2020-07-16 04:20:00,0.0,0.0,False,,,
NQ,2020-07-16,Thursday,RDR,10606.58,10534.0,72.57999999999993,10613.31,10520.15,93.15999999999985,True,SHORT,2020-07-16 11:00:00,10505.35,False,True,False,0.7381,0.6086,0.6086,10489.83,2020-07-16 11:09:00,1.7381,10660.15,2020-07-16 15:37:00,True,2020-07-16 11:09:00,0.0,1.7381,True,10534.04,2020-07-16 11:31:00,0.0006
NQ,2020-07-17,Friday,ADR,10597.36,10575.71,21.650000000001455,10598.0,10572.82,25.18000000000029,True,LONG,2020-07-16 20:55:00,10600.1,True,True,True,1.0965,0.042,1.0965,10621.1,2020-07-16 22:32:00,1.042,10574.8,2020-07-16 21:16:00,True,2020-07-16 22:21:00,1.042,0.3838,True,10593.39,2020-07-16 21:02:00,0.1834
NQ,2020-07-17,Friday,ODR,10609.72,10589.65,20.06999999999971,10612.61,10588.73,23.88000000000102,True,LONG,2020-07-17 04:15:00,10614.38,True,True,True,1.6168,0.5002,1.6168,10642.17,2020-07-17 08:20:00,0.0578,10608.56,2020-07-17 07:43:00,True,2020-07-17 04:20:00,0.0578,0.0578,True,10609.12,2020-07-17 07:41:00,0.0299
NQ,2020-07-17,Friday,RDR,10657.18,10567.19,89.98999999999978,10664.2,10553.06,111.14000000000124,True,LONG,2020-07-17 14:50:00,10669.76,True,True,False,0.2899,0.1312,0.2899,10683.27,2020-07-17 15:37:00,0.2295,10636.53,2020-07-17 15:54:00,False,,0.1708,,True,10642.1,2020-07-17 15:01:00,0.1676
NQ,2020-07-20,Monday,ADR,10662.55,10651.3,11.25,10665.4,10650.3,15.100000000000364,True,SHORT,2020-07-19 20:45:00,10647.03,True,True,True,0.0,7.5538,7.5538,10566.32,2020-07-19 21:50:00,0.0533,10651.9,2020-07-19 21:02:00,True,2020-07-19 20:57:00,0.0533,0.0533,True,10651.9,2020-07-19 21:02:00,0.0533
NQ,2020-07-20,Monday,ODR,10585.5,10562.73,22.770000000000437,10586.74,10560.33,26.409999999999854,True,LONG,2020-07-20 04:15:00,10587.58,True,True,True,4.0993,0.0,4.0993,10678.84,2020-07-20 07:50:00,0.0518,10584.32,2020-07-20 04:22:00,True,2020-07-20 04:27:00,0.0518,0.0,True,10584.32,2020-07-20 04:22:00,0.0518
NQ,2020-07-20,Monday,RDR,10779.69,10643.22,136.47000000000116,10783.34,10620.74,162.60000000000036,True,LONG,2020-07-20 11:10:00,10783.59,True,True,True,1.4394,0.0,1.4394,10976.13,2020-07-20 15:50:00,0.0187,10777.14,2020-07-20 11:21:00,True,2020-07-20 13:12:00,0.0187,0.0,True,10777.14,2020-07-20 11:21:00,0.0187
NQ,2020-07-21,Tuesday,ADR,10979.65,10959.62,20.029999999998836,10985.9,10955.56,30.340000000000146,True,LONG,2020-07-20 20:30:00,10995.8,True,False,,4.4159,0.0,4.4159,11068.1,2020-07-21 01:53:00,0.0,10989.11,2020-07-20 21:45:00,True,2020-07-20 20:35:00,0.0,0.0,False,,,
NQ,2020-07-21,Tuesday,ODR,11059.03,11040.85,18.18000000000029,11065.06,11033.53,31.529999999998836,True,LONG,2020-07-21 04:10:00,11066.63,True,True,False,0.6073,0.4274,0.6073,11070.07,2020-07-21 04:15:00,1.4274,11033.08,2020-07-21 07:01:00,True,2020-07-21 04:15:00,0.0,1.4274,True,11057.41,2020-07-21 04:16:00,0.0891
NQ,2020-07-21,Tuesday,RDR,11013.8,10913.8,100.0,11015.6,10896.52,119.07999999999993,True,SHORT,2020-07-21 10:40:00,10879.29,True,True,True,0.0,1.1698,1.1698,10796.82,2020-07-21 15:52:00,0.3302,10946.82,2020-07-21 14:10:00,True,2020-07-21 11:49:00,0.3302,0.3302,True,10917.12,2020-07-21 10:53:00,0.0332
NQ,2020-07-22,Wednesday,ADR,10887.74,10880.9,6.8400000000001455,10891.4,10864.95,26.44999999999891,True,SHORT,2020-07-21 20:55:00,10860.64,False,True,True,5.6813,3.6067,3.6067,10856.23,2020-07-22 01:00:00,6.6813,10926.6,2020-07-21 22:55:00,True,2020-07-21 21:00:00,6.6813,6.6813,True,10885.7,2020-07-21 21:22:00,0.7018
NQ,2020-07-22,Wednesday,ODR,10880.41,10822.79,57.61999999999898,10886.36,10814.98,71.38000000000102,True,SHORT,2020-07-22 04:00:00,10812.92,False,True,False,0.2343,0.5115,0.5115,10793.32,2020-07-22 05:14:00,1.2343,10893.91,2020-07-22 07:29:00,True,2020-07-22 04:45:00,0.114,1.2343,True,10824.4,2020-07-22 04:13:00,0.0279
NQ,2020-07-22,Wednesday,RDR,10903.41,10848.92,54.48999999999978,10911.0,10833.72,77.28000000000065,True,SHORT,2020-07-22 10:45:00,10818.22,True,True,False,0.0,1.3779,1.3779,10773.84,2020-07-22 11:15:00,0.6988,10887.0,2020-07-22 15:50:00,True,2020-07-22 10:50:00,0.0,0.6988,True,10849.64,2020-07-22 11:40:00,0.0132
NQ,2020-07-23,Thursday,ADR,10849.98,10817.39,32.590000000000146,10850.3,10816.89,33.409999999999854,True,LONG,2020-07-22 21:35:00,10853.87,True,True,False,0.3848,0.0156,0.3848,10862.52,2020-07-22 21:58:00,1.0147,10816.91,2020-07-22 22:51:00,False,,0.0,,True,10847.98,2020-07-22 22:05:00,0.0614
NQ,2020-07-23,Thursday,ODR,10926.72,10906.64,20.079999999999927,10929.95,10902.3,27.650000000001455,True,LONG,2020-07-23 04:05:00,10930.68,False,True,False,0.248,1.999,0.248,10931.7,2020-07-23 04:19:00,2.999,10866.5,2020-07-23 08:12:00,False,,0.4781,,True,10925.39,2020-07-23 04:10:00,0.0662
NQ,2020-07-23,Thursday,RDR,10872.6,10785.24,87.36000000000058,10882.72,10783.42,99.29999999999927,True,SHORT,2020-07-23 12:00:00,10767.06,True,False,,0.0,2.9518,2.9518,10527.37,2020-07-23 14:17:00,0.0,10772.78,2020-07-23 12:06:00,True,2020-07-23 12:10:00,0.0,0.0,False,,,
NQ,2020-07-24,Friday,ADR,10595.72,10587.08,8.639999999999418,10599.1,10585.35,13.75,True,LONG,2020-07-23 20:55:00,10607.3,False,True,False,1.5718,14.4028,1.5718,10609.3,2020-07-23 21:00:00,15.4028,10462.64,2020-07-23 23:48:00,True,2020-07-23 21:00:00,0.0,15.4028,True,10595.62,2020-07-23 21:18:00,0.0116
NQ,2020-07-24,Friday,ODR,10448.68,10392.24,56.44000000000051,10456.92,10391.24,65.68000000000029,True,LONG,2020-07-24 05:30:00,10465.03,True,True,True,1.0829,0.0,1.0829,10509.8,2020-07-24 07:09:00,0.4623,10422.59,2020-07-24 07:47:00,True,2020-07-24 05:58:00,0.0,0.4623,True,10445.29,2020-07-24 07:41:00,0.0601
NQ,2020-07-24,Friday,RDR,10464.6,10348.32,116.28000000000065,10474.54,10314.85,159.6900000000005,True,LONG,2020-07-24 10:50:00,10477.08,True,True,True,0.6771,0.0,0.6771,10543.33,2020-07-24 11:28:00,0.6003,10394.8,2020-07-24 13:15:00,True,2020-07-24 11:24:00,0.0,0.6003,True,10457.56,2020-07-24 12:14:00,0.0605
NQ,2020-07-27,Monday,ADR,10515.55,10431.17,84.3799999999992,10515.89,10431.17,84.71999999999935,True,LONG,2020-07-26 21:00:00,10517.77,True,True,True,0.4557,0.0,0.4557,10554.0,2020-07-27 00:35:00,0.3542,10485.66,2020-07-26 22:28:00,False,,0.3542,,True,10512.68,2020-07-26 21:11:00,0.034
NQ,2020-07-27,Monday,ODR,10538.82,10515.76,23.05999999999949,10541.72,10507.34,34.3799999999992,True,LONG,2020-07-27 05:15:00,10546.61,True,False,,2.5663,0.0,2.5663,10598.0,2020-07-27 06:37:00,0.0,10543.11,2020-07-27 05:23:00,True,2020-07-27 05:21:00,0.0,0.0,False,,,
NQ,2020-07-27,Monday,RDR,10634.0,10558.25,75.75,10648.09,10526.56,121.53000000000065,True,LONG,2020-07-27 14:20:00,10657.35,True,True,True,0.7432,0.4708,0.7432,10690.3,2020-07-27 15:30:00,0.0451,10630.58,2020-07-27 14:57:00,True,2020-07-27 15:03:00,0.0451,0.0,True,10632.39,2020-07-27 14:55:00,0.0213
NQ,2020-07-28,Tuesday,ADR,10728.12,10694.17,33.95000000000073,10734.72,10692.7,42.01999999999862,True,LONG,2020-07-27 20:55:00,10742.0,True,True,False,1.1776,0.0831,1.1776,10768.1,2020-07-27 21:19:00,1.0831,10691.35,2020-07-28 01:46:00,True,2020-07-27 21:00:00,0.0,1.0831,True,10725.64,2020-07-27 23:16:00,0.073
NQ,2020-07-28,Tuesday,ODR,10720.92,10691.32,29.600000000000364,10725.27,10679.59,45.68000000000029,True,SHORT,2020-07-28 04:20:00,10668.3,True,True,True,0.0,2.7088,2.7088,10611.14,2020-07-28 07:31:00,0.1514,10695.8,2020-07-28 05:02:00,True,2020-07-28 04:25:00,0.1514,0.1514,True,10692.6,2020-07-28 05:00:00,0.0432
NQ,2020-07-28,Tuesday,RDR,10641.58,10573.72,67.86000000000058,10656.92,10568.19,88.72999999999956,True,SHORT,2020-07-28 15:30:00,10554.9,True,False,,0.3053,0.7209,0.7209,10524.8,2020-07-28 15:58:00,0.0,10567.8,2020-07-28 15:46:00,True,2020-07-28 15:50:00,0.0,0.0,False,,,
NQ,2020-07-29,Wednesday,ADR,10579.88,10561.61,18.269999999998618,10582.3,10554.2,28.099999999998545,True,LONG,2020-07-28 20:45:00,10587.2,False,True,False,0.5041,2.1253,0.4882,10588.8,2020-07-28 20:53:00,3.1253,10522.78,2020-07-29 00:49:00,False,,0.0,,True,10579.39,2020-07-28 21:01:00,0.0268
NQ,2020-07-29,Wednesday,ODR,10612.3,10579.76,32.539999999999054,10615.88,10579.74,36.13999999999942,True,SHORT,2020-07-29 05:05:00,10575.3,False,True,False,0.4456,0.1518,0.1518,10574.82,2020-07-29 05:10:00,1.4456,10626.8,2020-07-29 08:14:00,False,,0.0277,,True,10580.66,2020-07-29 05:10:00,0.0277
NQ,2020-07-29,Wednesday,RDR,10637.28,10585.78,51.5,10642.8,10582.05,60.75,True,LONG,2020-07-29 10:35:00,10652.8,True,True,True,1.1317,0.0,1.1317,10695.56,2020-07-29 14:43:00,0.8047,10595.84,2020-07-29 12:10:00,True,2020-07-29 14:31:00,0.8047,0.3017,True,10634.67,2020-07-29 11:03:00,0.0507
NQ,2020-07-30,Thursday,ADR,10693.05,10671.22,21.829999999999927,10693.66,10669.12,24.539999999999054,True,SHORT,2020-07-29 21:35:00,10668.74,True,True,True,0.0,0.6917,0.6917,10656.12,2020-07-30 01:36:00,0.902,10690.91,2020-07-29 23:24:00,True,2020-07-30 01:36:00,0.902,0.0444,True,10673.9,2020-07-29 21:40:00,0.1228
NQ,2020-07-30,Thursday,ODR,10638.37,10563.57,74.80000000000109,10645.0,10556.12,88.8799999999992,True,SHORT,2020-07-30 04:55:00,10540.53,True,True,False,0.0,0.6775,0.6775,10512.89,2020-07-30 06:56:00,0.5886,10607.6,2020-07-30 07:51:00,True,2020-07-30 06:56:00,0.4789,0.5886,True,10573.1,2020-07-30 05:31:00,0.1274
NQ,2020-07-30,Thursday,RDR,10613.11,10549.58,63.530000000000655,10631.77,10526.32,105.45000000000073,True,LONG,2020-07-30 11:30:00,10648.82,True,False,,1.9753,0.0,1.9753,10738.6,2020-07-30 15:33:00,0.0,10645.11,2020-07-30 11:37:00,True,2020-07-30 11:35:00,0.0,0.0,False,,,
NQ,2020-07-31,Friday,ADR,10920.28,10905.9,14.380000000001019,10925.7,10903.72,21.980000000001382,True,SHORT,2020-07-30 20:30:00,10897.7,False,True,True,1.9903,3.564,3.564,10854.65,2020-07-31 01:45:00,2.9903,10948.9,2020-07-30 21:50:00,True,2020-07-30 20:35:00,2.9903,2.9903,True,10905.9,2020-07-30 20:36:00,0.0
NQ,2020-07-31,Friday,ODR,10924.32,10890.99,33.32999999999993,10932.9,10887.33,45.56999999999971,True,LONG,2020-07-31 08:15:00,10934.51,True,False,,0.5725,0.1557,0.5725,10943.4,2020-07-31 08:22:00,0.0,10928.2,2020-07-31 08:29:00,True,2020-07-31 08:22:00,0.0,0.0,False,,,
NQ,2020-07-31,Friday,RDR,10905.8,10742.72,163.07999999999993,10911.21,10725.4,185.8099999999995,True,SHORT,2020-07-31 12:35:00,10719.49,False,True,False,0.0105,0.2404,0.2404,10703.52,2020-07-31 12:57:00,1.0105,10907.51,2020-07-31 15:59:00,False,,0.0128,,True,10744.8,2020-07-31 12:44:00,0.0128
NQ,2020-08-03,Monday,ADR,10923.33,10894.92,28.409999999999854,10930.6,10894.11,36.48999999999978,True,LONG,2020-08-02 20:30:00,10940.44,True,True,True,1.4875,0.0,1.4875,10965.59,2020-08-02 21:45:00,0.07,10921.34,2020-08-03 00:06:00,True,2020-08-02 20:35:00,0.0,0.07,True,10922.0,2020-08-03 00:05:00,0.0468
NQ,2020-08-03,Monday,ODR,10946.0,10914.4,31.600000000000364,10947.59,10910.48,37.11000000000058,True,LONG,2020-08-03 04:00:00,10960.41,True,True,True,2.2016,0.0,2.2016,11015.57,2020-08-03 07:36:00,0.4313,10932.37,2020-08-03 04:41:00,True,2020-08-03 04:07:00,0.4313,0.4313,True,10942.8,2020-08-03 04:34:00,0.1013
NQ,2020-08-03,Monday,RDR,11061.98,10998.54,63.43999999999869,11079.7,10994.28,85.42000000000007,True,LONG,2020-08-03 14:35:00,11080.4,True,True,False,0.3597,0.0,0.3597,11084.8,2020-08-03 14:41:00,0.524,11028.74,2020-08-03 15:16:00,False,,0.0,,True,11060.42,2020-08-03 15:05:00,0.0246
NQ,2020-08-04,Tuesday,ADR,11053.6,11040.6,13.0,11054.66,11037.88,16.780000000000655,True,LONG,2020-08-03 20:35:00,11056.06,True,True,True,2.1554,0.0,2.1554,11081.62,2020-08-03 21:15:00,0.5192,11046.85,2020-08-03 23:16:00,True,2020-08-03 20:42:00,0.2615,0.5192,True,11053.07,2020-08-03 20:58:00,0.0408
NQ,2020-08-04,Tuesday,ODR,11094.9,11024.83,70.06999999999971,11102.59,11022.86,79.72999999999956,True,SHORT,2020-08-04 04:00:00,11019.9,True,True,True,0.0,0.3893,0.3893,10997.55,2020-08-04 04:50:00,0.2008,11038.9,2020-08-04 07:01:00,False,,0.0795,,True,11027.21,2020-08-04 04:15:00,0.034
NQ,2020-08-04,Tuesday,RDR,11092.3,11026.31,65.98999999999978,11093.68,11018.57,75.11000000000058,True,SHORT,2020-08-04 14:30:00,11010.11,False,True,False,0.0833,0.3775,0.3775,11001.4,2020-08-04 14:38:00,1.0833,11097.8,2020-08-04 15:59:00,False,,0.0,,True,11026.8,2020-08-04 14:48:00,0.0074
NQ,2020-08-05,Wednesday,ADR,11092.82,11076.9,15.920000000000073,11094.3,11071.06,23.23999999999978,True,LONG,2020-08-04 22:45:00,11097.66,True,False,,1.5817,0.5327,1.5817,11118.0,2020-08-05 01:45:00,0.0,11095.6,2020-08-04 23:09:00,True,2020-08-04 23:11:00,0.0,0.0,False,,,
NQ,2020-08-05,Wednesday,ODR,11146.37,11130.5,15.8700000000008,11148.8,11128.61,20.18999999999869,True,SHORT,2020-08-05 04:20:00,11121.83,False,True,True,0.6068,2.1172,2.1172,11096.9,2020-08-05 08:15:00,1.6068,11156.0,2020-08-05 05:46:00,True,2020-08-05 04:25:00,1.6068,1.6068,True,11130.62,2020-08-05 04:42:00,0.0076
NQ,2020-08-05,Wednesday,RDR,11132.13,11083.59,48.539999999999054,11140.8,11078.38,62.42000000000007,False,,,,,,,0.191,0.0,,,,,,,False,,,,False,,,
NQ,2020-08-06,Thursday,ADR,11126.11,11099.12,26.98999999999978,11126.8,11096.97,29.829999999999927,True,LONG,2020-08-05 21:20:00,11134.52,False,True,False,0.385,0.7377,0.385,11136.5,2020-08-05 21:27:00,1.7377,11079.21,2020-08-06 00:16:00,False,,0.0,,True,11124.75,2020-08-05 21:45:00,0.0504
NQ,2020-08-06,Thursday,ODR,11130.96,11095.16,35.79999999999927,11138.7,11094.59,44.11000000000058,True,SHORT,2020-08-06 06:30:00,11088.82,True,True,True,0.0,0.9179,0.9179,11062.3,2020-08-06 07:49:00,0.0235,11096.0,2020-08-06 07:33:00,True,2020-08-06 06:51:00,0.0235,0.0235,True,11095.8,2020-08-06 07:32:00,0.0179
NQ,2020-08-06,Thursday,RDR,11155.62,11098.98,56.64000000000124,11158.7,11085.72,72.98000000000138,True,LONG,2020-08-06 12:10:00,11160.81,True,True,True,2.2348,0.119,2.2348,11282.2,2020-08-06 15:21:00,0.0378,11153.48,2020-08-06 12:18:00,True,2020-08-06 12:59:00,0.0378,0.0,True,11153.48,2020-08-06 12:18:00,0.0378
NQ,2020-08-07,Friday,ADR,11284.98,11255.32,29.659999999999854,11290.5,11250.69,39.80999999999949,True,SHORT,2020-08-06 22:25:00,11238.76,True,False,,0.0,2.1453,2.1453,11191.69,2020-08-07 00:02:00,0.0,11242.72,2020-08-06 23:00:00,True,2020-08-06 22:30:00,0.0,0.0,False,,,
NQ,2020-08-07,Friday,ODR,11243.0,11209.5,33.5,11244.0,11201.17,42.82999999999993,False,,,,,,,0.1194,0.349,,,,,,,False,,,,False,,,
NQ,2020-08-07,Friday,RDR,11255.98,11226.12,29.859999999998763,11259.7,11215.19,44.51000000000022,True,LONG,2020-08-07 10:50:00,11273.42,False,True,False,0.6708,6.1038,0.6708,11276.01,2020-08-07 10:55:00,7.1038,11043.86,2020-08-07 14:24:00,True,2020-08-07 10:55:00,0.0,7.1038,True,11252.15,2020-08-07 11:03:00,0.1283
NQ,2020-08-10,Monday,ADR,11123.94,11098.94,25.0,11126.4,11098.19,28.209999999999127,True,LONG,2020-08-10 00:20:00,11126.9,True,True,True,0.7132,0.2496,0.7132,11141.77,2020-08-10 01:56:00,0.0652,11122.31,2020-08-10 00:51:00,True,2020-08-10 01:21:00,0.0652,0.0,True,11123.8,2020-08-10 00:48:00,0.0056
NQ,2020-08-10,Monday,ODR,11132.9,11113.89,19.01000000000022,11136.9,11106.81,30.090000000000146,True,SHORT,2020-08-10 04:40:00,11106.28,False,True,False,0.4471,0.6249,0.425,11105.81,2020-08-10 04:45:00,1.4471,11141.4,2020-08-10 08:18:00,False,,0.0,,True,11113.9,2020-08-10 04:48:00,0.0005
NQ,2020-08-10,Monday,RDR,11149.27,11059.83,89.44000000000051,11154.33,11052.71,101.6200000000008,True,SHORT,2020-08-10 10:35:00,11046.71,True,True,False,0.0,1.3432,1.3432,10939.69,2020-08-10 11:00:00,0.592,11112.78,2020-08-10 13:13:00,True,2020-08-10 10:45:00,0.0,0.592,True,11063.21,2020-08-10 12:43:00,0.0378
NQ,2020-08-11,Tuesday,ADR,11082.49,11070.47,12.020000000000437,11085.7,11069.14,16.56000000000131,True,LONG,2020-08-10 20:30:00,11088.39,True,False,,4.3852,0.0,4.3852,11135.2,2020-08-11 01:57:00,0.0,11085.88,2020-08-10 20:40:00,True,2020-08-10 20:37:00,0.0,0.0,False,,,
NQ,2020-08-11,Tuesday,ODR,11138.14,11099.36,38.779999999998836,11139.14,11095.7,43.43999999999869,True,LONG,2020-08-11 04:30:00,11139.27,False,True,False,0.6779,1.0227,0.6779,11164.43,2020-08-11 05:00:00,2.0227,11059.7,2020-08-11 08:27:00,True,2020-08-11 05:00:00,0.0397,2.0227,True,11136.6,2020-08-11 04:35:00,0.0397
NQ,2020-08-11,Tuesday,RDR,11038.37,10964.14,74.23000000000138,11050.4,10950.28,100.11999999999898,True,LONG,2020-08-11 11:05:00,11056.34,False,True,False,0.7281,1.468,0.7281,11092.42,2020-08-11 12:46:00,2.468,10855.17,2020-08-11 15:53:00,True,2020-08-11 11:27:00,0.2327,2.468,True,11032.14,2020-08-11 11:51:00,0.0839
NQ,2020-08-12,Wednesday,ADR,10956.5,10929.8,26.700000000000728,10957.32,10928.09,29.229999999999563,True,SHORT,2020-08-11 20:35:00,10914.12,True,True,True,0.0,1.5914,1.5914,10887.31,2020-08-11 22:18:00,0.197,10935.06,2020-08-11 21:19:00,True,2020-08-11 20:40:00,0.197,0.197,True,10931.2,2020-08-11 21:12:00,0.0524
NQ,2020-08-12,Wednesday,ODR,10976.65,10950.08,26.56999999999971,10979.59,10944.66,34.93000000000029,True,LONG,2020-08-12 04:15:00,10981.11,True,True,False,0.8269,0.0,0.8269,10998.62,2020-08-12 06:14:00,0.4554,10964.55,2020-08-12 07:58:00,True,2020-08-12 04:22:00,0.2751,0.4554,True,10975.82,2020-08-12 04:30:00,0.0312
NQ,2020-08-12,Wednesday,RDR,11102.05,10967.67,134.3799999999992,11110.27,10967.67,142.60000000000036,True,LONG,2020-08-12 10:50:00,11116.53,True,False,,0.6613,0.0,0.6613,11190.92,2020-08-12 14:00:00,0.0,11106.57,2020-08-12 11:03:00,True,2020-08-12 12:24:00,0.0,0.0,False,,,
NQ,2020-08-13,Thursday,ADR,11152.7,11130.2,22.5,11154.5,11127.24,27.26000000000022,True,SHORT,2020-08-12 20:50:00,11118.3,True,True,True,0.12,1.3418,1.3418,11100.01,2020-08-12 21:01:00,0.4484,11140.29,2020-08-12 21:32:00,True,2020-08-12 20:55:00,0.0,0.4484,True,11131.32,2020-08-12 21:30:00,0.0498
NQ,2020-08-13,Thursday,ODR,11150.23,11120.46,29.770000000000437,11153.7,11112.62,41.07999999999993,True,SHORT,2020-08-13 04:05:00,11106.3,False,True,False,0.7212,0.6661,0.6661,11100.63,2020-08-13 04:17:00,1.7212,11171.7,2020-08-13 08:17:00,True,2020-08-13 04:10:00,0.0,1.7212,True,11121.04,2020-08-13 04:42:00,0.0195
NQ,2020-08-13,Thursday,RDR,11231.77,11179.12,52.649999999999636,11235.51,11170.9,64.61000000000058,True,LONG,2020-08-13 10:30:00,11244.47,False,True,False,0.7736,0.8122,0.7736,11272.5,2020-08-13 13:00:00,1.8122,11136.36,2020-08-13 14:53:00,True,2020-08-13 11:05:00,0.1588,1.8122,True,11230.0,2020-08-13 11:34:00,0.0336
NQ,2020-08-14,Friday,ADR,11216.92,11205.41,11.510000000000218,11219.06,11201.89,17.170000000000073,True,SHORT,2020-08-13 20:40:00,11198.69,True,True,False,0.1468,1.3736,1.3736,11189.6,2020-08-13 21:20:00,1.1468,11218.61,2020-08-14 01:25:00,True,2020-08-13 20:45:00,0.4075,1.1468,True,11207.01,2020-08-13 21:00:00,0.139
NQ,2020-08-14,Friday,ODR,11217.37,11159.33,58.04000000000087,11220.8,11154.06,66.73999999999978,True,SHORT,2020-08-14 06:05:00,11145.69,True,True,False,0.0388,0.2731,0.2576,11144.38,2020-08-14 06:10:00,1.0388,11219.62,2020-08-14 07:40:00,False,,0.0,,True,11159.9,2020-08-14 06:25:00,0.0098
NQ,2020-08-14,Friday,RDR,11206.66,11110.97,95.69000000000051,11212.67,11107.7,104.96999999999935,False,,,,,,,0.0,0.0896,,,,,,,False,,,,False,,,
NQ,2020-08-17,Monday,ADR,11168.12,11158.72,9.400000000001455,11169.07,11157.46,11.610000000000582,True,LONG,2020-08-16 21:25:00,11169.69,True,True,True,2.817,0.0,2.817,11194.6,2020-08-16 23:04:00,0.266,11165.62,2020-08-16 21:36:00,True,2020-08-16 21:30:00,0.266,0.266,True,11165.9,2020-08-16 21:34:00,0.2362
NQ,2020-08-17,Monday,ODR,11209.6,11185.36,24.23999999999978,11213.1,11180.46,32.64000000000124,True,LONG,2020-08-17 07:00:00,11215.09,True,True,True,0.6918,0.0,0.6918,11226.37,2020-08-17 08:27:00,0.1609,11205.7,2020-08-17 07:34:00,True,2020-08-17 07:08:00,0.1609,0.1609,True,11207.57,2020-08-17 07:30:00,0.0837
NQ,2020-08-17,Monday,RDR,11277.51,11233.59,43.92000000000007,11282.41,11228.6,53.80999999999949,True,LONG,2020-08-17 13:05:00,11283.89,True,True,True,0.6327,0.0,0.6327,11305.3,2020-08-17 15:44:00,0.0708,11274.4,2020-08-17 13:29:00,True,2020-08-17 15:30:00,0.0708,0.0,True,11276.1,2020-08-17 13:28:00,0.0321
NQ,2020-08-18,Tuesday,ADR,11313.1,11306.12,6.979999999999563,11316.3,11304.28,12.019999999998618,True,SHORT,2020-08-17 21:10:00,11302.72,True,False,,0.0716,3.0244,3.0244,11285.01,2020-08-17 22:48:00,0.0,11303.9,2020-08-18 00:24:00,True,2020-08-17 21:15:00,0.0,0.0,False,,,
NQ,2020-08-18,Tuesday,ODR,11291.32,11281.01,10.30999999999949,11294.21,11276.95,17.2599999999984,True,LONG,2020-08-18 04:05:00,11294.98,True,True,True,5.1979,0.0,5.1979,11344.91,2020-08-18 08:29:00,0.1562,11289.71,2020-08-18 04:50:00,True,2020-08-18 04:10:00,0.1562,0.1562,True,11289.77,2020-08-18 04:40:00,0.1503
NQ,2020-08-18,Tuesday,RDR,11380.92,11286.81,94.11000000000058,11386.3,11283.2,103.09999999999854,True,LONG,2020-08-18 12:40:00,11387.2,True,True,True,0.4193,0.1309,0.4193,11420.38,2020-08-18 15:21:00,0.1252,11369.14,2020-08-18 13:00:00,False,,0.1252,,True,11377.23,2020-08-18 12:47:00,0.0392
NQ,2020-08-19,Wednesday,ADR,11420.5,11406.09,14.409999999999854,11421.32,11406.0,15.319999999999709,True,SHORT,2020-08-18 20:35:00,11404.7,False,True,False,0.8182,0.347,0.347,11401.09,2020-08-18 20:49:00,1.8182,11432.29,2020-08-18 23:35:00,False,,0.152,,True,11406.88,2020-08-18 20:40:00,0.0548
NQ,2020-08-19,Wednesday,ODR,11429.8,11403.52,26.279999999998836,11430.82,11395.87,34.94999999999891,True,SHORT,2020-08-19 08:05:00,11393.3,True,False,,0.0761,1.0167,1.0167,11376.8,2020-08-19 08:19:00,0.0,11398.5,2020-08-19 08:12:00,True,2020-08-19 08:13:00,0.0,0.0,False,,,
NQ,2020-08-19,Wednesday,RDR,11403.92,11347.89,56.030000000000655,11418.5,11336.87,81.6299999999992,True,LONG,2020-08-19 11:30:00,11420.3,False,True,False,0.6475,0.8215,0.6475,11440.2,2020-08-19 12:02:00,1.8215,11301.86,2020-08-19 15:50:00,True,2020-08-19 11:58:00,0.0,1.8215,True,11389.51,2020-08-19 14:07:00,0.2572
NQ,2020-08-20,Thursday,ADR,11305.63,11283.34,22.289999999999054,11306.18,11280.6,25.579999999999927,True,SHORT,2020-08-19 21:10:00,11272.8,True,True,True,0.0,2.6994,2.6994,11223.17,2020-08-19 22:44:00,0.0135,11283.64,2020-08-20 01:21:00,True,2020-08-19 21:15:00,0.0,0.0135,True,11283.64,2020-08-20 01:21:00,0.0135
NQ,2020-08-20,Thursday,ODR,11298.59,11267.28,31.30999999999949,11301.07,11259.81,41.26000000000022,True,LONG,2020-08-20 05:40:00,11307.86,True,False,,1.2549,0.1718,1.2549,11337.88,2020-08-20 06:57:00,0.0,11304.16,2020-08-20 05:45:00,True,2020-08-20 05:54:00,0.0,0.0,False,,,
NQ,2020-08-20,Thursday,RDR,11371.61,11285.86,85.75,11383.82,11270.0,113.81999999999971,True,LONG,2020-08-20 10:50:00,11392.8,True,True,True,1.4817,0.0,1.4817,11498.67,2020-08-20 15:49:00,0.0468,11367.6,2020-08-20 11:10:00,True,2020-08-20 11:36:00,0.0468,0.0,True,11369.15,2020-08-20 11:09:00,0.0287
NQ,2020-08-21,Friday,ADR,11517.28,11495.22,22.06000000000131,11518.8,11494.31,24.48999999999978,True,LONG,2020-08-20 20:55:00,11519.02,True,True,False,0.3681,0.0521,0.3681,11525.4,2020-08-20 21:00:00,1.0521,11494.07,2020-08-20 22:27:00,False,,0.0,,True,11516.59,2020-08-20 21:04:00,0.0313
NQ,2020-08-21,Friday,ODR,11505.29,11472.86,32.43000000000029,11507.39,11467.17,40.219999999999345,True,SHORT,2020-08-21 06:45:00,11451.5,True,True,True,0.0,1.9886,1.9886,11408.37,2020-08-21 08:11:00,0.0629,11474.9,2020-08-21 07:13:00,True,2020-08-21 06:50:00,0.0629,0.0629,True,11473.3,2020-08-21 07:04:00,0.0136
NQ,2020-08-21,Friday,RDR,11525.81,11465.82,59.98999999999978,11530.31,11457.8,72.51000000000022,True,LONG,2020-08-21 10:30:00,11542.03,True,True,True,0.8496,0.0,0.8496,11576.78,2020-08-21 15:01:00,0.5904,11490.39,2020-08-21 11:59:00,True,2020-08-21 10:55:00,0.5904,0.5904,True,11525.73,2020-08-21 11:04:00,0.0013
NQ,2020-08-24,Monday,ADR,11593.4,11578.14,15.260000000000218,11593.8,11570.38,23.420000000000073,True,LONG,2020-08-23 21:15:00,11599.04,True,False,,1.5858,0.0,1.5858,11617.6,2020-08-23 23:36:00,0.0,11597.37,2020-08-23 21:50:00,True,2020-08-23 21:21:00,0.0,0.0,False,,,
NQ,2020-08-24,Monday,ODR,11654.88,11620.31,34.56999999999971,11657.12,11619.72,37.400000000001455,True,LONG,2020-08-24 04:05:00,11658.62,True,True,True,1.1548,0.0,1.1548,11694.8,2020-08-24 08:07:00,0.0616,11652.75,2020-08-24 04:15:00,True,2020-08-24 04:20:00,0.0616,0.0,True,11654.72,2020-08-24 04:11:00,0.0046
NQ,2020-08-24,Monday,RDR,11717.71,11610.5,107.20999999999913,11726.41,11595.36,131.04999999999927,True,SHORT,2020-08-24 10:45:00,11589.06,True,True,False,0.0,0.7259,0.7259,11532.68,2020-08-24 10:58:00,0.3162,11644.4,2020-08-24 12:17:00,True,2020-08-24 10:53:00,0.0,0.3162,True,11613.58,2020-08-24 11:43:00,0.0287
NQ,2020-08-25,Tuesday,ADR,11651.06,11635.09,15.969999999999345,11654.71,11634.18,20.529999999998836,True,LONG,2020-08-24 21:00:00,11655.57,True,False,,2.5679,0.0,2.5679,11692.07,2020-08-24 22:17:00,0.0,11651.87,2020-08-24 21:13:00,True,2020-08-24 21:20:00,0.0,0.0,False,,,
NQ,2020-08-25,Tuesday,ODR,11689.36,11680.08,9.280000000000655,11689.86,11676.22,13.640000000001237,True,SHORT,2020-08-25 04:10:00,11675.52,True,False,,0.0,7.528,7.528,11610.22,2020-08-25 08:17:00,0.0,11678.8,2020-08-25 04:18:00,True,2020-08-25 04:15:00,0.0,0.0,False,,,
NQ,2020-08-25,Tuesday,RDR,11642.12,11589.74,52.38000000000102,11648.6,11578.42,70.18000000000029,True,LONG,2020-08-25 11:00:00,11656.01,True,True,True,1.5536,0.0,1.5536,11723.5,2020-08-25 15:59:00,0.252,11628.92,2020-08-25 12:15:00,True,2020-08-25 11:12:00,0.252,0.252,True,11641.98,2020-08-25 11:43:00,0.0027
NQ,2020-08-26,Wednesday,ADR,11758.69,11743.76,14.930000000000291,11760.6,11743.76,16.840000000000146,True,SHORT,2020-08-25 20:55:00,11743.19,True,True,True,0.0,0.7502,0.7502,11732.56,2020-08-25 21:19:00,0.6323,11753.2,2020-08-25 21:50:00,True,2020-08-25 21:18:00,0.1239,0.6323,True,11745.61,2020-08-25 21:02:00,0.1239
NQ,2020-08-26,Wednesday,ODR,11748.9,11732.31,16.590000000000146,11750.43,11729.27,21.159999999999854,True,LONG,2020-08-26 04:15:00,11754.65,True,True,True,2.2477,0.0,2.2477,11786.19,2020-08-26 07:38:00,0.3599,11742.93,2020-08-26 08:23:00,True,2020-08-26 04:20:00,0.0,0.3599,True,11746.51,2020-08-26 08:16:00,0.1441
NQ,2020-08-26,Wednesday,RDR,11809.19,11771.82,37.3700000000008,11813.01,11766.62,46.38999999999942,True,LONG,2020-08-26 10:30:00,11821.62,True,False,,4.5253,0.0,4.5253,11978.3,2020-08-26 15:57:00,0.0,11818.22,2020-08-26 10:37:00,True,2020-08-26 10:40:00,0.0,0.0,False,,,
NQ,2020-08-27,Thursday,ADR,11971.88,11959.82,12.05999999999949,11974.71,11958.89,15.819999999999709,True,LONG,2020-08-26 21:00:00,11978.3,False,True,False,0.8864,1.8831,0.791,11981.42,2020-08-26 21:12:00,2.8831,11937.11,2020-08-26 22:21:00,True,2020-08-26 21:05:00,0.0,2.8831,True,11971.02,2020-08-26 21:16:00,0.0713
NQ,2020-08-27,Thursday,ODR,11982.9,11963.35,19.549999999999272,11982.9,11960.32,22.579999999999927,True,SHORT,2020-08-27 04:10:00,11954.24,True,True,False,0.0,0.9003,0.9003,11945.75,2020-08-27 07:50:00,0.7954,11978.9,2020-08-27 07:36:00,True,2020-08-27 04:15:00,0.7954,0.7954,True,11964.76,2020-08-27 04:21:00,0.0721
NQ,2020-08-27,Thursday,RDR,12015.34,11924.32,91.02000000000044,12016.59,11906.74,109.85000000000036,True,LONG,2020-08-27 11:00:00,12029.83,False,True,False,0.371,0.9499,0.371,12049.11,2020-08-27 11:48:00,1.9499,11837.86,2020-08-27 12:53:00,False,,0.2891,,True,12014.23,2020-08-27 11:14:00,0.0122
NQ,2020-08-28,Friday,ADR,11973.1,11962.37,10.729999999999563,11975.4,11961.62,13.779999999998836,True,SHORT,2020-08-27 20:40:00,11958.69,False,True,False,4.1053,2.425,2.425,11936.35,2020-08-27 21:19:00,5.1053,12017.15,2020-08-27 23:03:00,True,2020-08-27 20:48:00,0.1696,5.1053,True,11962.72,2020-08-27 20:45:00,0.0326
NQ,2020-08-28,Friday,ODR,11983.63,11931.86,51.76999999999862,11985.78,11923.52,62.26000000000022,False,,,,,,,0.0,0.1972,,,,,,,False,,,,False,,,
NQ,2020-08-28,Friday,RDR,12008.11,11967.56,40.55000000000109,12020.1,11950.18,69.92000000000007,True,SHORT,2020-08-28 13:10:00,11940.85,False,True,False,0.1748,0.9709,0.9709,11928.19,2020-08-28 13:33:00,1.1748,12015.2,2020-08-28 15:47:00,True,2020-08-28 13:15:00,0.0,1.1748,True,11970.82,2020-08-28 13:52:00,0.0804
NQ,2020-08-31,Monday,ADR,12074.42,12034.86,39.55999999999949,12077.31,12033.13,44.18000000000029,True,LONG,2020-08-30 20:30:00,12079.07,True,True,False,0.4712,0.0,0.4712,12093.06,2020-08-30 23:49:00,0.3079,12062.24,2020-08-31 01:29:00,False,,0.0174,,True,12073.73,2020-08-30 21:10:00,0.0174
NQ,2020-08-31,Monday,ODR,12066.38,12047.03,19.349999999998545,12070.4,12042.78,27.61999999999898,True,SHORT,2020-08-31 04:00:00,12029.2,True,True,True,0.0,2.1964,2.1964,12004.53,2020-08-31 08:21:00,0.2124,12051.14,2020-08-31 06:49:00,True,2020-08-31 04:05:00,0.2124,0.2124,True,12050.62,2020-08-31 06:48:00,0.1855
NQ,2020-08-31,Monday,RDR,12066.05,12002.22,63.82999999999993,12067.6,11996.34,71.26000000000022,True,LONG,2020-08-31 10:45:00,12079.62,True,True,True,1.5894,0.0,1.5894,12167.5,2020-08-31 15:53:00,0.7305,12019.42,2020-08-31 11:27:00,True,2020-08-31 11:06:00,0.7305,0.7305,True,12055.08,2020-08-31 11:21:00,0.1719
NQ,2020-09-01,Tuesday,ADR,12145.65,12107.4,38.25,12149.0,12107.02,41.97999999999956,True,LONG,2020-08-31 21:35:00,12151.07,True,False,,0.7961,0.0,0.7961,12176.1,2020-08-31 22:07:00,0.0,12147.06,2020-08-31 21:44:00,True,2020-08-31 21:58:00,0.0,0.0,False,,,
NQ,2020-09-01,Tuesday,ODR,12232.57,12191.34,41.22999999999956,12235.71,12187.64,48.06999999999971,True,LONG,2020-09-01 05:20:00,12236.65,True,True,False,0.4257,0.0,0.4257,12250.12,2020-09-01 05:40:00,0.6828,12204.42,2020-09-01 07:34:00,False,,0.0,,True,12232.53,2020-09-01 07:06:00,0.001
NQ,2020-09-01,Tuesday,RDR,12272.62,12147.42,125.20000000000073,12272.62,12127.92,144.70000000000073,True,LONG,2020-09-01 13:40:00,12282.62,True,True,True,0.2337,0.0,0.2337,12301.88,2020-09-01 15:59:00,0.1243,12257.06,2020-09-01 14:48:00,False,,0.1243,,True,12272.27,2020-09-01 13:50:00,0.0028
NQ,2020-09-02,Wednesday,ADR,12380.61,12337.92,42.69000000000051,12382.48,12337.22,45.26000000000022,True,LONG,2020-09-01 20:35:00,12389.73,True,True,True,0.8126,0.0,0.8126,12415.3,2020-09-01 20:43:00,0.308,12367.46,2020-09-01 22:05:00,True,2020-09-01 20:43:00,0.0,0.308,True,12377.69,2020-09-01 21:16:00,0.0684
NQ,2020-09-02,Wednesday,ODR,12432.96,12398.13,34.82999999999993,12438.5,12390.72,47.780000000000655,True,LONG,2020-09-02 04:40:00,12440.29,True,True,True,0.9199,0.0,0.9199,12465.0,2020-09-02 05:57:00,0.3442,12420.97,2020-09-02 06:50:00,True,2020-09-02 05:55:00,0.0411,0.3442,True,12432.42,2020-09-02 04:47:00,0.0155
NQ,2020-09-02,Wednesday,RDR,12432.15,12251.96,180.1900000000005,12434.3,12244.08,190.21999999999935,True,SHORT,2020-09-02 11:35:00,12173.31,False,True,False,0.0191,0.4412,0.4347,12173.63,2020-09-02 11:40:00,1.0191,12435.59,2020-09-02 15:55:00,False,,0.0,,True,12254.2,2020-09-02 11:57:00,0.0124
NQ,2020-09-03,Thursday,ADR,12433.26,12403.25,30.01000000000022,12436.6,12397.4,39.20000000000073,True,SHORT,2020-09-02 20:45:00,12393.62,True,True,True,0.0,1.5132,1.5132,12357.84,2020-09-03 01:43:00,0.4848,12417.8,2020-09-02 22:09:00,True,2020-09-02 20:57:00,0.4848,0.4848,True,12403.52,2020-09-02 21:57:00,0.009
NQ,2020-09-03,Thursday,ODR,12402.79,12366.5,36.29000000000087,12409.31,12366.43,42.8799999999992,True,SHORT,2020-09-03 04:35:00,12361.56,True,True,True,0.0,3.1268,3.1268,12253.03,2020-09-03 08:18:00,0.1268,12371.1,2020-09-03 04:56:00,True,2020-09-03 05:09:00,0.1268,0.0,True,12366.8,2020-09-03 04:52:00,0.0083
NQ,2020-09-03,Thursday,RDR,12224.44,12047.29,177.14999999999964,12242.2,12031.82,210.38000000000102,True,SHORT,2020-09-03 10:35:00,11991.5,True,False,,0.0,2.1958,2.1958,11658.31,2020-09-03 15:34:00,0.0,12016.89,2020-09-03 10:41:00,True,2020-09-03 10:45:00,0.0,0.0,False,,,
NQ,2020-09-04,Friday,ADR,11651.57,11587.62,63.94999999999891,11663.61,11583.8,79.81000000000131,True,LONG,2020-09-03 20:30:00,11665.29,True,True,True,0.9218,0.0,0.9218,11710.52,2020-09-03 21:12:00,0.9156,11593.02,2020-09-03 23:04:00,True,2020-09-03 21:06:00,0.3198,0.9156,True,11648.85,2020-09-03 20:40:00,0.0425
NQ,2020-09-04,Friday,ODR,11769.82,11635.75,134.0699999999997,11777.92,11620.09,157.82999999999993,True,LONG,2020-09-04 04:30:00,11780.58,False,True,False,0.2229,0.1531,0.2229,11799.71,2020-09-04 06:03:00,1.1531,11615.23,2020-09-04 07:42:00,False,,0.2469,,True,11762.74,2020-09-04 04:44:00,0.0528
NQ,2020-09-04,Friday,RDR,11809.5,11362.53,446.96999999999935,11844.9,11355.56,489.34000000000015,True,SHORT,2020-09-04 10:30:00,11328.37,True,True,False,0.0,0.4875,0.4875,11144.62,2020-09-04 10:44:00,0.8633,11748.4,2020-09-04 15:28:00,False,,0.0,,True,11373.29,2020-09-04 10:58:00,0.0241
NQ,2020-09-07,Monday,ADR,11465.4,11376.21,89.19000000000051,11475.71,11372.63,103.07999999999993,False,,,,,,,0.1502,0.0,,,,,,,False,,,,False,,,
NQ,2020-09-07,Monday,ODR,11434.2,11381.31,52.89000000000124,11446.75,11371.55,75.20000000000073,True,LONG,2020-09-07 04:20:00,11455.18,True,True,True,1.426,0.0,1.426,11509.62,2020-09-07 07:45:00,0.3596,11415.18,2020-09-07 05:06:00,True,2020-09-07 06:49:00,0.3596,0.0,True,11434.14,2020-09-07 04:51:00,0.0011
NQ,2020-09-07,Monday,RDR,11483.38,11455.03,28.349999999998545,11498.65,11448.04,50.60999999999876,True,LONG,2020-09-07 10:50:00,11504.02,True,True,True,1.5707,0.0,1.5707,11527.91,2020-09-07 11:55:00,0.0032,11483.29,2020-09-07 11:43:00,True,2020-09-07 10:55:00,0.0032,0.0032,True,11483.29,2020-09-07 11:43:00,0.0032
NQ,2020-09-08,Tuesday,ADR,11564.09,11537.55,26.540000000000873,11575.8,11529.83,45.969999999999345,True,SHORT,2020-09-07 21:05:00,11522.5,True,True,False,0.0765,2.555,2.555,11469.74,2020-09-07 23:27:00,1.0765,11566.12,2020-09-07 22:10:00,True,2020-09-07 21:10:00,1.0765,1.0765,True,11542.6,2020-09-07 21:18:00,0.1903
NQ,2020-09-08,Tuesday,ODR,11549.08,11507.83,41.25,11551.58,11506.22,45.36000000000058,True,SHORT,2020-09-08 04:05:00,11492.29,True,False,,0.0,8.7215,8.7215,11148.07,2020-09-08 08:21:00,0.0,11492.82,2020-09-08 04:10:00,True,2020-09-08 04:10:00,0.0,0.0,False,,,
NQ,2020-09-08,Tuesday,RDR,11372.72,11156.33,216.38999999999942,11392.9,11118.28,274.619999999999,True,SHORT,2020-09-08 14:40:00,11112.07,True,True,True,0.1461,0.4648,0.4648,11055.75,2020-09-08 15:59:00,0.1003,11178.03,2020-09-08 15:30:00,False,,0.1003,,True,11165.1,2020-09-08 14:58:00,0.0405
NQ,2020-09-09,Wednesday,ADR,11088.29,11023.92,64.3700000000008,11095.25,11012.9,82.35000000000036,True,LONG,2020-09-08 20:35:00,11120.03,True,False,,1.7395,0.0,1.7395,11200.26,2020-09-09 01:14:00,0.0,11089.86,2020-09-08 21:12:00,True,2020-09-08 20:40:00,0.0,0.0,False,,,
NQ,2020-09-09,Wednesday,ODR,11234.319,11109.34,124.97899999999936,11238.229,11109.32,128.90899999999965,True,LONG,2020-09-09 04:00:00,11246.82,True,True,False,0.4928,0.0,0.4928,11295.91,2020-09-09 06:10:00,0.3563,11189.79,2020-09-09 07:13:00,False,,0.1744,,True,11227.84,2020-09-09 04:19:00,0.0518
NQ,2020-09-09,Wednesday,RDR,11349.56,11222.02,127.53999999999905,11360.4,11190.84,169.5599999999995,True,LONG,2020-09-09 10:35:00,11369.62,True,True,True,1.0391,0.0,1.0391,11482.09,2020-09-09 13:12:00,0.2636,11315.94,2020-09-09 11:17:00,True,2020-09-09 12:13:00,0.2636,0.0,True,11346.67,2020-09-09 10:43:00,0.0227
NQ,2020-09-10,Thursday,ADR,11446.24,11425.53,20.709999999999127,11447.05,11420.21,26.840000000000146,True,SHORT,2020-09-09 20:30:00,11389.16,True,True,True,0.0,4.4944,4.4944,11332.45,2020-09-09 22:13:00,0.1589,11428.82,2020-09-10 01:56:00,True,2020-09-09 20:35:00,0.0,0.1589,True,11425.6,2020-09-10 01:41:00,0.0034
NQ,2020-09-10,Thursday,ODR,11436.21,11291.62,144.58999999999833,11437.23,11286.93,150.29999999999927,True,SHORT,2020-09-10 04:10:00,11276.01,False,True,False,0.1726,0.1634,0.1634,11268.0,2020-09-10 04:15:00,1.1726,11461.17,2020-09-10 08:28:00,False,,0.0,,True,11294.32,2020-09-10 04:27:00,0.0187
NQ,2020-09-10,Thursday,RDR,11559.63,11490.69,68.93999999999869,11569.8,11459.93,109.86999999999898,True,SHORT,2020-09-10 10:45:00,11449.1,True,True,True,0.0099,5.7969,5.7969,11091.05,2020-09-10 15:20:00,0.1523,11501.19,2020-09-10 11:43:00,True,2020-09-10 10:50:00,0.1523,0.1523,True,11496.21,2020-09-10 11:42:00,0.0801
NQ,2020-09-11,Friday,ADR,11232.55,11186.21,46.340000000000146,11242.4,11181.29,61.10999999999876,True,LONG,2020-09-10 20:30:00,11245.56,True,True,True,1.3274,0.0,1.3274,11294.06,2020-09-11 01:57:00,0.0785,11228.91,2020-09-10 20:58:00,True,2020-09-10 21:04:00,0.0785,0.0302,True,11229.54,2020-09-10 20:36:00,0.065
NQ,2020-09-11,Friday,ODR,11331.28,11295.16,36.1200000000008,11336.78,11285.55,51.23000000000138,True,LONG,2020-09-11 04:05:00,11338.51,False,True,False,0.7146,1.6448,0.7146,11357.09,2020-09-11 04:35:00,2.6448,11235.75,2020-09-11 08:26:00,True,2020-09-11 04:35:00,0.0764,2.6448,True,11328.64,2020-09-11 04:29:00,0.0731
NQ,2020-09-11,Friday,RDR,11264.2,11141.53,122.67000000000007,11281.79,11100.4,181.39000000000124,True,SHORT,2020-09-11 12:30:00,11079.64,True,False,,0.0,1.6441,1.6441,10939.85,2020-09-11 13:32:00,0.0,11128.32,2020-09-11 15:34:00,True,2020-09-11 12:35:00,0.0,0.0,False,,,
NQ,2020-09-14,Monday,ADR,11188.42,11169.84,18.579999999999927,11193.17,11163.31,29.860000000000582,True,LONG,2020-09-13 22:00:00,11203.21,True,False,,3.5172,0.3552,3.5172,11253.77,2020-09-14 01:53:00,0.0,11203.17,2020-09-13 22:05:00,True,2020-09-13 22:05:00,0.0,0.0,False,,,
NQ,2020-09-14,Monday,ODR,11270.61,11252.3,18.31000000000131,11272.91,11247.75,25.159999999999854,True,SHORT,2020-09-14 04:25:00,11241.1,True,True,True,0.4189,3.6641,3.6641,11185.21,2020-09-14 05:42:00,0.207,11256.09,2020-09-14 06:59:00,True,2020-09-14 04:30:00,0.0,0.207,True,11256.09,2020-09-14 06:59:00,0.207
NQ,2020-09-14,Monday,RDR,11358.79,11223.55,135.2400000000016,11364.61,11210.26,154.35000000000036,False,,,,,,,0.0186,0.2696,,,,,,,False,,,,False,,,
NQ,2020-09-15,Tuesday,ADR,11304.35,11259.06,45.29000000000087,11305.39,11253.13,52.26000000000022,True,SHORT,2020-09-14 20:30:00,11252.41,False,True,False,0.5794,0.3034,0.3034,11245.32,2020-09-14 20:45:00,1.5794,11330.59,2020-09-15 01:02:00,False,,0.0,,True,11261.1,2020-09-14 20:53:00,0.045
NQ,2020-09-15,Tuesday,ODR,11329.59,11307.14,22.450000000000728,11332.55,11304.12,28.429999999998472,True,LONG,2020-09-15 04:00:00,11338.05,True,True,True,3.6352,0.0,3.6352,11411.2,2020-09-15 07:40:00,0.1109,11327.1,2020-09-15 04:16:00,True,2020-09-15 04:06:00,0.1109,0.1109,True,11328.57,2020-09-15 04:14:00,0.0454
NQ,2020-09-15,Tuesday,RDR,11480.54,11410.59,69.95000000000073,11485.07,11408.31,76.76000000000022,True,SHORT,2020-09-15 10:40:00,11388.02,False,True,False,0.2039,0.6695,0.6695,11363.76,2020-09-15 15:40:00,1.2039,11494.8,2020-09-15 13:02:00,True,2020-09-15 15:37:00,1.2039,0.4722,True,11416.09,2020-09-15 10:50:00,0.0786
NQ,2020-09-16,Wednesday,ADR,11438.29,11410.71,27.580000000001746,11438.75,11400.86,37.88999999999942,True,LONG,2020-09-15 21:40:00,11444.19,True,False,,2.5421,0.0,2.5421,11508.4,2020-09-15 23:14:00,0.0,11438.86,2020-09-15 21:53:00,True,2020-09-15 21:58:00,0.0,0.0,False,,,
NQ,2020-09-16,Wednesday,ODR,11499.6,11487.72,11.880000000001019,11505.39,11479.05,26.340000000000146,True,LONG,2020-09-16 04:05:00,11518.51,False,True,False,4.0194,1.6153,4.0194,11547.35,2020-09-16 06:51:00,2.6153,11468.53,2020-09-16 07:38:00,True,2020-09-16 04:10:00,0.0,2.6153,True,11498.84,2020-09-16 07:19:00,0.064
NQ,2020-09-16,Wednesday,RDR,11478.6,11415.26,63.340000000000146,11490.88,11399.35,91.52999999999884,True,SHORT,2020-09-16 10:35:00,11389.71,True,True,True,0.0,2.7409,2.7409,11241.65,2020-09-16 15:56:00,0.4943,11446.57,2020-09-16 11:34:00,True,2020-09-16 10:44:00,0.4943,0.4943,True,11415.68,2020-09-16 11:13:00,0.0066
NQ,2020-09-17,Thursday,ADR,11290.42,11200.62,89.79999999999927,11292.11,11196.75,95.36000000000058,True,SHORT,2020-09-16 20:30:00,11184.19,True,True,True,0.0,1.3361,1.3361,11080.64,2020-09-16 23:20:00,0.3816,11234.89,2020-09-16 21:33:00,True,2020-09-16 22:00:00,0.3816,0.0,True,11201.07,2020-09-16 20:54:00,0.005
NQ,2020-09-17,Thursday,ODR,11098.99,11052.06,46.93000000000029,11101.89,11036.01,65.8799999999992,True,LONG,2020-09-17 04:05:00,11111.78,False,True,False,1.8711,0.8636,1.8711,11186.8,2020-09-17 05:45:00,1.8636,11011.53,2020-09-17 08:09:00,True,2020-09-17 04:26:00,0.205,1.8636,True,11096.16,2020-09-17 04:12:00,0.0603
NQ,2020-09-17,Thursday,RDR,11102.9,10961.22,141.6800000000003,11123.12,10958.5,164.6200000000008,True,LONG,2020-09-17 10:45:00,11126.71,False,True,False,0.4219,0.2304,0.4219,11162.68,2020-09-17 11:15:00,1.2304,10928.58,2020-09-17 12:50:00,False,,0.0584,,True,11096.82,2020-09-17 10:58:00,0.0429
NQ,2020-09-18,Friday,ADR,11119.58,11080.7,38.8799999999992,11120.9,11076.71,44.19000000000051,True,SHORT,2020-09-17 20:45:00,11072.72,False,True,False,0.4897,1.1708,1.1708,11035.18,2020-09-17 21:32:00,1.4897,11138.62,2020-09-18 01:57:00,True,2020-09-17 20:51:00,0.5967,1.4897,True,11081.82,2020-09-17 21:01:00,0.0288
NQ,2020-09-18,Friday,ODR,11140.21,11090.88,49.32999999999993,11141.9,11079.88,62.02000000000044,True,LONG,2020-09-18 05:25:00,11143.8,True,True,False,0.5573,0.071,0.5573,11167.7,2020-09-18 07:34:00,0.5169,11114.71,2020-09-18 06:54:00,True,2020-09-18 07:34:00,0.5169,0.3262,True,11140.16,2020-09-18 05:48:00,0.001
NQ,2020-09-18,Friday,RDR,11127.59,11054.36,73.22999999999956,11148.59,11032.64,115.95000000000073,True,SHORT,2020-09-18 10:30:00,11027.74,True,False,,0.0,3.9682,3.9682,10763.77,2020-09-18 13:31:00,0.0,11044.79,2020-09-18 10:44:00,True,2020-09-18 10:35:00,0.0,0.0,False,,,
NQ,2020-09-21,Monday,ADR,10979.83,10936.6,43.22999999999956,10985.79,10933.7,52.090000000000146,True,LONG,2020-09-20 21:20:00,10999.56,False,True,False,0.6997,2.0139,0.6997,11010.08,2020-09-20 21:30:00,3.0139,10849.54,2020-09-21 01:38:00,True,2020-09-20 21:25:00,0.0,3.0139,True,10962.64,2020-09-20 21:50:00,0.3976
NQ,2020-09-21,Monday,ODR,10931.77,10829.72,102.05000000000109,10942.69,10820.76,121.93000000000029,True,SHORT,2020-09-21 04:10:00,10815.36,True,False,,0.0,0.9881,0.9881,10728.88,2020-09-21 05:47:00,0.0,10827.1,2020-09-21 05:11:00,True,2020-09-21 04:42:00,0.0,0.0,False,,,
NQ,2020-09-21,Monday,RDR,10852.67,10724.63,128.04000000000087,10861.07,10721.39,139.6800000000003,True,SHORT,2020-09-21 10:35:00,10686.08,False,True,False,1.0335,0.357,0.357,10678.92,2020-09-21 10:40:00,2.0335,10985.0,2020-09-21 15:59:00,False,,0.0,,True,10725.9,2020-09-21 10:49:00,0.0099
NQ,2020-09-22,Tuesday,ADR,11062.91,11002.59,60.31999999999971,11064.4,11000.6,63.79999999999927,True,SHORT,2020-09-21 21:15:00,10995.98,True,True,True,0.0,1.1252,1.1252,10934.72,2020-09-22 01:46:00,0.1361,11010.8,2020-09-21 21:38:00,True,2020-09-21 22:14:00,0.1361,0.0298,True,11004.27,2020-09-21 21:37:00,0.0279
NQ,2020-09-22,Tuesday,ODR,10973.59,10926.27,47.31999999999971,10981.59,10914.96,66.63000000000102,True,LONG,2020-09-22 04:00:00,10986.36,True,False,,2.6708,0.0,2.6708,11099.97,2020-09-22 06:31:00,0.0,10984.02,2020-09-22 04:06:00,True,2020-09-22 04:07:00,0.0,0.0,False,,,
NQ,2020-09-22,Tuesday,RDR,11084.54,10986.23,98.31000000000131,11091.44,10968.79,122.64999999999964,True,SHORT,2020-09-22 10:55:00,10961.23,False,True,False,1.2457,0.4878,0.4878,10938.27,2020-09-22 11:07:00,2.2457,11207.0,2020-09-22 15:46:00,False,,0.0,,True,10994.66,2020-09-22 11:15:00,0.0857
NQ,2020-09-23,Wednesday,ADR,11136.29,11119.79,16.5,11141.92,11117.36,24.55999999999949,True,SHORT,2020-09-22 20:45:00,11103.97,False,True,False,1.8788,1.6988,1.6988,11091.76,2020-09-22 21:12:00,2.8788,11167.29,2020-09-23 01:39:00,True,2020-09-22 20:50:00,0.0,2.8788,True,11121.49,2020-09-22 21:35:00,0.103
NQ,2020-09-23,Wednesday,ODR,11171.52,11131.5,40.02000000000044,11184.1,11122.8,61.30000000000109,True,LONG,2020-09-23 04:25:00,11188.02,True,True,False,1.6437,0.0225,1.6437,11237.3,2020-09-23 05:58:00,1.0225,11130.6,2020-09-23 08:11:00,True,2020-09-23 04:30:00,0.0,1.0225,True,11170.42,2020-09-23 07:18:00,0.0275
NQ,2020-09-23,Wednesday,RDR,11168.12,11052.99,115.13000000000102,11176.82,11049.1,127.71999999999935,True,SHORT,2020-09-23 11:30:00,11045.71,True,True,True,0.0,2.1543,2.1543,10804.97,2020-09-23 15:53:00,0.119,11066.69,2020-09-23 11:42:00,True,2020-09-23 12:21:00,0.119,0.0808,True,11056.19,2020-09-23 11:37:00,0.0278
NQ,2020-09-24,Thursday,ADR,10805.2,10745.84,59.36000000000058,10810.47,10745.84,64.6299999999992,True,LONG,2020-09-23 20:35:00,10814.79,True,True,False,0.9968,0.2096,0.9968,10864.37,2020-09-23 21:25:00,1.2096,10733.4,2020-09-24 01:01:00,True,2020-09-23 20:46:00,0.0,1.2096,True,10799.82,2020-09-24 00:30:00,0.0906
NQ,2020-09-24,Thursday,ODR,10835.05,10752.93,82.11999999999898,10846.82,10752.26,94.55999999999949,True,SHORT,2020-09-24 08:00:00,10750.6,True,True,True,0.0938,0.2081,0.2081,10735.84,2020-09-24 08:06:00,0.2189,10770.91,2020-09-24 08:20:00,False,,0.0,,True,10755.56,2020-09-24 08:11:00,0.032
NQ,2020-09-24,Thursday,RDR,10934.55,10734.92,199.6299999999992,10955.19,10723.1,232.09000000000015,True,LONG,2020-09-24 11:40:00,10965.51,True,True,False,0.4806,0.0,0.4806,11030.5,2020-09-24 13:46:00,0.5452,10825.72,2020-09-24 15:32:00,False,,0.1377,,True,10923.9,2020-09-24 11:47:00,0.0533
NQ,2020-09-25,Friday,ADR,10970.73,10951.41,19.31999999999971,10980.79,10946.52,34.27000000000044,True,LONG,2020-09-24 21:15:00,10983.53,False,True,False,1.0895,1.295,1.0895,10991.78,2020-09-24 21:20:00,2.295,10926.39,2020-09-25 01:59:00,True,2020-09-24 21:20:00,0.0,2.295,True,10969.62,2020-09-24 21:56:00,0.0575
NQ,2020-09-25,Friday,ODR,10931.8,10892.07,39.72999999999956,10937.3,10881.32,55.97999999999956,True,SHORT,2020-09-25 04:05:00,10877.42,True,True,False,0.0581,1.5696,1.5696,10829.71,2020-09-25 07:05:00,1.0581,10934.11,2020-09-25 08:03:00,True,2020-09-25 05:42:00,0.7621,1.0581,True,10894.41,2020-09-25 04:19:00,0.0589
NQ,2020-09-25,Friday,RDR,10954.4,10864.7,89.69999999999891,10963.69,10847.49,116.20000000000073,True,LONG,2020-09-25 10:30:00,10972.3,True,False,,2.5262,0.0,2.5262,11181.0,2020-09-25 15:21:00,0.0,10954.95,2020-09-25 10:39:00,True,2020-09-25 10:40:00,0.0,0.0,False,,,
NQ,2020-09-28,Monday,ADR,11180.9,11157.73,23.170000000000073,11185.61,11155.07,30.540000000000873,True,LONG,2020-09-27 21:40:00,11186.4,True,True,True,1.7479,0.0954,1.7479,11221.4,2020-09-28 01:58:00,0.0285,11180.24,2020-09-27 23:05:00,True,2020-09-27 21:50:00,0.0285,0.0285,True,11180.24,2020-09-27 23:05:00,0.0285
NQ,2020-09-28,Monday,ODR,11252.1,11219.82,32.280000000000655,11253.0,11219.26,33.73999999999978,True,LONG,2020-09-28 04:05:00,11261.56,True,False,,3.943,0.0,3.943,11379.38,2020-09-28 08:23:00,0.0,11260.17,2020-09-28 04:24:00,True,2020-09-28 04:10:00,0.0,0.0,False,,,
NQ,2020-09-28,Monday,RDR,11356.1,11265.62,90.47999999999956,11356.61,11258.22,98.39000000000124,True,SHORT,2020-09-28 10:50:00,11254.71,False,True,False,0.1724,0.2608,0.2608,11242.02,2020-09-28 12:22:00,1.1724,11371.7,2020-09-28 15:59:00,False,,0.6032,,True,11267.88,2020-09-28 10:56:00,0.025
NQ,2020-09-29,Tuesday,ADR,11438.42,11422.05,16.3700000000008,11439.7,11418.58,21.1200000000008,True,LONG,2020-09-28 20:35:00,11446.67,False,True,True,1.2627,0.8784,1.2627,11459.09,2020-09-29 01:06:00,1.8784,11407.67,2020-09-28 23:53:00,True,2020-09-28 20:40:00,1.8784,1.8784,True,11436.42,2020-09-28 21:16:00,0.1222
NQ,2020-09-29,Tuesday,ODR,11396.7,11359.95,36.75,11403.68,11354.53,49.149999999999636,True,SHORT,2020-09-29 04:00:00,11349.84,False,True,False,0.1469,0.4299,0.4299,11344.15,2020-09-29 04:05:00,1.1469,11402.1,2020-09-29 07:11:00,False,,0.0,,True,11363.9,2020-09-29 04:15:00,0.1075
NQ,2020-09-29,Tuesday,RDR,11384.0,11353.6,30.399999999999636,11396.91,11341.04,55.86999999999898,True,SHORT,2020-09-29 10:30:00,11334.42,True,True,True,0.0,1.7497,1.7497,11300.41,2020-09-29 10:46:00,0.7477,11376.33,2020-09-29 14:50:00,True,2020-09-29 10:35:00,0.0,0.7477,True,11366.45,2020-09-29 11:21:00,0.4227
NQ,2020-09-30,Wednesday,ADR,11363.11,11346.7,16.409999999999854,11366.67,11345.02,21.649999999999636,True,SHORT,2020-09-29 20:35:00,11341.65,False,True,True,4.4936,8.7313,8.7313,11203.42,2020-09-30 01:59:00,5.4936,11436.85,2020-09-29 22:17:00,True,2020-09-29 20:43:00,5.4936,5.4936,True,11351.45,2020-09-29 20:54:00,0.2895
NQ,2020-09-30,Wednesday,ODR,11272.48,11222.89,49.590000000000146,11276.9,11218.44,58.45999999999913,True,SHORT,2020-09-30 05:20:00,11204.85,False,True,False,0.713,0.5334,0.5334,11196.44,2020-09-30 05:30:00,1.713,11307.84,2020-09-30 06:45:00,True,2020-09-30 05:29:00,0.0,1.713,True,11227.4,2020-09-30 05:35:00,0.0909
NQ,2020-09-30,Wednesday,RDR,11481.55,11329.61,151.9399999999987,11490.71,11321.67,169.03999999999905,True,LONG,2020-09-30 11:45:00,11506.07,True,True,False,0.3613,0.0,0.3613,11536.44,2020-09-30 14:10:00,0.885,11347.08,2020-09-30 15:24:00,False,,0.3157,,True,11480.86,2020-09-30 12:37:00,0.0045
NQ,2020-10-01,Thursday,ADR,11457.35,11437.03,20.31999999999971,11460.89,11432.15,28.73999999999978,True,SHORT,2020-09-30 20:55:00,11421.81,False,True,False,1.4154,0.8976,0.8976,11418.79,2020-09-30 21:00:00,2.4154,11486.11,2020-09-30 22:42:00,True,2020-09-30 21:00:00,0.0,2.4154,True,11437.12,2020-09-30 21:09:00,0.0044
NQ,2020-10-01,Thursday,ODR,11513.25,11490.89,22.360000000000582,11518.99,11485.52,33.469999999999345,True,LONG,2020-10-01 04:10:00,11522.41,False,True,True,3.136,0.8663,3.136,11583.37,2020-10-01 07:55:00,1.8663,11471.52,2020-10-01 04:40:00,True,2020-10-01 04:16:00,1.8663,1.8663,True,11512.03,2020-10-01 04:28:00,0.0546
NQ,2020-10-01,Thursday,RDR,11576.7,11513.29,63.409999999999854,11577.39,11494.73,82.65999999999985,True,LONG,2020-10-01 13:50:00,11587.49,True,True,True,0.4952,0.4611,0.4952,11608.1,2020-10-01 15:04:00,1.1085,11506.41,2020-10-01 14:19:00,False,,1.1085,,True,11539.22,2020-10-01 13:59:00,0.5911
NQ,2020-10-02,Friday,ADR,11590.62,11563.08,27.540000000000873,11597.8,11552.19,45.60999999999876,True,SHORT,2020-10-01 20:40:00,11548.31,True,True,True,0.0,9.1616,9.1616,11310.77,2020-10-02 01:35:00,0.4728,11576.1,2020-10-02 00:32:00,True,2020-10-01 20:45:00,0.4728,0.4728,True,11563.5,2020-10-01 20:52:00,0.0153
NQ,2020-10-02,Friday,ODR,11452.18,11390.03,62.149999999999636,11457.3,11380.23,77.06999999999971,True,SHORT,2020-10-02 04:10:00,11371.59,True,True,True,0.0,1.6171,1.6171,11289.53,2020-10-02 07:59:00,0.3726,11413.19,2020-10-02 04:29:00,True,2020-10-02 05:25:00,0.3726,0.0,True,11390.81,2020-10-02 04:20:00,0.0126
NQ,2020-10-02,Friday,RDR,11478.3,11324.13,154.17000000000007,11481.61,11309.27,172.34000000000015,True,SHORT,2020-10-02 11:50:00,11308.22,True,True,True,0.0,0.6859,0.6859,11218.38,2020-10-02 12:05:00,0.2638,11364.8,2020-10-02 12:20:00,True,2020-10-02 12:01:00,0.0,0.2638,True,11330.89,2020-10-02 12:13:00,0.0438
NQ,2020-10-05,Monday,ADR,11361.21,11319.58,41.6299999999992,11368.1,11316.16,51.94000000000051,True,LONG,2020-10-04 20:55:00,11375.07,True,True,False,0.4365,0.0,0.4365,11379.38,2020-10-04 23:01:00,0.8234,11326.93,2020-10-05 00:01:00,False,,0.3644,,True,11360.87,2020-10-04 21:30:00,0.0082
NQ,2020-10-05,Monday,ODR,11345.66,11298.48,47.18000000000029,11354.58,11281.91,72.67000000000007,True,LONG,2020-10-05 05:35:00,11355.2,True,True,False,0.6308,0.0,0.6308,11375.42,2020-10-05 07:09:00,0.5731,11318.62,2020-10-05 08:20:00,True,2020-10-05 06:59:00,0.0036,0.5731,True,11345.49,2020-10-05 06:26:00,0.0036
NQ,2020-10-05,Monday,RDR,11425.08,11339.09,85.98999999999978,11431.42,11336.85,94.56999999999971,True,LONG,2020-10-05 10:30:00,11442.07,True,True,True,0.992,0.0,0.992,11510.38,2020-10-05 15:59:00,0.2542,11403.22,2020-10-05 14:03:00,True,2020-10-05 14:59:00,0.2542,0.0,True,11423.08,2020-10-05 11:00:00,0.0233
NQ,2020-10-06,Tuesday,ADR,11479.26,11437.57,41.69000000000051,11479.51,11433.41,46.100000000000364,False,,,,,,,0.0,0.1094,,,,,,,False,,,,False,,,
NQ,2020-10-06,Tuesday,ODR,11490.49,11444.46,46.030000000000655,11498.8,11443.24,55.55999999999949,True,SHORT,2020-10-06 04:00:00,11425.51,True,True,False,0.0,0.6235,0.6235,11415.76,2020-10-06 06:03:00,0.464,11465.82,2020-10-06 07:36:00,True,2020-10-06 06:01:00,0.0,0.464,True,11449.06,2020-10-06 06:26:00,0.0999
NQ,2020-10-06,Tuesday,RDR,11508.82,11437.02,71.79999999999927,11511.29,11431.03,80.26000000000022,True,SHORT,2020-10-06 11:15:00,11423.49,False,True,True,0.3919,2.5738,2.5738,11252.22,2020-10-06 15:07:00,1.3919,11536.96,2020-10-06 14:46:00,True,2020-10-06 11:24:00,1.3919,1.3919,True,11437.2,2020-10-06 12:15:00,0.0025
NQ,2020-10-07,Wednesday,ADR,11280.58,11249.22,31.360000000000582,11281.47,11243.82,37.649999999999636,True,LONG,2020-10-06 21:55:00,11291.39,True,True,True,1.9681,0.0,1.9681,11342.3,2020-10-07 01:42:00,0.3597,11269.3,2020-10-06 22:44:00,True,2020-10-06 22:01:00,0.3597,0.3597,True,11278.71,2020-10-06 22:31:00,0.0596
NQ,2020-10-07,Wednesday,ODR,11361.48,11336.79,24.68999999999869,11369.55,11333.53,36.01999999999862,True,SHORT,2020-10-07 05:55:00,11328.5,False,True,False,1.1438,0.7396,0.7396,11318.53,2020-10-07 06:44:00,2.1438,11389.72,2020-10-07 08:17:00,True,2020-10-07 06:00:00,0.13,2.1438,True,11338.79,2020-10-07 06:10:00,0.081
NQ,2020-10-07,Wednesday,RDR,11443.24,11388.5,54.73999999999978,11450.4,11381.45,68.94999999999891,True,LONG,2020-10-07 11:30:00,11452.98,True,True,True,1.4116,0.2333,1.4116,11520.51,2020-10-07 15:11:00,0.6151,11409.57,2020-10-07 12:27:00,True,2020-10-07 12:59:00,0.6151,0.0,True,11440.28,2020-10-07 11:53:00,0.0541
NQ,2020-10-08,Thursday,ADR,11515.99,11499.36,16.6299999999992,11518.2,11495.73,22.470000000001164,True,SHORT,2020-10-07 21:30:00,11495.4,False,True,False,1.1425,0.6867,0.3301,11493.87,2020-10-07 21:41:00,2.1425,11534.99,2020-10-07 22:48:00,False,,0.2321,,True,11501.69,2020-10-07 21:36:00,0.1401
NQ,2020-10-08,Thursday,ODR,11580.01,11563.98,16.030000000000655,11585.99,11561.44,24.549999999999272,True,SHORT,2020-10-08 04:10:00,11558.41,True,True,False,0.7661,1.544,1.544,11539.23,2020-10-08 04:29:00,1.7661,11592.29,2020-10-08 08:13:00,True,2020-10-08 04:19:00,0.0,1.7661,True,11565.49,2020-10-08 05:10:00,0.0942
NQ,2020-10-08,Thursday,RDR,11585.44,11518.92,66.52000000000044,11590.59,11502.84,87.75,False,,,,,,,0.0,0.1159,,,,,,,False,,,,False,,,
NQ,2020-10-09,Friday,ADR,11597.5,11581.32,16.18000000000029,11601.78,11576.97,24.81000000000131,True,LONG,2020-10-08 22:55:00,11605.59,True,True,False,1.0909,0.0735,1.0909,11615.15,2020-10-08 23:21:00,0.3245,11592.25,2020-10-09 01:15:00,True,2020-10-08 23:00:00,0.0,0.3245,True,11595.94,2020-10-09 01:08:00,0.0964
NQ,2020-10-09,Friday,ODR,11585.93,11572.66,13.270000000000437,11589.49,11571.61,17.8799999999992,True,LONG,2020-10-09 04:50:00,11594.78,False,True,True,1.8651,0.4499,1.8651,11610.68,2020-10-09 08:26:00,1.4499,11566.69,2020-10-09 06:54:00,True,2020-10-09 04:55:00,1.4499,1.4499,True,11582.44,2020-10-09 05:04:00,0.263
NQ,2020-10-09,Friday,RDR,11656.83,11615.49,41.340000000000146,11659.4,11602.36,57.039999999999054,True,LONG,2020-10-09 10:45:00,11668.43,True,False,,1.6734,0.0,1.6734,11726.01,2020-10-09 15:59:00,0.0,11660.18,2020-10-09 11:24:00,True,2020-10-09 11:04:00,0.0,0.0,False,,,
NQ,2020-10-12,Monday,ADR,11759.96,11737.12,22.839999999998327,11767.09,11728.73,38.36000000000058,True,LONG,2020-10-11 21:45:00,11770.16,True,False,,1.88,0.0959,1.88,11802.9,2020-10-12 01:11:00,0.0,11768.32,2020-10-11 22:15:00,True,2020-10-11 21:50:00,0.0,0.0,False,,,
NQ,2020-10-12,Monday,ODR,11808.39,11785.75,22.639999999999418,11810.78,11784.43,26.350000000000364,True,LONG,2020-10-12 04:00:00,11813.38,True,False,,6.5022,0.0,6.5022,11955.6,2020-10-12 08:27:00,0.0,11809.17,2020-10-12 04:06:00,True,2020-10-12 04:12:00,0.0,0.0,False,,,
NQ,2020-10-12,Monday,RDR,11932.6,11888.11,44.48999999999978,11957.49,11879.36,78.1299999999992,True,LONG,2020-10-12 10:50:00,11965.96,True,False,,6.1405,0.0,6.1405,12205.79,2020-10-12 14:28:00,0.0,11965.36,2020-10-12 10:55:00,True,2020-10-12 10:55:00,0.0,0.0,False,,,
NQ,2020-10-13,Tuesday,ADR,12117.59,12082.02,35.56999999999971,12120.09,12076.39,43.70000000000073,True,SHORT,2020-10-12 20:30:00,12069.82,True,True,False,0.0,1.1462,1.1462,12041.25,2020-10-12 22:26:00,0.885,12113.5,2020-10-13 01:41:00,True,2020-10-12 20:35:00,0.1288,0.885,True,12084.09,2020-10-12 21:18:00,0.0582
NQ,2020-10-13,Tuesday,ODR,12074.07,12052.58,21.48999999999978,12077.79,12045.04,32.75,True,LONG,2020-10-13 04:00:00,12088.42,True,False,,8.4342,0.0,8.4342,12255.32,2020-10-13 06:37:00,0.0,12083.92,2020-10-13 04:06:00,True,2020-10-13 04:05:00,0.0,0.0,False,,,
NQ,2020-10-13,Tuesday,RDR,12158.28,12050.72,107.56000000000131,12159.79,12039.59,120.20000000000073,True,LONG,2020-10-13 11:20:00,12174.11,False,True,False,0.2911,0.2242,0.2911,12189.59,2020-10-13 11:35:00,1.2242,12026.61,2020-10-13 14:30:00,False,,0.0,,True,12156.79,2020-10-13 11:41:00,0.0139
NQ,2020-10-14,Wednesday,ADR,12136.36,12118.52,17.840000000000146,12144.49,12105.82,38.67000000000007,True,LONG,2020-10-13 21:05:00,12149.38,True,True,False,2.3352,0.0011,2.3352,12178.02,2020-10-14 00:06:00,1.0011,12118.5,2020-10-13 21:24:00,True,2020-10-13 21:10:00,1.0011,1.0011,True,12130.87,2020-10-13 21:20:00,0.3077
NQ,2020-10-14,Wednesday,ODR,12175.83,12142.37,33.45999999999913,12179.4,12130.45,48.94999999999891,True,SHORT,2020-10-14 05:10:00,12130.27,True,True,True,0.0,2.1303,2.1303,12071.09,2020-10-14 06:37:00,0.0427,12143.8,2020-10-14 05:23:00,True,2020-10-14 05:33:00,0.0427,0.0,True,12143.01,2020-10-14 05:21:00,0.0191
NQ,2020-10-14,Wednesday,RDR,12146.69,12059.73,86.96000000000095,12159.59,12050.06,109.53000000000065,True,SHORT,2020-10-14 10:30:00,12038.11,True,True,True,0.0,1.7225,1.7225,11909.94,2020-10-14 12:25:00,0.5987,12111.79,2020-10-14 11:09:00,True,2020-10-14 11:47:00,0.5987,0.0,True,12069.4,2020-10-14 10:38:00,0.1112
NQ,2020-10-15,Thursday,ADR,11978.75,11953.0,25.75,11980.7,11950.33,30.3700000000008,True,SHORT,2020-10-14 20:30:00,11947.76,True,True,True,0.0,3.188,3.188,11870.91,2020-10-15 00:08:00,0.7181,11971.49,2020-10-14 21:15:00,True,2020-10-14 21:23:00,0.7181,0.0423,True,11953.9,2020-10-14 20:37:00,0.035
NQ,2020-10-15,Thursday,ODR,11873.6,11850.85,22.75,11877.57,11848.97,28.600000000000364,True,SHORT,2020-10-15 04:00:00,11844.4,True,False,,0.0,4.6211,4.6211,11745.72,2020-10-15 05:46:00,0.0,11845.58,2020-10-15 04:05:00,True,2020-10-15 04:05:00,0.0,0.0,False,,,
NQ,2020-10-15,Thursday,RDR,11884.49,11782.38,102.11000000000058,11888.78,11763.32,125.46000000000095,True,LONG,2020-10-15 15:15:00,11907.05,True,False,,0.4142,0.2579,0.4142,11926.78,2020-10-15 15:44:00,0.0,11887.51,2020-10-15 15:58:00,False,,0.0,,False,,,
NQ,2020-10-16,Friday,ADR,11939.81,11911.26,28.549999999999272,11940.6,11904.24,36.36000000000058,True,LONG,2020-10-15 21:00:00,11941.89,False,True,False,0.2879,2.7051,0.0725,11941.88,2020-10-15 21:05:00,3.7051,11834.03,2020-10-15 23:32:00,False,,0.1247,,True,11936.25,2020-10-15 21:05:00,0.1247
NQ,2020-10-16,Friday,ODR,11904.05,11870.76,33.289999999999054,11906.81,11870.31,36.5,True,LONG,2020-10-16 04:00:00,11908.59,True,True,True,1.4827,0.0,1.4827,11953.41,2020-10-16 07:49:00,0.7387,11879.46,2020-10-16 05:37:00,True,2020-10-16 04:06:00,0.7387,0.7387,True,11903.4,2020-10-16 04:22:00,0.0195
NQ,2020-10-16,Friday,RDR,12030.08,11946.25,83.82999999999993,12032.1,11935.95,96.14999999999964,True,SHORT,2020-10-16 11:15:00,11928.33,True,True,True,0.0265,1.4424,1.4424,11825.33,2020-10-16 15:59:00,0.3289,11973.82,2020-10-16 14:56:00,True,2020-10-16 11:23:00,0.3289,0.3289,True,11947.4,2020-10-16 12:00:00,0.0137
NQ,2020-10-19,Monday,ADR,11894.6,11883.72,10.880000000001019,11897.92,11879.21,18.710000000000946,True,LONG,2020-10-18 21:10:00,11901.42,False,True,True,3.3722,0.7868,3.3722,11931.29,2020-10-18 22:00:00,1.7868,11875.16,2020-10-18 23:34:00,True,2020-10-18 21:15:00,0.8162,1.7868,True,11885.72,2020-10-18 21:59:00,0.8162
NQ,2020-10-19,Monday,ODR,11946.68,11903.3,43.38000000000102,11949.92,11902.12,47.79999999999927,True,LONG,2020-10-19 05:15:00,11951.58,True,True,False,0.2981,0.0,0.2012,11955.41,2020-10-19 05:22:00,0.7619,11913.63,2020-10-19 08:03:00,False,,0.0,,True,11944.66,2020-10-19 05:24:00,0.0466
NQ,2020-10-19,Monday,RDR,11953.64,11838.02,115.61999999999898,11961.62,11820.91,140.71000000000095,True,SHORT,2020-10-19 10:35:00,11796.57,True,True,True,0.0,2.0113,2.0113,11605.47,2020-10-19 15:54:00,0.1149,11851.3,2020-10-19 11:17:00,True,2020-10-19 10:45:00,0.1149,0.1149,True,11841.19,2020-10-19 11:06:00,0.0274
NQ,2020-10-20,Tuesday,ADR,11750.38,11721.43,28.94999999999891,11757.41,11719.22,38.19000000000051,True,SHORT,2020-10-19 21:25:00,11705.35,True,True,False,0.0,1.4808,1.4808,11678.56,2020-10-19 21:39:00,0.7489,11743.11,2020-10-19 23:35:00,True,2020-10-19 21:30:00,0.0,0.7489,True,11729.32,2020-10-19 23:34:00,0.2725
NQ,2020-10-20,Tuesday,ODR,11744.92,11724.79,20.1299999999992,11753.1,11721.82,31.280000000000655,True,LONG,2020-10-20 06:25:00,11757.99,False,True,False,0.9478,3.2951,0.9478,11764.0,2020-10-20 06:30:00,4.2951,11658.46,2020-10-20 08:25:00,True,2020-10-20 06:30:00,0.0,4.2951,True,11744.56,2020-10-20 07:08:00,0.0179
NQ,2020-10-20,Tuesday,RDR,11734.9,11659.19,75.70999999999913,11748.48,11644.04,104.43999999999869,True,SHORT,2020-10-20 11:00:00,11625.3,False,True,False,0.9071,0.638,0.5717,11615.91,2020-10-20 11:05:00,1.9071,11803.58,2020-10-20 13:49:00,True,2020-10-20 11:05:00,0.0,1.9071,True,11659.3,2020-10-20 11:12:00,0.0015
NQ,2020-10-21,Wednesday,ADR,11737.9,11706.85,31.049999999999272,11742.12,11705.62,36.5,True,LONG,2020-10-20 22:10:00,11742.87,False,True,False,0.5153,0.3742,0.5153,11753.9,2020-10-20 23:49:00,1.3742,11695.23,2020-10-21 01:36:00,True,2020-10-20 23:49:00,0.4235,1.3742,True,11737.88,2020-10-20 22:18:00,0.0006
NQ,2020-10-21,Wednesday,ODR,11733.22,11669.63,63.590000000000146,11733.22,11655.53,77.68999999999869,True,SHORT,2020-10-21 04:20:00,11636.65,True,True,False,0.0,1.1702,1.1702,11595.22,2020-10-21 05:00:00,0.5076,11701.91,2020-10-21 06:39:00,True,2020-10-21 04:25:00,0.0,0.5076,True,11670.9,2020-10-21 05:30:00,0.02
NQ,2020-10-21,Wednesday,RDR,11784.739,11679.379,105.35999999999876,11789.58,11667.68,121.89999999999964,True,SHORT,2020-10-21 11:15:00,11657.57,True,True,True,0.0,0.3541,0.3541,11642.07,2020-10-21 11:22:00,0.7899,11762.599,2020-10-21 15:00:00,False,,0.0,,True,11679.75,2020-10-21 11:28:00,0.0035
NQ,2020-10-22,Thursday,ADR,11674.87,11611.039,63.83100000000013,11678.739,11602.73,76.00900000000001,False,,,,,,,0.0,0.0158,,,,,,,False,,,,False,,,
NQ,2020-10-22,Thursday,ODR,11652.21,11624.8,27.409999999999854,11653.549,11615.31,38.2390000000014,True,LONG,2020-10-22 04:20:00,11657.15,True,True,True,1.9493,0.0,1.9493,11705.639,2020-10-22 08:04:00,0.1985,11646.769,2020-10-22 06:02:00,True,2020-10-22 04:25:00,0.1985,0.1985,True,11646.769,2020-10-22 06:02:00,0.1985
NQ,2020-10-22,Thursday,RDR,11717.62,11601.069,116.5510000000013,11734.7,11584.279,150.42100000000028,True,SHORT,2020-10-22 10:30:00,11566.409,True,True,False,0.0,0.6756,0.6756,11522.329,2020-10-22 10:50:00,0.8119,11695.699,2020-10-22 15:38:00,True,2020-10-22 10:43:00,0.0,0.8119,True,11615.399,2020-10-22 11:14:00,0.123
NQ,2020-10-23,Friday,ADR,11681.319,11656.189,25.1299999999992,11684.559,11652.709,31.849999999998545,True,SHORT,2020-10-22 21:00:00,11645.139,False,True,True,0.3016,0.8818,0.8818,11634.029,2020-10-22 22:14:00,1.3016,11688.899,2020-10-22 23:08:00,True,2020-10-22 21:05:00,0.0887,1.3016,True,11656.859,2020-10-22 21:13:00,0.0267
NQ,2020-10-23,Friday,ODR,11679.089,11635.679,43.409999999999854,11685.139,11629.659,55.47999999999956,True,LONG,2020-10-23 07:40:00,11687.019,True,True,True,0.5301,0.0,0.5301,11702.099,2020-10-23 08:18:00,0.0931,11675.049,2020-10-23 07:50:00,True,2020-10-23 08:18:00,0.0931,0.0,True,11677.109,2020-10-23 07:49:00,0.0456
NQ,2020-10-23,Friday,RDR,11687.409,11589.549,97.85999999999876,11687.659,11580.209,107.44999999999891,True,SHORT,2020-10-23 11:45:00,11569.259,False,True,False,0.0552,0.2603,0.2485,11565.229,2020-10-23 11:52:00,1.0552,11692.809,2020-10-23 15:59:00,False,,0.0,,True,11594.619,2020-10-23 11:56:00,0.0518
NQ,2020-10-26,Monday,ADR,11645.999,11634.759,11.239999999999782,11647.999,11633.419,14.579999999999927,True,SHORT,2020-10-25 20:30:00,11622.369,True,True,True,0.0,3.234,3.234,11598.409,2020-10-26 01:49:00,0.484,11640.199,2020-10-25 22:17:00,True,2020-10-25 20:35:00,0.484,0.484,True,11635.319,2020-10-25 21:24:00,0.0498
NQ,2020-10-26,Monday,ODR,11585.799,11569.919,15.880000000001019,11586.099,11562.919,23.18000000000029,True,LONG,2020-10-26 06:00:00,11598.209,False,True,True,1.1322,0.3766,1.1322,11603.779,2020-10-26 06:08:00,1.2809,11565.459,2020-10-26 07:15:00,True,2020-10-26 06:05:00,0.0,1.2809,True,11583.789,2020-10-26 06:49:00,0.1266
NQ,2020-10-26,Monday,RDR,11635.389,11495.339,140.04999999999927,11635.969,11488.889,147.07999999999993,True,SHORT,2020-10-26 10:30:00,11471.379,True,True,False,0.0,0.9873,0.9873,11357.069,2020-10-26 12:35:00,0.2339,11528.099,2020-10-26 15:03:00,True,2020-10-26 11:57:00,0.2004,0.2339,True,11499.699,2020-10-26 10:39:00,0.0311
NQ,2020-10-27,Tuesday,ADR,11539.319,11523.119,16.19999999999891,11544.509,11520.589,23.920000000000073,True,SHORT,2020-10-26 20:30:00,11501.499,False,True,False,1.0235,1.4222,1.3833,11500.709,2020-10-26 20:57:00,2.0235,11555.899,2020-10-27 01:15:00,True,2020-10-26 20:35:00,0.0,2.0235,True,11525.069,2020-10-26 22:26:00,0.1204
NQ,2020-10-27,Tuesday,ODR,11553.919,11518.119,35.79999999999927,11554.569,11515.559,39.01000000000022,True,LONG,2020-10-27 05:40:00,11575.919,True,True,False,0.6986,0.0,0.6986,11578.929,2020-10-27 07:10:00,0.3849,11540.139,2020-10-27 08:02:00,True,2020-10-27 05:45:00,0.0,0.3849,True,11551.269,2020-10-27 07:30:00,0.074
NQ,2020-10-27,Tuesday,RDR,11599.798,11515.539,84.25900000000001,11603.599,11508.709,94.88999999999942,True,LONG,2020-10-27 10:55:00,11613.119,True,True,True,0.4165,0.0,0.4165,11634.888,2020-10-27 14:45:00,0.5576,11552.819,2020-10-27 13:46:00,False,,0.5576,,True,11597.548,2020-10-27 11:10:00,0.0267
NQ,2020-10-28,Wednesday,ADR,11553.679,11539.239,14.44000000000051,11554.589,11536.549,18.039999999999054,True,LONG,2020-10-28 00:20:00,11557.399,True,True,False,1.6835,0.2348,1.6835,11577.989,2020-10-28 01:09:00,0.6101,11544.869,2020-10-28 01:58:00,True,2020-10-28 00:43:00,0.0,0.6101,True,11549.189,2020-10-28 01:53:00,0.3109
NQ,2020-10-28,Wednesday,ODR,11532.268,11459.218,73.04999999999927,11538.619,11450.579,88.04000000000087,True,SHORT,2020-10-28 05:55:00,11450.159,True,True,True,0.0,0.898,0.898,11393.619,2020-10-28 07:56:00,0.3637,11485.788,2020-10-28 06:21:00,True,2020-10-28 07:39:00,0.3637,0.0,True,11460.699,2020-10-28 06:00:00,0.0203
NQ,2020-10-28,Wednesday,RDR,11270.299,11222.269,48.030000000000655,11279.369,11215.528,63.84100000000035,True,SHORT,2020-10-28 10:30:00,11214.899,False,True,True,0.3079,1.7889,1.7889,11136.348,2020-10-28 14:59:00,1.3079,11285.089,2020-10-28 14:32:00,True,2020-10-28 12:09:00,1.3079,1.3079,True,11230.579,2020-10-28 10:35:00,0.173
NQ,2020-10-29,Thursday,ADR,11233.399,11215.039,18.359999999998763,11237.788,11213.138,24.649999999999636,True,LONG,2020-10-28 20:30:00,11238.899,True,False,,3.9651,0.0,3.9651,11306.198,2020-10-29 01:28:00,0.0,11234.329,2020-10-28 21:19:00,True,2020-10-28 20:41:00,0.0,0.0,False,,,
NQ,2020-10-29,Thursday,ODR,11286.118,11243.818,42.30000000000109,11288.099,11240.658,47.44100000000071,True,LONG,2020-10-29 04:25:00,11289.789,False,True,False,0.2638,2.082,0.2246,11295.618,2020-10-29 04:30:00,3.082,11155.749,2020-10-29 06:58:00,False,,0.0333,,True,11284.709,2020-10-29 04:30:00,0.0333
NQ,2020-10-29,Thursday,RDR,11334.508,11286.128,48.3799999999992,11346.789,11271.759,75.03000000000065,True,LONG,2020-10-29 12:20:00,11356.499,True,True,False,2.7751,0.2286,2.7751,11468.769,2020-10-29 13:35:00,0.1606,11326.739,2020-10-29 15:14:00,True,2020-10-29 12:27:00,0.0,0.1606,True,11332.419,2020-10-29 15:00:00,0.0432
NQ,2020-10-30,Friday,ADR,11204.599,11173.348,31.251000000000204,11206.108,11168.299,37.80899999999929,True,LONG,2020-10-29 20:55:00,11212.168,False,True,False,0.6493,3.9461,0.6493,11224.889,2020-10-29 21:15:00,4.9461,11050.028,2020-10-30 01:12:00,True,2020-10-29 21:15:00,0.0803,4.9461,True,11202.089,2020-10-29 21:01:00,0.0803
NQ,2020-10-30,Friday,ODR,11144.799,11100.299,44.5,11155.889,11100.299,55.58999999999833,True,LONG,2020-10-30 04:15:00,11159.338,True,False,,2.7638,0.0,2.7638,11267.789,2020-10-30 07:56:00,0.0,11155.618,2020-10-30 04:20:00,True,2020-10-30 04:23:00,0.0,0.0,False,,,
NQ,2020-10-30,Friday,RDR,11079.209,11004.288,74.92100000000028,11091.249,11004.099,87.14999999999964,True,LONG,2020-10-30 11:15:00,11093.529,False,True,True,0.4455,0.6017,0.4455,11112.588,2020-10-30 11:29:00,1.6017,10959.209,2020-10-30 14:37:00,False,,0.0,,True,11078.648,2020-10-30 11:33:00,0.0075
NQ,2020-11-02,Monday,ADR,11054.079,11011.119,42.95999999999913,11056.919,11002.879,54.039999999999054,True,LONG,2020-11-01 20:35:00,11078.119,True,True,True,1.1934,0.0,1.1934,11105.349,2020-11-02 01:36:00,0.0684,11051.139,2020-11-01 23:01:00,True,2020-11-01 20:40:00,0.0684,0.0684,True,11053.858,2020-11-01 23:00:00,0.0051
NQ,2020-11-02,Monday,ODR,11143.829,11082.119,61.70999999999913,11145.768,11077.029,68.73899999999958,True,LONG,2020-11-02 04:00:00,11158.129,True,True,True,1.3006,0.0,1.3006,11224.089,2020-11-02 05:56:00,0.1509,11134.518,2020-11-02 07:53:00,True,2020-11-02 04:27:00,0.0504,0.1509,True,11141.219,2020-11-02 04:08:00,0.0423
NQ,2020-11-02,Monday,RDR,11217.109,11139.538,77.57099999999991,11225.519,11123.209,102.30999999999949,True,SHORT,2020-11-02 11:10:00,11120.739,True,False,,0.0,2.3658,2.3658,10956.019,2020-11-02 13:58:00,0.0,11120.779,2020-11-02 11:15:00,True,2020-11-02 11:16:00,0.0,0.0,False,,,
NQ,2020-11-03,Tuesday,ADR,11127.359,11100.699,26.659999999999854,11129.329,11087.119,42.20999999999913,True,LONG,2020-11-02 21:55:00,11136.589,False,True,False,0.3923,0.8185,0.3923,11137.819,2020-11-02 22:00:00,1.8185,11078.878,2020-11-02 23:59:00,False,,0.0,,True,11126.588,2020-11-02 22:10:00,0.0289
NQ,2020-11-03,Tuesday,ODR,11174.268,11106.269,67.9989999999998,11178.589,11099.118,79.47099999999955,True,LONG,2020-11-03 04:35:00,11187.059,True,True,False,0.2808,0.0,0.2808,11193.359,2020-11-03 05:31:00,0.8035,11119.629,2020-11-03 06:44:00,False,,0.1025,,True,11173.029,2020-11-03 04:57:00,0.0182
NQ,2020-11-03,Tuesday,RDR,11331.758,11121.819,209.9390000000003,11341.789,11115.049,226.73999999999978,True,LONG,2020-11-03 10:55:00,11346.768,True,True,False,0.1356,0.0,0.1356,11360.219,2020-11-03 11:00:00,0.4941,11228.029,2020-11-03 13:59:00,False,,0.0,,True,11326.359,2020-11-03 11:01:00,0.0257
NQ,2020-11-04,Wednesday,ADR,11337.888,11247.109,90.77900000000045,11342.789,11239.789,103.0,True,LONG,2020-11-03 20:40:00,11346.819,True,True,True,4.8411,0.0,4.8411,11777.359,2020-11-03 22:16:00,0.1501,11324.258,2020-11-03 21:26:00,True,2020-11-03 20:52:00,0.1501,0.1501,True,11331.808,2020-11-03 21:24:00,0.067
NQ,2020-11-04,Wednesday,ODR,11563.298,11399.699,163.59900000000016,11588.548,11379.049,209.4989999999998,True,LONG,2020-11-04 04:25:00,11610.859,True,True,True,1.0929,0.0,1.0929,11742.099,2020-11-04 08:28:00,0.6232,11461.349,2020-11-04 05:35:00,True,2020-11-04 07:38:00,0.6232,0.0,True,11563.109,2020-11-04 05:00:00,0.0012
NQ,2020-11-04,Wednesday,RDR,11793.838,11591.188,202.64999999999964,11807.108,11569.038,238.0699999999997,True,LONG,2020-11-04 11:55:00,11808.079,True,True,False,0.2663,0.0,0.2663,11847.799,2020-11-04 12:44:00,0.2845,11736.189,2020-11-04 15:20:00,False,,0.0696,,True,11791.049,2020-11-04 12:09:00,0.0138
NQ,2020-11-05,Thursday,ADR,11851.709,11817.788,33.92100000000028,11861.299,11813.789,47.51000000000022,True,SHORT,2020-11-04 21:15:00,11797.389,False,True,False,4.1476,1.1842,1.1842,11777.618,2020-11-04 21:24:00,5.1476,11992.399,2020-11-04 22:52:00,True,2020-11-04 21:20:00,0.0,5.1476,True,11822.039,2020-11-04 21:42:00,0.1253
NQ,2020-11-05,Thursday,ODR,12050.139,11992.339,57.79999999999927,12052.868,11985.068,67.80000000000109,True,LONG,2020-11-05 04:40:00,12056.488,True,False,,1.2829,0.0,1.2829,12124.288,2020-11-05 06:18:00,0.0,12050.719,2020-11-05 07:51:00,True,2020-11-05 04:54:00,0.0,0.0,False,,,
NQ,2020-11-05,Thursday,RDR,12104.298,12003.089,101.20900000000074,12114.299,11979.599,134.70000000000073,True,LONG,2020-11-05 14:40:00,12115.298,True,True,False,0.1362,0.2062,0.1362,12118.079,2020-11-05 14:45:00,0.765,12026.869,2020-11-05 15:47:00,False,,0.0,,True,12100.399,2020-11-05 14:46:00,0.0385
NQ,2020-11-06,Friday,ADR,12052.108,11992.018,60.090000000000146,12057.269,11982.428,74.84100000000035,True,SHORT,2020-11-05 22:55:00,11959.109,True,False,,0.0,1.2807,1.2807,11915.058,2020-11-05 23:09:00,0.0,11979.099,2020-11-06 01:00:00,True,2020-11-05 23:00:00,0.0,0.0,False,,,
NQ,2020-11-06,Friday,ODR,12018.938,11957.719,61.21900000000096,12031.369,11952.319,79.05000000000109,True,SHORT,2020-11-06 04:05:00,11945.489,True,True,False,0.0,1.3769,1.3769,11873.429,2020-11-06 05:03:00,0.5894,11993.799,2020-11-06 07:07:00,True,2020-11-06 04:39:00,0.0,0.5894,True,11966.079,2020-11-06 06:01:00,0.1366
NQ,2020-11-06,Friday,RDR,12038.279,11903.019,135.26000000000022,12052.699,11887.949,164.75,True,LONG,2020-11-06 11:35:00,12054.248,True,True,True,0.549,0.0,0.549,12112.539,2020-11-06 15:50:00,0.0746,12028.189,2020-11-06 11:56:00,True,2020-11-06 14:16:00,0.0746,0.0317,True,12035.009,2020-11-06 11:55:00,0.0242
NQ,2020-11-09,Monday,ADR,12346.878,12236.319,110.5590000000011,12359.559,12233.259,126.29999999999927,True,LONG,2020-11-08 22:50:00,12359.769,True,True,False,0.5827,0.0,0.5827,12411.299,2020-11-08 23:39:00,0.3062,12313.029,2020-11-09 01:40:00,True,2020-11-08 23:35:00,0.0,0.3062,True,12342.289,2020-11-09 01:16:00,0.0415
NQ,2020-11-09,Monday,ODR,12341.849,12300.838,41.01100000000042,12349.888,12299.819,50.069000000001324,True,SHORT,2020-11-09 04:25:00,12269.619,False,True,True,1.0743,8.7128,8.7128,11943.519,2020-11-09 07:37:00,2.0743,12385.909,2020-11-09 06:51:00,True,2020-11-09 04:30:00,2.0743,2.0743,True,12301.588,2020-11-09 05:16:00,0.0183
NQ,2020-11-09,Monday,RDR,12263.089,12096.289,166.79999999999927,12268.409,12047.589,220.8199999999997,True,SHORT,2020-11-09 14:15:00,12043.889,True,False,,0.0288,1.6484,1.6484,11821.329,2020-11-09 15:59:00,0.0,12054.169,2020-11-09 15:07:00,True,2020-11-09 14:24:00,0.0,0.0,False,,,
NQ,2020-11-10,Tuesday,ADR,11853.079,11810.379,42.69999999999891,11857.809,11807.899,49.909999999999854,True,LONG,2020-11-09 20:30:00,11862.899,False,True,False,1.1047,2.7871,1.1047,11900.249,2020-11-09 20:47:00,3.7871,11691.369,2020-11-09 22:50:00,True,2020-11-09 20:39:00,0.0,3.7871,True,11847.369,2020-11-09 21:21:00,0.1337
NQ,2020-11-10,Tuesday,ODR,11875.319,11775.809,99.51000000000022,11878.188,11772.339,105.84900000000016,True,SHORT,2020-11-10 04:15:00,11768.679,True,True,True,0.0,2.1632,2.1632,11560.549,2020-11-10 06:02:00,0.0313,11778.919,2020-11-10 04:50:00,True,2020-11-10 04:23:00,0.0313,0.0313,True,11778.919,2020-11-10 04:50:00,0.0313
NQ,2020-11-10,Tuesday,RDR,11734.699,11571.019,163.6800000000003,11757.109,11570.389,186.72000000000116,True,SHORT,2020-11-10 10:30:00,11567.277,False,True,False,0.1032,0.3649,0.3649,11511.299,2020-11-10 10:44:00,1.1032,11751.597,2020-11-10 12:12:00,False,,0.0707,,True,11582.589,2020-11-10 10:35:00,0.0707
NQ,2020-11-11,Wednesday,ADR,11627.957,11600.999,26.95800000000054,11632.399,11592.219,40.18000000000029,True,LONG,2020-11-10 20:55:00,11656.309,True,False,,2.8563,0.0,2.8563,11704.957,2020-11-10 21:41:00,0.0,11644.679,2020-11-10 22:33:00,True,2020-11-10 21:00:00,0.0,0.0,False,,,
NQ,2020-11-11,Wednesday,ODR,11751.629,11600.769,150.86000000000058,11765.899,11598.929,166.96999999999935,True,LONG,2020-11-11 06:00:00,11767.519,True,True,True,0.2649,0.0,0.2649,11791.589,2020-11-11 08:12:00,0.2166,11718.949,2020-11-11 07:00:00,False,,0.2166,,True,11750.999,2020-11-11 06:14:00,0.0042
NQ,2020-11-11,Wednesday,RDR,11832.689,11726.049,106.63999999999942,11836.089,11711.929,124.15999999999985,True,LONG,2020-11-11 10:30:00,11839.467,True,True,True,0.6978,0.0,0.6978,11907.107,2020-11-11 14:08:00,0.4595,11783.689,2020-11-11 10:51:00,True,2020-11-11 12:09:00,0.4595,0.0,True,11821.739,2020-11-11 10:36:00,0.1027
NQ,2020-11-12,Thursday,ADR,11900.819,11871.129,29.68999999999869,11903.889,11866.299,37.58999999999833,True,SHORT,2020-11-11 20:35:00,11853.149,True,True,True,0.0,2.7575,2.7575,11789.259,2020-11-11 22:39:00,0.3556,11881.687,2020-11-12 00:29:00,True,2020-11-11 20:40:00,0.0,0.3556,True,11873.619,2020-11-12 00:24:00,0.0839
NQ,2020-11-12,Thursday,ODR,11862.949,11841.047,21.902000000000044,11865.189,11830.719,34.470000000001164,True,LONG,2020-11-12 04:05:00,11875.399,True,False,,4.9932,0.0,4.9932,11972.309,2020-11-12 05:19:00,0.0,11870.249,2020-11-12 04:14:00,True,2020-11-12 04:10:00,0.0,0.0,False,,,
NQ,2020-11-12,Thursday,RDR,11962.949,11898.989,63.960000000000946,11972.069,11889.219,82.85000000000036,True,LONG,2020-11-12 10:40:00,11972.159,False,True,False,0.3082,1.8274,0.1962,11975.499,2020-11-12 10:45:00,2.8274,11782.109,2020-11-12 15:48:00,False,,0.0,,True,11954.629,2020-11-12 10:46:00,0.1301
NQ,2020-11-13,Friday,ADR,11856.919,11831.719,25.200000000000728,11858.109,11828.079,30.030000000000655,True,SHORT,2020-11-12 20:30:00,11821.569,False,True,False,1.6043,0.9194,0.9194,11808.549,2020-11-12 21:06:00,2.6043,11897.347,2020-11-13 01:42:00,True,2020-11-12 20:37:00,0.2012,2.6043,True,11836.789,2020-11-12 20:48:00,0.2012
NQ,2020-11-13,Friday,ODR,11918.807,11892.379,26.427999999999884,11921.999,11884.419,37.57999999999993,True,LONG,2020-11-13 04:45:00,11925.299,True,True,False,0.8026,0.1158,0.8026,11940.019,2020-11-13 04:51:00,1.1158,11889.319,2020-11-13 07:52:00,True,2020-11-13 04:51:00,0.0,1.1158,True,11915.849,2020-11-13 05:25:00,0.1119
NQ,2020-11-13,Friday,RDR,11915.987,11852.549,63.43799999999828,11928.099,11836.509,91.59000000000015,True,SHORT,2020-11-13 10:35:00,11834.029,False,True,False,0.6463,0.7265,0.7265,11806.459,2020-11-13 10:57:00,1.6463,11956.989,2020-11-13 15:45:00,True,2020-11-13 10:56:00,0.1546,1.6463,True,11854.199,2020-11-13 10:45:00,0.026
NQ,2020-11-16,Monday,ADR,12050.989,12038.849,12.139999999999418,12051.899,12036.469,15.430000000000291,True,SHORT,2020-11-15 20:45:00,12026.359,False,True,True,1.0558,1.8435,1.8435,12016.469,2020-11-15 20:53:00,2.0558,12063.807,2020-11-15 21:50:00,True,2020-11-15 20:50:00,0.0,2.0558,True,12045.609,2020-11-15 21:05:00,0.5568
NQ,2020-11-16,Monday,ODR,12019.619,11992.779,26.840000000000146,12022.599,11982.059,40.54000000000087,True,SHORT,2020-11-16 06:55:00,11930.379,True,False,,0.0662,5.0671,5.0671,11856.779,2020-11-16 07:23:00,0.0,11957.089,2020-11-16 07:03:00,True,2020-11-16 07:00:00,0.0,0.0,False,,,
NQ,2020-11-16,Monday,RDR,12002.269,11907.487,94.78200000000106,12010.959,11892.739,118.22000000000116,True,LONG,2020-11-16 10:55:00,12019.089,True,True,True,0.3692,0.0,0.3692,12037.259,2020-11-16 11:10:00,0.6991,11936.009,2020-11-16 13:41:00,False,,0.0,,True,12002.059,2020-11-16 11:22:00,0.0022
NQ,2020-11-17,Tuesday,ADR,12057.729,12044.509,13.219999999999345,12059.809,12041.299,18.5099999999984,True,SHORT,2020-11-16 20:30:00,12038.269,True,False,,0.0,3.7065,3.7065,11995.509,2020-11-17 00:32:00,0.0,12042.489,2020-11-16 20:35:00,True,2020-11-16 20:35:00,0.0,0.0,False,,,
NQ,2020-11-17,Tuesday,ODR,12048.879,12028.199,20.68000000000029,12051.289,12020.729,30.56000000000131,True,LONG,2020-11-17 04:10:00,12054.599,False,True,False,0.648,1.0106,0.5421,12060.089,2020-11-17 04:39:00,2.0106,12007.299,2020-11-17 06:11:00,True,2020-11-17 04:39:00,0.0015,2.0106,True,12048.849,2020-11-17 04:33:00,0.0015
NQ,2020-11-17,Tuesday,RDR,12038.809,11968.909,69.89999999999964,12046.407,11966.789,79.61799999999857,False,,,,,,,0.1413,0.1139,,,,,,,False,,,,False,,,
NQ,2020-11-18,Wednesday,ADR,11956.059,11946.927,9.131999999999607,11958.397,11941.949,16.44800000000032,True,LONG,2020-11-17 20:40:00,11960.829,False,True,False,3.1592,3.0681,3.1592,11984.909,2020-11-18 00:14:00,4.0681,11918.909,2020-11-18 01:30:00,True,2020-11-17 20:45:00,2.3401,4.0681,True,11955.909,2020-11-17 20:52:00,0.0164
NQ,2020-11-18,Wednesday,ODR,11999.599,11959.289,40.30999999999949,12010.599,11954.909,55.69000000000051,True,LONG,2020-11-18 05:10:00,12015.319,True,True,False,0.607,0.0,0.5703,12022.589,2020-11-18 06:00:00,0.3419,11985.819,2020-11-18 08:14:00,True,2020-11-18 05:15:00,0.0,0.3419,True,11993.509,2020-11-18 06:45:00,0.1511
NQ,2020-11-18,Wednesday,RDR,11980.157,11925.909,54.24799999999959,11990.599,11913.609,76.98999999999978,True,LONG,2020-11-18 11:55:00,11999.739,False,True,False,0.9118,0.6089,0.9118,12029.619,2020-11-18 12:37:00,1.6089,11892.879,2020-11-18 15:59:00,True,2020-11-18 12:00:00,0.0,1.6089,True,11978.779,2020-11-18 13:45:00,0.0254
NQ,2020-11-19,Thursday,ADR,11886.099,11867.489,18.610000000000582,11888.409,11863.219,25.19000000000051,True,SHORT,2020-11-18 22:10:00,11835.379,False,True,False,0.7045,1.8512,1.7818,11834.329,2020-11-18 22:15:00,1.7045,11899.209,2020-11-19 01:56:00,True,2020-11-18 22:15:00,0.0,1.7045,True,11874.389,2020-11-19 00:36:00,0.3708
NQ,2020-11-19,Thursday,ODR,11878.507,11810.109,68.39799999999923,11883.039,11809.359,73.68000000000029,True,SHORT,2020-11-19 04:00:00,11807.399,False,True,False,0.1401,0.0582,0.0582,11806.129,2020-11-19 04:05:00,1.1401,11888.089,2020-11-19 08:11:00,False,,0.0263,,True,11811.909,2020-11-19 04:05:00,0.0263
NQ,2020-11-19,Thursday,RDR,11921.389,11858.059,63.32999999999993,11927.509,11844.099,83.40999999999985,True,LONG,2020-11-19 10:35:00,11939.049,True,True,True,1.271,0.0,1.271,12001.879,2020-11-19 15:35:00,0.1232,11913.589,2020-11-19 12:46:00,True,2020-11-19 10:52:00,0.1232,0.1232,True,11921.269,2020-11-19 11:13:00,0.0019
NQ,2020-11-20,Friday,ADR,11973.759,11946.087,27.67200000000048,11976.689,11943.519,33.17000000000007,True,LONG,2020-11-19 22:00:00,11985.549,True,False,,1.4329,0.0,1.4329,12013.409,2020-11-19 23:46:00,0.0,11975.419,2020-11-20 01:21:00,True,2020-11-19 22:05:00,0.0,0.0,False,,,
NQ,2020-11-20,Friday,ODR,11986.229,11968.229,18.0,11988.189,11962.269,25.920000000000073,True,LONG,2020-11-20 04:25:00,11993.019,True,True,True,1.8149,0.0,1.8149,12018.897,2020-11-20 07:15:00,0.325,11980.379,2020-11-20 05:09:00,True,2020-11-20 04:30:00,0.325,0.325,True,11986.069,2020-11-20 04:31:00,0.0089
NQ,2020-11-20,Friday,RDR,11987.269,11957.199,30.06999999999971,11989.979,11946.749,43.22999999999956,True,LONG,2020-11-20 10:35:00,12003.099,False,True,False,0.976,1.7842,0.976,12016.617,2020-11-20 11:12:00,2.7842,11903.549,2020-11-20 15:59:00,True,2020-11-20 10:40:00,0.0,2.7842,True,11985.229,2020-11-20 11:43:00,0.0678
NQ,2020-11-23,Monday,ADR,11948.999,11942.259,6.739999999999782,11952.299,11942.239,10.06000000000131,True,SHORT,2020-11-22 20:40:00,11939.719,False,True,False,1.0519,1.046,1.046,11935.209,2020-11-22 20:48:00,2.0519,11956.089,2020-11-22 22:40:00,True,2020-11-22 20:46:00,0.1217,2.0519,True,11943.079,2020-11-22 20:45:00,0.1217
NQ,2020-11-23,Monday,ODR,11958.117,11942.229,15.88800000000083,11961.989,11937.729,24.26000000000022,True,LONG,2020-11-23 04:05:00,11964.759,False,True,False,0.6401,0.4343,0.6088,11967.789,2020-11-23 04:16:00,1.4343,11935.329,2020-11-23 07:07:00,True,2020-11-23 04:11:00,0.0,1.4343,True,11954.029,2020-11-23 04:19:00,0.2573
NQ,2020-11-23,Monday,RDR,11995.487,11885.109,110.37799999999879,12002.739,11873.109,129.6299999999992,True,SHORT,2020-11-23 11:05:00,11860.589,True,True,False,0.0,0.6667,0.6667,11811.519,2020-11-23 11:33:00,0.5516,11945.989,2020-11-23 15:08:00,True,2020-11-23 11:11:00,0.0,0.5516,True,11885.379,2020-11-23 12:52:00,0.0024
NQ,2020-11-24,Tuesday,ADR,11959.577,11943.297,16.279999999998836,11960.689,11939.519,21.170000000000073,True,LONG,2020-11-23 22:35:00,11966.619,True,True,True,1.2371,0.1393,1.2371,11979.717,2020-11-23 22:56:00,0.0509,11958.749,2020-11-24 00:36:00,True,2020-11-23 22:40:00,0.0,0.0509,True,11958.749,2020-11-24 00:36:00,0.0509
NQ,2020-11-24,Tuesday,ODR,11974.127,11937.479,36.64800000000105,11977.797,11934.009,43.788000000000466,True,SHORT,2020-11-24 07:25:00,11929.489,True,True,False,0.0,0.2669,0.2292,11929.079,2020-11-24 07:30:00,0.418,11952.799,2020-11-24 08:20:00,False,,0.0,,True,11937.969,2020-11-24 07:44:00,0.0134
NQ,2020-11-24,Tuesday,RDR,11950.497,11892.759,57.737999999999374,11957.309,11874.589,82.71999999999935,True,LONG,2020-11-24 10:40:00,11974.209,True,False,,2.5543,0.0,2.5543,12097.979,2020-11-24 14:02:00,0.0,11967.559,2020-11-24 10:46:00,True,2020-11-24 10:49:00,0.0,0.0,False,,,
NQ,2020-11-25,Wednesday,ADR,12171.689,12139.169,32.52000000000044,12171.989,12137.729,34.26000000000022,True,SHORT,2020-11-24 22:40:00,12133.869,True,True,True,0.0,1.2162,1.2162,12099.619,2020-11-25 01:42:00,0.1574,12144.289,2020-11-24 23:28:00,True,2020-11-25 00:14:00,0.1574,0.0,True,12140.919,2020-11-24 22:51:00,0.0538
NQ,2020-11-25,Wednesday,ODR,12122.689,12103.159,19.530000000000655,12128.649,12101.109,27.539999999999054,True,SHORT,2020-11-25 04:25:00,12095.129,True,True,True,0.0051,1.2463,1.2463,12078.819,2020-11-25 08:17:00,1.0051,12122.789,2020-11-25 07:28:00,True,2020-11-25 04:30:00,1.0051,1.0051,True,12103.789,2020-11-25 04:31:00,0.0323
NQ,2020-11-25,Wednesday,RDR,12139.579,12092.599,46.97999999999956,12145.389,12078.719,66.67000000000007,True,LONG,2020-11-25 13:00:00,12146.769,True,True,True,0.7463,0.0998,0.7463,12174.639,2020-11-25 15:34:00,0.4902,12116.549,2020-11-25 14:11:00,True,2020-11-25 15:13:00,0.4902,0.0,True,12139.109,2020-11-25 13:15:00,0.01
NQ,2020-11-26,Thursday,ADR,12183.109,12175.279,7.829999999999927,12184.287,12174.049,10.237999999999374,True,LONG,2020-11-25 20:30:00,12186.719,True,False,,3.7037,0.0,3.7037,12212.109,2020-11-25 21:35:00,0.0,12183.769,2020-11-26 01:04:00,True,2020-11-25 20:35:00,0.0,0.0,False,,,
NQ,2020-11-26,Thursday,ODR,12207.989,12186.869,21.11999999999898,12221.187,12181.109,40.07799999999952,True,SHORT,2020-11-26 04:00:00,12179.829,True,True,False,0.0,0.688,0.688,12172.339,2020-11-26 04:07:00,0.7633,12202.989,2020-11-26 05:07:00,True,2020-11-26 04:06:00,0.0,0.7633,True,12186.889,2020-11-26 04:12:00,0.0009
NQ,2020-11-26,Thursday,RDR,12202.549,12186.619,15.930000000000291,12214.529,12184.529,30.0,True,SHORT,2020-11-26 12:10:00,12177.129,True,False,,0.0,3.7232,3.7232,12127.309,2020-11-26 12:48:00,0.0,12178.799,2020-11-26 12:16:00,True,2020-11-26 12:15:00,0.0,0.0,False,,,
NQ,2020-11-27,Friday,ADR,12161.019,12147.799,13.219999999999345,12162.289,12147.539,14.75,True,SHORT,2020-11-26 20:55:00,12144.689,False,True,False,2.639,0.8669,0.8669,12136.339,2020-11-26 21:07:00,3.639,12195.907,2020-11-27 01:33:00,True,2020-11-26 21:01:00,0.0,3.639,True,12147.897,2020-11-26 21:11:00,0.0074
NQ,2020-11-27,Friday,ODR,12199.199,12184.127,15.072000000000116,12202.499,12183.819,18.68000000000029,True,SHORT,2020-11-27 05:25:00,12182.839,False,True,False,1.1657,0.102,0.1007,12182.609,2020-11-27 05:30:00,2.1657,12216.769,2020-11-27 08:05:00,False,,0.0512,,True,12184.899,2020-11-27 05:30:00,0.0512
NQ,2020-11-27,Friday,RDR,12294.229,12227.667,66.5619999999999,12295.799,12215.379,80.42000000000007,True,LONG,2020-11-27 10:30:00,12303.819,True,True,False,0.2037,0.0,0.1737,12305.789,2020-11-27 10:41:00,0.9229,12232.799,2020-11-27 12:20:00,False,,0.0,,True,12291.219,2020-11-27 10:44:00,0.0452
NQ,2020-11-30,Monday,ADR,12293.829,12256.119,37.70999999999913,12297.219,12253.079,44.13999999999942,True,SHORT,2020-11-29 23:05:00,12251.219,True,True,True,0.0,0.4399,0.4399,12239.529,2020-11-29 23:28:00,0.0604,12258.397,2020-11-29 23:16:00,False,,0.0604,,True,12257.109,2020-11-29 23:15:00,0.0263
NQ,2020-12-01,Tuesday,ADR,12373.077,12348.579,24.497999999999593,12374.589,12347.289,27.299999999999272,True,LONG,2020-11-30 21:00:00,12378.899,True,True,True,0.9479,0.0,0.9479,12396.299,2020-11-30 22:21:00,0.3346,12364.879,2020-12-01 00:00:00,True,2020-11-30 21:07:00,0.0477,0.3346,True,12371.909,2020-11-30 21:38:00,0.0477
NQ,2020-12-01,Tuesday,ODR,12382.109,12350.419,31.69000000000051,12382.109,12345.729,36.38000000000102,True,LONG,2020-12-01 05:55:00,12385.309,True,True,False,0.3847,0.0,0.3847,12394.299,2020-12-01 06:09:00,0.2584,12373.919,2020-12-01 08:28:00,False,,0.0959,,True,12381.609,2020-12-01 06:00:00,0.0158
NQ,2020-12-01,Tuesday,RDR,12421.309,12341.319,79.98999999999978,12428.309,12330.769,97.53999999999905,True,LONG,2020-12-01 11:25:00,12429.779,True,True,True,1.1351,0.0,1.1351,12512.109,2020-12-01 14:12:00,0.1499,12409.319,2020-12-01 11:32:00,True,2020-12-01 12:04:00,0.1499,0.0084,True,12409.319,2020-12-01 11:32:00,0.1499
NQ,2020-12-02,Wednesday,ADR,12446.319,12419.669,26.649999999999636,12446.717,12414.609,32.108000000000175,True,SHORT,2020-12-01 21:05:00,12405.709,True,True,False,0.1981,0.5422,0.534,12405.437,2020-12-01 21:10:00,1.1981,12451.599,2020-12-02 01:59:00,True,2020-12-01 21:10:00,0.0,1.1981,True,12419.789,2020-12-01 21:34:00,0.0045
NQ,2020-12-02,Wednesday,ODR,12452.789,12418.767,34.022000000000844,12456.989,12410.649,46.340000000000146,True,SHORT,2020-12-02 07:35:00,12409.499,True,False,,0.0,0.7874,0.7874,12391.979,2020-12-02 07:45:00,0.0,12418.499,2020-12-02 08:09:00,True,2020-12-02 07:40:00,0.0,0.0,False,,,
NQ,2020-12-02,Wednesday,RDR,12417.579,12321.509,96.06999999999971,12429.289,12314.369,114.92000000000007,True,LONG,2020-12-02 10:40:00,12436.309,True,True,True,0.5716,0.0,0.5716,12472.489,2020-12-02 12:10:00,0.1902,12399.309,2020-12-02 10:55:00,True,2020-12-02 12:02:00,0.1902,0.0543,True,12416.569,2020-12-02 10:49:00,0.0105
NQ,2020-12-03,Thursday,ADR,12466.669,12460.799,5.869999999998981,12467.399,12459.169,8.229999999999563,True,LONG,2020-12-02 20:40:00,12469.729,False,True,True,5.0119,1.0187,5.0119,12496.089,2020-12-02 22:16:00,2.0187,12454.819,2020-12-02 21:21:00,True,2020-12-02 20:45:00,2.0187,2.0187,True,12466.089,2020-12-02 21:11:00,0.0988
NQ,2020-12-03,Thursday,ODR,12478.309,12469.159,9.149999999999636,12482.089,12466.669,15.420000000000073,True,SHORT,2020-12-03 04:20:00,12457.599,False,True,False,1.4743,1.3749,1.3727,12456.599,2020-12-03 04:25:00,2.4743,12491.799,2020-12-03 07:52:00,True,2020-12-03 04:25:00,0.0,2.4743,True,12470.559,2020-12-03 04:47:00,0.153
NQ,2020-12-03,Thursday,RDR,12535.059,12462.879,72.17999999999847,12539.489,12462.879,76.60999999999876,True,SHORT,2020-12-03 11:05:00,12462.239,True,True,False,0.0,0.2821,0.2821,12442.519,2020-12-03 15:54:00,0.808,12521.199,2020-12-03 12:03:00,False,,0.808,,True,12465.099,2020-12-03 11:12:00,0.0308
NQ,2020-12-04,Friday,ADR,12493.239,12486.539,6.699999999998909,12495.999,12485.639,10.360000000000582,True,SHORT,2020-12-03 20:30:00,12482.199,False,True,False,2.4896,1.5537,1.5537,12476.129,2020-12-03 21:18:00,3.4896,12509.919,2020-12-04 00:57:00,True,2020-12-03 20:35:00,0.306,3.4896,True,12488.589,2020-12-03 20:45:00,0.306
NQ,2020-12-04,Friday,ODR,12515.409,12501.797,13.61199999999917,12517.799,12499.789,18.01000000000022,True,SHORT,2020-12-04 05:00:00,12499.559,True,True,True,0.0,1.2083,1.2083,12485.349,2020-12-04 07:57:00,0.8016,12512.709,2020-12-04 06:35:00,True,2020-12-04 07:44:00,0.8016,0.0,True,12502.819,2020-12-04 05:31:00,0.0751
NQ,2020-12-04,Friday,RDR,12510.167,12457.329,52.83799999999974,12516.807,12446.859,69.94800000000032,True,LONG,2020-12-04 11:35:00,12523.389,True,True,True,0.3893,0.0,0.3893,12530.737,2020-12-04 13:00:00,0.3611,12491.089,2020-12-04 14:28:00,False,,0.1285,,True,12508.039,2020-12-04 11:57:00,0.0403
NQ,2020-12-07,Monday,ADR,12550.109,12536.269,13.840000000000146,12550.639,12528.219,22.420000000000073,True,SHORT,2020-12-06 20:45:00,12527.649,True,False,,0.0,2.0961,2.0961,12507.259,2020-12-06 23:00:00,0.0,12534.139,2020-12-06 21:02:00,True,2020-12-06 20:50:00,0.0,0.0,False,,,
NQ,2020-12-07,Monday,ODR,12527.217,12475.317,51.900000000001455,12528.097,12472.719,55.37800000000061,False,,,,,,,0.0266,0.0,,,,,,,False,,,,False,,,
NQ,2020-12-07,Monday,RDR,12592.389,12530.889,61.5,12599.109,12524.269,74.84000000000015,True,LONG,2020-12-07 11:05:00,12606.329,True,True,True,0.3033,0.0,0.3033,12611.039,2020-12-07 11:13:00,0.7434,12546.667,2020-12-07 13:43:00,False,,0.0,,True,12592.319,2020-12-07 11:23:00,0.0011
NQ,2020-12-08,Tuesday,ADR,12578.289,12562.659,15.630000000001019,12581.609,12558.629,22.979999999999563,True,SHORT,2020-12-07 22:15:00,12555.609,False,True,False,0.2564,0.6161,0.6161,12553.029,2020-12-07 22:22:00,1.2564,12582.297,2020-12-08 01:03:00,True,2020-12-07 22:20:00,0.0,1.2564,True,12562.659,2020-12-07 23:03:00,0.0
NQ,2020-12-08,Tuesday,ODR,12586.159,12574.539,11.619999999998981,12590.297,12572.019,18.278000000000247,True,LONG,2020-12-08 04:00:00,12591.519,False,True,False,0.9845,4.1205,0.9845,12597.599,2020-12-08 04:10:00,5.1205,12526.659,2020-12-08 06:59:00,True,2020-12-08 04:05:00,0.0,5.1205,True,12586.099,2020-12-08 04:30:00,0.0052
NQ,2020-12-08,Tuesday,RDR,12575.507,12505.327,70.18000000000029,12586.889,12501.769,85.11999999999898,True,LONG,2020-12-08 12:00:00,12597.569,True,False,,1.1027,0.0,1.1027,12652.897,2020-12-08 14:30:00,0.0,12578.889,2020-12-08 12:17:00,True,2020-12-08 13:08:00,0.0,0.0,False,,,
NQ,2020-12-09,Wednesday,ADR,12663.169,12640.829,22.340000000000146,12663.609,12639.369,24.23999999999978,True,SHORT,2020-12-08 20:40:00,12637.217,True,True,False,0.0,0.3496,0.3496,12633.019,2020-12-08 20:57:00,0.4714,12651.359,2020-12-09 01:14:00,False,,0.0,,True,12641.097,2020-12-08 21:00:00,0.012
NQ,2020-12-09,Wednesday,ODR,12644.707,12631.299,13.407999999999447,12646.607,12626.259,20.347999999999956,True,SHORT,2020-12-09 05:20:00,12625.849,True,True,True,0.0,1.2694,1.2694,12614.279,2020-12-09 07:38:00,0.3198,12635.587,2020-12-09 05:59:00,True,2020-12-09 06:53:00,0.3198,0.0589,True,12631.619,2020-12-09 05:30:00,0.0239
NQ,2020-12-09,Wednesday,RDR,12635.559,12577.609,57.94999999999891,12640.897,12565.719,75.1780000000017,True,SHORT,2020-12-09 12:10:00,12564.789,True,False,,0.0,4.6673,4.6673,12307.139,2020-12-09 15:30:00,0.0,12565.159,2020-12-09 12:15:00,True,2020-12-09 12:17:00,0.0,0.0,False,,,
NQ,2020-12-10,Thursday,ADR,12369.409,12351.259,18.149999999999636,12371.339,12349.309,22.030000000000655,True,SHORT,2020-12-09 20:50:00,12349.239,True,True,True,0.0,2.643,2.643,12303.289,2020-12-10 01:44:00,0.514,12360.589,2020-12-09 21:57:00,True,2020-12-09 22:17:00,0.514,0.0,True,12354.097,2020-12-09 21:01:00,0.1564
NQ,2020-12-10,Thursday,ODR,12351.339,12322.039,29.299999999999272,12354.087,12311.879,42.20799999999872,True,LONG,2020-12-10 04:10:00,12356.249,False,True,False,0.845,1.3311,0.845,12376.097,2020-12-10 05:37:00,2.3311,12283.039,2020-12-10 07:29:00,True,2020-12-10 04:28:00,0.0,2.3311,True,12350.709,2020-12-10 06:49:00,0.0215
NQ,2020-12-10,Thursday,RDR,12404.009,12224.959,179.04999999999927,12420.759,12218.907,201.85200000000077,True,LONG,2020-12-10 10:35:00,12424.927,True,True,False,0.254,0.0,0.254,12449.489,2020-12-10 11:25:00,0.2846,12353.049,2020-12-10 12:55:00,False,,0.0347,,True,12397.789,2020-12-10 10:47:00,0.0347
NQ,2020-12-11,Friday,ADR,12401.487,12385.629,15.857999999998356,12402.487,12381.749,20.737999999999374,True,SHORT,2020-12-10 21:05:00,12381.509,True,False,,0.0,1.9038,1.9038,12355.439,2020-12-11 01:13:00,0.0,12382.987,2020-12-10 21:19:00,True,2020-12-10 21:10:00,0.0,0.0,False,,,
NQ,2020-12-11,Friday,ODR,12379.689,12313.479,66.21000000000095,12380.499,12312.069,68.43000000000029,True,SHORT,2020-12-11 05:40:00,12310.589,True,True,False,0.0,0.754,0.754,12263.559,2020-12-11 06:26:00,0.1453,12323.099,2020-12-11 08:12:00,True,2020-12-11 06:08:00,0.0908,0.1453,True,12313.569,2020-12-11 05:48:00,0.0014
NQ,2020-12-11,Friday,RDR,12353.979,12278.117,75.86199999999917,12359.509,12275.917,83.59200000000055,True,SHORT,2020-12-11 11:35:00,12270.129,False,True,False,0.3415,0.5651,0.5651,12235.249,2020-12-11 12:38:00,1.3415,12379.889,2020-12-11 15:19:00,True,2020-12-11 12:35:00,0.2198,1.3415,True,12281.969,2020-12-11 11:41:00,0.0508
NQ,2020-12-14,Monday,ADR,12420.569,12408.809,11.760000000000218,12423.389,12406.259,17.1299999999992,True,SHORT,2020-12-14 00:05:00,12405.649,True,True,True,0.0,1.9379,1.9379,12386.019,2020-12-14 00:54:00,0.1259,12410.289,2020-12-14 00:32:00,True,2020-12-14 00:10:00,0.1259,0.1259,True,12408.999,2020-12-14 00:26:00,0.0162
NQ,2020-12-14,Monday,ODR,12426.797,12402.569,24.228000000000975,12427.699,12398.869,28.829999999999927,True,LONG,2020-12-14 06:30:00,12430.119,True,True,False,1.0262,0.0,1.0262,12451.659,2020-12-14 06:45:00,0.9377,12404.079,2020-12-14 08:16:00,True,2020-12-14 06:40:00,0.0,0.9377,True,12407.539,2020-12-14 08:14:00,0.7949
NQ,2020-12-14,Monday,RDR,12538.899,12420.369,118.52999999999884,12541.797,12419.309,122.4880000000012,True,LONG,2020-12-14 11:15:00,12542.669,True,True,False,0.0524,0.0,0.0524,12545.107,2020-12-14 11:24:00,0.7792,12446.539,2020-12-14 15:50:00,False,,0.0643,,True,12534.289,2020-12-14 11:20:00,0.0389
NQ,2020-12-15,Tuesday,ADR,12478.059,12468.549,9.5099999999984,12480.509,12467.319,13.19000000000051,True,SHORT,2020-12-14 20:40:00,12465.959,True,True,True,0.0452,5.4479,5.4479,12416.739,2020-12-14 21:23:00,0.0913,12469.417,2020-12-15 01:18:00,True,2020-12-14 20:45:00,0.0841,0.0913,True,12469.349,2020-12-14 21:07:00,0.0841
NQ,2020-12-15,Tuesday,ODR,12508.059,12478.379,29.679999999998472,12509.419,12473.779,35.63999999999942,True,LONG,2020-12-15 04:05:00,12517.269,True,True,True,1.2449,0.0,1.2449,12545.009,2020-12-15 08:27:00,0.2241,12501.409,2020-12-15 06:35:00,True,2020-12-15 04:49:00,0.2241,0.2241,True,12505.519,2020-12-15 05:52:00,0.0856
NQ,2020-12-15,Tuesday,RDR,12572.309,12547.549,24.7599999999984,12579.279,12537.469,41.81000000000131,True,SHORT,2020-12-15 10:35:00,12528.049,False,True,False,0.9313,3.313,3.313,12465.519,2020-12-15 11:07:00,1.9313,12595.369,2020-12-15 15:59:00,True,2020-12-15 10:40:00,0.0,1.9313,True,12548.999,2020-12-15 13:38:00,0.0586
NQ,2020-12-16,Wednesday,ADR,12590.059,12583.627,6.4319999999988795,12591.499,12577.169,14.329999999999927,True,LONG,2020-12-15 21:00:00,12594.089,True,False,,5.0062,0.2251,5.0062,12622.259,2020-12-15 22:08:00,0.0,12592.229,2020-12-15 21:08:00,True,2020-12-15 21:05:00,0.0,0.0,False,,,
NQ,2020-12-16,Wednesday,ODR,12642.729,12607.339,35.38999999999942,12645.129,12606.669,38.460000000000946,False,,,,,,,0.0,0.0,,,,,,,False,,,,False,,,
NQ,2020-12-16,Wednesday,RDR,12614.499,12579.719,34.780000000000655,12622.299,12569.559,52.7400000000016,True,LONG,2020-12-16 10:40:00,12627.179,True,True,True,2.5158,0.0,2.5158,12701.999,2020-12-16 15:40:00,0.1918,12607.829,2020-12-16 14:12:00,True,2020-12-16 11:04:00,0.1918,0.1918,True,12610.739,2020-12-16 11:18:00,0.1081
NQ,2020-12-17,Thursday,ADR,12682.289,12672.529,9.760000000000218,12683.989,12672.319,11.670000000000073,True,SHORT,2020-12-16 21:10:00,12671.329,False,True,False,2.9723,0.4027,0.4027,12668.599,2020-12-16 21:39:00,3.9723,12711.299,2020-12-17 01:28:00,False,,0.2838,,True,12673.089,2020-12-16 21:16:00,0.0574
NQ,2020-12-17,Thursday,ODR,12742.049,12732.217,9.832000000000335,12744.499,12728.669,15.829999999999927,True,SHORT,2020-12-17 04:55:00,12727.339,True,True,True,0.3153,1.1684,1.1684,12720.729,2020-12-17 06:58:00,0.4762,12736.899,2020-12-17 08:21:00,True,2020-12-17 05:00:00,0.3124,0.4762,True,12732.689,2020-12-17 05:26:00,0.048
NQ,2020-12-17,Thursday,RDR,12753.989,12712.729,41.26000000000022,12759.719,12704.529,55.18999999999869,True,SHORT,2020-12-17 10:55:00,12701.029,True,True,False,0.0,0.7666,0.7666,12681.099,2020-12-17 11:54:00,0.9547,12752.119,2020-12-17 15:59:00,True,2020-12-17 11:50:00,0.2901,0.9547,True,12714.859,2020-12-17 11:03:00,0.0516
NQ,2020-12-18,Friday,ADR,12737.149,12726.857,10.291999999999462,12738.399,12726.129,12.269999999998618,True,SHORT,2020-12-17 20:40:00,12722.269,True,True,True,0.0,2.3463,2.3463,12702.709,2020-12-18 00:12:00,0.1498,12728.399,2020-12-17 22:28:00,True,2020-12-17 20:47:00,0.1498,0.1498,True,12727.289,2020-12-17 22:22:00,0.042
NQ,2020-12-18,Friday,ODR,12748.699,12721.199,27.5,12750.399,12719.219,31.18000000000029,True,LONG,2020-12-18 04:00:00,12754.589,True,True,True,0.916,0.0,0.916,12773.889,2020-12-18 04:09:00,0.6545,12730.699,2020-12-18 05:40:00,True,2020-12-18 04:09:00,0.0,0.6545,True,12748.619,2020-12-18 04:21:00,0.0029
NQ,2020-12-18,Friday,RDR,12770.697,12686.279,84.41799999999967,12783.669,12679.319,104.35000000000036,True,SHORT,2020-12-18 11:10:00,12678.029,True,True,False,0.0,0.9089,0.9089,12609.549,2020-12-18 15:40:00,0.4421,12723.599,2020-12-18 12:41:00,True,2020-12-18 15:04:00,0.4421,0.4007,True,12688.119,2020-12-18 11:23:00,0.0218
NQ,2020-12-21,Monday,ADR,12751.639,12726.857,24.781999999999243,12755.219,12726.709,28.5099999999984,True,LONG,2020-12-21 00:05:00,12757.619,True,True,False,0.8942,0.0,0.8942,12773.799,2020-12-21 00:47:00,0.4483,12740.529,2020-12-21 01:45:00,True,2020-12-21 00:10:00,0.0,0.4483,True,12751.359,2020-12-21 01:08:00,0.0113
NQ,2020-12-21,Monday,ODR,12741.789,12711.349,30.44000000000051,12743.699,12706.609,37.090000000000146,True,SHORT,2020-12-21 04:10:00,12706.539,True,True,True,0.0,8.1873,8.1873,12462.129,2020-12-21 05:53:00,0.1294,12715.289,2020-12-21 04:20:00,True,2020-12-21 04:30:00,0.1294,0.0,True,12712.599,2020-12-21 04:17:00,0.0411
NQ,2020-12-21,Monday,RDR,12639.879,12485.289,154.59000000000015,12648.209,12480.239,167.97000000000116,True,SHORT,2020-12-21 10:45:00,12476.259,False,True,False,0.4257,0.1371,0.1297,12465.239,2020-12-21 10:52:00,1.4257,12705.689,2020-12-21 14:36:00,False,,0.0434,,True,12491.999,2020-12-21 10:50:00,0.0434
NQ,2020-12-22,Tuesday,ADR,12723.299,12687.299,36.0,12724.299,12684.959,39.340000000000146,True,LONG,2020-12-21 20:30:00,12724.309,False,True,False,0.1722,1.2769,0.1639,12729.199,2020-12-21 21:53:00,2.2769,12641.329,2020-12-22 01:11:00,False,,0.4547,,True,12720.419,2020-12-21 20:35:00,0.08
NQ,2020-12-22,Tuesday,ODR,12714.989,12682.769,32.219999999999345,12717.849,12675.239,42.61000000000058,True,LONG,2020-12-22 04:05:00,12726.269,True,False,,1.4435,0.0,1.4435,12761.499,2020-12-22 08:06:00,0.0,12719.269,2020-12-22 04:45:00,True,2020-12-22 04:12:00,0.0,0.0,False,,,
NQ,2020-12-22,Tuesday,RDR,12751.699,12688.429,63.27000000000044,12756.489,12681.489,75.0,True,SHORT,2020-12-22 11:30:00,12646.759,True,True,False,0.0,1.3966,1.3966,12600.069,2020-12-22 11:44:00,0.5567,12723.649,2020-12-22 14:05:00,True,2020-12-22 11:35:00,0.0,0.5567,True,12692.099,2020-12-22 12:44:00,0.058
NQ,2020-12-23,Wednesday,ADR,12699.619,12658.379,41.23999999999978,12699.719,12634.269,65.44999999999891,True,LONG,2020-12-22 22:45:00,12700.819,True,True,True,0.6205,0.1081,0.6205,12725.209,2020-12-23 01:49:00,0.2127,12690.849,2020-12-23 00:45:00,True,2020-12-23 01:23:00,0.2127,0.0,True,12697.609,2020-12-22 22:50:00,0.0487
NQ,2020-12-23,Wednesday,ODR,12738.477,12728.149,10.328000000001339,12742.819,12726.919,15.899999999999636,True,SHORT,2020-12-23 06:45:00,12725.329,True,False,,0.4466,1.616,1.616,12711.459,2020-12-23 07:21:00,0.0,12726.199,2020-12-23 07:38:00,True,2020-12-23 06:52:00,0.0,0.0,False,,,
NQ,2020-12-23,Wednesday,RDR,12718.659,12678.699,39.95999999999913,12728.789,12654.929,73.86000000000058,True,LONG,2020-12-23 13:05:00,12732.879,False,True,False,0.4837,0.733,0.4837,12737.989,2020-12-23 13:50:00,1.733,12649.409,2020-12-23 15:59:00,False,,0.0373,,True,12717.169,2020-12-23 13:20:00,0.0373
NQ,2020-12-24,Thursday,ADR,12665.979,12651.727,14.251999999998588,12667.659,12650.939,16.719999999999345,True,LONG,2020-12-23 20:45:00,12670.949,True,True,True,1.1226,1.072,1.1226,12681.979,2020-12-23 23:54:00,0.0835,12664.789,2020-12-24 01:32:00,True,2020-12-23 20:52:00,0.073,0.0835,True,12665.219,2020-12-23 22:08:00,0.0533
NQ,2020-12-24,Thursday,ODR,12677.859,12664.389,13.470000000001164,12681.239,12663.929,17.30999999999949,True,SHORT,2020-12-24 07:35:00,12663.749,True,True,False,0.0772,0.075,0.0349,12663.919,2020-12-24 07:40:00,0.6615,12673.299,2020-12-24 08:14:00,False,,0.1492,,True,12666.399,2020-12-24 07:40:00,0.1492
NQ,2020-12-24,Thursday,RDR,12719.089,12666.339,52.75,12727.319,12662.389,64.93000000000029,False,,,,,,,0.2008,0.0,,,,,,,False,,,,False,,,
NQ,2020-12-28,Monday,ADR,12757.739,12738.549,19.18999999999869,12758.799,12736.539,22.26000000000022,True,LONG,2020-12-27 20:30:00,12758.859,True,True,True,1.6691,0.0,1.6691,12789.769,2020-12-27 22:26:00,0.0167,12757.419,2020-12-27 20:51:00,True,2020-12-27 20:39:00,0.0167,0.0167,True,12757.419,2020-12-27 20:51:00,0.0167
NQ,2020-12-28,Monday,ODR,12791.449,12776.599,14.850000000000364,12792.259,12775.219,17.040000000000873,True,LONG,2020-12-28 06:00:00,12793.499,True,True,True,1.604,0.462,1.604,12815.269,2020-12-28 08:00:00,0.1791,12788.789,2020-12-28 07:00:00,True,2020-12-28 06:12:00,0.1791,0.1791,True,12791.409,2020-12-28 06:21:00,0.0027
NQ,2020-12-28,Monday,RDR,12819.939,12752.529,67.40999999999985,12824.389,12745.909,78.47999999999956,True,LONG,2020-12-28 11:25:00,12824.599,True,True,True,0.6158,0.0,0.6158,12861.449,2020-12-28 15:19:00,0.1483,12809.939,2020-12-28 11:50:00,True,2020-12-28 14:37:00,0.1483,0.0,True,12819.509,2020-12-28 11:36:00,0.0064
NQ,2020-12-29,Tuesday,ADR,12866.637,12863.417,3.220000000001164,12868.479,12862.589,5.889999999999418,True,LONG,2020-12-28 20:45:00,12868.529,False,True,True,7.3453,0.6143,7.3453,12890.289,2020-12-29 01:58:00,1.6143,12861.439,2020-12-28 21:05:00,True,2020-12-28 20:50:00,1.6143,1.6143,True,12865.379,2020-12-28 20:51:00,0.3907
NQ,2020-12-29,Tuesday,ODR,12903.067,12895.329,7.737999999999374,12903.619,12893.519,10.100000000000364,True,SHORT,2020-12-29 04:15:00,12892.789,True,True,True,0.0,2.0199,2.0199,12879.699,2020-12-29 06:23:00,0.398,12898.409,2020-12-29 07:39:00,True,2020-12-29 04:21:00,0.2701,0.398,True,12895.507,2020-12-29 04:25:00,0.023
NQ,2020-12-29,Tuesday,RDR,12914.369,12821.059,93.31000000000131,12924.299,12817.129,107.17000000000007,False,,,,,,,0.0,0.0812,,,,,,,False,,,,False,,,
NQ,2020-12-30,Wednesday,ADR,12844.879,12835.439,9.44000000000051,12845.199,12831.739,13.460000000000946,True,LONG,2020-12-29 20:30:00,12852.987,True,False,,5.4672,0.0,5.4672,12896.489,2020-12-30 00:11:00,0.0,12846.609,2020-12-29 20:43:00,True,2020-12-29 20:35:00,0.0,0.0,False,,,
NQ,2020-12-30,Wednesday,ODR,12896.499,12887.639,8.860000000000582,12898.889,12887.159,11.729999999999563,True,SHORT,2020-12-30 04:00:00,12882.709,False,True,False,0.5271,1.2291,1.2291,12876.749,2020-12-30 06:24:00,1.5271,12901.169,2020-12-30 08:24:00,True,2020-12-30 04:05:00,1.1129,1.5271,True,12887.689,2020-12-30 04:17:00,0.0056
NQ,2020-12-30,Wednesday,RDR,12900.319,12846.849,53.469999999999345,12913.789,12839.719,74.07000000000153,True,SHORT,2020-12-30 10:35:00,12827.769,True,True,False,0.0,0.4064,0.369,12827.119,2020-12-30 10:40:00,0.5637,12876.989,2020-12-30 13:51:00,False,,0.0,,True,12849.499,2020-12-30 10:48:00,0.0496
NQ,2020-12-31,Thursday,ADR,12857.199,12844.889,12.31000000000131,12857.389,12843.949,13.43999999999869,True,LONG,2020-12-30 20:40:00,12857.399,False,True,False,0.463,0.6296,0.463,12862.899,2020-12-30 21:01:00,1.6296,12837.139,2020-12-30 23:11:00,False,,0.1527,,True,12855.929,2020-12-30 20:45:00,0.1032
NQ,2020-12-31,Thursday,ODR,12854.679,12841.519,13.159999999999854,12855.599,12839.439,16.159999999999854,True,LONG,2020-12-31 05:50:00,12856.819,True,True,False,0.9666,0.057,0.9666,12867.399,2020-12-31 06:36:00,0.5274,12847.739,2020-12-31 08:21:00,True,2020-12-31 06:20:00,0.0,0.5274,True,12853.909,2020-12-31 08:14:00,0.0585
NQ,2020-12-31,Thursday,RDR,12856.629,12834.119,22.51000000000022,12861.709,12827.319,34.39000000000124,True,SHORT,2020-12-31 11:50:00,12820.409,False,True,False,1.9116,1.4656,1.4656,12801.129,2020-12-31 11:58:00,2.9116,12899.659,2020-12-31 15:59:00,True,2020-12-31 11:55:00,0.0,2.9116,True,12834.499,2020-12-31 12:43:00,0.0169
