instrument,trading_date,day_of_week,range_type,dr_high,dr_low,dr_range,idr_high,idr_low,idr_range,confirmed,direction,confirmation_time,confirmation_price,dr_rule_true,retraced_into_dr,outside_dr_closed,mean_sd_up,mean_sd_down,extension_sd,extension_price,extension_time,max_retracement_sd,max_retracement_price,max_retracement_time,reached_05_sd,time_05_sd,retracement_before_extreme_sd,retracement_after_05_sd,first_retracement_occurred,first_retracement_price,first_retracement_time,first_retracement_exact
ES,2026-01-02,Friday,ADR,6863.954,6855.899,8.054999999999382,6864.751,6855.433,9.318000000000211,True,LONG,2026-01-01 20:30:00,6866.242,True,False,,1.9299,0.0,1.9299,6879.499,2026-01-02 01:09:00,0.0,6865.436,2026-01-01 20:55:00,True,2026-01-01 21:03:00,0.0,0.0,False,,,
ES,2026-01-02,Friday,ODR,6885.236,6875.442,9.793999999999869,6886.439,6875.442,10.997000000000298,True,LONG,2026-01-02 04:00:00,6886.951,True,True,False,0.7156,0.0,0.7156,6892.245,2026-01-02 05:16:00,0.3564,6881.745,2026-01-02 08:28:00,True,2026-01-02 04:10:00,0.0,0.3564,True,6884.845,2026-01-02 05:34:00,0.0399
ES,2026-01-02,Friday,RDR,6890.245,6845.742,44.5029999999997,6894.554,6840.539,54.01500000000033,True,SHORT,2026-01-02 10:55:00,6840.048,True,True,False,0.0,0.499,0.499,6823.533,2026-01-02 13:50:00,0.4405,6865.345,2026-01-02 14:40:00,False,,0.1885,,True,6848.954,2026-01-02 11:15:00,0.0722
ES,2026-01-05,Monday,ADR,6866.954,6861.636,5.3179999999993015,6869.439,6860.136,9.302999999999884,True,LONG,2026-01-04 21:00:00,6869.642,True,True,True,1.1619,0.0,1.1619,6873.133,2026-01-05 01:59:00,0.5305,6864.133,2026-01-04 23:15:00,True,2026-01-04 21:05:00,0.5305,0.5305,True,6866.942,2026-01-04 21:27:00,0.0023
ES,2026-01-05,Monday,ODR,6876.639,6867.499,9.140000000000327,6878.199,6865.651,12.547999999999774,True,LONG,2026-01-05 05:20:00,6878.433,True,True,False,0.7128,0.0,0.7128,6883.154,2026-01-05 07:01:00,0.7334,6869.936,2026-01-05 08:23:00,True,2026-01-05 07:00:00,0.186,0.7334,True,6876.639,2026-01-05 05:29:00,0.0
ES,2026-01-05,Monday,RDR,6911.745,6892.199,19.546000000000276,6912.799,6890.548,22.251000000000204,True,LONG,2026-01-05 10:30:00,6913.042,True,True,False,0.4808,0.0,0.4808,6921.142,2026-01-05 11:51:00,0.7166,6897.739,2026-01-05 15:56:00,False,,0.2809,,True,6910.442,2026-01-05 10:35:00,0.0667
ES,2026-01-06,Tuesday,ADR,6905.254,6897.954,7.300000000000182,6906.299,6897.436,8.863000000000284,True,LONG,2026-01-05 21:35:00,6907.742,True,False,,1.5733,0.0,1.5733,6916.739,2026-01-06 01:45:00,0.0,6907.233,2026-01-05 21:46:00,True,2026-01-05 21:49:00,0.0,0.0,False,,,
ES,2026-01-06,Tuesday,ODR,6910.954,6890.254,20.699999999999818,6910.999,6888.933,22.065999999999804,False,,,,,,,0.0,0.0,,,,,,,False,,,,False,,,
ES,2026-01-06,Tuesday,RDR,6933.054,6904.733,28.320999999999913,6935.039,6903.542,31.49699999999939,True,LONG,2026-01-06 12:55:00,6935.536,True,True,True,0.5714,0.0,0.5714,6949.236,2026-01-06 15:50:00,0.0537,6931.533,2026-01-06 13:07:00,True,2026-01-06 14:14:00,0.0537,0.0,True,6932.899,2026-01-06 13:02:00,0.0055
ES,2026-01-07,Wednesday,ADR,6948.451,6945.145,3.3059999999995853,6948.933,6944.639,4.293999999999869,True,SHORT,2026-01-06 23:00:00,6944.454,True,True,True,0.297,1.6655,1.6655,6939.639,2026-01-07 01:58:00,0.1531,6945.651,2026-01-07 01:15:00,True,2026-01-06 23:08:00,0.1531,0.1531,True,6945.454,2026-01-07 00:37:00,0.0935
ES,2026-01-07,Wednesday,ODR,6942.145,6937.636,4.5090000000000146,6943.499,6937.436,6.063000000000102,True,SHORT,2026-01-07 04:05:00,6936.633,False,True,False,0.6653,0.8206,0.8206,6933.936,2026-01-07 05:32:00,1.6653,6945.145,2026-01-07 08:29:00,True,2026-01-07 04:19:00,0.5121,1.6653,True,6937.636,2026-01-07 04:12:00,0.0
ES,2026-01-07,Wednesday,RDR,6953.151,6937.639,15.511999999999716,6956.151,6936.139,20.011999999999716,True,LONG,2026-01-07 11:40:00,6957.199,False,True,False,0.7541,1.2764,0.7541,6964.848,2026-01-07 12:08:00,2.2764,6917.839,2026-01-07 15:40:00,True,2026-01-07 12:00:00,0.0,2.2764,True,6953.151,2026-01-07 12:52:00,0.0
ES,2026-01-08,Thursday,ADR,6927.751,6921.851,5.900000000000546,6927.751,6921.736,6.015000000000327,True,SHORT,2026-01-07 21:35:00,6920.251,True,False,,0.0,4.6795,4.6795,6894.242,2026-01-08 01:28:00,0.0,6920.239,2026-01-07 21:41:00,True,2026-01-07 21:41:00,0.0,0.0,False,,,
ES,2026-01-08,Thursday,ODR,6915.242,6906.848,8.394000000000233,6915.354,6906.442,8.912000000000262,True,SHORT,2026-01-08 04:45:00,6905.633,False,True,False,0.2093,0.4292,0.4292,6903.245,2026-01-08 06:31:00,1.2093,6916.999,2026-01-08 08:21:00,False,,0.6076,,True,6907.754,2026-01-08 04:55:00,0.1079
ES,2026-01-08,Thursday,RDR,6924.042,6903.248,20.79400000000078,6925.699,6900.148,25.550999999999476,True,LONG,2026-01-08 12:40:00,6925.954,True,True,False,0.3564,0.0,0.3564,6931.454,2026-01-08 12:52:00,0.7496,6908.454,2026-01-08 14:16:00,False,,0.0,,True,6923.633,2026-01-08 13:02:00,0.0197
ES,2026-01-09,Friday,ADR,6927.499,6917.248,10.251000000000204,6927.499,6916.233,11.265999999999622,True,SHORT,2026-01-08 20:35:00,6915.948,True,True,False,0.0,0.1966,0.1771,6915.433,2026-01-08 20:40:00,0.8685,6926.151,2026-01-09 01:49:00,False,,0.0,,True,6917.254,2026-01-08 20:46:00,0.0006
ES,2026-01-09,Friday,ODR,6925.754,6918.233,7.520999999999731,6926.299,6917.433,8.865999999999985,True,LONG,2026-01-09 04:30:00,6927.233,True,False,,1.6015,0.0577,1.6015,6937.799,2026-01-09 08:21:00,0.0,6925.799,2026-01-09 04:44:00,True,2026-01-09 05:25:00,0.0,0.0,False,,,
ES,2026-01-09,Friday,RDR,6957.048,6920.751,36.29699999999957,6959.342,6917.036,42.305999999999585,True,LONG,2026-01-09 11:10:00,6960.345,True,True,True,0.5868,0.0,0.5868,6978.348,2026-01-09 15:22:00,0.1653,6951.048,2026-01-09 11:35:00,True,2026-01-09 14:46:00,0.1653,0.0,True,6956.039,2026-01-09 11:26:00,0.0278
ES,2026-01-12,Monday,ADR,6953.948,6933.942,20.006000000000313,6954.148,6932.148,22.0,True,SHORT,2026-01-11 20:30:00,6930.199,True,True,True,0.0,0.7248,0.7248,6919.442,2026-01-12 00:49:00,0.3499,6940.942,2026-01-11 20:52:00,True,2026-01-12 00:25:00,0.3499,0.0,True,6934.148,2026-01-11 20:39:00,0.0103
ES,2026-01-12,Monday,ODR,6930.154,6912.133,18.02100000000064,6931.854,6911.151,20.70300000000043,False,,,,,,,0.0721,0.0,,,,,,,False,,,,False,,,
ES,2026-01-12,Monday,RDR,6961.499,6930.342,31.157000000000153,6963.945,6929.945,34.0,True,LONG,2026-01-12 10:55:00,6964.045,True,False,,0.794,0.0,0.794,6986.239,2026-01-12 15:02:00,0.0,6961.548,2026-01-12 11:00:00,True,2026-01-12 13:47:00,0.0,0.0,False,,,
ES,2026-01-13,Tuesday,ADR,6965.799,6963.745,2.0540000000000873,6966.799,6963.254,3.5450000000000728,True,SHORT,2026-01-12 20:30:00,6963.239,False,True,False,4.7712,1.5579,1.5579,6960.545,2026-01-12 20:42:00,5.7712,6975.599,2026-01-13 01:52:00,True,2026-01-12 20:36:00,0.0,5.7712,True,6964.736,2026-01-12 20:48:00,0.4825
ES,2026-01-13,Tuesday,ODR,6972.539,6967.745,4.793999999999869,6972.799,6967.239,5.5600000000004,True,LONG,2026-01-13 04:15:00,6973.051,False,True,False,0.3154,0.7743,0.2092,6973.542,2026-01-13 04:20:00,1.7743,6964.033,2026-01-13 05:15:00,False,,0.0,,True,6972.436,2026-01-13 04:23:00,0.0215
ES,2026-01-13,Tuesday,RDR,6983.645,6948.151,35.4940000000006,6985.651,6945.139,40.511999999999716,True,SHORT,2026-01-13 15:25:00,6944.851,True,True,False,0.0,0.268,0.268,6938.639,2026-01-13 15:34:00,0.4422,6963.845,2026-01-13 15:59:00,False,,0.0,,True,6948.151,2026-01-13 15:41:00,0.0
ES,2026-01-14,Wednesday,ADR,6963.645,6958.348,5.29700000000048,6963.699,6957.842,5.856999999999971,True,SHORT,2026-01-13 20:40:00,6957.342,True,True,True,0.0,2.5881,2.5881,6944.639,2026-01-14 01:07:00,0.5647,6961.339,2026-01-13 22:42:00,True,2026-01-13 20:46:00,0.5647,0.5647,True,6958.654,2026-01-13 22:07:00,0.0578
ES,2026-01-14,Wednesday,ODR,6952.633,6947.842,4.791000000000167,6953.354,6947.248,6.106000000000677,True,LONG,2026-01-14 04:05:00,6953.654,False,True,False,0.5224,4.7399,0.5224,6955.136,2026-01-14 04:18:00,5.7399,6925.133,2026-01-14 07:02:00,True,2026-01-14 04:18:00,0.0,5.7399,True,6952.345,2026-01-14 04:28:00,0.0601
ES,2026-01-14,Wednesday,RDR,6940.354,6906.742,33.61200000000008,6941.348,6900.939,40.40899999999965,True,SHORT,2026-01-14 10:45:00,6890.839,True,True,False,0.0,0.6309,0.6309,6885.536,2026-01-14 11:55:00,0.6875,6929.851,2026-01-14 15:36:00,True,2026-01-14 10:50:00,0.3766,0.6875,True,6908.033,2026-01-14 11:22:00,0.0384
ES,2026-01-15,Thursday,ADR,6926.039,6919.042,6.996999999999389,6926.799,6917.545,9.253999999999905,True,SHORT,2026-01-14 20:30:00,6915.745,False,True,False,1.8878,0.6869,0.5847,6914.951,2026-01-14 20:35:00,2.8878,6939.248,2026-01-15 01:25:00,True,2026-01-14 20:35:00,0.0,2.8878,True,6919.554,2026-01-14 20:36:00,0.0732
ES,2026-01-15,Thursday,ODR,6939.733,6931.236,8.497000000000298,6941.254,6930.033,11.220999999999549,True,LONG,2026-01-15 04:05:00,6943.433,True,False,,2.2125,0.0,2.2125,6958.533,2026-01-15 08:29:00,0.0,6943.542,2026-01-15 04:10:00,True,2026-01-15 04:10:00,0.0,0.0,False,,,
ES,2026-01-15,Thursday,RDR,6970.654,6960.799,9.855000000000473,6971.842,6956.436,15.405999999999949,True,LONG,2026-01-15 11:00:00,6972.839,False,True,False,0.8524,2.41,0.8524,6979.054,2026-01-15 12:05:00,3.41,6937.048,2026-01-15 15:50:00,True,2026-01-15 11:23:00,0.2441,3.41,True,6970.533,2026-01-15 11:06:00,0.0123
ES,2026-01-19,Monday,ADR,6890.245,6882.745,7.5,6891.436,6881.233,10.20299999999952,True,SHORT,2026-01-18 20:55:00,6880.242,True,True,True,0.0,0.7745,0.7745,6876.936,2026-01-19 00:19:00,0.6004,6887.248,2026-01-18 22:00:00,True,2026-01-18 23:58:00,0.6004,0.4263,True,6885.436,2026-01-18 21:00:00,0.3588
ES,2026-01-19,Monday,ODR,6888.348,6872.733,15.614999999999782,6888.799,6872.733,16.065999999999804,True,SHORT,2026-01-19 04:15:00,6869.436,True,True,True,0.0,1.1522,1.1522,6854.742,2026-01-19 04:43:00,0.0964,6874.239,2026-01-19 07:46:00,True,2026-01-19 04:25:00,0.0456,0.0964,True,6873.445,2026-01-19 04:22:00,0.0456
ES,2026-01-19,Monday,RDR,6867.239,6853.342,13.896999999999935,6868.936,6852.045,16.89099999999962,True,LONG,2026-01-19 11:00:00,6869.048,True,True,True,1.0155,0.0,1.0155,6881.351,2026-01-19 12:31:00,0.1934,6864.551,2026-01-19 11:29:00,True,2026-01-19 11:12:00,0.1934,0.1934,True,6867.033,2026-01-19 11:26:00,0.0148
ES,2026-01-20,Tuesday,ADR,6876.751,6862.133,14.618000000000393,6876.954,6861.433,15.52099999999973,True,LONG,2026-01-19 21:45:00,6877.736,False,True,False,0.1165,1.2587,0.1024,6878.248,2026-01-19 21:50:00,2.2587,6843.733,2026-01-20 01:35:00,False,,0.0,,True,6876.236,2026-01-19 21:52:00,0.0352
ES,2026-01-20,Tuesday,ODR,6847.339,6823.999,23.340000000000146,6848.454,6821.754,26.699999999999818,True,SHORT,2026-01-20 04:15:00,6821.439,False,True,False,0.2234,0.517,0.517,6811.933,2026-01-20 04:50:00,1.2234,6852.554,2026-01-20 07:49:00,True,2026-01-20 04:50:00,0.0404,1.2234,True,6824.942,2026-01-20 04:23:00,0.0404
ES,2026-01-20,Tuesday,RDR,6861.948,6833.939,28.009000000000015,6863.299,6831.933,31.365999999999985,True,LONG,2026-01-20 10:30:00,6868.499,False,True,False,0.3211,1.6139,0.3211,6870.942,2026-01-20 10:42:00,2.6139,6788.736,2026-01-20 15:59:00,False,,0.0,,True,6860.445,2026-01-20 10:47:00,0.0537
ES,2026-01-21,Wednesday,ADR,6816.454,6807.245,9.208999999999833,6817.454,6806.436,11.018000000000029,True,LONG,2026-01-20 22:10:00,6817.736,True,True,False,0.6288,0.0,0.6288,6822.245,2026-01-21 01:33:00,0.381,6812.945,2026-01-20 23:15:00,True,2026-01-20 22:23:00,0.381,0.381,True,6814.236,2026-01-20 22:45:00,0.2409
ES,2026-01-21,Wednesday,ODR,6822.999,6815.948,7.050999999999476,6823.433,6815.439,7.993999999999687,True,SHORT,2026-01-21 04:30:00,6815.242,True,True,True,0.0,4.8942,4.8942,6781.439,2026-01-21 07:46:00,0.1135,6816.748,2026-01-21 04:38:00,True,2026-01-21 04:45:00,0.1135,0.0072,True,6816.748,2026-01-21 04:38:00,0.1135
ES,2026-01-21,Wednesday,RDR,6853.936,6818.545,35.39099999999962,6857.945,6812.633,45.3119999999999,True,LONG,2026-01-21 10:30:00,6861.699,False,True,True,1.6108,0.3984,1.6108,6910.945,2026-01-21 15:00:00,1.3984,6804.445,2026-01-21 12:15:00,True,2026-01-21 10:45:00,1.3984,1.3984,True,6853.654,2026-01-21 11:36:00,0.008
ES,2026-01-22,Thursday,ADR,6898.739,6890.748,7.9909999999999854,6898.933,6889.745,9.188000000000102,True,LONG,2026-01-21 20:40:00,6898.945,False,True,False,0.3125,1.6655,0.3125,6901.236,2026-01-21 21:08:00,2.6655,6877.439,2026-01-22 01:26:00,False,,0.1627,,True,6897.733,2026-01-21 20:45:00,0.1259
ES,2026-01-22,Thursday,ODR,6916.236,6896.299,19.936999999999898,6918.445,6894.942,23.5029999999997,True,LONG,2026-01-22 04:10:00,6919.942,True,True,True,0.3012,0.0,0.3012,6922.242,2026-01-22 04:51:00,0.4007,6908.248,2026-01-22 07:03:00,False,,0.0,,True,6915.936,2026-01-22 05:13:00,0.015
ES,2026-01-22,Thursday,RDR,6926.948,6896.536,30.412000000000262,6929.936,6892.248,37.6880000000001,True,LONG,2026-01-22 12:30:00,6931.854,True,True,False,0.2599,0.0,0.2599,6934.851,2026-01-22 13:05:00,0.9179,6899.033,2026-01-22 15:36:00,False,,0.0,,True,6926.354,2026-01-22 13:17:00,0.0195
ES,2026-01-23,Friday,ADR,6921.039,6912.351,8.688000000000102,6922.554,6911.836,10.717999999999847,True,LONG,2026-01-22 20:50:00,6923.345,True,True,True,1.1862,0.0,1.1862,6931.345,2026-01-23 01:05:00,0.1957,6919.339,2026-01-22 21:52:00,True,2026-01-22 22:17:00,0.1957,0.0,True,6920.848,2026-01-22 21:31:00,0.022
ES,2026-01-23,Friday,ODR,6922.551,6905.942,16.60900000000038,6922.851,6903.345,19.505999999999403,True,SHORT,2026-01-23 04:35:00,6901.348,True,True,True,0.0,0.7468,0.7468,6893.539,2026-01-23 05:35:00,0.3377,6911.551,2026-01-23 06:33:00,True,2026-01-23 04:42:00,0.0,0.3377,True,6908.845,2026-01-23 06:03:00,0.1748
ES,2026-01-23,Friday,RDR,6918.251,6895.933,22.31800000000021,6921.551,6894.439,27.11200000000008,True,LONG,2026-01-23 10:45:00,6926.239,True,True,False,0.6489,0.0,0.6489,6932.733,2026-01-23 11:03:00,0.8251,6899.836,2026-01-23 12:59:00,True,2026-01-23 10:56:00,0.0,0.8251,True,6917.951,2026-01-23 11:32:00,0.0134
ES,2026-01-26,Monday,ADR,6899.951,6886.933,13.018000000000029,6902.742,6885.933,16.809000000000196,True,LONG,2026-01-26 00:30:00,6902.999,True,True,True,0.6376,0.0,0.6376,6908.251,2026-01-26 01:28:00,0.0012,6899.936,2026-01-26 00:49:00,True,2026-01-26 01:16:00,0.0012,0.0,True,6899.936,2026-01-26 00:49:00,0.0012
ES,2026-01-26,Monday,ODR,6917.833,6910.145,7.687999999999192,6918.454,6909.942,8.511999999999716,True,LONG,2026-01-26 04:05:00,6918.754,False,True,False,0.2093,2.4966,0.1198,6918.754,2026-01-26 04:10:00,3.4966,6890.951,2026-01-26 04:54:00,False,,0.0,,True,6917.433,2026-01-26 04:11:00,0.052
ES,2026-01-26,Monday,RDR,6956.748,6927.142,29.605999999999767,6957.251,6921.833,35.418000000000575,True,LONG,2026-01-26 12:00:00,6958.742,True,True,False,0.2534,0.0,0.2534,6964.251,2026-01-26 13:32:00,0.2672,6948.836,2026-01-26 15:57:00,False,,0.1593,,True,6956.233,2026-01-26 12:10:00,0.0174
ES,2026-01-27,Tuesday,ADR,6955.639,6950.736,4.903000000000247,6956.236,6950.239,5.997000000000298,True,LONG,2026-01-26 20:30:00,6956.451,True,True,True,4.2454,0.0,4.2454,6976.454,2026-01-27 01:07:00,0.0396,6955.445,2026-01-26 20:44:00,True,2026-01-26 21:01:00,0.0396,0.0,True,6955.445,2026-01-26 20:44:00,0.0396
ES,2026-01-27,Tuesday,ODR,6971.951,6964.499,7.4520000000002256,6972.951,6964.254,8.697000000000116,False,,,,,,,0.2017,0.0085,,,,,,,False,,,,False,,,
ES,2026-01-27,Tuesday,RDR,6976.036,6958.354,17.68199999999979,6977.799,6958.333,19.46600000000035,True,LONG,2026-01-27 10:35:00,6978.345,True,True,True,0.7073,0.0,0.7073,6988.542,2026-01-27 11:42:00,0.226,6972.039,2026-01-27 13:07:00,True,2026-01-27 11:04:00,0.0,0.226,True,6975.333,2026-01-27 13:00:00,0.0398
ES,2026-01-28,Wednesday,ADR,6997.345,6989.345,8.0,6997.899,6989.333,8.566000000000713,True,LONG,2026-01-28 00:00:00,6998.533,True,False,,2.0068,0.0,2.0068,7013.399,2026-01-28 01:32:00,0.0,6998.542,2026-01-28 00:07:00,True,2026-01-28 00:41:00,0.0,0.0,False,,,
ES,2026-01-28,Wednesday,ODR,7007.745,6997.333,10.412000000000262,7009.354,6996.454,12.900000000000546,True,SHORT,2026-01-28 07:15:00,6994.051,True,True,True,0.0,0.7278,0.7278,6989.755,2026-01-28 08:14:00,0.1633,6999.033,2026-01-28 07:48:00,True,2026-01-28 08:13:00,0.1633,0.0,True,6998.042,2026-01-28 07:21:00,0.0681
ES,2026-01-28,Wednesday,RDR,7000.039,6984.036,16.0029999999997,7001.699,6983.233,18.46599999999944,True,SHORT,2026-01-28 10:40:00,6980.748,True,True,True,0.0,1.3308,1.3308,6962.739,2026-01-28 14:30:00,0.1252,6986.039,2026-01-28 11:07:00,True,2026-01-28 11:36:00,0.1252,0.0941,True,6984.045,2026-01-28 11:04:00,0.0006
ES,2026-01-29,Thursday,ADR,6970.733,6962.445,8.288000000000466,6971.054,6958.242,12.811999999999898,True,LONG,2026-01-28 21:20:00,6974.251,True,False,,2.9338,0.2903,2.9338,6995.048,2026-01-29 01:17:00,0.0,6972.248,2026-01-28 21:49:00,True,2026-01-28 21:27:00,0.0,0.0,False,,,
ES,2026-01-29,Thursday,ODR,7000.036,6991.233,8.802999999999884,7000.554,6990.048,10.506000000000313,True,SHORT,2026-01-29 05:00:00,6989.239,True,True,False,0.0471,1.135,1.135,6981.242,2026-01-29 06:03:00,0.4324,6995.039,2026-01-29 07:20:00,True,2026-01-29 05:56:00,0.3749,0.4324,True,6991.299,2026-01-29 05:08:00,0.0075
ES,2026-01-29,Thursday,RDR,6985.739,6912.342,73.39699999999993,6992.899,6911.139,81.76000000000022,True,SHORT,2026-01-29 10:30:00,6903.199,True,True,False,0.0,0.5641,0.5641,6870.939,2026-01-29 11:07:00,0.7978,6970.899,2026-01-29 15:58:00,True,2026-01-29 10:54:00,0.0,0.7978,True,6912.839,2026-01-29 11:43:00,0.0068
ES,2026-01-30,Friday,ADR,6953.945,6941.151,12.793999999999869,6964.136,6940.442,23.694000000000415,True,SHORT,2026-01-29 20:30:00,6939.639,True,True,True,0.0,2.5417,2.5417,6908.633,2026-01-30 01:57:00,0.4531,6946.948,2026-01-29 23:33:00,True,2026-01-29 20:39:00,0.4531,0.4531,True,6941.154,2026-01-29 22:05:00,0.0002
ES,2026-01-30,Friday,ODR,6916.336,6901.499,14.837000000000444,6918.954,6899.439,19.514999999999418,True,SHORT,2026-01-30 04:45:00,6894.033,False,True,False,2.2119,0.6974,0.6974,6891.151,2026-01-30 04:51:00,3.2119,6949.154,2026-01-30 07:03:00,True,2026-01-30 04:50:00,0.0,3.2119,True,6902.448,2026-01-30 04:56:00,0.064
ES,2026-01-30,Friday,RDR,6957.599,6936.154,21.44499999999971,6963.039,6934.633,28.40599999999995,True,SHORT,2026-01-30 11:15:00,6932.942,True,True,False,0.3236,2.015,2.015,6892.942,2026-01-30 13:22:00,0.6759,6950.648,2026-01-30 15:50:00,True,2026-01-30 11:24:00,0.48,0.6759,True,6937.699,2026-01-30 11:29:00,0.072
ES,2026-02-02,Monday,ADR,6937.748,6910.448,27.299999999999272,6939.851,6906.736,33.11499999999978,True,SHORT,2026-02-01 20:30:00,6904.951,True,True,True,0.0,2.6189,2.6189,6838.951,2026-02-02 01:38:00,0.1171,6913.645,2026-02-01 20:38:00,True,2026-02-01 20:48:00,0.1171,0.0,True,6910.954,2026-02-01 20:36:00,0.0185
ES,2026-02-02,Monday,ODR,6892.745,6870.754,21.990999999999985,6895.236,6869.633,25.603000000000065,True,LONG,2026-02-02 04:20:00,6901.248,True,True,True,1.205,0.0,1.205,6919.245,2026-02-02 07:32:00,0.1824,6888.733,2026-02-02 05:46:00,True,2026-02-02 05:02:00,0.1824,0.1824,True,6891.736,2026-02-02 05:37:00,0.0459
ES,2026-02-02,Monday,RDR,6977.299,6918.451,58.847999999999956,6978.799,6916.545,62.253999999999905,True,LONG,2026-02-02 10:35:00,6979.139,True,True,False,0.2419,0.0,0.2419,6991.533,2026-02-02 12:56:00,0.2747,6961.133,2026-02-02 11:06:00,False,,0.2747,,True,6974.333,2026-02-02 10:41:00,0.0504
ES,2026-02-03,Tuesday,ADR,6996.751,6992.499,4.2520000000004075,6998.499,6990.739,7.760000000000218,True,SHORT,2026-02-02 20:45:00,6990.642,False,True,False,0.5837,2.2498,2.2498,6982.933,2026-02-02 21:41:00,1.5837,6999.233,2026-02-03 01:43:00,True,2026-02-02 20:50:00,0.1176,1.5837,True,6992.499,2026-02-02 20:54:00,0.0
ES,2026-02-03,Tuesday,ODR,7001.448,6992.251,9.197000000000116,7002.254,6991.154,11.099999999999454,True,SHORT,2026-02-03 04:20:00,6990.742,True,True,False,0.0,1.1414,1.1414,6981.754,2026-02-03 06:34:00,0.6201,6997.954,2026-02-03 07:46:00,True,2026-02-03 04:38:00,0.0813,0.6201,True,6992.799,2026-02-03 05:05:00,0.0596
ES,2026-02-03,Tuesday,RDR,6984.345,6931.099,53.246000000000095,6991.748,6930.033,61.714999999999236,True,SHORT,2026-02-03 11:25:00,6929.936,True,True,True,0.0,1.2896,1.2896,6862.433,2026-02-03 14:08:00,0.0958,6936.199,2026-02-03 11:35:00,True,2026-02-03 12:34:00,0.0958,0.0,True,6932.699,2026-02-03 11:30:00,0.03
ES,2026-02-04,Wednesday,ADR,6921.742,6909.945,11.79700000000048,6922.299,6909.336,12.962999999999738,True,LONG,2026-02-03 21:05:00,6926.754,True,True,True,1.102,0.0,1.102,6934.742,2026-02-04 01:49:00,0.5081,6915.748,2026-02-03 21:53:00,True,2026-02-04 01:11:00,0.5081,0.0,True,6921.733,2026-02-03 21:18:00,0.0008
ES,2026-02-04,Wednesday,ODR,6934.648,6918.945,15.70300000000043,6935.742,6916.939,18.802999999999884,True,SHORT,2026-02-04 04:15:00,6914.433,False,True,False,0.4006,0.6685,0.6685,6908.448,2026-02-04 04:44:00,1.4006,6940.939,2026-02-04 06:50:00,True,2026-02-04 04:20:00,0.0,1.4006,True,6919.448,2026-02-04 05:03:00,0.032
ES,2026-02-04,Wednesday,RDR,6932.142,6894.733,37.40899999999965,6936.739,6886.954,49.784999999999854,True,SHORT,2026-02-04 11:40:00,6875.948,True,True,True,0.0,1.4916,1.4916,6838.933,2026-02-04 12:50:00,0.3182,6906.636,2026-02-04 14:53:00,True,2026-02-04 11:45:00,0.0,0.3182,True,6897.742,2026-02-04 14:46:00,0.0804
ES,2026-02-05,Thursday,ADR,6909.342,6901.336,8.005999999999403,6911.099,6900.533,10.565999999999804,True,SHORT,2026-02-04 21:05:00,6898.345,True,False,,0.3384,4.5583,4.5583,6864.842,2026-02-04 23:27:00,0.0,6899.033,2026-02-04 21:10:00,True,2026-02-04 21:10:00,0.0,0.0,False,,,
ES,2026-02-05,Thursday,ODR,6899.845,6877.848,21.9970000000003,6900.599,6877.836,22.76299999999992,True,SHORT,2026-02-05 04:05:00,6876.842,True,True,True,0.0,2.0237,2.0237,6833.333,2026-02-05 07:48:00,0.8863,6897.345,2026-02-05 07:06:00,True,2026-02-05 07:23:00,0.8863,0.0,True,6877.933,2026-02-05 04:10:00,0.0039
ES,2026-02-05,Thursday,RDR,6851.448,6787.736,63.712000000000444,6858.551,6782.951,75.60000000000036,True,SHORT,2026-02-05 10:30:00,6782.242,True,True,False,0.0,0.1288,0.1288,6779.533,2026-02-05 11:14:00,0.9419,6847.748,2026-02-05 12:47:00,False,,0.2937,,True,6790.248,2026-02-05 10:37:00,0.0394
ES,2026-02-06,Friday,ADR,6765.848,6750.054,15.793999999999869,6768.899,6748.348,20.551000000000386,True,LONG,2026-02-05 20:40:00,6774.442,True,True,True,1.8805,0.0,1.8805,6795.548,2026-02-06 01:31:00,0.2728,6761.539,2026-02-06 00:10:00,True,2026-02-05 20:45:00,0.2728,0.2728,True,6765.839,2026-02-05 23:38:00,0.0006
ES,2026-02-06,Friday,ODR,6795.899,6782.039,13.860000000000582,6800.345,6776.445,23.900000000000546,True,LONG,2026-02-06 04:05:00,6802.042,True,False,,3.8559,0.0,3.8559,6849.342,2026-02-06 06:58:00,0.0,6800.454,2026-02-06 04:10:00,True,2026-02-06 04:10:00,0.0,0.0,False,,,
ES,2026-02-06,Friday,RDR,6877.951,6835.899,42.05199999999968,6886.633,6830.151,56.48199999999997,True,LONG,2026-02-06 11:00:00,6890.639,True,False,,1.6063,0.0,1.6063,6945.499,2026-02-06 15:51:00,0.0,6887.133,2026-02-06 11:06:00,True,2026-02-06 11:35:00,0.0,0.0,False,,,
ES,2026-02-09,Monday,ADR,6956.539,6944.951,11.587999999999738,6957.354,6944.333,13.02100000000064,True,SHORT,2026-02-08 20:35:00,6942.133,True,True,True,0.0,0.9932,0.9932,6933.442,2026-02-09 01:58:00,0.2333,6947.654,2026-02-08 21:44:00,True,2026-02-08 20:55:00,0.2333,0.2333,True,6946.139,2026-02-08 21:09:00,0.1025
ES,2026-02-09,Monday,ODR,6943.642,6933.945,9.697000000000116,6945.454,6932.151,13.302999999999884,True,SHORT,2026-02-09 04:35:00,6930.945,True,True,True,0.0,3.4028,3.4028,6900.948,2026-02-09 05:43:00,0.0194,6934.133,2026-02-09 08:11:00,True,2026-02-09 04:40:00,0.0,0.0194,True,6934.133,2026-02-09 08:11:00,0.0194
ES,2026-02-09,Monday,RDR,6947.751,6915.445,32.306000000000495,6950.348,6904.251,46.09699999999975,True,LONG,2026-02-09 10:30:00,6953.654,True,False,,0.9999,0.0,0.9999,6980.054,2026-02-09 14:28:00,0.0,6953.133,2026-02-09 10:39:00,True,2026-02-09 10:57:00,0.0,0.0,False,,,
ES,2026-02-10,Tuesday,ADR,6959.533,6954.399,5.1340000000000146,6960.033,6954.039,5.994000000000597,True,LONG,2026-02-09 20:35:00,6960.048,False,True,False,1.2789,0.4001,1.2789,6966.099,2026-02-10 00:37:00,1.4001,6952.345,2026-02-09 22:18:00,True,2026-02-09 20:48:00,1.4001,1.4001,True,6959.333,2026-02-09 20:40:00,0.039
ES,2026-02-10,Tuesday,ODR,6966.833,6962.339,4.493999999999687,6967.533,6959.342,8.191000000000713,True,LONG,2026-02-10 04:00:00,6970.054,False,True,False,2.3511,2.6264,2.3511,6977.399,2026-02-10 04:17:00,3.6264,6950.536,2026-02-10 08:12:00,True,2026-02-10 04:05:00,0.0,3.6264,True,6966.833,2026-02-10 04:52:00,0.0
ES,2026-02-10,Tuesday,RDR,6982.951,6959.833,23.118000000000393,6984.951,6955.133,29.81800000000021,True,SHORT,2026-02-10 13:30:00,6953.133,True,True,True,0.1341,0.9819,0.9819,6937.133,2026-02-10 15:56:00,0.0917,6961.954,2026-02-10 14:32:00,True,2026-02-10 15:50:00,0.0917,0.0,True,6961.448,2026-02-10 14:30:00,0.0699
ES,2026-02-11,Wednesday,ADR,6961.354,6956.242,5.11200000000008,6961.954,6956.033,5.920999999999367,True,LONG,2026-02-10 20:45:00,6963.542,False,True,False,1.0155,0.4388,1.0155,6966.545,2026-02-10 22:56:00,1.4388,6953.999,2026-02-11 01:58:00,True,2026-02-10 20:50:00,0.3556,1.4388,True,6961.333,2026-02-10 21:00:00,0.0041
ES,2026-02-11,Wednesday,ODR,6955.399,6944.354,11.045000000000073,6956.399,6944.333,12.066000000000713,True,LONG,2026-02-11 04:05:00,6957.342,False,True,False,0.2716,0.9869,0.2716,6958.399,2026-02-11 04:11:00,1.9869,6933.454,2026-02-11 05:04:00,False,,0.0,,True,6955.399,2026-02-11 04:13:00,0.0
ES,2026-02-11,Wednesday,RDR,6984.851,6916.245,68.60599999999977,6991.948,6912.836,79.11200000000008,False,,,,,,,0.0,0.0,,,,,,,False,,,,False,,,
ES,2026-02-12,Thursday,ADR,6948.351,6937.633,10.717999999999847,6949.399,6937.336,12.063000000000102,True,LONG,2026-02-11 20:30:00,6950.348,True,True,True,1.5858,0.0,1.5858,6965.348,2026-02-12 00:21:00,0.1411,6946.839,2026-02-11 21:20:00,True,2026-02-11 20:38:00,0.1411,0.1411,True,6948.148,2026-02-11 21:17:00,0.0189
ES,2026-02-12,Thursday,ODR,6964.745,6956.348,8.396999999999935,6965.854,6956.139,9.715000000000146,True,LONG,2026-02-12 05:00:00,6966.348,False,True,False,0.3681,0.2032,0.3681,6967.836,2026-02-12 07:41:00,1.2032,6954.642,2026-02-12 08:16:00,False,,0.8582,,True,6964.336,2026-02-12 05:09:00,0.0487
ES,2026-02-12,Thursday,RDR,6970.054,6944.048,26.006000000000313,6973.699,6941.545,32.15399999999954,True,SHORT,2026-02-12 10:30:00,6939.248,True,False,,0.0,4.6527,4.6527,6823.051,2026-02-12 15:51:00,0.0,6941.248,2026-02-12 10:35:00,True,2026-02-12 10:38:00,0.0,0.0,False,,,
ES,2026-02-13,Friday,ADR,6841.339,6824.542,16.79699999999957,6842.845,6822.839,20.006000000000313,True,LONG,2026-02-12 21:05:00,6843.645,False,True,False,0.197,1.0563,0.197,6844.648,2026-02-12 21:11:00,2.0563,6806.799,2026-02-13 01:37:00,False,,0.0,,True,6840.839,2026-02-12 21:15:00,0.0298
ES,2026-02-13,Friday,ODR,6829.899,6811.151,18.748000000000502,6832.142,6809.736,22.40599999999995,True,LONG,2026-02-13 04:20:00,6834.348,False,True,False,0.3645,0.4589,0.3645,6836.733,2026-02-13 04:50:00,1.4589,6802.548,2026-02-13 06:31:00,False,,0.0,,True,6827.633,2026-02-13 04:55:00,0.1209
ES,2026-02-13,Friday,RDR,6848.639,6816.754,31.88500000000022,6852.499,6793.842,58.65700000000015,True,LONG,2026-02-13 10:30:00,6860.133,True,True,False,1.0353,0.0,1.0353,6881.648,2026-02-13 12:42:00,0.9938,6816.951,2026-02-13 15:43:00,True,2026-02-13 10:36:00,0.6961,0.9938,True,6846.651,2026-02-13 10:39:00,0.0623
ES,2026-02-16,Monday,ADR,6849.154,6846.533,2.6210000000000946,6850.148,6846.039,4.109000000000378,True,LONG,2026-02-15 20:45:00,6850.245,False,True,False,2.6303,2.0961,2.6303,6856.048,2026-02-15 21:05:00,3.0961,6841.039,2026-02-16 00:44:00,True,2026-02-15 20:50:00,0.0427,3.0961,True,6849.042,2026-02-15 20:50:00,0.0427
ES,2026-02-16,Monday,ODR,6862.739,6854.645,8.093999999999141,6864.542,6851.299,13.243000000000393,True,LONG,2026-02-16 04:05:00,6864.999,True,True,False,0.9157,0.0,0.9157,6870.151,2026-02-16 04:36:00,0.8031,6856.239,2026-02-16 06:10:00,True,2026-02-16 04:25:00,0.0,0.8031,True,6862.736,2026-02-16 05:13:00,0.0004
ES,2026-02-16,Monday,RDR,6847.148,6834.354,12.793999999999869,6848.351,6831.142,17.208999999999833,True,SHORT,2026-02-16 10:35:00,6829.636,True,True,False,0.0,0.666,0.666,6825.833,2026-02-16 11:03:00,0.7809,6844.345,2026-02-16 12:50:00,True,2026-02-16 10:45:00,0.2771,0.7809,True,6834.633,2026-02-16 10:48:00,0.0218
ES,2026-02-17,Tuesday,ADR,6848.148,6837.354,10.793999999999869,6849.154,6836.639,12.515000000000327,True,SHORT,2026-02-16 20:40:00,6835.154,True,False,,0.0,3.9703,3.9703,6794.499,2026-02-17 00:35:00,0.0,6836.651,2026-02-16 20:45:00,True,2026-02-16 20:51:00,0.0,0.0,False,,,
ES,2026-02-17,Tuesday,ODR,6827.542,6815.148,12.394000000000233,6832.499,6813.933,18.565999999999804,True,SHORT,2026-02-17 05:40:00,6811.199,True,True,True,0.053,1.9934,1.9934,6790.442,2026-02-17 08:13:00,0.6697,6823.448,2026-02-17 07:08:00,True,2026-02-17 05:52:00,0.6697,0.6697,True,6816.999,2026-02-17 06:30:00,0.1493
ES,2026-02-17,Tuesday,RDR,6843.399,6783.151,60.2480000000005,6845.733,6780.899,64.83399999999983,True,SHORT,2026-02-17 10:30:00,6778.545,False,True,False,0.4041,0.1312,0.1312,6775.245,2026-02-17 10:40:00,1.4041,6867.748,2026-02-17 14:41:00,False,,0.0597,,True,6786.254,2026-02-17 10:35:00,0.0515
ES,2026-02-18,Wednesday,ADR,6841.839,6834.939,6.899999999999636,6842.642,6834.136,8.505999999999403,True,LONG,2026-02-17 21:05:00,6844.433,True,True,True,3.0891,0.0422,3.0891,6863.154,2026-02-18 01:50:00,0.3465,6839.448,2026-02-17 21:26:00,True,2026-02-17 21:10:00,0.3465,0.3465,True,6840.954,2026-02-17 21:20:00,0.1283
ES,2026-02-18,Wednesday,ODR,6878.633,6862.136,16.49699999999939,6880.136,6861.636,18.5,True,LONG,2026-02-18 04:00:00,6880.139,False,True,False,0.595,0.169,0.595,6888.448,2026-02-18 04:43:00,1.169,6859.348,2026-02-18 07:34:00,True,2026-02-18 04:36:00,0.0081,1.169,True,6878.499,2026-02-18 04:21:00,0.0081
ES,2026-02-18,Wednesday,RDR,6896.936,6852.145,44.79099999999926,6902.748,6845.545,57.20299999999952,True,LONG,2026-02-18 10:55:00,6903.239,True,True,False,0.2747,0.0,0.2747,6909.239,2026-02-18 13:02:00,0.9042,6856.436,2026-02-18 15:16:00,False,,0.1227,,True,6896.933,2026-02-18 11:52:00,0.0001
ES,2026-02-19,Thursday,ADR,6884.554,6872.733,11.820999999999913,6885.248,6871.254,13.993999999999687,True,LONG,2026-02-19 00:50:00,6885.533,True,True,True,0.4648,0.0,0.4648,6890.048,2026-02-19 01:59:00,0.0695,6883.733,2026-02-19 01:09:00,False,,0.0695,,True,6884.236,2026-02-19 01:08:00,0.0269
ES,2026-02-19,Thursday,ODR,6894.133,6875.239,18.894000000000233,6896.048,6873.248,22.800000000000182,True,SHORT,2026-02-19 04:00:00,6873.148,True,True,True,0.0,1.3331,1.3331,6850.051,2026-02-19 05:37:00,0.1586,6878.236,2026-02-19 04:23:00,True,2026-02-19 04:39:00,0.1586,0.0,True,6876.051,2026-02-19 04:07:00,0.043
ES,2026-02-19,Thursday,RDR,6872.133,6852.648,19.484999999999673,6878.454,6841.636,36.8179999999993,True,SHORT,2026-02-19 12:55:00,6840.936,True,True,False,0.1697,1.0624,1.0624,6831.948,2026-02-19 13:20:00,0.5132,6862.648,2026-02-19 15:59:00,True,2026-02-19 13:00:00,0.0,0.5132,True,6855.348,2026-02-19 13:59:00,0.1386
ES,2026-02-20,Friday,ADR,6878.439,6868.899,9.539999999999964,6878.951,6868.633,10.318000000000211,True,LONG,2026-02-20 00:20:00,6879.942,True,False,,0.7925,0.0,0.7925,6885.999,2026-02-20 01:18:00,0.0,6879.999,2026-02-20 00:25:00,True,2026-02-20 00:34:00,0.0,0.0,False,,,
ES,2026-02-20,Friday,ODR,6882.445,6874.145,8.299999999999272,6882.999,6873.433,9.565999999999804,True,LONG,2026-02-20 04:00:00,6883.133,False,True,False,0.9887,3.3136,0.9887,6890.651,2026-02-20 04:18:00,4.3136,6846.642,2026-02-20 07:47:00,True,2026-02-20 04:15:00,0.0011,4.3136,True,6882.436,2026-02-20 04:06:00,0.0011
ES,2026-02-20,Friday,RDR,6890.739,6838.236,52.5029999999997,6910.599,6833.839,76.76000000000022,True,LONG,2026-02-20 13:50:00,6911.042,True,False,,0.4952,0.0,0.4648,6915.142,2026-02-20 14:03:00,0.0,6895.048,2026-02-20 14:49:00,False,,0.0,,False,,,
ES,2026-02-23,Monday,ADR,6877.033,6865.554,11.47900000000027,6878.033,6863.548,14.485000000000582,True,SHORT,2026-02-22 20:50:00,6863.299,True,True,False,0.0,0.9857,0.9857,6854.239,2026-02-23 00:20:00,0.061,6866.254,2026-02-23 01:54:00,True,2026-02-22 21:11:00,0.0213,0.061,True,6865.799,2026-02-22 20:56:00,0.0213
ES,2026-02-23,Monday,ODR,6877.748,6869.233,8.514999999999418,6878.599,6868.454,10.145000000000437,True,LONG,2026-02-23 04:00:00,6884.054,True,True,True,2.3965,0.0,2.3965,6898.154,2026-02-23 05:11:00,0.5516,6873.051,2026-02-23 08:00:00,True,2026-02-23 04:05:00,0.0,0.5516,True,6877.533,2026-02-23 07:17:00,0.0252
ES,2026-02-23,Monday,RDR,6912.351,6861.699,50.652000000000044,6916.648,6859.133,57.51500000000033,True,SHORT,2026-02-23 10:30:00,6856.648,True,False,,0.0,0.8183,0.8183,6820.248,2026-02-23 11:16:00,0.0,6861.154,2026-02-23 10:38:00,True,2026-02-23 11:01:00,0.0,0.0,False,,,
ES,2026-02-24,Tuesday,ADR,6850.199,6842.051,8.147999999999229,6850.399,6841.333,9.066000000000713,True,LONG,2026-02-23 21:10:00,6851.854,True,True,True,1.4728,0.0,1.4728,6862.199,2026-02-24 00:10:00,0.1301,6849.139,2026-02-24 01:28:00,True,2026-02-23 21:23:00,0.0,0.1301,True,6849.842,2026-02-24 00:50:00,0.0438
ES,2026-02-24,Tuesday,ODR,6853.236,6837.845,15.390999999999622,6853.648,6837.642,16.006000000000313,True,LONG,2026-02-24 04:45:00,6854.348,False,True,False,0.3516,0.3245,0.3516,6858.648,2026-02-24 07:06:00,1.3245,6832.851,2026-02-24 07:49:00,False,,0.3965,,True,6852.651,2026-02-24 05:15:00,0.038
ES,2026-02-24,Tuesday,RDR,6879.542,6823.451,56.09100000000035,6880.239,6815.945,64.29399999999987,True,LONG,2026-02-24 11:10:00,6882.545,True,True,True,0.3603,0.0,0.3603,6899.751,2026-02-24 15:50:00,0.2105,6867.736,2026-02-24 11:34:00,False,,0.2105,,True,6879.033,2026-02-24 11:16:00,0.0091
ES,2026-02-25,Wednesday,ADR,6900.339,6888.642,11.697000000000116,6901.999,6886.936,15.063000000000102,True,LONG,2026-02-24 20:45:00,6902.948,True,True,False,0.3943,0.692,0.3943,6904.951,2026-02-24 21:38:00,1.692,6880.548,2026-02-24 22:34:00,False,,0.0347,,True,6900.142,2026-02-24 21:04:00,0.0168
ES,2026-02-25,Wednesday,ODR,6901.699,6891.451,10.247999999999593,6901.951,6891.451,10.5,True,LONG,2026-02-25 04:40:00,6902.836,True,True,True,1.4102,0.0,1.4102,6916.151,2026-02-25 08:14:00,0.3181,6898.439,2026-02-25 05:06:00,True,2026-02-25 06:39:00,0.3181,0.0,True,6900.945,2026-02-25 04:47:00,0.0736
ES,2026-02-25,Wednesday,RDR,6933.536,6917.648,15.88799999999992,6936.599,6917.136,19.462999999999738,True,LONG,2026-02-25 11:45:00,6938.248,True,False,,1.2216,0.0,1.2216,6952.945,2026-02-25 15:50:00,0.0,6934.439,2026-02-25 12:08:00,True,2026-02-25 12:53:00,0.0,0.0,False,,,
ES,2026-02-26,Thursday,ADR,6941.854,6931.048,10.806000000000495,6942.539,6931.048,11.490999999999985,False,,,,,,,0.0,0.1402,,,,,,,False,,,,False,,,
ES,2026-02-26,Thursday,ODR,6946.545,6939.539,7.006000000000313,6948.345,6938.542,9.802999999999884,True,LONG,2026-02-26 04:35:00,6949.542,True,True,True,1.1834,0.0009,1.1834,6954.836,2026-02-26 08:18:00,1.0009,6939.533,2026-02-26 05:55:00,True,2026-02-26 04:44:00,1.0009,1.0009,True,6946.545,2026-02-26 04:54:00,0.0
ES,2026-02-26,Thursday,RDR,6949.245,6868.433,80.8119999999999,6949.245,6862.648,86.59699999999975,True,SHORT,2026-02-26 10:30:00,6861.148,True,True,False,0.0,0.1174,0.0833,6861.699,2026-02-26 10:35:00,0.5644,6914.045,2026-02-26 15:06:00,False,,0.0188,,True,6869.954,2026-02-26 10:35:00,0.0188
ES,2026-02-27,Friday,ADR,6883.536,6873.899,9.636999999999716,6886.454,6872.733,13.720999999999549,True,LONG,2026-02-26 21:15:00,6887.099,True,True,True,1.3298,0.0,1.3298,6896.351,2026-02-27 00:32:00,0.155,6882.042,2026-02-27 01:21:00,True,2026-02-26 21:58:00,0.1041,0.155,True,6883.536,2026-02-26 21:36:00,0.0
ES,2026-02-27,Friday,ODR,6897.439,6891.054,6.385000000000218,6900.051,6889.333,10.718000000000757,True,LONG,2026-02-27 04:10:00,6901.048,False,True,False,1.1926,5.6467,1.1926,6905.054,2026-02-27 04:21:00,6.6467,6855.0,2026-02-27 08:28:00,True,2026-02-27 04:15:00,0.0,6.6467,True,6896.499,2026-02-27 04:36:00,0.1472
ES,2026-02-27,Friday,RDR,6862.151,6840.151,22.0,6869.499,6831.133,38.365999999999985,True,LONG,2026-02-27 10:40:00,6871.445,True,True,True,0.9676,0.0,0.9676,6883.439,2026-02-27 15:59:00,0.8045,6844.451,2026-02-27 14:44:00,True,2026-02-27 10:45:00,0.8045,0.8045,True,6859.436,2026-02-27 10:51:00,0.1234
ES,2026-03-03,Tuesday,ADR,6865.748,6857.042,8.705999999999221,6866.051,6852.233,13.818000000000211,True,SHORT,2026-03-02 20:50:00,6849.948,True,False,,0.0,4.8131,4.8131,6815.139,2026-03-03 01:51:00,0.0,6850.599,2026-03-02 20:55:00,True,2026-03-02 20:55:00,0.0,0.0,False,,,
ES,2026-03-03,Tuesday,ODR,6806.199,6768.199,38.0,6807.051,6766.448,40.603000000000065,True,SHORT,2026-03-03 04:45:00,6763.642,True,True,False,0.0,0.8807,0.8807,6734.733,2026-03-03 06:20:00,0.6199,6791.754,2026-03-03 07:21:00,True,2026-03-03 05:33:00,0.0,0.6199,True,6770.242,2026-03-03 06:46:00,0.0538
ES,2026-03-03,Tuesday,RDR,6772.033,6712.499,59.53400000000056,6785.051,6710.339,74.71200000000044,True,LONG,2026-03-03 11:45:00,6790.133,True,False,,1.1526,0.0125,1.1526,6840.651,2026-03-03 14:46:00,0.0,6775.054,2026-03-03 12:36:00,True,2026-03-03 13:02:00,0.0,0.0,False,,,
ES,2026-03-04,Wednesday,ADR,6816.133,6790.851,25.282000000000153,6817.699,6788.139,29.55999999999949,True,SHORT,2026-03-03 21:25:00,6787.654,True,True,True,0.0,1.0172,1.0172,6765.133,2026-03-04 01:16:00,0.2288,6796.636,2026-03-03 21:51:00,True,2026-03-03 22:21:00,0.2288,0.1026,True,6792.939,2026-03-03 21:46:00,0.0826
ES,2026-03-04,Wednesday,ODR,6802.442,6791.042,11.399999999999636,6804.442,6786.645,17.79699999999957,True,LONG,2026-03-04 04:20:00,6806.436,True,False,,3.9524,0.2289,3.9524,6847.499,2026-03-04 08:10:00,0.0,6802.451,2026-03-04 04:33:00,True,2026-03-04 04:35:00,0.0,0.0,False,,,
ES,2026-03-04,Wednesday,RDR,6875.699,6815.545,60.15399999999954,6877.145,6810.551,66.59400000000005,True,LONG,2026-03-04 12:00:00,6877.199,True,True,False,0.162,0.0,0.162,6885.445,2026-03-04 14:53:00,0.2619,6859.942,2026-03-04 12:33:00,False,,0.2619,,True,6873.654,2026-03-04 12:07:00,0.034
ES,2026-03-05,Thursday,ADR,6888.336,6868.548,19.788000000000466,6890.439,6866.236,24.20300000000043,True,SHORT,2026-03-04 20:40:00,6858.548,True,False,,0.0,1.6075,1.6075,6836.739,2026-03-05 01:32:00,0.0,6865.254,2026-03-04 21:50:00,True,2026-03-04 20:45:00,0.0,0.0,False,,,
ES,2026-03-05,Thursday,ODR,6855.054,6837.542,17.511999999999716,6856.242,6832.451,23.791000000000167,True,LONG,2026-03-05 04:00:00,6861.845,True,True,False,1.7302,0.0,1.7302,6885.354,2026-03-05 04:11:00,0.5551,6845.333,2026-03-05 08:25:00,True,2026-03-05 04:05:00,0.0,0.5551,True,6855.036,2026-03-05 04:54:00,0.001
ES,2026-03-05,Thursday,RDR,6865.242,6821.936,43.306000000000495,6869.351,6816.942,52.40899999999965,True,SHORT,2026-03-05 10:30:00,6815.436,True,True,False,0.0,1.2073,1.2073,6769.651,2026-03-05 14:32:00,0.4125,6839.799,2026-03-05 10:54:00,True,2026-03-05 12:29:00,0.4125,0.2011,True,6822.939,2026-03-05 10:38:00,0.0232
ES,2026-03-06,Friday,ADR,6838.048,6830.039,8.009000000000015,6839.054,6826.899,12.154999999999745,True,LONG,2026-03-05 21:25:00,6839.545,True,True,False,1.1237,0.3727,1.1237,6847.048,2026-03-06 00:37:00,1.0004,6830.036,2026-03-05 21:54:00,True,2026-03-05 23:34:00,1.0004,0.2434,True,6838.036,2026-03-05 21:31:00,0.0015
ES,2026-03-06,Friday,ODR,6840.833,6823.251,17.581999999999425,6841.336,6822.533,18.802999999999884,True,SHORT,2026-03-06 04:05:00,6820.236,True,True,True,0.0,2.6111,2.6111,6777.342,2026-03-06 07:48:00,0.0341,6823.851,2026-03-06 04:12:00,True,2026-03-06 04:17:00,0.0341,0.0,True,6823.851,2026-03-06 04:12:00,0.0341
ES,2026-03-06,Friday,RDR,6754.239,6719.142,35.09699999999975,6756.254,6710.133,46.121000000000095,True,LONG,2026-03-06 10:30:00,6761.548,True,True,False,0.5587,0.0,0.5587,6773.848,2026-03-06 13:13:00,0.8691,6723.736,2026-03-06 15:37:00,True,2026-03-06 10:38:00,0.6097,0.8691,True,6754.099,2026-03-06 10:43:00,0.004
ES,2026-03-09,Monday,ADR,6630.848,6613.039,17.809000000000196,6632.145,6611.633,20.512000000000626,True,SHORT,2026-03-08 20:50:00,6609.836,False,True,False,0.3873,1.9085,1.9085,6579.051,2026-03-08 22:19:00,1.3873,6637.745,2026-03-09 01:51:00,True,2026-03-08 21:10:00,0.2415,1.3873,True,6613.739,2026-03-08 20:59:00,0.0393
ES,2026-03-09,Monday,ODR,6640.333,6622.733,17.599999999999454,6642.645,6618.339,24.306000000000495,True,LONG,2026-03-09 04:05:00,6643.745,True,True,True,3.1546,0.0,3.1546,6695.854,2026-03-09 05:34:00,0.6928,6628.139,2026-03-09 04:16:00,True,2026-03-09 04:22:00,0.6928,0.0954,True,6638.039,2026-03-09 04:10:00,0.1303
ES,2026-03-09,Monday,RDR,6675.454,6642.845,32.60899999999947,6687.748,6635.636,52.11199999999917,True,LONG,2026-03-09 10:45:00,6688.036,True,False,,4.1798,0.0,4.1798,6811.754,2026-03-09 15:38:00,0.0,6682.539,2026-03-09 10:50:00,True,2026-03-09 10:52:00,0.0,0.0,False,,,
ES,2026-03-10,Tuesday,ADR,6774.654,6757.139,17.515000000000327,6774.833,6755.648,19.18499999999949,True,LONG,2026-03-09 20:35:00,6779.842,True,True,True,0.8272,0.0,0.8272,6789.142,2026-03-09 21:58:00,0.9715,6757.639,2026-03-09 23:48:00,True,2026-03-09 20:43:00,0.0469,0.9715,True,6773.833,2026-03-09 21:04:00,0.0469
ES,2026-03-10,Tuesday,ODR,6812.551,6782.836,29.715000000000146,6813.299,6779.845,33.45399999999972,True,LONG,2026-03-10 04:00:00,6814.748,False,True,False,0.4773,0.5782,0.4773,6826.733,2026-03-10 04:37:00,1.5782,6765.654,2026-03-10 08:09:00,False,,0.0242,,True,6811.833,2026-03-10 04:06:00,0.0242
ES,2026-03-10,Tuesday,RDR,6789.136,6760.433,28.70300000000043,6799.251,6759.033,40.21799999999985,True,LONG,2026-03-10 10:30:00,6801.354,True,True,False,1.962,0.0,1.962,6845.451,2026-03-10 13:28:00,0.5329,6773.839,2026-03-10 15:57:00,True,2026-03-10 10:36:00,0.0,0.5329,True,6788.033,2026-03-10 14:19:00,0.0384
ES,2026-03-11,Wednesday,ADR,6803.845,6784.148,19.697000000000116,6807.899,6783.733,24.166000000000167,True,LONG,2026-03-10 21:15:00,6808.348,True,True,False,0.6649,0.0,0.6649,6816.942,2026-03-10 23:58:00,0.3758,6796.442,2026-03-11 01:53:00,True,2026-03-10 22:19:00,0.0,0.3758,True,6802.939,2026-03-11 01:09:00,0.046
ES,2026-03-11,Wednesday,ODR,6800.254,6780.939,19.3149999999996,6801.899,6778.233,23.666000000000167,True,SHORT,2026-03-11 04:45:00,6777.136,True,True,False,0.0,0.934,0.934,6762.899,2026-03-11 05:57:00,0.9997,6800.248,2026-03-11 07:03:00,True,2026-03-11 04:56:00,0.174,0.9997,True,6784.299,2026-03-11 04:57:00,0.174
ES,2026-03-11,Wednesday,RDR,6795.239,6772.533,22.70599999999922,6812.048,6763.139,48.90899999999965,True,SHORT,2026-03-11 11:25:00,6757.354,True,True,False,0.1064,1.2454,1.2454,6744.254,2026-03-11 13:38:00,0.2732,6778.736,2026-03-11 13:27:00,True,2026-03-11 11:30:00,0.2732,0.2732,True,6773.936,2026-03-11 12:58:00,0.0618
ES,2026-03-12,Thursday,ADR,6724.399,6711.0,13.399000000000342,6724.845,6709.836,15.009000000000015,True,LONG,2026-03-11 20:35:00,6725.342,False,True,False,0.6521,0.773,0.6521,6733.136,2026-03-11 21:43:00,1.773,6700.642,2026-03-11 22:40:00,True,2026-03-11 21:36:00,0.5796,1.773,True,6723.848,2026-03-11 20:40:00,0.0411
ES,2026-03-12,Thursday,ODR,6740.854,6725.348,15.506000000000313,6741.151,6725.139,16.011999999999716,True,LONG,2026-03-12 04:00:00,6748.633,True,True,False,0.9216,0.0322,0.9216,6755.145,2026-03-12 07:43:00,1.0322,6724.848,2026-03-12 08:07:00,True,2026-03-12 04:05:00,0.7872,1.0322,True,6740.636,2026-03-12 04:28:00,0.0141
ES,2026-03-12,Thursday,RDR,6724.233,6691.542,32.6909999999998,6726.799,6691.542,35.25699999999961,True,SHORT,2026-03-12 10:30:00,6690.739,True,True,True,0.0006,0.6516,0.6516,6670.239,2026-03-12 15:59:00,1.0006,6724.254,2026-03-12 12:22:00,True,2026-03-12 15:50:00,1.0006,0.0,True,6696.051,2026-03-12 10:35:00,0.1379
ES,2026-03-13,Friday,ADR,6698.354,6672.245,26.10900000000038,6702.833,6667.836,34.99699999999939,True,LONG,2026-03-12 21:05:00,6707.054,True,True,False,0.3707,0.0,0.3707,6708.033,2026-03-12 21:10:00,0.5674,6683.539,2026-03-13 01:12:00,False,,0.0,,True,6698.254,2026-03-12 21:47:00,0.0038
ES,2026-03-13,Friday,ODR,6664.536,6649.754,14.782000000000153,6666.342,6647.039,19.302999999999884,True,SHORT,2026-03-13 04:00:00,6646.054,False,True,False,2.8288,0.8739,0.8739,6636.836,2026-03-13 04:15:00,3.8288,6706.351,2026-03-13 08:02:00,True,2026-03-13 04:05:00,0.0,3.8288,True,6649.854,2026-03-13 04:35:00,0.0068
ES,2026-03-13,Friday,RDR,6729.445,6691.248,38.197000000000116,6733.239,6686.942,46.29699999999957,True,SHORT,2026-03-13 10:40:00,6682.451,True,False,,0.0,1.7858,1.7858,6623.036,2026-03-13 15:43:00,0.0,6685.799,2026-03-13 10:50:00,True,2026-03-13 10:55:00,0.0,0.0,False,,,
ES,2026-03-16,Monday,ADR,6662.551,6638.339,24.212000000000444,6665.899,6637.333,28.566000000000713,True,LONG,2026-03-15 21:50:00,6666.054,True,True,True,0.4874,0.0,0.4874,6674.351,2026-03-16 01:52:00,0.3309,6654.539,2026-03-15 22:36:00,False,,0.3309,,True,6661.536,2026-03-15 22:02:00,0.0419
ES,2026-03-16,Monday,ODR,6676.836,6658.054,18.782000000000153,6679.099,6657.548,21.551000000000386,True,SHORT,2026-03-16 04:45:00,6656.333,False,True,False,1.1214,0.5329,0.5329,6648.045,2026-03-16 05:46:00,2.1214,6697.899,2026-03-16 08:14:00,True,2026-03-16 05:45:00,0.4629,2.1214,True,6658.599,2026-03-16 04:50:00,0.029
ES,2026-03-16,Monday,RDR,6719.048,6693.345,25.70299999999952,6723.354,6686.651,36.70300000000043,True,SHORT,2026-03-16 12:20:00,6682.836,False,True,False,0.42,0.5231,0.5231,6679.899,2026-03-16 12:31:00,1.42,6729.842,2026-03-16 15:10:00,True,2026-03-16 12:25:00,0.0,1.42,True,6694.151,2026-03-16 12:41:00,0.0314
ES,2026-03-17,Tuesday,ADR,6697.999,6685.736,12.26299999999992,6698.099,6684.039,14.0600000000004,True,SHORT,2026-03-16 20:50:00,6682.033,True,True,True,0.0,1.4028,1.4028,6668.533,2026-03-17 01:59:00,0.3721,6690.299,2026-03-17 01:16:00,True,2026-03-16 22:59:00,0.3721,0.3721,True,6686.051,2026-03-16 21:09:00,0.0257
ES,2026-03-17,Tuesday,ODR,6678.599,6666.733,11.865999999999985,6681.099,6663.299,17.800000000000182,True,LONG,2026-03-17 05:15:00,6682.451,True,False,,2.8194,0.143,2.8194,6712.054,2026-03-17 08:28:00,0.0,6680.542,2026-03-17 05:21:00,True,2026-03-17 05:23:00,0.0,0.0,False,,,
ES,2026-03-17,Tuesday,RDR,6752.345,6731.933,20.412000000000262,6754.136,6724.636,29.5,True,SHORT,2026-03-17 11:30:00,6721.142,True,True,True,0.0,1.1016,1.1016,6709.448,2026-03-17 12:07:00,0.0295,6732.536,2026-03-17 14:10:00,True,2026-03-17 11:35:00,0.0,0.0295,True,6732.536,2026-03-17 14:10:00,0.0295
ES,2026-03-18,Wednesday,ADR,6721.639,6711.245,10.394000000000233,6722.299,6710.833,11.46600000000035,True,LONG,2026-03-17 20:45:00,6725.633,True,False,,2.767,0.0,2.767,6750.399,2026-03-18 01:58:00,0.0,6724.354,2026-03-17 20:51:00,True,2026-03-17 20:53:00,0.0,0.0,False,,,
ES,2026-03-18,Wednesday,ODR,6755.636,6749.154,6.481999999999971,6756.354,6748.648,7.706000000000131,True,LONG,2026-03-18 06:15:00,6756.699,False,True,False,0.2641,5.5562,0.2641,6757.348,2026-03-18 06:21:00,6.5562,6713.139,2026-03-18 08:20:00,False,,0.0,,True,6755.339,2026-03-18 06:23:00,0.0458
ES,2026-03-18,Wednesday,RDR,6701.851,6668.451,33.399999999999636,6705.699,6665.836,39.862999999999374,True,SHORT,2026-03-18 13:10:00,6665.136,True,True,True,0.0,1.4372,1.4372,6620.448,2026-03-18 15:59:00,0.4642,6683.954,2026-03-18 14:01:00,True,2026-03-18 14:50:00,0.4642,0.0,True,6669.136,2026-03-18 13:19:00,0.0205
ES,2026-03-19,Thursday,ADR,6620.448,6612.333,8.115000000000691,6622.445,6612.333,10.11200000000008,True,SHORT,2026-03-18 20:40:00,6609.845,False,True,False,2.5882,0.419,0.419,6608.933,2026-03-18 20:45:00,3.5882,6641.451,2026-03-18 22:36:00,False,,0.0,,True,6613.254,2026-03-18 20:47:00,0.1135
ES,2026-03-19,Thursday,ODR,6620.945,6606.245,14.699999999999818,6622.936,6601.999,20.936999999999898,True,SHORT,2026-03-19 04:30:00,6600.342,False,True,True,0.5312,1.765,1.765,6580.299,2026-03-19 08:28:00,1.5312,6628.754,2026-03-19 05:58:00,True,2026-03-19 04:35:00,1.5312,1.5312,True,6608.951,2026-03-19 04:53:00,0.1841
ES,2026-03-19,Thursday,RDR,6595.536,6568.554,26.98199999999997,6602.354,6558.833,43.52100000000064,True,LONG,2026-03-19 15:00:00,6613.445,True,False,,1.6382,0.1725,1.6382,6639.739,2026-03-19 15:07:00,0.0,6598.033,2026-03-19 15:35:00,True,2026-03-19 15:05:00,0.0,0.0,False,,,
ES,2026-03-23,Monday,ADR,6501.754,6483.942,17.811999999999898,6505.842,6483.336,22.505999999999403,True,SHORT,2026-03-22 20:35:00,6481.254,False,True,True,0.1541,0.7416,0.7416,6470.733,2026-03-23 01:52:00,1.1541,6504.499,2026-03-22 21:47:00,True,2026-03-22 20:56:00,1.1541,1.1541,True,6486.454,2026-03-22 20:44:00,0.141
ES,2026-03-23,Monday,ODR,6463.148,6439.833,23.31500000000051,6467.948,6434.233,33.715000000000146,True,LONG,2026-03-23 04:30:00,6468.439,True,True,True,10.0278,0.0,10.0278,6696.945,2026-03-23 07:14:00,0.9739,6440.442,2026-03-23 06:49:00,True,2026-03-23 04:54:00,0.9739,0.9739,True,6460.754,2026-03-23 05:02:00,0.1027
ES,2026-03-23,Monday,RDR,6644.154,6595.854,48.30000000000018,6648.899,6588.839,60.0600000000004,True,LONG,2026-03-23 11:00:00,6649.836,False,True,False,0.1698,0.6442,0.1592,6651.842,2026-03-23 11:11:00,1.6442,6564.739,2026-03-23 12:29:00,False,,0.0,,True,6643.336,2026-03-23 11:14:00,0.0169
ES,2026-03-24,Tuesday,ADR,6595.942,6564.033,31.90899999999965,6596.545,6556.433,40.11200000000008,True,SHORT,2026-03-23 21:00:00,6554.154,True,False,,0.0,1.0305,1.0305,6531.151,2026-03-24 01:30:00,0.0,6558.854,2026-03-23 21:28:00,True,2026-03-23 21:06:00,0.0,0.0,False,,,
ES,2026-03-24,Tuesday,ODR,6597.136,6573.499,23.637000000000626,6601.939,6571.445,30.494000000000597,True,SHORT,2026-03-24 04:55:00,6571.345,True,True,True,0.1361,0.8819,0.8819,6552.654,2026-03-24 07:53:00,0.4374,6583.839,2026-03-24 06:08:00,True,2026-03-24 05:11:00,0.4374,0.4374,True,6574.848,2026-03-24 05:01:00,0.0571
ES,2026-03-24,Tuesday,RDR,6559.999,6526.199,33.80000000000018,6561.499,6523.645,37.85399999999936,True,LONG,2026-03-24 10:40:00,6562.736,True,True,False,1.0607,0.0,1.0607,6595.851,2026-03-24 11:51:00,0.3746,6547.336,2026-03-24 10:50:00,True,2026-03-24 10:52:00,0.3746,0.3064,True,6551.936,2026-03-24 10:45:00,0.2386
ES,2026-03-25,Wednesday,ADR,6609.533,6601.033,8.5,6611.648,6597.051,14.596999999999753,True,LONG,2026-03-24 20:30:00,6614.545,False,True,False,1.554,1.8,1.554,6622.742,2026-03-24 20:39:00,2.8,6585.733,2026-03-24 23:16:00,True,2026-03-24 20:35:00,0.0,2.8,True,6608.551,2026-03-24 21:14:00,0.1155
ES,2026-03-25,Wednesday,ODR,6608.551,6594.933,13.618000000000393,6609.599,6593.745,15.85400000000027,True,LONG,2026-03-25 04:00:00,6615.736,True,True,False,1.7806,0.0,1.7806,6632.799,2026-03-25 04:21:00,0.8747,6596.639,2026-03-25 08:23:00,True,2026-03-25 04:05:00,0.0,0.8747,True,6607.542,2026-03-25 04:54:00,0.0741
ES,2026-03-25,Wednesday,RDR,6624.336,6589.648,34.6880000000001,6635.848,6581.339,54.509000000000015,True,SHORT,2026-03-25 11:15:00,6576.351,True,True,False,0.0,0.6459,0.398,6575.842,2026-03-25 11:20:00,0.8587,6619.436,2026-03-25 13:43:00,False,,0.0,,True,6590.836,2026-03-25 11:23:00,0.0342
ES,2026-03-26,Thursday,ADR,6596.945,6573.939,23.005999999999403,6597.999,6572.642,25.35699999999997,True,SHORT,2026-03-25 22:30:00,6569.433,True,True,True,0.0432,0.4907,0.4907,6562.651,2026-03-25 22:37:00,1.0432,6597.939,2026-03-25 23:40:00,False,,0.0,,True,6574.442,2026-03-25 22:46:00,0.0219
ES,2026-03-26,Thursday,ODR,6571.148,6562.339,8.809000000000196,6573.199,6552.445,20.753999999999905,True,SHORT,2026-03-26 04:40:00,6547.251,True,False,,0.2728,4.148,4.148,6525.799,2026-03-26 08:03:00,0.0,6555.154,2026-03-26 04:56:00,True,2026-03-26 04:45:00,0.0,0.0,False,,,
ES,2026-03-26,Thursday,RDR,6571.199,6531.242,39.956999999999425,6573.845,6531.233,42.61200000000008,True,SHORT,2026-03-26 12:20:00,6528.433,True,False,,0.0639,1.4341,1.4341,6473.939,2026-03-26 15:59:00,0.0,6528.945,2026-03-26 12:25:00,True,2026-03-26 13:21:00,0.0,0.0,False,,,
ES,2026-03-30,Monday,ADR,6346.242,6318.948,27.29399999999987,6350.954,6316.542,34.41199999999935,True,LONG,2026-03-29 22:45:00,6356.142,True,False,,1.114,0.0,1.114,6376.648,2026-03-30 01:10:00,0.0,6350.933,2026-03-29 22:57:00,True,2026-03-29 23:07:00,0.0,0.0,False,,,
ES,2026-03-30,Monday,ODR,6391.251,6381.639,9.61200000000008,6394.199,6378.945,15.253999999999905,True,LONG,2026-03-30 04:10:00,6396.648,True,True,True,4.6299,0.0,4.6299,6435.754,2026-03-30 07:26:00,0.3175,6388.199,2026-03-30 05:35:00,True,2026-03-30 04:15:00,0.3175,0.3175,True,6390.254,2026-03-30 05:16:00,0.1037
ES,2026-03-30,Monday,RDR,6423.154,6373.799,49.35500000000047,6427.236,6369.745,57.490999999999985,True,SHORT,2026-03-30 13:10:00,6368.736,True,False,,0.0,1.1761,1.1761,6315.751,2026-03-30 15:29:00,0.0,6370.545,2026-03-30 13:15:00,True,2026-03-30 14:26:00,0.0,0.0,False,,,
ES,2026-03-31,Tuesday,ADR,6334.142,6315.336,18.805999999999585,6336.348,6310.351,25.9970000000003,True,LONG,2026-03-30 20:40:00,6354.639,True,False,,4.4191,0.0,4.4191,6417.248,2026-03-30 22:53:00,0.0,6353.042,2026-03-30 20:45:00,True,2026-03-30 20:45:00,0.0,0.0,False,,,
ES,2026-03-31,Tuesday,ODR,6411.148,6378.742,32.40599999999995,6411.399,6378.033,33.365999999999985,True,LONG,2026-03-31 04:00:00,6411.833,True,True,True,0.4552,0.0,0.4552,6425.899,2026-03-31 08:09:00,0.9599,6380.042,2026-03-31 06:43:00,False,,0.9599,,True,6410.242,2026-03-31 04:05:00,0.028
ES,2026-03-31,Tuesday,RDR,6450.845,6413.736,37.10900000000038,6453.736,6406.936,46.80000000000018,True,LONG,2026-03-31 12:35:00,6473.454,True,False,,2.3877,0.2775,2.3877,6539.451,2026-03-31 15:50:00,0.0,6472.233,2026-03-31 12:40:00,True,2026-03-31 12:40:00,0.0,0.0,False,,,
ES,2026-04-01,Wednesday,ADR,6548.639,6531.651,16.988000000000284,6549.148,6531.333,17.81500000000051,True,LONG,2026-03-31 20:55:00,6549.333,True,True,True,0.4215,0.0,0.4215,6555.799,2026-04-01 01:25:00,0.9595,6532.339,2026-03-31 22:37:00,False,,0.9595,,True,6544.899,2026-03-31 21:00:00,0.2202
ES,2026-04-01,Wednesday,ODR,6577.833,6557.142,20.690999999999804,6579.348,6555.336,24.011999999999716,True,SHORT,2026-04-01 04:05:00,6551.636,False,True,False,0.46,0.6765,0.6765,6543.145,2026-04-01 05:23:00,1.46,6587.351,2026-04-01 07:58:00,True,2026-04-01 05:20:00,0.3864,1.46,True,6557.242,2026-04-01 04:20:00,0.0048
ES,2026-04-01,Wednesday,RDR,6583.239,6556.354,26.88499999999931,6585.254,6554.254,31.0,True,LONG,2026-04-01 10:45:00,6586.742,True,True,False,0.9656,0.0,0.9656,6609.199,2026-04-01 13:24:00,0.8703,6559.842,2026-04-01 14:35:00,True,2026-04-01 11:37:00,0.0373,0.8703,True,6582.236,2026-04-01 10:51:00,0.0373
ES,2026-04-02,Thursday,ADR,6574.742,6565.339,9.403000000000247,6574.742,6564.045,10.697000000000116,True,LONG,2026-04-01 20:40:00,6581.251,False,True,False,1.4473,9.2411,1.4473,6588.351,2026-04-01 20:59:00,10.2411,6478.445,2026-04-02 01:59:00,True,2026-04-01 20:45:00,0.0,10.2411,True,6574.345,2026-04-01 21:00:00,0.0422
ES,2026-04-02,Thursday,ODR,6504.842,6485.433,19.40899999999965,6505.551,6484.045,21.506000000000313,True,SHORT,2026-04-02 07:10:00,6481.336,True,False,,0.0823,1.3238,1.3238,6459.739,2026-04-02 08:10:00,0.0,6482.042,2026-04-02 07:15:00,True,2026-04-02 07:28:00,0.0,0.0,False,,,
ES,2026-04-02,Thursday,RDR,6530.999,6476.836,54.162999999999556,6534.442,6474.342,60.100000000000364,True,LONG,2026-04-02 10:30:00,6546.136,True,False,,1.3393,0.0,1.3393,6603.542,2026-04-02 10:37:00,0.0,6545.651,2026-04-02 10:35:00,True,2026-04-02 10:35:00,0.0,0.0,False,,,
ES,2026-04-06,Monday,ADR,6566.848,6543.942,22.90599999999995,6570.736,6543.436,27.300000000000182,True,LONG,2026-04-05 20:55:00,6571.142,True,True,True,1.3493,0.0,1.3493,6597.754,2026-04-05 22:24:00,0.4194,6557.242,2026-04-05 23:19:00,True,2026-04-05 21:28:00,0.0,0.4194,True,6557.242,2026-04-05 23:19:00,0.4194
ES,2026-04-06,Monday,ODR,6596.742,6578.245,18.4970000000003,6601.199,6576.151,25.047999999999774,True,LONG,2026-04-06 04:00:00,6602.654,True,True,False,0.8755,0.0,0.8755,6612.936,2026-04-06 05:05:00,0.8108,6581.745,2026-04-06 06:46:00,True,2026-04-06 04:34:00,0.0,0.8108,True,6596.242,2026-04-06 06:26:00,0.027
ES,2026-04-06,Monday,RDR,6610.339,6584.254,26.085000000000036,6620.336,6580.036,40.30000000000018,False,,,,,,,0.1346,0.215,,,,,,,False,,,,False,,,
ES,2026-04-07,Tuesday,ADR,6611.748,6600.254,11.493999999999687,6614.454,6597.733,16.72099999999955,True,SHORT,2026-04-06 21:05:00,6595.933,True,False,,0.0,2.7247,2.7247,6568.936,2026-04-06 22:07:00,0.0,6596.454,2026-04-06 21:28:00,True,2026-04-06 21:10:00,0.0,0.0,False,,,
ES,2026-04-07,Tuesday,ODR,6587.942,6582.636,5.305999999999585,6590.236,6580.945,9.291000000000167,True,LONG,2026-04-07 04:00:00,6592.651,False,True,False,7.3125,3.3513,7.3125,6626.742,2026-04-07 05:34:00,4.3513,6564.854,2026-04-07 08:08:00,True,2026-04-07 04:05:00,0.0,4.3513,True,6585.948,2026-04-07 06:48:00,0.3758
ES,2026-04-07,Tuesday,RDR,6589.433,6546.633,42.80000000000018,6598.842,6542.336,56.5059999999994,True,SHORT,2026-04-07 11:00:00,6542.048,False,True,False,0.6803,0.2991,0.2991,6533.833,2026-04-07 11:06:00,1.6803,6618.548,2026-04-07 15:59:00,False,,0.0,,True,6547.899,2026-04-07 11:11:00,0.0296
ES,2026-04-08,Wednesday,ADR,6769.354,6754.399,14.954999999999927,6772.448,6752.133,20.31500000000051,True,SHORT,2026-04-07 20:30:00,6751.542,False,True,False,1.9118,0.3647,0.3647,6748.945,2026-04-07 20:36:00,2.9118,6797.945,2026-04-08 01:52:00,False,,0.0,,True,6755.045,2026-04-07 20:37:00,0.0432
ES,2026-04-08,Wednesday,ODR,6792.145,6779.333,12.812000000000808,6793.154,6778.133,15.02100000000064,True,LONG,2026-04-08 04:55:00,6794.442,True,True,False,1.2105,0.1168,1.2105,6807.654,2026-04-08 07:32:00,0.8271,6781.548,2026-04-08 08:21:00,True,2026-04-08 05:12:00,0.3236,0.8271,True,6791.651,2026-04-08 05:03:00,0.0386
ES,2026-04-08,Wednesday,RDR,6787.345,6765.036,22.309000000000196,6794.951,6763.733,31.217999999999847,True,SHORT,2026-04-08 10:30:00,6761.145,False,True,False,0.1301,1.1422,1.1422,6739.554,2026-04-08 10:56:00,1.1301,6790.248,2026-04-08 14:17:00,True,2026-04-08 10:47:00,0.0,1.1301,True,6765.639,2026-04-08 11:36:00,0.027
ES,2026-04-09,Thursday,ADR,6775.254,6767.454,7.800000000000182,6776.351,6766.739,9.61200000000008,True,SHORT,2026-04-08 21:20:00,6765.348,True,True,False,0.2685,0.4635,0.4001,6764.333,2026-04-08 21:25:00,1.0874,6775.936,2026-04-09 01:38:00,False,,0.0,,True,6767.599,2026-04-08 21:28:00,0.0186
ES,2026-04-09,Thursday,ODR,6771.536,6756.251,15.284999999999854,6773.248,6754.033,19.214999999999236,True,SHORT,2026-04-09 04:10:00,6753.539,True,True,False,0.0,0.243,0.243,6752.536,2026-04-09 05:04:00,0.8567,6769.345,2026-04-09 08:10:00,False,,0.3467,,True,6756.354,2026-04-09 04:20:00,0.0067
ES,2026-04-09,Thursday,RDR,6778.948,6766.148,12.800000000000182,6781.451,6762.636,18.8149999999996,True,LONG,2026-04-09 11:15:00,6787.999,True,False,,4.4134,0.3674,4.4134,6835.439,2026-04-09 13:40:00,0.0,6780.933,2026-04-09 11:30:00,True,2026-04-09 11:20:00,0.0,0.0,False,,,
ES,2026-04-10,Friday,ADR,6819.648,6814.539,5.109000000000378,6819.648,6813.333,6.315000000000509,True,LONG,2026-04-09 20:35:00,6821.354,True,True,True,2.092,0.0,2.092,6830.336,2026-04-09 21:36:00,0.0029,6819.633,2026-04-09 20:57:00,True,2026-04-09 20:52:00,0.0029,0.0029,True,6819.639,2026-04-09 20:56:00,0.0018
ES,2026-04-10,Friday,ODR,6823.842,6817.645,6.196999999999207,6825.142,6816.551,8.59099999999944,True,SHORT,2026-04-10 04:15:00,6816.339,False,True,False,2.3081,0.9364,0.9364,6811.842,2026-04-10 04:56:00,3.3081,6838.145,2026-04-10 08:29:00,True,2026-04-10 04:51:00,0.4371,3.3081,True,6817.899,2026-04-10 04:24:00,0.041
ES,2026-04-10,Friday,RDR,6838.448,6828.439,10.009000000000015,6842.736,6823.442,19.29399999999987,True,SHORT,2026-04-10 11:50:00,6820.742,True,False,,0.5346,2.1181,2.1181,6807.239,2026-04-10 13:30:00,0.0,6823.999,2026-04-10 12:13:00,True,2026-04-10 11:55:00,0.0,0.0,False,,,
ES,2026-04-13,Monday,ADR,6749.954,6734.545,15.40899999999965,6751.399,6733.933,17.46600000000035,True,LONG,2026-04-12 20:30:00,6752.054,True,False,,1.4458,0.0,1.4458,6772.233,2026-04-13 00:55:00,0.0,6751.742,2026-04-12 20:35:00,True,2026-04-12 20:51:00,0.0,0.0,False,,,
ES,2026-04-13,Monday,ODR,6778.899,6773.233,5.666000000000167,6779.045,6771.542,7.502999999999702,True,LONG,2026-04-13 04:00:00,6779.539,False,True,False,2.4063,1.6408,2.4063,6792.533,2026-04-13 07:00:00,2.6408,6763.936,2026-04-13 08:02:00,True,2026-04-13 06:59:00,1.2984,2.6408,True,6777.339,2026-04-13 04:06:00,0.2753
ES,2026-04-13,Monday,RDR,6820.548,6792.636,27.911999999999352,6823.436,6788.833,34.603000000000065,True,LONG,2026-04-13 10:50:00,6824.342,True,True,True,2.3592,0.0,2.3592,6886.399,2026-04-13 15:56:00,0.265,6813.151,2026-04-13 12:02:00,True,2026-04-13 12:28:00,0.265,0.0,True,6820.151,2026-04-13 11:05:00,0.0142
ES,2026-04-14,Tuesday,ADR,6890.645,6884.048,6.597000000000662,6892.099,6882.733,9.365999999999985,False,,,,,,,0.0,0.0473,,,,,,,False,,,,False,,,
ES,2026-04-14,Tuesday,ODR,6898.948,6888.536,10.412000000000262,6900.245,6886.739,13.506000000000313,True,LONG,2026-04-14 04:45:00,6901.045,True,True,True,0.7828,0.0,0.7828,6907.099,2026-04-14 07:58:00,0.8364,6890.239,2026-04-14 06:44:00,True,2026-04-14 05:02:00,0.8364,0.8364,True,6898.733,2026-04-14 05:26:00,0.0206
ES,2026-04-14,Tuesday,RDR,6933.545,6899.736,33.8090000000002,6934.045,6899.736,34.3090000000002,True,LONG,2026-04-14 10:45:00,6937.039,True,True,True,1.0615,0.0,1.0615,6969.433,2026-04-14 15:32:00,0.0211,6932.833,2026-04-14 11:06:00,True,2026-04-14 11:39:00,0.0211,0.0,True,6932.833,2026-04-14 11:06:00,0.0211
ES,2026-04-15,Wednesday,ADR,6974.454,6969.133,5.320999999999913,6975.245,6967.751,7.493999999999687,True,SHORT,2026-04-14 20:40:00,6967.239,True,True,True,0.75,1.2575,1.2575,6962.442,2026-04-15 01:44:00,1.75,6978.445,2026-04-15 01:00:00,True,2026-04-14 22:35:00,1.75,1.75,True,6970.033,2026-04-14 20:51:00,0.1691
ES,2026-04-15,Wednesday,ODR,6968.251,6963.736,4.515000000000327,6968.539,6961.042,7.496999999999389,True,LONG,2026-04-15 04:25:00,6969.133,False,True,False,1.6363,2.2009,1.6363,6975.639,2026-04-15 07:46:00,3.2009,6953.799,2026-04-15 06:33:00,True,2026-04-15 04:34:00,3.2009,3.2009,True,6968.242,2026-04-15 04:45:00,0.002
ES,2026-04-15,Wednesday,RDR,6992.836,6967.139,25.697000000000116,6992.839,6965.751,27.087999999999738,True,LONG,2026-04-15 10:45:00,6993.545,True,True,True,1.3041,0.0,1.3041,7026.348,2026-04-15 15:59:00,0.4476,6981.333,2026-04-15 12:56:00,True,2026-04-15 14:02:00,0.4476,0.0,True,6990.848,2026-04-15 10:51:00,0.0774
ES,2026-04-16,Thursday,ADR,7033.039,7027.333,5.706000000000131,7034.599,7027.054,7.545000000000073,True,LONG,2026-04-15 20:45:00,7036.548,True,True,True,1.1933,0.0,1.1933,7039.848,2026-04-15 21:44:00,0.3866,7030.833,2026-04-16 01:10:00,True,2026-04-15 20:50:00,0.0,0.3866,True,7032.542,2026-04-16 00:00:00,0.0871
ES,2026-04-16,Thursday,ODR,7039.548,7033.051,6.496999999999389,7039.548,7031.554,7.993999999999687,True,SHORT,2026-04-16 04:00:00,7031.533,True,True,True,0.0,1.7724,1.7724,7021.536,2026-04-16 06:47:00,0.0448,7033.342,2026-04-16 08:29:00,True,2026-04-16 04:08:00,0.0294,0.0448,True,7033.242,2026-04-16 06:05:00,0.0294
ES,2026-04-16,Thursday,RDR,7034.451,7011.136,23.3149999999996,7036.442,7008.836,27.605999999999767,True,LONG,2026-04-16 11:10:00,7037.633,True,True,True,0.7098,0.0,0.7098,7050.999,2026-04-16 12:19:00,0.699,7018.154,2026-04-16 14:28:00,True,2026-04-16 11:37:00,0.2059,0.699,True,7031.951,2026-04-16 11:29:00,0.1072
ES,2026-04-20,Monday,ADR,7075.142,7067.899,7.242999999999483,7075.699,7065.233,10.46599999999944,True,LONG,2026-04-19 20:45:00,7076.342,True,True,True,2.0098,0.0,2.0098,7089.699,2026-04-19 21:56:00,0.3175,7072.842,2026-04-20 01:44:00,True,2026-04-19 21:01:00,0.0703,0.3175,True,7074.648,2026-04-19 20:55:00,0.0682
ES,2026-04-20,Monday,ODR,7091.233,7079.139,12.094000000000051,7094.199,7077.833,16.365999999999985,True,SHORT,2026-04-20 04:05:00,7074.536,False,True,False,0.6632,0.4625,0.3974,7074.333,2026-04-20 04:10:00,1.6632,7099.254,2026-04-20 06:11:00,False,,0.0,,True,7079.842,2026-04-20 04:12:00,0.0581
ES,2026-04-20,Monday,RDR,7120.345,7109.342,11.003000000000611,7122.754,7105.733,17.02099999999973,True,SHORT,2026-04-20 10:40:00,7104.954,True,True,False,0.0,2.2181,2.2181,7084.936,2026-04-20 11:07:00,0.2737,7112.354,2026-04-20 15:59:00,True,2026-04-20 10:45:00,0.1906,0.2737,True,7111.248,2026-04-20 10:49:00,0.1732
ES,2026-04-21,Tuesday,ADR,7119.945,7116.248,3.6970000000001164,7121.651,7115.933,5.717999999999847,True,SHORT,2026-04-20 20:30:00,7115.236,False,True,False,2.449,0.6213,0.6213,7113.951,2026-04-20 20:38:00,3.449,7128.999,2026-04-21 01:29:00,True,2026-04-20 20:38:00,0.0,3.449,True,7117.254,2026-04-20 20:41:00,0.2721
ES,2026-04-21,Tuesday,ODR,7126.651,7120.748,5.903000000000247,7126.945,7120.339,6.605999999999767,True,SHORT,2026-04-21 04:10:00,7118.999,False,True,False,3.4132,0.4255,0.2721,7119.142,2026-04-21 04:15:00,4.4132,7146.799,2026-04-21 07:40:00,False,,0.0,,True,7120.754,2026-04-21 04:19:00,0.001
ES,2026-04-21,Tuesday,RDR,7134.299,7113.842,20.457000000000335,7136.454,7111.048,25.40599999999995,True,SHORT,2026-04-21 10:55:00,7098.939,True,False,,0.0,3.1725,3.1725,7048.942,2026-04-21 15:44:00,0.0,7104.945,2026-04-21 11:15:00,True,2026-04-21 11:00:00,0.0,0.0,False,,,
ES,2026-04-22,Wednesday,ADR,7102.439,7090.442,11.997000000000298,7103.754,7088.739,15.015000000000327,True,LONG,2026-04-21 21:35:00,7105.254,True,True,True,0.7835,0.0,0.7835,7111.839,2026-04-22 01:25:00,0.7742,7093.151,2026-04-22 01:00:00,True,2026-04-22 01:16:00,0.7742,0.3908,True,7102.245,2026-04-21 21:43:00,0.0162
ES,2026-04-22,Wednesday,ODR,7110.733,7104.942,5.791000000000167,7111.299,7103.933,7.3659999999999854,True,SHORT,2026-04-22 04:05:00,7103.699,False,True,False,1.7382,1.8142,1.8142,7094.436,2026-04-22 04:40:00,2.7382,7120.799,2026-04-22 08:14:00,True,2026-04-22 04:16:00,0.2438,2.7382,True,7106.354,2026-04-22 04:10:00,0.2438
ES,2026-04-22,Wednesday,RDR,7129.145,7108.033,21.11200000000008,7130.854,7105.336,25.51800000000003,True,LONG,2026-04-22 15:45:00,7130.922,True,True,True,0.4291,0.0,0.4291,7138.205,2026-04-22 15:59:00,0.0513,7128.062,2026-04-22 15:50:00,False,,0.0513,,True,7128.062,2026-04-22 15:50:00,0.0513
ES,2026-04-23,Thursday,ADR,7129.119,7089.616,39.5029999999997,7129.619,7071.869,57.75,False,,,,,,,0.0,0.1073,,,,,,,False,,,,False,,,
ES,2026-04-23,Thursday,ODR,7114.866,7108.299,6.567000000000007,7115.119,7106.613,8.505999999999403,True,SHORT,2026-04-23 04:05:00,7105.628,False,True,False,3.0859,2.501,2.501,7091.875,2026-04-23 05:08:00,4.0859,7135.131,2026-04-23 08:11:00,True,2026-04-23 04:11:00,0.6852,4.0859,True,7108.483,2026-04-23 04:13:00,0.028
ES,2026-04-23,Thursday,RDR,7133.863,7117.881,15.981999999999971,7136.983,7115.429,21.554000000000087,True,LONG,2026-04-23 10:50:00,7138.583,False,True,False,0.8534,4.4699,0.8534,7147.502,2026-04-23 11:33:00,5.4699,7046.443,2026-04-23 13:46:00,True,2026-04-23 10:57:00,0.0,5.4699,True,7132.248,2026-04-23 11:46:00,0.1011
ES,2026-04-24,Friday,ADR,7127.363,7115.248,12.115000000000691,7127.634,7115.179,12.454999999999927,True,SHORT,2026-04-23 22:20:00,7114.125,True,True,False,0.1499,0.9189,0.9189,7104.116,2026-04-23 23:32:00,0.3245,7119.179,2026-04-24 01:52:00,True,2026-04-23 22:49:00,0.0724,0.3245,True,7116.125,2026-04-23 22:31:00,0.0724
ES,2026-04-24,Friday,ODR,7122.125,7114.866,7.2590000000000146,7123.122,7114.125,8.997000000000298,True,SHORT,2026-04-24 04:30:00,7112.986,False,True,False,4.8204,1.6005,1.6005,7103.248,2026-04-24 05:22:00,5.8204,7157.116,2026-04-24 07:30:00,True,2026-04-24 04:43:00,0.0431,5.8204,True,7115.179,2026-04-24 04:39:00,0.0431
ES,2026-04-24,Friday,RDR,7130.245,7117.929,12.315999999999804,7134.116,7112.878,21.238000000000284,True,LONG,2026-04-24 10:45:00,7134.869,True,False,,3.0851,0.0443,3.0851,7168.241,2026-04-24 15:17:00,0.0,7132.369,2026-04-24 10:51:00,True,2026-04-24 10:51:00,0.0,0.0,False,,,
ES,2026-04-27,Monday,ADR,7151.339,7145.279,6.059999999999491,7151.779,7143.963,7.816000000000713,True,LONG,2026-04-26 20:35:00,7152.231,True,False,,4.2482,0.0,4.2482,7177.083,2026-04-26 22:00:00,0.0,7152.399,2026-04-26 20:40:00,True,2026-04-26 20:42:00,0.0,0.0,False,,,
ES,2026-04-27,Monday,ODR,7157.529,7155.225,2.3040000000000873,7159.029,7153.963,5.066000000000713,True,SHORT,2026-04-27 04:05:00,7151.719,False,True,False,4.2109,2.1753,2.1753,7150.213,2026-04-27 04:14:00,5.2109,7167.231,2026-04-27 07:48:00,True,2026-04-27 04:10:00,0.0,5.2109,True,7155.234,2026-04-27 04:25:00,0.0039
ES,2026-04-27,Monday,RDR,7166.639,7151.699,14.94000000000051,7166.651,7149.199,17.452000000000226,True,SHORT,2026-04-27 11:20:00,7148.148,False,True,False,0.8509,0.4253,0.3257,7146.833,2026-04-27 11:25:00,1.8509,7179.351,2026-04-27 15:50:00,False,,0.0,,True,7152.199,2026-04-27 11:28:00,0.0335
ES,2026-04-28,Tuesday,ADR,7190.448,7183.948,6.5,7191.845,7180.933,10.912000000000262,True,SHORT,2026-04-27 21:55:00,7177.433,True,False,,0.0,2.8783,2.8783,7165.239,2026-04-28 01:38:00,0.0,7181.799,2026-04-28 00:47:00,True,2026-04-27 22:00:00,0.0,0.0,False,,,
ES,2026-04-28,Tuesday,ODR,7165.733,7161.251,4.481999999999971,7166.742,7159.442,7.300000000000182,True,SHORT,2026-04-28 04:00:00,7158.799,False,True,True,1.1176,9.5533,9.5533,7118.433,2026-04-28 08:23:00,2.1176,7170.742,2026-04-28 04:30:00,True,2026-04-28 04:05:00,2.1176,2.1176,True,7162.451,2026-04-28 04:15:00,0.2677
ES,2026-04-28,Tuesday,RDR,7147.348,7136.045,11.302999999999884,7152.333,7130.551,21.781999999999243,True,SHORT,2026-04-28 10:35:00,7124.051,True,True,False,0.0,1.8147,1.8147,7115.533,2026-04-28 10:51:00,0.8453,7145.599,2026-04-28 15:11:00,True,2026-04-28 10:40:00,0.0,0.8453,True,7136.545,2026-04-28 14:17:00,0.0442
ES,2026-04-29,Wednesday,ADR,7156.651,7145.951,10.699999999999818,7156.954,7145.951,11.002999999999702,True,SHORT,2026-04-28 21:05:00,7142.442,False,True,False,0.1218,0.5993,0.3507,7142.199,2026-04-28 21:10:00,1.047,7157.154,2026-04-29 01:51:00,False,,0.0,,True,7145.951,2026-04-28 21:13:00,0.0
ES,2026-04-29,Wednesday,ODR,7152.145,7143.436,8.709000000000742,7153.445,7139.448,13.996999999999389,True,SHORT,2026-04-29 04:30:00,7138.448,True,True,True,0.0,0.7916,0.7811,7136.633,2026-04-29 06:01:00,0.8684,7150.999,2026-04-29 06:24:00,True,2026-04-29 04:35:00,0.5239,0.8684,True,7144.199,2026-04-29 04:44:00,0.0876
ES,2026-04-29,Wednesday,RDR,7138.054,7122.536,15.518000000000029,7139.799,7119.739,20.0600000000004,True,LONG,2026-04-29 10:30:00,7142.548,False,True,True,0.4862,0.9785,0.4862,7145.599,2026-04-29 10:37:00,1.9785,7107.351,2026-04-29 14:45:00,False,,0.0,,True,7137.436,2026-04-29 10:50:00,0.0398
ES,2026-04-30,Thursday,ADR,7167.839,7154.254,13.585000000000036,7168.999,7154.239,14.760000000000218,True,LONG,2026-04-29 20:35:00,7170.454,False,True,False,0.2547,3.0038,0.2547,7171.299,2026-04-29 20:51:00,4.0038,7113.448,2026-04-30 01:59:00,False,,0.0,,True,7167.733,2026-04-29 21:02:00,0.0078
ES,2026-04-30,Thursday,ODR,7133.845,7123.799,10.046000000000276,7136.248,7119.954,16.29399999999987,True,LONG,2026-04-30 04:00:00,7137.448,True,True,True,4.7436,0.0,4.7436,7181.499,2026-04-30 08:21:00,0.4986,7128.836,2026-04-30 05:20:00,True,2026-04-30 04:05:00,0.4986,0.4986,True,7133.736,2026-04-30 04:08:00,0.0109
ES,2026-04-30,Thursday,RDR,7170.948,7135.051,35.896999999999935,7171.099,7127.836,43.26299999999992,True,LONG,2026-04-30 12:10:00,7177.033,True,True,True,1.4235,0.0,1.4235,7222.048,2026-04-30 15:59:00,0.2121,7163.333,2026-04-30 12:57:00,True,2026-04-30 13:30:00,0.2121,0.0,True,7168.539,2026-04-30 12:45:00,0.0671
ES,2026-05-01,Friday,ADR,7231.239,7224.342,6.8969999999999345,7231.299,7222.351,8.94800000000032,True,LONG,2026-04-30 20:30:00,7231.451,True,True,False,1.0162,0.0,1.0162,7238.248,2026-04-30 23:31:00,0.4785,7227.939,2026-04-30 21:03:00,True,2026-04-30 21:25:00,0.4785,0.3629,True,7229.954,2026-04-30 20:36:00,0.1863
ES,2026-05-01,Friday,ODR,7228.742,7221.942,6.800000000000182,7229.499,7221.145,8.35399999999936,True,SHORT,2026-05-01 05:00:00,7219.251,False,True,False,2.2072,0.4421,0.4421,7218.936,2026-05-01 05:05:00,3.2072,7243.751,2026-05-01 08:14:00,False,,0.0,,True,7222.299,2026-05-01 05:15:00,0.0525
ES,2026-05-01,Friday,RDR,7269.499,7237.236,32.26299999999992,7272.799,7231.348,41.45100000000002,True,SHORT,2026-05-01 15:55:00,7229.539,True,,,0.0,0.2416,,,,,,,False,,,,False,,,
ES,2026-05-04,Monday,ODR,7244.839,7234.854,9.984999999999673,7245.851,7231.736,14.114999999999782,True,SHORT,2026-05-04 04:00:00,7231.348,True,True,True,0.0,4.8694,4.8694,7186.233,2026-05-04 06:22:00,0.5153,7239.999,2026-05-04 05:39:00,True,2026-05-04 04:05:00,0.5153,0.5153,True,7234.939,2026-05-04 04:26:00,0.0085
ES,2026-05-04,Monday,RDR,7236.539,7220.348,16.190999999999804,7239.545,7214.842,24.70300000000043,True,LONG,2026-05-04 10:35:00,7240.348,False,True,False,0.4207,2.9214,0.4207,7243.351,2026-05-04 10:53:00,3.9214,7173.048,2026-05-04 12:08:00,False,,0.0,,True,7235.599,2026-05-04 10:56:00,0.0581
ES,2026-05-05,Tuesday,ADR,7206.742,7198.733,8.009000000000015,7208.345,7196.451,11.894000000000233,True,LONG,2026-05-04 21:45:00,7209.254,True,True,True,1.2807,0.0542,1.2807,7216.999,2026-05-05 01:47:00,0.0011,7206.733,2026-05-04 22:49:00,True,2026-05-04 22:25:00,0.0011,0.0011,True,7206.733,2026-05-04 22:49:00,0.0011
ES,2026-05-05,Tuesday,ODR,7227.854,7219.439,8.414999999999964,7229.499,7218.436,11.063000000000102,True,LONG,2026-05-05 06:30:00,7231.939,True,True,True,1.6749,0.0,1.6749,7241.948,2026-05-05 08:15:00,0.7314,7221.699,2026-05-05 07:19:00,True,2026-05-05 06:35:00,0.7314,0.7314,True,7226.239,2026-05-05 06:43:00,0.1919
ES,2026-05-05,Tuesday,RDR,7255.399,7240.742,14.657000000000153,7259.036,7237.348,21.688000000000102,True,LONG,2026-05-05 12:20:00,7259.342,True,True,True,1.1704,0.0,1.1704,7272.554,2026-05-05 15:25:00,0.1403,7253.342,2026-05-05 13:10:00,True,2026-05-05 13:51:00,0.1403,0.0,True,7255.348,2026-05-05 12:27:00,0.0035
ES,2026-05-06,Wednesday,ADR,7289.439,7274.936,14.503000000000611,7289.954,7274.633,15.320999999999913,True,SHORT,2026-05-05 20:45:00,7274.199,True,True,False,0.0,0.1373,0.0403,7274.351,2026-05-05 20:50:00,0.7733,7286.151,2026-05-06 01:59:00,False,,0.0733,,True,7275.999,2026-05-05 20:50:00,0.0733
ES,2026-05-06,Wednesday,ODR,7284.433,7280.842,3.5910000000003492,7284.999,7280.133,4.8659999999999854,True,LONG,2026-05-06 04:50:00,7307.136,True,False,,15.1827,0.4759,15.1827,7338.954,2026-05-06 07:10:00,0.0,7296.542,2026-05-06 05:09:00,True,2026-05-06 04:55:00,0.0,0.0,False,,,
ES,2026-05-06,Wednesday,RDR,7325.636,7304.136,21.5,7329.933,7301.039,28.894000000000233,True,LONG,2026-05-06 10:30:00,7332.639,True,False,,2.0192,0.0,2.0192,7369.048,2026-05-06 15:56:00,0.0,7328.139,2026-05-06 12:58:00,True,2026-05-06 10:40:00,0.0,0.0,False,,,
ES,2026-05-07,Thursday,ADR,7356.851,7352.342,4.5090000000000146,7358.936,7351.436,7.5,True,LONG,2026-05-06 21:15:00,7359.448,True,False,,2.7931,0.0,2.7931,7369.445,2026-05-07 01:43:00,0.0,7356.945,2026-05-06 22:14:00,True,2026-05-06 21:20:00,0.0,0.0,False,,,
ES,2026-05-07,Thursday,ODR,7383.242,7371.742,11.5,7384.499,7369.451,15.047999999999774,True,SHORT,2026-05-07 04:45:00,7369.439,True,True,False,0.0,0.6959,0.6959,7363.739,2026-05-07 06:11:00,0.3702,7375.999,2026-05-07 08:13:00,True,2026-05-07 05:06:00,0.1315,0.3702,True,7372.848,2026-05-07 04:53:00,0.0962
ES,2026-05-07,Thursday,RDR,7373.233,7359.539,13.694000000000415,7374.045,7358.336,15.708999999999833,True,LONG,2026-05-07 10:35:00,7374.554,False,True,False,0.8119,2.8838,0.8119,7384.351,2026-05-07 11:00:00,3.8838,7320.048,2026-05-07 13:27:00,True,2026-05-07 10:55:00,0.0279,3.8838,True,7372.851,2026-05-07 10:48:00,0.0279
ES,2026-05-08,Friday,ADR,7346.136,7329.354,16.782000000000153,7348.042,7328.348,19.694000000000415,True,LONG,2026-05-07 20:55:00,7348.133,True,True,True,0.8823,0.0,0.8823,7360.942,2026-05-08 01:30:00,0.2077,7342.651,2026-05-07 22:36:00,True,2026-05-07 21:22:00,0.2077,0.2077,True,7345.448,2026-05-07 22:35:00,0.041
ES,2026-05-08,Friday,ODR,7363.142,7357.199,5.943000000000211,7364.051,7356.636,7.414999999999964,True,LONG,2026-05-08 04:00:00,7364.151,True,True,True,2.4082,0.0,2.4082,7377.454,2026-05-08 05:28:00,0.0337,7362.942,2026-05-08 04:06:00,True,2026-05-08 04:10:00,0.0337,0.0,True,7362.942,2026-05-08 04:06:00,0.0337
ES,2026-05-08,Friday,RDR,7395.548,7371.239,24.309000000000196,7398.254,7367.799,30.454999999999927,True,LONG,2026-05-08 13:20:00,7398.733,True,True,True,0.3168,0.0,0.3168,7403.248,2026-05-08 14:00:00,0.5065,7383.236,2026-05-08 14:55:00,False,,0.0945,,True,7395.545,2026-05-08 13:43:00,0.0001
ES,2026-05-11,Monday,ADR,7386.099,7378.048,8.051000000000386,7386.799,7377.039,9.760000000000218,True,LONG,2026-05-10 20:30:00,7387.539,False,True,True,0.6015,0.6843,0.6015,7390.942,2026-05-10 23:44:00,1.6843,7372.539,2026-05-10 20:57:00,True,2026-05-10 23:41:00,1.6843,0.4099,True,7386.045,2026-05-10 20:39:00,0.0067
ES,2026-05-11,Monday,ODR,7389.939,7386.154,3.7849999999998545,7390.442,7385.733,4.708999999999833,True,LONG,2026-05-11 04:15:00,7391.733,False,True,False,1.6148,0.5604,1.6148,7396.051,2026-05-11 05:48:00,1.5604,7384.033,2026-05-11 08:20:00,True,2026-05-11 04:20:00,0.6085,1.5604,True,7389.736,2026-05-11 04:28:00,0.0536
ES,2026-05-11,Monday,RDR,7416.954,7386.533,30.420999999999367,7417.745,7386.045,31.699999999999818,True,LONG,2026-05-11 10:50:00,7420.154,True,True,False,0.4431,0.0,0.4431,7430.433,2026-05-11 13:45:00,0.4443,7403.439,2026-05-11 15:22:00,False,,0.2143,,True,7416.233,2026-05-11 10:57:00,0.0237
ES,2026-05-12,Tuesday,ADR,7417.536,7406.048,11.488000000000284,7417.648,7404.839,12.809000000000196,True,SHORT,2026-05-11 21:15:00,7403.645,True,True,True,0.0,1.6283,1.6283,7387.342,2026-05-11 21:41:00,0.0741,7406.899,2026-05-11 22:53:00,True,2026-05-11 21:27:00,0.0,0.0741,True,7406.342,2026-05-11 22:52:00,0.0256
ES,2026-05-12,Tuesday,ODR,7393.399,7379.651,13.748000000000502,7393.654,7378.633,15.02100000000064,False,,,,,,,0.0,0.0959,,,,,,,False,,,,False,,,
ES,2026-05-12,Tuesday,RDR,7391.539,7370.748,20.791000000000167,7393.454,7367.239,26.215000000000146,True,SHORT,2026-05-12 10:30:00,7361.439,False,True,False,0.8857,1.4916,1.4916,7339.736,2026-05-12 11:26:00,1.8857,7409.954,2026-05-12 15:53:00,True,2026-05-12 10:35:00,0.1296,1.8857,True,7371.239,2026-05-12 10:42:00,0.0236
ES,2026-05-13,Wednesday,ADR,7397.154,7388.133,9.02100000000064,7399.899,7386.848,13.051000000000386,True,LONG,2026-05-12 21:05:00,7400.854,True,False,,2.3329,0.0,2.3329,7418.199,2026-05-13 01:27:00,0.0,7398.633,2026-05-12 21:17:00,True,2026-05-12 21:11:00,0.0,0.0,False,,,
ES,2026-05-13,Wednesday,ODR,7421.636,7412.645,8.990999999999985,7423.199,7410.851,12.347999999999956,True,LONG,2026-05-13 04:05:00,7424.333,True,True,False,1.008,0.368,1.008,7430.699,2026-05-13 04:40:00,1.368,7409.336,2026-05-13 08:21:00,True,2026-05-13 04:10:00,0.0,1.368,True,7421.354,2026-05-13 05:06:00,0.0314
ES,2026-05-13,Wednesday,RDR,7405.245,7384.042,21.20299999999952,7408.042,7375.554,32.488000000000284,True,LONG,2026-05-13 10:50:00,7409.799,True,False,,2.5729,0.0,2.5729,7459.799,2026-05-13 14:15:00,0.0,7407.242,2026-05-13 10:58:00,True,2026-05-13 11:32:00,0.0,0.0,False,,,
ES,2026-05-14,Thursday,ADR,7460.954,7453.048,7.905999999999949,7461.748,7452.239,9.509000000000015,True,LONG,2026-05-13 20:30:00,7462.739,False,True,False,0.5818,0.6723,0.5818,7465.554,2026-05-13 20:58:00,1.6723,7447.733,2026-05-14 00:05:00,True,2026-05-13 20:58:00,0.0,1.6723,True,7460.551,2026-05-13 21:17:00,0.051
ES,2026-05-14,Thursday,ODR,7464.151,7456.036,8.114999999999782,7465.554,7454.754,10.800000000000182,True,SHORT,2026-05-14 05:35:00,7454.048,False,True,False,1.4291,0.5303,0.3073,7453.542,2026-05-14 05:40:00,2.4291,7475.748,2026-05-14 08:25:00,False,,0.0,,True,7457.542,2026-05-14 05:41:00,0.1856
ES,2026-05-14,Thursday,RDR,7482.133,7458.033,24.099999999999454,7484.942,7456.842,28.100000000000364,True,LONG,2026-05-14 10:35:00,7487.936,True,False,,1.4445,0.0,1.4445,7516.945,2026-05-14 12:06:00,0.0,7484.139,2026-05-14 13:20:00,True,2026-05-14 10:50:00,0.0,0.0,False,,,
ES,2026-05-15,Friday,ADR,7505.333,7496.699,8.634000000000015,7505.951,7494.945,11.006000000000313,True,SHORT,2026-05-14 21:00:00,7494.933,True,False,,0.0,6.1339,6.1339,7443.739,2026-05-15 01:59:00,0.0,7495.236,2026-05-14 21:05:00,True,2026-05-14 21:07:00,0.0,0.0,False,,,
ES,2026-05-15,Friday,ODR,7464.439,7451.739,12.700000000000728,7464.951,7450.151,14.800000000000182,True,SHORT,2026-05-15 04:00:00,7442.248,True,False,,0.0,3.3698,3.3698,7408.942,2026-05-15 08:15:00,0.0,7449.299,2026-05-15 06:52:00,True,2026-05-15 04:05:00,0.0,0.0,False,,,
ES,2026-05-15,Friday,RDR,7439.699,7405.251,34.44799999999941,7446.151,7398.339,47.8119999999999,True,LONG,2026-05-15 13:30:00,7447.633,True,True,False,0.4192,0.0,0.4192,7454.139,2026-05-15 14:08:00,0.9886,7405.642,2026-05-15 15:55:00,False,,0.0,,True,7436.954,2026-05-15 14:18:00,0.0797
ES,2026-05-18,Monday,ADR,7395.339,7370.851,24.488000000000284,7397.051,7360.339,36.712000000000444,True,SHORT,2026-05-17 21:20:00,7359.239,True,True,True,0.0,0.6947,0.6947,7353.839,2026-05-17 21:38:00,0.0491,7372.054,2026-05-18 00:16:00,True,2026-05-17 21:25:00,0.0,0.0491,True,7371.142,2026-05-17 21:51:00,0.0119
ES,2026-05-18,Monday,ODR,7381.833,7368.033,13.799999999999272,7386.636,7363.333,23.303000000000793,True,LONG,2026-05-18 04:20:00,7387.848,True,True,True,2.1607,0.1946,2.1607,7411.651,2026-05-18 07:41:00,1.1946,7365.348,2026-05-18 07:10:00,True,2026-05-18 04:25:00,1.1946,1.1946,True,7381.639,2026-05-18 06:04:00,0.0141
ES,2026-05-18,Monday,RDR,7428.542,7399.236,29.306000000000495,7433.251,7394.754,38.4970000000003,True,SHORT,2026-05-18 10:30:00,7393.739,True,True,False,0.0,1.5765,1.5765,7353.036,2026-05-18 14:59:00,0.3555,7409.654,2026-05-18 11:01:00,True,2026-05-18 10:36:00,0.3555,0.3555,True,7400.254,2026-05-18 10:39:00,0.0347
ES,2026-05-19,Tuesday,ADR,7415.136,7403.751,11.385000000000218,7419.854,7402.645,17.208999999999833,True,SHORT,2026-05-18 21:00:00,7400.854,True,True,True,0.19,2.8823,2.8823,7370.936,2026-05-19 01:24:00,0.1927,7405.945,2026-05-18 21:10:00,True,2026-05-18 21:19:00,0.1927,0.1217,True,7404.299,2026-05-18 21:07:00,0.0481
ES,2026-05-19,Tuesday,ODR,7409.348,7391.354,17.993999999999687,7412.439,7390.233,22.20600000000013,True,SHORT,2026-05-19 04:25:00,7389.851,True,True,True,0.0615,1.5399,1.5399,7363.645,2026-05-19 06:46:00,0.3112,7396.954,2026-05-19 04:51:00,True,2026-05-19 05:16:00,0.3112,0.0,True,7391.799,2026-05-19 04:30:00,0.0247
ES,2026-05-19,Tuesday,RDR,7376.754,7342.499,34.25500000000011,7381.245,7335.736,45.509000000000015,True,LONG,2026-05-19 13:00:00,7384.745,True,True,False,0.518,0.2559,0.518,7394.499,2026-05-19 13:24:00,0.9429,7344.454,2026-05-19 15:55:00,True,2026-05-19 13:22:00,0.0,0.9429,True,7376.248,2026-05-19 14:29:00,0.0148
ES,2026-05-20,Wednesday,ADR,7372.333,7339.845,32.487999999999374,7373.539,7336.533,37.0059999999994,False,,,,,,,0.0,0.1234,,,,,,,False,,,,False,,,
ES,2026-05-20,Wednesday,ODR,7371.536,7364.833,6.703000000000429,7372.351,7364.142,8.208999999999833,True,LONG,2026-05-20 04:20:00,7372.533,True,False,,3.3712,0.0737,3.3712,7394.133,2026-05-20 08:26:00,0.0,7371.736,2026-05-20 04:25:00,True,2026-05-20 04:29:00,0.0,0.0,False,,,
ES,2026-05-20,Wednesday,RDR,7397.399,7365.242,32.15700000000015,7403.254,7356.748,46.50600000000031,True,LONG,2026-05-20 10:50:00,7405.748,True,False,,1.2549,0.0,1.2549,7437.754,2026-05-20 11:16:00,0.0,7403.542,2026-05-20 12:37:00,True,2026-05-20 11:02:00,0.0,0.0,False,,,
ES,2026-05-21,Thursday,ADR,7401.099,7396.848,4.251000000000204,7402.351,7394.099,8.251999999999498,True,LONG,2026-05-20 20:50:00,7403.539,True,True,True,8.406,0.3086,8.406,7436.833,2026-05-21 01:07:00,0.0155,7401.033,2026-05-20 20:58:00,True,2026-05-20 20:55:00,0.0155,0.0155,True,7401.033,2026-05-20 20:58:00,0.0155
ES,2026-05-21,Thursday,ODR,7419.754,7407.899,11.854999999999563,7421.054,7405.936,15.118000000000393,True,LONG,2026-05-21 04:00:00,7426.445,False,True,False,2.4585,1.127,2.4585,7448.899,2026-05-21 04:16:00,2.127,7394.539,2026-05-21 06:52:00,True,2026-05-21 04:05:00,0.0,2.127,True,7418.439,2026-05-21 06:25:00,0.1109
ES,2026-05-21,Thursday,RDR,7421.639,7392.545,29.09400000000005,7423.836,7391.233,32.603000000000065,True,LONG,2026-05-21 13:15:00,7435.251,True,True,True,1.5556,0.1104,1.5556,7466.899,2026-05-21 13:55:00,0.1068,7418.533,2026-05-21 14:55:00,True,2026-05-21 13:20:00,0.0,0.1068,True,7420.636,2026-05-21 14:54:00,0.0345
ES,2026-05-22,Friday,ADR,7466.451,7459.142,7.3090000000001965,7469.751,7458.239,11.512000000000626,True,LONG,2026-05-21 23:50:00,7469.999,True,True,True,1.3747,0.4362,1.3747,7476.499,2026-05-22 01:10:00,0.0294,7466.236,2026-05-22 01:58:00,True,2026-05-21 23:57:00,0.0,0.0294,True,7466.236,2026-05-22 01:58:00,0.0294
ES,2026-05-22,Friday,ODR,7471.299,7464.445,6.854000000000269,7471.736,7463.433,8.302999999999884,True,LONG,2026-05-22 04:00:00,7473.142,False,True,True,1.6112,1.8971,1.6112,7482.342,2026-05-22 04:20:00,2.8971,7451.442,2026-05-22 06:41:00,True,2026-05-22 04:15:00,0.2285,2.8971,True,7470.433,2026-05-22 04:06:00,0.1263
ES,2026-05-22,Friday,RDR,7495.942,7466.945,28.9970000000003,7499.154,7461.936,37.21800000000076,True,LONG,2026-05-22 13:25:00,7504.845,True,True,False,0.3779,0.007,0.3779,7506.899,2026-05-22 13:30:00,1.007,7466.742,2026-05-22 15:46:00,False,,0.0,,True,7495.536,2026-05-22 13:36:00,0.014
ES,2026-05-25,Monday,ADR,7528.599,7519.545,9.054000000000087,7528.599,7518.545,10.054000000000087,True,LONG,2026-05-24 20:35:00,7528.848,True,True,True,2.1809,0.0,2.1809,7548.345,2026-05-25 01:43:00,0.4695,7524.348,2026-05-24 21:08:00,True,2026-05-24 22:47:00,0.4695,0.0,True,7527.445,2026-05-24 20:40:00,0.1275
ES,2026-05-25,Monday,ODR,7545.533,7533.245,12.288000000000466,7549.354,7531.748,17.606000000000677,False,,,,,,,0.4491,0.0,,,,,,,False,,,,False,,,
ES,2026-05-25,Monday,RDR,7548.651,7542.554,6.096999999999753,7549.151,7542.436,6.7150000000001455,True,SHORT,2026-05-25 10:30:00,7540.151,True,True,False,0.7053,0.8066,0.8066,7537.636,2026-05-25 10:43:00,1.7053,7552.951,2026-05-25 11:11:00,True,2026-05-25 10:38:00,0.0,1.7053,True,7545.999,2026-05-25 11:10:00,0.565
ES,2026-05-26,Tuesday,ADR,7533.333,7520.633,12.699999999999818,7534.354,7519.642,14.712000000000444,True,SHORT,2026-05-25 21:30:00,7518.348,True,True,False,0.0,0.4016,0.4016,7515.533,2026-05-25 21:40:00,0.4383,7526.199,2026-05-26 00:14:00,False,,0.0,,True,7521.351,2026-05-25 21:47:00,0.0565
ES,2026-05-26,Tuesday,ODR,7523.851,7512.736,11.114999999999782,7524.854,7509.354,15.5,True,LONG,2026-05-26 06:10:00,7525.354,True,True,True,0.994,0.081,0.994,7534.899,2026-05-26 06:30:00,0.7028,7516.039,2026-05-26 07:36:00,True,2026-05-26 06:28:00,0.0,0.7028,True,7523.345,2026-05-26 07:15:00,0.0455
ES,2026-05-26,Tuesday,RDR,7533.042,7510.751,22.291000000000167,7536.051,7508.836,27.215000000000146,True,LONG,2026-05-26 10:40:00,7537.536,False,True,False,0.2473,0.4579,0.2243,7538.042,2026-05-26 10:46:00,1.4579,7500.545,2026-05-26 11:56:00,False,,0.0,,True,7531.833,2026-05-26 10:54:00,0.0542
ES,2026-05-27,Wednesday,ADR,7528.799,7522.054,6.744999999999891,7529.233,7520.733,8.5,True,LONG,2026-05-26 20:55:00,7529.751,False,True,False,0.593,0.3423,0.593,7532.799,2026-05-26 21:10:00,1.3423,7519.745,2026-05-27 00:30:00,True,2026-05-26 21:10:00,0.1113,1.3423,True,7528.048,2026-05-26 21:00:00,0.1113
ES,2026-05-27,Wednesday,ODR,7532.054,7524.799,7.255000000000109,7532.554,7524.236,8.318000000000211,True,LONG,2026-05-27 04:00:00,7533.254,True,True,True,3.1264,0.0,3.1264,7554.736,2026-05-27 08:22:00,0.3458,7529.545,2026-05-27 08:18:00,True,2026-05-27 04:08:00,0.3458,0.3458,True,7531.599,2026-05-27 08:02:00,0.0627
ES,2026-05-27,Wednesday,RDR,7529.851,7511.742,18.10899999999947,7530.854,7509.748,21.106000000000677,True,SHORT,2026-05-27 11:15:00,7508.599,True,True,False,0.0,0.7011,0.7011,7499.045,2026-05-27 13:09:00,0.9553,7529.042,2026-05-27 15:06:00,True,2026-05-27 11:44:00,0.6458,0.9553,True,7511.845,2026-05-27 11:24:00,0.0057
ES,2026-05-28,Thursday,ADR,7527.948,7518.442,9.506000000000313,7527.948,7516.645,11.302999999999884,True,LONG,2026-05-27 20:55:00,7533.651,False,True,False,0.8626,2.9461,0.7574,7535.148,2026-05-27 22:00:00,3.9461,7490.436,2026-05-28 00:21:00,True,2026-05-27 21:00:00,0.0331,3.9461,True,7527.633,2026-05-27 21:46:00,0.0331
ES,2026-05-28,Thursday,ODR,7517.139,7511.651,5.488000000000284,7518.442,7509.936,8.506000000000313,True,SHORT,2026-05-28 06:20:00,7509.451,True,True,True,0.5576,2.043,2.043,7500.439,2026-05-28 06:51:00,0.1822,7512.651,2026-05-28 06:32:00,True,2026-05-28 06:25:00,0.1822,0.1822,True,7511.999,2026-05-28 06:29:00,0.0634
ES,2026-05-28,Thursday,RDR,7548.748,7511.236,37.511999999999716,7557.939,7509.545,48.39400000000023,True,LONG,2026-05-28 11:30:00,7558.239,True,False,,0.5532,0.0,0.5532,7569.499,2026-05-28 15:39:00,0.0,7555.233,2026-05-28 12:03:00,True,2026-05-28 13:50:00,0.0,0.0,False,,,
ES,2026-05-29,Friday,ADR,7573.299,7567.539,5.760000000000218,7573.299,7566.739,6.5600000000004,True,SHORT,2026-05-28 20:30:00,7563.745,True,True,False,0.0,1.7351,1.7351,7557.545,2026-05-28 21:30:00,0.8785,7572.599,2026-05-29 01:28:00,True,2026-05-28 20:35:00,0.0,0.8785,True,7567.545,2026-05-29 00:08:00,0.001
ES,2026-05-29,Friday,ODR,7576.748,7566.751,9.996999999999389,7577.299,7564.799,12.5,True,LONG,2026-05-29 05:15:00,7579.248,True,True,False,0.3752,0.0003,0.3752,7580.499,2026-05-29 07:22:00,0.7802,7568.948,2026-05-29 07:53:00,False,,0.7205,,True,7576.533,2026-05-29 05:22:00,0.0215
ES,2026-05-29,Friday,RDR,7595.854,7575.239,20.61500000000069,7597.499,7571.648,25.850999999999658,True,SHORT,2026-05-29 10:40:00,7568.433,True,True,False,0.0,0.5677,0.5677,7563.536,2026-05-29 10:45:00,0.9755,7595.348,2026-05-29 12:40:00,True,2026-05-29 10:45:00,0.0,0.9755,True,7580.236,2026-05-29 10:51:00,0.2424
ES,2026-06-01,Monday,ADR,7598.442,7590.348,8.094000000000051,7598.799,7589.436,9.363000000000284,True,LONG,2026-05-31 20:50:00,7598.945,True,True,True,0.9888,0.0,0.9888,7606.445,2026-05-31 23:32:00,0.3957,7595.239,2026-05-31 21:07:00,True,2026-05-31 22:02:00,0.3957,0.0629,True,7598.236,2026-05-31 20:57:00,0.0255
ES,2026-06-01,Monday,ODR,7606.839,7595.254,11.585000000000036,7607.299,7594.436,12.863000000000284,True,LONG,2026-06-01 07:35:00,7608.439,False,True,False,0.198,0.2166,0.198,7609.133,2026-06-01 07:40:00,1.1732,7593.248,2026-06-01 08:18:00,False,,0.0091,,True,7606.733,2026-06-01 07:40:00,0.0091
ES,2026-06-01,Monday,RDR,7580.642,7569.899,10.742999999999483,7584.048,7563.345,20.70299999999952,True,LONG,2026-06-01 11:30:00,7586.239,True,True,True,3.617,0.1071,3.617,7619.499,2026-06-01 13:43:00,0.5484,7574.751,2026-06-01 12:18:00,True,2026-06-01 11:35:00,0.5484,0.5484,True,7580.236,2026-06-01 12:10:00,0.0378
ES,2026-06-02,Tuesday,ADR,7584.154,7572.945,11.209000000000742,7586.536,7571.645,14.890999999999622,True,SHORT,2026-06-01 20:50:00,7569.939,True,True,False,0.0446,0.7594,0.7594,7564.433,2026-06-01 23:20:00,1.0446,7584.654,2026-06-02 01:36:00,True,2026-06-01 21:46:00,0.0895,1.0446,True,7573.033,2026-06-01 21:12:00,0.0079
ES,2026-06-02,Tuesday,ODR,7594.142,7589.436,4.706000000000131,7594.445,7589.436,5.0090000000000146,True,LONG,2026-06-02 04:00:00,7598.199,False,True,False,0.9163,1.3381,0.9125,7598.436,2026-06-02 04:06:00,2.3381,7583.139,2026-06-02 08:01:00,True,2026-06-02 04:05:00,0.0,2.3381,True,7593.636,2026-06-02 04:11:00,0.1075
ES,2026-06-02,Tuesday,RDR,7599.151,7585.748,13.403000000000247,7600.554,7583.742,16.811999999999898,True,LONG,2026-06-02 10:30:00,7601.242,True,False,,1.5591,0.0,1.5591,7620.048,2026-06-02 11:22:00,0.0,7600.033,2026-06-02 10:41:00,True,2026-06-02 10:46:00,0.0,0.0,False,,,
ES,2026-06-03,Wednesday,ADR,7614.045,7598.699,15.346000000000458,7615.099,7596.639,18.460000000000036,False,,,,,,,0.111,0.0,,,,,,,False,,,,False,,,
ES,2026-06-03,Wednesday,ODR,7611.248,7606.036,5.211999999999534,7612.239,7604.299,7.9399999999996,True,SHORT,2026-06-03 05:40:00,7604.239,True,True,True,0.0,1.3216,1.3216,7599.148,2026-06-03 06:04:00,0.9616,7611.048,2026-06-03 06:08:00,True,2026-06-03 05:45:00,0.0,0.9616,True,7607.599,2026-06-03 06:06:00,0.2999
ES,2026-06-03,Wednesday,RDR,7598.354,7567.351,31.00300000000061,7603.351,7563.836,39.51499999999942,True,SHORT,2026-06-03 12:20:00,7557.342,True,True,True,0.0,0.5005,0.5005,7551.833,2026-06-03 12:42:00,0.3032,7576.751,2026-06-03 14:30:00,True,2026-06-03 12:42:00,0.0,0.3032,True,7567.839,2026-06-03 12:58:00,0.0157
ES,2026-06-04,Thursday,ADR,7529.999,7518.951,11.047999999999774,7532.299,7517.651,14.648000000000138,True,LONG,2026-06-03 20:30:00,7535.339,True,True,True,0.8599,0.2732,0.8599,7539.499,2026-06-03 21:13:00,1.2732,7515.933,2026-06-03 22:15:00,True,2026-06-03 20:35:00,0.0,1.2732,True,7529.233,2026-06-03 21:51:00,0.0693
ES,2026-06-04,Thursday,ODR,7545.736,7541.454,4.282000000000153,7546.299,7539.236,7.063000000000102,True,SHORT,2026-06-04 04:00:00,7539.233,True,False,,0.0,6.6593,6.6593,7512.939,2026-06-04 07:37:00,0.0,7540.448,2026-06-04 04:05:00,True,2026-06-04 04:05:00,0.0,0.0,False,,,
ES,2026-06-04,Thursday,RDR,7556.839,7535.539,21.300000000000182,7557.699,7530.345,27.35399999999936,True,LONG,2026-06-04 11:00:00,7559.833,True,False,,1.9631,0.0,1.9631,7598.654,2026-06-04 15:33:00,0.0,7559.642,2026-06-04 11:05:00,True,2026-06-04 11:08:00,0.0,0.0,False,,,
ES,2026-06-05,Friday,ADR,7567.939,7551.433,16.506000000000313,7567.954,7549.942,18.011999999999716,True,SHORT,2026-06-04 20:50:00,7548.648,True,True,True,0.0,0.9811,0.9811,7535.239,2026-06-04 21:25:00,0.201,7554.751,2026-06-04 22:26:00,True,2026-06-04 21:21:00,0.0,0.201,True,7551.499,2026-06-04 22:03:00,0.004
ES,2026-06-05,Friday,ODR,7546.239,7537.454,8.784999999999854,7548.254,7535.499,12.75500000000011,True,LONG,2026-06-05 04:20:00,7549.999,True,True,True,2.3911,0.0,2.3911,7567.245,2026-06-05 05:14:00,0.0345,7545.936,2026-06-05 08:14:00,True,2026-06-05 04:25:00,0.0,0.0345,True,7545.936,2026-06-05 08:14:00,0.0345
ES,2026-06-05,Friday,RDR,7539.048,7500.645,38.40299999999934,7541.042,7495.451,45.59100000000035,True,SHORT,2026-06-05 11:20:00,7492.442,True,False,,0.0,3.4244,3.4244,7369.139,2026-06-05 15:18:00,0.0,7497.999,2026-06-05 11:31:00,True,2026-06-05 11:38:00,0.0,0.0,False,,,
ES,2026-06-08,Monday,ADR,7404.651,7370.854,33.79699999999957,7405.651,7370.533,35.11799999999948,True,LONG,2026-06-07 20:35:00,7412.133,True,True,False,0.2381,0.0,0.2381,7412.699,2026-06-07 20:40:00,0.904,7374.099,2026-06-07 21:30:00,False,,0.0,,True,7402.333,2026-06-07 20:41:00,0.0686
ES,2026-06-08,Monday,ODR,7417.342,7392.151,25.190999999999804,7418.648,7390.345,28.302999999999884,True,LONG,2026-06-08 06:30:00,7421.148,True,True,True,1.2311,0.0,1.2311,7448.354,2026-06-08 08:28:00,0.1981,7412.351,2026-06-08 07:01:00,True,2026-06-08 07:10:00,0.1981,0.0,True,7416.851,2026-06-08 06:36:00,0.0195
ES,2026-06-08,Monday,RDR,7446.854,7421.245,25.60900000000038,7459.236,7418.933,40.302999999999884,True,LONG,2026-06-08 10:55:00,7460.251,False,True,False,0.7611,1.0741,0.7611,7466.345,2026-06-08 11:06:00,2.0741,7393.739,2026-06-08 15:26:00,True,2026-06-08 11:00:00,0.0,2.0741,True,7443.736,2026-06-08 11:29:00,0.1218
ES,2026-06-09,Tuesday,ADR,7408.339,7385.842,22.4970000000003,7409.248,7383.848,25.399999999999636,True,SHORT,2026-06-08 20:35:00,7382.642,False,True,False,1.0136,0.2419,0.2419,7380.399,2026-06-08 20:52:00,2.0136,7431.142,2026-06-09 01:49:00,False,,0.0914,,True,7386.333,2026-06-08 20:40:00,0.0218
ES,2026-06-09,Tuesday,ODR,7435.399,7423.145,12.253999999999905,7436.854,7421.051,15.802999999999884,True,LONG,2026-06-09 04:35:00,7437.645,True,True,False,0.8277,0.3749,0.8277,7445.542,2026-06-09 06:54:00,0.8769,7424.654,2026-06-09 06:06:00,True,2026-06-09 06:01:00,0.8769,0.8769,True,7433.048,2026-06-09 04:50:00,0.1919
ES,2026-06-09,Tuesday,RDR,7480.499,7413.336,67.16299999999956,7481.939,7406.439,75.5,True,SHORT,2026-06-09 10:40:00,7399.199,True,False,,0.0,2.6024,2.6024,7238.551,2026-06-09 12:40:00,0.0,7401.699,2026-06-09 10:45:00,True,2026-06-09 10:47:00,0.0,0.0,False,,,
ES,2026-06-10,Wednesday,ADR,7381.048,7359.042,22.005999999999403,7384.739,7356.733,28.005999999999403,True,SHORT,2026-06-10 00:30:00,7352.733,True,True,False,0.0226,0.6136,0.6136,7345.539,2026-06-10 01:20:00,0.1409,7362.142,2026-06-10 01:57:00,True,2026-06-10 00:45:00,0.0,0.1409,True,7359.099,2026-06-10 01:29:00,0.0026
ES,2026-06-10,Wednesday,ODR,7362.754,7356.048,6.706000000000131,7365.154,7353.733,11.421000000000276,True,SHORT,2026-06-10 04:00:00,7349.245,True,True,True,0.0,8.6191,8.6191,7298.248,2026-06-10 07:39:00,0.0225,7356.199,2026-06-10 04:11:00,True,2026-06-10 04:05:00,0.0225,0.0225,True,7356.199,2026-06-10 04:11:00,0.0225
ES,2026-06-10,Wednesday,RDR,7394.845,7330.148,64.69700000000012,7396.348,7327.339,69.00900000000001,True,SHORT,2026-06-10 11:10:00,7319.399,True,True,True,0.0,0.9869,0.9869,7266.299,2026-06-10 15:59:00,0.153,7340.048,2026-06-10 11:47:00,True,2026-06-10 11:52:00,0.153,0.1159,True,7331.848,2026-06-10 11:23:00,0.0263
ES,2026-06-11,Thursday,ADR,7266.039,7239.342,26.697000000000116,7274.036,7237.248,36.788000000000466,True,LONG,2026-06-10 21:00:00,7278.154,True,True,True,1.6034,0.0,1.6034,7308.845,2026-06-11 00:45:00,0.0522,7264.645,2026-06-10 22:34:00,True,2026-06-10 21:05:00,0.0522,0.0522,True,7264.645,2026-06-10 22:34:00,0.0522
ES,2026-06-11,Thursday,ODR,7321.354,7306.645,14.708999999999833,7322.536,7303.639,18.896999999999935,True,LONG,2026-06-11 04:05:00,7326.136,False,True,False,0.5968,1.2789,0.5968,7330.133,2026-06-11 05:47:00,2.2789,7287.833,2026-06-11 08:23:00,True,2026-06-11 04:58:00,0.0012,2.2789,True,7321.336,2026-06-11 04:20:00,0.0012
ES,2026-06-11,Thursday,RDR,7321.833,7281.299,40.53399999999965,7326.954,7274.445,52.509000000000015,True,SHORT,2026-06-11 10:55:00,7266.954,False,True,False,2.2319,0.6554,0.6554,7254.733,2026-06-11 11:01:00,3.2319,7412.299,2026-06-11 15:36:00,True,2026-06-11 11:00:00,0.0,3.2319,True,7283.248,2026-06-11 11:08:00,0.0481
ES,2026-06-12,Friday,ADR,7411.045,7400.436,10.609000000000378,7412.039,7400.436,11.603000000000065,True,LONG,2026-06-11 20:30:00,7414.239,False,True,False,0.425,1.7818,0.425,7415.554,2026-06-11 20:35:00,2.7818,7381.533,2026-06-12 01:51:00,False,,0.0,,True,7410.445,2026-06-11 20:39:00,0.0566
ES,2026-06-12,Friday,ODR,7394.548,7372.036,22.511999999999716,7402.554,7369.042,33.511999999999716,True,LONG,2026-06-12 04:05:00,7404.251,True,False,,2.2516,0.0,2.2516,7445.236,2026-06-12 05:36:00,0.0,7402.233,2026-06-12 04:15:00,True,2026-06-12 04:11:00,0.0,0.0,False,,,
ES,2026-06-12,Friday,RDR,7418.051,7368.399,49.652000000000044,7423.142,7361.636,61.5059999999994,True,LONG,2026-06-12 10:50:00,7429.933,True,True,True,0.7835,0.0,0.7835,7456.954,2026-06-12 11:24:00,0.4837,7394.033,2026-06-12 12:03:00,True,2026-06-12 11:14:00,0.0,0.4837,True,7412.654,2026-06-12 11:48:00,0.1087
ES,2026-06-15,Monday,ADR,7501.951,7484.948,17.0029999999997,7505.139,7483.439,21.699999999999818,True,LONG,2026-06-14 21:30:00,7506.236,True,False,,1.3261,0.0,1.3261,7524.499,2026-06-15 01:58:00,0.0,7503.336,2026-06-14 21:58:00,True,2026-06-14 22:24:00,0.0,0.0,False,,,
ES,2026-06-15,Monday,ODR,7523.439,7515.733,7.706000000000131,7525.233,7514.748,10.485000000000582,True,SHORT,2026-06-15 05:30:00,7513.454,False,True,False,0.9811,0.5187,0.5187,7511.736,2026-06-15 05:45:00,1.9811,7530.999,2026-06-15 07:31:00,True,2026-06-15 05:45:00,0.0924,1.9811,True,7515.854,2026-06-15 05:38:00,0.0157
ES,2026-06-15,Monday,RDR,7549.199,7528.399,20.799999999999272,7551.899,7528.342,23.5570000000007,True,LONG,2026-06-15 10:55:00,7553.099,True,True,True,1.3952,0.0,1.3952,7578.219,2026-06-15 12:02:00,0.1684,7545.696,2026-06-15 15:57:00,True,2026-06-15 11:20:00,0.0,0.1684,True,7548.759,2026-06-15 15:55:00,0.0212
ES,2026-06-16,Tuesday,ADR,7551.751,7547.736,4.015000000000327,7553.354,7545.445,7.90900000000056,True,SHORT,2026-06-15 20:45:00,7545.442,False,True,False,1.4189,1.2461,1.2461,7542.733,2026-06-15 20:53:00,2.4189,7557.448,2026-06-15 23:41:00,True,2026-06-15 20:50:00,0.0,2.4189,True,7547.929,2026-06-15 21:03:00,0.0481
ES,2026-06-16,Tuesday,ODR,7557.381,7551.254,6.1270000000004075,7557.739,7550.142,7.596999999999753,True,LONG,2026-06-16 04:05:00,7558.936,False,True,False,1.1617,0.41,1.1617,7564.499,2026-06-16 08:10:00,1.41,7548.742,2026-06-16 05:56:00,True,2026-06-16 06:59:00,1.41,0.9194,True,7555.745,2026-06-16 04:14:00,0.267
ES,2026-06-16,Tuesday,RDR,7562.845,7541.242,21.603000000000065,7566.351,7541.239,25.11200000000008,True,SHORT,2026-06-16 10:30:00,7535.742,True,True,True,0.0,1.4859,1.4859,7509.142,2026-06-16 15:59:00,0.4492,7550.945,2026-06-16 12:13:00,True,2026-06-16 11:46:00,0.4492,0.4492,True,7542.245,2026-06-16 10:36:00,0.0464
ES,2026-06-17,Wednesday,ADR,7524.036,7518.354,5.681999999999789,7525.836,7515.839,9.997000000000298,True,LONG,2026-06-16 21:00:00,7526.699,True,False,,1.8687,0.0,1.8687,7534.654,2026-06-17 01:38:00,0.0,7525.636,2026-06-16 23:23:00,True,2026-06-16 21:05:00,0.0,0.0,False,,,
ES,2026-06-17,Wednesday,ODR,7538.336,7530.639,7.697000000000116,7539.251,7529.851,9.400000000000546,True,SHORT,2026-06-17 04:10:00,7525.339,True,False,,0.0,2.7703,2.7703,7509.316,2026-06-17 07:56:00,0.0,7529.342,2026-06-17 05:32:00,True,2026-06-17 04:15:00,0.0,0.0,False,,,
ES,2026-06-17,Wednesday,RDR,7531.922,7509.048,22.873999999999796,7532.174,7506.313,25.860999999999876,True,SHORT,2026-06-17 10:45:00,7503.748,True,True,True,0.0,4.6563,4.6563,7402.539,2026-06-17 15:39:00,0.5317,7521.209,2026-06-17 12:20:00,True,2026-06-17 11:09:00,0.5317,0.5317,True,7509.622,2026-06-17 10:51:00,0.0251
ES,2026-06-18,Thursday,ADR,7489.348,7467.745,21.603000000000065,7490.545,7466.366,24.179000000000087,True,LONG,2026-06-17 21:20:00,7490.631,True,True,False,0.1984,0.0,0.1984,7493.634,2026-06-17 21:27:00,0.9031,7469.839,2026-06-18 00:45:00,False,,0.0,,True,7488.929,2026-06-17 21:29:00,0.0194
ES,2026-06-18,Thursday,ODR,7489.842,7481.839,8.002999999999702,7489.851,7480.833,9.018000000000029,True,LONG,2026-06-18 04:00:00,7492.551,False,True,False,1.0942,2.4983,1.0942,7498.599,2026-06-18 04:10:00,3.4983,7461.845,2026-06-18 07:41:00,True,2026-06-18 04:05:00,0.0,3.4983,True,7489.345,2026-06-18 04:22:00,0.0621
ES,2026-06-18,Thursday,RDR,7507.899,7468.942,38.957000000000335,7512.154,7466.442,45.712000000000444,False,,,,,,,0.083,0.0,,,,,,,False,,,,False,,,
ES,2026-06-19,Friday,ADR,7501.139,7491.148,9.990999999999985,7501.851,7489.899,11.951999999999316,True,SHORT,2026-06-18 21:05:00,7487.254,True,False,,0.0,3.9845,3.9845,7451.339,2026-06-19 01:21:00,0.0,7489.645,2026-06-18 21:28:00,True,2026-06-18 21:11:00,0.0,0.0,False,,,
ES,2026-06-19,Friday,ODR,7487.833,7475.345,12.487999999999374,7488.799,7474.833,13.96600000000035,True,LONG,2026-06-19 04:15:00,7490.533,False,True,False,0.6413,0.3606,0.6413,7495.842,2026-06-19 05:00:00,1.3606,7470.842,2026-06-19 07:28:00,True,2026-06-19 04:49:00,0.0786,1.3606,True,7487.833,2026-06-19 04:32:00,0.0
ES,2026-06-19,Friday,RDR,7494.799,7491.448,3.350999999999658,7496.948,7487.833,9.115000000000691,True,LONG,2026-06-19 10:40:00,7497.248,True,True,False,2.2229,0.0895,2.2229,7502.248,2026-06-19 11:09:00,1.0895,7491.148,2026-06-19 12:55:00,True,2026-06-19 10:45:00,0.0,1.0895,True,7493.445,2026-06-19 11:37:00,0.4041
ES,2026-06-22,Monday,ADR,7477.639,7448.139,29.5,7477.954,7447.136,30.8179999999993,True,LONG,2026-06-21 20:45:00,7479.145,True,True,True,0.4576,0.0,0.4576,7491.139,2026-06-21 21:07:00,0.6137,7459.534,2026-06-22 00:44:00,False,,0.0035,,True,7477.536,2026-06-21 20:50:00,0.0035
ES,2026-06-22,Monday,ODR,7501.133,7495.399,5.733999999999469,7501.454,7494.651,6.802999999999884,True,SHORT,2026-06-22 04:00:00,7490.999,False,True,False,1.7963,1.5283,1.5283,7486.636,2026-06-22 04:11:00,2.7963,7511.433,2026-06-22 07:06:00,True,2026-06-22 04:05:00,0.0,2.7963,True,7496.939,2026-06-22 05:04:00,0.2686
ES,2026-06-22,Monday,RDR,7528.699,7493.329,35.36999999999989,7530.139,7492.763,37.376000000000204,True,SHORT,2026-06-22 10:30:00,7483.271,True,False,,0.0,0.9408,0.9408,7460.053,2026-06-22 15:44:00,0.0,7491.614,2026-06-22 11:45:00,True,2026-06-22 10:43:00,0.0,0.0,False,,,
ES,2026-06-23,Tuesday,ADR,7467.054,7456.845,10.208999999999833,7468.654,7455.854,12.800000000000182,True,LONG,2026-06-22 20:40:00,7474.699,False,True,False,1.1835,5.653,1.1835,7479.136,2026-06-22 20:45:00,6.653,7399.134,2026-06-23 01:58:00,True,2026-06-22 20:45:00,0.0,6.653,True,7466.863,2026-06-22 21:16:00,0.0187
ES,2026-06-23,Tuesday,ODR,7388.348,7367.333,21.015000000000327,7389.248,7362.336,26.911999999999352,True,SHORT,2026-06-23 04:00:00,7360.645,True,True,False,0.0,0.617,0.617,7354.366,2026-06-23 04:24:00,0.9908,7388.154,2026-06-23 08:02:00,True,2026-06-23 04:23:00,0.0745,0.9908,True,7368.351,2026-06-23 04:07:00,0.0484
ES,2026-06-23,Tuesday,RDR,7419.455,7361.745,57.710000000000036,7424.136,7349.128,75.00800000000072,False,,,,,,,0.0,0.0,,,,,,,False,,,,False,,,
ES,2026-06-24,Wednesday,ADR,7388.445,7359.928,28.516999999999825,7391.542,7359.181,32.361000000000786,False,,,,,,,0.1055,0.0443,,,,,,,False,,,,False,,,
ES,2026-06-24,Wednesday,ODR,7383.175,7374.954,8.221000000000458,7384.654,7371.286,13.368000000000393,True,LONG,2026-06-24 06:40:00,7387.133,True,True,True,1.8703,0.4905,1.8703,7398.551,2026-06-24 08:20:00,0.9416,7375.434,2026-06-24 07:20:00,True,2026-06-24 06:45:00,0.9416,0.9416,True,7381.922,2026-06-24 06:50:00,0.1524
ES,2026-06-24,Wednesday,RDR,7401.548,7375.913,25.63500000000022,7405.642,7369.479,36.162999999999556,True,LONG,2026-06-24 10:45:00,7411.326,False,True,False,1.0318,1.5083,1.0318,7427.999,2026-06-24 11:01:00,2.5083,7337.249,2026-06-24 15:42:00,True,2026-06-24 10:50:00,0.0,2.5083,True,7399.948,2026-06-24 12:36:00,0.0624
ES,2026-06-25,Thursday,ADR,7407.999,7399.851,8.148000000000138,7411.942,7398.139,13.802999999999884,True,SHORT,2026-06-24 20:30:00,7394.939,False,True,False,0.2392,1.7078,1.7078,7385.936,2026-06-24 21:05:00,1.2392,7409.948,2026-06-25 01:42:00,True,2026-06-24 20:35:00,0.0,1.2392,True,7399.954,2026-06-24 21:39:00,0.0126
ES,2026-06-25,Thursday,ODR,7421.654,7411.933,9.721000000000458,7422.442,7411.648,10.793999999999869,True,SHORT,2026-06-25 04:50:00,7410.119,True,True,True,0.3132,0.6478,0.6478,7405.636,2026-06-25 07:30:00,0.9274,7420.948,2026-06-25 06:38:00,True,2026-06-25 07:26:00,0.9274,0.4342,True,7411.983,2026-06-25 05:03:00,0.0051
ES,2026-06-25,Thursday,RDR,7417.936,7325.239,92.69700000000012,7423.942,7322.799,101.14300000000003,False,,,,,,,0.0,0.0,,,,,,,False,,,,False,,,
ES,2026-06-26,Friday,ADR,7384.299,7355.612,28.686999999999898,7385.299,7351.233,34.0659999999998,True,SHORT,2026-06-25 21:30:00,7343.842,True,False,,0.0,2.209,2.209,7292.242,2026-06-25 23:38:00,0.0,7344.049,2026-06-25 21:35:00,True,2026-06-25 21:35:00,0.0,0.0,False,,,
ES,2026-06-26,Friday,ODR,7346.551,7328.736,17.81500000000051,7348.545,7328.736,19.809000000000196,True,SHORT,2026-06-26 04:45:00,7326.049,True,True,True,0.1512,0.9541,0.9541,7311.739,2026-06-26 07:54:00,0.5668,7338.833,2026-06-26 08:16:00,True,2026-06-26 04:54:00,0.085,0.5668,True,7329.489,2026-06-26 05:42:00,0.0423
ES,2026-06-26,Friday,RDR,7363.142,7307.239,55.90300000000025,7370.739,7297.054,73.68499999999949,True,LONG,2026-06-26 11:25:00,7374.056,True,True,False,0.5492,0.0,0.5492,7393.845,2026-06-26 11:43:00,0.674,7325.462,2026-06-26 15:59:00,True,2026-06-26 11:42:00,0.0,0.674,True,7355.194,2026-06-26 12:21:00,0.1422
ES,2026-06-29,Monday,ADR,7389.039,7359.229,29.80999999999949,7391.729,7357.948,33.78099999999995,True,LONG,2026-06-29 01:50:00,7392.44,True,False,,0.1722,0.1001,0.1722,7394.172,2026-06-29 01:56:00,0.0,7390.245,2026-06-29 01:59:00,False,,0.0,,False,,,
ES,2026-06-29,Monday,ODR,7387.951,7376.849,11.101999999999862,7389.434,7372.666,16.76800000000003,True,LONG,2026-06-29 04:00:00,7391.681,True,True,True,1.7911,0.0,1.7911,7407.836,2026-06-29 07:31:00,0.4088,7383.413,2026-06-29 05:52:00,True,2026-06-29 04:05:00,0.4088,0.4088,True,7386.351,2026-06-29 04:55:00,0.1441
ES,2026-06-29,Monday,RDR,7419.672,7351.672,68.0,7424.931,7346.172,78.75900000000001,True,LONG,2026-06-29 13:10:00,7428.446,True,False,,0.361,0.0,0.361,7444.221,2026-06-29 15:59:00,0.0,7423.233,2026-06-29 13:24:00,False,,0.0,,False,,,
ES,2026-07-01,Wednesday,ODR,7465.245,7457.466,7.778999999999542,7466.554,7453.219,13.335000000000036,True,LONG,2026-07-01 04:05:00,7466.598,True,True,True,2.0307,0.0,2.0307,7481.042,2026-07-01 07:08:00,0.0355,7464.969,2026-07-01 05:10:00,True,2026-07-01 04:19:00,0.0355,0.0355,True,7465.222,2026-07-01 04:30:00,0.003
ES,2026-07-01,Wednesday,RDR,7496.048,7451.548,44.5,7497.742,7448.842,48.900000000000546,True,LONG,2026-07-01 11:00:00,7504.888,True,True,False,0.5956,0.0,0.5956,7522.551,2026-07-01 11:30:00,0.3688,7479.636,2026-07-01 15:57:00,True,2026-07-01 11:28:00,0.0,0.3688,True,7494.883,2026-07-01 14:15:00,0.0262
ES,2026-07-02,Thursday,ADR,7480.699,7465.948,14.750999999999294,7480.999,7465.936,15.063000000000102,True,LONG,2026-07-01 20:50:00,7483.936,True,False,,1.5546,0.0,1.5546,7503.631,2026-07-01 23:01:00,0.0,7482.454,2026-07-01 20:59:00,True,2026-07-01 21:04:00,0.0,0.0,False,,,
ES,2026-07-02,Thursday,ODR,7478.951,7464.048,14.903000000000247,7479.639,7463.139,16.5,True,LONG,2026-07-02 04:30:00,7483.942,True,True,True,1.3788,0.0,1.3788,7499.499,2026-07-02 08:29:00,0.2692,7474.939,2026-07-02 06:05:00,True,2026-07-02 04:51:00,0.2692,0.2692,True,7478.142,2026-07-02 05:07:00,0.0543
ES,2026-07-02,Thursday,RDR,7537.202,7498.345,38.85699999999997,7539.899,7496.033,43.865999999999985,True,SHORT,2026-07-02 10:40:00,7495.239,True,True,True,0.0,1.8326,1.8326,7427.136,2026-07-02 13:59:00,0.1817,7505.404,2026-07-02 11:01:00,True,2026-07-02 11:06:00,0.1817,0.0,True,7502.559,2026-07-02 10:45:00,0.1084
ES,2026-07-06,Monday,ADR,7520.842,7510.748,10.094000000000051,7524.945,7510.499,14.445999999999913,True,SHORT,2026-07-05 21:20:00,7508.736,True,True,True,0.0603,2.1612,2.1612,7488.933,2026-07-05 23:54:00,0.1681,7512.445,2026-07-05 21:41:00,True,2026-07-05 21:26:00,0.1681,0.1681,True,7510.754,2026-07-05 21:31:00,0.0006
ES,2026-07-06,Monday,ODR,7513.733,7505.433,8.300000000000182,7514.299,7503.251,11.047999999999774,True,LONG,2026-07-06 04:00:00,7515.242,False,True,False,0.4472,0.0789,0.4472,7517.445,2026-07-06 04:09:00,1.0789,7504.778,2026-07-06 08:25:00,False,,0.0,,True,7512.742,2026-07-06 04:11:00,0.1194
ES,2026-07-06,Monday,RDR,7526.548,7508.839,17.708999999999833,7527.133,7500.736,26.396999999999935,True,LONG,2026-07-06 10:55:00,7530.249,True,True,True,1.3904,0.0,1.3904,7551.171,2026-07-06 15:21:00,0.2041,7522.933,2026-07-06 11:18:00,True,2026-07-06 11:30:00,0.2041,0.1976,True,7525.936,2026-07-06 11:13:00,0.0346
ES,2026-07-07,Tuesday,ADR,7542.504,7534.848,7.655999999999949,7544.128,7532.613,11.514999999999418,True,SHORT,2026-07-06 21:20:00,7531.628,True,True,True,0.0,2.9369,2.9369,7512.363,2026-07-07 01:28:00,0.3938,7537.863,2026-07-06 21:54:00,True,2026-07-06 21:25:00,0.3938,0.3938,True,7534.884,2026-07-06 21:39:00,0.0047
ES,2026-07-07,Tuesday,ODR,7528.366,7521.378,6.988000000000284,7529.179,7520.622,8.556999999999789,True,LONG,2026-07-07 04:20:00,7529.625,True,True,True,0.9323,0.1435,0.9323,7534.881,2026-07-07 08:10:00,1.0021,7521.363,2026-07-07 07:04:00,True,2026-07-07 04:33:00,1.0021,1.0021,True,7527.881,2026-07-07 04:53:00,0.0694
ES,2026-07-07,Tuesday,RDR,7529.549,7492.441,37.108000000000175,7536.884,7486.935,49.948999999999614,True,SHORT,2026-07-07 10:35:00,7484.609,True,True,False,0.0,0.3843,0.3843,7478.182,2026-07-07 10:42:00,0.7549,7520.454,2026-07-07 13:08:00,False,,0.0,,True,7492.545,2026-07-07 10:52:00,0.0028
ES,2026-07-08,Wednesday,ADR,7505.078,7489.081,15.997000000000298,7505.951,7483.451,22.5,True,LONG,2026-07-07 20:40:00,7509.063,False,True,False,0.5001,0.0166,0.5001,7513.078,2026-07-07 21:13:00,1.0166,7488.816,2026-07-08 01:50:00,True,2026-07-07 21:13:00,0.0,1.0166,True,7504.316,2026-07-07 21:33:00,0.0476
ES,2026-07-08,Wednesday,ODR,7496.633,7484.198,12.43499999999949,7497.701,7482.063,15.63799999999992,True,SHORT,2026-07-08 04:15:00,7471.042,True,False,,0.0157,5.2674,5.2674,7418.698,2026-07-08 05:15:00,0.0,7475.099,2026-07-08 04:20:00,True,2026-07-08 04:20:00,0.0,0.0,False,,,
ES,2026-07-08,Wednesday,RDR,7468.999,7456.695,12.304000000000087,7474.816,7451.819,22.99699999999939,True,SHORT,2026-07-08 10:35:00,7449.159,False,True,False,1.5109,2.9301,2.9301,7420.643,2026-07-08 11:30:00,2.5109,7487.589,2026-07-08 13:31:00,True,2026-07-08 10:40:00,0.0,2.5109,True,7458.539,2026-07-08 12:21:00,0.1499
ES,2026-07-09,Thursday,ADR,7486.331,7471.736,14.595000000000255,7486.879,7469.048,17.83100000000013,True,LONG,2026-07-08 20:45:00,7486.899,True,True,True,1.3222,0.0,1.3222,7505.629,2026-07-09 01:59:00,0.583,7477.822,2026-07-08 23:19:00,True,2026-07-08 22:21:00,0.583,0.583,True,7484.831,2026-07-08 20:51:00,0.1028
ES,2026-07-09,Thursday,ODR,7510.179,7502.248,7.931000000000495,7511.429,7500.836,10.592999999999847,True,SHORT,2026-07-09 04:35:00,7500.363,True,False,,0.1835,3.0272,3.0272,7478.239,2026-07-09 06:53:00,0.0,7502.099,2026-07-09 08:29:00,True,2026-07-09 04:41:00,0.0,0.0,False,,,
ES,2026-07-09,Thursday,RDR,7517.622,7489.148,28.47400000000016,7520.128,7481.948,38.17999999999938,True,LONG,2026-07-09 11:05:00,7521.645,True,True,True,1.0208,0.0,1.0208,7546.689,2026-07-09 13:47:00,0.0341,7516.651,2026-07-09 11:18:00,True,2026-07-09 12:05:00,0.0341,0.0,True,7517.433,2026-07-09 11:17:00,0.0066
ES,2026-07-10,Friday,ADR,7545.508,7532.514,12.993999999999687,7545.508,7530.751,14.756999999999607,True,SHORT,2026-07-09 20:30:00,7529.739,True,True,True,0.0,0.3295,0.3295,7528.233,2026-07-09 20:48:00,0.7596,7542.384,2026-07-09 23:08:00,False,,0.0,,True,7532.809,2026-07-09 20:56:00,0.0227
ES,2026-07-10,Friday,ODR,7532.628,7524.502,8.125999999999294,7533.258,7523.746,9.511999999999716,True,LONG,2026-07-10 05:10:00,7534.002,True,True,True,1.9605,0.2792,1.9605,7548.559,2026-07-10 08:14:00,0.2005,7530.999,2026-07-10 08:05:00,True,2026-07-10 06:00:00,0.2005,0.2005,True,7530.999,2026-07-10 08:05:00,0.2005
ES,2026-07-10,Friday,RDR,7557.048,7547.119,9.929000000000087,7559.514,7543.699,15.81500000000051,True,SHORT,2026-07-10 10:30:00,7534.551,False,True,False,2.3167,4.035,1.741,7529.833,2026-07-10 10:36:00,3.3167,7580.051,2026-07-10 15:50:00,True,2026-07-10 10:35:00,0.0,3.3167,True,7548.674,2026-07-10 10:44:00,0.1566
ES,2026-07-13,Monday,ADR,7567.004,7548.616,18.38799999999992,7569.634,7547.142,22.49200000000019,True,SHORT,2026-07-12 21:05:00,7545.619,True,True,True,0.0,1.5488,1.5488,7520.136,2026-07-13 01:30:00,0.2683,7553.549,2026-07-12 21:16:00,True,2026-07-12 23:01:00,0.2683,0.0,True,7548.616,2026-07-12 21:11:00,0.0
ES,2026-07-13,Monday,ODR,7544.884,7537.995,6.889000000000124,7545.415,7535.699,9.71600000000035,True,LONG,2026-07-13 04:05:00,7547.375,True,True,False,1.9929,0.0,1.9929,7558.613,2026-07-13 07:06:00,0.5432,7541.142,2026-07-13 08:12:00,True,2026-07-13 04:11:00,0.0,0.5432,True,7541.142,2026-07-13 08:12:00,0.5432
ES,2026-07-13,Monday,RDR,7561.625,7544.545,17.079999999999927,7564.799,7527.884,36.914999999999964,True,SHORT,2026-07-13 12:30:00,7521.942,True,False,,0.0,2.265,2.265,7505.858,2026-07-13 15:38:00,0.0,7532.599,2026-07-13 12:45:00,True,2026-07-13 12:35:00,0.0,0.0,False,,,
ES,2026-07-14,Tuesday,ADR,7510.236,7496.613,13.622999999999593,7511.679,7494.125,17.554000000000087,True,LONG,2026-07-13 20:55:00,7512.884,False,True,True,1.3664,0.6812,1.3664,7528.851,2026-07-14 01:31:00,1.6812,7487.333,2026-07-13 23:17:00,True,2026-07-14 01:09:00,1.6812,0.0,True,7509.339,2026-07-13 21:14:00,0.0658
ES,2026-07-14,Tuesday,ODR,7520.136,7510.851,9.285000000000764,7521.151,7507.642,13.509000000000015,True,SHORT,2026-07-14 04:05:00,7507.631,True,True,False,0.1145,1.2901,1.2901,7498.872,2026-07-14 07:09:00,1.1145,7521.199,2026-07-14 06:38:00,True,2026-07-14 07:01:00,1.1145,0.8293,True,7512.119,2026-07-14 04:13:00,0.1366
ES,2026-07-14,Tuesday,RDR,7539.349,7521.213,18.136000000000422,7543.699,7512.448,31.250999999999294,True,LONG,2026-07-14 10:30:00,7546.548,True,True,True,0.9697,0.0,0.9666,7556.879,2026-07-14 11:09:00,0.7302,7526.106,2026-07-14 12:03:00,True,2026-07-14 10:40:00,0.4584,0.7302,True,7537.856,2026-07-14 10:43:00,0.0823
ES,2026-07-15,Wednesday,ADR,7559.473,7555.241,4.231999999999971,7560.238,7553.615,6.623000000000502,True,SHORT,2026-07-14 20:35:00,7553.371,False,True,False,2.2911,1.6276,1.6276,7548.353,2026-07-14 20:43:00,3.2911,7569.169,2026-07-15 01:00:00,True,2026-07-14 20:41:00,0.0,3.2911,True,7555.741,2026-07-14 20:52:00,0.1181
ES,2026-07-15,Wednesday,ODR,7563.374,7554.368,9.005999999999403,7564.871,7549.289,15.582000000000335,True,LONG,2026-07-15 05:05:00,7565.365,False,True,False,0.3381,0.6946,0.3381,7566.419,2026-07-15 05:11:00,1.6946,7548.112,2026-07-15 08:22:00,False,,0.0,,True,7563.365,2026-07-15 05:28:00,0.001
ES,2026-07-15,Wednesday,RDR,7579.153,7561.112,18.041000000000167,7581.871,7557.109,24.761999999999716,True,SHORT,2026-07-15 10:50:00,7555.702,True,True,False,0.0,1.8852,1.8852,7527.102,2026-07-15 12:41:00,0.7584,7574.794,2026-07-15 14:33:00,True,2026-07-15 11:15:00,0.308,0.7584,True,7562.123,2026-07-15 11:00:00,0.056
ES,2026-07-16,Thursday,ADR,7582.566,7572.186,10.38000000000011,7583.572,7571.575,11.997000000000298,True,SHORT,2026-07-15 20:40:00,7571.334,False,True,False,0.5069,0.5658,0.5658,7566.313,2026-07-15 21:20:00,1.5069,7587.828,2026-07-16 01:30:00,True,2026-07-15 21:18:00,0.3993,1.5069,True,7572.831,2026-07-15 20:47:00,0.0621
ES,2026-07-16,Thursday,ODR,7574.081,7557.584,16.4970000000003,7574.575,7556.063,18.511999999999716,True,SHORT,2026-07-16 04:05:00,7555.328,True,True,True,0.0,1.263,1.263,7536.749,2026-07-16 07:49:00,0.8362,7571.379,2026-07-16 05:16:00,True,2026-07-16 07:49:00,0.8362,0.0,True,7557.822,2026-07-16 04:21:00,0.0144
ES,2026-07-16,Thursday,RDR,7569.249,7535.129,34.11999999999989,7569.685,7531.331,38.35400000000027,True,SHORT,2026-07-16 14:35:00,7528.849,True,False,,0.0594,0.9092,0.9092,7504.106,2026-07-16 15:49:00,0.0,7534.845,2026-07-16 15:59:00,True,2026-07-16 15:25:00,0.0,0.0,False,,,
ES,2026-07-17,Friday,ADR,7520.294,7508.035,12.259000000000015,7521.918,7507.159,14.759000000000015,True,SHORT,2026-07-16 20:35:00,7505.918,True,True,True,0.0,3.8349,3.8349,7461.023,2026-07-17 01:43:00,0.4799,7513.918,2026-07-16 21:02:00,True,2026-07-16 21:26:00,0.4799,0.0,True,7508.089,2026-07-16 20:49:00,0.0044
ES,2026-07-17,Friday,ODR,7474.589,7469.418,5.1710000000002765,7476.719,7467.839,8.88000000000011,True,SHORT,2026-07-17 04:10:00,7465.403,False,True,True,0.9834,3.9062,3.9062,7449.219,2026-07-17 04:42:00,1.9834,7479.674,2026-07-17 07:02:00,True,2026-07-17 04:15:00,0.0,1.9834,True,7469.665,2026-07-17 06:01:00,0.0478
ES,2026-07-17,Friday,RDR,7493.699,7432.903,60.79599999999937,7497.634,7430.909,66.72500000000036,False,,,,,,,0.0783,0.0,,,,,,,False,,,,False,,,
ES,2026-07-20,Monday,ADR,7476.875,7454.299,22.576000000000022,7478.128,7451.998,26.13000000000011,True,SHORT,2026-07-19 21:50:00,7451.179,True,True,False,0.0,0.1522,0.1521,7450.866,2026-07-19 21:56:00,0.9561,7475.884,2026-07-20 00:51:00,False,,0.0,,True,7455.492,2026-07-19 21:57:00,0.0528
ES,2026-07-20,Monday,ODR,7478.001,7458.131,19.86999999999989,7480.131,7457.384,22.7470000000003,True,LONG,2026-07-20 04:10:00,7480.625,True,True,True,1.3522,0.0,1.3522,7504.869,2026-07-20 07:41:00,0.3212,7471.619,2026-07-20 05:07:00,True,2026-07-20 05:52:00,0.3212,0.0321,True,7477.878,2026-07-20 04:20:00,0.0062
ES,2026-07-20,Monday,RDR,7510.875,7473.369,37.50600000000031,7512.631,7467.363,45.26800000000003,True,SHORT,2026-07-20 10:55:00,7466.463,True,True,True,0.0,0.896,0.896,7439.763,2026-07-20 15:15:00,0.5859,7495.344,2026-07-20 12:12:00,True,2026-07-20 14:43:00,0.5859,0.0,True,7473.888,2026-07-20 11:03:00,0.0138
ES,2026-07-21,Tuesday,ADR,7451.679,7438.616,13.063000000000102,7452.628,7435.613,17.014999999999418,True,LONG,2026-07-20 20:30:00,7453.736,True,True,True,2.532,0.0,2.532,7484.754,2026-07-21 01:51:00,0.0991,7450.384,2026-07-20 22:19:00,True,2026-07-20 21:06:00,0.0991,0.0991,True,7451.634,2026-07-20 20:36:00,0.0034
ES,2026-07-21,Tuesday,ODR,7487.429,7476.863,10.565999999999804,7489.631,7475.622,14.009000000000015,True,SHORT,2026-07-21 08:15:00,7474.631,True,False,,0.2902,0.4248,0.4245,7472.378,2026-07-21 08:28:00,0.0,7476.134,2026-07-21 08:24:00,False,,0.0,,False,,,
ES,2026-07-21,Tuesday,RDR,7493.693,7469.498,24.19500000000062,7494.931,7466.369,28.561999999999898,True,LONG,2026-07-21 11:10:00,7497.183,True,False,,0.9011,0.0,0.9011,7515.494,2026-07-21 12:55:00,0.0,7496.426,2026-07-21 11:16:00,True,2026-07-21 12:04:00,0.0,0.0,False,,,
ES,2026-07-22,Wednesday,ADR,7509.986,7503.619,6.367000000000189,7510.179,7502.872,7.306999999999789,True,SHORT,2026-07-21 20:50:00,7502.363,True,True,True,0.0,1.3157,1.3157,7495.242,2026-07-22 01:46:00,0.6699,7507.884,2026-07-21 23:27:00,True,2026-07-21 21:01:00,0.6699,0.6699,True,7504.122,2026-07-21 20:56:00,0.079
ES,2026-07-22,Wednesday,ODR,7488.429,7477.049,11.38000000000011,7489.878,7475.366,14.511999999999716,True,LONG,2026-07-22 05:00:00,7491.881,False,True,False,0.6768,0.1921,0.6768,7496.131,2026-07-22 06:22:00,1.1921,7474.863,2026-07-22 07:43:00,True,2026-07-22 05:07:00,0.4224,1.1921,True,7488.134,2026-07-22 05:32:00,0.0259
ES,2026-07-22,Wednesday,RDR,7515.375,7490.884,24.490999999999985,7519.429,7488.634,30.795000000000073,True,LONG,2026-07-22 11:25:00,7519.639,True,True,False,0.4207,0.0,0.4207,7525.679,2026-07-22 12:19:00,0.7239,7497.646,2026-07-22 15:59:00,False,,0.1057,,True,7514.869,2026-07-22 11:34:00,0.0207
ES,2026-07-23,Thursday,ADR,7503.483,7481.754,21.72900000000027,7507.125,7481.742,25.38299999999981,True,LONG,2026-07-22 20:50:00,7510.381,True,True,False,0.3864,0.0,0.3864,7511.878,2026-07-22 21:04:00,0.9375,7483.113,2026-07-22 23:25:00,False,,0.0,,True,7502.884,2026-07-22 21:31:00,0.0276
ES,2026-07-23,Thursday,ODR,7481.992,7459.625,22.36700000000019,7482.929,7457.625,25.304000000000087,True,LONG,2026-07-23 05:00:00,7485.498,False,True,False,0.263,0.8599,0.1852,7486.134,2026-07-23 06:41:00,1.8599,7440.392,2026-07-23 08:28:00,False,,0.5087,,True,7481.872,2026-07-23 05:07:00,0.0054
ES,2026-07-23,Thursday,RDR,7441.233,7415.739,25.494000000000597,7448.619,7407.375,41.24399999999969,True,SHORT,2026-07-23 10:50:00,7405.119,True,True,True,0.0,1.581,1.581,7375.434,2026-07-23 11:31:00,0.2186,7421.311,2026-07-23 12:39:00,True,2026-07-23 11:01:00,0.0,0.2186,True,7416.849,2026-07-23 12:22:00,0.0435
ES,2026-07-24,Friday,ADR,7416.425,7409.684,6.7409999999999854,7418.931,7407.169,11.761999999999716,True,LONG,2026-07-23 21:00:00,7419.416,False,True,False,0.9285,1.5974,0.9285,7422.684,2026-07-23 21:44:00,2.5974,7398.916,2026-07-24 00:04:00,True,2026-07-23 21:05:00,0.2609,2.5974,True,7416.229,2026-07-23 21:12:00,0.0291
ES,2026-07-24,Friday,ODR,7425.681,7406.036,19.644999999999527,7426.729,7405.542,21.186999999999898,True,LONG,2026-07-24 05:05:00,7428.163,True,True,True,0.3433,0.0,0.3433,7432.425,2026-07-24 07:59:00,0.4522,7416.798,2026-07-24 07:56:00,False,,0.4522,,True,7423.292,2026-07-24 05:12:00,0.1216
ES,2026-07-24,Friday,RDR,7420.659,7397.806,22.853000000000065,7422.928,7396.478,26.449999999999818,True,LONG,2026-07-24 10:55:00,7429.099,False,True,False,1.7516,0.0666,1.7516,7460.689,2026-07-24 12:11:00,1.0666,7396.283,2026-07-24 15:24:00,True,2026-07-24 11:01:00,0.0674,1.0666,True,7419.864,2026-07-24 11:09:00,0.0348
ES,2026-07-27,Monday,ADR,7475.784,7463.154,12.6299999999992,7476.784,7461.034,15.75,True,SHORT,2026-07-26 20:40:00,7459.263,False,True,False,0.3203,0.9007,0.9007,7451.778,2026-07-26 21:21:00,1.3203,7479.829,2026-07-27 01:58:00,True,2026-07-26 21:04:00,0.0697,1.3203,True,7463.449,2026-07-26 20:51:00,0.0234
ES,2026-07-27,Monday,ODR,7481.513,7470.269,11.243999999999687,7481.895,7470.269,11.626000000000204,True,LONG,2026-07-27 04:40:00,7483.654,False,True,False,0.6906,0.1104,0.6906,7489.278,2026-07-27 05:48:00,1.1104,7469.028,2026-07-27 08:14:00,True,2026-07-27 05:46:00,0.0445,1.1104,True,7481.263,2026-07-27 05:00:00,0.0222
ES,2026-07-27,Monday,RDR,7473.019,7406.675,66.34400000000005,7478.534,7405.818,72.71599999999944,True,SHORT,2026-07-27 10:30:00,7403.013,True,True,False,0.0,0.3725,0.3725,7381.959,2026-07-27 13:18:00,0.3005,7426.614,2026-07-27 11:06:00,False,,0.3005,,True,7409.585,2026-07-27 10:50:00,0.0439
ES,2026-07-28,Tuesday,ADR,7416.049,7404.245,11.804000000000087,7417.619,7402.119,15.5,True,SHORT,2026-07-27 21:00:00,7400.134,True,True,True,0.0,1.6627,1.6627,7384.619,2026-07-28 01:35:00,0.4351,7409.381,2026-07-27 21:46:00,True,2026-07-27 21:06:00,0.4351,0.4351,True,7406.878,2026-07-27 21:28:00,0.2231
ES,2026-07-28,Tuesday,ODR,7402.429,7395.736,6.693000000000211,7404.381,7394.745,9.636000000000422,True,SHORT,2026-07-28 04:10:00,7392.119,False,True,False,3.2123,0.6719,0.6529,7391.366,2026-07-28 04:15:00,4.2123,7423.929,2026-07-28 08:27:00,True,2026-07-28 04:15:00,0.3178,4.2123,True,7397.863,2026-07-28 04:15:00,0.3178
ES,2026-07-28,Tuesday,RDR,7415.628,7387.144,28.48399999999947,7418.113,7382.543,35.57000000000062,True,LONG,2026-07-28 11:15:00,7428.893,True,False,,1.2642,0.0,1.2642,7451.638,2026-07-28 13:01:00,0.0,7427.632,2026-07-28 14:28:00,True,2026-07-28 11:20:00,0.0,0.0,False,,,
ES,2026-07-30,Thursday,ODR,7346.375,7328.863,17.511999999999716,7351.363,7323.372,27.990999999999985,True,LONG,2026-07-30 05:20:00,7352.869,True,True,True,1.5734,0.4493,1.5734,7373.929,2026-07-30 08:14:00,0.3218,7340.739,2026-07-30 06:00:00,True,2026-07-30 05:34:00,0.3218,0.3218,True,7343.363,2026-07-30 05:59:00,0.172
ES,2026-07-30,Thursday,RDR,7410.836,7370.148,40.6880000000001,7417.542,7369.139,48.40300000000025,True,LONG,2026-07-30 13:00:00,7423.679,True,False,,0.9175,0.0,0.9175,7448.169,2026-07-30 15:18:00,0.0,7415.824,2026-07-30 13:38:00,True,2026-07-30 14:59:00,0.0,0.0,False,,,
ES,2026-07-31,Friday,ADR,7467.661,7453.513,14.148000000000138,7468.709,7452.643,16.065999999999804,True,LONG,2026-07-30 21:00:00,7469.905,True,True,True,0.9712,0.0,0.9712,7481.402,2026-07-31 01:40:00,0.5842,7459.396,2026-07-30 23:14:00,True,2026-07-30 21:18:00,0.5842,0.5842,True,7467.396,2026-07-30 21:40:00,0.0187
ES,2026-07-31,Friday,ODR,7477.646,7466.775,10.871000000000095,7479.893,7463.893,16.0,True,LONG,2026-07-31 04:10:00,7481.149,False,True,False,0.9905,0.9304,0.9905,7488.414,2026-07-31 05:12:00,1.9304,7456.661,2026-07-31 08:23:00,True,2026-07-31 04:19:00,0.0,1.9304,True,7477.393,2026-07-31 05:36:00,0.0233
ES,2026-07-31,Friday,RDR,7483.411,7406.402,77.00900000000001,7485.902,7398.405,87.4970000000003,True,LONG,2026-07-31 13:25:00,7486.458,True,True,True,0.3751,0.0,0.3751,7512.299,2026-07-31 15:54:00,0.1048,7475.339,2026-07-31 13:50:00,False,,0.1048,,True,7481.188,2026-07-31 13:39:00,0.0289
ES,2026-08-03,Monday,ADR,7525.736,7518.856,6.880000000000109,7528.492,7517.236,11.256000000000313,True,LONG,2026-08-02 21:40:00,7528.751,True,False,,1.8715,0.0892,1.8715,7538.612,2026-08-03 00:49:00,0.0,7527.986,2026-08-02 21:45:00,True,2026-08-02 21:46:00,0.0,0.0,False,,,
ES,2026-08-03,Monday,ODR,7532.004,7525.739,6.265000000000327,7533.624,7524.736,8.88799999999992,True,SHORT,2026-08-03 04:00:00,7523.733,False,True,False,1.1966,1.0351,1.0351,7519.254,2026-08-03 04:27:00,2.1966,7539.501,2026-08-03 07:31:00,True,2026-08-03 04:08:00,0.2605,2.1966,True,7525.754,2026-08-03 04:06:00,0.0024
ES,2026-08-03,Monday,RDR,7570.838,7517.736,53.10199999999986,7572.325,7514.859,57.46599999999944,True,LONG,2026-08-03 10:35:00,7572.363,True,False,,0.7405,0.0,0.7405,7610.159,2026-08-03 15:02:00,0.0,7571.395,2026-08-03 10:45:00,True,2026-08-03 13:34:00,0.0,0.0,False,,,
ES,2026-08-04,Tuesday,ADR,7609.401,7604.269,5.131999999999607,7610.534,7603.784,6.75,True,SHORT,2026-08-03 20:30:00,7603.766,False,True,False,2.5308,0.317,0.317,7602.642,2026-08-03 21:04:00,3.5308,7622.389,2026-08-04 01:38:00,False,,0.9373,,True,7604.784,2026-08-03 20:37:00,0.1004
ES,2026-08-04,Tuesday,ODR,7619.766,7615.284,4.481999999999971,7621.281,7614.645,6.6359999999995125,True,SHORT,2026-08-04 04:30:00,7612.519,False,True,False,2.4683,2.2916,2.2916,7605.013,2026-08-04 05:18:00,3.4683,7630.829,2026-08-04 07:52:00,True,2026-08-04 04:35:00,0.0,3.4683,True,7617.895,2026-08-04 06:44:00,0.5826
ES,2026-08-04,Tuesday,RDR,7677.286,7630.516,46.77000000000044,7678.649,7629.534,49.11500000000069,True,LONG,2026-08-04 10:40:00,7681.968,True,False,,1.7362,0.0,1.7362,7758.489,2026-08-04 15:46:00,0.0,7680.209,2026-08-04 10:45:00,True,2026-08-04 11:24:00,0.0,0.0,False,,,
ES,2026-08-05,Wednesday,ADR,7756.928,7750.033,6.894999999999527,7757.181,7749.545,7.6359999999995125,True,LONG,2026-08-04 20:30:00,7757.684,True,True,True,2.3568,0.0,2.3568,7773.178,2026-08-05 01:55:00,0.7999,7751.413,2026-08-04 21:27:00,True,2026-08-04 22:01:00,0.7999,0.0564,True,7756.913,2026-08-04 20:36:00,0.0022
ES,2026-08-05,Wednesday,ODR,7771.479,7762.663,8.816000000000713,7772.979,7761.434,11.545000000000073,True,SHORT,2026-08-05 04:15:00,7760.666,False,True,False,0.8456,0.9998,0.9998,7753.849,2026-08-05 04:45:00,1.8456,7778.934,2026-08-05 08:27:00,True,2026-08-05 04:21:00,0.0,1.8456,True,7763.178,2026-08-05 05:30:00,0.0584
ES,2026-08-05,Wednesday,RDR,7792.198,7772.878,19.32000000000062,7793.542,7768.792,24.75,True,SHORT,2026-08-05 10:35:00,7763.202,True,False,,0.0,2.8223,2.8223,7718.352,2026-08-05 15:59:00,0.0,7772.431,2026-08-05 10:50:00,True,2026-08-05 10:40:00,0.0,0.0,False,,,
ES,2026-08-06,Thursday,ADR,7739.245,7731.634,7.610999999999876,7740.375,7730.429,9.945999999999913,True,SHORT,2026-08-05 21:00:00,7728.366,False,True,False,0.2799,1.3325,1.3325,7721.492,2026-08-05 21:28:00,1.2799,7741.375,2026-08-05 22:45:00,True,2026-08-05 21:05:00,0.0,1.2799,True,7731.872,2026-08-05 22:04:00,0.0313
ES,2026-08-06,Thursday,ODR,7737.233,7729.179,8.054000000000087,7737.884,7728.134,9.75,True,SHORT,2026-08-06 04:00:00,7726.004,False,True,False,0.4526,0.674,0.6578,7723.881,2026-08-06 07:07:00,1.4526,7740.878,2026-08-06 05:58:00,True,2026-08-06 04:11:00,1.4526,1.4526,True,7730.363,2026-08-06 04:06:00,0.147
ES,2026-08-06,Thursday,RDR,7741.363,7720.384,20.97900000000027,7742.299,7713.872,28.42699999999968,True,SHORT,2026-08-06 11:15:00,7713.068,True,True,True,0.0,1.0575,1.0575,7698.199,2026-08-06 12:16:00,0.0461,7721.352,2026-08-06 11:50:00,True,2026-08-06 11:23:00,0.0461,0.0461,True,7721.352,2026-08-06 11:50:00,0.0461
ES,2026-08-07,Friday,ADR,7716.514,7705.128,11.386000000000422,7717.559,7704.243,13.315999999999804,True,SHORT,2026-08-06 22:35:00,7702.749,True,True,False,0.0,0.4055,0.4055,7700.511,2026-08-07 00:17:00,0.5931,7711.881,2026-08-07 01:09:00,False,,0.3625,,True,7705.255,2026-08-06 22:43:00,0.0112
ES,2026-08-07,Friday,ODR,7717.496,7711.008,6.488000000000284,7718.269,7711.008,7.261000000000422,True,LONG,2026-08-07 04:05:00,7720.493,True,True,True,2.524,0.0,2.524,7733.872,2026-08-07 08:29:00,0.0775,7716.993,2026-08-07 04:20:00,True,2026-08-07 04:10:00,0.0775,0.0775,True,7716.993,2026-08-07 04:20:00,0.0775
ES,2026-08-07,Friday,RDR,7754.493,7720.758,33.73500000000058,7755.559,7718.746,36.8130000000001,True,LONG,2026-08-07 11:20:00,7758.934,True,True,False,0.245,0.0,0.245,7762.758,2026-08-07 11:33:00,0.658,7732.295,2026-08-07 14:44:00,False,,0.0,,True,7753.706,2026-08-07 11:41:00,0.0233
ES,2026-08-10,Monday,ADR,7752.679,7742.992,9.686999999999898,7754.125,7741.616,12.509000000000015,True,LONG,2026-08-09 21:15:00,7754.619,True,True,True,1.5227,0.0,1.5227,7767.429,2026-08-10 01:56:00,0.0314,7752.375,2026-08-09 21:31:00,True,2026-08-09 21:51:00,0.0314,0.0,True,7752.375,2026-08-09 21:31:00,0.0314
ES,2026-08-10,Monday,ODR,7770.384,7761.619,8.765000000000327,7772.366,7759.881,12.484999999999673,True,SHORT,2026-08-10 07:00:00,7757.125,True,True,True,0.0,0.9976,0.9976,7752.875,2026-08-10 08:24:00,0.2065,7763.429,2026-08-10 07:32:00,True,2026-08-10 07:05:00,0.2065,0.2065,True,7762.134,2026-08-10 07:29:00,0.0588
ES,2026-08-10,Monday,RDR,7766.384,7748.239,18.145000000000437,7767.429,7747.613,19.815999999999804,True,LONG,2026-08-10 10:40:00,7768.625,False,True,False,0.372,0.3729,0.372,7773.134,2026-08-10 10:48:00,1.3729,7741.472,2026-08-10 12:32:00,False,,0.0,,True,7765.869,2026-08-10 10:52:00,0.0284
ES,2026-08-11,Tuesday,ADR,7754.429,7745.628,8.801000000000386,7754.679,7743.179,11.5,True,LONG,2026-08-10 20:40:00,7756.128,True,True,True,1.3203,0.0,1.3203,7766.049,2026-08-11 00:31:00,0.0072,7754.366,2026-08-10 21:02:00,True,2026-08-10 21:11:00,0.0072,0.0,True,7754.366,2026-08-10 21:02:00,0.0072
ES,2026-08-11,Tuesday,ODR,7752.929,7748.242,4.686999999999898,7754.128,7747.122,7.005999999999403,True,LONG,2026-08-11 05:30:00,7754.372,True,True,True,4.1502,0.3868,4.1502,7772.381,2026-08-11 07:04:00,0.2274,7751.863,2026-08-11 06:15:00,True,2026-08-11 05:35:00,0.2274,0.2274,True,7752.363,2026-08-11 06:05:00,0.1208
ES,2026-08-11,Tuesday,RDR,7768.254,7750.866,17.38799999999992,7768.869,7748.366,20.5029999999997,True,SHORT,2026-08-11 11:15:00,7747.062,True,True,True,0.0,1.9751,1.9751,7716.523,2026-08-11 14:29:00,0.0131,7751.094,2026-08-11 11:22:00,True,2026-08-11 11:34:00,0.0131,0.0,True,7751.094,2026-08-11 11:22:00,0.0131
ES,2026-08-12,Wednesday,ADR,7733.901,7728.524,5.376999999999498,7734.265,7727.398,6.867000000000189,True,LONG,2026-08-11 23:10:00,7734.642,True,True,True,0.4739,0.2587,0.4739,7736.449,2026-08-12 00:50:00,0.4666,7731.392,2026-08-12 01:23:00,False,,0.2823,,True,7733.886,2026-08-11 23:15:00,0.0028
ES,2026-08-12,Wednesday,ODR,7739.145,7736.524,2.6210000000000946,7739.949,7735.642,4.306999999999789,True,LONG,2026-08-12 04:10:00,7740.136,True,True,True,7.8497,0.0,7.8497,7759.719,2026-08-12 08:29:00,0.9332,7736.699,2026-08-12 04:34:00,True,2026-08-12 04:19:00,0.9332,0.9332,True,7739.133,2026-08-12 04:30:00,0.0046
ES,2026-08-12,Wednesday,RDR,7770.265,7742.386,27.878999999999905,7772.404,7742.012,30.392000000000735,True,SHORT,2026-08-12 11:00:00,7740.704,True,True,False,0.0,0.2015,0.1573,7738.002,2026-08-12 11:41:00,0.5862,7758.729,2026-08-12 14:52:00,False,,0.1666,,True,7744.168,2026-08-12 11:06:00,0.0639
ES,2026-08-13,Thursday,ADR,7750.919,7746.175,4.743999999999687,7751.934,7745.934,6.0,True,SHORT,2026-08-12 21:10:00,7744.672,False,True,False,1.699,0.6305,0.6305,7743.184,2026-08-12 21:29:00,2.699,7758.979,2026-08-13 01:31:00,True,2026-08-12 21:15:00,0.0,2.699,True,7746.229,2026-08-12 21:33:00,0.0114
ES,2026-08-13,Thursday,ODR,7758.181,7752.922,5.2590000000000146,7758.413,7752.416,5.996999999999389,True,LONG,2026-08-13 04:20:00,7759.416,True,True,True,1.7589,0.0,1.7589,7767.431,2026-08-13 07:46:00,0.335,7756.419,2026-08-13 05:15:00,True,2026-08-13 04:51:00,0.335,0.335,True,7758.178,2026-08-13 05:05:00,0.0006
ES,2026-08-13,Thursday,RDR,7814.655,7771.479,43.175999999999476,7815.252,7763.919,51.33300000000054,False,,,,,,,0.0458,0.0,,,,,,,False,,,,False,,,
ES,2026-08-14,Friday,ADR,7806.979,7802.991,3.9880000000002838,7807.539,7802.973,4.5659999999998035,True,SHORT,2026-08-13 20:40:00,7802.485,True,True,False,0.0,1.0053,1.0053,7798.982,2026-08-13 21:14:00,0.8897,7806.539,2026-08-13 23:24:00,True,2026-08-13 21:02:00,0.1224,0.8897,True,7802.994,2026-08-13 20:45:00,0.0008
ES,2026-08-14,Friday,ODR,7803.352,7799.099,4.252999999999702,7803.539,7798.973,4.5659999999998035,True,LONG,2026-08-14 04:05:00,7803.738,True,True,True,1.396,0.0,1.396,7809.289,2026-08-14 07:51:00,0.6762,7800.476,2026-08-14 08:13:00,True,2026-08-14 04:30:00,0.4129,0.6762,True,7802.858,2026-08-14 04:10:00,0.1162
ES,2026-08-14,Friday,RDR,7807.096,7795.485,11.610999999999876,7809.476,7792.723,16.7529999999997,True,SHORT,2026-08-14 10:30:00,7789.988,True,True,True,0.0,1.6912,1.6912,7775.849,2026-08-14 13:37:00,0.0262,7795.789,2026-08-14 10:39:00,True,2026-08-14 10:35:00,0.0262,0.0262,True,7795.789,2026-08-14 10:39:00,0.0262
ES,2026-08-17,Monday,ADR,7791.794,7787.909,3.8850000000002183,7792.924,7787.421,5.502999999999702,True,SHORT,2026-08-16 20:35:00,7787.415,False,True,False,1.2033,0.6412,0.6412,7785.418,2026-08-16 22:06:00,2.2033,7796.469,2026-08-17 01:56:00,True,2026-08-16 22:03:00,1.1737,2.2033,True,7787.918,2026-08-16 20:41:00,0.0023
ES,2026-08-17,Monday,ODR,7799.171,7793.156,6.015000000000327,7800.424,7792.339,8.085000000000036,True,LONG,2026-08-17 06:25:00,7803.156,False,True,False,0.7451,1.3716,0.7071,7803.424,2026-08-17 06:30:00,2.3716,7784.906,2026-08-17 08:26:00,True,2026-08-17 06:30:00,0.4602,2.3716,True,7796.403,2026-08-17 06:30:00,0.4602
ES,2026-08-17,Monday,RDR,7783.041,7773.218,9.82300000000032,7788.415,7770.704,17.71100000000024,True,SHORT,2026-08-17 10:50:00,7769.909,True,True,True,0.0,2.8316,2.8316,7745.403,2026-08-17 15:56:00,0.6058,7779.169,2026-08-17 11:21:00,True,2026-08-17 11:41:00,0.6058,0.3534,True,7774.546,2026-08-17 11:01:00,0.1352
ES,2026-08-19,Wednesday,ODR,7697.704,7690.204,7.5,7698.198,7688.686,9.512000000000626,True,LONG,2026-08-19 04:00:00,7698.948,True,True,False,0.4667,0.1695,0.4667,7701.204,2026-08-19 04:23:00,1.1695,7688.933,2026-08-19 06:21:00,False,,0.0691,,True,7697.683,2026-08-19 04:15:00,0.0028
ES,2026-08-19,Wednesday,RDR,7722.698,7704.451,18.2470000000003,7725.442,7700.189,25.2529999999997,True,LONG,2026-08-19 10:35:00,7730.643,True,True,False,1.1904,0.1558,1.1904,7744.419,2026-08-19 11:01:00,1.1558,7701.609,2026-08-19 15:55:00,True,2026-08-19 10:40:00,0.0,1.1558,True,7721.186,2026-08-19 11:40:00,0.0829
ES,2026-08-20,Thursday,ADR,7722.425,7714.801,7.623999999999796,7723.229,7713.666,9.563000000000102,False,,,,,,,0.171,0.1493,,,,,,,False,,,,False,,,
ES,2026-08-20,Thursday,ODR,7721.672,7709.729,11.942999999999302,7721.672,7709.413,12.259000000000015,True,SHORT,2026-08-20 04:00:00,7707.979,True,True,True,0.0,3.7944,3.7944,7664.413,2026-08-20 08:13:00,0.2676,7712.925,2026-08-20 07:00:00,True,2026-08-20 04:23:00,0.2676,0.2676,True,7710.181,2026-08-20 04:06:00,0.0378
ES,2026-08-20,Thursday,RDR,7691.919,7672.039,19.88000000000011,7695.792,7671.413,24.379000000000815,True,SHORT,2026-08-20 13:15:00,7667.185,True,False,,0.1791,1.6694,1.6694,7638.852,2026-08-20 15:59:00,0.0,7670.909,2026-08-20 13:24:00,True,2026-08-20 13:37:00,0.0,0.0,False,,,
ES,2026-08-24,Monday,ADR,7686.078,7673.081,12.997000000000298,7687.379,7669.084,18.295000000000073,True,SHORT,2026-08-23 23:40:00,7669.081,True,False,,0.0373,1.0872,1.0872,7658.951,2026-08-24 01:56:00,0.0,7671.129,2026-08-23 23:50:00,True,2026-08-23 23:54:00,0.0,0.0,False,,,
ES,2026-08-24,Monday,ODR,7662.325,7654.825,7.5,7663.334,7654.563,8.77099999999973,True,SHORT,2026-08-24 04:00:00,7654.325,False,True,False,1.0493,0.8523,0.8523,7648.433,2026-08-24 07:07:00,2.0493,7670.195,2026-08-24 07:38:00,True,2026-08-24 07:01:00,1.8004,2.0493,True,7656.879,2026-08-24 04:05:00,0.2739
ES,2026-08-24,Monday,RDR,7665.451,7639.813,25.63799999999992,7665.954,7639.075,26.878999999999905,True,LONG,2026-08-24 12:00:00,7667.428,True,True,False,0.1858,0.0,0.1858,7670.215,2026-08-24 12:22:00,0.6628,7648.459,2026-08-24 13:45:00,False,,0.1238,,True,7664.946,2026-08-24 12:05:00,0.0197
ES,2026-08-26,Wednesday,ODR,7674.479,7668.413,6.066000000000713,7674.979,7666.663,8.316000000000713,True,LONG,2026-08-26 04:35:00,7675.422,True,True,True,1.288,0.0814,1.288,7682.292,2026-08-26 08:29:00,1.0814,7667.919,2026-08-26 06:30:00,True,2026-08-26 07:17:00,1.0814,0.9161,True,7673.925,2026-08-26 04:54:00,0.0913
ES,2026-08-26,Wednesday,RDR,7687.425,7664.479,22.945999999999913,7687.928,7664.479,23.448999999999614,True,SHORT,2026-08-26 12:35:00,7659.112,False,True,False,0.155,0.3302,0.3302,7656.903,2026-08-26 12:43:00,1.155,7690.982,2026-08-26 15:04:00,False,,0.0,,True,7665.184,2026-08-26 12:57:00,0.0307
ES,2026-08-27,Thursday,ADR,7724.992,7716.489,8.503000000000611,7725.501,7715.489,10.012000000000626,True,SHORT,2026-08-26 20:30:00,7714.625,True,True,True,0.0,2.3659,2.3659,7696.372,2026-08-27 01:44:00,0.0517,7716.929,2026-08-26 23:30:00,True,2026-08-26 20:37:00,0.0517,0.0517,True,7716.878,2026-08-26 23:24:00,0.0457
ES,2026-08-27,Thursday,ODR,7707.634,7703.049,4.585000000000036,7708.372,7699.875,8.497000000000298,True,LONG,2026-08-27 04:00:00,7712.179,False,True,True,2.8872,0.4079,2.8872,7720.872,2026-08-27 04:29:00,1.4079,7701.179,2026-08-27 07:50:00,True,2026-08-27 04:05:00,0.0,1.4079,True,7707.384,2026-08-27 05:05:00,0.0545
ES,2026-08-27,Thursday,RDR,7714.875,7692.131,22.743999999999687,7716.628,7689.134,27.493999999999687,True,LONG,2026-08-27 10:45:00,7720.119,True,True,True,1.161,0.0,1.161,7741.281,2026-08-27 13:10:00,0.2266,7709.722,2026-08-27 14:55:00,True,2026-08-27 11:15:00,0.1551,0.2266,True,7713.595,2026-08-27 11:44:00,0.0563
ES,2026-08-28,Friday,ADR,7724.926,7716.682,8.244000000000597,7724.989,7716.423,8.565999999999804,True,LONG,2026-08-27 20:40:00,7725.426,True,True,False,1.3971,0.0,1.3971,7736.444,2026-08-27 22:20:00,0.5155,7720.676,2026-08-28 01:59:00,True,2026-08-27 21:12:00,0.061,0.5155,True,7724.423,2026-08-27 20:45:00,0.061
ES,2026-08-28,Friday,ODR,7732.561,7728.194,4.36699999999928,7733.739,7727.676,6.062999999999192,True,SHORT,2026-08-28 04:05:00,7726.944,False,True,False,1.6858,0.6345,0.6345,7725.423,2026-08-28 06:49:00,2.6858,7739.923,2026-08-28 08:24:00,True,2026-08-28 04:11:00,1.3733,2.6858,True,7728.805,2026-08-28 04:12:00,0.1399
ES,2026-08-28,Friday,RDR,7743.932,7720.554,23.3779999999997,7748.826,7715.589,33.23700000000008,True,LONG,2026-08-28 10:40:00,7751.639,False,True,False,1.1578,0.8558,1.1578,7770.999,2026-08-28 11:01:00,1.8558,7700.548,2026-08-28 14:53:00,True,2026-08-28 10:48:00,0.0,1.8558,True,7742.418,2026-08-28 11:47:00,0.0648
ES,2026-08-31,Monday,ADR,7690.239,7675.489,14.75,7690.429,7673.128,17.301000000000386,True,LONG,2026-08-30 20:30:00,7691.375,False,True,True,0.6112,0.1824,0.6112,7699.254,2026-08-31 01:19:00,1.1824,7672.799,2026-08-30 22:35:00,True,2026-08-31 01:18:00,1.1824,0.0761,True,7690.113,2026-08-30 20:36:00,0.0085
ES,2026-08-31,Monday,ODR,7699.616,7697.619,1.9970000000002983,7699.679,7696.113,3.5659999999998035,True,LONG,2026-08-31 04:05:00,7703.866,False,True,False,2.5098,7.0771,2.5098,7704.628,2026-08-31 05:16:00,8.0771,7683.486,2026-08-31 08:25:00,True,2026-08-31 04:10:00,0.8448,8.0771,True,7699.369,2026-08-31 04:13:00,0.1237
ES,2026-08-31,Monday,RDR,7690.113,7666.119,23.994000000000597,7692.884,7664.113,28.77099999999973,False,,,,,,,0.2947,0.052,,,,,,,False,,,,False,,,
ES,2026-09-01,Tuesday,ADR,7696.634,7691.616,5.018000000000029,7697.429,7689.622,7.806999999999789,True,SHORT,2026-08-31 21:25:00,7688.628,True,True,False,0.0,2.4904,2.4904,7679.119,2026-09-01 01:24:00,0.7748,7695.504,2026-09-01 01:57:00,True,2026-08-31 21:30:00,0.5845,0.7748,True,7691.619,2026-08-31 21:34:00,0.0006
ES,2026-09-01,Tuesday,ODR,7694.151,7679.634,14.516999999999825,7694.631,7676.613,18.01800000000003,True,SHORT,2026-09-01 04:05:00,7664.384,True,False,,0.0,2.8761,2.8761,7637.881,2026-09-01 08:11:00,0.0,7668.625,2026-09-01 04:15:00,True,2026-09-01 04:10:00,0.0,0.0,False,,,
ES,2026-09-01,Tuesday,RDR,7653.863,7633.828,20.034999999999854,7656.261,7627.881,28.38000000000011,True,LONG,2026-09-01 10:30:00,7660.829,False,True,False,0.4802,1.1441,0.4802,7663.484,2026-09-01 11:53:00,2.1441,7610.905,2026-09-01 14:46:00,False,,0.5512,,True,7653.726,2026-09-01 10:50:00,0.0068
GC,2026-01-02,Friday,ADR,4353.715,4345.975,7.739999999999782,4355.575,4344.295,11.279999999999745,True,LONG,2026-01-01 21:50:00,4358.905,True,False,,3.5891,0.1602,3.5891,4381.495,2026-01-02 00:54:00,0.0,4357.698,2026-01-01 21:55:00,True,2026-01-01 21:55:00,0.0,0.0,False,,,
GC,2026-01-02,Friday,ODR,4394.535,4382.545,11.989999999999782,4397.315,4380.555,16.75999999999931,True,LONG,2026-01-02 06:20:00,4397.798,False,True,False,0.6166,0.8082,0.6166,4401.928,2026-01-02 08:16:00,1.8082,4372.855,2026-01-02 08:29:00,True,2026-01-02 08:14:00,0.8198,1.8082,True,4393.845,2026-01-02 06:29:00,0.0575
GC,2026-01-02,Friday,RDR,4368.175,4334.115,34.0600000000004,4370.025,4330.065,39.960000000000036,True,SHORT,2026-01-02 11:00:00,4327.295,True,False,,0.0,0.7192,0.7192,4309.618,2026-01-02 13:44:00,0.0,4333.215,2026-01-02 12:05:00,True,2026-01-02 11:18:00,0.0,0.0,False,,,
GC,2026-01-05,Monday,ADR,4416.735,4386.548,30.186999999999898,4421.195,4384.648,36.54699999999957,True,LONG,2026-01-05 01:25:00,4423.655,True,True,True,0.3101,0.0,0.3101,4426.095,2026-01-05 01:30:00,0.0255,4415.965,2026-01-05 01:35:00,False,,0.0,,True,4415.965,2026-01-05 01:35:00,0.0255
GC,2026-01-05,Monday,ODR,4431.915,4420.275,11.640000000000327,4433.675,4419.025,14.650000000000546,True,LONG,2026-01-05 04:40:00,4437.309,False,True,False,0.6667,2.0498,0.6667,4439.675,2026-01-05 05:54:00,3.0498,4396.415,2026-01-05 08:29:00,True,2026-01-05 04:45:00,0.1211,3.0498,True,4431.198,2026-01-05 05:02:00,0.0616
GC,2026-01-05,Monday,RDR,4454.005,4420.905,33.100000000000364,4455.425,4417.598,37.827000000000226,False,,,,,,,0.0036,0.0,,,,,,,False,,,,False,,,
GC,2026-01-06,Tuesday,ADR,4441.735,4433.925,7.809999999999491,4444.548,4427.725,16.82299999999941,True,LONG,2026-01-05 20:50:00,4447.485,True,False,,4.1204,0.1805,4.1204,4473.915,2026-01-06 00:31:00,0.0,4447.005,2026-01-05 20:55:00,True,2026-01-05 20:55:00,0.0,0.0,False,,,
GC,2026-01-06,Tuesday,ODR,4470.648,4459.105,11.543000000000575,4475.485,4456.975,18.50999999999931,True,SHORT,2026-01-06 04:15:00,4453.849,True,True,True,0.0,1.4736,1.4736,4442.095,2026-01-06 05:03:00,0.959,4470.175,2026-01-06 08:17:00,True,2026-01-06 04:20:00,0.0,0.959,True,4459.409,2026-01-06 06:33:00,0.0263
GC,2026-01-06,Tuesday,RDR,4487.648,4466.485,21.163000000000466,4490.615,4464.885,25.729999999999563,True,LONG,2026-01-06 13:10:00,4490.875,True,True,True,0.4182,0.1668,0.4182,4496.498,2026-01-06 15:58:00,0.4939,4477.195,2026-01-06 14:17:00,False,,0.4939,,True,4487.148,2026-01-06 13:24:00,0.0236
GC,2026-01-07,Wednesday,ADR,4493.445,4470.735,22.710000000000036,4495.595,4468.945,26.650000000000546,True,SHORT,2026-01-06 20:30:00,4466.425,True,True,True,0.0,1.2984,1.2984,4441.248,2026-01-07 01:46:00,0.4064,4479.965,2026-01-06 22:19:00,True,2026-01-06 21:01:00,0.4064,0.4064,True,4470.948,2026-01-06 20:40:00,0.0094
GC,2026-01-07,Wednesday,ODR,4471.285,4460.785,10.5,4474.648,4459.085,15.563000000000102,True,SHORT,2026-01-07 06:25:00,4458.815,True,False,,0.0,3.1695,3.1695,4427.505,2026-01-07 08:10:00,0.0,4459.935,2026-01-07 06:30:00,True,2026-01-07 06:34:00,0.0,0.0,False,,,
GC,2026-01-07,Wednesday,RDR,4449.245,4424.798,24.447000000000116,4452.848,4423.135,29.712999999999738,True,LONG,2026-01-07 11:20:00,4458.455,True,True,True,0.7702,0.0,0.7702,4468.075,2026-01-07 11:49:00,0.1693,4445.105,2026-01-07 14:17:00,True,2026-01-07 11:33:00,0.0,0.1693,True,4448.269,2026-01-07 13:03:00,0.0399
GC,2026-01-08,Thursday,ADR,4459.085,4446.945,12.140000000000327,4460.025,4444.145,15.8799999999992,True,SHORT,2026-01-07 20:50:00,4444.095,True,True,True,0.0,2.6137,2.6137,4415.215,2026-01-08 00:44:00,0.1862,4449.205,2026-01-07 21:01:00,True,2026-01-07 21:05:00,0.1862,0.1114,True,4447.458,2026-01-07 20:58:00,0.0423
GC,2026-01-08,Thursday,ODR,4432.195,4420.658,11.536999999999352,4433.175,4419.438,13.73700000000008,True,LONG,2026-01-08 04:30:00,4434.275,False,True,True,0.2956,1.1418,0.2956,4435.605,2026-01-08 08:25:00,2.1418,4407.485,2026-01-08 07:16:00,False,,2.1418,,True,4432.145,2026-01-08 04:35:00,0.0043
GC,2026-01-08,Thursday,RDR,4447.845,4425.755,22.090000000000146,4453.698,4421.615,32.08300000000054,True,LONG,2026-01-08 10:45:00,4454.515,True,True,True,1.3605,0.0,1.3605,4477.898,2026-01-08 15:36:00,0.1485,4444.565,2026-01-08 14:17:00,True,2026-01-08 11:33:00,0.1485,0.1485,True,4447.845,2026-01-08 10:54:00,0.0
GC,2026-01-09,Friday,ADR,4468.025,4452.919,15.105999999999767,4468.415,4452.585,15.829999999999927,True,LONG,2026-01-08 20:55:00,4468.745,True,True,True,0.6024,0.0,0.6024,4477.125,2026-01-09 01:48:00,0.6646,4457.985,2026-01-09 00:24:00,True,2026-01-08 21:04:00,0.6646,0.6646,True,4466.665,2026-01-08 21:53:00,0.09
GC,2026-01-09,Friday,ODR,4474.055,4466.305,7.75,4476.685,4463.905,12.780000000000655,True,LONG,2026-01-09 07:00:00,4476.848,False,True,False,0.8103,0.7226,0.8103,4480.335,2026-01-09 07:06:00,1.7226,4460.705,2026-01-09 07:33:00,True,2026-01-09 07:05:00,0.0,1.7226,True,4473.298,2026-01-09 07:11:00,0.0977
GC,2026-01-09,Friday,RDR,4508.348,4484.488,23.859999999999673,4510.775,4478.985,31.789999999999964,True,LONG,2026-01-09 10:35:00,4515.278,False,True,False,0.3583,0.1204,0.3583,4516.898,2026-01-09 10:42:00,1.1204,4481.615,2026-01-09 12:56:00,False,,0.0,,True,4508.238,2026-01-09 10:48:00,0.0046
GC,2026-01-12,Monday,ADR,4599.165,4564.285,34.88000000000011,4601.048,4561.848,39.19999999999982,False,,,,,,,0.0,0.084,,,,,,,False,,,,False,,,
GC,2026-01-12,Monday,ODR,4596.695,4582.475,14.219999999999345,4598.315,4579.235,19.079999999999927,True,LONG,2026-01-12 08:05:00,4600.975,True,False,,1.0014,0.3045,1.0014,4610.935,2026-01-12 08:24:00,0.0,4600.865,2026-01-12 08:10:00,True,2026-01-12 08:10:00,0.0,0.0,False,,,
GC,2026-01-12,Monday,RDR,4619.348,4586.125,33.222999999999956,4621.985,4585.095,36.88999999999942,True,LONG,2026-01-12 10:30:00,4622.865,True,True,False,0.3199,0.0,0.3199,4629.975,2026-01-12 11:18:00,0.8411,4591.405,2026-01-12 15:59:00,False,,0.06,,True,4618.835,2026-01-12 10:47:00,0.0154
GC,2026-01-13,Tuesday,ADR,4592.265,4581.298,10.967000000000553,4595.555,4581.255,14.300000000000182,True,SHORT,2026-01-12 20:30:00,4577.155,False,True,False,0.8826,0.727,0.727,4573.325,2026-01-13 01:41:00,1.8826,4601.945,2026-01-13 00:30:00,True,2026-01-13 01:40:00,1.8826,0.1748,True,4581.555,2026-01-12 20:36:00,0.0234
GC,2026-01-13,Tuesday,ODR,4595.125,4580.495,14.63000000000011,4596.855,4579.505,17.349999999999454,True,LONG,2026-01-13 08:05:00,4598.545,True,False,,0.7587,0.1969,0.7587,4606.225,2026-01-13 08:24:00,0.0,4596.505,2026-01-13 08:10:00,True,2026-01-13 08:12:00,0.0,0.0,False,,,
GC,2026-01-13,Tuesday,RDR,4633.365,4603.875,29.48999999999978,4634.285,4600.415,33.86999999999989,True,SHORT,2026-01-13 11:25:00,4598.275,True,True,True,0.0,1.1763,1.1763,4569.185,2026-01-13 15:35:00,0.4018,4615.725,2026-01-13 12:04:00,True,2026-01-13 12:58:00,0.4018,0.0,True,4604.405,2026-01-13 11:31:00,0.018
GC,2026-01-14,Wednesday,ADR,4617.135,4605.025,12.110000000000582,4618.425,4604.475,13.949999999999818,True,LONG,2026-01-13 20:50:00,4619.285,True,True,True,1.8497,0.0,1.8497,4639.535,2026-01-14 00:34:00,0.3336,4613.095,2026-01-13 22:29:00,True,2026-01-13 21:47:00,0.3336,0.3336,True,4616.785,2026-01-13 21:00:00,0.0289
GC,2026-01-14,Wednesday,ODR,4635.175,4624.085,11.090000000000146,4637.685,4621.265,16.420000000000073,True,LONG,2026-01-14 04:05:00,4637.865,True,True,False,0.5789,0.0,0.5789,4641.595,2026-01-14 07:59:00,0.8458,4625.795,2026-01-14 06:53:00,True,2026-01-14 07:59:00,0.8458,0.734,True,4635.075,2026-01-14 04:10:00,0.009
GC,2026-01-14,Wednesday,RDR,4634.888,4604.678,30.210000000000036,4634.888,4599.165,35.722999999999956,True,LONG,2026-01-14 13:55:00,4635.005,True,True,False,0.2584,0.1222,0.2584,4642.695,2026-01-14 14:02:00,0.3113,4625.485,2026-01-14 15:44:00,False,,0.0,,True,4633.508,2026-01-14 14:05:00,0.0457
GC,2026-01-15,Thursday,ADR,4616.425,4597.645,18.779999999999745,4617.765,4596.795,20.970000000000255,True,SHORT,2026-01-14 20:30:00,4591.455,True,True,False,0.0,0.8962,0.8962,4580.815,2026-01-15 00:18:00,0.893,4614.415,2026-01-14 21:30:00,True,2026-01-14 22:20:00,0.893,0.7529,True,4598.145,2026-01-14 20:38:00,0.0266
GC,2026-01-15,Thursday,ODR,4606.325,4599.825,6.5,4606.915,4597.685,9.229999999999563,True,LONG,2026-01-15 04:35:00,4608.895,True,True,False,2.5277,0.0,2.5277,4622.755,2026-01-15 06:37:00,0.6138,4602.335,2026-01-15 08:28:00,True,2026-01-15 04:43:00,0.0,0.6138,True,4604.485,2026-01-15 08:19:00,0.2831
GC,2026-01-15,Thursday,RDR,4616.198,4602.345,13.853000000000065,4617.708,4599.915,17.792999999999665,True,LONG,2026-01-15 11:10:00,4621.798,False,True,False,0.5867,0.1405,0.5867,4624.325,2026-01-15 11:18:00,1.1405,4600.399,2026-01-15 15:18:00,True,2026-01-15 11:17:00,0.0,1.1405,True,4615.615,2026-01-15 11:23:00,0.0421
GC,2026-01-16,Friday,ADR,4607.398,4598.745,8.653000000000247,4607.698,4593.565,14.13300000000072,True,SHORT,2026-01-15 21:50:00,4592.165,False,True,True,0.9635,0.898,0.8147,4591.695,2026-01-15 21:57:00,1.9635,4615.735,2026-01-16 00:56:00,True,2026-01-15 21:55:00,0.0,1.9635,True,4598.925,2026-01-15 22:08:00,0.0208
GC,2026-01-16,Friday,ODR,4609.425,4601.785,7.640000000000327,4610.355,4600.945,9.409999999999854,True,SHORT,2026-01-16 04:25:00,4600.895,False,True,True,0.856,2.5759,2.5759,4582.105,2026-01-16 08:20:00,1.856,4615.965,2026-01-16 06:46:00,True,2026-01-16 07:52:00,1.856,0.4607,True,4603.225,2026-01-16 04:43:00,0.1885
GC,2026-01-16,Friday,RDR,4616.935,4564.855,52.08000000000084,4620.035,4564.295,55.73999999999978,True,SHORT,2026-01-16 10:30:00,4544.175,True,True,False,0.0,0.5442,0.5156,4538.005,2026-01-16 10:35:00,0.6525,4598.835,2026-01-16 11:43:00,True,2026-01-16 10:35:00,0.0,0.6525,True,4568.655,2026-01-16 10:47:00,0.073
GC,2026-01-19,Monday,ADR,4678.325,4658.798,19.527000000000044,4681.735,4656.195,25.539999999999964,True,SHORT,2026-01-18 21:00:00,4655.495,True,True,False,0.0271,0.3049,0.2122,4654.655,2026-01-18 21:48:00,1.0271,4678.855,2026-01-19 01:58:00,False,,0.3061,,True,4660.585,2026-01-18 21:05:00,0.0915
GC,2026-01-19,Monday,ODR,4670.435,4663.275,7.160000000000764,4673.655,4661.345,12.30999999999949,True,SHORT,2026-01-19 05:40:00,4661.315,False,True,False,0.4399,0.5377,0.5377,4659.425,2026-01-19 06:56:00,1.4399,4673.585,2026-01-19 07:41:00,True,2026-01-19 06:56:00,0.567,1.4399,True,4663.535,2026-01-19 05:45:00,0.0363
GC,2026-01-19,Monday,RDR,4669.615,4664.485,5.130000000000109,4670.765,4663.705,7.0600000000004,True,LONG,2026-01-19 10:45:00,4672.315,True,True,True,2.0448,0.0,2.0448,4680.105,2026-01-19 13:24:00,0.5394,4666.848,2026-01-19 14:27:00,True,2026-01-19 10:50:00,0.1495,0.5394,True,4668.975,2026-01-19 12:16:00,0.1248
GC,2026-01-20,Tuesday,ADR,4671.465,4659.425,12.039999999999964,4673.335,4659.335,14.0,True,LONG,2026-01-19 20:30:00,4674.105,True,True,True,3.7757,0.0,3.7757,4716.925,2026-01-20 01:07:00,0.5199,4665.205,2026-01-19 21:13:00,True,2026-01-19 22:40:00,0.5199,0.0,True,4670.455,2026-01-19 20:55:00,0.0839
GC,2026-01-20,Tuesday,ODR,4729.205,4715.945,13.260000000000218,4731.435,4714.745,16.69000000000051,True,LONG,2026-01-20 04:25:00,4733.135,True,True,False,0.6094,0.0158,0.6094,4737.285,2026-01-20 04:49:00,1.0158,4715.735,2026-01-20 08:22:00,True,2026-01-20 04:30:00,0.0,1.0158,True,4728.935,2026-01-20 05:28:00,0.0204
GC,2026-01-20,Tuesday,RDR,4750.365,4723.795,26.56999999999971,4750.835,4722.028,28.80699999999979,True,LONG,2026-01-20 11:55:00,4753.255,True,True,True,0.5939,0.0568,0.5939,4766.145,2026-01-20 14:19:00,0.1735,4745.755,2026-01-20 12:02:00,True,2026-01-20 13:10:00,0.1735,0.1248,True,4749.908,2026-01-20 12:00:00,0.0172
GC,2026-01-21,Wednesday,ADR,4827.195,4776.895,50.29999999999927,4827.465,4776.445,51.02000000000044,True,LONG,2026-01-20 20:50:00,4843.715,True,True,True,1.2103,0.0,1.2103,4888.075,2026-01-21 01:27:00,0.2026,4817.005,2026-01-20 21:24:00,True,2026-01-20 23:23:00,0.2026,0.0,True,4822.385,2026-01-20 21:12:00,0.0956
GC,2026-01-21,Wednesday,ODR,4866.615,4854.435,12.179999999999382,4869.375,4851.325,18.050000000000182,True,LONG,2026-01-21 04:25:00,4875.525,True,True,True,0.8498,0.1905,0.8498,4876.965,2026-01-21 04:31:00,0.9557,4854.975,2026-01-21 06:46:00,True,2026-01-21 04:30:00,0.0,0.9557,True,4865.005,2026-01-21 04:37:00,0.1322
GC,2026-01-21,Wednesday,RDR,4870.455,4817.015,53.4399999999996,4872.245,4812.415,59.82999999999993,True,SHORT,2026-01-21 12:30:00,4807.105,True,True,False,0.0,1.154,1.154,4755.345,2026-01-21 14:51:00,0.6897,4853.875,2026-01-21 14:26:00,True,2026-01-21 14:35:00,0.6897,0.1995,True,4818.845,2026-01-21 12:40:00,0.0342
GC,2026-01-22,Thursday,ADR,4807.535,4776.615,30.920000000000073,4809.405,4772.185,37.219999999999345,True,LONG,2026-01-22 00:50:00,4817.795,True,False,,0.7005,0.0673,0.7005,4829.195,2026-01-22 01:26:00,0.0,4815.255,2026-01-22 00:55:00,True,2026-01-22 01:01:00,0.0,0.0,False,,,
GC,2026-01-22,Thursday,ODR,4832.595,4824.765,7.829999999999927,4835.325,4821.975,13.349999999999454,True,SHORT,2026-01-22 04:35:00,4820.425,False,True,False,0.6807,1.4253,1.4253,4813.605,2026-01-22 04:42:00,1.4534,4836.145,2026-01-22 06:57:00,True,2026-01-22 04:40:00,0.0,1.4534,True,4824.945,2026-01-22 05:00:00,0.023
GC,2026-01-22,Thursday,RDR,4853.805,4829.295,24.51000000000022,4855.895,4825.358,30.537000000000262,True,LONG,2026-01-22 10:30:00,4863.445,True,False,,3.0392,0.0,3.0392,4928.295,2026-01-22 15:17:00,0.0,4858.835,2026-01-22 10:41:00,True,2026-01-22 10:47:00,0.0,0.0,False,,,
GC,2026-01-23,Friday,ADR,4965.055,4944.065,20.99000000000069,4967.075,4935.995,31.079999999999927,False,,,,,,,0.1039,0.2963,,,,,,,False,,,,False,,,
GC,2026-01-23,Friday,ODR,4946.695,4913.215,33.47999999999956,4947.565,4901.005,46.55999999999949,False,,,,,,,0.0326,0.4083,,,,,,,False,,,,False,,,
GC,2026-01-23,Friday,RDR,4955.485,4939.715,15.769999999999527,4956.325,4932.535,23.789999999999964,True,LONG,2026-01-23 10:40:00,4959.045,True,True,True,2.168,0.0,2.168,4989.675,2026-01-23 14:54:00,0.2782,4951.098,2026-01-23 10:51:00,True,2026-01-23 11:02:00,0.2782,0.0,True,4952.398,2026-01-23 10:50:00,0.1958
GC,2026-01-26,Monday,ADR,5074.185,5041.495,32.69000000000051,5075.275,5028.745,46.529999999999745,True,LONG,2026-01-25 20:30:00,5083.575,True,True,True,1.1227,0.0,1.1227,5110.885,2026-01-26 01:51:00,0.6733,5052.175,2026-01-26 00:19:00,True,2026-01-25 21:30:00,0.6733,0.6733,True,5073.355,2026-01-25 20:38:00,0.0254
GC,2026-01-26,Monday,ODR,5096.835,5082.805,14.029999999999745,5098.225,5080.0,18.225000000000364,True,SHORT,2026-01-26 04:50:00,5079.135,True,True,True,0.1098,1.196,1.196,5066.025,2026-01-26 08:03:00,1.0,5096.835,2026-01-26 07:24:00,True,2026-01-26 04:56:00,1.0,1.0,True,5084.025,2026-01-26 04:59:00,0.087
GC,2026-01-26,Monday,RDR,5095.898,5078.195,17.70300000000043,5097.215,5074.515,22.699999999999818,True,LONG,2026-01-26 11:00:00,5100.215,False,True,False,0.515,3.9641,0.515,5105.015,2026-01-26 11:06:00,4.9641,5008.018,2026-01-26 14:48:00,True,2026-01-26 11:06:00,0.0,4.9641,True,5095.175,2026-01-26 11:19:00,0.0408
GC,2026-01-27,Tuesday,ADR,5071.275,5022.885,48.38999999999942,5075.635,5013.595,62.039999999999964,True,LONG,2026-01-26 21:40:00,5078.845,True,True,True,0.466,0.0,0.466,5093.825,2026-01-27 01:51:00,0.2949,5057.005,2026-01-27 00:11:00,False,,0.2949,,True,5070.315,2026-01-26 21:53:00,0.0198
GC,2026-01-27,Tuesday,ODR,5086.525,5076.025,10.5,5087.985,5073.075,14.909999999999854,True,LONG,2026-01-27 04:25:00,5088.215,False,True,False,1.221,0.8778,1.221,5099.345,2026-01-27 04:59:00,1.8778,5066.808,2026-01-27 06:52:00,True,2026-01-27 04:38:00,0.3781,1.8778,True,5086.245,2026-01-27 04:30:00,0.0267
GC,2026-01-27,Tuesday,RDR,5079.155,5052.048,27.10699999999997,5081.975,5047.485,34.49000000000069,True,LONG,2026-01-27 10:35:00,5083.035,True,True,True,3.8012,0.0,3.8012,5182.195,2026-01-27 15:59:00,0.1114,5076.135,2026-01-27 13:09:00,True,2026-01-27 11:11:00,0.1114,0.1114,True,5079.135,2026-01-27 10:41:00,0.0007
GC,2026-01-28,Wednesday,ADR,5196.795,5162.955,33.840000000000146,5202.355,5162.945,39.409999999999854,True,LONG,2026-01-27 20:40:00,5215.365,True,False,,2.1986,0.0,2.1986,5271.195,2026-01-28 01:53:00,0.0,5201.375,2026-01-27 21:11:00,True,2026-01-27 20:45:00,0.0,0.0,False,,,
GC,2026-01-28,Wednesday,ODR,5304.985,5284.145,20.839999999999236,5311.245,5280.385,30.859999999999673,True,SHORT,2026-01-28 04:15:00,5277.695,True,True,True,0.0,2.1977,2.1977,5238.345,2026-01-28 06:06:00,0.2442,5289.235,2026-01-28 08:04:00,True,2026-01-28 04:21:00,0.0657,0.2442,True,5285.515,2026-01-28 05:11:00,0.0657
GC,2026-01-28,Wednesday,RDR,5293.605,5241.755,51.849999999999454,5298.125,5235.238,62.886999999999716,True,LONG,2026-01-28 11:55:00,5299.645,True,True,True,1.8822,0.0,1.8822,5391.195,2026-01-28 15:49:00,0.4891,5268.245,2026-01-28 13:39:00,True,2026-01-28 13:21:00,0.4891,0.4891,True,5292.298,2026-01-28 12:08:00,0.0252
GC,2026-01-29,Thursday,ADR,5520.845,5446.515,74.32999999999993,5526.685,5444.348,82.33700000000044,True,LONG,2026-01-28 20:40:00,5539.615,True,True,True,1.0013,0.0,1.0013,5595.275,2026-01-29 01:23:00,0.2287,5503.845,2026-01-28 21:02:00,True,2026-01-28 23:34:00,0.2287,0.0721,True,5503.845,2026-01-28 21:02:00,0.2287
GC,2026-01-29,Thursday,ODR,5548.725,5482.685,66.03999999999996,5554.585,5472.965,81.61999999999989,False,,,,,,,0.0,0.1838,,,,,,,False,,,,False,,,
GC,2026-01-29,Thursday,RDR,5543.205,5188.798,354.40700000000015,5545.148,5098.765,446.3829999999998,False,,,,,,,0.0,0.2395,,,,,,,False,,,,False,,,
GC,2026-01-30,Friday,ADR,5428.865,5308.595,120.26999999999953,5436.105,5301.219,134.8859999999995,True,SHORT,2026-01-29 20:55:00,5300.125,True,True,True,0.0,1.6396,1.6396,5111.398,2026-01-29 21:23:00,0.0291,5312.098,2026-01-29 21:02:00,True,2026-01-29 21:12:00,0.0291,0.0,True,5310.248,2026-01-29 21:01:00,0.0137
GC,2026-01-30,Friday,ODR,5180.805,5077.455,103.35000000000036,5180.805,5051.785,129.02000000000044,True,SHORT,2026-01-30 04:10:00,5027.195,True,True,True,0.0,1.3213,1.3213,4940.895,2026-01-30 04:51:00,0.6579,5145.445,2026-01-30 07:01:00,True,2026-01-30 04:15:00,0.0,0.6579,True,5081.175,2026-01-30 05:37:00,0.036
GC,2026-01-30,Friday,RDR,5107.535,4984.625,122.90999999999985,5112.258,4979.725,132.53299999999945,True,SHORT,2026-01-30 11:35:00,4972.245,True,True,True,0.0,2.4807,2.4807,4679.725,2026-01-30 13:39:00,0.2479,5015.098,2026-01-30 11:44:00,True,2026-01-30 12:12:00,0.2479,0.0,True,4994.685,2026-01-30 11:40:00,0.0818
GC,2026-02-02,Monday,ADR,4845.548,4641.789,203.75900000000001,4846.148,4582.798,263.35000000000036,True,SHORT,2026-02-02 00:40:00,4574.245,True,False,,0.0,1.1815,1.1815,4401.038,2026-02-02 01:38:00,0.0,4578.235,2026-02-02 00:45:00,True,2026-02-02 00:49:00,0.0,0.0,False,,,
GC,2026-02-02,Monday,ODR,4646.395,4574.518,71.87700000000041,4650.585,4557.905,92.68000000000029,True,LONG,2026-02-02 04:25:00,4688.958,True,False,,2.3025,0.0,2.3025,4811.895,2026-02-02 07:46:00,0.0,4655.628,2026-02-02 05:45:00,True,2026-02-02 04:30:00,0.0,0.0,False,,,
GC,2026-02-02,Monday,RDR,4778.769,4680.435,98.33399999999983,4792.989,4672.655,120.33399999999983,True,SHORT,2026-02-02 10:45:00,4660.218,True,True,True,0.0,0.8574,0.8574,4596.125,2026-02-02 11:02:00,0.3344,4713.318,2026-02-02 12:09:00,True,2026-02-02 10:53:00,0.0,0.3344,True,4681.538,2026-02-02 11:10:00,0.0112
GC,2026-02-03,Tuesday,ADR,4852.925,4779.425,73.5,4856.248,4765.348,90.89999999999964,True,SHORT,2026-02-02 21:40:00,4754.295,False,True,False,0.5525,0.471,0.471,4744.808,2026-02-02 21:47:00,1.5525,4893.535,2026-02-03 01:45:00,False,,0.0,,True,4784.225,2026-02-02 21:59:00,0.0653
GC,2026-02-03,Tuesday,ODR,4939.445,4909.345,30.099999999999454,4949.395,4897.995,51.400000000000546,True,SHORT,2026-02-03 04:25:00,4890.748,True,True,False,0.0,0.8605,0.8605,4883.445,2026-02-03 06:24:00,0.9834,4938.945,2026-02-03 08:29:00,True,2026-02-03 04:30:00,0.6701,0.9834,True,4909.898,2026-02-03 04:36:00,0.0184
GC,2026-02-03,Tuesday,RDR,4936.835,4903.145,33.6899999999996,4948.355,4892.895,55.45999999999913,True,LONG,2026-02-03 11:15:00,4966.879,False,True,True,1.6807,0.6782,1.6807,4993.458,2026-02-03 11:39:00,1.6782,4880.295,2026-02-03 14:09:00,True,2026-02-03 11:20:00,0.0,1.6782,True,4936.328,2026-02-03 12:09:00,0.015
GC,2026-02-04,Wednesday,ADR,5050.545,4979.328,71.21699999999964,5052.865,4967.788,85.07700000000023,True,LONG,2026-02-03 21:00:00,5058.075,True,True,True,0.556,0.0,0.556,5090.145,2026-02-04 00:51:00,0.2171,5035.085,2026-02-03 21:57:00,True,2026-02-04 00:42:00,0.2171,0.0,True,5048.365,2026-02-03 21:31:00,0.0306
GC,2026-02-04,Wednesday,ODR,5086.609,5072.449,14.160000000000764,5091.395,5068.475,22.920000000000073,True,SHORT,2026-02-04 04:15:00,5061.875,True,False,,0.0,4.1973,4.1973,5013.015,2026-02-04 06:18:00,0.0,5065.745,2026-02-04 04:43:00,True,2026-02-04 04:20:00,0.0,0.0,False,,,
GC,2026-02-04,Wednesday,RDR,5031.095,4957.525,73.57000000000062,5037.865,4950.335,87.52999999999975,True,SHORT,2026-02-04 10:30:00,4920.065,True,False,,0.0,1.5408,1.5408,4844.165,2026-02-04 11:48:00,0.0,4957.335,2026-02-04 14:53:00,True,2026-02-04 10:35:00,0.0,0.0,False,,,
GC,2026-02-05,Thursday,ADR,5018.025,4943.945,74.07999999999993,5020.175,4935.215,84.96000000000004,True,SHORT,2026-02-04 21:10:00,4914.295,True,False,,0.0,2.1093,2.1093,4787.685,2026-02-04 22:00:00,0.0,4941.579,2026-02-04 21:29:00,True,2026-02-04 21:15:00,0.0,0.0,False,,,
GC,2026-02-05,Thursday,ODR,4940.415,4904.279,36.13599999999951,4943.215,4900.459,42.75600000000031,True,SHORT,2026-02-05 04:00:00,4883.225,True,False,,0.0,2.8473,2.8473,4801.388,2026-02-05 08:06:00,0.0,4894.195,2026-02-05 06:23:00,True,2026-02-05 04:05:00,0.0,0.0,False,,,
GC,2026-02-05,Thursday,RDR,4858.755,4819.208,39.54700000000048,4869.198,4805.735,63.46300000000065,True,LONG,2026-02-05 11:40:00,4878.055,False,True,False,1.1971,0.6735,1.1971,4906.095,2026-02-05 11:54:00,1.6735,4792.575,2026-02-05 15:55:00,True,2026-02-05 11:45:00,0.0,1.6735,True,4856.495,2026-02-05 13:10:00,0.0571
GC,2026-02-06,Friday,ADR,4762.295,4710.508,51.78700000000026,4764.025,4692.648,71.3769999999995,True,LONG,2026-02-05 20:50:00,4769.785,True,True,True,2.7165,0.1273,2.7165,4902.975,2026-02-06 01:00:00,0.05,4759.705,2026-02-05 21:04:00,True,2026-02-05 21:09:00,0.05,0.0,True,4759.705,2026-02-05 21:04:00,0.05
GC,2026-02-06,Friday,ODR,4879.358,4836.615,42.74300000000039,4881.829,4828.575,53.253999999999905,True,LONG,2026-02-06 06:10:00,4884.215,True,True,True,1.1391,0.0,1.1391,4928.048,2026-02-06 08:25:00,0.1826,4871.555,2026-02-06 07:29:00,True,2026-02-06 07:07:00,0.1826,0.1826,True,4878.228,2026-02-06 06:16:00,0.0264
GC,2026-02-06,Friday,RDR,4957.498,4904.805,52.6929999999993,4964.338,4897.285,67.05299999999988,True,LONG,2026-02-06 13:05:00,4964.448,True,True,False,0.2543,0.0,0.2543,4970.898,2026-02-06 13:12:00,0.4007,4936.385,2026-02-06 15:36:00,False,,0.0,,True,4955.165,2026-02-06 13:23:00,0.0443
GC,2026-02-09,Monday,ADR,5034.795,5012.788,22.007000000000517,5041.465,5004.825,36.64000000000033,True,SHORT,2026-02-08 20:30:00,5001.888,False,True,False,0.4917,2.0427,2.0427,4967.835,2026-02-08 21:03:00,1.4917,5045.615,2026-02-09 01:04:00,True,2026-02-08 20:35:00,0.0,1.4917,True,5013.325,2026-02-08 21:54:00,0.0244
GC,2026-02-09,Monday,ODR,5029.365,5006.125,23.23999999999978,5035.605,5002.505,33.099999999999454,True,SHORT,2026-02-09 05:25:00,4990.775,True,True,True,0.4914,1.0327,1.0327,4982.125,2026-02-09 05:30:00,0.7952,5024.605,2026-02-09 08:10:00,True,2026-02-09 05:30:00,0.0,0.7952,True,5006.295,2026-02-09 06:29:00,0.0073
GC,2026-02-09,Monday,RDR,5040.035,5020.685,19.349999999999454,5041.945,5013.565,28.38000000000011,True,LONG,2026-02-09 10:30:00,5053.305,True,False,,2.3891,0.0,2.3891,5086.265,2026-02-09 15:33:00,0.0,5040.635,2026-02-09 12:59:00,True,2026-02-09 10:35:00,0.0,0.0,False,,,
GC,2026-02-10,Tuesday,ADR,5037.205,5014.595,22.609999999999673,5040.515,5008.155,32.36000000000058,True,LONG,2026-02-09 21:05:00,5044.555,True,True,False,0.8284,0.1623,0.8284,5055.935,2026-02-09 21:26:00,1.1623,5010.925,2026-02-10 00:28:00,True,2026-02-09 21:22:00,0.0,1.1623,True,5034.445,2026-02-09 21:51:00,0.1221
GC,2026-02-10,Tuesday,ODR,5050.945,5032.755,18.1899999999996,5054.985,5028.605,26.38000000000011,True,LONG,2026-02-10 04:05:00,5057.335,False,True,False,0.6658,0.7334,0.4035,5058.285,2026-02-10 04:11:00,1.7334,5019.415,2026-02-10 07:53:00,False,,0.0,,True,5050.918,2026-02-10 04:14:00,0.0015
GC,2026-02-10,Tuesday,RDR,5075.145,5030.175,44.970000000000255,5078.485,5020.225,58.25999999999931,True,SHORT,2026-02-10 10:35:00,5007.615,True,True,True,0.0,0.7002,0.5696,5004.558,2026-02-10 13:27:00,0.3331,5045.155,2026-02-10 15:48:00,True,2026-02-10 10:40:00,0.2157,0.3331,True,5033.205,2026-02-10 12:17:00,0.0674
GC,2026-02-11,Wednesday,ADR,5046.325,5035.285,11.039999999999964,5049.225,5030.125,19.100000000000364,True,LONG,2026-02-10 20:50:00,5049.305,True,True,True,1.6277,0.2745,1.6277,5064.295,2026-02-11 01:59:00,1.2745,5032.255,2026-02-10 21:15:00,True,2026-02-10 20:59:00,1.2745,1.2745,True,5043.038,2026-02-10 21:02:00,0.2977
GC,2026-02-11,Wednesday,ODR,5058.695,5047.425,11.269999999999527,5060.215,5045.365,14.850000000000364,True,LONG,2026-02-11 04:40:00,5064.305,True,True,True,5.3345,0.0594,5.3345,5118.815,2026-02-11 07:00:00,0.8163,5049.495,2026-02-11 07:41:00,True,2026-02-11 04:45:00,0.0,0.8163,True,5049.495,2026-02-11 07:41:00,0.8163
GC,2026-02-11,Wednesday,RDR,5079.385,5042.385,37.0,5081.485,5035.535,45.94999999999982,True,LONG,2026-02-11 12:10:00,5084.548,True,True,True,0.5238,0.0946,0.5238,5098.765,2026-02-11 12:43:00,0.3451,5066.615,2026-02-11 13:13:00,True,2026-02-11 12:43:00,0.0311,0.3451,True,5078.235,2026-02-11 12:19:00,0.0311
GC,2026-02-12,Thursday,ADR,5063.705,5048.955,14.75,5065.545,5044.368,21.17699999999968,True,LONG,2026-02-11 21:00:00,5068.435,True,True,False,0.9688,0.1544,0.9688,5077.995,2026-02-12 00:10:00,1.1544,5046.678,2026-02-12 01:37:00,True,2026-02-11 21:20:00,0.8906,1.1544,True,5061.745,2026-02-11 21:25:00,0.1329
GC,2026-02-12,Thursday,ODR,5072.075,5059.735,12.340000000000146,5073.128,5051.895,21.232999999999265,True,LONG,2026-02-12 04:05:00,5074.975,False,True,False,0.6856,0.9117,0.6856,5080.535,2026-02-12 04:51:00,1.9117,5048.485,2026-02-12 07:56:00,True,2026-02-12 04:50:00,0.3006,1.9117,True,5070.898,2026-02-12 04:11:00,0.0954
GC,2026-02-12,Thursday,RDR,5067.905,5044.045,23.859999999999673,5071.355,5039.265,32.089999999999236,True,LONG,2026-02-12 10:45:00,5072.985,False,True,False,0.2829,6.9904,0.2481,5073.825,2026-02-12 10:52:00,7.9904,4877.255,2026-02-12 11:29:00,False,,0.0,,True,5067.798,2026-02-12 10:58:00,0.0045
GC,2026-02-13,Friday,ADR,4971.815,4927.705,44.10999999999967,4978.985,4926.555,52.42999999999938,True,LONG,2026-02-12 20:40:00,4979.465,True,True,False,0.5699,0.0,0.5699,4996.955,2026-02-12 23:17:00,0.6198,4944.475,2026-02-13 00:59:00,True,2026-02-12 23:16:00,0.0,0.6198,True,4971.815,2026-02-12 21:49:00,0.0
GC,2026-02-13,Friday,ODR,4985.559,4974.705,10.85400000000027,4989.315,4971.318,17.99699999999939,True,SHORT,2026-02-13 04:25:00,4964.625,True,True,True,0.0,3.7968,3.7968,4933.495,2026-02-13 06:24:00,0.5334,4980.495,2026-02-13 05:28:00,True,2026-02-13 04:30:00,0.5334,0.5334,True,4976.565,2026-02-13 04:48:00,0.1714
GC,2026-02-13,Friday,RDR,5010.035,4987.425,22.609999999999673,5011.338,4963.748,47.590000000000146,True,LONG,2026-02-13 11:25:00,5027.548,True,True,True,1.582,0.6076,1.582,5045.805,2026-02-13 14:10:00,0.1937,5005.655,2026-02-13 12:18:00,True,2026-02-13 11:30:00,0.1937,0.1937,True,5005.795,2026-02-13 11:59:00,0.1875
GC,2026-02-16,Monday,ADR,5028.935,5009.355,19.580000000000837,5030.945,5006.685,24.25999999999931,True,SHORT,2026-02-15 21:40:00,5001.835,True,False,,0.0996,2.2721,2.2721,4964.868,2026-02-16 00:03:00,0.0,5002.775,2026-02-16 01:44:00,True,2026-02-15 21:45:00,0.0,0.0,False,,,
GC,2026-02-16,Monday,ODR,5009.935,4997.875,12.0600000000004,5013.015,4995.295,17.720000000000255,True,LONG,2026-02-16 04:15:00,5015.135,False,True,False,0.5904,0.4409,0.5904,5017.055,2026-02-16 04:51:00,1.4409,4992.558,2026-02-16 07:18:00,True,2026-02-16 04:51:00,0.1451,1.4409,True,5009.845,2026-02-16 04:34:00,0.0075
GC,2026-02-16,Monday,RDR,4993.578,4973.465,20.113000000000284,4994.275,4968.665,25.609999999999673,True,LONG,2026-02-16 12:25:00,4994.495,True,True,False,0.1967,0.0293,0.1967,4997.535,2026-02-16 13:50:00,0.2622,4988.305,2026-02-16 13:02:00,False,,0.2622,,True,4993.155,2026-02-16 12:30:00,0.021
GC,2026-02-17,Tuesday,ADR,4976.265,4933.825,42.44000000000051,4978.645,4922.558,56.087000000000444,True,SHORT,2026-02-17 00:15:00,4900.735,True,False,,0.0,1.8185,1.8185,4856.648,2026-02-17 00:32:00,0.0,4913.848,2026-02-17 01:41:00,True,2026-02-17 00:20:00,0.0,0.0,False,,,
GC,2026-02-17,Tuesday,ODR,4927.335,4916.885,10.449999999999818,4930.195,4916.165,14.029999999999745,True,LONG,2026-02-17 05:10:00,4936.035,False,True,False,1.6191,0.912,1.6191,4944.255,2026-02-17 07:15:00,1.912,4907.355,2026-02-17 05:54:00,True,2026-02-17 05:15:00,1.912,1.912,True,4923.715,2026-02-17 05:30:00,0.3464
GC,2026-02-17,Tuesday,RDR,4897.825,4856.735,41.090000000000146,4906.675,4848.485,58.19000000000051,False,,,,,,,0.3003,0.1725,,,,,,,False,,,,False,,,
GC,2026-02-18,Wednesday,ADR,4887.688,4869.775,17.913000000000466,4891.325,4867.415,23.909999999999854,True,LONG,2026-02-17 21:00:00,4895.475,True,False,,2.9117,0.0,2.9117,4939.845,2026-02-17 23:53:00,0.0,4894.665,2026-02-17 21:06:00,True,2026-02-17 21:05:00,0.0,0.0,False,,,
GC,2026-02-18,Wednesday,ODR,4929.945,4916.825,13.11999999999989,4932.098,4916.345,15.752999999999702,True,SHORT,2026-02-18 04:00:00,4914.825,False,True,False,2.2441,0.8209,0.8209,4906.055,2026-02-18 06:46:00,3.2441,4959.388,2026-02-18 08:27:00,True,2026-02-18 05:38:00,0.5724,3.2441,True,4918.405,2026-02-18 04:08:00,0.1204
GC,2026-02-18,Wednesday,RDR,5005.535,4960.715,44.81999999999971,5008.698,4955.278,53.42000000000007,False,,,,,,,0.1178,0.0,,,,,,,False,,,,False,,,
GC,2026-02-19,Thursday,ADR,4970.745,4960.985,9.760000000000218,4972.845,4960.048,12.79700000000048,True,LONG,2026-02-18 20:50:00,4973.495,True,True,True,5.0143,0.0,5.0143,5019.685,2026-02-19 01:55:00,0.542,4965.455,2026-02-18 21:16:00,True,2026-02-18 21:01:00,0.542,0.542,True,4965.455,2026-02-18 21:16:00,0.542
GC,2026-02-19,Thursday,ODR,5019.635,5008.325,11.3100000000004,5022.015,5006.045,15.970000000000255,True,SHORT,2026-02-19 04:25:00,5000.325,True,False,,0.0557,3.0,3.0,4974.395,2026-02-19 08:02:00,0.0,5005.405,2026-02-19 04:31:00,True,2026-02-19 04:30:00,0.0,0.0,False,,,
GC,2026-02-19,Thursday,RDR,5015.735,4973.585,42.149999999999636,5016.115,4962.638,53.47699999999986,True,LONG,2026-02-19 10:30:00,5021.078,True,True,False,0.1474,0.0,0.1474,5021.948,2026-02-19 10:36:00,0.9649,4975.065,2026-02-19 13:44:00,False,,0.0,,True,5015.325,2026-02-19 10:37:00,0.0097
GC,2026-02-20,Friday,ADR,5013.045,4989.945,23.100000000000364,5014.515,4986.455,28.0600000000004,True,LONG,2026-02-20 01:00:00,5014.545,True,True,True,0.7199,0.3736,0.7199,5029.675,2026-02-20 01:51:00,0.067,5011.498,2026-02-20 01:07:00,True,2026-02-20 01:25:00,0.067,0.0,True,5012.665,2026-02-20 01:06:00,0.0165
GC,2026-02-20,Friday,ODR,5030.185,5006.035,24.150000000000546,5030.845,5004.665,26.18000000000029,True,LONG,2026-02-20 04:00:00,5034.335,True,True,False,0.5027,0.0,0.5027,5042.325,2026-02-20 04:23:00,0.9694,5006.775,2026-02-20 07:31:00,True,2026-02-20 04:23:00,0.0,0.9694,True,5030.0,2026-02-20 04:33:00,0.0077
GC,2026-02-20,Friday,RDR,5058.725,5021.628,37.09700000000066,5063.775,4989.025,74.75,True,LONG,2026-02-20 11:30:00,5067.295,True,True,True,1.0597,0.1381,1.0597,5098.035,2026-02-20 15:59:00,0.1351,5053.715,2026-02-20 13:27:00,True,2026-02-20 14:56:00,0.1351,0.0,True,5056.065,2026-02-20 12:20:00,0.0717
GC,2026-02-23,Monday,ADR,5158.945,5137.445,21.5,5160.565,5134.625,25.9399999999996,True,LONG,2026-02-22 20:40:00,5165.805,True,True,False,0.8112,0.0,0.8112,5176.385,2026-02-22 21:45:00,0.6619,5144.715,2026-02-23 01:59:00,True,2026-02-22 21:40:00,0.1385,0.6619,True,5155.985,2026-02-22 20:54:00,0.1377
GC,2026-02-23,Monday,ODR,5139.975,5124.875,15.100000000000364,5141.905,5121.818,20.086999999999534,True,LONG,2026-02-23 04:05:00,5143.835,True,False,,1.6728,0.0,1.6728,5165.235,2026-02-23 07:58:00,0.0,5142.855,2026-02-23 04:41:00,True,2026-02-23 04:23:00,0.0,0.0,False,,,
GC,2026-02-23,Monday,RDR,5199.378,5165.015,34.362999999999374,5203.408,5164.638,38.77000000000044,True,LONG,2026-02-23 11:15:00,5214.745,True,True,True,1.1159,0.0,1.1159,5237.725,2026-02-23 15:59:00,0.2533,5190.675,2026-02-23 12:38:00,True,2026-02-23 11:20:00,0.2533,0.2533,True,5199.335,2026-02-23 12:14:00,0.0013
GC,2026-02-24,Tuesday,ADR,5230.135,5150.198,79.9369999999999,5232.295,5144.698,87.59699999999975,False,,,,,,,0.0,0.0,,,,,,,False,,,,False,,,
GC,2026-02-24,Tuesday,ODR,5180.215,5168.215,12.0,5181.648,5164.575,17.07300000000032,True,SHORT,2026-02-24 07:15:00,5151.015,True,False,,0.0883,1.95,1.95,5144.815,2026-02-24 07:54:00,0.0,5164.305,2026-02-24 07:30:00,True,2026-02-24 07:20:00,0.0,0.0,False,,,
GC,2026-02-24,Tuesday,RDR,5143.435,5114.915,28.520000000000437,5145.895,5109.405,36.49000000000069,True,LONG,2026-02-24 10:40:00,5149.695,True,True,True,1.0393,0.0,1.0393,5173.075,2026-02-24 15:44:00,0.4536,5130.498,2026-02-24 11:51:00,True,2026-02-24 12:15:00,0.4536,0.0,True,5143.148,2026-02-24 11:07:00,0.0101
GC,2026-02-25,Wednesday,ADR,5185.055,5140.175,44.88000000000011,5188.215,5140.175,48.039999999999964,True,LONG,2026-02-24 21:10:00,5188.345,True,True,True,0.5633,0.0,0.5633,5210.335,2026-02-25 00:53:00,0.42,5166.205,2026-02-24 21:51:00,True,2026-02-25 00:49:00,0.42,0.0642,True,5184.975,2026-02-24 21:22:00,0.0018
GC,2026-02-25,Wednesday,ODR,5195.125,5184.415,10.710000000000036,5197.025,5183.895,13.1299999999992,True,SHORT,2026-02-25 04:00:00,5181.335,True,True,False,0.0,2.7563,2.7563,5154.895,2026-02-25 06:17:00,0.9907,5195.025,2026-02-25 05:01:00,True,2026-02-25 04:08:00,0.9907,0.9907,True,5185.595,2026-02-25 04:09:00,0.1102
GC,2026-02-25,Wednesday,RDR,5198.395,5159.678,38.71700000000055,5202.355,5158.445,43.909999999999854,True,LONG,2026-02-25 11:20:00,5205.035,False,True,False,0.4905,0.3802,0.4905,5217.385,2026-02-25 12:12:00,1.3802,5144.958,2026-02-25 15:58:00,False,,0.0,,True,5196.408,2026-02-25 14:05:00,0.0513
GC,2026-02-26,Thursday,ADR,5194.425,5180.025,14.400000000000546,5198.285,5178.255,20.029999999999745,True,SHORT,2026-02-25 21:40:00,5175.615,False,True,False,0.7493,0.4394,0.309,5175.575,2026-02-25 21:45:00,1.7493,5205.215,2026-02-26 00:25:00,False,,0.2049,,True,5182.975,2026-02-25 21:45:00,0.2049
GC,2026-02-26,Thursday,ODR,5189.195,5173.788,15.407000000000153,5190.605,5167.265,23.339999999999236,True,SHORT,2026-02-26 06:50:00,5163.435,True,True,False,0.0461,1.0575,1.0575,5157.495,2026-02-26 07:02:00,0.8955,5187.585,2026-02-26 07:45:00,True,2026-02-26 06:55:00,0.0,0.8955,True,5173.805,2026-02-26 07:20:00,0.0011
GC,2026-02-26,Thursday,RDR,5171.915,5141.375,30.539999999999964,5175.695,5129.495,46.19999999999982,True,LONG,2026-02-26 10:45:00,5182.148,True,True,True,0.9479,0.0357,0.9479,5200.865,2026-02-26 15:48:00,0.3864,5160.115,2026-02-26 13:35:00,True,2026-02-26 10:51:00,0.3864,0.3864,True,5171.695,2026-02-26 12:32:00,0.0072
GC,2026-02-27,Friday,ADR,5187.568,5173.535,14.033000000000357,5189.358,5166.535,22.82300000000032,True,LONG,2026-02-26 20:35:00,5190.315,True,True,False,0.8913,0.0627,0.8913,5200.075,2026-02-27 00:58:00,1.0249,5173.185,2026-02-26 21:51:00,True,2026-02-26 21:00:00,1.0249,1.0249,True,5186.735,2026-02-26 20:43:00,0.0594
GC,2026-02-27,Friday,ODR,5181.485,5174.655,6.829999999999927,5182.165,5174.045,8.11999999999989,True,SHORT,2026-02-27 04:50:00,5172.895,False,True,False,8.6018,0.9517,0.9517,5168.155,2026-02-27 05:12:00,9.6018,5240.235,2026-02-27 08:27:00,True,2026-02-27 05:04:00,0.2753,9.6018,True,5174.775,2026-02-27 04:56:00,0.0176
GC,2026-02-27,Friday,RDR,5237.635,5218.175,19.460000000000036,5239.885,5213.535,26.350000000000364,True,LONG,2026-02-27 11:00:00,5243.725,True,True,True,1.4164,0.0,1.4164,5265.198,2026-02-27 15:56:00,0.8869,5220.375,2026-02-27 12:30:00,True,2026-02-27 11:10:00,0.8869,0.8869,True,5234.058,2026-02-27 11:22:00,0.1838
GC,2026-03-02,Monday,ADR,5371.765,5306.855,64.91000000000076,5372.945,5302.695,70.25,True,LONG,2026-03-02 01:05:00,5375.795,True,False,,0.2733,0.0308,0.2733,5389.505,2026-03-02 01:57:00,0.0,5373.458,2026-03-02 01:11:00,False,,0.0,,False,,,
GC,2026-03-02,Monday,ODR,5415.505,5393.865,21.640000000000327,5416.455,5391.045,25.409999999999854,True,SHORT,2026-03-02 04:45:00,5390.105,True,True,False,0.0,0.878,0.878,5374.865,2026-03-02 06:45:00,0.7435,5409.955,2026-03-02 08:06:00,True,2026-03-02 05:05:00,0.3165,0.7435,True,5395.175,2026-03-02 04:53:00,0.0605
GC,2026-03-02,Monday,RDR,5346.755,5315.945,30.8100000000004,5355.635,5305.069,50.5659999999998,True,SHORT,2026-03-02 11:00:00,5273.088,True,True,False,0.0546,1.8127,1.4132,5272.405,2026-03-02 11:05:00,0.977,5346.045,2026-03-02 15:12:00,True,2026-03-02 11:05:00,0.0,0.977,True,5317.325,2026-03-02 12:31:00,0.0448
GC,2026-03-03,Tuesday,ADR,5377.955,5349.635,28.31999999999971,5379.755,5346.075,33.68000000000029,True,SHORT,2026-03-02 20:55:00,5338.755,True,True,True,0.0011,2.5084,2.5084,5278.598,2026-03-03 01:14:00,0.9047,5375.255,2026-03-02 23:27:00,True,2026-03-02 21:00:00,0.9047,0.9047,True,5350.495,2026-03-02 21:05:00,0.0304
GC,2026-03-03,Tuesday,ODR,5331.975,5295.445,36.530000000000655,5335.735,5289.835,45.899999999999636,True,SHORT,2026-03-03 04:00:00,5289.155,True,True,True,0.0,6.1265,6.1265,5071.645,2026-03-03 06:33:00,0.2138,5303.255,2026-03-03 04:11:00,True,2026-03-03 04:25:00,0.2138,0.0,True,5296.765,2026-03-03 04:06:00,0.0361
GC,2026-03-03,Tuesday,RDR,5145.635,5023.775,121.86000000000058,5145.635,4995.475,150.15999999999985,False,,,,,,,0.0247,0.0,,,,,,,False,,,,False,,,
GC,2026-03-04,Wednesday,ADR,5162.485,5123.425,39.05999999999949,5164.025,5122.175,41.849999999999454,True,LONG,2026-03-03 20:45:00,5173.685,True,True,False,0.7217,0.1032,0.7217,5190.675,2026-03-03 21:13:00,1.1032,5119.395,2026-03-04 01:06:00,True,2026-03-03 21:09:00,0.0,1.1032,True,5161.698,2026-03-03 21:54:00,0.0201
GC,2026-03-04,Wednesday,ODR,5180.408,5148.458,31.950000000000728,5181.815,5147.238,34.576999999999316,True,LONG,2026-03-04 04:35:00,5183.265,True,True,True,0.8008,0.0,0.8008,5205.995,2026-03-04 07:04:00,0.761,5156.095,2026-03-04 07:41:00,True,2026-03-04 05:10:00,0.1513,0.761,True,5178.675,2026-03-04 04:40:00,0.0542
GC,2026-03-04,Wednesday,RDR,5179.345,5134.125,45.220000000000255,5184.875,5130.965,53.909999999999854,True,SHORT,2026-03-04 12:20:00,5128.065,True,True,False,0.0,0.5627,0.5627,5108.678,2026-03-04 13:40:00,0.2926,5147.355,2026-03-04 12:56:00,True,2026-03-04 13:20:00,0.2926,0.2773,True,5138.615,2026-03-04 12:25:00,0.0993
GC,2026-03-05,Thursday,ADR,5180.555,5169.965,10.590000000000146,5186.025,5165.925,20.099999999999454,True,LONG,2026-03-04 21:50:00,5187.165,False,True,False,1.3277,4.7186,1.3277,5194.615,2026-03-04 22:05:00,5.7186,5119.995,2026-03-05 01:12:00,True,2026-03-04 21:55:00,0.0,5.7186,True,5178.595,2026-03-04 22:57:00,0.1851
GC,2026-03-05,Thursday,ODR,5168.015,5139.438,28.577000000000226,5170.135,5137.218,32.91700000000037,True,LONG,2026-03-05 04:05:00,5176.185,False,True,False,0.4252,2.0542,0.4228,5180.098,2026-03-05 04:15:00,3.0542,5080.735,2026-03-05 08:23:00,False,,0.0,,True,5168.015,2026-03-05 04:26:00,0.0
GC,2026-03-05,Thursday,RDR,5122.415,5070.195,52.220000000000255,5123.365,5060.025,63.340000000000146,True,SHORT,2026-03-05 12:50:00,5058.805,True,True,False,0.0,0.3745,0.3745,5050.638,2026-03-05 13:03:00,0.4663,5094.545,2026-03-05 15:18:00,False,,0.0,,True,5070.535,2026-03-05 13:05:00,0.0065
GC,2026-03-06,Friday,ADR,5090.475,5075.185,15.289999999999964,5091.985,5066.215,25.769999999999527,True,LONG,2026-03-05 20:30:00,5098.895,True,False,,3.4787,0.0,3.4787,5143.665,2026-03-05 20:57:00,0.0,5097.355,2026-03-05 20:35:00,True,2026-03-05 20:35:00,0.0,0.0,False,,,
GC,2026-03-06,Friday,ODR,5119.455,5100.155,19.300000000000182,5122.765,5095.985,26.780000000000655,True,SHORT,2026-03-06 04:10:00,5095.525,True,True,True,0.0,1.9705,1.9705,5062.125,2026-03-06 06:56:00,0.1751,5103.535,2026-03-06 04:33:00,True,2026-03-06 04:36:00,0.1751,0.0,True,5100.275,2026-03-06 04:17:00,0.0062
GC,2026-03-06,Friday,RDR,5166.015,5088.365,77.65000000000055,5171.238,5083.885,87.35300000000007,True,LONG,2026-03-06 14:15:00,5173.698,True,True,False,0.1074,0.0,0.1015,5173.898,2026-03-06 14:20:00,0.2171,5149.155,2026-03-06 15:35:00,False,,0.0,,True,5165.575,2026-03-06 14:22:00,0.0057
GC,2026-03-09,Monday,ADR,5104.275,5035.825,68.44999999999982,5105.025,5028.195,76.82999999999993,True,LONG,2026-03-09 01:30:00,5106.035,True,False,,0.5272,0.3093,0.5272,5140.365,2026-03-09 01:49:00,0.0,5104.425,2026-03-09 01:39:00,True,2026-03-09 01:49:00,0.0,0.0,False,,,
GC,2026-03-09,Monday,ODR,5106.495,5093.755,12.739999999999782,5107.685,5088.095,19.590000000000146,True,LONG,2026-03-09 04:00:00,5109.235,False,True,True,2.0204,1.1397,2.0204,5132.235,2026-03-09 05:33:00,2.1397,5079.235,2026-03-09 07:29:00,True,2026-03-09 05:11:00,1.5424,2.1397,True,5105.175,2026-03-09 04:05:00,0.1036
GC,2026-03-09,Monday,RDR,5108.815,5071.115,37.69999999999982,5110.978,5060.139,50.83899999999994,True,LONG,2026-03-09 10:40:00,5112.205,True,True,True,0.9306,0.0,0.9306,5143.898,2026-03-09 15:59:00,0.7862,5079.175,2026-03-09 11:09:00,True,2026-03-09 15:01:00,0.7862,0.0,True,5103.655,2026-03-09 10:46:00,0.1369
GC,2026-03-10,Tuesday,ADR,5147.915,5130.245,17.670000000000073,5149.425,5128.705,20.720000000000255,True,SHORT,2026-03-09 20:30:00,5128.615,False,True,False,2.1881,0.3271,0.3271,5124.465,2026-03-09 21:00:00,3.1881,5186.578,2026-03-09 22:01:00,False,,0.4941,,True,5131.315,2026-03-09 20:35:00,0.0606
GC,2026-03-10,Tuesday,ODR,5180.855,5159.368,21.48699999999917,5181.306,5158.248,23.057999999999993,True,LONG,2026-03-10 04:05:00,5182.175,False,True,False,0.6557,0.1486,0.6557,5194.945,2026-03-10 04:49:00,1.1486,5156.175,2026-03-10 06:39:00,True,2026-03-10 04:40:00,0.2662,1.1486,True,5180.715,2026-03-10 04:10:00,0.0065
GC,2026-03-10,Tuesday,RDR,5221.305,5192.945,28.360000000000582,5221.956,5185.035,36.92100000000028,True,LONG,2026-03-10 11:10:00,5223.275,False,True,False,0.6016,1.146,0.6016,5238.365,2026-03-10 11:45:00,2.146,5160.445,2026-03-10 14:19:00,True,2026-03-10 11:34:00,0.0,2.146,True,5217.325,2026-03-10 14:02:00,0.1403
GC,2026-03-11,Wednesday,ADR,5212.125,5187.735,24.390000000000327,5215.395,5186.495,28.900000000000546,True,LONG,2026-03-10 20:45:00,5215.495,True,True,False,0.4465,0.0,0.4465,5223.015,2026-03-10 21:03:00,0.8959,5190.275,2026-03-11 01:30:00,False,,0.0,,True,5211.795,2026-03-10 21:10:00,0.0135
GC,2026-03-11,Wednesday,ODR,5200.275,5186.545,13.729999999999563,5201.975,5184.425,17.550000000000182,True,SHORT,2026-03-11 04:35:00,5183.405,True,True,False,0.0,0.8296,0.8099,5175.425,2026-03-11 07:58:00,0.7655,5197.055,2026-03-11 05:41:00,True,2026-03-11 04:45:00,0.7655,0.7655,True,5186.765,2026-03-11 04:50:00,0.016
GC,2026-03-11,Wednesday,RDR,5193.905,5159.715,34.1899999999996,5195.195,5149.065,46.13000000000011,False,,,,,,,0.0583,0.1623,,,,,,,False,,,,False,,,
GC,2026-03-12,Thursday,ADR,5155.705,5130.885,24.81999999999971,5157.965,5125.185,32.779999999999745,True,LONG,2026-03-11 21:00:00,5158.365,True,True,False,0.7752,0.0,0.7752,5174.945,2026-03-11 22:20:00,0.7595,5136.855,2026-03-12 01:25:00,True,2026-03-11 21:44:00,0.1833,0.7595,True,5155.238,2026-03-11 21:05:00,0.0188
GC,2026-03-12,Thursday,ODR,5181.858,5165.905,15.95300000000043,5185.085,5164.205,20.88000000000011,True,LONG,2026-03-12 05:55:00,5187.955,True,True,False,0.5974,0.1492,0.5974,5191.388,2026-03-12 06:06:00,1.1492,5163.525,2026-03-12 08:21:00,True,2026-03-12 06:00:00,0.0,1.1492,True,5181.025,2026-03-12 06:28:00,0.0522
GC,2026-03-12,Thursday,RDR,5170.955,5150.805,20.149999999999636,5170.955,5145.815,25.140000000000327,True,SHORT,2026-03-12 10:35:00,5144.735,True,True,True,0.0,3.5573,3.5573,5079.125,2026-03-12 15:03:00,0.129,5153.405,2026-03-12 10:46:00,True,2026-03-12 10:42:00,0.129,0.129,True,5153.405,2026-03-12 10:46:00,0.129
GC,2026-03-13,Friday,ADR,5106.155,5093.805,12.349999999999454,5108.135,5091.615,16.520000000000437,True,LONG,2026-03-12 20:30:00,5108.878,True,True,False,1.787,0.0,1.787,5128.225,2026-03-12 22:00:00,0.6785,5097.775,2026-03-13 01:56:00,True,2026-03-12 20:53:00,0.0,0.6785,True,5106.015,2026-03-12 23:37:00,0.0113
GC,2026-03-13,Friday,ODR,5090.685,5076.815,13.8700000000008,5094.025,5071.455,22.56999999999971,True,SHORT,2026-03-13 04:00:00,5068.095,False,True,False,2.0216,1.1197,1.1197,5061.285,2026-03-13 04:22:00,3.0216,5118.725,2026-03-13 08:02:00,True,2026-03-13 04:05:00,0.1521,3.0216,True,5077.455,2026-03-13 04:13:00,0.0461
GC,2026-03-13,Friday,RDR,5112.005,5089.045,22.960000000000036,5116.695,5082.595,34.099999999999454,True,SHORT,2026-03-13 10:40:00,5079.235,True,False,,0.0,3.4647,3.4647,5009.495,2026-03-13 15:53:00,0.0,5079.205,2026-03-13 10:45:00,True,2026-03-13 10:45:00,0.0,0.0,False,,,
GC,2026-03-16,Monday,ADR,5022.285,4974.475,47.80999999999949,5028.445,4971.965,56.47999999999956,True,LONG,2026-03-15 20:30:00,5030.155,True,True,False,0.173,0.0,0.1686,5030.345,2026-03-15 20:35:00,0.8392,4982.165,2026-03-15 21:32:00,False,,0.0,,True,5021.795,2026-03-15 20:37:00,0.0102
GC,2026-03-16,Monday,ODR,5015.225,4992.535,22.69000000000051,5016.285,4991.518,24.766999999999825,True,SHORT,2026-03-16 04:10:00,4988.555,False,True,False,0.4152,0.9881,0.9881,4970.115,2026-03-16 06:02:00,1.4152,5024.645,2026-03-16 08:29:00,True,2026-03-16 05:05:00,0.4733,1.4152,True,4992.625,2026-03-16 04:17:00,0.004
GC,2026-03-16,Monday,RDR,5032.505,5014.635,17.86999999999989,5037.715,5014.495,23.220000000000255,True,SHORT,2026-03-16 10:30:00,5010.568,True,True,True,0.0,2.286,2.286,4973.785,2026-03-16 12:35:00,0.3055,5020.095,2026-03-16 15:10:00,True,2026-03-16 10:40:00,0.0,0.3055,True,5015.085,2026-03-16 14:40:00,0.0252
GC,2026-03-17,Tuesday,ADR,5013.825,5003.255,10.569999999999709,5015.335,4999.915,15.420000000000073,True,LONG,2026-03-16 21:35:00,5016.305,True,False,,2.8884,0.8184,2.8884,5044.355,2026-03-17 01:17:00,0.0,5016.135,2026-03-16 21:40:00,True,2026-03-16 21:41:00,0.0,0.0,False,,,
GC,2026-03-17,Tuesday,ODR,5026.565,5009.825,16.73999999999978,5027.785,5008.735,19.050000000000182,True,SHORT,2026-03-17 06:05:00,5001.445,True,True,False,0.1679,1.0806,1.0806,4991.735,2026-03-17 06:43:00,0.641,5020.555,2026-03-17 08:28:00,True,2026-03-17 06:10:00,0.0,0.641,True,5011.245,2026-03-17 07:45:00,0.0848
GC,2026-03-17,Tuesday,RDR,5026.875,5008.005,18.86999999999989,5031.215,5005.345,25.86999999999989,True,SHORT,2026-03-17 11:25:00,4994.605,True,True,True,0.0,1.8288,1.8288,4973.495,2026-03-17 11:41:00,0.0445,5008.845,2026-03-17 14:23:00,True,2026-03-17 11:30:00,0.0,0.0445,True,5008.595,2026-03-17 13:24:00,0.0313
GC,2026-03-18,Wednesday,ADR,5012.135,4999.965,12.170000000000073,5012.215,4999.725,12.489999999999782,True,LONG,2026-03-17 21:15:00,5012.365,False,True,False,0.2909,1.5234,0.2909,5015.675,2026-03-17 21:20:00,2.5234,4981.425,2026-03-18 00:40:00,False,,0.0,,True,5011.225,2026-03-17 21:24:00,0.0748
GC,2026-03-18,Wednesday,ODR,5012.495,4991.045,21.449999999999818,5014.625,4989.119,25.506000000000313,True,SHORT,2026-03-18 04:20:00,4984.709,True,True,True,0.0,4.4559,4.4559,4895.465,2026-03-18 08:26:00,0.2098,4995.545,2026-03-18 05:37:00,True,2026-03-18 04:45:00,0.2098,0.2098,True,4991.229,2026-03-18 04:35:00,0.0086
GC,2026-03-18,Wednesday,RDR,4892.875,4857.395,35.47999999999956,4894.355,4850.225,44.1299999999992,True,LONG,2026-03-18 13:20:00,4896.555,False,True,False,0.175,0.5383,0.175,4899.085,2026-03-18 14:00:00,1.5383,4838.295,2026-03-18 15:51:00,False,,0.164,,True,4891.305,2026-03-18 13:28:00,0.0443
GC,2026-03-19,Thursday,ADR,4845.445,4833.835,11.609999999999673,4847.855,4829.645,18.209999999999127,True,LONG,2026-03-18 21:35:00,4861.875,False,True,False,1.8562,0.6167,1.8562,4866.995,2026-03-18 21:41:00,1.6167,4826.675,2026-03-19 01:56:00,True,2026-03-18 21:40:00,0.0,1.6167,True,4845.445,2026-03-18 22:04:00,0.0
GC,2026-03-19,Thursday,ODR,4780.265,4727.635,52.63000000000011,4784.275,4726.755,57.51999999999953,True,SHORT,2026-03-19 04:05:00,4715.005,True,True,True,0.0,2.3755,2.3755,4602.615,2026-03-19 08:26:00,0.1651,4736.325,2026-03-19 04:20:00,True,2026-03-19 04:14:00,0.1651,0.1651,True,4732.095,2026-03-19 04:17:00,0.0847
GC,2026-03-19,Thursday,RDR,4630.595,4558.395,72.19999999999982,4648.825,4538.158,110.66699999999946,True,LONG,2026-03-19 15:05:00,4649.615,True,False,,0.4518,0.0,0.4518,4663.215,2026-03-19 15:12:00,0.0,4631.675,2026-03-19 15:50:00,False,,0.0,,False,,,
GC,2026-03-20,Friday,ADR,4662.035,4635.345,26.6899999999996,4664.815,4633.905,30.909999999999854,True,LONG,2026-03-19 21:00:00,4669.155,True,True,True,2.7651,0.0,2.7651,4735.835,2026-03-19 23:27:00,0.5126,4648.355,2026-03-19 21:20:00,True,2026-03-19 21:06:00,0.5126,0.5126,True,4661.825,2026-03-19 21:10:00,0.0079
GC,2026-03-20,Friday,ODR,4706.005,4668.835,37.17000000000007,4707.665,4667.655,40.01000000000022,True,LONG,2026-03-20 04:05:00,4708.225,False,True,False,0.7705,0.8606,0.7705,4734.645,2026-03-20 04:26:00,1.8606,4636.845,2026-03-20 07:01:00,True,2026-03-20 04:19:00,0.0,1.8606,True,4700.785,2026-03-20 04:33:00,0.1404
GC,2026-03-20,Friday,RDR,4662.405,4558.245,104.15999999999985,4665.458,4550.965,114.49299999999948,True,SHORT,2026-03-20 11:45:00,4549.205,True,True,True,0.0,0.7788,0.7788,4477.125,2026-03-20 14:57:00,0.5312,4613.575,2026-03-20 12:21:00,True,2026-03-20 14:50:00,0.5312,0.0,True,4560.065,2026-03-20 11:52:00,0.0175
GC,2026-03-23,Monday,ADR,4488.805,4424.685,64.11999999999989,4493.315,4403.755,89.55999999999949,True,SHORT,2026-03-22 20:30:00,4400.555,True,True,True,0.0,1.9181,1.9181,4301.698,2026-03-23 01:55:00,0.4551,4453.865,2026-03-22 21:33:00,True,2026-03-22 20:35:00,0.4551,0.4551,True,4424.695,2026-03-22 21:15:00,0.0002
GC,2026-03-23,Monday,ODR,4220.075,4116.115,103.96000000000004,4232.235,4098.275,133.96000000000004,True,LONG,2026-03-23 04:05:00,4233.035,True,True,True,2.3369,0.0,2.3369,4463.015,2026-03-23 07:11:00,0.0863,4211.105,2026-03-23 04:21:00,True,2026-03-23 05:15:00,0.0863,0.0,True,4215.575,2026-03-23 04:18:00,0.0433
GC,2026-03-23,Monday,RDR,4504.045,4409.365,94.68000000000029,4512.665,4400.995,111.67000000000007,True,SHORT,2026-03-23 11:50:00,4396.125,True,True,True,0.0011,0.6186,0.6186,4350.798,2026-03-23 11:59:00,0.6076,4466.895,2026-03-23 14:49:00,True,2026-03-23 11:57:00,0.0,0.6076,True,4411.295,2026-03-23 13:26:00,0.0204
GC,2026-03-24,Tuesday,ADR,4443.885,4377.705,66.18000000000029,4446.435,4367.828,78.60699999999997,True,SHORT,2026-03-23 20:35:00,4352.835,True,True,True,0.0,1.0901,1.0901,4305.565,2026-03-23 22:12:00,0.1322,4386.455,2026-03-23 20:53:00,True,2026-03-23 20:40:00,0.1322,0.1322,True,4386.455,2026-03-23 20:53:00,0.1322
GC,2026-03-24,Tuesday,ODR,4424.465,4401.885,22.579999999999927,4432.785,4399.365,33.42000000000007,True,SHORT,2026-03-24 04:20:00,4394.295,False,True,False,0.7706,1.2771,1.2771,4373.048,2026-03-24 07:01:00,1.7706,4441.865,2026-03-24 07:01:00,True,2026-03-24 07:01:00,1.7706,1.7706,True,4404.615,2026-03-24 04:31:00,0.1209
GC,2026-03-24,Tuesday,RDR,4408.735,4354.345,54.38999999999942,4414.475,4350.838,63.637000000000626,True,LONG,2026-03-24 10:30:00,4415.065,True,True,False,0.4477,0.0,0.4477,4433.085,2026-03-24 10:52:00,0.6726,4372.155,2026-03-24 13:45:00,False,,0.1465,,True,4405.275,2026-03-24 10:36:00,0.0636
GC,2026-03-25,Wednesday,ADR,4553.105,4505.755,47.349999999999454,4556.618,4504.035,52.58300000000054,True,LONG,2026-03-24 20:30:00,4559.398,True,True,True,1.0353,0.0,1.0353,4602.125,2026-03-24 22:46:00,0.0888,4548.898,2026-03-25 01:32:00,True,2026-03-24 21:10:00,0.0215,0.0888,True,4552.085,2026-03-24 21:03:00,0.0215
GC,2026-03-25,Wednesday,ODR,4561.825,4539.065,22.76000000000022,4562.915,4536.548,26.36700000000019,True,LONG,2026-03-25 04:15:00,4563.205,False,True,False,1.0391,0.5009,1.0391,4585.475,2026-03-25 07:37:00,1.5009,4527.665,2026-03-25 05:48:00,True,2026-03-25 07:22:00,1.5009,0.9644,True,4561.465,2026-03-25 04:24:00,0.0158
GC,2026-03-25,Wednesday,RDR,4568.955,4544.565,24.390000000000327,4576.285,4532.975,43.30999999999949,True,SHORT,2026-03-25 15:05:00,4503.495,True,False,,0.4149,2.3804,2.3804,4486.508,2026-03-25 15:11:00,0.0,4533.675,2026-03-25 15:59:00,True,2026-03-25 15:10:00,0.0,0.0,False,,,
GC,2026-03-26,Thursday,ADR,4527.345,4491.868,35.47699999999986,4535.235,4488.575,46.659999999999854,True,LONG,2026-03-25 21:00:00,4538.045,False,True,False,0.4772,1.5019,0.3724,4540.555,2026-03-25 21:07:00,2.5019,4438.585,2026-03-26 01:59:00,False,,0.0,,True,4526.685,2026-03-25 21:16:00,0.0186
GC,2026-03-26,Thursday,ODR,4460.525,4446.705,13.819999999999709,4463.665,4438.755,24.909999999999854,True,SHORT,2026-03-26 04:20:00,4431.435,True,True,True,0.0,2.4682,2.4682,4412.595,2026-03-26 04:43:00,0.7091,4456.505,2026-03-26 07:20:00,True,2026-03-26 04:25:00,0.0,0.7091,True,4446.875,2026-03-26 06:28:00,0.0123
GC,2026-03-26,Thursday,RDR,4458.638,4434.185,24.45299999999952,4469.355,4428.818,40.53699999999935,True,LONG,2026-03-26 10:30:00,4474.815,False,True,False,0.8538,3.0781,0.8538,4479.515,2026-03-26 10:40:00,4.0781,4358.915,2026-03-26 15:58:00,True,2026-03-26 10:35:00,0.0,4.0781,True,4458.195,2026-03-26 10:44:00,0.0181
GC,2026-03-27,Friday,ADR,4408.665,4389.395,19.269999999999527,4410.835,4382.415,28.420000000000073,True,SHORT,2026-03-26 20:50:00,4381.985,False,True,False,3.438,0.7348,0.7348,4375.235,2026-03-26 20:59:00,4.438,4474.915,2026-03-27 01:40:00,True,2026-03-26 20:58:00,0.0,4.438,True,4392.075,2026-03-26 21:05:00,0.1391
GC,2026-03-27,Friday,ODR,4459.395,4443.485,15.910000000000764,4462.915,4442.455,20.460000000000036,True,SHORT,2026-03-27 04:15:00,4440.265,True,False,,0.0,2.4802,2.4802,4404.025,2026-03-27 07:07:00,0.0,4443.345,2026-03-27 04:23:00,True,2026-03-27 04:25:00,0.0,0.0,False,,,
GC,2026-03-27,Friday,RDR,4465.705,4418.085,47.61999999999989,4469.665,4413.338,56.327000000000226,True,LONG,2026-03-27 10:45:00,4472.988,True,False,,1.8744,0.0,1.8744,4554.965,2026-03-27 11:23:00,0.0,4472.168,2026-03-27 10:50:00,True,2026-03-27 10:51:00,0.0,0.0,False,,,
GC,2026-03-30,Monday,ADR,4472.105,4425.375,46.72999999999956,4472.105,4417.665,54.4399999999996,True,LONG,2026-03-29 21:45:00,4473.785,True,True,True,1.2007,0.0,1.2007,4528.215,2026-03-30 01:54:00,0.2857,4458.755,2026-03-29 22:33:00,True,2026-03-29 22:44:00,0.2857,0.0,True,4470.755,2026-03-29 21:50:00,0.0289
GC,2026-03-30,Monday,ODR,4533.975,4516.885,17.090000000000146,4534.635,4515.585,19.050000000000182,True,LONG,2026-03-30 04:05:00,4534.765,True,True,True,2.7203,0.0,2.7203,4580.465,2026-03-30 07:51:00,0.6277,4523.248,2026-03-30 05:17:00,True,2026-03-30 07:18:00,0.6277,0.0,True,4531.725,2026-03-30 04:11:00,0.1317
GC,2026-03-30,Monday,RDR,4567.325,4518.705,48.61999999999989,4573.675,4511.748,61.92700000000059,True,SHORT,2026-03-30 14:50:00,4506.785,True,False,,0.0,0.5311,0.5311,4492.885,2026-03-30 15:21:00,0.0,4518.205,2026-03-30 15:56:00,True,2026-03-30 15:10:00,0.0,0.0,False,,,
GC,2026-03-31,Tuesday,ADR,4528.195,4493.515,34.67999999999938,4528.285,4482.115,46.17000000000007,True,LONG,2026-03-30 20:35:00,4529.745,True,True,True,2.624,0.0,2.624,4619.195,2026-03-30 21:45:00,0.1099,4524.385,2026-03-30 20:41:00,True,2026-03-30 20:48:00,0.1099,0.0,True,4526.895,2026-03-30 20:40:00,0.0375
GC,2026-03-31,Tuesday,ODR,4564.205,4546.515,17.6899999999996,4565.605,4543.065,22.539999999999964,True,LONG,2026-03-31 04:00:00,4568.155,False,True,True,1.8705,0.9836,1.8705,4597.295,2026-03-31 08:09:00,1.9836,4529.115,2026-03-31 06:40:00,True,2026-03-31 04:37:00,1.9836,1.9836,True,4563.698,2026-03-31 04:11:00,0.0287
GC,2026-03-31,Tuesday,RDR,4618.675,4572.998,45.67700000000059,4624.995,4567.925,57.06999999999971,True,LONG,2026-03-31 12:35:00,4632.685,True,False,,1.4592,0.0,1.4592,4685.325,2026-03-31 15:59:00,0.0,4630.865,2026-03-31 12:48:00,True,2026-03-31 12:41:00,0.0,0.0,False,,,
GC,2026-04-01,Wednesday,ADR,4721.595,4682.035,39.5600000000004,4721.645,4681.585,40.0600000000004,True,SHORT,2026-03-31 22:35:00,4680.125,True,True,False,0.0609,0.39,0.39,4666.605,2026-04-01 00:18:00,0.5349,4703.195,2026-04-01 01:41:00,False,,0.3049,,True,4682.485,2026-03-31 22:40:00,0.0114
GC,2026-04-01,Wednesday,ODR,4741.395,4712.715,28.68000000000029,4747.565,4709.385,38.17999999999938,True,LONG,2026-04-01 07:35:00,4756.615,True,True,False,0.7378,0.0948,0.7378,4762.555,2026-04-01 07:44:00,0.5914,4724.435,2026-04-01 08:27:00,True,2026-04-01 07:40:00,0.0,0.5914,True,4740.998,2026-04-01 08:08:00,0.0138
GC,2026-04-01,Wednesday,RDR,4746.885,4736.085,10.800000000000182,4754.585,4723.895,30.6899999999996,True,LONG,2026-04-01 10:45:00,4758.595,True,True,True,4.2824,0.1333,4.2824,4793.135,2026-04-01 13:06:00,0.4704,4741.805,2026-04-01 14:38:00,True,2026-04-01 10:50:00,0.0,0.4704,True,4746.455,2026-04-01 14:36:00,0.0398
GC,2026-04-02,Thursday,ADR,4795.085,4781.465,13.61999999999989,4800.185,4774.755,25.43000000000029,True,SHORT,2026-04-01 21:00:00,4742.855,True,False,,0.0463,14.395,14.395,4585.405,2026-04-02 01:50:00,0.0,4764.685,2026-04-01 21:11:00,True,2026-04-01 21:05:00,0.0,0.0,False,,,
GC,2026-04-02,Thursday,ODR,4648.445,4598.485,49.960000000000036,4650.985,4596.915,54.06999999999971,False,,,,,,,0.0022,0.1209,,,,,,,False,,,,False,,,
GC,2026-04-02,Thursday,RDR,4674.915,4589.735,85.18000000000029,4675.625,4585.818,89.80699999999979,True,LONG,2026-04-02 10:35:00,4687.398,True,True,False,0.2902,0.0,0.2902,4699.635,2026-04-02 10:43:00,0.3792,4642.618,2026-04-02 12:20:00,False,,0.0,,True,4672.105,2026-04-02 10:50:00,0.033
GC,2026-04-06,Monday,ADR,4625.775,4603.055,22.719999999999345,4628.905,4600.385,28.519999999999527,True,LONG,2026-04-05 21:00:00,4630.715,True,True,True,2.3182,0.0167,2.3182,4678.445,2026-04-06 01:20:00,0.2544,4619.995,2026-04-05 21:20:00,True,2026-04-05 21:06:00,0.2544,0.2544,True,4624.425,2026-04-05 21:19:00,0.0594
GC,2026-04-06,Monday,ODR,4684.485,4645.075,39.409999999999854,4688.055,4644.735,43.32000000000062,True,LONG,2026-04-06 04:00:00,4693.265,True,True,False,0.5524,0.0,0.5524,4706.255,2026-04-06 05:43:00,0.6344,4659.485,2026-04-06 08:25:00,True,2026-04-06 05:31:00,0.0606,0.6344,True,4684.355,2026-04-06 04:06:00,0.0033
GC,2026-04-06,Monday,RDR,4685.598,4663.775,21.82300000000032,4690.658,4659.658,31.0,True,LONG,2026-04-06 10:30:00,4691.715,False,True,False,0.5488,0.8486,0.5488,4697.575,2026-04-06 10:35:00,1.8486,4645.255,2026-04-06 15:18:00,True,2026-04-06 10:35:00,0.0,1.8486,True,4677.955,2026-04-06 10:38:00,0.3502
GC,2026-04-07,Tuesday,ADR,4659.445,4653.475,5.969999999999345,4660.895,4648.845,12.050000000000182,True,LONG,2026-04-06 21:00:00,4661.365,False,True,False,0.8074,6.273,0.8074,4664.265,2026-04-06 21:08:00,7.273,4616.025,2026-04-06 21:56:00,True,2026-04-06 21:07:00,0.4657,7.273,True,4657.425,2026-04-06 21:05:00,0.3384
GC,2026-04-07,Tuesday,ODR,4653.875,4638.995,14.88000000000011,4656.615,4636.465,20.149999999999636,True,LONG,2026-04-07 04:10:00,4663.365,False,True,True,2.6935,0.6989,2.6935,4693.955,2026-04-07 05:26:00,1.6989,4628.595,2026-04-07 07:14:00,True,2026-04-07 04:15:00,0.0,1.6989,True,4652.638,2026-04-07 06:48:00,0.0831
GC,2026-04-07,Tuesday,RDR,4657.615,4612.245,45.36999999999989,4663.205,4607.335,55.86999999999989,True,LONG,2026-04-07 13:00:00,4665.485,True,True,True,1.3412,0.0,1.3412,4718.465,2026-04-07 15:49:00,0.0899,4653.535,2026-04-07 13:21:00,True,2026-04-07 13:36:00,0.0899,0.0119,True,4656.078,2026-04-07 13:18:00,0.0339
GC,2026-04-08,Wednesday,ADR,4845.345,4807.958,37.387000000000626,4856.998,4803.685,53.31299999999919,True,SHORT,2026-04-07 21:15:00,4802.195,True,True,False,0.0,0.5348,0.5348,4787.965,2026-04-07 21:32:00,0.9508,4843.505,2026-04-08 01:53:00,True,2026-04-07 21:31:00,0.0,0.9508,True,4814.035,2026-04-07 21:50:00,0.1625
GC,2026-04-08,Wednesday,ODR,4819.675,4808.835,10.840000000000146,4821.105,4804.925,16.17999999999938,True,SHORT,2026-04-08 04:30:00,4802.705,True,False,,0.0,3.7553,3.7553,4768.128,2026-04-08 08:22:00,0.0,4807.065,2026-04-08 04:36:00,True,2026-04-08 04:35:00,0.0,0.0,False,,,
GC,2026-04-08,Wednesday,RDR,4789.918,4767.375,22.542999999999665,4794.398,4760.998,33.400000000000546,True,SHORT,2026-04-08 10:30:00,4753.915,True,True,True,0.0,3.0227,3.0227,4699.235,2026-04-08 15:05:00,0.1118,4769.895,2026-04-08 10:41:00,True,2026-04-08 10:35:00,0.1118,0.1118,True,4769.895,2026-04-08 10:41:00,0.1118
GC,2026-04-09,Thursday,ADR,4717.275,4700.205,17.06999999999971,4719.795,4698.085,21.710000000000036,True,LONG,2026-04-08 21:10:00,4720.455,True,True,False,0.8975,0.0602,0.8975,4732.595,2026-04-08 22:45:00,0.8541,4702.695,2026-04-08 21:28:00,True,2026-04-08 21:57:00,0.8541,0.7251,True,4716.415,2026-04-08 21:17:00,0.0504
GC,2026-04-09,Thursday,ODR,4729.035,4708.275,20.76000000000022,4730.995,4705.335,25.659999999999854,True,LONG,2026-04-09 05:05:00,4731.105,True,True,True,1.4619,0.0,1.4619,4759.385,2026-04-09 08:01:00,0.2754,4723.318,2026-04-09 05:46:00,True,2026-04-09 06:25:00,0.2754,0.0,True,4728.955,2026-04-09 05:16:00,0.0039
GC,2026-04-09,Thursday,RDR,4775.585,4752.258,23.327000000000226,4777.015,4750.175,26.840000000000146,True,LONG,2026-04-09 11:15:00,4782.925,True,True,False,1.0902,0.2222,1.0902,4801.015,2026-04-09 13:40:00,0.382,4766.675,2026-04-09 15:55:00,True,2026-04-09 11:32:00,0.0,0.382,True,4774.778,2026-04-09 14:31:00,0.0346
GC,2026-04-10,Friday,ADR,4763.485,4753.415,10.069999999999709,4764.065,4750.475,13.589999999999236,True,LONG,2026-04-09 21:30:00,4771.215,False,True,True,1.3456,1.5591,1.3456,4777.035,2026-04-09 21:37:00,2.5591,4737.715,2026-04-09 22:31:00,True,2026-04-09 21:35:00,0.0,2.5591,True,4760.018,2026-04-09 21:50:00,0.3443
GC,2026-04-10,Friday,ODR,4755.585,4745.725,9.859999999999673,4757.345,4741.045,16.300000000000182,True,SHORT,2026-04-10 04:45:00,4735.245,False,True,False,1.553,1.574,1.574,4730.205,2026-04-10 04:53:00,2.553,4770.898,2026-04-10 08:18:00,True,2026-04-10 04:50:00,0.0,2.553,True,4745.805,2026-04-10 05:05:00,0.0081
GC,2026-04-10,Friday,RDR,4790.405,4768.905,21.5,4792.745,4764.615,28.13000000000011,True,SHORT,2026-04-10 11:35:00,4760.225,True,True,True,0.2028,1.014,1.014,4747.105,2026-04-10 12:07:00,0.1795,4772.765,2026-04-10 14:38:00,True,2026-04-10 12:01:00,0.0381,0.1795,True,4769.465,2026-04-10 11:47:00,0.026
GC,2026-04-13,Monday,ADR,4673.285,4653.165,20.11999999999989,4675.885,4649.805,26.079999999999927,True,LONG,2026-04-12 20:30:00,4680.015,True,False,,2.8489,0.0,2.8489,4730.605,2026-04-13 01:59:00,0.0,4675.225,2026-04-12 20:39:00,True,2026-04-12 20:47:00,0.0,0.0,False,,,
GC,2026-04-13,Monday,ODR,4738.775,4725.405,13.36999999999989,4739.815,4724.485,15.329999999999927,True,SHORT,2026-04-13 04:40:00,4721.215,True,True,True,0.0,1.6634,1.6634,4703.165,2026-04-13 07:46:00,0.3119,4729.575,2026-04-13 04:49:00,True,2026-04-13 05:09:00,0.3119,0.2655,True,4726.015,2026-04-13 04:47:00,0.0456
GC,2026-04-13,Monday,RDR,4739.335,4715.105,24.230000000000473,4744.315,4709.125,35.1899999999996,True,SHORT,2026-04-13 11:00:00,4707.305,False,True,False,0.4288,0.6224,0.6224,4700.025,2026-04-13 11:05:00,1.4288,4749.725,2026-04-13 13:28:00,True,2026-04-13 11:05:00,0.0,1.4288,True,4718.015,2026-04-13 11:38:00,0.1201
GC,2026-04-14,Tuesday,ADR,4763.528,4754.595,8.932999999999993,4767.355,4751.285,16.06999999999971,True,LONG,2026-04-13 20:35:00,4771.235,True,True,False,1.5165,0.0,1.5165,4777.075,2026-04-13 22:51:00,0.6594,4757.638,2026-04-14 01:40:00,True,2026-04-13 20:40:00,0.2309,0.6594,True,4762.195,2026-04-13 21:00:00,0.1492
GC,2026-04-14,Tuesday,ODR,4793.415,4772.415,21.0,4796.185,4767.575,28.610000000000582,True,SHORT,2026-04-14 06:35:00,4763.005,True,True,True,0.0,1.0062,0.7514,4756.635,2026-04-14 06:41:00,0.4986,4782.885,2026-04-14 07:28:00,True,2026-04-14 06:41:00,0.0,0.4986,True,4772.515,2026-04-14 07:05:00,0.0048
GC,2026-04-14,Tuesday,RDR,4808.908,4782.585,26.32300000000032,4810.425,4779.775,30.650000000000546,True,LONG,2026-04-14 10:30:00,4813.155,True,True,True,1.4128,0.0,1.4128,4846.098,2026-04-14 15:59:00,0.6805,4790.995,2026-04-14 11:10:00,True,2026-04-14 13:05:00,0.6805,0.0,True,4805.608,2026-04-14 10:38:00,0.1254
GC,2026-04-15,Wednesday,ADR,4842.125,4832.695,9.430000000000291,4843.905,4828.415,15.489999999999782,True,LONG,2026-04-14 21:10:00,4849.985,False,True,False,3.0795,2.1474,3.0795,4871.165,2026-04-14 21:18:00,3.1474,4812.445,2026-04-15 01:44:00,True,2026-04-14 21:15:00,0.0,3.1474,True,4841.838,2026-04-14 21:23:00,0.0304
GC,2026-04-15,Wednesday,ODR,4815.605,4807.575,8.029999999999745,4816.775,4803.715,13.05999999999949,True,LONG,2026-04-15 04:55:00,4818.185,False,True,False,0.709,2.7011,0.4658,4819.345,2026-04-15 05:01:00,3.7011,4785.885,2026-04-15 05:47:00,False,,0.0,,True,4812.468,2026-04-15 05:02:00,0.3907
GC,2026-04-15,Wednesday,RDR,4828.595,4818.725,9.86999999999989,4830.435,4815.585,14.850000000000364,True,SHORT,2026-04-15 10:50:00,4814.485,True,False,,0.0,3.234,3.234,4786.805,2026-04-15 11:31:00,0.0,4818.255,2026-04-15 10:57:00,True,2026-04-15 11:00:00,0.0,0.0,False,,,
GC,2026-04-16,Thursday,ADR,4830.325,4814.765,15.55999999999949,4831.215,4814.285,16.93000000000029,True,LONG,2026-04-15 20:40:00,4832.275,False,True,False,0.5148,0.2389,0.5148,4838.335,2026-04-16 01:06:00,1.2389,4811.048,2026-04-15 21:40:00,True,2026-04-16 01:06:00,1.2389,0.5938,True,4829.335,2026-04-15 21:00:00,0.0636
GC,2026-04-16,Thursday,ODR,4829.768,4820.715,9.052999999999884,4830.735,4816.945,13.789999999999964,True,SHORT,2026-04-16 04:00:00,4813.925,True,True,True,0.0,1.7519,1.7519,4804.855,2026-04-16 06:15:00,0.243,4822.915,2026-04-16 08:00:00,True,2026-04-16 04:05:00,0.0,0.243,True,4822.245,2026-04-16 07:56:00,0.169
GC,2026-04-16,Thursday,RDR,4821.535,4792.035,29.5,4823.575,4784.745,38.82999999999993,True,SHORT,2026-04-16 13:30:00,4783.945,True,True,False,0.0,0.6487,0.3668,4781.215,2026-04-16 13:38:00,0.2156,4798.395,2026-04-16 15:45:00,False,,0.0,,True,4794.235,2026-04-16 14:01:00,0.0746
GC,2026-04-17,Friday,ADR,4795.595,4788.025,7.5700000000006185,4796.465,4785.635,10.829999999999927,True,LONG,2026-04-16 20:40:00,4798.355,False,True,False,1.3659,2.6453,1.3659,4805.935,2026-04-17 01:14:00,3.6453,4768.0,2026-04-16 21:28:00,True,2026-04-16 20:45:00,3.6453,3.6453,True,4794.745,2026-04-16 20:51:00,0.1123
GC,2026-04-17,Friday,ODR,4794.315,4779.785,14.529999999999745,4794.565,4778.598,15.966999999999643,True,LONG,2026-04-17 04:40:00,4796.715,True,True,True,1.7153,0.0,1.7153,4819.238,2026-04-17 08:28:00,0.8445,4782.045,2026-04-17 06:40:00,True,2026-04-17 07:45:00,0.8445,0.0,True,4793.395,2026-04-17 04:46:00,0.0633
GC,2026-04-17,Friday,RDR,4880.613,4851.065,29.548000000000684,4885.145,4848.178,36.96700000000055,False,,,,,,,0.0699,0.0,,,,,,,False,,,,False,,,
GC,2026-04-20,Monday,ADR,4771.125,4743.505,27.61999999999989,4773.205,4736.635,36.56999999999971,True,LONG,2026-04-19 21:00:00,4787.505,True,False,,1.5536,0.0,1.5536,4814.035,2026-04-19 21:53:00,0.0,4779.285,2026-04-20 01:44:00,True,2026-04-19 21:05:00,0.0,0.0,False,,,
GC,2026-04-20,Monday,ODR,4802.685,4788.015,14.670000000000073,4805.605,4786.605,19.0,True,SHORT,2026-04-20 05:30:00,4785.975,False,True,False,1.3063,0.3258,0.2318,4784.615,2026-04-20 05:37:00,2.3063,4821.848,2026-04-20 08:22:00,False,,0.0,,True,4788.575,2026-04-20 05:38:00,0.0382
GC,2026-04-20,Monday,RDR,4825.415,4812.355,13.0600000000004,4826.465,4806.655,19.8100000000004,True,SHORT,2026-04-20 10:55:00,4804.895,True,True,False,0.148,1.5551,1.526,4792.425,2026-04-20 11:13:00,0.6664,4821.058,2026-04-20 15:13:00,True,2026-04-20 11:00:00,0.0,0.6664,True,4813.735,2026-04-20 14:05:00,0.1057
GC,2026-04-21,Tuesday,ADR,4828.415,4819.505,8.909999999999854,4830.565,4819.275,11.289999999999964,True,SHORT,2026-04-20 20:30:00,4817.745,True,True,True,0.0,4.1212,4.1212,4782.785,2026-04-21 01:52:00,0.7295,4826.005,2026-04-20 20:57:00,True,2026-04-20 21:11:00,0.7295,0.0,True,4820.125,2026-04-20 20:38:00,0.0696
GC,2026-04-21,Tuesday,ODR,4790.255,4774.445,15.8100000000004,4792.405,4772.395,20.00999999999931,True,LONG,2026-04-21 07:40:00,4793.005,True,True,False,0.4858,0.008,0.4858,4797.935,2026-04-21 07:48:00,0.7147,4778.955,2026-04-21 08:21:00,False,,0.0,,True,4788.755,2026-04-21 08:15:00,0.0949
GC,2026-04-21,Tuesday,RDR,4788.915,4772.425,16.48999999999978,4794.165,4769.515,24.649999999999636,True,SHORT,2026-04-21 10:30:00,4767.775,True,False,,0.0,6.3159,6.3159,4668.275,2026-04-21 15:44:00,0.0,4769.345,2026-04-21 10:35:00,True,2026-04-21 10:36:00,0.0,0.0,False,,,
GC,2026-04-22,Wednesday,ADR,4744.335,4729.805,14.529999999999745,4747.305,4728.665,18.640000000000327,True,LONG,2026-04-21 21:30:00,4747.885,True,False,,1.8995,0.0,1.8995,4771.935,2026-04-22 01:52:00,0.0,4747.418,2026-04-21 21:35:00,True,2026-04-21 21:39:00,0.0,0.0,False,,,
GC,2026-04-22,Wednesday,ODR,4769.855,4760.045,9.80999999999949,4772.165,4759.345,12.819999999999709,True,SHORT,2026-04-22 04:00:00,4759.175,True,True,True,0.0,1.474,1.474,4745.585,2026-04-22 06:13:00,0.2283,4762.285,2026-04-22 05:42:00,True,2026-04-22 04:22:00,0.2283,0.2283,True,4760.585,2026-04-22 04:05:00,0.055
GC,2026-04-22,Wednesday,RDR,4756.765,4743.725,13.039999999999964,4760.825,4742.015,18.80999999999949,True,SHORT,2026-04-22 10:30:00,4735.935,True,True,True,0.0,1.5368,1.5368,4723.685,2026-04-22 12:30:00,0.4479,4749.565,2026-04-22 14:48:00,True,2026-04-22 10:35:00,0.0,0.4479,True,4743.815,2026-04-22 14:47:00,0.0069
GC,2026-04-23,Thursday,ADR,4741.235,4699.205,42.029999999999745,4742.095,4693.638,48.457000000000335,True,LONG,2026-04-22 20:30:00,4746.525,False,True,False,0.2938,0.1696,0.2938,4753.585,2026-04-22 20:52:00,1.1696,4692.078,2026-04-23 01:30:00,False,,0.0,,True,4737.495,2026-04-22 21:11:00,0.089
GC,2026-04-23,Thursday,ODR,4720.175,4705.385,14.789999999999964,4720.345,4702.945,17.400000000000546,True,LONG,2026-04-23 04:00:00,4721.285,False,True,True,1.2416,1.4395,1.2416,4738.538,2026-04-23 08:06:00,2.4395,4684.095,2026-04-23 06:30:00,True,2026-04-23 08:01:00,2.4395,0.0,True,4718.885,2026-04-23 04:05:00,0.0872
GC,2026-04-23,Thursday,RDR,4737.305,4721.225,16.079999999999927,4741.095,4716.775,24.32000000000062,True,SHORT,2026-04-23 13:05:00,4710.205,True,True,True,0.2239,3.556,3.556,4664.045,2026-04-23 13:46:00,0.0429,4721.915,2026-04-23 14:01:00,True,2026-04-23 13:10:00,0.0,0.0429,True,4721.915,2026-04-23 14:01:00,0.0429
GC,2026-04-24,Friday,ADR,4705.275,4691.365,13.909999999999854,4705.485,4690.495,14.989999999999782,True,LONG,2026-04-23 21:10:00,4709.155,False,True,False,0.4069,2.4357,0.4069,4710.935,2026-04-23 21:15:00,3.4357,4657.485,2026-04-24 00:31:00,False,,0.0,,True,4704.665,2026-04-23 21:19:00,0.0439
GC,2026-04-24,Friday,ODR,4694.285,4671.605,22.68000000000029,4694.995,4670.735,24.26000000000022,True,LONG,2026-04-24 05:10:00,4695.135,True,True,True,1.0101,0.0,1.0101,4717.195,2026-04-24 07:32:00,0.8743,4674.455,2026-04-24 06:35:00,True,2026-04-24 07:22:00,0.8743,0.0,True,4692.625,2026-04-24 05:18:00,0.0732
GC,2026-04-24,Friday,RDR,4731.425,4692.015,39.409999999999854,4739.995,4689.545,50.44999999999982,False,,,,,,,0.0439,0.0,,,,,,,False,,,,False,,,
GC,2026-04-27,Monday,ADR,4680.948,4675.365,5.583000000000538,4682.035,4672.025,10.010000000000218,True,LONG,2026-04-26 20:45:00,4682.345,True,False,,8.7636,0.0,8.7636,4729.875,2026-04-27 00:34:00,0.0,4682.315,2026-04-26 20:50:00,True,2026-04-26 20:51:00,0.0,0.0,False,,,
GC,2026-04-27,Monday,ODR,4717.575,4711.925,5.649999999999636,4718.205,4709.785,8.420000000000073,True,SHORT,2026-04-27 04:30:00,4709.495,True,True,True,0.0,2.2602,2.2602,4699.155,2026-04-27 05:30:00,0.469,4714.575,2026-04-27 04:47:00,True,2026-04-27 04:35:00,0.469,0.469,True,4713.335,2026-04-27 04:45:00,0.2496
GC,2026-04-27,Monday,RDR,4699.865,4688.745,11.11999999999989,4702.475,4686.065,16.410000000000764,True,SHORT,2026-04-27 10:30:00,4685.655,True,True,True,0.0,1.9505,1.9505,4667.055,2026-04-27 11:05:00,0.705,4696.585,2026-04-27 10:36:00,True,2026-04-27 10:53:00,0.705,0.0,True,4690.545,2026-04-27 10:35:00,0.1619
GC,2026-04-28,Tuesday,ADR,4699.985,4690.545,9.4399999999996,4701.015,4690.235,10.780000000000655,True,SHORT,2026-04-27 21:00:00,4689.245,True,True,True,0.0,7.0897,7.0897,4623.618,2026-04-28 01:45:00,0.0879,4691.375,2026-04-27 21:40:00,True,2026-04-27 21:15:00,0.0879,0.0879,True,4690.715,2026-04-27 21:11:00,0.018
GC,2026-04-28,Tuesday,ODR,4638.815,4626.125,12.6899999999996,4639.195,4620.355,18.840000000000146,True,SHORT,2026-04-28 04:00:00,4620.105,True,True,True,0.0,5.6304,5.6304,4554.675,2026-04-28 08:01:00,0.7218,4635.285,2026-04-28 04:33:00,True,2026-04-28 04:05:00,0.7218,0.7218,True,4626.895,2026-04-28 04:29:00,0.0607
GC,2026-04-28,Tuesday,RDR,4586.195,4565.835,20.359999999999673,4592.505,4563.808,28.697000000000116,True,SHORT,2026-04-28 10:35:00,4560.155,False,True,False,0.7392,0.4298,0.4298,4557.085,2026-04-28 10:52:00,1.7392,4601.245,2026-04-28 13:42:00,False,,0.0742,,True,4567.345,2026-04-28 10:47:00,0.0742
GC,2026-04-29,Wednesday,ADR,4608.145,4588.135,20.01000000000022,4610.195,4587.745,22.449999999999818,True,SHORT,2026-04-28 21:00:00,4582.225,True,True,False,0.0,0.6152,0.6152,4575.825,2026-04-28 21:08:00,0.9755,4607.655,2026-04-29 01:03:00,True,2026-04-28 21:08:00,0.0,0.9755,True,4588.155,2026-04-28 21:35:00,0.001
GC,2026-04-29,Wednesday,ODR,4588.005,4567.645,20.359999999999673,4588.685,4567.125,21.5600000000004,True,SHORT,2026-04-29 04:10:00,4565.085,True,True,True,0.0,0.7957,0.7957,4551.445,2026-04-29 05:50:00,0.6341,4580.555,2026-04-29 05:20:00,True,2026-04-29 04:37:00,0.6341,0.6341,True,4568.355,2026-04-29 04:15:00,0.0349
GC,2026-04-29,Wednesday,RDR,4537.595,4514.135,23.460000000000036,4539.395,4509.875,29.520000000000437,True,LONG,2026-04-29 10:35:00,4540.615,True,True,True,1.156,0.0,1.156,4564.715,2026-04-29 12:05:00,0.8291,4518.145,2026-04-29 14:45:00,True,2026-04-29 11:36:00,0.2447,0.8291,True,4537.555,2026-04-29 10:41:00,0.0017
GC,2026-04-30,Thursday,ADR,4563.255,4551.405,11.850000000000364,4568.315,4551.125,17.1899999999996,True,LONG,2026-04-29 20:45:00,4573.135,False,True,False,1.5969,0.9165,1.5969,4582.178,2026-04-29 21:54:00,1.9165,4540.545,2026-04-30 00:35:00,True,2026-04-29 20:50:00,0.0,1.9165,True,4561.535,2026-04-29 22:38:00,0.1451
GC,2026-04-30,Thursday,ODR,4600.495,4586.005,14.489999999999782,4605.465,4584.655,20.8100000000004,True,LONG,2026-04-30 04:00:00,4626.825,True,False,,3.1891,0.0,3.1891,4646.705,2026-04-30 06:30:00,0.0,4611.865,2026-04-30 04:21:00,True,2026-04-30 04:05:00,0.0,0.0,False,,,
GC,2026-04-30,Thursday,RDR,4633.365,4610.515,22.849999999999454,4634.345,4609.255,25.090000000000146,True,SHORT,2026-04-30 12:15:00,4607.555,True,True,False,0.0,0.2344,0.2344,4605.158,2026-04-30 12:57:00,0.7335,4627.275,2026-04-30 15:07:00,False,,0.3078,,True,4611.095,2026-04-30 12:24:00,0.0254
GC,2026-05-01,Friday,ADR,4633.035,4622.185,10.849999999999454,4633.885,4620.615,13.270000000000437,True,SHORT,2026-04-30 20:40:00,4620.585,False,True,True,0.2452,1.7982,1.7982,4602.675,2026-05-01 01:56:00,1.2452,4635.695,2026-04-30 22:17:00,True,2026-04-30 21:02:00,1.2452,1.2452,True,4622.785,2026-04-30 20:45:00,0.0553
GC,2026-05-01,Friday,ODR,4595.725,4577.885,17.840000000000146,4597.805,4575.555,22.25,True,SHORT,2026-05-01 04:10:00,4573.775,False,True,False,0.6687,1.0,1.0,4560.045,2026-05-01 05:58:00,1.6687,4607.655,2026-05-01 08:29:00,True,2026-05-01 04:22:00,0.0,1.6687,True,4578.115,2026-05-01 07:54:00,0.0129
GC,2026-05-01,Friday,RDR,4656.015,4589.025,66.99000000000069,4660.065,4586.405,73.65999999999985,False,,,,,,,0.0,0.0,,,,,,,False,,,,False,,,
GC,2026-05-04,Monday,ADR,4617.295,4604.255,13.039999999999964,4618.155,4601.665,16.48999999999978,True,SHORT,2026-05-03 21:00:00,4601.045,True,True,True,0.0821,1.0322,1.0322,4590.795,2026-05-03 22:32:00,1.0821,4618.365,2026-05-03 22:00:00,True,2026-05-03 21:07:00,1.0821,1.0821,True,4604.435,2026-05-03 21:50:00,0.0138
GC,2026-05-04,Monday,ODR,4591.925,4578.835,13.090000000000146,4593.215,4577.755,15.460000000000036,True,SHORT,2026-05-04 04:00:00,4575.285,True,True,True,0.0,4.0474,4.0474,4525.855,2026-05-04 06:22:00,0.4232,4584.375,2026-05-04 05:15:00,True,2026-05-04 05:58:00,0.4232,0.0244,True,4579.115,2026-05-04 04:10:00,0.0214
GC,2026-05-04,Monday,RDR,4576.685,4554.765,21.920000000000073,4581.935,4553.435,28.5,True,SHORT,2026-05-04 11:10:00,4548.295,True,True,True,0.2883,2.4681,2.4681,4500.665,2026-05-04 12:10:00,0.01,4554.985,2026-05-04 11:16:00,True,2026-05-04 11:18:00,0.01,0.0,True,4554.985,2026-05-04 11:16:00,0.01
GC,2026-05-05,Tuesday,ADR,4527.545,4516.695,10.850000000000364,4528.375,4513.265,15.109999999999673,True,LONG,2026-05-04 20:50:00,4528.445,True,True,True,2.1945,0.0885,2.1945,4551.355,2026-05-05 01:42:00,0.2304,4525.045,2026-05-04 21:00:00,True,2026-05-04 21:02:00,0.2304,0.0,True,4527.455,2026-05-04 20:55:00,0.0083
GC,2026-05-05,Tuesday,ODR,4554.785,4545.285,9.5,4558.055,4543.105,14.950000000000728,True,LONG,2026-05-05 04:55:00,4558.255,False,True,True,2.0305,0.5758,2.0305,4574.075,2026-05-05 08:25:00,1.5758,4539.815,2026-05-05 07:01:00,True,2026-05-05 05:08:00,1.5758,1.5758,True,4553.445,2026-05-05 05:00:00,0.1411
GC,2026-05-05,Tuesday,RDR,4583.995,4569.985,14.010000000000218,4586.415,4565.575,20.840000000000146,True,SHORT,2026-05-05 12:05:00,4564.135,True,False,,0.1163,1.3276,1.3276,4551.385,2026-05-05 15:58:00,0.0,4566.345,2026-05-05 12:14:00,True,2026-05-05 12:10:00,0.0,0.0,False,,,
GC,2026-05-06,Wednesday,ADR,4602.155,4581.795,20.359999999999673,4604.005,4579.165,24.840000000000146,True,LONG,2026-05-05 20:30:00,4608.498,True,False,,3.0182,0.0,3.0182,4663.605,2026-05-06 01:58:00,0.0,4607.575,2026-05-05 20:40:00,True,2026-05-05 20:55:00,0.0,0.0,False,,,
GC,2026-05-06,Wednesday,ODR,4681.495,4658.608,22.886999999999716,4681.715,4657.255,24.460000000000036,True,LONG,2026-05-06 04:50:00,4697.185,True,True,True,1.8058,0.0,1.8058,4722.825,2026-05-06 06:54:00,0.9307,4660.195,2026-05-06 08:19:00,True,2026-05-06 04:55:00,0.0,0.9307,True,4681.465,2026-05-06 08:03:00,0.0013
GC,2026-05-06,Wednesday,RDR,4712.925,4684.905,28.020000000000437,4717.205,4680.055,37.149999999999636,True,SHORT,2026-05-06 13:35:00,4679.305,True,True,False,0.0507,0.2163,0.2163,4678.845,2026-05-06 13:40:00,0.5396,4700.025,2026-05-06 15:24:00,False,,0.0,,True,4685.315,2026-05-06 14:00:00,0.0146
GC,2026-05-07,Thursday,ADR,4699.695,4692.175,7.519999999999527,4701.025,4689.688,11.336999999999534,True,SHORT,2026-05-06 20:40:00,4688.085,False,True,False,2.863,0.9588,0.9588,4684.965,2026-05-06 21:01:00,3.863,4721.225,2026-05-06 21:53:00,True,2026-05-06 20:45:00,0.0,3.863,True,4692.465,2026-05-06 21:03:00,0.0386
GC,2026-05-07,Thursday,ODR,4748.935,4734.165,14.770000000000437,4750.375,4731.345,19.029999999999745,True,SHORT,2026-05-07 04:55:00,4730.845,True,True,False,0.2938,0.8463,0.8463,4721.665,2026-05-07 05:03:00,0.8707,4747.025,2026-05-07 08:17:00,True,2026-05-07 05:01:00,0.0,0.8707,True,4735.685,2026-05-07 05:10:00,0.1029
GC,2026-05-07,Thursday,RDR,4757.235,4741.985,15.25,4759.345,4737.135,22.210000000000036,True,LONG,2026-05-07 10:50:00,4760.645,False,True,False,0.4826,3.5685,0.4826,4764.595,2026-05-07 11:00:00,4.5685,4687.565,2026-05-07 13:28:00,False,,0.0,,True,4755.805,2026-05-07 11:06:00,0.0938
GC,2026-05-08,Friday,ADR,4707.475,4695.065,12.410000000000764,4709.255,4693.835,15.420000000000073,True,LONG,2026-05-07 21:00:00,4712.815,True,True,True,2.0258,0.0,2.0258,4732.615,2026-05-07 22:04:00,0.2047,4704.935,2026-05-07 21:38:00,True,2026-05-07 21:05:00,0.2047,0.2047,True,4705.538,2026-05-07 21:37:00,0.1561
GC,2026-05-08,Friday,ODR,4725.268,4705.345,19.922999999999774,4726.215,4696.735,29.480000000000473,True,LONG,2026-05-08 06:35:00,4726.795,False,True,False,0.1245,0.131,0.1245,4727.748,2026-05-08 06:40:00,1.131,4702.735,2026-05-08 08:15:00,False,,0.0,,True,4724.435,2026-05-08 06:41:00,0.0418
GC,2026-05-08,Friday,RDR,4747.635,4717.775,29.860000000000582,4749.245,4716.465,32.779999999999745,True,SHORT,2026-05-08 10:55:00,4715.695,True,True,False,0.0,0.5342,0.5342,4701.825,2026-05-08 11:45:00,0.3701,4728.825,2026-05-08 14:15:00,True,2026-05-08 11:45:00,0.1028,0.3701,True,4720.425,2026-05-08 11:06:00,0.0887
GC,2026-05-11,Monday,ADR,4698.335,4677.465,20.86999999999989,4698.345,4675.645,22.699999999999818,True,LONG,2026-05-10 21:20:00,4702.765,False,True,False,0.3311,1.4202,0.3292,4705.205,2026-05-10 21:25:00,2.4202,4647.825,2026-05-11 01:56:00,False,,0.0,,True,4694.905,2026-05-10 21:30:00,0.1644
GC,2026-05-11,Monday,ODR,4678.785,4667.385,11.399999999999636,4680.165,4664.235,15.930000000000291,True,SHORT,2026-05-11 05:20:00,4659.015,False,True,False,1.436,1.4956,1.4956,4650.335,2026-05-11 05:33:00,2.436,4695.155,2026-05-11 08:24:00,True,2026-05-11 05:25:00,0.0,2.436,True,4668.365,2026-05-11 07:02:00,0.086
GC,2026-05-11,Monday,RDR,4743.495,4724.115,19.38000000000011,4748.485,4718.295,30.1899999999996,True,SHORT,2026-05-11 12:40:00,4711.215,True,True,False,0.0,0.8462,0.7864,4708.875,2026-05-11 12:45:00,0.6163,4736.058,2026-05-11 15:55:00,True,2026-05-11 12:45:00,0.0,0.6163,True,4724.338,2026-05-11 13:44:00,0.0115
GC,2026-05-12,Tuesday,ADR,4770.815,4752.585,18.229999999999563,4773.335,4751.185,22.149999999999636,True,SHORT,2026-05-11 20:55:00,4749.095,True,True,True,0.0,2.4196,2.4196,4708.475,2026-05-12 01:13:00,0.153,4755.375,2026-05-11 21:01:00,True,2026-05-11 21:04:00,0.153,0.0104,True,4754.905,2026-05-11 21:00:00,0.1273
GC,2026-05-12,Tuesday,ODR,4701.365,4691.045,10.319999999999709,4703.705,4686.935,16.769999999999527,True,LONG,2026-05-12 04:00:00,4704.585,False,True,False,0.7384,0.5921,0.7384,4708.985,2026-05-12 07:57:00,1.5921,4684.935,2026-05-12 06:40:00,True,2026-05-12 06:07:00,1.5921,1.5921,True,4699.965,2026-05-12 04:10:00,0.1357
GC,2026-05-12,Tuesday,RDR,4698.955,4679.075,19.88000000000011,4701.505,4675.985,25.520000000000437,True,SHORT,2026-05-12 10:55:00,4672.735,False,True,False,0.8331,2.0548,2.0548,4638.225,2026-05-12 11:25:00,1.8331,4715.518,2026-05-12 15:59:00,True,2026-05-12 11:01:00,0.0,1.8331,True,4679.575,2026-05-12 13:06:00,0.0252
GC,2026-05-13,Wednesday,ADR,4724.505,4715.785,8.720000000000255,4726.618,4714.558,12.0600000000004,True,SHORT,2026-05-12 20:55:00,4714.385,True,True,True,0.0482,3.2783,3.2783,4687.198,2026-05-12 22:55:00,0.1411,4717.015,2026-05-12 21:00:00,True,2026-05-12 21:00:00,0.1411,0.1411,True,4717.015,2026-05-12 21:00:00,0.1411
GC,2026-05-13,Wednesday,ODR,4707.485,4698.435,9.049999999999272,4708.675,4696.585,12.090000000000146,True,SHORT,2026-05-13 04:40:00,4695.815,False,True,True,0.3105,1.6983,1.6983,4683.065,2026-05-13 08:28:00,1.3105,4710.295,2026-05-13 06:09:00,True,2026-05-13 05:14:00,1.3105,1.3105,True,4698.495,2026-05-13 04:47:00,0.0066
GC,2026-05-13,Wednesday,RDR,4688.395,4672.675,15.720000000000255,4690.855,4669.415,21.4399999999996,True,LONG,2026-05-13 11:25:00,4691.175,True,True,False,1.3511,0.0,1.3511,4709.635,2026-05-13 12:29:00,0.6978,4677.425,2026-05-13 14:47:00,True,2026-05-13 11:36:00,0.1031,0.6978,True,4686.775,2026-05-13 11:30:00,0.1031
GC,2026-05-14,Thursday,ADR,4701.545,4691.565,9.980000000000473,4705.185,4689.225,15.960000000000036,True,SHORT,2026-05-13 21:05:00,4688.175,False,True,True,1.0915,2.3447,2.3447,4668.165,2026-05-14 00:00:00,2.0915,4712.438,2026-05-14 00:36:00,True,2026-05-13 21:13:00,0.7816,2.0915,True,4691.905,2026-05-13 21:11:00,0.0341
GC,2026-05-14,Thursday,ODR,4711.875,4692.995,18.88000000000011,4718.568,4690.595,27.972999999999956,True,SHORT,2026-05-14 05:25:00,4690.558,True,True,False,0.0,0.2468,0.2468,4688.335,2026-05-14 05:37:00,0.7576,4707.298,2026-05-14 08:21:00,False,,0.0948,,True,4693.255,2026-05-14 05:33:00,0.0138
GC,2026-05-14,Thursday,RDR,4694.645,4676.685,17.960000000000036,4700.648,4665.975,34.672999999999774,True,SHORT,2026-05-14 15:25:00,4663.165,True,False,,0.0,1.3369,1.3369,4652.675,2026-05-14 15:48:00,0.0,4665.098,2026-05-14 15:34:00,True,2026-05-14 15:30:00,0.0,0.0,False,,,
GC,2026-05-15,Friday,ADR,4663.785,4629.715,34.06999999999971,4665.145,4629.338,35.8070000000007,True,SHORT,2026-05-14 20:30:00,4623.855,True,True,True,0.0,2.0925,2.0925,4558.425,2026-05-15 01:59:00,0.0411,4631.115,2026-05-14 21:03:00,True,2026-05-14 21:07:00,0.0411,0.0,True,4630.225,2026-05-14 20:59:00,0.015
GC,2026-05-15,Friday,ODR,4586.135,4569.785,16.350000000000364,4588.575,4565.755,22.81999999999971,True,SHORT,2026-05-15 04:00:00,4560.975,True,True,True,0.0,2.3291,2.3291,4531.705,2026-05-15 05:50:00,0.1651,4572.485,2026-05-15 06:53:00,True,2026-05-15 04:05:00,0.0,0.1651,True,4572.485,2026-05-15 06:53:00,0.1651
GC,2026-05-15,Friday,RDR,4558.215,4519.785,38.43000000000029,4562.785,4511.215,51.56999999999971,True,LONG,2026-05-15 13:35:00,4562.955,True,True,False,0.2155,0.0,0.1387,4563.545,2026-05-15 13:40:00,0.3515,4544.705,2026-05-15 15:59:00,False,,0.0,,True,4558.135,2026-05-15 13:54:00,0.0021
GC,2026-05-18,Monday,ADR,4540.945,4515.475,25.469999999999345,4543.925,4514.358,29.567000000000007,True,SHORT,2026-05-17 20:30:00,4491.995,False,True,False,0.4225,1.3903,1.3903,4480.065,2026-05-17 20:45:00,1.4225,4551.705,2026-05-18 01:30:00,True,2026-05-17 20:35:00,0.0,1.4225,True,4516.138,2026-05-17 20:59:00,0.026
GC,2026-05-18,Monday,ODR,4554.645,4539.175,15.470000000000255,4559.575,4538.155,21.420000000000073,True,SHORT,2026-05-18 06:05:00,4538.015,False,True,False,0.7895,0.605,0.605,4529.815,2026-05-18 07:10:00,1.7895,4566.858,2026-05-18 07:41:00,True,2026-05-18 07:10:00,0.541,1.7895,True,4540.255,2026-05-18 06:10:00,0.0698
GC,2026-05-18,Monday,RDR,4583.465,4559.065,24.400000000000546,4584.015,4554.185,29.829999999999927,True,SHORT,2026-05-18 10:30:00,4549.315,True,True,True,0.0,1.1266,1.1266,4531.575,2026-05-18 11:04:00,0.2324,4564.735,2026-05-18 15:03:00,True,2026-05-18 10:35:00,0.0,0.2324,True,4564.735,2026-05-18 15:03:00,0.2324
GC,2026-05-19,Tuesday,ADR,4585.995,4573.405,12.590000000000146,4589.295,4568.465,20.829999999999927,True,SHORT,2026-05-18 20:50:00,4566.135,True,False,,0.0,3.3884,3.3884,4530.745,2026-05-19 01:24:00,0.0,4572.075,2026-05-18 21:44:00,True,2026-05-18 20:55:00,0.0,0.0,False,,,
GC,2026-05-19,Tuesday,ODR,4556.975,4541.965,15.010000000000218,4559.115,4541.155,17.960000000000036,True,SHORT,2026-05-19 04:20:00,4540.505,True,True,False,0.1386,1.1153,1.1153,4525.225,2026-05-19 06:44:00,0.433,4548.465,2026-05-19 04:47:00,True,2026-05-19 06:38:00,0.433,0.3871,True,4542.715,2026-05-19 04:33:00,0.05
GC,2026-05-19,Tuesday,RDR,4511.325,4475.975,35.349999999999454,4513.905,4464.615,49.289999999999964,False,,,,,,,0.0297,0.0,,,,,,,False,,,,False,,,
GC,2026-05-20,Wednesday,ADR,4501.805,4483.175,18.63000000000011,4501.845,4479.425,22.420000000000073,True,LONG,2026-05-19 20:30:00,4502.785,False,True,False,0.3725,1.6119,0.3725,4508.745,2026-05-19 20:47:00,2.6119,4453.145,2026-05-19 23:08:00,False,,0.1213,,True,4501.635,2026-05-19 20:35:00,0.0091
GC,2026-05-20,Wednesday,ODR,4482.825,4473.975,8.849999999999454,4485.765,4471.628,14.137000000000626,True,LONG,2026-05-20 04:25:00,4486.075,True,True,True,2.0531,0.1695,2.0531,4500.995,2026-05-20 08:02:00,1.1695,4472.475,2026-05-20 05:29:00,True,2026-05-20 04:30:00,1.1695,1.1695,True,4480.425,2026-05-20 04:35:00,0.2712
GC,2026-05-20,Wednesday,RDR,4506.665,4475.925,30.73999999999978,4510.755,4466.868,43.886999999999716,True,LONG,2026-05-20 10:30:00,4524.285,True,False,,1.4938,0.0,1.4938,4552.585,2026-05-20 11:17:00,0.0,4514.785,2026-05-20 10:37:00,True,2026-05-20 10:35:00,0.0,0.0,False,,,
GC,2026-05-21,Thursday,ADR,4546.198,4538.345,7.8530000000000655,4553.065,4537.085,15.979999999999563,True,LONG,2026-05-20 21:10:00,4559.685,False,True,False,3.1233,2.5672,3.1233,4570.725,2026-05-20 21:41:00,3.5672,4518.185,2026-05-21 01:30:00,True,2026-05-20 21:15:00,0.0,3.5672,True,4545.765,2026-05-20 22:21:00,0.0551
GC,2026-05-21,Thursday,ODR,4521.665,4512.605,9.0600000000004,4524.325,4511.818,12.506999999999607,True,LONG,2026-05-21 04:05:00,4528.425,False,True,False,2.3135,0.9967,2.3135,4542.625,2026-05-21 05:30:00,1.9967,4503.575,2026-05-21 08:25:00,True,2026-05-21 04:10:00,0.0,1.9967,True,4512.795,2026-05-21 06:26:00,0.979
GC,2026-05-21,Thursday,RDR,4517.865,4491.975,25.889999999999418,4520.995,4488.335,32.659999999999854,True,LONG,2026-05-21 13:10:00,4526.195,True,False,,1.589,0.0,1.589,4559.005,2026-05-21 13:55:00,0.0,4525.965,2026-05-21 13:15:00,True,2026-05-21 13:15:00,0.0,0.0,False,,,
GC,2026-05-22,Friday,ADR,4539.375,4530.995,8.38000000000011,4539.435,4530.005,9.430000000000291,True,LONG,2026-05-21 20:35:00,4540.015,False,True,False,0.185,2.866,0.1659,4540.765,2026-05-21 20:40:00,3.866,4506.978,2026-05-22 01:58:00,False,,0.0251,,True,4539.165,2026-05-21 20:40:00,0.0251
GC,2026-05-22,Friday,ODR,4526.465,4517.045,9.420000000000073,4527.295,4515.975,11.319999999999709,True,LONG,2026-05-22 04:15:00,4527.885,False,True,False,1.0764,0.7484,1.0764,4536.605,2026-05-22 06:13:00,1.7484,4509.995,2026-05-22 06:49:00,True,2026-05-22 05:50:00,1.2704,1.7484,True,4526.078,2026-05-22 04:21:00,0.0411
GC,2026-05-22,Friday,RDR,4522.545,4494.465,28.079999999999927,4527.105,4491.605,35.5,False,,,,,,,0.1835,0.0,,,,,,,False,,,,False,,,
GC,2026-05-25,Monday,ADR,4578.485,4566.735,11.75,4579.995,4565.435,14.55999999999949,True,SHORT,2026-05-24 21:05:00,4561.855,True,True,True,0.0681,1.2883,1.2883,4551.598,2026-05-25 01:50:00,0.7183,4575.175,2026-05-24 21:29:00,True,2026-05-24 21:46:00,0.7183,0.2774,True,4567.405,2026-05-24 21:20:00,0.057
GC,2026-05-25,Monday,ODR,4564.525,4554.115,10.409999999999854,4565.095,4552.245,12.850000000000364,True,LONG,2026-05-25 05:40:00,4565.605,False,True,False,1.1854,0.1323,1.1854,4576.865,2026-05-25 07:45:00,1.1323,4552.738,2026-05-25 08:20:00,True,2026-05-25 06:06:00,0.0,1.1323,True,4564.525,2026-05-25 05:45:00,0.0
GC,2026-05-25,Monday,RDR,4570.015,4561.355,8.660000000000764,4570.435,4559.855,10.580000000000837,True,LONG,2026-05-25 11:20:00,4572.805,True,True,False,0.9042,0.0,0.9042,4577.845,2026-05-25 13:13:00,0.8037,4563.055,2026-05-25 13:48:00,True,2026-05-25 11:25:00,0.3926,0.8037,True,4569.998,2026-05-25 11:33:00,0.002
GC,2026-05-26,Tuesday,ADR,4568.065,4544.485,23.579999999999927,4568.355,4540.885,27.469999999999345,True,SHORT,2026-05-25 21:30:00,4538.785,True,True,True,0.0,0.9224,0.9224,4522.735,2026-05-26 01:01:00,0.0352,4545.315,2026-05-25 23:37:00,True,2026-05-25 21:38:00,0.0352,0.0352,True,4544.765,2026-05-25 23:35:00,0.0119
GC,2026-05-26,Tuesday,ODR,4538.095,4522.925,15.170000000000073,4538.955,4521.485,17.470000000000255,True,SHORT,2026-05-26 04:30:00,4521.255,False,True,True,0.1503,1.2808,1.2808,4503.495,2026-05-26 07:58:00,1.1503,4540.375,2026-05-26 06:50:00,True,2026-05-26 05:41:00,1.1503,1.1503,True,4523.125,2026-05-26 04:37:00,0.0132
GC,2026-05-26,Tuesday,RDR,4527.285,4510.828,16.456999999999425,4531.155,4507.625,23.529999999999745,True,SHORT,2026-05-26 11:20:00,4505.845,True,True,True,0.0,1.7295,1.7295,4482.365,2026-05-26 14:05:00,0.0188,4511.138,2026-05-26 12:33:00,True,2026-05-26 11:37:00,0.0188,0.0188,True,4511.138,2026-05-26 12:33:00,0.0188
GC,2026-05-27,Wednesday,ADR,4526.655,4512.075,14.579999999999927,4527.555,4510.865,16.69000000000051,True,SHORT,2026-05-26 21:40:00,4509.745,True,True,True,0.0,1.4211,1.4211,4491.355,2026-05-27 01:44:00,0.3381,4517.005,2026-05-27 00:49:00,True,2026-05-26 22:01:00,0.3381,0.3381,True,4513.705,2026-05-27 00:47:00,0.1118
GC,2026-05-27,Wednesday,ODR,4486.885,4479.055,7.829999999999927,4489.075,4475.605,13.470000000000255,True,LONG,2026-05-27 04:15:00,4489.665,False,True,False,1.5019,6.9349,1.5019,4498.645,2026-05-27 04:52:00,7.9349,4424.755,2026-05-27 07:59:00,True,2026-05-27 04:22:00,0.1315,7.9349,True,4485.855,2026-05-27 04:32:00,0.1315
GC,2026-05-27,Wednesday,RDR,4450.955,4404.605,46.350000000000364,4455.248,4404.108,51.13999999999942,True,LONG,2026-05-27 14:25:00,4455.375,True,True,False,0.1549,0.0,0.1141,4456.245,2026-05-27 14:30:00,0.0516,4448.565,2026-05-27 15:58:00,False,,0.0,,True,4450.638,2026-05-27 15:10:00,0.0068
GC,2026-05-28,Thursday,ADR,4452.898,4444.385,8.51299999999992,4453.775,4443.535,10.239999999999782,True,LONG,2026-05-27 20:55:00,4456.678,False,True,False,0.641,9.202,0.641,4458.355,2026-05-27 21:00:00,10.202,4366.048,2026-05-28 00:20:00,True,2026-05-27 21:00:00,0.4244,10.202,True,4449.285,2026-05-27 21:00:00,0.4244
GC,2026-05-28,Thursday,ODR,4394.188,4383.325,10.863000000000284,4395.955,4382.575,13.38000000000011,True,LONG,2026-05-28 05:25:00,4396.205,False,True,False,0.8816,0.796,0.8816,4403.765,2026-05-28 06:10:00,1.796,4374.678,2026-05-28 06:51:00,True,2026-05-28 06:09:00,0.4281,1.796,True,4392.895,2026-05-28 05:30:00,0.119
GC,2026-05-28,Thursday,RDR,4464.495,4418.585,45.909999999999854,4473.165,4417.995,55.17000000000007,True,LONG,2026-05-28 11:00:00,4474.598,True,False,,1.1288,0.0,1.1288,4516.318,2026-05-28 14:03:00,0.0,4468.928,2026-05-28 11:22:00,True,2026-05-28 12:16:00,0.0,0.0,False,,,
GC,2026-05-29,Friday,ADR,4499.895,4489.515,10.38000000000011,4500.375,4488.685,11.6899999999996,True,LONG,2026-05-28 21:00:00,4500.585,True,True,True,1.9798,0.0,1.9798,4520.445,2026-05-28 21:18:00,0.5164,4494.535,2026-05-28 23:36:00,True,2026-05-28 21:09:00,0.132,0.5164,True,4499.575,2026-05-28 21:05:00,0.0308
GC,2026-05-29,Friday,ODR,4525.055,4511.675,13.38000000000011,4526.235,4510.585,15.649999999999636,True,LONG,2026-05-29 05:10:00,4528.765,True,True,False,1.343,0.1495,1.343,4543.025,2026-05-29 06:37:00,0.3961,4519.755,2026-05-29 08:21:00,True,2026-05-29 05:29:00,0.2339,0.3961,True,4524.708,2026-05-29 05:21:00,0.0259
GC,2026-05-29,Friday,RDR,4550.925,4524.848,26.077000000000226,4552.565,4522.185,30.3799999999992,True,LONG,2026-05-29 10:50:00,4556.725,True,True,False,1.6773,0.0,1.6773,4594.665,2026-05-29 11:13:00,0.3321,4542.265,2026-05-29 15:57:00,True,2026-05-29 10:55:00,0.0,0.3321,True,4549.585,2026-05-29 14:45:00,0.0514
GC,2026-06-01,Monday,ADR,4544.705,4538.085,6.619999999999891,4545.695,4537.168,8.527000000000044,True,SHORT,2026-05-31 20:35:00,4536.655,True,True,True,0.0363,4.4849,4.4849,4508.395,2026-06-01 00:49:00,0.6767,4542.565,2026-05-31 20:52:00,True,2026-05-31 21:00:00,0.6767,0.4683,True,4538.615,2026-05-31 20:45:00,0.0801
GC,2026-06-01,Monday,ODR,4507.545,4494.145,13.399999999999636,4509.815,4492.195,17.61999999999989,True,SHORT,2026-06-01 05:30:00,4490.495,False,True,False,0.391,0.3866,0.2724,4490.495,2026-06-01 05:35:00,1.391,4512.785,2026-06-01 07:23:00,False,,0.0537,,True,4494.865,2026-06-01 05:35:00,0.0537
GC,2026-06-01,Monday,RDR,4472.905,4447.905,25.0,4478.495,4447.515,30.979999999999563,True,LONG,2026-06-01 12:50:00,4479.755,True,True,True,0.8992,0.0,0.8992,4495.385,2026-06-01 13:46:00,0.068,4471.205,2026-06-01 13:09:00,True,2026-06-01 13:40:00,0.068,0.0,True,4472.395,2026-06-01 13:07:00,0.0204
GC,2026-06-02,Tuesday,ADR,4493.475,4478.235,15.240000000000691,4493.645,4476.455,17.19000000000051,True,SHORT,2026-06-01 21:45:00,4475.225,False,True,False,2.2638,1.0221,1.0221,4462.658,2026-06-01 21:52:00,3.2638,4527.975,2026-06-02 01:35:00,True,2026-06-01 21:50:00,0.0,3.2638,True,4480.545,2026-06-01 22:00:00,0.1516
GC,2026-06-02,Tuesday,ODR,4539.895,4530.405,9.490000000000691,4541.385,4527.705,13.680000000000291,True,SHORT,2026-06-02 04:50:00,4527.635,True,True,True,0.0,0.9831,0.9831,4521.075,2026-06-02 05:40:00,0.5406,4535.535,2026-06-02 05:17:00,True,2026-06-02 05:00:00,0.5406,0.5406,True,4530.685,2026-06-02 05:07:00,0.0295
GC,2026-06-02,Tuesday,RDR,4510.875,4492.885,17.98999999999978,4514.365,4490.105,24.26000000000022,True,SHORT,2026-06-02 12:30:00,4489.465,True,False,,0.0,0.7977,0.7977,4478.535,2026-06-02 14:44:00,0.0,4492.875,2026-06-02 13:00:00,True,2026-06-02 13:36:00,0.0,0.0,False,,,
GC,2026-06-03,Wednesday,ADR,4482.985,4465.235,17.75,4483.105,4462.285,20.81999999999971,True,LONG,2026-06-02 20:30:00,4485.025,False,True,False,0.7623,0.5035,0.7623,4496.515,2026-06-02 20:43:00,1.5035,4456.298,2026-06-03 01:59:00,True,2026-06-02 20:40:00,0.0,1.5035,True,4479.975,2026-06-02 21:00:00,0.1696
GC,2026-06-03,Wednesday,ODR,4469.375,4453.165,16.210000000000036,4472.035,4452.595,19.4399999999996,True,SHORT,2026-06-03 04:20:00,4451.265,True,True,True,0.0,0.8902,0.8902,4438.735,2026-06-03 05:36:00,0.9093,4467.905,2026-06-03 07:08:00,True,2026-06-03 04:51:00,0.3492,0.9093,True,4453.625,2026-06-03 04:26:00,0.0284
GC,2026-06-03,Wednesday,RDR,4454.345,4426.598,27.7470000000003,4458.505,4426.195,32.3100000000004,True,LONG,2026-06-03 10:50:00,4458.545,True,True,False,0.1834,0.0,0.1633,4458.875,2026-06-03 10:55:00,0.7496,4433.545,2026-06-03 12:27:00,False,,0.0,,True,4453.795,2026-06-03 11:03:00,0.0198
GC,2026-06-04,Thursday,ADR,4459.815,4449.318,10.496999999999389,4465.165,4446.058,19.10699999999997,True,LONG,2026-06-03 21:20:00,4469.665,True,True,True,2.2892,0.6071,2.2892,4483.845,2026-06-04 00:43:00,0.4335,4455.265,2026-06-03 22:11:00,True,2026-06-03 21:25:00,0.4335,0.4335,True,4458.935,2026-06-03 21:42:00,0.0838
GC,2026-06-04,Thursday,ODR,4470.055,4461.165,8.890000000000327,4470.665,4459.375,11.289999999999964,True,LONG,2026-06-04 05:50:00,4474.785,True,True,True,5.0034,0.3093,5.0034,4514.535,2026-06-04 07:59:00,0.676,4464.045,2026-06-04 06:26:00,True,2026-06-04 05:55:00,0.676,0.676,True,4469.405,2026-06-04 05:58:00,0.0731
GC,2026-06-04,Thursday,RDR,4514.345,4485.015,29.329999999999927,4515.175,4483.855,31.32000000000062,True,SHORT,2026-06-04 10:35:00,4480.075,True,False,,0.0,0.9536,0.9536,4457.045,2026-06-04 10:53:00,0.0,4485.005,2026-06-04 12:29:00,True,2026-06-04 10:47:00,0.0,0.0,False,,,
GC,2026-06-05,Friday,ADR,4469.095,4452.125,16.970000000000255,4469.415,4450.495,18.920000000000073,True,SHORT,2026-06-04 21:35:00,4449.455,True,True,True,0.0383,1.0106,1.0106,4434.975,2026-06-04 23:22:00,0.1644,4454.915,2026-06-04 22:26:00,True,2026-06-04 22:01:00,0.1644,0.1644,True,4452.745,2026-06-04 22:23:00,0.0365
GC,2026-06-05,Friday,ODR,4466.955,4452.635,14.319999999999709,4467.195,4451.605,15.590000000000146,True,LONG,2026-06-05 05:15:00,4467.475,True,True,False,0.6068,0.0,0.6068,4475.645,2026-06-05 08:20:00,0.6131,4458.175,2026-06-05 07:24:00,True,2026-06-05 07:51:00,0.6131,0.3897,True,4466.275,2026-06-05 05:20:00,0.0475
GC,2026-06-05,Friday,RDR,4405.065,4357.425,47.63999999999942,4409.385,4352.835,56.55000000000018,True,SHORT,2026-06-05 10:35:00,4348.395,True,True,True,0.0,0.9192,0.9192,4313.635,2026-06-05 15:18:00,0.3159,4372.475,2026-06-05 11:00:00,True,2026-06-05 12:00:00,0.3159,0.0,True,4359.485,2026-06-05 10:48:00,0.0432
GC,2026-06-08,Monday,ADR,4351.165,4333.575,17.590000000000146,4353.085,4332.605,20.480000000000473,True,SHORT,2026-06-07 21:10:00,4326.695,True,False,,0.0546,3.7209,3.7209,4268.125,2026-06-08 01:37:00,0.0,4330.495,2026-06-07 22:00:00,True,2026-06-07 21:15:00,0.0,0.0,False,,,
GC,2026-06-08,Monday,ODR,4314.135,4294.345,19.789999999999964,4316.805,4294.215,22.590000000000146,True,SHORT,2026-06-08 04:00:00,4293.125,False,True,False,1.0354,1.0965,1.0965,4272.645,2026-06-08 05:34:00,2.0354,4334.625,2026-06-08 08:08:00,True,2026-06-08 05:09:00,0.0879,2.0354,True,4296.085,2026-06-08 04:09:00,0.0879
GC,2026-06-08,Monday,RDR,4340.375,4318.565,21.8100000000004,4346.615,4315.715,30.899999999999636,False,,,,,,,0.2673,0.1724,,,,,,,False,,,,False,,,
GC,2026-06-09,Tuesday,ADR,4322.385,4313.375,9.010000000000218,4323.565,4312.595,10.969999999999345,True,LONG,2026-06-08 21:05:00,4325.025,True,True,True,3.1842,0.0,3.1842,4351.075,2026-06-09 01:43:00,0.131,4321.205,2026-06-08 21:11:00,True,2026-06-08 21:16:00,0.131,0.0277,True,4321.835,2026-06-08 21:10:00,0.061
GC,2026-06-09,Tuesday,ODR,4332.345,4325.425,6.920000000000073,4334.585,4322.055,12.529999999999745,True,LONG,2026-06-09 04:40:00,4334.975,True,True,True,1.6965,0.6575,1.6965,4344.085,2026-06-09 08:10:00,1.2254,4323.865,2026-06-09 05:29:00,True,2026-06-09 05:23:00,1.2254,1.2254,True,4331.425,2026-06-09 04:46:00,0.1329
GC,2026-06-09,Tuesday,RDR,4351.895,4311.225,40.67000000000007,4363.205,4305.395,57.80999999999949,True,SHORT,2026-06-09 10:35:00,4305.105,True,False,,0.0,1.8436,1.8436,4236.245,2026-06-09 12:40:00,0.0,4307.405,2026-06-09 10:40:00,True,2026-06-09 10:44:00,0.0,0.0,False,,,
GC,2026-06-10,Wednesday,ADR,4227.285,4213.105,14.180000000000291,4229.545,4210.115,19.43000000000029,True,SHORT,2026-06-09 20:30:00,4206.225,True,True,True,0.0,2.8893,2.8893,4172.135,2026-06-10 00:45:00,0.5346,4220.685,2026-06-09 20:59:00,True,2026-06-09 20:35:00,0.5346,0.5346,True,4218.515,2026-06-09 20:58:00,0.3815
GC,2026-06-10,Wednesday,ODR,4207.065,4181.965,25.099999999999454,4207.875,4181.345,26.529999999999745,True,SHORT,2026-06-10 04:00:00,4164.035,True,False,,0.0,2.0566,2.0566,4130.345,2026-06-10 08:27:00,0.0,4179.335,2026-06-10 05:36:00,True,2026-06-10 04:05:00,0.0,0.0,False,,,
GC,2026-06-10,Wednesday,RDR,4185.595,4142.895,42.69999999999982,4186.125,4141.765,44.35999999999967,True,SHORT,2026-06-10 10:45:00,4140.465,True,False,,0.0,1.44,1.44,4081.405,2026-06-10 15:27:00,0.0,4142.775,2026-06-10 10:53:00,True,2026-06-10 10:57:00,0.0,0.0,False,,,
GC,2026-06-11,Thursday,ADR,4067.405,4042.845,24.5600000000004,4072.465,4035.848,36.61700000000019,True,LONG,2026-06-10 20:55:00,4075.545,True,True,True,2.0558,0.0,2.0558,4117.895,2026-06-10 21:42:00,0.627,4052.005,2026-06-10 22:48:00,True,2026-06-10 21:00:00,0.0582,0.627,True,4065.975,2026-06-10 21:07:00,0.0582
GC,2026-06-11,Thursday,ODR,4107.565,4093.495,14.069999999999709,4110.405,4091.465,18.9399999999996,True,LONG,2026-06-11 04:05:00,4111.625,False,True,False,0.3497,2.3035,0.3497,4112.485,2026-06-11 04:10:00,3.3035,4061.085,2026-06-11 08:23:00,False,,0.0,,True,4105.795,2026-06-11 04:12:00,0.1258
GC,2026-06-11,Thursday,RDR,4084.835,4060.715,24.11999999999989,4092.415,4052.465,39.94999999999982,True,LONG,2026-06-11 12:05:00,4092.475,True,True,True,5.5974,0.0,5.5974,4219.845,2026-06-11 15:36:00,0.5551,4071.445,2026-06-11 13:03:00,True,2026-06-11 12:11:00,0.5551,0.5551,True,4083.505,2026-06-11 12:25:00,0.0551
GC,2026-06-12,Friday,ADR,4223.785,4216.025,7.760000000000218,4230.205,4206.905,23.300000000000182,True,SHORT,2026-06-11 20:40:00,4203.645,True,False,,0.6186,5.857,5.857,4170.575,2026-06-12 01:58:00,0.0,4211.051,2026-06-11 21:00:00,True,2026-06-11 20:45:00,0.0,0.0,False,,,
GC,2026-06-12,Friday,ODR,4194.295,4173.655,20.640000000000327,4194.295,4169.955,24.340000000000146,True,LONG,2026-06-12 04:00:00,4197.645,True,False,,1.6197,0.0,1.6197,4227.725,2026-06-12 05:42:00,0.0,4194.925,2026-06-12 04:05:00,True,2026-06-12 04:13:00,0.0,0.0,False,,,
GC,2026-06-12,Friday,RDR,4207.115,4185.905,21.210000000000036,4210.125,4182.455,27.670000000000073,True,LONG,2026-06-12 11:10:00,4213.795,True,True,True,1.3288,0.4224,1.3288,4235.298,2026-06-12 11:27:00,0.2631,4201.535,2026-06-12 15:35:00,True,2026-06-12 11:18:00,0.0,0.2631,True,4206.805,2026-06-12 11:49:00,0.0146
GC,2026-06-15,Monday,ADR,4306.205,4283.075,23.13000000000011,4308.105,4281.365,26.73999999999978,True,LONG,2026-06-14 21:30:00,4312.275,True,False,,1.2633,0.0,1.2633,4335.425,2026-06-14 22:50:00,0.0,4307.215,2026-06-15 01:56:00,True,2026-06-14 21:40:00,0.0,0.0,False,,,
GC,2026-06-15,Monday,ODR,4323.195,4308.245,14.949999999999818,4325.255,4305.125,20.13000000000011,True,LONG,2026-06-15 04:00:00,4328.375,True,False,,1.6154,0.0,1.6154,4347.345,2026-06-15 07:42:00,0.0,4324.245,2026-06-15 04:11:00,True,2026-06-15 04:19:00,0.0,0.0,False,,,
GC,2026-06-15,Monday,RDR,4365.815,4353.215,12.599999999999454,4369.485,4351.965,17.519999999999527,True,SHORT,2026-06-15 11:10:00,4350.875,True,True,True,0.0,2.9246,2.9246,4316.365,2026-06-15 15:51:00,0.5905,4360.655,2026-06-15 11:45:00,True,2026-06-15 12:18:00,0.5905,0.0,True,4355.655,2026-06-15 11:15:00,0.1937
GC,2026-06-16,Tuesday,ADR,4318.225,4308.125,10.100000000000364,4318.965,4306.665,12.300000000000182,True,LONG,2026-06-15 21:00:00,4321.955,True,True,False,1.4475,0.0792,1.4475,4332.845,2026-06-15 23:55:00,1.0792,4307.325,2026-06-15 22:06:00,True,2026-06-15 21:25:00,1.0792,1.0792,True,4315.525,2026-06-15 21:06:00,0.2673
GC,2026-06-16,Tuesday,ODR,4334.945,4323.705,11.239999999999782,4335.465,4322.425,13.039999999999964,True,LONG,2026-06-16 04:05:00,4338.945,True,True,True,1.282,0.0,1.282,4349.355,2026-06-16 07:00:00,0.0027,4334.915,2026-06-16 07:36:00,True,2026-06-16 04:16:00,0.0,0.0027,True,4334.915,2026-06-16 07:36:00,0.0027
GC,2026-06-16,Tuesday,RDR,4338.795,4319.385,19.409999999999854,4340.465,4317.375,23.090000000000146,True,LONG,2026-06-16 12:05:00,4341.705,True,True,False,0.4122,0.3287,0.4122,4346.795,2026-06-16 12:14:00,0.7053,4325.105,2026-06-16 13:23:00,False,,0.0,,True,4338.615,2026-06-16 13:00:00,0.0093
GC,2026-06-17,Wednesday,ADR,4339.455,4330.735,8.720000000000255,4341.545,4328.435,13.109999999999673,True,LONG,2026-06-16 21:05:00,4347.385,False,True,False,1.1422,1.5275,1.1388,4349.385,2026-06-16 21:11:00,2.5275,4317.415,2026-06-17 00:34:00,True,2026-06-16 21:10:00,0.0,2.5275,True,4338.845,2026-06-16 21:20:00,0.07
GC,2026-06-17,Wednesday,ODR,4331.595,4325.045,6.550000000000182,4332.735,4324.525,8.210000000000036,True,SHORT,2026-06-17 04:10:00,4322.755,False,True,True,0.5878,1.2336,1.2336,4316.965,2026-06-17 04:45:00,1.5878,4335.445,2026-06-17 05:30:00,True,2026-06-17 04:15:00,0.0,1.5878,True,4325.205,2026-06-17 04:57:00,0.0244
GC,2026-06-17,Wednesday,RDR,4360.078,4334.775,25.303000000000793,4362.055,4332.475,29.579999999999927,True,LONG,2026-06-17 11:55:00,4363.465,False,True,False,0.8713,4.5833,0.8713,4382.125,2026-06-17 13:33:00,5.5833,4218.805,2026-06-17 15:38:00,True,2026-06-17 13:33:00,0.2048,5.5833,True,4359.178,2026-06-17 12:38:00,0.0356
GC,2026-06-18,Thursday,ADR,4300.255,4273.485,26.770000000000437,4301.098,4267.735,33.363000000000284,True,LONG,2026-06-17 20:30:00,4306.385,True,False,,1.1061,0.0,1.1061,4329.865,2026-06-17 22:13:00,0.0,4301.075,2026-06-18 01:51:00,True,2026-06-17 20:49:00,0.0,0.0,False,,,
GC,2026-06-18,Thursday,ODR,4307.505,4288.475,19.029999999999745,4309.305,4287.225,22.079999999999927,True,SHORT,2026-06-18 04:10:00,4286.935,True,True,True,0.0,2.5658,2.5658,4239.648,2026-06-18 07:51:00,0.0725,4289.855,2026-06-18 04:17:00,True,2026-06-18 04:46:00,0.0725,0.0,True,4289.345,2026-06-18 04:16:00,0.0457
GC,2026-06-18,Thursday,RDR,4271.995,4241.398,30.596999999999753,4276.515,4236.845,39.67000000000007,True,SHORT,2026-06-18 11:25:00,4235.565,True,False,,0.0,1.3156,1.3156,4201.145,2026-06-18 15:32:00,0.0,4236.615,2026-06-18 11:30:00,True,2026-06-18 11:38:00,0.0,0.0,False,,,
GC,2026-06-19,Friday,ADR,4197.495,4184.845,12.649999999999636,4198.885,4183.738,15.146999999999935,True,SHORT,2026-06-18 22:10:00,4179.535,True,False,,0.0,5.0124,5.0124,4121.438,2026-06-19 01:07:00,0.0,4183.635,2026-06-18 22:42:00,True,2026-06-18 22:15:00,0.0,0.0,False,,,
GC,2026-06-19,Friday,ODR,4158.935,4147.865,11.070000000000618,4162.895,4147.655,15.240000000000691,True,LONG,2026-06-19 04:05:00,4163.898,False,True,False,1.7534,0.5574,1.7534,4178.345,2026-06-19 04:30:00,1.5574,4141.695,2026-06-19 07:33:00,True,2026-06-19 04:10:00,0.0,1.5574,True,4157.335,2026-06-19 06:02:00,0.1445
GC,2026-06-19,Friday,RDR,4163.675,4145.205,18.470000000000255,4168.055,4143.475,24.579999999999927,False,,,,,,,0.0,0.1489,,,,,,,False,,,,False,,,
GC,2026-06-22,Monday,ADR,4167.055,4136.635,30.420000000000073,4170.535,4136.125,34.409999999999854,True,LONG,2026-06-21 20:35:00,4171.498,True,False,,1.766,0.0,1.766,4220.778,2026-06-21 21:00:00,0.0,4169.915,2026-06-21 20:42:00,True,2026-06-21 20:49:00,0.0,0.0,False,,,
GC,2026-06-22,Monday,ODR,4200.505,4190.195,10.3100000000004,4201.665,4188.555,13.109999999999673,True,LONG,2026-06-22 05:00:00,4202.025,True,False,,1.4064,0.1736,1.4064,4215.005,2026-06-22 07:06:00,0.0,4201.115,2026-06-22 05:30:00,True,2026-06-22 05:06:00,0.0,0.0,False,,,
GC,2026-06-22,Monday,RDR,4206.225,4185.765,20.460000000000036,4210.645,4182.735,27.910000000000764,True,SHORT,2026-06-22 11:35:00,4181.925,True,True,False,0.0,0.7957,0.7957,4169.485,2026-06-22 11:50:00,0.3633,4193.198,2026-06-22 15:03:00,True,2026-06-22 11:46:00,0.0,0.3633,True,4186.048,2026-06-22 12:35:00,0.0138
GC,2026-06-23,Tuesday,ADR,4194.655,4178.505,16.149999999999636,4195.095,4178.095,17.0,True,SHORT,2026-06-22 21:15:00,4173.415,True,True,True,0.2341,3.9635,3.9635,4114.495,2026-06-23 00:59:00,0.1368,4180.715,2026-06-22 21:27:00,True,2026-06-22 21:33:00,0.1368,0.0,True,4179.005,2026-06-22 21:22:00,0.031
GC,2026-06-23,Tuesday,ODR,4121.105,4098.455,22.649999999999636,4124.645,4096.375,28.270000000000437,True,SHORT,2026-06-23 04:00:00,4092.135,False,True,False,0.5276,0.3492,0.3492,4090.545,2026-06-23 04:07:00,1.5276,4133.055,2026-06-23 06:04:00,False,,0.0,,True,4099.725,2026-06-23 04:19:00,0.0561
GC,2026-06-23,Tuesday,RDR,4141.605,4115.625,25.979999999999563,4144.795,4109.725,35.06999999999971,False,,,,,,,0.0754,0.1628,,,,,,,False,,,,False,,,
GC,2026-06-24,Wednesday,ADR,4110.615,4083.695,26.919999999999618,4111.965,4080.495,31.470000000000255,True,SHORT,2026-06-23 21:00:00,4073.315,True,True,True,0.0,1.2448,1.2448,4050.185,2026-06-23 23:18:00,0.6805,4102.015,2026-06-23 21:30:00,True,2026-06-23 21:05:00,0.6805,0.6805,True,4084.005,2026-06-23 21:11:00,0.0115
GC,2026-06-24,Wednesday,ODR,4088.865,4074.715,14.149999999999636,4090.665,4073.525,17.139999999999873,True,SHORT,2026-06-24 04:15:00,4073.515,True,True,True,0.0,4.8113,4.8113,4006.635,2026-06-24 08:26:00,0.8996,4087.445,2026-06-24 04:32:00,True,2026-06-24 05:36:00,0.8996,0.0,True,4075.575,2026-06-24 04:20:00,0.0608
GC,2026-06-24,Wednesday,RDR,4037.975,3975.325,62.65000000000009,4041.905,3973.635,68.26999999999998,True,SHORT,2026-06-24 13:55:00,3972.808,True,True,False,0.0,0.2654,0.2654,3958.695,2026-06-24 14:04:00,0.298,3993.995,2026-06-24 14:31:00,False,,0.0,,True,3975.585,2026-06-24 14:05:00,0.0042
GC,2026-06-25,Thursday,ADR,4015.615,3996.045,19.56999999999971,4018.385,3994.975,23.41000000000031,True,SHORT,2026-06-24 20:30:00,3987.268,True,True,True,0.0,1.7522,1.7522,3961.755,2026-06-24 22:13:00,0.4865,4005.565,2026-06-24 21:02:00,True,2026-06-24 20:35:00,0.4865,0.4865,True,3997.705,2026-06-24 20:53:00,0.0848
GC,2026-06-25,Thursday,ODR,3987.765,3974.325,13.440000000000055,3989.615,3971.285,18.329999999999927,True,LONG,2026-06-25 04:00:00,3990.015,True,True,False,1.0551,0.061,1.0551,4001.945,2026-06-25 04:40:00,1.061,3973.505,2026-06-25 07:37:00,True,2026-06-25 04:17:00,0.2723,1.061,True,3987.485,2026-06-25 04:08:00,0.0208
GC,2026-06-25,Thursday,RDR,4026.308,4002.005,24.302999999999884,4028.475,3998.955,29.519999999999982,True,LONG,2026-06-25 11:20:00,4037.605,True,True,True,0.7246,0.0,0.7246,4043.918,2026-06-25 14:29:00,0.1926,4021.628,2026-06-25 11:34:00,True,2026-06-25 11:51:00,0.1926,0.1919,True,4025.885,2026-06-25 11:29:00,0.0174
GC,2026-06-26,Friday,ADR,4029.525,4012.235,17.289999999999964,4030.175,4011.275,18.90000000000009,True,SHORT,2026-06-25 22:15:00,4008.965,True,True,True,0.0,1.712,1.712,3982.635,2026-06-25 22:55:00,0.5147,4021.135,2026-06-26 01:30:00,True,2026-06-25 22:33:00,0.0,0.5147,True,4015.195,2026-06-26 00:54:00,0.1712
GC,2026-06-26,Friday,ODR,4037.895,4027.165,10.730000000000018,4039.795,4026.618,13.177000000000135,True,SHORT,2026-06-26 04:00:00,4026.475,False,True,False,1.6396,0.1351,0.1351,4025.715,2026-06-26 04:05:00,2.6396,4055.488,2026-06-26 07:33:00,False,,0.0,,True,4028.525,2026-06-26 04:06:00,0.1267
GC,2026-06-26,Friday,RDR,4088.425,4047.915,40.51000000000022,4092.895,4044.775,48.11999999999989,True,LONG,2026-06-26 11:40:00,4094.995,True,True,False,0.1819,0.0,0.1819,4095.795,2026-06-26 11:49:00,0.5959,4064.285,2026-06-26 15:23:00,False,,0.0,,True,4084.165,2026-06-26 11:51:00,0.1052
GC,2026-06-29,Monday,ADR,4064.165,4048.075,16.090000000000146,4066.075,4048.055,18.019999999999982,True,LONG,2026-06-28 20:40:00,4069.285,False,True,False,0.7054,0.5631,0.7054,4075.515,2026-06-28 23:22:00,1.5631,4039.015,2026-06-29 01:37:00,True,2026-06-28 20:56:00,0.6557,1.5631,True,4062.865,2026-06-28 20:48:00,0.0808
GC,2026-06-29,Monday,ODR,4065.965,4059.025,6.940000000000055,4068.455,4055.855,12.599999999999909,True,SHORT,2026-06-29 04:40:00,4055.555,True,False,,0.085,5.0226,5.0226,4024.168,2026-06-29 05:57:00,0.0,4057.195,2026-06-29 04:48:00,True,2026-06-29 04:45:00,0.0,0.0,False,,,
GC,2026-06-29,Monday,RDR,4043.335,4008.535,34.80000000000018,4044.445,3999.918,44.527000000000044,False,,,,,,,0.0,0.0971,,,,,,,False,,,,False,,,
GC,2026-06-30,Tuesday,ADR,4018.985,4004.165,14.820000000000164,4021.615,4003.045,18.56999999999971,True,SHORT,2026-06-29 20:30:00,4001.495,True,False,,0.0,4.2265,4.2265,3941.528,2026-06-29 21:07:00,0.0,4002.075,2026-06-29 20:35:00,True,2026-06-29 20:37:00,0.0,0.0,False,,,
GC,2026-06-30,Tuesday,ODR,4031.828,4025.305,6.523000000000138,4034.465,4023.548,10.917000000000371,True,LONG,2026-06-30 04:00:00,4035.358,False,True,False,0.8355,2.0267,0.8355,4037.278,2026-06-30 04:05:00,3.0267,4012.085,2026-06-30 05:36:00,True,2026-06-30 04:05:00,0.0,3.0267,True,4031.615,2026-06-30 04:07:00,0.0327
GC,2026-06-30,Tuesday,RDR,4062.395,4013.395,49.0,4063.205,4012.975,50.23000000000002,False,,,,,,,0.0,0.0,,,,,,,False,,,,False,,,
GC,2026-07-01,Wednesday,ADR,4011.385,4001.475,9.91000000000031,4012.285,4001.165,11.11999999999989,True,SHORT,2026-06-30 20:35:00,4000.715,True,False,,0.0,3.217,3.217,3969.595,2026-07-01 01:12:00,0.0,4000.995,2026-06-30 20:40:00,True,2026-06-30 20:41:00,0.0,0.0,False,,,
GC,2026-07-01,Wednesday,ODR,3975.765,3961.265,14.5,3978.145,3959.905,18.23999999999978,True,LONG,2026-07-01 04:15:00,3982.515,True,True,True,4.1,0.0,4.1,4035.215,2026-07-01 07:50:00,0.331,3970.965,2026-07-01 04:58:00,True,2026-07-01 04:20:00,0.331,0.331,True,3975.495,2026-07-01 04:33:00,0.0186
GC,2026-07-01,Wednesday,RDR,4104.335,4046.485,57.84999999999991,4107.585,4041.225,66.36000000000013,True,LONG,2026-07-01 10:30:00,4110.865,False,True,False,0.1927,0.2133,0.1927,4115.485,2026-07-01 10:36:00,1.2133,4034.145,2026-07-01 15:57:00,False,,0.0,,True,4096.995,2026-07-01 10:41:00,0.1269
GC,2026-07-02,Thursday,ADR,4046.395,4032.635,13.759999999999764,4048.255,4030.525,17.730000000000018,True,LONG,2026-07-01 20:45:00,4050.455,True,True,True,2.0036,0.0,2.0036,4073.965,2026-07-01 23:56:00,0.3932,4040.985,2026-07-01 22:10:00,True,2026-07-01 21:00:00,0.3932,0.3932,True,4046.135,2026-07-01 21:33:00,0.0189
GC,2026-07-02,Thursday,ODR,4074.475,4061.425,13.049999999999727,4075.405,4060.465,14.940000000000055,True,LONG,2026-07-02 04:45:00,4076.235,False,True,False,0.4,0.3218,0.4,4079.695,2026-07-02 04:56:00,1.3218,4057.225,2026-07-02 07:07:00,False,,0.1218,,True,4074.335,2026-07-02 04:51:00,0.0107
GC,2026-07-02,Thursday,RDR,4140.865,4112.905,27.960000000000036,4143.715,4109.925,33.789999999999964,True,SHORT,2026-07-02 12:30:00,4102.725,True,True,False,0.0,0.4614,0.4614,4100.005,2026-07-02 12:37:00,0.4939,4126.715,2026-07-02 14:33:00,False,,0.0,,True,4113.105,2026-07-02 12:40:00,0.0072
GC,2026-07-03,Friday,ADR,4138.395,4122.945,15.450000000000728,4140.545,4120.785,19.76000000000022,True,LONG,2026-07-02 20:45:00,4140.865,True,False,,3.6874,0.0,3.6874,4195.365,2026-07-02 21:35:00,0.0,4139.855,2026-07-02 20:50:00,True,2026-07-02 20:51:00,0.0,0.0,False,,,
GC,2026-07-03,Friday,ODR,4180.225,4171.405,8.820000000000618,4181.685,4168.975,12.710000000000036,True,LONG,2026-07-03 04:00:00,4183.065,False,True,False,0.7143,0.356,0.7143,4186.525,2026-07-03 04:34:00,1.356,4168.265,2026-07-03 05:38:00,True,2026-07-03 04:05:00,0.0,1.356,True,4180.075,2026-07-03 04:46:00,0.017
GC,2026-07-03,Friday,RDR,4171.445,4158.695,12.75,4171.725,4155.085,16.640000000000327,True,LONG,2026-07-03 11:10:00,4172.045,True,True,True,0.3616,0.0,0.3616,4176.055,2026-07-03 12:56:00,0.6988,4162.535,2026-07-03 12:18:00,False,,0.6988,,True,4170.665,2026-07-03 11:18:00,0.0612
GC,2026-07-06,Monday,ADR,4200.145,4174.315,25.830000000000837,4201.285,4170.265,31.019999999999527,True,SHORT,2026-07-05 23:05:00,4167.165,True,False,,0.1069,1.1529,1.1529,4144.535,2026-07-06 01:59:00,0.0,4171.525,2026-07-05 23:11:00,True,2026-07-05 23:44:00,0.0,0.0,False,,,
GC,2026-07-06,Monday,ODR,4165.785,4148.635,17.149999999999636,4166.075,4146.985,19.090000000000146,True,SHORT,2026-07-06 05:20:00,4146.775,True,True,True,0.0035,0.7184,0.7184,4136.315,2026-07-06 05:32:00,0.6257,4159.365,2026-07-06 07:27:00,True,2026-07-06 05:30:00,0.0,0.6257,True,4148.725,2026-07-06 06:16:00,0.0052
GC,2026-07-06,Monday,RDR,4148.915,4132.455,16.460000000000036,4150.185,4132.085,18.100000000000364,True,SHORT,2026-07-06 10:40:00,4129.945,False,True,False,1.1185,0.2546,0.2193,4128.845,2026-07-06 10:45:00,2.1185,4167.325,2026-07-06 14:36:00,False,,0.0522,,True,4133.315,2026-07-06 10:45:00,0.0522
GC,2026-07-07,Tuesday,ADR,4164.385,4155.805,8.579999999999927,4164.985,4151.625,13.359999999999673,True,SHORT,2026-07-06 20:35:00,4150.795,True,False,,0.0,4.5793,4.5793,4116.515,2026-07-07 01:40:00,0.0,4153.605,2026-07-06 20:55:00,True,2026-07-06 20:40:00,0.0,0.0,False,,,
GC,2026-07-07,Tuesday,ODR,4130.355,4124.545,5.809999999999491,4133.345,4124.155,9.19000000000051,True,LONG,2026-07-07 04:10:00,4136.855,False,True,True,7.6695,0.8158,7.6695,4174.915,2026-07-07 08:15:00,1.8158,4119.805,2026-07-07 05:29:00,True,2026-07-07 04:15:00,1.8158,1.8158,True,4129.505,2026-07-07 04:36:00,0.1463
GC,2026-07-07,Tuesday,RDR,4177.155,4152.075,25.079999999999927,4180.225,4150.805,29.420000000000073,True,SHORT,2026-07-07 10:35:00,4149.415,True,True,True,0.0,2.4015,2.4015,4091.845,2026-07-07 15:18:00,0.2137,4157.435,2026-07-07 10:48:00,True,2026-07-07 11:54:00,0.2137,0.0,True,4152.335,2026-07-07 10:44:00,0.0104
GC,2026-07-08,Wednesday,ADR,4105.695,4097.615,8.079999999999927,4107.665,4095.545,12.11999999999989,True,LONG,2026-07-07 20:30:00,4109.215,True,True,True,3.4641,0.1918,3.4641,4133.685,2026-07-08 01:07:00,1.1918,4096.065,2026-07-07 21:37:00,True,2026-07-07 20:35:00,1.1918,1.1918,True,4098.845,2026-07-07 21:05:00,0.8478
GC,2026-07-08,Wednesday,ODR,4127.065,4115.945,11.11999999999989,4127.065,4114.615,12.449999999999818,True,SHORT,2026-07-08 04:15:00,4088.565,True,False,,0.0,6.7932,6.7932,4040.405,2026-07-08 06:09:00,0.0,4097.575,2026-07-08 04:20:00,True,2026-07-08 04:20:00,0.0,0.0,False,,,
GC,2026-07-08,Wednesday,RDR,4079.025,4054.355,24.670000000000073,4080.075,4051.165,28.909999999999854,True,SHORT,2026-07-08 10:35:00,4042.975,False,True,False,0.4953,1.3308,1.3308,4021.525,2026-07-08 11:32:00,1.4953,4091.245,2026-07-08 14:49:00,True,2026-07-08 10:43:00,0.0,1.4953,True,4057.265,2026-07-08 12:44:00,0.118
GC,2026-07-09,Thursday,ADR,4087.445,4072.365,15.080000000000382,4089.775,4071.585,18.190000000000055,True,SHORT,2026-07-08 20:50:00,4070.455,True,True,False,0.0,1.2188,1.2188,4053.985,2026-07-08 23:22:00,0.7739,4084.035,2026-07-09 01:58:00,True,2026-07-08 21:04:00,0.6671,0.7739,True,4072.995,2026-07-08 20:55:00,0.0418
GC,2026-07-09,Thursday,ODR,4110.375,4101.375,9.0,4110.905,4101.215,9.6899999999996,True,LONG,2026-07-09 04:20:00,4115.505,False,True,False,1.0511,0.8733,1.0511,4119.835,2026-07-09 08:09:00,1.8733,4093.515,2026-07-09 06:56:00,True,2026-07-09 04:25:00,1.8733,1.8733,True,4109.925,2026-07-09 04:34:00,0.05
GC,2026-07-09,Thursday,RDR,4131.105,4117.255,13.849999999999454,4135.585,4113.885,21.699999999999818,True,LONG,2026-07-09 13:45:00,4135.795,True,True,False,0.5105,0.0,0.431,4137.075,2026-07-09 13:52:00,0.8939,4118.725,2026-07-09 15:43:00,False,,0.0,,True,4130.425,2026-07-09 14:04:00,0.0491
GC,2026-07-10,Friday,ADR,4123.845,4118.875,4.970000000000255,4125.555,4116.625,8.930000000000291,True,SHORT,2026-07-09 20:30:00,4115.615,False,True,True,2.1549,2.1972,2.1972,4107.955,2026-07-10 01:47:00,3.1549,4134.555,2026-07-09 23:08:00,True,2026-07-09 20:35:00,3.1549,3.1549,True,4119.235,2026-07-09 20:36:00,0.0724
GC,2026-07-10,Friday,ODR,4113.995,4104.945,9.050000000000182,4115.085,4104.065,11.020000000000437,True,SHORT,2026-07-10 04:30:00,4101.915,False,True,False,0.3801,1.1856,1.1856,4094.215,2026-07-10 05:01:00,1.3801,4117.435,2026-07-10 08:13:00,True,2026-07-10 04:37:00,0.0,1.3801,True,4105.255,2026-07-10 05:57:00,0.0343
GC,2026-07-10,Friday,RDR,4105.155,4087.465,17.6899999999996,4109.025,4086.785,22.23999999999978,True,LONG,2026-07-10 11:45:00,4109.605,True,True,True,0.5772,0.8412,0.5772,4115.365,2026-07-10 12:31:00,0.4319,4097.515,2026-07-10 15:05:00,True,2026-07-10 12:01:00,0.0,0.4319,True,4105.035,2026-07-10 12:55:00,0.0068
GC,2026-07-13,Monday,ADR,4088.205,4072.315,15.889999999999873,4090.805,4071.385,19.419999999999618,True,SHORT,2026-07-12 20:30:00,4062.265,True,True,True,0.0862,1.399,1.399,4050.085,2026-07-13 00:15:00,1.0862,4089.575,2026-07-12 21:32:00,True,2026-07-12 20:35:00,1.0862,1.0862,True,4073.075,2026-07-12 20:42:00,0.0478
GC,2026-07-13,Monday,ODR,4064.675,4053.395,11.2800000000002,4064.935,4048.815,16.11999999999989,True,LONG,2026-07-13 04:00:00,4065.085,False,True,False,1.406,0.6312,1.406,4080.535,2026-07-13 04:23:00,1.6312,4046.275,2026-07-13 06:42:00,True,2026-07-13 04:08:00,0.0434,1.6312,True,4064.185,2026-07-13 04:05:00,0.0434
GC,2026-07-13,Monday,RDR,4061.985,4016.555,45.43000000000029,4063.615,4002.405,61.20999999999958,True,SHORT,2026-07-13 12:30:00,3994.415,True,False,,0.0,0.691,0.691,3985.165,2026-07-13 12:55:00,0.0,4004.845,2026-07-13 14:54:00,True,2026-07-13 12:35:00,0.0,0.0,False,,,
GC,2026-07-14,Tuesday,ADR,4000.825,3987.475,13.349999999999909,4004.385,3983.285,21.100000000000364,True,LONG,2026-07-13 20:30:00,4004.675,True,True,True,2.4854,0.0,2.4854,4034.005,2026-07-14 01:44:00,0.6884,3991.635,2026-07-13 21:02:00,True,2026-07-13 21:58:00,0.6884,0.0,True,3999.975,2026-07-13 20:41:00,0.0637
GC,2026-07-14,Tuesday,ODR,4028.805,4020.505,8.299999999999727,4029.775,4019.865,9.91000000000031,True,SHORT,2026-07-14 04:00:00,4018.445,False,True,False,0.8253,0.8542,0.8542,4013.415,2026-07-14 05:34:00,1.8253,4035.655,2026-07-14 08:03:00,True,2026-07-14 04:09:00,0.453,1.8253,True,4020.815,2026-07-14 04:17:00,0.0373
GC,2026-07-14,Tuesday,RDR,4087.375,4072.965,14.409999999999854,4088.625,4070.205,18.420000000000073,True,LONG,2026-07-14 11:05:00,4095.505,False,True,False,0.9188,2.1069,0.6822,4097.205,2026-07-14 11:10:00,3.1069,4042.605,2026-07-14 14:43:00,True,2026-07-14 11:10:00,0.0,3.1069,True,4087.295,2026-07-14 11:16:00,0.0056
GC,2026-07-15,Wednesday,ADR,4058.135,4051.035,7.100000000000364,4058.135,4048.595,9.540000000000418,True,LONG,2026-07-14 20:55:00,4058.705,False,True,False,0.5268,4.1366,0.5268,4061.875,2026-07-14 21:00:00,5.1366,4021.665,2026-07-15 01:30:00,True,2026-07-14 21:00:00,0.0,5.1366,True,4057.025,2026-07-14 21:02:00,0.1563
GC,2026-07-15,Wednesday,ODR,4032.575,4020.245,12.329999999999927,4034.125,4019.465,14.659999999999854,True,SHORT,2026-07-15 04:10:00,4017.705,False,True,False,0.7948,0.2506,0.1995,4017.785,2026-07-15 04:15:00,1.7948,4042.375,2026-07-15 08:04:00,False,,0.1703,,True,4022.345,2026-07-15 04:15:00,0.1703
GC,2026-07-15,Wednesday,RDR,4064.125,4055.455,8.670000000000073,4066.285,4054.765,11.519999999999982,True,SHORT,2026-07-15 11:05:00,4054.265,False,True,False,1.9389,3.3379,3.3379,4026.515,2026-07-15 12:44:00,2.9389,4080.935,2026-07-15 14:31:00,True,2026-07-15 11:12:00,0.0,2.9389,True,4055.605,2026-07-15 13:33:00,0.0173
GC,2026-07-16,Thursday,ADR,4058.235,4055.075,3.1600000000003092,4060.645,4054.535,6.110000000000127,True,SHORT,2026-07-15 20:50:00,4053.185,True,False,,0.8956,9.9652,9.9652,4023.585,2026-07-15 22:41:00,0.0,4053.455,2026-07-15 20:55:00,True,2026-07-15 20:55:00,0.0,0.0,False,,,
GC,2026-07-16,Thursday,ODR,4030.495,4023.895,6.599999999999909,4031.735,4022.845,8.890000000000327,True,LONG,2026-07-16 04:25:00,4032.115,False,True,False,1.9045,1.7197,1.9045,4043.065,2026-07-16 08:05:00,2.7197,4012.545,2026-07-16 08:16:00,True,2026-07-16 04:31:00,1.4394,2.7197,True,4030.185,2026-07-16 05:32:00,0.047
GC,2026-07-16,Thursday,RDR,4005.415,3983.185,22.230000000000018,4008.315,3981.565,26.75,True,LONG,2026-07-16 11:25:00,4011.105,False,True,False,0.5083,0.6361,0.4849,4016.195,2026-07-16 11:38:00,1.6361,3969.045,2026-07-16 15:38:00,False,,0.0,,True,4005.325,2026-07-16 11:58:00,0.004
GC,2026-07-17,Friday,ADR,3987.815,3976.905,10.909999999999854,3990.725,3975.115,15.610000000000127,True,LONG,2026-07-16 20:55:00,3991.575,False,True,False,1.8863,0.5949,1.8863,4008.395,2026-07-16 23:20:00,1.5949,3970.415,2026-07-16 22:38:00,True,2026-07-16 21:06:00,1.5949,1.5949,True,3987.205,2026-07-16 21:00:00,0.0559
GC,2026-07-17,Friday,ODR,4000.785,3992.555,8.230000000000018,4002.455,3992.435,10.019999999999982,True,SHORT,2026-07-17 04:15:00,3989.915,False,True,True,0.1677,1.0207,1.0207,3984.155,2026-07-17 08:23:00,1.1677,4002.165,2026-07-17 05:25:00,True,2026-07-17 04:28:00,1.1677,1.1677,True,3992.755,2026-07-17 04:21:00,0.0243
GC,2026-07-17,Friday,RDR,4002.545,3965.655,36.88999999999987,4004.115,3963.635,40.47999999999956,True,LONG,2026-07-17 11:00:00,4012.195,True,True,True,0.572,0.0,0.572,4023.645,2026-07-17 12:24:00,0.0125,4002.085,2026-07-17 15:24:00,True,2026-07-17 11:53:00,0.0,0.0125,True,4002.085,2026-07-17 15:24:00,0.0125
GC,2026-07-20,Monday,ADR,4003.635,3986.895,16.740000000000236,4005.165,3981.935,23.230000000000018,True,LONG,2026-07-19 20:55:00,4008.235,True,True,True,1.506,0.0,1.506,4028.845,2026-07-19 22:48:00,0.4851,3995.515,2026-07-19 21:43:00,True,2026-07-19 21:01:00,0.4851,0.4851,True,4003.515,2026-07-19 21:19:00,0.0072
GC,2026-07-20,Monday,ODR,4020.935,4003.615,17.320000000000164,4021.695,4001.815,19.88000000000011,True,LONG,2026-07-20 04:00:00,4022.995,True,True,False,1.1259,0.0,1.1259,4040.435,2026-07-20 07:34:00,0.8308,4006.545,2026-07-20 08:24:00,True,2026-07-20 04:24:00,0.3643,0.8308,True,4020.485,2026-07-20 04:05:00,0.026
GC,2026-07-20,Monday,RDR,4014.025,3998.575,15.450000000000273,4017.185,3998.035,19.15000000000009,True,LONG,2026-07-20 11:05:00,4019.255,True,True,False,0.343,0.0,0.3275,4019.085,2026-07-20 11:10:00,0.8181,4001.385,2026-07-20 12:41:00,False,,0.0,,True,4012.855,2026-07-20 11:11:00,0.0757
GC,2026-07-21,Tuesday,ADR,4017.015,4003.145,13.86999999999989,4018.435,4003.095,15.340000000000146,True,LONG,2026-07-20 20:35:00,4018.805,True,False,,3.6359,0.0,3.6359,4067.445,2026-07-21 01:46:00,0.0,4017.915,2026-07-20 20:40:00,True,2026-07-20 20:47:00,0.0,0.0,False,,,
GC,2026-07-21,Tuesday,ODR,4078.035,4069.375,8.659999999999854,4079.985,4067.455,12.5300000000002,True,SHORT,2026-07-21 04:00:00,4066.025,True,True,True,0.0,1.754,1.754,4054.185,2026-07-21 07:46:00,0.0531,4069.835,2026-07-21 06:38:00,True,2026-07-21 04:20:00,0.0531,0.0531,True,4069.525,2026-07-21 04:07:00,0.0173
GC,2026-07-21,Tuesday,RDR,4069.225,4046.215,23.009999999999764,4069.225,4044.165,25.059999999999945,True,LONG,2026-07-21 10:45:00,4069.245,True,True,True,0.7627,0.0,0.7627,4086.775,2026-07-21 14:27:00,0.1721,4065.265,2026-07-21 11:05:00,True,2026-07-21 11:32:00,0.1721,0.1169,True,4068.185,2026-07-21 10:50:00,0.0452
GC,2026-07-22,Wednesday,ADR,4098.005,4079.945,18.059999999999945,4098.625,4076.325,22.300000000000182,True,LONG,2026-07-21 21:00:00,4110.325,True,False,,2.4064,0.0,2.4064,4141.465,2026-07-21 23:23:00,0.0,4109.685,2026-07-21 21:05:00,True,2026-07-21 21:05:00,0.0,0.0,False,,,
GC,2026-07-22,Wednesday,ODR,4119.625,4110.045,9.579999999999927,4122.905,4109.025,13.88000000000011,True,LONG,2026-07-22 08:00:00,4125.155,True,False,,1.3987,0.0,1.3987,4133.025,2026-07-22 08:29:00,0.0,4123.355,2026-07-22 08:12:00,True,2026-07-22 08:05:00,0.0,0.0,False,,,
GC,2026-07-22,Wednesday,RDR,4156.505,4131.615,24.890000000000327,4163.325,4131.615,31.710000000000036,True,LONG,2026-07-22 11:45:00,4164.225,False,True,False,0.3724,0.1157,0.3724,4165.775,2026-07-22 11:52:00,1.1157,4128.735,2026-07-22 15:54:00,False,,0.0,,True,4155.965,2026-07-22 12:02:00,0.0217
GC,2026-07-23,Thursday,ADR,4133.185,4119.775,13.410000000000764,4134.405,4118.705,15.699999999999818,True,LONG,2026-07-22 21:15:00,4135.775,False,True,False,0.5749,0.5936,0.5749,4140.895,2026-07-22 21:27:00,1.5936,4111.815,2026-07-22 22:05:00,True,2026-07-22 21:27:00,0.0,1.5936,True,4128.645,2026-07-22 21:30:00,0.3386
GC,2026-07-23,Thursday,ODR,4118.445,4092.875,25.56999999999971,4119.355,4089.975,29.379999999999654,True,SHORT,2026-07-23 04:15:00,4089.575,True,True,True,0.0,0.8913,0.8913,4070.085,2026-07-23 08:24:00,0.2519,4099.315,2026-07-23 05:04:00,True,2026-07-23 07:32:00,0.2519,0.0,True,4093.295,2026-07-23 04:34:00,0.0164
GC,2026-07-23,Thursday,RDR,4063.125,4043.115,20.01000000000022,4067.155,4039.685,27.470000000000255,False,,,,,,,0.0,0.1439,,,,,,,False,,,,False,,,
GC,2026-07-24,Friday,ADR,4050.575,4041.385,9.1899999999996,4050.845,4041.015,9.829999999999927,True,SHORT,2026-07-23 22:45:00,4026.325,True,False,,0.0239,2.1458,2.1458,4021.665,2026-07-24 01:57:00,0.0,4033.295,2026-07-23 23:15:00,True,2026-07-23 22:50:00,0.0,0.0,False,,,
GC,2026-07-24,Friday,ODR,4053.655,4035.575,18.080000000000382,4053.655,4034.895,18.76000000000022,True,LONG,2026-07-24 04:40:00,4054.355,True,True,True,0.5581,0.0,0.5581,4063.745,2026-07-24 06:33:00,0.1361,4051.195,2026-07-24 07:58:00,True,2026-07-24 06:27:00,0.1222,0.1361,True,4053.475,2026-07-24 04:45:00,0.01
GC,2026-07-24,Friday,RDR,4067.275,4046.105,21.170000000000073,4069.825,4044.575,25.25,True,LONG,2026-07-24 11:10:00,4074.415,True,True,False,0.6906,0.0,0.6906,4081.895,2026-07-24 11:20:00,0.8635,4048.995,2026-07-24 15:25:00,True,2026-07-24 11:15:00,0.0,0.8635,True,4066.485,2026-07-24 12:41:00,0.0373
GC,2026-07-27,Monday,ADR,4115.235,4084.745,30.48999999999978,4116.145,4083.035,33.11000000000058,False,,,,,,,0.0,0.0197,,,,,,,False,,,,False,,,
GC,2026-07-27,Monday,ODR,4104.585,4088.605,15.980000000000018,4105.865,4088.435,17.429999999999836,True,SHORT,2026-07-27 04:00:00,4088.295,True,True,True,0.0,0.4449,0.4449,4081.495,2026-07-27 08:22:00,0.9568,4103.895,2026-07-27 07:10:00,False,,0.9568,,True,4089.685,2026-07-27 04:05:00,0.0676
GC,2026-07-27,Monday,RDR,4087.175,4068.145,19.0300000000002,4089.405,4066.915,22.490000000000236,True,LONG,2026-07-27 12:30:00,4091.375,True,True,False,0.3426,0.1618,0.3426,4093.695,2026-07-27 12:37:00,0.8849,4070.335,2026-07-27 13:12:00,False,,0.0,,True,4087.155,2026-07-27 12:44:00,0.0011
GC,2026-07-28,Tuesday,ADR,4073.305,4060.475,12.829999999999927,4073.855,4058.795,15.059999999999945,True,SHORT,2026-07-27 20:55:00,4057.635,True,False,,0.0,2.0312,2.0312,4034.415,2026-07-28 01:36:00,0.0,4060.075,2026-07-27 21:04:00,True,2026-07-27 21:00:00,0.0,0.0,False,,,
GC,2026-07-28,Tuesday,ODR,4050.785,4047.055,3.730000000000018,4052.315,4045.875,6.440000000000055,True,SHORT,2026-07-28 04:10:00,4044.225,True,True,True,1.134,8.1394,8.1394,4016.695,2026-07-28 06:26:00,1.0456,4050.955,2026-07-28 04:24:00,True,2026-07-28 04:15:00,1.0456,1.0456,True,4049.105,2026-07-28 04:15:00,0.5496
GC,2026-07-28,Tuesday,RDR,4031.065,4017.135,13.929999999999836,4033.345,4011.335,22.009999999999764,True,LONG,2026-07-28 11:10:00,4033.525,True,True,False,1.1457,0.0,1.1457,4047.025,2026-07-28 11:58:00,0.6856,4021.515,2026-07-28 14:56:00,True,2026-07-28 11:20:00,0.0,0.6856,True,4030.965,2026-07-28 13:39:00,0.0072
GC,2026-07-29,Wednesday,ADR,4025.005,4017.105,7.900000000000091,4029.475,4017.075,12.400000000000091,True,SHORT,2026-07-28 21:00:00,4011.655,False,True,False,1.8671,0.8924,0.8658,4010.265,2026-07-28 21:05:00,2.8671,4039.755,2026-07-29 01:45:00,True,2026-07-28 21:05:00,0.0,2.8671,True,4017.285,2026-07-28 21:10:00,0.0228
GC,2026-07-29,Wednesday,ODR,4046.665,4041.125,5.539999999999964,4047.635,4040.765,6.870000000000346,True,SHORT,2026-07-29 04:10:00,4038.935,True,True,True,0.0,5.148,5.148,4012.605,2026-07-29 08:29:00,0.1697,4042.065,2026-07-29 04:17:00,True,2026-07-29 04:24:00,0.1697,0.0,True,4041.245,2026-07-29 04:15:00,0.0217
GC,2026-07-29,Wednesday,RDR,4017.025,3999.085,17.940000000000055,4017.745,3995.655,22.08999999999969,True,LONG,2026-07-29 12:50:00,4025.475,True,False,,5.5229,0.0496,5.5229,4116.105,2026-07-29 15:02:00,0.0,4024.885,2026-07-29 12:55:00,True,2026-07-29 12:55:00,0.0,0.0,False,,,
GC,2026-07-30,Thursday,ADR,4093.275,4075.085,18.190000000000055,4094.365,4072.645,21.7199999999998,True,SHORT,2026-07-29 20:30:00,4071.975,True,True,True,0.0,2.58,2.58,4028.155,2026-07-30 01:38:00,0.9703,4092.735,2026-07-29 21:06:00,True,2026-07-29 20:43:00,0.9703,0.9703,True,4076.495,2026-07-29 21:01:00,0.0775
GC,2026-07-30,Thursday,ODR,4049.525,4036.085,13.440000000000055,4051.195,4035.175,16.019999999999982,True,LONG,2026-07-30 04:10:00,4052.965,True,False,,2.4978,0.0,2.4978,4083.095,2026-07-30 06:45:00,0.0,4051.995,2026-07-30 04:15:00,True,2026-07-30 04:19:00,0.0,0.0,False,,,
GC,2026-07-30,Thursday,RDR,4112.055,4075.465,36.590000000000146,4120.16,4074.655,45.504999999999654,False,,,,,,,0.1927,0.0,,,,,,,False,,,,False,,,
GC,2026-07-31,Friday,ADR,4108.045,4096.215,11.829999999999927,4109.695,4095.555,14.139999999999873,True,SHORT,2026-07-30 20:30:00,4093.515,True,True,True,0.0,2.0811,2.0811,4071.595,2026-07-30 23:14:00,0.432,4101.325,2026-07-30 21:08:00,True,2026-07-30 20:41:00,0.432,0.432,True,4098.785,2026-07-30 21:00:00,0.2172
GC,2026-07-31,Friday,ODR,4078.575,4067.455,11.11999999999989,4079.015,4067.415,11.599999999999909,True,SHORT,2026-07-31 04:00:00,4062.935,True,False,,0.0,1.8534,1.8534,4046.845,2026-07-31 08:29:00,0.0,4067.235,2026-07-31 04:20:00,True,2026-07-31 04:12:00,0.0,0.0,False,,,
GC,2026-07-31,Friday,RDR,4042.285,4023.115,19.170000000000073,4043.695,4020.545,23.15000000000009,True,LONG,2026-07-31 10:45:00,4043.805,True,True,True,0.6912,0.0,0.6912,4055.535,2026-07-31 15:46:00,0.2994,4036.545,2026-07-31 11:34:00,True,2026-07-31 11:15:00,0.2994,0.2994,True,4041.985,2026-07-31 11:17:00,0.0156
GC,2026-08-03,Monday,ADR,4077.795,4064.035,13.760000000000218,4079.155,4060.825,18.330000000000382,True,SHORT,2026-08-02 20:35:00,4059.545,True,True,False,0.0,1.2318,1.2318,4047.085,2026-08-02 21:16:00,0.5494,4071.595,2026-08-03 00:49:00,True,2026-08-02 20:43:00,0.0,0.5494,True,4066.995,2026-08-02 22:49:00,0.2151
GC,2026-08-03,Monday,ODR,4063.655,4054.375,9.2800000000002,4065.095,4051.915,13.179999999999836,True,SHORT,2026-08-03 05:30:00,4046.775,True,True,True,0.0819,0.9795,0.9795,4045.285,2026-08-03 07:23:00,1.0819,4064.415,2026-08-03 08:00:00,True,2026-08-03 05:35:00,0.3825,1.0819,True,4054.585,2026-08-03 05:44:00,0.0226
GC,2026-08-03,Monday,RDR,4034.095,4026.445,7.649999999999636,4036.025,4018.915,17.110000000000127,True,LONG,2026-08-03 10:40:00,4036.205,True,True,True,2.8248,0.0,2.8248,4055.705,2026-08-03 15:30:00,0.6052,4029.465,2026-08-03 14:00:00,True,2026-08-03 10:56:00,0.6052,0.6052,True,4033.735,2026-08-03 10:48:00,0.0471
GC,2026-08-04,Tuesday,ADR,4067.005,4051.355,15.650000000000091,4069.015,4050.945,18.06999999999971,True,SHORT,2026-08-03 20:55:00,4048.945,True,True,False,0.0351,0.5757,0.5757,4042.345,2026-08-03 21:06:00,1.0351,4067.555,2026-08-04 01:31:00,True,2026-08-03 21:06:00,0.0,1.0351,True,4052.505,2026-08-03 21:25:00,0.0735
GC,2026-08-04,Tuesday,ODR,4065.425,4060.825,4.600000000000364,4066.645,4060.565,6.079999999999927,True,LONG,2026-08-04 04:00:00,4069.755,False,True,True,4.063,3.3565,4.063,4084.115,2026-08-04 07:52:00,4.3565,4045.385,2026-08-04 06:17:00,True,2026-08-04 04:05:00,4.3565,4.3565,True,4062.825,2026-08-04 04:22:00,0.5652
GC,2026-08-04,Tuesday,RDR,4092.555,4078.385,14.169999999999618,4094.055,4075.815,18.23999999999978,True,LONG,2026-08-04 13:00:00,4102.035,False,True,False,0.9772,0.2943,0.9772,4106.402,2026-08-04 13:06:00,1.2343,4075.065,2026-08-04 14:45:00,True,2026-08-04 13:05:00,0.0,1.2343,True,4091.595,2026-08-04 13:31:00,0.0677
GC,2026-08-05,Wednesday,ADR,4078.225,4066.885,11.33999999999969,4078.785,4065.675,13.109999999999673,True,LONG,2026-08-04 20:30:00,4080.375,True,True,True,8.3263,0.0,8.3263,4172.645,2026-08-05 01:52:00,0.0873,4077.235,2026-08-04 21:03:00,True,2026-08-04 21:00:00,0.0873,0.0873,True,4077.815,2026-08-04 20:44:00,0.0362
GC,2026-08-05,Wednesday,ODR,4177.665,4163.195,14.470000000000255,4179.345,4162.105,17.24000000000069,True,SHORT,2026-08-05 04:45:00,4161.765,False,True,False,2.4603,0.9019,0.9019,4150.145,2026-08-05 06:14:00,3.4603,4213.265,2026-08-05 08:23:00,True,2026-08-05 05:22:00,0.2674,3.4603,True,4164.515,2026-08-05 05:01:00,0.0912
GC,2026-08-05,Wednesday,RDR,4236.765,4193.165,43.600000000000364,4240.425,4189.275,51.150000000000546,True,LONG,2026-08-05 10:40:00,4242.955,True,True,True,0.7099,0.0,0.7099,4267.715,2026-08-05 14:23:00,0.281,4224.515,2026-08-05 12:05:00,True,2026-08-05 11:04:00,0.281,0.281,True,4233.035,2026-08-05 10:53:00,0.0856
GC,2026-08-06,Thursday,ADR,4282.435,4263.365,19.07000000000062,4284.455,4260.735,23.720000000000255,True,LONG,2026-08-05 20:30:00,4285.855,False,True,False,1.1175,0.8621,1.1175,4303.745,2026-08-05 22:07:00,1.8621,4246.925,2026-08-06 01:33:00,True,2026-08-05 20:46:00,0.5228,1.8621,True,4280.065,2026-08-05 21:12:00,0.1243
GC,2026-08-06,Thursday,ODR,4264.325,4253.955,10.36999999999989,4265.215,4252.555,12.659999999999854,True,LONG,2026-08-06 04:10:00,4268.785,True,True,False,1.9508,0.0887,1.9508,4284.555,2026-08-06 05:23:00,1.0887,4253.035,2026-08-06 08:16:00,True,2026-08-06 04:15:00,0.0916,1.0887,True,4263.795,2026-08-06 04:24:00,0.0511
GC,2026-08-06,Thursday,RDR,4269.955,4247.395,22.55999999999949,4275.165,4245.515,29.649999999999636,True,SHORT,2026-08-06 11:50:00,4234.695,True,True,False,0.223,1.0714,1.0714,4223.225,2026-08-06 12:25:00,0.1684,4251.195,2026-08-06 15:11:00,True,2026-08-06 11:55:00,0.0,0.1684,True,4247.765,2026-08-06 13:53:00,0.0164
GC,2026-08-07,Friday,ADR,4252.015,4239.635,12.38000000000011,4252.945,4238.895,14.049999999999272,True,SHORT,2026-08-06 20:35:00,4235.175,False,True,False,2.2892,0.8279,0.8279,4229.385,2026-08-06 20:59:00,3.2892,4280.355,2026-08-07 01:58:00,True,2026-08-06 20:40:00,0.0,3.2892,True,4239.775,2026-08-06 21:00:00,0.0113
GC,2026-08-07,Friday,ODR,4297.035,4284.895,12.139999999999418,4297.745,4282.735,15.010000000000218,True,LONG,2026-08-07 04:10:00,4299.635,True,True,True,2.5214,0.0,2.5214,4327.645,2026-08-07 07:31:00,0.3262,4293.075,2026-08-07 04:26:00,True,2026-08-07 04:33:00,0.3262,0.0,True,4296.795,2026-08-07 04:18:00,0.0198
GC,2026-08-07,Friday,RDR,4364.595,4333.425,31.170000000000073,4367.715,4327.125,40.590000000000146,False,,,,,,,0.0,0.189,,,,,,,False,,,,False,,,
GC,2026-08-10,Monday,ADR,4344.975,4332.385,12.590000000000146,4346.915,4331.995,14.920000000000073,True,SHORT,2026-08-09 20:55:00,4331.955,False,True,False,0.5433,1.5449,1.5449,4312.935,2026-08-09 21:41:00,1.5433,4351.815,2026-08-10 01:52:00,True,2026-08-09 21:05:00,0.6537,1.5433,True,4332.715,2026-08-09 21:00:00,0.0262
GC,2026-08-10,Monday,ODR,4359.155,4350.825,8.329999999999927,4361.885,4349.955,11.930000000000291,True,SHORT,2026-08-10 04:35:00,4348.075,True,False,,0.0,3.2305,3.2305,4323.915,2026-08-10 08:26:00,0.0,4349.755,2026-08-10 05:13:00,True,2026-08-10 04:42:00,0.0,0.0,False,,,
GC,2026-08-10,Monday,RDR,4345.245,4317.745,27.5,4347.955,4316.305,31.649999999999636,True,LONG,2026-08-10 10:40:00,4349.225,True,True,True,1.8029,0.0,1.8029,4394.825,2026-08-10 15:51:00,0.1051,4342.355,2026-08-10 10:54:00,True,2026-08-10 11:59:00,0.1051,0.0,True,4344.345,2026-08-10 10:50:00,0.0327
GC,2026-08-11,Tuesday,ADR,4413.675,4395.025,18.650000000000546,4415.585,4393.565,22.020000000000437,True,LONG,2026-08-10 21:25:00,4419.095,False,True,False,1.1416,1.4987,1.1416,4434.965,2026-08-10 22:16:00,2.4987,4367.075,2026-08-11 01:56:00,True,2026-08-10 21:48:00,0.0,2.4987,True,4413.415,2026-08-10 22:39:00,0.0139
GC,2026-08-11,Tuesday,ODR,4365.815,4357.405,8.409999999999854,4367.515,4356.325,11.19000000000051,True,LONG,2026-08-11 04:25:00,4368.995,True,False,,4.0273,0.0797,4.0273,4399.685,2026-08-11 08:21:00,0.0,4367.395,2026-08-11 05:01:00,True,2026-08-11 04:30:00,0.0,0.0,False,,,
GC,2026-08-11,Tuesday,RDR,4399.895,4383.875,16.020000000000437,4403.945,4380.965,22.979999999999563,True,SHORT,2026-08-11 11:30:00,4377.605,True,True,True,0.0,1.4844,1.4844,4360.095,2026-08-11 14:10:00,0.1117,4385.665,2026-08-11 13:08:00,True,2026-08-11 11:36:00,0.1117,0.1117,True,4384.705,2026-08-11 12:00:00,0.0518
GC,2026-08-12,Wednesday,ADR,4380.315,4366.965,13.349999999999454,4380.865,4366.065,14.800000000000182,True,LONG,2026-08-11 20:30:00,4380.995,True,True,True,2.6315,0.0,2.6315,4415.445,2026-08-11 23:08:00,0.2217,4377.355,2026-08-11 20:56:00,True,2026-08-11 21:06:00,0.2217,0.0,True,4379.435,2026-08-11 20:51:00,0.0659
GC,2026-08-12,Wednesday,ODR,4408.605,4399.005,9.599999999999454,4409.875,4397.985,11.890000000000327,True,LONG,2026-08-12 05:10:00,4412.765,True,True,True,1.8365,0.0,1.8365,4426.235,2026-08-12 08:29:00,0.4427,4404.355,2026-08-12 08:25:00,True,2026-08-12 05:15:00,0.4427,0.4427,True,4406.805,2026-08-12 06:49:00,0.1875
GC,2026-08-12,Wednesday,RDR,4436.215,4411.655,24.5600000000004,4439.495,4408.245,31.25,True,SHORT,2026-08-12 12:45:00,4402.355,True,True,False,0.0,0.6384,0.6384,4395.975,2026-08-12 14:01:00,0.27,4418.285,2026-08-12 15:06:00,True,2026-08-12 12:56:00,0.0,0.27,True,4412.305,2026-08-12 14:33:00,0.0265
GC,2026-08-13,Thursday,ADR,4433.705,4407.895,25.80999999999949,4437.235,4406.935,30.299999999999272,True,LONG,2026-08-12 20:30:00,4443.855,False,True,False,0.6102,1.0682,0.4398,4445.055,2026-08-12 20:35:00,2.0682,4380.325,2026-08-13 01:59:00,False,,0.0,,True,4428.835,2026-08-12 20:49:00,0.1887
GC,2026-08-13,Thursday,ODR,4380.425,4369.795,10.63000000000011,4381.655,4369.155,12.5,True,SHORT,2026-08-13 04:00:00,4366.945,False,True,False,1.5099,0.5541,0.5541,4363.905,2026-08-13 04:11:00,2.5099,4396.475,2026-08-13 07:16:00,True,2026-08-13 04:10:00,0.0,2.5099,True,4370.015,2026-08-13 04:22:00,0.0207
GC,2026-08-13,Thursday,RDR,4384.915,4367.505,17.409999999999854,4389.695,4366.485,23.210000000000036,True,SHORT,2026-08-13 11:25:00,4365.095,True,True,True,0.12,1.3866,1.3866,4343.365,2026-08-13 15:15:00,0.324,4373.145,2026-08-13 13:12:00,True,2026-08-13 11:33:00,0.324,0.324,True,4368.865,2026-08-13 11:38:00,0.0781
GC,2026-08-14,Friday,ADR,4363.155,4339.305,23.849999999999454,4364.005,4339.275,24.730000000000473,True,SHORT,2026-08-13 20:35:00,4335.365,True,True,True,0.0,1.213,1.213,4310.375,2026-08-13 22:14:00,0.1308,4342.425,2026-08-13 20:45:00,True,2026-08-13 21:10:00,0.1308,0.0,True,4339.915,2026-08-13 20:44:00,0.0256
GC,2026-08-14,Friday,ODR,4343.495,4331.005,12.489999999999782,4345.065,4329.505,15.55999999999949,True,LONG,2026-08-14 04:05:00,4345.205,True,True,True,2.9384,0.0,2.9384,4380.195,2026-08-14 08:29:00,0.0705,4342.615,2026-08-14 04:45:00,True,2026-08-14 05:14:00,0.0705,0.0,True,4343.365,2026-08-14 04:22:00,0.0104
GC,2026-08-14,Friday,RDR,4395.165,4384.205,10.960000000000036,4396.765,4382.695,14.070000000000618,True,SHORT,2026-08-14 10:45:00,4380.255,True,True,True,0.1186,1.24,1.24,4370.615,2026-08-14 14:45:00,1.1186,4396.465,2026-08-14 12:01:00,True,2026-08-14 11:26:00,1.1186,1.1186,True,4385.665,2026-08-14 11:01:00,0.1332
GC,2026-08-17,Monday,ADR,4389.635,4368.225,21.409999999999854,4390.755,4366.865,23.890000000000327,True,LONG,2026-08-16 20:30:00,4392.395,True,True,True,1.2424,0.0,1.2424,4416.235,2026-08-16 21:24:00,0.134,4386.765,2026-08-17 01:15:00,True,2026-08-16 20:57:00,0.1182,0.134,True,4388.355,2026-08-16 20:37:00,0.0598
GC,2026-08-17,Monday,ODR,4409.155,4396.205,12.949999999999818,4411.245,4395.835,15.409999999999854,True,SHORT,2026-08-17 04:45:00,4395.335,True,True,True,0.0,1.1042,1.1042,4381.905,2026-08-17 08:26:00,0.729,4405.645,2026-08-17 06:30:00,True,2026-08-17 08:26:00,0.729,0.0,True,4396.245,2026-08-17 05:04:00,0.0031
GC,2026-08-17,Monday,RDR,4423.775,4385.405,38.36999999999989,4427.265,4384.365,42.900000000000546,True,LONG,2026-08-17 11:55:00,4427.425,True,True,False,0.1277,0.0,0.1277,4428.675,2026-08-17 12:10:00,0.6758,4397.845,2026-08-17 14:34:00,False,,0.001,,True,4423.735,2026-08-17 12:03:00,0.001
GC,2026-08-18,Tuesday,ADR,4431.085,4419.945,11.140000000000327,4431.405,4418.545,12.859999999999673,True,LONG,2026-08-17 20:35:00,4432.595,False,True,False,0.4327,3.079,0.4327,4435.905,2026-08-17 21:06:00,4.079,4385.645,2026-08-18 01:31:00,False,,0.272,,True,4430.285,2026-08-17 20:40:00,0.0718
GC,2026-08-18,Tuesday,ODR,4403.035,4395.475,7.559999999999491,4403.545,4395.205,8.340000000000146,True,SHORT,2026-08-18 04:00:00,4394.225,True,True,True,0.0,1.1574,1.1574,4386.725,2026-08-18 04:23:00,0.6746,4400.575,2026-08-18 08:21:00,True,2026-08-18 04:06:00,0.0,0.6746,True,4397.515,2026-08-18 04:35:00,0.2698
GC,2026-08-18,Tuesday,RDR,4404.005,4389.055,14.949999999999818,4406.325,4374.845,31.479999999999563,True,SHORT,2026-08-18 10:55:00,4366.295,True,False,,0.0,3.4013,3.4013,4338.205,2026-08-18 15:57:00,0.0,4377.395,2026-08-18 11:05:00,True,2026-08-18 11:00:00,0.0,0.0,False,,,
GC,2026-08-19,Wednesday,ADR,4343.615,4328.315,15.300000000000182,4345.905,4326.735,19.170000000000073,True,LONG,2026-08-18 21:30:00,4350.695,True,True,False,1.1915,0.2869,1.1915,4361.845,2026-08-18 22:24:00,0.5647,4334.975,2026-08-19 01:55:00,True,2026-08-18 21:35:00,0.0,0.5647,True,4343.315,2026-08-19 01:06:00,0.0196
GC,2026-08-19,Wednesday,ODR,4359.385,4347.835,11.550000000000182,4363.115,4347.295,15.819999999999709,True,LONG,2026-08-19 06:10:00,4363.605,True,False,,1.2623,0.0,1.2623,4373.965,2026-08-19 07:15:00,0.0,4361.805,2026-08-19 08:03:00,True,2026-08-19 06:16:00,0.0,0.0,False,,,
GC,2026-08-19,Wednesday,RDR,4485.715,4449.905,35.8100000000004,4487.585,4441.825,45.76000000000022,True,LONG,2026-08-19 10:35:00,4488.845,True,True,True,0.7361,0.0,0.7361,4512.075,2026-08-19 15:55:00,0.3898,4471.755,2026-08-19 14:31:00,True,2026-08-19 15:09:00,0.3898,0.0,True,4485.155,2026-08-19 10:45:00,0.0156
GC,2026-08-20,Thursday,ADR,4517.705,4510.075,7.630000000000109,4520.925,4508.285,12.640000000000327,True,SHORT,2026-08-19 20:40:00,4505.475,True,True,True,0.0,4.2674,4.2674,4477.515,2026-08-20 01:55:00,0.0013,4510.085,2026-08-19 20:58:00,True,2026-08-19 20:45:00,0.0013,0.0013,True,4510.085,2026-08-19 20:58:00,0.0013
GC,2026-08-20,Thursday,ODR,4493.295,4483.805,9.489999999999782,4494.125,4483.315,10.8100000000004,True,LONG,2026-08-20 04:10:00,4494.185,False,True,False,0.5564,3.5237,0.5564,4498.575,2026-08-20 04:19:00,4.5237,4450.365,2026-08-20 08:07:00,True,2026-08-20 04:17:00,0.0,4.5237,True,4492.345,2026-08-20 04:26:00,0.1001
GC,2026-08-20,Thursday,RDR,4491.405,4471.685,19.719999999999345,4493.705,4469.135,24.56999999999971,True,LONG,2026-08-20 10:30:00,4494.095,True,False,,2.5046,0.0,2.5046,4540.795,2026-08-20 11:20:00,0.0,4492.825,2026-08-20 10:35:00,True,2026-08-20 10:45:00,0.0,0.0,False,,,
GC,2026-08-21,Friday,ADR,4527.285,4514.435,12.849999999999454,4528.415,4513.365,15.050000000000182,True,SHORT,2026-08-20 20:35:00,4512.575,False,True,False,2.2374,0.4584,0.4584,4508.545,2026-08-20 21:01:00,3.2374,4556.035,2026-08-21 01:59:00,False,,0.0,,True,4516.425,2026-08-20 21:02:00,0.1549
GC,2026-08-21,Friday,ODR,4566.355,4558.585,7.769999999999527,4568.025,4558.215,9.80999999999949,True,LONG,2026-08-21 04:15:00,4572.595,True,False,,4.9189,0.0,4.9189,4604.575,2026-08-21 07:37:00,0.0,4571.635,2026-08-21 04:20:00,True,2026-08-21 04:20:00,0.0,0.0,False,,,
GC,2026-08-21,Friday,RDR,4602.975,4573.595,29.38000000000011,4603.055,4573.235,29.82000000000062,True,LONG,2026-08-21 11:30:00,4605.665,True,False,,0.9857,0.0,0.9857,4631.935,2026-08-21 13:09:00,0.0,4604.875,2026-08-21 11:38:00,True,2026-08-21 12:03:00,0.0,0.0,False,,,
GC,2026-08-24,Monday,ADR,4636.725,4604.395,32.32999999999993,4640.505,4594.005,46.5,True,LONG,2026-08-23 22:05:00,4642.385,True,True,True,0.6199,0.1123,0.6199,4656.765,2026-08-23 22:30:00,0.2942,4627.215,2026-08-23 22:48:00,True,2026-08-23 22:17:00,0.0,0.2942,True,4633.785,2026-08-23 22:45:00,0.0909
GC,2026-08-24,Monday,ODR,4649.255,4631.295,17.960000000000036,4654.305,4629.945,24.360000000000582,True,SHORT,2026-08-24 04:25:00,4629.395,False,True,False,1.157,0.1492,0.1492,4628.615,2026-08-24 04:30:00,2.157,4670.035,2026-08-24 07:38:00,False,,0.1019,,True,4633.125,2026-08-24 04:30:00,0.1019
GC,2026-08-24,Monday,RDR,4679.595,4658.495,21.100000000000364,4680.655,4655.075,25.579999999999927,True,SHORT,2026-08-24 11:45:00,4646.425,True,True,True,0.0,1.5934,1.5934,4624.875,2026-08-24 14:09:00,0.1592,4661.855,2026-08-24 12:36:00,True,2026-08-24 11:50:00,0.1592,0.1592,True,4659.535,2026-08-24 12:03:00,0.0493
GC,2026-08-25,Tuesday,ADR,4690.305,4668.885,21.420000000000073,4691.175,4667.295,23.88000000000011,True,LONG,2026-08-24 20:35:00,4695.045,False,True,False,0.2955,2.4309,0.2955,4696.635,2026-08-24 20:42:00,3.4309,4616.815,2026-08-24 22:51:00,False,,0.0,,True,4689.485,2026-08-24 20:46:00,0.0383
GC,2026-08-25,Tuesday,ODR,4641.125,4630.045,11.079999999999927,4643.575,4629.545,14.029999999999745,True,SHORT,2026-08-25 04:00:00,4625.805,False,True,False,0.5487,0.9134,0.9134,4619.925,2026-08-25 04:09:00,1.5487,4647.205,2026-08-25 07:50:00,True,2026-08-25 04:08:00,0.0,1.5487,True,4630.105,2026-08-25 04:17:00,0.0054
GC,2026-08-25,Tuesday,RDR,4625.495,4606.775,18.720000000000255,4628.285,4604.815,23.470000000000255,True,LONG,2026-08-25 10:30:00,4629.465,True,False,,2.2618,0.0,2.2618,4667.835,2026-08-25 15:19:00,0.0,4629.285,2026-08-25 11:15:00,True,2026-08-25 10:39:00,0.0,0.0,False,,,
GC,2026-08-26,Wednesday,ADR,4660.805,4644.935,15.86999999999989,4661.105,4642.695,18.409999999999854,True,SHORT,2026-08-25 20:35:00,4639.385,False,True,True,0.6163,0.9893,0.9893,4629.235,2026-08-25 21:00:00,1.6163,4670.585,2026-08-25 22:43:00,True,2026-08-25 20:41:00,0.0,1.6163,True,4646.085,2026-08-25 21:04:00,0.0725
GC,2026-08-26,Wednesday,ODR,4638.835,4628.235,10.600000000000364,4639.135,4626.255,12.88000000000011,True,SHORT,2026-08-26 04:10:00,4625.525,True,True,False,0.0,1.4189,1.4189,4613.195,2026-08-26 06:27:00,0.2462,4630.845,2026-08-26 05:02:00,True,2026-08-26 04:15:00,0.2462,0.2462,True,4628.615,2026-08-26 04:27:00,0.0358
GC,2026-08-26,Wednesday,RDR,4631.515,4611.145,20.36999999999989,4633.265,4610.085,23.18000000000029,True,SHORT,2026-08-26 10:50:00,4607.465,True,True,True,0.0,1.3922,1.3922,4582.785,2026-08-26 11:16:00,0.0569,4612.305,2026-08-26 10:55:00,True,2026-08-26 11:01:00,0.0569,0.0,True,4612.305,2026-08-26 10:55:00,0.0569
GC,2026-08-27,Thursday,ADR,4624.655,4617.555,7.099999999999454,4626.785,4612.935,13.849999999999454,True,SHORT,2026-08-26 20:35:00,4612.195,False,True,True,2.5183,2.4493,2.4493,4600.165,2026-08-26 20:53:00,3.5183,4642.535,2026-08-26 22:01:00,True,2026-08-26 20:40:00,0.0,3.5183,True,4619.185,2026-08-26 21:08:00,0.2296
GC,2026-08-27,Thursday,ODR,4603.605,4596.085,7.519999999999527,4605.635,4593.285,12.350000000000364,True,SHORT,2026-08-27 05:35:00,4584.285,True,True,True,0.4096,3.617,3.617,4568.885,2026-08-27 06:03:00,0.6356,4600.865,2026-08-27 08:03:00,True,2026-08-27 05:40:00,0.0,0.6356,True,4596.405,2026-08-27 07:24:00,0.0426
GC,2026-08-27,Thursday,RDR,4589.655,4572.015,17.639999999999418,4592.875,4564.225,28.649999999999636,True,LONG,2026-08-27 10:40:00,4595.215,True,True,True,1.6032,0.0,1.6032,4617.935,2026-08-27 15:09:00,0.0975,4587.935,2026-08-27 10:55:00,True,2026-08-27 11:32:00,0.0975,0.0,True,4587.935,2026-08-27 10:55:00,0.0975
GC,2026-08-28,Friday,ADR,4601.045,4592.985,8.0600000000004,4602.405,4590.265,12.139999999999418,True,SHORT,2026-08-27 20:30:00,4589.335,True,True,True,0.1352,2.7171,2.7171,4571.085,2026-08-28 01:43:00,1.1352,4602.135,2026-08-27 21:10:00,True,2026-08-27 20:35:00,1.1352,1.1352,True,4595.075,2026-08-27 21:03:00,0.2593
GC,2026-08-28,Friday,ODR,4612.315,4600.485,11.829999999999927,4614.195,4596.345,17.849999999999454,True,SHORT,2026-08-28 07:05:00,4595.685,True,True,False,0.1741,0.8259,0.8259,4590.715,2026-08-28 08:02:00,0.246,4603.395,2026-08-28 08:27:00,True,2026-08-28 07:39:00,0.0541,0.246,True,4601.125,2026-08-28 07:17:00,0.0541
GC,2026-08-28,Friday,RDR,4610.095,4545.605,64.49000000000069,4630.835,4529.465,101.36999999999989,True,SHORT,2026-08-28 11:55:00,4524.135,True,False,,0.0,1.5568,1.5568,4445.205,2026-08-28 14:43:00,0.0,4529.255,2026-08-28 12:03:00,True,2026-08-28 12:05:00,0.0,0.0,False,,,
GC,2026-08-31,Monday,ADR,4461.705,4438.885,22.81999999999971,4465.055,4435.395,29.659999999999854,True,LONG,2026-08-30 20:35:00,4469.815,False,True,False,0.4413,1.8729,0.4413,4471.775,2026-08-30 20:40:00,2.8729,4396.145,2026-08-30 22:48:00,False,,0.0,,True,4459.095,2026-08-30 20:57:00,0.1144
GC,2026-08-31,Monday,ODR,4446.295,4435.805,10.489999999999782,4448.095,4434.885,13.210000000000036,True,LONG,2026-08-31 04:00:00,4448.275,False,True,True,1.674,0.2069,1.674,4463.855,2026-08-31 07:28:00,1.2069,4433.635,2026-08-31 04:54:00,True,2026-08-31 06:07:00,1.2069,0.0324,True,4443.925,2026-08-31 04:06:00,0.2259
GC,2026-08-31,Monday,RDR,4445.915,4418.245,27.670000000000073,4447.165,4415.575,31.590000000000146,True,LONG,2026-08-31 15:45:00,4448.725,True,False,,0.2765,0.0,0.2765,4453.565,2026-08-31 15:59:00,0.0,4447.315,2026-08-31 15:50:00,False,,0.0,,False,,,
GC,2026-09-01,Tuesday,ADR,4459.975,4443.045,16.93000000000029,4461.275,4442.695,18.579999999999927,True,SHORT,2026-08-31 21:20:00,4440.055,True,True,True,0.0614,1.1548,1.1548,4423.495,2026-09-01 01:30:00,0.3455,4448.895,2026-08-31 22:12:00,True,2026-08-31 22:35:00,0.3455,0.1642,True,4443.645,2026-08-31 21:35:00,0.0354
GC,2026-09-01,Tuesday,ODR,4433.945,4412.895,21.049999999999272,4434.735,4411.815,22.920000000000073,True,SHORT,2026-09-01 04:00:00,4411.145,True,True,True,0.0,2.3226,2.3226,4364.005,2026-09-01 06:00:00,0.2703,4418.585,2026-09-01 04:05:00,True,2026-09-01 04:09:00,0.2703,0.0,True,4418.585,2026-09-01 04:05:00,0.2703
GC,2026-09-01,Tuesday,RDR,4373.265,4342.975,30.289999999999964,4375.355,4341.155,34.19999999999982,True,SHORT,2026-09-01 14:00:00,4338.615,True,False,,0.0396,0.6751,0.6751,4322.525,2026-09-01 15:39:00,0.0,4341.655,2026-09-01 14:20:00,True,2026-09-01 15:38:00,0.0,0.0,False,,,
NQ,2026-01-02,Friday,ADR,25333.127,25300.855,32.272000000000844,25337.464,25294.747,42.71700000000055,True,LONG,2026-01-01 20:30:00,25353.127,True,False,,3.5889,0.0,3.5889,25448.949,2026-01-02 01:43:00,0.0,25343.138,2026-01-01 20:55:00,True,2026-01-01 20:35:00,0.0,0.0,False,,,
NQ,2026-01-02,Friday,ODR,25511.066,25436.088,74.97799999999916,25516.599,25435.914,80.68499999999767,True,LONG,2026-01-02 04:05:00,25522.033,True,True,False,0.3866,0.0,0.3866,25540.055,2026-01-02 06:02:00,0.4426,25477.881,2026-01-02 07:12:00,False,,0.0787,,True,25510.522,2026-01-02 05:25:00,0.0073
NQ,2026-01-02,Friday,RDR,25557.055,25289.289,267.7659999999996,25602.779,25262.981,339.79799999999886,True,SHORT,2026-01-02 10:55:00,25184.039,True,False,,0.0,0.775,0.775,25081.76,2026-01-02 13:50:00,0.0,25268.685,2026-01-02 14:40:00,True,2026-01-02 11:01:00,0.0,0.0,False,,,
NQ,2026-01-05,Monday,ADR,25288.294,25261.827,26.467000000000553,25305.077,25252.731,52.34600000000137,True,LONG,2026-01-04 23:55:00,25305.599,True,True,True,1.3828,0.0,1.3828,25324.892,2026-01-05 01:59:00,0.1688,25283.827,2026-01-05 00:17:00,True,2026-01-05 00:00:00,0.1688,0.1688,True,25287.12,2026-01-05 00:09:00,0.0444
NQ,2026-01-05,Monday,ODR,25365.149,25295.805,69.34400000000096,25373.653,25285.588,88.06499999999869,True,LONG,2026-01-05 05:50:00,25373.958,True,True,False,0.5648,0.0,0.5648,25404.316,2026-01-05 07:01:00,0.3893,25338.153,2026-01-05 08:22:00,True,2026-01-05 07:01:00,0.0441,0.3893,True,25362.088,2026-01-05 06:09:00,0.0441
NQ,2026-01-05,Monday,RDR,25487.458,25385.772,101.68599999999788,25497.854,25358.349,139.50500000000102,True,LONG,2026-01-05 10:30:00,25497.917,False,True,False,0.3337,0.2042,0.3337,25521.394,2026-01-05 11:50:00,1.2042,25365.004,2026-01-05 14:42:00,False,,0.3509,,True,25480.481,2026-01-05 10:35:00,0.0686
NQ,2026-01-06,Tuesday,ADR,25411.164,25373.794,37.36999999999898,25416.055,25370.588,45.46700000000055,True,LONG,2026-01-05 21:00:00,25417.469,True,True,True,2.147,0.0,2.147,25491.399,2026-01-06 01:34:00,0.0303,25410.033,2026-01-05 21:16:00,True,2026-01-05 21:37:00,0.0303,0.0,True,25411.0,2026-01-05 21:14:00,0.0044
NQ,2026-01-06,Tuesday,ODR,25463.892,25350.958,112.9340000000011,25464.029,25344.533,119.49599999999919,False,,,,,,,0.0288,0.0,,,,,,,False,,,,False,,,
NQ,2026-01-06,Tuesday,RDR,25586.728,25450.294,136.43399999999747,25592.999,25426.772,166.22699999999895,True,LONG,2026-01-06 13:40:00,25599.039,True,False,,0.477,0.0,0.477,25651.801,2026-01-06 15:58:00,0.0,25597.663,2026-01-06 13:45:00,False,,0.0,,False,,,
NQ,2026-01-07,Wednesday,ADR,25653.447,25632.283,21.16400000000067,25655.399,25629.511,25.88800000000265,True,SHORT,2026-01-06 21:25:00,25626.033,True,True,True,0.0,2.2048,2.2048,25585.62,2026-01-07 01:59:00,0.3362,25639.399,2026-01-06 22:18:00,True,2026-01-06 21:32:00,0.3362,0.3362,True,25632.849,2026-01-06 22:06:00,0.0267
NQ,2026-01-07,Wednesday,ODR,25594.892,25571.044,23.847999999998137,25605.349,25570.892,34.456999999998516,True,SHORT,2026-01-07 04:00:00,25568.305,False,True,False,0.1969,1.1194,1.1194,25544.349,2026-01-07 04:21:00,1.1969,25599.588,2026-01-07 07:25:00,True,2026-01-07 04:06:00,0.0,1.1969,True,25572.219,2026-01-07 04:34:00,0.0493
NQ,2026-01-07,Wednesday,RDR,25686.73,25607.686,79.04399999999805,25700.12,25589.0,111.11999999999898,True,LONG,2026-01-07 10:30:00,25702.814,True,True,False,1.5967,0.0,1.5967,25812.939,2026-01-07 12:44:00,0.6589,25634.65,2026-01-07 10:39:00,True,2026-01-07 10:51:00,0.6589,0.6413,True,25652.773,2026-01-07 10:38:00,0.4296
NQ,2026-01-08,Thursday,ADR,25665.875,25634.038,31.836999999999534,25667.516,25633.831,33.68500000000131,True,SHORT,2026-01-07 21:35:00,25633.82,True,True,True,0.0,4.3834,4.3834,25494.483,2026-01-08 01:28:00,0.0225,25634.755,2026-01-07 21:40:00,True,2026-01-07 21:45:00,0.0225,0.0,True,25634.755,2026-01-07 21:40:00,0.0225
NQ,2026-01-08,Thursday,ODR,25624.729,25573.229,51.5,25626.733,25571.722,55.0109999999986,True,SHORT,2026-01-08 05:15:00,25570.425,False,True,False,0.1545,0.213,0.213,25562.261,2026-01-08 06:31:00,1.1545,25632.686,2026-01-08 08:21:00,False,,0.6817,,True,25573.305,2026-01-08 05:20:00,0.0015
NQ,2026-01-08,Thursday,RDR,25608.5,25427.761,180.7390000000014,25624.925,25394.631,230.29399999999805,False,,,,,,,0.0,0.0953,,,,,,,False,,,,False,,,
NQ,2026-01-09,Friday,ADR,25521.903,25465.131,56.771999999997206,25522.899,25458.283,64.6160000000018,True,LONG,2026-01-09 01:35:00,25523.566,True,True,False,0.1365,0.1671,0.0975,25527.436,2026-01-09 01:49:00,0.1147,25515.392,2026-01-09 01:53:00,False,,0.0561,,True,25520.153,2026-01-09 01:40:00,0.0308
NQ,2026-01-09,Friday,ODR,25524.029,25498.458,25.570999999999913,25528.664,25492.881,35.78299999999945,True,LONG,2026-01-09 04:30:00,25543.403,True,False,,2.7519,0.3397,2.7519,25594.399,2026-01-09 06:45:00,0.0,25536.164,2026-01-09 04:44:00,True,2026-01-09 04:35:00,0.0,0.0,False,,,
NQ,2026-01-09,Friday,RDR,25680.327,25470.033,210.2940000000017,25687.779,25443.12,244.65899999999965,True,LONG,2026-01-09 10:30:00,25692.395,True,True,True,0.6275,0.0,0.6275,25812.289,2026-01-09 15:25:00,0.4241,25591.139,2026-01-09 10:45:00,True,2026-01-09 13:42:00,0.4241,0.0,True,25671.057,2026-01-09 10:37:00,0.0441
NQ,2026-01-12,Monday,ADR,25692.779,25586.772,106.00699999999779,25692.779,25579.653,113.1260000000002,True,SHORT,2026-01-11 20:30:00,25564.5,True,True,True,0.0,0.7469,0.7469,25507.599,2026-01-12 00:49:00,0.2677,25615.149,2026-01-11 20:49:00,True,2026-01-12 00:25:00,0.2677,0.0,True,25591.305,2026-01-11 20:42:00,0.0428
NQ,2026-01-12,Monday,ODR,25574.0,25470.011,103.9890000000014,25582.131,25466.186,115.94499999999971,True,LONG,2026-01-12 07:50:00,25589.849,True,True,True,0.1986,0.0,0.1986,25594.653,2026-01-12 08:21:00,0.1316,25560.316,2026-01-12 08:09:00,False,,0.1316,,True,25573.261,2026-01-12 08:08:00,0.0071
NQ,2026-01-12,Monday,RDR,25754.142,25577.849,176.29300000000148,25765.549,25576.425,189.1239999999998,True,LONG,2026-01-12 11:10:00,25779.789,True,False,,0.5511,0.0,0.5511,25851.296,2026-01-12 15:02:00,0.0,25754.299,2026-01-12 11:48:00,True,2026-01-12 14:31:00,0.0,0.0,False,,,
NQ,2026-01-13,Tuesday,ADR,25719.011,25707.631,11.37999999999738,25722.555,25704.87,17.68500000000131,True,SHORT,2026-01-12 20:30:00,25701.805,False,True,False,4.1998,2.3592,2.3592,25680.783,2026-01-12 20:45:00,5.1998,25766.805,2026-01-13 01:52:00,True,2026-01-12 20:35:00,0.0,5.1998,True,25715.529,2026-01-12 20:50:00,0.694
NQ,2026-01-13,Tuesday,ODR,25754.447,25732.305,22.141999999999825,25758.555,25730.283,28.272000000000844,True,LONG,2026-01-13 04:10:00,25762.686,False,True,False,0.7516,1.2081,0.7516,25771.088,2026-01-13 04:18:00,2.2081,25705.555,2026-01-13 06:33:00,True,2026-01-13 04:15:00,0.0,2.2081,True,25752.783,2026-01-13 04:35:00,0.0752
NQ,2026-01-13,Tuesday,RDR,25843.719,25671.719,172.0,25877.099,25647.029,230.0699999999997,False,,,,,,,0.0928,0.1821,,,,,,,False,,,,False,,,
NQ,2026-01-14,Wednesday,ADR,25758.914,25739.142,19.772000000000844,25760.794,25735.414,25.38000000000102,True,SHORT,2026-01-13 20:45:00,25721.25,True,True,True,0.1702,3.3881,3.3881,25672.153,2026-01-14 01:38:00,1.1702,25762.279,2026-01-13 22:41:00,True,2026-01-13 20:50:00,1.1702,1.1702,True,25741.529,2026-01-13 22:06:00,0.1207
NQ,2026-01-14,Wednesday,ODR,25707.425,25680.458,26.967000000000553,25712.588,25676.881,35.706999999998516,True,SHORT,2026-01-14 05:10:00,25669.761,True,False,,0.2769,5.2806,5.2806,25538.055,2026-01-14 07:02:00,0.0,25671.029,2026-01-14 05:15:00,True,2026-01-14 05:15:00,0.0,0.0,False,,,
NQ,2026-01-14,Wednesday,RDR,25616.719,25393.186,223.53299999999945,25626.055,25369.819,256.2360000000008,True,SHORT,2026-01-14 10:45:00,25322.791,True,True,False,0.0,0.5858,0.5858,25262.251,2026-01-14 13:38:00,0.3774,25477.539,2026-01-14 15:59:00,True,2026-01-14 11:55:00,0.1618,0.3774,True,25407.316,2026-01-14 11:23:00,0.0632
NQ,2026-01-15,Thursday,ADR,25477.903,25430.469,47.43399999999747,25480.153,25423.686,56.466999999996915,True,SHORT,2026-01-14 20:30:00,25412.708,False,True,False,1.7339,0.6419,0.4904,25407.208,2026-01-14 23:54:00,2.7339,25560.149,2026-01-15 01:45:00,False,,0.8589,,True,25432.649,2026-01-14 20:36:00,0.046
NQ,2026-01-15,Thursday,ODR,25577.338,25517.675,59.663000000000466,25584.719,25511.458,73.26100000000224,True,LONG,2026-01-15 04:00:00,25586.779,True,False,,2.2591,0.0,2.2591,25712.12,2026-01-15 08:29:00,0.0,25584.892,2026-01-15 04:05:00,True,2026-01-15 04:10:00,0.0,0.0,False,,,
NQ,2026-01-15,Thursday,RDR,25766.153,25697.055,69.09799999999814,25791.529,25679.08,112.44899999999689,True,SHORT,2026-01-15 10:45:00,25660.027,False,True,True,0.0915,2.6096,2.6096,25516.738,2026-01-15 15:50:00,1.0915,25772.478,2026-01-15 12:09:00,True,2026-01-15 10:50:00,1.0915,1.0915,True,25721.13,2026-01-15 10:57:00,0.3484
NQ,2026-01-16,Friday,ADR,25617.029,25595.425,21.60399999999936,25622.392,25593.947,28.44499999999971,True,LONG,2026-01-15 20:30:00,25626.338,True,True,True,2.6039,0.0,2.6039,25673.283,2026-01-16 01:55:00,0.3515,25609.436,2026-01-15 21:00:00,True,2026-01-15 20:36:00,0.3515,0.3515,True,25615.761,2026-01-15 20:43:00,0.0587
NQ,2026-01-16,Friday,ODR,25684.642,25647.533,37.10900000000038,25690.779,25640.794,49.984999999996944,True,LONG,2026-01-16 05:30:00,25694.011,True,True,False,0.9029,0.0,0.9029,25718.149,2026-01-16 06:26:00,0.9953,25647.708,2026-01-16 08:24:00,True,2026-01-16 05:45:00,0.0,0.9953,True,25683.761,2026-01-16 06:47:00,0.0237
NQ,2026-01-16,Friday,RDR,25714.044,25514.186,199.85800000000017,25735.87,25511.219,224.65099999999802,True,SHORT,2026-01-16 10:30:00,25503.708,True,True,False,0.0,0.3847,0.3847,25437.305,2026-01-16 10:42:00,0.4163,25597.384,2026-01-16 11:45:00,False,,0.0,,True,25518.664,2026-01-16 10:57:00,0.0224
NQ,2026-01-19,Monday,ADR,25289.054,25230.039,59.01499999999942,25293.609,25219.163,74.44599999999991,True,SHORT,2026-01-18 23:15:00,25219.159,True,True,True,0.0,0.3806,0.269,25214.163,2026-01-19 00:19:00,0.5465,25262.289,2026-01-19 00:30:00,False,,0.1291,,True,25233.304,2026-01-18 23:28:00,0.0553
NQ,2026-01-19,Monday,ODR,25251.039,25196.032,55.007000000001426,25253.315,25191.163,62.151999999998225,True,SHORT,2026-01-19 04:10:00,25189.532,True,True,True,0.0,1.7342,1.7342,25100.641,2026-01-19 05:02:00,0.1705,25205.413,2026-01-19 04:17:00,True,2026-01-19 04:19:00,0.1705,0.0,True,25197.576,2026-01-19 04:16:00,0.0281
NQ,2026-01-19,Monday,RDR,25177.815,25089.01,88.80500000000029,25186.789,25079.663,107.1260000000002,True,LONG,2026-01-19 11:00:00,25187.282,True,True,True,0.9239,0.0,0.9239,25259.859,2026-01-19 12:45:00,0.0955,25169.337,2026-01-19 11:29:00,True,2026-01-19 11:14:00,0.0955,0.0955,True,25169.337,2026-01-19 11:29:00,0.0955
NQ,2026-01-20,Tuesday,ADR,25266.779,25178.555,88.22399999999834,25269.305,25175.914,93.39099999999962,True,LONG,2026-01-19 20:45:00,25271.881,False,True,False,0.199,0.796,0.199,25284.338,2026-01-19 21:48:00,1.796,25108.327,2026-01-20 01:48:00,False,,0.326,,True,25264.761,2026-01-19 20:52:00,0.0229
NQ,2026-01-20,Tuesday,ODR,25131.708,25024.522,107.18599999999788,25137.077,25015.653,121.4240000000027,True,SHORT,2026-01-20 04:15:00,25012.849,True,True,False,0.0032,0.7433,0.7433,24944.849,2026-01-20 04:50:00,1.0032,25132.055,2026-01-20 07:49:00,True,2026-01-20 04:32:00,0.0525,1.0032,True,25030.149,2026-01-20 04:23:00,0.0525
NQ,2026-01-20,Tuesday,RDR,25218.008,25092.175,125.83300000000236,25223.022,25082.338,140.6840000000011,True,LONG,2026-01-20 10:30:00,25241.058,False,True,False,0.5216,1.1025,0.5216,25283.646,2026-01-20 11:40:00,2.1025,24953.438,2026-01-20 15:54:00,True,2026-01-20 11:11:00,0.3735,2.1025,True,25215.724,2026-01-20 10:37:00,0.0182
NQ,2026-01-21,Wednesday,ADR,25068.42,25014.061,54.35899999999674,25074.199,25011.116,63.08299999999872,True,LONG,2026-01-20 22:15:00,25078.019,True,True,False,0.3583,0.0,0.3583,25087.899,2026-01-21 01:33:00,0.5287,25039.681,2026-01-20 23:15:00,False,,0.5287,,True,25067.431,2026-01-20 22:43:00,0.0182
NQ,2026-01-21,Wednesday,ODR,25082.149,25054.116,28.032999999999447,25090.475,25051.953,38.521999999997206,True,SHORT,2026-01-21 04:20:00,25046.199,True,True,True,0.0,6.1367,6.1367,24882.086,2026-01-21 07:00:00,0.0702,25056.083,2026-01-21 04:29:00,True,2026-01-21 04:37:00,0.0702,0.0,True,25055.649,2026-01-21 04:27:00,0.0547
NQ,2026-01-21,Wednesday,RDR,25237.047,25019.964,217.08299999999872,25244.353,24985.181,259.17199999999866,True,LONG,2026-01-21 10:30:00,25268.337,False,True,True,1.2235,0.0801,1.2235,25502.64,2026-01-21 15:00:00,1.0801,25002.58,2026-01-21 12:16:00,True,2026-01-21 11:12:00,1.0801,1.0801,True,25214.996,2026-01-21 11:37:00,0.1016
NQ,2026-01-22,Thursday,ADR,25448.229,25411.766,36.46299999999974,25449.494,25404.299,45.19499999999971,True,LONG,2026-01-21 20:30:00,25451.972,False,True,False,0.336,1.9373,0.336,25460.479,2026-01-21 21:11:00,2.9373,25341.125,2026-01-22 01:26:00,False,,0.1337,,True,25443.353,2026-01-21 20:37:00,0.1337
NQ,2026-01-22,Thursday,ODR,25554.07,25445.158,108.91200000000026,25564.799,25440.349,124.45000000000073,True,LONG,2026-01-22 04:15:00,25568.788,True,True,True,0.1759,0.0,0.1638,25571.908,2026-01-22 06:10:00,0.3389,25517.158,2026-01-22 07:03:00,False,,0.2393,,True,25550.799,2026-01-22 04:22:00,0.03
NQ,2026-01-22,Thursday,RDR,25587.114,25405.636,181.4780000000028,25587.114,25394.983,192.13100000000122,False,,,,,,,0.0,0.0,,,,,,,False,,,,False,,,
NQ,2026-01-23,Friday,ADR,25539.858,25490.825,49.03299999999945,25546.597,25487.238,59.35900000000038,True,LONG,2026-01-22 20:55:00,25550.847,True,True,True,1.1419,0.0,1.1419,25595.847,2026-01-23 01:05:00,0.2108,25529.52,2026-01-22 21:52:00,True,2026-01-22 22:17:00,0.2108,0.0,True,25539.836,2026-01-22 21:01:00,0.0004
NQ,2026-01-23,Friday,ODR,25555.52,25462.781,92.7390000000014,25556.042,25445.27,110.77200000000084,True,SHORT,2026-01-23 04:35:00,25441.727,True,True,True,0.0,0.6252,0.6252,25404.803,2026-01-23 04:46:00,0.6392,25522.064,2026-01-23 06:34:00,True,2026-01-23 04:43:00,0.0,0.6392,True,25493.836,2026-01-23 06:03:00,0.3349
NQ,2026-01-23,Friday,RDR,25613.885,25439.944,173.9409999999989,25630.039,25427.9,202.1389999999992,True,LONG,2026-01-23 10:30:00,25638.779,True,True,False,0.5482,0.0,0.5482,25709.244,2026-01-23 11:04:00,0.374,25548.83,2026-01-23 12:59:00,True,2026-01-23 11:01:00,0.0,0.374,True,25599.975,2026-01-23 12:42:00,0.08
NQ,2026-01-26,Monday,ADR,25520.761,25439.305,81.45599999999831,25531.697,25433.153,98.54400000000169,True,LONG,2026-01-26 00:25:00,25533.25,True,False,,0.6345,0.0,0.6345,25572.447,2026-01-26 01:27:00,0.0,25527.5,2026-01-26 00:30:00,True,2026-01-26 01:16:00,0.0,0.0,False,,,
NQ,2026-01-26,Monday,ODR,25607.588,25570.066,37.522000000000844,25611.686,25568.969,42.71700000000055,True,SHORT,2026-01-26 04:25:00,25558.077,True,True,True,0.0,3.1448,3.1448,25452.066,2026-01-26 04:54:00,0.3665,25583.816,2026-01-26 07:11:00,True,2026-01-26 04:30:00,0.0,0.3665,True,25582.392,2026-01-26 07:08:00,0.3285
NQ,2026-01-26,Monday,RDR,25750.12,25618.099,132.02100000000064,25756.029,25574.261,181.76800000000003,True,LONG,2026-01-26 11:05:00,25756.995,True,True,False,0.3532,0.0,0.3532,25796.745,2026-01-26 12:04:00,0.3104,25709.136,2026-01-26 15:57:00,False,,0.2365,,True,25748.322,2026-01-26 11:11:00,0.0136
NQ,2026-01-27,Tuesday,ADR,25783.338,25762.022,21.315999999998894,25787.588,25757.219,30.368999999998778,True,LONG,2026-01-26 20:40:00,25789.838,True,False,,5.4598,0.0,5.4598,25899.719,2026-01-27 01:06:00,0.0,25786.675,2026-01-26 20:45:00,True,2026-01-26 20:48:00,0.0,0.0,False,,,
NQ,2026-01-27,Tuesday,ODR,25877.011,25839.283,37.727999999999156,25883.066,25838.772,44.29399999999805,True,LONG,2026-01-27 06:30:00,25895.555,True,True,False,0.9878,0.0037,0.9878,25914.279,2026-01-27 06:52:00,0.3806,25862.653,2026-01-27 07:31:00,True,2026-01-27 06:35:00,0.0,0.3806,True,25871.533,2026-01-27 07:26:00,0.1452
NQ,2026-01-27,Tuesday,RDR,25938.81,25801.029,137.78100000000268,25942.989,25788.969,154.02000000000044,True,LONG,2026-01-27 10:35:00,25949.709,True,True,True,0.3165,0.0,0.3165,25982.416,2026-01-27 15:18:00,0.2304,25907.069,2026-01-27 13:02:00,False,,0.2304,,True,25931.695,2026-01-27 10:52:00,0.0516
NQ,2026-01-28,Wednesday,ADR,26094.5,26038.522,55.977999999999156,26098.849,26038.131,60.71799999999712,True,LONG,2026-01-28 00:10:00,26099.0,True,False,,2.2241,0.0,2.2241,26219.0,2026-01-28 01:32:00,0.0,26097.849,2026-01-28 00:26:00,True,2026-01-28 01:00:00,0.0,0.0,False,,,
NQ,2026-01-28,Wednesday,ODR,26193.577,26149.761,43.81600000000253,26201.899,26141.555,60.34400000000096,True,SHORT,2026-01-28 04:10:00,26141.0,True,True,True,0.0769,0.6101,0.6101,26123.029,2026-01-28 04:32:00,1.0769,26196.947,2026-01-28 06:53:00,True,2026-01-28 04:25:00,0.0025,1.0769,True,26149.87,2026-01-28 04:16:00,0.0025
NQ,2026-01-28,Wednesday,RDR,26158.75,26084.752,73.99799999999959,26168.555,26078.802,89.75300000000061,True,SHORT,2026-01-28 10:30:00,26065.441,True,True,True,0.0,1.5308,1.5308,25971.473,2026-01-28 11:54:00,0.1824,26098.248,2026-01-28 10:39:00,True,2026-01-28 10:47:00,0.1824,0.0,True,26088.577,2026-01-28 10:36:00,0.0517
NQ,2026-01-29,Thursday,ADR,26042.964,25978.986,63.977999999999156,26042.964,25958.311,84.65299999999843,True,LONG,2026-01-28 21:25:00,26043.149,True,True,True,1.5267,0.2426,1.5267,26140.638,2026-01-29 01:17:00,0.3542,26020.3,2026-01-28 21:49:00,True,2026-01-28 23:04:00,0.3542,0.0,True,26038.083,2026-01-28 21:31:00,0.0763
NQ,2026-01-29,Thursday,ODR,26150.579,26107.094,43.48500000000058,26152.42,26099.431,52.98899999999776,True,SHORT,2026-01-29 04:50:00,26096.747,True,True,True,0.0,1.9317,1.9317,26023.094,2026-01-29 08:19:00,0.0456,26109.079,2026-01-29 05:26:00,True,2026-01-29 04:57:00,0.0456,0.0456,True,26109.079,2026-01-29 05:26:00,0.0456
NQ,2026-01-29,Thursday,RDR,26004.747,25593.708,411.03900000000067,26046.855,25591.577,455.2779999999984,True,SHORT,2026-01-29 10:30:00,25572.279,True,True,False,0.0,0.445,0.445,25410.794,2026-01-29 10:55:00,0.7352,25895.89,2026-01-29 15:58:00,False,,0.0,,True,25597.472,2026-01-29 11:40:00,0.0092
NQ,2026-01-30,Friday,ADR,25820.533,25767.62,52.913000000000466,25873.0,25763.153,109.84700000000157,True,SHORT,2026-01-29 20:30:00,25752.392,True,True,True,0.0,2.8287,2.8287,25617.947,2026-01-29 21:31:00,0.1851,25777.414,2026-01-29 23:37:00,True,2026-01-29 20:37:00,0.0,0.1851,True,25769.349,2026-01-29 22:09:00,0.0327
NQ,2026-01-30,Friday,ODR,25665.914,25574.305,91.60900000000038,25673.903,25563.675,110.22799999999916,True,SHORT,2026-01-30 04:45:00,25543.403,False,True,False,1.3172,0.4686,0.4686,25531.381,2026-01-30 04:51:00,2.3172,25786.577,2026-01-30 07:03:00,False,,0.0,,True,25576.338,2026-01-30 04:55:00,0.0222
NQ,2026-01-30,Friday,RDR,25799.838,25675.816,124.02200000000084,25820.381,25673.142,147.2390000000014,True,SHORT,2026-01-30 11:15:00,25671.356,True,True,True,0.1294,1.7829,1.7829,25454.7,2026-01-30 13:23:00,0.5302,25741.578,2026-01-30 11:44:00,True,2026-01-30 12:02:00,0.5302,0.0298,True,25676.598,2026-01-30 11:20:00,0.0063
NQ,2026-02-02,Monday,ADR,25516.925,25382.566,134.35900000000038,25532.088,25364.544,167.54399999999805,True,SHORT,2026-02-01 20:30:00,25348.077,True,True,True,0.0,2.3392,2.3392,25068.279,2026-02-02 01:38:00,0.0657,25391.399,2026-02-01 20:38:00,True,2026-02-01 20:48:00,0.0657,0.0,True,25382.631,2026-02-01 20:36:00,0.0005
NQ,2026-02-02,Monday,ODR,25299.055,25235.881,63.17399999999907,25309.219,25227.338,81.88100000000122,True,LONG,2026-02-02 04:20:00,25339.511,True,True,True,1.812,0.0,1.812,25413.529,2026-02-02 07:46:00,0.3452,25277.25,2026-02-02 05:46:00,True,2026-02-02 04:25:00,0.3452,0.3452,True,25295.327,2026-02-02 05:37:00,0.059
NQ,2026-02-02,Monday,RDR,25789.443,25428.892,360.5509999999995,25797.656,25428.892,368.7639999999992,True,LONG,2026-02-02 12:00:00,25804.239,True,True,False,0.1211,0.0,0.1211,25833.119,2026-02-02 13:58:00,0.2272,25707.511,2026-02-02 15:00:00,False,,0.0201,,True,25787.606,2026-02-02 12:07:00,0.0051
NQ,2026-02-03,Tuesday,ADR,25868.886,25841.625,27.260999999998603,25879.505,25832.95,46.55500000000029,True,SHORT,2026-02-02 21:00:00,25828.255,False,True,False,0.9948,1.8991,1.8991,25789.853,2026-02-02 21:46:00,1.9948,25896.005,2026-02-03 01:43:00,True,2026-02-02 21:05:00,0.0,1.9948,True,25843.099,2026-02-02 22:41:00,0.0541
NQ,2026-02-03,Tuesday,ODR,25909.342,25864.82,44.522000000000844,25912.788,25859.397,53.39099999999962,True,SHORT,2026-02-03 04:20:00,25855.864,True,True,False,0.0,1.1838,1.1838,25812.114,2026-02-03 07:02:00,0.6123,25892.081,2026-02-03 08:13:00,True,2026-02-03 05:37:00,0.3157,0.6123,True,25865.419,2026-02-03 04:32:00,0.0135
NQ,2026-02-03,Tuesday,RDR,25823.229,25372.007,451.22199999999793,25841.349,25363.936,477.4129999999968,True,SHORT,2026-02-03 12:10:00,25313.228,True,False,,0.0,0.5767,0.5767,25111.788,2026-02-03 14:08:00,0.0,25358.829,2026-02-03 12:26:00,True,2026-02-03 13:59:00,0.0,0.0,False,,,
NQ,2026-02-04,Wednesday,ADR,25342.961,25272.233,70.72799999999916,25347.897,25272.103,75.79400000000169,True,LONG,2026-02-03 21:05:00,25367.733,True,True,True,0.5997,0.0,0.5997,25385.375,2026-02-04 01:48:00,0.6607,25296.229,2026-02-03 21:53:00,True,2026-02-04 01:45:00,0.6607,0.0,True,25336.897,2026-02-03 21:18:00,0.0857
NQ,2026-02-04,Wednesday,ODR,25396.744,25309.099,87.64500000000044,25405.849,25297.538,108.31099999999788,True,SHORT,2026-02-04 04:15:00,25279.647,True,True,True,0.0,0.645,0.645,25252.57,2026-02-04 04:44:00,0.8865,25386.799,2026-02-04 07:01:00,True,2026-02-04 04:20:00,0.0,0.8865,True,25314.479,2026-02-04 05:03:00,0.0614
NQ,2026-02-04,Wednesday,RDR,25278.599,25045.288,233.31099999999788,25281.549,25005.114,276.4349999999977,True,SHORT,2026-02-04 11:00:00,24969.21,True,False,,0.0,1.5653,1.5653,24680.097,2026-02-04 12:50:00,0.0,25035.598,2026-02-04 11:13:00,True,2026-02-04 11:40:00,0.0,0.0,False,,,
NQ,2026-02-05,Thursday,ADR,25054.75,25007.892,46.858000000000175,25069.153,25000.175,68.97799999999916,True,SHORT,2026-02-04 21:05:00,24978.044,True,False,,0.0,4.0856,4.0856,24816.447,2026-02-04 23:27:00,0.0,24995.088,2026-02-04 21:36:00,True,2026-02-04 21:10:00,0.0,0.0,False,,,
NQ,2026-02-05,Thursday,ODR,25017.338,24900.599,116.7390000000014,25024.399,24898.481,125.91800000000148,True,SHORT,2026-02-05 07:15:00,24875.279,True,False,,0.0,2.5024,2.5024,24608.469,2026-02-05 07:48:00,0.0,24880.566,2026-02-05 07:21:00,True,2026-02-05 07:22:00,0.0,0.0,False,,,
NQ,2026-02-05,Thursday,RDR,24827.338,24461.059,366.27899999999863,24860.044,24453.651,406.39300000000003,False,,,,,,,0.0,0.0307,,,,,,,False,,,,False,,,
NQ,2026-02-06,Friday,ADR,24329.088,24259.849,69.2390000000014,24347.708,24249.47,98.23799999999756,True,LONG,2026-02-05 20:40:00,24387.642,True,False,,2.7777,0.0,2.7777,24521.414,2026-02-06 01:31:00,0.0,24335.892,2026-02-05 23:57:00,True,2026-02-05 20:45:00,0.0,0.0,False,,,
NQ,2026-02-06,Friday,ODR,24492.294,24429.142,63.15200000000186,24514.522,24399.772,114.75,True,LONG,2026-02-06 04:05:00,24532.588,True,False,,4.576,0.0,4.576,24781.279,2026-02-06 06:58:00,0.0,24523.969,2026-02-06 04:10:00,True,2026-02-06 04:10:00,0.0,0.0,False,,,
NQ,2026-02-06,Friday,RDR,24841.805,24668.544,173.2609999999986,24892.029,24609.783,282.2459999999992,True,LONG,2026-02-06 11:10:00,24912.649,True,False,,1.6754,0.0,1.6754,25132.089,2026-02-06 15:52:00,0.0,24884.127,2026-02-06 11:17:00,True,2026-02-06 11:21:00,0.0,0.0,False,,,
NQ,2026-02-09,Monday,ADR,25240.033,25150.283,89.75,25243.149,25148.283,94.8660000000018,True,SHORT,2026-02-08 20:35:00,25135.772,True,True,True,0.0,0.8912,0.8912,25070.294,2026-02-09 01:59:00,0.2956,25176.816,2026-02-08 21:44:00,True,2026-02-08 22:37:00,0.2956,0.0,True,25153.044,2026-02-08 20:41:00,0.0308
NQ,2026-02-09,Monday,ODR,25114.969,25073.033,41.93600000000151,25128.279,25062.197,66.08199999999852,True,SHORT,2026-02-09 04:30:00,25058.805,True,False,,0.0,4.5654,4.5654,24881.577,2026-02-09 05:43:00,0.0,25068.947,2026-02-09 08:24:00,True,2026-02-09 04:35:00,0.0,0.0,False,,,
NQ,2026-02-09,Monday,RDR,25156.536,24958.522,198.0139999999992,25167.555,24869.164,298.3909999999996,True,LONG,2026-02-09 10:40:00,25177.037,True,False,,0.9207,0.0,0.9207,25338.846,2026-02-09 14:39:00,0.0,25171.327,2026-02-09 10:47:00,True,2026-02-09 11:26:00,0.0,0.0,False,,,
NQ,2026-02-10,Tuesday,ADR,25252.131,25230.011,22.12000000000262,25257.131,25227.338,29.793000000001484,True,SHORT,2026-02-09 20:30:00,25220.947,False,True,True,0.9135,1.654,1.654,25193.425,2026-02-09 22:18:00,1.9135,25272.338,2026-02-10 00:56:00,True,2026-02-09 20:35:00,1.6428,1.9135,True,25231.892,2026-02-09 20:37:00,0.085
NQ,2026-02-10,Tuesday,ODR,25278.186,25245.37,32.81600000000253,25280.903,25236.958,43.94499999999971,True,LONG,2026-02-10 04:05:00,25296.077,False,True,False,1.7703,1.1632,1.7703,25336.279,2026-02-10 07:31:00,2.1632,25207.197,2026-02-10 08:12:00,True,2026-02-10 04:10:00,0.9231,2.1632,True,25276.62,2026-02-10 04:51:00,0.0477
NQ,2026-02-10,Tuesday,RDR,25349.642,25192.772,156.86999999999898,25361.044,25170.75,190.2940000000017,True,SHORT,2026-02-10 15:10:00,25166.752,True,False,,0.019,0.5028,0.5028,25113.903,2026-02-10 15:56:00,0.0,25190.305,2026-02-10 15:23:00,True,2026-02-10 15:56:00,0.0,0.0,False,,,
NQ,2026-02-11,Wednesday,ADR,25227.399,25194.649,32.75,25231.697,25193.399,38.297999999998865,True,LONG,2026-02-10 20:45:00,25239.458,False,True,False,1.0612,0.2827,1.0612,25262.153,2026-02-10 22:56:00,1.2827,25185.392,2026-02-11 01:58:00,True,2026-02-10 21:22:00,0.2143,1.2827,True,25226.261,2026-02-10 21:00:00,0.0347
NQ,2026-02-11,Wednesday,ODR,25187.936,25129.066,58.87000000000262,25195.899,25127.5,68.39900000000125,True,SHORT,2026-02-11 04:35:00,25125.925,False,True,False,0.1322,1.0919,1.0919,25064.783,2026-02-11 05:03:00,1.0905,25193.261,2026-02-11 07:14:00,True,2026-02-11 05:01:00,0.3117,1.0905,True,25133.0,2026-02-11 04:40:00,0.0668
NQ,2026-02-11,Wednesday,RDR,25336.392,24992.499,343.89300000000003,25382.529,24976.609,405.91999999999825,False,,,,,,,0.0,0.0085,,,,,,,False,,,,False,,,
NQ,2026-02-12,Thursday,ADR,25201.019,25149.692,51.327000000001135,25206.736,25149.508,57.227999999999156,True,LONG,2026-02-11 20:30:00,25212.829,True,True,True,1.2295,0.0,1.2295,25264.127,2026-02-12 00:42:00,0.2427,25188.561,2026-02-11 21:20:00,True,2026-02-11 20:38:00,0.2427,0.2427,True,25196.05,2026-02-11 21:17:00,0.0968
NQ,2026-02-12,Thursday,ODR,25283.311,25245.953,37.358000000000175,25288.714,25244.616,44.09799999999814,True,LONG,2026-02-12 05:00:00,25288.736,True,True,False,0.5492,0.1513,0.5492,25303.829,2026-02-12 07:41:00,1.1513,25240.3,2026-02-12 08:16:00,True,2026-02-12 07:41:00,0.7763,1.1513,True,25283.019,2026-02-12 05:06:00,0.0078
NQ,2026-02-12,Thursday,RDR,25279.3,25114.072,165.22799999999916,25311.605,25090.431,221.17399999999907,True,SHORT,2026-02-12 10:35:00,25054.3,True,False,,0.0,2.8536,2.8536,24642.57,2026-02-12 15:52:00,0.0,25062.271,2026-02-12 10:40:00,True,2026-02-12 10:40:00,0.0,0.0,False,,,
NQ,2026-02-13,Friday,ADR,24740.914,24642.892,98.02200000000084,24746.697,24636.381,110.3159999999989,True,LONG,2026-02-12 21:30:00,24751.522,False,True,False,0.181,0.7367,0.1389,24754.529,2026-02-12 21:36:00,1.7367,24570.675,2026-02-13 01:37:00,False,,0.0,,True,24739.044,2026-02-12 21:41:00,0.0191
NQ,2026-02-13,Friday,ODR,24703.87,24609.044,94.8259999999973,24710.414,24601.772,108.64199999999983,True,LONG,2026-02-13 04:15:00,24712.392,False,True,False,0.3286,0.6448,0.3286,24735.029,2026-02-13 04:48:00,1.6448,24547.903,2026-02-13 08:15:00,False,,0.0,,True,24693.12,2026-02-13 04:55:00,0.1134
NQ,2026-02-13,Friday,RDR,24776.142,24599.719,176.42299999999886,24796.794,24506.631,290.16300000000047,True,LONG,2026-02-13 10:30:00,24837.677,True,True,False,0.8333,0.0,0.8333,24923.158,2026-02-13 13:36:00,0.7039,24651.96,2026-02-13 10:49:00,True,2026-02-13 12:13:00,0.7039,0.6485,True,24769.521,2026-02-13 10:38:00,0.0375
NQ,2026-02-16,Monday,ADR,24776.75,24764.022,12.727999999999156,24781.305,24755.642,25.663000000000466,True,LONG,2026-02-15 20:50:00,24790.186,False,True,False,2.2218,2.9402,2.2218,24805.029,2026-02-15 21:05:00,3.9402,24726.599,2026-02-16 01:21:00,True,2026-02-15 20:55:00,0.0,3.9402,True,24772.142,2026-02-15 21:10:00,0.362
NQ,2026-02-16,Monday,ODR,24825.544,24788.511,37.033000000003085,24833.805,24771.555,62.25,True,LONG,2026-02-16 04:25:00,24839.779,False,True,False,0.6874,0.4332,0.6307,24848.899,2026-02-16 04:36:00,1.4332,24772.469,2026-02-16 06:10:00,True,2026-02-16 04:34:00,0.0,1.4332,True,24823.37,2026-02-16 05:04:00,0.0587
NQ,2026-02-16,Monday,RDR,24718.175,24639.653,78.52200000000084,24727.772,24622.772,105.0,True,SHORT,2026-02-16 10:40:00,24616.279,True,True,False,0.0,0.4826,0.4826,24601.761,2026-02-16 11:40:00,0.775,24700.511,2026-02-16 12:51:00,False,,0.5624,,True,24644.708,2026-02-16 10:47:00,0.0644
NQ,2026-02-17,Tuesday,ADR,24756.131,24713.458,42.6730000000025,24760.588,24706.447,54.14099999999962,True,SHORT,2026-02-16 20:40:00,24704.783,True,False,,0.0,5.2627,5.2627,24488.881,2026-02-17 00:35:00,0.0,24710.279,2026-02-16 20:47:00,True,2026-02-16 20:49:00,0.0,0.0,False,,,
NQ,2026-02-17,Tuesday,ODR,24637.805,24567.969,69.83599999999933,24656.664,24554.664,102.0,True,SHORT,2026-02-17 05:40:00,24537.892,True,True,True,0.0,1.7023,1.7023,24449.088,2026-02-17 08:13:00,0.4254,24597.675,2026-02-17 07:10:00,True,2026-02-17 05:45:00,0.4254,0.4254,True,24584.5,2026-02-17 07:07:00,0.2367
NQ,2026-02-17,Tuesday,RDR,24729.529,24414.003,315.525999999998,24745.75,24393.797,351.95300000000134,True,SHORT,2026-02-17 10:35:00,24391.263,False,True,False,0.286,0.1026,0.0771,24389.687,2026-02-17 10:40:00,1.286,24819.779,2026-02-17 14:41:00,False,,0.0757,,True,24437.886,2026-02-17 10:40:00,0.0757
NQ,2026-02-18,Wednesday,ADR,24683.698,24651.698,32.0,24687.49,24644.545,42.94500000000335,True,LONG,2026-02-17 21:05:00,24692.545,True,True,True,3.0458,0.1831,3.0458,24781.165,2026-02-18 01:50:00,0.4083,24670.632,2026-02-17 21:26:00,True,2026-02-17 21:36:00,0.4083,0.393,True,24681.328,2026-02-17 21:19:00,0.0741
NQ,2026-02-18,Wednesday,ODR,24843.959,24768.795,75.16400000000067,24850.519,24768.165,82.35399999999936,True,LONG,2026-02-18 04:20:00,24850.632,True,True,False,0.6993,0.0,0.6993,24896.519,2026-02-18 07:16:00,0.8589,24779.404,2026-02-18 07:34:00,True,2026-02-18 07:06:00,0.2519,0.8589,True,24842.882,2026-02-18 04:57:00,0.0143
NQ,2026-02-18,Wednesday,RDR,24990.519,24702.404,288.1150000000016,25008.654,24687.36,321.29399999999805,True,LONG,2026-02-18 10:50:00,25016.192,True,True,False,0.2404,0.0,0.2404,25059.794,2026-02-18 12:07:00,0.6911,24791.411,2026-02-18 15:15:00,False,,0.001,,True,24990.238,2026-02-18 11:58:00,0.001
NQ,2026-02-19,Thursday,ADR,24924.522,24858.925,65.59700000000157,24927.899,24854.5,73.39900000000125,True,LONG,2026-02-18 22:25:00,24928.403,True,True,True,0.4466,0.0,0.4466,24953.816,2026-02-19 01:59:00,0.768,24874.142,2026-02-19 00:07:00,False,,0.768,,True,24920.936,2026-02-18 22:32:00,0.0547
NQ,2026-02-19,Thursday,ODR,24977.75,24888.208,89.54200000000128,24987.208,24878.903,108.30500000000029,True,SHORT,2026-02-19 04:00:00,24877.903,True,True,True,0.0,1.6099,1.6099,24744.058,2026-02-19 08:25:00,0.1949,24905.664,2026-02-19 04:10:00,True,2026-02-19 04:36:00,0.1949,0.0,True,24889.349,2026-02-19 04:05:00,0.0127
NQ,2026-02-19,Thursday,RDR,24858.522,24748.316,110.20600000000195,24883.392,24697.0,186.39199999999983,True,SHORT,2026-02-19 14:35:00,24695.847,True,True,False,0.3083,0.5697,0.5561,24687.028,2026-02-19 14:47:00,0.4668,24799.759,2026-02-19 15:59:00,True,2026-02-19 14:40:00,0.0,0.4668,True,24755.563,2026-02-19 15:03:00,0.0658
NQ,2026-02-20,Friday,ADR,24873.392,24831.349,42.043000000001484,24876.399,24830.958,45.44100000000253,True,SHORT,2026-02-19 21:25:00,24829.936,False,True,False,0.5741,0.2697,0.2697,24820.011,2026-02-19 21:48:00,1.5741,24897.529,2026-02-20 01:15:00,False,,0.4157,,True,24834.219,2026-02-19 21:30:00,0.0683
NQ,2026-02-20,Friday,ODR,24880.794,24842.294,38.5,24883.642,24838.142,45.5,True,LONG,2026-02-20 04:00:00,24886.631,False,True,False,1.1632,2.8605,1.1632,24925.577,2026-02-20 04:23:00,3.8605,24732.164,2026-02-20 07:31:00,True,2026-02-20 04:07:00,0.0,3.8605,True,24879.849,2026-02-20 04:50:00,0.0245
NQ,2026-02-20,Friday,RDR,24946.791,24656.044,290.7469999999994,25021.555,24620.588,400.96700000000055,True,LONG,2026-02-20 10:50:00,25054.774,True,True,True,0.4562,0.0,0.4562,25079.439,2026-02-20 11:04:00,0.4282,24822.3,2026-02-20 12:25:00,False,,0.0,,True,24940.599,2026-02-20 11:22:00,0.0213
NQ,2026-02-23,Monday,ADR,24850.197,24794.37,55.827000000001135,24850.399,24782.708,67.69100000000253,True,SHORT,2026-02-22 21:10:00,24760.272,True,True,False,0.0,0.7854,0.7854,24750.522,2026-02-23 00:20:00,0.3219,24812.338,2026-02-23 01:59:00,True,2026-02-22 21:15:00,0.2046,0.3219,True,24795.338,2026-02-22 22:01:00,0.0173
NQ,2026-02-23,Monday,ODR,24872.599,24826.649,45.94999999999709,24876.899,24821.011,55.88800000000265,True,LONG,2026-02-23 04:00:00,24905.279,True,True,False,1.617,0.0,1.617,24946.899,2026-02-23 04:42:00,0.986,24827.294,2026-02-23 07:32:00,True,2026-02-23 04:05:00,0.0,0.986,True,24869.764,2026-02-23 06:47:00,0.0617
NQ,2026-02-23,Monday,RDR,24946.881,24800.381,146.5,24982.719,24785.055,197.66400000000067,True,SHORT,2026-02-23 10:40:00,24774.527,True,False,,0.0,1.2733,1.2733,24613.843,2026-02-23 11:13:00,0.0,24796.04,2026-02-23 10:47:00,True,2026-02-23 10:52:00,0.0,0.0,False,,,
NQ,2026-02-24,Tuesday,ADR,24768.37,24727.458,40.91200000000026,24776.783,24724.5,52.28299999999945,True,LONG,2026-02-23 21:10:00,24784.588,True,False,,1.6361,0.0,1.6361,24835.305,2026-02-24 00:05:00,0.0,24770.75,2026-02-24 01:29:00,True,2026-02-23 21:18:00,0.0,0.0,False,,,
NQ,2026-02-24,Tuesday,ODR,24780.403,24710.164,70.23899999999776,24782.577,24709.533,73.04400000000169,True,LONG,2026-02-24 04:10:00,24785.5,True,True,True,0.9655,0.0,0.9655,24848.219,2026-02-24 07:06:00,0.5342,24742.881,2026-02-24 04:35:00,True,2026-02-24 07:02:00,0.5342,0.5176,True,24779.958,2026-02-24 04:15:00,0.0063
NQ,2026-02-24,Tuesday,RDR,24954.866,24687.436,267.4300000000003,24957.921,24644.566,313.35499999999956,True,LONG,2026-02-24 10:40:00,24961.661,True,True,True,0.253,0.0,0.253,25022.528,2026-02-24 13:03:00,0.1573,24912.791,2026-02-24 10:57:00,False,,0.1573,,True,24940.867,2026-02-24 10:45:00,0.0523
NQ,2026-02-25,Wednesday,ADR,25046.611,24977.253,69.35800000000017,25057.069,24968.405,88.66400000000067,True,LONG,2026-02-24 20:50:00,25058.633,True,True,False,0.2403,0.4006,0.2403,25063.275,2026-02-24 21:39:00,1.4006,24949.47,2026-02-24 22:34:00,False,,0.1793,,True,25043.753,2026-02-24 21:02:00,0.0412
NQ,2026-02-25,Wednesday,ODR,25032.35,24985.6,46.75,25039.499,24985.6,53.89900000000125,True,LONG,2026-02-25 06:30:00,25045.514,True,False,,1.4605,0.0,1.4605,25100.629,2026-02-25 08:14:00,0.0,25041.647,2026-02-25 06:37:00,True,2026-02-25 06:40:00,0.0,0.0,False,,,
NQ,2026-02-25,Wednesday,RDR,25292.633,25109.492,183.14100000000326,25309.058,25106.481,202.57700000000114,True,LONG,2026-02-25 14:00:00,25312.831,True,False,,0.2931,0.0,0.2931,25346.306,2026-02-25 15:50:00,0.0,25302.701,2026-02-25 15:32:00,False,,0.0,,False,,,
NQ,2026-02-26,Thursday,ADR,25289.697,25227.0,62.697000000000116,25294.149,25226.653,67.49600000000282,False,,,,,,,0.1177,0.1435,,,,,,,False,,,,False,,,
NQ,2026-02-26,Thursday,ODR,25333.675,25299.783,33.891999999999825,25345.149,25296.653,48.49600000000282,True,LONG,2026-02-26 04:40:00,25346.588,True,True,True,0.6153,0.0414,0.6153,25354.529,2026-02-26 04:48:00,1.0414,25298.381,2026-02-26 06:04:00,True,2026-02-26 04:45:00,0.0,1.0414,True,25333.131,2026-02-26 04:54:00,0.0161
NQ,2026-02-26,Thursday,RDR,25294.414,24872.381,422.03299999999945,25294.414,24841.374,453.0400000000009,True,SHORT,2026-02-26 10:30:00,24827.62,True,True,False,0.0,0.1275,0.1064,24827.458,2026-02-26 10:35:00,0.4257,25052.039,2026-02-26 14:55:00,False,,0.0,,True,24876.756,2026-02-26 10:36:00,0.0104
NQ,2026-02-27,Friday,ADR,24960.981,24917.177,43.80400000000009,24974.894,24912.503,62.39099999999962,True,LONG,2026-02-26 21:50:00,24978.927,True,True,True,1.2973,0.0,1.2973,25017.808,2026-02-27 00:45:00,0.2643,24949.405,2026-02-27 01:25:00,True,2026-02-26 21:57:00,0.0069,0.2643,True,24960.677,2026-02-26 22:37:00,0.0069
NQ,2026-02-27,Friday,ODR,25033.231,25005.047,28.184000000001106,25045.499,24995.992,49.507000000001426,True,LONG,2026-02-27 04:15:00,25049.749,False,True,False,0.8213,6.1433,0.8213,25056.379,2026-02-27 04:21:00,7.1433,24831.905,2026-02-27 08:28:00,True,2026-02-27 04:20:00,0.0792,7.1433,True,25030.999,2026-02-27 04:21:00,0.0792
NQ,2026-02-27,Friday,RDR,24941.408,24771.1,170.3080000000009,24953.899,24740.558,213.34100000000035,True,LONG,2026-02-27 10:40:00,24957.736,True,True,True,0.3016,0.0,0.3016,24992.765,2026-02-27 12:08:00,0.6399,24832.429,2026-02-27 14:44:00,False,,0.3377,,True,24936.115,2026-02-27 10:48:00,0.0311
NQ,2026-03-02,Monday,ADR,24837.486,24688.329,149.15699999999924,24853.561,24675.05,178.51100000000224,True,SHORT,2026-03-02 00:55:00,24637.258,True,False,,0.1607,1.2839,1.2839,24496.825,2026-03-02 01:51:00,0.0,24663.019,2026-03-02 01:11:00,True,2026-03-02 01:20:00,0.0,0.0,False,,,
NQ,2026-03-02,Monday,ODR,24533.822,24449.931,83.89099999999962,24551.464,24438.333,113.13100000000122,True,LONG,2026-03-02 04:05:00,24577.486,True,False,,1.9689,0.0,1.9689,24698.997,2026-03-02 08:25:00,0.0,24570.247,2026-03-02 07:56:00,True,2026-03-02 04:10:00,0.0,0.0,False,,,
NQ,2026-03-02,Monday,RDR,24893.181,24607.258,285.92299999999886,24905.997,24569.638,336.3590000000004,True,LONG,2026-03-02 11:05:00,24941.105,True,True,True,0.5804,0.0,0.5804,25059.122,2026-03-02 14:47:00,0.2753,24814.46,2026-03-02 11:28:00,True,2026-03-02 12:24:00,0.2753,0.0,True,24889.009,2026-03-02 11:19:00,0.0146
NQ,2026-03-03,Tuesday,ADR,24920.077,24886.642,33.43500000000131,24923.533,24867.772,55.7609999999986,True,SHORT,2026-03-02 20:35:00,24862.599,True,False,,0.0,5.525,5.525,24701.914,2026-03-03 01:49:00,0.0,24883.099,2026-03-02 20:42:00,True,2026-03-02 20:40:00,0.0,0.0,False,,,
NQ,2026-03-03,Tuesday,ODR,24654.305,24479.783,174.52200000000084,24658.197,24469.142,189.0550000000003,True,SHORT,2026-03-03 04:30:00,24466.149,True,True,False,0.0,0.8354,0.8354,24333.981,2026-03-03 06:20:00,0.5141,24569.5,2026-03-03 07:49:00,True,2026-03-03 05:09:00,0.1518,0.5141,True,24480.903,2026-03-03 04:36:00,0.0064
NQ,2026-03-03,Tuesday,RDR,24557.294,24323.458,233.83600000000297,24623.719,24315.588,308.1310000000012,True,LONG,2026-03-03 11:45:00,24651.836,True,False,,1.0857,0.0059,1.0857,24811.164,2026-03-03 14:46:00,0.0,24565.977,2026-03-03 12:36:00,True,2026-03-03 13:20:00,0.0,0.0,False,,,
NQ,2026-03-04,Wednesday,ADR,24732.414,24615.22,117.1939999999995,24736.533,24602.414,134.11899999999878,True,SHORT,2026-03-03 21:25:00,24587.403,True,True,True,0.0,1.2879,1.2879,24464.283,2026-03-04 01:20:00,0.1437,24632.066,2026-03-03 21:51:00,True,2026-03-03 21:35:00,0.1437,0.1437,True,24623.87,2026-03-03 21:50:00,0.0738
NQ,2026-03-04,Wednesday,ODR,24638.099,24590.305,47.79399999999805,24652.892,24577.149,75.74299999999857,True,LONG,2026-03-04 04:10:00,24658.458,True,False,,5.2876,0.0766,5.2876,24890.816,2026-03-04 08:15:00,0.0,24650.164,2026-03-04 04:15:00,True,2026-03-04 04:15:00,0.0,0.0,False,,,
NQ,2026-03-04,Wednesday,RDR,25103.697,24813.558,290.1389999999992,25104.892,24792.881,312.0109999999986,True,LONG,2026-03-04 11:40:00,25120.824,True,True,False,0.2687,0.0,0.2687,25181.669,2026-03-04 14:10:00,0.1174,25069.636,2026-03-04 12:32:00,False,,0.1174,,True,25102.644,2026-03-04 11:51:00,0.0036
NQ,2026-03-05,Thursday,ADR,25182.686,25105.649,77.03700000000026,25193.686,25099.283,94.40300000000207,True,SHORT,2026-03-04 20:40:00,25052.327,True,False,,0.0,2.0676,2.0676,24946.37,2026-03-05 01:15:00,0.0,25090.272,2026-03-04 21:50:00,True,2026-03-04 20:45:00,0.0,0.0,False,,,
NQ,2026-03-05,Thursday,ODR,25037.149,24961.381,75.76800000000003,25041.447,24939.099,102.34800000000178,True,LONG,2026-03-05 04:00:00,25065.719,True,True,False,1.7639,0.0,1.7639,25170.794,2026-03-05 04:11:00,0.6211,24990.088,2026-03-05 08:25:00,True,2026-03-05 04:05:00,0.0,0.6211,True,25037.149,2026-03-05 07:44:00,0.0
NQ,2026-03-05,Thursday,RDR,25151.816,24953.775,198.04099999999744,25171.87,24952.029,219.84100000000035,True,SHORT,2026-03-05 10:30:00,24942.634,True,True,False,0.0,1.0721,1.0721,24741.453,2026-03-05 13:33:00,0.6746,25087.37,2026-03-05 12:06:00,True,2026-03-05 12:31:00,0.6746,0.3454,True,24971.661,2026-03-05 10:36:00,0.0903
NQ,2026-03-06,Friday,ADR,25057.69,25022.919,34.770999999997,25062.734,25008.451,54.28299999999945,True,LONG,2026-03-05 21:10:00,25073.234,True,True,True,1.5487,0.3229,1.5487,25111.539,2026-03-06 00:37:00,0.5312,25039.219,2026-03-05 21:54:00,True,2026-03-05 21:15:00,0.5312,0.5312,True,25057.506,2026-03-05 21:38:00,0.0053
NQ,2026-03-06,Friday,ODR,25095.267,25008.462,86.80500000000029,25098.349,25003.919,94.42999999999665,True,SHORT,2026-03-06 04:05:00,24986.951,True,False,,0.0,2.6782,2.6782,24775.984,2026-03-06 07:48:00,0.0,25005.539,2026-03-06 04:12:00,True,2026-03-06 04:17:00,0.0,0.0,False,,,
NQ,2026-03-06,Friday,RDR,24794.976,24645.267,149.70899999999892,24801.159,24582.886,218.27300000000105,True,LONG,2026-03-06 10:30:00,24824.918,False,True,False,0.6503,0.4554,0.6503,24892.329,2026-03-06 12:04:00,1.4554,24577.085,2026-03-06 15:37:00,True,2026-03-06 11:04:00,0.4643,1.4554,True,24785.11,2026-03-06 10:43:00,0.0659
NQ,2026-03-09,Monday,ADR,24250.458,24112.436,138.0219999999972,24253.719,24103.142,150.57700000000114,True,SHORT,2026-03-08 20:50:00,24079.686,True,True,False,0.0,1.0047,1.0047,23973.761,2026-03-08 22:18:00,0.8634,24231.599,2026-03-09 01:59:00,True,2026-03-08 21:10:00,0.0,0.8634,True,24114.87,2026-03-09 01:05:00,0.0176
NQ,2026-03-09,Monday,ODR,24273.588,24200.099,73.4890000000014,24287.153,24184.055,103.09799999999814,True,LONG,2026-03-09 04:30:00,24301.849,True,True,True,2.6508,0.0,2.6508,24468.392,2026-03-09 05:34:00,0.4316,24241.87,2026-03-09 04:46:00,True,2026-03-09 04:36:00,0.4316,0.4316,True,24264.0,2026-03-09 04:41:00,0.1305
NQ,2026-03-09,Monday,RDR,24451.816,24314.87,136.9459999999999,24493.522,24287.055,206.46700000000055,True,LONG,2026-03-09 10:40:00,24507.939,True,False,,4.1667,0.0,4.1667,25022.429,2026-03-09 15:38:00,0.0,24502.454,2026-03-09 10:45:00,True,2026-03-09 10:45:00,0.0,0.0,False,,,
NQ,2026-03-10,Tuesday,ADR,24890.349,24813.849,76.5,24891.255,24805.549,85.70600000000195,True,LONG,2026-03-09 20:35:00,24915.147,True,True,True,1.0614,0.0,1.0614,24971.549,2026-03-09 22:01:00,0.8279,24827.016,2026-03-09 23:47:00,True,2026-03-09 20:43:00,0.0,0.8279,True,24888.136,2026-03-09 22:50:00,0.0289
NQ,2026-03-10,Tuesday,ODR,25046.016,24926.211,119.80500000000029,25049.038,24912.614,136.42399999999907,True,LONG,2026-03-10 04:00:00,25063.875,False,True,False,0.6094,0.4362,0.6094,25119.027,2026-03-10 04:39:00,1.4362,24873.95,2026-03-10 08:09:00,True,2026-03-10 04:08:00,0.0,1.4362,True,25042.57,2026-03-10 06:01:00,0.0288
NQ,2026-03-10,Tuesday,RDR,25020.419,24873.842,146.57700000000114,25053.599,24868.147,185.4519999999975,True,LONG,2026-03-10 10:35:00,25064.049,True,True,False,1.1486,0.0,1.1486,25188.771,2026-03-10 13:28:00,0.7303,24913.369,2026-03-10 15:50:00,True,2026-03-10 10:53:00,0.0,0.7303,True,25009.899,2026-03-10 14:14:00,0.0718
NQ,2026-03-11,Wednesday,ADR,25045.05,24953.247,91.80299999999988,25060.811,24949.833,110.9780000000028,True,LONG,2026-03-10 21:40:00,25068.181,True,True,False,0.5828,0.0,0.5828,25098.55,2026-03-10 23:58:00,0.4811,25000.888,2026-03-11 01:46:00,True,2026-03-10 23:37:00,0.0,0.4811,True,25043.453,2026-03-11 01:08:00,0.0174
NQ,2026-03-11,Wednesday,ODR,25014.431,24934.061,80.36999999999898,25022.311,24922.986,99.32500000000073,True,SHORT,2026-03-11 05:00:00,24906.203,True,True,False,0.0509,0.7862,0.7862,24870.877,2026-03-11 06:00:00,1.0509,25018.519,2026-03-11 07:03:00,True,2026-03-11 05:43:00,0.1472,1.0509,True,24934.844,2026-03-11 05:20:00,0.0097
NQ,2026-03-11,Wednesday,RDR,25088.638,24994.116,94.5219999999972,25107.699,24954.3,153.39900000000125,True,SHORT,2026-03-11 10:30:00,24945.105,True,True,True,0.0,1.5159,1.5159,24850.829,2026-03-11 13:38:00,0.752,25065.199,2026-03-11 11:01:00,True,2026-03-11 10:35:00,0.752,0.752,True,24995.725,2026-03-11 10:37:00,0.017
NQ,2026-03-12,Thursday,ADR,24782.936,24719.077,63.85900000000038,24783.881,24713.055,70.82600000000093,True,LONG,2026-03-11 21:20:00,24791.5,False,True,False,0.5995,0.6674,0.5995,24821.219,2026-03-11 21:43:00,1.6674,24676.458,2026-03-11 23:38:00,True,2026-03-11 21:37:00,0.0,1.6674,True,24774.12,2026-03-11 21:50:00,0.1381
NQ,2026-03-12,Thursday,ODR,24850.761,24788.533,62.227999999999156,24851.511,24787.033,64.47799999999916,True,LONG,2026-03-12 04:00:00,24872.805,True,True,False,0.9142,0.0,0.9142,24907.649,2026-03-12 07:43:00,0.9801,24789.772,2026-03-12 08:07:00,True,2026-03-12 05:44:00,0.9261,0.9801,True,24850.631,2026-03-12 04:22:00,0.0021
NQ,2026-03-12,Thursday,RDR,24798.969,24598.689,200.28000000000247,24813.099,24598.689,214.40999999999985,True,SHORT,2026-03-12 10:30:00,24586.091,True,True,True,0.0,0.389,0.389,24520.78,2026-03-12 15:57:00,0.5764,24714.132,2026-03-12 12:22:00,False,,0.5764,,True,24606.378,2026-03-12 10:35:00,0.0384
NQ,2026-03-13,Friday,ADR,24602.881,24491.12,111.76100000000224,24622.649,24476.708,145.94100000000253,True,LONG,2026-03-12 21:05:00,24640.37,True,True,False,0.3718,0.0,0.3718,24644.436,2026-03-12 21:10:00,0.5878,24537.186,2026-03-13 01:12:00,False,,0.0,,True,24602.469,2026-03-12 21:55:00,0.0037
NQ,2026-03-13,Friday,ODR,24463.349,24414.75,48.59899999999834,24470.914,24393.772,77.14199999999983,True,SHORT,2026-03-13 04:05:00,24392.566,False,True,False,4.029,0.6991,0.6991,24380.775,2026-03-13 04:11:00,5.029,24659.153,2026-03-13 08:02:00,True,2026-03-13 04:10:00,0.0,5.029,True,24416.099,2026-03-13 04:22:00,0.0278
NQ,2026-03-13,Friday,RDR,24772.392,24633.044,139.34799999999814,24788.327,24594.925,193.40200000000186,True,SHORT,2026-03-13 10:40:00,24578.75,True,False,,0.0,2.1418,2.1418,24334.587,2026-03-13 15:41:00,0.0,24581.029,2026-03-13 10:50:00,True,2026-03-13 10:46:00,0.0,0.0,False,,,
NQ,2026-03-16,Monday,ADR,24495.75,24400.936,94.81399999999849,24510.925,24394.297,116.62800000000061,True,LONG,2026-03-15 23:45:00,24520.903,True,True,True,0.5435,0.0,0.5435,24547.279,2026-03-16 01:58:00,0.0374,24492.208,2026-03-16 00:59:00,True,2026-03-16 01:52:00,0.0374,0.0,True,24492.242,2026-03-16 00:50:00,0.037
NQ,2026-03-16,Monday,ODR,24557.272,24492.664,64.60800000000017,24569.149,24490.058,79.09100000000035,True,SHORT,2026-03-16 04:45:00,24485.458,False,True,False,1.6565,0.4433,0.4433,24464.022,2026-03-16 05:46:00,2.6565,24664.294,2026-03-16 08:19:00,False,,0.528,,True,24492.87,2026-03-16 04:50:00,0.0032
NQ,2026-03-16,Monday,RDR,24734.069,24640.779,93.29000000000087,24746.872,24609.164,137.70799999999872,True,LONG,2026-03-16 15:05:00,24766.971,False,True,False,0.6705,0.4199,0.6705,24796.616,2026-03-16 15:10:00,1.2259,24619.708,2026-03-16 15:50:00,True,2026-03-16 15:10:00,0.0,1.2259,True,24722.941,2026-03-16 15:11:00,0.1193
NQ,2026-03-17,Tuesday,ADR,24654.219,24601.52,52.699000000000524,24655.814,24592.031,63.78299999999945,True,SHORT,2026-03-16 20:50:00,24590.238,True,True,True,0.0,1.3501,1.3501,24530.369,2026-03-17 01:59:00,0.5319,24629.549,2026-03-17 01:16:00,True,2026-03-16 22:52:00,0.5319,0.5319,True,24606.299,2026-03-16 21:05:00,0.0907
NQ,2026-03-17,Tuesday,ODR,24581.914,24530.869,51.04500000000189,24591.899,24514.27,77.62900000000081,True,LONG,2026-03-17 05:25:00,24615.099,True,True,True,2.042,0.3249,2.042,24686.149,2026-03-17 08:27:00,0.2768,24567.783,2026-03-17 06:20:00,True,2026-03-17 05:30:00,0.2768,0.2768,True,24575.569,2026-03-17 06:17:00,0.1243
NQ,2026-03-17,Tuesday,RDR,24881.838,24770.033,111.80500000000029,24882.37,24733.819,148.55099999999948,False,,,,,,,0.0,0.4736,,,,,,,False,,,,False,,,
NQ,2026-03-18,Wednesday,ADR,24821.958,24770.849,51.10900000000038,24825.436,24768.414,57.022000000000844,True,LONG,2026-03-17 20:45:00,24841.892,True,False,,2.3272,0.0,2.3272,24940.899,2026-03-18 01:58:00,0.0,24835.458,2026-03-17 20:51:00,True,2026-03-17 20:52:00,0.0,0.0,False,,,
NQ,2026-03-18,Wednesday,ODR,24953.511,24932.149,21.36199999999735,24958.533,24929.153,29.38000000000102,True,LONG,2026-03-18 06:15:00,24962.794,False,True,False,0.6814,7.5742,0.6814,24968.066,2026-03-18 06:20:00,8.5742,24770.349,2026-03-18 08:20:00,True,2026-03-18 06:20:00,0.0,8.5742,True,24952.936,2026-03-18 06:39:00,0.0269
NQ,2026-03-18,Wednesday,RDR,24739.764,24596.249,143.51499999999942,24768.219,24587.113,181.10599999999977,True,SHORT,2026-03-18 13:05:00,24585.662,True,True,True,0.0,1.2495,1.2495,24416.925,2026-03-18 15:59:00,0.6417,24688.347,2026-03-18 14:04:00,True,2026-03-18 14:54:00,0.6417,0.0,True,24597.214,2026-03-18 13:20:00,0.0067
NQ,2026-03-19,Thursday,ADR,24412.779,24374.131,38.64799999999741,24422.338,24373.816,48.522000000000844,True,SHORT,2026-03-18 20:40:00,24368.62,False,True,True,2.353,0.491,0.491,24355.153,2026-03-19 01:44:00,3.353,24503.719,2026-03-18 22:36:00,False,,3.353,,True,24377.338,2026-03-18 20:46:00,0.083
NQ,2026-03-19,Thursday,ODR,24398.099,24335.522,62.5769999999975,24405.197,24322.25,82.94700000000012,True,SHORT,2026-03-19 04:30:00,24315.529,False,True,True,0.4938,1.5782,1.5782,24236.761,2026-03-19 08:28:00,1.4938,24429.0,2026-03-19 05:51:00,True,2026-03-19 04:39:00,1.4938,1.4938,True,24343.899,2026-03-19 04:53:00,0.1339
NQ,2026-03-19,Thursday,RDR,24294.029,24135.849,158.1800000000003,24326.533,24106.175,220.35800000000017,True,LONG,2026-03-19 11:10:00,24334.685,True,True,True,1.1142,0.0,1.1142,24470.271,2026-03-19 15:11:00,0.8332,24162.232,2026-03-19 13:14:00,True,2026-03-19 15:02:00,0.8332,0.0,True,24264.478,2026-03-19 11:19:00,0.1868
NQ,2026-03-20,Friday,ADR,24420.925,24373.761,47.16400000000067,24424.664,24365.044,59.61999999999898,True,LONG,2026-03-19 21:35:00,24434.899,False,True,False,0.4632,0.6745,0.4632,24442.772,2026-03-19 21:46:00,1.6745,24341.947,2026-03-20 01:13:00,False,,0.0,,True,24420.75,2026-03-19 21:51:00,0.0037
NQ,2026-03-20,Friday,ODR,24384.066,24274.414,109.65199999999822,24389.066,24265.131,123.93499999999767,True,LONG,2026-03-20 04:05:00,24392.436,False,True,False,0.1251,1.5698,0.1251,24397.779,2026-03-20 04:15:00,2.5698,24102.283,2026-03-20 06:10:00,False,,0.0,,True,24378.719,2026-03-20 04:20:00,0.0488
NQ,2026-03-20,Friday,RDR,24270.436,24040.316,230.12000000000262,24270.436,24025.12,245.31600000000253,True,SHORT,2026-03-20 10:50:00,24024.399,True,True,True,0.0,1.2231,1.2231,23758.867,2026-03-20 15:38:00,0.4514,24144.182,2026-03-20 12:20:00,True,2026-03-20 14:22:00,0.4514,0.0,True,24076.197,2026-03-20 10:55:00,0.1559
NQ,2026-03-23,Monday,ADR,23860.529,23766.779,93.75,23877.088,23761.044,116.04399999999805,True,SHORT,2026-03-22 20:35:00,23753.664,True,True,True,0.0,0.4761,0.4761,23722.149,2026-03-23 01:52:00,0.9963,23860.186,2026-03-22 21:38:00,False,,0.9963,,True,23767.088,2026-03-22 20:43:00,0.0033
NQ,2026-03-23,Monday,ODR,23681.577,23580.925,100.65200000000186,23701.197,23561.033,140.16400000000067,True,LONG,2026-03-23 04:10:00,23705.186,True,True,True,8.0172,0.0,8.0172,24488.521,2026-03-23 07:18:00,0.7787,23603.197,2026-03-23 06:49:00,True,2026-03-23 04:32:00,0.7787,0.7787,True,23677.827,2026-03-23 04:17:00,0.0373
NQ,2026-03-23,Monday,RDR,24449.508,24265.054,184.45400000000154,24465.953,24222.242,243.71100000000297,True,SHORT,2026-03-23 11:50:00,24221.419,True,True,True,0.0863,0.943,0.943,24091.108,2026-03-23 12:29:00,0.2915,24318.819,2026-03-23 14:37:00,True,2026-03-23 11:58:00,0.0,0.2915,True,24270.353,2026-03-23 14:04:00,0.0287
NQ,2026-03-24,Tuesday,ADR,24255.519,24117.465,138.0540000000001,24257.408,24085.042,172.36599999999817,True,SHORT,2026-03-23 21:00:00,24074.921,True,False,,0.0,1.0183,1.0183,23976.887,2026-03-24 01:28:00,0.0,24099.489,2026-03-23 21:28:00,True,2026-03-23 21:06:00,0.0,0.0,False,,,
NQ,2026-03-24,Tuesday,ODR,24266.076,24159.387,106.68900000000212,24289.599,24154.565,135.03399999999965,True,SHORT,2026-03-24 05:05:00,24131.219,True,True,True,0.0742,0.7215,0.7215,24082.414,2026-03-24 07:53:00,0.5643,24219.588,2026-03-24 06:08:00,True,2026-03-24 05:14:00,0.5643,0.5643,True,24179.599,2026-03-24 05:40:00,0.1894
NQ,2026-03-24,Tuesday,RDR,24089.664,23940.522,149.14199999999983,24101.914,23920.447,181.46700000000055,True,LONG,2026-03-24 11:15:00,24122.643,True,True,False,0.5613,0.0,0.5613,24173.375,2026-03-24 11:26:00,0.9281,23951.243,2026-03-24 13:42:00,True,2026-03-24 11:25:00,0.0,0.9281,True,24079.098,2026-03-24 11:56:00,0.0708
NQ,2026-03-25,Wednesday,ADR,24232.71,24191.186,41.52399999999761,24243.698,24173.299,70.39900000000125,True,LONG,2026-03-24 20:30:00,24257.065,False,True,False,1.2022,1.952,1.2022,24282.632,2026-03-24 20:39:00,2.952,24110.131,2026-03-24 23:16:00,True,2026-03-24 20:35:00,0.0,2.952,True,24229.72,2026-03-24 21:06:00,0.072
NQ,2026-03-25,Wednesday,ODR,24205.186,24147.142,58.04400000000169,24208.819,24141.631,67.18799999999828,True,LONG,2026-03-25 04:00:00,24241.354,True,True,True,2.1312,0.0,2.1312,24328.887,2026-03-25 08:08:00,0.3162,24186.832,2026-03-25 08:23:00,True,2026-03-25 04:05:00,0.057,0.3162,True,24201.876,2026-03-25 05:48:00,0.057
NQ,2026-03-25,Wednesday,RDR,24269.819,24155.286,114.53299999999945,24315.589,24118.309,197.27999999999884,True,SHORT,2026-03-25 11:15:00,24104.219,True,True,False,0.3324,0.6993,0.4908,24099.076,2026-03-25 15:03:00,1.0902,24280.153,2026-03-25 13:43:00,False,,1.0902,,True,24160.719,2026-03-25 11:23:00,0.0474
NQ,2026-03-26,Thursday,ADR,24192.01,24081.954,110.05599999999686,24198.499,24072.732,125.76699999999983,True,SHORT,2026-03-25 22:30:00,24060.532,False,True,True,0.1565,0.3896,0.3896,24039.075,2026-03-25 22:37:00,1.1565,24209.231,2026-03-25 23:40:00,False,,0.0,,True,24086.775,2026-03-25 22:46:00,0.0438
NQ,2026-03-26,Thursday,ODR,24078.91,24034.838,44.072000000000116,24086.309,23991.575,94.73400000000038,True,SHORT,2026-03-26 04:25:00,23984.958,True,False,,0.0,3.6455,3.6455,23874.175,2026-03-26 08:03:00,0.0,24009.969,2026-03-26 04:35:00,True,2026-03-26 04:30:00,0.0,0.0,False,,,
NQ,2026-03-26,Thursday,RDR,24024.283,23860.131,164.15199999999822,24028.838,23859.055,169.78299999999945,True,SHORT,2026-03-26 12:20:00,23842.349,True,False,,0.0,1.7258,1.7258,23576.83,2026-03-26 15:59:00,0.0,23845.966,2026-03-26 12:25:00,True,2026-03-26 12:49:00,0.0,0.0,False,,,
NQ,2026-03-27,Friday,ADR,23711.594,23643.3,68.29400000000169,23712.866,23628.725,84.14100000000326,True,SHORT,2026-03-26 20:40:00,23623.497,False,True,False,1.021,0.449,0.449,23612.638,2026-03-26 21:01:00,2.021,23781.322,2026-03-27 01:15:00,False,,0.0,,True,23644.942,2026-03-26 21:05:00,0.024
NQ,2026-03-27,Friday,ODR,23712.649,23665.692,46.957000000002154,23712.649,23660.692,51.957000000002154,True,SHORT,2026-03-27 04:05:00,23636.019,True,False,,0.0,5.3055,5.3055,23416.561,2026-03-27 08:10:00,0.0,23652.269,2026-03-27 04:15:00,True,2026-03-27 04:10:00,0.0,0.0,False,,,
NQ,2026-03-27,Friday,RDR,23459.55,23285.097,174.4529999999977,23469.329,23270.336,198.9930000000022,True,SHORT,2026-03-27 10:35:00,23267.083,True,True,True,0.0,1.14,1.14,23086.218,2026-03-27 15:52:00,0.7791,23421.018,2026-03-27 11:33:00,True,2026-03-27 13:29:00,0.7791,0.0,True,23289.431,2026-03-27 10:40:00,0.0248
NQ,2026-03-30,Monday,ADR,23056.547,22922.381,134.16599999999744,23081.414,22913.5,167.91400000000067,True,LONG,2026-03-29 22:45:00,23087.686,True,False,,0.9111,0.0,0.9111,23178.783,2026-03-30 01:10:00,0.0,23061.903,2026-03-29 22:57:00,True,2026-03-29 23:24:00,0.0,0.0,False,,,
NQ,2026-03-30,Monday,ODR,23220.399,23192.588,27.811000000001513,23232.566,23178.783,53.78299999999945,True,LONG,2026-03-30 04:10:00,23239.642,True,True,True,4.1588,0.0,4.1588,23336.058,2026-03-30 07:27:00,0.9938,23192.761,2026-03-30 06:43:00,True,2026-03-30 04:15:00,0.9938,0.9938,True,23220.175,2026-03-30 05:15:00,0.0081
NQ,2026-03-30,Monday,RDR,23327.399,23120.849,206.5500000000029,23356.131,23111.544,244.58699999999953,True,SHORT,2026-03-30 10:40:00,23090.843,True,True,True,0.0,1.3544,1.3544,22841.095,2026-03-30 15:29:00,0.6225,23249.431,2026-03-30 11:05:00,True,2026-03-30 13:27:00,0.6225,0.0,True,23148.939,2026-03-30 10:46:00,0.136
NQ,2026-03-31,Tuesday,ADR,22889.914,22798.631,91.28299999999945,22899.5,22780.544,118.95599999999831,True,LONG,2026-03-30 20:40:00,22976.761,True,False,,3.6281,0.0,3.6281,23221.099,2026-03-30 22:53:00,0.0,22969.649,2026-03-30 20:45:00,True,2026-03-30 20:45:00,0.0,0.0,False,,,
NQ,2026-03-31,Tuesday,ODR,23187.838,23058.947,128.89099999999962,23189.208,23056.219,132.98899999999776,True,LONG,2026-03-31 04:00:00,23201.649,True,True,True,0.4282,0.0219,0.4282,23243.029,2026-03-31 08:09:00,1.0219,23056.12,2026-03-31 06:43:00,False,,1.0219,,True,23174.947,2026-03-31 04:10:00,0.1
NQ,2026-03-31,Tuesday,RDR,23385.22,23199.425,185.7950000000019,23397.425,23198.903,198.52200000000084,True,LONG,2026-03-31 12:35:00,23483.655,True,False,,2.1762,0.0213,2.1762,23789.548,2026-03-31 15:50:00,0.0,23479.531,2026-03-31 12:40:00,True,2026-03-31 12:40:00,0.0,0.0,False,,,
NQ,2026-04-01,Wednesday,ADR,23866.357,23796.596,69.7609999999986,23867.291,23793.65,73.64099999999962,True,SHORT,2026-03-31 21:45:00,23789.205,False,True,False,0.38,0.2935,0.2935,23776.118,2026-03-31 22:37:00,1.38,23892.868,2026-04-01 01:25:00,False,,0.2718,,True,23797.324,2026-03-31 21:53:00,0.0104
NQ,2026-04-01,Wednesday,ODR,23988.846,23897.835,91.01100000000224,24000.672,23895.857,104.81499999999869,True,SHORT,2026-04-01 04:05:00,23873.835,False,True,False,0.3978,0.815,0.815,23823.661,2026-04-01 05:23:00,1.3978,24025.052,2026-04-01 07:58:00,True,2026-04-01 04:54:00,0.315,1.3978,True,23898.346,2026-04-01 04:21:00,0.0056
NQ,2026-04-01,Wednesday,RDR,24007.179,23894.618,112.56100000000151,24028.719,23864.216,164.5030000000006,True,LONG,2026-04-01 10:35:00,24029.458,True,True,True,1.3739,0.0,1.3739,24161.822,2026-04-01 13:06:00,0.6093,23938.59,2026-04-01 14:36:00,True,2026-04-01 10:53:00,0.1747,0.6093,True,23987.511,2026-04-01 10:40:00,0.1747
NQ,2026-04-02,Thursday,ADR,24026.631,23989.186,37.44499999999971,24026.631,23982.381,44.25,True,LONG,2026-04-01 20:40:00,24051.012,False,True,False,1.1673,10.934,1.1673,24070.339,2026-04-01 20:59:00,11.934,23579.762,2026-04-02 01:59:00,True,2026-04-01 20:45:00,0.0,11.934,True,24008.417,2026-04-01 21:00:00,0.4864
NQ,2026-04-02,Thursday,ODR,23703.578,23621.164,82.41400000000067,23705.795,23620.273,85.5219999999972,True,SHORT,2026-04-02 06:10:00,23612.719,True,True,True,0.0357,1.5715,1.5715,23491.653,2026-04-02 08:12:00,0.3095,23646.675,2026-04-02 07:01:00,True,2026-04-02 07:15:00,0.3095,0.0,True,23622.664,2026-04-02 06:34:00,0.0182
NQ,2026-04-02,Thursday,RDR,23804.317,23513.899,290.41799999999785,23828.284,23503.339,324.9449999999997,True,LONG,2026-04-02 10:30:00,23842.664,True,False,,0.8464,0.0,0.8464,24050.131,2026-04-02 15:59:00,0.0,23839.751,2026-04-02 10:35:00,True,2026-04-02 10:37:00,0.0,0.0,False,,,
NQ,2026-04-06,Monday,ADR,24011.719,23897.12,114.59900000000198,24030.186,23896.12,134.06600000000253,True,LONG,2026-04-05 20:55:00,24036.522,True,True,True,1.2418,0.0,1.2418,24154.033,2026-04-05 22:24:00,0.3547,23971.066,2026-04-05 23:20:00,True,2026-04-05 22:09:00,0.0,0.3547,True,23982.014,2026-04-05 23:19:00,0.2592
NQ,2026-04-06,Monday,ODR,24137.149,24046.914,90.23500000000058,24152.899,24034.753,118.14600000000064,True,LONG,2026-04-06 04:00:00,24161.969,True,True,True,0.9783,0.0,0.9783,24225.425,2026-04-06 05:05:00,0.2974,24110.316,2026-04-06 07:15:00,True,2026-04-06 04:25:00,0.0,0.2974,True,24115.742,2026-04-06 06:46:00,0.2372
NQ,2026-04-06,Monday,RDR,24242.058,24091.219,150.83899999999994,24274.175,24074.544,199.63099999999758,True,SHORT,2026-04-06 13:10:00,24057.865,True,True,False,0.0,0.3829,0.285,24048.224,2026-04-06 13:15:00,0.7246,24200.522,2026-04-06 15:50:00,False,,0.0,,True,24102.151,2026-04-06 13:22:00,0.0725
NQ,2026-04-07,Tuesday,ADR,24176.783,24123.022,53.7609999999986,24188.816,24108.947,79.86899999999878,True,SHORT,2026-04-06 21:05:00,24107.783,True,False,,0.0,2.5956,2.5956,23983.481,2026-04-06 22:07:00,0.0,24114.219,2026-04-06 21:28:00,True,2026-04-06 21:10:00,0.0,0.0,False,,,
NQ,2026-04-07,Tuesday,ODR,24077.12,24049.37,27.75,24086.099,24039.969,46.12999999999738,True,LONG,2026-04-07 04:00:00,24105.264,False,True,False,6.264,2.7978,6.264,24250.947,2026-04-07 05:34:00,3.7978,23971.731,2026-04-07 08:16:00,True,2026-04-07 04:05:00,0.0,3.7978,True,24065.753,2026-04-07 06:48:00,0.4096
NQ,2026-04-07,Tuesday,RDR,24073.511,23850.349,223.16200000000026,24122.149,23824.761,297.38800000000265,True,SHORT,2026-04-07 11:00:00,23811.27,False,True,False,0.6173,0.3317,0.3317,23776.334,2026-04-07 11:06:00,1.6173,24211.276,2026-04-07 15:59:00,False,,0.0,,True,23852.639,2026-04-07 11:11:00,0.0103
NQ,2026-04-08,Wednesday,ADR,24893.127,24852.442,40.68500000000131,24924.942,24844.8,80.14199999999983,True,LONG,2026-04-07 20:50:00,24926.3,True,True,True,3.2292,0.2562,3.2292,25024.508,2026-04-08 01:59:00,0.2869,24881.453,2026-04-07 21:21:00,True,2026-04-07 20:55:00,0.2869,0.2869,True,24892.67,2026-04-07 21:20:00,0.0112
NQ,2026-04-08,Wednesday,ODR,25016.519,24971.247,45.272000000000844,25019.449,24965.822,53.62700000000041,True,LONG,2026-04-08 04:55:00,25045.579,True,True,True,1.5452,0.1513,1.5452,25086.475,2026-04-08 08:07:00,0.4765,24994.949,2026-04-08 08:22:00,True,2026-04-08 05:00:00,0.1225,0.4765,True,25013.986,2026-04-08 05:44:00,0.056
NQ,2026-04-08,Wednesday,RDR,25028.333,24882.269,146.0639999999985,25066.366,24877.366,189.0,True,SHORT,2026-04-08 10:30:00,24872.699,True,True,False,0.0,0.8912,0.8912,24752.103,2026-04-08 10:56:00,0.6882,24982.784,2026-04-08 12:55:00,True,2026-04-08 10:55:00,0.0,0.6882,True,24884.012,2026-04-08 11:38:00,0.0119
NQ,2026-04-09,Thursday,ADR,24863.299,24830.325,32.97399999999834,24866.179,24828.172,38.007000000001426,True,SHORT,2026-04-08 21:15:00,24824.27,False,True,False,0.4362,0.6355,0.6355,24809.369,2026-04-08 21:23:00,1.4362,24877.683,2026-04-08 22:51:00,True,2026-04-08 21:23:00,0.0,1.4362,True,24837.179,2026-04-08 21:34:00,0.2079
NQ,2026-04-09,Thursday,ODR,24867.586,24802.553,65.03299999999945,24876.727,24793.672,83.05500000000029,True,SHORT,2026-04-09 04:05:00,24790.444,False,True,False,0.1715,0.3229,0.3229,24781.553,2026-04-09 04:15:00,1.1715,24878.738,2026-04-09 08:10:00,False,,0.0,,True,24807.086,2026-04-09 04:31:00,0.0697
NQ,2026-04-09,Thursday,RDR,24928.929,24808.2,120.72899999999936,24938.064,24790.543,147.520999999997,True,LONG,2026-04-09 11:30:00,24949.258,True,True,True,1.3878,0.1746,1.3878,25096.48,2026-04-09 15:52:00,0.0884,24918.262,2026-04-09 11:38:00,True,2026-04-09 11:48:00,0.0884,0.0,True,24918.262,2026-04-09 11:38:00,0.0884
NQ,2026-04-10,Friday,ADR,25069.576,25043.696,25.88000000000102,25071.659,25040.796,30.863000000001193,True,LONG,2026-04-09 20:30:00,25072.521,True,False,,2.6069,0.0,2.6069,25137.043,2026-04-09 23:39:00,0.0,25072.282,2026-04-09 20:35:00,True,2026-04-09 20:36:00,0.0,0.0,False,,,
NQ,2026-04-10,Friday,ODR,25085.659,25063.641,22.01800000000003,25089.718,25058.435,31.282999999999447,True,SHORT,2026-04-10 04:10:00,25052.087,False,True,False,2.7623,1.1586,1.1586,25038.13,2026-04-10 04:56:00,3.7623,25146.48,2026-04-10 08:29:00,True,2026-04-10 04:15:00,0.3278,3.7623,True,25066.315,2026-04-10 04:28:00,0.1214
NQ,2026-04-10,Friday,RDR,25176.152,25121.609,54.542999999997846,25203.891,25103.793,100.09799999999814,True,LONG,2026-04-10 11:10:00,25204.337,False,True,False,0.9448,1.1803,0.9448,25227.685,2026-04-10 11:24:00,2.1803,25057.232,2026-04-10 12:44:00,True,2026-04-10 11:15:00,0.0,2.1803,True,25170.76,2026-04-10 11:31:00,0.0989
NQ,2026-04-13,Monday,ADR,24841.142,24762.044,79.09799999999814,24844.649,24759.219,85.43000000000029,True,LONG,2026-04-12 20:30:00,24848.686,True,False,,1.1305,0.0,1.1305,24930.566,2026-04-13 00:55:00,0.0,24844.425,2026-04-12 20:44:00,True,2026-04-12 20:53:00,0.0,0.0,False,,,
NQ,2026-04-13,Monday,ODR,24959.555,24926.816,32.7390000000014,24963.316,24923.533,39.78299999999945,True,LONG,2026-04-13 05:30:00,24963.708,False,True,True,1.637,0.5395,1.637,25013.149,2026-04-13 07:05:00,1.5395,24909.153,2026-04-13 08:02:00,True,2026-04-13 06:56:00,0.4913,1.5395,True,24958.772,2026-04-13 05:39:00,0.0239
NQ,2026-04-13,Monday,RDR,25152.25,25017.25,135.0,25167.544,24995.899,171.64500000000044,True,LONG,2026-04-13 10:55:00,25188.989,True,True,True,1.736,0.0,1.736,25386.604,2026-04-13 15:59:00,0.244,25119.308,2026-04-13 12:05:00,True,2026-04-13 12:29:00,0.244,0.0,True,25149.153,2026-04-13 11:00:00,0.0229
NQ,2026-04-14,Tuesday,ADR,25445.544,25406.642,38.90200000000186,25452.566,25399.37,53.19599999999991,False,,,,,,,0.0,0.0,,,,,,,False,,,,False,,,
NQ,2026-04-14,Tuesday,ODR,25475.261,25424.272,50.98899999999776,25482.25,25421.316,60.934000000001106,True,LONG,2026-04-14 04:25:00,25483.577,True,True,True,1.1458,0.0,1.1458,25533.686,2026-04-14 08:10:00,0.3063,25459.642,2026-04-14 07:00:00,True,2026-04-14 04:51:00,0.3063,0.3063,True,25474.436,2026-04-14 04:36:00,0.0162
NQ,2026-04-14,Tuesday,RDR,25640.42,25495.077,145.34299999999712,25643.065,25495.077,147.98799999999756,True,LONG,2026-04-14 10:50:00,25653.861,True,True,True,1.3461,0.0,1.3461,25836.071,2026-04-14 15:59:00,0.2749,25600.459,2026-04-14 11:06:00,True,2026-04-14 11:46:00,0.2749,0.0,True,25640.301,2026-04-14 10:58:00,0.0008
NQ,2026-04-15,Wednesday,ADR,25870.008,25849.8,20.208000000002357,25873.449,25843.714,29.735000000000582,True,SHORT,2026-04-14 20:40:00,25837.649,False,True,True,1.2095,2.2788,2.2788,25803.75,2026-04-15 01:44:00,2.2095,25894.449,2026-04-15 01:00:00,True,2026-04-14 20:45:00,2.2095,2.2095,True,25852.877,2026-04-14 20:51:00,0.1523
NQ,2026-04-15,Wednesday,ODR,25843.599,25817.772,25.826999999997497,25845.599,25814.208,31.39099999999962,True,LONG,2026-04-15 04:00:00,25847.37,False,True,False,1.2216,1.7831,1.2216,25875.149,2026-04-15 04:56:00,2.7831,25771.719,2026-04-15 06:33:00,True,2026-04-15 04:25:00,0.2382,2.7831,True,25838.338,2026-04-15 04:10:00,0.2037
NQ,2026-04-15,Wednesday,RDR,25969.827,25826.566,143.26100000000224,25969.827,25821.849,147.9780000000028,True,LONG,2026-04-15 10:30:00,25972.649,True,True,True,1.6946,0.0,1.6946,26212.591,2026-04-15 15:59:00,0.2359,25936.037,2026-04-15 12:56:00,True,2026-04-15 11:42:00,0.2359,0.2359,True,25967.577,2026-04-15 10:35:00,0.0157
NQ,2026-04-17,Friday,ODR,26336.175,26302.055,34.11999999999898,26338.349,26302.055,36.29399999999805,True,LONG,2026-04-17 04:00:00,26340.381,True,True,True,3.9471,0.0,3.9471,26470.849,2026-04-17 08:25:00,0.3597,26323.903,2026-04-17 04:13:00,True,2026-04-17 04:41:00,0.3597,0.0,True,26331.544,2026-04-17 04:09:00,0.1357
NQ,2026-04-17,Friday,RDR,26617.294,26518.881,98.41300000000047,26622.469,26476.75,145.71900000000096,True,LONG,2026-04-17 10:30:00,26639.816,True,True,True,1.0447,0.0,1.0447,26720.11,2026-04-17 12:46:00,0.4124,26576.709,2026-04-17 13:24:00,True,2026-04-17 10:40:00,0.0109,0.4124,True,26616.219,2026-04-17 10:35:00,0.0109
NQ,2026-04-20,Monday,ADR,26502.12,26462.653,39.46700000000055,26507.011,26459.577,47.43399999999747,True,LONG,2026-04-19 21:00:00,26515.75,False,True,False,1.4039,0.1771,1.4039,26557.529,2026-04-19 21:56:00,1.1771,26455.664,2026-04-20 01:44:00,True,2026-04-19 21:05:00,0.0,1.1771,True,26501.75,2026-04-20 00:36:00,0.0094
NQ,2026-04-20,Monday,ODR,26546.783,26499.827,46.95599999999831,26563.827,26493.697,70.13000000000102,True,SHORT,2026-04-20 04:00:00,26483.772,False,True,False,0.5114,0.8003,0.8003,26462.25,2026-04-20 04:07:00,1.5114,26570.794,2026-04-20 06:10:00,True,2026-04-20 04:06:00,0.0,1.5114,True,26500.5,2026-04-20 04:14:00,0.0143
NQ,2026-04-20,Monday,RDR,26654.649,26571.959,82.69000000000233,26668.197,26559.695,108.50200000000041,True,SHORT,2026-04-20 10:40:00,26538.299,True,True,False,0.0,1.9387,1.9387,26411.648,2026-04-20 11:07:00,0.2689,26594.191,2026-04-20 15:59:00,True,2026-04-20 10:46:00,0.0,0.2689,True,26574.989,2026-04-20 14:08:00,0.0366
NQ,2026-04-21,Tuesday,ADR,26658.099,26641.533,16.565999999998894,26664.279,26637.25,27.028999999998632,True,SHORT,2026-04-20 20:35:00,26634.327,False,True,False,1.8592,0.6345,0.4619,26633.881,2026-04-20 20:40:00,2.8592,26688.899,2026-04-21 01:26:00,False,,0.0,,True,26643.719,2026-04-20 20:41:00,0.132
NQ,2026-04-21,Tuesday,ODR,26691.925,26651.511,40.41400000000067,26692.849,26651.511,41.33799999999974,True,SHORT,2026-04-21 04:10:00,26646.761,False,True,False,1.3582,0.2057,0.1167,26646.794,2026-04-21 04:15:00,2.3582,26746.816,2026-04-21 07:40:00,False,,0.0282,,True,26652.649,2026-04-21 04:15:00,0.0282
NQ,2026-04-21,Tuesday,RDR,26708.164,26586.881,121.28299999999945,26730.279,26573.044,157.23499999999694,True,SHORT,2026-04-21 11:00:00,26537.261,True,True,True,0.0,1.5462,1.5462,26399.352,2026-04-21 15:44:00,0.3685,26631.568,2026-04-21 15:31:00,True,2026-04-21 11:05:00,0.3685,0.3685,True,26593.958,2026-04-21 11:09:00,0.0584
NQ,2026-04-22,Wednesday,ADR,26659.727,26597.618,62.10900000000038,26665.346,26589.629,75.71700000000055,True,LONG,2026-04-21 21:35:00,26677.15,True,True,True,0.7479,0.0,0.7479,26706.179,2026-04-22 01:25:00,0.6423,26619.835,2026-04-22 01:00:00,True,2026-04-22 01:20:00,0.6423,0.0,True,26657.705,2026-04-21 21:46:00,0.0326
NQ,2026-04-22,Wednesday,ODR,26711.096,26679.65,31.445999999999913,26714.059,26675.541,38.51800000000003,True,SHORT,2026-04-22 04:15:00,26674.868,False,True,False,1.2112,1.5914,1.5914,26629.607,2026-04-22 04:40:00,2.2112,26749.183,2026-04-22 08:14:00,True,2026-04-22 04:22:00,0.0,2.2112,True,26681.063,2026-04-22 05:00:00,0.0449
NQ,2026-04-22,Wednesday,RDR,26838.5,26674.455,164.04499999999825,26839.338,26662.661,176.67699999999968,True,LONG,2026-04-22 10:35:00,26844.12,True,True,True,0.6222,0.0,0.6222,26940.568,2026-04-22 15:54:00,0.2986,26789.522,2026-04-22 11:04:00,True,2026-04-22 15:50:00,0.2986,0.0,True,26832.088,2026-04-22 10:41:00,0.0391
NQ,2026-04-23,Thursday,ADR,26949.936,26790.283,159.65300000000207,26951.149,26701.066,250.08300000000236,False,,,,,,,0.0,0.4529,,,,,,,False,,,,False,,,
NQ,2026-04-23,Thursday,ODR,26865.414,26832.436,32.977999999999156,26866.349,26822.838,43.5109999999986,True,SHORT,2026-04-23 04:05:00,26814.686,False,True,False,2.0129,2.7212,2.7212,26742.697,2026-04-23 05:08:00,3.0129,26931.794,2026-04-23 08:11:00,True,2026-04-23 04:10:00,0.3477,3.0129,True,26834.794,2026-04-23 04:19:00,0.0715
NQ,2026-04-23,Thursday,RDR,26933.414,26842.399,91.01499999999942,26954.779,26817.566,137.21299999999974,True,LONG,2026-04-23 11:00:00,26954.933,False,True,False,0.7967,3.3763,0.7967,27005.929,2026-04-23 11:33:00,4.3763,26535.103,2026-04-23 13:46:00,True,2026-04-23 11:11:00,0.0,4.3763,True,26933.241,2026-04-23 11:46:00,0.0019
NQ,2026-04-24,Friday,ADR,26983.279,26908.5,74.77899999999863,26984.469,26908.5,75.96900000000096,True,LONG,2026-04-23 20:30:00,26985.066,False,True,False,0.14,0.4455,0.1213,26992.349,2026-04-23 20:37:00,1.4455,26875.186,2026-04-24 00:25:00,False,,0.0171,,True,26982.0,2026-04-23 20:35:00,0.0171
NQ,2026-04-24,Friday,ODR,26967.011,26932.772,34.23899999999776,26972.399,26929.066,43.33300000000236,True,LONG,2026-04-24 04:15:00,26988.283,True,True,True,7.4236,0.313,7.4236,27221.186,2026-04-24 07:30:00,1.313,26922.055,2026-04-24 05:22:00,True,2026-04-24 04:20:00,1.313,1.313,True,26960.642,2026-04-24 04:28:00,0.186
NQ,2026-04-24,Friday,RDR,27105.029,27030.381,74.64799999999741,27123.969,26988.414,135.5550000000003,True,LONG,2026-04-24 10:55:00,27148.011,True,False,,2.7963,0.0585,2.7963,27313.769,2026-04-24 15:17:00,0.0,27144.783,2026-04-24 11:06:00,True,2026-04-24 11:00:00,0.0,0.0,False,,,
NQ,2026-04-27,Monday,ADR,27282.088,27238.022,44.065999999998894,27284.779,27232.772,52.00699999999779,True,LONG,2026-04-26 20:35:00,27289.044,True,False,,2.8069,0.0,2.8069,27405.779,2026-04-26 22:00:00,0.0,27288.881,2026-04-26 20:40:00,True,2026-04-26 20:55:00,0.0,0.0,False,,,
NQ,2026-04-27,Monday,ODR,27299.779,27280.533,19.245999999999185,27308.279,27270.499,37.779999999998836,True,SHORT,2026-04-27 04:05:00,27259.25,False,True,False,3.3254,1.4373,1.4373,27252.87,2026-04-27 04:15:00,4.3254,27363.779,2026-04-27 07:32:00,True,2026-04-27 04:10:00,0.0,4.3254,True,27281.197,2026-04-27 04:25:00,0.0345
NQ,2026-04-27,Monday,RDR,27273.849,27213.577,60.271999999997206,27292.381,27162.588,129.79300000000148,True,LONG,2026-04-27 13:30:00,27300.448,True,True,True,0.6686,0.7194,0.6686,27314.148,2026-04-27 15:52:00,0.3231,27254.374,2026-04-27 15:06:00,True,2026-04-27 15:45:00,0.3231,0.0,True,27271.194,2026-04-27 14:43:00,0.0441
NQ,2026-04-29,Wednesday,ODR,27145.4,27091.738,53.66200000000026,27155.179,27077.075,78.10399999999936,True,SHORT,2026-04-29 04:10:00,27075.727,False,True,False,0.1801,0.4867,0.4867,27065.619,2026-04-29 04:16:00,1.1801,27155.064,2026-04-29 06:32:00,False,,0.0,,True,27099.608,2026-04-29 04:20:00,0.1467
NQ,2026-04-29,Wednesday,RDR,27135.216,27011.238,123.97799999999916,27143.608,26990.619,152.9890000000014,True,LONG,2026-04-29 10:30:00,27153.427,True,True,True,0.5442,0.0,0.5442,27202.689,2026-04-29 15:15:00,0.9342,27019.4,2026-04-29 12:34:00,True,2026-04-29 15:15:00,0.9342,0.067,True,27134.382,2026-04-29 11:08:00,0.0067
NQ,2026-04-30,Thursday,ADR,27454.812,27338.932,115.88000000000102,27459.998,27338.932,121.0659999999989,True,LONG,2026-04-29 20:30:00,27463.139,False,True,False,0.3003,2.1552,0.3003,27489.606,2026-04-29 20:39:00,3.1552,27089.193,2026-04-30 01:59:00,False,,0.0,,True,27453.248,2026-04-29 21:01:00,0.0135
NQ,2026-04-30,Thursday,ODR,27233.823,27151.189,82.63400000000183,27244.748,27137.04,107.70799999999872,True,LONG,2026-04-30 04:35:00,27256.54,True,True,True,2.0844,0.0,2.0844,27406.069,2026-04-30 08:29:00,0.4289,27198.378,2026-04-30 05:20:00,True,2026-04-30 05:30:00,0.4289,0.1518,True,27229.443,2026-04-30 04:55:00,0.053
NQ,2026-04-30,Thursday,RDR,27361.389,27081.355,280.03399999999965,27361.389,27030.875,330.5139999999992,True,LONG,2026-04-30 13:35:00,27363.026,True,True,True,0.4387,0.1576,0.4387,27484.226,2026-04-30 15:59:00,0.0244,27354.553,2026-04-30 13:42:00,False,,0.0244,,True,27358.174,2026-04-30 13:40:00,0.0115
NQ,2026-05-01,Friday,ADR,27501.142,27465.761,35.38100000000122,27505.697,27463.469,42.227999999999156,True,LONG,2026-04-30 20:45:00,27507.425,True,True,False,1.25,0.0,1.25,27545.37,2026-04-30 23:31:00,0.4624,27484.783,2026-05-01 01:59:00,True,2026-04-30 21:23:00,0.4492,0.4624,True,27499.577,2026-04-30 20:51:00,0.0442
NQ,2026-05-01,Friday,ODR,27490.381,27451.599,38.78200000000288,27497.033,27444.664,52.36899999999878,True,SHORT,2026-05-01 04:35:00,27438.436,True,True,False,0.1843,1.1124,1.1124,27408.458,2026-05-01 06:40:00,1.1843,27497.529,2026-05-01 08:24:00,True,2026-05-01 04:48:00,0.0258,1.1843,True,27452.219,2026-05-01 06:17:00,0.016
NQ,2026-05-01,Friday,RDR,27762.849,27504.969,257.8799999999974,27779.153,27491.261,287.8919999999998,True,LONG,2026-05-01 11:45:00,27784.164,True,True,False,0.107,0.0,0.107,27790.447,2026-05-01 11:50:00,0.3567,27670.867,2026-05-01 14:46:00,False,,0.0109,,True,27760.029,2026-05-01 11:50:00,0.0109
NQ,2026-05-04,Monday,ADR,27743.083,27700.758,42.32499999999709,27746.572,27682.225,64.34700000000157,True,LONG,2026-05-03 20:45:00,27753.442,True,True,True,2.3919,0.0,2.3919,27844.322,2026-05-04 01:19:00,0.0976,27738.953,2026-05-03 21:11:00,True,2026-05-03 20:55:00,0.0976,0.0976,True,27741.866,2026-05-03 21:05:00,0.0288
NQ,2026-05-04,Monday,ODR,27821.079,27772.877,48.202000000001135,27831.449,27761.388,70.06100000000151,True,SHORT,2026-05-04 04:15:00,27758.192,True,True,True,0.0,4.7583,4.7583,27543.519,2026-05-04 06:21:00,0.6289,27803.192,2026-05-04 05:55:00,True,2026-05-04 06:02:00,0.6289,0.0,True,27776.579,2026-05-04 04:25:00,0.0768
NQ,2026-05-04,Monday,RDR,27787.181,27707.949,79.23199999999997,27792.572,27689.149,103.42299999999886,True,LONG,2026-05-04 10:40:00,27806.311,False,True,False,0.4238,2.4966,0.4238,27820.758,2026-05-04 10:47:00,3.4966,27510.138,2026-05-04 12:16:00,False,,0.0,,True,27781.322,2026-05-04 10:56:00,0.0739
NQ,2026-05-05,Tuesday,ADR,27670.261,27621.849,48.41200000000026,27674.675,27615.816,58.85900000000038,True,LONG,2026-05-04 20:50:00,27674.903,True,True,True,1.496,0.0,1.496,27742.686,2026-05-05 00:04:00,0.3848,27651.631,2026-05-04 21:02:00,True,2026-05-04 21:16:00,0.3848,0.0,True,27669.099,2026-05-04 20:55:00,0.024
NQ,2026-05-05,Tuesday,ODR,27798.381,27763.708,34.6730000000025,27809.425,27758.62,50.80500000000029,True,LONG,2026-05-05 04:10:00,27810.316,True,True,True,2.6288,0.0314,2.6288,27889.529,2026-05-05 08:15:00,0.432,27783.403,2026-05-05 07:19:00,True,2026-05-05 04:25:00,0.432,0.432,True,27795.992,2026-05-05 04:30:00,0.0689
NQ,2026-05-05,Tuesday,RDR,27998.605,27871.533,127.07200000000012,28012.95,27855.164,157.78600000000006,True,LONG,2026-05-05 11:35:00,28017.653,True,True,True,0.526,0.0,0.526,28065.448,2026-05-05 15:11:00,0.2085,27972.109,2026-05-05 12:28:00,True,2026-05-05 14:14:00,0.2085,0.0943,True,27982.009,2026-05-05 12:27:00,0.1306
NQ,2026-05-06,Wednesday,ADR,28254.642,28131.708,122.9340000000011,28258.327,28130.588,127.7390000000014,False,,,,,,,0.0,0.0197,,,,,,,False,,,,False,,,
NQ,2026-05-06,Wednesday,ODR,28230.529,28199.044,31.484999999996944,28233.577,28189.772,43.80500000000029,True,LONG,2026-05-06 04:35:00,28240.649,True,False,,9.0158,0.0,9.0158,28514.392,2026-05-06 07:10:00,0.0,28239.011,2026-05-06 04:40:00,True,2026-05-06 04:45:00,0.0,0.0,False,,,
NQ,2026-05-06,Wednesday,RDR,28376.0,28270.153,105.84700000000157,28386.458,28218.066,168.39199999999983,True,LONG,2026-05-06 10:40:00,28400.761,True,False,,2.1674,0.0,2.1674,28605.416,2026-05-06 15:59:00,0.0,28392.652,2026-05-06 12:58:00,True,2026-05-06 10:56:00,0.0,0.0,False,,,
NQ,2026-05-07,Thursday,ADR,28562.903,28532.077,30.825999999997293,28576.558,28526.349,50.20900000000256,True,LONG,2026-05-06 21:45:00,28589.62,True,True,True,1.5716,0.3636,1.5716,28611.349,2026-05-07 01:45:00,0.8801,28535.772,2026-05-06 22:14:00,True,2026-05-06 21:50:00,0.8801,0.8801,True,28560.208,2026-05-06 22:11:00,0.0874
NQ,2026-05-07,Thursday,ODR,28681.653,28620.316,61.336999999999534,28688.327,28611.794,76.53299999999945,True,LONG,2026-05-07 04:00:00,28695.686,False,True,False,0.2711,0.6897,0.2711,28698.279,2026-05-07 04:05:00,1.6897,28578.011,2026-05-07 06:11:00,False,,0.0,,True,28675.5,2026-05-07 04:07:00,0.1003
NQ,2026-05-07,Thursday,RDR,28757.272,28614.381,142.89099999999962,28780.649,28592.25,188.39900000000125,True,LONG,2026-05-07 10:35:00,28787.899,False,True,False,0.4779,1.2658,0.4779,28825.563,2026-05-07 10:55:00,2.2658,28433.513,2026-05-07 13:27:00,False,,0.0253,,True,28753.653,2026-05-07 10:48:00,0.0253
NQ,2026-05-08,Friday,ADR,28608.577,28528.675,79.90200000000186,28617.62,28523.827,93.79299999999785,True,LONG,2026-05-07 20:40:00,28621.511,True,True,True,1.3457,0.0,1.3457,28716.099,2026-05-08 01:30:00,0.1434,28597.12,2026-05-07 22:36:00,True,2026-05-07 21:06:00,0.1434,0.1434,True,28605.838,2026-05-07 20:45:00,0.0343
NQ,2026-05-08,Friday,ODR,28722.675,28699.283,23.391999999999825,28724.153,28696.099,28.054000000000087,True,LONG,2026-05-08 04:00:00,28732.903,True,True,True,3.371,0.0,3.371,28801.529,2026-05-08 07:51:00,0.1622,28718.881,2026-05-08 05:53:00,True,2026-05-08 04:05:00,0.1622,0.1622,True,28722.033,2026-05-08 04:06:00,0.0274
NQ,2026-05-08,Friday,RDR,29036.425,28765.436,270.98899999999776,29052.675,28750.327,302.34799999999814,True,LONG,2026-05-08 11:00:00,29055.458,True,True,True,0.6996,0.0,0.6996,29226.011,2026-05-08 15:59:00,0.0885,29012.436,2026-05-08 11:18:00,True,2026-05-08 13:04:00,0.0885,0.0,True,29034.164,2026-05-08 11:14:00,0.0083
NQ,2026-05-11,Monday,ADR,29279.339,29190.023,89.3159999999989,29285.61,29183.632,101.97799999999916,True,LONG,2026-05-10 20:30:00,29289.839,False,True,False,0.1321,0.5302,0.1321,29291.139,2026-05-10 20:36:00,1.5302,29142.665,2026-05-10 21:05:00,False,,0.0,,True,29273.74,2026-05-10 20:39:00,0.0627
NQ,2026-05-11,Monday,ODR,29214.49,29184.74,29.75,29218.893,29178.74,40.15299999999843,True,SHORT,2026-05-11 04:05:00,29170.534,False,True,False,2.2123,0.9744,0.9744,29155.751,2026-05-11 04:35:00,3.2123,29280.306,2026-05-11 07:31:00,True,2026-05-11 04:10:00,0.7066,3.2123,True,29189.519,2026-05-11 04:15:00,0.1606
NQ,2026-05-11,Monday,RDR,29318.556,29175.403,143.15300000000207,29326.262,29171.006,155.25599999999758,True,LONG,2026-05-11 11:45:00,29330.182,True,True,False,0.3549,0.2415,0.3549,29369.357,2026-05-11 12:14:00,0.415,29259.148,2026-05-11 15:38:00,False,,0.0,,True,29307.854,2026-05-11 12:41:00,0.0748
NQ,2026-05-12,Tuesday,ADR,29342.575,29257.303,85.27200000000084,29346.358,29246.929,99.42900000000009,True,SHORT,2026-05-11 21:15:00,29239.444,True,True,True,0.0,1.6069,1.6069,29120.281,2026-05-11 21:41:00,0.0001,29257.314,2026-05-11 22:53:00,True,2026-05-11 21:27:00,0.0,0.0001,True,29257.314,2026-05-11 22:53:00,0.0001
NQ,2026-05-12,Tuesday,ODR,29144.511,29077.077,67.43399999999747,29146.283,29068.338,77.94499999999971,True,SHORT,2026-05-12 07:10:00,29045.436,True,False,,0.0,0.9447,0.9447,29013.37,2026-05-12 08:06:00,0.0,29076.529,2026-05-12 07:40:00,True,2026-05-12 07:15:00,0.0,0.0,False,,,
NQ,2026-05-12,Tuesday,RDR,29176.392,28978.044,198.34799999999814,29186.529,28975.294,211.23499999999694,True,SHORT,2026-05-12 10:30:00,28934.294,True,True,False,0.0,1.7436,1.7436,28632.204,2026-05-12 12:58:00,0.5151,29080.205,2026-05-12 15:53:00,True,2026-05-12 11:02:00,0.2062,0.5151,True,28988.827,2026-05-12 10:38:00,0.0544
NQ,2026-05-13,Wednesday,ADR,29031.899,28978.089,53.81000000000131,29052.186,28952.631,99.55500000000029,True,LONG,2026-05-12 21:00:00,29055.899,True,False,,3.2312,0.0,3.2312,29205.769,2026-05-13 01:12:00,0.0,29052.523,2026-05-12 21:07:00,True,2026-05-12 21:05:00,0.0,0.0,False,,,
NQ,2026-05-13,Wednesday,ODR,29266.175,29197.686,68.48899999999776,29266.806,29185.164,81.64199999999983,True,LONG,2026-05-13 04:00:00,29277.089,True,True,False,1.1171,0.0,1.1171,29342.686,2026-05-13 04:40:00,0.8874,29205.399,2026-05-13 08:21:00,True,2026-05-13 04:10:00,0.0,0.8874,True,29263.519,2026-05-13 05:20:00,0.0388
NQ,2026-05-13,Wednesday,RDR,29183.675,29031.49,152.18499999999767,29184.078,28971.664,212.41400000000067,True,LONG,2026-05-13 10:50:00,29205.266,True,True,True,1.7868,0.0,1.7868,29455.594,2026-05-13 14:20:00,0.0437,29177.027,2026-05-13 11:27:00,True,2026-05-13 11:43:00,0.0437,0.0,True,29177.027,2026-05-13 11:27:00,0.0437
NQ,2026-05-15,Friday,ODR,29361.007,29292.018,68.9890000000014,29368.709,29277.018,91.6909999999989,True,SHORT,2026-05-15 04:00:00,29243.474,True,False,,0.0,3.1749,3.1749,29072.985,2026-05-15 08:15:00,0.0,29268.974,2026-05-15 06:51:00,True,2026-05-15 04:05:00,0.0,0.0,False,,,
NQ,2026-05-15,Friday,RDR,29249.071,29044.409,204.66200000000026,29281.839,28989.93,291.90899999999965,True,LONG,2026-05-15 13:20:00,29304.636,True,True,False,0.6831,0.0,0.6831,29388.882,2026-05-15 14:08:00,0.6802,29109.868,2026-05-15 15:55:00,True,2026-05-15 13:59:00,0.0,0.6802,True,29234.121,2026-05-15 14:31:00,0.073
NQ,2026-05-18,Monday,ADR,29057.215,28879.073,178.14199999999983,29068.421,28841.79,226.63099999999758,False,,,,,,,0.0,0.2751,,,,,,,False,,,,False,,,
NQ,2026-05-18,Monday,ODR,29053.689,28983.606,70.08299999999872,29078.965,28962.628,116.33699999999953,True,LONG,2026-05-18 04:05:00,29079.305,False,True,True,1.7618,0.3967,1.7618,29177.164,2026-05-18 07:42:00,1.3967,28955.805,2026-05-18 07:10:00,True,2026-05-18 04:21:00,1.3967,1.3967,True,29028.697,2026-05-18 06:05:00,0.3566
NQ,2026-05-18,Monday,RDR,29243.511,29055.19,188.3209999999999,29258.75,29035.069,223.6810000000005,True,SHORT,2026-05-18 10:30:00,28925.558,True,False,,0.0,1.8003,1.8003,28716.155,2026-05-18 14:50:00,0.0,29025.009,2026-05-18 11:01:00,True,2026-05-18 10:35:00,0.0,0.0,False,,,
NQ,2026-05-19,Tuesday,ADR,29065.544,28999.925,65.61900000000242,29091.62,28990.772,100.84799999999814,True,SHORT,2026-05-18 20:55:00,28988.099,True,False,,0.1698,3.2179,3.2179,28788.772,2026-05-19 01:24:00,0.0,28998.447,2026-05-18 21:10:00,True,2026-05-18 21:00:00,0.0,0.0,False,,,
NQ,2026-05-19,Tuesday,ODR,29008.208,28916.029,92.17900000000009,29028.631,28909.12,119.51100000000224,True,SHORT,2026-05-19 04:20:00,28908.447,True,True,True,0.1361,1.9469,1.9469,28736.566,2026-05-19 08:01:00,0.229,28937.142,2026-05-19 04:51:00,True,2026-05-19 05:15:00,0.229,0.0,True,28917.969,2026-05-19 04:40:00,0.021
NQ,2026-05-19,Tuesday,RDR,28941.153,28613.51,327.64300000000003,28971.142,28567.296,403.84600000000137,True,LONG,2026-05-19 13:05:00,28974.708,True,True,False,0.2769,0.1013,0.2769,29031.869,2026-05-19 13:23:00,0.5159,28772.107,2026-05-19 15:55:00,False,,0.0,,True,28940.274,2026-05-19 13:52:00,0.0027
NQ,2026-05-20,Wednesday,ADR,28926.679,28730.713,195.96600000000035,28930.493,28705.352,225.14099999999962,False,,,,,,,0.0,0.0,,,,,,,False,,,,False,,,
NQ,2026-05-20,Wednesday,ODR,28967.21,28933.385,33.82500000000073,28971.21,28921.58,49.62999999999738,True,LONG,2026-05-20 04:00:00,28976.721,True,True,True,2.9516,0.0729,2.9516,29067.048,2026-05-20 08:26:00,0.3483,28955.429,2026-05-20 04:10:00,True,2026-05-20 04:06:00,0.3483,0.3483,True,28962.202,2026-05-20 04:09:00,0.1481
NQ,2026-05-20,Wednesday,RDR,29118.059,28972.109,145.95000000000073,29133.863,28914.613,219.25,True,LONG,2026-05-20 10:50:00,29152.537,True,False,,1.2769,0.0,1.2769,29304.429,2026-05-20 15:59:00,0.0,29120.774,2026-05-20 12:25:00,True,2026-05-20 11:16:00,0.0,0.0,False,,,
NQ,2026-05-21,Thursday,ADR,29118.529,29090.742,27.787000000000262,29127.899,29080.558,47.34100000000035,True,LONG,2026-05-20 20:45:00,29130.577,True,False,,8.288,0.0,8.288,29348.827,2026-05-21 01:07:00,0.0,29125.077,2026-05-20 20:59:00,True,2026-05-20 20:50:00,0.0,0.0,False,,,
NQ,2026-05-21,Thursday,ODR,29231.381,29136.914,94.46700000000055,29242.279,29116.088,126.1909999999989,True,LONG,2026-05-21 04:00:00,29255.011,False,True,False,1.4865,0.367,1.4865,29371.805,2026-05-21 04:16:00,1.367,29102.249,2026-05-21 06:52:00,True,2026-05-21 04:06:00,0.0,1.367,True,29200.981,2026-05-21 06:25:00,0.3218
NQ,2026-05-21,Thursday,RDR,29233.013,29069.721,163.29199999999764,29247.969,29039.48,208.4890000000014,True,LONG,2026-05-21 13:10:00,29257.409,True,True,True,1.4109,0.1075,1.4109,29463.394,2026-05-21 13:55:00,0.1528,29208.056,2026-05-21 14:56:00,True,2026-05-21 13:16:00,0.0,0.1528,True,29217.678,2026-05-21 14:54:00,0.0939
NQ,2026-05-22,Friday,ADR,29490.011,29456.555,33.45599999999831,29516.729,29452.772,63.956999999998516,True,SHORT,2026-05-21 21:30:00,29442.468,False,True,False,1.1602,1.3369,1.3369,29411.827,2026-05-21 21:41:00,2.1602,29528.827,2026-05-22 01:10:00,True,2026-05-21 21:36:00,0.0,2.1602,True,29459.159,2026-05-21 21:47:00,0.0778
NQ,2026-05-22,Friday,ODR,29505.62,29460.088,45.53199999999924,29507.469,29451.022,56.447000000000116,True,LONG,2026-05-22 04:00:00,29530.925,False,True,False,1.7989,2.2466,1.7989,29587.529,2026-05-22 04:21:00,3.2466,29357.797,2026-05-22 06:32:00,True,2026-05-22 04:05:00,0.0,3.2466,True,29504.708,2026-05-22 04:35:00,0.02
NQ,2026-05-22,Friday,RDR,29613.533,29440.62,172.91300000000047,29637.783,29413.316,224.46700000000055,True,LONG,2026-05-22 13:25:00,29660.947,True,True,False,0.3111,0.0,0.3111,29667.321,2026-05-22 13:30:00,0.9116,29455.9,2026-05-22 15:46:00,False,,0.0,,True,29609.414,2026-05-22 13:36:00,0.0238
NQ,2026-05-25,Monday,ADR,29810.649,29735.761,74.88800000000265,29814.686,29735.186,79.5,True,LONG,2026-05-24 20:30:00,29814.947,True,False,,1.4339,0.0,1.4339,29918.029,2026-05-25 01:17:00,0.0,29813.686,2026-05-24 20:35:00,True,2026-05-24 20:49:00,0.0,0.0,False,,,
NQ,2026-05-25,Monday,ODR,29895.458,29821.816,73.64199999999983,29910.838,29812.936,97.90199999999822,False,,,,,,,0.2305,0.0,,,,,,,False,,,,False,,,
NQ,2026-05-25,Monday,RDR,29916.914,29864.447,52.46700000000055,29917.149,29863.849,53.30000000000291,True,SHORT,2026-05-25 10:30:00,29854.555,True,True,False,0.0,0.5859,0.5859,29833.708,2026-05-25 10:45:00,0.9314,29913.316,2026-05-25 11:11:00,True,2026-05-25 10:42:00,0.0,0.9314,True,29889.066,2026-05-25 11:10:00,0.4692
NQ,2026-05-26,Tuesday,ADR,29815.058,29735.503,79.55500000000029,29825.166,29727.308,97.85800000000017,True,SHORT,2026-05-25 21:30:00,29719.361,True,True,True,0.0,0.4824,0.4824,29697.125,2026-05-25 21:40:00,0.253,29755.629,2026-05-25 23:31:00,False,,0.0,,True,29743.449,2026-05-25 21:53:00,0.0999
NQ,2026-05-26,Tuesday,ODR,29755.35,29685.731,69.61899999999878,29756.449,29672.122,84.32700000000114,True,LONG,2026-05-26 05:25:00,29765.405,True,True,True,1.2311,0.0105,1.2311,29841.058,2026-05-26 06:30:00,0.1427,29745.416,2026-05-26 07:36:00,True,2026-05-26 06:12:00,0.0,0.1427,True,29749.438,2026-05-26 07:35:00,0.0849
NQ,2026-05-26,Tuesday,RDR,29991.479,29778.633,212.84599999999773,30009.438,29753.427,256.0109999999986,True,LONG,2026-05-26 10:35:00,30024.709,True,True,True,0.242,0.0,0.2399,30042.549,2026-05-26 10:40:00,0.8467,29811.253,2026-05-26 11:56:00,False,,0.0,,True,29990.412,2026-05-26 10:54:00,0.005
NQ,2026-05-27,Wednesday,ADR,30040.425,29999.458,40.96700000000055,30042.436,29993.142,49.29400000000169,True,LONG,2026-05-26 20:30:00,30049.588,True,True,False,1.1527,0.0517,1.1527,30087.649,2026-05-26 22:52:00,1.0517,29997.338,2026-05-27 01:33:00,True,2026-05-26 20:48:00,0.4529,1.0517,True,30040.283,2026-05-26 20:37:00,0.0035
NQ,2026-05-27,Wednesday,ODR,30069.436,30004.903,64.53300000000309,30072.761,30004.458,68.30299999999988,True,LONG,2026-05-27 04:05:00,30082.794,True,False,,3.6786,0.0,3.6786,30306.827,2026-05-27 08:23:00,0.0,30079.87,2026-05-27 04:12:00,True,2026-05-27 04:15:00,0.0,0.0,False,,,
NQ,2026-05-27,Wednesday,RDR,30115.153,29842.309,272.8439999999973,30116.522,29814.505,302.0169999999998,False,,,,,,,0.0,0.1233,,,,,,,False,,,,False,,,
NQ,2026-05-28,Thursday,ADR,29971.772,29903.469,68.30299999999988,29972.186,29897.142,75.04400000000169,True,LONG,2026-05-27 20:55:00,30001.849,False,True,False,0.7029,3.0574,0.568,30010.566,2026-05-27 21:00:00,4.0574,29694.642,2026-05-28 00:21:00,True,2026-05-27 21:00:00,0.0,4.0574,True,29967.761,2026-05-27 21:05:00,0.0587
NQ,2026-05-28,Thursday,ODR,29888.881,29842.425,46.45600000000195,29895.099,29842.425,52.67399999999907,True,LONG,2026-05-28 04:00:00,29902.399,False,True,False,0.8535,0.8774,0.8535,29928.529,2026-05-28 05:04:00,1.8774,29801.664,2026-05-28 07:08:00,True,2026-05-28 04:06:00,0.1383,1.8774,True,29888.469,2026-05-28 04:14:00,0.0089
NQ,2026-05-28,Thursday,RDR,30072.167,29861.37,210.7970000000023,30078.409,29850.011,228.39800000000105,True,LONG,2026-05-28 10:40:00,30092.004,True,True,True,0.9121,0.0,0.9121,30264.434,2026-05-28 13:52:00,0.0719,30057.011,2026-05-28 10:47:00,True,2026-05-28 11:25:00,0.0719,0.0,True,30057.011,2026-05-28 10:47:00,0.0719
NQ,2026-05-29,Friday,ADR,30245.329,30205.382,39.947000000000116,30245.329,30198.61,46.71900000000096,True,SHORT,2026-05-28 20:30:00,30182.904,True,True,False,0.0,1.5596,1.5596,30143.079,2026-05-28 21:03:00,0.9839,30244.687,2026-05-29 01:13:00,True,2026-05-28 20:35:00,0.0,0.9839,True,30205.889,2026-05-29 00:15:00,0.0127
NQ,2026-05-29,Friday,ODR,30275.176,30203.774,71.40199999999822,30275.176,30193.013,82.16300000000047,True,LONG,2026-05-29 05:10:00,30287.024,True,True,False,0.324,0.0,0.324,30298.307,2026-05-29 07:17:00,0.6949,30225.557,2026-05-29 07:53:00,False,,0.6697,,True,30269.948,2026-05-29 05:24:00,0.0732
NQ,2026-05-29,Friday,RDR,30448.632,30301.741,146.89099999999962,30466.429,30281.131,185.29799999999886,True,SHORT,2026-05-29 10:40:00,30230.479,True,True,False,0.0,0.6518,0.6518,30206.002,2026-05-29 10:45:00,0.5664,30384.938,2026-05-29 12:16:00,True,2026-05-29 10:45:00,0.0,0.5664,True,30306.734,2026-05-29 10:53:00,0.034
NQ,2026-06-01,Monday,ADR,30482.527,30403.908,78.61899999999878,30484.229,30398.331,85.89800000000105,True,LONG,2026-05-31 20:45:00,30484.527,True,True,True,0.6393,0.0,0.6393,30532.788,2026-05-31 23:32:00,0.279,30460.592,2026-05-31 21:07:00,True,2026-05-31 23:30:00,0.279,0.0861,True,30475.158,2026-05-31 20:50:00,0.0937
NQ,2026-06-01,Monday,ODR,30525.527,30439.386,86.14099999999962,30530.45,30425.233,105.21700000000055,True,SHORT,2026-06-01 04:05:00,30416.505,True,True,True,0.0,0.9777,0.9777,30355.169,2026-06-01 08:18:00,0.1331,30450.849,2026-06-01 05:05:00,True,2026-06-01 04:27:00,0.1331,0.1331,True,30445.95,2026-06-01 05:00:00,0.0762
NQ,2026-06-01,Monday,RDR,30374.994,30247.37,127.6239999999998,30405.016,30231.775,173.24099999999817,True,LONG,2026-06-01 11:15:00,30405.664,True,False,,2.0346,0.0,2.0346,30634.664,2026-06-01 13:54:00,0.0,30393.783,2026-06-01 12:18:00,True,2026-06-01 11:30:00,0.0,0.0,False,,,
NQ,2026-06-02,Tuesday,ADR,30415.881,30337.088,78.79300000000148,30426.029,30324.261,101.76800000000003,True,SHORT,2026-06-01 20:55:00,30319.969,False,True,False,0.2999,0.9223,0.9223,30264.414,2026-06-01 23:20:00,1.2999,30439.511,2026-06-02 01:36:00,True,2026-06-01 21:47:00,0.1356,1.2999,True,30340.522,2026-06-01 21:12:00,0.0436
NQ,2026-06-02,Tuesday,ODR,30488.947,30461.055,27.891999999999825,30493.649,30456.197,37.452000000001135,True,LONG,2026-06-02 04:00:00,30512.077,False,True,True,1.565,0.3842,1.565,30532.599,2026-06-02 05:50:00,1.3842,30450.338,2026-06-02 07:04:00,True,2026-06-02 04:05:00,0.606,1.3842,True,30484.653,2026-06-02 04:23:00,0.154
NQ,2026-06-02,Tuesday,RDR,30580.349,30410.327,170.0219999999972,30593.529,30370.892,222.6369999999988,True,LONG,2026-06-02 11:05:00,30602.315,True,True,True,0.5182,0.0,0.5182,30668.449,2026-06-02 15:59:00,0.1964,30546.955,2026-06-02 14:40:00,True,2026-06-02 15:58:00,0.1964,0.0,True,30579.974,2026-06-02 13:25:00,0.0022
NQ,2026-06-03,Wednesday,ADR,30663.697,30558.642,105.05500000000029,30670.903,30548.697,122.20599999999831,True,LONG,2026-06-02 20:50:00,30671.87,True,True,False,0.1887,0.0,0.1887,30683.522,2026-06-03 00:35:00,0.5464,30606.294,2026-06-02 21:46:00,False,,0.5464,,True,30656.75,2026-06-02 21:00:00,0.0661
NQ,2026-06-03,Wednesday,ODR,30683.772,30651.153,32.619000000002416,30692.529,30639.816,52.71299999999974,True,LONG,2026-06-03 05:05:00,30700.566,True,True,True,2.0277,0.0,2.0277,30749.914,2026-06-03 08:07:00,0.4443,30669.279,2026-06-03 06:04:00,True,2026-06-03 05:10:00,0.4443,0.4443,True,30680.033,2026-06-03 06:00:00,0.1146
NQ,2026-06-03,Wednesday,RDR,30708.272,30477.555,230.71700000000055,30759.925,30449.308,310.61699999999837,False,,,,,,,0.0,0.1035,,,,,,,False,,,,False,,,
NQ,2026-06-04,Thursday,ADR,30398.511,30327.936,70.57499999999709,30405.294,30314.197,91.09700000000157,True,LONG,2026-06-03 20:30:00,30436.099,False,True,True,1.0598,0.445,1.0598,30473.305,2026-06-03 21:12:00,1.445,30296.529,2026-06-03 22:16:00,True,2026-06-03 20:35:00,0.0,1.445,True,30397.142,2026-06-03 21:51:00,0.0194
NQ,2026-06-04,Thursday,ODR,30482.838,30442.599,40.2390000000014,30486.969,30433.447,53.522000000000844,True,SHORT,2026-06-04 04:00:00,30414.25,True,False,,0.0,8.3245,8.3245,30107.631,2026-06-04 07:38:00,0.0,30421.892,2026-06-04 04:05:00,True,2026-06-04 04:05:00,0.0,0.0,False,,,
NQ,2026-06-04,Thursday,RDR,30288.399,30125.264,163.13500000000204,30307.0,30091.883,215.11699999999837,True,LONG,2026-06-04 11:00:00,30308.384,True,False,,1.5446,0.0,1.5446,30540.379,2026-06-04 14:12:00,0.0,30303.182,2026-06-04 11:51:00,True,2026-06-04 11:09:00,0.0,0.0,False,,,
NQ,2026-06-05,Friday,ADR,30253.869,30126.197,127.67199999999866,30255.175,30113.697,141.47799999999916,True,SHORT,2026-06-04 20:40:00,30110.414,True,True,True,0.0,1.0193,1.0193,29996.067,2026-06-04 21:26:00,0.5151,30191.958,2026-06-04 22:36:00,True,2026-06-04 21:12:00,0.0108,0.5151,True,30127.578,2026-06-04 20:46:00,0.0108
NQ,2026-06-05,Friday,ODR,30094.012,30023.903,70.10900000000038,30101.697,30005.403,96.29400000000169,True,LONG,2026-06-05 04:20:00,30127.62,True,True,False,1.2195,0.0,1.2195,30179.512,2026-06-05 06:33:00,0.676,30046.619,2026-06-05 08:29:00,True,2026-06-05 04:25:00,0.0267,0.676,True,30092.142,2026-06-05 04:58:00,0.0267
NQ,2026-06-05,Friday,RDR,29988.023,29716.012,272.01100000000224,30042.399,29702.208,340.19100000000253,True,SHORT,2026-06-05 11:10:00,29677.481,True,False,,0.0,2.9009,2.9009,28926.927,2026-06-05 15:18:00,0.0,29713.591,2026-06-05 11:20:00,True,2026-06-05 11:41:00,0.0,0.0,False,,,
NQ,2026-06-08,Monday,ADR,29180.12,28931.849,248.27100000000064,29183.577,28922.022,261.5550000000003,True,LONG,2026-06-07 20:35:00,29236.077,True,True,False,0.2615,0.0062,0.2615,29245.033,2026-06-07 20:40:00,1.0062,28930.316,2026-06-08 01:49:00,False,,0.0,,True,29171.253,2026-06-07 20:48:00,0.0357
NQ,2026-06-08,Monday,ODR,29219.544,29059.066,160.4780000000028,29237.936,29040.903,197.03300000000309,True,LONG,2026-06-08 07:10:00,29312.62,True,False,,1.2168,0.0,1.2168,29414.816,2026-06-08 08:29:00,0.0,29297.969,2026-06-08 07:18:00,True,2026-06-08 07:15:00,0.0,0.0,False,,,
NQ,2026-06-08,Monday,RDR,29483.816,29307.599,176.21700000000055,29540.653,29289.088,251.5649999999987,True,LONG,2026-06-08 10:35:00,29544.83,True,True,False,1.2133,0.0,1.2133,29697.619,2026-06-08 11:20:00,0.8542,29333.292,2026-06-08 15:26:00,True,2026-06-08 10:46:00,0.0047,0.8542,True,29482.979,2026-06-08 10:43:00,0.0047
NQ,2026-06-09,Tuesday,ADR,29438.305,29302.544,135.7609999999986,29442.153,29290.447,151.7059999999983,True,SHORT,2026-06-08 20:30:00,29289.511,False,True,False,1.2806,0.2727,0.2727,29265.522,2026-06-08 20:56:00,2.2806,29612.164,2026-06-09 01:49:00,False,,0.1135,,True,29305.338,2026-06-08 20:40:00,0.0206
NQ,2026-06-09,Tuesday,ODR,29639.349,29565.566,73.78299999999945,29648.827,29547.783,101.04400000000169,True,LONG,2026-06-09 06:00:00,29653.044,True,True,False,0.6411,0.5118,0.6411,29686.649,2026-06-09 07:44:00,0.7161,29586.514,2026-06-09 06:09:00,True,2026-06-09 07:43:00,0.7161,0.336,True,29613.014,2026-06-09 06:07:00,0.3569
NQ,2026-06-09,Tuesday,RDR,29805.599,29370.709,434.8899999999994,29807.131,29326.095,481.03600000000006,True,SHORT,2026-06-09 10:40:00,29248.102,True,False,,0.0,2.6012,2.6012,28239.466,2026-06-09 12:55:00,0.0,29273.319,2026-06-09 10:45:00,True,2026-06-09 10:47:00,0.0,0.0,False,,,
NQ,2026-06-10,Wednesday,ADR,29119.645,28966.884,152.76100000000224,29131.219,28943.351,187.8680000000022,True,SHORT,2026-06-09 22:50:00,28930.634,True,True,True,0.0,0.9767,0.9767,28817.689,2026-06-10 01:21:00,0.2701,29008.142,2026-06-09 23:17:00,True,2026-06-10 00:30:00,0.2701,0.0,True,28975.519,2026-06-09 23:05:00,0.0565
NQ,2026-06-10,Wednesday,ODR,28942.577,28904.0,38.577000000001135,28960.816,28888.686,72.12999999999738,True,SHORT,2026-06-10 04:00:00,28866.283,True,False,,0.0,8.6373,8.6373,28570.797,2026-06-10 07:40:00,0.0,28898.294,2026-06-10 04:11:00,True,2026-06-10 04:05:00,0.0,0.0,False,,,
NQ,2026-06-10,Wednesday,RDR,29180.682,28739.058,441.6239999999998,29193.369,28738.011,455.3580000000002,True,LONG,2026-06-10 10:30:00,29207.996,False,True,False,0.0737,0.6401,0.0737,29213.224,2026-06-10 10:35:00,1.6401,28456.377,2026-06-10 15:27:00,False,,0.0216,,True,29171.159,2026-06-10 10:35:00,0.0216
NQ,2026-06-11,Thursday,ADR,28489.919,28311.831,178.08800000000338,28538.125,28302.364,235.7609999999986,True,LONG,2026-06-10 21:00:00,28587.419,True,False,,1.5735,0.0,1.5735,28770.144,2026-06-11 00:44:00,0.0,28498.408,2026-06-10 22:34:00,True,2026-06-10 21:05:00,0.0,0.0,False,,,
NQ,2026-06-11,Thursday,ODR,28835.242,28755.155,80.08699999999953,28835.992,28735.361,100.63099999999758,True,LONG,2026-06-11 04:00:00,28836.153,False,True,False,0.8277,0.6859,0.8277,28901.529,2026-06-11 04:37:00,1.6859,28700.22,2026-06-11 08:26:00,True,2026-06-11 04:09:00,0.034,1.6859,True,28832.522,2026-06-11 04:05:00,0.034
NQ,2026-06-11,Thursday,RDR,29006.898,28652.881,354.0169999999998,29015.222,28618.914,396.3080000000009,True,SHORT,2026-06-11 10:55:00,28616.31,False,True,False,1.4114,0.3048,0.3048,28544.986,2026-06-11 11:01:00,2.4114,29506.543,2026-06-11 15:35:00,False,,0.0,,True,28661.983,2026-06-11 11:03:00,0.0257
NQ,2026-06-12,Friday,ADR,29582.319,29491.921,90.39800000000105,29590.989,29491.921,99.06800000000294,True,LONG,2026-06-11 20:30:00,29609.31,False,True,False,0.3763,1.6093,0.3763,29616.332,2026-06-11 20:36:00,2.6093,29346.443,2026-06-12 01:51:00,False,,0.0,,True,29581.454,2026-06-11 20:40:00,0.0096
NQ,2026-06-12,Friday,ODR,29400.321,29244.843,155.47799999999916,29424.021,29232.742,191.27900000000227,True,LONG,2026-06-12 04:00:00,29427.32,True,False,,1.5453,0.0,1.5453,29640.576,2026-06-12 05:36:00,0.0,29415.265,2026-06-12 04:05:00,True,2026-06-12 04:17:00,0.0,0.0,False,,,
NQ,2026-06-12,Friday,RDR,29565.231,29252.976,312.255000000001,29605.343,29206.308,399.03499999999985,True,LONG,2026-06-12 10:55:00,29611.753,True,True,True,0.5485,0.0,0.5485,29736.51,2026-06-12 11:25:00,0.5706,29387.064,2026-06-12 11:59:00,True,2026-06-12 11:24:00,0.0,0.5706,True,29560.587,2026-06-12 11:42:00,0.0149
NQ,2026-06-15,Monday,ADR,30137.589,30002.297,135.29200000000128,30143.597,29991.22,152.3770000000004,True,LONG,2026-06-14 21:35:00,30145.465,True,True,True,0.5861,0.0,0.5861,30216.886,2026-06-15 01:22:00,0.0627,30129.109,2026-06-14 21:58:00,True,2026-06-15 01:08:00,0.0627,0.0,True,30135.043,2026-06-14 21:56:00,0.0188
NQ,2026-06-15,Monday,ODR,30235.431,30207.199,28.23199999999997,30241.886,30193.487,48.39899999999761,True,LONG,2026-06-15 04:00:00,30246.087,False,True,True,2.1744,0.9879,2.1744,30296.82,2026-06-15 04:45:00,1.9879,30179.31,2026-06-15 05:45:00,True,2026-06-15 04:05:00,0.2869,1.9879,True,30227.332,2026-06-15 04:06:00,0.2869
NQ,2026-06-15,Monday,RDR,30454.375,30304.021,150.35399999999936,30473.089,30285.153,187.9360000000015,True,LONG,2026-06-15 11:00:00,30476.565,True,False,,0.8854,0.0,0.8854,30587.498,2026-06-15 12:30:00,0.0,30470.065,2026-06-15 11:05:00,True,2026-06-15 11:47:00,0.0,0.0,False,,,
NQ,2026-06-16,Tuesday,ADR,30516.625,30487.687,28.937999999998283,30524.599,30472.519,52.07999999999811,True,SHORT,2026-06-15 20:45:00,30466.908,False,True,True,0.6234,1.8483,1.8483,30434.2,2026-06-15 21:09:00,1.6234,30534.665,2026-06-15 23:41:00,True,2026-06-15 20:50:00,0.0,1.6234,True,30490.122,2026-06-15 23:24:00,0.0841
NQ,2026-06-16,Tuesday,ODR,30519.636,30487.799,31.836999999999534,30525.114,30483.431,41.6830000000009,True,LONG,2026-06-16 04:00:00,30535.419,True,True,True,4.1764,0.0,4.1764,30652.599,2026-06-16 07:19:00,0.1614,30514.499,2026-06-16 08:27:00,True,2026-06-16 04:05:00,0.0,0.1614,True,30514.499,2026-06-16 08:27:00,0.1614
NQ,2026-06-16,Tuesday,RDR,30548.005,30357.588,190.41700000000128,30566.908,30345.631,221.27699999999822,True,SHORT,2026-06-16 10:30:00,30280.632,True,True,True,0.0,2.0472,2.0472,29967.762,2026-06-16 15:59:00,0.1603,30388.12,2026-06-16 10:41:00,True,2026-06-16 10:58:00,0.1603,0.0,True,30377.708,2026-06-16 10:40:00,0.1057
NQ,2026-06-17,Wednesday,ADR,30044.779,29992.544,52.234999999996944,30050.522,29974.525,75.99699999999939,True,LONG,2026-06-16 20:30:00,30056.381,True,True,True,2.8191,0.0,2.8191,30192.033,2026-06-17 01:49:00,0.2303,30032.75,2026-06-16 20:51:00,True,2026-06-16 21:05:00,0.2303,0.0,True,30036.458,2026-06-16 20:45:00,0.1593
NQ,2026-06-17,Wednesday,ODR,30240.544,30209.305,31.239000000001397,30244.5,30204.055,40.44499999999971,True,LONG,2026-06-17 04:05:00,30244.697,False,True,False,0.2915,4.9899,0.1634,30245.649,2026-06-17 04:10:00,5.9899,30053.425,2026-06-17 07:57:00,False,,0.6607,,True,30219.903,2026-06-17 04:10:00,0.6607
NQ,2026-06-17,Wednesday,RDR,30209.564,30016.076,193.48799999999756,30212.399,29988.903,223.49600000000282,True,SHORT,2026-06-17 14:00:00,29856.63,True,True,True,0.0,2.1481,2.1481,29600.443,2026-06-17 15:53:00,0.9357,30197.119,2026-06-17 14:44:00,True,2026-06-17 14:05:00,0.9357,0.9357,True,30020.049,2026-06-17 14:19:00,0.0205
NQ,2026-06-18,Thursday,ADR,30097.199,29953.653,143.5460000000021,30110.297,29947.389,162.90799999999945,False,,,,,,,0.1355,0.0,,,,,,,False,,,,False,,,
NQ,2026-06-18,Thursday,ODR,30121.819,30071.808,50.0109999999986,30122.92,30061.32,61.599999999998545,True,LONG,2026-06-18 04:00:00,30131.689,False,True,True,1.1132,0.6814,1.1132,30177.489,2026-06-18 04:10:00,1.6814,30037.732,2026-06-18 07:41:00,True,2026-06-18 04:05:00,0.0,1.6814,True,30117.889,2026-06-18 04:23:00,0.0786
NQ,2026-06-18,Thursday,RDR,30315.392,30082.642,232.75,30333.903,30073.699,260.2039999999979,True,LONG,2026-06-18 12:20:00,30353.443,True,False,,0.6352,0.0,0.6352,30463.229,2026-06-18 15:47:00,0.0,30325.111,2026-06-18 15:12:00,True,2026-06-18 15:45:00,0.0,0.0,False,,,
NQ,2026-06-19,Friday,ADR,30384.819,30334.221,50.59799999999814,30391.698,30316.305,75.39300000000003,True,SHORT,2026-06-18 21:05:00,30311.832,True,False,,0.0,5.0551,5.0551,30078.443,2026-06-19 01:42:00,0.0,30325.808,2026-06-18 21:23:00,True,2026-06-18 21:11:00,0.0,0.0,False,,,
NQ,2026-06-19,Friday,ODR,30317.821,30241.886,75.93500000000131,30320.875,30240.419,80.45599999999831,True,LONG,2026-06-19 04:15:00,30328.487,False,True,False,0.476,0.2123,0.476,30353.965,2026-06-19 05:00:00,1.2123,30225.764,2026-06-19 07:08:00,False,,0.0749,,True,30316.754,2026-06-19 04:31:00,0.0141
NQ,2026-06-19,Friday,RDR,30370.986,30335.32,35.66600000000108,30383.321,30323.143,60.177999999999884,True,LONG,2026-06-19 11:05:00,30390.754,True,True,False,0.6424,0.0854,0.6312,30393.497,2026-06-19 11:11:00,1.0854,30332.275,2026-06-19 12:55:00,True,2026-06-19 11:10:00,0.0,1.0854,True,30370.381,2026-06-19 11:15:00,0.017
NQ,2026-06-22,Monday,ADR,30248.849,30043.019,205.8299999999981,30249.816,30020.903,228.91300000000047,True,LONG,2026-06-21 20:40:00,30261.283,True,True,True,0.4977,0.0,0.4977,30351.289,2026-06-22 01:30:00,0.199,30207.881,2026-06-22 00:44:00,False,,0.199,,True,30241.376,2026-06-21 23:01:00,0.0363
NQ,2026-06-22,Monday,ODR,30462.958,30419.903,43.05500000000029,30469.099,30419.903,49.19599999999991,True,SHORT,2026-06-22 04:05:00,30409.119,False,True,False,1.2634,0.9846,0.9846,30377.509,2026-06-22 04:23:00,2.2634,30517.354,2026-06-22 07:06:00,True,2026-06-22 04:11:00,0.0154,2.2634,True,30420.564,2026-06-22 04:14:00,0.0154
NQ,2026-06-22,Monday,RDR,30631.343,30439.392,191.95100000000093,30646.932,30426.532,220.40000000000146,True,SHORT,2026-06-22 10:30:00,30376.41,True,False,,0.0,1.3259,1.3259,30184.886,2026-06-22 12:04:00,0.0,30416.448,2026-06-22 10:36:00,True,2026-06-22 10:41:00,0.0,0.0,False,,,
NQ,2026-06-23,Tuesday,ADR,30280.465,30156.881,123.58399999999892,30292.425,30151.783,140.64199999999983,True,LONG,2026-06-22 20:40:00,30296.399,False,True,False,0.3606,3.0196,0.3606,30325.033,2026-06-22 20:45:00,4.0196,29783.708,2026-06-23 01:58:00,False,,0.0,,True,30279.631,2026-06-22 20:55:00,0.0067
NQ,2026-06-23,Tuesday,ODR,29736.555,29598.399,138.15599999999904,29744.197,29580.403,163.7940000000017,True,SHORT,2026-06-23 04:00:00,29539.208,True,True,True,0.0,1.1822,1.1822,29435.066,2026-06-23 08:26:00,0.1818,29623.511,2026-06-23 05:27:00,True,2026-06-23 04:16:00,0.1818,0.1818,True,29599.055,2026-06-23 05:14:00,0.0047
NQ,2026-06-23,Tuesday,RDR,29713.916,29407.286,306.630000000001,29746.764,29307.779,438.9850000000006,True,SHORT,2026-06-23 14:50:00,29301.481,True,True,True,0.0,0.435,0.4114,29281.14,2026-06-23 14:55:00,0.1339,29448.354,2026-06-23 15:05:00,False,,0.0,,True,29413.965,2026-06-23 15:04:00,0.0218
NQ,2026-06-24,Wednesday,ADR,29543.319,29319.17,224.14900000000125,29549.54,29314.986,234.5540000000001,True,LONG,2026-06-23 20:30:00,29563.856,True,True,False,0.1814,0.0496,0.1814,29583.976,2026-06-23 20:44:00,1.0496,29308.062,2026-06-23 23:06:00,False,,0.0,,True,29539.834,2026-06-23 20:51:00,0.0155
NQ,2026-06-24,Wednesday,ODR,29522.619,29462.449,60.169999999998254,29532.876,29455.714,77.16200000000026,True,LONG,2026-06-24 04:10:00,29552.12,False,True,True,0.6956,0.5868,0.6956,29564.475,2026-06-24 08:20:00,1.5868,29427.14,2026-06-24 07:20:00,True,2026-06-24 04:17:00,1.5868,1.5868,True,29518.378,2026-06-24 04:21:00,0.0705
NQ,2026-06-24,Wednesday,RDR,29501.758,29278.099,223.6590000000033,29532.976,29220.925,312.0509999999995,True,LONG,2026-06-24 10:55:00,29583.389,False,True,False,0.4303,1.4194,0.4303,29597.993,2026-06-24 11:01:00,2.4194,28960.646,2026-06-24 15:13:00,False,,0.0,,True,29487.031,2026-06-24 11:08:00,0.0658
NQ,2026-06-25,Thursday,ADR,29810.588,29736.365,74.22299999999814,29834.087,29727.165,106.92199999999866,True,SHORT,2026-06-24 20:30:00,29694.209,True,True,False,0.1536,1.4924,1.4924,29625.597,2026-06-24 22:16:00,1.1536,29821.986,2026-06-25 01:42:00,True,2026-06-24 20:35:00,0.0,1.1536,True,29742.109,2026-06-24 23:30:00,0.0774
NQ,2026-06-25,Thursday,ODR,29880.187,29802.653,77.53400000000329,29886.521,29802.653,83.86800000000221,True,LONG,2026-06-25 04:00:00,29890.509,True,True,False,0.4979,0.0771,0.4236,29913.029,2026-06-25 04:12:00,1.0771,29796.675,2026-06-25 07:30:00,False,,0.0,,True,29874.043,2026-06-25 04:15:00,0.0792
NQ,2026-06-25,Thursday,RDR,29852.51,29010.153,842.357,29893.887,28990.536,903.3509999999987,False,,,,,,,0.0,0.0,,,,,,,False,,,,False,,,
NQ,2026-06-26,Friday,ADR,29569.042,29399.006,170.03600000000006,29581.44,29353.571,227.86899999999878,True,SHORT,2026-06-25 20:55:00,29338.469,True,False,,0.0,3.1395,3.1395,28865.171,2026-06-25 23:38:00,0.0,29379.071,2026-06-25 21:01:00,True,2026-06-25 21:04:00,0.0,0.0,False,,,
NQ,2026-06-26,Friday,ODR,29249.076,29138.409,110.66700000000128,29265.089,29137.42,127.66900000000169,True,SHORT,2026-06-26 04:45:00,29115.69,True,True,True,0.0973,1.1805,1.1805,29007.767,2026-06-26 07:54:00,0.1235,29152.071,2026-06-26 08:16:00,True,2026-06-26 04:55:00,0.078,0.1235,True,29138.495,2026-06-26 05:41:00,0.0008
NQ,2026-06-26,Friday,RDR,29311.089,28934.121,376.96800000000076,29369.231,28886.664,482.5669999999991,True,LONG,2026-06-26 11:40:00,29396.655,True,True,False,0.2758,0.0,0.248,29404.592,2026-06-26 11:45:00,0.6244,29075.705,2026-06-26 15:59:00,False,,0.0,,True,29260.51,2026-06-26 11:51:00,0.1342
NQ,2026-06-29,Monday,ADR,29382.675,29089.697,292.97799999999916,29392.686,29083.253,309.4330000000009,False,,,,,,,0.0,0.0628,,,,,,,False,,,,False,,,
NQ,2026-06-29,Monday,ODR,29382.047,29314.308,67.73899999999776,29403.511,29285.743,117.76800000000003,True,LONG,2026-06-29 04:05:00,29403.731,True,True,True,1.2395,0.0,1.2395,29466.011,2026-06-29 07:00:00,0.798,29327.989,2026-06-29 05:52:00,True,2026-06-29 04:18:00,0.798,0.798,True,29377.065,2026-06-29 04:54:00,0.0735
NQ,2026-06-29,Monday,RDR,29494.794,29037.153,457.64100000000326,29543.808,28982.198,561.6100000000006,True,LONG,2026-06-29 11:55:00,29557.596,True,False,,0.6299,0.0,0.6299,29783.057,2026-06-29 14:46:00,0.0,29552.976,2026-06-29 12:13:00,True,2026-06-29 13:28:00,0.0,0.0,False,,,
NQ,2026-06-30,Tuesday,ADR,29792.469,29721.044,71.42499999999927,29808.783,29711.088,97.69499999999971,True,SHORT,2026-06-29 20:30:00,29689.697,False,True,False,2.0698,0.9648,0.9648,29652.132,2026-06-29 20:45:00,3.0698,29940.305,2026-06-30 01:03:00,True,2026-06-29 20:35:00,0.0,3.0698,True,29727.376,2026-06-29 20:52:00,0.0887
NQ,2026-06-30,Tuesday,ODR,29857.164,29797.121,60.043000000001484,29865.698,29785.187,80.5109999999986,True,SHORT,2026-06-30 04:35:00,29760.914,False,True,True,0.6035,0.986,0.986,29737.921,2026-06-30 04:51:00,1.6035,29893.399,2026-06-30 07:50:00,True,2026-06-30 04:40:00,0.0,1.6035,True,29797.476,2026-06-30 05:00:00,0.0059
NQ,2026-06-30,Tuesday,RDR,30135.914,29762.842,373.0720000000001,30149.549,29751.508,398.04099999999744,True,LONG,2026-06-30 10:30:00,30165.25,True,True,True,0.5075,0.0,0.5075,30325.248,2026-06-30 15:18:00,0.3415,30008.497,2026-06-30 10:58:00,True,2026-06-30 15:18:00,0.3415,0.0,True,30126.512,2026-06-30 10:36:00,0.0252
NQ,2026-07-01,Wednesday,ADR,30266.243,30240.21,26.032999999999447,30277.142,30232.386,44.75600000000122,True,SHORT,2026-06-30 21:05:00,30226.553,True,False,,0.2834,5.6881,5.6881,30092.132,2026-06-30 22:15:00,0.0,30237.049,2026-06-30 21:30:00,True,2026-06-30 21:10:00,0.0,0.0,False,,,
NQ,2026-07-01,Wednesday,ODR,30116.297,30046.264,70.03299999999945,30119.809,30024.119,95.69000000000233,True,LONG,2026-07-01 06:40:00,30121.169,True,True,False,0.6267,0.0519,0.6267,30160.186,2026-07-01 07:05:00,0.8397,30057.489,2026-07-01 08:07:00,True,2026-07-01 07:04:00,0.0,0.8397,True,30112.176,2026-07-01 07:34:00,0.0588
NQ,2026-07-01,Wednesday,RDR,30035.842,29853.119,182.72300000000178,30059.722,29823.647,236.07500000000073,True,LONG,2026-07-01 11:25:00,30075.979,False,True,False,0.3046,0.3642,0.3046,30091.508,2026-07-01 11:32:00,1.3642,29786.573,2026-07-01 15:57:00,False,,0.0,,True,30018.282,2026-07-01 11:36:00,0.0961
NQ,2026-07-02,Thursday,ADR,29809.431,29700.481,108.95000000000073,29811.331,29692.953,118.37799999999697,True,LONG,2026-07-01 20:50:00,29832.719,True,True,False,1.5269,0.0,1.5269,29975.783,2026-07-01 22:15:00,0.2467,29782.555,2026-07-02 01:49:00,True,2026-07-01 21:01:00,0.0,0.2467,True,29805.042,2026-07-02 00:40:00,0.0403
NQ,2026-07-02,Thursday,ODR,29679.0,29579.047,99.95300000000134,29688.649,29563.409,125.2400000000016,True,LONG,2026-07-02 04:30:00,29724.998,True,True,True,2.3969,0.1263,2.3969,29918.576,2026-07-02 08:29:00,0.1739,29661.619,2026-07-02 06:17:00,True,2026-07-02 04:35:00,0.1739,0.1739,True,29675.132,2026-07-02 06:01:00,0.0387
NQ,2026-07-02,Thursday,RDR,30004.327,29681.261,323.06600000000253,30037.419,29656.399,381.02000000000044,True,SHORT,2026-07-02 10:30:00,29647.338,True,True,True,0.0,1.8372,1.8372,29087.72,2026-07-02 13:59:00,0.1602,29733.02,2026-07-02 10:37:00,True,2026-07-02 10:48:00,0.1602,0.0,True,29701.254,2026-07-02 10:36:00,0.0619
NQ,2026-07-03,Friday,ADR,29382.553,29306.797,75.75600000000122,29404.776,29294.764,110.01200000000244,True,LONG,2026-07-02 21:05:00,29450.853,True,False,,2.8599,0.2269,2.8599,29599.209,2026-07-03 01:35:00,0.0,29410.72,2026-07-02 21:30:00,True,2026-07-02 21:10:00,0.0,0.0,False,,,
NQ,2026-07-03,Friday,ODR,29626.899,29602.865,24.03399999999965,29634.989,29592.52,42.46900000000096,True,LONG,2026-07-03 04:40:00,29636.064,False,True,True,2.594,0.3625,2.594,29689.242,2026-07-03 08:07:00,1.3625,29594.153,2026-07-03 05:07:00,True,2026-07-03 05:13:00,1.3625,0.3101,True,29616.653,2026-07-03 04:46:00,0.4263
NQ,2026-07-03,Friday,RDR,29706.887,29669.021,37.86599999999817,29722.665,29656.175,66.4900000000016,False,,,,,,,0.0,0.4355,,,,,,,False,,,,False,,,
NQ,2026-07-06,Monday,ADR,29769.097,29649.22,119.87700000000041,29776.721,29647.121,129.60000000000218,True,SHORT,2026-07-05 21:10:00,29645.809,True,True,True,0.0,1.6596,1.6596,29450.276,2026-07-05 22:51:00,0.0849,29659.398,2026-07-05 21:20:00,True,2026-07-05 21:26:00,0.0849,0.0,True,29654.264,2026-07-05 21:18:00,0.0421
NQ,2026-07-06,Monday,ODR,29639.789,29588.108,51.681000000000495,29642.02,29583.219,58.800999999999476,True,SHORT,2026-07-06 04:15:00,29571.216,False,True,False,1.2192,1.0085,0.4965,29562.447,2026-07-06 04:20:00,2.2192,29702.799,2026-07-06 08:15:00,False,,0.0,,True,29588.4,2026-07-06 04:29:00,0.0057
NQ,2026-07-06,Monday,RDR,29777.879,29591.075,186.8040000000001,29797.415,29541.197,256.21800000000076,True,LONG,2026-07-06 10:30:00,29800.573,True,True,False,0.3666,0.0,0.3666,29846.366,2026-07-06 12:10:00,0.7454,29638.631,2026-07-06 13:42:00,False,,0.4387,,True,29772.697,2026-07-06 10:39:00,0.0277
NQ,2026-07-07,Tuesday,ADR,29660.261,29590.697,69.56399999999849,29676.25,29578.91,97.34000000000015,True,SHORT,2026-07-06 21:00:00,29578.186,True,False,,0.0,3.8794,3.8794,29320.827,2026-07-07 01:28:00,0.0,29589.899,2026-07-06 21:10:00,True,2026-07-06 21:20:00,0.0,0.0,False,,,
NQ,2026-07-07,Tuesday,ODR,29488.044,29408.653,79.39100000000326,29506.403,29405.969,100.43399999999747,True,SHORT,2026-07-07 05:30:00,29399.153,True,True,False,0.0,0.6846,0.6846,29354.305,2026-07-07 07:35:00,0.8799,29478.511,2026-07-07 08:10:00,True,2026-07-07 07:03:00,0.5353,0.8799,True,29411.044,2026-07-07 05:39:00,0.0301
NQ,2026-07-07,Tuesday,RDR,29356.61,29055.13,301.47999999999956,29447.349,29022.902,424.4470000000001,True,SHORT,2026-07-07 10:35:00,29019.015,True,True,False,0.0,0.2686,0.2686,28974.162,2026-07-07 10:42:00,0.9608,29344.779,2026-07-07 13:08:00,False,,0.0,,True,29060.454,2026-07-07 10:51:00,0.0177
NQ,2026-07-08,Wednesday,ADR,29233.467,29069.915,163.55199999999968,29246.847,29034.909,211.93800000000192,True,LONG,2026-07-07 20:40:00,29285.025,True,True,False,0.5695,0.0,0.5695,29326.608,2026-07-07 21:13:00,0.9286,29081.597,2026-07-08 01:50:00,True,2026-07-07 20:59:00,0.0,0.9286,True,29226.789,2026-07-07 21:33:00,0.0408
NQ,2026-07-08,Wednesday,ODR,29168.477,29064.598,103.87899999999718,29177.35,29049.531,127.8189999999995,True,LONG,2026-07-08 04:10:00,29178.422,False,True,False,0.1452,3.7306,0.1452,29183.564,2026-07-08 04:15:00,4.7306,28677.065,2026-07-08 05:15:00,False,,0.0207,,True,29166.331,2026-07-08 04:15:00,0.0207
NQ,2026-07-08,Wednesday,RDR,29144.799,28970.414,174.3849999999984,29174.153,28969.419,204.73399999999674,True,SHORT,2026-07-08 10:45:00,28946.011,False,True,False,0.7734,0.9353,0.9353,28807.316,2026-07-08 11:26:00,1.7734,29279.669,2026-07-08 15:59:00,True,2026-07-08 11:16:00,0.5609,1.7734,True,28972.209,2026-07-08 10:51:00,0.0103
NQ,2026-07-09,Thursday,ADR,29347.608,29202.019,145.58899999999994,29350.929,29184.392,166.53700000000026,True,LONG,2026-07-09 01:10:00,29352.358,True,True,True,0.2769,0.1456,0.2769,29387.92,2026-07-09 01:59:00,0.6127,29258.403,2026-07-09 01:32:00,False,,0.6127,,True,29345.433,2026-07-09 01:15:00,0.0149
NQ,2026-07-09,Thursday,ODR,29474.814,29396.325,78.48899999999776,29490.299,29382.51,107.78900000000067,True,LONG,2026-07-09 04:00:00,29498.803,False,True,True,0.7269,0.6272,0.7269,29531.869,2026-07-09 08:27:00,1.6272,29347.098,2026-07-09 06:56:00,True,2026-07-09 04:09:00,1.6272,1.6272,True,29471.444,2026-07-09 04:30:00,0.0429
NQ,2026-07-09,Thursday,RDR,29695.597,29472.599,222.99800000000323,29713.031,29398.212,314.8189999999995,True,LONG,2026-07-09 13:05:00,29722.914,True,True,True,0.3458,0.0,0.3458,29772.716,2026-07-09 13:48:00,0.0729,29679.348,2026-07-09 15:55:00,False,,0.0,,True,29690.309,2026-07-09 15:01:00,0.0237
NQ,2026-07-10,Friday,ADR,29748.464,29625.797,122.66700000000128,29748.67,29608.797,139.8729999999996,True,SHORT,2026-07-09 20:30:00,29601.24,True,True,False,0.0284,0.2619,0.2619,29593.675,2026-07-09 20:40:00,1.0284,29751.95,2026-07-09 23:07:00,False,,0.0,,True,29630.519,2026-07-09 20:55:00,0.0385
NQ,2026-07-10,Friday,ODR,29610.015,29558.14,51.875,29614.515,29550.686,63.828999999997905,True,SHORT,2026-07-10 04:00:00,29545.912,False,True,False,1.2743,0.9685,0.9685,29507.898,2026-07-10 05:01:00,2.2743,29676.117,2026-07-10 07:23:00,True,2026-07-10 05:01:00,0.6736,2.2743,True,29567.449,2026-07-10 04:08:00,0.1795
NQ,2026-07-10,Friday,RDR,29750.521,29624.497,126.02400000000125,29757.572,29588.181,169.39099999999962,True,LONG,2026-07-10 11:25:00,29766.112,True,True,True,0.8617,1.2651,0.8617,29859.115,2026-07-10 15:03:00,1.031,29620.593,2026-07-10 11:43:00,True,2026-07-10 12:35:00,1.031,0.0,True,29741.231,2026-07-10 11:35:00,0.0737
NQ,2026-07-13,Monday,ADR,29806.014,29651.261,154.7530000000006,29829.088,29635.305,193.78299999999945,True,SHORT,2026-07-12 20:50:00,29619.37,True,False,,0.0,2.0447,2.0447,29334.831,2026-07-13 01:30:00,0.0,29638.305,2026-07-12 21:03:00,True,2026-07-12 21:48:00,0.0,0.0,False,,,
NQ,2026-07-13,Monday,ODR,29474.149,29418.381,55.76800000000003,29477.849,29393.531,84.3179999999993,True,LONG,2026-07-13 04:10:00,29493.447,True,True,False,2.0304,0.0,2.0304,29587.381,2026-07-13 07:06:00,0.0625,29470.664,2026-07-13 08:29:00,True,2026-07-13 04:16:00,0.0,0.0625,True,29472.631,2026-07-13 08:27:00,0.0272
NQ,2026-07-13,Monday,RDR,29498.12,29337.965,160.15499999999884,29530.287,29288.025,242.2619999999988,True,SHORT,2026-07-13 13:45:00,29286.542,True,False,,0.3048,0.9325,0.9325,29188.621,2026-07-13 15:38:00,0.0,29327.429,2026-07-13 14:06:00,True,2026-07-13 14:30:00,0.0,0.0,False,,,
NQ,2026-07-14,Tuesday,ADR,29258.044,29128.186,129.85800000000017,29270.25,29121.283,148.96700000000055,True,LONG,2026-07-13 20:50:00,29302.011,False,True,True,1.297,0.2286,1.297,29426.469,2026-07-14 01:31:00,1.2286,29098.5,2026-07-13 23:21:00,True,2026-07-13 20:55:00,1.2286,1.2286,True,29254.153,2026-07-13 21:36:00,0.03
NQ,2026-07-14,Tuesday,ODR,29402.164,29359.12,43.04400000000169,29416.175,29340.827,75.34799999999814,True,LONG,2026-07-14 04:35:00,29416.522,True,True,True,1.9293,0.3788,1.9293,29485.21,2026-07-14 08:29:00,1.2184,29349.719,2026-07-14 07:12:00,True,2026-07-14 05:16:00,1.2184,1.2184,True,29395.786,2026-07-14 04:45:00,0.1482
NQ,2026-07-14,Tuesday,RDR,29606.775,29427.286,179.4890000000014,29608.47,29365.423,243.0470000000023,True,LONG,2026-07-14 11:05:00,29652.021,True,True,False,0.472,0.0,0.472,29691.497,2026-07-14 11:30:00,0.5878,29501.276,2026-07-14 12:15:00,False,,0.0,,True,29595.854,2026-07-14 11:42:00,0.0608
NQ,2026-07-15,Wednesday,ADR,29718.932,29649.52,69.41200000000026,29733.92,29638.097,95.82299999999668,True,LONG,2026-07-14 21:35:00,29738.731,True,True,True,2.008,0.1176,2.008,29858.31,2026-07-15 01:00:00,0.4016,29691.053,2026-07-14 21:44:00,True,2026-07-14 21:59:00,0.4016,0.0,True,29718.353,2026-07-14 21:40:00,0.0083
NQ,2026-07-15,Wednesday,ODR,29847.032,29760.243,86.78900000000067,29862.032,29728.92,133.112000000001,True,SHORT,2026-07-15 04:05:00,29727.553,True,True,True,0.0,1.2009,1.2009,29656.021,2026-07-15 08:25:00,0.0321,29763.031,2026-07-15 05:21:00,True,2026-07-15 04:10:00,0.0321,0.0321,True,29762.199,2026-07-15 05:20:00,0.0225
NQ,2026-07-15,Wednesday,RDR,29754.986,29471.865,283.1209999999992,29777.521,29439.387,338.13400000000183,True,SHORT,2026-07-15 10:35:00,29401.81,True,True,False,0.0,0.9729,0.9729,29196.42,2026-07-15 12:41:00,0.2461,29541.542,2026-07-15 14:23:00,True,2026-07-15 12:03:00,0.0,0.2461,True,29479.919,2026-07-15 13:49:00,0.0284
NQ,2026-07-16,Thursday,ADR,29559.599,29474.364,85.23499999999694,29567.289,29467.254,100.03499999999985,True,SHORT,2026-07-15 20:35:00,29459.008,False,True,False,0.481,0.8851,0.8851,29398.92,2026-07-15 21:34:00,1.481,29600.599,2026-07-16 01:30:00,True,2026-07-15 20:44:00,0.089,1.481,True,29481.953,2026-07-15 20:52:00,0.089
NQ,2026-07-16,Thursday,ODR,29487.576,29367.253,120.32300000000032,29490.975,29352.965,138.0099999999984,True,SHORT,2026-07-16 04:00:00,29341.289,True,True,True,0.0,1.6478,1.6478,29168.987,2026-07-16 07:49:00,0.6816,29449.265,2026-07-16 05:16:00,True,2026-07-16 04:11:00,0.6816,0.6816,True,29372.486,2026-07-16 04:36:00,0.0435
NQ,2026-07-16,Thursday,RDR,29289.042,29077.486,211.5560000000005,29334.932,29065.853,269.07900000000154,True,SHORT,2026-07-16 13:40:00,29048.486,True,True,True,0.1405,0.9159,0.9159,28883.72,2026-07-16 15:48:00,0.1475,29108.698,2026-07-16 14:22:00,True,2026-07-16 15:15:00,0.1475,0.0,True,29082.41,2026-07-16 14:11:00,0.0233
NQ,2026-07-17,Friday,ADR,28921.62,28830.086,91.53399999999965,28940.508,28823.675,116.83300000000236,True,SHORT,2026-07-16 20:35:00,28818.432,True,True,True,0.0,3.1862,3.1862,28538.442,2026-07-17 01:43:00,0.9546,28917.465,2026-07-16 21:03:00,True,2026-07-16 21:44:00,0.9546,0.0803,True,28841.998,2026-07-16 20:44:00,0.1301
NQ,2026-07-17,Friday,ODR,28577.608,28498.742,78.8660000000018,28578.798,28495.808,82.98999999999796,True,SHORT,2026-07-17 04:10:00,28488.297,False,True,True,0.7469,1.7289,1.7289,28362.389,2026-07-17 04:42:00,1.7469,28636.51,2026-07-17 06:41:00,True,2026-07-17 04:16:00,0.0,1.7469,True,28499.809,2026-07-17 05:27:00,0.0135
NQ,2026-07-17,Friday,RDR,28689.854,28242.308,447.54599999999846,28709.521,28231.789,477.73199999999997,True,LONG,2026-07-17 10:35:00,28716.731,True,True,False,0.4092,0.0,0.4092,28872.976,2026-07-17 13:11:00,0.4334,28495.908,2026-07-17 11:24:00,False,,0.4334,,True,28688.71,2026-07-17 10:40:00,0.0026
NQ,2026-07-20,Monday,ADR,28781.72,28627.498,154.22200000000157,28786.254,28616.543,169.71099999999933,True,SHORT,2026-07-19 21:50:00,28592.476,True,True,False,0.0,0.267,0.267,28586.321,2026-07-19 21:56:00,0.8919,28765.042,2026-07-20 00:51:00,False,,0.0,,True,28629.599,2026-07-19 21:59:00,0.0136
NQ,2026-07-20,Monday,ODR,28735.775,28630.375,105.40000000000146,28748.421,28621.321,127.09999999999854,True,LONG,2026-07-20 04:10:00,28749.921,True,True,True,1.8557,0.0,1.8557,28931.365,2026-07-20 07:43:00,0.5526,28677.531,2026-07-20 05:07:00,True,2026-07-20 05:49:00,0.5526,0.0,True,28724.064,2026-07-20 04:20:00,0.1111
NQ,2026-07-20,Monday,RDR,29001.81,28784.008,217.80199999999968,29015.054,28731.886,283.1680000000015,True,SHORT,2026-07-20 10:55:00,28716.275,True,True,True,0.0,0.8674,0.8674,28595.076,2026-07-20 15:59:00,0.7245,28941.808,2026-07-20 12:12:00,True,2026-07-20 15:03:00,0.7245,0.0,True,28804.52,2026-07-20 11:08:00,0.0942
NQ,2026-07-21,Tuesday,ADR,28648.087,28555.965,92.12199999999939,28663.832,28536.419,127.41299999999683,True,LONG,2026-07-20 20:30:00,28689.508,True,False,,3.1047,0.0,3.1047,28934.099,2026-07-21 01:58:00,0.0,28667.354,2026-07-20 21:02:00,True,2026-07-20 20:35:00,0.0,0.0,False,,,
NQ,2026-07-21,Tuesday,ODR,28977.854,28926.409,51.44499999999971,28989.609,28917.364,72.24499999999898,True,LONG,2026-07-21 04:20:00,28990.564,True,True,False,1.0667,0.0,1.0667,29032.732,2026-07-21 06:36:00,0.5331,28950.431,2026-07-21 07:26:00,True,2026-07-21 04:32:00,0.0,0.5331,True,28971.21,2026-07-21 07:04:00,0.1291
NQ,2026-07-21,Tuesday,RDR,29051.01,28909.587,141.42299999999886,29075.409,28894.064,181.34500000000116,True,LONG,2026-07-21 11:05:00,29098.354,True,False,,0.9675,0.0,0.9675,29187.831,2026-07-21 13:50:00,0.0,29079.343,2026-07-21 12:00:00,True,2026-07-21 11:13:00,0.0,0.0,False,,,
NQ,2026-07-22,Wednesday,ADR,29158.554,29109.71,48.84400000000096,29166.431,29099.508,66.92299999999886,True,SHORT,2026-07-21 20:50:00,29097.387,True,True,True,0.0,2.8428,2.8428,28970.854,2026-07-22 01:46:00,0.5263,29135.419,2026-07-21 21:52:00,True,2026-07-21 21:01:00,0.5263,0.5263,True,29112.098,2026-07-21 20:56:00,0.0489
NQ,2026-07-22,Wednesday,ODR,28948.565,28877.475,71.09000000000015,28953.887,28856.365,97.5219999999972,True,LONG,2026-07-22 05:00:00,28961.853,False,True,False,0.7674,0.7324,0.7674,29003.119,2026-07-22 06:50:00,1.7324,28825.408,2026-07-22 08:25:00,True,2026-07-22 06:03:00,0.4042,1.7324,True,28945.609,2026-07-22 05:30:00,0.0416
NQ,2026-07-22,Wednesday,RDR,29108.764,28918.597,190.16699999999764,29115.41,28918.597,196.81299999999828,True,LONG,2026-07-22 11:05:00,29124.064,True,True,False,0.3425,0.0,0.3425,29173.887,2026-07-22 11:27:00,0.6161,28991.597,2026-07-22 15:59:00,False,,0.0,,True,29106.81,2026-07-22 11:40:00,0.0103
NQ,2026-07-23,Thursday,ADR,29065.999,28890.998,175.0010000000002,29089.076,28890.932,198.14400000000023,True,LONG,2026-07-22 20:50:00,29101.575,False,True,False,0.2773,0.1565,0.2577,29111.097,2026-07-22 20:56:00,1.1565,28863.619,2026-07-22 23:11:00,False,,0.0,,True,29065.364,2026-07-22 21:20:00,0.0036
NQ,2026-07-23,Thursday,ODR,28916.853,28773.519,143.33399999999892,28919.989,28755.054,164.9350000000013,True,LONG,2026-07-23 04:55:00,28936.189,False,True,False,0.371,0.5963,0.371,28970.032,2026-07-23 05:03:00,1.5963,28688.042,2026-07-23 08:29:00,False,,0.0,,True,28912.919,2026-07-23 05:14:00,0.0274
NQ,2026-07-23,Thursday,RDR,28694.787,28543.897,150.88999999999942,28720.232,28490.821,229.41100000000006,True,SHORT,2026-07-23 10:40:00,28485.71,True,True,True,0.0,1.7949,1.7949,28273.064,2026-07-23 11:31:00,0.2299,28578.589,2026-07-23 12:39:00,True,2026-07-23 10:46:00,0.0,0.2299,True,28555.589,2026-07-23 12:29:00,0.0775
NQ,2026-07-24,Friday,ADR,28544.51,28475.209,69.30099999999948,28569.219,28460.865,108.35399999999936,True,SHORT,2026-07-23 21:55:00,28458.131,True,True,True,0.0248,2.3594,2.3594,28311.698,2026-07-24 00:04:00,0.0154,28476.275,2026-07-23 22:11:00,True,2026-07-23 22:08:00,0.0154,0.0154,True,28476.275,2026-07-23 22:11:00,0.0154
NQ,2026-07-24,Friday,ODR,28498.02,28388.289,109.73099999999977,28507.764,28384.897,122.86699999999837,True,LONG,2026-07-24 05:05:00,28522.331,True,True,True,0.4764,0.0,0.4764,28550.298,2026-07-24 06:00:00,0.4639,28447.121,2026-07-24 07:57:00,False,,0.191,,True,28485.353,2026-07-24 05:12:00,0.1154
NQ,2026-07-24,Friday,RDR,28448.621,28168.853,279.76800000000003,28466.554,28145.164,321.3899999999994,True,SHORT,2026-07-24 10:35:00,28127.753,True,True,True,0.0909,0.4011,0.4011,28056.642,2026-07-24 15:16:00,1.0909,28474.053,2026-07-24 12:10:00,False,,1.0909,,True,28205.754,2026-07-24 10:50:00,0.1319
NQ,2026-07-27,Monday,ADR,28575.275,28442.231,133.0440000000017,28578.764,28429.221,149.54299999999785,True,SHORT,2026-07-26 21:10:00,28419.81,True,True,False,0.0,0.507,0.507,28374.775,2026-07-26 21:29:00,0.8148,28550.631,2026-07-27 01:58:00,True,2026-07-26 21:29:00,0.0,0.8148,True,28459.642,2026-07-26 21:38:00,0.1309
NQ,2026-07-27,Monday,ODR,28574.698,28508.354,66.34400000000096,28578.364,28508.354,70.01000000000204,True,LONG,2026-07-27 04:40:00,28582.798,False,True,False,0.5259,0.4857,0.5259,28609.589,2026-07-27 05:48:00,1.4857,28476.131,2026-07-27 08:22:00,True,2026-07-27 05:48:00,0.1424,1.4857,True,28574.564,2026-07-27 04:47:00,0.002
NQ,2026-07-27,Monday,RDR,28440.589,27929.199,511.3899999999994,28462.564,27922.81,539.7539999999972,True,SHORT,2026-07-27 10:30:00,27897.031,True,True,False,0.0,0.2797,0.2797,27786.187,2026-07-27 10:43:00,0.3381,28102.097,2026-07-27 15:34:00,False,,0.0,,True,27958.287,2026-07-27 10:50:00,0.0569
NQ,2026-07-28,Tuesday,ADR,28034.686,27939.275,95.41100000000006,28043.653,27918.743,124.90999999999985,True,SHORT,2026-07-27 21:00:00,27891.71,True,True,True,0.0,2.3008,2.3008,27719.753,2026-07-28 01:58:00,0.0742,27946.354,2026-07-27 21:35:00,True,2026-07-27 21:05:00,0.0742,0.0742,True,27939.799,2026-07-27 21:34:00,0.0055
NQ,2026-07-28,Tuesday,ODR,27821.389,27768.81,52.578999999997905,27836.542,27756.776,79.76599999999962,True,SHORT,2026-07-28 04:05:00,27747.064,False,True,False,1.493,1.3489,1.3489,27697.887,2026-07-28 07:41:00,2.493,27899.887,2026-07-28 04:47:00,True,2026-07-28 04:10:00,2.493,2.493,True,27775.264,2026-07-28 04:15:00,0.1227
NQ,2026-07-28,Tuesday,RDR,27788.164,27466.486,321.6779999999999,27837.854,27456.176,381.6779999999999,True,LONG,2026-07-28 11:35:00,27857.765,True,True,False,0.4406,0.0,0.4406,27929.897,2026-07-28 12:53:00,0.0819,27761.821,2026-07-28 15:59:00,False,,0.0,,True,27786.998,2026-07-28 13:54:00,0.0036
NQ,2026-07-29,Wednesday,ADR,27996.165,27741.675,254.4900000000016,28028.599,27737.308,291.29099999999744,True,SHORT,2026-07-28 21:40:00,27731.699,True,True,True,0.0,0.9744,0.9744,27493.71,2026-07-29 00:45:00,0.0887,27764.242,2026-07-28 22:31:00,True,2026-07-28 23:30:00,0.0887,0.0,True,27743.975,2026-07-28 21:46:00,0.009
NQ,2026-07-29,Wednesday,ODR,27799.387,27746.932,52.45499999999811,27814.099,27743.82,70.27899999999863,True,SHORT,2026-07-29 04:10:00,27712.975,False,True,True,2.1553,1.4198,1.4198,27672.454,2026-07-29 04:27:00,3.1553,27912.442,2026-07-29 05:52:00,True,2026-07-29 04:15:00,0.0,3.1553,True,27761.089,2026-07-29 04:32:00,0.2699
NQ,2026-07-29,Wednesday,RDR,27813.208,27427.242,385.96600000000035,27848.364,27394.131,454.2330000000002,True,SHORT,2026-07-29 10:40:00,27393.021,False,True,True,0.3659,0.655,0.655,27174.442,2026-07-29 15:59:00,1.3659,27954.443,2026-07-29 15:02:00,True,2026-07-29 15:55:00,1.3659,0.0,True,27429.287,2026-07-29 10:47:00,0.0053
NQ,2026-07-30,Thursday,ADR,27450.853,27360.176,90.67699999999968,27465.009,27331.354,133.65499999999884,True,LONG,2026-07-29 21:20:00,27473.876,False,True,False,1.1428,0.8902,1.1428,27554.476,2026-07-29 21:48:00,1.8902,27279.454,2026-07-30 01:12:00,True,2026-07-29 21:28:00,0.0,1.8902,True,27449.964,2026-07-29 22:30:00,0.0098
NQ,2026-07-30,Thursday,ODR,27345.076,27240.042,105.03399999999965,27379.421,27210.509,168.91200000000026,True,LONG,2026-07-30 05:10:00,27392.665,True,False,,2.6545,0.4145,2.6545,27623.889,2026-07-30 08:15:00,0.0,27346.453,2026-07-30 06:00:00,True,2026-07-30 05:15:00,0.0,0.0,False,,,
NQ,2026-07-30,Thursday,RDR,28089.021,27732.286,356.7350000000006,28101.789,27675.775,426.0139999999992,True,LONG,2026-07-30 15:05:00,28119.009,True,True,True,0.2048,0.0,0.2048,28162.065,2026-07-30 15:18:00,0.0604,28067.475,2026-07-30 15:55:00,False,,0.0,,True,28084.409,2026-07-30 15:36:00,0.0129
NQ,2026-07-31,Friday,ADR,28354.909,28251.153,103.75600000000122,28360.465,28234.675,125.79000000000087,True,LONG,2026-07-30 20:30:00,28379.909,True,True,True,1.039,0.0,1.039,28462.708,2026-07-31 01:54:00,0.8911,28262.453,2026-07-30 22:37:00,True,2026-07-30 21:00:00,0.8911,0.8911,True,28344.553,2026-07-30 20:46:00,0.0998
NQ,2026-07-31,Friday,ODR,28452.064,28352.389,99.67499999999927,28456.299,28328.332,127.96700000000055,True,LONG,2026-07-31 04:15:00,28466.375,False,True,False,0.6112,0.2983,0.6112,28512.987,2026-07-31 05:10:00,1.2983,28322.654,2026-07-31 08:23:00,True,2026-07-31 05:10:00,0.1794,1.2983,True,28450.632,2026-07-31 04:21:00,0.0144
NQ,2026-07-31,Friday,RDR,28563.542,28009.543,553.9989999999998,28598.008,27952.075,645.9330000000009,False,,,,,,,0.0,0.0381,,,,,,,False,,,,False,,,
NQ,2026-08-03,Monday,ADR,28491.121,28433.498,57.62299999999959,28515.586,28415.821,99.76499999999942,True,LONG,2026-08-02 21:55:00,28522.442,True,False,,1.4724,0.2229,1.4724,28575.965,2026-08-02 23:51:00,0.0,28495.921,2026-08-03 01:54:00,True,2026-08-02 22:00:00,0.0,0.0,False,,,
NQ,2026-08-03,Monday,ODR,28496.375,28440.975,55.400000000001455,28511.976,28436.32,75.65599999999904,True,SHORT,2026-08-03 04:00:00,28412.675,True,True,True,0.0,3.241,3.241,28261.421,2026-08-03 08:06:00,0.6761,28478.431,2026-08-03 05:00:00,True,2026-08-03 04:05:00,0.6761,0.6761,True,28442.154,2026-08-03 04:14:00,0.0213
NQ,2026-08-03,Monday,RDR,28553.621,28258.997,294.6239999999998,28559.11,28192.031,367.07900000000154,True,LONG,2026-08-03 10:30:00,28559.521,True,False,,0.9679,0.0,0.9679,28838.789,2026-08-03 14:10:00,0.0,28558.798,2026-08-03 10:35:00,True,2026-08-03 12:16:00,0.0,0.0,False,,,
NQ,2026-08-04,Tuesday,ADR,28848.032,28783.143,64.88899999999921,28853.219,28778.01,75.20900000000256,True,SHORT,2026-08-03 20:30:00,28760.987,False,True,False,1.5954,1.1457,1.1457,28708.799,2026-08-03 21:04:00,2.5954,28951.554,2026-08-04 01:38:00,True,2026-08-03 20:35:00,0.0318,2.5954,True,28785.208,2026-08-03 20:53:00,0.0318
NQ,2026-08-04,Tuesday,ODR,28981.51,28931.509,50.001000000000204,28994.621,28914.554,80.0669999999991,True,LONG,2026-08-04 04:05:00,28996.487,False,True,True,2.8195,0.9375,2.8195,29122.486,2026-08-04 07:52:00,1.9375,28884.632,2026-08-04 05:17:00,True,2026-08-04 04:20:00,1.9375,1.9375,True,28981.132,2026-08-04 04:10:00,0.0076
NQ,2026-08-04,Tuesday,RDR,29434.031,29114.053,319.97799999999916,29437.186,29088.008,349.1779999999999,True,LONG,2026-08-04 11:00:00,29459.397,True,False,,1.2314,0.0,1.2314,29828.043,2026-08-04 15:46:00,0.0,29441.464,2026-08-04 11:06:00,True,2026-08-04 12:24:00,0.0,0.0,False,,,
NQ,2026-08-05,Wednesday,ADR,29736.81,29678.821,57.9890000000014,29738.42,29678.032,60.38799999999901,True,LONG,2026-08-04 20:30:00,29745.698,True,True,True,2.1228,0.1001,2.1228,29859.908,2026-08-05 01:59:00,1.1001,29673.019,2026-08-04 21:26:00,True,2026-08-04 23:17:00,1.1001,0.0594,True,29735.576,2026-08-04 20:37:00,0.0213
NQ,2026-08-05,Wednesday,ODR,29846.942,29761.142,85.79999999999927,29861.32,29759.921,101.39900000000125,True,SHORT,2026-08-05 04:10:00,29738.943,True,True,False,0.0,1.0228,1.0228,29673.386,2026-08-05 04:45:00,0.658,29817.597,2026-08-05 07:51:00,True,2026-08-05 04:21:00,0.0,0.658,True,29763.299,2026-08-05 05:38:00,0.0251
NQ,2026-08-05,Wednesday,RDR,29932.398,29789.81,142.58799999999974,29947.189,29777.053,170.1359999999986,True,SHORT,2026-08-05 10:30:00,29759.365,True,False,,0.0,2.2465,2.2465,29469.486,2026-08-05 15:59:00,0.0,29788.609,2026-08-05 10:35:00,True,2026-08-05 10:38:00,0.0,0.0,False,,,
NQ,2026-08-06,Thursday,ADR,29505.597,29437.632,67.96500000000015,29513.12,29424.065,89.05500000000029,True,SHORT,2026-08-05 20:50:00,29418.565,True,True,False,0.0,1.557,1.557,29331.81,2026-08-05 21:27:00,0.8851,29497.789,2026-08-05 22:45:00,True,2026-08-05 21:00:00,0.0,0.8851,True,29440.553,2026-08-05 22:20:00,0.043
NQ,2026-08-06,Thursday,ODR,29436.432,29383.509,52.9230000000025,29439.708,29378.31,61.39799999999741,True,SHORT,2026-08-06 04:00:00,29358.689,True,True,True,0.0,2.6638,2.6638,29242.531,2026-08-06 07:07:00,0.5209,29411.075,2026-08-06 06:03:00,True,2026-08-06 04:05:00,0.5209,0.5209,True,29387.099,2026-08-06 04:06:00,0.0678
NQ,2026-08-06,Thursday,RDR,29523.919,29211.821,312.0980000000018,29549.099,29119.086,430.012999999999,True,LONG,2026-08-06 11:05:00,29555.097,True,True,False,0.1454,0.0,0.1454,29569.299,2026-08-06 11:11:00,0.6141,29332.254,2026-08-06 12:24:00,False,,0.0,,True,29523.82,2026-08-06 11:14:00,0.0003
NQ,2026-08-07,Friday,ADR,29499.689,29398.42,101.26900000000023,29506.908,29386.364,120.54399999999805,True,SHORT,2026-08-06 21:20:00,29383.531,True,True,False,0.0,0.5342,0.5342,29344.32,2026-08-07 00:17:00,0.698,29469.109,2026-08-06 21:33:00,True,2026-08-07 00:16:00,0.698,0.4579,True,29402.842,2026-08-06 21:26:00,0.0437
NQ,2026-08-07,Friday,ODR,29479.831,29425.019,54.81199999999808,29480.689,29420.165,60.52399999999761,True,LONG,2026-08-07 04:00:00,29487.176,True,False,,1.7006,0.0,1.7006,29573.042,2026-08-07 08:29:00,0.0,29480.465,2026-08-07 06:22:00,True,2026-08-07 04:13:00,0.0,0.0,False,,,
NQ,2026-08-07,Friday,RDR,29693.119,29475.231,217.887999999999,29708.675,29454.531,254.14400000000023,True,LONG,2026-08-07 11:25:00,29713.108,True,True,True,0.2474,0.0,0.2474,29747.032,2026-08-07 15:58:00,0.6271,29556.486,2026-08-07 12:31:00,False,,0.6271,,True,29684.665,2026-08-07 11:41:00,0.0388
NQ,2026-08-10,Monday,ADR,29779.489,29712.721,66.76800000000003,29791.842,29684.51,107.33200000000215,True,LONG,2026-08-10 01:05:00,29794.486,True,False,,0.5708,0.5422,0.5708,29817.599,2026-08-10 01:59:00,0.0,29787.009,2026-08-10 01:46:00,True,2026-08-10 01:55:00,0.0,0.0,False,,,
NQ,2026-08-10,Monday,ODR,29852.787,29796.52,56.266999999999825,29870.699,29774.065,96.63400000000183,True,SHORT,2026-08-10 07:05:00,29762.909,True,True,True,0.3163,1.7595,1.7595,29697.52,2026-08-10 08:24:00,0.1063,29802.499,2026-08-10 07:30:00,True,2026-08-10 07:10:00,0.1063,0.1063,True,29799.799,2026-08-10 07:29:00,0.0583
NQ,2026-08-10,Monday,RDR,29769.276,29627.232,142.0440000000017,29787.842,29606.842,181.0,False,,,,,,,0.0794,0.1243,,,,,,,False,,,,False,,,
NQ,2026-08-11,Tuesday,ADR,29652.31,29576.464,75.84600000000137,29653.699,29556.465,97.23400000000038,True,LONG,2026-08-10 20:40:00,29667.997,True,False,,1.2954,0.0,1.2954,29750.564,2026-08-11 00:31:00,0.0,29654.153,2026-08-10 21:08:00,True,2026-08-10 21:10:00,0.0,0.0,False,,,
NQ,2026-08-11,Tuesday,ODR,29663.332,29625.165,38.16699999999764,29669.099,29617.609,51.48999999999796,True,SHORT,2026-08-11 04:15:00,29616.921,False,True,False,2.9426,0.4646,0.4646,29607.431,2026-08-11 04:35:00,3.9426,29775.643,2026-08-11 07:04:00,False,,0.3127,,True,29626.119,2026-08-11 04:24:00,0.025
NQ,2026-08-11,Tuesday,RDR,29728.197,29549.687,178.5099999999984,29730.164,29527.089,203.07500000000073,True,SHORT,2026-08-11 12:30:00,29526.599,True,True,True,0.0,0.6872,0.6872,29427.021,2026-08-11 14:29:00,0.0442,29557.575,2026-08-11 12:37:00,True,2026-08-11 14:27:00,0.0442,0.0135,True,29557.575,2026-08-11 12:37:00,0.0442
NQ,2026-08-12,Wednesday,ADR,29567.697,29528.465,39.23199999999997,29570.099,29520.465,49.633999999998196,True,LONG,2026-08-11 21:00:00,29570.154,True,True,True,1.1346,0.0,1.1346,29612.209,2026-08-12 01:55:00,0.8564,29534.099,2026-08-11 21:23:00,True,2026-08-11 22:34:00,0.8564,0.1212,True,29557.153,2026-08-11 21:07:00,0.2688
NQ,2026-08-12,Wednesday,ODR,29645.509,29625.343,20.16599999999744,29648.864,29622.32,26.544000000001688,True,LONG,2026-08-12 04:00:00,29666.854,True,False,,8.0934,0.0,8.0934,29808.72,2026-08-12 08:29:00,0.0,29657.689,2026-08-12 04:34:00,True,2026-08-12 04:05:00,0.0,0.0,False,,,
NQ,2026-08-12,Wednesday,RDR,29885.921,29751.708,134.21299999999974,29895.389,29743.443,151.9459999999999,True,SHORT,2026-08-12 11:30:00,29727.264,True,True,True,0.0,0.2831,0.2831,29713.719,2026-08-12 11:41:00,0.5288,29822.686,2026-08-12 14:41:00,False,,0.0074,,True,29752.697,2026-08-12 11:36:00,0.0074
NQ,2026-08-13,Thursday,ADR,29758.089,29692.119,65.97000000000116,29762.643,29690.497,72.14600000000064,True,LONG,2026-08-12 22:40:00,29769.942,True,True,True,0.9403,0.0,0.9403,29820.119,2026-08-13 01:30:00,0.1103,29750.81,2026-08-13 00:22:00,True,2026-08-13 00:36:00,0.1103,0.0,True,29756.142,2026-08-13 00:21:00,0.0295
NQ,2026-08-13,Thursday,ODR,29785.332,29747.987,37.344999999997526,29789.909,29741.831,48.07800000000134,True,SHORT,2026-08-13 04:00:00,29730.443,True,True,False,0.1625,1.0256,1.0256,29709.686,2026-08-13 08:19:00,1.1625,29791.399,2026-08-13 07:45:00,True,2026-08-13 04:11:00,1.1625,1.1625,True,29755.365,2026-08-13 04:06:00,0.1976
NQ,2026-08-13,Thursday,RDR,30128.164,29807.689,320.4750000000022,30130.886,29760.92,369.96600000000035,True,LONG,2026-08-13 10:30:00,30157.41,True,True,False,0.1209,0.0,0.1209,30166.92,2026-08-13 15:09:00,0.4032,29998.953,2026-08-13 11:59:00,False,,0.4032,,True,30127.476,2026-08-13 10:43:00,0.0021
NQ,2026-08-14,Friday,ADR,30130.719,30083.909,46.81000000000131,30134.099,30079.621,54.477999999999156,True,SHORT,2026-08-13 20:45:00,30075.109,True,True,True,0.0,1.2232,1.2232,30026.653,2026-08-13 21:13:00,0.0083,30084.299,2026-08-13 23:30:00,True,2026-08-13 21:00:00,0.0,0.0083,True,30084.299,2026-08-13 23:30:00,0.0083
NQ,2026-08-14,Friday,ODR,30105.208,30075.097,30.110999999997148,30105.289,30073.864,31.424999999999272,True,LONG,2026-08-14 04:00:00,30108.421,True,False,,2.5524,0.0,2.5524,30182.064,2026-08-14 08:04:00,0.0,30107.831,2026-08-14 04:05:00,True,2026-08-14 04:05:00,0.0,0.0,False,,,
NQ,2026-08-14,Friday,RDR,30163.653,30062.932,100.72099999999773,30182.789,30038.687,144.10199999999895,True,SHORT,2026-08-14 10:55:00,30028.52,True,False,,0.0,1.269,1.269,29935.121,2026-08-14 11:42:00,0.0,30050.121,2026-08-14 15:59:00,True,2026-08-14 11:09:00,0.0,0.0,False,,,
NQ,2026-08-17,Monday,ADR,30124.087,30096.742,27.345000000001164,30132.399,30095.087,37.31200000000172,True,SHORT,2026-08-16 20:30:00,30095.032,False,True,False,1.9975,0.2242,0.2242,30090.61,2026-08-16 20:45:00,2.9975,30178.709,2026-08-17 01:56:00,False,,0.1402,,True,30097.064,2026-08-16 20:35:00,0.0118
NQ,2026-08-17,Monday,ODR,30229.142,30173.142,56.0,30236.265,30166.076,70.18899999999849,True,LONG,2026-08-17 06:25:00,30243.589,False,True,False,0.2741,0.8274,0.2439,30242.799,2026-08-17 06:30:00,1.8274,30126.809,2026-08-17 08:26:00,False,,0.5022,,True,30201.02,2026-08-17 06:30:00,0.5022
NQ,2026-08-17,Monday,RDR,30154.232,30081.709,72.52300000000105,30170.764,30063.321,107.4429999999993,True,LONG,2026-08-17 11:00:00,30175.042,False,True,False,0.5182,1.5094,0.5182,30191.81,2026-08-17 11:07:00,2.5094,29972.243,2026-08-17 15:56:00,True,2026-08-17 11:07:00,0.0,2.5094,True,30151.821,2026-08-17 11:33:00,0.0332
NQ,2026-08-18,Tuesday,ADR,30016.799,29990.553,26.245999999999185,30021.699,29988.364,33.33499999999913,True,SHORT,2026-08-17 21:30:00,29985.975,True,True,True,0.4309,9.4004,9.4004,29743.831,2026-08-18 01:59:00,0.249,29997.089,2026-08-17 21:38:00,True,2026-08-17 21:40:00,0.249,0.0,True,29991.397,2026-08-17 21:36:00,0.0322
NQ,2026-08-18,Tuesday,ODR,29800.787,29717.832,82.95500000000175,29804.098,29716.386,87.71200000000317,True,SHORT,2026-08-18 04:00:00,29670.408,True,False,,0.0,1.4817,1.4817,29594.92,2026-08-18 05:51:00,0.0,29699.609,2026-08-18 04:35:00,True,2026-08-18 04:05:00,0.0,0.0,False,,,
NQ,2026-08-18,Tuesday,RDR,29646.599,29498.098,148.50099999999657,29681.189,29480.586,200.60299999999916,True,SHORT,2026-08-18 10:50:00,29469.853,True,True,True,0.0,0.4839,0.4839,29426.243,2026-08-18 11:10:00,0.5683,29582.489,2026-08-18 12:54:00,False,,0.0,,True,29505.599,2026-08-18 11:28:00,0.0505
NQ,2026-08-19,Wednesday,ADR,29458.642,29372.72,85.92199999999866,29463.209,29362.51,100.69900000000052,True,LONG,2026-08-18 20:35:00,29480.689,False,True,False,0.7362,0.1575,0.7362,29521.899,2026-08-18 21:23:00,1.1575,29359.187,2026-08-19 01:58:00,True,2026-08-18 21:07:00,0.1865,1.1575,True,29446.564,2026-08-18 20:58:00,0.1406
NQ,2026-08-19,Wednesday,ODR,29512.797,29444.131,68.66599999999744,29518.697,29433.286,85.41100000000006,True,LONG,2026-08-19 04:00:00,29544.498,False,True,False,0.5814,0.3553,0.5814,29552.721,2026-08-19 04:11:00,1.3553,29419.732,2026-08-19 07:48:00,True,2026-08-19 04:05:00,0.0,1.3553,True,29512.597,2026-08-19 04:32:00,0.0029
NQ,2026-08-19,Wednesday,RDR,29608.453,29294.421,314.0320000000029,29654.221,29288.764,365.45700000000215,False,,,,,,,0.0,0.0,,,,,,,False,,,,False,,,
NQ,2026-08-20,Thursday,ADR,29566.409,29505.186,61.22299999999814,29573.619,29489.631,83.98799999999756,True,LONG,2026-08-19 20:50:00,29576.609,False,True,False,0.4049,0.1566,0.4049,29591.197,2026-08-19 21:02:00,1.1566,29495.599,2026-08-20 01:14:00,False,,0.0,,True,29562.999,2026-08-19 21:09:00,0.0557
NQ,2026-08-20,Thursday,ODR,29579.742,29501.743,77.9989999999998,29579.742,29500.565,79.17699999999968,True,SHORT,2026-08-20 04:00:00,29467.298,True,False,,0.0,4.2351,4.2351,29171.408,2026-08-20 08:13:00,0.0,29490.176,2026-08-20 07:00:00,True,2026-08-20 04:05:00,0.0,0.0,False,,,
NQ,2026-08-20,Thursday,RDR,29354.387,29228.342,126.04499999999825,29380.365,29220.098,160.26699999999983,True,SHORT,2026-08-20 11:30:00,29213.564,True,True,True,0.1149,0.8959,0.8959,29115.42,2026-08-20 14:16:00,0.5819,29301.689,2026-08-20 12:47:00,True,2026-08-20 14:05:00,0.5819,0.1575,True,29232.453,2026-08-20 11:51:00,0.0326
NQ,2026-08-21,Friday,ADR,29278.542,29210.797,67.74500000000262,29281.819,29204.299,77.52000000000044,True,LONG,2026-08-20 21:45:00,29284.108,True,True,True,0.5567,0.0177,0.5567,29316.253,2026-08-20 22:52:00,0.5891,29238.631,2026-08-21 00:35:00,True,2026-08-20 22:30:00,0.4025,0.5891,True,29277.754,2026-08-20 21:50:00,0.0116
NQ,2026-08-21,Friday,ODR,29371.064,29303.642,67.42199999999866,29373.61,29297.543,76.0669999999991,True,LONG,2026-08-21 04:50:00,29375.289,True,True,True,1.2614,0.0,1.2614,29456.108,2026-08-21 07:36:00,0.6246,29328.954,2026-08-21 05:10:00,True,2026-08-21 05:52:00,0.6246,0.0112,True,29368.22,2026-08-21 04:59:00,0.0422
NQ,2026-08-21,Friday,RDR,29387.932,29150.199,237.73300000000017,29387.932,29140.054,247.8780000000006,True,LONG,2026-08-21 11:50:00,29393.953,True,True,False,0.09,0.0,0.0268,29394.297,2026-08-21 11:55:00,0.4733,29275.409,2026-08-21 14:33:00,False,,0.042,,True,29377.953,2026-08-21 11:55:00,0.042
NQ,2026-08-24,Monday,ADR,29393.121,29279.91,113.21099999999933,29402.989,29258.475,144.51400000000285,True,SHORT,2026-08-23 21:55:00,29245.942,True,True,True,0.0,1.4282,1.4282,29118.22,2026-08-24 01:56:00,0.1844,29300.789,2026-08-23 22:56:00,True,2026-08-23 23:15:00,0.1844,0.0,True,29280.289,2026-08-23 22:14:00,0.0033
NQ,2026-08-24,Monday,ODR,29129.91,29069.064,60.84600000000137,29135.499,29055.619,79.88000000000102,True,SHORT,2026-08-24 04:00:00,29051.787,False,True,False,1.2582,0.4742,0.2942,29051.165,2026-08-24 04:05:00,2.2582,29206.465,2026-08-24 07:38:00,False,,0.1708,,True,29079.454,2026-08-24 04:05:00,0.1708
NQ,2026-08-24,Monday,RDR,29162.298,28900.243,262.0550000000003,29164.132,28872.976,291.1560000000027,False,,,,,,,0.0,0.0,,,,,,,False,,,,False,,,
NQ,2026-08-25,Tuesday,ADR,29031.353,28946.243,85.11000000000058,29040.11,28942.22,97.88999999999942,True,LONG,2026-08-24 20:40:00,29048.798,True,True,True,1.5778,0.0,1.5778,29165.643,2026-08-25 01:56:00,0.1527,29018.354,2026-08-24 22:56:00,True,2026-08-24 21:37:00,0.1527,0.1527,True,29031.22,2026-08-24 20:45:00,0.0016
NQ,2026-08-25,Tuesday,ODR,29213.665,29154.575,59.090000000000146,29214.764,29151.642,63.12199999999939,True,SHORT,2026-08-25 04:00:00,29144.164,False,True,False,2.1404,0.2886,0.2886,29137.52,2026-08-25 04:11:00,3.1404,29340.143,2026-08-25 05:57:00,False,,0.1696,,True,29157.398,2026-08-25 04:08:00,0.0478
NQ,2026-08-25,Tuesday,RDR,29321.331,29144.532,176.79899999999907,29342.789,29139.076,203.71299999999974,True,SHORT,2026-08-25 10:30:00,29136.153,True,True,False,0.0,0.2927,0.1257,29122.309,2026-08-25 10:42:00,0.5232,29237.031,2026-08-25 11:33:00,False,,0.298,,True,29157.154,2026-08-25 10:35:00,0.0714
NQ,2026-08-26,Wednesday,ADR,29177.52,29116.31,61.20999999999913,29180.099,29099.031,81.0679999999993,True,SHORT,2026-08-25 20:35:00,29086.176,False,True,False,0.5881,1.4353,1.4353,29028.454,2026-08-25 21:35:00,1.5881,29213.519,2026-08-26 00:25:00,True,2026-08-25 20:40:00,0.0,1.5881,True,29118.564,2026-08-25 22:31:00,0.0368
NQ,2026-08-26,Wednesday,ODR,29183.81,29128.142,55.668000000001484,29189.598,29118.697,70.90100000000166,True,LONG,2026-08-26 07:00:00,29191.997,False,True,True,0.4742,0.1703,0.4742,29210.208,2026-08-26 07:18:00,1.1703,29118.664,2026-08-26 07:48:00,False,,0.2804,,True,29180.565,2026-08-26 07:06:00,0.0583
NQ,2026-08-26,Wednesday,RDR,29265.542,29104.187,161.35499999999956,29265.697,29089.82,175.8770000000004,True,LONG,2026-08-26 15:00:00,29299.919,True,True,False,0.222,0.0036,0.222,29301.364,2026-08-26 15:05:00,0.3189,29214.086,2026-08-26 15:59:00,False,,0.0,,True,29264.064,2026-08-26 15:14:00,0.0092
NQ,2026-08-27,Thursday,ADR,29584.108,29500.931,83.17699999999968,29589.875,29493.875,96.0,True,SHORT,2026-08-26 20:30:00,29471.054,True,True,True,0.0,1.6419,1.6419,29364.365,2026-08-27 01:56:00,0.1213,29511.019,2026-08-26 23:25:00,True,2026-08-26 20:36:00,0.1213,0.1213,True,29508.976,2026-08-26 23:24:00,0.0967
NQ,2026-08-27,Thursday,ODR,29483.899,29433.553,50.34600000000137,29485.198,29413.075,72.12299999999959,True,LONG,2026-08-27 04:00:00,29506.098,True,True,True,2.2348,0.0,2.2348,29596.41,2026-08-27 04:51:00,0.6566,29450.842,2026-08-27 07:50:00,True,2026-08-27 04:05:00,0.0,0.6566,True,29483.021,2026-08-27 07:37:00,0.0174
NQ,2026-08-27,Thursday,RDR,29543.289,29399.399,143.88999999999942,29556.931,29360.965,195.96600000000035,True,LONG,2026-08-27 11:05:00,29558.675,True,True,True,0.673,0.0,0.673,29640.12,2026-08-27 15:58:00,0.6583,29448.564,2026-08-27 11:46:00,True,2026-08-27 15:54:00,0.6583,0.0,True,29541.021,2026-08-27 11:23:00,0.0158
NQ,2026-08-28,Friday,ADR,29595.731,29536.12,59.611000000000786,29598.009,29534.798,63.21099999999933,True,LONG,2026-08-27 20:45:00,29601.099,True,True,False,0.8855,0.0,0.8855,29648.519,2026-08-27 23:29:00,0.9329,29540.121,2026-08-28 01:59:00,True,2026-08-27 22:00:00,0.1931,0.9329,True,29589.186,2026-08-27 20:54:00,0.1098
NQ,2026-08-28,Friday,ODR,29587.976,29539.421,48.55500000000029,29595.454,29536.175,59.27900000000227,True,SHORT,2026-08-28 04:00:00,29534.654,False,True,False,0.3403,0.3826,0.3826,29520.843,2026-08-28 04:07:00,1.3403,29604.499,2026-08-28 08:29:00,False,,0.0,,True,29548.653,2026-08-28 04:12:00,0.1901
NQ,2026-08-28,Friday,RDR,29630.709,29481.143,149.5659999999989,29651.31,29451.943,199.367000000002,True,LONG,2026-08-28 10:40:00,29679.821,False,True,False,0.8416,0.6685,0.8416,29756.587,2026-08-28 11:01:00,1.6685,29381.164,2026-08-28 13:06:00,True,2026-08-28 10:50:00,0.0,1.6685,True,29618.108,2026-08-28 11:40:00,0.0843
NQ,2026-08-31,Monday,ADR,29321.331,29236.021,85.30999999999767,29323.62,29220.197,103.42299999999886,True,LONG,2026-08-30 20:30:00,29337.387,True,True,True,1.1953,0.0288,1.1953,29423.299,2026-08-31 01:26:00,1.0288,29233.565,2026-08-30 22:41:00,True,2026-08-31 00:57:00,1.0288,0.0,True,29316.664,2026-08-30 20:47:00,0.0547
NQ,2026-08-31,Monday,ODR,29464.042,29448.52,15.522000000000844,29468.042,29439.364,28.677999999999884,True,SHORT,2026-08-31 04:00:00,29437.887,False,True,True,1.0988,6.6122,6.6122,29345.886,2026-08-31 08:25:00,2.0988,29481.098,2026-08-31 04:11:00,True,2026-08-31 04:05:00,2.0988,2.0988,True,29452.731,2026-08-31 04:05:00,0.2713
NQ,2026-08-31,Monday,RDR,29411.765,29312.632,99.13299999999799,29462.789,29302.153,160.63600000000224,True,LONG,2026-08-31 15:50:00,29471.819,True,False,,0.752,0.0279,0.752,29486.309,2026-08-31 15:59:00,0.0,29448.319,2026-08-31 15:59:00,True,2026-08-31 15:55:00,0.0,0.0,False,,,
NQ,2026-09-01,Tuesday,ADR,29467.798,29439.698,28.099999999998545,29471.032,29428.52,42.51199999999881,True,SHORT,2026-08-31 22:20:00,29426.689,False,True,False,1.8853,1.9031,1.9031,29386.221,2026-08-31 22:43:00,2.8853,29520.775,2026-09-01 01:57:00,True,2026-08-31 22:25:00,0.0,2.8853,True,29442.631,2026-08-31 22:59:00,0.1044
NQ,2026-09-01,Tuesday,ODR,29504.064,29386.154,117.90999999999985,29506.443,29381.743,124.70000000000073,True,SHORT,2026-09-01 04:00:00,29380.487,True,True,True,0.0,2.5218,2.5218,29088.809,2026-09-01 08:20:00,0.1081,29398.899,2026-09-01 04:05:00,True,2026-09-01 04:06:00,0.1081,0.0,True,29398.899,2026-09-01 04:05:00,0.1081
NQ,2026-09-01,Tuesday,RDR,29117.697,29021.742,95.95500000000175,29131.386,28993.219,138.16699999999764,True,LONG,2026-09-01 10:30:00,29162.731,False,True,False,1.5708,0.7092,1.5708,29268.419,2026-09-01 11:49:00,1.7092,28953.687,2026-09-01 14:46:00,True,2026-09-01 10:35:00,0.0,1.7092,True,29115.197,2026-09-01 12:27:00,0.0261
