instrument,trading_date,day_of_week,range_type,dr_high,dr_low,dr_range,idr_high,idr_low,idr_range,confirmed,direction,confirmation_time,confirmation_price,dr_rule_true,retraced_into_dr,outside_dr_closed,mean_sd_up,mean_sd_down,extension_sd,extension_price,extension_time,max_retracement_sd,max_retracement_price,max_retracement_time,reached_05_sd,time_05_sd,retracement_before_extreme_sd,retracement_after_05_sd,first_retracement_occurred,first_retracement_price,first_retracement_time,first_retracement_exact
ES,2013-01-02,Wednesday,RDR,1452.25,1446.25,6.0,1452.5,1446.0,6.5,True,SHORT,2013-01-02 11:15:00,1445.5,False,True,False,0.9167,0.375,0.375,1444.0,2013-01-02 11:59:00,1.9167,1457.75,2013-01-02 15:59:00,False,,0.0833,,True,1446.25,2013-01-02 11:22:00,0.0
ES,2013-01-03,Thursday,ADR,1454.25,1453.5,0.75,1454.5,1453.5,1.0,True,SHORT,2013-01-02 20:40:00,1453.0,True,True,True,0.0,1.6667,1.6667,1452.25,2013-01-03 00:49:00,0.6667,1454.0,2013-01-02 20:57:00,True,2013-01-02 20:48:00,0.6667,0.6667,True,1453.5,2013-01-02 20:50:00,0.0
ES,2013-01-03,Thursday,ODR,1454.25,1452.5,1.75,1454.5,1452.5,2.0,True,LONG,2013-01-03 08:15:00,1455.0,True,False,,1.4286,0.1429,1.4286,1456.75,2013-01-03 08:28:00,0.0,1455.25,2013-01-03 08:21:00,True,2013-01-03 08:21:00,0.0,0.0,False,,,
ES,2013-01-03,Thursday,RDR,1456.25,1453.5,2.75,1456.5,1452.75,3.75,True,LONG,2013-01-03 11:05:00,1456.75,False,True,False,1.4545,1.2727,1.4545,1460.25,2013-01-03 13:36:00,2.2727,1450.0,2013-01-03 15:36:00,True,2013-01-03 11:13:00,0.0,2.2727,True,1456.25,2013-01-03 14:02:00,0.0
ES,2013-01-04,Friday,ADR,1455.0,1453.5,1.5,1455.25,1453.0,2.25,True,SHORT,2013-01-03 22:00:00,1452.5,True,False,,0.0,1.3333,1.3333,1451.5,2013-01-03 23:50:00,0.0,1453.25,2013-01-04 00:58:00,True,2013-01-03 22:06:00,0.0,0.0,False,,,
ES,2013-01-04,Friday,ODR,1456.0,1453.0,3.0,1456.25,1453.0,3.25,False,,,,,,,0.0,0.0833,,,,,,,False,,,,False,,,
ES,2013-01-04,Friday,RDR,1458.5,1453.5,5.0,1458.5,1453.25,5.25,True,LONG,2013-01-04 11:50:00,1459.0,True,True,True,0.85,0.0,0.85,1462.75,2013-01-04 15:27:00,0.25,1457.25,2013-01-04 13:05:00,True,2013-01-04 15:13:00,0.25,0.0,True,1458.25,2013-01-04 11:56:00,0.05
ES,2013-01-07,Monday,ADR,1459.0,1457.75,1.25,1459.0,1457.75,1.25,True,SHORT,2013-01-06 21:55:00,1457.25,True,True,True,0.0,2.4,2.4,1454.75,2013-01-07 00:21:00,0.0,1457.75,2013-01-06 22:01:00,True,2013-01-06 22:22:00,0.0,0.0,True,1457.75,2013-01-06 22:01:00,0.0
ES,2013-01-07,Monday,ODR,1457.5,1456.0,1.5,1457.5,1455.5,2.0,False,,,,,,,0.0,0.5,,,,,,,False,,,,False,,,
ES,2013-01-07,Monday,RDR,1455.5,1453.0,2.5,1455.5,1452.5,3.0,True,LONG,2013-01-07 10:30:00,1455.75,False,True,True,0.8,0.9,0.8,1457.5,2013-01-07 15:26:00,1.9,1450.75,2013-01-07 12:26:00,True,2013-01-07 15:25:00,1.9,0.1,True,1455.25,2013-01-07 10:35:00,0.1
ES,2013-01-08,Tuesday,ODR,1453.5,1451.25,2.25,1453.5,1451.0,2.5,True,LONG,2013-01-08 05:40:00,1454.5,True,True,True,1.2222,0.0,1.2222,1456.25,2013-01-08 06:46:00,0.0,1453.5,2013-01-08 07:55:00,True,2013-01-08 05:48:00,0.0,0.0,True,1453.5,2013-01-08 07:55:00,0.0
ES,2013-01-08,Tuesday,RDR,1455.0,1448.75,6.25,1455.25,1448.5,6.75,True,SHORT,2013-01-08 10:35:00,1448.0,True,True,False,0.0,0.44,0.44,1446.0,2013-01-08 11:20:00,0.6,1452.5,2013-01-08 15:22:00,False,,0.0,,True,1448.75,2013-01-08 11:39:00,0.0
ES,2013-01-09,Wednesday,ODR,1455.25,1454.0,1.25,1455.25,1453.5,1.75,True,SHORT,2013-01-09 04:15:00,1453.25,True,True,True,0.0,1.8,1.8,1451.75,2013-01-09 06:02:00,0.6,1454.75,2013-01-09 07:44:00,True,2013-01-09 04:25:00,0.0,0.6,True,1454.0,2013-01-09 07:30:00,0.0
ES,2013-01-09,Wednesday,RDR,1459.0,1454.25,4.75,1459.25,1454.25,5.0,True,SHORT,2013-01-09 12:40:00,1454.0,True,True,False,0.0,0.3684,0.3684,1452.5,2013-01-09 15:11:00,0.4211,1456.25,2013-01-09 14:16:00,False,,0.4211,,True,1454.5,2013-01-09 12:47:00,0.0526
ES,2013-01-10,Thursday,ODR,1458.75,1457.0,1.75,1459.0,1457.0,2.0,True,LONG,2013-01-10 04:15:00,1459.25,True,True,True,1.8571,0.0,1.8571,1462.0,2013-01-10 08:20:00,0.0,1458.75,2013-01-10 04:28:00,True,2013-01-10 04:47:00,0.0,0.0,True,1458.75,2013-01-10 04:28:00,0.0
ES,2013-01-10,Thursday,RDR,1463.5,1461.0,2.5,1464.25,1460.5,3.75,True,SHORT,2013-01-10 10:30:00,1459.25,False,True,False,1.4,2.1,2.1,1455.75,2013-01-10 11:15:00,2.4,1467.0,2013-01-10 15:48:00,True,2013-01-10 10:35:00,0.0,2.4,True,1461.0,2013-01-10 12:56:00,0.0
ES,2013-01-11,Friday,ODR,1467.5,1466.0,1.5,1467.75,1466.0,1.75,True,SHORT,2013-01-11 04:55:00,1465.5,True,True,False,0.3333,1.0,1.0,1464.5,2013-01-11 05:20:00,1.3333,1468.0,2013-01-11 08:23:00,True,2013-01-11 05:00:00,0.0,1.3333,True,1466.0,2013-01-11 05:28:00,0.0
ES,2013-01-11,Friday,RDR,1466.5,1462.5,4.0,1467.25,1462.25,5.0,False,,,,,,,0.25,0.0625,,,,,,,False,,,,False,,,
ES,2013-01-14,Monday,ADR,1469.5,1467.5,2.0,1469.5,1467.5,2.0,True,LONG,2013-01-13 20:45:00,1469.75,True,True,False,0.75,0.0,0.75,1471.0,2013-01-13 21:28:00,0.875,1467.75,2013-01-14 01:25:00,True,2013-01-13 20:58:00,0.0,0.875,True,1469.5,2013-01-14 00:06:00,0.0
ES,2013-01-14,Monday,ODR,1469.5,1468.0,1.5,1469.75,1467.75,2.0,True,LONG,2013-01-14 04:30:00,1470.25,False,True,False,0.8333,2.5,0.8333,1470.75,2013-01-14 05:05:00,3.5,1464.25,2013-01-14 08:14:00,True,2013-01-14 04:35:00,0.0,3.5,True,1469.5,2013-01-14 04:51:00,0.0
ES,2013-01-14,Monday,RDR,1466.25,1460.5,5.75,1466.75,1460.25,6.5,False,,,,,,,0.087,0.0,,,,,,,False,,,,False,,,
ES,2013-01-15,Tuesday,ODR,1462.5,1460.5,2.0,1462.75,1460.5,2.25,True,LONG,2013-01-15 04:40:00,1463.0,False,True,False,0.625,1.75,0.625,1463.75,2013-01-15 04:54:00,2.75,1457.0,2013-01-15 08:29:00,True,2013-01-15 04:52:00,0.0,2.75,True,1462.5,2013-01-15 05:26:00,0.0
ES,2013-01-15,Tuesday,RDR,1462.0,1458.75,3.25,1462.25,1458.25,4.0,True,LONG,2013-01-15 11:00:00,1462.75,True,True,True,1.8462,0.0,1.8462,1468.0,2013-01-15 15:44:00,0.3077,1461.0,2013-01-15 11:18:00,True,2013-01-15 12:16:00,0.3077,0.0,True,1462.0,2013-01-15 11:09:00,0.0
ES,2013-01-16,Wednesday,ODR,1462.75,1460.75,2.0,1463.0,1460.75,2.25,True,SHORT,2013-01-16 04:05:00,1460.5,False,True,False,0.75,0.375,0.375,1460.0,2013-01-16 04:56:00,1.75,1464.25,2013-01-16 06:12:00,False,,0.125,,True,1460.75,2013-01-16 04:13:00,0.0
ES,2013-01-16,Wednesday,RDR,1466.0,1462.75,3.25,1466.25,1462.0,4.25,True,LONG,2013-01-16 11:20:00,1467.5,True,True,True,0.8462,0.0,0.8462,1468.75,2013-01-16 14:34:00,0.3077,1465.0,2013-01-16 12:44:00,True,2013-01-16 11:26:00,0.3077,0.3077,True,1465.5,2013-01-16 12:30:00,0.1538
ES,2013-01-17,Thursday,ADR,1466.75,1464.0,2.75,1466.75,1463.75,3.0,True,SHORT,2013-01-16 22:15:00,1463.25,True,True,False,0.0,1.2727,1.2727,1460.5,2013-01-16 23:39:00,0.0909,1464.25,2013-01-17 01:11:00,True,2013-01-16 22:22:00,0.0,0.0909,True,1464.0,2013-01-17 01:03:00,0.0
ES,2013-01-17,Thursday,ODR,1465.75,1463.75,2.0,1466.0,1463.75,2.25,True,LONG,2013-01-17 04:05:00,1466.5,True,True,True,2.375,0.0,2.375,1470.5,2013-01-17 08:25:00,0.375,1465.0,2013-01-17 04:51:00,True,2013-01-17 04:10:00,0.375,0.375,True,1465.75,2013-01-17 04:19:00,0.0
ES,2013-01-17,Thursday,RDR,1474.25,1470.5,3.75,1474.5,1470.25,4.25,True,LONG,2013-01-17 11:35:00,1474.75,True,True,True,1.6,0.0,1.6,1480.25,2013-01-17 14:21:00,0.0667,1474.0,2013-01-17 11:59:00,True,2013-01-17 12:24:00,0.0667,0.0,True,1474.0,2013-01-17 11:59:00,0.0667
ES,2013-01-18,Friday,ODR,1477.5,1476.0,1.5,1477.75,1476.0,1.75,True,SHORT,2013-01-18 04:20:00,1475.75,True,True,False,0.0,1.1667,1.1667,1474.25,2013-01-18 07:24:00,0.8333,1477.25,2013-01-18 08:26:00,True,2013-01-18 05:11:00,0.6667,0.8333,True,1476.0,2013-01-18 04:26:00,0.0
ES,2013-01-18,Friday,RDR,1476.5,1473.5,3.0,1476.75,1473.25,3.5,True,SHORT,2013-01-18 10:40:00,1473.0,False,True,False,1.4167,1.0,1.0,1470.5,2013-01-18 11:48:00,2.4167,1480.75,2013-01-18 15:59:00,True,2013-01-18 11:01:00,0.1667,2.4167,True,1473.5,2013-01-18 10:45:00,0.0
ES,2013-01-21,Monday,ODR,1480.5,1478.5,2.0,1480.5,1478.5,2.0,False,,,,,,,0.0,0.125,,,,,,,False,,,,False,,,
ES,2013-01-22,Tuesday,ODR,1482.0,1476.75,5.25,1482.0,1476.25,5.75,True,SHORT,2013-01-22 04:00:00,1476.0,True,True,False,0.0,0.3333,0.3333,1475.0,2013-01-22 04:05:00,0.7619,1480.75,2013-01-22 05:35:00,False,,0.0,,True,1476.75,2013-01-22 04:21:00,0.0
ES,2013-01-22,Tuesday,RDR,1480.75,1476.25,4.5,1481.25,1476.25,5.0,True,LONG,2013-01-22 12:10:00,1481.5,True,False,,1.3889,0.1111,1.3889,1487.0,2013-01-22 15:59:00,0.0,1481.75,2013-01-22 12:16:00,True,2013-01-22 12:32:00,0.0,0.0,False,,,
ES,2013-01-23,Wednesday,ADR,1490.0,1489.0,1.0,1490.0,1489.0,1.0,True,SHORT,2013-01-22 21:15:00,1488.75,True,False,,0.0,3.0,3.0,1486.0,2013-01-23 01:09:00,0.0,1488.75,2013-01-22 21:38:00,True,2013-01-22 21:38:00,0.0,0.0,False,,,
ES,2013-01-23,Wednesday,ODR,1487.0,1485.0,2.0,1487.5,1485.0,2.5,True,LONG,2013-01-23 04:40:00,1488.0,True,True,False,0.875,0.0,0.875,1488.75,2013-01-23 07:20:00,0.375,1486.25,2013-01-23 08:19:00,True,2013-01-23 04:45:00,0.0,0.375,True,1487.0,2013-01-23 06:08:00,0.0
ES,2013-01-23,Wednesday,RDR,1489.25,1486.25,3.0,1489.25,1486.25,3.0,True,SHORT,2013-01-23 10:30:00,1485.0,False,True,False,0.5,0.5833,0.5833,1484.5,2013-01-23 10:44:00,1.5,1490.75,2013-01-23 14:57:00,True,2013-01-23 10:43:00,0.0,1.5,True,1486.25,2013-01-23 11:03:00,0.0
ES,2013-01-24,Thursday,ADR,1484.75,1483.5,1.25,1484.75,1483.5,1.25,True,LONG,2013-01-23 21:10:00,1485.0,True,True,True,1.6,0.0,1.6,1486.75,2013-01-23 21:46:00,0.8,1483.75,2013-01-24 00:01:00,True,2013-01-23 21:22:00,0.0,0.8,True,1484.75,2013-01-23 22:13:00,0.0
ES,2013-01-24,Thursday,ODR,1487.0,1483.75,3.25,1487.25,1483.25,4.0,True,LONG,2013-01-24 04:25:00,1488.0,True,True,True,0.3846,0.0,0.3846,1488.25,2013-01-24 04:30:00,0.2308,1486.25,2013-01-24 05:00:00,False,,0.0,,True,1487.0,2013-01-24 04:49:00,0.0
ES,2013-01-24,Thursday,RDR,1496.0,1487.5,8.5,1496.5,1487.25,9.25,True,LONG,2013-01-24 11:20:00,1496.75,False,True,False,0.1765,0.1471,0.1765,1497.5,2013-01-24 11:27:00,1.1471,1486.25,2013-01-24 13:48:00,False,,0.0,,True,1496.0,2013-01-24 11:37:00,0.0
ES,2013-01-25,Friday,ODR,1494.75,1490.75,4.0,1495.25,1490.75,4.5,True,LONG,2013-01-25 05:20:00,1496.0,True,True,True,0.625,0.0,0.625,1497.25,2013-01-25 07:44:00,0.125,1494.25,2013-01-25 06:16:00,True,2013-01-25 07:35:00,0.125,0.0,True,1494.75,2013-01-25 06:00:00,0.0
ES,2013-01-25,Friday,RDR,1496.75,1491.25,5.5,1497.25,1491.0,6.25,True,LONG,2013-01-25 13:40:00,1497.5,True,True,True,0.3182,0.0909,0.3182,1498.5,2013-01-25 14:50:00,0.5,1494.0,2013-01-25 15:45:00,False,,0.0455,,True,1496.75,2013-01-25 13:49:00,0.0
ES,2013-01-28,Monday,ADR,1497.0,1495.5,1.5,1497.25,1495.5,1.75,True,LONG,2013-01-28 00:40:00,1497.5,True,True,True,0.5,0.0,0.5,1497.75,2013-01-28 01:13:00,0.0,1497.0,2013-01-28 01:50:00,True,2013-01-28 01:13:00,0.0,0.0,True,1497.0,2013-01-28 01:50:00,0.0
ES,2013-01-28,Monday,ODR,1496.25,1495.25,1.0,1496.5,1495.25,1.25,True,LONG,2013-01-28 05:30:00,1496.75,True,True,True,2.0,0.25,2.0,1498.25,2013-01-28 07:58:00,0.5,1495.75,2013-01-28 06:09:00,True,2013-01-28 05:35:00,0.5,0.5,True,1496.25,2013-01-28 05:48:00,0.0
ES,2013-01-28,Monday,RDR,1499.25,1492.0,7.25,1499.25,1491.25,8.0,False,,,,,,,0.0,0.0,,,,,,,False,,,,False,,,
ES,2013-01-29,Tuesday,ODR,1497.25,1495.75,1.5,1497.25,1495.75,1.5,True,SHORT,2013-01-29 04:15:00,1495.25,True,True,True,0.0,3.1667,3.1667,1491.0,2013-01-29 06:32:00,0.0,1495.75,2013-01-29 04:29:00,True,2013-01-29 04:35:00,0.0,0.0,True,1495.75,2013-01-29 04:29:00,0.0
ES,2013-01-29,Tuesday,RDR,1497.5,1493.25,4.25,1497.75,1493.0,4.75,True,LONG,2013-01-29 11:20:00,1499.5,True,False,,1.6471,0.0,1.6471,1504.5,2013-01-29 15:33:00,0.0,1499.0,2013-01-29 11:25:00,True,2013-01-29 11:27:00,0.0,0.0,False,,,
ES,2013-01-30,Wednesday,ODR,1505.75,1504.25,1.5,1505.75,1504.0,1.75,True,SHORT,2013-01-30 07:45:00,1503.75,True,True,True,0.0,1.8333,1.8333,1501.5,2013-01-30 08:29:00,0.1667,1504.5,2013-01-30 08:15:00,True,2013-01-30 07:50:00,0.1667,0.1667,True,1504.5,2013-01-30 08:15:00,0.1667
ES,2013-01-30,Wednesday,RDR,1505.25,1499.25,6.0,1505.25,1499.25,6.0,True,SHORT,2013-01-30 10:40:00,1499.0,True,True,True,0.0,0.6667,0.6667,1495.25,2013-01-30 15:53:00,0.6667,1503.25,2013-01-30 12:59:00,True,2013-01-30 15:36:00,0.6667,0.0,True,1499.75,2013-01-30 10:45:00,0.0833
ES,2013-01-31,Thursday,ODR,1495.5,1494.0,1.5,1495.75,1494.0,1.75,True,SHORT,2013-01-31 04:05:00,1493.75,False,True,True,0.1667,1.3333,1.3333,1492.0,2013-01-31 08:29:00,1.1667,1495.75,2013-01-31 05:04:00,True,2013-01-31 04:17:00,1.1667,1.1667,True,1494.0,2013-01-31 04:11:00,0.0
ES,2013-01-31,Thursday,RDR,1499.75,1493.5,6.25,1499.75,1493.25,6.5,True,SHORT,2013-01-31 11:30:00,1492.25,True,True,False,0.0,0.24,0.24,1492.0,2013-01-31 11:35:00,0.72,1498.0,2013-01-31 14:35:00,False,,0.0,,True,1493.5,2013-01-31 11:37:00,0.0
ES,2013-02-01,Friday,ADR,1498.0,1496.0,2.0,1498.0,1496.0,2.0,True,SHORT,2013-01-31 21:55:00,1495.75,False,True,False,0.25,0.125,0.125,1495.75,2013-01-31 22:09:00,1.25,1498.5,2013-02-01 00:07:00,False,,0.0,,True,1496.0,2013-01-31 22:04:00,0.0
ES,2013-02-01,Friday,ODR,1498.75,1496.5,2.25,1499.0,1496.25,2.75,True,LONG,2013-02-01 04:05:00,1499.25,True,True,False,0.6667,0.3333,0.6667,1500.25,2013-02-01 08:27:00,1.3333,1495.75,2013-02-01 06:02:00,True,2013-02-01 08:25:00,1.3333,0.1111,True,1498.75,2013-02-01 04:11:00,0.0
ES,2013-02-01,Friday,RDR,1506.0,1500.5,5.5,1507.25,1500.0,7.25,True,LONG,2013-02-01 11:40:00,1507.5,True,False,,0.7273,0.0,0.7273,1510.0,2013-02-01 13:58:00,0.0,1506.5,2013-02-01 15:30:00,True,2013-02-01 12:07:00,0.0,0.0,False,,,
ES,2013-02-04,Monday,ODR,1507.0,1505.75,1.25,1507.25,1505.5,1.75,True,LONG,2013-02-04 04:15:00,1507.5,False,True,False,0.6,6.4,0.6,1507.75,2013-02-04 04:20:00,7.4,1497.75,2013-02-04 08:17:00,True,2013-02-04 04:20:00,0.0,7.4,True,1507.0,2013-02-04 04:22:00,0.0
ES,2013-02-04,Monday,RDR,1501.0,1498.5,2.5,1501.5,1497.75,3.75,True,SHORT,2013-02-04 10:35:00,1497.25,True,True,True,0.0,3.3,3.3,1490.25,2013-02-04 15:51:00,0.0,1498.5,2013-02-04 10:41:00,True,2013-02-04 10:40:00,0.0,0.0,True,1498.5,2013-02-04 10:41:00,0.0
ES,2013-02-05,Tuesday,ADR,1495.75,1494.25,1.5,1495.75,1494.25,1.5,True,SHORT,2013-02-04 21:25:00,1494.0,True,True,False,0.0,0.3333,0.3333,1493.75,2013-02-04 21:30:00,1.0,1495.75,2013-02-05 00:14:00,False,,0.0,,True,1494.25,2013-02-04 21:36:00,0.0
ES,2013-02-05,Tuesday,ODR,1498.0,1494.0,4.0,1498.0,1494.0,4.0,True,LONG,2013-02-05 04:35:00,1498.25,True,True,True,0.875,0.0,0.875,1501.5,2013-02-05 07:08:00,0.25,1497.0,2013-02-05 05:03:00,True,2013-02-05 06:24:00,0.25,0.0,True,1498.0,2013-02-05 04:40:00,0.0
ES,2013-02-05,Tuesday,RDR,1504.25,1499.75,4.5,1504.75,1499.0,5.75,True,LONG,2013-02-05 10:35:00,1505.25,True,True,True,1.4444,0.0,1.4444,1510.75,2013-02-05 14:45:00,0.1667,1503.5,2013-02-05 12:30:00,True,2013-02-05 13:26:00,0.1667,0.0,True,1504.25,2013-02-05 11:09:00,0.0
ES,2013-02-06,Wednesday,ADR,1507.5,1506.0,1.5,1507.75,1506.0,1.75,True,LONG,2013-02-05 20:30:00,1508.0,True,True,True,0.8333,0.0,0.8333,1508.75,2013-02-06 01:58:00,0.5,1506.75,2013-02-05 22:47:00,True,2013-02-05 20:43:00,0.5,0.5,True,1507.5,2013-02-05 20:36:00,0.0
ES,2013-02-06,Wednesday,ODR,1510.0,1505.75,4.25,1510.0,1505.75,4.25,True,SHORT,2013-02-06 07:15:00,1505.25,True,False,,0.0,1.2353,1.2353,1500.5,2013-02-06 08:10:00,0.0,1505.5,2013-02-06 07:20:00,True,2013-02-06 07:53:00,0.0,0.0,False,,,
ES,2013-02-06,Wednesday,RDR,1504.75,1500.5,4.25,1505.0,1500.0,5.0,True,LONG,2013-02-06 10:50:00,1505.75,True,True,True,0.8824,0.0,0.8824,1508.5,2013-02-06 12:45:00,0.7647,1501.5,2013-02-06 13:30:00,True,2013-02-06 11:04:00,0.0,0.7647,True,1504.75,2013-02-06 10:58:00,0.0
ES,2013-02-07,Thursday,ODR,1506.25,1504.0,2.25,1506.5,1504.0,2.5,True,LONG,2013-02-07 04:40:00,1506.75,True,False,,2.0,0.0,2.0,1510.75,2013-02-07 06:07:00,0.0,1506.75,2013-02-07 04:47:00,True,2013-02-07 04:49:00,0.0,0.0,False,,,
ES,2013-02-07,Thursday,RDR,1508.25,1498.75,9.5,1509.25,1497.75,11.5,True,SHORT,2013-02-07 10:35:00,1497.5,True,True,False,0.0,0.4474,0.4474,1494.5,2013-02-07 11:44:00,0.7368,1505.75,2013-02-07 15:56:00,False,,0.0526,,True,1498.75,2013-02-07 11:07:00,0.0
ES,2013-02-08,Friday,ODR,1506.75,1505.25,1.5,1506.75,1505.0,1.75,True,LONG,2013-02-08 04:10:00,1507.0,False,True,False,0.3333,1.0,0.1667,1507.0,2013-02-08 07:44:00,2.0,1503.75,2013-02-08 05:02:00,False,,2.0,,True,1506.75,2013-02-08 04:15:00,0.0
ES,2013-02-08,Friday,RDR,1514.25,1508.25,6.0,1514.25,1508.25,6.0,False,,,,,,,0.0833,0.0,,,,,,,False,,,,False,,,
ES,2013-02-11,Monday,ODR,1513.75,1512.0,1.75,1514.0,1512.0,2.0,True,LONG,2013-02-11 04:20:00,1514.25,True,False,,1.7143,0.0,1.7143,1516.75,2013-02-11 04:54:00,0.0,1514.25,2013-02-11 04:27:00,True,2013-02-11 04:47:00,0.0,0.0,False,,,
ES,2013-02-11,Monday,RDR,1513.0,1510.25,2.75,1513.5,1509.75,3.75,True,LONG,2013-02-11 11:00:00,1514.0,True,True,True,0.6364,0.0,0.6364,1514.75,2013-02-11 15:48:00,0.8182,1510.75,2013-02-11 12:47:00,True,2013-02-11 15:43:00,0.8182,0.0,True,1513.0,2013-02-11 11:27:00,0.0
ES,2013-02-12,Tuesday,ODR,1511.25,1509.0,2.25,1511.25,1509.0,2.25,True,LONG,2013-02-12 04:25:00,1511.5,True,True,True,1.3333,0.0,1.3333,1514.25,2013-02-12 08:25:00,0.7778,1509.5,2013-02-12 04:59:00,True,2013-02-12 05:49:00,0.7778,0.0,True,1511.25,2013-02-12 04:32:00,0.0
ES,2013-02-12,Tuesday,RDR,1516.0,1512.25,3.75,1516.0,1512.0,4.0,True,LONG,2013-02-12 12:40:00,1516.5,True,True,False,0.7333,0.0,0.7333,1518.75,2013-02-12 13:28:00,0.2667,1515.0,2013-02-12 15:45:00,True,2013-02-12 13:20:00,0.0,0.2667,True,1515.75,2013-02-12 15:04:00,0.0667
ES,2013-02-13,Wednesday,ODR,1518.25,1516.75,1.5,1518.25,1516.75,1.5,True,LONG,2013-02-13 06:30:00,1518.5,True,True,True,1.0,0.0,1.0,1519.75,2013-02-13 08:28:00,0.1667,1518.0,2013-02-13 06:43:00,True,2013-02-13 06:55:00,0.1667,0.0,True,1518.25,2013-02-13 06:35:00,0.0
ES,2013-02-13,Wednesday,RDR,1521.5,1518.0,3.5,1521.75,1517.25,4.5,True,SHORT,2013-02-13 11:15:00,1516.5,True,True,True,0.0,1.4286,1.4286,1513.0,2013-02-13 14:54:00,0.0714,1518.25,2013-02-13 13:49:00,True,2013-02-13 11:21:00,0.0714,0.0714,True,1518.0,2013-02-13 13:31:00,0.0
ES,2013-02-14,Thursday,ODR,1517.0,1515.5,1.5,1517.25,1515.5,1.75,True,SHORT,2013-02-14 04:25:00,1515.25,True,False,,0.0,3.6667,3.6667,1510.0,2013-02-14 06:01:00,0.0,1515.25,2013-02-14 04:31:00,True,2013-02-14 04:55:00,0.0,0.0,False,,,
ES,2013-02-14,Thursday,RDR,1515.75,1512.0,3.75,1516.25,1510.75,5.5,True,LONG,2013-02-14 10:35:00,1516.75,True,True,True,1.2,0.0,1.2,1520.25,2013-02-14 15:32:00,0.0,1515.75,2013-02-14 11:43:00,True,2013-02-14 10:41:00,0.0,0.0,True,1515.75,2013-02-14 11:43:00,0.0
ES,2013-02-15,Friday,ODR,1516.25,1514.5,1.75,1516.25,1514.25,2.0,True,LONG,2013-02-15 05:15:00,1516.5,True,True,True,1.1429,0.1429,1.1429,1518.25,2013-02-15 08:17:00,0.1429,1516.0,2013-02-15 05:40:00,True,2013-02-15 06:39:00,0.1429,0.0,True,1516.25,2013-02-15 05:28:00,0.0
ES,2013-02-15,Friday,RDR,1521.25,1518.75,2.5,1521.5,1518.75,2.75,True,SHORT,2013-02-15 10:35:00,1518.5,True,True,True,0.0,3.0,3.0,1511.25,2013-02-15 14:46:00,0.8,1520.75,2013-02-15 10:59:00,True,2013-02-15 11:40:00,0.8,0.1,True,1519.0,2013-02-15 10:43:00,0.1
ES,2013-02-18,Monday,ODR,1518.25,1516.25,2.0,1518.25,1516.0,2.25,False,,,,,,,0.25,0.125,,,,,,,False,,,,False,,,
ES,2013-02-19,Tuesday,ODR,1518.0,1515.75,2.25,1518.5,1515.5,3.0,True,LONG,2013-02-19 04:45:00,1519.25,True,True,True,1.1111,0.0,1.1111,1520.5,2013-02-19 07:20:00,0.0,1518.0,2013-02-19 06:53:00,True,2013-02-19 04:50:00,0.0,0.0,True,1518.0,2013-02-19 06:53:00,0.0
ES,2013-02-19,Tuesday,RDR,1524.5,1519.75,4.75,1524.5,1519.75,4.75,True,LONG,2013-02-19 11:25:00,1525.5,True,True,True,0.8421,0.0,0.8421,1528.5,2013-02-19 15:59:00,0.1053,1524.0,2013-02-19 11:42:00,True,2013-02-19 14:07:00,0.1053,0.0,True,1524.5,2013-02-19 11:31:00,0.0
ES,2013-02-20,Wednesday,ODR,1529.75,1527.25,2.5,1529.75,1527.25,2.5,True,SHORT,2013-02-20 07:05:00,1527.0,True,True,True,0.0,0.3,0.3,1526.5,2013-02-20 07:14:00,0.1,1527.5,2013-02-20 07:24:00,False,,0.0,,True,1527.25,2013-02-20 07:23:00,0.0
ES,2013-02-20,Wednesday,RDR,1527.5,1525.0,2.5,1527.75,1524.75,3.0,True,SHORT,2013-02-20 10:45:00,1524.5,True,True,True,0.0,6.5,6.5,1508.75,2013-02-20 15:56:00,0.0,1525.0,2013-02-20 10:52:00,True,2013-02-20 11:00:00,0.0,0.0,True,1525.0,2013-02-20 10:52:00,0.0
ES,2013-02-21,Thursday,ODR,1508.25,1503.0,5.25,1508.25,1502.25,6.0,True,SHORT,2013-02-21 04:25:00,1501.75,True,True,False,0.0,0.381,0.381,1501.0,2013-02-21 04:35:00,0.381,1505.0,2013-02-21 08:16:00,False,,0.0,,True,1503.0,2013-02-21 04:52:00,0.0
ES,2013-02-21,Thursday,RDR,1505.0,1498.5,6.5,1505.0,1497.25,7.75,True,SHORT,2013-02-21 14:00:00,1496.25,True,True,False,0.0,0.5385,0.5385,1495.0,2013-02-21 14:25:00,0.9231,1504.5,2013-02-21 15:26:00,True,2013-02-21 14:09:00,0.0,0.9231,True,1498.5,2013-02-21 14:34:00,0.0
ES,2013-02-22,Friday,ADR,1504.0,1502.25,1.75,1504.0,1502.0,2.0,True,LONG,2013-02-21 21:10:00,1504.5,True,False,,1.4286,0.0,1.4286,1506.5,2013-02-21 22:35:00,0.0,1504.25,2013-02-21 21:20:00,True,2013-02-21 21:25:00,0.0,0.0,False,,,
ES,2013-02-22,Friday,ODR,1506.5,1504.75,1.75,1506.75,1504.5,2.25,True,LONG,2013-02-22 04:05:00,1507.0,True,True,True,1.7143,0.1429,1.7143,1509.5,2013-02-22 08:17:00,1.1429,1504.5,2013-02-22 05:01:00,True,2013-02-22 06:30:00,1.1429,0.0,True,1506.5,2013-02-22 04:18:00,0.0
ES,2013-02-22,Friday,RDR,1508.5,1504.5,4.0,1509.25,1504.0,5.25,True,LONG,2013-02-22 12:35:00,1509.5,True,False,,1.375,0.3125,1.375,1514.0,2013-02-22 15:59:00,0.0,1508.75,2013-02-22 14:09:00,True,2013-02-22 12:47:00,0.0,0.0,False,,,
ES,2013-02-25,Monday,ODR,1517.5,1514.75,2.75,1517.5,1514.5,3.0,True,LONG,2013-02-25 05:10:00,1517.75,True,True,True,2.0909,0.0,2.0909,1523.25,2013-02-25 07:17:00,0.0909,1517.25,2013-02-25 05:19:00,True,2013-02-25 05:28:00,0.0909,0.0,True,1517.5,2013-02-25 05:16:00,0.0
ES,2013-02-25,Monday,RDR,1523.5,1516.0,7.5,1524.25,1515.5,8.75,True,SHORT,2013-02-25 10:45:00,1514.75,True,True,True,0.0,4.0667,4.0667,1485.5,2013-02-25 15:59:00,0.1,1516.75,2013-02-25 11:17:00,True,2013-02-25 10:53:00,0.1,0.1,True,1516.0,2013-02-25 11:15:00,0.0
ES,2013-02-26,Tuesday,ODR,1492.5,1487.75,4.75,1493.0,1487.5,5.5,False,,,,,,,0.1053,0.0,,,,,,,False,,,,False,,,
ES,2013-02-26,Tuesday,RDR,1496.75,1488.5,8.25,1496.75,1488.5,8.25,True,SHORT,2013-02-26 10:30:00,1486.75,True,True,False,0.0909,0.697,0.697,1482.75,2013-02-26 11:45:00,1.0909,1497.5,2013-02-26 15:44:00,True,2013-02-26 11:43:00,0.4545,1.0909,True,1488.5,2013-02-26 10:40:00,0.0
ES,2013-02-27,Wednesday,ADR,1494.0,1490.5,3.5,1494.25,1490.5,3.75,False,,,,,,,0.0,0.0,,,,,,,False,,,,False,,,
ES,2013-02-27,Wednesday,ODR,1493.75,1491.5,2.25,1493.75,1491.5,2.25,True,SHORT,2013-02-27 04:35:00,1491.25,False,True,False,1.3333,0.5556,0.5556,1490.25,2013-02-27 04:48:00,2.3333,1496.75,2013-02-27 07:57:00,True,2013-02-27 04:48:00,0.0,2.3333,True,1492.25,2013-02-27 04:54:00,0.3333
ES,2013-02-27,Wednesday,RDR,1504.5,1494.75,9.75,1504.5,1493.25,11.25,True,LONG,2013-02-27 10:35:00,1505.25,True,True,True,1.4872,0.0,1.4872,1519.0,2013-02-27 15:25:00,0.1795,1502.75,2013-02-27 10:49:00,True,2013-02-27 12:09:00,0.1795,0.0,True,1504.5,2013-02-27 10:47:00,0.0
ES,2013-02-28,Thursday,ADR,1516.5,1515.0,1.5,1516.5,1515.0,1.5,True,LONG,2013-02-27 22:20:00,1516.75,True,True,True,1.1667,0.0,1.1667,1518.25,2013-02-28 00:45:00,0.1667,1516.25,2013-02-27 22:30:00,True,2013-02-27 22:29:00,0.1667,0.1667,True,1516.25,2013-02-27 22:30:00,0.1667
ES,2013-02-28,Thursday,ODR,1518.25,1516.0,2.25,1518.5,1515.75,2.75,True,SHORT,2013-02-28 04:25:00,1515.5,False,True,False,0.3333,0.2222,0.1111,1515.75,2013-02-28 04:31:00,1.3333,1519.0,2013-02-28 06:47:00,False,,0.0,,True,1516.0,2013-02-28 04:31:00,0.0
ES,2013-02-28,Thursday,RDR,1519.75,1513.75,6.0,1520.25,1513.25,7.0,True,LONG,2013-02-28 13:15:00,1521.0,False,True,False,0.75,0.375,0.75,1524.25,2013-02-28 14:30:00,1.375,1511.5,2013-02-28 15:59:00,True,2013-02-28 13:26:00,0.0,1.375,True,1519.5,2013-02-28 15:05:00,0.0417
ES,2013-03-01,Friday,ODR,1513.0,1510.0,3.0,1513.25,1510.0,3.25,True,SHORT,2013-03-01 04:50:00,1509.25,True,True,True,0.0833,2.25,2.25,1503.25,2013-03-01 08:12:00,0.0,1510.0,2013-03-01 05:16:00,True,2013-03-01 04:55:00,0.0,0.0,True,1510.0,2013-03-01 05:16:00,0.0
ES,2013-03-01,Friday,RDR,1509.75,1500.75,9.0,1509.75,1499.75,10.0,True,LONG,2013-03-01 10:30:00,1510.75,True,True,True,1.0,0.0,1.0,1518.75,2013-03-01 12:58:00,0.0833,1509.0,2013-03-01 11:42:00,True,2013-03-01 10:53:00,0.0833,0.0833,True,1509.0,2013-03-01 11:42:00,0.0833
ES,2013-03-04,Monday,ODR,1511.0,1508.5,2.5,1511.0,1508.5,2.5,True,LONG,2013-03-04 04:10:00,1511.75,True,True,True,2.1,0.0,2.1,1516.25,2013-03-04 07:40:00,0.7,1509.25,2013-03-04 06:25:00,True,2013-03-04 04:16:00,0.7,0.7,True,1511.0,2013-03-04 04:44:00,0.0
ES,2013-03-04,Monday,RDR,1516.0,1512.5,3.5,1516.25,1511.5,4.75,True,LONG,2013-03-04 11:15:00,1516.5,False,True,True,2.2857,0.5714,2.2857,1524.0,2013-03-04 15:59:00,1.5714,1510.5,2013-03-04 12:34:00,True,2013-03-04 13:46:00,1.5714,0.0,True,1515.75,2013-03-04 11:20:00,0.0714
ES,2013-03-05,Tuesday,ODR,1528.5,1526.5,2.0,1528.75,1526.25,2.5,True,LONG,2013-03-05 04:00:00,1529.0,True,True,True,1.5,0.0,1.5,1531.5,2013-03-05 08:18:00,0.5,1527.5,2013-03-05 06:39:00,True,2013-03-05 04:05:00,0.5,0.5,True,1528.5,2013-03-05 04:21:00,0.0
ES,2013-03-05,Tuesday,RDR,1538.25,1532.25,6.0,1538.5,1532.0,6.5,True,LONG,2013-03-05 10:30:00,1539.0,True,True,True,0.7083,0.0,0.7083,1542.5,2013-03-05 13:34:00,0.2917,1536.5,2013-03-05 15:54:00,True,2013-03-05 11:14:00,0.0,0.2917,True,1538.25,2013-03-05 11:03:00,0.0
ES,2013-03-06,Wednesday,ODR,1542.0,1539.5,2.5,1542.25,1539.5,2.75,True,LONG,2013-03-06 04:05:00,1542.5,True,True,True,1.0,0.0,1.0,1544.5,2013-03-06 08:15:00,0.3,1541.25,2013-03-06 06:07:00,True,2013-03-06 04:11:00,0.3,0.3,True,1542.0,2013-03-06 05:45:00,0.0
ES,2013-03-06,Wednesday,RDR,1544.0,1541.0,3.0,1544.5,1540.75,3.75,True,SHORT,2013-03-06 10:30:00,1540.0,True,True,True,0.0,1.3333,1.3333,1537.0,2013-03-06 12:10:00,1.0,1544.0,2013-03-06 14:50:00,True,2013-03-06 10:57:00,0.25,1.0,True,1541.0,2013-03-06 10:38:00,0.0
ES,2013-03-07,Thursday,ODR,1541.25,1539.75,1.5,1541.25,1539.75,1.5,True,LONG,2013-03-07 04:45:00,1541.5,False,True,False,0.6667,0.6667,0.6667,1542.25,2013-03-07 04:56:00,1.6667,1538.75,2013-03-07 07:48:00,True,2013-03-07 04:54:00,0.0,1.6667,True,1541.25,2013-03-07 05:26:00,0.0
ES,2013-03-07,Thursday,RDR,1544.0,1541.75,2.25,1544.5,1540.75,3.75,False,,,,,,,0.5556,0.4444,,,,,,,False,,,,False,,,
ES,2013-03-08,Friday,ODR,1547.75,1544.75,3.0,1547.75,1544.75,3.0,True,LONG,2013-03-08 05:40:00,1548.0,True,True,False,0.25,0.0,0.25,1548.5,2013-03-08 05:49:00,0.4167,1546.5,2013-03-08 07:56:00,False,,0.0,,True,1547.75,2013-03-08 06:03:00,0.0
ES,2013-03-08,Friday,RDR,1550.25,1542.75,7.5,1551.25,1542.25,9.0,True,LONG,2013-03-08 15:40:00,1551.5,True,True,False,0.2,0.0,0.2,1551.75,2013-03-08 15:49:00,0.1,1549.5,2013-03-08 15:57:00,False,,0.0,,True,1550.0,2013-03-08 15:56:00,0.0333
ES,2013-03-11,Monday,ODR,1549.0,1547.0,2.0,1549.25,1547.0,2.25,True,SHORT,2013-03-11 04:25:00,1546.75,True,True,False,0.0,0.75,0.75,1545.5,2013-03-11 07:31:00,0.75,1548.5,2013-03-11 05:12:00,True,2013-03-11 07:30:00,0.75,0.5,True,1547.25,2013-03-11 04:39:00,0.125
ES,2013-03-11,Monday,RDR,1549.25,1547.5,1.75,1549.75,1547.0,2.75,True,LONG,2013-03-11 11:10:00,1550.25,True,False,,3.7143,0.0,3.7143,1555.75,2013-03-11 14:48:00,0.0,1549.5,2013-03-11 11:22:00,True,2013-03-11 11:15:00,0.0,0.0,False,,,
ES,2013-03-12,Tuesday,RDR,1556.25,1553.25,3.0,1556.25,1552.75,3.5,True,SHORT,2013-03-12 11:00:00,1552.5,True,False,,0.0,1.9167,1.9167,1547.5,2013-03-12 14:12:00,0.0,1553.0,2013-03-12 11:57:00,True,2013-03-12 11:05:00,0.0,0.0,False,,,
ES,2013-03-13,Wednesday,ADR,1554.75,1552.5,2.25,1554.75,1552.5,2.25,True,LONG,2013-03-12 21:10:00,1555.0,False,True,False,0.2222,0.4444,0.2222,1555.25,2013-03-12 21:15:00,1.4444,1551.5,2013-03-12 23:26:00,False,,0.0,,True,1554.75,2013-03-12 21:22:00,0.0
ES,2013-03-13,Wednesday,RDR,1553.0,1548.5,4.5,1553.5,1548.0,5.5,True,LONG,2013-03-13 12:25:00,1554.0,True,True,True,0.7778,0.0,0.7778,1556.5,2013-03-13 13:46:00,0.0,1553.0,2013-03-13 15:09:00,True,2013-03-13 12:38:00,0.0,0.0,True,1553.0,2013-03-13 15:09:00,0.0
ES,2013-03-14,Thursday,ODR,1558.5,1556.0,2.5,1558.5,1556.0,2.5,True,LONG,2013-03-14 04:10:00,1559.0,True,True,True,0.7,0.0,0.7,1560.25,2013-03-14 08:18:00,0.5,1557.25,2013-03-14 06:20:00,True,2013-03-14 08:07:00,0.5,0.0,True,1558.5,2013-03-14 04:47:00,0.0
ES,2013-03-14,Thursday,RDR,1561.0,1558.25,2.75,1561.25,1557.75,3.5,True,LONG,2013-03-14 12:15:00,1561.5,True,True,True,0.8182,0.0,0.8182,1563.25,2013-03-14 15:45:00,0.6364,1559.25,2013-03-14 13:56:00,True,2013-03-14 15:40:00,0.6364,0.0,True,1561.0,2013-03-14 12:20:00,0.0
ES,2013-03-15,Friday,ODR,1564.5,1563.25,1.25,1564.75,1563.25,1.5,True,SHORT,2013-03-15 04:00:00,1562.5,True,False,,0.0,2.4,2.4,1560.25,2013-03-15 06:08:00,0.0,1563.0,2013-03-15 08:23:00,True,2013-03-15 04:05:00,0.0,0.0,False,,,
ES,2013-03-18,Monday,ADR,1538.25,1536.0,2.25,1538.75,1536.0,2.75,True,SHORT,2013-03-17 21:05:00,1535.25,True,True,True,0.0,2.8889,2.8889,1529.5,2013-03-18 01:24:00,0.1111,1536.25,2013-03-17 22:52:00,True,2013-03-17 21:16:00,0.1111,0.1111,True,1536.25,2013-03-17 22:52:00,0.1111
ES,2013-03-18,Monday,ODR,1535.75,1530.0,5.75,1536.0,1530.0,6.0,True,LONG,2013-03-18 04:05:00,1537.0,True,False,,1.0435,0.0,1.0435,1541.75,2013-03-18 08:02:00,0.0,1537.0,2013-03-18 04:10:00,True,2013-03-18 04:16:00,0.0,0.0,False,,,
ES,2013-03-18,Monday,RDR,1546.25,1538.5,7.75,1547.0,1537.75,9.25,True,LONG,2013-03-18 11:20:00,1547.5,True,True,False,0.7742,0.0,0.7742,1552.25,2013-03-18 14:29:00,0.3548,1543.5,2013-03-18 15:44:00,True,2013-03-18 12:01:00,0.0323,0.3548,True,1546.25,2013-03-18 11:31:00,0.0
ES,2013-03-19,Tuesday,ODR,1548.25,1546.75,1.5,1548.5,1546.75,1.75,True,SHORT,2013-03-19 04:05:00,1546.5,False,True,False,1.6667,1.0,1.0,1545.25,2013-03-19 05:33:00,2.6667,1550.75,2013-03-19 08:16:00,True,2013-03-19 04:42:00,0.8333,2.6667,True,1546.75,2013-03-19 04:11:00,0.0
ES,2013-03-19,Tuesday,RDR,1550.5,1546.0,4.5,1550.75,1545.5,5.25,True,SHORT,2013-03-19 10:30:00,1545.25,True,True,True,0.0,3.1667,3.1667,1531.75,2013-03-19 13:25:00,0.2778,1547.25,2013-03-19 11:30:00,True,2013-03-19 10:49:00,0.2778,0.2778,True,1546.0,2013-03-19 10:42:00,0.0
ES,2013-03-20,Wednesday,ODR,1546.0,1542.25,3.75,1546.0,1542.0,4.0,True,LONG,2013-03-20 04:05:00,1547.0,True,True,True,1.7333,0.0,1.7333,1552.5,2013-03-20 08:15:00,0.2,1545.25,2013-03-20 07:41:00,True,2013-03-20 04:25:00,0.2,0.2,True,1545.75,2013-03-20 07:36:00,0.0667
ES,2013-03-20,Wednesday,RDR,1553.0,1550.0,3.0,1553.0,1549.5,3.5,True,SHORT,2013-03-20 10:35:00,1549.25,False,True,False,0.8333,0.4167,0.4167,1548.75,2013-03-20 10:40:00,1.8333,1555.5,2013-03-20 15:45:00,False,,0.0,,True,1550.25,2013-03-20 10:44:00,0.0833
ES,2013-03-21,Thursday,ADR,1549.75,1549.0,0.75,1550.0,1549.0,1.0,True,SHORT,2013-03-20 20:35:00,1548.75,False,True,True,0.6667,2.0,2.0,1547.5,2013-03-20 21:30:00,1.6667,1550.25,2013-03-20 21:59:00,True,2013-03-20 20:48:00,0.0,1.6667,True,1549.0,2013-03-20 20:42:00,0.0
ES,2013-03-21,Thursday,RDR,1547.5,1542.25,5.25,1547.5,1541.5,6.0,True,LONG,2013-03-21 11:40:00,1548.5,False,True,False,0.2381,1.0952,0.2381,1548.75,2013-03-21 11:45:00,2.0952,1536.5,2013-03-21 14:07:00,False,,0.0,,True,1547.5,2013-03-21 11:46:00,0.0
ES,2013-03-22,Friday,ODR,1539.0,1536.5,2.5,1539.0,1536.25,2.75,True,LONG,2013-03-22 04:00:00,1539.25,True,True,True,1.8,0.0,1.8,1543.5,2013-03-22 07:41:00,0.9,1536.75,2013-03-22 04:24:00,True,2013-03-22 06:48:00,0.9,0.0,True,1539.0,2013-03-22 04:05:00,0.0
ES,2013-03-22,Friday,RDR,1549.0,1543.0,6.0,1549.25,1543.0,6.25,True,LONG,2013-03-22 11:25:00,1549.5,True,True,True,0.375,0.0,0.375,1551.25,2013-03-22 13:30:00,0.4583,1546.25,2013-03-22 15:26:00,False,,0.4167,,True,1549.0,2013-03-22 11:38:00,0.0
ES,2013-03-25,Monday,ADR,1557.75,1553.75,4.0,1558.0,1553.5,4.5,True,LONG,2013-03-24 21:35:00,1558.25,True,True,True,0.4375,0.0,0.4375,1559.5,2013-03-24 23:27:00,0.0,1557.75,2013-03-24 22:23:00,False,,0.0,,True,1557.75,2013-03-24 22:23:00,0.0
ES,2013-03-25,Monday,ODR,1558.25,1556.5,1.75,1558.75,1556.25,2.5,True,LONG,2013-03-25 05:40:00,1559.25,True,True,False,1.1429,0.1429,1.1429,1560.25,2013-03-25 06:12:00,0.7143,1557.0,2013-03-25 07:11:00,True,2013-03-25 05:45:00,0.0,0.7143,True,1558.25,2013-03-25 06:59:00,0.0
ES,2013-03-25,Monday,RDR,1558.25,1554.0,4.25,1558.25,1553.75,4.5,True,SHORT,2013-03-25 10:35:00,1553.25,True,False,,0.0,3.4706,3.4706,1539.25,2013-03-25 13:11:00,0.0,1553.25,2013-03-25 10:40:00,True,2013-03-25 10:41:00,0.0,0.0,False,,,
ES,2013-03-26,Tuesday,ADR,1549.0,1548.0,1.0,1549.0,1548.0,1.0,True,LONG,2013-03-25 21:05:00,1550.25,True,True,True,2.0,0.0,2.0,1551.0,2013-03-25 21:12:00,0.75,1548.25,2013-03-25 22:17:00,True,2013-03-25 21:10:00,0.0,0.75,True,1549.0,2013-03-25 21:34:00,0.0
ES,2013-03-26,Tuesday,ODR,1550.75,1548.5,2.25,1550.75,1548.5,2.25,True,SHORT,2013-03-26 07:55:00,1548.0,True,True,False,0.2222,0.3333,0.3333,1547.75,2013-03-26 08:00:00,0.7778,1550.25,2013-03-26 08:29:00,False,,0.0,,True,1548.5,2013-03-26 08:02:00,0.0
ES,2013-03-26,Tuesday,RDR,1554.75,1551.5,3.25,1555.5,1551.5,4.0,True,LONG,2013-03-26 14:20:00,1555.75,True,True,True,1.0769,0.3846,1.0769,1558.25,2013-03-26 15:59:00,0.1538,1554.25,2013-03-26 14:47:00,True,2013-03-26 15:13:00,0.1538,0.0,True,1554.75,2013-03-26 14:35:00,0.0
ES,2013-03-27,Wednesday,ODR,1559.75,1558.25,1.5,1560.25,1558.25,2.0,True,SHORT,2013-03-27 04:10:00,1557.5,True,True,True,0.0,6.8333,6.8333,1548.0,2013-03-27 08:04:00,0.3333,1558.75,2013-03-27 04:17:00,True,2013-03-27 04:15:00,0.3333,0.3333,True,1558.25,2013-03-27 04:16:00,0.0
ES,2013-03-27,Wednesday,RDR,1550.0,1546.25,3.75,1551.0,1545.75,5.25,True,LONG,2013-03-27 10:40:00,1552.0,True,False,,2.1333,0.0,2.1333,1558.0,2013-03-27 15:31:00,0.0,1550.75,2013-03-27 11:06:00,True,2013-03-27 10:45:00,0.0,0.0,False,,,
ES,2013-03-28,Thursday,ODR,1553.75,1552.0,1.75,1553.75,1551.75,2.0,True,LONG,2013-03-28 04:00:00,1555.5,False,True,True,2.8571,0.4286,2.8571,1558.75,2013-03-28 07:42:00,1.4286,1551.25,2013-03-28 05:28:00,True,2013-03-28 04:05:00,1.4286,1.4286,True,1553.75,2013-03-28 04:50:00,0.0
ES,2013-03-28,Thursday,RDR,1558.5,1555.25,3.25,1559.25,1554.75,4.5,True,LONG,2013-03-28 10:35:00,1559.5,True,True,True,1.7692,0.0,1.7692,1564.25,2013-03-28 15:58:00,0.0769,1558.25,2013-03-28 12:29:00,True,2013-03-28 10:55:00,0.0769,0.0769,True,1558.5,2013-03-28 12:25:00,0.0
ES,2013-04-01,Monday,ODR,1561.0,1560.0,1.0,1561.25,1560.0,1.25,True,SHORT,2013-04-01 04:15:00,1559.75,False,True,False,2.75,0.5,0.5,1559.5,2013-04-01 04:20:00,3.75,1563.75,2013-04-01 07:36:00,True,2013-04-01 04:20:00,0.0,3.75,True,1560.0,2013-04-01 04:33:00,0.0
ES,2013-04-01,Monday,RDR,1564.5,1558.5,6.0,1564.75,1557.5,7.25,True,SHORT,2013-04-01 10:35:00,1556.75,True,False,,0.0,1.0,1.0,1552.5,2013-04-01 15:33:00,0.0,1558.25,2013-04-01 13:26:00,True,2013-04-01 10:41:00,0.0,0.0,False,,,
ES,2013-04-02,Tuesday,ADR,1556.75,1554.5,2.25,1556.75,1554.25,2.5,True,LONG,2013-04-01 21:50:00,1557.25,True,True,False,0.6667,0.0,0.6667,1558.25,2013-04-01 22:06:00,0.5556,1555.5,2013-04-02 01:29:00,True,2013-04-01 22:06:00,0.0,0.5556,True,1556.75,2013-04-01 22:02:00,0.0
ES,2013-04-02,Tuesday,ODR,1559.0,1556.0,3.0,1559.25,1556.0,3.25,True,LONG,2013-04-02 04:20:00,1559.5,True,False,,1.5,0.0,1.5,1563.5,2013-04-02 08:03:00,0.0,1559.25,2013-04-02 04:28:00,True,2013-04-02 04:50:00,0.0,0.0,False,,,
ES,2013-04-02,Tuesday,RDR,1566.25,1561.5,4.75,1566.75,1560.75,6.0,True,LONG,2013-04-02 10:50:00,1567.25,False,True,False,0.3158,0.3684,0.3158,1567.75,2013-04-02 11:04:00,1.3684,1559.75,2013-04-02 15:44:00,False,,0.0,,True,1566.25,2013-04-02 10:56:00,0.0
ES,2013-04-03,Wednesday,ODR,1566.0,1564.75,1.25,1566.25,1564.75,1.5,True,LONG,2013-04-03 04:00:00,1566.5,True,True,False,1.2,0.4,1.2,1567.5,2013-04-03 05:03:00,1.4,1564.25,2013-04-03 08:25:00,True,2013-04-03 04:08:00,0.0,1.4,True,1565.5,2013-04-03 07:00:00,0.4
ES,2013-04-03,Wednesday,RDR,1566.0,1557.25,8.75,1566.0,1557.25,8.75,True,SHORT,2013-04-03 10:55:00,1556.0,True,False,,0.0,1.5143,1.5143,1544.0,2013-04-03 15:41:00,0.0,1556.25,2013-04-03 11:00:00,True,2013-04-03 12:42:00,0.0,0.0,False,,,
ES,2013-04-04,Thursday,ADR,1549.0,1547.5,1.5,1549.25,1547.5,1.75,True,LONG,2013-04-03 21:15:00,1549.5,False,True,True,2.1667,0.1667,2.1667,1552.25,2013-04-04 01:58:00,1.1667,1547.25,2013-04-03 22:59:00,True,2013-04-04 00:47:00,1.1667,0.0,True,1549.0,2013-04-03 21:29:00,0.0
ES,2013-04-04,Thursday,ODR,1554.25,1551.0,3.25,1554.25,1550.75,3.5,True,LONG,2013-04-04 04:40:00,1554.5,True,True,False,0.6154,0.0,0.6154,1556.25,2013-04-04 05:21:00,0.6154,1552.25,2013-04-04 08:12:00,True,2013-04-04 05:20:00,0.0,0.6154,True,1554.25,2013-04-04 04:55:00,0.0
ES,2013-04-04,Thursday,RDR,1557.25,1549.5,7.75,1557.25,1548.75,8.5,True,SHORT,2013-04-04 13:05:00,1548.25,True,True,False,0.0,0.3548,0.3548,1546.75,2013-04-04 13:15:00,0.7097,1555.0,2013-04-04 15:59:00,False,,0.0,,True,1549.5,2013-04-04 13:27:00,0.0
ES,2013-04-05,Friday,ODR,1552.25,1550.75,1.5,1552.5,1550.5,2.0,True,SHORT,2013-04-05 05:45:00,1549.75,True,False,,0.1667,5.0,5.0,1543.25,2013-04-05 07:42:00,0.0,1550.0,2013-04-05 06:04:00,True,2013-04-05 05:50:00,0.0,0.0,False,,,
ES,2013-04-05,Friday,RDR,1538.25,1534.25,4.0,1538.5,1533.25,5.25,True,LONG,2013-04-05 10:50:00,1539.5,True,True,True,2.6875,0.0,2.6875,1549.0,2013-04-05 15:56:00,0.0,1538.25,2013-04-05 12:04:00,True,2013-04-05 10:57:00,0.0,0.0,True,1538.25,2013-04-05 12:04:00,0.0
ES,2013-04-08,Monday,ADR,1548.0,1545.75,2.25,1548.0,1545.5,2.5,True,SHORT,2013-04-07 21:20:00,1545.0,True,True,True,0.0,0.3333,0.3333,1545.0,2013-04-07 21:28:00,0.8889,1547.75,2013-04-08 00:55:00,False,,0.0,,True,1545.75,2013-04-07 21:37:00,0.0
ES,2013-04-08,Monday,ODR,1549.5,1545.75,3.75,1549.5,1545.5,4.0,True,LONG,2013-04-08 04:40:00,1550.0,True,True,True,0.6,0.0,0.6,1551.75,2013-04-08 07:17:00,0.1333,1549.0,2013-04-08 05:16:00,True,2013-04-08 07:12:00,0.1333,0.0,True,1549.5,2013-04-08 05:07:00,0.0
ES,2013-04-08,Monday,RDR,1548.5,1543.5,5.0,1548.5,1543.0,5.5,True,LONG,2013-04-08 13:40:00,1549.75,True,False,,1.9,0.0,1.9,1558.0,2013-04-08 15:59:00,0.0,1549.5,2013-04-08 13:45:00,True,2013-04-08 13:48:00,0.0,0.0,False,,,
ES,2013-04-09,Tuesday,ODR,1560.75,1559.25,1.5,1560.75,1559.25,1.5,True,LONG,2013-04-09 04:05:00,1562.0,True,True,True,1.3333,0.0,1.3333,1562.75,2013-04-09 04:30:00,0.8333,1559.5,2013-04-09 05:02:00,True,2013-04-09 04:10:00,0.0,0.8333,True,1560.5,2013-04-09 04:51:00,0.1667
ES,2013-04-09,Tuesday,RDR,1561.25,1556.0,5.25,1561.75,1555.5,6.25,True,LONG,2013-04-09 12:30:00,1562.5,True,False,,1.4286,0.0,1.4286,1568.75,2013-04-09 14:43:00,0.0,1561.75,2013-04-09 12:54:00,True,2013-04-09 13:17:00,0.0,0.0,False,,,
ES,2013-04-10,Wednesday,ODR,1566.5,1564.0,2.5,1566.75,1563.75,3.0,True,LONG,2013-04-10 05:05:00,1567.0,True,True,False,0.9,0.0,0.9,1568.75,2013-04-10 06:31:00,0.4,1565.5,2013-04-10 08:22:00,True,2013-04-10 05:47:00,0.0,0.4,True,1566.25,2013-04-10 08:02:00,0.1
ES,2013-04-10,Wednesday,RDR,1574.75,1567.5,7.25,1575.0,1567.0,8.0,True,LONG,2013-04-10 10:40:00,1576.0,True,False,,1.3103,0.0,1.3103,1584.25,2013-04-10 15:45:00,0.0,1575.75,2013-04-10 10:45:00,True,2013-04-10 10:57:00,0.0,0.0,False,,,
ES,2013-04-11,Thursday,ODR,1582.75,1581.75,1.0,1583.0,1581.5,1.5,True,LONG,2013-04-11 04:15:00,1583.5,True,True,False,2.75,0.0,2.75,1585.5,2013-04-11 05:02:00,0.75,1582.0,2013-04-11 08:24:00,True,2013-04-11 04:20:00,0.0,0.75,True,1582.75,2013-04-11 04:30:00,0.0
ES,2013-04-11,Thursday,RDR,1587.25,1581.25,6.0,1587.5,1581.0,6.5,True,LONG,2013-04-11 10:40:00,1588.25,True,True,True,0.9167,0.0,0.9167,1592.75,2013-04-11 11:27:00,0.2083,1586.0,2013-04-11 15:42:00,True,2013-04-11 10:58:00,0.0,0.2083,True,1587.25,2013-04-11 14:04:00,0.0
ES,2013-04-12,Friday,ODR,1586.75,1584.25,2.5,1586.75,1584.0,2.75,True,SHORT,2013-04-12 05:10:00,1583.25,True,True,True,0.0,1.2,1.2,1581.25,2013-04-12 08:29:00,0.2,1584.75,2013-04-12 07:03:00,True,2013-04-12 05:18:00,0.2,0.2,True,1584.25,2013-04-12 05:36:00,0.0
ES,2013-04-12,Friday,RDR,1585.75,1580.75,5.0,1586.0,1580.5,5.5,True,SHORT,2013-04-12 10:35:00,1580.25,True,True,False,0.0,1.15,1.15,1575.0,2013-04-12 11:07:00,0.6,1583.75,2013-04-12 15:59:00,True,2013-04-12 10:45:00,0.0,0.6,True,1581.0,2013-04-12 12:40:00,0.05
ES,2013-04-15,Monday,ODR,1578.5,1576.25,2.25,1578.75,1576.0,2.75,True,SHORT,2013-04-15 04:00:00,1575.5,True,True,False,0.0,2.0,2.0,1571.75,2013-04-15 04:18:00,0.5556,1577.5,2013-04-15 08:23:00,True,2013-04-15 04:05:00,0.0,0.5556,True,1576.5,2013-04-15 05:07:00,0.1111
ES,2013-04-15,Monday,RDR,1576.75,1571.5,5.25,1576.75,1570.25,6.5,True,SHORT,2013-04-15 11:50:00,1568.25,True,False,,0.0,4.7143,4.7143,1546.75,2013-04-15 15:59:00,0.0,1568.75,2013-04-15 11:55:00,True,2013-04-15 11:55:00,0.0,0.0,False,,,
ES,2013-04-16,Tuesday,ADR,1548.25,1546.5,1.75,1548.5,1546.0,2.5,True,LONG,2013-04-15 20:40:00,1549.0,True,True,True,2.2857,0.0,2.2857,1552.25,2013-04-15 23:50:00,0.4286,1547.5,2013-04-15 20:57:00,True,2013-04-15 20:47:00,0.4286,0.4286,True,1548.0,2013-04-15 20:56:00,0.1429
ES,2013-04-16,Tuesday,ODR,1554.5,1550.5,4.0,1554.75,1550.5,4.25,True,SHORT,2013-04-16 04:00:00,1550.25,False,True,False,0.8125,0.75,0.75,1547.5,2013-04-16 04:55:00,1.8125,1557.75,2013-04-16 08:05:00,True,2013-04-16 04:16:00,0.125,1.8125,True,1550.5,2013-04-16 04:06:00,0.0
ES,2013-04-16,Tuesday,RDR,1561.0,1556.5,4.5,1561.0,1556.5,4.5,True,SHORT,2013-04-16 10:40:00,1555.5,False,True,False,2.0556,0.4444,0.4444,1554.5,2013-04-16 10:48:00,3.0556,1570.25,2013-04-16 15:58:00,False,,0.0,,True,1556.5,2013-04-16 10:56:00,0.0
ES,2013-04-17,Wednesday,ADR,1567.25,1565.5,1.75,1567.25,1565.5,1.75,True,SHORT,2013-04-16 21:20:00,1565.25,True,True,False,0.0,1.2857,1.2857,1563.25,2013-04-17 00:00:00,0.7143,1566.75,2013-04-16 22:19:00,True,2013-04-16 23:45:00,0.7143,0.2857,True,1565.5,2013-04-16 21:25:00,0.0
ES,2013-04-17,Wednesday,ODR,1567.25,1559.0,8.25,1567.5,1557.75,9.75,True,SHORT,2013-04-17 06:55:00,1556.5,True,True,False,0.0,0.4545,0.4545,1555.25,2013-04-17 07:38:00,0.1212,1560.0,2013-04-17 08:29:00,False,,0.0,,True,1559.0,2013-04-17 08:27:00,0.0
ES,2013-04-17,Wednesday,RDR,1558.5,1549.75,8.75,1558.5,1549.0,9.5,True,SHORT,2013-04-17 10:35:00,1548.25,True,True,True,0.0,1.3429,1.3429,1538.0,2013-04-17 12:51:00,0.0286,1550.0,2013-04-17 15:17:00,True,2013-04-17 10:54:00,0.0,0.0286,True,1550.0,2013-04-17 15:17:00,0.0286
ES,2013-04-18,Thursday,ADR,1548.0,1545.5,2.5,1548.0,1545.5,2.5,True,SHORT,2013-04-17 20:55:00,1545.25,True,True,False,0.1,1.4,1.4,1542.0,2013-04-17 21:11:00,1.1,1548.25,2013-04-17 22:41:00,True,2013-04-17 21:06:00,0.0,1.1,True,1545.5,2013-04-17 21:00:00,0.0
ES,2013-04-18,Thursday,ODR,1547.5,1545.25,2.25,1547.75,1544.5,3.25,True,LONG,2013-04-18 04:40:00,1548.0,True,False,,2.5556,0.0,2.5556,1553.25,2013-04-18 07:34:00,0.0,1548.0,2013-04-18 04:48:00,True,2013-04-18 04:52:00,0.0,0.0,False,,,
ES,2013-04-18,Thursday,RDR,1548.75,1536.0,12.75,1549.25,1535.5,13.75,True,SHORT,2013-04-18 14:15:00,1535.25,True,True,False,0.0,0.4118,0.4118,1530.75,2013-04-18 14:58:00,0.2353,1539.0,2013-04-18 15:48:00,False,,0.098,,True,1536.5,2013-04-18 14:23:00,0.0392
ES,2013-04-19,Friday,ADR,1539.75,1538.0,1.75,1539.75,1537.5,2.25,True,LONG,2013-04-18 21:45:00,1540.0,True,False,,1.7143,0.0,1.7143,1542.75,2013-04-18 22:27:00,0.0,1540.0,2013-04-18 21:50:00,True,2013-04-18 21:56:00,0.0,0.0,False,,,
ES,2013-04-19,Friday,ODR,1543.0,1540.75,2.25,1543.0,1540.25,2.75,True,LONG,2013-04-19 04:30:00,1543.25,True,True,False,1.1111,0.0,1.1111,1545.5,2013-04-19 06:11:00,1.0,1540.75,2013-04-19 08:27:00,True,2013-04-19 04:37:00,0.2222,1.0,True,1543.0,2013-04-19 05:06:00,0.0
ES,2013-04-19,Friday,RDR,1544.25,1537.5,6.75,1544.5,1536.5,8.0,True,LONG,2013-04-19 11:05:00,1546.25,True,True,True,0.9259,0.0,0.9259,1550.5,2013-04-19 15:43:00,0.037,1544.0,2013-04-19 13:09:00,True,2013-04-19 11:14:00,0.037,0.037,True,1544.0,2013-04-19 13:09:00,0.037
ES,2013-04-22,Monday,ADR,1551.0,1549.75,1.25,1551.25,1549.75,1.5,True,LONG,2013-04-21 20:35:00,1552.0,True,False,,5.0,0.0,5.0,1557.25,2013-04-21 21:44:00,0.0,1551.5,2013-04-21 20:54:00,True,2013-04-21 20:43:00,0.0,0.0,False,,,
ES,2013-04-22,Monday,ODR,1556.5,1552.25,4.25,1556.75,1552.25,4.5,False,,,,,,,0.0588,0.2353,,,,,,,False,,,,False,,,
ES,2013-04-22,Monday,RDR,1554.75,1544.25,10.5,1555.0,1543.5,11.5,True,LONG,2013-04-22 14:15:00,1556.75,True,False,,0.5476,0.1429,0.5476,1560.5,2013-04-22 14:40:00,0.0,1556.5,2013-04-22 15:56:00,True,2013-04-22 14:40:00,0.0,0.0,False,,,
ES,2013-04-23,Tuesday,ODR,1555.75,1550.75,5.0,1556.25,1550.5,5.75,True,SHORT,2013-04-23 04:35:00,1550.0,False,True,False,1.65,0.45,0.45,1548.5,2013-04-23 04:48:00,2.65,1564.0,2013-04-23 08:27:00,False,,0.0,,True,1550.75,2013-04-23 05:04:00,0.0
ES,2013-04-23,Tuesday,RDR,1571.0,1565.25,5.75,1571.5,1564.25,7.25,True,LONG,2013-04-23 10:30:00,1571.75,False,True,True,0.6087,1.4348,0.6087,1574.5,2013-04-23 12:25:00,2.4348,1557.0,2013-04-23 13:10:00,True,2013-04-23 11:56:00,0.087,2.4348,True,1570.5,2013-04-23 10:35:00,0.087
ES,2013-04-24,Wednesday,ODR,1578.5,1575.75,2.75,1578.75,1575.75,3.0,True,SHORT,2013-04-24 06:50:00,1575.25,True,True,True,0.0909,0.5455,0.5455,1574.25,2013-04-24 08:15:00,0.4545,1577.0,2013-04-24 07:36:00,True,2013-04-24 08:15:00,0.4545,0.0,True,1575.75,2013-04-24 06:55:00,0.0
ES,2013-04-24,Wednesday,RDR,1576.25,1571.25,5.0,1576.75,1570.75,6.0,True,LONG,2013-04-24 14:35:00,1577.25,True,True,False,0.4,0.0,0.4,1578.25,2013-04-24 14:59:00,0.65,1573.0,2013-04-24 15:58:00,False,,0.0,,True,1576.25,2013-04-24 15:13:00,0.0
ES,2013-04-25,Thursday,ADR,1573.25,1571.75,1.5,1573.25,1571.75,1.5,True,SHORT,2013-04-24 20:50:00,1571.25,False,True,False,2.0,0.6667,0.6667,1570.75,2013-04-24 20:57:00,3.0,1576.25,2013-04-24 23:25:00,True,2013-04-24 20:56:00,0.0,3.0,True,1572.0,2013-04-24 21:04:00,0.1667
ES,2013-04-25,Thursday,ODR,1576.25,1574.5,1.75,1576.5,1574.0,2.5,True,LONG,2013-04-25 05:15:00,1577.5,True,False,,3.1429,0.0,3.1429,1581.75,2013-04-25 08:25:00,0.0,1576.75,2013-04-25 05:23:00,True,2013-04-25 05:20:00,0.0,0.0,False,,,
ES,2013-04-25,Thursday,RDR,1583.75,1577.25,6.5,1584.5,1576.5,8.0,True,LONG,2013-04-25 10:40:00,1585.0,True,True,False,0.6538,0.0,0.6538,1588.0,2013-04-25 14:08:00,0.8462,1578.25,2013-04-25 15:24:00,True,2013-04-25 13:18:00,0.1154,0.8462,True,1583.75,2013-04-25 11:51:00,0.0
ES,2013-04-26,Friday,ODR,1581.25,1577.5,3.75,1581.5,1577.5,4.0,True,SHORT,2013-04-26 04:40:00,1577.0,True,True,False,0.0,0.6,0.6,1575.25,2013-04-26 06:41:00,0.3333,1578.75,2013-04-26 07:20:00,True,2013-04-26 06:41:00,0.0667,0.3333,True,1577.5,2013-04-26 04:49:00,0.0
ES,2013-04-26,Friday,RDR,1580.75,1576.0,4.75,1581.25,1574.75,6.5,True,SHORT,2013-04-26 11:45:00,1574.0,True,True,False,0.0526,0.6842,0.6842,1572.75,2013-04-26 12:02:00,1.0526,1581.0,2013-04-26 15:29:00,True,2013-04-26 11:50:00,0.0,1.0526,True,1576.0,2013-04-26 13:10:00,0.0
ES,2013-04-29,Monday,ODR,1581.75,1578.0,3.75,1581.75,1577.75,4.0,True,LONG,2013-04-29 04:20:00,1582.0,True,True,True,0.3333,0.0,0.3333,1583.0,2013-04-29 08:03:00,0.6,1579.5,2013-04-29 06:07:00,False,,0.6,,True,1581.75,2013-04-29 04:25:00,0.0
ES,2013-04-29,Monday,RDR,1587.0,1580.25,6.75,1587.0,1579.5,7.5,True,LONG,2013-04-29 12:00:00,1588.75,True,False,,0.7407,0.0,0.7407,1592.0,2013-04-29 14:12:00,0.0,1587.25,2013-04-29 15:53:00,True,2013-04-29 12:41:00,0.0,0.0,False,,,
ES,2013-04-30,Tuesday,ODR,1589.5,1586.75,2.75,1589.75,1586.75,3.0,True,SHORT,2013-04-30 04:10:00,1586.5,True,True,False,0.0,0.5455,0.5455,1585.25,2013-04-30 06:30:00,0.6364,1588.5,2013-04-30 05:38:00,True,2013-04-30 06:30:00,0.6364,0.0,True,1586.75,2013-04-30 04:17:00,0.0
ES,2013-04-30,Tuesday,RDR,1588.75,1582.25,6.5,1588.75,1581.25,7.5,True,LONG,2013-04-30 11:35:00,1589.0,True,True,True,0.5385,0.1154,0.5385,1592.25,2013-04-30 15:50:00,0.0769,1588.25,2013-04-30 12:37:00,True,2013-04-30 13:56:00,0.0769,0.0385,True,1588.75,2013-04-30 11:40:00,0.0
ES,2013-05-01,Wednesday,ODR,1593.5,1591.5,2.0,1593.5,1591.5,2.0,True,LONG,2013-05-01 04:25:00,1593.75,True,True,False,0.875,0.0,0.875,1595.25,2013-05-01 07:50:00,0.75,1592.0,2013-05-01 08:15:00,True,2013-05-01 04:49:00,0.125,0.75,True,1593.5,2013-05-01 04:35:00,0.0
ES,2013-05-01,Wednesday,RDR,1588.75,1582.75,6.0,1589.0,1582.75,6.25,True,SHORT,2013-05-01 13:05:00,1581.25,True,True,True,0.0,1.125,1.125,1576.0,2013-05-01 15:51:00,0.5417,1586.0,2013-05-01 14:25:00,True,2013-05-01 13:43:00,0.5417,0.5417,True,1582.75,2013-05-01 13:24:00,0.0
ES,2013-05-02,Thursday,ODR,1582.5,1580.75,1.75,1582.75,1580.5,2.25,True,SHORT,2013-05-02 05:05:00,1580.25,False,True,False,1.5714,0.8571,0.8571,1579.25,2013-05-02 05:17:00,2.5714,1585.25,2013-05-02 07:52:00,True,2013-05-02 05:11:00,0.0,2.5714,True,1580.75,2013-05-02 06:06:00,0.0
ES,2013-05-02,Thursday,RDR,1587.5,1582.0,5.5,1587.75,1580.25,7.5,True,LONG,2013-05-02 10:30:00,1588.0,True,True,True,1.1818,0.0,1.1818,1594.0,2013-05-02 13:35:00,0.2727,1586.0,2013-05-02 10:49:00,True,2013-05-02 11:13:00,0.2727,0.0,True,1587.5,2013-05-02 10:35:00,0.0
ES,2013-05-03,Friday,ODR,1591.5,1590.5,1.0,1591.5,1590.5,1.0,True,SHORT,2013-05-03 04:30:00,1590.25,False,True,False,0.5,1.0,1.0,1589.5,2013-05-03 05:20:00,1.5,1592.0,2013-05-03 06:16:00,True,2013-05-03 04:44:00,0.5,1.5,True,1590.5,2013-05-03 04:36:00,0.0
ES,2013-05-03,Friday,RDR,1613.25,1606.25,7.0,1613.5,1605.5,8.0,True,LONG,2013-05-03 10:30:00,1613.75,True,True,False,0.1071,0.0,0.1071,1614.0,2013-05-03 10:40:00,0.7143,1608.25,2013-05-03 15:17:00,False,,0.0357,,True,1613.25,2013-05-03 10:36:00,0.0
ES,2013-05-06,Monday,RDR,1612.75,1609.5,3.25,1613.0,1609.25,3.75,True,LONG,2013-05-06 12:10:00,1613.25,True,True,True,0.6923,0.0,0.6923,1615.0,2013-05-06 13:57:00,0.2308,1612.0,2013-05-06 15:56:00,True,2013-05-06 13:37:00,0.0769,0.2308,True,1612.75,2013-05-06 12:22:00,0.0
ES,2013-05-07,Tuesday,ODR,1612.5,1611.5,1.0,1612.5,1611.0,1.5,True,LONG,2013-05-07 04:05:00,1612.75,True,True,True,4.25,0.0,4.25,1616.75,2013-05-07 08:24:00,0.25,1612.25,2013-05-07 04:10:00,True,2013-05-07 04:14:00,0.25,0.25,True,1612.25,2013-05-07 04:10:00,0.25
ES,2013-05-07,Tuesday,RDR,1619.0,1612.25,6.75,1619.25,1611.75,7.5,True,LONG,2013-05-07 12:55:00,1619.5,True,True,True,0.3704,0.0,0.3704,1621.5,2013-05-07 15:00:00,0.0,1619.0,2013-05-07 13:03:00,False,,0.0,,True,1619.0,2013-05-07 13:03:00,0.0
ES,2013-05-08,Wednesday,ODR,1620.25,1618.25,2.0,1620.5,1618.25,2.25,True,LONG,2013-05-08 05:50:00,1620.75,True,True,False,0.75,0.0,0.75,1621.75,2013-05-08 06:40:00,0.875,1618.5,2013-05-08 08:25:00,True,2013-05-08 06:00:00,0.0,0.875,True,1620.25,2013-05-08 08:14:00,0.0
ES,2013-05-08,Wednesday,RDR,1623.75,1619.0,4.75,1624.0,1618.5,5.5,True,LONG,2013-05-08 10:30:00,1624.25,True,True,True,1.1053,0.0,1.1053,1629.0,2013-05-08 15:59:00,0.2632,1622.5,2013-05-08 14:46:00,True,2013-05-08 11:10:00,0.2632,0.2632,True,1623.75,2013-05-08 14:35:00,0.0
ES,2013-05-09,Thursday,ODR,1627.75,1626.5,1.25,1628.0,1626.5,1.5,True,SHORT,2013-05-09 04:05:00,1626.25,False,True,True,0.6,0.8,0.8,1625.5,2013-05-09 08:13:00,1.6,1628.5,2013-05-09 04:46:00,True,2013-05-09 08:09:00,1.6,0.0,True,1626.75,2013-05-09 04:10:00,0.2
ES,2013-05-09,Thursday,RDR,1629.25,1624.0,5.25,1629.75,1623.75,6.0,True,LONG,2013-05-09 13:30:00,1631.0,False,True,False,0.5238,0.8095,0.5238,1632.0,2013-05-09 13:46:00,1.8095,1619.75,2013-05-09 15:01:00,True,2013-05-09 13:46:00,0.0,1.8095,True,1629.0,2013-05-09 14:35:00,0.0476
ES,2013-05-10,Friday,ODR,1630.75,1626.25,4.5,1630.75,1626.0,4.75,True,SHORT,2013-05-10 05:00:00,1625.75,True,True,True,0.0,0.3333,0.3333,1624.75,2013-05-10 08:17:00,0.5,1628.5,2013-05-10 06:40:00,False,,0.5,,True,1626.25,2013-05-10 05:06:00,0.0
ES,2013-05-10,Friday,RDR,1628.0,1623.5,4.5,1629.0,1623.0,6.0,True,SHORT,2013-05-10 10:30:00,1622.75,False,True,False,0.3889,0.7222,0.7222,1620.25,2013-05-10 12:07:00,1.3889,1629.75,2013-05-10 15:57:00,True,2013-05-10 10:37:00,0.8333,1.3889,True,1623.5,2013-05-10 10:43:00,0.0
ES,2013-05-13,Monday,ADR,1624.5,1622.0,2.5,1624.5,1622.0,2.5,True,LONG,2013-05-12 22:05:00,1625.5,True,True,True,0.6,0.0,0.6,1626.0,2013-05-13 01:44:00,0.1,1624.25,2013-05-12 22:28:00,True,2013-05-12 22:10:00,0.1,0.1,True,1624.5,2013-05-12 22:26:00,0.0
ES,2013-05-13,Monday,ODR,1626.5,1623.25,3.25,1626.75,1623.25,3.5,True,SHORT,2013-05-13 05:25:00,1623.0,True,True,False,0.0,0.3077,0.3077,1622.25,2013-05-13 05:43:00,0.7692,1625.75,2013-05-13 07:50:00,False,,0.0,,True,1623.25,2013-05-13 06:15:00,0.0
ES,2013-05-13,Monday,RDR,1628.5,1623.75,4.75,1628.75,1623.25,5.5,True,LONG,2013-05-13 10:35:00,1629.0,True,True,True,0.9474,0.0,0.9474,1633.0,2013-05-13 12:22:00,0.4211,1626.5,2013-05-13 11:25:00,True,2013-05-13 11:49:00,0.4211,0.1053,True,1628.25,2013-05-13 10:42:00,0.0526
ES,2013-05-14,Tuesday,ODR,1632.25,1628.25,4.0,1632.5,1628.25,4.25,True,SHORT,2013-05-14 04:00:00,1628.0,False,True,False,0.4375,0.4375,0.4375,1626.5,2013-05-14 06:35:00,1.4375,1634.0,2013-05-14 08:15:00,False,,0.125,,True,1628.25,2013-05-14 04:08:00,0.0
ES,2013-05-14,Tuesday,RDR,1641.75,1631.75,10.0,1642.0,1631.75,10.25,True,LONG,2013-05-14 10:30:00,1642.25,True,False,,0.675,0.0,0.675,1648.5,2013-05-14 15:49:00,0.0,1642.0,2013-05-14 10:36:00,True,2013-05-14 12:15:00,0.0,0.0,False,,,
ES,2013-05-15,Wednesday,ODR,1646.5,1644.5,2.0,1646.75,1644.5,2.25,True,SHORT,2013-05-15 05:10:00,1644.25,False,True,False,0.75,0.25,0.25,1644.0,2013-05-15 05:16:00,1.75,1648.0,2013-05-15 06:40:00,False,,0.0,,True,1644.5,2013-05-15 05:20:00,0.0
ES,2013-05-15,Wednesday,RDR,1647.25,1644.5,2.75,1647.75,1644.25,3.5,True,LONG,2013-05-15 10:35:00,1648.0,True,True,True,4.4545,0.0,4.4545,1659.5,2013-05-15 12:49:00,0.4545,1646.0,2013-05-15 10:44:00,True,2013-05-15 10:59:00,0.4545,0.0,True,1647.25,2013-05-15 10:41:00,0.0
ES,2013-05-16,Thursday,ODR,1653.0,1650.75,2.25,1653.25,1650.0,3.25,True,LONG,2013-05-16 05:10:00,1653.75,True,True,True,1.5556,0.0,1.5556,1656.5,2013-05-16 08:27:00,0.5556,1651.75,2013-05-16 05:42:00,True,2013-05-16 06:37:00,0.5556,0.0,True,1653.0,2013-05-16 05:20:00,0.0
ES,2013-05-16,Thursday,RDR,1657.5,1651.5,6.0,1657.75,1650.75,7.0,True,LONG,2013-05-16 11:35:00,1658.25,False,True,False,0.1667,0.875,0.1667,1658.5,2013-05-16 11:40:00,1.875,1646.25,2013-05-16 15:49:00,False,,0.0,,True,1657.25,2013-05-16 11:41:00,0.0417
ES,2013-05-17,Friday,ODR,1651.75,1649.75,2.0,1652.0,1649.5,2.5,True,LONG,2013-05-17 05:15:00,1652.25,True,True,True,1.25,0.25,1.25,1654.25,2013-05-17 08:21:00,0.0,1651.75,2013-05-17 06:19:00,True,2013-05-17 05:38:00,0.0,0.0,True,1651.75,2013-05-17 06:19:00,0.0
ES,2013-05-17,Friday,RDR,1658.5,1653.0,5.5,1658.5,1652.5,6.0,True,LONG,2013-05-17 14:25:00,1659.0,True,False,,1.2727,0.0,1.2727,1665.5,2013-05-17 15:47:00,0.0,1658.75,2013-05-17 14:30:00,True,2013-05-17 14:50:00,0.0,0.0,False,,,
ES,2013-05-20,Monday,ADR,1663.25,1662.0,1.25,1663.5,1662.0,1.5,True,LONG,2013-05-19 21:40:00,1663.75,False,True,False,0.8,0.4,0.8,1664.25,2013-05-19 21:51:00,1.4,1661.5,2013-05-19 23:38:00,True,2013-05-19 21:51:00,0.0,1.4,True,1663.0,2013-05-19 22:00:00,0.2
ES,2013-05-20,Monday,ODR,1663.0,1661.5,1.5,1663.0,1661.5,1.5,True,SHORT,2013-05-20 08:15:00,1661.25,True,False,,0.1667,0.6667,0.6667,1660.5,2013-05-20 08:25:00,0.0,1661.25,2013-05-20 08:21:00,True,2013-05-20 08:23:00,0.0,0.0,False,,,
ES,2013-05-20,Monday,RDR,1666.25,1662.5,3.75,1666.5,1662.25,4.25,True,LONG,2013-05-20 11:00:00,1667.25,False,True,False,1.1333,0.4,1.1333,1670.5,2013-05-20 12:03:00,1.4,1661.0,2013-05-20 14:03:00,True,2013-05-20 11:31:00,0.0,1.4,True,1666.25,2013-05-20 13:18:00,0.0
ES,2013-05-21,Tuesday,ODR,1665.75,1663.5,2.25,1665.75,1663.25,2.5,True,SHORT,2013-05-21 05:00:00,1662.75,True,True,False,0.0,1.0,1.0,1661.25,2013-05-21 05:48:00,0.6667,1665.0,2013-05-21 08:26:00,True,2013-05-21 05:07:00,0.0,0.6667,True,1663.5,2013-05-21 06:20:00,0.0
ES,2013-05-21,Tuesday,RDR,1669.25,1661.25,8.0,1670.0,1660.75,9.25,True,LONG,2013-05-21 13:05:00,1671.25,True,True,False,0.4688,0.1562,0.4688,1673.0,2013-05-21 14:19:00,0.3438,1666.5,2013-05-21 15:51:00,False,,0.0,,True,1669.25,2013-05-21 13:45:00,0.0
ES,2013-05-22,Wednesday,ODR,1668.5,1666.5,2.0,1668.5,1666.0,2.5,True,LONG,2013-05-22 04:20:00,1668.75,False,True,True,1.0,0.25,1.0,1670.5,2013-05-22 08:26:00,1.25,1666.0,2013-05-22 05:34:00,True,2013-05-22 08:09:00,1.25,0.0,True,1668.5,2013-05-22 04:30:00,0.0
ES,2013-05-22,Wednesday,RDR,1684.25,1668.25,16.0,1685.5,1668.0,17.5,True,SHORT,2013-05-22 13:40:00,1665.75,True,True,True,0.0625,1.3594,1.3594,1646.5,2013-05-22 15:32:00,0.0156,1668.5,2013-05-22 14:00:00,True,2013-05-22 14:07:00,0.0156,0.0,True,1668.5,2013-05-22 14:00:00,0.0156
ES,2013-05-23,Thursday,ODR,1643.75,1636.75,7.0,1643.75,1636.0,7.75,True,SHORT,2013-05-23 04:20:00,1635.5,False,True,False,0.1071,0.5714,0.5714,1632.75,2013-05-23 04:35:00,1.1071,1644.5,2013-05-23 07:09:00,True,2013-05-23 04:30:00,0.0,1.1071,True,1637.5,2013-05-23 04:39:00,0.1071
ES,2013-05-23,Thursday,RDR,1643.75,1635.75,8.0,1645.0,1634.25,10.75,True,LONG,2013-05-23 11:10:00,1646.25,True,True,True,1.25,0.0,1.25,1653.75,2013-05-23 14:50:00,0.0938,1643.0,2013-05-23 13:48:00,True,2013-05-23 11:20:00,0.0938,0.0938,True,1643.5,2013-05-23 13:27:00,0.0312
ES,2013-05-24,Friday,ADR,1654.75,1651.25,3.5,1655.0,1651.0,4.0,True,SHORT,2013-05-23 23:50:00,1649.25,True,True,False,0.0,1.7857,1.7857,1645.0,2013-05-24 00:44:00,0.2143,1652.0,2013-05-24 01:50:00,True,2013-05-23 23:55:00,0.0,0.2143,True,1651.5,2013-05-24 01:43:00,0.0714
ES,2013-05-24,Friday,ODR,1651.5,1647.25,4.25,1651.75,1647.25,4.5,True,LONG,2013-05-24 04:25:00,1652.0,False,True,False,0.1765,2.0,0.1765,1652.25,2013-05-24 04:30:00,3.0,1638.75,2013-05-24 07:16:00,False,,0.0,,True,1651.5,2013-05-24 04:30:00,0.0
ES,2013-05-24,Friday,RDR,1641.0,1635.0,6.0,1642.0,1634.5,7.5,True,LONG,2013-05-24 11:40:00,1642.5,True,True,True,1.125,0.0,1.125,1647.75,2013-05-24 14:18:00,0.1667,1640.0,2013-05-24 12:37:00,True,2013-05-24 13:08:00,0.1667,0.0,True,1641.0,2013-05-24 11:52:00,0.0
ES,2013-05-27,Monday,ADR,1654.0,1650.0,4.0,1654.0,1649.75,4.25,True,SHORT,2013-05-26 20:30:00,1649.5,True,True,False,0.0,0.75,0.75,1647.0,2013-05-26 21:00:00,0.75,1653.0,2013-05-26 22:05:00,True,2013-05-26 20:51:00,0.0,0.75,True,1650.0,2013-05-26 21:24:00,0.0
ES,2013-05-27,Monday,RDR,1650.25,1649.0,1.25,1650.5,1648.5,2.0,True,LONG,2013-05-27 10:40:00,1651.5,True,False,,2.8,0.0,2.8,1653.75,2013-05-27 11:17:00,0.0,1651.25,2013-05-27 10:45:00,True,2013-05-27 10:45:00,0.0,0.0,False,,,
ES,2013-05-28,Tuesday,ADR,1656.0,1651.5,4.5,1656.5,1651.5,5.0,True,LONG,2013-05-27 21:00:00,1657.25,True,True,True,0.3333,0.0,0.3333,1657.5,2013-05-27 21:06:00,0.3333,1654.5,2013-05-27 22:59:00,False,,0.0,,True,1656.0,2013-05-27 21:19:00,0.0
ES,2013-05-28,Tuesday,ODR,1663.0,1657.25,5.75,1663.75,1657.0,6.75,True,LONG,2013-05-28 07:35:00,1664.0,True,True,True,0.2174,0.0,0.2174,1664.25,2013-05-28 08:28:00,0.2174,1661.75,2013-05-28 07:59:00,False,,0.2174,,True,1662.75,2013-05-28 07:46:00,0.0435
ES,2013-05-28,Tuesday,RDR,1672.5,1665.0,7.5,1672.5,1664.5,8.0,True,SHORT,2013-05-28 11:55:00,1662.25,True,False,,0.0,1.6333,1.6333,1652.75,2013-05-28 14:39:00,0.0,1664.75,2013-05-28 13:04:00,True,2013-05-28 13:21:00,0.0,0.0,False,,,
ES,2013-05-29,Wednesday,ODR,1649.75,1646.25,3.5,1649.75,1646.0,3.75,True,SHORT,2013-05-29 06:35:00,1645.25,True,True,False,0.2143,1.2857,1.2857,1641.75,2013-05-29 07:08:00,0.0,1646.25,2013-05-29 08:20:00,True,2013-05-29 06:49:00,0.0,0.0,True,1646.25,2013-05-29 08:20:00,0.0
ES,2013-05-29,Wednesday,RDR,1651.0,1644.75,6.25,1651.5,1644.0,7.5,True,SHORT,2013-05-29 10:40:00,1642.5,False,True,False,0.24,1.08,1.08,1638.0,2013-05-29 11:09:00,1.24,1652.5,2013-05-29 14:15:00,True,2013-05-29 10:45:00,0.0,1.24,True,1645.0,2013-05-29 11:46:00,0.04
ES,2013-05-30,Thursday,ADR,1646.75,1645.0,1.75,1647.25,1645.0,2.25,True,LONG,2013-05-29 20:40:00,1647.75,False,True,False,2.0,1.2857,2.0,1650.25,2013-05-29 21:25:00,2.2857,1642.75,2013-05-30 01:51:00,True,2013-05-29 20:45:00,0.0,2.2857,True,1646.75,2013-05-30 01:17:00,0.0
ES,2013-05-30,Thursday,ODR,1646.25,1642.75,3.5,1647.5,1641.75,5.75,True,LONG,2013-05-30 06:30:00,1648.5,True,False,,2.3571,0.0714,2.3571,1654.5,2013-05-30 07:14:00,0.0,1647.75,2013-05-30 06:38:00,True,2013-05-30 06:35:00,0.0,0.0,False,,,
ES,2013-05-30,Thursday,RDR,1657.25,1647.25,10.0,1658.25,1646.75,11.5,True,LONG,2013-05-30 13:35:00,1658.5,True,True,False,0.325,0.0,0.325,1660.5,2013-05-30 14:54:00,0.475,1652.5,2013-05-30 15:55:00,False,,0.025,,True,1657.25,2013-05-30 14:09:00,0.0
ES,2013-05-31,Friday,ODR,1652.75,1643.75,9.0,1652.75,1643.75,9.0,True,SHORT,2013-05-31 04:30:00,1643.0,True,True,False,0.0,0.4167,0.4167,1640.0,2013-05-31 05:53:00,0.3611,1647.0,2013-05-31 07:47:00,False,,0.1111,,True,1643.75,2013-05-31 04:39:00,0.0
ES,2013-05-31,Friday,RDR,1653.0,1647.25,5.75,1653.5,1645.5,8.0,True,LONG,2013-05-31 11:05:00,1654.5,False,True,False,0.8261,3.2609,0.8261,1657.75,2013-05-31 11:17:00,4.2609,1628.5,2013-05-31 15:59:00,True,2013-05-31 11:10:00,0.0,4.2609,True,1653.0,2013-05-31 11:59:00,0.0
ES,2013-06-03,Monday,ADR,1632.5,1628.25,4.25,1632.5,1628.25,4.25,True,LONG,2013-06-02 21:15:00,1632.75,True,True,True,0.5294,0.0,0.5294,1634.75,2013-06-02 22:13:00,0.2941,1631.25,2013-06-03 00:52:00,True,2013-06-02 22:13:00,0.1765,0.2941,True,1632.5,2013-06-02 21:21:00,0.0
ES,2013-06-03,Monday,ODR,1633.25,1629.0,4.25,1633.5,1628.0,5.5,True,SHORT,2013-06-03 04:10:00,1627.5,False,True,False,1.1765,0.4706,0.4118,1627.25,2013-06-03 04:15:00,2.1765,1638.25,2013-06-03 07:23:00,False,,0.0,,True,1629.0,2013-06-03 04:17:00,0.0
ES,2013-06-03,Monday,RDR,1634.5,1627.25,7.25,1636.0,1625.25,10.75,True,SHORT,2013-06-03 11:10:00,1624.75,False,True,False,0.5862,0.8621,0.8621,1621.0,2013-06-03 11:27:00,1.5862,1638.75,2013-06-03 15:59:00,True,2013-06-03 11:16:00,0.0,1.5862,True,1627.25,2013-06-03 12:00:00,0.0
ES,2013-06-04,Tuesday,ADR,1634.75,1633.5,1.25,1635.0,1633.5,1.5,True,SHORT,2013-06-03 20:40:00,1633.25,False,True,False,1.8,1.2,1.2,1632.0,2013-06-03 21:39:00,2.8,1637.0,2013-06-04 01:44:00,True,2013-06-03 20:46:00,0.8,2.8,True,1634.5,2013-06-03 21:21:00,0.8
ES,2013-06-04,Tuesday,ODR,1638.75,1635.0,3.75,1638.75,1634.75,4.0,True,SHORT,2013-06-04 04:55:00,1634.5,False,True,False,0.1333,0.2,0.2,1634.25,2013-06-04 05:11:00,1.1333,1639.25,2013-06-04 08:29:00,False,,0.2667,,True,1635.0,2013-06-04 05:01:00,0.0
ES,2013-06-04,Tuesday,RDR,1643.75,1638.5,5.25,1644.5,1637.25,7.25,True,SHORT,2013-06-04 12:00:00,1636.75,True,False,,0.2857,3.1905,3.1905,1621.75,2013-06-04 14:10:00,0.0,1638.0,2013-06-04 12:13:00,True,2013-06-04 12:08:00,0.0,0.0,False,,,
ES,2013-06-05,Wednesday,ADR,1630.5,1629.0,1.5,1630.75,1629.0,1.75,True,LONG,2013-06-04 20:30:00,1631.25,False,True,False,1.0,2.8333,1.0,1632.0,2013-06-04 20:43:00,3.8333,1624.75,2013-06-05 01:59:00,True,2013-06-04 20:35:00,0.0,3.8333,True,1630.5,2013-06-04 21:01:00,0.0
ES,2013-06-05,Wednesday,ODR,1629.75,1625.5,4.25,1630.5,1624.75,5.75,True,SHORT,2013-06-05 06:20:00,1623.75,True,True,True,0.0588,0.8824,0.8824,1621.75,2013-06-05 06:41:00,0.3529,1627.0,2013-06-05 08:21:00,True,2013-06-05 06:30:00,0.0,0.3529,True,1626.5,2013-06-05 08:20:00,0.2353
ES,2013-06-05,Wednesday,RDR,1627.75,1618.75,9.0,1628.5,1618.5,10.0,True,SHORT,2013-06-05 10:55:00,1618.25,True,False,,0.0,1.4722,1.4722,1605.5,2013-06-05 14:30:00,0.0,1618.5,2013-06-05 11:00:00,True,2013-06-05 11:07:00,0.0,0.0,False,,,
ES,2013-06-06,Thursday,ODR,1613.75,1612.5,1.25,1613.75,1612.0,1.75,True,LONG,2013-06-06 07:45:00,1614.5,True,True,True,2.2,0.4,2.2,1616.5,2013-06-06 08:04:00,0.0,1613.75,2013-06-06 08:20:00,True,2013-06-06 07:50:00,0.0,0.0,True,1613.75,2013-06-06 08:20:00,0.0
ES,2013-06-06,Thursday,RDR,1611.75,1606.25,5.5,1613.5,1603.5,10.0,True,SHORT,2013-06-06 12:05:00,1603.25,False,True,False,1.7727,1.7727,1.7727,1596.5,2013-06-06 12:27:00,2.7727,1621.5,2013-06-06 15:59:00,True,2013-06-06 12:10:00,0.0,2.7727,True,1606.75,2013-06-06 13:14:00,0.0909
ES,2013-06-07,Friday,ODR,1622.5,1618.75,3.75,1622.75,1618.25,4.5,True,LONG,2013-06-07 07:45:00,1623.0,True,True,True,1.2,0.0667,1.2,1627.0,2013-06-07 08:29:00,0.2667,1621.5,2013-06-07 08:01:00,True,2013-06-07 08:20:00,0.2667,0.0,True,1622.5,2013-06-07 07:51:00,0.0
ES,2013-06-07,Friday,RDR,1637.25,1626.25,11.0,1638.75,1625.75,13.0,True,LONG,2013-06-07 11:15:00,1639.25,True,True,True,0.5909,0.0,0.5909,1643.75,2013-06-07 15:58:00,0.5,1631.75,2013-06-07 14:26:00,True,2013-06-07 15:55:00,0.5,0.0,True,1637.0,2013-06-07 12:01:00,0.0227
ES,2013-06-10,Monday,ADR,1639.25,1636.25,3.0,1639.25,1636.25,3.0,True,LONG,2013-06-09 21:20:00,1640.0,True,False,,0.75,0.0,0.75,1641.5,2013-06-10 01:02:00,0.0,1639.5,2013-06-09 22:51:00,True,2013-06-09 22:14:00,0.0,0.0,False,,,
ES,2013-06-10,Monday,ODR,1643.75,1641.5,2.25,1644.25,1641.5,2.75,True,LONG,2013-06-10 04:05:00,1645.25,True,True,False,1.2222,0.0,1.2222,1646.5,2013-06-10 07:12:00,0.7778,1642.0,2013-06-10 08:27:00,True,2013-06-10 04:10:00,0.1111,0.7778,True,1643.5,2013-06-10 04:14:00,0.1111
ES,2013-06-10,Monday,RDR,1647.5,1638.75,8.75,1648.25,1638.0,10.25,False,,,,,,,0.0,0.0,,,,,,,False,,,,False,,,
ES,2013-06-11,Tuesday,ODR,1639.25,1636.0,3.25,1639.5,1635.5,4.0,True,SHORT,2013-06-11 05:10:00,1635.25,True,False,,0.0,3.2308,3.2308,1625.5,2013-06-11 07:18:00,0.0,1635.5,2013-06-11 05:15:00,True,2013-06-11 05:17:00,0.0,0.0,False,,,
ES,2013-06-11,Tuesday,RDR,1628.5,1622.25,6.25,1629.5,1621.5,8.0,True,LONG,2013-06-11 10:30:00,1630.5,True,True,False,1.76,0.0,1.76,1639.5,2013-06-11 11:31:00,0.64,1624.5,2013-06-11 15:47:00,True,2013-06-11 10:43:00,0.0,0.64,True,1628.5,2013-06-11 13:34:00,0.0
ES,2013-06-12,Wednesday,ADR,1629.25,1627.0,2.25,1629.5,1627.0,2.5,True,LONG,2013-06-11 21:45:00,1629.75,True,True,True,1.1111,0.0,1.1111,1631.75,2013-06-12 01:43:00,0.5556,1628.0,2013-06-11 21:57:00,True,2013-06-12 01:00:00,0.5556,0.0,True,1629.25,2013-06-11 21:50:00,0.0
ES,2013-06-12,Wednesday,ODR,1635.25,1630.75,4.5,1635.5,1630.75,4.75,True,LONG,2013-06-12 06:25:00,1636.0,True,True,False,0.3333,0.0,0.3333,1636.75,2013-06-12 06:53:00,0.2778,1634.0,2013-06-12 08:22:00,False,,0.0556,,True,1635.0,2013-06-12 06:34:00,0.0556
ES,2013-06-12,Wednesday,RDR,1637.0,1627.25,9.75,1638.0,1626.25,11.75,True,SHORT,2013-06-12 10:50:00,1625.25,True,False,,0.0,1.7692,1.7692,1610.0,2013-06-12 15:21:00,0.0,1626.5,2013-06-12 11:22:00,True,2013-06-12 11:45:00,0.0,0.0,False,,,
ES,2013-06-13,Thursday,ODR,1604.5,1599.0,5.5,1605.0,1598.25,6.75,True,LONG,2013-06-13 06:30:00,1606.25,True,True,True,0.5455,0.0909,0.5455,1607.5,2013-06-13 08:06:00,0.1364,1603.75,2013-06-13 07:49:00,True,2013-06-13 08:06:00,0.1364,0.0,True,1604.5,2013-06-13 07:04:00,0.0
ES,2013-06-13,Thursday,RDR,1616.25,1608.25,8.0,1616.25,1607.25,9.0,True,LONG,2013-06-13 10:30:00,1616.5,True,True,True,2.875,0.0,2.875,1639.25,2013-06-13 15:47:00,0.1875,1614.75,2013-06-13 11:05:00,True,2013-06-13 12:35:00,0.1875,0.0,True,1616.25,2013-06-13 10:35:00,0.0
ES,2013-06-14,Friday,ADR,1638.5,1636.5,2.0,1638.75,1636.25,2.5,True,SHORT,2013-06-13 20:40:00,1636.0,True,False,,0.0,2.25,2.25,1632.0,2013-06-13 23:05:00,0.0,1636.25,2013-06-13 20:46:00,True,2013-06-13 20:50:00,0.0,0.0,False,,,
ES,2013-06-14,Friday,ODR,1637.5,1632.75,4.75,1637.5,1632.5,5.0,True,LONG,2013-06-14 04:45:00,1637.75,False,True,False,0.2105,0.1053,0.2105,1638.5,2013-06-14 05:02:00,1.1053,1632.25,2013-06-14 06:39:00,False,,0.0526,,True,1637.25,2013-06-14 04:50:00,0.0526
ES,2013-06-14,Friday,RDR,1640.25,1633.5,6.75,1640.75,1633.0,7.75,True,SHORT,2013-06-14 10:45:00,1632.5,True,False,,0.0,1.5185,1.5185,1623.25,2013-06-14 14:02:00,0.0,1633.25,2013-06-14 11:37:00,True,2013-06-14 10:58:00,0.0,0.0,False,,,
ES,2013-06-17,Monday,ODR,1639.0,1634.75,4.25,1639.0,1633.75,5.25,True,LONG,2013-06-17 05:30:00,1639.25,True,True,False,0.2941,0.0,0.2941,1640.25,2013-06-17 06:19:00,1.0,1634.75,2013-06-17 08:11:00,False,,0.0588,,True,1639.0,2013-06-17 05:39:00,0.0
ES,2013-06-17,Monday,RDR,1643.5,1637.0,6.5,1644.25,1637.0,7.25,True,LONG,2013-06-17 10:55:00,1644.75,False,True,False,0.4615,1.1154,0.4615,1646.5,2013-06-17 11:10:00,2.1154,1629.75,2013-06-17 14:55:00,False,,0.0,,True,1643.5,2013-06-17 11:26:00,0.0
ES,2013-06-18,Tuesday,ADR,1641.0,1639.75,1.25,1641.0,1639.5,1.5,True,SHORT,2013-06-17 21:15:00,1639.25,False,True,False,0.6,1.4,1.4,1638.0,2013-06-17 22:23:00,1.6,1641.75,2013-06-18 01:57:00,True,2013-06-17 21:34:00,0.0,1.6,True,1640.0,2013-06-17 23:30:00,0.2
ES,2013-06-18,Tuesday,ODR,1643.75,1639.5,4.25,1644.0,1639.25,4.75,True,LONG,2013-06-18 05:40:00,1644.25,True,True,False,0.3529,0.0,0.3529,1645.25,2013-06-18 05:50:00,0.8824,1640.0,2013-06-18 07:38:00,False,,0.0,,True,1643.75,2013-06-18 06:02:00,0.0
ES,2013-06-18,Tuesday,RDR,1645.0,1639.75,5.25,1645.5,1639.75,5.75,True,LONG,2013-06-18 10:30:00,1646.0,True,False,,1.7619,0.0,1.7619,1654.25,2013-06-18 14:48:00,0.0,1646.25,2013-06-18 10:35:00,True,2013-06-18 10:37:00,0.0,0.0,False,,,
ES,2013-06-19,Wednesday,ODR,1653.5,1648.25,5.25,1654.0,1647.25,6.75,True,LONG,2013-06-19 05:35:00,1654.25,True,True,False,0.2381,0.0476,0.2381,1654.75,2013-06-19 05:40:00,0.8095,1649.25,2013-06-19 07:44:00,False,,0.0,,True,1653.5,2013-06-19 06:17:00,0.0
ES,2013-06-19,Wednesday,RDR,1651.25,1647.5,3.75,1652.5,1646.5,6.0,True,SHORT,2013-06-19 14:00:00,1643.0,True,True,True,0.4,5.1333,5.1333,1628.25,2013-06-19 15:59:00,0.8667,1650.75,2013-06-19 14:16:00,True,2013-06-19 14:05:00,0.8667,0.8667,True,1647.5,2013-06-19 14:12:00,0.0
ES,2013-06-20,Thursday,ADR,1628.0,1623.0,5.0,1628.0,1622.25,5.75,True,SHORT,2013-06-19 21:40:00,1621.5,True,True,True,0.0,0.874,0.874,1618.63,2013-06-19 21:46:00,0.05,1623.25,2013-06-19 22:41:00,True,2013-06-19 21:45:00,0.0,0.05,True,1623.25,2013-06-19 22:41:00,0.05
ES,2013-06-20,Thursday,ODR,1625.0,1621.75,3.25,1625.25,1620.0,5.25,True,SHORT,2013-06-20 04:05:00,1619.75,True,False,,0.0,3.0769,3.0769,1611.75,2013-06-20 05:56:00,0.0,1620.5,2013-06-20 04:30:00,True,2013-06-20 04:10:00,0.0,0.0,False,,,
ES,2013-06-20,Thursday,RDR,1614.5,1604.25,10.25,1615.0,1603.0,12.0,True,SHORT,2013-06-20 10:30:00,1601.0,True,True,True,0.0,2.0,2.0,1583.75,2013-06-20 15:47:00,0.4146,1608.5,2013-06-20 12:32:00,True,2013-06-20 11:19:00,0.4146,0.4146,True,1604.5,2013-06-20 10:43:00,0.0244
ES,2013-06-21,Friday,ADR,1592.5,1590.0,2.5,1592.75,1590.0,2.75,True,LONG,2013-06-20 21:55:00,1594.0,True,False,,2.4,0.0,2.4,1598.5,2013-06-21 01:52:00,0.0,1593.25,2013-06-21 00:21:00,True,2013-06-20 22:00:00,0.0,0.0,False,,,
ES,2013-06-21,Friday,ODR,1601.5,1598.25,3.25,1601.75,1598.25,3.5,True,SHORT,2013-06-21 04:15:00,1597.75,False,True,True,0.6923,0.4615,0.4615,1596.75,2013-06-21 08:24:00,1.6923,1603.75,2013-06-21 05:56:00,False,,1.6923,,True,1599.5,2013-06-21 04:24:00,0.3846
ES,2013-06-24,Monday,ADR,1586.0,1582.25,3.75,1586.0,1581.75,4.25,True,SHORT,2013-06-23 20:50:00,1581.5,True,False,,0.0,2.3333,2.3333,1573.5,2013-06-23 23:22:00,0.0,1581.75,2013-06-23 20:55:00,True,2013-06-23 20:59:00,0.0,0.0,False,,,
ES,2013-06-24,Monday,ODR,1579.5,1573.75,5.75,1580.0,1573.75,6.25,True,SHORT,2013-06-24 04:20:00,1573.5,True,True,True,0.0,1.5217,1.5217,1565.0,2013-06-24 07:34:00,0.2174,1575.0,2013-06-24 05:19:00,True,2013-06-24 04:33:00,0.2174,0.2174,True,1574.25,2013-06-24 04:25:00,0.087
ES,2013-06-24,Monday,RDR,1569.75,1558.0,11.75,1570.75,1556.75,14.0,True,SHORT,2013-06-24 11:20:00,1554.75,False,True,False,0.8723,0.4043,0.4043,1553.25,2013-06-24 12:20:00,1.8723,1580.0,2013-06-24 14:40:00,False,,0.1915,,True,1558.75,2013-06-24 11:41:00,0.0638
ES,2013-06-25,Tuesday,ADR,1570.0,1567.25,2.75,1570.5,1566.75,3.75,True,LONG,2013-06-24 21:35:00,1571.75,False,True,False,1.2727,3.2727,1.2727,1573.5,2013-06-24 22:04:00,4.2727,1558.25,2013-06-25 01:05:00,True,2013-06-24 21:40:00,0.0,4.2727,True,1569.75,2013-06-24 22:31:00,0.0909
ES,2013-06-25,Tuesday,ODR,1574.75,1569.25,5.5,1575.0,1568.5,6.5,True,LONG,2013-06-25 04:50:00,1575.25,True,True,True,0.6364,0.0,0.6364,1578.25,2013-06-25 07:52:00,0.6364,1571.25,2013-06-25 06:47:00,True,2013-06-25 07:50:00,0.6364,0.0,True,1574.75,2013-06-25 05:07:00,0.0
ES,2013-06-25,Tuesday,RDR,1581.0,1571.0,10.0,1582.0,1570.0,12.0,True,LONG,2013-06-25 12:30:00,1582.25,True,True,True,0.65,0.0,0.65,1587.5,2013-06-25 15:36:00,0.5,1576.0,2013-06-25 13:31:00,True,2013-06-25 15:33:00,0.5,0.0,True,1581.0,2013-06-25 12:37:00,0.0
ES,2013-06-26,Wednesday,ADR,1578.25,1574.25,4.0,1578.25,1574.0,4.25,True,LONG,2013-06-25 20:35:00,1579.0,True,True,False,0.25,0.25,0.25,1579.25,2013-06-25 20:40:00,1.25,1573.25,2013-06-25 22:16:00,False,,0.0,,True,1578.25,2013-06-25 20:41:00,0.0
ES,2013-06-26,Wednesday,ODR,1583.5,1577.0,6.5,1583.75,1576.25,7.5,True,LONG,2013-06-26 04:15:00,1585.0,True,False,,1.2308,0.0,1.2308,1591.5,2013-06-26 07:56:00,0.0,1584.0,2013-06-26 04:21:00,True,2013-06-26 04:35:00,0.0,0.0,False,,,
ES,2013-06-26,Wednesday,RDR,1596.75,1592.25,4.5,1597.5,1591.75,5.75,True,SHORT,2013-06-26 10:30:00,1591.0,False,True,False,0.9444,0.8333,0.8333,1588.5,2013-06-26 11:05:00,1.9444,1601.0,2013-06-26 15:02:00,True,2013-06-26 11:03:00,0.5556,1.9444,True,1592.75,2013-06-26 10:36:00,0.1111
ES,2013-06-27,Thursday,ODR,1598.25,1595.75,2.5,1598.5,1595.5,3.0,True,LONG,2013-06-27 05:50:00,1598.75,True,True,True,2.5,0.0,2.5,1604.5,2013-06-27 07:53:00,0.2,1597.75,2013-06-27 07:01:00,True,2013-06-27 05:58:00,0.2,0.2,True,1598.25,2013-06-27 06:49:00,0.0
ES,2013-06-27,Thursday,RDR,1611.5,1607.25,4.25,1611.75,1606.5,5.25,True,LONG,2013-06-27 10:30:00,1613.5,False,True,False,0.5882,0.4706,0.5882,1614.0,2013-06-27 10:35:00,1.4706,1605.25,2013-06-27 12:27:00,True,2013-06-27 10:35:00,0.0,1.4706,True,1611.5,2013-06-27 10:43:00,0.0
ES,2013-06-28,Friday,ADR,1607.0,1605.75,1.25,1607.0,1605.5,1.5,True,LONG,2013-06-27 21:50:00,1607.25,True,True,True,3.0,0.2,3.0,1610.75,2013-06-27 22:22:00,0.4,1606.5,2013-06-27 21:56:00,True,2013-06-27 22:09:00,0.4,0.0,True,1607.0,2013-06-27 21:55:00,0.0
ES,2013-06-28,Friday,ODR,1613.75,1611.25,2.5,1614.25,1610.75,3.5,True,SHORT,2013-06-28 06:15:00,1610.5,True,True,True,0.0,2.1,2.1,1606.0,2013-06-28 08:22:00,0.4,1612.25,2013-06-28 07:34:00,True,2013-06-28 06:20:00,0.4,0.4,True,1611.25,2013-06-28 07:33:00,0.0
ES,2013-06-28,Friday,RDR,1603.5,1595.75,7.75,1603.75,1594.25,9.5,True,LONG,2013-06-28 10:55:00,1605.0,True,True,False,0.7742,0.0,0.7742,1609.5,2013-06-28 11:14:00,0.7742,1597.5,2013-06-28 15:59:00,True,2013-06-28 11:04:00,0.0,0.7742,True,1603.5,2013-06-28 12:08:00,0.0
ES,2013-07-01,Monday,ADR,1599.0,1595.75,3.25,1599.0,1595.5,3.5,True,SHORT,2013-06-30 20:30:00,1595.25,False,True,False,0.3077,0.7692,0.7692,1593.25,2013-06-30 20:54:00,1.3077,1600.0,2013-07-01 01:54:00,True,2013-06-30 20:45:00,0.0769,1.3077,True,1595.75,2013-06-30 20:37:00,0.0
ES,2013-07-01,Monday,ODR,1609.5,1605.25,4.25,1609.75,1605.25,4.5,True,SHORT,2013-07-01 04:10:00,1603.25,True,True,False,0.0588,0.7647,0.7647,1602.0,2013-07-01 04:15:00,1.0588,1609.75,2013-07-01 06:10:00,True,2013-07-01 04:15:00,0.0,1.0588,True,1605.5,2013-07-01 05:26:00,0.0588
ES,2013-07-01,Monday,RDR,1619.5,1608.25,11.25,1619.75,1607.25,12.5,True,SHORT,2013-07-01 15:45:00,1607.0,True,True,False,0.0667,0.1778,0.1778,1606.25,2013-07-01 15:51:00,0.1333,1609.75,2013-07-01 15:58:00,False,,0.0,,True,1609.25,2013-07-01 15:55:00,0.0889
ES,2013-07-02,Tuesday,ODR,1613.75,1609.25,4.5,1614.0,1608.75,5.25,True,SHORT,2013-07-02 04:15:00,1608.5,True,True,True,0.0,0.6667,0.6667,1606.25,2013-07-02 08:29:00,0.8889,1613.25,2013-07-02 06:13:00,True,2013-07-02 08:27:00,0.8889,0.0,True,1609.25,2013-07-02 04:31:00,0.0
ES,2013-07-02,Tuesday,RDR,1616.75,1606.5,10.25,1617.5,1605.75,11.75,True,LONG,2013-07-02 11:50:00,1617.75,False,True,False,0.1463,0.6098,0.0976,1617.75,2013-07-02 11:55:00,1.6098,1600.25,2013-07-02 14:46:00,False,,0.0,,True,1616.75,2013-07-02 11:57:00,0.0
ES,2013-07-03,Wednesday,ADR,1608.25,1606.5,1.75,1608.25,1606.5,1.75,True,SHORT,2013-07-02 21:40:00,1606.25,True,False,,0.1429,1.8571,1.8571,1603.25,2013-07-02 22:56:00,0.0,1606.25,2013-07-02 21:45:00,True,2013-07-02 21:47:00,0.0,0.0,False,,,
ES,2013-07-03,Wednesday,ODR,1601.25,1594.5,6.75,1601.75,1594.25,7.5,True,LONG,2013-07-03 08:25:00,1602.25,True,,,0.2222,0.0741,,,,,,,False,,,,False,,,
ES,2013-07-03,Wednesday,RDR,1604.0,1599.5,4.5,1604.0,1597.25,6.75,True,LONG,2013-07-03 11:10:00,1605.5,True,False,,1.9444,0.0,1.9444,1612.75,2013-07-03 12:20:00,0.0,1605.25,2013-07-03 11:15:00,True,2013-07-03 11:18:00,0.0,0.0,False,,,
ES,2013-07-04,Thursday,ODR,1614.75,1611.75,3.0,1614.75,1611.5,3.25,True,LONG,2013-07-04 06:40:00,1615.25,True,True,True,0.9167,0.0,0.9167,1617.5,2013-07-04 07:10:00,0.1667,1614.25,2013-07-04 07:47:00,True,2013-07-04 07:05:00,0.0,0.1667,True,1614.75,2013-07-04 06:59:00,0.0
ES,2013-07-04,Thursday,RDR,1623.5,1621.5,2.0,1624.0,1621.5,2.5,False,,,,,,,0.25,0.25,,,,,,,False,,,,False,,,
ES,2013-07-05,Friday,ODR,1626.5,1623.5,3.0,1626.5,1623.0,3.5,True,SHORT,2013-07-05 06:40:00,1622.75,True,True,False,0.0833,1.0833,1.0833,1620.25,2013-07-05 07:40:00,1.0833,1626.75,2013-07-05 08:28:00,True,2013-07-05 07:07:00,0.0,1.0833,True,1623.5,2013-07-05 06:57:00,0.0
ES,2013-07-05,Friday,RDR,1621.0,1608.75,12.25,1621.25,1608.0,13.25,True,LONG,2013-07-05 14:10:00,1622.75,True,True,True,0.4082,0.0,0.4082,1626.0,2013-07-05 15:59:00,0.2857,1617.5,2013-07-05 15:27:00,False,,0.2857,,True,1621.0,2013-07-05 14:48:00,0.0
ES,2013-07-08,Monday,ADR,1631.75,1630.0,1.75,1631.75,1630.0,1.75,True,SHORT,2013-07-07 21:45:00,1629.75,True,True,True,0.0,1.7143,1.7143,1627.0,2013-07-08 01:36:00,0.5714,1631.0,2013-07-07 23:45:00,True,2013-07-07 21:57:00,0.5714,0.5714,True,1630.0,2013-07-07 23:32:00,0.0
ES,2013-07-08,Monday,ODR,1633.0,1628.5,4.5,1633.25,1628.25,5.0,True,LONG,2013-07-08 05:05:00,1633.75,True,False,,1.0556,0.0,1.0556,1637.75,2013-07-08 05:40:00,0.0,1633.75,2013-07-08 05:11:00,True,2013-07-08 05:21:00,0.0,0.0,False,,,
ES,2013-07-08,Monday,RDR,1638.25,1633.0,5.25,1639.25,1632.0,7.25,True,SHORT,2013-07-08 12:10:00,1631.5,True,True,False,0.0476,0.3333,0.3333,1631.25,2013-07-08 12:15:00,0.6667,1636.5,2013-07-08 14:54:00,False,,0.0,,True,1633.25,2013-07-08 12:19:00,0.0476
ES,2013-07-09,Tuesday,ADR,1637.5,1636.5,1.0,1637.75,1636.5,1.25,True,SHORT,2013-07-08 20:30:00,1636.0,False,True,False,5.75,0.75,0.75,1635.75,2013-07-08 20:36:00,6.75,1643.25,2013-07-09 01:39:00,True,2013-07-08 20:35:00,0.0,6.75,True,1636.5,2013-07-08 20:50:00,0.0
ES,2013-07-09,Tuesday,ODR,1644.25,1641.5,2.75,1644.25,1641.0,3.25,True,SHORT,2013-07-09 06:40:00,1640.75,True,True,False,0.1818,0.9091,0.9091,1639.0,2013-07-09 06:53:00,0.3636,1642.5,2013-07-09 07:47:00,True,2013-07-09 06:50:00,0.0,0.3636,True,1641.5,2013-07-09 07:26:00,0.0
ES,2013-07-09,Tuesday,RDR,1645.25,1639.0,6.25,1646.5,1638.5,8.0,True,LONG,2013-07-09 12:35:00,1646.75,True,True,True,0.56,0.12,0.56,1648.75,2013-07-09 14:13:00,0.08,1644.75,2013-07-09 13:32:00,True,2013-07-09 14:13:00,0.08,0.0,True,1645.25,2013-07-09 13:31:00,0.0
ES,2013-07-10,Wednesday,ODR,1646.5,1644.25,2.25,1647.0,1644.25,2.75,True,SHORT,2013-07-10 04:15:00,1644.0,True,True,False,0.0,1.3333,1.3333,1641.25,2013-07-10 04:43:00,0.5556,1645.5,2013-07-10 08:05:00,True,2013-07-10 04:21:00,0.0,0.5556,True,1644.25,2013-07-10 06:01:00,0.0
ES,2013-07-10,Wednesday,RDR,1647.25,1644.5,2.75,1648.0,1644.0,4.0,True,SHORT,2013-07-10 10:30:00,1643.25,False,True,False,2.0,1.0,1.0,1641.75,2013-07-10 14:49:00,3.0,1652.75,2013-07-10 14:03:00,True,2013-07-10 11:02:00,3.0,3.0,True,1644.5,2013-07-10 10:40:00,0.0
ES,2013-07-11,Thursday,ADR,1662.25,1661.0,1.25,1662.5,1660.5,2.0,True,LONG,2013-07-10 20:40:00,1663.0,True,True,True,4.0,0.0,4.0,1667.25,2013-07-11 01:48:00,0.4,1661.75,2013-07-10 21:54:00,True,2013-07-10 20:45:00,0.4,0.4,True,1662.25,2013-07-10 21:20:00,0.0
ES,2013-07-11,Thursday,ODR,1665.5,1663.5,2.0,1665.5,1663.0,2.5,True,LONG,2013-07-11 04:15:00,1665.75,False,True,True,0.875,0.375,0.875,1667.25,2013-07-11 07:43:00,1.375,1662.75,2013-07-11 06:30:00,True,2013-07-11 07:39:00,1.375,0.375,True,1665.5,2013-07-11 04:20:00,0.0
ES,2013-07-11,Thursday,RDR,1666.75,1662.25,4.5,1666.75,1662.25,4.5,True,SHORT,2013-07-11 10:30:00,1661.5,False,True,False,1.0556,0.3333,0.3333,1660.75,2013-07-11 10:40:00,2.0556,1671.5,2013-07-11 15:45:00,False,,0.0,,True,1662.25,2013-07-11 10:42:00,0.0
ES,2013-07-12,Friday,ADR,1669.0,1666.25,2.75,1669.0,1666.25,2.75,False,,,,,,,0.0,0.0,,,,,,,False,,,,False,,,
ES,2013-07-12,Friday,ODR,1669.25,1667.0,2.25,1669.5,1666.75,2.75,True,LONG,2013-07-12 05:50:00,1670.25,True,True,True,1.3333,0.0,1.3333,1672.25,2013-07-12 07:00:00,0.0,1669.25,2013-07-12 07:11:00,True,2013-07-12 05:55:00,0.0,0.0,True,1669.25,2013-07-12 07:11:00,0.0
ES,2013-07-12,Friday,RDR,1671.0,1668.0,3.0,1671.0,1667.5,3.5,True,LONG,2013-07-12 10:40:00,1671.75,False,True,True,1.0,0.3333,1.0,1674.0,2013-07-12 15:58:00,1.3333,1667.0,2013-07-12 12:15:00,True,2013-07-12 15:46:00,1.3333,0.0,True,1671.0,2013-07-12 10:48:00,0.0
ES,2013-07-15,Monday,ODR,1675.25,1672.25,3.0,1675.5,1672.25,3.25,True,SHORT,2013-07-15 05:50:00,1672.0,True,True,False,0.0,0.25,0.25,1671.5,2013-07-15 06:08:00,0.75,1674.5,2013-07-15 08:28:00,False,,0.0,,True,1672.25,2013-07-15 05:56:00,0.0
ES,2013-07-15,Monday,RDR,1675.5,1672.5,3.0,1676.5,1672.25,4.25,True,LONG,2013-07-15 11:30:00,1677.0,True,False,,1.25,0.0,1.25,1679.25,2013-07-15 14:45:00,0.0,1675.75,2013-07-15 13:02:00,True,2013-07-15 11:35:00,0.0,0.0,False,,,
ES,2013-07-16,Tuesday,ADR,1677.5,1676.25,1.25,1677.5,1676.25,1.25,False,,,,,,,0.0,0.0,,,,,,,False,,,,False,,,
ES,2013-07-16,Tuesday,ODR,1678.25,1675.5,2.75,1678.75,1675.25,3.5,True,SHORT,2013-07-16 04:00:00,1675.0,True,True,False,0.0909,0.4545,0.3636,1674.5,2013-07-16 04:06:00,1.0909,1678.5,2013-07-16 06:38:00,False,,0.0,,True,1675.5,2013-07-16 04:10:00,0.0
ES,2013-07-16,Tuesday,RDR,1678.5,1674.5,4.0,1679.0,1674.5,4.5,True,SHORT,2013-07-16 10:55:00,1673.0,True,False,,0.0,2.0,2.0,1666.5,2013-07-16 13:16:00,0.0,1673.25,2013-07-16 11:01:00,True,2013-07-16 11:03:00,0.0,0.0,False,,,
ES,2013-07-17,Wednesday,ODR,1672.0,1670.5,1.5,1672.0,1670.0,2.0,True,SHORT,2013-07-17 04:35:00,1669.75,False,True,False,0.5,3.1667,3.1667,1665.75,2013-07-17 05:16:00,1.5,1672.75,2013-07-17 07:25:00,True,2013-07-17 04:40:00,0.0,1.5,True,1670.5,2013-07-17 07:00:00,0.0
ES,2013-07-17,Wednesday,RDR,1678.0,1674.25,3.75,1678.25,1673.5,4.75,True,SHORT,2013-07-17 15:30:00,1673.0,True,True,False,0.6,0.4,0.2667,1673.25,2013-07-17 15:35:00,0.5333,1676.25,2013-07-17 15:58:00,False,,0.0,,True,1674.25,2013-07-17 15:38:00,0.0
ES,2013-07-18,Thursday,ODR,1675.0,1672.75,2.25,1675.0,1672.25,2.75,True,LONG,2013-07-18 04:05:00,1675.5,True,True,True,1.2222,0.0,1.2222,1677.75,2013-07-18 07:43:00,0.1111,1674.75,2013-07-18 04:11:00,True,2013-07-18 04:17:00,0.1111,0.0,True,1675.0,2013-07-18 04:10:00,0.0
ES,2013-07-18,Thursday,RDR,1686.5,1678.25,8.25,1686.75,1677.5,9.25,True,LONG,2013-07-18 10:50:00,1687.5,True,True,False,0.2121,0.0,0.2121,1688.25,2013-07-18 10:56:00,0.5455,1682.0,2013-07-18 13:21:00,False,,0.0,,True,1686.5,2013-07-18 11:21:00,0.0
ES,2013-07-19,Friday,ODR,1679.0,1677.5,1.5,1679.25,1677.25,2.0,True,LONG,2013-07-19 06:50:00,1679.5,True,True,True,2.0,0.3333,2.0,1682.0,2013-07-19 07:10:00,0.3333,1678.5,2013-07-19 07:01:00,True,2013-07-19 06:56:00,0.3333,0.3333,True,1679.0,2013-07-19 06:57:00,0.0
ES,2013-07-19,Friday,RDR,1681.5,1678.5,3.0,1682.25,1678.5,3.75,True,LONG,2013-07-19 10:30:00,1683.0,True,True,True,1.8333,0.0,1.8333,1687.0,2013-07-19 15:55:00,0.0,1681.5,2013-07-19 11:51:00,True,2013-07-19 10:35:00,0.0,0.0,True,1681.5,2013-07-19 11:51:00,0.0
ES,2013-07-22,Monday,ODR,1691.0,1688.5,2.5,1691.0,1688.25,2.75,True,LONG,2013-07-22 04:35:00,1692.0,True,True,False,0.7,0.0,0.7,1692.75,2013-07-22 04:42:00,0.9,1688.75,2013-07-22 08:06:00,True,2013-07-22 04:40:00,0.0,0.9,True,1691.0,2013-07-22 05:08:00,0.0
ES,2013-07-22,Monday,RDR,1689.75,1686.0,3.75,1690.25,1685.5,4.75,True,LONG,2013-07-22 11:05:00,1691.0,True,True,True,0.8,0.0,0.8,1692.75,2013-07-22 11:37:00,0.4667,1688.0,2013-07-22 13:48:00,True,2013-07-22 11:29:00,0.0,0.4667,True,1689.5,2013-07-22 13:18:00,0.0667
ES,2013-07-23,Tuesday,ADR,1691.75,1691.0,0.75,1691.75,1691.0,0.75,True,LONG,2013-07-22 20:35:00,1692.0,True,True,True,4.6667,0.0,4.6667,1695.25,2013-07-23 00:02:00,0.3333,1691.5,2013-07-22 21:00:00,True,2013-07-22 20:40:00,0.3333,0.3333,True,1691.75,2013-07-22 20:43:00,0.0
ES,2013-07-23,Tuesday,ODR,1694.75,1692.25,2.5,1695.0,1691.75,3.25,False,,,,,,,0.0,0.2,,,,,,,False,,,,False,,,
ES,2013-07-23,Tuesday,RDR,1693.75,1689.0,4.75,1693.75,1688.5,5.25,True,SHORT,2013-07-23 10:35:00,1687.25,True,True,True,0.0,0.6316,0.6316,1686.0,2013-07-23 11:01:00,0.5263,1691.5,2013-07-23 14:45:00,True,2013-07-23 11:00:00,0.0,0.5263,True,1689.5,2013-07-23 11:49:00,0.1053
ES,2013-07-24,Wednesday,ODR,1692.5,1689.0,3.5,1693.0,1688.75,4.25,True,LONG,2013-07-24 07:05:00,1693.25,True,False,,0.7143,0.0,0.7143,1695.0,2013-07-24 07:33:00,0.0,1693.25,2013-07-24 07:10:00,True,2013-07-24 07:23:00,0.0,0.0,False,,,
ES,2013-07-24,Wednesday,RDR,1693.75,1683.25,10.5,1694.0,1682.25,11.75,True,SHORT,2013-07-24 12:10:00,1681.25,True,False,,0.0,0.5714,0.5714,1677.25,2013-07-24 13:36:00,0.0,1682.25,2013-07-24 12:46:00,True,2013-07-24 13:35:00,0.0,0.0,False,,,
ES,2013-07-25,Thursday,ODR,1682.5,1678.75,3.75,1682.5,1678.5,4.0,True,SHORT,2013-07-25 04:35:00,1678.25,True,False,,0.0,1.8667,1.8667,1671.75,2013-07-25 05:26:00,0.0,1678.5,2013-07-25 04:41:00,True,2013-07-25 04:53:00,0.0,0.0,False,,,
ES,2013-07-25,Thursday,RDR,1682.0,1676.5,5.5,1682.0,1675.25,6.75,True,SHORT,2013-07-25 11:35:00,1675.0,False,True,False,0.7727,0.2727,0.2273,1675.25,2013-07-25 11:40:00,1.7727,1686.25,2013-07-25 15:39:00,False,,0.0,,True,1676.5,2013-07-25 11:43:00,0.0
ES,2013-07-26,Friday,ODR,1687.75,1682.25,5.5,1687.75,1682.0,5.75,True,SHORT,2013-07-26 05:30:00,1681.75,True,False,,0.0,1.0455,1.0455,1676.5,2013-07-26 07:58:00,0.0,1681.75,2013-07-26 05:35:00,True,2013-07-26 05:38:00,0.0,0.0,False,,,
ES,2013-07-26,Friday,RDR,1679.75,1676.5,3.25,1680.75,1676.5,4.25,True,SHORT,2013-07-26 10:35:00,1676.25,False,True,False,2.2308,1.8462,1.8462,1670.5,2013-07-26 10:55:00,3.2308,1687.0,2013-07-26 15:59:00,True,2013-07-26 10:47:00,0.2308,3.2308,True,1677.0,2013-07-26 10:41:00,0.1538
ES,2013-07-29,Monday,ODR,1685.5,1682.75,2.75,1686.0,1682.75,3.25,True,SHORT,2013-07-29 04:05:00,1681.75,True,True,False,0.0,0.7273,0.7273,1680.75,2013-07-29 04:21:00,0.6364,1684.5,2013-07-29 05:20:00,True,2013-07-29 04:15:00,0.0,0.6364,True,1682.75,2013-07-29 04:38:00,0.0
ES,2013-07-29,Monday,RDR,1685.0,1681.25,3.75,1686.0,1680.75,5.25,True,SHORT,2013-07-29 11:05:00,1680.0,True,True,True,0.0,1.2667,1.2667,1676.5,2013-07-29 11:38:00,0.6667,1683.75,2013-07-29 14:43:00,True,2013-07-29 11:11:00,0.0,0.6667,True,1681.5,2013-07-29 14:02:00,0.0667
ES,2013-07-30,Tuesday,ODR,1685.75,1684.0,1.75,1686.0,1683.5,2.5,True,LONG,2013-07-30 04:10:00,1686.5,False,True,True,0.7143,1.0,0.7143,1687.0,2013-07-30 07:14:00,2.0,1682.25,2013-07-30 05:56:00,True,2013-07-30 07:05:00,2.0,0.2857,True,1685.75,2013-07-30 04:19:00,0.0
ES,2013-07-30,Tuesday,RDR,1687.25,1684.0,3.25,1688.0,1684.0,4.0,True,SHORT,2013-07-30 10:55:00,1683.75,True,True,True,0.0,2.0769,2.0769,1677.25,2013-07-30 13:46:00,0.6154,1686.0,2013-07-30 11:49:00,True,2013-07-30 13:16:00,0.6154,0.0769,True,1684.0,2013-07-30 11:02:00,0.0
ES,2013-07-31,Wednesday,ODR,1684.5,1682.5,2.0,1685.0,1682.0,3.0,True,LONG,2013-07-31 04:10:00,1686.25,True,True,False,1.5,0.0,1.5,1687.5,2013-07-31 04:56:00,0.625,1683.25,2013-07-31 08:20:00,True,2013-07-31 04:15:00,0.0,0.625,True,1684.5,2013-07-31 05:23:00,0.0
ES,2013-07-31,Wednesday,RDR,1690.0,1685.0,5.0,1690.25,1684.75,5.5,True,LONG,2013-07-31 10:35:00,1691.25,False,True,False,0.75,0.95,0.75,1693.75,2013-07-31 14:55:00,1.95,1680.25,2013-07-31 15:55:00,True,2013-07-31 14:42:00,1.8,1.95,True,1690.0,2013-07-31 11:17:00,0.0
ES,2013-08-01,Thursday,ODR,1690.25,1689.25,1.0,1690.75,1688.5,2.25,True,SHORT,2013-08-01 04:15:00,1688.25,False,True,False,3.5,1.5,0.75,1688.5,2013-08-01 04:20:00,4.5,1693.75,2013-08-01 05:54:00,True,2013-08-01 04:20:00,0.0,4.5,True,1689.25,2013-08-01 04:26:00,0.0
ES,2013-08-01,Thursday,RDR,1700.25,1695.0,5.25,1700.5,1694.25,6.25,True,LONG,2013-08-01 14:00:00,1701.25,True,True,True,0.619,0.0,0.619,1703.5,2013-08-01 15:50:00,0.2857,1698.75,2013-08-01 15:22:00,True,2013-08-01 15:39:00,0.2857,0.0,True,1700.25,2013-08-01 15:16:00,0.0
ES,2013-08-02,Friday,ODR,1702.5,1700.75,1.75,1702.75,1700.5,2.25,True,LONG,2013-08-02 08:20:00,1703.0,True,True,True,0.4286,0.2857,0.4286,1703.25,2013-08-02 08:25:00,0.1429,1702.25,2013-08-02 08:26:00,False,,0.0,,True,1702.25,2013-08-02 08:26:00,0.1429
ES,2013-08-02,Friday,RDR,1700.0,1696.25,3.75,1700.25,1695.75,4.5,True,LONG,2013-08-02 12:20:00,1700.5,True,True,True,1.2667,0.0,1.2667,1704.75,2013-08-02 15:59:00,0.1333,1699.5,2013-08-02 12:27:00,True,2013-08-02 12:49:00,0.1333,0.0667,True,1700.0,2013-08-02 12:25:00,0.0
ES,2013-08-05,Monday,ODR,1704.25,1702.75,1.5,1704.25,1702.75,1.5,True,LONG,2013-08-05 04:35:00,1704.5,False,True,False,0.1667,1.1667,0.1667,1704.5,2013-08-05 04:42:00,2.1667,1701.0,2013-08-05 08:20:00,False,,0.0,,True,1704.25,2013-08-05 04:40:00,0.0
ES,2013-08-05,Monday,RDR,1702.75,1699.25,3.5,1703.0,1698.75,4.25,True,LONG,2013-08-05 10:30:00,1703.75,True,True,False,0.5714,0.0,0.5714,1704.75,2013-08-05 10:44:00,0.9286,1699.5,2013-08-05 13:11:00,True,2013-08-05 10:44:00,0.0,0.9286,True,1702.5,2013-08-05 11:32:00,0.0714
ES,2013-08-06,Tuesday,ODR,1702.0,1700.5,1.5,1702.25,1700.0,2.25,True,LONG,2013-08-06 04:35:00,1702.5,False,True,False,0.8333,1.1667,0.8333,1703.25,2013-08-06 05:09:00,2.1667,1698.75,2013-08-06 07:07:00,True,2013-08-06 05:02:00,0.0,2.1667,True,1702.0,2013-08-06 04:44:00,0.0
ES,2013-08-06,Tuesday,RDR,1700.0,1694.0,6.0,1700.25,1693.75,6.5,True,SHORT,2013-08-06 10:30:00,1691.0,True,True,True,0.0,0.875,0.875,1688.75,2013-08-06 11:00:00,0.125,1694.75,2013-08-06 13:00:00,True,2013-08-06 10:38:00,0.0,0.125,True,1694.0,2013-08-06 12:43:00,0.0
ES,2013-08-07,Wednesday,ODR,1688.0,1686.0,2.0,1688.5,1685.5,3.0,True,LONG,2013-08-07 07:50:00,1688.75,True,False,,0.875,0.375,0.875,1689.75,2013-08-07 08:27:00,0.0,1688.5,2013-08-07 08:18:00,True,2013-08-07 07:55:00,0.0,0.0,False,,,
ES,2013-08-07,Wednesday,RDR,1688.75,1681.5,7.25,1689.25,1681.25,8.0,False,,,,,,,0.069,0.1379,,,,,,,False,,,,False,,,
ES,2013-08-08,Thursday,ODR,1692.25,1690.0,2.25,1692.5,1690.0,2.5,True,LONG,2013-08-08 06:40:00,1692.75,True,False,,1.3333,0.1111,1.3333,1695.25,2013-08-08 07:13:00,0.0,1693.0,2013-08-08 06:45:00,True,2013-08-08 06:47:00,0.0,0.0,False,,,
ES,2013-08-08,Thursday,RDR,1695.25,1688.0,7.25,1696.75,1687.75,9.0,True,SHORT,2013-08-08 10:30:00,1686.25,False,True,False,0.2069,0.4828,0.4828,1684.5,2013-08-08 10:45:00,1.2069,1696.75,2013-08-08 14:30:00,False,,0.0,,True,1688.25,2013-08-08 11:29:00,0.0345
ES,2013-08-09,Friday,ODR,1694.0,1690.75,3.25,1694.25,1690.5,3.75,True,SHORT,2013-08-09 04:20:00,1690.0,True,False,,0.0,1.3846,1.3846,1686.25,2013-08-09 06:13:00,0.0,1690.25,2013-08-09 05:10:00,True,2013-08-09 04:30:00,0.0,0.0,False,,,
ES,2013-08-09,Friday,RDR,1695.75,1690.0,5.75,1696.0,1689.0,7.0,True,SHORT,2013-08-09 10:55:00,1688.75,True,True,True,0.0,1.3043,1.3043,1682.5,2013-08-09 11:26:00,0.3478,1692.0,2013-08-09 13:30:00,True,2013-08-09 11:01:00,0.0,0.3478,True,1690.25,2013-08-09 12:36:00,0.0435
ES,2013-08-12,Monday,ODR,1684.25,1681.0,3.25,1685.0,1680.75,4.25,True,SHORT,2013-08-12 04:15:00,1679.5,True,False,,0.0,1.7692,1.7692,1675.25,2013-08-12 05:07:00,0.0,1679.5,2013-08-12 07:26:00,True,2013-08-12 04:20:00,0.0,0.0,False,,,
ES,2013-08-12,Monday,RDR,1686.5,1679.75,6.75,1686.75,1678.75,8.0,True,LONG,2013-08-12 10:40:00,1687.25,True,True,False,0.2222,0.0,0.2222,1688.0,2013-08-12 11:00:00,0.5556,1682.75,2013-08-12 13:53:00,False,,0.037,,True,1686.5,2013-08-12 10:47:00,0.0
ES,2013-08-13,Tuesday,ODR,1691.75,1689.0,2.75,1691.75,1688.75,3.0,True,LONG,2013-08-13 04:10:00,1692.0,True,True,False,0.7273,0.0,0.7273,1693.75,2013-08-13 05:00:00,0.5455,1690.25,2013-08-13 07:22:00,True,2013-08-13 04:39:00,0.0,0.5455,True,1691.75,2013-08-13 06:49:00,0.0
ES,2013-08-13,Tuesday,RDR,1690.0,1680.5,9.5,1690.25,1679.25,11.0,True,LONG,2013-08-13 12:45:00,1690.5,True,True,True,0.4474,0.0789,0.4474,1694.25,2013-08-13 13:26:00,0.0,1690.0,2013-08-13 13:03:00,False,,0.0,,True,1690.0,2013-08-13 13:03:00,0.0
ES,2013-08-14,Wednesday,ADR,1691.75,1689.25,2.5,1692.0,1689.25,2.75,True,SHORT,2013-08-13 22:05:00,1688.75,True,True,False,0.0,0.7,0.7,1687.5,2013-08-14 00:12:00,0.0,1689.25,2013-08-13 22:38:00,True,2013-08-13 23:41:00,0.0,0.0,True,1689.25,2013-08-13 22:38:00,0.0
ES,2013-08-14,Wednesday,ODR,1689.0,1686.25,2.75,1689.0,1685.5,3.5,False,,,,,,,0.0,0.3636,,,,,,,False,,,,False,,,
ES,2013-08-14,Wednesday,RDR,1691.5,1687.25,4.25,1693.0,1686.75,6.25,True,SHORT,2013-08-14 10:40:00,1686.5,True,True,True,0.0,1.2353,1.2353,1682.0,2013-08-14 13:31:00,0.0588,1687.5,2013-08-14 12:30:00,True,2013-08-14 10:47:00,0.0588,0.0588,True,1687.25,2013-08-14 12:29:00,0.0
ES,2013-08-15,Thursday,ADR,1679.25,1677.75,1.5,1679.5,1677.75,1.75,True,LONG,2013-08-14 21:00:00,1680.0,True,True,False,1.6667,0.0,1.6667,1681.75,2013-08-14 22:23:00,0.6667,1678.25,2013-08-15 01:49:00,True,2013-08-14 21:06:00,0.0,0.6667,True,1679.25,2013-08-14 21:13:00,0.0
ES,2013-08-15,Thursday,ODR,1680.25,1677.75,2.5,1680.25,1677.5,2.75,True,SHORT,2013-08-15 06:05:00,1677.25,True,False,,0.2,2.7,2.7,1671.0,2013-08-15 08:28:00,0.0,1677.5,2013-08-15 06:11:00,True,2013-08-15 06:17:00,0.0,0.0,False,,,
ES,2013-08-15,Thursday,RDR,1668.25,1657.25,11.0,1668.5,1656.5,12.0,False,,,,,,,0.0,0.1364,,,,,,,False,,,,False,,,
ES,2013-08-16,Friday,ODR,1661.0,1658.0,3.0,1661.0,1657.25,3.75,True,LONG,2013-08-16 07:15:00,1661.25,True,True,False,0.25,0.4167,0.1667,1661.5,2013-08-16 07:20:00,0.8333,1658.5,2013-08-16 08:05:00,False,,0.0,,True,1661.0,2013-08-16 07:21:00,0.0
ES,2013-08-16,Friday,RDR,1659.0,1654.75,4.25,1660.0,1653.75,6.25,True,LONG,2013-08-16 10:45:00,1660.75,False,True,False,0.5294,1.2353,0.5294,1661.25,2013-08-16 11:04:00,2.2353,1649.5,2013-08-16 14:17:00,True,2013-08-16 11:04:00,0.0,2.2353,True,1658.75,2013-08-16 11:09:00,0.0588
ES,2013-08-19,Monday,ODR,1653.75,1651.0,2.75,1654.0,1650.25,3.75,True,SHORT,2013-08-19 07:30:00,1650.0,True,False,,0.0,0.9091,0.9091,1648.5,2013-08-19 08:10:00,0.0,1650.5,2013-08-19 08:23:00,True,2013-08-19 07:36:00,0.0,0.0,False,,,
ES,2013-08-19,Monday,RDR,1656.0,1650.25,5.75,1656.75,1648.75,8.0,True,SHORT,2013-08-19 13:30:00,1648.0,True,True,True,0.0,1.3478,1.3478,1642.5,2013-08-19 15:59:00,0.0,1650.25,2013-08-19 14:20:00,True,2013-08-19 13:36:00,0.0,0.0,True,1650.25,2013-08-19 14:20:00,0.0
ES,2013-08-20,Tuesday,ODR,1645.25,1642.25,3.0,1645.25,1641.5,3.75,True,LONG,2013-08-20 06:45:00,1645.75,True,True,True,1.4167,0.3333,1.4167,1649.5,2013-08-20 08:12:00,0.3333,1644.25,2013-08-20 06:58:00,True,2013-08-20 07:22:00,0.3333,0.0,True,1645.25,2013-08-20 06:51:00,0.0
ES,2013-08-20,Tuesday,RDR,1648.5,1643.25,5.25,1649.0,1643.25,5.75,True,LONG,2013-08-20 10:35:00,1651.5,True,False,,1.5238,0.0,1.5238,1656.5,2013-08-20 13:03:00,0.0,1650.0,2013-08-20 15:59:00,True,2013-08-20 10:40:00,0.0,0.0,False,,,
ES,2013-08-21,Wednesday,ODR,1649.5,1647.0,2.5,1649.75,1646.75,3.0,True,SHORT,2013-08-21 04:15:00,1646.5,True,True,False,0.0,1.3,1.3,1643.75,2013-08-21 05:22:00,0.6,1648.5,2013-08-21 08:03:00,True,2013-08-21 05:05:00,0.4,0.6,True,1647.0,2013-08-21 04:20:00,0.0
ES,2013-08-21,Wednesday,RDR,1648.25,1644.0,4.25,1648.75,1643.5,5.25,True,SHORT,2013-08-21 11:35:00,1642.75,False,True,True,1.4706,1.8235,1.8235,1636.25,2013-08-21 14:07:00,2.4706,1654.5,2013-08-21 14:48:00,True,2013-08-21 11:47:00,0.5294,2.4706,True,1644.25,2013-08-21 12:43:00,0.0588
ES,2013-08-22,Thursday,ADR,1634.0,1631.5,2.5,1634.25,1631.5,2.75,True,LONG,2013-08-21 21:25:00,1634.5,True,True,True,1.4,0.0,1.4,1637.5,2013-08-21 21:46:00,0.4,1633.0,2013-08-21 23:51:00,True,2013-08-21 21:45:00,0.0,0.4,True,1634.0,2013-08-21 22:16:00,0.0
ES,2013-08-22,Thursday,ODR,1643.25,1637.5,5.75,1643.5,1637.0,6.5,True,LONG,2013-08-22 04:00:00,1643.75,True,True,False,0.3043,0.0,0.3043,1645.0,2013-08-22 05:32:00,0.4348,1640.75,2013-08-22 07:59:00,False,,0.087,,True,1643.25,2013-08-22 04:10:00,0.0
ES,2013-08-22,Thursday,RDR,1651.5,1643.75,7.75,1651.5,1643.5,8.0,True,LONG,2013-08-22 10:35:00,1651.75,True,True,True,0.7742,0.0,0.7742,1657.5,2013-08-22 15:38:00,0.5161,1647.5,2013-08-22 12:55:00,True,2013-08-22 15:28:00,0.5161,0.0,True,1651.5,2013-08-22 10:58:00,0.0
ES,2013-08-23,Friday,ADR,1656.75,1655.25,1.5,1656.75,1655.0,1.75,True,LONG,2013-08-22 21:25:00,1657.0,True,True,False,0.6667,0.3333,0.6667,1657.75,2013-08-22 21:32:00,1.3333,1654.75,2013-08-23 01:58:00,True,2013-08-22 21:32:00,0.0,1.3333,True,1656.75,2013-08-22 22:05:00,0.0
ES,2013-08-23,Friday,ODR,1655.0,1651.0,4.0,1655.0,1650.75,4.25,True,LONG,2013-08-23 07:30:00,1655.25,True,True,True,0.5,0.0,0.5,1657.0,2013-08-23 08:23:00,0.1875,1654.25,2013-08-23 07:38:00,True,2013-08-23 08:23:00,0.1875,0.0,True,1655.0,2013-08-23 07:35:00,0.0
ES,2013-08-23,Friday,RDR,1659.5,1652.75,6.75,1659.75,1652.0,7.75,True,LONG,2013-08-23 15:40:00,1660.25,True,False,,0.4444,0.0,0.4444,1662.5,2013-08-23 15:49:00,0.0,1660.25,2013-08-23 15:59:00,False,,0.0,,False,,,
ES,2013-08-26,Monday,RDR,1665.25,1660.5,4.75,1665.25,1659.75,5.5,True,LONG,2013-08-26 10:55:00,1666.25,False,True,False,0.4211,1.4737,0.4211,1667.25,2013-08-26 11:30:00,2.4737,1653.5,2013-08-26 15:26:00,False,,0.0,,True,1665.25,2013-08-26 11:45:00,0.0
ES,2013-08-27,Tuesday,ODR,1654.25,1647.0,7.25,1654.5,1646.0,8.5,True,SHORT,2013-08-27 04:05:00,1644.25,True,True,True,0.0,0.9655,0.9655,1640.0,2013-08-27 08:29:00,0.0345,1647.25,2013-08-27 04:24:00,True,2013-08-27 06:41:00,0.0345,0.0,True,1647.0,2013-08-27 04:17:00,0.0
ES,2013-08-27,Tuesday,RDR,1642.75,1636.5,6.25,1644.0,1635.75,8.25,True,SHORT,2013-08-27 12:40:00,1635.5,True,True,True,0.0,1.64,1.64,1626.25,2013-08-27 15:35:00,0.08,1637.0,2013-08-27 12:52:00,True,2013-08-27 13:20:00,0.08,0.0,True,1636.5,2013-08-27 12:49:00,0.0
ES,2013-08-28,Wednesday,ADR,1630.25,1627.0,3.25,1630.25,1627.0,3.25,True,LONG,2013-08-27 20:45:00,1630.75,True,True,True,0.9231,0.0,0.9231,1633.25,2013-08-27 21:44:00,0.6923,1628.0,2013-08-28 00:48:00,True,2013-08-27 21:04:00,0.0769,0.6923,True,1630.0,2013-08-27 20:52:00,0.0769
ES,2013-08-28,Wednesday,ODR,1634.25,1631.75,2.5,1634.5,1630.75,3.75,True,SHORT,2013-08-28 05:20:00,1630.25,True,False,,0.0,2.3,2.3,1626.0,2013-08-28 07:37:00,0.0,1630.75,2013-08-28 05:26:00,True,2013-08-28 05:25:00,0.0,0.0,False,,,
ES,2013-08-28,Wednesday,RDR,1632.0,1626.75,5.25,1632.5,1624.75,7.75,True,LONG,2013-08-28 10:35:00,1633.0,True,True,True,1.3333,0.0,1.3333,1639.0,2013-08-28 13:01:00,0.0,1632.0,2013-08-28 10:48:00,True,2013-08-28 11:13:00,0.0,0.0,True,1632.0,2013-08-28 10:48:00,0.0
ES,2013-08-29,Thursday,ADR,1631.0,1629.25,1.75,1631.0,1629.25,1.75,True,LONG,2013-08-29 00:10:00,1631.25,True,False,,0.8571,0.0,0.8571,1632.5,2013-08-29 01:01:00,0.0,1631.25,2013-08-29 00:18:00,True,2013-08-29 00:30:00,0.0,0.0,False,,,
ES,2013-08-29,Thursday,ODR,1636.75,1634.0,2.75,1636.75,1632.75,4.0,True,LONG,2013-08-29 04:15:00,1637.5,False,True,False,0.6364,0.5455,0.6364,1638.5,2013-08-29 08:04:00,1.5455,1632.5,2013-08-29 06:15:00,True,2013-08-29 07:46:00,1.5455,0.1818,True,1636.5,2013-08-29 04:32:00,0.0909
ES,2013-08-29,Thursday,RDR,1639.25,1629.25,10.0,1639.5,1628.0,11.5,True,LONG,2013-08-29 10:35:00,1641.25,True,True,False,0.525,0.0,0.525,1644.5,2013-08-29 11:29:00,0.5,1634.25,2013-08-29 15:34:00,True,2013-08-29 11:23:00,0.0,0.5,True,1639.0,2013-08-29 13:25:00,0.025
ES,2013-08-30,Friday,ODR,1642.75,1638.0,4.75,1643.75,1637.75,6.0,True,SHORT,2013-08-30 04:15:00,1637.0,True,True,False,0.0,0.3684,0.3684,1636.25,2013-08-30 04:40:00,0.6316,1641.0,2013-08-30 06:41:00,False,,0.0,,True,1638.0,2013-08-30 04:55:00,0.0
ES,2013-08-30,Friday,RDR,1639.25,1632.0,7.25,1639.25,1631.25,8.0,True,SHORT,2013-08-30 10:40:00,1631.0,True,True,True,0.0,0.8966,0.8966,1625.5,2013-08-30 15:54:00,0.3448,1634.5,2013-08-30 13:16:00,True,2013-08-30 13:04:00,0.3448,0.3448,True,1632.0,2013-08-30 11:04:00,0.0
ES,2013-09-02,Monday,ODR,1645.0,1642.5,2.5,1645.75,1642.5,3.25,True,LONG,2013-09-02 04:30:00,1646.75,True,True,True,1.3,0.0,1.3,1648.25,2013-09-02 07:40:00,0.0,1645.0,2013-09-02 05:29:00,True,2013-09-02 04:35:00,0.0,0.0,True,1645.0,2013-09-02 05:29:00,0.0
ES,2013-09-03,Tuesday,ODR,1648.25,1646.5,1.75,1648.25,1646.25,2.0,True,SHORT,2013-09-03 04:50:00,1642.75,True,True,True,0.0,2.5714,2.5714,1642.0,2013-09-03 05:01:00,0.1429,1646.75,2013-09-03 06:30:00,True,2013-09-03 04:55:00,0.0,0.1429,True,1646.5,2013-09-03 05:04:00,0.0
ES,2013-09-03,Tuesday,RDR,1648.5,1644.25,4.25,1649.5,1643.75,5.75,True,SHORT,2013-09-03 11:15:00,1643.25,True,False,,0.0,3.1765,3.1765,1630.75,2013-09-03 14:51:00,0.0,1643.0,2013-09-03 11:20:00,True,2013-09-03 11:28:00,0.0,0.0,False,,,
ES,2013-09-04,Wednesday,ODR,1641.25,1637.0,4.25,1641.5,1636.5,5.0,False,,,,,,,0.0,0.2353,,,,,,,False,,,,False,,,
ES,2013-09-04,Wednesday,RDR,1647.0,1636.75,10.25,1647.0,1635.25,11.75,True,LONG,2013-09-04 10:50:00,1647.25,True,True,True,0.7073,0.0,0.7073,1654.25,2013-09-04 13:22:00,0.0244,1646.75,2013-09-04 10:56:00,True,2013-09-04 11:52:00,0.0244,0.0,True,1647.0,2013-09-04 10:55:00,0.0
ES,2013-09-05,Thursday,ODR,1655.75,1652.25,3.5,1656.25,1652.0,4.25,True,SHORT,2013-09-05 04:45:00,1651.5,True,True,False,0.0,0.5714,0.5714,1650.25,2013-09-05 05:43:00,0.6429,1654.5,2013-09-05 06:38:00,True,2013-09-05 05:43:00,0.2857,0.6429,True,1652.5,2013-09-05 04:52:00,0.0714
ES,2013-09-05,Thursday,RDR,1657.5,1652.75,4.75,1658.0,1651.25,6.75,False,,,,,,,0.0,0.0,,,,,,,False,,,,False,,,
ES,2013-09-06,Friday,ODR,1655.5,1652.0,3.5,1655.5,1652.0,3.5,True,LONG,2013-09-06 07:35:00,1655.75,True,True,True,1.1429,0.0,1.1429,1659.5,2013-09-06 08:26:00,0.1429,1655.0,2013-09-06 07:53:00,True,2013-09-06 08:03:00,0.1429,0.0,True,1655.5,2013-09-06 07:40:00,0.0
ES,2013-09-06,Friday,RDR,1659.25,1640.25,19.0,1660.75,1638.75,22.0,True,LONG,2013-09-06 13:45:00,1662.0,True,True,False,0.2368,0.0,0.2368,1663.75,2013-09-06 14:08:00,0.3421,1652.75,2013-09-06 15:58:00,False,,0.0,,True,1659.25,2013-09-06 15:07:00,0.0
ES,2013-09-09,Monday,ODR,1658.25,1656.75,1.5,1658.75,1656.25,2.5,True,LONG,2013-09-09 04:10:00,1659.0,False,True,False,0.8333,0.5,0.6667,1659.25,2013-09-09 04:22:00,1.5,1656.0,2013-09-09 07:00:00,True,2013-09-09 04:19:00,0.0,1.5,True,1658.25,2013-09-09 04:18:00,0.0
ES,2013-09-09,Monday,RDR,1664.0,1658.25,5.75,1665.0,1658.25,6.75,True,LONG,2013-09-09 12:10:00,1666.5,True,False,,1.3043,0.0,1.3043,1671.5,2013-09-09 14:19:00,0.0,1665.0,2013-09-09 12:35:00,True,2013-09-09 13:46:00,0.0,0.0,False,,,
ES,2013-09-10,Tuesday,ODR,1677.0,1671.75,5.25,1677.0,1671.5,5.5,True,LONG,2013-09-10 04:20:00,1677.25,True,True,True,0.7619,0.0,0.7619,1681.0,2013-09-10 07:46:00,0.2381,1675.75,2013-09-10 05:19:00,True,2013-09-10 07:36:00,0.2381,0.0,True,1677.0,2013-09-10 04:26:00,0.0
ES,2013-09-10,Tuesday,RDR,1681.75,1677.75,4.0,1681.75,1676.75,5.0,True,LONG,2013-09-10 10:40:00,1682.25,True,True,True,0.3125,0.25,0.3125,1683.0,2013-09-10 15:59:00,1.25,1676.75,2013-09-10 11:47:00,False,,1.25,,True,1681.75,2013-09-10 10:45:00,0.0
ES,2013-09-11,Wednesday,ODR,1681.75,1679.75,2.0,1682.25,1679.75,2.5,True,LONG,2013-09-11 04:45:00,1682.5,True,True,False,0.75,0.0,0.75,1683.25,2013-09-11 04:53:00,1.0,1679.75,2013-09-11 07:52:00,True,2013-09-11 04:50:00,0.0,1.0,True,1681.75,2013-09-11 05:23:00,0.0
ES,2013-09-11,Wednesday,RDR,1682.0,1678.0,4.0,1682.5,1677.75,4.75,True,LONG,2013-09-11 11:30:00,1684.0,True,False,,1.5625,0.0625,1.5625,1688.25,2013-09-11 15:59:00,0.0,1683.5,2013-09-11 12:02:00,True,2013-09-11 11:35:00,0.0,0.0,False,,,
ES,2013-09-12,Thursday,ODR,1688.25,1686.75,1.5,1688.25,1686.75,1.5,True,SHORT,2013-09-12 05:00:00,1686.5,False,True,False,0.6667,1.0,1.0,1685.25,2013-09-12 05:25:00,1.6667,1689.25,2013-09-12 07:59:00,True,2013-09-12 05:22:00,0.0,1.6667,True,1686.75,2013-09-12 05:07:00,0.0
ES,2013-09-12,Thursday,RDR,1689.0,1685.75,3.25,1689.0,1685.0,4.0,True,LONG,2013-09-12 10:30:00,1689.25,False,True,False,0.2308,1.3077,0.2308,1689.75,2013-09-12 10:40:00,2.3077,1681.5,2013-09-12 15:50:00,False,,0.0769,,True,1688.75,2013-09-12 10:35:00,0.0769
ES,2013-09-13,Friday,ODR,1685.0,1682.0,3.0,1685.5,1682.0,3.5,True,SHORT,2013-09-13 04:50:00,1681.75,False,True,False,0.5833,0.1667,0.0,1682.0,2013-09-13 04:55:00,1.5833,1686.75,2013-09-13 08:12:00,False,,0.0,,True,1682.0,2013-09-13 04:55:00,0.0
ES,2013-09-13,Friday,RDR,1688.0,1682.5,5.5,1688.75,1681.75,7.0,False,,,,,,,0.0909,0.0,,,,,,,False,,,,False,,,
ES,2013-09-16,Monday,ADR,1707.5,1706.0,1.5,1707.5,1706.0,1.5,True,SHORT,2013-09-15 21:50:00,1705.75,True,True,False,0.0,0.1667,0.1667,1705.75,2013-09-15 21:55:00,1.0,1707.5,2013-09-16 00:06:00,False,,0.0,,True,1706.0,2013-09-15 21:55:00,0.0
ES,2013-09-16,Monday,ODR,1705.75,1704.0,1.75,1706.0,1704.0,2.0,True,LONG,2013-09-16 04:00:00,1706.75,True,True,False,1.8571,0.0,1.8571,1709.0,2013-09-16 04:18:00,0.4286,1705.0,2013-09-16 08:28:00,True,2013-09-16 04:05:00,0.0,0.4286,True,1705.75,2013-09-16 07:00:00,0.0
ES,2013-09-16,Monday,RDR,1706.0,1699.75,6.25,1706.75,1698.5,8.25,True,SHORT,2013-09-16 13:40:00,1698.0,True,True,True,0.0,0.8,0.8,1694.75,2013-09-16 15:43:00,0.0,1699.75,2013-09-16 13:58:00,True,2013-09-16 14:36:00,0.0,0.0,True,1699.75,2013-09-16 13:58:00,0.0
ES,2013-09-17,Tuesday,ODR,1697.25,1695.25,2.0,1698.0,1695.0,3.0,True,SHORT,2013-09-17 05:30:00,1694.75,False,True,False,0.5,0.375,0.25,1694.75,2013-09-17 05:35:00,1.5,1698.25,2013-09-17 08:19:00,False,,0.0,,True,1695.25,2013-09-17 05:39:00,0.0
ES,2013-09-17,Tuesday,RDR,1703.75,1699.0,4.75,1704.0,1699.0,5.0,True,LONG,2013-09-17 12:55:00,1704.5,True,True,True,0.3158,0.0,0.3158,1705.25,2013-09-17 14:05:00,0.1053,1703.25,2013-09-17 15:35:00,False,,0.0,,True,1703.75,2013-09-17 13:16:00,0.0
ES,2013-09-18,Wednesday,ODR,1706.25,1704.75,1.5,1706.5,1704.75,1.75,True,LONG,2013-09-18 04:05:00,1707.0,True,True,False,1.3333,0.0,1.3333,1708.25,2013-09-18 05:39:00,0.6667,1705.25,2013-09-18 08:28:00,True,2013-09-18 04:10:00,0.0,0.6667,True,1706.0,2013-09-18 06:31:00,0.1667
ES,2013-09-18,Wednesday,RDR,1705.5,1702.5,3.0,1705.75,1702.0,3.75,True,SHORT,2013-09-18 10:45:00,1701.75,False,True,False,8.0,0.8333,0.8333,1700.0,2013-09-18 12:20:00,9.0,1729.5,2013-09-18 15:00:00,True,2013-09-18 11:46:00,0.1667,9.0,True,1702.5,2013-09-18 10:52:00,0.0
ES,2013-09-19,Thursday,ADR,1727.0,1725.25,1.75,1727.0,1725.0,2.0,True,LONG,2013-09-19 01:55:00,1727.25,True,,,0.1429,0.2857,,,,,,,False,,,,False,,,
ES,2013-09-19,Thursday,ODR,1730.0,1727.0,3.0,1730.0,1727.0,3.0,True,LONG,2013-09-19 05:00:00,1730.25,True,True,False,1.0833,0.0,1.0833,1733.25,2013-09-19 05:43:00,0.6667,1728.0,2013-09-19 08:17:00,True,2013-09-19 05:28:00,0.0,0.6667,True,1730.0,2013-09-19 05:05:00,0.0
ES,2013-09-19,Thursday,RDR,1730.0,1724.75,5.25,1730.25,1724.5,5.75,True,SHORT,2013-09-19 11:30:00,1723.0,True,True,True,0.0,0.8571,0.8571,1720.25,2013-09-19 14:01:00,0.0952,1725.25,2013-09-19 12:06:00,True,2013-09-19 13:07:00,0.0952,0.0,True,1724.75,2013-09-19 12:03:00,0.0
ES,2013-09-20,Friday,ADR,1723.25,1722.5,0.75,1723.25,1722.5,0.75,True,SHORT,2013-09-19 21:05:00,1721.75,True,True,False,0.0,1.3333,1.3333,1721.5,2013-09-19 21:23:00,0.6667,1723.0,2013-09-20 01:41:00,True,2013-09-19 21:11:00,0.0,0.6667,True,1722.5,2013-09-19 21:57:00,0.0
ES,2013-09-20,Friday,ODR,1724.0,1722.0,2.0,1724.25,1722.0,2.25,True,LONG,2013-09-20 04:25:00,1724.5,False,True,False,0.875,0.5,0.875,1725.75,2013-09-20 07:17:00,1.5,1721.0,2013-09-20 08:17:00,True,2013-09-20 07:07:00,0.5,1.5,True,1724.0,2013-09-20 04:36:00,0.0
ES,2013-09-23,Monday,ADR,1703.5,1701.5,2.0,1703.5,1701.25,2.25,True,LONG,2013-09-22 22:10:00,1704.0,True,False,,1.375,0.125,1.375,1706.25,2013-09-23 01:43:00,0.0,1703.75,2013-09-22 22:59:00,True,2013-09-22 22:25:00,0.0,0.0,False,,,
ES,2013-09-23,Monday,ODR,1706.25,1703.75,2.5,1706.5,1703.5,3.0,True,LONG,2013-09-23 04:10:00,1706.75,False,True,False,0.4,2.2,0.4,1707.25,2013-09-23 04:15:00,3.2,1698.25,2013-09-23 08:04:00,False,,0.0,,True,1706.25,2013-09-23 04:38:00,0.0
ES,2013-09-23,Monday,RDR,1700.75,1694.5,6.25,1702.0,1694.25,7.75,True,SHORT,2013-09-23 10:50:00,1693.75,True,True,False,0.0,0.8,0.8,1689.5,2013-09-23 11:14:00,0.56,1698.0,2013-09-23 14:01:00,True,2013-09-23 10:58:00,0.0,0.56,True,1694.5,2013-09-23 12:10:00,0.0
ES,2013-09-24,Tuesday,ODR,1693.25,1691.5,1.75,1693.75,1691.5,2.25,True,SHORT,2013-09-24 04:00:00,1691.0,True,True,False,0.0,1.0,1.0,1689.75,2013-09-24 07:54:00,1.0,1693.25,2013-09-24 05:03:00,True,2013-09-24 04:05:00,1.0,1.0,True,1691.5,2013-09-24 04:19:00,0.0
ES,2013-09-24,Tuesday,RDR,1694.25,1688.25,6.0,1694.25,1687.75,6.5,True,LONG,2013-09-24 10:40:00,1694.5,True,True,False,1.0833,0.0,1.0833,1700.75,2013-09-24 13:49:00,0.8333,1689.25,2013-09-24 15:58:00,True,2013-09-24 11:01:00,0.0,0.8333,True,1694.25,2013-09-24 10:49:00,0.0
ES,2013-09-25,Wednesday,ODR,1691.0,1688.25,2.75,1691.25,1688.25,3.0,True,SHORT,2013-09-25 04:00:00,1687.5,False,True,False,0.8182,0.3636,0.3636,1687.25,2013-09-25 04:05:00,1.8182,1693.25,2013-09-25 05:43:00,False,,0.0,,True,1688.25,2013-09-25 04:10:00,0.0
ES,2013-09-25,Wednesday,RDR,1691.75,1685.75,6.0,1692.0,1684.75,7.25,True,LONG,2013-09-25 11:15:00,1693.0,False,True,False,0.5,0.1667,0.5,1694.75,2013-09-25 11:37:00,1.1667,1684.75,2013-09-25 13:54:00,True,2013-09-25 11:37:00,0.0,1.1667,True,1690.0,2013-09-25 12:21:00,0.2917
ES,2013-09-26,Thursday,ODR,1692.25,1690.0,2.25,1692.25,1689.75,2.5,True,SHORT,2013-09-26 04:25:00,1688.75,True,False,,0.0,1.4444,1.4444,1686.75,2013-09-26 06:40:00,0.0,1689.75,2013-09-26 07:39:00,True,2013-09-26 04:30:00,0.0,0.0,False,,,
ES,2013-09-26,Thursday,RDR,1697.25,1689.0,8.25,1697.25,1689.0,8.25,True,SHORT,2013-09-26 11:00:00,1687.75,True,True,False,0.0,0.3939,0.3939,1685.75,2013-09-26 14:42:00,0.4545,1692.75,2013-09-26 13:13:00,False,,0.4545,,True,1689.25,2013-09-26 11:25:00,0.0303
ES,2013-09-27,Friday,ODR,1692.0,1688.25,3.75,1692.5,1688.25,4.25,True,SHORT,2013-09-27 04:45:00,1688.0,True,True,True,0.0,1.0667,1.0667,1684.25,2013-09-27 07:46:00,0.0,1688.25,2013-09-27 05:05:00,True,2013-09-27 05:22:00,0.0,0.0,True,1688.25,2013-09-27 05:05:00,0.0
ES,2013-09-27,Friday,RDR,1684.25,1680.5,3.75,1685.25,1680.0,5.25,True,LONG,2013-09-27 11:35:00,1685.5,True,True,True,0.6,0.0,0.6,1686.5,2013-09-27 12:34:00,0.6667,1681.75,2013-09-27 15:18:00,True,2013-09-27 12:32:00,0.1333,0.6667,True,1684.25,2013-09-27 12:09:00,0.0
ES,2013-09-30,Monday,ADR,1674.75,1672.25,2.5,1674.75,1672.0,2.75,True,SHORT,2013-09-29 20:30:00,1671.25,False,True,False,0.4,0.4,0.3,1671.5,2013-09-29 20:35:00,1.4,1675.75,2013-09-29 23:41:00,False,,0.0,,True,1673.0,2013-09-29 20:41:00,0.3
ES,2013-09-30,Monday,ODR,1674.75,1672.25,2.5,1675.5,1671.75,3.75,True,SHORT,2013-09-30 06:40:00,1671.25,True,True,True,0.3,0.7,0.7,1670.5,2013-09-30 07:57:00,0.4,1673.25,2013-09-30 07:26:00,True,2013-09-30 06:47:00,0.4,0.4,True,1672.5,2013-09-30 07:06:00,0.1
ES,2013-09-30,Monday,RDR,1675.25,1669.75,5.5,1676.5,1666.75,9.75,True,LONG,2013-09-30 10:40:00,1677.75,True,True,False,1.0,0.0,1.0,1680.75,2013-09-30 13:18:00,0.7273,1671.25,2013-09-30 15:40:00,True,2013-09-30 10:45:00,0.1818,0.7273,True,1675.25,2013-09-30 11:13:00,0.0
ES,2013-10-01,Tuesday,ODR,1683.25,1678.75,4.5,1683.5,1678.5,5.0,True,SHORT,2013-10-01 07:35:00,1678.0,True,True,False,0.1667,0.5556,0.5556,1676.25,2013-10-01 08:18:00,0.1667,1679.5,2013-10-01 07:57:00,True,2013-10-01 08:18:00,0.1667,0.1667,True,1678.75,2013-10-01 07:50:00,0.0
ES,2013-10-01,Tuesday,RDR,1684.75,1676.75,8.0,1684.75,1675.25,9.5,True,LONG,2013-10-01 10:30:00,1686.5,True,True,True,0.6875,0.0,0.6875,1690.25,2013-10-01 12:28:00,0.3125,1682.25,2013-10-01 15:08:00,True,2013-10-01 11:40:00,0.0,0.3125,True,1684.75,2013-10-01 14:24:00,0.0
ES,2013-10-02,Wednesday,ODR,1684.0,1676.5,7.5,1684.0,1676.0,8.0,False,,,,,,,0.0,0.1333,,,,,,,False,,,,False,,,
ES,2013-10-02,Wednesday,RDR,1679.5,1674.0,5.5,1680.75,1673.25,7.5,True,LONG,2013-10-02 11:15:00,1681.0,True,False,,1.4091,0.0909,1.4091,1687.25,2013-10-02 13:38:00,0.0,1679.75,2013-10-02 11:42:00,True,2013-10-02 11:52:00,0.0,0.0,False,,,
ES,2013-10-03,Thursday,ODR,1681.5,1679.0,2.5,1681.75,1679.0,2.75,True,SHORT,2013-10-03 04:35:00,1678.5,True,True,False,0.0,0.8,0.8,1677.0,2013-10-03 06:27:00,0.7,1680.75,2013-10-03 05:03:00,True,2013-10-03 05:50:00,0.7,0.7,True,1679.25,2013-10-03 04:41:00,0.1
ES,2013-10-03,Thursday,RDR,1683.5,1671.75,11.75,1684.5,1671.5,13.0,True,SHORT,2013-10-03 11:15:00,1671.25,True,True,False,0.0,0.7234,0.7234,1663.25,2013-10-03 12:04:00,0.4681,1677.25,2013-10-03 13:59:00,True,2013-10-03 11:47:00,0.1277,0.4681,True,1671.75,2013-10-03 11:20:00,0.0
ES,2013-10-04,Friday,ODR,1671.75,1670.25,1.5,1672.0,1670.0,2.0,True,LONG,2013-10-04 04:35:00,1672.5,True,True,True,2.1667,0.0,2.1667,1675.0,2013-10-04 07:04:00,0.0,1671.75,2013-10-04 08:07:00,True,2013-10-04 04:42:00,0.0,0.0,True,1671.75,2013-10-04 08:07:00,0.0
ES,2013-10-04,Friday,RDR,1678.75,1671.0,7.75,1679.25,1670.25,9.0,True,LONG,2013-10-04 10:30:00,1679.5,True,True,True,0.9032,0.0,0.9032,1685.75,2013-10-04 15:13:00,0.5161,1674.75,2013-10-04 11:08:00,True,2013-10-04 12:26:00,0.5161,0.0,True,1678.75,2013-10-04 10:45:00,0.0
ES,2013-10-07,Monday,ODR,1672.75,1666.75,6.0,1672.75,1666.5,6.25,False,,,,,,,0.0,0.0417,,,,,,,False,,,,False,,,
ES,2013-10-07,Monday,RDR,1677.5,1669.0,8.5,1678.25,1667.25,11.0,False,,,,,,,0.2059,0.0294,,,,,,,False,,,,False,,,
ES,2013-10-08,Tuesday,ODR,1670.25,1667.5,2.75,1670.5,1667.5,3.0,True,SHORT,2013-10-08 05:15:00,1667.25,False,True,False,0.3636,0.5455,0.5455,1666.0,2013-10-08 05:34:00,1.3636,1671.25,2013-10-08 08:19:00,True,2013-10-08 05:34:00,0.0,1.3636,True,1667.5,2013-10-08 05:42:00,0.0
ES,2013-10-08,Tuesday,RDR,1670.25,1665.75,4.5,1671.0,1665.25,5.75,True,SHORT,2013-10-08 10:45:00,1664.0,True,False,,0.0,3.8333,3.8333,1648.5,2013-10-08 15:59:00,0.0,1663.75,2013-10-08 10:50:00,True,2013-10-08 10:50:00,0.0,0.0,False,,,
ES,2013-10-09,Wednesday,ADR,1656.25,1654.0,2.25,1656.5,1654.0,2.5,True,SHORT,2013-10-08 20:40:00,1653.75,True,True,False,0.1111,0.3333,0.3333,1653.25,2013-10-08 20:47:00,1.1111,1656.5,2013-10-08 22:24:00,False,,0.0,,True,1654.25,2013-10-08 20:58:00,0.1111
ES,2013-10-09,Wednesday,ODR,1655.75,1654.5,1.25,1656.25,1654.0,2.25,True,LONG,2013-10-09 05:10:00,1656.75,False,True,False,1.8,2.2,1.8,1658.0,2013-10-09 05:17:00,3.2,1651.75,2013-10-09 08:12:00,True,2013-10-09 05:15:00,0.0,3.2,True,1655.75,2013-10-09 05:58:00,0.0
ES,2013-10-09,Wednesday,RDR,1652.5,1647.75,4.75,1653.0,1646.75,6.25,True,SHORT,2013-10-09 10:50:00,1646.25,False,True,False,0.8947,1.6316,1.6316,1640.0,2013-10-09 11:23:00,1.8947,1656.75,2013-10-09 14:58:00,True,2013-10-09 10:56:00,0.0,1.8947,True,1648.0,2013-10-09 12:02:00,0.0526
ES,2013-10-10,Thursday,ODR,1660.75,1654.75,6.0,1661.0,1654.5,6.5,True,LONG,2013-10-10 04:05:00,1662.0,True,False,,0.875,0.0,0.875,1666.0,2013-10-10 07:06:00,0.0,1661.0,2013-10-10 04:46:00,True,2013-10-10 06:14:00,0.0,0.0,False,,,
ES,2013-10-10,Thursday,RDR,1674.25,1667.75,6.5,1674.5,1667.0,7.5,True,LONG,2013-10-10 10:35:00,1674.75,True,True,True,2.0385,0.0,2.0385,1687.5,2013-10-10 15:14:00,0.5385,1670.75,2013-10-10 11:08:00,True,2013-10-10 11:36:00,0.5385,0.0,True,1674.25,2013-10-10 10:54:00,0.0
ES,2013-10-11,Friday,ADR,1685.25,1680.75,4.5,1685.5,1680.5,5.0,True,LONG,2013-10-10 21:45:00,1686.25,True,True,True,0.7222,0.0,0.7222,1688.5,2013-10-10 23:01:00,0.0,1685.25,2013-10-11 01:00:00,True,2013-10-10 23:01:00,0.0,0.0,True,1685.25,2013-10-11 01:00:00,0.0
ES,2013-10-11,Friday,ODR,1686.25,1683.5,2.75,1686.25,1683.25,3.0,True,LONG,2013-10-11 04:30:00,1686.5,True,True,False,0.6364,0.0909,0.6364,1688.0,2013-10-11 05:00:00,1.0909,1683.25,2013-10-11 08:23:00,True,2013-10-11 05:00:00,0.1818,1.0909,True,1686.25,2013-10-11 04:37:00,0.0
ES,2013-10-11,Friday,RDR,1690.5,1683.75,6.75,1691.25,1682.5,8.75,True,LONG,2013-10-11 11:35:00,1691.75,True,False,,1.1111,0.0,1.1111,1698.0,2013-10-11 13:08:00,0.0,1691.25,2013-10-11 11:40:00,True,2013-10-11 11:56:00,0.0,0.0,False,,,
ES,2013-10-14,Monday,ADR,1687.75,1684.0,3.75,1687.75,1684.0,3.75,True,SHORT,2013-10-13 20:30:00,1683.75,False,True,False,0.0667,0.0667,0.0667,1683.75,2013-10-13 20:35:00,1.0667,1688.0,2013-10-13 21:51:00,False,,0.0667,,True,1684.25,2013-10-13 20:35:00,0.0667
ES,2013-10-14,Monday,ODR,1689.5,1684.5,5.0,1689.5,1684.25,5.25,False,,,,,,,0.0,0.05,,,,,,,False,,,,False,,,
ES,2013-10-14,Monday,RDR,1690.0,1687.25,2.75,1691.5,1685.5,6.0,True,LONG,2013-10-14 11:35:00,1692.75,True,False,,5.7273,0.0,5.7273,1705.75,2013-10-14 15:14:00,0.0,1692.25,2013-10-14 11:43:00,True,2013-10-14 11:40:00,0.0,0.0,False,,,
ES,2013-10-15,Tuesday,ADR,1708.75,1705.25,3.5,1709.5,1705.25,4.25,True,SHORT,2013-10-14 21:35:00,1705.0,True,True,True,0.0,0.2857,0.2857,1704.25,2013-10-15 01:56:00,0.2857,1706.25,2013-10-14 23:36:00,False,,0.2857,,True,1705.25,2013-10-14 21:42:00,0.0
ES,2013-10-15,Tuesday,ODR,1705.25,1703.25,2.0,1705.5,1703.0,2.5,True,LONG,2013-10-15 05:05:00,1706.0,False,True,False,1.375,1.5,1.375,1708.0,2013-10-15 05:30:00,2.5,1700.25,2013-10-15 08:21:00,True,2013-10-15 05:10:00,0.0,2.5,True,1705.25,2013-10-15 07:22:00,0.0
ES,2013-10-15,Tuesday,RDR,1703.0,1695.75,7.25,1703.5,1695.0,8.5,True,LONG,2013-10-15 11:20:00,1705.5,False,True,False,0.4483,0.8621,0.4483,1706.25,2013-10-15 11:25:00,1.8621,1689.5,2013-10-15 14:48:00,False,,0.0,,True,1702.75,2013-10-15 11:36:00,0.0345
ES,2013-10-16,Wednesday,ADR,1705.75,1697.0,8.75,1706.25,1696.0,10.25,False,,,,,,,0.0,0.0,,,,,,,False,,,,False,,,
ES,2013-10-16,Wednesday,ODR,1700.75,1697.25,3.5,1701.0,1697.0,4.0,True,LONG,2013-10-16 08:25:00,1701.25,True,,,0.2857,0.1429,,,,,,,False,,,,False,,,
ES,2013-10-16,Wednesday,RDR,1712.25,1702.0,10.25,1713.25,1701.25,12.0,True,LONG,2013-10-16 10:55:00,1714.5,True,True,True,0.439,0.0,0.439,1716.75,2013-10-16 11:13:00,0.2439,1709.75,2013-10-16 15:03:00,False,,0.0,,True,1712.0,2013-10-16 12:30:00,0.0244
ES,2013-10-17,Thursday,ADR,1715.0,1713.5,1.5,1715.0,1713.25,1.75,True,SHORT,2013-10-16 22:05:00,1713.0,True,True,True,0.0,2.3333,2.3333,1710.0,2013-10-16 22:15:00,0.5,1714.25,2013-10-16 22:10:00,True,2013-10-16 22:12:00,0.5,0.1667,True,1714.25,2013-10-16 22:10:00,0.5
ES,2013-10-17,Thursday,ODR,1712.0,1708.25,3.75,1712.0,1708.25,3.75,True,SHORT,2013-10-17 04:00:00,1706.75,True,True,False,0.0667,0.5333,0.5333,1706.25,2013-10-17 04:08:00,1.0667,1712.25,2013-10-17 07:46:00,True,2013-10-17 04:08:00,0.0,1.0667,True,1708.25,2013-10-17 04:19:00,0.0
ES,2013-10-17,Thursday,RDR,1715.25,1708.75,6.5,1715.75,1708.5,7.25,True,LONG,2013-10-17 11:00:00,1717.5,True,False,,2.0,0.0,2.0,1728.25,2013-10-17 15:50:00,0.0,1716.5,2013-10-17 11:06:00,True,2013-10-17 11:29:00,0.0,0.0,False,,,
ES,2013-10-18,Friday,ADR,1731.5,1730.25,1.25,1731.5,1729.75,1.75,True,SHORT,2013-10-17 23:30:00,1729.5,False,True,False,1.0,0.8,0.6,1729.5,2013-10-17 23:41:00,2.0,1732.75,2013-10-18 01:53:00,True,2013-10-17 23:41:00,0.0,2.0,True,1730.25,2013-10-18 00:32:00,0.0
ES,2013-10-18,Friday,ODR,1731.75,1730.0,1.75,1731.75,1729.75,2.0,True,SHORT,2013-10-18 04:55:00,1729.5,False,True,False,0.8571,0.7143,0.7143,1728.75,2013-10-18 05:49:00,1.8571,1733.25,2013-10-18 08:17:00,True,2013-10-18 05:49:00,0.4286,1.8571,True,1730.0,2013-10-18 05:02:00,0.0
ES,2013-10-18,Friday,RDR,1736.0,1730.75,5.25,1736.0,1730.25,5.75,True,LONG,2013-10-18 13:05:00,1737.0,True,False,,0.7619,0.0952,0.7619,1740.0,2013-10-18 14:42:00,0.0,1736.5,2013-10-18 13:22:00,True,2013-10-18 13:52:00,0.0,0.0,False,,,
ES,2013-10-21,Monday,ADR,1739.5,1738.0,1.5,1739.5,1738.0,1.5,True,SHORT,2013-10-20 20:30:00,1737.75,True,True,False,0.0,0.6667,0.6667,1737.0,2013-10-20 21:05:00,1.0,1739.5,2013-10-21 01:59:00,True,2013-10-20 21:00:00,0.0,1.0,True,1738.0,2013-10-20 20:36:00,0.0
ES,2013-10-21,Monday,ODR,1739.25,1736.5,2.75,1739.25,1736.5,2.75,True,SHORT,2013-10-21 06:50:00,1736.25,True,True,False,0.0,0.4545,0.4545,1735.25,2013-10-21 07:02:00,0.8182,1738.75,2013-10-21 08:17:00,False,,0.0,,True,1736.5,2013-10-21 07:07:00,0.0
ES,2013-10-21,Monday,RDR,1741.75,1738.25,3.5,1742.25,1737.25,5.0,True,SHORT,2013-10-21 10:40:00,1736.75,True,True,False,0.0,0.9286,0.9286,1735.0,2013-10-21 14:24:00,0.5,1740.0,2013-10-21 13:15:00,True,2013-10-21 10:53:00,0.5,0.5,True,1738.25,2013-10-21 11:56:00,0.0
ES,2013-10-22,Tuesday,ODR,1738.25,1736.5,1.75,1738.25,1736.0,2.25,True,LONG,2013-10-22 07:35:00,1738.5,True,True,True,1.8571,0.0,1.8571,1741.5,2013-10-22 08:19:00,0.4286,1737.5,2013-10-22 07:58:00,True,2013-10-22 08:05:00,0.4286,0.0,True,1738.25,2013-10-22 07:43:00,0.0
ES,2013-10-22,Tuesday,RDR,1753.25,1744.0,9.25,1754.25,1743.25,11.0,False,,,,,,,0.0,0.2432,,,,,,,False,,,,False,,,
ES,2013-10-23,Wednesday,ODR,1742.0,1738.0,4.0,1742.25,1738.0,4.25,True,SHORT,2013-10-23 04:05:00,1737.5,True,True,False,0.0,0.1875,0.1875,1737.25,2013-10-23 04:16:00,0.875,1741.5,2013-10-23 08:28:00,False,,0.0,,True,1738.0,2013-10-23 04:11:00,0.0
ES,2013-10-23,Wednesday,RDR,1743.25,1737.0,6.25,1743.75,1736.0,7.75,False,,,,,,,0.0,0.4,,,,,,,False,,,,False,,,
ES,2013-10-24,Thursday,ODR,1749.75,1747.5,2.25,1750.0,1747.0,3.0,True,SHORT,2013-10-24 04:05:00,1746.5,False,True,True,0.4444,0.6667,0.6667,1746.0,2013-10-24 04:11:00,1.4444,1750.75,2013-10-24 06:39:00,True,2013-10-24 04:11:00,0.0,1.4444,True,1747.5,2013-10-24 04:24:00,0.0
ES,2013-10-24,Thursday,RDR,1744.5,1740.75,3.75,1745.0,1740.0,5.0,True,LONG,2013-10-24 11:05:00,1745.5,True,True,True,1.1333,0.0,1.1333,1748.75,2013-10-24 15:07:00,0.3333,1743.25,2013-10-24 12:42:00,True,2013-10-24 11:28:00,0.3333,0.3333,True,1744.25,2013-10-24 11:18:00,0.0667
ES,2013-10-25,Friday,ODR,1744.75,1743.25,1.5,1745.0,1743.0,2.0,True,LONG,2013-10-25 04:35:00,1745.25,True,True,True,3.0,0.3333,3.0,1749.25,2013-10-25 07:49:00,0.1667,1744.5,2013-10-25 04:42:00,True,2013-10-25 04:44:00,0.1667,0.0,True,1744.5,2013-10-25 04:42:00,0.1667
ES,2013-10-25,Friday,RDR,1752.5,1748.0,4.5,1753.5,1748.0,5.5,True,SHORT,2013-10-25 12:10:00,1747.5,False,True,False,0.4444,0.2778,0.1667,1747.25,2013-10-25 12:15:00,1.4444,1754.5,2013-10-25 15:59:00,False,,0.0,,True,1748.0,2013-10-25 12:16:00,0.0
ES,2013-10-28,Monday,ADR,1758.25,1753.0,5.25,1759.0,1752.75,6.25,True,LONG,2013-10-27 21:05:00,1759.25,True,True,True,0.7143,0.0,0.7143,1762.0,2013-10-27 21:46:00,0.0,1758.25,2013-10-27 21:20:00,True,2013-10-27 21:43:00,0.0,0.0,True,1758.25,2013-10-27 21:20:00,0.0
ES,2013-10-28,Monday,ODR,1759.5,1757.75,1.75,1759.5,1757.75,1.75,True,SHORT,2013-10-28 04:30:00,1757.5,True,True,True,0.0,3.5714,3.5714,1751.5,2013-10-28 08:22:00,0.4286,1758.5,2013-10-28 05:19:00,True,2013-10-28 06:39:00,0.4286,0.0,True,1757.75,2013-10-28 04:48:00,0.0
ES,2013-10-28,Monday,RDR,1757.25,1752.25,5.0,1757.5,1752.25,5.25,True,LONG,2013-10-28 12:45:00,1758.5,True,True,False,0.5,0.05,0.5,1759.75,2013-10-28 14:43:00,0.6,1754.25,2013-10-28 15:47:00,True,2013-10-28 14:43:00,0.0,0.6,True,1757.25,2013-10-28 13:57:00,0.0
ES,2013-10-29,Tuesday,ODR,1758.0,1756.25,1.75,1758.0,1756.25,1.75,True,LONG,2013-10-29 04:05:00,1758.5,True,True,True,1.7143,0.0,1.7143,1761.0,2013-10-29 04:45:00,0.1429,1757.75,2013-10-29 05:48:00,True,2013-10-29 04:16:00,0.0,0.1429,True,1758.0,2013-10-29 04:11:00,0.0
ES,2013-10-29,Tuesday,RDR,1763.25,1759.5,3.75,1763.75,1759.0,4.75,True,LONG,2013-10-29 12:25:00,1764.5,True,True,True,1.0667,0.0,1.0667,1767.25,2013-10-29 15:59:00,0.0667,1763.0,2013-10-29 15:35:00,True,2013-10-29 12:54:00,0.0667,0.0667,True,1763.25,2013-10-29 15:24:00,0.0
ES,2013-10-30,Wednesday,RDR,1769.5,1765.75,3.75,1770.25,1765.5,4.75,True,SHORT,2013-10-30 11:20:00,1764.0,True,True,True,0.0,3.7333,3.7333,1751.75,2013-10-30 14:27:00,0.0,1765.75,2013-10-30 14:00:00,True,2013-10-30 11:25:00,0.0,0.0,True,1765.75,2013-10-30 14:00:00,0.0
ES,2013-10-31,Thursday,RDR,1760.75,1752.25,8.5,1761.75,1751.0,10.75,True,SHORT,2013-10-31 10:35:00,1750.75,False,True,False,0.3529,0.2353,0.1765,1750.75,2013-10-31 10:41:00,1.3529,1763.75,2013-10-31 14:28:00,False,,0.0294,,True,1752.5,2013-10-31 10:41:00,0.0294
ES,2013-11-01,Friday,RDR,1759.75,1753.25,6.5,1761.0,1752.5,8.5,True,SHORT,2013-11-01 11:05:00,1751.75,True,True,False,0.0,0.9615,0.9615,1747.0,2013-11-01 12:18:00,0.8462,1758.75,2013-11-01 15:55:00,True,2013-11-01 11:13:00,0.0,0.8462,True,1753.25,2013-11-01 13:40:00,0.0
ES,2013-11-04,Monday,ODR,1758.5,1755.75,2.75,1758.5,1755.5,3.0,True,LONG,2013-11-04 06:30:00,1758.75,True,True,True,0.8182,0.0,0.8182,1760.75,2013-11-04 07:35:00,0.0909,1758.25,2013-11-04 06:45:00,True,2013-11-04 07:30:00,0.0909,0.0,True,1758.5,2013-11-04 06:43:00,0.0
ES,2013-11-04,Monday,RDR,1762.25,1757.75,4.5,1762.75,1757.5,5.25,True,SHORT,2013-11-04 10:55:00,1757.0,False,True,False,0.3333,0.3889,0.3889,1756.0,2013-11-04 11:11:00,1.3333,1763.75,2013-11-04 15:58:00,False,,0.0,,True,1757.75,2013-11-04 11:13:00,0.0
ES,2013-11-05,Tuesday,ADR,1763.0,1762.25,0.75,1763.0,1762.0,1.0,True,SHORT,2013-11-04 20:30:00,1761.75,False,True,False,0.6667,1.3333,1.3333,1761.25,2013-11-04 20:36:00,1.6667,1763.5,2013-11-05 01:06:00,True,2013-11-04 20:36:00,0.0,1.6667,True,1762.25,2013-11-04 21:26:00,0.0
ES,2013-11-05,Tuesday,ODR,1763.25,1760.0,3.25,1763.25,1760.0,3.25,True,SHORT,2013-11-05 04:30:00,1759.0,True,False,,0.0,1.0,1.0,1756.75,2013-11-05 07:16:00,0.0,1759.25,2013-11-05 04:36:00,True,2013-11-05 04:47:00,0.0,0.0,False,,,
ES,2013-11-05,Tuesday,RDR,1756.0,1752.5,3.5,1757.0,1750.5,6.5,True,LONG,2013-11-05 10:50:00,1758.5,True,False,,1.7143,0.0,1.7143,1762.0,2013-11-05 12:22:00,0.0,1757.0,2013-11-05 11:21:00,True,2013-11-05 10:55:00,0.0,0.0,False,,,
ES,2013-11-06,Wednesday,ODR,1764.75,1763.75,1.0,1765.5,1763.5,2.0,True,SHORT,2013-11-06 04:10:00,1763.25,False,True,False,2.0,0.75,0.75,1763.0,2013-11-06 04:15:00,3.0,1766.75,2013-11-06 06:01:00,True,2013-11-06 04:15:00,0.0,3.0,True,1763.75,2013-11-06 04:27:00,0.0
ES,2013-11-06,Wednesday,RDR,1769.25,1763.75,5.5,1769.75,1763.5,6.25,True,SHORT,2013-11-06 10:50:00,1762.0,True,True,False,0.0,0.6364,0.6364,1760.25,2013-11-06 11:03:00,0.6364,1767.25,2013-11-06 15:59:00,True,2013-11-06 11:00:00,0.0,0.6364,True,1763.75,2013-11-06 11:26:00,0.0
ES,2013-11-07,Thursday,ADR,1764.25,1762.0,2.25,1764.25,1762.0,2.25,False,,,,,,,0.0,0.1111,,,,,,,False,,,,False,,,
ES,2013-11-07,Thursday,ODR,1764.5,1762.75,1.75,1764.5,1762.25,2.25,True,LONG,2013-11-07 07:20:00,1764.75,True,True,True,5.5714,0.2857,5.5714,1774.25,2013-11-07 07:52:00,0.1429,1764.25,2013-11-07 07:45:00,True,2013-11-07 07:35:00,0.1429,0.1429,True,1764.5,2013-11-07 07:26:00,0.0
ES,2013-11-07,Thursday,RDR,1771.0,1759.5,11.5,1771.25,1758.75,12.5,True,SHORT,2013-11-07 10:30:00,1757.25,True,True,True,0.0,1.5,1.5,1742.25,2013-11-07 15:51:00,0.1522,1761.25,2013-11-07 12:14:00,True,2013-11-07 11:17:00,0.1522,0.1522,True,1760.0,2013-11-07 10:52:00,0.0435
ES,2013-11-08,Friday,ADR,1748.25,1746.75,1.5,1748.25,1746.75,1.5,True,LONG,2013-11-07 21:35:00,1749.0,True,True,False,0.5,0.0,0.3333,1748.75,2013-11-07 21:42:00,1.0,1746.75,2013-11-08 01:11:00,False,,0.0,,True,1748.25,2013-11-07 21:46:00,0.0
ES,2013-11-08,Friday,ODR,1749.75,1748.0,1.75,1749.75,1747.75,2.0,True,LONG,2013-11-08 04:10:00,1750.25,False,True,False,0.5714,1.5714,0.5714,1750.75,2013-11-08 04:16:00,2.5714,1745.25,2013-11-08 08:06:00,True,2013-11-08 04:16:00,0.0,2.5714,True,1749.75,2013-11-08 04:26:00,0.0
ES,2013-11-08,Friday,RDR,1754.25,1743.5,10.75,1754.5,1743.5,11.0,True,LONG,2013-11-08 10:30:00,1757.0,True,True,True,1.2093,0.0,1.2093,1767.25,2013-11-08 15:59:00,0.0233,1754.0,2013-11-08 10:53:00,True,2013-11-08 12:21:00,0.0233,0.0,True,1754.25,2013-11-08 10:43:00,0.0
ES,2013-11-11,Monday,ODR,1765.0,1763.5,1.5,1765.0,1763.25,1.75,True,LONG,2013-11-11 04:20:00,1765.75,True,False,,2.3333,0.0,2.3333,1768.5,2013-11-11 07:47:00,0.0,1765.25,2013-11-11 04:32:00,True,2013-11-11 04:37:00,0.0,0.0,False,,,
ES,2013-11-11,Monday,RDR,1770.0,1764.75,5.25,1770.0,1764.0,6.0,False,,,,,,,0.0,0.0,,,,,,,False,,,,False,,,
ES,2013-11-12,Tuesday,ODR,1767.5,1764.75,2.75,1768.0,1764.75,3.25,True,SHORT,2013-11-12 04:10:00,1764.5,True,True,True,0.0,0.8182,0.8182,1762.5,2013-11-12 08:18:00,0.3636,1765.75,2013-11-12 07:48:00,True,2013-11-12 04:23:00,0.3636,0.3636,True,1764.75,2013-11-12 05:15:00,0.0
ES,2013-11-12,Tuesday,RDR,1768.25,1764.0,4.25,1768.25,1762.25,6.0,True,SHORT,2013-11-12 12:05:00,1760.75,True,True,False,0.0,1.3529,1.3529,1758.25,2013-11-12 13:43:00,0.3529,1765.5,2013-11-12 15:11:00,True,2013-11-12 12:10:00,0.0,0.3529,True,1764.25,2013-11-12 14:57:00,0.0588
ES,2013-11-13,Wednesday,ODR,1764.5,1760.5,4.0,1764.5,1760.5,4.0,True,SHORT,2013-11-13 06:50:00,1760.0,True,True,True,0.0,1.3125,1.3125,1755.25,2013-11-13 08:13:00,0.0625,1760.75,2013-11-13 07:06:00,True,2013-11-13 07:33:00,0.0625,0.0,True,1760.5,2013-11-13 07:05:00,0.0
ES,2013-11-13,Wednesday,RDR,1762.25,1755.5,6.75,1763.0,1755.5,7.5,True,LONG,2013-11-13 10:35:00,1763.5,True,True,True,2.4444,0.0,2.4444,1778.75,2013-11-13 15:59:00,0.1111,1761.5,2013-11-13 11:44:00,True,2013-11-13 12:21:00,0.1111,0.0,True,1762.25,2013-11-13 11:10:00,0.0
ES,2013-11-14,Thursday,ODR,1784.75,1783.0,1.75,1785.0,1782.75,2.25,True,SHORT,2013-11-14 06:00:00,1782.5,True,False,,0.1429,1.5714,1.5714,1780.25,2013-11-14 07:36:00,0.0,1782.75,2013-11-14 06:05:00,True,2013-11-14 06:16:00,0.0,0.0,False,,,
ES,2013-11-14,Thursday,RDR,1781.75,1777.5,4.25,1782.0,1777.25,4.75,True,LONG,2013-11-14 10:30:00,1782.25,True,True,True,1.6471,0.0,1.6471,1788.75,2013-11-14 15:42:00,0.1176,1781.25,2013-11-14 10:36:00,True,2013-11-14 10:46:00,0.1176,0.0,True,1781.5,2013-11-14 10:35:00,0.0588
ES,2013-11-15,Friday,ODR,1789.25,1788.0,1.25,1789.75,1787.75,2.0,True,LONG,2013-11-15 05:30:00,1790.0,True,False,,2.6,0.0,2.6,1792.5,2013-11-15 07:05:00,0.0,1790.0,2013-11-15 05:36:00,True,2013-11-15 05:36:00,0.0,0.0,False,,,
ES,2013-11-15,Friday,RDR,1790.5,1788.5,2.0,1791.0,1788.0,3.0,True,LONG,2013-11-15 10:45:00,1791.25,True,True,True,2.375,0.25,2.375,1795.25,2013-11-15 15:59:00,1.25,1788.0,2013-11-15 11:53:00,True,2013-11-15 11:11:00,1.25,1.25,True,1790.5,2013-11-15 10:52:00,0.0
ES,2013-11-18,Monday,ODR,1792.75,1790.5,2.25,1792.75,1790.25,2.5,True,LONG,2013-11-18 04:35:00,1793.0,True,True,True,2.0,0.0,2.0,1797.25,2013-11-18 07:05:00,0.1111,1792.5,2013-11-18 04:47:00,True,2013-11-18 05:04:00,0.1111,0.0,True,1792.5,2013-11-18 04:47:00,0.1111
ES,2013-11-18,Monday,RDR,1799.25,1793.0,6.25,1799.5,1792.5,7.0,True,SHORT,2013-11-18 15:00:00,1792.0,True,False,,0.0,1.28,1.28,1785.0,2013-11-18 15:32:00,0.0,1792.5,2013-11-18 15:05:00,True,2013-11-18 15:11:00,0.0,0.0,False,,,
ES,2013-11-19,Tuesday,ODR,1790.0,1785.5,4.5,1790.25,1785.5,4.75,True,SHORT,2013-11-19 05:15:00,1785.0,True,True,False,0.0,0.2778,0.2778,1784.25,2013-11-19 07:22:00,0.3889,1787.25,2013-11-19 06:07:00,False,,0.3889,,True,1785.5,2013-11-19 05:25:00,0.0
ES,2013-11-19,Tuesday,RDR,1791.5,1784.5,7.0,1792.25,1783.5,8.75,True,LONG,2013-11-19 10:35:00,1792.5,False,True,False,0.2857,0.3571,0.25,1793.25,2013-11-19 10:43:00,1.3571,1782.0,2013-11-19 14:11:00,False,,0.0,,True,1791.0,2013-11-19 10:49:00,0.0714
ES,2013-11-20,Wednesday,ADR,1786.5,1784.25,2.25,1786.5,1784.25,2.25,True,SHORT,2013-11-19 22:40:00,1784.0,True,True,False,0.0,0.3333,0.3333,1783.5,2013-11-20 01:31:00,0.5556,1785.5,2013-11-19 23:39:00,False,,0.5556,,True,1784.25,2013-11-19 22:48:00,0.0
ES,2013-11-20,Wednesday,ODR,1787.25,1784.5,2.75,1787.25,1784.25,3.0,True,SHORT,2013-11-20 05:45:00,1783.0,True,True,False,0.0,0.9091,0.9091,1782.0,2013-11-20 05:53:00,0.4545,1785.75,2013-11-20 08:26:00,True,2013-11-20 05:50:00,0.0,0.4545,True,1784.5,2013-11-20 07:06:00,0.0
ES,2013-11-20,Wednesday,RDR,1792.5,1786.0,6.5,1793.75,1785.75,8.0,True,SHORT,2013-11-20 14:05:00,1784.5,True,False,,0.0,1.7692,1.7692,1774.5,2013-11-20 15:09:00,0.0,1785.5,2013-11-20 14:19:00,True,2013-11-20 14:10:00,0.0,0.0,False,,,
ES,2013-11-21,Thursday,ADR,1780.25,1779.25,1.0,1780.5,1779.25,1.25,True,SHORT,2013-11-20 20:45:00,1778.25,True,False,,0.0,3.25,3.25,1776.0,2013-11-21 00:00:00,0.0,1779.0,2013-11-20 21:37:00,True,2013-11-20 20:50:00,0.0,0.0,False,,,
ES,2013-11-21,Thursday,ODR,1778.5,1776.75,1.75,1779.0,1775.75,3.25,True,LONG,2013-11-21 04:10:00,1779.25,True,False,,4.1429,0.0,4.1429,1785.75,2013-11-21 08:16:00,0.0,1778.75,2013-11-21 04:17:00,True,2013-11-21 04:16:00,0.0,0.0,False,,,
ES,2013-11-21,Thursday,RDR,1788.0,1784.0,4.0,1788.75,1783.5,5.25,True,LONG,2013-11-21 10:30:00,1789.5,True,False,,1.8125,0.0,1.8125,1795.25,2013-11-21 15:17:00,0.0,1788.5,2013-11-21 12:58:00,True,2013-11-21 10:36:00,0.0,0.0,False,,,
ES,2013-11-22,Friday,ODR,1795.75,1792.5,3.25,1795.75,1792.25,3.5,True,LONG,2013-11-22 08:15:00,1796.25,True,True,True,0.2308,0.0769,0.2308,1796.5,2013-11-22 08:20:00,0.1538,1795.25,2013-11-22 08:22:00,False,,0.0,,True,1795.5,2013-11-22 08:21:00,0.0769
ES,2013-11-22,Friday,RDR,1796.75,1792.5,4.25,1797.0,1792.5,4.5,True,LONG,2013-11-22 11:20:00,1797.25,True,True,True,1.4706,0.0,1.4706,1803.0,2013-11-22 15:42:00,0.1176,1796.25,2013-11-22 11:31:00,True,2013-11-22 11:54:00,0.1176,0.0,True,1796.75,2013-11-22 11:25:00,0.0
ES,2013-11-25,Monday,ADR,1808.75,1806.75,2.0,1809.0,1806.75,2.25,True,SHORT,2013-11-24 21:15:00,1806.5,True,True,True,0.0,0.75,0.75,1805.25,2013-11-24 23:04:00,0.0,1806.75,2013-11-24 21:22:00,True,2013-11-24 22:42:00,0.0,0.0,True,1806.75,2013-11-24 21:22:00,0.0
ES,2013-11-25,Monday,ODR,1807.75,1805.5,2.25,1807.75,1805.25,2.5,False,,,,,,,0.0,0.0,,,,,,,False,,,,False,,,
ES,2013-11-25,Monday,RDR,1806.25,1802.25,4.0,1806.5,1802.0,4.5,True,SHORT,2013-11-25 15:05:00,1801.25,True,False,,0.0,0.9375,0.9375,1798.5,2013-11-25 15:36:00,0.0,1801.5,2013-11-25 15:59:00,True,2013-11-25 15:17:00,0.0,0.0,False,,,
ES,2013-11-26,Tuesday,ODR,1805.0,1803.25,1.75,1805.0,1803.25,1.75,True,SHORT,2013-11-26 04:05:00,1802.75,True,True,False,0.0,1.2857,1.2857,1801.0,2013-11-26 04:56:00,0.4286,1804.0,2013-11-26 07:33:00,True,2013-11-26 04:37:00,0.0,0.4286,True,1803.25,2013-11-26 07:14:00,0.0
ES,2013-11-26,Tuesday,RDR,1803.5,1800.25,3.25,1804.25,1798.75,5.5,True,LONG,2013-11-26 12:20:00,1804.5,True,True,False,1.0,0.0,1.0,1806.75,2013-11-26 15:21:00,0.6923,1801.25,2013-11-26 15:59:00,True,2013-11-26 12:40:00,0.0,0.6923,True,1803.5,2013-11-26 15:46:00,0.0
ES,2013-11-27,Wednesday,RDR,1806.5,1803.25,3.25,1807.25,1802.5,4.75,True,SHORT,2013-11-27 12:55:00,1801.75,True,True,False,0.1538,0.6154,0.6154,1801.25,2013-11-27 13:19:00,1.0769,1806.75,2013-11-27 15:55:00,True,2013-11-27 13:00:00,0.0,1.0769,True,1803.5,2013-11-27 13:42:00,0.0769
ES,2013-11-28,Thursday,ODR,1806.75,1805.25,1.5,1806.75,1805.25,1.5,True,LONG,2013-11-28 04:15:00,1808.0,True,False,,1.8333,0.0,1.8333,1809.5,2013-11-28 04:36:00,0.0,1808.0,2013-11-28 07:16:00,True,2013-11-28 04:20:00,0.0,0.0,False,,,
ES,2013-11-29,Friday,RDR,1811.5,1807.75,3.75,1811.5,1807.0,4.5,True,LONG,2013-11-29 10:30:00,1812.0,False,True,False,0.2,1.3333,0.2,1812.25,2013-11-29 10:35:00,2.3333,1802.75,2013-11-29 12:51:00,False,,0.0,,True,1811.5,2013-11-29 10:38:00,0.0
ES,2013-12-02,Monday,ODR,1807.5,1803.25,4.25,1807.5,1803.25,4.25,True,SHORT,2013-12-02 05:15:00,1802.0,True,True,False,0.0,0.3529,0.3529,1801.75,2013-12-02 05:20:00,0.4118,1805.0,2013-12-02 07:59:00,False,,0.0,,True,1803.25,2013-12-02 05:56:00,0.0
ES,2013-12-02,Monday,RDR,1806.25,1801.75,4.5,1806.75,1801.0,5.75,True,LONG,2013-12-02 12:05:00,1807.0,False,True,False,0.5556,1.0556,0.5556,1808.75,2013-12-02 12:52:00,2.0556,1797.0,2013-12-02 15:58:00,True,2013-12-02 12:23:00,0.0,2.0556,True,1806.0,2013-12-02 13:30:00,0.0556
ES,2013-12-03,Tuesday,ODR,1800.0,1799.25,0.75,1800.25,1799.0,1.25,True,SHORT,2013-12-03 04:10:00,1798.0,True,False,,0.0,8.0,8.0,1793.25,2013-12-03 06:52:00,0.0,1798.5,2013-12-03 04:18:00,True,2013-12-03 04:15:00,0.0,0.0,False,,,
ES,2013-12-03,Tuesday,RDR,1797.5,1794.0,3.5,1798.25,1793.0,5.25,True,SHORT,2013-12-03 11:25:00,1792.5,True,True,True,0.1429,2.2143,2.2143,1786.25,2013-12-03 14:16:00,0.0,1794.0,2013-12-03 15:57:00,True,2013-12-03 11:30:00,0.0,0.0,True,1794.0,2013-12-03 15:57:00,0.0
ES,2013-12-04,Wednesday,ODR,1794.5,1793.0,1.5,1794.5,1793.0,1.5,True,LONG,2013-12-04 04:05:00,1795.0,False,True,False,0.6667,5.3333,0.6667,1795.5,2013-12-04 04:10:00,6.3333,1785.0,2013-12-04 08:18:00,True,2013-12-04 04:10:00,0.0,6.3333,True,1794.5,2013-12-04 04:29:00,0.0
ES,2013-12-04,Wednesday,RDR,1798.5,1785.0,13.5,1799.25,1784.75,14.5,True,SHORT,2013-12-04 13:20:00,1783.0,True,True,False,0.0556,0.537,0.537,1777.75,2013-12-04 13:31:00,0.7778,1795.5,2013-12-04 15:41:00,True,2013-12-04 13:31:00,0.0,0.7778,True,1785.75,2013-12-04 14:12:00,0.0556
ES,2013-12-05,Thursday,ADR,1792.25,1791.25,1.0,1792.25,1791.0,1.25,True,SHORT,2013-12-05 00:20:00,1790.75,True,False,,0.25,1.75,1.75,1789.5,2013-12-05 00:47:00,0.0,1790.75,2013-12-05 00:25:00,True,2013-12-05 00:25:00,0.0,0.0,False,,,
ES,2013-12-05,Thursday,ODR,1791.0,1788.25,2.75,1791.25,1788.25,3.0,True,LONG,2013-12-05 04:00:00,1791.5,True,True,True,1.0909,0.0,1.0909,1794.0,2013-12-05 08:15:00,0.2727,1790.25,2013-12-05 06:44:00,True,2013-12-05 04:45:00,0.2727,0.2727,True,1791.0,2013-12-05 04:17:00,0.0
ES,2013-12-05,Thursday,RDR,1791.25,1786.5,4.75,1791.75,1785.0,6.75,True,SHORT,2013-12-05 14:10:00,1784.25,True,True,True,0.0,0.9474,0.9474,1782.0,2013-12-05 15:01:00,0.2105,1787.5,2013-12-05 15:37:00,True,2013-12-05 14:15:00,0.0,0.2105,True,1786.5,2013-12-05 14:39:00,0.0
ES,2013-12-06,Friday,ODR,1789.5,1788.25,1.25,1789.5,1788.25,1.25,True,LONG,2013-12-06 04:15:00,1790.5,True,False,,3.2,0.0,3.2,1793.5,2013-12-06 07:06:00,0.0,1789.75,2013-12-06 04:38:00,True,2013-12-06 04:20:00,0.0,0.0,False,,,
ES,2013-12-06,Friday,RDR,1801.75,1798.0,3.75,1802.5,1798.0,4.5,True,SHORT,2013-12-06 10:40:00,1796.5,False,True,False,1.0667,0.5333,0.5333,1796.0,2013-12-06 10:45:00,2.0667,1805.75,2013-12-06 13:49:00,True,2013-12-06 10:45:00,0.0,2.0667,True,1798.0,2013-12-06 10:52:00,0.0
ES,2013-12-09,Monday,ODR,1807.75,1805.5,2.25,1807.75,1805.5,2.25,True,SHORT,2013-12-09 05:30:00,1805.25,False,True,False,0.2222,0.3333,0.3333,1804.75,2013-12-09 06:11:00,1.2222,1808.25,2013-12-09 08:27:00,False,,0.5556,,True,1805.5,2013-12-09 05:44:00,0.0
ES,2013-12-09,Monday,RDR,1811.25,1807.5,3.75,1811.25,1807.0,4.25,True,SHORT,2013-12-09 15:25:00,1806.75,True,True,False,0.0,0.3333,0.2,1806.75,2013-12-09 15:35:00,0.2667,1808.5,2013-12-09 15:49:00,False,,0.0667,,True,1807.5,2013-12-09 15:30:00,0.0
ES,2013-12-10,Tuesday,ODR,1811.25,1808.5,2.75,1811.25,1808.0,3.25,True,SHORT,2013-12-10 07:50:00,1807.75,True,False,,0.0,1.3636,1.3636,1804.75,2013-12-10 08:23:00,0.0,1807.5,2013-12-10 07:55:00,True,2013-12-10 08:00:00,0.0,0.0,False,,,
ES,2013-12-10,Tuesday,RDR,1807.25,1803.75,3.5,1807.5,1803.0,4.5,True,LONG,2013-12-10 10:35:00,1808.0,False,True,False,0.2143,0.8571,0.2143,1808.0,2013-12-10 10:40:00,1.8571,1800.75,2013-12-10 13:55:00,False,,0.0,,True,1807.0,2013-12-10 10:41:00,0.0714
ES,2013-12-11,Wednesday,ADR,1807.75,1806.75,1.0,1807.75,1806.75,1.0,True,SHORT,2013-12-10 20:45:00,1806.5,True,True,True,0.0,5.0,5.0,1801.75,2013-12-11 01:47:00,0.25,1807.0,2013-12-10 21:29:00,True,2013-12-10 21:14:00,0.25,0.25,True,1806.75,2013-12-10 20:52:00,0.0
ES,2013-12-11,Wednesday,ODR,1801.5,1799.5,2.0,1801.75,1799.25,2.5,True,LONG,2013-12-11 05:00:00,1802.0,True,True,True,1.5,0.25,1.5,1804.5,2013-12-11 08:16:00,0.25,1801.0,2013-12-11 06:48:00,True,2013-12-11 05:14:00,0.25,0.25,True,1801.5,2013-12-11 05:47:00,0.0
ES,2013-12-11,Wednesday,RDR,1802.5,1791.25,11.25,1802.5,1791.0,11.5,True,SHORT,2013-12-11 11:20:00,1790.25,True,True,True,0.0,1.0667,1.0667,1779.25,2013-12-11 15:47:00,0.0222,1791.5,2013-12-11 11:28:00,True,2013-12-11 15:09:00,0.0222,0.0,True,1791.25,2013-12-11 11:27:00,0.0
ES,2013-12-12,Thursday,ODR,1782.5,1780.0,2.5,1782.5,1779.75,2.75,True,LONG,2013-12-12 04:00:00,1782.75,False,True,False,0.4,1.1,0.4,1783.5,2013-12-12 04:25:00,2.1,1777.25,2013-12-12 06:26:00,False,,0.2,,True,1782.5,2013-12-12 04:05:00,0.0
ES,2013-12-12,Thursday,RDR,1782.75,1775.75,7.0,1782.75,1775.25,7.5,True,SHORT,2013-12-12 12:20:00,1772.0,True,True,True,0.0,0.5714,0.5714,1771.75,2013-12-12 12:25:00,0.9643,1782.5,2013-12-12 14:56:00,True,2013-12-12 12:25:00,0.0,0.9643,True,1775.75,2013-12-12 13:02:00,0.0
ES,2013-12-13,Friday,ODR,1781.25,1778.5,2.75,1781.25,1778.0,3.25,True,LONG,2013-12-13 04:35:00,1781.5,True,True,False,0.5455,0.0,0.5455,1782.75,2013-12-13 06:21:00,0.7273,1779.25,2013-12-13 05:18:00,True,2013-12-13 06:21:00,0.7273,0.4545,True,1781.25,2013-12-13 05:06:00,0.0
ES,2013-12-13,Friday,RDR,1779.75,1772.5,7.25,1780.5,1771.75,8.75,False,,,,,,,0.0,0.069,,,,,,,False,,,,False,,,
ES,2013-12-16,Monday,ADR,1777.0,1774.75,2.25,1777.25,1774.75,2.5,True,SHORT,2013-12-15 21:25:00,1774.25,True,False,,0.0,6.4444,6.4444,1760.25,2013-12-15 22:08:00,0.0,1774.5,2013-12-15 21:30:00,True,2013-12-15 21:36:00,0.0,0.0,False,,,
ES,2013-12-16,Monday,ODR,1773.25,1769.0,4.25,1773.5,1768.75,4.75,True,LONG,2013-12-16 04:00:00,1773.75,True,False,,2.8824,0.0,2.8824,1785.5,2013-12-16 07:56:00,0.0,1773.75,2013-12-16 04:05:00,True,2013-12-16 04:08:00,0.0,0.0,False,,,
ES,2013-12-16,Monday,RDR,1791.5,1783.75,7.75,1792.25,1783.25,9.0,False,,,,,,,0.0,0.0,,,,,,,False,,,,False,,,
ES,2013-12-17,Tuesday,ODR,1786.25,1784.0,2.25,1786.25,1784.0,2.25,True,LONG,2013-12-17 07:05:00,1787.0,True,False,,0.7778,0.2222,0.7778,1788.0,2013-12-17 07:19:00,0.0,1786.5,2013-12-17 07:33:00,True,2013-12-17 07:17:00,0.0,0.0,False,,,
ES,2013-12-17,Tuesday,RDR,1788.0,1781.5,6.5,1788.0,1780.25,7.75,True,SHORT,2013-12-17 10:45:00,1779.25,True,True,True,0.0,0.7692,0.7692,1776.5,2013-12-17 11:28:00,0.5769,1785.25,2013-12-17 14:13:00,True,2013-12-17 10:50:00,0.0,0.5769,True,1781.75,2013-12-17 12:56:00,0.0385
ES,2013-12-18,Wednesday,ADR,1782.0,1781.25,0.75,1782.5,1781.25,1.25,True,SHORT,2013-12-17 20:30:00,1781.0,False,True,False,2.3333,2.0,2.0,1779.75,2013-12-17 20:55:00,3.3333,1783.75,2013-12-18 01:34:00,True,2013-12-17 20:43:00,0.3333,3.3333,True,1781.5,2013-12-17 20:35:00,0.3333
ES,2013-12-18,Wednesday,ODR,1785.0,1782.75,2.25,1785.0,1782.75,2.25,True,LONG,2013-12-18 05:10:00,1785.25,False,True,False,0.5556,0.6667,0.5556,1786.25,2013-12-18 05:56:00,1.6667,1781.25,2013-12-18 08:17:00,True,2013-12-18 05:56:00,0.0,1.6667,True,1785.0,2013-12-18 05:19:00,0.0
ES,2013-12-18,Wednesday,RDR,1784.5,1782.25,2.25,1785.0,1781.5,3.5,True,SHORT,2013-12-18 10:50:00,1781.25,False,True,False,12.0,6.6667,6.6667,1767.25,2013-12-18 14:00:00,13.0,1811.5,2013-12-18 15:59:00,True,2013-12-18 11:34:00,0.3333,13.0,True,1782.25,2013-12-18 10:57:00,0.0
ES,2013-12-19,Thursday,ODR,1809.75,1805.5,4.25,1809.75,1805.25,4.5,True,LONG,2013-12-19 06:35:00,1810.25,True,True,False,0.2941,0.0,0.2941,1811.0,2013-12-19 07:40:00,0.4118,1808.0,2013-12-19 08:17:00,False,,0.2353,,True,1809.75,2013-12-19 06:46:00,0.0
ES,2013-12-19,Thursday,RDR,1807.0,1801.5,5.5,1808.0,1801.25,6.75,True,LONG,2013-12-19 12:20:00,1808.75,True,False,,0.7273,0.0,0.7273,1811.0,2013-12-19 15:41:00,0.0,1807.25,2013-12-19 13:04:00,True,2013-12-19 13:16:00,0.0,0.0,False,,,
ES,2013-12-20,Friday,ADR,1810.5,1809.25,1.25,1810.5,1809.25,1.25,True,LONG,2013-12-19 20:55:00,1810.75,True,True,False,1.4,0.0,1.4,1812.25,2013-12-19 21:18:00,0.4,1810.0,2013-12-20 01:53:00,True,2013-12-19 21:17:00,0.0,0.4,True,1810.25,2013-12-20 01:52:00,0.2
ES,2013-12-20,Friday,ODR,1811.25,1809.0,2.25,1811.5,1809.0,2.5,True,LONG,2013-12-20 04:15:00,1812.0,True,True,False,0.6667,0.1111,0.6667,1812.75,2013-12-20 04:36:00,1.1111,1808.75,2013-12-20 07:28:00,True,2013-12-20 04:26:00,0.0,1.1111,True,1811.25,2013-12-20 04:43:00,0.0
ES,2013-12-23,Monday,ODR,1821.5,1820.25,1.25,1821.5,1820.0,1.5,True,LONG,2013-12-23 04:35:00,1821.75,True,True,True,1.6,0.0,1.6,1823.5,2013-12-23 08:26:00,0.6,1820.75,2013-12-23 06:52:00,True,2013-12-23 04:59:00,0.6,0.6,True,1821.5,2013-12-23 06:44:00,0.0
ES,2013-12-23,Monday,RDR,1822.75,1819.5,3.25,1822.75,1818.5,4.25,True,LONG,2013-12-23 11:30:00,1823.0,True,True,False,0.4615,0.0769,0.4615,1824.25,2013-12-23 12:25:00,1.0769,1819.25,2013-12-23 13:54:00,False,,0.1538,,True,1822.75,2013-12-23 11:36:00,0.0
ES,2013-12-24,Tuesday,ODR,1823.75,1822.5,1.25,1824.0,1822.25,1.75,True,LONG,2013-12-24 05:25:00,1824.25,False,True,False,0.4,0.8,0.2,1824.0,2013-12-24 05:30:00,1.8,1821.5,2013-12-24 07:29:00,False,,0.0,,True,1823.75,2013-12-24 05:30:00,0.0
ES,2013-12-24,Tuesday,RDR,1826.0,1823.5,2.5,1826.25,1823.25,3.0,True,LONG,2013-12-24 10:55:00,1826.5,True,True,True,1.3,0.0,1.3,1829.25,2013-12-24 13:14:00,0.0,1826.0,2013-12-24 11:08:00,True,2013-12-24 11:17:00,0.0,0.0,True,1826.0,2013-12-24 11:08:00,0.0
ES,2013-12-26,Thursday,RDR,1833.25,1831.25,2.0,1833.25,1831.0,2.25,True,LONG,2013-12-26 11:30:00,1834.0,True,True,True,2.125,0.0,2.125,1837.5,2013-12-26 15:43:00,0.25,1832.75,2013-12-26 12:17:00,True,2013-12-26 11:35:00,0.25,0.25,True,1833.25,2013-12-26 11:42:00,0.0
ES,2013-12-27,Friday,ODR,1835.75,1834.0,1.75,1835.75,1834.0,1.75,True,SHORT,2013-12-27 05:30:00,1833.5,False,True,False,1.0,0.4286,0.4286,1833.25,2013-12-27 05:39:00,2.0,1837.5,2013-12-27 07:57:00,False,,0.0,,True,1834.0,2013-12-27 05:49:00,0.0
ES,2013-12-27,Friday,RDR,1839.25,1837.75,1.5,1839.75,1837.75,2.0,True,SHORT,2013-12-27 10:30:00,1836.75,True,False,,0.0,2.3333,2.3333,1834.25,2013-12-27 11:00:00,0.0,1837.5,2013-12-27 11:30:00,True,2013-12-27 10:35:00,0.0,0.0,False,,,
ES,2013-12-30,Monday,RDR,1836.5,1833.75,2.75,1837.75,1833.75,4.0,True,SHORT,2013-12-30 12:45:00,1833.5,True,True,False,0.0,0.0909,0.0909,1833.5,2013-12-30 13:41:00,0.9091,1836.25,2013-12-30 14:45:00,False,,0.3636,,True,1833.75,2013-12-30 12:52:00,0.0
ES,2013-12-31,Tuesday,RDR,1840.0,1837.25,2.75,1840.5,1837.25,3.25,True,LONG,2013-12-31 11:00:00,1841.75,False,True,True,1.4545,0.1818,1.4545,1844.0,2013-12-31 15:47:00,1.1818,1836.75,2013-12-31 14:48:00,True,2013-12-31 11:06:00,1.1818,1.1818,True,1840.0,2013-12-31 12:48:00,0.0
NQ,2013-01-02,Wednesday,RDR,2734.5,2720.25,14.25,2736.75,2720.0,16.75,True,SHORT,2013-01-02 10:45:00,2718.5,False,True,False,0.5263,0.5965,0.5965,2711.75,2013-01-02 12:00:00,1.5263,2742.0,2013-01-02 15:59:00,True,2013-01-02 11:20:00,0.1579,1.5263,True,2721.0,2013-01-02 10:51:00,0.0526
NQ,2013-01-03,Thursday,ADR,2737.25,2735.75,1.5,2737.25,2735.5,1.75,True,LONG,2013-01-02 21:00:00,2737.5,False,True,False,1.0,2.8333,1.0,2738.75,2013-01-02 21:31:00,3.8333,2731.5,2013-01-03 01:09:00,True,2013-01-02 21:29:00,0.1667,3.8333,True,2737.0,2013-01-02 21:07:00,0.1667
NQ,2013-01-03,Thursday,ODR,2739.0,2735.0,4.0,2739.5,2734.75,4.75,True,SHORT,2013-01-03 06:00:00,2734.5,True,True,False,0.3125,0.625,0.625,2732.5,2013-01-03 07:49:00,1.0,2739.0,2013-01-03 08:22:00,True,2013-01-03 07:43:00,0.125,1.0,True,2735.0,2013-01-03 06:13:00,0.0
NQ,2013-01-03,Thursday,RDR,2744.25,2734.0,10.25,2745.75,2733.0,12.75,True,SHORT,2013-01-03 14:30:00,2732.0,True,True,True,0.2683,1.4634,1.4634,2719.0,2013-01-03 15:35:00,0.0244,2734.25,2013-01-03 14:57:00,True,2013-01-03 14:39:00,0.0244,0.0244,True,2734.25,2013-01-03 14:57:00,0.0244
NQ,2013-01-04,Friday,ADR,2728.0,2723.75,4.25,2728.25,2723.0,5.25,True,SHORT,2013-01-03 22:10:00,2722.5,True,True,True,0.0,0.4118,0.4118,2722.0,2013-01-03 23:58:00,0.4118,2725.5,2013-01-04 00:59:00,False,,0.0588,,True,2723.75,2013-01-03 22:23:00,0.0
NQ,2013-01-04,Friday,ODR,2730.75,2724.5,6.25,2731.0,2724.25,6.75,True,LONG,2013-01-04 08:20:00,2733.75,True,False,,0.52,0.0,0.48,2733.75,2013-01-04 08:25:00,0.0,2731.5,2013-01-04 08:29:00,False,,0.0,,False,,,
NQ,2013-01-04,Friday,RDR,2728.25,2716.5,11.75,2728.25,2715.75,12.5,True,SHORT,2013-01-04 10:40:00,2711.5,True,True,False,0.0,0.4468,0.4468,2711.25,2013-01-04 10:45:00,0.9362,2727.5,2013-01-04 15:27:00,False,,0.0,,True,2717.75,2013-01-04 11:01:00,0.1064
NQ,2013-01-07,Monday,ADR,2716.0,2713.25,2.75,2716.25,2713.0,3.25,True,SHORT,2013-01-06 22:40:00,2712.5,True,False,,0.0,2.0,2.0,2707.75,2013-01-07 00:32:00,0.0,2713.0,2013-01-06 23:05:00,True,2013-01-06 22:45:00,0.0,0.0,False,,,
NQ,2013-01-07,Monday,ODR,2715.0,2711.5,3.5,2715.25,2710.0,5.25,True,SHORT,2013-01-07 06:45:00,2709.75,True,True,True,0.0,0.8571,0.8571,2708.5,2013-01-07 08:05:00,0.7857,2714.25,2013-01-07 07:27:00,True,2013-01-07 06:50:00,0.7857,0.7857,True,2711.5,2013-01-07 06:59:00,0.0
NQ,2013-01-07,Monday,RDR,2714.5,2703.0,11.5,2715.25,2702.25,13.0,True,LONG,2013-01-07 10:45:00,2717.75,True,True,True,0.6957,0.0,0.6957,2722.5,2013-01-07 15:26:00,0.7174,2706.25,2013-01-07 13:43:00,True,2013-01-07 11:28:00,0.7174,0.7174,True,2713.5,2013-01-07 10:59:00,0.087
NQ,2013-01-08,Tuesday,ADR,2718.25,2716.5,1.75,2718.75,2716.5,2.25,True,SHORT,2013-01-07 20:45:00,2716.25,True,True,True,0.0,3.5714,3.5714,2710.25,2013-01-08 01:55:00,1.0,2718.25,2013-01-07 21:30:00,True,2013-01-07 20:57:00,1.0,1.0,True,2717.0,2013-01-07 20:51:00,0.2857
NQ,2013-01-08,Tuesday,ODR,2711.75,2708.75,3.0,2712.25,2708.25,4.0,True,LONG,2013-01-08 04:55:00,2712.75,True,True,True,2.75,0.0,2.75,2720.0,2013-01-08 06:51:00,0.1667,2711.25,2013-01-08 05:20:00,True,2013-01-08 05:04:00,0.1667,0.1667,True,2711.75,2013-01-08 05:18:00,0.0
NQ,2013-01-08,Tuesday,RDR,2724.5,2708.0,16.5,2724.5,2707.5,17.0,True,SHORT,2013-01-08 10:35:00,2703.0,True,True,False,0.0,0.5758,0.5758,2698.5,2013-01-08 11:19:00,0.5,2716.25,2013-01-08 15:22:00,True,2013-01-08 11:19:00,0.0,0.5,True,2708.0,2013-01-08 13:17:00,0.0
NQ,2013-01-09,Wednesday,ADR,2718.75,2715.5,3.25,2719.0,2715.0,4.0,True,LONG,2013-01-08 21:00:00,2719.5,False,True,False,0.7692,0.6923,0.7692,2721.25,2013-01-08 21:05:00,1.6923,2713.25,2013-01-08 23:48:00,True,2013-01-08 21:05:00,0.0,1.6923,True,2718.75,2013-01-08 21:23:00,0.0
NQ,2013-01-09,Wednesday,ODR,2720.25,2717.5,2.75,2720.5,2717.25,3.25,True,SHORT,2013-01-09 04:05:00,2716.75,True,True,True,0.0,2.2727,2.2727,2711.25,2013-01-09 06:03:00,0.1818,2718.0,2013-01-09 08:00:00,True,2013-01-09 04:11:00,0.0,0.1818,True,2717.5,2013-01-09 07:57:00,0.0
NQ,2013-01-09,Wednesday,RDR,2728.5,2714.5,14.0,2730.0,2714.25,15.75,False,,,,,,,0.0357,0.0,,,,,,,False,,,,False,,,
NQ,2013-01-10,Thursday,ADR,2722.25,2721.0,1.25,2722.5,2721.0,1.5,True,SHORT,2013-01-09 20:50:00,2720.75,False,True,False,7.0,0.2,0.2,2720.75,2013-01-09 20:55:00,8.0,2731.0,2013-01-09 23:42:00,False,,0.4,,True,2721.5,2013-01-09 20:55:00,0.4
NQ,2013-01-10,Thursday,ODR,2727.5,2724.25,3.25,2728.75,2724.25,4.5,True,LONG,2013-01-10 04:45:00,2729.5,True,True,True,3.6154,0.0,3.6154,2739.25,2013-01-10 08:25:00,0.3077,2726.5,2013-01-10 07:11:00,True,2013-01-10 04:50:00,0.3077,0.3077,True,2726.5,2013-01-10 07:11:00,0.3077
NQ,2013-01-10,Thursday,RDR,2742.5,2729.0,13.5,2743.25,2728.5,14.75,True,SHORT,2013-01-10 10:30:00,2725.25,True,True,False,0.0,1.1296,1.1296,2713.75,2013-01-10 11:16:00,0.7778,2739.5,2013-01-10 15:50:00,True,2013-01-10 10:35:00,0.0,0.7778,True,2730.75,2013-01-10 14:45:00,0.1296
NQ,2013-01-11,Friday,ADR,2740.75,2738.0,2.75,2741.0,2737.75,3.25,True,SHORT,2013-01-10 21:00:00,2737.0,True,True,True,0.0,1.0909,1.0909,2735.0,2013-01-11 01:37:00,0.1818,2738.5,2013-01-10 21:59:00,True,2013-01-10 21:32:00,0.1818,0.1818,True,2738.0,2013-01-10 21:13:00,0.0
NQ,2013-01-11,Friday,ODR,2737.5,2735.0,2.5,2738.0,2734.75,3.25,True,SHORT,2013-01-11 04:55:00,2734.5,False,True,False,0.7,1.0,1.0,2732.5,2013-01-11 05:00:00,1.7,2739.25,2013-01-11 07:46:00,True,2013-01-11 05:00:00,0.0,1.7,True,2735.0,2013-01-11 05:18:00,0.0
NQ,2013-01-11,Friday,RDR,2741.25,2733.75,7.5,2743.75,2732.75,11.0,False,,,,,,,0.3,0.2,,,,,,,False,,,,False,,,
NQ,2013-01-14,Monday,ADR,2745.5,2742.5,3.0,2745.75,2742.0,3.75,True,LONG,2013-01-13 20:45:00,2746.5,True,True,False,1.25,0.0833,1.25,2749.25,2013-01-13 21:28:00,1.0833,2742.25,2013-01-14 01:25:00,True,2013-01-13 20:57:00,0.0,1.0833,True,2745.5,2013-01-13 23:58:00,0.0
NQ,2013-01-14,Monday,ODR,2745.25,2742.75,2.5,2745.75,2742.0,3.75,True,SHORT,2013-01-14 04:05:00,2741.75,True,True,True,0.0,6.8,6.8,2725.75,2013-01-14 08:14:00,0.0,2742.75,2013-01-14 04:31:00,True,2013-01-14 04:10:00,0.0,0.0,True,2742.75,2013-01-14 04:31:00,0.0
NQ,2013-01-14,Monday,RDR,2735.25,2720.25,15.0,2738.25,2719.25,19.0,False,,,,,,,0.0,0.0,,,,,,,False,,,,False,,,
NQ,2013-01-15,Tuesday,ADR,2731.5,2728.25,3.25,2732.0,2728.0,4.0,True,SHORT,2013-01-14 22:10:00,2727.75,True,True,True,0.0,1.3846,1.3846,2723.75,2013-01-15 01:56:00,0.0769,2728.5,2013-01-14 22:18:00,True,2013-01-14 22:32:00,0.0769,0.0,True,2728.25,2013-01-14 22:17:00,0.0
NQ,2013-01-15,Tuesday,ODR,2726.75,2722.75,4.0,2727.25,2722.5,4.75,True,LONG,2013-01-15 04:30:00,2727.75,False,True,False,0.8125,1.1875,0.8125,2730.0,2013-01-15 05:01:00,2.1875,2718.0,2013-01-15 07:42:00,True,2013-01-15 04:37:00,0.0,2.1875,True,2726.75,2013-01-15 05:26:00,0.0
NQ,2013-01-15,Tuesday,RDR,2717.5,2706.25,11.25,2719.0,2705.25,13.75,True,LONG,2013-01-15 12:40:00,2721.0,True,True,False,0.3333,0.0,0.3333,2721.25,2013-01-15 12:45:00,0.8,2708.5,2013-01-15 14:27:00,False,,0.0,,True,2717.5,2013-01-15 12:58:00,0.0
NQ,2013-01-16,Wednesday,ADR,2720.75,2718.25,2.5,2720.75,2718.0,2.75,True,SHORT,2013-01-15 20:45:00,2717.5,True,True,True,0.0,2.2,2.2,2712.75,2013-01-16 01:17:00,0.7,2720.0,2013-01-15 21:44:00,True,2013-01-15 22:50:00,0.7,0.6,True,2718.25,2013-01-15 20:51:00,0.0
NQ,2013-01-16,Wednesday,ODR,2715.0,2711.75,3.25,2715.75,2711.5,4.25,True,SHORT,2013-01-16 04:05:00,2711.25,False,True,False,1.0769,0.3846,0.3846,2710.5,2013-01-16 04:20:00,2.0769,2718.5,2013-01-16 06:22:00,False,,0.0769,,True,2711.75,2013-01-16 04:13:00,0.0
NQ,2013-01-16,Wednesday,RDR,2729.75,2717.0,12.75,2732.25,2715.75,16.5,True,LONG,2013-01-16 14:00:00,2732.75,True,True,False,0.5882,0.0,0.5882,2737.25,2013-01-16 14:34:00,0.1569,2727.75,2013-01-16 15:59:00,True,2013-01-16 14:34:00,0.0196,0.1569,True,2729.75,2013-01-16 14:07:00,0.0
NQ,2013-01-17,Thursday,ADR,2728.0,2724.75,3.25,2728.25,2724.0,4.25,True,LONG,2013-01-16 20:55:00,2728.5,False,True,False,0.2308,2.5385,0.2308,2728.75,2013-01-16 21:01:00,3.5385,2716.5,2013-01-16 23:39:00,False,,0.0,,True,2728.0,2013-01-16 21:04:00,0.0
NQ,2013-01-17,Thursday,ODR,2727.75,2722.5,5.25,2728.5,2722.5,6.0,True,LONG,2013-01-17 04:05:00,2729.25,True,True,True,1.8571,0.0,1.8571,2737.5,2013-01-17 08:25:00,0.1905,2726.75,2013-01-17 04:52:00,True,2013-01-17 05:35:00,0.1905,0.0,True,2727.5,2013-01-17 04:19:00,0.0476
NQ,2013-01-17,Thursday,RDR,2745.25,2736.25,9.0,2746.0,2734.75,11.25,True,LONG,2013-01-17 13:50:00,2747.0,True,True,False,0.6944,0.1667,0.6944,2751.5,2013-01-17 14:10:00,0.4722,2741.0,2013-01-17 15:55:00,True,2013-01-17 14:06:00,0.0,0.4722,True,2745.25,2013-01-17 14:54:00,0.0
NQ,2013-01-18,Friday,ADR,2737.25,2735.25,2.0,2737.5,2735.0,2.5,True,LONG,2013-01-17 20:55:00,2737.75,False,True,True,0.625,0.375,0.625,2738.5,2013-01-18 01:59:00,1.375,2734.5,2013-01-17 23:25:00,True,2013-01-17 21:00:00,1.375,1.375,True,2737.25,2013-01-17 21:01:00,0.0
NQ,2013-01-18,Friday,ODR,2741.0,2736.25,4.75,2741.0,2736.25,4.75,True,SHORT,2013-01-18 04:10:00,2735.75,True,True,True,0.0,1.4737,1.4737,2729.25,2013-01-18 07:21:00,0.3158,2737.75,2013-01-18 05:50:00,True,2013-01-18 04:32:00,0.3158,0.3158,True,2736.25,2013-01-18 04:15:00,0.0
NQ,2013-01-18,Friday,RDR,2736.25,2730.75,5.5,2737.5,2727.0,10.5,True,SHORT,2013-01-18 11:00:00,2725.5,True,True,False,0.2273,1.5,1.5,2722.5,2013-01-18 11:47:00,1.2273,2737.5,2013-01-18 15:59:00,True,2013-01-18 11:05:00,0.0,1.2273,True,2731.0,2013-01-18 13:04:00,0.0455
NQ,2013-01-21,Monday,ADR,2736.0,2735.0,1.0,2736.5,2734.75,1.75,True,LONG,2013-01-20 20:50:00,2737.25,True,False,,3.75,0.0,3.75,2739.75,2013-01-20 22:32:00,0.0,2736.75,2013-01-20 20:59:00,True,2013-01-20 20:55:00,0.0,0.0,False,,,
NQ,2013-01-21,Monday,ODR,2738.75,2735.0,3.75,2738.75,2735.0,3.75,True,SHORT,2013-01-21 04:05:00,2734.75,True,True,False,0.0,0.7333,0.7333,2732.25,2013-01-21 06:21:00,0.2,2735.75,2013-01-21 08:14:00,True,2013-01-21 06:17:00,0.1333,0.2,True,2735.0,2013-01-21 04:14:00,0.0
NQ,2013-01-21,Monday,RDR,2738.75,2734.5,4.25,2738.75,2734.5,4.25,True,LONG,2013-01-21 10:35:00,2739.0,True,False,,0.9412,0.0,0.9412,2742.75,2013-01-21 11:29:00,0.0,2739.0,2013-01-21 10:40:00,True,2013-01-21 10:51:00,0.0,0.0,False,,,
NQ,2013-01-22,Tuesday,ADR,2742.0,2740.5,1.5,2742.25,2740.5,1.75,True,SHORT,2013-01-21 21:15:00,2740.0,False,True,True,3.0,1.6667,1.6667,2738.0,2013-01-21 23:24:00,4.0,2746.5,2013-01-21 22:47:00,True,2013-01-21 21:22:00,4.0,4.0,True,2740.5,2013-01-21 21:26:00,0.0
NQ,2013-01-22,Tuesday,ODR,2741.5,2730.0,11.5,2741.75,2729.0,12.75,True,SHORT,2013-01-22 04:00:00,2727.75,True,True,False,0.0,0.3696,0.3696,2725.75,2013-01-22 04:06:00,0.9565,2741.0,2013-01-22 05:40:00,False,,0.0,,True,2730.0,2013-01-22 04:22:00,0.0
NQ,2013-01-22,Tuesday,RDR,2739.25,2724.0,15.25,2741.25,2723.75,17.5,True,SHORT,2013-01-22 11:00:00,2723.0,False,True,False,0.0328,0.2131,0.2131,2720.75,2013-01-22 11:38:00,1.0328,2739.75,2013-01-22 15:59:00,False,,0.2131,,True,2724.0,2013-01-22 11:05:00,0.0
NQ,2013-01-23,Wednesday,ADR,2756.0,2755.5,0.5,2756.25,2755.0,1.25,True,SHORT,2013-01-22 21:35:00,2754.75,True,False,,0.0,8.0,8.0,2751.5,2013-01-23 01:10:00,0.0,2755.0,2013-01-22 21:40:00,True,2013-01-22 21:40:00,0.0,0.0,False,,,
NQ,2013-01-23,Wednesday,ODR,2751.5,2748.5,3.0,2752.75,2748.5,4.25,True,SHORT,2013-01-23 04:05:00,2748.25,False,True,False,1.3333,0.3333,0.1667,2748.0,2013-01-23 04:10:00,2.3333,2755.5,2013-01-23 07:21:00,False,,0.0833,,True,2748.75,2013-01-23 04:10:00,0.0833
NQ,2013-01-23,Wednesday,RDR,2762.25,2753.0,9.25,2763.75,2750.25,13.5,False,,,,,,,0.0,0.1622,,,,,,,False,,,,False,,,
NQ,2013-01-24,Thursday,ADR,2717.0,2713.5,3.5,2717.0,2713.5,3.5,True,LONG,2013-01-23 21:05:00,2717.25,True,True,True,0.7857,0.0,0.7857,2719.75,2013-01-23 21:45:00,1.0,2713.5,2013-01-23 22:13:00,True,2013-01-23 21:24:00,0.0,1.0,True,2717.0,2013-01-23 21:11:00,0.0
NQ,2013-01-24,Thursday,ODR,2725.0,2718.0,7.0,2726.0,2716.25,9.75,False,,,,,,,0.0357,0.0,,,,,,,False,,,,False,,,
NQ,2013-01-24,Thursday,RDR,2737.75,2718.75,19.0,2739.5,2717.0,22.5,True,LONG,2013-01-24 10:45:00,2741.25,False,True,False,0.2632,0.2763,0.2632,2742.75,2013-01-24 11:31:00,1.2763,2713.5,2013-01-24 14:03:00,False,,0.0921,,True,2737.5,2013-01-24 10:56:00,0.0132
NQ,2013-01-25,Friday,ADR,2717.5,2712.75,4.75,2717.5,2712.75,4.75,True,LONG,2013-01-25 01:35:00,2717.75,True,False,,0.1579,0.0526,0.1579,2718.25,2013-01-25 01:53:00,0.0,2718.0,2013-01-25 01:52:00,False,,0.0,,False,,,
NQ,2013-01-25,Friday,ODR,2726.75,2720.25,6.5,2728.5,2720.0,8.5,True,LONG,2013-01-25 05:20:00,2730.5,True,True,True,0.7692,0.0,0.7692,2731.75,2013-01-25 07:37:00,0.0385,2726.5,2013-01-25 06:27:00,True,2013-01-25 05:25:00,0.0385,0.0385,True,2726.75,2013-01-25 06:26:00,0.0
NQ,2013-01-25,Friday,RDR,2737.5,2722.25,15.25,2739.25,2720.75,18.5,False,,,,,,,0.1311,0.0656,,,,,,,False,,,,False,,,
NQ,2013-01-28,Monday,ADR,2731.25,2727.75,3.5,2731.5,2727.75,3.75,True,LONG,2013-01-27 21:40:00,2731.75,True,True,False,0.5,0.0,0.5,2733.0,2013-01-28 01:13:00,0.2143,2730.5,2013-01-27 23:08:00,True,2013-01-28 01:13:00,0.2143,0.1429,True,2731.25,2013-01-27 22:19:00,0.0
NQ,2013-01-28,Monday,ODR,2729.25,2727.25,2.0,2729.75,2727.0,2.75,True,LONG,2013-01-28 07:15:00,2730.25,True,False,,2.375,0.125,2.375,2734.0,2013-01-28 08:00:00,0.0,2729.5,2013-01-28 07:31:00,True,2013-01-28 07:20:00,0.0,0.0,False,,,
NQ,2013-01-28,Monday,RDR,2741.25,2731.0,10.25,2742.0,2729.0,13.0,True,LONG,2013-01-28 11:00:00,2742.25,True,True,False,0.5854,0.0,0.5854,2747.25,2013-01-28 11:45:00,0.8537,2732.5,2013-01-28 13:22:00,True,2013-01-28 11:45:00,0.3171,0.8537,True,2740.75,2013-01-28 11:05:00,0.0488
NQ,2013-01-29,Tuesday,ADR,2737.5,2733.0,4.5,2737.75,2733.0,4.75,True,LONG,2013-01-28 22:25:00,2738.0,True,True,True,0.5556,0.0,0.5556,2740.0,2013-01-29 01:32:00,0.1111,2737.0,2013-01-28 22:42:00,True,2013-01-29 01:31:00,0.1111,0.0,True,2737.5,2013-01-28 22:37:00,0.0
NQ,2013-01-29,Tuesday,ODR,2736.25,2734.0,2.25,2737.0,2734.0,3.0,True,SHORT,2013-01-29 04:15:00,2733.25,True,True,True,0.0,3.2222,3.2222,2726.75,2013-01-29 07:16:00,0.4444,2735.0,2013-01-29 05:20:00,True,2013-01-29 04:46:00,0.4444,0.4444,True,2734.0,2013-01-29 04:26:00,0.0
NQ,2013-01-29,Tuesday,RDR,2734.25,2718.25,16.0,2734.5,2716.25,18.25,True,LONG,2013-01-29 11:20:00,2736.5,True,True,True,0.625,0.0,0.625,2744.25,2013-01-29 15:33:00,0.125,2732.25,2013-01-29 12:34:00,True,2013-01-29 15:30:00,0.125,0.0,True,2734.0,2013-01-29 12:20:00,0.0156
NQ,2013-01-30,Wednesday,ODR,2746.75,2743.5,3.25,2747.75,2743.25,4.5,True,LONG,2013-01-30 04:35:00,2748.25,False,True,False,0.4615,1.3846,0.4615,2748.25,2013-01-30 04:40:00,2.3846,2739.0,2013-01-30 08:28:00,False,,0.0,,True,2746.75,2013-01-30 04:53:00,0.0
NQ,2013-01-30,Wednesday,RDR,2751.0,2736.0,15.0,2751.5,2735.75,15.75,True,SHORT,2013-01-30 10:35:00,2733.25,True,True,True,0.0,0.65,0.65,2726.25,2013-01-30 15:40:00,0.9,2749.5,2013-01-30 11:40:00,True,2013-01-30 15:32:00,0.9,0.0,True,2736.25,2013-01-30 10:47:00,0.0167
NQ,2013-01-31,Thursday,ADR,2736.0,2734.75,1.25,2736.0,2734.25,1.75,True,SHORT,2013-01-30 20:35:00,2733.75,True,False,,0.0,3.6,3.6,2730.25,2013-01-31 00:17:00,0.0,2734.25,2013-01-30 20:53:00,True,2013-01-30 20:40:00,0.0,0.0,False,,,
NQ,2013-01-31,Thursday,ODR,2733.75,2726.0,7.75,2734.0,2725.75,8.25,True,SHORT,2013-01-31 06:25:00,2725.25,True,True,True,0.0,0.2581,0.2581,2724.0,2013-01-31 06:39:00,0.5484,2730.25,2013-01-31 07:44:00,False,,0.0,,True,2726.25,2013-01-31 06:48:00,0.0323
NQ,2013-01-31,Thursday,RDR,2745.0,2730.0,15.0,2746.0,2729.0,17.0,True,SHORT,2013-01-31 11:10:00,2728.5,True,True,True,0.0,0.4,0.4,2724.0,2013-01-31 11:34:00,0.3667,2735.5,2013-01-31 14:42:00,False,,0.0,,True,2730.75,2013-01-31 12:16:00,0.05
NQ,2013-02-01,Friday,ADR,2734.75,2731.25,3.5,2735.25,2731.25,4.0,True,SHORT,2013-01-31 20:40:00,2731.0,False,True,False,0.5714,0.0714,0.0,2731.5,2013-01-31 20:45:00,1.5714,2736.75,2013-02-01 00:07:00,False,,0.2143,,True,2732.0,2013-01-31 20:45:00,0.2143
NQ,2013-02-01,Friday,ODR,2736.25,2732.75,3.5,2736.75,2732.0,4.75,True,LONG,2013-02-01 04:05:00,2738.0,False,True,True,1.2857,0.7143,1.2857,2740.75,2013-02-01 08:17:00,1.7143,2730.25,2013-02-01 06:02:00,True,2013-02-01 04:10:00,1.7143,1.7143,True,2736.0,2013-02-01 04:44:00,0.0714
NQ,2013-02-01,Friday,RDR,2747.0,2736.0,11.0,2751.25,2734.75,16.5,True,LONG,2013-02-01 11:40:00,2754.75,True,False,,1.5227,0.0,1.5227,2763.75,2013-02-01 13:53:00,0.0,2753.5,2013-02-01 11:51:00,True,2013-02-01 11:45:00,0.0,0.0,False,,,
NQ,2013-02-04,Monday,ADR,2755.25,2753.25,2.0,2755.5,2753.25,2.25,True,LONG,2013-02-03 20:30:00,2755.75,False,True,False,0.625,0.375,0.625,2756.5,2013-02-03 20:36:00,1.375,2752.5,2013-02-03 21:51:00,True,2013-02-03 20:35:00,0.0,1.375,True,2755.25,2013-02-03 20:40:00,0.0
NQ,2013-02-04,Monday,ODR,2756.5,2754.5,2.0,2756.5,2754.0,2.5,True,LONG,2013-02-04 04:05:00,2757.0,False,True,False,0.875,8.5,0.875,2758.25,2013-02-04 04:32:00,9.5,2737.5,2013-02-04 08:18:00,True,2013-02-04 04:10:00,0.0,9.5,True,2756.5,2013-02-04 04:38:00,0.0
NQ,2013-02-04,Monday,RDR,2748.0,2742.0,6.0,2750.25,2739.75,10.5,True,SHORT,2013-02-04 10:55:00,2739.5,True,False,,0.0,5.4583,5.4583,2709.25,2013-02-04 15:59:00,0.0,2740.5,2013-02-04 11:13:00,True,2013-02-04 11:00:00,0.0,0.0,False,,,
NQ,2013-02-05,Tuesday,ADR,2714.75,2712.0,2.75,2714.75,2712.0,2.75,True,SHORT,2013-02-04 21:25:00,2711.75,True,True,False,0.0,0.5455,0.5455,2710.5,2013-02-04 22:30:00,0.9091,2714.5,2013-02-05 01:04:00,True,2013-02-04 22:30:00,0.3636,0.9091,True,2712.0,2013-02-04 21:36:00,0.0
NQ,2013-02-05,Tuesday,ODR,2718.25,2711.0,7.25,2718.5,2711.0,7.5,True,LONG,2013-02-05 05:45:00,2718.75,True,True,True,1.0,0.0,1.0,2725.5,2013-02-05 07:08:00,0.0,2718.25,2013-02-05 05:51:00,True,2013-02-05 06:25:00,0.0,0.0,True,2718.25,2013-02-05 05:51:00,0.0
NQ,2013-02-05,Tuesday,RDR,2733.75,2720.5,13.25,2736.0,2715.75,20.25,True,LONG,2013-02-05 10:35:00,2737.0,True,False,,1.9057,0.0,1.9057,2759.0,2013-02-05 14:51:00,0.0,2735.75,2013-02-05 10:49:00,True,2013-02-05 11:01:00,0.0,0.0,False,,,
NQ,2013-02-06,Wednesday,ADR,2753.5,2751.5,2.0,2754.0,2751.25,2.75,True,LONG,2013-02-05 20:30:00,2754.25,True,True,True,0.625,0.0,0.625,2754.75,2013-02-05 20:41:00,0.75,2752.0,2013-02-05 23:29:00,True,2013-02-05 20:38:00,0.0,0.75,True,2753.5,2013-02-05 20:36:00,0.0
NQ,2013-02-06,Wednesday,ODR,2756.5,2750.25,6.25,2757.0,2750.0,7.0,True,SHORT,2013-02-06 05:25:00,2749.5,True,True,True,0.04,2.12,2.12,2737.0,2013-02-06 08:05:00,0.08,2750.75,2013-02-06 06:30:00,True,2013-02-06 05:36:00,0.08,0.08,True,2750.25,2013-02-06 06:03:00,0.0
NQ,2013-02-06,Wednesday,RDR,2746.75,2739.5,7.25,2749.0,2738.5,10.5,True,SHORT,2013-02-06 10:30:00,2737.0,False,True,False,0.931,0.8966,0.8966,2733.0,2013-02-06 13:33:00,1.931,2753.5,2013-02-06 11:16:00,True,2013-02-06 10:39:00,1.931,1.931,True,2741.5,2013-02-06 10:49:00,0.2759
NQ,2013-02-07,Thursday,ADR,2739.0,2738.0,1.0,2739.25,2738.0,1.25,True,SHORT,2013-02-06 22:00:00,2737.5,False,True,True,0.75,2.25,2.25,2735.75,2013-02-06 22:59:00,1.75,2739.75,2013-02-07 01:27:00,True,2013-02-06 22:05:00,0.0,1.75,True,2738.0,2013-02-07 00:26:00,0.0
NQ,2013-02-07,Thursday,ODR,2739.75,2733.25,6.5,2739.75,2732.5,7.25,True,LONG,2013-02-07 04:40:00,2740.5,True,True,False,1.0769,0.0,1.0769,2746.75,2013-02-07 06:07:00,0.4231,2737.0,2013-02-07 08:15:00,True,2013-02-07 05:00:00,0.0,0.4231,True,2739.0,2013-02-07 06:58:00,0.1154
NQ,2013-02-07,Thursday,RDR,2744.25,2719.25,25.0,2746.5,2716.0,30.5,True,SHORT,2013-02-07 10:50:00,2714.25,True,True,False,0.0,0.25,0.2,2714.25,2013-02-07 10:55:00,0.98,2743.75,2013-02-07 15:56:00,False,,0.0,,True,2720.25,2013-02-07 11:05:00,0.04
NQ,2013-02-08,Friday,ADR,2743.25,2741.5,1.75,2743.25,2740.75,2.5,True,LONG,2013-02-07 20:40:00,2743.5,True,True,True,3.1429,0.0,3.1429,2748.75,2013-02-07 22:10:00,0.5714,2742.25,2013-02-07 20:56:00,True,2013-02-07 21:06:00,0.5714,0.0,True,2743.25,2013-02-07 20:47:00,0.0
NQ,2013-02-08,Friday,ODR,2745.75,2743.0,2.75,2745.75,2742.75,3.0,True,LONG,2013-02-08 04:10:00,2746.25,False,True,False,0.8182,0.3636,0.8182,2748.0,2013-02-08 07:41:00,1.3636,2742.0,2013-02-08 04:45:00,True,2013-02-08 07:40:00,1.3636,0.4545,True,2745.75,2013-02-08 04:15:00,0.0
NQ,2013-02-08,Friday,RDR,2777.75,2757.75,20.0,2777.75,2757.5,20.25,False,,,,,,,0.025,0.0,,,,,,,False,,,,False,,,
NQ,2013-02-11,Monday,ODR,2775.0,2772.75,2.25,2775.5,2772.5,3.0,True,LONG,2013-02-11 04:20:00,2776.5,True,True,True,2.5556,0.0,2.5556,2780.75,2013-02-11 05:02:00,0.0,2775.0,2013-02-11 06:25:00,True,2013-02-11 04:26:00,0.0,0.0,True,2775.0,2013-02-11 06:25:00,0.0
NQ,2013-02-11,Monday,RDR,2774.25,2765.5,8.75,2774.25,2763.5,10.75,True,LONG,2013-02-11 15:40:00,2774.5,True,True,False,0.0857,0.0286,0.0571,2774.75,2013-02-11 15:48:00,0.2857,2771.75,2013-02-11 15:55:00,False,,0.0857,,True,2773.5,2013-02-11 15:45:00,0.0857
NQ,2013-02-12,Tuesday,ADR,2771.0,2770.25,0.75,2771.25,2770.0,1.25,True,SHORT,2013-02-11 22:30:00,2769.5,True,False,,0.3333,8.6667,8.6667,2763.75,2013-02-12 00:24:00,0.0,2770.0,2013-02-11 23:03:00,True,2013-02-11 22:35:00,0.0,0.0,False,,,
NQ,2013-02-12,Tuesday,ODR,2768.75,2764.5,4.25,2769.0,2764.5,4.5,True,LONG,2013-02-12 04:25:00,2769.25,True,True,True,0.7647,0.0,0.7647,2772.0,2013-02-12 05:50:00,0.7647,2765.5,2013-02-12 04:59:00,True,2013-02-12 05:49:00,0.7647,0.7647,True,2768.75,2013-02-12 04:32:00,0.0
NQ,2013-02-12,Tuesday,RDR,2773.75,2765.5,8.25,2774.25,2765.0,9.25,True,SHORT,2013-02-12 10:35:00,2763.5,True,True,True,0.0,0.8182,0.8182,2758.75,2013-02-12 11:49:00,0.7576,2771.75,2013-02-12 13:30:00,True,2013-02-12 11:46:00,0.5152,0.7576,True,2765.5,2013-02-12 10:42:00,0.0
NQ,2013-02-13,Wednesday,ADR,2765.75,2764.5,1.25,2765.75,2764.5,1.25,True,SHORT,2013-02-12 23:35:00,2764.25,True,True,False,0.0,0.6,0.6,2763.75,2013-02-13 00:24:00,0.6,2765.25,2013-02-13 01:24:00,True,2013-02-13 00:24:00,0.4,0.6,True,2764.5,2013-02-12 23:40:00,0.0
NQ,2013-02-13,Wednesday,ODR,2766.25,2764.0,2.25,2766.25,2763.75,2.5,True,LONG,2013-02-13 04:35:00,2766.75,True,True,True,2.2222,0.0,2.2222,2771.25,2013-02-13 08:28:00,0.8889,2764.25,2013-02-13 05:22:00,True,2013-02-13 04:43:00,0.8889,0.8889,True,2766.25,2013-02-13 04:41:00,0.0
NQ,2013-02-13,Wednesday,RDR,2780.0,2765.0,15.0,2781.5,2763.5,18.0,True,SHORT,2013-02-13 11:50:00,2763.25,True,True,False,0.0333,0.15,0.15,2762.75,2013-02-13 14:55:00,0.6667,2775.0,2013-02-13 13:49:00,False,,0.6667,,True,2765.0,2013-02-13 11:56:00,0.0
NQ,2013-02-14,Thursday,ADR,2766.75,2765.25,1.5,2766.75,2765.0,1.75,True,LONG,2013-02-13 20:35:00,2767.5,True,True,False,2.0,0.0,2.0,2769.75,2013-02-13 21:24:00,0.1667,2766.5,2013-02-14 01:30:00,True,2013-02-13 20:42:00,0.0,0.1667,True,2766.5,2013-02-14 01:30:00,0.1667
NQ,2013-02-14,Thursday,ODR,2767.0,2764.5,2.5,2767.75,2764.5,3.25,True,SHORT,2013-02-14 04:15:00,2764.25,True,True,True,0.1,3.5,3.5,2755.75,2013-02-14 06:03:00,0.3,2765.25,2013-02-14 04:22:00,True,2013-02-14 05:00:00,0.3,0.0,True,2764.5,2013-02-14 04:20:00,0.0
NQ,2013-02-14,Thursday,RDR,2763.0,2757.25,5.75,2764.75,2757.0,7.75,True,LONG,2013-02-14 10:40:00,2767.5,True,False,,2.0,0.0,2.0,2774.5,2013-02-14 13:11:00,0.0,2765.5,2013-02-14 11:13:00,True,2013-02-14 10:45:00,0.0,0.0,False,,,
NQ,2013-02-15,Friday,ADR,2769.5,2766.75,2.75,2769.5,2766.75,2.75,True,SHORT,2013-02-14 22:45:00,2766.25,True,False,,0.0,1.3636,1.3636,2763.0,2013-02-15 00:23:00,0.0,2766.5,2013-02-14 22:52:00,True,2013-02-14 23:31:00,0.0,0.0,False,,,
NQ,2013-02-15,Friday,ODR,2766.25,2763.0,3.25,2767.0,2762.5,4.5,True,SHORT,2013-02-15 04:25:00,2762.0,False,True,False,0.6923,0.6154,0.6154,2761.0,2013-02-15 04:44:00,1.6923,2768.5,2013-02-15 08:19:00,True,2013-02-15 04:42:00,0.0,1.6923,True,2763.0,2013-02-15 04:32:00,0.0
NQ,2013-02-15,Friday,RDR,2775.75,2769.75,6.0,2776.5,2768.25,8.25,True,SHORT,2013-02-15 11:40:00,2766.0,True,True,True,0.0,2.5833,2.5833,2754.25,2013-02-15 14:46:00,0.0417,2770.0,2013-02-15 14:01:00,True,2013-02-15 11:45:00,0.0417,0.0417,True,2769.75,2013-02-15 13:52:00,0.0
NQ,2013-02-18,Monday,ADR,2760.5,2758.0,2.5,2760.75,2758.0,2.75,True,LONG,2013-02-17 20:45:00,2761.25,True,True,True,1.1,0.0,1.1,2763.25,2013-02-18 01:24:00,0.1,2760.25,2013-02-17 20:50:00,True,2013-02-17 23:13:00,0.1,0.0,True,2760.25,2013-02-17 20:50:00,0.1
NQ,2013-02-18,Monday,ODR,2762.25,2759.75,2.5,2762.25,2759.25,3.0,True,SHORT,2013-02-18 08:10:00,2758.75,True,True,True,0.4,0.4,0.4,2758.75,2013-02-18 08:15:00,0.0,2759.75,2013-02-18 08:22:00,False,,0.0,,True,2759.75,2013-02-18 08:22:00,0.0
NQ,2013-02-18,Monday,RDR,2763.0,2761.25,1.75,2763.0,2761.25,1.75,True,LONG,2013-02-18 10:50:00,2763.5,True,True,True,1.0,0.0,1.0,2764.75,2013-02-18 11:23:00,0.0,2763.0,2013-02-18 11:05:00,True,2013-02-18 11:16:00,0.0,0.0,True,2763.0,2013-02-18 11:05:00,0.0
NQ,2013-02-19,Tuesday,ADR,2762.75,2761.5,1.25,2762.75,2761.5,1.25,True,LONG,2013-02-18 20:30:00,2763.25,True,True,False,0.8,0.0,0.8,2763.75,2013-02-18 20:45:00,0.8,2761.75,2013-02-19 01:51:00,True,2013-02-18 20:40:00,0.0,0.8,True,2762.75,2013-02-18 21:00:00,0.0
NQ,2013-02-19,Tuesday,ODR,2765.0,2760.25,4.75,2765.5,2760.25,5.25,True,LONG,2013-02-19 04:45:00,2766.25,True,True,True,0.8947,0.0,0.8947,2769.25,2013-02-19 08:11:00,0.4737,2762.75,2013-02-19 07:00:00,True,2013-02-19 07:25:00,0.4737,0.0,True,2765.0,2013-02-19 04:57:00,0.0
NQ,2013-02-19,Tuesday,RDR,2776.0,2767.25,8.75,2777.0,2766.5,10.5,True,LONG,2013-02-19 14:35:00,2778.5,True,False,,0.7714,0.0,0.7714,2782.75,2013-02-19 15:59:00,0.0,2776.5,2013-02-19 15:33:00,True,2013-02-19 14:40:00,0.0,0.0,False,,,
NQ,2013-02-20,Wednesday,ADR,2784.5,2783.25,1.25,2784.75,2783.25,1.5,True,LONG,2013-02-19 22:00:00,2785.0,False,True,False,1.4,0.4,1.4,2786.25,2013-02-19 23:08:00,1.4,2782.75,2013-02-20 01:52:00,True,2013-02-19 22:28:00,0.0,1.4,True,2784.25,2013-02-20 01:21:00,0.2
NQ,2013-02-20,Wednesday,ODR,2785.25,2782.5,2.75,2785.5,2782.25,3.25,True,LONG,2013-02-20 04:10:00,2785.75,False,True,False,0.3636,2.1818,0.3636,2786.25,2013-02-20 04:17:00,3.1818,2776.5,2013-02-20 07:46:00,False,,0.0,,True,2785.0,2013-02-20 04:25:00,0.0909
NQ,2013-02-20,Wednesday,RDR,2782.25,2774.25,8.0,2782.75,2773.25,9.5,True,SHORT,2013-02-20 10:55:00,2773.0,True,False,,0.0,4.4062,4.4062,2739.0,2013-02-20 15:59:00,0.0,2773.25,2013-02-20 11:00:00,True,2013-02-20 11:01:00,0.0,0.0,False,,,
NQ,2013-02-21,Thursday,ADR,2740.25,2738.5,1.75,2740.75,2738.5,2.25,True,SHORT,2013-02-20 20:45:00,2738.25,True,True,True,0.0,3.4286,3.4286,2732.5,2013-02-21 01:20:00,0.1429,2738.75,2013-02-20 20:51:00,True,2013-02-20 21:01:00,0.1429,0.0,True,2738.5,2013-02-20 20:50:00,0.0
NQ,2013-02-21,Thursday,ODR,2737.25,2727.0,10.25,2737.75,2725.5,12.25,True,SHORT,2013-02-21 05:35:00,2724.75,True,True,False,0.0,0.439,0.439,2722.5,2013-02-21 06:20:00,0.2927,2730.0,2013-02-21 08:25:00,False,,0.0,,True,2727.25,2013-02-21 07:00:00,0.0244
NQ,2013-02-21,Thursday,RDR,2730.5,2715.25,15.25,2731.75,2712.25,19.5,True,SHORT,2013-02-21 12:10:00,2711.75,True,True,True,0.0,1.0328,1.0328,2699.5,2013-02-21 14:08:00,0.2623,2719.25,2013-02-21 15:26:00,True,2013-02-21 12:16:00,0.0,0.2623,True,2715.5,2013-02-21 15:06:00,0.0164
NQ,2013-02-22,Friday,ADR,2719.5,2717.5,2.0,2720.0,2717.5,2.5,True,LONG,2013-02-21 21:10:00,2721.25,True,True,True,2.0,0.0,2.0,2723.5,2013-02-21 21:26:00,0.375,2718.75,2013-02-22 00:28:00,True,2013-02-21 21:15:00,0.0,0.375,True,2719.5,2013-02-22 00:13:00,0.0
NQ,2013-02-22,Friday,ODR,2724.5,2720.0,4.5,2725.5,2719.5,6.0,True,LONG,2013-02-22 07:15:00,2726.25,True,False,,0.9444,0.0,0.9444,2728.75,2013-02-22 08:19:00,0.0,2724.75,2013-02-22 07:27:00,True,2013-02-22 07:49:00,0.0,0.0,False,,,
NQ,2013-02-22,Friday,RDR,2726.25,2717.75,8.5,2729.5,2714.25,15.25,True,LONG,2013-02-22 12:40:00,2730.0,True,False,,1.2647,0.1765,1.2647,2737.0,2013-02-22 15:59:00,0.0,2728.0,2013-02-22 14:09:00,True,2013-02-22 12:47:00,0.0,0.0,False,,,
NQ,2013-02-25,Monday,ADR,2736.0,2733.0,3.0,2736.25,2733.0,3.25,True,SHORT,2013-02-24 20:45:00,2731.5,False,True,False,0.4167,0.9167,0.9167,2730.25,2013-02-24 21:01:00,1.4167,2737.25,2013-02-25 01:18:00,True,2013-02-24 20:50:00,0.0,1.4167,True,2733.0,2013-02-24 22:01:00,0.0
NQ,2013-02-25,Monday,ODR,2743.0,2735.5,7.5,2743.0,2735.5,7.5,True,LONG,2013-02-25 05:00:00,2743.75,True,False,,2.1,0.0,2.1,2758.75,2013-02-25 07:17:00,0.0,2743.5,2013-02-25 05:05:00,True,2013-02-25 05:28:00,0.0,0.0,False,,,
NQ,2013-02-25,Monday,RDR,2762.75,2752.25,10.5,2764.5,2751.75,12.75,True,SHORT,2013-02-25 10:45:00,2748.75,True,False,,0.0,4.9048,4.9048,2700.75,2013-02-25 15:59:00,0.0,2751.5,2013-02-25 11:25:00,True,2013-02-25 10:52:00,0.0,0.0,False,,,
NQ,2013-02-26,Tuesday,ADR,2708.5,2707.25,1.25,2708.75,2707.25,1.5,True,SHORT,2013-02-25 20:45:00,2706.5,False,True,True,0.6,6.6,6.6,2699.0,2013-02-25 23:24:00,1.6,2709.25,2013-02-25 21:04:00,True,2013-02-25 20:50:00,1.6,1.6,True,2707.25,2013-02-25 20:58:00,0.0
NQ,2013-02-26,Tuesday,ODR,2710.0,2706.25,3.75,2710.25,2705.5,4.75,True,SHORT,2013-02-26 05:50:00,2705.25,True,True,True,0.0,0.9333,0.9333,2702.75,2013-02-26 07:13:00,0.8,2709.25,2013-02-26 07:57:00,True,2013-02-26 07:13:00,0.3333,0.8,True,2706.25,2013-02-26 06:02:00,0.0
NQ,2013-02-26,Tuesday,RDR,2717.5,2701.75,15.75,2718.0,2700.5,17.5,True,SHORT,2013-02-26 10:30:00,2699.75,True,True,False,0.0,0.8095,0.8095,2689.0,2013-02-26 11:45:00,0.9365,2716.5,2013-02-26 15:44:00,True,2013-02-26 11:38:00,0.5714,0.9365,True,2702.0,2013-02-26 10:39:00,0.0159
NQ,2013-02-27,Wednesday,ADR,2712.25,2706.25,6.0,2712.5,2706.0,6.5,False,,,,,,,0.0,0.0417,,,,,,,False,,,,False,,,
NQ,2013-02-27,Wednesday,ODR,2709.5,2706.5,3.0,2709.75,2706.0,3.75,True,SHORT,2013-02-27 04:05:00,2705.75,False,True,False,1.75,1.0833,1.0833,2703.25,2013-02-27 04:48:00,2.75,2714.75,2013-02-27 07:55:00,True,2013-02-27 04:18:00,0.0,2.75,True,2706.5,2013-02-27 04:36:00,0.0
NQ,2013-02-27,Wednesday,RDR,2727.75,2710.5,17.25,2728.75,2709.25,19.5,True,LONG,2013-02-27 10:35:00,2732.25,True,False,,1.7391,0.0,1.7391,2757.75,2013-02-27 15:25:00,0.0,2730.5,2013-02-27 10:49:00,True,2013-02-27 10:40:00,0.0,0.0,False,,,
NQ,2013-02-28,Thursday,ADR,2742.25,2740.25,2.0,2742.5,2740.0,2.5,True,LONG,2013-02-27 22:20:00,2742.75,True,True,True,1.625,0.0,1.625,2745.5,2013-02-28 00:57:00,0.125,2742.0,2013-02-27 22:30:00,True,2013-02-27 22:26:00,0.125,0.125,True,2742.0,2013-02-27 22:30:00,0.125
NQ,2013-02-28,Thursday,ODR,2747.0,2742.75,4.25,2747.25,2742.5,4.75,True,SHORT,2013-02-28 04:20:00,2742.0,True,True,False,0.0,0.4706,0.4706,2740.75,2013-02-28 04:27:00,1.0,2747.0,2013-02-28 07:15:00,False,,0.0,,True,2742.75,2013-02-28 04:33:00,0.0
NQ,2013-02-28,Thursday,RDR,2755.5,2741.5,14.0,2759.0,2740.0,19.0,True,LONG,2013-02-28 14:10:00,2759.25,False,True,False,0.4107,0.3393,0.4107,2761.25,2013-02-28 14:30:00,1.3393,2736.75,2013-02-28 15:59:00,False,,0.0,,True,2755.25,2013-02-28 14:35:00,0.0179
NQ,2013-03-01,Friday,ADR,2735.25,2731.25,4.0,2735.25,2731.0,4.25,True,LONG,2013-02-28 22:25:00,2735.5,True,True,True,1.125,0.0,1.125,2739.75,2013-03-01 01:41:00,0.0625,2735.0,2013-02-28 22:40:00,True,2013-02-28 23:10:00,0.0625,0.0,True,2735.25,2013-02-28 22:31:00,0.0
NQ,2013-03-01,Friday,ODR,2742.25,2736.25,6.0,2742.75,2735.75,7.0,True,SHORT,2013-03-01 05:00:00,2733.75,True,True,True,0.125,2.2083,2.2083,2723.0,2013-03-01 08:00:00,0.125,2737.0,2013-03-01 05:17:00,True,2013-03-01 05:05:00,0.125,0.125,True,2736.75,2013-03-01 05:16:00,0.0833
NQ,2013-03-01,Friday,RDR,2728.25,2715.5,12.75,2729.0,2711.75,17.25,True,LONG,2013-03-01 10:30:00,2730.5,True,False,,1.7843,0.0,1.7843,2751.0,2013-03-01 12:27:00,0.0,2730.5,2013-03-01 10:35:00,True,2013-03-01 10:42:00,0.0,0.0,False,,,
NQ,2013-03-04,Monday,ADR,2744.25,2743.0,1.25,2744.5,2742.75,1.75,True,SHORT,2013-03-03 20:40:00,2742.5,True,False,,0.0,8.4,8.4,2732.5,2013-03-04 01:51:00,0.0,2742.25,2013-03-03 20:45:00,True,2013-03-03 20:45:00,0.0,0.0,False,,,
NQ,2013-03-04,Monday,ODR,2740.0,2734.25,5.75,2740.25,2734.0,6.25,True,LONG,2013-03-04 04:10:00,2742.25,False,True,True,0.7391,0.1739,0.7391,2744.25,2013-03-04 07:40:00,1.1739,2733.25,2013-03-04 06:33:00,True,2013-03-04 04:18:00,1.1739,1.1739,True,2739.5,2013-03-04 04:44:00,0.087
NQ,2013-03-04,Monday,RDR,2742.75,2737.25,5.5,2746.25,2735.75,10.5,True,LONG,2013-03-04 11:15:00,2746.5,False,True,True,2.9091,0.6818,2.9091,2758.75,2013-03-04 15:59:00,1.6364,2733.75,2013-03-04 12:35:00,True,2013-03-04 11:20:00,1.6364,1.6364,True,2742.5,2013-03-04 12:15:00,0.0455
NQ,2013-03-05,Tuesday,ODR,2767.0,2765.0,2.0,2767.5,2764.0,3.5,True,LONG,2013-03-05 04:00:00,2767.75,True,True,True,3.5,0.0,3.5,2774.0,2013-03-05 08:18:00,0.5,2766.0,2013-03-05 04:25:00,True,2013-03-05 04:05:00,0.5,0.5,True,2767.0,2013-03-05 04:20:00,0.0
NQ,2013-03-05,Tuesday,RDR,2791.0,2775.75,15.25,2792.0,2775.25,16.75,True,LONG,2013-03-05 10:30:00,2796.5,True,True,True,0.8197,0.0,0.8197,2803.5,2013-03-05 12:01:00,0.0984,2789.5,2013-03-05 15:01:00,True,2013-03-05 11:47:00,0.0,0.0984,True,2791.0,2013-03-05 14:32:00,0.0
NQ,2013-03-06,Wednesday,ODR,2805.25,2801.0,4.25,2806.0,2801.0,5.0,True,LONG,2013-03-06 04:10:00,2807.5,True,True,False,0.8824,0.0,0.8824,2809.0,2013-03-06 04:27:00,0.8824,2801.5,2013-03-06 08:04:00,True,2013-03-06 04:15:00,0.0,0.8824,True,2805.0,2013-03-06 05:28:00,0.0588
NQ,2013-03-06,Wednesday,RDR,2808.0,2794.25,13.75,2808.75,2793.75,15.0,True,SHORT,2013-03-06 10:30:00,2792.75,True,True,True,0.0,0.4,0.4,2788.75,2013-03-06 13:01:00,0.4182,2800.0,2013-03-06 14:50:00,False,,0.3273,,True,2795.5,2013-03-06 10:37:00,0.0909
NQ,2013-03-07,Thursday,ADR,2790.25,2789.0,1.25,2790.25,2789.0,1.25,True,LONG,2013-03-06 20:50:00,2790.5,False,True,False,0.4,0.4,0.4,2790.75,2013-03-06 20:58:00,1.4,2788.5,2013-03-06 22:28:00,False,,0.0,,True,2790.25,2013-03-06 20:58:00,0.0
NQ,2013-03-07,Thursday,ODR,2793.75,2792.5,1.25,2794.25,2792.25,2.0,True,LONG,2013-03-07 04:20:00,2794.5,False,True,False,2.6,2.0,2.6,2797.0,2013-03-07 04:56:00,3.0,2790.0,2013-03-07 07:48:00,True,2013-03-07 04:25:00,0.0,3.0,True,2793.75,2013-03-07 07:02:00,0.0
NQ,2013-03-07,Thursday,RDR,2797.0,2792.0,5.0,2798.25,2790.5,7.75,True,LONG,2013-03-07 11:05:00,2798.5,False,True,True,1.45,0.3,1.45,2804.25,2013-03-07 11:55:00,1.3,2790.5,2013-03-07 14:11:00,True,2013-03-07 11:31:00,0.25,1.3,True,2797.0,2013-03-07 11:12:00,0.0
NQ,2013-03-08,Friday,ADR,2797.5,2795.13,2.369999999999891,2797.5,2794.75,2.75,True,LONG,2013-03-07 20:50:00,2798.5,True,False,,1.5823,0.0,1.5823,2801.25,2013-03-08 01:29:00,0.0,2797.75,2013-03-07 21:06:00,True,2013-03-07 20:55:00,0.0,0.0,False,,,
NQ,2013-03-08,Friday,ODR,2806.75,2802.75,4.0,2807.0,2802.5,4.5,True,LONG,2013-03-08 05:45:00,2808.0,True,True,False,0.3125,0.0,0.3125,2808.0,2013-03-08 05:51:00,1.0,2802.75,2013-03-08 08:26:00,False,,0.0,,True,2806.75,2013-03-08 06:00:00,0.0
NQ,2013-03-08,Friday,RDR,2809.25,2793.75,15.5,2813.5,2792.5,21.0,False,,,,,,,0.0,0.0,,,,,,,False,,,,False,,,
NQ,2013-03-11,Monday,ADR,2798.38,2796.0,2.380000000000109,2798.5,2795.75,2.75,True,LONG,2013-03-10 21:30:00,2798.75,True,True,False,1.9412,0.0,1.9412,2803.0,2013-03-11 00:03:00,0.895,2796.25,2013-03-11 01:58:00,True,2013-03-10 21:51:00,0.0,0.895,True,2798.25,2013-03-11 01:46:00,0.0546
NQ,2013-03-11,Monday,ODR,2798.0,2795.0,3.0,2798.0,2794.75,3.25,True,SHORT,2013-03-11 07:30:00,2794.0,True,True,False,0.25,0.4167,0.3333,2794.0,2013-03-11 07:35:00,0.9167,2797.75,2013-03-11 08:21:00,False,,0.0,,True,2795.0,2013-03-11 07:44:00,0.0
NQ,2013-03-11,Monday,RDR,2800.0,2793.75,6.25,2800.75,2793.75,7.0,True,SHORT,2013-03-11 10:50:00,2792.5,False,True,False,1.92,0.44,0.44,2791.0,2013-03-11 10:56:00,2.92,2812.0,2013-03-11 15:59:00,False,,0.0,,True,2793.75,2013-03-11 10:59:00,0.0
NQ,2013-03-12,Tuesday,ADR,2809.88,2809.25,0.6300000000001091,2809.88,2809.25,0.6300000000001091,True,SHORT,2013-03-11 20:35:00,2809.0,False,True,True,0.1905,7.5397,7.5397,2804.5,2013-03-12 01:59:00,1.1905,2810.0,2013-03-11 21:21:00,True,2013-03-11 20:50:00,1.1905,1.1905,True,2809.25,2013-03-11 20:40:00,0.0
NQ,2013-03-12,Tuesday,ODR,2805.0,2804.25,0.75,2805.0,2803.5,1.5,True,LONG,2013-03-12 04:05:00,2805.5,False,True,False,2.0,3.6667,2.0,2806.5,2013-03-12 05:03:00,4.6667,2801.5,2013-03-12 07:56:00,True,2013-03-12 04:10:00,2.6667,4.6667,True,2805.0,2013-03-12 04:10:00,0.0
NQ,2013-03-12,Tuesday,RDR,2808.25,2800.0,8.25,2809.5,2799.25,10.25,True,SHORT,2013-03-12 10:40:00,2799.0,True,True,False,0.0,1.5152,1.5152,2787.5,2013-03-12 11:31:00,0.3333,2802.75,2013-03-12 15:40:00,True,2013-03-12 11:05:00,0.1818,0.3333,True,2800.5,2013-03-12 10:52:00,0.0606
NQ,2013-03-13,Wednesday,ADR,2805.25,2802.25,3.0,2805.25,2802.25,3.0,True,LONG,2013-03-12 20:45:00,2805.5,False,True,True,0.6667,0.1667,0.6667,2807.25,2013-03-12 21:22:00,1.1667,2801.75,2013-03-12 23:26:00,True,2013-03-12 21:07:00,0.0,1.1667,True,2805.25,2013-03-12 21:36:00,0.0
NQ,2013-03-13,Wednesday,RDR,2804.25,2788.0,16.25,2804.25,2787.5,16.75,True,LONG,2013-03-13 13:40:00,2805.5,True,True,False,0.2462,0.0,0.2462,2808.25,2013-03-13 13:46:00,0.4615,2796.75,2013-03-13 15:09:00,False,,0.0,,True,2803.0,2013-03-13 14:22:00,0.0769
NQ,2013-03-14,Thursday,ADR,2799.5,2799.0,0.5,2799.5,2799.0,0.5,True,LONG,2013-03-13 20:30:00,2800.13,False,True,True,3.76,3.5,3.0,2801.0,2013-03-14 01:19:00,4.5,2797.25,2013-03-13 22:22:00,True,2013-03-13 20:35:00,4.5,4.5,True,2799.38,2013-03-13 21:02:00,0.24
NQ,2013-03-14,Thursday,ODR,2805.0,2800.75,4.25,2805.13,2800.75,4.380000000000109,True,LONG,2013-03-14 04:10:00,2806.0,True,True,True,1.4706,0.0,1.4706,2811.25,2013-03-14 08:17:00,0.5294,2802.75,2013-03-14 06:20:00,True,2013-03-14 07:51:00,0.5294,0.0,True,2805.0,2013-03-14 04:52:00,0.0
NQ,2013-03-14,Thursday,RDR,2810.5,2802.0,8.5,2812.75,2801.0,11.75,False,,,,,,,0.0,0.0,,,,,,,False,,,,False,,,
NQ,2013-03-15,Friday,ADR,2806.75,2806.0,0.75,2806.88,2805.75,1.1300000000001091,True,LONG,2013-03-14 20:35:00,2807.0,False,True,True,4.84,0.3333,4.84,2810.38,2013-03-15 01:20:00,1.3333,2805.75,2013-03-14 21:54:00,True,2013-03-14 20:40:00,1.3333,1.3333,True,2806.5,2013-03-14 21:39:00,0.3333
NQ,2013-03-15,Friday,ODR,2811.0,2809.25,1.75,2811.0,2809.25,1.75,True,SHORT,2013-03-15 04:00:00,2807.38,True,True,False,0.2857,2.8571,2.8571,2804.25,2013-03-15 06:08:00,1.2857,2811.5,2013-03-15 08:28:00,True,2013-03-15 04:05:00,0.0,1.2857,True,2809.38,2013-03-15 08:03:00,0.0743
NQ,2013-03-18,Monday,ADR,2765.25,2761.25,4.0,2765.5,2761.0,4.5,True,SHORT,2013-03-17 21:05:00,2758.75,True,False,,0.0,3.25,3.25,2748.25,2013-03-18 01:44:00,0.0,2760.0,2013-03-17 22:53:00,True,2013-03-17 21:10:00,0.0,0.0,False,,,
NQ,2013-03-18,Monday,ODR,2756.5,2749.0,7.5,2757.25,2748.5,8.75,True,LONG,2013-03-18 04:05:00,2758.25,True,False,,1.9333,0.0,1.9333,2771.0,2013-03-18 08:11:00,0.0,2757.0,2013-03-18 04:23:00,True,2013-03-18 04:54:00,0.0,0.0,False,,,
NQ,2013-03-18,Monday,RDR,2783.75,2763.5,20.25,2785.25,2759.75,25.5,True,LONG,2013-03-18 11:45:00,2786.0,True,True,True,0.6543,0.0,0.6543,2797.0,2013-03-18 14:42:00,0.1358,2781.0,2013-03-18 15:36:00,True,2013-03-18 12:10:00,0.0,0.1358,True,2783.5,2013-03-18 15:34:00,0.0123
NQ,2013-03-19,Tuesday,RDR,2797.5,2787.5,10.0,2799.75,2786.25,13.5,True,SHORT,2013-03-19 10:30:00,2785.5,True,True,True,0.0,3.225,3.225,2755.25,2013-03-19 13:25:00,0.3,2790.5,2013-03-19 11:30:00,True,2013-03-19 10:47:00,0.3,0.3,True,2788.0,2013-03-19 11:14:00,0.05
NQ,2013-03-20,Wednesday,ADR,2776.25,2774.0,2.25,2776.25,2774.0,2.25,True,SHORT,2013-03-19 20:30:00,2773.5,False,True,False,2.0,1.0,1.0,2771.75,2013-03-19 20:36:00,3.0,2780.75,2013-03-20 00:27:00,True,2013-03-19 20:35:00,0.0,3.0,True,2774.25,2013-03-19 20:53:00,0.1111
NQ,2013-03-20,Wednesday,ODR,2793.75,2783.25,10.5,2793.75,2783.0,10.75,True,LONG,2013-03-20 04:05:00,2795.25,True,True,True,0.881,0.0,0.881,2803.0,2013-03-20 08:19:00,0.3095,2790.5,2013-03-20 07:45:00,True,2013-03-20 08:09:00,0.3095,0.0,True,2793.75,2013-03-20 04:45:00,0.0
NQ,2013-03-20,Wednesday,RDR,2801.5,2794.25,7.25,2806.25,2793.25,13.0,True,SHORT,2013-03-20 10:35:00,2791.0,False,True,False,0.3448,1.0,1.0,2787.0,2013-03-20 12:07:00,1.3448,2804.0,2013-03-20 15:45:00,True,2013-03-20 10:40:00,0.1379,1.3448,True,2794.5,2013-03-20 10:56:00,0.0345
NQ,2013-03-21,Thursday,ADR,2786.25,2785.25,1.0,2786.5,2785.25,1.25,True,SHORT,2013-03-20 20:35:00,2785.0,False,True,True,1.25,2.5,2.5,2782.75,2013-03-20 21:29:00,2.25,2787.5,2013-03-20 21:59:00,True,2013-03-20 20:42:00,0.0,2.25,True,2785.25,2013-03-20 20:42:00,0.0
NQ,2013-03-21,Thursday,ODR,2785.75,2783.5,2.25,2786.75,2783.5,3.25,True,SHORT,2013-03-21 04:30:00,2780.0,True,True,True,0.8889,3.2222,3.2222,2776.25,2013-03-21 04:47:00,0.5556,2784.75,2013-03-21 07:37:00,True,2013-03-21 04:35:00,0.0,0.5556,True,2783.5,2013-03-21 07:30:00,0.0
NQ,2013-03-21,Thursday,RDR,2779.0,2768.75,10.25,2780.0,2767.5,12.5,True,SHORT,2013-03-21 14:00:00,2765.25,True,True,True,0.1707,0.7561,0.7561,2761.0,2013-03-21 14:07:00,0.7073,2776.0,2013-03-21 15:03:00,True,2013-03-21 14:05:00,0.0,0.7073,True,2769.25,2013-03-21 14:13:00,0.0488
NQ,2013-03-22,Friday,ADR,2769.0,2767.75,1.25,2769.5,2767.5,2.0,True,LONG,2013-03-21 21:15:00,2769.75,False,True,False,2.8,1.6,2.8,2772.5,2013-03-22 00:58:00,2.6,2765.75,2013-03-22 01:37:00,True,2013-03-21 21:20:00,0.0,2.6,True,2769.0,2013-03-21 21:44:00,0.0
NQ,2013-03-22,Friday,ODR,2769.25,2764.5,4.75,2769.25,2764.25,5.0,True,LONG,2013-03-22 04:00:00,2769.75,True,True,True,1.7368,0.0,1.7368,2777.5,2013-03-22 07:37:00,0.7895,2765.5,2013-03-22 04:24:00,True,2013-03-22 06:40:00,0.7895,0.0,True,2769.0,2013-03-22 04:08:00,0.0526
NQ,2013-03-22,Friday,RDR,2785.0,2777.5,7.5,2786.25,2776.5,9.75,True,LONG,2013-03-22 12:15:00,2786.5,True,False,,1.6667,0.0,1.6667,2797.5,2013-03-22 13:30:00,0.0,2785.25,2013-03-22 12:23:00,True,2013-03-22 12:53:00,0.0,0.0,False,,,
NQ,2013-03-25,Monday,ADR,2809.0,2801.0,8.0,2809.5,2800.25,9.25,False,,,,,,,0.0312,0.0,,,,,,,False,,,,False,,,
NQ,2013-03-25,Monday,ODR,2808.25,2804.5,3.75,2809.25,2804.0,5.25,True,LONG,2013-03-25 05:50:00,2809.75,True,True,False,0.8,0.3333,0.8,2811.25,2013-03-25 06:14:00,0.4667,2806.5,2013-03-25 07:06:00,True,2013-03-25 06:00:00,0.0,0.4667,True,2808.25,2013-03-25 06:54:00,0.0
NQ,2013-03-25,Monday,RDR,2809.5,2799.75,9.75,2810.25,2797.75,12.5,True,SHORT,2013-03-25 10:40:00,2792.0,True,False,,0.0,2.9744,2.9744,2770.75,2013-03-25 13:11:00,0.0,2792.75,2013-03-25 10:53:00,True,2013-03-25 10:45:00,0.0,0.0,False,,,
NQ,2013-03-26,Tuesday,ADR,2787.5,2785.5,2.0,2787.75,2785.5,2.25,True,LONG,2013-03-25 21:05:00,2789.0,True,True,True,1.375,0.0,1.375,2790.25,2013-03-25 21:12:00,0.5,2786.5,2013-03-25 22:17:00,True,2013-03-25 21:10:00,0.0,0.5,True,2787.25,2013-03-25 22:10:00,0.125
NQ,2013-03-26,Tuesday,ODR,2794.0,2788.75,5.25,2794.0,2788.75,5.25,True,LONG,2013-03-26 06:00:00,2794.5,False,True,False,0.2857,0.2381,0.0952,2794.5,2013-03-26 07:07:00,1.2381,2787.5,2013-03-26 08:00:00,False,,0.2381,,True,2794.0,2013-03-26 06:05:00,0.0
NQ,2013-03-26,Tuesday,RDR,2800.0,2794.25,5.75,2800.5,2793.0,7.5,True,SHORT,2013-03-26 10:40:00,2791.75,False,True,False,0.1739,0.7826,0.7826,2789.75,2013-03-26 10:45:00,1.1739,2801.0,2013-03-26 15:48:00,True,2013-03-26 10:45:00,0.0,1.1739,True,2795.25,2013-03-26 10:51:00,0.1739
NQ,2013-03-27,Wednesday,ADR,2802.5,2801.0,1.5,2802.5,2801.0,1.5,True,LONG,2013-03-26 21:50:00,2803.25,False,True,True,1.5,0.1667,1.5,2804.75,2013-03-27 01:15:00,1.1667,2800.75,2013-03-26 22:47:00,True,2013-03-26 21:55:00,1.1667,1.1667,True,2802.5,2013-03-26 22:32:00,0.0
NQ,2013-03-27,Wednesday,ODR,2805.5,2802.75,2.75,2805.75,2802.5,3.25,True,SHORT,2013-03-27 04:10:00,2801.75,True,True,True,0.0,6.8182,6.8182,2784.0,2013-03-27 08:05:00,0.5455,2804.25,2013-03-27 04:47:00,True,2013-03-27 04:15:00,0.5455,0.5455,True,2803.0,2013-03-27 04:16:00,0.0909
NQ,2013-03-27,Wednesday,RDR,2786.0,2777.25,8.75,2787.5,2776.5,11.0,True,LONG,2013-03-27 10:30:00,2787.75,True,False,,2.2571,0.0,2.2571,2805.75,2013-03-27 15:31:00,0.0,2787.75,2013-03-27 10:35:00,True,2013-03-27 10:35:00,0.0,0.0,False,,,
NQ,2013-03-28,Thursday,ADR,2800.5,2799.0,1.5,2800.5,2799.0,1.5,True,SHORT,2013-03-27 21:00:00,2798.75,True,True,True,0.0,5.1667,5.1667,2791.25,2013-03-27 23:29:00,0.1667,2799.25,2013-03-27 21:08:00,True,2013-03-27 21:07:00,0.1667,0.1667,True,2799.25,2013-03-27 21:08:00,0.1667
NQ,2013-03-28,Thursday,ODR,2798.75,2795.25,3.5,2798.75,2795.25,3.5,True,LONG,2013-03-28 04:00:00,2802.0,False,True,True,2.8571,0.2857,2.8571,2808.75,2013-03-28 07:42:00,1.2857,2794.25,2013-03-28 05:28:00,True,2013-03-28 04:05:00,1.2857,1.2857,True,2798.75,2013-03-28 04:52:00,0.0
NQ,2013-03-28,Thursday,RDR,2804.75,2801.0,3.75,2806.0,2798.25,7.75,True,LONG,2013-03-28 10:35:00,2806.5,True,True,True,2.6,0.0,2.6,2814.5,2013-03-28 15:58:00,0.8,2801.75,2013-03-28 12:29:00,True,2013-03-28 10:40:00,0.8,0.8,True,2804.5,2013-03-28 10:50:00,0.0667
NQ,2013-04-01,Monday,ADR,2814.75,2812.25,2.5,2814.75,2812.25,2.5,True,SHORT,2013-03-31 20:30:00,2811.25,True,True,True,0.0,2.0,2.0,2807.25,2013-03-31 21:32:00,0.3,2813.0,2013-04-01 00:32:00,True,2013-03-31 20:35:00,0.0,0.3,True,2813.0,2013-04-01 00:32:00,0.3
NQ,2013-04-01,Monday,ODR,2809.75,2808.25,1.5,2810.0,2808.0,2.0,True,SHORT,2013-04-01 04:15:00,2807.75,False,True,False,3.8333,0.8333,0.8333,2807.0,2013-04-01 05:42:00,4.8333,2815.5,2013-04-01 07:44:00,True,2013-04-01 04:20:00,0.0,4.8333,True,2808.25,2013-04-01 04:46:00,0.0
NQ,2013-04-01,Monday,RDR,2815.25,2803.25,12.0,2815.5,2801.75,13.75,True,SHORT,2013-04-01 10:35:00,2799.25,True,False,,0.0,1.5833,1.5833,2784.25,2013-04-01 15:33:00,0.0,2801.25,2013-04-01 11:49:00,True,2013-04-01 10:41:00,0.0,0.0,False,,,
NQ,2013-04-02,Tuesday,ADR,2790.0,2786.5,3.5,2790.0,2786.25,3.75,True,LONG,2013-04-01 22:05:00,2791.0,True,True,False,0.5,0.0,0.5,2791.75,2013-04-01 22:11:00,0.5714,2788.0,2013-04-02 01:28:00,True,2013-04-01 22:11:00,0.0,0.5714,True,2790.0,2013-04-01 23:03:00,0.0
NQ,2013-04-02,Tuesday,ODR,2794.5,2788.5,6.0,2794.75,2788.5,6.25,True,LONG,2013-04-02 04:00:00,2796.0,True,False,,2.2083,0.0,2.2083,2807.75,2013-04-02 08:04:00,0.0,2795.5,2013-04-02 04:05:00,True,2013-04-02 04:21:00,0.0,0.0,False,,,
NQ,2013-04-02,Tuesday,RDR,2818.0,2804.25,13.75,2819.5,2802.5,17.0,True,LONG,2013-04-02 10:45:00,2820.75,True,True,False,0.3636,0.0,0.3636,2823.0,2013-04-02 11:24:00,0.9273,2805.25,2013-04-02 15:45:00,False,,0.0,,True,2818.0,2013-04-02 11:44:00,0.0
NQ,2013-04-03,Wednesday,ADR,2815.25,2813.75,1.5,2815.25,2813.5,1.75,True,LONG,2013-04-02 21:00:00,2815.5,False,True,True,0.1667,0.6667,0.1667,2815.5,2013-04-02 21:20:00,1.6667,2812.75,2013-04-02 22:38:00,False,,0.6667,,True,2815.0,2013-04-02 21:05:00,0.1667
NQ,2013-04-03,Wednesday,ODR,2816.0,2813.75,2.25,2816.5,2813.75,2.75,True,LONG,2013-04-03 04:15:00,2816.75,True,True,False,0.7778,0.4444,0.7778,2817.75,2013-04-03 05:03:00,1.4444,2812.75,2013-04-03 07:37:00,True,2013-04-03 04:26:00,0.1111,1.4444,True,2816.0,2013-04-03 04:39:00,0.0
NQ,2013-04-03,Wednesday,RDR,2818.25,2808.0,10.25,2819.0,2807.5,11.5,True,SHORT,2013-04-03 11:00:00,2806.75,True,False,,0.0,2.7073,2.7073,2780.25,2013-04-03 15:41:00,0.0,2807.5,2013-04-03 11:53:00,True,2013-04-03 12:09:00,0.0,0.0,False,,,
NQ,2013-04-04,Thursday,ADR,2788.0,2786.0,2.0,2788.0,2785.5,2.5,True,LONG,2013-04-03 21:15:00,2788.5,False,True,True,2.25,0.375,2.25,2792.5,2013-04-04 01:58:00,1.375,2785.25,2013-04-03 22:59:00,True,2013-04-04 00:40:00,1.375,0.5,True,2788.0,2013-04-03 21:28:00,0.0
NQ,2013-04-04,Thursday,ODR,2796.5,2791.25,5.25,2796.75,2790.5,6.25,True,LONG,2013-04-04 05:15:00,2797.75,True,True,False,0.9048,0.0476,0.9048,2801.25,2013-04-04 05:45:00,0.8095,2792.25,2013-04-04 08:21:00,True,2013-04-04 05:21:00,0.0,0.8095,True,2796.5,2013-04-04 06:39:00,0.0
NQ,2013-04-04,Thursday,RDR,2793.75,2779.25,14.5,2794.25,2778.0,16.25,True,SHORT,2013-04-04 12:05:00,2775.25,True,True,False,0.0,0.4483,0.4483,2772.75,2013-04-04 12:12:00,0.6724,2789.0,2013-04-04 14:29:00,False,,0.0,,True,2780.5,2013-04-04 12:34:00,0.0862
NQ,2013-04-05,Friday,ODR,2781.5,2778.0,3.5,2782.0,2777.5,4.5,True,SHORT,2013-04-05 05:20:00,2776.0,True,False,,0.1429,4.0,4.0,2764.0,2013-04-05 07:42:00,0.0,2777.5,2013-04-05 05:31:00,True,2013-04-05 05:26:00,0.0,0.0,False,,,
NQ,2013-04-05,Friday,RDR,2749.0,2742.5,6.5,2749.75,2737.5,12.25,True,LONG,2013-04-05 10:35:00,2750.25,True,True,True,3.0,0.0,3.0,2768.5,2013-04-05 15:57:00,0.5385,2745.5,2013-04-05 10:44:00,True,2013-04-05 10:52:00,0.5385,0.0385,True,2747.5,2013-04-05 10:41:00,0.2308
NQ,2013-04-08,Monday,ADR,2765.5,2764.25,1.25,2765.75,2763.75,2.0,True,LONG,2013-04-07 20:35:00,2766.25,False,True,False,1.6,0.8,1.6,2767.5,2013-04-08 00:56:00,1.8,2763.25,2013-04-07 21:24:00,True,2013-04-07 20:40:00,1.8,1.8,True,2765.5,2013-04-07 20:47:00,0.0
NQ,2013-04-08,Monday,ODR,2770.25,2762.25,8.0,2770.5,2762.25,8.25,True,LONG,2013-04-08 04:40:00,2771.0,True,True,False,0.4688,0.0,0.4688,2774.0,2013-04-08 07:51:00,0.3125,2767.75,2013-04-08 05:38:00,False,,0.3125,,True,2770.0,2013-04-08 05:05:00,0.0312
NQ,2013-04-08,Monday,RDR,2766.75,2757.5,9.25,2768.25,2757.0,11.25,True,LONG,2013-04-08 13:45:00,2768.75,True,False,,1.3784,0.027,1.3784,2779.5,2013-04-08 15:59:00,0.0,2767.5,2013-04-08 13:52:00,True,2013-04-08 14:10:00,0.0,0.0,False,,,
NQ,2013-04-09,Tuesday,ADR,2784.5,2783.0,1.5,2784.5,2783.0,1.5,True,LONG,2013-04-08 20:30:00,2784.75,True,True,False,3.5,0.0,3.5,2789.75,2013-04-08 22:27:00,0.3333,2784.0,2013-04-08 20:40:00,True,2013-04-08 20:47:00,0.3333,0.0,True,2784.5,2013-04-08 20:35:00,0.0
NQ,2013-04-09,Tuesday,ODR,2786.75,2784.25,2.5,2787.0,2783.75,3.25,True,LONG,2013-04-09 04:05:00,2788.75,True,True,True,2.3,0.0,2.3,2792.5,2013-04-09 04:30:00,0.5,2785.5,2013-04-09 05:02:00,True,2013-04-09 04:10:00,0.0,0.5,True,2786.5,2013-04-09 05:01:00,0.1
NQ,2013-04-09,Tuesday,RDR,2788.0,2776.5,11.5,2788.75,2775.25,13.5,True,SHORT,2013-04-09 11:15:00,2774.0,False,True,False,1.8696,0.3043,0.2174,2774.0,2013-04-09 11:20:00,2.8696,2809.5,2013-04-09 14:45:00,False,,0.0,,True,2776.5,2013-04-09 11:20:00,0.0
NQ,2013-04-10,Wednesday,ODR,2806.5,2800.5,6.0,2807.0,2800.0,7.0,True,LONG,2013-04-10 05:25:00,2807.5,True,True,False,0.4583,0.0,0.4583,2809.25,2013-04-10 07:40:00,0.4167,2804.0,2013-04-10 08:22:00,False,,0.0417,,True,2806.5,2013-04-10 05:33:00,0.0
NQ,2013-04-10,Wednesday,RDR,2833.5,2807.0,26.5,2835.75,2806.5,29.25,True,LONG,2013-04-10 10:30:00,2836.25,True,False,,0.8962,0.0,0.8962,2857.25,2013-04-10 12:54:00,0.0,2833.75,2013-04-10 10:37:00,True,2013-04-10 10:59:00,0.0,0.0,False,,,
NQ,2013-04-11,Thursday,ADR,2848.25,2847.5,0.75,2848.5,2847.5,1.0,True,SHORT,2013-04-10 21:45:00,2846.75,False,True,False,2.6667,2.0,2.0,2846.0,2013-04-10 22:52:00,3.6667,2850.25,2013-04-11 01:59:00,True,2013-04-10 21:50:00,0.0,3.6667,True,2847.5,2013-04-10 23:16:00,0.0
NQ,2013-04-11,Thursday,ODR,2849.75,2847.5,2.25,2850.25,2847.0,3.25,True,LONG,2013-04-11 04:40:00,2851.5,False,True,False,1.8889,1.2222,1.8889,2854.0,2013-04-11 05:03:00,2.2222,2844.75,2013-04-11 08:23:00,True,2013-04-11 04:45:00,0.0,2.2222,True,2849.5,2013-04-11 06:22:00,0.1111
NQ,2013-04-11,Thursday,RDR,2850.5,2843.5,7.0,2851.75,2843.25,8.5,True,LONG,2013-04-11 10:50:00,2852.25,True,True,True,1.1071,0.0,1.1071,2858.25,2013-04-11 11:27:00,0.6786,2845.75,2013-04-11 14:15:00,True,2013-04-11 10:58:00,0.0,0.6786,True,2849.5,2013-04-11 11:44:00,0.1429
NQ,2013-04-12,Friday,ODR,2851.5,2847.5,4.0,2851.75,2847.0,4.75,True,SHORT,2013-04-12 05:10:00,2845.25,True,False,,0.0,2.125,2.125,2839.0,2013-04-12 08:20:00,0.0,2846.75,2013-04-12 05:35:00,True,2013-04-12 05:15:00,0.0,0.0,False,,,
NQ,2013-04-12,Friday,RDR,2851.0,2842.25,8.75,2851.75,2842.25,9.5,True,SHORT,2013-04-12 10:35:00,2841.25,True,True,False,0.0857,1.6,1.6,2828.25,2013-04-12 11:07:00,1.0857,2851.75,2013-04-12 15:50:00,True,2013-04-12 10:45:00,0.0,1.0857,True,2842.75,2013-04-12 12:38:00,0.0571
NQ,2013-04-15,Monday,ADR,2845.75,2843.0,2.75,2845.75,2842.75,3.0,True,LONG,2013-04-14 20:30:00,2847.5,False,True,False,1.8182,3.5455,1.8182,2850.75,2013-04-14 21:54:00,4.5455,2833.25,2013-04-15 00:27:00,True,2013-04-14 20:37:00,0.0,4.5455,True,2845.75,2013-04-14 22:00:00,0.0
NQ,2013-04-15,Monday,ODR,2844.5,2838.5,6.0,2844.75,2837.75,7.0,True,SHORT,2013-04-15 04:05:00,2837.0,True,True,False,0.0,1.2917,1.2917,2830.75,2013-04-15 04:18:00,0.1667,2839.5,2013-04-15 05:07:00,True,2013-04-15 04:13:00,0.0,0.1667,True,2839.5,2013-04-15 05:07:00,0.1667
NQ,2013-04-15,Monday,RDR,2842.5,2831.25,11.25,2843.75,2827.25,16.5,True,SHORT,2013-04-15 11:50:00,2825.25,True,False,,0.0,3.6889,3.6889,2789.75,2013-04-15 15:38:00,0.0,2826.5,2013-04-15 11:55:00,True,2013-04-15 11:55:00,0.0,0.0,False,,,
NQ,2013-04-16,Tuesday,ADR,2795.75,2792.25,3.5,2796.25,2791.5,4.75,True,LONG,2013-04-15 20:40:00,2797.0,True,True,True,2.7143,0.0,2.7143,2805.25,2013-04-15 23:51:00,0.3571,2794.5,2013-04-15 21:00:00,True,2013-04-15 20:48:00,0.3571,0.3571,True,2795.5,2013-04-15 20:56:00,0.0714
NQ,2013-04-16,Tuesday,ODR,2805.0,2799.25,5.75,2805.5,2798.25,7.25,True,SHORT,2013-04-16 04:00:00,2797.5,False,True,False,0.9565,1.087,1.087,2793.0,2013-04-16 04:58:00,1.9565,2810.5,2013-04-16 08:07:00,True,2013-04-16 04:12:00,0.0,1.9565,True,2799.5,2013-04-16 05:32:00,0.0435
NQ,2013-04-16,Tuesday,RDR,2814.0,2805.0,9.0,2815.0,2804.5,10.5,True,LONG,2013-04-16 11:15:00,2819.0,True,False,,2.1111,0.2222,2.1111,2833.0,2013-04-16 15:58:00,0.0,2815.25,2013-04-16 11:26:00,True,2013-04-16 11:20:00,0.0,0.0,False,,,
NQ,2013-04-17,Wednesday,ADR,2825.25,2823.0,2.25,2825.5,2823.0,2.5,True,SHORT,2013-04-16 21:20:00,2822.75,True,True,False,0.0,1.6667,1.6667,2819.25,2013-04-17 00:00:00,0.6667,2824.5,2013-04-16 22:21:00,True,2013-04-16 23:32:00,0.6667,0.6667,True,2823.0,2013-04-16 21:25:00,0.0
NQ,2013-04-17,Wednesday,ODR,2827.5,2809.5,18.0,2828.25,2807.5,20.75,True,SHORT,2013-04-17 06:55:00,2805.75,True,True,False,0.0,0.4444,0.4444,2801.5,2013-04-17 07:39:00,0.0972,2811.25,2013-04-17 08:29:00,False,,0.0,,True,2809.5,2013-04-17 07:09:00,0.0
NQ,2013-04-17,Wednesday,RDR,2804.75,2781.25,23.5,2806.0,2778.5,27.5,True,SHORT,2013-04-17 10:40:00,2776.0,True,True,True,0.0,0.9787,0.9787,2758.25,2013-04-17 12:51:00,0.1383,2784.5,2013-04-17 13:48:00,True,2013-04-17 10:59:00,0.0,0.1383,True,2781.75,2013-04-17 13:43:00,0.0213
NQ,2013-04-18,Thursday,ADR,2779.0,2774.5,4.5,2779.0,2774.5,4.5,True,SHORT,2013-04-17 20:50:00,2774.0,False,True,False,0.2778,1.5,1.5,2767.75,2013-04-17 21:11:00,1.2778,2780.25,2013-04-17 22:42:00,True,2013-04-17 21:05:00,0.0,1.2778,True,2774.5,2013-04-17 21:40:00,0.0
NQ,2013-04-18,Thursday,ODR,2779.75,2773.25,6.5,2780.0,2772.0,8.0,True,LONG,2013-04-18 04:55:00,2780.75,True,False,,1.2308,0.0,1.2308,2787.75,2013-04-18 05:52:00,0.0,2780.0,2013-04-18 05:02:00,True,2013-04-18 05:21:00,0.0,0.0,False,,,
NQ,2013-04-18,Thursday,RDR,2783.25,2742.5,40.75,2783.25,2741.0,42.25,True,SHORT,2013-04-18 14:00:00,2739.0,True,False,,0.0,0.4601,0.4601,2723.75,2013-04-18 14:58:00,0.0,2740.25,2013-04-18 14:06:00,False,,0.0,,False,,,
NQ,2013-04-19,Friday,ADR,2750.75,2748.25,2.5,2750.75,2747.75,3.0,True,LONG,2013-04-18 21:10:00,2751.5,True,True,True,2.1,0.0,2.1,2756.0,2013-04-18 22:29:00,0.7,2749.0,2013-04-18 21:43:00,True,2013-04-18 21:56:00,0.7,0.0,True,2750.75,2013-04-18 21:39:00,0.0
NQ,2013-04-19,Friday,ODR,2755.75,2751.0,4.75,2755.75,2751.0,4.75,True,LONG,2013-04-19 04:30:00,2756.5,True,True,False,0.7368,0.0,0.7368,2759.25,2013-04-19 08:11:00,0.8947,2751.5,2013-04-19 08:27:00,True,2013-04-19 04:44:00,0.6842,0.8947,True,2755.25,2013-04-19 05:02:00,0.1053
NQ,2013-04-19,Friday,RDR,2764.5,2741.25,23.25,2764.75,2737.0,27.75,True,LONG,2013-04-19 10:40:00,2765.0,True,True,True,0.6344,0.0,0.6344,2779.25,2013-04-19 11:36:00,0.2151,2759.5,2013-04-19 10:52:00,True,2013-04-19 11:16:00,0.2151,0.0,True,2763.0,2013-04-19 10:45:00,0.0645
NQ,2013-04-22,Monday,ADR,2777.25,2775.25,2.0,2777.5,2775.25,2.25,True,LONG,2013-04-21 20:35:00,2778.5,True,False,,4.75,0.0,4.75,2786.75,2013-04-21 21:44:00,0.0,2778.0,2013-04-21 20:43:00,True,2013-04-21 20:40:00,0.0,0.0,False,,,
NQ,2013-04-22,Monday,ODR,2786.75,2778.25,8.5,2788.25,2778.25,10.0,True,LONG,2013-04-22 05:15:00,2788.75,True,True,False,0.3235,0.2647,0.3235,2789.5,2013-04-22 06:00:00,0.7059,2780.75,2013-04-22 07:44:00,False,,0.0,,True,2786.75,2013-04-22 06:42:00,0.0
NQ,2013-04-22,Monday,RDR,2791.0,2776.25,14.75,2792.5,2773.25,19.25,True,LONG,2013-04-22 12:05:00,2796.75,True,False,,1.4407,0.2373,1.4407,2812.25,2013-04-22 15:39:00,0.0,2793.0,2013-04-22 13:04:00,True,2013-04-22 12:11:00,0.0,0.0,False,,,
NQ,2013-04-23,Tuesday,ADR,2799.5,2796.75,2.75,2799.5,2796.25,3.25,True,SHORT,2013-04-22 21:30:00,2796.0,True,True,True,0.0,1.9091,1.9091,2791.5,2013-04-23 00:23:00,0.0909,2797.0,2013-04-22 21:39:00,True,2013-04-22 21:45:00,0.0909,0.0,True,2797.0,2013-04-22 21:39:00,0.0909
NQ,2013-04-23,Tuesday,ODR,2802.25,2789.25,13.0,2803.5,2788.75,14.75,True,SHORT,2013-04-23 04:35:00,2786.25,False,True,False,1.1346,0.3269,0.3269,2785.0,2013-04-23 04:42:00,2.1346,2817.0,2013-04-23 08:27:00,False,,0.0,,True,2789.25,2013-04-23 05:01:00,0.0
NQ,2013-04-23,Tuesday,RDR,2829.0,2818.75,10.25,2831.0,2817.0,14.0,True,LONG,2013-04-23 11:00:00,2832.0,False,True,False,0.9512,1.4878,0.9512,2838.75,2013-04-23 12:29:00,2.4878,2803.5,2013-04-23 13:10:00,True,2013-04-23 11:26:00,0.0,2.4878,True,2829.0,2013-04-23 11:11:00,0.0
NQ,2013-04-24,Wednesday,ADR,2823.5,2819.5,4.0,2823.75,2819.5,4.25,True,LONG,2013-04-23 23:20:00,2824.0,True,True,True,1.1875,0.0,1.1875,2828.25,2013-04-24 01:59:00,0.1875,2822.75,2013-04-24 01:20:00,True,2013-04-23 23:27:00,0.1875,0.1875,True,2823.25,2013-04-24 01:17:00,0.0625
NQ,2013-04-24,Wednesday,ODR,2833.5,2826.5,7.0,2833.5,2826.0,7.5,True,SHORT,2013-04-24 07:45:00,2825.5,True,False,,0.0357,1.0,1.0,2819.5,2013-04-24 08:15:00,0.0,2825.5,2013-04-24 07:50:00,True,2013-04-24 08:04:00,0.0,0.0,False,,,
NQ,2013-04-24,Wednesday,RDR,2834.0,2816.0,18.0,2838.0,2815.75,22.25,False,,,,,,,0.2222,0.0,,,,,,,False,,,,False,,,
NQ,2013-04-25,Thursday,ADR,2821.25,2819.25,2.0,2821.5,2819.25,2.25,True,LONG,2013-04-24 21:20:00,2822.75,True,False,,4.25,0.25,4.25,2829.75,2013-04-24 23:26:00,0.0,2822.5,2013-04-24 21:25:00,True,2013-04-24 21:25:00,0.0,0.0,False,,,
NQ,2013-04-25,Thursday,ODR,2829.5,2826.0,3.5,2829.75,2825.25,4.5,True,LONG,2013-04-25 04:50:00,2831.0,True,False,,3.5,0.0714,3.5,2841.75,2013-04-25 08:26:00,0.0,2830.0,2013-04-25 05:06:00,True,2013-04-25 04:55:00,0.0,0.0,False,,,
NQ,2013-04-25,Thursday,RDR,2849.75,2836.5,13.25,2852.0,2835.25,16.75,True,LONG,2013-04-25 10:40:00,2853.75,True,True,False,0.3396,0.0189,0.3396,2854.25,2013-04-25 10:53:00,1.0189,2836.25,2013-04-25 15:11:00,False,,0.0,,True,2849.75,2013-04-25 10:59:00,0.0
NQ,2013-04-26,Friday,ADR,2840.0,2837.75,2.25,2840.0,2837.75,2.25,True,LONG,2013-04-25 20:45:00,2840.25,False,True,False,2.0,1.2222,2.0,2844.5,2013-04-25 21:19:00,2.2222,2835.0,2013-04-25 22:27:00,True,2013-04-25 21:06:00,0.2222,2.2222,True,2840.0,2013-04-25 20:50:00,0.0
NQ,2013-04-26,Friday,ODR,2841.0,2836.0,5.0,2842.5,2836.0,6.5,True,SHORT,2013-04-26 04:40:00,2834.5,True,True,True,0.0,0.85,0.85,2831.75,2013-04-26 08:03:00,0.25,2837.25,2013-04-26 07:20:00,True,2013-04-26 04:45:00,0.25,0.25,True,2836.0,2013-04-26 05:31:00,0.0
NQ,2013-04-26,Friday,RDR,2839.5,2826.25,13.25,2840.5,2823.75,16.75,True,LONG,2013-04-26 15:05:00,2841.5,True,True,False,0.2264,0.3019,0.2264,2842.5,2013-04-26 15:29:00,0.4151,2834.0,2013-04-26 15:59:00,False,,0.0,,True,2838.25,2013-04-26 15:46:00,0.0943
NQ,2013-04-29,Monday,ODR,2840.25,2836.0,4.25,2841.0,2836.0,5.0,True,LONG,2013-04-29 04:30:00,2841.25,True,True,True,0.8235,0.0,0.8235,2843.75,2013-04-29 08:05:00,0.5294,2838.0,2013-04-29 06:01:00,True,2013-04-29 07:32:00,0.5294,0.0,True,2840.25,2013-04-29 04:39:00,0.0
NQ,2013-04-29,Monday,RDR,2864.75,2842.0,22.75,2865.75,2842.0,23.75,True,LONG,2013-04-29 12:00:00,2867.25,True,True,False,0.2967,0.0,0.2967,2871.5,2013-04-29 12:37:00,0.2198,2859.75,2013-04-29 15:54:00,False,,0.0,,True,2863.5,2013-04-29 15:06:00,0.0549
NQ,2013-04-30,Tuesday,ADR,2858.5,2857.5,1.0,2858.5,2857.25,1.25,True,LONG,2013-04-29 20:50:00,2858.75,True,True,True,4.0,0.25,4.0,2862.5,2013-04-30 01:58:00,1.0,2857.5,2013-04-29 22:46:00,True,2013-04-29 20:55:00,1.0,1.0,True,2858.5,2013-04-29 20:55:00,0.0
NQ,2013-04-30,Tuesday,ODR,2864.25,2860.25,4.0,2864.75,2860.25,4.5,True,SHORT,2013-04-30 04:00:00,2859.5,True,True,True,0.0,1.125,1.125,2855.75,2013-04-30 06:31:00,0.4375,2862.0,2013-04-30 05:22:00,True,2013-04-30 04:54:00,0.4375,0.4375,True,2860.5,2013-04-30 04:18:00,0.0625
NQ,2013-04-30,Tuesday,RDR,2864.25,2855.25,9.0,2865.0,2853.75,11.25,True,LONG,2013-04-30 10:45:00,2866.5,True,False,,1.9722,0.1944,1.9722,2882.0,2013-04-30 13:08:00,0.0,2864.75,2013-04-30 11:05:00,True,2013-04-30 11:09:00,0.0,0.0,False,,,
NQ,2013-05-01,Wednesday,ADR,2883.75,2880.5,3.25,2883.75,2880.5,3.25,True,SHORT,2013-04-30 20:30:00,2880.25,True,True,False,0.0,0.0769,0.0769,2880.25,2013-04-30 20:35:00,0.4615,2882.0,2013-05-01 00:11:00,False,,0.0,,True,2880.5,2013-04-30 20:35:00,0.0
NQ,2013-05-01,Wednesday,ODR,2882.0,2880.25,1.75,2882.0,2880.25,1.75,True,LONG,2013-05-01 04:20:00,2882.25,True,True,True,2.1429,0.0,2.1429,2885.75,2013-05-01 05:00:00,0.4286,2881.25,2013-05-01 07:07:00,True,2013-05-01 04:29:00,0.0,0.4286,True,2882.0,2013-05-01 05:36:00,0.0
NQ,2013-05-01,Wednesday,RDR,2883.5,2869.25,14.25,2886.75,2868.75,18.0,True,SHORT,2013-05-01 13:05:00,2867.5,True,True,True,0.0,0.4912,0.4912,2862.25,2013-05-01 15:51:00,0.6316,2878.25,2013-05-01 14:25:00,False,,0.6316,,True,2869.5,2013-05-01 13:10:00,0.0175
NQ,2013-05-02,Thursday,ODR,2872.75,2869.5,3.25,2873.25,2869.0,4.25,True,SHORT,2013-05-02 05:10:00,2868.5,False,True,False,1.7692,0.5385,0.5385,2867.75,2013-05-02 05:20:00,2.7692,2878.5,2013-05-02 07:52:00,True,2013-05-02 05:20:00,0.0,2.7692,True,2870.5,2013-05-02 06:06:00,0.3077
NQ,2013-05-02,Thursday,RDR,2890.5,2873.0,17.5,2891.75,2870.25,21.5,True,LONG,2013-05-02 10:30:00,2893.25,True,True,True,1.1286,0.0,1.1286,2910.25,2013-05-02 13:26:00,0.0286,2890.0,2013-05-02 10:36:00,True,2013-05-02 11:18:00,0.0286,0.0,True,2890.0,2013-05-02 10:36:00,0.0286
NQ,2013-05-03,Friday,ODR,2904.75,2903.25,1.5,2904.75,2903.0,1.75,True,SHORT,2013-05-03 04:40:00,2902.75,True,True,True,0.3333,2.1667,2.1667,2900.0,2013-05-03 05:20:00,0.6667,2904.25,2013-05-03 08:22:00,True,2013-05-03 04:51:00,0.0,0.6667,True,2903.25,2013-05-03 04:45:00,0.0
NQ,2013-05-03,Friday,RDR,2943.5,2931.0,12.5,2944.5,2929.5,15.0,True,LONG,2013-05-03 10:30:00,2946.0,True,True,False,0.32,0.0,0.32,2947.5,2013-05-03 13:07:00,0.54,2936.75,2013-05-03 15:17:00,False,,0.14,,True,2942.5,2013-05-03 10:37:00,0.08
NQ,2013-05-06,Monday,ADR,2943.88,2941.0,2.880000000000109,2944.0,2941.0,3.0,True,SHORT,2013-05-05 21:40:00,2940.75,True,True,True,0.0,0.3472,0.3472,2940.0,2013-05-06 00:51:00,0.7812,2943.25,2013-05-05 22:30:00,False,,0.7812,,True,2941.0,2013-05-05 21:50:00,0.0
NQ,2013-05-06,Monday,ODR,2942.25,2940.25,2.0,2942.5,2940.0,2.5,True,LONG,2013-05-06 04:00:00,2942.75,False,True,False,0.875,1.625,0.875,2944.0,2013-05-06 04:10:00,2.625,2937.0,2013-05-06 06:57:00,True,2013-05-06 04:07:00,0.0,2.625,True,2942.25,2013-05-06 04:21:00,0.0
NQ,2013-05-06,Monday,RDR,2948.5,2943.25,5.25,2949.25,2941.25,8.0,True,LONG,2013-05-06 11:55:00,2950.25,True,True,True,1.0476,0.381,1.0476,2954.0,2013-05-06 14:13:00,0.1429,2947.75,2013-05-06 12:46:00,True,2013-05-06 12:09:00,0.1429,0.1429,True,2948.5,2013-05-06 12:30:00,0.0
NQ,2013-05-07,Tuesday,ADR,2946.0,2943.25,2.75,2946.25,2943.25,3.0,True,LONG,2013-05-06 22:30:00,2946.75,True,True,True,0.7273,0.0,0.7273,2948.0,2013-05-07 01:46:00,0.5455,2944.5,2013-05-06 23:07:00,True,2013-05-07 01:19:00,0.5455,0.0,True,2946.0,2013-05-06 22:40:00,0.0
NQ,2013-05-07,Tuesday,ODR,2949.25,2947.25,2.0,2949.75,2945.75,4.0,True,LONG,2013-05-07 04:05:00,2950.0,True,True,True,2.75,0.0,2.75,2954.75,2013-05-07 06:34:00,0.25,2948.75,2013-05-07 04:13:00,True,2013-05-07 05:15:00,0.25,0.0,True,2949.25,2013-05-07 04:10:00,0.0
NQ,2013-05-07,Tuesday,RDR,2955.75,2939.0,16.75,2956.25,2937.25,19.0,False,,,,,,,0.0,0.0,,,,,,,False,,,,False,,,
NQ,2013-05-08,Wednesday,ODR,2947.5,2944.25,3.25,2948.25,2944.0,4.25,True,LONG,2013-05-08 06:00:00,2949.25,True,True,False,0.8462,0.0,0.8462,2950.25,2013-05-08 06:40:00,0.4615,2946.0,2013-05-08 08:25:00,True,2013-05-08 06:06:00,0.0,0.4615,True,2947.5,2013-05-08 08:19:00,0.0
NQ,2013-05-08,Wednesday,RDR,2958.25,2942.5,15.75,2958.25,2941.5,16.75,True,LONG,2013-05-08 10:35:00,2959.75,True,True,True,0.4127,0.0,0.4127,2964.75,2013-05-08 15:33:00,0.381,2952.25,2013-05-08 14:47:00,False,,0.381,,True,2957.25,2013-05-08 14:33:00,0.0635
NQ,2013-05-09,Thursday,ADR,2961.25,2960.25,1.0,2961.25,2960.13,1.1199999999998909,True,LONG,2013-05-08 21:00:00,2961.5,True,True,True,6.25,0.0,6.25,2967.5,2013-05-08 21:28:00,0.0,2961.25,2013-05-08 21:07:00,True,2013-05-08 21:08:00,0.0,0.0,True,2961.25,2013-05-08 21:07:00,0.0
NQ,2013-05-09,Thursday,ODR,2962.0,2957.25,4.75,2962.5,2957.0,5.5,True,SHORT,2013-05-09 04:00:00,2956.75,True,True,True,0.0,1.1579,1.1579,2951.75,2013-05-09 08:27:00,0.5263,2959.75,2013-05-09 04:46:00,True,2013-05-09 08:07:00,0.5263,0.0,True,2957.25,2013-05-09 04:06:00,0.0
NQ,2013-05-09,Thursday,RDR,2963.25,2955.5,7.75,2964.5,2954.25,10.25,True,LONG,2013-05-09 12:55:00,2966.5,False,True,False,1.9032,0.3871,1.9032,2978.0,2013-05-09 13:49:00,1.3871,2952.5,2013-05-09 15:54:00,True,2013-05-09 13:04:00,0.0,1.3871,True,2962.75,2013-05-09 14:52:00,0.0645
NQ,2013-05-10,Friday,ADR,2963.5,2962.25,1.25,2963.5,2962.0,1.5,True,LONG,2013-05-09 21:30:00,2964.0,False,True,True,3.6,2.0,3.6,2968.0,2013-05-09 22:02:00,3.0,2959.75,2013-05-10 01:13:00,True,2013-05-09 21:37:00,0.0,3.0,True,2963.5,2013-05-09 21:36:00,0.0
NQ,2013-05-10,Friday,ODR,2970.5,2963.75,6.75,2971.0,2963.5,7.5,True,SHORT,2013-05-10 04:45:00,2963.0,True,True,True,0.0,0.5556,0.5556,2960.0,2013-05-10 07:39:00,0.2963,2965.75,2013-05-10 06:40:00,True,2013-05-10 05:02:00,0.2963,0.2963,True,2963.75,2013-05-10 06:05:00,0.0
NQ,2013-05-10,Friday,RDR,2974.75,2962.75,12.0,2976.25,2958.75,17.5,True,LONG,2013-05-10 15:50:00,2976.5,True,False,,0.2292,0.2708,0.2292,2977.5,2013-05-10 15:57:00,0.0,2976.5,2013-05-10 15:55:00,False,,0.0,,False,,,
NQ,2013-05-13,Monday,ADR,2968.25,2964.75,3.5,2968.25,2964.75,3.5,True,LONG,2013-05-12 22:05:00,2970.0,True,True,True,0.7143,0.0,0.7143,2970.75,2013-05-13 01:45:00,0.2857,2967.25,2013-05-12 23:50:00,True,2013-05-12 22:10:00,0.2857,0.2857,True,2968.0,2013-05-12 22:28:00,0.0714
NQ,2013-05-13,Monday,ODR,2971.75,2964.5,7.25,2972.75,2964.25,8.5,True,SHORT,2013-05-13 04:45:00,2964.0,True,True,False,0.0,0.5517,0.5517,2960.5,2013-05-13 06:01:00,0.5172,2968.25,2013-05-13 08:06:00,True,2013-05-13 05:33:00,0.0345,0.5172,True,2964.5,2013-05-13 04:55:00,0.0
NQ,2013-05-13,Monday,RDR,2980.0,2970.25,9.75,2981.25,2968.25,13.0,True,LONG,2013-05-13 11:50:00,2981.75,True,True,False,0.7436,0.0,0.7436,2987.25,2013-05-13 12:24:00,0.7179,2973.0,2013-05-13 15:15:00,True,2013-05-13 12:22:00,0.0,0.7179,True,2978.25,2013-05-13 13:27:00,0.1795
NQ,2013-05-14,Tuesday,ADR,2985.75,2984.0,1.75,2985.75,2983.75,2.0,True,LONG,2013-05-13 21:15:00,2986.0,False,True,False,0.4286,0.5714,0.4286,2986.5,2013-05-13 22:48:00,1.5714,2983.0,2013-05-13 23:45:00,False,,1.2857,,True,2985.75,2013-05-13 21:21:00,0.0
NQ,2013-05-14,Tuesday,ODR,2985.25,2976.25,9.0,2985.25,2976.25,9.0,True,SHORT,2013-05-14 04:00:00,2976.0,True,True,False,0.0,0.5556,0.5556,2971.25,2013-05-14 06:35:00,0.9167,2984.5,2013-05-14 08:15:00,True,2013-05-14 06:35:00,0.0556,0.9167,True,2976.25,2013-05-14 04:05:00,0.0
NQ,2013-05-14,Tuesday,RDR,2994.75,2979.75,15.0,2995.5,2979.5,16.0,True,LONG,2013-05-14 10:30:00,2996.25,True,True,True,0.6667,0.0,0.6667,3004.75,2013-05-14 12:21:00,0.6667,2984.75,2013-05-14 15:00:00,True,2013-05-14 11:01:00,0.0,0.6667,True,2992.25,2013-05-14 13:53:00,0.1667
NQ,2013-05-15,Wednesday,ADR,2995.25,2993.75,1.5,2995.25,2993.75,1.5,True,SHORT,2013-05-14 20:40:00,2993.5,False,True,False,1.8333,0.8333,0.8333,2992.5,2013-05-14 21:22:00,2.8333,2998.0,2013-05-15 01:25:00,True,2013-05-14 20:49:00,0.0,2.8333,True,2993.75,2013-05-14 21:34:00,0.0
NQ,2013-05-15,Wednesday,ODR,2995.75,2991.75,4.0,2996.5,2991.5,5.0,True,SHORT,2013-05-15 05:00:00,2991.25,False,True,False,0.25,0.1875,0.1875,2991.0,2013-05-15 05:05:00,1.25,2996.75,2013-05-15 06:40:00,False,,0.0,,True,2991.75,2013-05-15 05:20:00,0.0
NQ,2013-05-15,Wednesday,RDR,2997.75,2989.75,8.0,3000.25,2988.25,12.0,True,LONG,2013-05-15 11:00:00,3002.25,False,True,True,0.8125,0.9062,0.8125,3004.25,2013-05-15 11:15:00,1.9062,2982.5,2013-05-15 14:47:00,True,2013-05-15 11:05:00,0.0,1.9062,True,2997.5,2013-05-15 13:12:00,0.0312
NQ,2013-05-16,Thursday,ADR,3008.0,3004.75,3.25,3008.0,3004.0,4.0,True,SHORT,2013-05-15 20:30:00,3003.75,True,True,True,0.0,0.7692,0.7692,3002.25,2013-05-16 01:25:00,0.3846,3006.0,2013-05-15 20:59:00,True,2013-05-15 21:28:00,0.3846,0.3846,True,3004.75,2013-05-15 20:45:00,0.0
NQ,2013-05-16,Thursday,ODR,3002.5,2998.0,4.5,3003.25,2996.5,6.75,True,SHORT,2013-05-16 04:25:00,2996.0,False,True,False,1.7222,0.5,0.3889,2996.25,2013-05-16 04:30:00,2.7222,3010.25,2013-05-16 08:27:00,False,,0.0,,True,2998.0,2013-05-16 04:35:00,0.0
NQ,2013-05-16,Thursday,RDR,3012.13,3003.75,8.38000000000011,3014.0,3001.25,12.75,True,LONG,2013-05-16 11:35:00,3015.25,False,True,False,0.79,0.8652,0.79,3018.75,2013-05-16 14:13:00,1.8652,2996.5,2013-05-16 15:49:00,True,2013-05-16 14:13:00,0.6718,1.8652,True,3012.0,2013-05-16 12:02:00,0.0155
NQ,2013-05-17,Friday,ODR,3004.0,3000.25,3.75,3004.75,3000.0,4.75,True,SHORT,2013-05-17 04:20:00,2999.75,False,True,False,1.0,0.4,0.4,2998.75,2013-05-17 04:34:00,2.0,3007.75,2013-05-17 08:08:00,False,,0.0,,True,3000.5,2013-05-17 04:42:00,0.0667
NQ,2013-05-17,Friday,RDR,3015.25,3005.0,10.25,3019.25,3003.75,15.5,True,LONG,2013-05-17 14:55:00,3021.25,True,False,,1.2683,0.0244,1.2683,3028.25,2013-05-17 15:59:00,0.0,3018.5,2013-05-17 15:11:00,True,2013-05-17 15:00:00,0.0,0.0,False,,,
NQ,2013-05-20,Monday,ADR,3023.0,3019.25,3.75,3023.0,3018.75,4.25,True,LONG,2013-05-19 21:40:00,3023.5,True,True,False,0.3333,0.0,0.3333,3024.25,2013-05-19 21:51:00,0.9333,3019.5,2013-05-19 23:40:00,False,,0.0,,True,3023.0,2013-05-19 22:00:00,0.0
NQ,2013-05-20,Monday,ODR,3021.0,3018.0,3.0,3021.25,3018.0,3.25,True,LONG,2013-05-20 06:15:00,3021.5,False,True,False,0.4167,0.75,0.4167,3022.25,2013-05-20 07:09:00,1.75,3015.75,2013-05-20 08:26:00,False,,0.25,,True,3021.0,2013-05-20 06:20:00,0.0
NQ,2013-05-20,Monday,RDR,3029.75,3018.25,11.5,3030.25,3017.75,12.5,True,LONG,2013-05-20 11:40:00,3030.5,False,True,False,0.1739,0.7174,0.1739,3031.75,2013-05-20 11:51:00,1.7174,3010.0,2013-05-20 14:03:00,False,,0.0,,True,3029.75,2013-05-20 11:46:00,0.0
NQ,2013-05-21,Tuesday,ADR,3019.75,3018.5,1.25,3019.75,3018.5,1.25,True,LONG,2013-05-20 22:00:00,3020.75,True,True,True,1.4,0.2,1.4,3021.5,2013-05-21 01:44:00,0.2,3019.5,2013-05-20 23:08:00,True,2013-05-20 22:05:00,0.2,0.2,True,3019.75,2013-05-20 22:54:00,0.0
NQ,2013-05-21,Tuesday,ODR,3025.0,3019.0,6.0,3025.25,3019.0,6.25,True,SHORT,2013-05-21 05:00:00,3018.5,True,True,False,0.0417,0.5,0.5,3016.0,2013-05-21 05:48:00,0.7083,3023.25,2013-05-21 08:26:00,True,2013-05-21 05:48:00,0.125,0.7083,True,3019.0,2013-05-21 05:06:00,0.0
NQ,2013-05-21,Tuesday,RDR,3025.5,3011.5,14.0,3027.25,3011.0,16.25,True,LONG,2013-05-21 12:25:00,3028.25,True,True,True,0.7857,0.0893,0.7857,3036.5,2013-05-21 14:19:00,0.0357,3025.0,2013-05-21 12:41:00,True,2013-05-21 13:06:00,0.0357,0.0,True,3025.5,2013-05-21 12:40:00,0.0
NQ,2013-05-22,Wednesday,ODR,3027.25,3023.75,3.5,3027.25,3022.75,4.5,True,LONG,2013-05-22 04:05:00,3027.5,False,True,True,1.5714,0.2857,1.5714,3032.75,2013-05-22 08:22:00,1.2857,3022.75,2013-05-22 05:34:00,True,2013-05-22 08:04:00,1.2857,0.0,True,3027.0,2013-05-22 04:10:00,0.0714
NQ,2013-05-22,Wednesday,RDR,3050.75,3025.25,25.5,3053.25,3024.25,29.0,True,SHORT,2013-05-22 13:25:00,3023.75,True,False,,0.049,1.6275,1.6275,2983.75,2013-05-22 15:32:00,0.0,3023.5,2013-05-22 13:30:00,True,2013-05-22 13:46:00,0.0,0.0,False,,,
NQ,2013-05-23,Thursday,ADR,3006.5,3003.5,3.0,3007.0,3003.5,3.5,True,SHORT,2013-05-22 20:30:00,3002.5,True,True,True,0.0,5.9167,5.9167,2985.75,2013-05-23 01:59:00,0.0,3003.5,2013-05-22 21:43:00,True,2013-05-22 20:36:00,0.0,0.0,True,3003.5,2013-05-22 21:43:00,0.0
NQ,2013-05-23,Thursday,ODR,2982.5,2969.5,13.0,2982.75,2967.75,15.0,True,SHORT,2013-05-23 04:20:00,2967.25,True,True,False,0.0,0.6346,0.6346,2961.25,2013-05-23 04:35:00,0.8269,2980.25,2013-05-23 07:09:00,True,2013-05-23 04:29:00,0.0,0.8269,True,2969.5,2013-05-23 04:39:00,0.0
NQ,2013-05-23,Thursday,RDR,2991.0,2970.75,20.25,2994.25,2966.75,27.5,True,LONG,2013-05-23 11:20:00,2995.25,True,True,True,0.5556,0.0,0.5556,3002.25,2013-05-23 14:49:00,0.3827,2983.25,2013-05-23 13:48:00,True,2013-05-23 14:49:00,0.3827,0.0741,True,2991.0,2013-05-23 11:27:00,0.0
NQ,2013-05-24,Friday,ADR,3002.25,2996.25,6.0,3003.0,2995.5,7.5,True,SHORT,2013-05-23 23:50:00,2994.25,True,True,True,0.0,1.8333,1.8333,2985.25,2013-05-24 00:44:00,0.0,2996.25,2013-05-24 00:08:00,True,2013-05-24 00:17:00,0.0,0.0,True,2996.25,2013-05-24 00:08:00,0.0
NQ,2013-05-24,Friday,ODR,2995.75,2987.0,8.75,2996.75,2986.5,10.25,True,LONG,2013-05-24 04:25:00,2999.0,False,True,False,0.4286,1.7143,0.4286,2999.5,2013-05-24 04:30:00,2.7143,2972.0,2013-05-24 07:16:00,False,,0.0,,True,2995.0,2013-05-24 04:54:00,0.0857
NQ,2013-05-24,Friday,RDR,2976.5,2966.25,10.25,2979.75,2963.5,16.25,True,LONG,2013-05-24 11:40:00,2980.25,True,False,,1.3659,0.0,1.3659,2990.5,2013-05-24 15:59:00,0.0,2977.25,2013-05-24 12:37:00,True,2013-05-24 11:55:00,0.0,0.0,False,,,
NQ,2013-05-27,Monday,ADR,3002.5,2995.0,7.5,3002.75,2994.5,8.25,True,SHORT,2013-05-26 20:30:00,2992.75,True,True,False,0.0,0.9667,0.9667,2987.75,2013-05-26 21:00:00,0.5,2998.75,2013-05-27 01:31:00,True,2013-05-26 20:36:00,0.0,0.5,True,2995.25,2013-05-26 21:28:00,0.0333
NQ,2013-05-27,Monday,ODR,2998.5,2993.0,5.5,2999.25,2992.0,7.25,True,SHORT,2013-05-27 05:40:00,2990.5,True,False,,0.0,1.4545,1.4545,2985.0,2013-05-27 05:51:00,0.0,2992.75,2013-05-27 07:56:00,True,2013-05-27 05:46:00,0.0,0.0,False,,,
NQ,2013-05-27,Monday,RDR,2997.75,2993.75,4.0,2998.0,2993.75,4.25,True,LONG,2013-05-27 10:40:00,2999.0,True,False,,1.1875,0.0,1.1875,3002.5,2013-05-27 11:17:00,0.0,2998.75,2013-05-27 10:45:00,True,2013-05-27 10:50:00,0.0,0.0,False,,,
NQ,2013-05-28,Tuesday,ADR,3005.75,2998.5,7.25,3006.5,2998.25,8.25,True,LONG,2013-05-27 21:00:00,3007.5,True,True,True,0.4828,0.0,0.4828,3009.25,2013-05-27 21:34:00,0.1034,3005.0,2013-05-27 22:46:00,False,,0.0,,True,3005.75,2013-05-27 21:18:00,0.0
NQ,2013-05-28,Tuesday,ODR,3021.75,3009.5,12.25,3023.5,3009.0,14.5,False,,,,,,,0.0612,0.0,,,,,,,False,,,,False,,,
NQ,2013-05-28,Tuesday,RDR,3036.25,3022.75,13.5,3036.75,3019.75,17.0,True,SHORT,2013-05-28 11:55:00,3019.0,True,False,,0.0,1.6296,1.6296,3000.75,2013-05-28 14:03:00,0.0,3022.0,2013-05-28 12:13:00,True,2013-05-28 12:30:00,0.0,0.0,False,,,
NQ,2013-05-29,Wednesday,ADR,3006.25,3002.25,4.0,3006.5,3002.0,4.5,True,SHORT,2013-05-28 20:35:00,3001.5,False,True,True,0.5625,1.0,1.0,2998.25,2013-05-29 01:57:00,1.5625,3008.5,2013-05-29 00:51:00,True,2013-05-28 20:40:00,1.5625,1.5625,True,3002.75,2013-05-28 20:57:00,0.125
NQ,2013-05-29,Wednesday,ODR,2996.25,2989.5,6.75,2996.25,2989.5,6.75,True,LONG,2013-05-29 05:50:00,2997.25,False,True,False,0.1852,0.9259,0.1852,2997.5,2013-05-29 06:00:00,1.9259,2983.25,2013-05-29 07:08:00,False,,0.0,,True,2995.75,2013-05-29 06:04:00,0.0741
NQ,2013-05-29,Wednesday,RDR,2999.25,2988.75,10.5,3000.5,2986.75,13.75,True,SHORT,2013-05-29 10:40:00,2984.75,False,True,False,0.6667,1.0,1.0,2978.25,2013-05-29 11:09:00,1.6667,3006.25,2013-05-29 14:15:00,True,2013-05-29 10:45:00,0.0,1.6667,True,2989.5,2013-05-29 11:27:00,0.0714
NQ,2013-05-30,Thursday,ADR,2994.0,2991.25,2.75,2994.5,2991.13,3.369999999999891,True,LONG,2013-05-29 20:40:00,2995.0,False,True,False,2.0909,2.2727,2.0909,2999.75,2013-05-29 21:25:00,3.2727,2985.0,2013-05-30 01:53:00,True,2013-05-29 20:45:00,0.0,3.2727,True,2994.0,2013-05-29 23:12:00,0.0
NQ,2013-05-30,Thursday,ODR,2991.0,2985.0,6.0,2993.25,2983.5,9.75,True,LONG,2013-05-30 06:25:00,2993.75,True,False,,2.625,0.0,2.625,3006.75,2013-05-30 07:20:00,0.0,2993.75,2013-05-30 06:30:00,True,2013-05-30 06:30:00,0.0,0.0,False,,,
NQ,2013-05-30,Thursday,RDR,3013.5,2996.75,16.75,3015.75,2996.75,19.0,True,LONG,2013-05-30 10:55:00,3017.0,True,True,False,0.7015,0.0,0.7015,3025.25,2013-05-30 14:57:00,0.1493,3011.0,2013-05-30 15:59:00,True,2013-05-30 13:32:00,0.1194,0.1493,True,3013.5,2013-05-30 11:08:00,0.0
NQ,2013-05-31,Friday,ADR,3012.75,3007.75,5.0,3013.0,3007.75,5.25,True,LONG,2013-05-30 20:50:00,3013.25,True,True,False,0.3,0.0,0.3,3014.25,2013-05-30 21:06:00,0.5,3010.25,2013-05-30 22:20:00,False,,0.05,,True,3012.5,2013-05-30 20:58:00,0.05
NQ,2013-05-31,Friday,ODR,3010.25,2990.75,19.5,3010.25,2990.75,19.5,True,SHORT,2013-05-31 04:30:00,2990.0,True,True,False,0.0,0.2692,0.2692,2985.5,2013-05-31 05:52:00,0.4615,2999.75,2013-05-31 07:47:00,False,,0.1282,,True,2991.0,2013-05-31 04:35:00,0.0128
NQ,2013-05-31,Friday,RDR,3012.25,2999.5,12.75,3013.75,2996.25,17.5,True,LONG,2013-05-31 11:05:00,3018.25,False,True,False,0.8039,1.451,0.8039,3022.5,2013-05-31 11:17:00,2.451,2981.0,2013-05-31 15:59:00,True,2013-05-31 11:10:00,0.0,2.451,True,3011.5,2013-05-31 12:16:00,0.0588
NQ,2013-06-03,Monday,ADR,2985.75,2980.0,5.75,2986.0,2979.75,6.25,True,LONG,2013-06-02 21:05:00,2986.25,True,True,True,0.6957,0.0,0.6957,2989.75,2013-06-02 22:11:00,0.2174,2984.5,2013-06-02 21:55:00,True,2013-06-02 21:16:00,0.2174,0.2174,True,2985.75,2013-06-02 21:12:00,0.0
NQ,2013-06-03,Monday,ODR,2988.75,2977.5,11.25,2989.25,2977.5,11.75,True,SHORT,2013-06-03 04:10:00,2974.0,False,True,False,0.5333,0.4,0.3556,2973.5,2013-06-03 04:15:00,1.5333,2994.75,2013-06-03 07:23:00,False,,0.0,,True,2977.5,2013-06-03 04:17:00,0.0
NQ,2013-06-03,Monday,RDR,2985.5,2972.25,13.25,2986.25,2969.0,17.25,True,SHORT,2013-06-03 10:40:00,2967.5,False,True,False,0.3019,1.6792,1.6792,2950.0,2013-06-03 11:40:00,1.3019,2989.5,2013-06-03 15:59:00,True,2013-06-03 10:48:00,0.0,1.3019,True,2972.25,2013-06-03 14:06:00,0.0
NQ,2013-06-04,Tuesday,ADR,2987.0,2984.0,3.0,2987.25,2984.0,3.25,True,SHORT,2013-06-03 20:30:00,2983.75,False,True,False,0.5,1.0833,1.0833,2980.75,2013-06-03 23:09:00,1.5,2988.5,2013-06-04 01:44:00,True,2013-06-03 20:46:00,0.3333,1.5,True,2984.25,2013-06-03 20:36:00,0.0833
NQ,2013-06-04,Tuesday,ODR,2990.75,2986.25,4.5,2991.25,2985.25,6.0,True,SHORT,2013-06-04 04:55:00,2984.25,False,True,False,0.4444,0.5,0.5,2984.0,2013-06-04 05:41:00,1.4444,2992.75,2013-06-04 08:29:00,True,2013-06-04 05:41:00,0.1111,1.4444,True,2986.5,2013-06-04 05:04:00,0.0556
NQ,2013-06-04,Tuesday,RDR,3003.0,2994.5,8.5,3003.75,2990.75,13.0,True,LONG,2013-06-04 10:30:00,3006.25,False,True,False,0.4412,3.9706,0.4118,3006.5,2013-06-04 10:35:00,4.9706,2960.75,2013-06-04 14:12:00,False,,0.0,,True,3003.0,2013-06-04 10:51:00,0.0
NQ,2013-06-05,Wednesday,ADR,2973.75,2971.75,2.0,2974.0,2971.5,2.5,True,LONG,2013-06-04 20:30:00,2974.25,False,True,False,1.875,3.125,1.875,2977.5,2013-06-04 23:33:00,4.125,2965.5,2013-06-05 01:59:00,True,2013-06-04 20:41:00,0.875,4.125,True,2973.75,2013-06-04 20:36:00,0.0
NQ,2013-06-05,Wednesday,ODR,2974.0,2966.5,7.5,2975.5,2965.0,10.5,True,SHORT,2013-06-05 06:20:00,2963.75,True,True,True,0.0667,0.8333,0.8333,2960.25,2013-06-05 08:27:00,0.0667,2967.0,2013-06-05 07:07:00,True,2013-06-05 06:30:00,0.0667,0.0667,True,2967.0,2013-06-05 07:07:00,0.0667
NQ,2013-06-05,Wednesday,RDR,2973.5,2957.25,16.25,2974.5,2956.75,17.75,True,SHORT,2013-06-05 10:45:00,2953.25,True,False,,0.0,1.5692,1.5692,2931.75,2013-06-05 14:30:00,0.0,2955.5,2013-06-05 10:54:00,True,2013-06-05 11:03:00,0.0,0.0,False,,,
NQ,2013-06-06,Thursday,ADR,2943.0,2940.38,2.619999999999891,2943.5,2940.25,3.25,True,LONG,2013-06-05 21:05:00,2943.75,True,True,False,0.6679,0.0,0.6679,2944.75,2013-06-06 01:30:00,0.7634,2941.0,2013-06-06 00:23:00,True,2013-06-06 01:05:00,0.7634,0.3817,True,2943.0,2013-06-05 21:16:00,0.0
NQ,2013-06-06,Thursday,ODR,2945.5,2943.75,1.75,2945.75,2942.5,3.25,True,LONG,2013-06-06 07:40:00,2946.0,True,True,True,2.5714,0.5714,2.5714,2950.0,2013-06-06 08:06:00,0.7143,2944.25,2013-06-06 07:45:00,True,2013-06-06 07:48:00,0.7143,0.0,True,2944.25,2013-06-06 07:45:00,0.7143
NQ,2013-06-06,Thursday,RDR,2947.0,2934.0,13.0,2948.0,2932.25,15.75,True,SHORT,2013-06-06 11:55:00,2927.25,False,True,False,0.0962,1.8269,1.8269,2910.25,2013-06-06 12:58:00,1.0962,2948.25,2013-06-06 15:59:00,True,2013-06-06 12:00:00,0.0,1.0962,True,2935.25,2013-06-06 14:27:00,0.0962
NQ,2013-06-07,Friday,ADR,2950.25,2947.0,3.25,2950.75,2947.0,3.75,True,LONG,2013-06-06 20:35:00,2951.25,False,True,False,0.5385,0.6154,0.5385,2952.0,2013-06-06 21:35:00,1.6154,2945.0,2013-06-07 00:19:00,True,2013-06-06 21:35:00,0.3846,1.6154,True,2950.0,2013-06-06 21:14:00,0.0769
NQ,2013-06-07,Friday,ODR,2948.0,2945.0,3.0,2949.0,2943.75,5.25,True,LONG,2013-06-07 04:00:00,2949.25,False,True,True,2.1267,1.0,2.1267,2954.38,2013-06-07 08:29:00,2.0,2942.0,2013-06-07 06:27:00,True,2013-06-07 04:07:00,2.0,2.0,True,2947.25,2013-06-07 04:05:00,0.25
NQ,2013-06-07,Friday,RDR,2975.0,2954.5,20.5,2978.5,2952.75,25.75,True,LONG,2013-06-07 11:15:00,2979.0,True,True,True,0.8171,0.0,0.8171,2991.75,2013-06-07 15:55:00,0.0732,2973.5,2013-06-07 14:26:00,True,2013-06-07 15:17:00,0.0732,0.0,True,2975.0,2013-06-07 12:46:00,0.0
NQ,2013-06-10,Monday,ADR,2983.5,2979.75,3.75,2983.75,2979.25,4.5,True,LONG,2013-06-09 21:15:00,2984.25,True,False,,1.4667,0.0,1.4667,2989.0,2013-06-09 22:17:00,0.0,2984.25,2013-06-09 21:20:00,True,2013-06-09 21:23:00,0.0,0.0,False,,,
NQ,2013-06-10,Monday,ODR,2991.25,2988.0,3.25,2992.5,2987.75,4.75,True,LONG,2013-06-10 04:05:00,2993.5,False,True,False,0.8462,0.6154,0.8462,2994.0,2013-06-10 04:11:00,1.6154,2986.0,2013-06-10 08:27:00,True,2013-06-10 04:10:00,0.0,1.6154,True,2990.5,2013-06-10 04:13:00,0.2308
NQ,2013-06-10,Monday,RDR,2994.75,2987.5,7.25,2995.25,2986.25,9.0,True,LONG,2013-06-10 10:35:00,2998.25,False,True,False,1.2759,0.5517,1.2759,3004.0,2013-06-10 12:06:00,1.5517,2983.5,2013-06-10 14:12:00,True,2013-06-10 10:41:00,0.0,1.5517,True,2994.25,2013-06-10 12:51:00,0.069
NQ,2013-06-11,Tuesday,ADR,2987.0,2985.0,2.0,2987.0,2985.0,2.0,True,LONG,2013-06-10 20:55:00,2987.25,False,True,False,0.625,1.375,0.625,2988.25,2013-06-10 21:25:00,2.375,2982.25,2013-06-10 23:13:00,True,2013-06-10 21:23:00,0.375,2.375,True,2987.0,2013-06-10 21:02:00,0.0
NQ,2013-06-11,Tuesday,ODR,2984.5,2979.5,5.0,2984.75,2978.75,6.0,True,SHORT,2013-06-11 04:30:00,2978.0,True,True,True,0.0,4.4,4.4,2957.5,2013-06-11 07:31:00,0.2,2980.5,2013-06-11 04:55:00,True,2013-06-11 05:17:00,0.2,0.0,True,2979.75,2013-06-11 04:44:00,0.05
NQ,2013-06-11,Tuesday,RDR,2968.75,2953.5,15.25,2969.75,2949.75,20.0,True,LONG,2013-06-11 10:30:00,2972.0,True,True,False,1.1803,0.0,1.1803,2986.75,2013-06-11 11:31:00,0.7049,2958.0,2013-06-11 15:46:00,True,2013-06-11 10:57:00,0.0,0.7049,True,2968.25,2013-06-11 13:33:00,0.0328
NQ,2013-06-12,Wednesday,ADR,2968.5,2965.25,3.25,2969.25,2965.25,4.0,True,LONG,2013-06-11 21:40:00,2969.5,True,True,True,1.2308,0.0,1.2308,2972.5,2013-06-12 01:41:00,0.3077,2967.5,2013-06-11 21:57:00,True,2013-06-11 21:49:00,0.3077,0.3077,True,2968.5,2013-06-11 21:52:00,0.0
NQ,2013-06-12,Wednesday,ODR,2978.25,2971.25,7.0,2979.25,2971.25,8.0,True,SHORT,2013-06-12 04:15:00,2968.5,True,True,False,0.1429,0.5357,0.4286,2968.25,2013-06-12 04:20:00,1.1429,2979.25,2013-06-12 05:17:00,False,,0.0,,True,2971.75,2013-06-12 04:27:00,0.0714
NQ,2013-06-12,Wednesday,RDR,2978.0,2954.5,23.5,2978.75,2952.5,26.25,True,SHORT,2013-06-12 11:35:00,2951.25,True,False,,0.0,1.4255,1.4255,2921.0,2013-06-12 15:21:00,0.0,2952.0,2013-06-12 11:42:00,True,2013-06-12 11:52:00,0.0,0.0,False,,,
NQ,2013-06-13,Thursday,ADR,2922.75,2920.0,2.75,2923.0,2919.5,3.5,True,SHORT,2013-06-12 21:05:00,2918.0,True,False,,0.0,6.9091,6.9091,2901.0,2013-06-13 01:31:00,0.0,2919.0,2013-06-12 21:21:00,True,2013-06-12 21:10:00,0.0,0.0,False,,,
NQ,2013-06-13,Thursday,ODR,2911.25,2904.5,6.75,2912.5,2902.25,10.25,True,LONG,2013-06-13 06:40:00,2912.75,True,True,True,0.5556,0.5556,0.5556,2915.0,2013-06-13 08:06:00,0.1111,2910.5,2013-06-13 07:36:00,True,2013-06-13 08:01:00,0.1111,0.0,True,2911.25,2013-06-13 07:04:00,0.0
NQ,2013-06-13,Thursday,RDR,2929.5,2917.25,12.25,2930.25,2913.25,17.0,True,LONG,2013-06-13 10:30:00,2933.0,True,True,True,3.2449,0.0,3.2449,2969.25,2013-06-13 15:47:00,0.0612,2928.75,2013-06-13 11:36:00,True,2013-06-13 10:45:00,0.0612,0.0612,True,2929.5,2013-06-13 11:11:00,0.0
NQ,2013-06-14,Friday,ADR,2967.5,2964.75,2.75,2967.5,2964.75,2.75,True,SHORT,2013-06-13 20:50:00,2963.75,True,True,True,0.0,2.4982,2.4982,2957.88,2013-06-13 23:30:00,0.0,2964.75,2013-06-13 20:57:00,True,2013-06-13 20:58:00,0.0,0.0,True,2964.75,2013-06-13 20:57:00,0.0
NQ,2013-06-14,Friday,ODR,2965.5,2959.25,6.25,2965.5,2958.25,7.25,True,LONG,2013-06-14 04:55:00,2965.75,False,True,False,0.24,0.6,0.24,2967.0,2013-06-14 05:13:00,1.6,2955.5,2013-06-14 06:36:00,False,,0.0,,True,2965.5,2013-06-14 05:03:00,0.0
NQ,2013-06-14,Friday,RDR,2965.5,2958.75,6.75,2966.5,2956.5,10.0,True,SHORT,2013-06-14 10:45:00,2952.0,True,False,,0.0,2.963,2.963,2938.75,2013-06-14 13:39:00,0.0,2956.5,2013-06-14 12:40:00,True,2013-06-14 10:50:00,0.0,0.0,False,,,
NQ,2013-06-17,Monday,ADR,2952.63,2946.63,6.0,2953.0,2946.5,6.5,True,LONG,2013-06-16 21:20:00,2953.75,True,True,True,0.645,0.0,0.645,2956.5,2013-06-17 01:54:00,0.1467,2951.75,2013-06-16 23:49:00,True,2013-06-16 23:12:00,0.1467,0.1467,True,2951.75,2013-06-16 23:49:00,0.1467
NQ,2013-06-17,Monday,ODR,2972.88,2962.75,10.13000000000011,2973.25,2961.5,11.75,True,LONG,2013-06-17 05:30:00,2973.5,True,True,False,0.1106,0.0,0.1106,2974.0,2013-06-17 06:23:00,0.8519,2964.25,2013-06-17 08:14:00,False,,0.1609,,True,2971.75,2013-06-17 05:38:00,0.1115
NQ,2013-06-17,Monday,RDR,2982.75,2966.75,16.0,2983.75,2966.5,17.25,True,LONG,2013-06-17 11:00:00,2984.75,False,True,False,0.4062,0.6562,0.4062,2989.25,2013-06-17 11:11:00,1.6562,2956.25,2013-06-17 14:56:00,False,,0.0,,True,2982.5,2013-06-17 11:48:00,0.0156
NQ,2013-06-18,Tuesday,ADR,2974.0,2971.75,2.25,2974.0,2971.38,2.619999999999891,True,SHORT,2013-06-17 21:50:00,2971.25,False,True,False,0.8356,0.4978,0.4978,2970.63,2013-06-17 23:01:00,1.8356,2975.88,2013-06-18 01:58:00,False,,0.5556,,True,2972.0,2013-06-17 21:56:00,0.1111
NQ,2013-06-18,Tuesday,ODR,2980.5,2972.0,8.5,2980.75,2970.75,10.0,False,,,,,,,0.0741,0.0,,,,,,,False,,,,False,,,
NQ,2013-06-18,Tuesday,RDR,2987.5,2975.5,12.0,2988.25,2975.0,13.25,True,LONG,2013-06-18 10:30:00,2990.0,True,False,,1.2292,0.0,1.2292,3002.25,2013-06-18 14:48:00,0.0,2990.0,2013-06-18 10:35:00,True,2013-06-18 10:40:00,0.0,0.0,False,,,
NQ,2013-06-19,Wednesday,ADR,2997.38,2995.5,1.8800000000001091,2997.38,2995.25,2.130000000000109,True,SHORT,2013-06-18 21:00:00,2994.75,False,True,False,0.3298,2.1277,2.1277,2991.5,2013-06-19 00:13:00,1.3298,2998.0,2013-06-19 01:59:00,True,2013-06-18 21:07:00,0.5319,1.3298,True,2996.0,2013-06-18 21:40:00,0.266
NQ,2013-06-19,Wednesday,ODR,3001.25,2992.5,8.75,3001.75,2991.25,10.5,True,LONG,2013-06-19 04:45:00,3003.0,True,True,False,0.2286,0.0857,0.2286,3003.25,2013-06-19 04:50:00,0.8137,2994.13,2013-06-19 07:46:00,False,,0.0,,True,3001.0,2013-06-19 04:54:00,0.0286
NQ,2013-06-19,Wednesday,RDR,2998.5,2992.0,6.5,3000.5,2990.25,10.25,True,SHORT,2013-06-19 12:55:00,2990.13,True,True,True,0.2308,5.0,5.0,2959.5,2013-06-19 15:52:00,0.8277,2997.38,2013-06-19 14:16:00,True,2013-06-19 14:00:00,0.8277,0.8277,True,2992.0,2013-06-19 13:11:00,0.0
NQ,2013-06-20,Thursday,ADR,2960.25,2951.25,9.0,2960.5,2951.13,9.36999999999989,True,SHORT,2013-06-19 21:30:00,2950.75,True,True,True,0.0,0.7911,0.7911,2944.13,2013-06-19 21:46:00,0.1111,2952.25,2013-06-19 21:38:00,True,2013-06-19 21:45:00,0.1111,0.0,True,2951.25,2013-06-19 21:36:00,0.0
NQ,2013-06-20,Thursday,ODR,2951.5,2946.25,5.25,2952.38,2944.0,8.38000000000011,True,SHORT,2013-06-20 04:05:00,2941.13,True,False,,0.0,3.5238,3.5238,2927.75,2013-06-20 06:05:00,0.0,2943.63,2013-06-20 05:14:00,True,2013-06-20 04:10:00,0.0,0.0,False,,,
NQ,2013-06-20,Thursday,RDR,2937.13,2921.0,16.13000000000011,2937.38,2921.0,16.38000000000011,True,SHORT,2013-06-20 10:30:00,2918.63,True,True,True,0.0,2.4098,2.4098,2882.13,2013-06-20 15:47:00,0.403,2927.5,2013-06-20 10:52:00,True,2013-06-20 11:08:00,0.403,0.093,True,2922.38,2013-06-20 10:36:00,0.0856
NQ,2013-06-21,Friday,ADR,2887.0,2883.88,3.119999999999891,2887.63,2883.25,4.380000000000109,True,LONG,2013-06-20 21:45:00,2887.75,True,False,,3.3654,0.0,3.3654,2897.5,2013-06-21 01:29:00,0.0,2887.63,2013-06-20 21:52:00,True,2013-06-20 21:58:00,0.0,0.0,False,,,
NQ,2013-06-21,Friday,ODR,2899.0,2895.38,3.619999999999891,2899.75,2895.25,4.5,True,SHORT,2013-06-21 04:15:00,2894.38,False,True,False,1.9337,0.4503,0.4503,2893.75,2013-06-21 04:20:00,2.9337,2906.0,2013-06-21 05:56:00,False,,0.0,,True,2897.25,2013-06-21 04:24:00,0.5166
NQ,2013-06-24,Monday,ADR,2870.25,2863.75,6.5,2870.5,2862.25,8.25,True,SHORT,2013-06-23 20:50:00,2861.75,True,False,,0.0,2.1154,2.1154,2850.0,2013-06-23 23:22:00,0.0,2862.0,2013-06-23 20:55:00,True,2013-06-23 20:59:00,0.0,0.0,False,,,
NQ,2013-06-24,Monday,ODR,2861.0,2849.0,12.0,2861.75,2849.0,12.75,True,SHORT,2013-06-24 04:30:00,2846.75,True,True,True,0.0,0.8542,0.8542,2838.75,2013-06-24 07:36:00,0.625,2856.5,2013-06-24 05:46:00,True,2013-06-24 07:21:00,0.625,0.0,True,2849.5,2013-06-24 04:41:00,0.0417
NQ,2013-06-24,Monday,RDR,2846.75,2826.0,20.75,2849.0,2819.75,29.25,True,SHORT,2013-06-24 11:25:00,2818.5,False,True,False,0.8072,0.3855,0.3614,2818.5,2013-06-24 11:30:00,1.8072,2863.5,2013-06-24 14:51:00,False,,0.0,,True,2826.0,2013-06-24 11:33:00,0.0
NQ,2013-06-25,Tuesday,ADR,2851.5,2847.38,4.119999999999891,2852.25,2846.75,5.5,True,LONG,2013-06-24 21:00:00,2852.5,False,True,False,1.3956,4.0971,1.3956,2857.25,2013-06-24 22:04:00,5.0971,2830.5,2013-06-25 01:05:00,True,2013-06-24 21:18:00,0.3641,5.0971,True,2851.5,2013-06-24 21:12:00,0.0
NQ,2013-06-25,Tuesday,ODR,2859.5,2850.0,9.5,2859.5,2848.0,11.5,True,LONG,2013-06-25 04:30:00,2860.25,True,True,True,0.7895,0.0,0.7895,2867.0,2013-06-25 07:52:00,0.5,2854.75,2013-06-25 06:50:00,True,2013-06-25 05:46:00,0.5,0.5,True,2859.0,2013-06-25 04:49:00,0.0526
NQ,2013-06-25,Tuesday,RDR,2871.75,2845.75,26.0,2873.5,2844.25,29.25,False,,,,,,,0.0,0.0096,,,,,,,False,,,,False,,,
NQ,2013-06-26,Wednesday,ADR,2854.5,2848.5,6.0,2855.0,2847.75,7.25,True,LONG,2013-06-25 20:35:00,2856.5,False,True,False,0.4167,0.4583,0.4167,2857.0,2013-06-25 20:40:00,1.4583,2845.75,2013-06-25 22:56:00,False,,0.0,,True,2853.5,2013-06-25 21:07:00,0.1667
NQ,2013-06-26,Wednesday,ODR,2864.0,2853.0,11.0,2864.25,2851.25,13.0,True,LONG,2013-06-26 04:00:00,2864.5,True,True,True,1.4773,0.0,1.4773,2880.25,2013-06-26 07:58:00,0.0227,2863.75,2013-06-26 04:06:00,True,2013-06-26 04:31:00,0.0227,0.0,True,2863.75,2013-06-26 04:06:00,0.0227
NQ,2013-06-26,Wednesday,RDR,2888.75,2879.5,9.25,2890.5,2876.75,13.75,True,LONG,2013-06-26 15:15:00,2891.5,True,True,False,0.4324,0.3784,0.4324,2892.75,2013-06-26 15:40:00,0.2973,2886.0,2013-06-26 15:59:00,False,,0.0,,True,2888.75,2013-06-26 15:42:00,0.0
NQ,2013-06-27,Thursday,ADR,2885.25,2882.5,2.75,2885.75,2882.5,3.25,True,LONG,2013-06-26 21:20:00,2886.0,True,True,True,3.1818,0.0,3.1818,2894.0,2013-06-26 22:22:00,0.5455,2883.75,2013-06-26 23:59:00,True,2013-06-26 21:26:00,0.0,0.5455,True,2885.25,2013-06-26 23:55:00,0.0
NQ,2013-06-27,Thursday,ODR,2887.5,2882.75,4.75,2889.5,2882.25,7.25,True,LONG,2013-06-27 05:55:00,2889.75,True,True,True,2.2105,0.0,2.2105,2898.0,2013-06-27 07:53:00,0.3158,2886.0,2013-06-27 07:01:00,True,2013-06-27 06:13:00,0.3158,0.3158,True,2887.5,2013-06-27 06:49:00,0.0
NQ,2013-06-27,Thursday,RDR,2914.5,2901.75,12.75,2915.5,2901.5,14.0,True,LONG,2013-06-27 10:30:00,2916.0,False,True,False,0.2745,0.2745,0.1765,2916.75,2013-06-27 10:35:00,1.2745,2898.25,2013-06-27 14:45:00,False,,0.0,,True,2913.75,2013-06-27 10:37:00,0.0588
NQ,2013-06-28,Friday,ADR,2901.0,2898.5,2.5,2901.25,2898.25,3.0,True,LONG,2013-06-27 21:45:00,2901.75,True,True,True,2.8,0.0,2.8,2908.0,2013-06-28 01:34:00,0.0,2901.0,2013-06-27 21:56:00,True,2013-06-27 21:53:00,0.0,0.0,True,2901.0,2013-06-27 21:56:00,0.0
NQ,2013-06-28,Friday,ODR,2911.75,2907.75,4.0,2912.75,2906.5,6.25,True,SHORT,2013-06-28 06:15:00,2906.25,True,True,True,0.0,2.6875,2.6875,2897.0,2013-06-28 08:22:00,0.0,2907.75,2013-06-28 07:59:00,True,2013-06-28 06:20:00,0.0,0.0,True,2907.75,2013-06-28 07:59:00,0.0
NQ,2013-06-28,Friday,RDR,2897.5,2888.5,9.0,2900.5,2884.5,16.0,True,LONG,2013-06-28 10:35:00,2902.0,True,False,,2.6944,0.0,2.6944,2921.75,2013-06-28 15:41:00,0.0,2897.75,2013-06-28 12:21:00,True,2013-06-28 10:40:00,0.0,0.0,False,,,
NQ,2013-07-01,Monday,ADR,2904.0,2898.5,5.5,2904.0,2897.75,6.25,True,SHORT,2013-06-30 20:45:00,2896.25,False,True,False,0.3182,0.8182,0.8182,2894.0,2013-06-30 20:56:00,1.3182,2905.75,2013-07-01 01:55:00,True,2013-06-30 20:53:00,0.0,1.3182,True,2898.5,2013-06-30 21:04:00,0.0
NQ,2013-07-01,Monday,ODR,2927.5,2918.0,9.5,2927.75,2918.0,9.75,True,SHORT,2013-07-01 04:10:00,2913.5,True,True,False,0.0,0.7632,0.7632,2910.75,2013-07-01 04:15:00,0.8421,2926.0,2013-07-01 05:40:00,True,2013-07-01 04:15:00,0.0,0.8421,True,2918.25,2013-07-01 05:26:00,0.0263
NQ,2013-07-01,Monday,RDR,2944.0,2924.0,20.0,2946.5,2924.0,22.5,True,SHORT,2013-07-01 15:35:00,2922.25,True,True,True,0.0,0.2625,0.2625,2918.75,2013-07-01 15:52:00,0.0,2924.0,2013-07-01 15:58:00,False,,0.0,,True,2924.0,2013-07-01 15:58:00,0.0
NQ,2013-07-02,Tuesday,ADR,2923.75,2919.5,4.25,2923.75,2919.5,4.25,True,LONG,2013-07-01 20:45:00,2924.0,True,True,True,0.9412,0.0,0.9412,2927.75,2013-07-02 01:40:00,0.5882,2921.25,2013-07-01 23:30:00,True,2013-07-01 21:21:00,0.5882,0.5882,True,2923.75,2013-07-01 20:50:00,0.0
NQ,2013-07-02,Tuesday,ODR,2933.5,2925.25,8.25,2933.75,2924.25,9.5,True,SHORT,2013-07-02 04:20:00,2923.0,True,True,True,0.0,0.6061,0.6061,2920.25,2013-07-02 08:29:00,0.8788,2932.5,2013-07-02 06:13:00,True,2013-07-02 08:11:00,0.8788,0.0,True,2925.5,2013-07-02 04:31:00,0.0303
NQ,2013-07-02,Tuesday,RDR,2937.75,2921.0,16.75,2939.5,2918.25,21.25,True,LONG,2013-07-02 11:50:00,2940.0,False,True,False,0.194,0.8209,0.1343,2940.0,2013-07-02 11:55:00,1.8209,2907.25,2013-07-02 14:46:00,False,,0.0,,True,2937.75,2013-07-02 12:02:00,0.0
NQ,2013-07-03,Wednesday,ADR,2924.0,2921.25,2.75,2924.0,2921.0,3.0,True,LONG,2013-07-02 21:15:00,2924.5,False,True,False,0.1818,2.5455,0.1818,2924.5,2013-07-02 21:20:00,3.5455,2914.25,2013-07-02 22:56:00,False,,0.0,,True,2924.0,2013-07-02 21:20:00,0.0
NQ,2013-07-03,Wednesday,ODR,2911.75,2898.0,13.75,2912.25,2897.5,14.75,True,LONG,2013-07-03 08:20:00,2912.5,True,False,,0.2182,0.0909,0.2182,2914.75,2013-07-03 08:28:00,0.0,2912.5,2013-07-03 08:25:00,False,,0.0,,False,,,
NQ,2013-07-03,Wednesday,RDR,2930.5,2912.5,18.0,2930.5,2910.0,20.5,True,LONG,2013-07-03 11:10:00,2932.5,True,True,True,1.0139,0.0,1.0139,2948.75,2013-07-03 12:21:00,0.0139,2930.25,2013-07-03 11:24:00,True,2013-07-03 11:55:00,0.0139,0.0,True,2930.25,2013-07-03 11:24:00,0.0139
NQ,2013-07-04,Thursday,ADR,2941.75,2940.0,1.75,2942.25,2940.0,2.25,True,LONG,2013-07-03 22:50:00,2942.5,True,True,True,1.8571,0.0,1.8571,2945.0,2013-07-04 01:44:00,0.1429,2941.5,2013-07-04 01:16:00,True,2013-07-03 22:55:00,0.1429,0.1429,True,2941.75,2013-07-04 01:15:00,0.0
NQ,2013-07-04,Thursday,ODR,2947.25,2943.0,4.25,2948.25,2942.25,6.0,True,LONG,2013-07-04 06:15:00,2948.5,True,False,,1.8235,0.0,1.8235,2955.0,2013-07-04 08:16:00,0.0,2948.0,2013-07-04 06:20:00,True,2013-07-04 06:41:00,0.0,0.0,False,,,
NQ,2013-07-04,Thursday,RDR,2966.38,2962.0,4.380000000000109,2966.75,2961.75,5.0,False,,,,,,,0.0,0.0571,,,,,,,False,,,,False,,,
NQ,2013-07-05,Friday,ADR,2963.75,2962.75,1.0,2964.25,2962.75,1.5,True,SHORT,2013-07-04 20:50:00,2962.25,False,True,False,3.75,0.75,0.75,2962.0,2013-07-04 20:59:00,4.75,2967.5,2013-07-05 01:27:00,True,2013-07-04 20:55:00,0.0,4.75,True,2963.25,2013-07-04 21:01:00,0.5
NQ,2013-07-05,Friday,ODR,2969.25,2964.25,5.0,2969.5,2963.5,6.0,True,SHORT,2013-07-05 05:25:00,2963.25,True,True,True,0.0,1.5,1.5,2956.75,2013-07-05 08:08:00,0.5,2966.75,2013-07-05 06:12:00,True,2013-07-05 07:11:00,0.5,0.0,True,2964.5,2013-07-05 05:30:00,0.05
NQ,2013-07-05,Friday,RDR,2955.0,2929.75,25.25,2957.0,2927.75,29.25,False,,,,,,,0.1287,0.0,,,,,,,False,,,,False,,,
NQ,2013-07-08,Monday,ADR,2969.75,2965.25,4.5,2969.75,2965.13,4.619999999999891,True,SHORT,2013-07-07 21:55:00,2964.25,True,True,True,0.0,0.7778,0.7778,2961.75,2013-07-08 01:36:00,0.7222,2968.5,2013-07-07 23:45:00,True,2013-07-08 01:08:00,0.7222,0.0,True,2965.5,2013-07-07 22:53:00,0.0556
NQ,2013-07-08,Monday,ODR,2971.0,2965.75,5.25,2972.0,2964.5,7.5,True,LONG,2013-07-08 05:10:00,2972.25,True,True,True,1.2857,0.0,1.2857,2977.75,2013-07-08 06:07:00,0.0,2971.0,2013-07-08 05:19:00,True,2013-07-08 05:21:00,0.0,0.0,True,2971.0,2013-07-08 05:19:00,0.0
NQ,2013-07-08,Monday,RDR,2971.5,2966.0,5.5,2974.0,2964.5,9.5,True,SHORT,2013-07-08 10:35:00,2963.25,True,False,,0.0,3.1364,3.1364,2948.75,2013-07-08 12:48:00,0.0,2965.75,2013-07-08 10:42:00,True,2013-07-08 10:40:00,0.0,0.0,False,,,
NQ,2013-07-09,Tuesday,ADR,2962.0,2960.75,1.25,2962.5,2960.5,2.0,True,SHORT,2013-07-08 20:30:00,2959.75,False,True,False,8.0,1.4,1.4,2959.0,2013-07-08 20:46:00,9.0,2972.0,2013-07-09 01:39:00,True,2013-07-08 20:35:00,0.0,9.0,True,2961.0,2013-07-08 20:53:00,0.2
NQ,2013-07-09,Tuesday,ODR,2977.0,2970.63,6.369999999999891,2977.0,2970.0,7.0,True,SHORT,2013-07-09 06:20:00,2969.5,True,False,,0.0,0.7268,0.7268,2966.0,2013-07-09 06:57:00,0.0,2970.25,2013-07-09 06:31:00,True,2013-07-09 06:52:00,0.0,0.0,False,,,
NQ,2013-07-09,Tuesday,RDR,2973.25,2961.0,12.25,2976.25,2960.25,16.0,True,LONG,2013-07-09 11:25:00,2976.75,True,True,True,0.9388,0.0,0.9388,2984.75,2013-07-09 15:26:00,0.0816,2972.25,2013-07-09 13:41:00,True,2013-07-09 12:45:00,0.0816,0.0816,True,2973.25,2013-07-09 12:03:00,0.0
NQ,2013-07-10,Wednesday,ADR,2978.5,2977.0,1.5,2978.5,2976.75,1.75,True,LONG,2013-07-09 21:45:00,2978.75,False,True,False,1.0,3.6667,1.0,2980.0,2013-07-09 21:58:00,4.6667,2971.5,2013-07-10 01:08:00,True,2013-07-09 21:51:00,0.0,4.6667,True,2978.25,2013-07-09 21:59:00,0.1667
NQ,2013-07-10,Wednesday,ODR,2979.75,2975.75,4.0,2980.75,2975.5,5.25,True,SHORT,2013-07-10 04:15:00,2975.25,True,False,,0.0,1.75,1.75,2968.75,2013-07-10 06:51:00,0.0,2975.5,2013-07-10 08:01:00,True,2013-07-10 04:21:00,0.0,0.0,False,,,
NQ,2013-07-10,Wednesday,RDR,2987.0,2973.0,14.0,2988.75,2973.0,15.75,True,LONG,2013-07-10 14:00:00,2996.25,True,True,True,0.875,0.0,0.875,2999.25,2013-07-10 14:22:00,0.25,2983.5,2013-07-10 14:49:00,True,2013-07-10 14:05:00,0.0,0.25,True,2985.25,2013-07-10 14:47:00,0.125
NQ,2013-07-11,Thursday,ADR,3018.5,3016.0,2.5,3018.5,3016.0,2.5,True,LONG,2013-07-10 20:40:00,3019.75,True,False,,3.7,0.0,3.7,3027.75,2013-07-11 01:48:00,0.0,3019.0,2013-07-10 21:55:00,True,2013-07-10 20:45:00,0.0,0.0,False,,,
NQ,2013-07-11,Thursday,ODR,3029.0,3023.0,6.0,3029.75,3021.5,8.25,True,SHORT,2013-07-11 06:25:00,3021.0,True,True,False,0.125,0.4583,0.4583,3020.25,2013-07-11 06:30:00,0.7917,3027.75,2013-07-11 07:45:00,False,,0.0,,True,3023.5,2013-07-11 06:39:00,0.0833
NQ,2013-07-11,Thursday,RDR,3032.75,3027.5,5.25,3033.75,3025.5,8.25,True,LONG,2013-07-11 10:50:00,3036.0,True,False,,4.3333,0.0952,4.3333,3055.5,2013-07-11 15:48:00,0.0,3035.25,2013-07-11 10:55:00,True,2013-07-11 10:55:00,0.0,0.0,False,,,
NQ,2013-07-12,Friday,ADR,3054.0,3050.25,3.75,3054.0,3049.5,4.5,True,LONG,2013-07-11 22:00:00,3054.5,True,True,True,0.2,0.0,0.2,3054.75,2013-07-12 01:33:00,0.6,3051.75,2013-07-12 00:10:00,False,,0.6,,True,3053.5,2013-07-11 22:07:00,0.1333
NQ,2013-07-12,Friday,ODR,3055.25,3051.5,3.75,3055.5,3051.0,4.5,True,LONG,2013-07-12 05:50:00,3056.0,True,False,,1.4667,0.0,1.4667,3060.75,2013-07-12 07:30:00,0.0,3055.75,2013-07-12 05:56:00,True,2013-07-12 06:03:00,0.0,0.0,False,,,
NQ,2013-07-12,Friday,RDR,3061.25,3055.25,6.0,3062.0,3053.75,8.25,True,SHORT,2013-07-12 11:25:00,3052.75,False,True,False,1.5,1.0,1.0,3049.25,2013-07-12 12:32:00,2.5,3070.25,2013-07-12 15:55:00,True,2013-07-12 11:34:00,0.0,2.5,True,3055.5,2013-07-12 13:20:00,0.0417
NQ,2013-07-15,Monday,ODR,3072.25,3067.25,5.0,3072.5,3067.25,5.25,True,SHORT,2013-07-15 05:50:00,3067.0,True,True,False,0.0,0.15,0.15,3066.5,2013-07-15 05:55:00,0.4,3069.25,2013-07-15 07:17:00,False,,0.0,,True,3067.25,2013-07-15 05:56:00,0.0
NQ,2013-07-15,Monday,RDR,3070.5,3063.5,7.0,3072.75,3063.0,9.75,True,LONG,2013-07-15 11:30:00,3073.75,True,False,,0.8214,0.0,0.8214,3076.25,2013-07-15 14:13:00,0.0,3071.0,2013-07-15 12:20:00,True,2013-07-15 12:06:00,0.0,0.0,False,,,
NQ,2013-07-16,Tuesday,ADR,3074.0,3071.5,2.5,3074.0,3071.5,2.5,True,LONG,2013-07-16 00:55:00,3074.5,True,True,True,0.4,0.0,0.4,3075.0,2013-07-16 01:18:00,0.1,3073.75,2013-07-16 01:11:00,False,,0.1,,True,3074.0,2013-07-16 01:10:00,0.0
NQ,2013-07-16,Tuesday,ODR,3076.0,3073.0,3.0,3076.5,3072.0,4.5,False,,,,,,,0.1667,0.5833,,,,,,,False,,,,False,,,
NQ,2013-07-16,Tuesday,RDR,3079.25,3074.25,5.0,3080.0,3073.5,6.5,True,SHORT,2013-07-16 10:55:00,3072.0,True,True,True,0.0,2.1,2.1,3063.75,2013-07-16 15:18:00,0.2,3075.25,2013-07-16 14:14:00,True,2013-07-16 11:00:00,0.2,0.2,True,3075.25,2013-07-16 14:14:00,0.2
NQ,2013-07-17,Wednesday,ADR,3072.75,3071.5,1.25,3072.75,3071.5,1.25,True,SHORT,2013-07-16 21:30:00,3071.0,False,True,False,2.6,0.6,0.6,3070.75,2013-07-16 21:36:00,3.6,3076.0,2013-07-17 01:07:00,True,2013-07-16 21:36:00,0.0,3.6,True,3071.75,2013-07-16 21:52:00,0.2
NQ,2013-07-17,Wednesday,ODR,3075.5,3072.75,2.75,3075.75,3072.25,3.5,True,SHORT,2013-07-17 04:40:00,3069.5,False,True,False,0.4545,2.6364,2.6364,3065.5,2013-07-17 05:16:00,1.4545,3076.75,2013-07-17 07:26:00,True,2013-07-17 04:45:00,0.0,1.4545,True,3072.75,2013-07-17 07:00:00,0.0
NQ,2013-07-17,Wednesday,RDR,3082.25,3076.0,6.25,3084.0,3075.25,8.75,True,SHORT,2013-07-17 11:35:00,3074.0,False,True,False,0.6,0.92,0.92,3070.25,2013-07-17 14:47:00,1.32,3084.25,2013-07-17 13:21:00,True,2013-07-17 11:41:00,1.32,1.32,True,3076.25,2013-07-17 11:50:00,0.04
NQ,2013-07-18,Thursday,ADR,3072.25,3071.0,1.25,3072.25,3070.5,1.75,True,SHORT,2013-07-17 20:55:00,3070.0,True,True,False,0.0,2.2,2.2,3068.25,2013-07-17 21:41:00,1.0,3072.25,2013-07-18 00:56:00,True,2013-07-17 21:02:00,0.4,1.0,True,3071.0,2013-07-17 21:18:00,0.0
NQ,2013-07-18,Thursday,ODR,3074.25,3070.75,3.5,3075.0,3069.75,5.25,True,LONG,2013-07-18 04:05:00,3075.25,True,False,,1.2857,0.0,1.2857,3078.75,2013-07-18 05:54:00,0.0,3074.5,2013-07-18 04:10:00,True,2013-07-18 04:17:00,0.0,0.0,False,,,
NQ,2013-07-18,Thursday,RDR,3083.75,3073.75,10.0,3084.75,3072.5,12.25,True,LONG,2013-07-18 11:05:00,3085.25,False,True,False,0.275,0.75,0.175,3085.5,2013-07-18 11:10:00,1.75,3066.25,2013-07-18 13:21:00,False,,0.0,,True,3083.75,2013-07-18 11:12:00,0.0
NQ,2013-07-19,Friday,ADR,3047.75,3046.25,1.5,3047.75,3046.0,1.75,True,SHORT,2013-07-18 21:20:00,3045.5,True,True,True,0.0,2.5,2.5,3042.5,2013-07-19 01:47:00,0.3333,3046.75,2013-07-18 23:53:00,True,2013-07-18 21:25:00,0.3333,0.3333,True,3046.25,2013-07-18 23:51:00,0.0
NQ,2013-07-19,Friday,ODR,3044.5,3041.25,3.25,3045.5,3041.25,4.25,True,SHORT,2013-07-19 04:55:00,3040.75,False,True,False,0.8462,0.7692,0.7692,3038.75,2013-07-19 05:50:00,1.8462,3047.25,2013-07-19 07:10:00,True,2013-07-19 05:07:00,0.0,1.8462,True,3041.5,2013-07-19 05:52:00,0.0769
NQ,2013-07-19,Friday,RDR,3044.75,3035.25,9.5,3045.25,3033.0,12.25,True,SHORT,2013-07-19 12:40:00,3032.5,True,True,False,0.0,0.5,0.5,3030.5,2013-07-19 13:29:00,0.4474,3039.5,2013-07-19 14:11:00,True,2013-07-19 13:29:00,0.0,0.4474,True,3035.25,2013-07-19 13:53:00,0.0
NQ,2013-07-22,Monday,ADR,3047.5,3045.5,2.0,3047.5,3045.0,2.5,True,LONG,2013-07-21 20:40:00,3047.75,True,True,True,2.375,0.0,2.375,3052.25,2013-07-21 21:04:00,0.625,3046.25,2013-07-21 23:34:00,True,2013-07-21 20:45:00,0.0,0.625,True,3047.5,2013-07-21 23:23:00,0.0
NQ,2013-07-22,Monday,ODR,3046.0,3040.5,5.5,3046.25,3040.25,6.0,True,LONG,2013-07-22 04:30:00,3046.5,True,True,False,0.8182,0.0,0.8182,3050.5,2013-07-22 04:42:00,0.7727,3041.75,2013-07-22 08:14:00,True,2013-07-22 04:36:00,0.0,0.7727,True,3045.5,2013-07-22 06:10:00,0.0909
NQ,2013-07-22,Monday,RDR,3051.5,3039.5,12.0,3055.0,3038.75,16.25,False,,,,,,,0.0,0.0208,,,,,,,False,,,,False,,,
NQ,2013-07-23,Tuesday,ADR,3052.75,3051.5,1.25,3052.75,3051.25,1.5,True,LONG,2013-07-22 20:35:00,3053.25,True,True,True,5.6,0.0,5.6,3059.75,2013-07-23 00:03:00,0.6,3052.0,2013-07-22 21:00:00,True,2013-07-22 20:40:00,0.6,0.6,True,3052.75,2013-07-22 20:49:00,0.0
NQ,2013-07-23,Tuesday,ODR,3058.0,3052.0,6.0,3058.5,3051.0,7.5,True,SHORT,2013-07-23 08:25:00,3050.5,True,,,0.0,0.2917,,,,,,,False,,,,False,,,
NQ,2013-07-23,Tuesday,RDR,3054.0,3035.5,18.5,3054.25,3034.75,19.5,True,SHORT,2013-07-23 10:35:00,3033.75,True,True,True,0.0,0.6486,0.6486,3023.5,2013-07-23 15:52:00,0.2973,3041.0,2013-07-23 13:45:00,True,2013-07-23 15:47:00,0.2973,0.0,True,3035.75,2013-07-23 10:41:00,0.0135
NQ,2013-07-24,Wednesday,ADR,3040.0,3038.0,2.0,3040.25,3037.75,2.5,True,SHORT,2013-07-23 20:40:00,3037.5,True,True,False,0.25,1.0,1.0,3036.0,2013-07-23 20:56:00,1.25,3040.5,2013-07-24 01:56:00,True,2013-07-23 20:46:00,0.0,1.25,True,3038.0,2013-07-23 21:14:00,0.0
NQ,2013-07-24,Wednesday,ODR,3051.0,3040.5,10.5,3051.25,3040.25,11.0,True,LONG,2013-07-24 05:00:00,3052.0,True,True,True,0.5714,0.0,0.5714,3057.0,2013-07-24 07:33:00,0.2619,3048.25,2013-07-24 06:02:00,True,2013-07-24 07:31:00,0.2619,0.0,True,3050.75,2013-07-24 05:21:00,0.0238
NQ,2013-07-24,Wednesday,RDR,3056.5,3033.75,22.75,3057.0,3031.5,25.5,True,SHORT,2013-07-24 13:30:00,3030.75,True,True,False,0.0,0.2308,0.2308,3028.5,2013-07-24 13:44:00,0.2198,3038.75,2013-07-24 14:11:00,False,,0.0,,True,3034.25,2013-07-24 14:01:00,0.022
NQ,2013-07-25,Thursday,ADR,3052.0,3048.5,3.5,3052.25,3048.5,3.75,False,,,,,,,0.0714,0.0714,,,,,,,False,,,,False,,,
NQ,2013-07-25,Thursday,ODR,3051.75,3045.5,6.25,3052.0,3045.25,6.75,True,SHORT,2013-07-25 04:35:00,3044.25,True,True,False,0.0,2.92,2.92,3027.25,2013-07-25 06:00:00,0.92,3051.25,2013-07-25 08:05:00,True,2013-07-25 04:50:00,0.0,0.92,True,3046.0,2013-07-25 07:36:00,0.08
NQ,2013-07-25,Thursday,RDR,3051.5,3038.75,12.75,3052.5,3037.0,15.5,True,SHORT,2013-07-25 11:15:00,3036.75,False,True,False,0.5098,0.3922,0.3922,3033.75,2013-07-25 11:24:00,1.5098,3058.0,2013-07-25 15:54:00,False,,0.0,,True,3038.75,2013-07-25 11:36:00,0.0
NQ,2013-07-26,Friday,ADR,3054.25,3052.25,2.0,3054.5,3052.0,2.5,True,LONG,2013-07-25 21:05:00,3055.0,True,True,False,1.75,0.25,1.75,3057.75,2013-07-26 00:21:00,0.25,3053.75,2013-07-25 21:45:00,True,2013-07-25 21:10:00,0.25,0.25,True,3054.25,2013-07-25 21:32:00,0.0
NQ,2013-07-26,Friday,ODR,3058.0,3047.75,10.25,3058.5,3047.0,11.5,True,SHORT,2013-07-26 05:30:00,3046.25,True,False,,0.0,0.7317,0.7317,3040.25,2013-07-26 06:15:00,0.0,3046.5,2013-07-26 05:35:00,True,2013-07-26 05:38:00,0.0,0.0,False,,,
NQ,2013-07-26,Friday,RDR,3052.75,3041.5,11.25,3053.25,3038.5,14.75,True,LONG,2013-07-26 12:05:00,3053.5,True,False,,1.6222,0.3556,1.6222,3071.0,2013-07-26 15:59:00,0.0,3053.25,2013-07-26 12:18:00,True,2013-07-26 13:11:00,0.0,0.0,False,,,
NQ,2013-07-29,Monday,ADR,3072.0,3070.0,2.0,3072.5,3070.0,2.5,True,SHORT,2013-07-28 21:40:00,3068.75,True,True,True,0.125,2.75,2.75,3064.5,2013-07-29 01:50:00,0.75,3071.5,2013-07-28 22:17:00,True,2013-07-28 21:45:00,0.75,0.75,True,3070.0,2013-07-28 22:12:00,0.0
NQ,2013-07-29,Monday,ODR,3071.25,3065.75,5.5,3072.25,3065.75,6.5,True,SHORT,2013-07-29 04:00:00,3065.25,True,True,False,0.0,0.8182,0.8182,3061.25,2013-07-29 04:25:00,0.5,3068.5,2013-07-29 05:20:00,True,2013-07-29 04:10:00,0.0,0.5,True,3065.75,2013-07-29 05:02:00,0.0
NQ,2013-07-29,Monday,RDR,3076.0,3064.75,11.25,3078.25,3064.0,14.25,True,SHORT,2013-07-29 11:10:00,3063.75,True,True,True,0.0,0.7333,0.7333,3056.5,2013-07-29 11:38:00,0.5111,3070.5,2013-07-29 14:32:00,True,2013-07-29 11:27:00,0.0,0.5111,True,3064.75,2013-07-29 13:06:00,0.0
NQ,2013-07-30,Tuesday,ADR,3068.75,3066.0,2.75,3069.0,3065.75,3.25,True,LONG,2013-07-29 21:05:00,3069.5,True,False,,1.5455,0.0,1.5455,3073.0,2013-07-30 00:49:00,0.0,3069.25,2013-07-29 21:14:00,True,2013-07-29 21:24:00,0.0,0.0,False,,,
NQ,2013-07-30,Tuesday,ODR,3075.25,3071.5,3.75,3075.75,3070.25,5.5,True,LONG,2013-07-30 04:05:00,3076.0,False,True,True,0.5333,0.8,0.5333,3077.25,2013-07-30 04:11:00,1.8,3068.5,2013-07-30 05:56:00,True,2013-07-30 04:11:00,0.0,1.8,True,3075.25,2013-07-30 04:27:00,0.0
NQ,2013-07-30,Tuesday,RDR,3083.0,3072.75,10.25,3083.75,3072.25,11.5,True,LONG,2013-07-30 10:50:00,3084.0,False,True,False,1.122,0.2683,1.122,3094.5,2013-07-30 11:44:00,1.2683,3070.0,2013-07-30 13:42:00,True,2013-07-30 11:32:00,0.4146,1.2683,True,3082.25,2013-07-30 10:56:00,0.0732
NQ,2013-07-31,Wednesday,ADR,3084.5,3082.5,2.0,3084.5,3082.0,2.5,True,LONG,2013-07-30 21:30:00,3085.25,True,True,False,1.5,0.0,1.5,3087.5,2013-07-30 22:24:00,0.5,3083.5,2013-07-31 01:55:00,True,2013-07-30 21:35:00,0.0,0.5,True,3084.25,2013-07-31 01:29:00,0.125
NQ,2013-07-31,Wednesday,ODR,3084.0,3080.5,3.5,3084.5,3079.0,5.5,True,LONG,2013-07-31 04:10:00,3087.0,True,False,,1.3571,0.0,1.3571,3088.75,2013-07-31 04:56:00,0.0,3084.25,2013-07-31 05:23:00,True,2013-07-31 04:15:00,0.0,0.0,False,,,
NQ,2013-07-31,Wednesday,RDR,3096.25,3086.75,9.5,3097.25,3086.5,10.75,True,SHORT,2013-07-31 12:40:00,3086.0,False,True,True,0.8947,0.5789,0.5789,3081.25,2013-07-31 14:17:00,1.8947,3104.75,2013-07-31 14:59:00,True,2013-07-31 14:17:00,0.8947,1.8947,True,3086.75,2013-07-31 12:49:00,0.0
NQ,2013-08-01,Thursday,ADR,3092.0,3090.75,1.25,3092.25,3090.5,1.75,True,LONG,2013-07-31 20:55:00,3094.5,True,False,,3.8,0.0,3.8,3096.75,2013-08-01 01:07:00,0.0,3093.0,2013-07-31 23:07:00,True,2013-07-31 21:00:00,0.0,0.0,False,,,
NQ,2013-08-01,Thursday,ODR,3100.0,3097.75,2.25,3101.0,3097.0,4.0,True,LONG,2013-08-01 05:10:00,3101.5,True,False,,2.8889,0.8889,2.8889,3106.5,2013-08-01 08:28:00,0.0,3101.0,2013-08-01 07:00:00,True,2013-08-01 05:15:00,0.0,0.0,False,,,
NQ,2013-08-01,Thursday,RDR,3113.5,3106.75,6.75,3114.25,3105.0,9.25,True,LONG,2013-08-01 14:00:00,3114.5,True,True,True,1.4444,0.0,1.4444,3123.25,2013-08-01 15:50:00,0.0,3113.5,2013-08-01 15:22:00,True,2013-08-01 14:33:00,0.0,0.0,True,3113.5,2013-08-01 15:22:00,0.0
NQ,2013-08-02,Friday,ADR,3118.0,3115.75,2.25,3118.0,3115.75,2.25,True,LONG,2013-08-01 20:45:00,3118.25,True,True,True,1.4444,0.0,1.4444,3121.25,2013-08-02 01:43:00,0.3333,3117.25,2013-08-02 00:08:00,True,2013-08-01 21:12:00,0.3333,0.3333,True,3117.75,2013-08-01 20:50:00,0.1111
NQ,2013-08-02,Friday,ODR,3120.5,3117.5,3.0,3120.5,3116.75,3.75,True,LONG,2013-08-02 06:40:00,3121.0,True,True,True,2.0,0.1667,2.0,3126.5,2013-08-02 08:29:00,0.5833,3118.75,2013-08-02 07:00:00,True,2013-08-02 08:06:00,0.5833,0.0,True,3120.5,2013-08-02 06:46:00,0.0
NQ,2013-08-02,Friday,RDR,3123.0,3113.75,9.25,3123.25,3112.25,11.0,True,LONG,2013-08-02 12:20:00,3123.75,True,True,True,1.4324,0.0,1.4324,3136.25,2013-08-02 15:50:00,0.1351,3121.75,2013-08-02 12:27:00,True,2013-08-02 13:17:00,0.1351,0.0,True,3122.75,2013-08-02 12:25:00,0.027
NQ,2013-08-05,Monday,ADR,3135.5,3133.5,2.0,3135.5,3133.5,2.0,True,SHORT,2013-08-04 20:30:00,3133.25,True,True,False,0.0,0.625,0.625,3132.25,2013-08-04 20:45:00,1.0,3135.5,2013-08-05 00:23:00,True,2013-08-04 20:42:00,0.0,1.0,True,3133.5,2013-08-04 20:35:00,0.0
NQ,2013-08-05,Monday,ODR,3138.75,3135.25,3.5,3139.0,3135.25,3.75,True,LONG,2013-08-05 04:35:00,3139.25,False,True,False,0.1429,0.3571,0.1429,3139.25,2013-08-05 04:40:00,1.3571,3134.0,2013-08-05 08:19:00,False,,0.0,,True,3138.75,2013-08-05 04:40:00,0.0
NQ,2013-08-05,Monday,RDR,3134.75,3130.75,4.0,3136.5,3129.5,7.0,True,LONG,2013-08-05 10:30:00,3137.25,False,True,True,1.3125,0.6875,1.3125,3140.0,2013-08-05 10:50:00,1.6875,3128.0,2013-08-05 13:08:00,True,2013-08-05 10:35:00,0.0,1.6875,True,3134.75,2013-08-05 11:30:00,0.0
NQ,2013-08-06,Tuesday,ADR,3134.0,3130.75,3.25,3134.25,3130.5,3.75,True,SHORT,2013-08-05 21:25:00,3130.25,True,True,False,0.0,0.4615,0.4615,3129.25,2013-08-05 22:21:00,0.7692,3133.25,2013-08-06 00:49:00,False,,0.2308,,True,3130.75,2013-08-05 21:38:00,0.0
NQ,2013-08-06,Tuesday,ODR,3137.5,3134.25,3.25,3137.75,3134.0,3.75,True,LONG,2013-08-06 04:05:00,3138.0,False,True,False,0.5385,0.4615,0.5385,3139.25,2013-08-06 05:09:00,1.4615,3132.75,2013-08-06 08:07:00,True,2013-08-06 05:09:00,0.2308,1.4615,True,3137.5,2013-08-06 04:14:00,0.0
NQ,2013-08-06,Tuesday,RDR,3135.75,3122.0,13.75,3136.25,3122.0,14.25,True,SHORT,2013-08-06 10:30:00,3116.5,True,True,True,0.0,1.1455,1.1455,3106.25,2013-08-06 11:01:00,0.0,3122.0,2013-08-06 12:58:00,True,2013-08-06 10:41:00,0.0,0.0,True,3122.0,2013-08-06 12:58:00,0.0
NQ,2013-08-07,Wednesday,ADR,3116.75,3115.0,1.75,3117.0,3115.0,2.0,True,SHORT,2013-08-06 20:30:00,3114.75,True,True,True,0.0,3.0,3.0,3109.75,2013-08-07 01:50:00,0.5714,3116.0,2013-08-06 23:03:00,True,2013-08-06 21:07:00,0.5714,0.5714,True,3115.0,2013-08-06 20:37:00,0.0
NQ,2013-08-07,Wednesday,ODR,3111.25,3106.5,4.75,3112.0,3106.0,6.0,True,SHORT,2013-08-07 04:15:00,3105.75,False,True,False,0.3684,0.2632,0.2632,3105.25,2013-08-07 06:08:00,1.3684,3113.0,2013-08-07 08:27:00,False,,1.3158,,True,3106.5,2013-08-07 04:26:00,0.0
NQ,2013-08-07,Wednesday,RDR,3118.5,3093.5,25.0,3119.25,3090.75,28.5,False,,,,,,,0.0,0.11,,,,,,,False,,,,False,,,
NQ,2013-08-08,Thursday,ADR,3123.75,3117.0,6.75,3124.25,3117.0,7.25,True,LONG,2013-08-07 21:00:00,3124.5,True,True,False,0.5185,0.0,0.5185,3127.25,2013-08-07 23:33:00,0.2222,3122.25,2013-08-08 01:31:00,True,2013-08-07 23:33:00,0.1852,0.2222,True,3123.75,2013-08-07 21:28:00,0.0
NQ,2013-08-08,Thursday,ODR,3124.25,3120.5,3.75,3124.5,3120.5,4.0,True,LONG,2013-08-08 04:45:00,3125.25,True,True,True,1.7333,0.0667,1.7333,3130.75,2013-08-08 08:15:00,0.2,3123.5,2013-08-08 05:07:00,True,2013-08-08 05:34:00,0.2,0.0,True,3124.0,2013-08-08 04:53:00,0.0667
NQ,2013-08-08,Thursday,RDR,3130.5,3111.25,19.25,3133.0,3109.75,23.25,True,LONG,2013-08-08 12:30:00,3133.5,True,True,False,0.2857,0.1429,0.2857,3136.0,2013-08-08 12:44:00,0.1299,3128.0,2013-08-08 15:27:00,False,,0.0,,True,3128.5,2013-08-08 14:52:00,0.1039
NQ,2013-08-09,Friday,ADR,3130.0,3125.25,4.75,3130.0,3125.25,4.75,True,LONG,2013-08-08 22:35:00,3130.75,True,True,False,0.3158,0.0,0.2105,3131.0,2013-08-08 23:06:00,1.0,3125.25,2013-08-09 00:29:00,False,,0.0,,True,3130.0,2013-08-08 22:41:00,0.0
NQ,2013-08-09,Friday,ODR,3129.75,3122.25,7.5,3129.75,3122.25,7.5,True,SHORT,2013-08-09 04:20:00,3120.75,True,True,False,0.0,0.5667,0.5667,3118.0,2013-08-09 04:31:00,0.4333,3125.5,2013-08-09 08:29:00,True,2013-08-09 04:30:00,0.0,0.4333,True,3122.25,2013-08-09 05:06:00,0.0
NQ,2013-08-09,Friday,RDR,3134.25,3123.5,10.75,3134.5,3121.0,13.5,True,SHORT,2013-08-09 11:00:00,3116.0,True,True,True,0.0,1.5349,1.5349,3107.0,2013-08-09 11:27:00,0.3023,3126.75,2013-08-09 12:40:00,True,2013-08-09 11:05:00,0.0,0.3023,True,3124.25,2013-08-09 12:30:00,0.0698
NQ,2013-08-12,Monday,ADR,3112.75,3110.25,2.5,3113.25,3109.75,3.5,True,LONG,2013-08-11 21:55:00,3113.75,True,False,,1.3,0.0,1.3,3116.0,2013-08-12 01:51:00,0.0,3113.25,2013-08-11 22:20:00,True,2013-08-11 22:00:00,0.0,0.0,False,,,
NQ,2013-08-12,Monday,ODR,3113.5,3105.5,8.0,3114.25,3105.25,9.0,True,SHORT,2013-08-12 04:15:00,3103.75,True,False,,0.0,1.4062,1.4062,3094.25,2013-08-12 05:08:00,0.0,3104.25,2013-08-12 08:05:00,True,2013-08-12 04:24:00,0.0,0.0,False,,,
NQ,2013-08-12,Monday,RDR,3124.0,3104.25,19.75,3125.75,3104.0,21.75,True,LONG,2013-08-12 10:55:00,3128.0,True,True,False,0.2658,0.0,0.2658,3129.25,2013-08-12 11:00:00,0.3797,3116.5,2013-08-12 12:30:00,False,,0.0,,True,3123.25,2013-08-12 11:11:00,0.038
NQ,2013-08-13,Tuesday,ADR,3125.25,3123.5,1.75,3125.5,3123.25,2.25,True,LONG,2013-08-12 21:00:00,3125.75,True,True,True,2.2857,0.0,2.2857,3129.25,2013-08-13 01:53:00,0.7143,3124.0,2013-08-12 21:44:00,True,2013-08-12 21:12:00,0.7143,0.7143,True,3125.0,2013-08-12 21:24:00,0.1429
NQ,2013-08-13,Tuesday,ODR,3135.0,3129.25,5.75,3135.75,3128.0,7.75,True,LONG,2013-08-13 05:00:00,3136.25,True,True,False,0.3478,0.087,0.3043,3136.75,2013-08-13 05:05:00,1.087,3128.75,2013-08-13 08:27:00,False,,0.0,,True,3135.0,2013-08-13 05:18:00,0.0
NQ,2013-08-13,Tuesday,RDR,3129.25,3108.25,21.0,3131.75,3104.75,27.0,True,LONG,2013-08-13 12:45:00,3132.5,True,False,,0.881,0.0,0.881,3147.75,2013-08-13 15:29:00,0.0,3130.25,2013-08-13 13:00:00,True,2013-08-13 13:27:00,0.0,0.0,False,,,
NQ,2013-08-14,Wednesday,ADR,3140.75,3137.0,3.75,3141.0,3136.75,4.25,True,SHORT,2013-08-13 21:05:00,3136.5,True,True,False,0.0,0.5333,0.5333,3135.0,2013-08-14 00:12:00,0.2667,3138.0,2013-08-14 01:36:00,True,2013-08-14 00:12:00,0.0,0.2667,True,3137.0,2013-08-14 01:01:00,0.0
NQ,2013-08-14,Wednesday,ODR,3137.5,3131.5,6.0,3137.5,3131.25,6.25,True,LONG,2013-08-14 06:00:00,3138.25,True,True,False,0.2083,0.0,0.2083,3138.75,2013-08-14 06:55:00,0.9167,3132.0,2013-08-14 08:26:00,False,,0.2083,,True,3137.5,2013-08-14 06:07:00,0.0
NQ,2013-08-14,Wednesday,RDR,3141.0,3134.0,7.0,3143.5,3132.25,11.25,True,SHORT,2013-08-14 10:45:00,3126.75,True,True,True,0.0,1.4286,1.4286,3124.0,2013-08-14 10:51:00,0.6786,3138.75,2013-08-14 12:37:00,True,2013-08-14 10:50:00,0.0,0.6786,True,3134.25,2013-08-14 11:51:00,0.0357
NQ,2013-08-15,Thursday,ADR,3109.5,3106.75,2.75,3109.75,3106.5,3.25,True,LONG,2013-08-14 20:55:00,3110.25,True,True,True,1.8182,0.0,1.8182,3114.5,2013-08-14 22:15:00,0.2727,3108.75,2013-08-15 01:49:00,True,2013-08-14 21:03:00,0.0,0.2727,True,3109.5,2013-08-14 23:31:00,0.0
NQ,2013-08-15,Thursday,ODR,3113.0,3106.75,6.25,3113.0,3106.5,6.5,True,LONG,2013-08-15 04:35:00,3113.5,False,True,False,0.2,1.2,0.04,3113.25,2013-08-15 04:40:00,2.2,3099.25,2013-08-15 08:28:00,False,,0.0,,True,3113.0,2013-08-15 04:40:00,0.0
NQ,2013-08-15,Thursday,RDR,3093.75,3068.5,25.25,3093.75,3066.25,27.5,False,,,,,,,0.0,0.0,,,,,,,False,,,,False,,,
NQ,2013-08-16,Friday,ADR,3075.0,3073.75,1.25,3075.0,3073.75,1.25,True,SHORT,2013-08-15 20:35:00,3073.5,False,True,True,2.0,4.4,4.4,3068.25,2013-08-16 01:22:00,3.0,3077.5,2013-08-15 23:26:00,True,2013-08-15 20:40:00,3.0,3.0,True,3074.25,2013-08-15 21:32:00,0.4
NQ,2013-08-16,Friday,ODR,3081.25,3076.5,4.75,3081.25,3074.75,6.5,True,SHORT,2013-08-16 05:25:00,3074.5,True,True,False,0.0,0.5789,0.5789,3073.75,2013-08-16 05:43:00,0.7368,3080.0,2013-08-16 06:07:00,True,2013-08-16 05:42:00,0.0,0.7368,True,3076.5,2013-08-16 05:50:00,0.0
NQ,2013-08-16,Friday,RDR,3084.5,3073.5,11.0,3085.25,3068.5,16.75,True,LONG,2013-08-16 10:35:00,3087.75,False,True,False,0.4773,0.2045,0.4773,3089.75,2013-08-16 11:04:00,1.2045,3071.25,2013-08-16 14:17:00,False,,0.0,,True,3084.5,2013-08-16 10:42:00,0.0
NQ,2013-08-19,Monday,ADR,3071.75,3068.5,3.25,3072.0,3068.25,3.75,True,LONG,2013-08-18 21:55:00,3072.75,True,True,False,0.6154,0.0,0.6154,3073.75,2013-08-18 22:13:00,1.0,3068.5,2013-08-19 00:59:00,True,2013-08-18 22:10:00,0.0,1.0,True,3071.25,2013-08-18 22:52:00,0.1538
NQ,2013-08-19,Monday,ODR,3075.25,3069.0,6.25,3076.0,3066.25,9.75,False,,,,,,,0.2,0.0,,,,,,,False,,,,False,,,
NQ,2013-08-19,Monday,RDR,3095.5,3075.5,20.0,3097.5,3071.5,26.0,True,LONG,2013-08-19 10:45:00,3099.0,False,True,False,0.25,0.3625,0.25,3100.5,2013-08-19 10:55:00,1.3625,3068.25,2013-08-19 15:59:00,False,,0.0,,True,3094.5,2013-08-19 11:05:00,0.05
NQ,2013-08-20,Tuesday,ADR,3074.25,3071.0,3.25,3074.25,3071.0,3.25,True,LONG,2013-08-19 20:35:00,3075.25,False,True,False,1.2308,1.3846,1.2308,3078.25,2013-08-19 21:42:00,2.3846,3066.5,2013-08-20 01:55:00,True,2013-08-19 20:42:00,0.0,2.3846,True,3073.5,2013-08-19 22:27:00,0.2308
NQ,2013-08-20,Tuesday,ODR,3073.0,3066.5,6.5,3073.5,3066.5,7.0,True,SHORT,2013-08-20 04:20:00,3066.25,False,True,False,1.2308,0.4615,0.4615,3063.5,2013-08-20 04:30:00,2.2308,3081.0,2013-08-20 08:22:00,False,,0.0,,True,3067.25,2013-08-20 04:42:00,0.1154
NQ,2013-08-20,Tuesday,RDR,3082.0,3074.5,7.5,3084.0,3072.25,11.75,True,LONG,2013-08-20 10:35:00,3088.25,True,True,True,1.9667,0.0,1.9667,3096.75,2013-08-20 12:06:00,0.0,3082.0,2013-08-20 15:55:00,True,2013-08-20 10:40:00,0.0,0.0,True,3082.0,2013-08-20 15:55:00,0.0
NQ,2013-08-21,Wednesday,ADR,3083.5,3082.5,1.0,3083.75,3082.25,1.5,True,SHORT,2013-08-20 21:35:00,3081.0,True,False,,0.0,6.0,6.0,3076.5,2013-08-20 23:49:00,0.0,3081.25,2013-08-20 21:41:00,True,2013-08-20 21:40:00,0.0,0.0,False,,,
NQ,2013-08-21,Wednesday,ODR,3080.5,3074.5,6.0,3081.25,3073.5,7.75,True,SHORT,2013-08-21 05:00:00,3073.25,True,True,False,0.0,1.2083,1.2083,3067.25,2013-08-21 05:22:00,0.5,3077.5,2013-08-21 08:04:00,True,2013-08-21 05:05:00,0.0,0.5,True,3074.75,2013-08-21 07:45:00,0.0417
NQ,2013-08-21,Wednesday,RDR,3088.5,3072.5,16.0,3090.25,3071.0,19.25,True,SHORT,2013-08-21 14:00:00,3070.25,False,True,True,0.625,0.7812,0.7812,3060.0,2013-08-21 14:08:00,1.625,3098.5,2013-08-21 14:48:00,True,2013-08-21 14:07:00,0.0,1.625,True,3074.25,2013-08-21 14:12:00,0.1094
NQ,2013-08-22,Thursday,ADR,3060.25,3055.75,4.5,3060.25,3055.25,5.0,True,LONG,2013-08-21 21:20:00,3060.5,True,True,True,1.2778,0.0,1.2778,3066.0,2013-08-21 21:46:00,0.3889,3058.5,2013-08-21 22:42:00,True,2013-08-21 21:45:00,0.0,0.3889,True,3060.25,2013-08-21 22:16:00,0.0
NQ,2013-08-22,Thursday,ODR,3080.0,3067.25,12.75,3080.25,3066.75,13.5,True,LONG,2013-08-22 04:00:00,3081.0,True,True,False,0.2549,0.0,0.2549,3083.25,2013-08-22 05:32:00,0.2745,3076.5,2013-08-22 08:00:00,False,,0.0196,,True,3080.0,2013-08-22 04:13:00,0.0
NQ,2013-08-22,Thursday,RDR,3097.75,3084.75,13.0,3099.0,3083.0,16.0,True,LONG,2013-08-22 10:40:00,3101.75,False,True,True,0.4423,0.2115,0.4423,3103.5,2013-08-22 10:45:00,1.2115,3082.0,2013-08-22 12:55:00,False,,0.0,,True,3097.75,2013-08-22 11:21:00,0.0
NQ,2013-08-23,Friday,ADR,3107.25,3104.75,2.5,3107.25,3104.25,3.0,True,LONG,2013-08-22 21:20:00,3107.5,True,True,False,0.9,0.1,0.9,3109.5,2013-08-22 22:54:00,1.1,3104.5,2013-08-23 01:45:00,True,2013-08-22 21:32:00,0.0,1.1,True,3107.25,2013-08-23 01:29:00,0.0
NQ,2013-08-23,Friday,ODR,3104.25,3097.25,7.0,3104.25,3096.25,8.0,True,LONG,2013-08-23 07:30:00,3104.5,True,True,True,0.3571,0.0714,0.3571,3106.75,2013-08-23 08:23:00,0.2143,3102.75,2013-08-23 08:14:00,False,,0.2143,,True,3104.25,2013-08-23 07:36:00,0.0
NQ,2013-08-23,Friday,RDR,3124.5,3115.0,9.5,3126.25,3111.75,14.5,False,,,,,,,0.1842,0.1579,,,,,,,False,,,,False,,,
NQ,2013-08-26,Monday,ADR,3121.5,3120.25,1.25,3121.75,3120.0,1.75,True,LONG,2013-08-25 21:45:00,3122.0,True,True,True,8.8,0.0,8.8,3132.5,2013-08-26 00:13:00,0.6,3120.75,2013-08-25 22:06:00,True,2013-08-25 22:00:00,0.6,0.6,True,3121.5,2013-08-25 22:05:00,0.0
NQ,2013-08-26,Monday,ODR,3126.5,3120.25,6.25,3126.75,3120.0,6.75,True,SHORT,2013-08-26 04:05:00,3119.5,True,True,False,0.0,0.32,0.32,3118.25,2013-08-26 04:31:00,0.56,3123.75,2013-08-26 07:25:00,False,,0.12,,True,3120.5,2013-08-26 04:11:00,0.04
NQ,2013-08-26,Monday,RDR,3137.75,3123.75,14.0,3138.5,3122.0,16.5,True,LONG,2013-08-26 10:55:00,3139.0,False,True,False,0.6786,0.4643,0.6786,3147.25,2013-08-26 13:11:00,1.4643,3117.25,2013-08-26 15:26:00,True,2013-08-26 12:34:00,0.0,1.4643,True,3137.25,2013-08-26 13:50:00,0.0357
NQ,2013-08-27,Tuesday,ADR,3120.25,3118.0,2.25,3120.25,3118.0,2.25,True,LONG,2013-08-26 22:20:00,3121.5,False,True,False,0.5556,1.2222,0.5556,3121.5,2013-08-26 22:25:00,2.2222,3115.25,2013-08-27 01:17:00,True,2013-08-26 22:25:00,0.0,2.2222,True,3119.75,2013-08-26 22:40:00,0.2222
NQ,2013-08-27,Tuesday,ODR,3122.75,3109.75,13.0,3124.0,3107.25,16.75,True,SHORT,2013-08-27 04:05:00,3104.75,True,True,True,0.0,1.4038,1.4038,3091.5,2013-08-27 08:29:00,0.0577,3110.5,2013-08-27 04:24:00,True,2013-08-27 06:33:00,0.0577,0.0,True,3110.25,2013-08-27 04:22:00,0.0385
NQ,2013-08-27,Tuesday,RDR,3099.0,3084.25,14.75,3101.5,3082.5,19.0,True,SHORT,2013-08-27 12:00:00,3082.25,True,False,,0.0,2.1525,2.1525,3052.5,2013-08-27 15:35:00,0.0,3082.25,2013-08-27 12:05:00,True,2013-08-27 12:19:00,0.0,0.0,False,,,
NQ,2013-08-28,Wednesday,ADR,3064.5,3058.5,6.0,3064.5,3058.0,6.5,True,LONG,2013-08-27 20:45:00,3065.5,True,True,True,0.7083,0.0617,0.7083,3068.75,2013-08-27 21:44:00,1.0617,3058.13,2013-08-28 00:53:00,True,2013-08-27 21:04:00,0.0,1.0617,True,3064.5,2013-08-27 20:52:00,0.0
NQ,2013-08-28,Wednesday,ODR,3069.25,3066.0,3.25,3069.75,3063.5,6.25,True,SHORT,2013-08-28 05:50:00,3062.25,True,False,,0.0,2.7692,2.7692,3057.0,2013-08-28 07:52:00,0.0,3064.25,2013-08-28 06:04:00,True,2013-08-28 05:55:00,0.0,0.0,False,,,
NQ,2013-08-28,Wednesday,RDR,3071.75,3056.5,15.25,3072.25,3056.5,15.75,True,LONG,2013-08-28 10:35:00,3072.5,True,True,False,0.8361,0.0,0.8361,3084.5,2013-08-28 13:01:00,0.2459,3068.0,2013-08-28 11:33:00,True,2013-08-28 12:37:00,0.2459,0.0492,True,3071.25,2013-08-28 10:40:00,0.0328
NQ,2013-08-29,Thursday,ADR,3067.75,3064.25,3.5,3067.75,3064.0,3.75,True,LONG,2013-08-28 21:05:00,3068.5,True,True,True,1.5,0.0,1.5,3073.0,2013-08-29 01:42:00,0.2857,3066.75,2013-08-28 21:59:00,True,2013-08-28 23:26:00,0.2857,0.0,True,3067.5,2013-08-28 21:49:00,0.0714
NQ,2013-08-29,Thursday,ODR,3081.0,3076.5,4.5,3081.5,3073.75,7.75,True,LONG,2013-08-29 04:15:00,3082.5,False,True,True,0.6667,0.6667,0.6667,3084.0,2013-08-29 07:46:00,1.6667,3073.5,2013-08-29 06:15:00,True,2013-08-29 07:40:00,1.6667,0.1111,True,3080.75,2013-08-29 04:32:00,0.0556
NQ,2013-08-29,Thursday,RDR,3095.75,3070.75,25.0,3096.75,3066.75,30.0,True,LONG,2013-08-29 10:35:00,3102.0,True,True,False,0.52,0.0,0.52,3108.75,2013-08-29 12:05:00,0.2,3090.75,2013-08-29 15:34:00,True,2013-08-29 11:32:00,0.0,0.2,True,3095.75,2013-08-29 13:31:00,0.0
NQ,2013-08-30,Friday,ADR,3094.25,3093.0,1.25,3094.5,3093.0,1.5,True,SHORT,2013-08-29 20:30:00,3092.0,False,True,False,7.0,2.8,2.8,3089.5,2013-08-29 21:19:00,8.0,3103.0,2013-08-30 01:33:00,True,2013-08-29 20:35:00,0.2,8.0,True,3093.0,2013-08-29 20:46:00,0.0
NQ,2013-08-30,Friday,ODR,3099.75,3091.5,8.25,3101.5,3091.0,10.5,True,SHORT,2013-08-30 04:15:00,3089.75,True,True,False,0.0,0.3636,0.3333,3088.75,2013-08-30 04:28:00,0.9091,3099.0,2013-08-30 06:58:00,False,,0.0,,True,3091.75,2013-08-30 04:44:00,0.0303
NQ,2013-08-30,Friday,RDR,3095.75,3076.75,19.0,3095.75,3075.75,20.0,True,SHORT,2013-08-30 10:40:00,3074.5,True,True,True,0.0,0.7763,0.7763,3062.0,2013-08-30 13:10:00,0.1184,3079.0,2013-08-30 13:16:00,True,2013-08-30 13:04:00,0.0132,0.1184,True,3077.0,2013-08-30 11:14:00,0.0132
NQ,2013-09-02,Monday,ADR,3097.75,3096.25,1.5,3098.0,3096.0,2.0,True,SHORT,2013-09-01 22:30:00,3094.5,False,True,False,1.6667,1.3333,1.3333,3094.25,2013-09-01 22:35:00,2.6667,3100.25,2013-09-02 01:27:00,True,2013-09-01 22:35:00,0.0,2.6667,True,3096.25,2013-09-01 23:10:00,0.0
NQ,2013-09-02,Monday,ODR,3104.5,3100.5,4.0,3105.75,3100.25,5.5,True,LONG,2013-09-02 04:30:00,3106.75,True,True,True,2.1875,0.0,2.1875,3113.25,2013-09-02 07:41:00,0.25,3103.5,2013-09-02 05:29:00,True,2013-09-02 04:35:00,0.25,0.25,True,3104.5,2013-09-02 05:11:00,0.0
NQ,2013-09-02,Monday,RDR,3108.5,3105.25,3.25,3108.75,3105.0,3.75,True,LONG,2013-09-02 10:30:00,3109.0,True,True,True,0.7692,0.0,0.7692,3111.0,2013-09-02 10:59:00,0.0769,3108.25,2013-09-02 10:39:00,True,2013-09-02 10:56:00,0.0769,0.0,True,3108.5,2013-09-02 10:37:00,0.0
NQ,2013-09-03,Tuesday,ADR,3109.5,3106.0,3.5,3109.5,3105.75,3.75,True,LONG,2013-09-02 20:55:00,3109.75,True,True,False,0.5,0.0,0.5,3111.25,2013-09-02 23:46:00,0.5,3107.75,2013-09-03 00:56:00,True,2013-09-02 23:46:00,0.3571,0.5,True,3109.5,2013-09-02 21:01:00,0.0
NQ,2013-09-03,Tuesday,ODR,3110.25,3106.5,3.75,3110.25,3105.75,4.5,True,SHORT,2013-09-03 04:30:00,3103.75,True,False,,0.0,4.0667,4.0667,3091.25,2013-09-03 06:04:00,0.0,3104.5,2013-09-03 04:36:00,True,2013-09-03 04:35:00,0.0,0.0,False,,,
NQ,2013-09-03,Tuesday,RDR,3110.75,3098.25,12.5,3112.75,3097.75,15.0,True,SHORT,2013-09-03 11:25:00,3094.75,True,True,True,0.1,1.78,1.78,3076.0,2013-09-03 13:59:00,0.02,3098.5,2013-09-03 12:09:00,True,2013-09-03 11:36:00,0.02,0.02,True,3098.5,2013-09-03 12:09:00,0.02
NQ,2013-09-04,Wednesday,ADR,3088.5,3086.75,1.75,3088.5,3086.5,2.0,True,LONG,2013-09-03 21:40:00,3089.25,True,True,True,4.2857,0.2857,4.2857,3096.0,2013-09-04 01:28:00,0.1429,3088.25,2013-09-03 22:14:00,True,2013-09-03 21:46:00,0.1429,0.1429,True,3088.5,2013-09-03 21:50:00,0.0
NQ,2013-09-04,Wednesday,ODR,3093.75,3085.0,8.75,3094.0,3084.0,10.0,False,,,,,,,0.0857,0.2,,,,,,,False,,,,False,,,
NQ,2013-09-04,Wednesday,RDR,3115.25,3095.0,20.25,3115.75,3091.5,24.25,True,LONG,2013-09-04 10:35:00,3116.25,True,True,True,0.679,0.0,0.679,3129.0,2013-09-04 13:22:00,0.1605,3112.0,2013-09-04 10:47:00,True,2013-09-04 11:51:00,0.1605,0.0,True,3115.0,2013-09-04 10:40:00,0.0123
NQ,2013-09-05,Thursday,ADR,3132.0,3130.0,2.0,3132.25,3130.0,2.25,True,SHORT,2013-09-04 20:30:00,3129.5,False,True,False,0.875,0.375,0.375,3129.25,2013-09-04 20:36:00,1.875,3133.75,2013-09-05 01:05:00,False,,0.0,,True,3130.0,2013-09-04 20:40:00,0.0
NQ,2013-09-05,Thursday,ODR,3134.25,3127.75,6.5,3134.75,3127.25,7.5,True,SHORT,2013-09-05 04:45:00,3126.0,True,True,False,0.0,0.4615,0.4615,3124.75,2013-09-05 05:43:00,0.7692,3132.75,2013-09-05 06:40:00,False,,0.3846,,True,3129.25,2013-09-05 04:54:00,0.2308
NQ,2013-09-05,Thursday,RDR,3136.75,3125.5,11.25,3137.5,3124.5,13.0,False,,,,,,,0.0,0.0667,,,,,,,False,,,,False,,,
NQ,2013-09-06,Friday,ADR,3130.5,3126.5,4.0,3130.5,3126.5,4.0,True,SHORT,2013-09-05 20:35:00,3126.0,True,True,False,0.0,1.5625,1.5625,3120.25,2013-09-05 21:05:00,0.25,3127.5,2013-09-06 00:10:00,True,2013-09-05 20:54:00,0.0,0.25,True,3126.5,2013-09-05 23:05:00,0.0
NQ,2013-09-06,Friday,ODR,3134.5,3128.5,6.0,3135.0,3128.25,6.75,True,LONG,2013-09-06 07:30:00,3135.25,True,True,True,1.125,0.0417,1.125,3141.25,2013-09-06 08:08:00,0.0,3134.5,2013-09-06 07:35:00,True,2013-09-06 08:03:00,0.0,0.0,True,3134.5,2013-09-06 07:35:00,0.0
NQ,2013-09-06,Friday,RDR,3139.5,3100.5,39.0,3142.25,3096.5,45.75,True,LONG,2013-09-06 13:45:00,3144.25,True,True,False,0.2436,0.0,0.2436,3149.0,2013-09-06 13:50:00,0.1923,3132.0,2013-09-06 15:58:00,False,,0.0,,True,3138.0,2013-09-06 15:08:00,0.0385
NQ,2013-09-09,Monday,ADR,3139.0,3136.25,2.75,3139.25,3136.0,3.25,True,SHORT,2013-09-08 22:05:00,3135.75,False,True,False,1.3636,0.2727,0.2727,3135.5,2013-09-08 22:12:00,2.3636,3142.75,2013-09-08 23:39:00,False,,0.0,,True,3136.5,2013-09-08 22:14:00,0.0909
NQ,2013-09-09,Monday,ODR,3143.0,3140.5,2.5,3143.75,3139.25,4.5,True,LONG,2013-09-09 04:10:00,3144.5,True,True,True,1.3,0.2,1.3,3146.25,2013-09-09 06:35:00,1.2,3140.0,2013-09-09 07:01:00,True,2013-09-09 04:15:00,0.7,1.2,True,3143.0,2013-09-09 04:53:00,0.0
NQ,2013-09-09,Monday,RDR,3155.25,3144.75,10.5,3156.75,3144.75,12.0,True,LONG,2013-09-09 11:40:00,3157.0,True,False,,1.881,0.0,1.881,3175.0,2013-09-09 14:19:00,0.0,3156.5,2013-09-09 11:46:00,True,2013-09-09 12:12:00,0.0,0.0,False,,,
NQ,2013-09-10,Tuesday,ADR,3171.38,3169.75,1.6300000000001091,3171.5,3169.5,2.0,True,SHORT,2013-09-09 20:55:00,3168.75,False,True,False,1.9141,1.5337,1.5337,3167.25,2013-09-09 21:06:00,2.9141,3174.5,2013-09-10 01:35:00,True,2013-09-09 21:01:00,0.0,2.9141,True,3169.75,2013-09-09 22:19:00,0.0
NQ,2013-09-10,Tuesday,ODR,3182.25,3174.25,8.0,3182.75,3173.75,9.0,True,LONG,2013-09-10 04:20:00,3183.0,True,True,True,0.8438,0.0,0.8438,3189.0,2013-09-10 07:48:00,0.3438,3179.5,2013-09-10 05:23:00,True,2013-09-10 07:36:00,0.3438,0.0,True,3182.0,2013-09-10 04:40:00,0.0312
NQ,2013-09-10,Tuesday,RDR,3187.0,3180.0,7.0,3187.25,3179.0,8.25,True,LONG,2013-09-10 10:40:00,3188.25,False,True,False,0.3214,0.9643,0.3214,3189.25,2013-09-10 11:28:00,1.9643,3173.25,2013-09-10 14:35:00,False,,0.4643,,True,3186.5,2013-09-10 10:45:00,0.0714
NQ,2013-09-11,Wednesday,ADR,3182.5,3180.5,2.0,3183.0,3180.5,2.5,True,SHORT,2013-09-10 21:05:00,3180.0,False,True,False,2.625,0.375,0.375,3179.75,2013-09-11 00:40:00,3.625,3187.75,2013-09-10 21:14:00,False,,3.625,,True,3181.0,2013-09-10 21:10:00,0.25
NQ,2013-09-11,Wednesday,ODR,3179.0,3176.0,3.0,3180.25,3175.75,4.5,True,SHORT,2013-09-11 04:20:00,3175.5,False,True,True,0.3333,2.9167,2.9167,3167.25,2013-09-11 07:52:00,1.3333,3180.0,2013-09-11 04:53:00,True,2013-09-11 07:22:00,1.3333,0.0,True,3176.0,2013-09-11 04:25:00,0.0
NQ,2013-09-11,Wednesday,RDR,3171.25,3161.0,10.25,3173.5,3159.75,13.75,True,LONG,2013-09-11 12:10:00,3176.25,True,False,,0.9268,0.122,0.9268,3180.75,2013-09-11 14:49:00,0.0,3172.5,2013-09-11 12:45:00,True,2013-09-11 12:19:00,0.0,0.0,False,,,
NQ,2013-09-12,Thursday,ADR,3182.0,3180.0,2.0,3182.0,3180.0,2.0,True,SHORT,2013-09-11 20:50:00,3179.5,False,True,True,0.625,0.625,0.625,3178.75,2013-09-12 01:00:00,1.625,3183.25,2013-09-11 21:23:00,True,2013-09-11 21:45:00,1.625,0.75,True,3180.5,2013-09-11 21:05:00,0.25
NQ,2013-09-12,Thursday,ODR,3178.75,3177.0,1.75,3179.0,3176.75,2.25,True,LONG,2013-09-12 04:00:00,3179.25,False,True,True,3.1429,1.8571,3.1429,3184.25,2013-09-12 08:03:00,2.8571,3173.75,2013-09-12 05:32:00,True,2013-09-12 06:32:00,2.8571,0.2857,True,3178.25,2013-09-12 04:05:00,0.2857
NQ,2013-09-12,Thursday,RDR,3183.25,3173.75,9.5,3183.5,3170.25,13.25,True,LONG,2013-09-12 10:30:00,3184.25,False,True,False,0.3421,0.1842,0.3421,3186.5,2013-09-12 10:47:00,1.1842,3172.0,2013-09-12 15:51:00,False,,0.1053,,True,3182.25,2013-09-12 10:35:00,0.1053
NQ,2013-09-13,Friday,ADR,3180.75,3177.75,3.0,3181.25,3177.5,3.75,True,LONG,2013-09-12 20:45:00,3181.5,False,True,False,0.3333,1.75,0.3333,3181.75,2013-09-12 20:55:00,2.75,3172.5,2013-09-13 01:39:00,False,,0.0,,True,3180.5,2013-09-12 21:06:00,0.0833
NQ,2013-09-13,Friday,ODR,3180.5,3174.75,5.75,3181.25,3174.5,6.75,False,,,,,,,0.1739,0.0435,,,,,,,False,,,,False,,,
NQ,2013-09-13,Friday,RDR,3180.25,3163.0,17.25,3182.25,3161.75,20.5,False,,,,,,,0.0,0.0,,,,,,,False,,,,False,,,
NQ,2013-09-16,Monday,ADR,3214.0,3209.5,4.5,3214.0,3209.25,4.75,True,SHORT,2013-09-15 21:40:00,3209.0,True,True,False,0.0,0.2778,0.2778,3208.25,2013-09-15 22:05:00,0.5,3211.75,2013-09-15 23:11:00,False,,0.0,,True,3209.5,2013-09-15 22:20:00,0.0
NQ,2013-09-16,Monday,ODR,3209.25,3205.0,4.25,3209.25,3204.75,4.5,True,LONG,2013-09-16 04:00:00,3209.5,False,True,False,1.0,0.2353,1.0,3213.5,2013-09-16 04:31:00,1.2353,3204.0,2013-09-16 08:28:00,True,2013-09-16 04:11:00,0.0,1.2353,True,3209.25,2013-09-16 04:05:00,0.0
NQ,2013-09-16,Monday,RDR,3204.5,3185.5,19.0,3205.5,3184.0,21.5,True,SHORT,2013-09-16 10:40:00,3181.5,True,True,True,0.0,1.1974,1.1974,3162.75,2013-09-16 15:44:00,0.1447,3188.25,2013-09-16 11:42:00,True,2013-09-16 13:41:00,0.1447,0.0,True,3185.75,2013-09-16 11:21:00,0.0132
NQ,2013-09-17,Tuesday,ADR,3166.88,3163.25,3.630000000000109,3166.88,3163.0,3.880000000000109,True,LONG,2013-09-16 22:40:00,3167.0,True,True,False,0.584,0.0,0.584,3169.0,2013-09-16 23:20:00,1.0,3163.25,2013-09-17 01:36:00,True,2013-09-16 23:20:00,0.1047,1.0,True,3166.5,2013-09-16 22:46:00,0.1047
NQ,2013-09-17,Tuesday,ODR,3168.0,3164.25,3.75,3169.25,3163.75,5.5,True,SHORT,2013-09-17 04:15:00,3163.25,False,True,False,0.8667,0.3333,0.3333,3163.0,2013-09-17 04:28:00,1.8667,3171.25,2013-09-17 08:19:00,False,,0.0,,True,3164.25,2013-09-17 04:24:00,0.0
NQ,2013-09-17,Tuesday,RDR,3187.75,3177.0,10.75,3189.0,3176.5,12.5,True,LONG,2013-09-17 11:00:00,3189.5,True,True,True,0.7442,0.0,0.7442,3195.75,2013-09-17 14:27:00,0.1163,3186.5,2013-09-17 11:56:00,True,2013-09-17 12:59:00,0.1163,0.0,True,3187.75,2013-09-17 11:50:00,0.0
NQ,2013-09-18,Wednesday,ADR,3195.75,3192.75,3.0,3195.75,3192.75,3.0,True,LONG,2013-09-17 21:00:00,3196.0,True,True,True,1.0,0.0,1.0,3198.75,2013-09-17 22:18:00,0.29,3194.88,2013-09-17 23:18:00,True,2013-09-17 21:44:00,0.0833,0.29,True,3195.75,2013-09-17 21:05:00,0.0
NQ,2013-09-18,Wednesday,ODR,3197.25,3194.5,2.75,3198.0,3194.25,3.75,True,LONG,2013-09-18 04:05:00,3198.25,True,True,True,1.4545,0.0,1.4545,3201.25,2013-09-18 05:49:00,0.0,3197.25,2013-09-18 08:17:00,True,2013-09-18 04:10:00,0.0,0.0,True,3197.25,2013-09-18 08:17:00,0.0
NQ,2013-09-18,Wednesday,RDR,3200.25,3196.25,4.0,3201.0,3194.75,6.25,True,SHORT,2013-09-18 11:15:00,3194.5,False,True,False,8.9375,1.625,1.625,3189.75,2013-09-18 12:00:00,9.9375,3236.0,2013-09-18 15:03:00,True,2013-09-18 11:20:00,0.0625,9.9375,True,3196.5,2013-09-18 11:36:00,0.0625
NQ,2013-09-19,Thursday,ADR,3236.25,3233.0,3.25,3237.25,3233.0,4.25,True,LONG,2013-09-19 01:55:00,3237.5,True,,,0.4615,0.0,,,,,,,False,,,,False,,,
NQ,2013-09-19,Thursday,ODR,3239.0,3234.75,4.25,3239.0,3234.75,4.25,True,LONG,2013-09-19 05:15:00,3239.5,True,True,False,0.7647,0.0,0.7647,3242.25,2013-09-19 05:34:00,1.0,3234.75,2013-09-19 08:28:00,True,2013-09-19 05:31:00,0.0,1.0,True,3239.0,2013-09-19 07:14:00,0.0
NQ,2013-09-19,Thursday,RDR,3244.25,3232.25,12.0,3244.5,3232.0,12.5,False,,,,,,,0.0,0.0,,,,,,,False,,,,False,,,
NQ,2013-09-20,Friday,ADR,3237.25,3235.38,1.8699999999998909,3237.25,3235.38,1.8699999999998909,True,SHORT,2013-09-19 21:05:00,3234.63,False,True,False,0.4011,0.6043,0.6043,3234.25,2013-09-19 21:10:00,1.4011,3238.0,2013-09-20 01:42:00,True,2013-09-19 21:10:00,0.0,1.4011,True,3235.38,2013-09-19 21:45:00,0.0
NQ,2013-09-20,Friday,ODR,3242.5,3237.5,5.0,3242.75,3237.13,5.619999999999891,True,LONG,2013-09-20 04:30:00,3243.25,True,True,False,0.4,0.0,0.4,3244.5,2013-09-20 07:17:00,0.75,3238.75,2013-09-20 08:20:00,False,,0.4,,True,3242.5,2013-09-20 04:36:00,0.0
NQ,2013-09-23,Monday,ADR,3219.5,3216.0,3.5,3219.5,3215.5,4.0,True,LONG,2013-09-22 21:45:00,3220.75,True,False,,1.7143,0.0,1.7143,3225.5,2013-09-23 01:42:00,0.0,3219.88,2013-09-22 21:53:00,True,2013-09-22 21:57:00,0.0,0.0,False,,,
NQ,2013-09-23,Monday,ODR,3226.0,3220.75,5.25,3226.75,3220.25,6.5,True,LONG,2013-09-23 04:10:00,3227.75,False,True,False,0.7143,1.7143,0.7143,3229.75,2013-09-23 04:29:00,2.7143,3211.75,2013-09-23 08:04:00,True,2013-09-23 04:15:00,0.0,2.7143,True,3226.0,2013-09-23 05:06:00,0.0
NQ,2013-09-23,Monday,RDR,3234.25,3214.0,20.25,3236.75,3210.5,26.25,True,SHORT,2013-09-23 10:50:00,3209.25,True,True,True,0.0,0.7901,0.7901,3198.0,2013-09-23 11:11:00,0.358,3221.25,2013-09-23 14:01:00,True,2013-09-23 10:58:00,0.0,0.358,True,3214.75,2013-09-23 12:53:00,0.037
NQ,2013-09-24,Tuesday,ADR,3211.25,3207.25,4.0,3211.25,3207.0,4.25,True,SHORT,2013-09-23 21:45:00,3206.75,True,True,False,0.0,0.4375,0.4375,3205.5,2013-09-23 23:18:00,0.75,3210.25,2013-09-24 01:54:00,False,,0.0,,True,3207.25,2013-09-23 22:19:00,0.0
NQ,2013-09-24,Tuesday,ODR,3214.25,3210.25,4.0,3214.75,3210.0,4.75,True,SHORT,2013-09-24 04:05:00,3209.5,False,True,False,0.3125,0.375,0.375,3208.75,2013-09-24 04:12:00,1.3125,3215.5,2013-09-24 05:03:00,False,,0.0,,True,3210.25,2013-09-24 04:14:00,0.0
NQ,2013-09-24,Tuesday,RDR,3220.0,3204.5,15.5,3220.75,3202.75,18.0,True,LONG,2013-09-24 10:40:00,3221.25,True,True,False,0.6774,0.0,0.6774,3230.5,2013-09-24 13:49:00,0.8065,3207.5,2013-09-24 15:58:00,True,2013-09-24 11:19:00,0.0,0.8065,True,3220.0,2013-09-24 15:00:00,0.0
NQ,2013-09-25,Wednesday,ADR,3214.5,3213.13,1.3699999999998909,3214.75,3213.0,1.75,True,LONG,2013-09-24 20:30:00,3215.0,True,True,True,2.1898,0.0,2.1898,3217.5,2013-09-24 21:51:00,0.1825,3214.25,2013-09-24 20:41:00,True,2013-09-24 20:50:00,0.1825,0.0,True,3214.5,2013-09-24 20:35:00,0.0
NQ,2013-09-25,Wednesday,ODR,3213.5,3208.25,5.25,3214.75,3207.25,7.5,True,SHORT,2013-09-25 04:00:00,3205.75,False,True,False,1.0952,0.5714,0.5714,3205.25,2013-09-25 04:05:00,2.0952,3219.25,2013-09-25 05:21:00,True,2013-09-25 04:05:00,0.0,2.0952,True,3209.0,2013-09-25 04:38:00,0.1429
NQ,2013-09-25,Wednesday,RDR,3215.25,3198.25,17.0,3215.25,3195.75,19.5,True,LONG,2013-09-25 11:25:00,3216.5,True,True,False,0.3088,0.0,0.3088,3220.5,2013-09-25 12:19:00,0.9559,3199.0,2013-09-25 13:44:00,False,,0.0294,,True,3215.25,2013-09-25 11:43:00,0.0
NQ,2013-09-26,Thursday,ADR,3205.25,3203.5,1.75,3205.25,3203.25,2.0,True,SHORT,2013-09-25 20:30:00,3203.0,False,True,False,4.8571,0.4286,0.4286,3202.75,2013-09-25 20:35:00,5.8571,3213.75,2013-09-26 01:59:00,False,,0.0,,True,3203.5,2013-09-25 20:36:00,0.0
NQ,2013-09-26,Thursday,ODR,3218.5,3214.0,4.5,3218.5,3213.75,4.75,True,SHORT,2013-09-26 04:25:00,3212.5,True,True,True,0.0,1.3333,1.3333,3208.0,2013-09-26 06:40:00,0.1667,3214.75,2013-09-26 07:39:00,True,2013-09-26 04:30:00,0.0,0.1667,True,3214.0,2013-09-26 05:26:00,0.0
NQ,2013-09-26,Thursday,RDR,3234.75,3215.5,19.25,3235.0,3215.5,19.5,False,,,,,,,0.0,0.0909,,,,,,,False,,,,False,,,
NQ,2013-09-27,Friday,ODR,3229.25,3222.25,7.0,3230.25,3222.25,8.0,True,SHORT,2013-09-27 04:45:00,3222.0,True,True,True,0.0,1.4286,1.4286,3212.25,2013-09-27 08:22:00,0.1071,3223.0,2013-09-27 05:10:00,True,2013-09-27 05:21:00,0.1071,0.0,True,3222.25,2013-09-27 04:50:00,0.0
NQ,2013-09-27,Friday,RDR,3217.75,3207.25,10.5,3218.75,3203.25,15.5,True,LONG,2013-09-27 10:30:00,3221.5,True,True,True,1.0,0.0,1.0,3228.25,2013-09-27 12:21:00,0.2857,3214.75,2013-09-27 15:07:00,True,2013-09-27 10:35:00,0.0,0.2857,True,3217.75,2013-09-27 11:06:00,0.0
NQ,2013-09-30,Monday,ADR,3207.25,3202.0,5.25,3207.75,3201.5,6.25,True,SHORT,2013-09-29 20:30:00,3200.5,False,True,False,0.4286,0.3333,0.2857,3200.5,2013-09-29 20:35:00,1.4286,3209.5,2013-09-29 23:42:00,False,,0.0,,True,3203.25,2013-09-29 20:41:00,0.2381
NQ,2013-09-30,Monday,ODR,3205.75,3201.0,4.75,3207.25,3200.0,7.25,True,SHORT,2013-09-30 06:30:00,3199.5,True,True,True,0.2105,1.0526,1.0526,3196.0,2013-09-30 08:05:00,0.1053,3201.5,2013-09-30 07:31:00,True,2013-09-30 06:42:00,0.1053,0.1053,True,3201.25,2013-09-30 07:26:00,0.0526
NQ,2013-09-30,Monday,RDR,3209.5,3189.0,20.5,3211.75,3178.25,33.5,True,LONG,2013-09-30 10:35:00,3212.0,True,True,True,0.6463,0.0,0.6463,3222.75,2013-09-30 13:18:00,0.2439,3204.5,2013-09-30 15:50:00,True,2013-09-30 11:58:00,0.061,0.2439,True,3208.5,2013-09-30 11:14:00,0.0488
NQ,2013-10-01,Tuesday,ADR,3219.25,3216.75,2.5,3219.25,3216.25,3.0,True,LONG,2013-09-30 21:00:00,3219.5,False,True,False,4.2,0.9,4.2,3229.75,2013-09-30 22:05:00,1.9,3214.5,2013-10-01 00:06:00,True,2013-09-30 21:06:00,0.7,1.9,True,3218.75,2013-09-30 21:16:00,0.2
NQ,2013-10-01,Tuesday,ODR,3227.5,3220.25,7.25,3228.5,3220.0,8.5,True,SHORT,2013-10-01 05:15:00,3219.75,True,True,True,0.1379,0.931,0.931,3213.5,2013-10-01 08:19:00,0.5862,3224.5,2013-10-01 05:52:00,True,2013-10-01 07:40:00,0.5862,0.0,True,3221.25,2013-10-01 05:24:00,0.1379
NQ,2013-10-01,Tuesday,RDR,3231.0,3214.25,16.75,3231.0,3213.0,18.0,True,LONG,2013-10-01 10:30:00,3236.75,True,False,,1.0448,0.0,1.0448,3248.5,2013-10-01 12:29:00,0.0,3231.5,2013-10-01 15:08:00,True,2013-10-01 10:56:00,0.0,0.0,False,,,
NQ,2013-10-02,Wednesday,ADR,3247.25,3245.75,1.5,3247.25,3245.63,1.6199999999998909,True,SHORT,2013-10-01 21:05:00,3245.25,True,True,True,0.0,4.0,4.0,3239.75,2013-10-02 01:39:00,0.3333,3246.25,2013-10-01 21:13:00,True,2013-10-01 21:10:00,0.3333,0.3333,True,3246.0,2013-10-01 21:12:00,0.1667
NQ,2013-10-02,Wednesday,ODR,3240.0,3225.5,14.5,3240.0,3225.25,14.75,True,SHORT,2013-10-02 04:25:00,3224.5,True,True,False,0.0,0.1379,0.1207,3223.75,2013-10-02 04:32:00,0.7759,3236.75,2013-10-02 07:35:00,False,,0.0,,True,3225.75,2013-10-02 04:34:00,0.0172
NQ,2013-10-02,Wednesday,RDR,3236.75,3223.0,13.75,3237.25,3220.75,16.5,True,LONG,2013-10-02 11:15:00,3239.0,True,True,True,0.9455,0.0,0.9455,3249.75,2013-10-02 13:49:00,0.1818,3234.25,2013-10-02 11:42:00,True,2013-10-02 12:17:00,0.1818,0.0,True,3236.5,2013-10-02 11:21:00,0.0182
NQ,2013-10-03,Thursday,ADR,3230.75,3224.0,6.75,3231.0,3223.0,8.0,True,LONG,2013-10-02 21:15:00,3232.0,True,False,,1.0741,0.0,1.0741,3238.0,2013-10-02 23:10:00,0.0,3231.25,2013-10-02 21:33:00,True,2013-10-02 22:10:00,0.0,0.0,False,,,
NQ,2013-10-03,Thursday,ODR,3239.0,3234.25,4.75,3239.25,3234.25,5.0,True,SHORT,2013-10-03 04:30:00,3233.75,True,True,False,0.0,0.8421,0.8421,3230.25,2013-10-03 05:51:00,0.6842,3237.5,2013-10-03 05:03:00,True,2013-10-03 04:38:00,0.6842,0.6842,True,3234.25,2013-10-03 04:41:00,0.0
NQ,2013-10-03,Thursday,RDR,3244.25,3215.75,28.5,3248.0,3214.75,33.25,True,SHORT,2013-10-03 10:40:00,3214.5,True,True,True,0.0,0.9298,0.9298,3189.25,2013-10-03 12:03:00,0.2368,3222.5,2013-10-03 11:08:00,True,2013-10-03 11:41:00,0.2368,0.0175,True,3216.0,2013-10-03 10:48:00,0.0088
NQ,2013-10-04,Friday,ADR,3205.5,3204.0,1.5,3205.5,3203.75,1.75,True,SHORT,2013-10-03 20:35:00,3203.5,False,True,True,1.8333,3.1667,3.1667,3199.25,2013-10-04 01:50:00,2.8333,3208.25,2013-10-03 22:46:00,True,2013-10-03 20:40:00,2.8333,2.8333,True,3204.0,2013-10-03 21:43:00,0.0
NQ,2013-10-04,Friday,ODR,3207.25,3203.0,4.25,3208.25,3202.5,5.75,True,LONG,2013-10-04 04:35:00,3208.75,True,True,True,1.6471,0.0,1.6471,3214.25,2013-10-04 07:04:00,0.2941,3206.0,2013-10-04 08:07:00,True,2013-10-04 04:43:00,0.0,0.2941,True,3207.0,2013-10-04 08:06:00,0.0588
NQ,2013-10-04,Friday,RDR,3224.75,3206.5,18.25,3226.25,3204.0,22.25,True,LONG,2013-10-04 12:15:00,3228.0,True,False,,0.7945,0.0,0.7945,3239.25,2013-10-04 14:53:00,0.0,3227.75,2013-10-04 12:21:00,True,2013-10-04 12:35:00,0.0,0.0,False,,,
NQ,2013-10-07,Monday,ADR,3224.75,3222.25,2.5,3225.0,3222.0,3.0,True,SHORT,2013-10-06 21:45:00,3218.75,True,False,,0.1,1.9,1.9,3217.5,2013-10-06 22:44:00,0.0,3220.75,2013-10-07 01:32:00,True,2013-10-06 21:50:00,0.0,0.0,False,,,
NQ,2013-10-07,Monday,ODR,3218.25,3202.25,16.0,3218.25,3202.25,16.0,True,SHORT,2013-10-07 04:00:00,3202.0,True,True,False,0.0,0.0312,0.0312,3201.75,2013-10-07 04:08:00,0.625,3212.25,2013-10-07 07:46:00,False,,0.0156,,True,3202.5,2013-10-07 04:05:00,0.0156
NQ,2013-10-07,Monday,RDR,3229.75,3206.0,23.75,3232.25,3204.75,27.5,False,,,,,,,0.1158,0.0,,,,,,,False,,,,False,,,
NQ,2013-10-08,Tuesday,ADR,3207.0,3204.5,2.5,3207.0,3204.5,2.5,True,SHORT,2013-10-07 20:45:00,3203.75,False,True,False,1.6,2.6,2.6,3198.0,2013-10-07 21:08:00,2.6,3211.0,2013-10-08 01:52:00,True,2013-10-07 20:51:00,0.0,2.6,True,3204.5,2013-10-07 21:47:00,0.0
NQ,2013-10-08,Tuesday,ODR,3211.75,3207.0,4.75,3213.0,3206.0,7.0,True,SHORT,2013-10-08 05:10:00,3205.75,False,True,False,0.5263,0.8421,0.8421,3203.0,2013-10-08 05:35:00,1.5263,3214.25,2013-10-08 08:20:00,True,2013-10-08 05:33:00,0.0,1.5263,True,3207.25,2013-10-08 06:14:00,0.0526
NQ,2013-10-08,Tuesday,RDR,3208.25,3196.25,12.0,3210.75,3194.0,16.75,True,SHORT,2013-10-08 10:35:00,3191.0,True,False,,0.0,4.3333,4.3333,3144.25,2013-10-08 14:21:00,0.0,3190.75,2013-10-08 10:40:00,True,2013-10-08 10:40:00,0.0,0.0,False,,,
NQ,2013-10-09,Wednesday,ADR,3161.0,3156.5,4.5,3161.75,3156.0,5.75,False,,,,,,,0.0,0.2222,,,,,,,False,,,,False,,,
NQ,2013-10-09,Wednesday,ODR,3159.25,3156.25,3.0,3159.75,3154.0,5.75,True,LONG,2013-10-09 04:10:00,3161.25,False,True,False,1.5833,0.9167,1.5833,3164.0,2013-10-09 05:17:00,1.9167,3153.5,2013-10-09 08:12:00,True,2013-10-09 04:15:00,0.9167,1.9167,True,3158.75,2013-10-09 04:17:00,0.1667
NQ,2013-10-09,Wednesday,RDR,3152.75,3129.5,23.25,3154.25,3125.0,29.25,True,SHORT,2013-10-09 11:05:00,3119.5,True,True,False,0.0,0.8172,0.8172,3110.5,2013-10-09 11:22:00,0.828,3148.75,2013-10-09 15:34:00,True,2013-10-09 11:14:00,0.0,0.828,True,3130.25,2013-10-09 13:14:00,0.0323
NQ,2013-10-10,Thursday,ADR,3139.75,3136.75,3.0,3139.75,3136.5,3.25,True,LONG,2013-10-09 21:50:00,3140.25,True,True,True,1.6667,0.0833,1.6667,3144.75,2013-10-10 01:02:00,0.6667,3137.75,2013-10-09 22:58:00,True,2013-10-09 21:57:00,0.6667,0.6667,True,3139.75,2013-10-09 22:01:00,0.0
NQ,2013-10-10,Thursday,ODR,3152.0,3141.75,10.25,3153.25,3141.25,12.0,True,LONG,2013-10-10 04:05:00,3154.5,True,False,,1.1463,0.0,1.1463,3163.75,2013-10-10 08:16:00,0.0,3153.0,2013-10-10 04:23:00,True,2013-10-10 05:16:00,0.0,0.0,False,,,
NQ,2013-10-10,Thursday,RDR,3186.0,3168.5,17.5,3187.0,3168.5,18.5,True,LONG,2013-10-10 10:40:00,3187.25,True,True,True,1.2857,0.0,1.2857,3208.5,2013-10-10 15:14:00,0.4429,3178.25,2013-10-10 11:07:00,True,2013-10-10 11:54:00,0.4429,0.0,True,3184.0,2013-10-10 10:54:00,0.1143
NQ,2013-10-11,Friday,ADR,3196.5,3189.25,7.25,3196.75,3188.5,8.25,True,LONG,2013-10-10 21:45:00,3198.0,True,True,True,0.8966,0.0,0.8966,3203.0,2013-10-10 23:06:00,0.1724,3195.25,2013-10-11 01:15:00,True,2013-10-10 22:59:00,0.0,0.1724,True,3196.25,2013-10-11 01:09:00,0.0345
NQ,2013-10-11,Friday,ODR,3197.75,3193.75,4.0,3198.0,3193.0,5.0,True,LONG,2013-10-11 04:25:00,3198.25,False,True,False,1.0625,0.4375,1.0625,3202.0,2013-10-11 05:00:00,1.4375,3192.0,2013-10-11 08:23:00,True,2013-10-11 04:31:00,0.0,1.4375,True,3197.5,2013-10-11 06:17:00,0.0625
NQ,2013-10-11,Friday,RDR,3213.25,3193.75,19.5,3214.5,3193.75,20.75,True,LONG,2013-10-11 11:35:00,3215.75,True,False,,0.8462,0.0,0.8462,3229.75,2013-10-11 13:08:00,0.0,3214.5,2013-10-11 11:40:00,True,2013-10-11 11:56:00,0.0,0.0,False,,,
NQ,2013-10-14,Monday,ADR,3209.75,3203.25,6.5,3210.0,3202.5,7.5,True,LONG,2013-10-13 21:35:00,3210.25,True,True,False,0.4231,0.0385,0.4231,3212.5,2013-10-13 21:51:00,0.6154,3205.75,2013-10-14 01:39:00,False,,0.0,,True,3209.0,2013-10-13 22:21:00,0.1154
NQ,2013-10-14,Monday,ODR,3215.0,3206.25,8.75,3215.25,3205.25,10.0,True,SHORT,2013-10-14 08:25:00,3204.75,True,,,0.0,0.2286,,,,,,,False,,,,False,,,
NQ,2013-10-14,Monday,RDR,3220.0,3207.25,12.75,3222.25,3204.5,17.75,True,LONG,2013-10-14 11:35:00,3224.0,True,False,,2.3529,0.0,2.3529,3250.0,2013-10-14 15:59:00,0.0,3222.75,2013-10-14 11:43:00,True,2013-10-14 11:50:00,0.0,0.0,False,,,
NQ,2013-10-15,Tuesday,ADR,3258.5,3251.75,6.75,3258.5,3251.75,6.75,True,SHORT,2013-10-14 21:55:00,3251.5,True,True,True,0.0,0.2963,0.2963,3249.75,2013-10-15 01:58:00,0.4815,3255.0,2013-10-14 23:36:00,False,,0.4815,,True,3251.75,2013-10-14 22:00:00,0.0
NQ,2013-10-15,Tuesday,ODR,3253.0,3249.0,4.0,3254.75,3248.75,6.0,True,LONG,2013-10-15 05:10:00,3255.0,False,True,False,1.25,0.4375,1.25,3258.0,2013-10-15 05:30:00,1.4375,3247.25,2013-10-15 08:22:00,True,2013-10-15 05:15:00,0.0,1.4375,True,3253.0,2013-10-15 07:37:00,0.0
NQ,2013-10-15,Tuesday,RDR,3255.25,3242.25,13.0,3257.25,3240.0,17.25,True,LONG,2013-10-15 11:20:00,3261.5,False,True,False,0.5962,0.6346,0.5962,3263.0,2013-10-15 11:25:00,1.6346,3234.0,2013-10-15 14:48:00,True,2013-10-15 11:25:00,0.0,1.6346,True,3254.5,2013-10-15 11:37:00,0.0577
NQ,2013-10-16,Wednesday,ADR,3259.13,3245.25,13.88000000000011,3260.5,3243.5,17.0,False,,,,,,,0.0,0.0,,,,,,,False,,,,False,,,
NQ,2013-10-16,Wednesday,ODR,3251.0,3246.5,4.5,3251.25,3245.0,6.25,True,SHORT,2013-10-16 05:30:00,3244.5,False,True,False,0.8333,1.0,1.0,3242.0,2013-10-16 06:49:00,1.8333,3254.75,2013-10-16 08:28:00,True,2013-10-16 05:37:00,0.0,1.8333,True,3247.5,2013-10-16 07:02:00,0.2222
NQ,2013-10-16,Wednesday,RDR,3270.0,3251.75,18.25,3272.25,3250.5,21.75,True,LONG,2013-10-16 11:00:00,3273.75,True,True,True,0.3425,0.0,0.3425,3276.25,2013-10-16 11:12:00,0.2603,3265.25,2013-10-16 15:03:00,False,,0.0,,True,3269.75,2013-10-16 11:50:00,0.0137
NQ,2013-10-17,Thursday,ADR,3267.75,3265.75,2.0,3268.25,3265.75,2.5,True,SHORT,2013-10-16 21:50:00,3265.5,True,True,True,0.25,2.75,2.75,3260.25,2013-10-16 22:15:00,1.0,3267.75,2013-10-16 22:11:00,True,2013-10-16 22:06:00,1.0,1.0,True,3265.75,2013-10-16 21:59:00,0.0
NQ,2013-10-17,Thursday,ODR,3266.5,3260.0,6.5,3266.5,3259.75,6.75,True,SHORT,2013-10-17 04:00:00,3257.0,True,True,False,0.0,0.5769,0.5769,3256.25,2013-10-17 04:05:00,0.8846,3265.75,2013-10-17 06:26:00,True,2013-10-17 04:05:00,0.0,0.8846,True,3260.0,2013-10-17 04:16:00,0.0
NQ,2013-10-17,Thursday,RDR,3272.25,3259.0,13.25,3273.5,3256.5,17.0,True,LONG,2013-10-17 11:00:00,3275.75,True,False,,1.6604,0.0,1.6604,3294.25,2013-10-17 15:51:00,0.0,3274.5,2013-10-17 11:05:00,True,2013-10-17 11:24:00,0.0,0.0,False,,,
NQ,2013-10-18,Friday,ADR,3316.0,3313.75,2.25,3316.0,3312.25,3.75,True,SHORT,2013-10-17 22:15:00,3312.0,False,True,False,1.6667,1.0,1.0,3311.5,2013-10-17 22:20:00,2.6667,3319.75,2013-10-18 01:54:00,True,2013-10-17 22:20:00,0.0,2.6667,True,3313.75,2013-10-17 22:49:00,0.0
NQ,2013-10-18,Friday,ODR,3316.75,3312.25,4.5,3316.75,3311.0,5.75,True,LONG,2013-10-18 07:40:00,3317.5,True,True,True,0.9444,0.1111,0.9444,3321.0,2013-10-18 08:22:00,0.0556,3316.5,2013-10-18 07:46:00,True,2013-10-18 08:01:00,0.0556,0.0,True,3316.5,2013-10-18 07:46:00,0.0556
NQ,2013-10-18,Friday,RDR,3334.0,3314.5,19.5,3334.25,3313.75,20.5,True,LONG,2013-10-18 12:50:00,3335.25,True,True,True,0.7051,0.0,0.7051,3347.75,2013-10-18 14:43:00,0.0,3334.0,2013-10-18 12:57:00,True,2013-10-18 13:56:00,0.0,0.0,True,3334.0,2013-10-18 12:57:00,0.0
NQ,2013-10-21,Monday,ADR,3348.75,3346.0,2.75,3349.5,3345.88,3.619999999999891,True,SHORT,2013-10-20 21:00:00,3345.5,False,True,False,0.5455,0.5455,0.5455,3344.5,2013-10-20 21:07:00,1.5455,3350.25,2013-10-21 01:59:00,True,2013-10-20 21:07:00,0.0,1.5455,True,3346.0,2013-10-20 21:14:00,0.0
NQ,2013-10-21,Monday,ODR,3349.5,3345.0,4.5,3349.75,3344.75,5.0,True,LONG,2013-10-21 07:35:00,3350.25,True,True,True,0.5,0.0,0.5,3351.75,2013-10-21 08:18:00,0.2778,3348.25,2013-10-21 07:56:00,True,2013-10-21 08:18:00,0.2778,0.0,True,3349.0,2013-10-21 07:47:00,0.1111
NQ,2013-10-21,Monday,RDR,3361.0,3352.0,9.0,3361.75,3346.75,15.0,True,SHORT,2013-10-21 14:20:00,3345.0,True,True,False,0.0,0.9722,0.9722,3343.25,2013-10-21 14:27:00,0.1944,3353.75,2013-10-21 15:59:00,True,2013-10-21 14:25:00,0.0,0.1944,True,3352.75,2013-10-21 15:16:00,0.0833
NQ,2013-10-22,Tuesday,ADR,3355.0,3352.25,2.75,3355.25,3352.25,3.0,True,SHORT,2013-10-21 21:05:00,3352.0,False,True,False,0.0909,0.1818,0.1818,3351.75,2013-10-21 21:10:00,1.0909,3355.25,2013-10-22 01:39:00,False,,0.0,,True,3352.25,2013-10-21 21:11:00,0.0
NQ,2013-10-22,Tuesday,ODR,3356.0,3352.5,3.5,3356.25,3351.5,4.75,True,LONG,2013-10-22 07:35:00,3356.5,True,True,True,2.0,0.0,2.0,3363.0,2013-10-22 08:19:00,0.5,3354.25,2013-10-22 07:58:00,True,2013-10-22 08:05:00,0.5,0.0,True,3356.0,2013-10-22 07:43:00,0.0
NQ,2013-10-22,Tuesday,RDR,3376.0,3365.75,10.25,3377.0,3364.25,12.75,True,SHORT,2013-10-22 10:40:00,3359.5,True,True,True,0.0,2.6829,2.6829,3338.25,2013-10-22 10:56:00,0.0732,3366.5,2013-10-22 15:14:00,True,2013-10-22 10:45:00,0.0,0.0732,True,3366.5,2013-10-22 15:14:00,0.0732
NQ,2013-10-23,Wednesday,ODR,3342.0,3334.5,7.5,3343.0,3334.0,9.0,True,SHORT,2013-10-23 04:05:00,3333.75,True,True,False,0.0,0.1333,0.1333,3333.5,2013-10-23 06:40:00,0.8,3340.5,2013-10-23 08:28:00,False,,0.7667,,True,3334.75,2013-10-23 04:11:00,0.0333
NQ,2013-10-23,Wednesday,RDR,3346.25,3331.75,14.5,3348.75,3328.75,20.0,True,SHORT,2013-10-23 10:50:00,3323.5,True,True,False,0.0,0.6552,0.6034,3323.0,2013-10-23 10:55:00,0.6034,3340.5,2013-10-23 14:45:00,True,2013-10-23 10:55:00,0.0,0.6034,True,3332.75,2013-10-23 11:24:00,0.069
NQ,2013-10-24,Thursday,ADR,3346.0,3340.75,5.25,3346.0,3340.5,5.5,True,LONG,2013-10-23 21:10:00,3347.0,True,True,True,1.8571,0.0,1.8571,3355.75,2013-10-24 01:59:00,0.8095,3341.75,2013-10-23 21:33:00,True,2013-10-23 21:56:00,0.8095,0.0952,True,3345.75,2013-10-23 21:15:00,0.0476
NQ,2013-10-24,Thursday,ODR,3355.75,3351.0,4.75,3356.5,3350.25,6.25,True,SHORT,2013-10-24 04:00:00,3349.25,False,True,True,0.1053,0.8947,0.8947,3346.75,2013-10-24 08:26:00,1.1053,3356.25,2013-10-24 06:39:00,True,2013-10-24 04:11:00,1.1053,1.1053,True,3351.25,2013-10-24 04:24:00,0.0526
NQ,2013-10-24,Thursday,RDR,3348.25,3339.75,8.5,3349.75,3335.5,14.25,True,LONG,2013-10-24 11:05:00,3353.75,True,False,,1.3824,0.0,1.3824,3360.0,2013-10-24 12:59:00,0.0,3350.75,2013-10-24 15:44:00,True,2013-10-24 11:10:00,0.0,0.0,False,,,
NQ,2013-10-25,Friday,ADR,3377.25,3375.25,2.0,3377.25,3374.75,2.5,True,SHORT,2013-10-24 20:45:00,3374.5,False,True,True,0.75,2.25,2.25,3370.75,2013-10-25 01:59:00,1.75,3378.75,2013-10-24 21:22:00,True,2013-10-24 20:55:00,1.75,1.75,True,3375.5,2013-10-24 21:11:00,0.125
NQ,2013-10-25,Friday,ODR,3371.75,3369.25,2.5,3372.75,3369.0,3.75,True,LONG,2013-10-25 04:50:00,3374.0,True,False,,4.5,0.3,4.5,3383.0,2013-10-25 07:30:00,0.0,3373.0,2013-10-25 05:08:00,True,2013-10-25 04:55:00,0.0,0.0,False,,,
NQ,2013-10-25,Friday,RDR,3390.75,3376.75,14.0,3392.5,3375.5,17.0,True,SHORT,2013-10-25 11:00:00,3375.25,True,True,True,0.0,1.1071,1.1071,3361.25,2013-10-25 12:14:00,0.0536,3377.5,2013-10-25 14:08:00,True,2013-10-25 11:47:00,0.0357,0.0536,True,3377.25,2013-10-25 11:05:00,0.0357
NQ,2013-10-28,Monday,ADR,3382.75,3373.25,9.5,3383.75,3373.25,10.5,True,LONG,2013-10-27 21:05:00,3384.25,True,True,True,0.7105,0.0,0.7105,3389.5,2013-10-27 21:46:00,0.0526,3382.25,2013-10-27 21:20:00,True,2013-10-27 21:43:00,0.0526,0.0,True,3382.75,2013-10-27 21:19:00,0.0
NQ,2013-10-28,Monday,ODR,3387.0,3383.75,3.25,3387.0,3383.5,3.5,True,SHORT,2013-10-28 04:10:00,3382.75,True,True,True,0.0,3.2308,3.2308,3373.25,2013-10-28 08:22:00,1.0,3387.0,2013-10-28 06:02:00,True,2013-10-28 04:33:00,1.0,1.0,True,3383.75,2013-10-28 04:17:00,0.0
NQ,2013-10-28,Monday,RDR,3378.25,3371.5,6.75,3380.25,3369.75,10.5,True,SHORT,2013-10-28 10:50:00,3367.0,False,True,False,0.7778,1.2222,1.2222,3363.25,2013-10-28 10:59:00,1.7778,3383.5,2013-10-28 14:25:00,True,2013-10-28 10:55:00,0.0,1.7778,True,3371.5,2013-10-28 11:37:00,0.0
NQ,2013-10-29,Tuesday,ADR,3373.25,3369.5,3.75,3373.75,3368.25,5.5,True,LONG,2013-10-28 21:20:00,3375.0,True,True,True,1.2,0.0,1.2,3377.75,2013-10-28 21:31:00,0.2667,3372.25,2013-10-28 23:08:00,True,2013-10-28 21:25:00,0.0,0.2667,True,3373.25,2013-10-28 22:54:00,0.0
NQ,2013-10-29,Tuesday,ODR,3376.75,3373.25,3.5,3377.25,3373.25,4.0,True,LONG,2013-10-29 04:05:00,3379.0,True,False,,3.0714,0.0,3.0714,3387.5,2013-10-29 07:46:00,0.0,3378.25,2013-10-29 04:11:00,True,2013-10-29 04:10:00,0.0,0.0,False,,,
NQ,2013-10-29,Tuesday,RDR,3389.75,3372.5,17.25,3391.75,3368.75,23.0,False,,,,,,,0.0,0.1159,,,,,,,False,,,,False,,,
NQ,2013-10-30,Wednesday,ADR,3387.25,3385.0,2.25,3387.25,3384.5,2.75,True,LONG,2013-10-29 21:45:00,3388.0,True,True,True,1.3333,0.1111,1.3333,3390.25,2013-10-30 01:54:00,0.0,3387.25,2013-10-29 22:44:00,True,2013-10-29 21:53:00,0.0,0.0,True,3387.25,2013-10-29 22:44:00,0.0
NQ,2013-10-30,Wednesday,ODR,3391.75,3389.25,2.5,3392.0,3388.75,3.25,True,LONG,2013-10-30 04:15:00,3393.5,True,False,,3.2,0.0,3.2,3399.75,2013-10-30 05:49:00,0.0,3393.25,2013-10-30 04:20:00,True,2013-10-30 04:20:00,0.0,0.0,False,,,
NQ,2013-10-30,Wednesday,RDR,3399.5,3386.75,12.75,3401.25,3385.5,15.75,True,SHORT,2013-10-30 11:35:00,3382.0,True,True,True,0.0,1.7059,1.7059,3365.0,2013-10-30 14:27:00,0.3725,3391.5,2013-10-30 14:07:00,True,2013-10-30 11:50:00,0.3725,0.3725,True,3387.25,2013-10-30 12:52:00,0.0392
NQ,2013-10-31,Thursday,ADR,3373.5,3370.5,3.0,3374.25,3370.0,4.25,True,SHORT,2013-10-30 21:05:00,3369.5,False,True,False,0.6667,0.5,0.5,3369.0,2013-10-30 21:21:00,1.6667,3375.5,2013-10-30 23:40:00,True,2013-10-30 21:21:00,0.0,1.6667,True,3370.75,2013-10-30 21:29:00,0.0833
NQ,2013-10-31,Thursday,ODR,3375.75,3373.25,2.5,3376.25,3372.75,3.5,True,LONG,2013-10-31 04:10:00,3378.0,True,True,True,2.7,0.0,2.7,3382.5,2013-10-31 08:26:00,1.0,3373.25,2013-10-31 05:24:00,True,2013-10-31 04:15:00,1.0,1.0,True,3375.5,2013-10-31 04:24:00,0.1
NQ,2013-10-31,Thursday,RDR,3381.25,3364.5,16.75,3385.25,3360.75,24.5,True,LONG,2013-10-31 11:25:00,3385.5,True,True,False,0.7463,0.1045,0.7463,3393.75,2013-10-31 14:20:00,0.5373,3372.25,2013-10-31 15:59:00,True,2013-10-31 11:51:00,0.0,0.5373,True,3381.0,2013-10-31 15:01:00,0.0149
NQ,2013-11-01,Friday,ADR,3375.75,3374.0,1.75,3376.0,3374.0,2.0,True,SHORT,2013-10-31 21:45:00,3373.5,True,True,False,0.1429,1.5714,1.5714,3371.25,2013-11-01 00:04:00,1.1429,3376.0,2013-11-01 01:55:00,True,2013-10-31 21:50:00,1.0,1.1429,True,3374.0,2013-10-31 21:52:00,0.0
NQ,2013-11-01,Friday,ODR,3379.25,3375.75,3.5,3379.25,3375.75,3.5,True,SHORT,2013-11-01 04:00:00,3375.0,False,True,False,0.4286,0.9286,0.9286,3372.5,2013-11-01 04:22:00,1.4286,3380.75,2013-11-01 08:22:00,True,2013-11-01 04:14:00,0.0714,1.4286,True,3376.0,2013-11-01 04:09:00,0.0714
NQ,2013-11-01,Friday,RDR,3385.75,3370.25,15.5,3388.25,3369.25,19.0,True,SHORT,2013-11-01 11:05:00,3367.75,True,True,False,0.0,0.8387,0.8387,3357.25,2013-11-01 13:23:00,0.371,3376.0,2013-11-01 15:50:00,True,2013-11-01 11:15:00,0.0323,0.371,True,3370.75,2013-11-01 12:27:00,0.0323
NQ,2013-11-04,Monday,ADR,3373.25,3369.25,4.0,3374.25,3369.25,5.0,True,LONG,2013-11-03 20:55:00,3375.75,True,True,True,1.4375,0.0,1.4375,3379.0,2013-11-03 21:25:00,0.0625,3373.0,2013-11-03 22:29:00,True,2013-11-03 21:00:00,0.0,0.0625,True,3373.25,2013-11-03 22:14:00,0.0
NQ,2013-11-04,Monday,ODR,3377.5,3371.0,6.5,3377.5,3370.5,7.0,True,LONG,2013-11-04 04:15:00,3378.25,True,True,True,1.0769,0.0,1.0769,3384.5,2013-11-04 07:38:00,0.5385,3374.0,2013-11-04 05:30:00,True,2013-11-04 06:31:00,0.5385,0.0,True,3377.5,2013-11-04 04:24:00,0.0
NQ,2013-11-04,Monday,RDR,3384.5,3369.75,14.75,3384.75,3366.75,18.0,False,,,,,,,0.0,0.1525,,,,,,,False,,,,False,,,
NQ,2013-11-05,Tuesday,ADR,3378.5,3377.0,1.5,3378.5,3376.75,1.75,True,SHORT,2013-11-04 20:30:00,3375.5,True,True,False,0.0,1.6667,1.6667,3374.5,2013-11-04 21:12:00,1.0,3378.5,2013-11-05 00:56:00,True,2013-11-04 20:35:00,0.0,1.0,True,3377.0,2013-11-04 22:48:00,0.0
NQ,2013-11-05,Tuesday,ODR,3377.5,3372.0,5.5,3377.5,3371.75,5.75,True,SHORT,2013-11-05 04:30:00,3370.5,True,False,,0.0,1.3182,1.3182,3364.75,2013-11-05 04:50:00,0.0,3371.0,2013-11-05 04:36:00,True,2013-11-05 04:47:00,0.0,0.0,False,,,
NQ,2013-11-05,Tuesday,RDR,3367.0,3360.5,6.5,3370.5,3355.75,14.75,True,LONG,2013-11-05 10:45:00,3371.0,True,False,,3.5769,0.0,3.5769,3390.25,2013-11-05 15:09:00,0.0,3371.0,2013-11-05 10:50:00,True,2013-11-05 10:50:00,0.0,0.0,False,,,
NQ,2013-11-06,Wednesday,ADR,3384.25,3382.0,2.25,3385.5,3382.0,3.5,True,LONG,2013-11-05 22:30:00,3386.75,True,False,,6.0,0.0,6.0,3397.75,2013-11-05 23:31:00,0.0,3386.5,2013-11-05 22:35:00,True,2013-11-05 22:35:00,0.0,0.0,False,,,
NQ,2013-11-06,Wednesday,ODR,3394.25,3392.25,2.0,3396.5,3392.25,4.25,True,SHORT,2013-11-06 04:10:00,3391.0,False,True,True,0.25,1.125,1.125,3390.0,2013-11-06 04:18:00,1.25,3394.75,2013-11-06 06:01:00,True,2013-11-06 04:15:00,0.0,1.25,True,3392.25,2013-11-06 04:29:00,0.0
NQ,2013-11-06,Wednesday,RDR,3395.75,3383.0,12.75,3397.75,3383.0,14.75,True,SHORT,2013-11-06 10:30:00,3382.75,True,True,True,0.0,1.0,1.0,3370.25,2013-11-06 11:03:00,0.1569,3385.0,2013-11-06 10:37:00,True,2013-11-06 10:53:00,0.1569,0.0,True,3383.25,2013-11-06 10:35:00,0.0196
NQ,2013-11-07,Thursday,ADR,3373.75,3369.0,4.75,3374.0,3368.75,5.25,False,,,,,,,0.1053,0.0,,,,,,,False,,,,False,,,
NQ,2013-11-07,Thursday,ODR,3375.0,3371.5,3.5,3375.25,3370.0,5.25,True,SHORT,2013-11-07 04:20:00,3369.75,False,True,False,3.3571,0.6429,0.6429,3369.25,2013-11-07 04:35:00,4.3571,3386.75,2013-11-07 08:02:00,True,2013-11-07 04:25:00,0.0,4.3571,True,3371.75,2013-11-07 04:41:00,0.0714
NQ,2013-11-07,Thursday,RDR,3384.0,3344.5,39.5,3386.0,3342.5,43.5,True,SHORT,2013-11-07 10:30:00,3341.25,True,True,True,0.0,0.7722,0.7722,3314.0,2013-11-07 15:51:00,0.1835,3351.75,2013-11-07 10:55:00,True,2013-11-07 14:30:00,0.1835,0.0,True,3345.25,2013-11-07 10:41:00,0.019
NQ,2013-11-08,Friday,ADR,3326.0,3323.25,2.75,3326.0,3323.25,2.75,True,LONG,2013-11-07 21:35:00,3326.5,True,True,False,0.5455,0.0,0.5455,3327.5,2013-11-07 21:41:00,0.9091,3323.5,2013-11-08 01:11:00,True,2013-11-07 21:41:00,0.0,0.9091,True,3326.0,2013-11-07 21:43:00,0.0
NQ,2013-11-08,Friday,ODR,3330.5,3325.75,4.75,3330.75,3324.75,6.0,True,LONG,2013-11-08 04:10:00,3331.75,False,True,False,0.6316,0.6842,0.6316,3333.5,2013-11-08 08:28:00,1.6842,3322.5,2013-11-08 08:06:00,True,2013-11-08 08:28:00,1.6842,1.2884,True,3330.5,2013-11-08 04:33:00,0.0
NQ,2013-11-08,Friday,RDR,3342.75,3323.75,19.0,3344.25,3320.5,23.75,True,LONG,2013-11-08 10:30:00,3349.0,True,True,True,1.0526,0.0,1.0526,3362.75,2013-11-08 15:59:00,0.1447,3340.0,2013-11-08 10:53:00,True,2013-11-08 11:55:00,0.1447,0.0,True,3342.0,2013-11-08 10:43:00,0.0395
NQ,2013-11-11,Monday,ADR,3357.75,3355.0,2.75,3358.0,3354.75,3.25,True,SHORT,2013-11-10 20:30:00,3354.25,True,True,False,0.0,0.7273,0.7273,3353.0,2013-11-10 22:44:00,0.9091,3357.5,2013-11-11 00:55:00,True,2013-11-10 20:50:00,0.3636,0.9091,True,3356.0,2013-11-10 20:38:00,0.3636
NQ,2013-11-11,Monday,ODR,3357.0,3353.75,3.25,3357.0,3353.25,3.75,True,LONG,2013-11-11 04:20:00,3358.0,True,True,True,1.7692,0.0,1.7692,3362.75,2013-11-11 07:52:00,0.1538,3356.5,2013-11-11 04:32:00,True,2013-11-11 05:12:00,0.1538,0.0,True,3357.0,2013-11-11 04:28:00,0.0
NQ,2013-11-11,Monday,RDR,3364.25,3351.75,12.5,3365.25,3348.75,16.5,True,SHORT,2013-11-11 11:00:00,3346.5,True,True,False,0.0,0.5,0.48,3345.75,2013-11-11 11:05:00,0.84,3362.25,2013-11-11 13:09:00,False,,0.0,,True,3351.75,2013-11-11 11:23:00,0.0
NQ,2013-11-12,Tuesday,ADR,3356.5,3355.0,1.5,3356.75,3354.5,2.25,True,SHORT,2013-11-11 20:30:00,3354.0,False,True,True,1.0,1.3333,1.3333,3353.0,2013-11-11 21:50:00,2.0,3358.0,2013-11-12 01:04:00,True,2013-11-11 20:35:00,0.1667,2.0,True,3355.0,2013-11-11 20:35:00,0.0
NQ,2013-11-12,Tuesday,ODR,3354.25,3348.25,6.0,3355.5,3347.75,7.75,True,SHORT,2013-11-12 04:00:00,3347.5,True,True,True,0.0,0.75,0.75,3343.75,2013-11-12 08:19:00,0.5,3351.25,2013-11-12 07:48:00,True,2013-11-12 04:15:00,0.5,0.5,True,3348.75,2013-11-12 04:07:00,0.0833
NQ,2013-11-12,Tuesday,RDR,3363.75,3346.0,17.75,3365.0,3344.5,20.5,False,,,,,,,0.1549,0.0,,,,,,,False,,,,False,,,
NQ,2013-11-13,Wednesday,ADR,3363.75,3357.5,6.25,3364.0,3357.25,6.75,True,SHORT,2013-11-12 22:20:00,3357.0,True,False,,0.0,1.52,1.52,3348.0,2013-11-12 23:39:00,0.0,3356.75,2013-11-12 22:25:00,True,2013-11-12 22:41:00,0.0,0.0,False,,,
NQ,2013-11-13,Wednesday,ODR,3360.25,3352.25,8.0,3360.75,3352.0,8.75,True,SHORT,2013-11-13 07:35:00,3351.75,True,True,True,0.0,0.9062,0.9062,3345.0,2013-11-13 08:15:00,0.0,3352.25,2013-11-13 07:51:00,True,2013-11-13 08:09:00,0.0,0.0,True,3352.25,2013-11-13 07:51:00,0.0
NQ,2013-11-13,Wednesday,RDR,3360.0,3339.75,20.25,3362.75,3339.75,23.0,True,LONG,2013-11-13 10:40:00,3364.5,True,False,,2.1235,0.0,2.1235,3403.0,2013-11-13 15:59:00,0.0,3360.75,2013-11-13 11:17:00,True,2013-11-13 12:21:00,0.0,0.0,False,,,
NQ,2013-11-14,Thursday,ADR,3399.0,3396.75,2.25,3399.0,3396.75,2.25,True,SHORT,2013-11-13 20:30:00,3396.0,False,True,False,1.0,1.2222,1.2222,3394.0,2013-11-13 20:55:00,2.0,3401.25,2013-11-14 01:32:00,True,2013-11-13 20:36:00,0.0,2.0,True,3397.0,2013-11-13 21:45:00,0.1111
NQ,2013-11-14,Thursday,ODR,3401.5,3397.25,4.25,3402.75,3397.25,5.5,True,SHORT,2013-11-14 04:05:00,3396.0,True,True,True,0.0,1.4118,1.4118,3391.25,2013-11-14 06:44:00,0.5294,3399.5,2013-11-14 04:35:00,True,2013-11-14 05:06:00,0.5294,0.0,True,3397.25,2013-11-14 04:13:00,0.0
NQ,2013-11-14,Thursday,RDR,3399.0,3390.5,8.5,3399.5,3386.75,12.75,True,LONG,2013-11-14 10:30:00,3403.75,True,True,True,1.9706,0.0,1.9706,3415.75,2013-11-14 15:47:00,0.0,3399.0,2013-11-14 12:16:00,True,2013-11-14 10:35:00,0.0,0.0,True,3399.0,2013-11-14 12:16:00,0.0
NQ,2013-11-15,Friday,ADR,3413.0,3410.25,2.75,3413.0,3410.25,2.75,True,LONG,2013-11-14 20:35:00,3413.5,True,True,True,2.0,0.0,2.0,3418.5,2013-11-14 22:59:00,0.1818,3412.5,2013-11-14 21:21:00,True,2013-11-14 21:46:00,0.1818,0.0,True,3412.75,2013-11-14 20:58:00,0.0909
NQ,2013-11-15,Friday,ODR,3417.75,3415.25,2.5,3418.5,3414.5,4.0,True,LONG,2013-11-15 06:10:00,3419.0,False,True,False,1.3,0.4,1.3,3421.0,2013-11-15 06:38:00,1.4,3414.25,2013-11-15 07:43:00,True,2013-11-15 06:15:00,0.2,1.4,True,3417.5,2013-11-15 06:25:00,0.1
NQ,2013-11-15,Friday,RDR,3415.0,3407.25,7.75,3415.5,3405.25,10.25,True,LONG,2013-11-15 14:30:00,3415.75,True,True,True,0.6129,0.0645,0.6129,3419.75,2013-11-15 15:59:00,0.129,3414.0,2013-11-15 14:52:00,True,2013-11-15 15:28:00,0.129,0.0,True,3415.0,2013-11-15 14:39:00,0.0
NQ,2013-11-18,Monday,ADR,3416.0,3414.25,1.75,3416.0,3414.25,1.75,True,LONG,2013-11-17 20:55:00,3416.25,False,True,True,0.5714,0.5714,0.5714,3417.0,2013-11-17 22:43:00,1.5714,3413.25,2013-11-17 23:13:00,True,2013-11-17 22:43:00,0.8571,1.5714,True,3415.5,2013-11-17 21:00:00,0.2857
NQ,2013-11-18,Monday,ODR,3416.75,3412.0,4.75,3417.25,3411.5,5.75,True,LONG,2013-11-18 04:55:00,3417.5,True,True,False,0.8947,0.0526,0.8947,3421.0,2013-11-18 05:12:00,0.2632,3415.5,2013-11-18 08:15:00,True,2013-11-18 05:04:00,0.0,0.2632,True,3416.5,2013-11-18 08:08:00,0.0526
NQ,2013-11-18,Monday,RDR,3424.75,3407.25,17.5,3425.5,3405.25,20.25,True,SHORT,2013-11-18 14:45:00,3403.75,True,False,,0.0,1.5571,1.5571,3380.0,2013-11-18 15:32:00,0.0,3406.0,2013-11-18 14:54:00,True,2013-11-18 15:02:00,0.0,0.0,False,,,
NQ,2013-11-19,Tuesday,ADR,3388.75,3384.75,4.0,3389.0,3384.5,4.5,True,SHORT,2013-11-18 20:35:00,3383.75,False,True,False,0.3125,0.9375,0.9375,3381.0,2013-11-18 20:55:00,1.3125,3390.0,2013-11-19 00:46:00,True,2013-11-18 20:43:00,0.0,1.3125,True,3385.0,2013-11-18 21:10:00,0.0625
NQ,2013-11-19,Tuesday,ODR,3387.5,3378.25,9.25,3388.25,3378.0,10.25,True,SHORT,2013-11-19 05:10:00,3377.75,True,True,False,0.0,0.2432,0.2432,3376.0,2013-11-19 05:20:00,0.5676,3383.5,2013-11-19 06:34:00,False,,0.0,,True,3378.25,2013-11-19 05:36:00,0.0
NQ,2013-11-19,Tuesday,RDR,3398.75,3382.25,16.5,3400.25,3377.25,23.0,True,SHORT,2013-11-19 13:20:00,3377.0,True,True,True,0.0,0.697,0.697,3370.75,2013-11-19 14:28:00,0.2576,3386.5,2013-11-19 15:16:00,True,2013-11-19 13:29:00,0.0,0.2576,True,3382.25,2013-11-19 14:48:00,0.0
NQ,2013-11-20,Wednesday,ADR,3378.75,3375.5,3.25,3379.25,3375.0,4.25,False,,,,,,,0.0,0.3077,,,,,,,False,,,,False,,,
NQ,2013-11-20,Wednesday,ODR,3381.0,3375.0,6.0,3381.75,3374.25,7.5,True,SHORT,2013-11-20 05:45:00,3372.5,False,True,False,0.25,0.7083,0.7083,3370.75,2013-11-20 05:53:00,1.25,3382.5,2013-11-20 08:26:00,True,2013-11-20 05:50:00,0.0,1.25,True,3375.25,2013-11-20 06:35:00,0.0417
NQ,2013-11-20,Wednesday,RDR,3395.0,3381.0,14.0,3397.5,3379.25,18.25,True,SHORT,2013-11-20 14:05:00,3379.0,True,False,,0.0,1.625,1.625,3358.25,2013-11-20 15:09:00,0.0,3380.25,2013-11-20 14:28:00,True,2013-11-20 14:12:00,0.0,0.0,False,,,
NQ,2013-11-21,Thursday,ADR,3368.75,3366.5,2.25,3369.0,3366.25,2.75,True,SHORT,2013-11-20 20:45:00,3365.25,True,True,True,0.0,2.2222,2.2222,3361.5,2013-11-21 00:00:00,0.0,3366.5,2013-11-20 20:56:00,True,2013-11-20 20:50:00,0.0,0.0,True,3366.5,2013-11-20 20:56:00,0.0
NQ,2013-11-21,Thursday,ODR,3367.25,3362.25,5.0,3367.25,3360.25,7.0,True,LONG,2013-11-21 04:20:00,3368.0,True,False,,2.8,0.0,2.8,3381.25,2013-11-21 08:20:00,0.0,3367.75,2013-11-21 04:25:00,True,2013-11-21 04:28:00,0.0,0.0,False,,,
NQ,2013-11-21,Thursday,RDR,3392.25,3381.5,10.75,3394.5,3379.75,14.75,True,LONG,2013-11-21 13:40:00,3395.25,True,False,,1.2558,0.0,1.2558,3405.75,2013-11-21 14:50:00,0.0,3395.0,2013-11-21 13:47:00,True,2013-11-21 13:51:00,0.0,0.0,False,,,
NQ,2013-11-22,Friday,ADR,3404.5,3403.0,1.5,3404.5,3403.0,1.5,True,SHORT,2013-11-21 20:40:00,3402.75,True,True,True,0.0,1.8333,1.8333,3400.25,2013-11-22 00:47:00,1.0,3404.5,2013-11-21 21:43:00,True,2013-11-21 22:53:00,1.0,0.1667,True,3403.25,2013-11-21 20:45:00,0.1667
NQ,2013-11-22,Friday,ODR,3407.25,3402.5,4.75,3408.0,3402.0,6.0,True,SHORT,2013-11-22 05:00:00,3401.75,True,True,False,0.0526,0.5789,0.5789,3399.75,2013-11-22 05:58:00,0.9474,3407.0,2013-11-22 08:18:00,True,2013-11-22 05:58:00,0.7368,0.9474,True,3402.75,2013-11-22 05:07:00,0.0526
NQ,2013-11-22,Friday,RDR,3416.75,3407.0,9.75,3418.75,3406.25,12.5,True,LONG,2013-11-22 11:40:00,3419.25,True,True,True,0.5641,0.0,0.5641,3422.25,2013-11-22 12:21:00,0.2821,3414.0,2013-11-22 13:58:00,True,2013-11-22 12:20:00,0.0,0.2821,True,3416.25,2013-11-22 13:41:00,0.0513
NQ,2013-11-25,Monday,ADR,3434.75,3430.5,4.25,3435.25,3430.0,5.25,True,SHORT,2013-11-24 21:05:00,3429.75,True,True,True,0.0,0.4706,0.4706,3428.5,2013-11-24 23:37:00,0.1176,3431.0,2013-11-24 22:35:00,False,,0.1176,,True,3430.5,2013-11-24 21:50:00,0.0
NQ,2013-11-25,Monday,ODR,3434.25,3430.0,4.25,3434.75,3429.75,5.0,False,,,,,,,0.0588,0.0,,,,,,,False,,,,False,,,
NQ,2013-11-25,Monday,RDR,3436.25,3422.25,14.0,3437.25,3420.75,16.5,False,,,,,,,0.0,0.0357,,,,,,,False,,,,False,,,
NQ,2013-11-26,Tuesday,ADR,3432.0,3427.75,4.25,3432.0,3427.75,4.25,True,LONG,2013-11-25 20:30:00,3434.0,True,True,True,0.7059,0.0,0.7059,3435.0,2013-11-25 20:37:00,0.1765,3431.25,2013-11-25 21:56:00,True,2013-11-25 20:35:00,0.0,0.1765,True,3432.0,2013-11-25 21:50:00,0.0
NQ,2013-11-26,Tuesday,ODR,3434.75,3431.0,3.75,3435.0,3430.75,4.25,True,SHORT,2013-11-26 04:05:00,3430.25,True,True,False,0.0,1.1333,1.1333,3426.75,2013-11-26 06:30:00,0.4667,3432.75,2013-11-26 07:33:00,True,2013-11-26 04:39:00,0.0667,0.4667,True,3431.25,2013-11-26 04:16:00,0.0667
NQ,2013-11-26,Tuesday,RDR,3435.0,3425.0,10.0,3435.25,3422.75,12.5,True,LONG,2013-11-26 10:55:00,3435.5,True,False,,2.075,0.0,2.075,3455.75,2013-11-26 15:27:00,0.0,3435.25,2013-11-26 11:00:00,True,2013-11-26 11:18:00,0.0,0.0,False,,,
NQ,2013-11-27,Wednesday,ADR,3448.75,3446.75,2.0,3449.0,3446.75,2.25,False,,,,,,,0.25,0.0,,,,,,,False,,,,False,,,
NQ,2013-11-27,Wednesday,ODR,3450.25,3447.75,2.5,3450.5,3447.5,3.0,True,LONG,2013-11-27 04:00:00,3450.75,True,True,True,1.2,0.0,1.2,3453.25,2013-11-27 05:07:00,0.2,3449.75,2013-11-27 06:25:00,True,2013-11-27 04:05:00,0.0,0.2,True,3450.0,2013-11-27 06:24:00,0.1
NQ,2013-11-27,Wednesday,RDR,3466.5,3454.5,12.0,3467.25,3451.5,15.75,True,LONG,2013-11-27 11:35:00,3467.75,True,True,True,0.4583,0.0,0.4583,3472.0,2013-11-27 15:57:00,0.5208,3460.25,2013-11-27 13:02:00,False,,0.5208,,True,3466.25,2013-11-27 11:42:00,0.0208
NQ,2013-11-28,Thursday,ADR,3472.25,3471.75,0.5,3472.25,3471.5,0.75,True,LONG,2013-11-27 20:40:00,3472.5,True,True,True,13.0,0.0,13.0,3478.75,2013-11-28 01:06:00,0.0,3472.25,2013-11-27 20:46:00,True,2013-11-27 20:45:00,0.0,0.0,True,3472.25,2013-11-27 20:46:00,0.0
NQ,2013-11-28,Thursday,ODR,3477.5,3475.0,2.5,3477.5,3474.75,2.75,True,LONG,2013-11-28 04:10:00,3478.0,True,False,,2.2,0.0,2.2,3483.0,2013-11-28 06:40:00,0.0,3478.25,2013-11-28 04:15:00,True,2013-11-28 04:15:00,0.0,0.0,False,,,
NQ,2013-11-28,Thursday,RDR,3483.75,3481.5,2.25,3483.75,3481.5,2.25,False,,,,,,,0.0,0.0,,,,,,,False,,,,False,,,
NQ,2013-11-29,Friday,ADR,3482.25,3481.0,1.25,3482.25,3481.0,1.25,True,LONG,2013-11-28 20:45:00,3482.5,True,True,False,1.4,0.0,1.4,3484.0,2013-11-28 22:57:00,1.0,3481.0,2013-11-28 23:42:00,True,2013-11-28 20:53:00,0.4,1.0,True,3482.25,2013-11-28 21:21:00,0.0
NQ,2013-11-29,Friday,ODR,3483.75,3481.25,2.5,3483.75,3481.25,2.5,True,SHORT,2013-11-29 04:05:00,3481.0,False,True,False,1.2,0.1,0.0,3481.25,2013-11-29 04:10:00,2.2,3486.75,2013-11-29 07:22:00,False,,0.2,,True,3481.75,2013-11-29 04:10:00,0.2
NQ,2013-11-29,Friday,RDR,3490.5,3484.0,6.5,3491.25,3481.5,9.75,True,LONG,2013-11-29 10:30:00,3491.75,True,True,True,0.8846,0.0,0.8846,3496.25,2013-11-29 11:46:00,0.8846,3484.75,2013-11-29 12:51:00,True,2013-11-29 11:17:00,0.3077,0.8846,True,3489.75,2013-11-29 10:37:00,0.1154
NQ,2013-12-02,Monday,ADR,3493.75,3491.75,2.0,3493.75,3491.5,2.25,True,LONG,2013-12-01 20:45:00,3494.0,True,True,False,0.75,0.0,0.75,3495.25,2013-12-01 22:08:00,0.875,3492.0,2013-12-02 00:05:00,True,2013-12-01 21:06:00,0.25,0.875,True,3493.75,2013-12-01 20:51:00,0.0
NQ,2013-12-02,Monday,ODR,3497.0,3489.5,7.5,3497.25,3489.0,8.25,True,SHORT,2013-12-02 05:15:00,3487.75,True,True,False,0.0,0.3,0.3,3487.25,2013-12-02 05:27:00,0.7,3494.75,2013-12-02 07:59:00,False,,0.0,,True,3489.5,2013-12-02 05:55:00,0.0
NQ,2013-12-02,Monday,RDR,3499.0,3485.5,13.5,3501.0,3482.75,18.25,True,SHORT,2013-12-02 15:30:00,3479.75,True,False,,0.0,0.6481,0.6481,3476.75,2013-12-02 15:58:00,0.0,3483.25,2013-12-02 15:40:00,True,2013-12-02 15:52:00,0.0,0.0,False,,,
NQ,2013-12-03,Tuesday,ADR,3486.75,3484.5,2.25,3487.0,3484.5,2.5,True,SHORT,2013-12-03 00:05:00,3484.25,True,True,True,0.0,0.5556,0.5556,3483.25,2013-12-03 01:45:00,0.4444,3485.5,2013-12-03 00:40:00,True,2013-12-03 01:45:00,0.4444,0.0,True,3484.5,2013-12-03 00:10:00,0.0
NQ,2013-12-03,Tuesday,ODR,3485.0,3482.5,2.5,3485.25,3481.75,3.5,True,SHORT,2013-12-03 05:00:00,3481.5,True,True,True,0.0,2.7,2.7,3475.75,2013-12-03 06:13:00,0.2,3483.0,2013-12-03 05:07:00,True,2013-12-03 05:05:00,0.2,0.2,True,3482.5,2013-12-03 05:06:00,0.0
NQ,2013-12-03,Tuesday,RDR,3487.5,3478.0,9.5,3488.5,3475.25,13.25,True,SHORT,2013-12-03 11:30:00,3474.75,True,True,False,0.0,1.2632,1.2632,3466.0,2013-12-03 14:17:00,0.2368,3480.25,2013-12-03 15:57:00,True,2013-12-03 11:35:00,0.0,0.2368,True,3478.0,2013-12-03 15:49:00,0.0
NQ,2013-12-04,Wednesday,ADR,3478.5,3475.5,3.0,3478.75,3475.5,3.25,True,SHORT,2013-12-03 20:30:00,3475.25,False,True,False,0.1667,0.5,0.5,3474.0,2013-12-03 20:38:00,1.1667,3479.0,2013-12-03 22:08:00,True,2013-12-03 20:38:00,0.0,1.1667,True,3476.0,2013-12-03 20:48:00,0.1667
NQ,2013-12-04,Wednesday,ODR,3482.0,3477.75,4.25,3482.0,3477.75,4.25,True,LONG,2013-12-04 04:00:00,3483.75,False,True,False,0.7647,2.4706,0.7647,3485.25,2013-12-04 04:10:00,3.4706,3467.25,2013-12-04 08:19:00,True,2013-12-04 04:05:00,0.0,3.4706,True,3481.75,2013-12-04 05:21:00,0.0588
NQ,2013-12-04,Wednesday,RDR,3490.0,3464.75,25.25,3491.5,3463.0,28.5,True,LONG,2013-12-04 10:55:00,3493.75,False,True,False,0.1485,0.4554,0.1386,3493.5,2013-12-04 11:00:00,1.4554,3453.25,2013-12-04 13:31:00,False,,0.0,,True,3489.75,2013-12-04 11:02:00,0.0099
NQ,2013-12-05,Thursday,ADR,3481.75,3479.75,2.0,3482.0,3479.5,2.5,True,LONG,2013-12-04 21:25:00,3482.25,False,True,False,0.625,0.375,0.625,3483.0,2013-12-04 22:36:00,1.375,3479.0,2013-12-05 00:47:00,True,2013-12-04 22:31:00,0.375,1.375,True,3481.75,2013-12-04 21:35:00,0.0
NQ,2013-12-05,Thursday,ODR,3483.5,3478.5,5.0,3483.75,3478.25,5.5,True,LONG,2013-12-05 04:00:00,3484.5,True,False,,1.65,0.0,1.65,3491.75,2013-12-05 08:15:00,0.0,3484.25,2013-12-05 04:05:00,True,2013-12-05 04:09:00,0.0,0.0,False,,,
NQ,2013-12-05,Thursday,RDR,3488.25,3476.75,11.5,3489.25,3474.75,14.5,True,SHORT,2013-12-05 11:05:00,3474.0,True,True,False,0.0,0.6957,0.6957,3468.75,2013-12-05 15:01:00,0.8261,3486.25,2013-12-05 15:37:00,True,2013-12-05 11:36:00,0.7391,0.8261,True,3477.5,2013-12-05 11:10:00,0.0652
NQ,2013-12-06,Friday,ADR,3480.25,3478.5,1.75,3480.5,3478.25,2.25,True,LONG,2013-12-05 20:55:00,3480.75,True,True,True,2.8571,0.0,2.8571,3485.25,2013-12-06 00:59:00,0.5714,3479.25,2013-12-05 22:04:00,True,2013-12-05 22:13:00,0.5714,0.0,True,3480.25,2013-12-05 21:09:00,0.0
NQ,2013-12-06,Friday,ODR,3486.5,3484.25,2.25,3487.0,3484.25,2.75,True,LONG,2013-12-06 04:15:00,3489.0,True,False,,3.4444,0.0,3.4444,3494.25,2013-12-06 04:44:00,0.0,3487.75,2013-12-06 08:15:00,True,2013-12-06 04:20:00,0.0,0.0,False,,,
NQ,2013-12-06,Friday,RDR,3507.5,3494.75,12.75,3509.5,3493.5,16.0,True,SHORT,2013-12-06 10:30:00,3491.25,False,True,False,0.2549,0.6667,0.6667,3486.25,2013-12-06 10:45:00,1.2549,3510.75,2013-12-06 12:40:00,True,2013-12-06 10:42:00,0.0,1.2549,True,3495.0,2013-12-06 10:55:00,0.0196
NQ,2013-12-09,Monday,ADR,3511.75,3510.0,1.75,3511.75,3510.0,1.75,True,SHORT,2013-12-08 22:15:00,3509.75,False,True,False,0.2857,0.2857,0.2857,3509.5,2013-12-08 22:28:00,1.2857,3512.25,2013-12-09 00:53:00,False,,0.0,,True,3510.0,2013-12-08 22:20:00,0.0
NQ,2013-12-09,Monday,ODR,3511.0,3508.0,3.0,3511.25,3507.0,4.25,True,LONG,2013-12-09 04:00:00,3511.5,False,True,True,1.3333,0.5,1.3333,3515.0,2013-12-09 08:29:00,1.5,3506.5,2013-12-09 05:38:00,True,2013-12-09 07:36:00,1.5,0.0,True,3510.25,2013-12-09 04:05:00,0.25
NQ,2013-12-09,Monday,RDR,3522.25,3513.25,9.0,3523.0,3511.25,11.75,True,LONG,2013-12-09 11:20:00,3523.5,True,True,False,0.25,0.0556,0.25,3524.5,2013-12-09 11:26:00,1.0556,3512.75,2013-12-09 15:29:00,False,,0.0,,True,3521.75,2013-12-09 11:29:00,0.0556
NQ,2013-12-10,Tuesday,ADR,3521.75,3520.5,1.25,3522.0,3520.25,1.75,True,LONG,2013-12-09 20:45:00,3522.5,True,True,True,1.4,0.0,1.4,3523.5,2013-12-10 00:02:00,0.8,3520.75,2013-12-09 21:09:00,True,2013-12-09 20:50:00,0.8,0.8,True,3521.5,2013-12-09 21:00:00,0.2
NQ,2013-12-10,Tuesday,ODR,3523.0,3520.0,3.0,3523.5,3519.25,4.25,True,SHORT,2013-12-10 07:15:00,3519.0,True,False,,0.4167,3.0,3.0,3511.0,2013-12-10 08:23:00,0.0,3519.75,2013-12-10 07:41:00,True,2013-12-10 07:25:00,0.0,0.0,False,,,
NQ,2013-12-10,Tuesday,RDR,3515.75,3509.5,6.25,3516.25,3507.75,8.5,True,LONG,2013-12-10 10:35:00,3518.75,True,True,False,0.84,0.0,0.84,3521.0,2013-12-10 10:55:00,0.88,3510.25,2013-12-10 12:08:00,True,2013-12-10 10:40:00,0.0,0.88,True,3514.5,2013-12-10 11:05:00,0.2
NQ,2013-12-11,Wednesday,ADR,3521.75,3519.75,2.0,3522.0,3519.25,2.75,True,SHORT,2013-12-10 22:30:00,3519.0,True,False,,0.0,4.25,4.25,3511.25,2013-12-11 01:47:00,0.0,3519.0,2013-12-10 22:35:00,True,2013-12-10 22:35:00,0.0,0.0,False,,,
NQ,2013-12-11,Wednesday,ODR,3511.5,3507.25,4.25,3511.75,3506.75,5.0,True,LONG,2013-12-11 05:00:00,3512.75,True,True,True,1.5294,0.1765,1.5294,3518.0,2013-12-11 08:16:00,0.2941,3510.25,2013-12-11 06:54:00,True,2013-12-11 05:14:00,0.2941,0.2941,True,3511.5,2013-12-11 06:40:00,0.0
NQ,2013-12-11,Wednesday,RDR,3517.0,3495.5,21.5,3519.25,3495.5,23.75,True,SHORT,2013-12-11 11:35:00,3494.5,True,True,True,0.0,1.4535,1.4535,3464.25,2013-12-11 15:47:00,0.0581,3496.75,2013-12-11 11:41:00,True,2013-12-11 12:21:00,0.0581,0.0,True,3495.5,2013-12-11 11:40:00,0.0
NQ,2013-12-12,Thursday,ADR,3475.25,3472.25,3.0,3475.25,3471.75,3.5,True,LONG,2013-12-11 20:50:00,3475.5,False,True,False,0.1667,3.0,0.1667,3475.75,2013-12-11 20:55:00,4.0,3463.25,2013-12-11 22:21:00,False,,0.0,,True,3475.25,2013-12-11 20:55:00,0.0
NQ,2013-12-12,Thursday,ODR,3474.5,3470.25,4.25,3474.5,3468.75,5.75,True,LONG,2013-12-12 04:10:00,3474.75,False,True,False,0.2353,1.2941,0.2353,3475.5,2013-12-12 04:26:00,2.2941,3464.75,2013-12-12 06:39:00,False,,0.1176,,True,3474.5,2013-12-12 04:15:00,0.0
NQ,2013-12-12,Thursday,RDR,3479.0,3464.0,15.0,3479.25,3462.75,16.5,True,SHORT,2013-12-12 12:20:00,3460.25,True,True,True,0.0,0.3833,0.3833,3458.25,2013-12-12 12:33:00,0.8,3476.0,2013-12-12 14:56:00,False,,0.0,,True,3464.0,2013-12-12 12:47:00,0.0
NQ,2013-12-13,Friday,ADR,3461.75,3459.25,2.5,3462.25,3459.25,3.0,True,LONG,2013-12-12 20:40:00,3463.75,True,False,,3.6,0.0,3.6,3470.75,2013-12-13 01:26:00,0.0,3463.25,2013-12-12 20:47:00,True,2013-12-12 20:45:00,0.0,0.0,False,,,
NQ,2013-12-13,Friday,ODR,3472.75,3469.0,3.75,3473.0,3468.0,5.0,True,LONG,2013-12-13 04:40:00,3474.0,False,True,False,0.6667,0.2667,0.6667,3475.25,2013-12-13 08:11:00,1.2667,3468.0,2013-12-13 05:18:00,True,2013-12-13 07:31:00,1.2667,0.4,True,3472.75,2013-12-13 04:51:00,0.0
NQ,2013-12-13,Friday,RDR,3476.5,3459.75,16.75,3478.25,3458.25,20.0,True,SHORT,2013-12-13 11:45:00,3457.25,True,True,True,0.0,0.597,0.597,3449.75,2013-12-13 14:24:00,0.3284,3465.25,2013-12-13 13:35:00,True,2013-12-13 14:14:00,0.3284,0.2687,True,3459.75,2013-12-13 11:58:00,0.0
NQ,2013-12-16,Monday,ADR,3461.75,3458.38,3.369999999999891,3462.38,3458.13,4.25,True,SHORT,2013-12-15 21:30:00,3458.0,True,False,,0.0,7.1217,7.1217,3434.38,2013-12-15 22:08:00,0.0,3457.5,2013-12-15 21:36:00,True,2013-12-15 21:36:00,0.0,0.0,False,,,
NQ,2013-12-16,Monday,ODR,3455.63,3449.0,6.630000000000109,3456.0,3448.75,7.25,True,LONG,2013-12-16 04:00:00,3456.63,True,False,,3.1478,0.0,3.1478,3476.5,2013-12-16 07:56:00,0.0,3456.5,2013-12-16 04:05:00,True,2013-12-16 04:06:00,0.0,0.0,False,,,
NQ,2013-12-16,Monday,RDR,3493.25,3472.75,20.5,3495.0,3471.5,23.5,False,,,,,,,0.0,0.1098,,,,,,,False,,,,False,,,
NQ,2013-12-17,Tuesday,ADR,3471.75,3471.0,0.75,3472.0,3470.75,1.25,True,LONG,2013-12-16 21:50:00,3472.5,True,True,True,6.0,0.3333,6.0,3476.25,2013-12-17 01:20:00,0.6667,3471.25,2013-12-16 22:54:00,True,2013-12-16 21:55:00,0.6667,0.6667,True,3471.5,2013-12-16 22:52:00,0.3333
NQ,2013-12-17,Tuesday,ODR,3474.5,3469.75,4.75,3474.75,3469.25,5.5,True,SHORT,2013-12-17 04:20:00,3469.0,False,True,False,0.6842,0.3158,0.2632,3468.5,2013-12-17 04:25:00,1.6842,3477.75,2013-12-17 07:19:00,False,,0.0,,True,3470.25,2013-12-17 04:26:00,0.1053
NQ,2013-12-17,Tuesday,RDR,3475.0,3466.5,8.5,3476.25,3463.25,13.0,True,SHORT,2013-12-17 11:00:00,3462.75,False,True,False,0.9706,0.6471,0.5588,3461.75,2013-12-17 11:35:00,1.9706,3483.25,2013-12-17 14:13:00,True,2013-12-17 11:05:00,0.0882,1.9706,True,3466.5,2013-12-17 11:24:00,0.0
NQ,2013-12-18,Wednesday,ADR,3469.75,3468.5,1.25,3469.75,3468.38,1.3699999999998909,True,SHORT,2013-12-17 20:40:00,3467.75,False,True,False,2.6,2.2,2.2,3465.75,2013-12-17 20:56:00,3.6,3473.0,2013-12-18 01:31:00,True,2013-12-17 20:45:00,0.0,3.6,True,3468.75,2013-12-17 21:07:00,0.2
NQ,2013-12-18,Wednesday,ODR,3475.5,3470.5,5.0,3475.5,3469.5,6.0,True,LONG,2013-12-18 05:15:00,3475.75,False,True,False,0.4,0.5,0.4,3477.5,2013-12-18 05:54:00,1.5,3468.0,2013-12-18 08:17:00,False,,0.0,,True,3475.5,2013-12-18 05:20:00,0.0
NQ,2013-12-18,Wednesday,RDR,3471.25,3459.5,11.75,3473.5,3456.5,17.0,True,SHORT,2013-12-18 11:40:00,3452.5,False,True,False,3.4255,2.4468,2.4468,3430.75,2013-12-18 14:02:00,4.4255,3511.5,2013-12-18 15:46:00,True,2013-12-18 11:45:00,0.0,4.4255,True,3465.13,2013-12-18 14:06:00,0.4791
NQ,2013-12-19,Thursday,ADR,3513.0,3509.5,3.5,3513.0,3509.25,3.75,True,SHORT,2013-12-18 20:50:00,3509.13,True,True,True,0.0,1.5714,1.5714,3504.0,2013-12-19 01:28:00,0.0714,3509.75,2013-12-18 21:07:00,True,2013-12-18 20:59:00,0.0714,0.0714,True,3509.75,2013-12-18 21:07:00,0.0714
NQ,2013-12-19,Thursday,ODR,3510.13,3503.5,6.630000000000109,3510.25,3503.5,6.75,True,SHORT,2013-12-19 08:15:00,3503.25,True,True,False,0.0181,0.1885,0.0754,3503.0,2013-12-19 08:25:00,0.2836,3505.38,2013-12-19 08:29:00,False,,0.1885,,True,3504.0,2013-12-19 08:20:00,0.0754
NQ,2013-12-19,Thursday,RDR,3501.5,3483.25,18.25,3502.25,3482.25,20.0,False,,,,,,,0.0,0.0,,,,,,,False,,,,False,,,
NQ,2013-12-20,Friday,ADR,3500.88,3498.75,2.130000000000109,3500.88,3498.75,2.130000000000109,True,LONG,2013-12-19 20:35:00,3501.25,True,False,,1.6995,0.0,1.6995,3504.5,2013-12-19 22:15:00,0.0,3501.0,2013-12-19 20:40:00,True,2013-12-19 20:47:00,0.0,0.0,False,,,
NQ,2013-12-20,Friday,ODR,3503.38,3498.5,4.880000000000109,3503.75,3498.0,5.75,True,LONG,2013-12-20 04:15:00,3504.5,True,True,False,0.5881,0.0,0.5881,3506.25,2013-12-20 04:37:00,0.6148,3500.38,2013-12-20 08:11:00,True,2013-12-20 04:35:00,0.0,0.6148,True,3503.25,2013-12-20 04:43:00,0.0266
NQ,2013-12-23,Monday,ADR,3548.5,3546.25,2.25,3548.75,3546.25,2.5,True,LONG,2013-12-22 23:00:00,3549.0,True,True,True,1.0,0.0,1.0,3550.75,2013-12-22 23:23:00,0.5556,3547.25,2013-12-22 23:59:00,True,2013-12-22 23:12:00,0.0,0.5556,True,3548.5,2013-12-22 23:31:00,0.0
NQ,2013-12-23,Monday,ODR,3556.0,3553.25,2.75,3556.0,3552.0,4.0,True,LONG,2013-12-23 04:05:00,3556.25,False,True,True,1.9091,0.1818,1.9091,3561.25,2013-12-23 08:29:00,1.1818,3552.75,2013-12-23 06:56:00,True,2013-12-23 04:37:00,1.1818,1.1818,True,3555.75,2013-12-23 04:12:00,0.0909
NQ,2013-12-23,Monday,RDR,3558.25,3549.5,8.75,3559.75,3547.75,12.0,True,LONG,2013-12-23 11:30:00,3560.0,True,True,True,0.9429,0.0,0.9429,3566.5,2013-12-23 15:59:00,0.5143,3553.75,2013-12-23 13:53:00,True,2013-12-23 12:24:00,0.5143,0.5143,True,3558.25,2013-12-23 11:48:00,0.0
NQ,2013-12-24,Tuesday,ADR,3563.5,3562.5,1.0,3563.75,3562.25,1.5,True,LONG,2013-12-23 21:25:00,3564.25,True,True,True,5.5,0.5,5.5,3569.0,2013-12-23 23:35:00,0.0,3563.5,2013-12-24 01:19:00,True,2013-12-23 21:30:00,0.0,0.0,True,3563.5,2013-12-24 01:19:00,0.0
NQ,2013-12-24,Tuesday,ODR,3567.5,3565.0,2.5,3567.75,3564.75,3.0,True,SHORT,2013-12-24 04:55:00,3564.0,True,True,False,0.1,0.8,0.8,3563.0,2013-12-24 07:08:00,0.3,3565.75,2013-12-24 08:10:00,True,2013-12-24 06:43:00,0.2,0.3,True,3565.25,2013-12-24 05:06:00,0.1
NQ,2013-12-24,Tuesday,RDR,3567.5,3563.75,3.75,3570.25,3563.0,7.25,True,SHORT,2013-12-24 10:45:00,3561.75,False,True,False,1.2347,0.7333,0.6667,3561.25,2013-12-24 10:50:00,2.2347,3572.13,2013-12-24 13:13:00,True,2013-12-24 10:50:00,0.0,2.2347,True,3564.25,2013-12-24 10:57:00,0.1333
NQ,2013-12-26,Thursday,RDR,3577.0,3568.5,8.5,3577.75,3568.0,9.75,True,LONG,2013-12-26 11:20:00,3578.0,True,True,True,0.7059,0.0,0.7059,3583.0,2013-12-26 15:32:00,0.0588,3576.5,2013-12-26 12:26:00,True,2013-12-26 13:01:00,0.0588,0.0,True,3577.0,2013-12-26 11:54:00,0.0
NQ,2013-12-27,Friday,ADR,3580.0,3577.25,2.75,3580.0,3577.25,2.75,True,LONG,2013-12-26 21:15:00,3580.25,True,True,True,1.5455,0.0,1.5455,3584.25,2013-12-27 01:53:00,0.1818,3579.5,2013-12-26 21:58:00,True,2013-12-26 22:36:00,0.1818,0.0,True,3579.75,2013-12-26 21:57:00,0.0909
NQ,2013-12-27,Friday,ODR,3583.0,3580.25,2.75,3583.75,3579.75,4.0,True,SHORT,2013-12-27 04:55:00,3579.5,False,True,False,0.7273,1.0909,1.0909,3577.25,2013-12-27 05:40:00,1.7273,3585.0,2013-12-27 07:58:00,True,2013-12-27 05:25:00,0.1818,1.7273,True,3580.25,2013-12-27 05:02:00,0.0
NQ,2013-12-27,Friday,RDR,3584.5,3579.25,5.25,3586.75,3578.75,8.0,True,SHORT,2013-12-27 10:30:00,3578.5,True,False,,0.0,2.3333,2.3333,3567.0,2013-12-27 15:52:00,0.0,3579.0,2013-12-27 10:35:00,True,2013-12-27 10:37:00,0.0,0.0,False,,,
NQ,2013-12-30,Monday,ADR,3569.75,3569.25,0.5,3570.0,3569.0,1.0,True,LONG,2013-12-29 20:50:00,3570.25,True,False,,7.0,0.0,7.0,3573.25,2013-12-30 01:21:00,0.0,3570.0,2013-12-29 21:04:00,True,2013-12-29 20:55:00,0.0,0.0,False,,,
NQ,2013-12-30,Monday,ODR,3572.75,3571.0,1.75,3573.25,3570.75,2.5,True,SHORT,2013-12-30 04:20:00,3570.25,True,True,True,0.0,2.2857,2.2857,3567.0,2013-12-30 08:27:00,0.8571,3572.5,2013-12-30 05:21:00,True,2013-12-30 04:25:00,0.8571,0.8571,True,3571.0,2013-12-30 04:49:00,0.0
NQ,2013-12-30,Monday,RDR,3565.75,3556.0,9.75,3567.75,3556.0,11.75,True,LONG,2013-12-30 11:15:00,3568.0,True,True,True,0.5385,0.0,0.5385,3571.0,2013-12-30 14:45:00,0.2564,3563.25,2013-12-30 11:40:00,True,2013-12-30 14:42:00,0.2564,0.1538,True,3565.75,2013-12-30 11:29:00,0.0
NQ,2013-12-31,Tuesday,ADR,3566.5,3565.75,0.75,3566.5,3565.5,1.0,True,SHORT,2013-12-30 21:05:00,3565.25,True,True,False,0.0,1.3333,1.3333,3564.75,2013-12-30 21:42:00,1.0,3566.5,2013-12-31 01:14:00,True,2013-12-30 21:11:00,0.0,1.0,True,3565.75,2013-12-30 22:21:00,0.0
NQ,2013-12-31,Tuesday,ODR,3566.75,3566.25,0.5,3567.0,3566.25,0.75,True,LONG,2013-12-31 04:35:00,3567.13,True,True,True,9.0,0.0,9.0,3571.25,2013-12-31 08:21:00,0.5,3566.5,2013-12-31 05:35:00,True,2013-12-31 04:41:00,0.5,0.5,True,3566.5,2013-12-31 05:35:00,0.5
NQ,2013-12-31,Tuesday,RDR,3577.5,3572.0,5.5,3578.5,3571.5,7.0,True,LONG,2013-12-31 10:30:00,3579.0,True,True,True,1.9091,0.0,1.9091,3588.0,2013-12-31 11:13:00,0.2273,3576.25,2013-12-31 15:09:00,True,2013-12-31 10:54:00,0.0,0.2273,True,3577.5,2013-12-31 14:38:00,0.0
