instrument,trading_date,day_of_week,range_type,dr_high,dr_low,dr_range,idr_high,idr_low,idr_range,confirmed,direction,confirmation_time,confirmation_price,dr_rule_true,retraced_into_dr,outside_dr_closed,mean_sd_up,mean_sd_down,extension_sd,extension_price,extension_time,max_retracement_sd,max_retracement_price,max_retracement_time,reached_05_sd,time_05_sd,retracement_before_extreme_sd,retracement_after_05_sd,first_retracement_occurred,first_retracement_price,first_retracement_time,first_retracement_exact
ES,2024-01-02,Tuesday,ADR,4776.376,4772.876,3.5,4776.379,4772.611,3.768000000000029,True,SHORT,2024-01-01 20:40:00,4772.177,False,True,False,0.2289,0.5757,0.5757,4770.861,2024-01-01 21:53:00,1.2289,4777.177,2024-01-02 00:29:00,True,2024-01-01 21:53:00,0.2143,1.2289,True,4773.611,2024-01-01 20:45:00,0.21
ES,2024-01-02,Tuesday,ODR,4782.12,4776.734,5.3859999999995125,4782.177,4776.617,5.559999999999491,True,SHORT,2024-01-02 04:15:00,4775.12,True,False,,0.0,8.285,8.285,4732.111,2024-01-02 08:00:00,0.0,4775.249,2024-01-02 04:23:00,True,2024-01-02 04:24:00,0.0,0.0,False,,,
ES,2024-01-02,Tuesday,RDR,4742.906,4729.632,13.274000000000342,4744.114,4729.37,14.743999999999687,True,LONG,2024-01-02 11:40:00,4744.151,False,True,True,0.8487,0.5197,0.8487,4754.172,2024-01-02 12:40:00,1.5197,4722.734,2024-01-02 15:06:00,True,2024-01-02 11:56:00,0.0,1.5197,True,4742.863,2024-01-02 13:01:00,0.0032
ES,2024-01-03,Wednesday,ADR,4745.677,4742.452,3.2249999999994543,4745.677,4742.181,3.4960000000000946,True,SHORT,2024-01-02 21:20:00,4741.971,True,True,True,0.0,1.0391,1.0391,4739.101,2024-01-03 00:14:00,0.1101,4742.807,2024-01-02 22:09:00,True,2024-01-02 23:35:00,0.1101,0.0543,True,4742.483,2024-01-02 21:31:00,0.0096
ES,2024-01-03,Wednesday,ODR,4744.967,4738.697,6.269999999999527,4745.843,4738.441,7.402000000000044,True,SHORT,2024-01-03 04:00:00,4737.722,True,False,,0.0,2.4997,2.4997,4723.024,2024-01-03 08:01:00,0.0,4738.267,2024-01-03 04:05:00,True,2024-01-03 04:08:00,0.0,0.0,False,,,
ES,2024-01-03,Wednesday,RDR,4724.506,4711.01,13.496000000000095,4727.527,4709.397,18.13000000000011,True,SHORT,2024-01-03 10:35:00,4705.957,False,True,True,0.3409,0.8632,0.8632,4699.36,2024-01-03 15:54:00,1.3409,4729.107,2024-01-03 14:30:00,True,2024-01-03 15:50:00,1.3409,0.0,True,4712.107,2024-01-03 10:59:00,0.0813
ES,2024-01-04,Thursday,ADR,4710.427,4708.187,2.2399999999997817,4710.677,4707.892,2.7849999999998545,True,SHORT,2024-01-03 21:20:00,4707.212,False,True,False,1.3125,0.967,0.967,4706.021,2024-01-04 00:42:00,2.3125,4713.367,2024-01-04 01:59:00,True,2024-01-03 22:51:00,0.7897,2.3125,True,4708.202,2024-01-03 21:26:00,0.0067
ES,2024-01-04,Thursday,ODR,4715.873,4710.617,5.255999999999403,4716.876,4710.111,6.765000000000327,True,SHORT,2024-01-04 04:00:00,4709.376,True,True,True,0.0,1.4756,1.4756,4702.861,2024-01-04 07:07:00,0.7477,4714.547,2024-01-04 05:25:00,True,2024-01-04 06:39:00,0.7477,0.6195,True,4710.927,2024-01-04 04:08:00,0.059
ES,2024-01-04,Thursday,RDR,4717.177,4699.12,18.05699999999979,4717.632,4698.177,19.454999999999927,True,LONG,2024-01-04 10:45:00,4719.056,False,True,False,0.5211,0.6419,0.5211,4726.587,2024-01-04 11:26:00,1.6419,4687.529,2024-01-04 15:54:00,True,2024-01-04 11:16:00,0.1126,1.6419,True,4716.85,2024-01-04 10:52:00,0.0181
ES,2024-01-05,Friday,ADR,4696.402,4694.167,2.2349999999996726,4696.402,4693.421,2.980999999999767,True,SHORT,2024-01-04 21:45:00,4693.23,True,True,True,0.1141,4.9396,4.9396,4683.127,2024-01-05 01:43:00,0.5145,4695.317,2024-01-04 23:29:00,True,2024-01-04 22:43:00,0.5145,0.5145,True,4694.231,2024-01-04 22:22:00,0.0286
ES,2024-01-05,Friday,ODR,4687.392,4683.327,4.0649999999996,4688.927,4682.761,6.165999999999258,True,SHORT,2024-01-05 04:00:00,4681.47,True,True,True,0.0,2.8039,2.8039,4671.929,2024-01-05 06:38:00,0.5191,4685.437,2024-01-05 04:24:00,True,2024-01-05 04:05:00,0.5191,0.5191,True,4683.722,2024-01-05 04:19:00,0.0972
ES,2024-01-05,Friday,RDR,4718.969,4690.302,28.66700000000037,4721.433,4687.074,34.35900000000038,True,SHORT,2024-01-05 13:10:00,4685.957,True,True,False,0.0888,0.3078,0.3078,4681.479,2024-01-05 15:32:00,0.5698,4706.636,2024-01-05 14:10:00,False,,0.5698,,True,4691.306,2024-01-05 13:25:00,0.035
ES,2024-01-08,Monday,ADR,4704.37,4701.623,2.7470000000002983,4704.617,4701.231,3.386000000000422,True,SHORT,2024-01-07 20:45:00,4700.867,True,False,,0.0,4.4398,4.4398,4689.427,2024-01-08 01:47:00,0.0,4700.382,2024-01-07 20:51:00,True,2024-01-07 20:50:00,0.0,0.0,False,,,
ES,2024-01-08,Monday,ODR,4695.367,4690.427,4.940000000000509,4696.867,4688.379,8.488000000000284,True,SHORT,2024-01-08 04:00:00,4688.177,False,True,False,1.0646,2.8455,2.8455,4676.37,2024-01-08 04:35:00,2.0646,4700.626,2024-01-08 08:24:00,True,2024-01-08 04:05:00,0.0403,2.0646,True,4690.617,2024-01-08 04:09:00,0.0385
ES,2024-01-08,Monday,RDR,4716.706,4700.379,16.327000000000226,4717.377,4699.111,18.26600000000053,True,LONG,2024-01-08 10:30:00,4721.493,True,False,,1.0252,0.0,1.0252,4733.444,2024-01-08 12:54:00,0.0,4717.411,2024-01-08 11:13:00,True,2024-01-08 10:50:00,0.0,0.0,False,,,
ES,2024-01-09,Tuesday,ADR,4758.841,4757.594,1.2470000000002983,4758.847,4757.101,1.7460000000000946,True,SHORT,2024-01-08 20:40:00,4756.871,False,True,True,0.6247,2.0,2.0,4755.1,2024-01-09 01:06:00,1.6247,4759.62,2024-01-08 21:24:00,True,2024-01-08 20:45:00,1.6247,1.6247,True,4757.633,2024-01-08 20:47:00,0.0313
ES,2024-01-09,Tuesday,ODR,4755.693,4748.972,6.721000000000458,4755.693,4748.527,7.166000000000167,True,SHORT,2024-01-09 04:05:00,4748.287,True,True,True,0.0,1.4578,1.4578,4739.174,2024-01-09 07:03:00,0.3717,4751.47,2024-01-09 04:52:00,True,2024-01-09 04:14:00,0.3717,0.3717,True,4748.993,2024-01-09 04:32:00,0.0031
ES,2024-01-09,Tuesday,RDR,4745.197,4732.801,12.39599999999973,4745.902,4730.277,15.625,True,LONG,2024-01-09 11:15:00,4746.716,True,False,,1.6534,0.0,1.6534,4765.692,2024-01-09 13:05:00,0.0,4745.777,2024-01-09 15:50:00,True,2024-01-09 11:31:00,0.0,0.0,False,,,
ES,2024-01-10,Wednesday,ADR,4756.723,4751.857,4.8659999999999854,4756.729,4751.794,4.9350000000004,True,SHORT,2024-01-09 22:10:00,4751.404,True,True,True,0.0,0.7378,0.7378,4748.267,2024-01-10 01:51:00,0.2778,4753.209,2024-01-10 01:12:00,True,2024-01-10 01:50:00,0.2778,0.0,True,4751.967,2024-01-09 22:16:00,0.0226
ES,2024-01-10,Wednesday,ODR,4756.307,4753.024,3.282999999999447,4756.307,4752.29,4.016999999999825,True,LONG,2024-01-10 04:00:00,4756.759,False,True,True,2.9299,0.5669,2.9299,4765.926,2024-01-10 04:34:00,1.5669,4751.163,2024-01-10 06:54:00,True,2024-01-10 04:06:00,0.0,1.5669,True,4756.147,2024-01-10 06:27:00,0.0487
ES,2024-01-10,Wednesday,RDR,4768.181,4757.676,10.5049999999992,4769.763,4755.477,14.286000000000058,True,LONG,2024-01-10 12:35:00,4769.772,True,True,True,2.189,0.0,2.189,4791.176,2024-01-10 15:08:00,0.2948,4765.084,2024-01-10 13:11:00,True,2024-01-10 13:04:00,0.2948,0.2948,True,4768.021,2024-01-10 12:41:00,0.0152
ES,2024-01-11,Thursday,ADR,4792.037,4785.847,6.190000000000509,4792.037,4785.667,6.369999999999891,True,LONG,2024-01-10 21:10:00,4792.182,True,True,True,0.7981,0.0,0.7981,4796.977,2024-01-11 01:37:00,0.2627,4790.411,2024-01-10 21:42:00,True,2024-01-11 01:26:00,0.2627,0.0,True,4791.92,2024-01-10 21:23:00,0.0189
ES,2024-01-11,Thursday,ODR,4801.67,4795.17,6.5,4802.423,4794.411,8.011999999999716,True,SHORT,2024-01-11 04:30:00,4793.977,True,True,True,0.0,1.1918,1.1918,4787.423,2024-01-11 05:55:00,0.0406,4795.434,2024-01-11 08:29:00,True,2024-01-11 04:40:00,0.0,0.0406,True,4795.434,2024-01-11 08:29:00,0.0406
ES,2024-01-11,Thursday,RDR,4793.677,4753.927,39.75,4797.629,4752.12,45.509000000000015,True,SHORT,2024-01-11 11:10:00,4743.623,True,True,False,0.0,0.3851,0.3851,4738.62,2024-01-11 11:46:00,0.8201,4786.524,2024-01-11 14:58:00,False,,0.0,,True,4754.65,2024-01-11 12:41:00,0.0182
ES,2024-01-12,Friday,ADR,4775.801,4768.903,6.898000000000138,4776.117,4768.644,7.472999999999956,True,LONG,2024-01-11 21:45:00,4776.879,True,True,False,0.1995,0.0,0.1647,4776.937,2024-01-11 21:51:00,0.8392,4770.012,2024-01-11 23:29:00,False,,0.0,,True,4775.634,2024-01-11 22:02:00,0.0242
ES,2024-01-12,Friday,ODR,4785.461,4767.409,18.05200000000059,4785.726,4767.409,18.317000000000007,True,LONG,2024-01-12 04:10:00,4786.794,False,True,False,0.1153,0.5199,0.1148,4787.534,2024-01-12 04:15:00,1.5199,4758.024,2024-01-12 06:48:00,False,,0.0,,True,4784.564,2024-01-12 04:16:00,0.0497
ES,2024-01-12,Friday,RDR,4799.87,4775.956,23.91399999999976,4801.987,4775.187,26.800000000000182,True,SHORT,2024-01-12 10:45:00,4773.489,True,True,False,0.0,0.3096,0.3096,4768.553,2024-01-12 10:53:00,0.4304,4786.249,2024-01-12 13:59:00,False,,0.0,,True,4780.133,2024-01-12 13:00:00,0.1747
ES,2024-01-15,Monday,ADR,4778.081,4775.482,2.59900000000016,4778.232,4774.979,3.2529999999997017,True,LONG,2024-01-14 21:05:00,4778.277,True,True,True,3.3459,0.3917,3.3459,4786.777,2024-01-15 01:47:00,0.0439,4777.967,2024-01-14 21:10:00,True,2024-01-14 21:17:00,0.0439,0.0,True,4777.967,2024-01-14 21:10:00,0.0439
ES,2024-01-15,Monday,ODR,4786.726,4776.476,10.25,4787.479,4776.464,11.015000000000327,True,SHORT,2024-01-15 06:15:00,4775.979,True,True,False,0.0,0.3664,0.3664,4772.72,2024-01-15 08:15:00,0.2733,4779.277,2024-01-15 07:09:00,False,,0.2733,,True,4776.482,2024-01-15 06:26:00,0.0006
ES,2024-01-15,Monday,RDR,4778.226,4776.277,1.9489999999996144,4778.479,4774.961,3.518000000000029,True,LONG,2024-01-15 10:50:00,4778.726,True,True,True,0.5393,0.0308,0.5393,4779.277,2024-01-15 11:01:00,1.0308,4776.217,2024-01-15 12:00:00,True,2024-01-15 10:56:00,0.0015,1.0308,True,4778.223,2024-01-15 10:55:00,0.0015
ES,2024-01-16,Tuesday,ADR,4770.229,4763.967,6.262000000000626,4771.027,4762.97,8.056999999999789,True,SHORT,2024-01-16 01:00:00,4761.027,True,False,,0.1578,0.5998,0.5998,4760.211,2024-01-16 01:05:00,0.0,4763.777,2024-01-16 01:57:00,True,2024-01-16 01:05:00,0.0,0.0,False,,,
ES,2024-01-16,Tuesday,ODR,4762.967,4752.843,10.123999999999796,4762.967,4751.961,11.005999999999403,True,LONG,2024-01-16 06:50:00,4764.214,True,True,True,0.7661,0.1103,0.7661,4770.723,2024-01-16 07:49:00,0.3195,4759.732,2024-01-16 08:25:00,True,2024-01-16 07:38:00,0.2966,0.3195,True,4762.961,2024-01-16 07:02:00,0.0006
ES,2024-01-16,Tuesday,RDR,4778.39,4754.37,24.020000000000437,4779.142,4750.367,28.774999999999636,True,LONG,2024-01-16 10:40:00,4779.539,False,True,False,0.1585,0.3205,0.1585,4782.196,2024-01-16 11:22:00,1.3205,4746.671,2024-01-16 14:19:00,False,,0.6307,,True,4778.089,2024-01-16 10:51:00,0.0125
ES,2024-01-17,Wednesday,ADR,4764.497,4762.056,2.441000000000713,4764.557,4761.791,2.7659999999996217,True,SHORT,2024-01-16 20:40:00,4760.074,True,True,True,0.0,7.9537,7.9537,4742.641,2024-01-17 01:10:00,0.0332,4762.137,2024-01-16 21:13:00,True,2024-01-16 20:45:00,0.0332,0.0332,True,4762.127,2024-01-16 21:00:00,0.0291
ES,2024-01-17,Wednesday,ODR,4746.264,4740.487,5.777000000000044,4746.282,4740.234,6.0479999999997744,True,SHORT,2024-01-17 04:00:00,4740.029,False,True,False,1.1343,0.6803,0.6803,4736.557,2024-01-17 04:16:00,2.1343,4752.817,2024-01-17 07:25:00,True,2024-01-17 04:12:00,0.0265,2.1343,True,4740.532,2024-01-17 04:05:00,0.0078
ES,2024-01-17,Wednesday,RDR,4735.887,4726.927,8.960000000000036,4737.81,4724.897,12.913000000000466,True,LONG,2024-01-17 10:35:00,4737.982,False,True,True,0.865,1.411,0.865,4743.637,2024-01-17 11:46:00,2.411,4714.284,2024-01-17 13:49:00,True,2024-01-17 11:04:00,0.3215,2.411,True,4735.761,2024-01-17 10:43:00,0.0141
ES,2024-01-18,Thursday,ADR,4740.677,4737.129,3.5479999999997744,4740.927,4736.614,4.313000000000102,True,SHORT,2024-01-17 22:50:00,4736.376,False,True,False,0.3379,1.2734,1.2734,4732.611,2024-01-17 23:44:00,1.3379,4741.876,2024-01-18 01:54:00,True,2024-01-17 23:03:00,0.0,1.3379,True,4737.37,2024-01-18 00:39:00,0.0679
ES,2024-01-18,Thursday,ODR,4743.373,4739.746,3.626999999999498,4744.123,4739.123,5.0,True,LONG,2024-01-18 04:20:00,4744.382,True,True,True,5.1687,0.0,5.1687,4762.12,2024-01-18 07:39:00,0.6909,4740.867,2024-01-18 05:12:00,True,2024-01-18 04:36:00,0.6909,0.6909,True,4743.234,2024-01-18 04:34:00,0.0383
ES,2024-01-18,Thursday,RDR,4757.632,4749.861,7.770999999999731,4759.927,4749.111,10.815999999999804,True,LONG,2024-01-18 10:35:00,4761.847,False,True,True,3.6474,1.1539,3.6474,4785.976,2024-01-18 15:52:00,2.1539,4740.894,2024-01-18 13:26:00,True,2024-01-18 10:40:00,2.1539,2.1539,True,4756.951,2024-01-18 10:57:00,0.0876
ES,2024-01-19,Friday,ADR,4783.876,4779.109,4.766999999999825,4783.892,4778.104,5.787999999999556,True,LONG,2024-01-18 21:45:00,4784.34,True,True,False,0.3484,0.0013,0.3484,4785.537,2024-01-18 22:04:00,0.6723,4780.671,2024-01-19 00:58:00,False,,0.1619,,True,4783.85,2024-01-18 21:50:00,0.0055
ES,2024-01-19,Friday,ODR,4793.156,4787.922,5.234000000000378,4793.393,4786.446,6.947000000000116,True,LONG,2024-01-19 04:00:00,4794.853,True,True,True,3.1912,0.0,3.1912,4809.859,2024-01-19 08:18:00,0.0806,4792.734,2024-01-19 04:44:00,True,2024-01-19 04:13:00,0.0806,0.0806,True,4792.957,2024-01-19 04:43:00,0.038
ES,2024-01-19,Friday,RDR,4795.486,4785.613,9.872999999999593,4799.64,4784.867,14.773000000000138,True,LONG,2024-01-19 11:05:00,4802.369,True,False,,4.7935,0.0,4.7935,4842.812,2024-01-19 14:29:00,0.0,4798.08,2024-01-19 11:46:00,True,2024-01-19 11:10:00,0.0,0.0,False,,,
ES,2024-01-22,Monday,ADR,4856.132,4845.996,10.135999999999513,4856.252,4845.614,10.63800000000083,False,,,,,,,0.0,0.0,,,,,,,False,,,,False,,,
ES,2024-01-22,Monday,ODR,4853.427,4848.24,5.186999999999898,4853.427,4847.861,5.5659999999998035,True,LONG,2024-01-22 05:10:00,4855.37,True,True,True,1.1475,0.0,1.1475,4859.379,2024-01-22 07:32:00,0.3489,4851.617,2024-01-22 05:42:00,True,2024-01-22 06:39:00,0.3489,0.1074,True,4853.373,2024-01-22 05:17:00,0.0104
ES,2024-01-23,Tuesday,ADR,4851.752,4849.036,2.7160000000003492,4851.752,4848.783,2.969000000000051,True,LONG,2024-01-22 20:55:00,4852.511,True,True,True,0.9293,0.1767,0.9293,4854.276,2024-01-22 21:25:00,0.7828,4849.626,2024-01-22 22:59:00,True,2024-01-22 21:04:00,0.1771,0.7828,True,4851.283,2024-01-22 21:00:00,0.1727
ES,2024-01-23,Tuesday,ODR,4853.782,4847.794,5.988000000000284,4855.057,4847.05,8.006999999999607,True,LONG,2024-01-23 08:00:00,4855.889,True,True,True,0.7682,0.0,0.7682,4858.382,2024-01-23 08:29:00,0.0235,4853.641,2024-01-23 08:13:00,True,2024-01-23 08:23:00,0.0235,0.0,True,4853.641,2024-01-23 08:13:00,0.0235
ES,2024-01-23,Tuesday,RDR,4856.962,4851.217,5.7450000000008,4858.909,4850.073,8.83599999999933,True,SHORT,2024-01-23 10:40:00,4848.889,False,True,False,1.6327,1.2003,1.2003,4844.321,2024-01-23 11:35:00,2.6327,4866.342,2024-01-23 15:56:00,True,2024-01-23 10:45:00,0.1349,2.6327,True,4851.307,2024-01-23 11:05:00,0.0157
ES,2024-01-24,Wednesday,ADR,4874.884,4872.411,2.4729999999999563,4875.687,4872.411,3.27599999999984,True,SHORT,2024-01-23 21:15:00,4872.222,False,True,False,2.1828,0.1836,0.1836,4871.957,2024-01-23 21:20:00,3.1828,4880.282,2024-01-24 01:55:00,False,,0.1217,,True,4872.712,2024-01-23 21:20:00,0.1217
ES,2024-01-24,Wednesday,ODR,4884.576,4882.811,1.7650000000003274,4884.877,4882.311,2.566000000000713,True,LONG,2024-01-24 04:20:00,4885.127,True,True,True,5.2697,0.1382,5.2697,4893.877,2024-01-24 08:29:00,1.1382,4882.567,2024-01-24 05:26:00,True,2024-01-24 04:25:00,1.1382,1.1382,True,4884.314,2024-01-24 04:29:00,0.1484
ES,2024-01-24,Wednesday,RDR,4893.57,4881.052,12.518000000000029,4893.582,4879.404,14.177999999999884,True,LONG,2024-01-24 10:35:00,4895.213,False,True,False,0.7822,1.2232,0.7822,4903.361,2024-01-24 12:56:00,2.2232,4865.74,2024-01-24 15:54:00,True,2024-01-24 10:43:00,0.2659,2.2232,True,4893.407,2024-01-24 10:50:00,0.013
ES,2024-01-25,Thursday,ADR,4871.882,4867.373,4.5090000000000146,4873.427,4867.12,6.306999999999789,True,SHORT,2024-01-24 20:45:00,4866.626,False,True,False,0.4535,0.3908,0.3908,4865.611,2024-01-24 21:45:00,1.4535,4873.927,2024-01-25 01:36:00,False,,0.996,,True,4867.376,2024-01-24 20:56:00,0.0007
ES,2024-01-25,Thursday,ODR,4874.37,4869.99,4.380000000000109,4875.427,4869.614,5.813000000000102,True,LONG,2024-01-25 04:50:00,4875.882,False,True,False,0.5735,0.3121,0.5735,4876.882,2024-01-25 04:58:00,1.3121,4868.623,2024-01-25 08:03:00,True,2024-01-25 04:56:00,0.0,1.3121,True,4874.114,2024-01-25 04:59:00,0.0584
ES,2024-01-25,Thursday,RDR,4896.837,4885.12,11.717000000000553,4898.567,4883.111,15.456000000000131,True,SHORT,2024-01-25 12:15:00,4882.952,True,True,False,0.0258,1.3725,1.3725,4869.039,2024-01-25 14:08:00,0.9193,4895.891,2024-01-25 15:59:00,True,2024-01-25 12:25:00,0.257,0.9193,True,4885.666,2024-01-25 13:02:00,0.0466
ES,2024-01-26,Friday,ADR,4886.07,4881.614,4.456000000000131,4886.497,4881.481,5.016000000000531,True,SHORT,2024-01-25 23:00:00,4880.907,True,False,,0.2074,2.2031,2.2031,4871.797,2024-01-26 01:32:00,0.0,4881.109,2024-01-25 23:06:00,True,2024-01-25 23:14:00,0.0,0.0,False,,,
ES,2024-01-26,Friday,ODR,4877.296,4871.456,5.8400000000001455,4877.542,4870.83,6.712000000000444,True,LONG,2024-01-26 04:20:00,4878.553,True,False,,2.9574,0.0,2.9574,4894.567,2024-01-26 07:43:00,0.0,4878.55,2024-01-26 04:27:00,True,2024-01-26 04:30:00,0.0,0.0,False,,,
ES,2024-01-26,Friday,RDR,4896.541,4888.846,7.6950000000006185,4897.264,4885.841,11.422999999999774,True,LONG,2024-01-26 10:30:00,4899.027,False,True,False,1.331,1.0351,1.331,4906.783,2024-01-26 11:00:00,2.0351,4880.881,2024-01-26 13:54:00,True,2024-01-26 10:37:00,0.0,2.0351,True,4896.467,2024-01-26 11:38:00,0.0096
ES,2024-01-29,Monday,ADR,4884.114,4876.927,7.186999999999898,4885.177,4876.867,8.30999999999949,True,LONG,2024-01-28 20:55:00,4885.382,True,True,True,0.6697,0.0,0.6697,4888.927,2024-01-29 01:19:00,0.1739,4882.864,2024-01-28 21:21:00,True,2024-01-29 01:08:00,0.1739,0.0,True,4883.873,2024-01-28 21:10:00,0.0335
ES,2024-01-29,Monday,ODR,4893.376,4888.876,4.5,4893.382,4888.62,4.761999999999716,True,LONG,2024-01-29 04:05:00,4893.611,False,True,False,0.3347,0.6673,0.3347,4894.882,2024-01-29 07:29:00,1.6673,4885.873,2024-01-29 05:01:00,False,,1.6673,,True,4893.114,2024-01-29 04:10:00,0.0582
ES,2024-01-29,Monday,RDR,4898.323,4891.382,6.941000000000713,4898.357,4889.37,8.98700000000008,True,SHORT,2024-01-29 10:45:00,4889.344,False,True,False,4.4906,0.675,0.675,4886.697,2024-01-29 11:00:00,5.4906,4929.492,2024-01-29 15:26:00,True,2024-01-29 10:57:00,0.0022,5.4906,True,4891.397,2024-01-29 10:56:00,0.0022
ES,2024-01-30,Tuesday,ADR,4930.224,4927.721,2.503000000000611,4930.527,4926.757,3.7700000000004366,True,SHORT,2024-01-29 22:55:00,4926.182,True,True,True,0.0,1.2697,1.2697,4924.543,2024-01-30 01:55:00,0.5897,4929.197,2024-01-30 00:36:00,True,2024-01-29 23:00:00,0.5897,0.5897,True,4927.727,2024-01-29 23:12:00,0.0024
ES,2024-01-30,Tuesday,ODR,4926.882,4921.37,5.511999999999716,4927.177,4920.927,6.25,True,SHORT,2024-01-30 06:15:00,4920.632,True,True,True,0.0891,1.2262,1.2262,4914.611,2024-01-30 08:21:00,0.4552,4923.879,2024-01-30 07:22:00,True,2024-01-30 08:03:00,0.4552,0.0,True,4921.882,2024-01-30 06:28:00,0.0929
ES,2024-01-30,Tuesday,RDR,4927.944,4920.177,7.767000000000735,4928.067,4918.702,9.364999999999782,True,LONG,2024-01-30 11:45:00,4929.247,False,True,False,0.4143,0.5491,0.4143,4931.162,2024-01-30 15:28:00,1.5491,4915.912,2024-01-30 12:33:00,False,,1.5491,,True,4927.657,2024-01-30 11:54:00,0.037
ES,2024-01-31,Wednesday,ADR,4907.904,4905.821,2.0830000000005384,4908.521,4905.571,2.949999999999818,True,SHORT,2024-01-30 20:50:00,4904.489,True,True,True,0.0,1.7139,1.7139,4902.251,2024-01-31 01:59:00,0.6846,4907.247,2024-01-30 23:54:00,True,2024-01-30 20:55:00,0.6846,0.6846,True,4905.942,2024-01-30 23:14:00,0.0581
ES,2024-01-31,Wednesday,ODR,4912.399,4908.682,3.717000000000553,4912.653,4908.254,4.399000000000342,True,SHORT,2024-01-31 04:05:00,4907.203,True,False,,0.0,2.852,2.852,4898.081,2024-01-31 06:02:00,0.0,4908.397,2024-01-31 08:22:00,True,2024-01-31 04:11:00,0.0,0.0,False,,,
ES,2024-01-31,Wednesday,RDR,4903.477,4887.304,16.172999999999774,4905.467,4887.247,18.219999999999345,True,SHORT,2024-01-31 10:30:00,4884.943,True,True,True,0.0758,2.6811,2.6811,4843.942,2024-01-31 15:59:00,1.0758,4904.703,2024-01-31 14:45:00,True,2024-01-31 10:58:00,1.0758,1.0758,True,4887.334,2024-01-31 11:03:00,0.0019
ES,2024-02-01,Thursday,ADR,4859.377,4855.576,3.8010000000003856,4860.079,4855.323,4.755999999999403,True,LONG,2024-01-31 21:10:00,4860.817,False,True,False,0.9732,1.0555,0.9732,4863.076,2024-01-31 21:42:00,2.0555,4851.564,2024-02-01 01:58:00,True,2024-01-31 21:16:00,0.0,2.0555,True,4859.32,2024-01-31 22:26:00,0.015
ES,2024-02-01,Thursday,ODR,4862.317,4857.943,4.373999999999796,4862.627,4856.811,5.816000000000713,True,LONG,2024-02-01 04:45:00,4863.332,True,True,True,2.4287,0.0,2.4287,4872.94,2024-02-01 07:45:00,0.513,4860.073,2024-02-01 08:24:00,True,2024-02-01 05:20:00,0.1143,0.513,True,4862.314,2024-02-01 04:57:00,0.0007
ES,2024-02-01,Thursday,RDR,4876.12,4860.317,15.802999999999884,4876.37,4856.611,19.759000000000015,True,SHORT,2024-02-01 10:55:00,4855.526,False,True,False,1.9507,0.4824,0.4824,4852.693,2024-02-01 11:12:00,2.9507,4906.947,2024-02-01 15:59:00,False,,0.0177,,True,4860.597,2024-02-01 11:07:00,0.0177
ES,2024-02-02,Friday,ADR,4933.329,4928.943,4.3859999999995125,4933.829,4928.817,5.011999999999716,True,LONG,2024-02-01 20:30:00,4935.319,True,True,True,0.6379,0.0,0.6379,4936.127,2024-02-01 21:07:00,0.485,4931.202,2024-02-02 01:02:00,True,2024-02-01 20:35:00,0.0,0.485,True,4932.847,2024-02-01 21:20:00,0.1099
ES,2024-02-02,Friday,ODR,4936.96,4929.936,7.024000000000342,4937.441,4929.181,8.260000000000218,True,LONG,2024-02-02 07:15:00,4939.063,True,True,False,0.6965,0.0393,0.6965,4941.852,2024-02-02 08:06:00,0.3302,4934.641,2024-02-02 08:25:00,True,2024-02-02 07:25:00,0.0,0.3302,True,4935.889,2024-02-02 08:18:00,0.1525
ES,2024-02-02,Friday,RDR,4927.617,4909.867,17.75,4928.122,4906.833,21.28900000000067,True,LONG,2024-02-02 10:40:00,4936.6,True,False,,2.6799,0.0,2.6799,4975.186,2024-02-02 15:11:00,0.0,4931.564,2024-02-02 11:02:00,True,2024-02-02 10:45:00,0.0,0.0,False,,,
ES,2024-02-05,Monday,ADR,4948.547,4943.927,4.619999999999891,4949.126,4942.111,7.015000000000327,True,LONG,2024-02-05 01:25:00,4949.132,True,True,True,0.1905,0.339,0.1905,4949.427,2024-02-05 01:32:00,0.2535,4947.376,2024-02-05 01:42:00,False,,0.0364,,True,4948.379,2024-02-05 01:31:00,0.0364
ES,2024-02-05,Monday,ODR,4951.987,4947.12,4.867000000000189,4952.427,4946.123,6.304000000000087,True,SHORT,2024-02-05 04:15:00,4946.117,False,True,True,0.3887,0.9741,0.9741,4942.379,2024-02-05 04:52:00,1.3887,4953.879,2024-02-05 07:42:00,True,2024-02-05 04:48:00,0.0117,1.3887,True,4947.132,2024-02-05 04:41:00,0.0025
ES,2024-02-05,Monday,RDR,4951.114,4925.367,25.74699999999939,4951.114,4922.626,28.487999999999374,True,SHORT,2024-02-05 10:40:00,4919.62,False,True,False,0.184,0.3207,0.3207,4917.111,2024-02-05 10:45:00,1.184,4955.852,2024-02-05 14:47:00,False,,0.0,,True,4925.789,2024-02-05 11:05:00,0.0164
ES,2024-02-06,Tuesday,ADR,4942.512,4938.744,3.768000000000029,4943.009,4938.519,4.489999999999782,True,LONG,2024-02-05 21:05:00,4943.28,True,True,True,1.3389,0.0,1.3389,4947.557,2024-02-06 00:09:00,0.0613,4942.281,2024-02-05 21:13:00,True,2024-02-05 21:42:00,0.0613,0.0,True,4942.281,2024-02-05 21:13:00,0.0613
ES,2024-02-06,Tuesday,ODR,4949.639,4944.213,5.426000000000386,4950.392,4944.191,6.201000000000022,True,SHORT,2024-02-06 04:45:00,4943.14,True,True,False,0.0,1.8487,1.8487,4934.182,2024-02-06 07:27:00,0.3997,4946.382,2024-02-06 08:24:00,True,2024-02-06 05:02:00,0.0,0.3997,True,4944.383,2024-02-06 08:10:00,0.0313
ES,2024-02-06,Tuesday,RDR,4955.844,4937.167,18.67699999999968,4957.732,4934.473,23.259000000000015,False,,,,,,,0.0,0.1109,,,,,,,False,,,,False,,,
ES,2024-02-07,Wednesday,ADR,4962.537,4952.343,10.194000000000415,4962.787,4951.594,11.193000000000211,True,SHORT,2024-02-07 01:25:00,4951.507,True,True,False,0.0,0.1671,0.1671,4950.64,2024-02-07 01:30:00,0.2011,4954.393,2024-02-07 01:56:00,False,,0.0,,True,4952.386,2024-02-07 01:33:00,0.0042
ES,2024-02-07,Wednesday,ODR,4953.96,4951.423,2.537000000000262,4954.222,4951.19,3.032000000000153,True,LONG,2024-02-07 04:20:00,4955.586,False,True,True,5.998,0.6027,5.998,4969.177,2024-02-07 08:18:00,1.6027,4949.894,2024-02-07 05:51:00,True,2024-02-07 04:25:00,1.6027,1.6027,True,4953.613,2024-02-07 04:37:00,0.1368
ES,2024-02-07,Wednesday,RDR,4994.482,4970.086,24.39599999999973,4994.482,4968.312,26.170000000000073,True,LONG,2024-02-07 13:25:00,4996.406,True,True,True,0.2171,0.0,0.2171,4999.779,2024-02-07 15:04:00,0.1497,4990.831,2024-02-07 15:55:00,False,,0.1327,,True,4994.431,2024-02-07 13:34:00,0.0021
ES,2024-02-08,Thursday,ADR,4994.76,4993.257,1.5030000000006112,4994.937,4993.004,1.9329999999999927,True,LONG,2024-02-07 20:50:00,4995.257,True,True,True,1.6653,0.002,1.6653,4997.263,2024-02-07 21:06:00,0.6713,4993.751,2024-02-08 01:14:00,True,2024-02-07 20:55:00,0.0,0.6713,True,4994.76,2024-02-07 21:30:00,0.0
ES,2024-02-08,Thursday,ODR,4996.567,4992.254,4.313000000000102,4997.269,4991.513,5.756000000000313,True,SHORT,2024-02-08 05:45:00,4991.01,True,True,True,0.0,1.7232,1.7232,4984.822,2024-02-08 08:23:00,0.0014,4992.26,2024-02-08 06:04:00,True,2024-02-08 06:13:00,0.0014,0.0,True,4992.26,2024-02-08 06:04:00,0.0014
ES,2024-02-08,Thursday,RDR,4995.004,4990.854,4.149999999999636,4996.817,4990.013,6.804000000000087,True,SHORT,2024-02-08 11:25:00,4987.579,False,True,False,1.4446,1.0294,1.0294,4986.582,2024-02-08 11:30:00,2.4446,5000.999,2024-02-08 15:59:00,True,2024-02-08 11:30:00,0.0,2.4446,True,4991.472,2024-02-08 11:39:00,0.1489
ES,2024-02-09,Friday,ADR,4997.903,4994.183,3.7200000000002547,4997.903,4994.177,3.7260000000005675,False,,,,,,,0.0,0.0,,,,,,,False,,,,False,,,
ES,2024-02-09,Friday,ODR,5003.999,4998.73,5.269000000000233,5004.287,4998.483,5.804000000000087,True,LONG,2024-02-09 05:45:00,5004.519,True,True,True,0.8053,0.0454,0.8053,5008.242,2024-02-09 07:52:00,0.371,5002.044,2024-02-09 06:05:00,True,2024-02-09 07:01:00,0.371,0.0,True,5003.763,2024-02-09 05:53:00,0.0448
ES,2024-02-09,Friday,RDR,5010.302,5001.444,8.857999999999265,5011.527,4997.777,13.75,True,LONG,2024-02-09 10:30:00,5011.587,True,True,True,2.2384,0.0,2.2384,5030.13,2024-02-09 14:46:00,0.3887,5006.859,2024-02-09 11:35:00,True,2024-02-09 11:02:00,0.3887,0.3887,True,5009.874,2024-02-09 11:26:00,0.0483
ES,2024-02-12,Monday,ADR,5026.373,5024.861,1.5119999999997162,5026.373,5024.626,1.7469999999993888,True,SHORT,2024-02-11 21:00:00,5024.623,True,True,True,0.0,1.6455,1.6455,5022.373,2024-02-12 01:22:00,0.6753,5025.882,2024-02-11 23:16:00,True,2024-02-11 22:50:00,0.6753,0.6753,True,5024.87,2024-02-11 21:05:00,0.006
ES,2024-02-12,Monday,ODR,5026.382,5022.87,3.5119999999997162,5026.427,5022.864,3.563000000000102,True,LONG,2024-02-12 05:10:00,5027.177,True,True,False,0.4271,0.0703,0.4271,5027.882,2024-02-12 06:17:00,0.4322,5024.864,2024-02-12 05:25:00,False,,0.4322,,True,5026.364,2024-02-12 05:15:00,0.0051
ES,2024-02-12,Monday,RDR,5027.361,5025.047,2.3140000000003056,5027.927,5023.731,4.195999999999913,True,LONG,2024-02-12 10:30:00,5028.35,False,True,False,9.1076,3.9196,9.1076,5048.436,2024-02-12 11:33:00,4.9196,5015.977,2024-02-12 14:20:00,True,2024-02-12 10:37:00,0.0043,4.9196,True,5027.351,2024-02-12 10:36:00,0.0043
ES,2024-02-13,Tuesday,ADR,5015.031,5014.033,0.9979999999995925,5015.522,5013.521,2.0010000000002037,True,LONG,2024-02-12 21:25:00,5015.577,True,True,True,6.0731,0.0561,6.0731,5021.092,2024-02-13 01:43:00,1.0561,5013.977,2024-02-12 23:40:00,True,2024-02-12 21:30:00,1.0561,1.0561,True,5014.623,2024-02-12 22:33:00,0.4088
ES,2024-02-13,Tuesday,ODR,5021.97,5007.734,14.235999999999876,5022.226,5006.43,15.795999999999367,True,SHORT,2024-02-13 04:45:00,5006.286,True,True,True,0.0,0.5508,0.5508,4999.893,2024-02-13 07:03:00,0.0565,5008.539,2024-02-13 08:25:00,True,2024-02-13 07:03:00,0.0383,0.0565,True,5008.279,2024-02-13 05:01:00,0.0383
ES,2024-02-13,Tuesday,RDR,4961.587,4947.577,14.010000000000218,4964.447,4944.986,19.46100000000024,True,LONG,2024-02-13 10:35:00,4964.652,False,True,False,0.6925,1.9677,0.6925,4971.289,2024-02-13 11:40:00,2.9677,4920.01,2024-02-13 15:22:00,True,2024-02-13 11:23:00,0.2298,2.9677,True,4961.18,2024-02-13 10:40:00,0.0291
ES,2024-02-14,Wednesday,ADR,4954.464,4951.527,2.936999999999898,4955.219,4951.003,4.216000000000349,True,LONG,2024-02-13 21:00:00,4955.491,True,True,True,1.1403,0.1781,1.1403,4957.813,2024-02-14 01:58:00,0.9864,4951.567,2024-02-13 22:37:00,True,2024-02-14 00:37:00,0.9864,0.0,True,4954.269,2024-02-13 21:07:00,0.0664
ES,2024-02-14,Wednesday,ODR,4968.06,4962.082,5.9780000000000655,4968.857,4961.577,7.279999999999745,True,LONG,2024-02-14 04:10:00,4969.324,True,False,,2.4502,0.0,2.4502,4982.707,2024-02-14 08:12:00,0.0,4968.34,2024-02-14 04:23:00,True,2024-02-14 04:36:00,0.0,0.0,False,,,
ES,2024-02-14,Wednesday,RDR,4990.142,4970.742,19.399999999999636,4991.546,4969.244,22.30200000000059,True,SHORT,2024-02-14 11:00:00,4966.076,False,True,False,0.6618,0.7586,0.7586,4956.026,2024-02-14 12:06:00,1.6618,5002.98,2024-02-14 15:59:00,True,2024-02-14 12:01:00,0.226,1.6618,True,4971.263,2024-02-14 11:07:00,0.0269
ES,2024-02-15,Thursday,ADR,5001.427,4996.414,5.01299999999992,5001.427,4995.661,5.765999999999622,True,LONG,2024-02-14 22:00:00,5002.117,True,True,True,1.3363,0.01,1.3363,5008.126,2024-02-15 01:58:00,0.1117,5000.867,2024-02-15 01:07:00,True,2024-02-15 01:35:00,0.1117,0.0,True,5001.361,2024-02-14 22:08:00,0.0132
ES,2024-02-15,Thursday,ODR,5013.879,5008.632,5.247000000000298,5014.177,5008.617,5.559999999999491,True,SHORT,2024-02-15 04:45:00,5008.379,True,True,True,0.0,0.4322,0.4322,5006.364,2024-02-15 08:26:00,0.6194,5011.882,2024-02-15 07:49:00,False,,0.6194,,True,5009.126,2024-02-15 04:50:00,0.0941
ES,2024-02-15,Thursday,RDR,5015.642,5003.873,11.769000000000233,5016.632,5003.427,13.204999999999927,True,SHORT,2024-02-15 11:00:00,5003.191,False,True,False,1.4602,0.4194,0.4194,4998.937,2024-02-15 11:09:00,2.4602,5032.827,2024-02-15 14:56:00,False,,0.0487,,True,5004.446,2024-02-15 11:05:00,0.0487
ES,2024-02-16,Friday,ADR,5027.969,5024.746,3.2229999999999563,5027.972,5024.484,3.4879999999993743,True,LONG,2024-02-15 21:50:00,5028.549,True,True,True,0.7378,0.5355,0.7378,5030.347,2024-02-16 01:59:00,0.3748,5026.761,2024-02-16 00:59:00,True,2024-02-15 23:16:00,0.3748,0.3748,True,5027.942,2024-02-15 22:30:00,0.0084
ES,2024-02-16,Friday,ODR,5037.356,5030.822,6.533999999999651,5037.619,5030.822,6.796999999999571,True,LONG,2024-02-16 04:25:00,5039.876,True,True,False,0.85,0.0,0.85,5042.91,2024-02-16 06:14:00,0.281,5035.52,2024-02-16 08:24:00,True,2024-02-16 05:11:00,0.0329,0.281,True,5037.141,2024-02-16 04:57:00,0.0329
ES,2024-02-16,Friday,RDR,5026.826,5006.677,20.149000000000342,5028.832,4997.641,31.191000000000713,True,LONG,2024-02-16 11:20:00,5030.339,False,True,False,0.5855,0.3248,0.5855,5038.623,2024-02-16 14:10:00,1.3248,5000.132,2024-02-16 15:53:00,True,2024-02-16 14:02:00,0.4583,1.3248,True,5026.791,2024-02-16 11:35:00,0.0017
ES,2024-02-19,Monday,ADR,5013.626,5009.37,4.256000000000313,5014.126,5008.611,5.515000000000327,True,SHORT,2024-02-18 20:30:00,5007.117,True,True,False,0.0,1.2944,1.2944,5003.861,2024-02-18 20:41:00,0.414,5011.132,2024-02-19 01:55:00,True,2024-02-18 20:35:00,0.0,0.414,True,5009.626,2024-02-19 00:01:00,0.0602
ES,2024-02-19,Monday,ODR,5009.249,5004.376,4.8729999999995925,5009.427,5003.117,6.309999999999491,True,LONG,2024-02-19 04:50:00,5010.129,True,True,True,0.3846,0.0,0.3846,5011.123,2024-02-19 05:13:00,0.6953,5005.861,2024-02-19 06:54:00,False,,0.0,,True,5008.879,2024-02-19 05:22:00,0.0759
ES,2024-02-19,Monday,RDR,5013.367,5009.617,3.75,5013.373,5009.177,4.195999999999913,True,SHORT,2024-02-19 10:45:00,5008.379,True,True,True,0.0,0.4683,0.4683,5007.861,2024-02-19 11:10:00,0.3365,5010.879,2024-02-19 12:55:00,False,,0.0,,True,5009.677,2024-02-19 11:39:00,0.016
ES,2024-02-20,Tuesday,ADR,5002.361,4997.861,4.5,5002.361,4997.382,4.979000000000269,True,SHORT,2024-02-19 20:40:00,4996.864,True,False,,0.0,2.6091,2.6091,4986.12,2024-02-19 21:00:00,0.0,4996.617,2024-02-19 20:45:00,True,2024-02-19 20:45:00,0.0,0.0,False,,,
ES,2024-02-20,Tuesday,ODR,4997.111,4986.37,10.740999999999985,4997.427,4984.867,12.55999999999949,True,SHORT,2024-02-20 05:05:00,4983.364,True,True,False,0.0252,0.6279,0.6279,4979.626,2024-02-20 06:04:00,0.583,4992.632,2024-02-20 07:37:00,True,2024-02-20 06:03:00,0.1391,0.583,True,4986.873,2024-02-20 05:12:00,0.0468
ES,2024-02-20,Tuesday,RDR,4992.382,4969.37,23.011999999999716,4993.87,4968.626,25.243999999999687,True,SHORT,2024-02-20 11:55:00,4967.029,True,True,False,0.0,0.6469,0.6469,4954.483,2024-02-20 12:39:00,0.3892,4978.327,2024-02-20 15:59:00,True,2024-02-20 12:19:00,0.0,0.3892,True,4970.247,2024-02-20 14:19:00,0.0381
ES,2024-02-21,Wednesday,ADR,4974.64,4966.833,7.8070000000006985,4974.77,4966.321,8.449000000000524,False,,,,,,,0.0,0.1276,,,,,,,False,,,,False,,,
ES,2024-02-21,Wednesday,ODR,4971.551,4961.881,9.670000000000073,4972.554,4961.387,11.167000000000371,True,SHORT,2024-02-21 07:50:00,4960.302,True,True,True,0.0,0.2415,0.2394,4959.566,2024-02-21 08:27:00,0.2235,4964.042,2024-02-21 08:04:00,False,,0.2235,,True,4962.786,2024-02-21 08:01:00,0.0936
ES,2024-02-21,Wednesday,RDR,4969.062,4960.189,8.872999999999593,4969.847,4958.181,11.666000000000167,True,LONG,2024-02-21 11:10:00,4971.621,False,True,True,1.5891,1.7159,1.5891,4983.162,2024-02-21 15:57:00,2.7159,4944.964,2024-02-21 15:21:00,True,2024-02-21 15:43:00,2.7159,0.1147,True,4968.921,2024-02-21 11:16:00,0.0159
ES,2024-02-22,Thursday,ADR,5021.897,5014.64,7.256999999999607,5023.399,5014.143,9.256000000000313,True,LONG,2024-02-22 01:30:00,5024.147,True,False,,0.8895,0.0065,0.8895,5028.352,2024-02-22 01:55:00,0.0,5023.331,2024-02-22 01:36:00,True,2024-02-22 01:38:00,0.0,0.0,False,,,
ES,2024-02-22,Thursday,ODR,5044.59,5031.081,13.509000000000015,5045.147,5031.081,14.065999999999804,True,LONG,2024-02-22 06:15:00,5051.599,True,True,True,0.7904,0.0,0.7904,5055.267,2024-02-22 06:21:00,0.0372,5044.087,2024-02-22 08:04:00,True,2024-02-22 06:20:00,0.0,0.0372,True,5044.451,2024-02-22 08:01:00,0.0103
ES,2024-02-22,Thursday,RDR,5063.181,5040.596,22.585000000000036,5064.37,5040.087,24.282999999999447,True,LONG,2024-02-22 10:30:00,5065.947,True,True,True,1.3898,0.0,1.3898,5094.569,2024-02-22 14:26:00,0.3799,5054.602,2024-02-22 10:49:00,True,2024-02-22 12:57:00,0.3799,0.0,True,5062.484,2024-02-22 10:37:00,0.0309
ES,2024-02-23,Friday,ADR,5086.126,5081.622,4.503999999999905,5086.427,5079.86,6.567000000000007,True,LONG,2024-02-22 20:30:00,5087.37,True,False,,1.2516,0.0,1.2516,5091.763,2024-02-23 01:03:00,0.0,5086.864,2024-02-22 20:39:00,True,2024-02-22 20:36:00,0.0,0.0,False,,,
ES,2024-02-23,Friday,ODR,5088.147,5083.146,5.001000000000204,5088.147,5082.631,5.515999999999622,True,SHORT,2024-02-23 04:20:00,5082.413,False,True,False,0.9358,0.6433,0.6433,5079.929,2024-02-23 04:28:00,1.9358,5092.827,2024-02-23 08:26:00,True,2024-02-23 04:26:00,0.0,1.9358,True,5083.44,2024-02-23 05:19:00,0.0588
ES,2024-02-23,Friday,RDR,5110.836,5102.044,8.792000000000371,5110.887,5100.524,10.362999999999374,True,SHORT,2024-02-23 10:40:00,5097.964,True,False,,0.0,2.428,2.428,5080.697,2024-02-23 11:14:00,0.0,5100.877,2024-02-23 10:51:00,True,2024-02-23 10:45:00,0.0,0.0,False,,,
ES,2024-02-26,Monday,ADR,5084.309,5077.859,6.449999999999818,5084.809,5077.1,7.708999999999833,False,,,,,,,0.0,0.0,,,,,,,False,,,,False,,,
ES,2024-02-26,Monday,ODR,5082.837,5079.966,2.8710000000000946,5084.346,5079.584,4.761999999999716,True,LONG,2024-02-26 04:40:00,5085.102,True,False,,2.6332,0.2212,2.6332,5090.397,2024-02-26 08:25:00,0.0,5083.837,2024-02-26 08:05:00,True,2024-02-26 04:45:00,0.0,0.0,False,,,
ES,2024-02-26,Monday,RDR,5095.331,5089.001,6.329999999999927,5096.647,5086.331,10.315999999999804,True,SHORT,2024-02-26 10:45:00,5086.067,True,False,,0.0,3.3261,3.3261,5067.947,2024-02-26 15:59:00,0.0,5088.674,2024-02-26 12:31:00,True,2024-02-26 10:50:00,0.0,0.0,False,,,
ES,2024-02-27,Tuesday,ADR,5068.499,5065.272,3.2269999999998618,5068.797,5065.067,3.7299999999995634,True,SHORT,2024-02-26 21:20:00,5064.797,True,True,False,0.0096,0.9176,0.9176,5062.311,2024-02-27 00:43:00,0.987,5068.457,2024-02-27 00:15:00,True,2024-02-26 21:42:00,0.987,0.987,True,5065.294,2024-02-26 21:26:00,0.0068
ES,2024-02-27,Tuesday,ODR,5071.697,5066.414,5.2830000000003565,5071.877,5065.949,5.928000000000793,True,LONG,2024-02-27 04:00:00,5073.429,True,True,False,1.4403,0.0413,1.4403,5079.306,2024-02-27 07:48:00,0.54,5068.844,2024-02-27 08:18:00,True,2024-02-27 04:27:00,0.0996,0.54,True,5071.68,2024-02-27 04:11:00,0.0032
ES,2024-02-27,Tuesday,RDR,5075.636,5066.517,9.119000000000597,5076.382,5064.27,12.11199999999917,True,SHORT,2024-02-27 12:20:00,5063.187,False,True,False,0.5857,1.067,1.067,5056.787,2024-02-27 13:00:00,1.5857,5080.977,2024-02-27 15:58:00,True,2024-02-27 12:39:00,0.0355,1.5857,True,5066.841,2024-02-27 12:32:00,0.0355
ES,2024-02-28,Wednesday,ADR,5078.094,5075.353,2.7409999999999854,5078.407,5074.84,3.5670000000000073,True,LONG,2024-02-27 21:25:00,5078.634,False,True,False,0.6979,0.6552,0.6979,5080.007,2024-02-27 22:59:00,1.6552,5073.557,2024-02-28 01:24:00,True,2024-02-27 22:47:00,0.3386,1.6552,True,5077.891,2024-02-27 21:36:00,0.0741
ES,2024-02-28,Wednesday,ODR,5073.709,5066.092,7.617000000000189,5074.206,5065.34,8.865999999999985,True,SHORT,2024-02-28 04:25:00,5061.111,True,True,True,0.0,1.6646,1.6646,5053.413,2024-02-28 04:49:00,0.0144,5066.202,2024-02-28 06:41:00,True,2024-02-28 04:30:00,0.0,0.0144,True,5066.202,2024-02-28 06:41:00,0.0144
ES,2024-02-28,Wednesday,RDR,5066.33,5060.486,5.844000000000051,5068.557,5058.213,10.344000000000051,True,LONG,2024-02-28 10:35:00,5069.127,True,True,True,1.8496,0.0009,1.8496,5077.139,2024-02-28 11:05:00,1.0009,5060.481,2024-02-28 14:51:00,True,2024-02-28 10:40:00,0.0,1.0009,True,5063.72,2024-02-28 12:33:00,0.4466
ES,2024-02-29,Thursday,ADR,5068.896,5065.27,3.6259999999992942,5069.261,5065.017,4.244000000000597,True,LONG,2024-02-28 20:35:00,5069.77,True,True,True,2.0921,0.0,2.0921,5076.482,2024-02-29 00:02:00,0.3105,5067.77,2024-02-28 20:53:00,True,2024-02-28 21:17:00,0.3105,0.0,True,5068.77,2024-02-28 20:44:00,0.0347
ES,2024-02-29,Thursday,ODR,5066.211,5056.72,9.490999999999985,5067.277,5051.47,15.806999999999789,False,,,,,,,0.0,0.264,,,,,,,False,,,,False,,,
ES,2024-02-29,Thursday,RDR,5095.723,5076.921,18.80199999999968,5096.732,5075.667,21.0649999999996,True,SHORT,2024-02-29 11:30:00,5074.989,False,True,False,0.4871,0.8299,0.8299,5061.317,2024-02-29 11:40:00,1.4871,5104.882,2024-02-29 15:57:00,True,2024-02-29 11:39:00,0.0283,1.4871,True,5077.454,2024-02-29 11:36:00,0.0283
ES,2024-03-01,Friday,ADR,5093.637,5090.601,3.036000000000058,5094.632,5090.111,4.520999999999731,True,LONG,2024-02-29 20:30:00,5094.947,True,False,,3.7263,0.0,3.7263,5104.95,2024-03-01 01:18:00,0.0,5094.763,2024-02-29 20:35:00,True,2024-02-29 20:35:00,0.0,0.0,False,,,
ES,2024-03-01,Friday,ODR,5104.53,5098.669,5.860999999999876,5105.347,5097.666,7.680999999999585,True,SHORT,2024-03-01 05:00:00,5097.392,True,False,,0.0,3.0647,3.0647,5080.707,2024-03-01 05:28:00,0.0,5098.636,2024-03-01 05:07:00,True,2024-03-01 05:12:00,0.0,0.0,False,,,
ES,2024-03-01,Friday,RDR,5111.807,5094.257,17.550000000000182,5112.117,5093.016,19.101000000000568,True,LONG,2024-03-01 10:50:00,5113.806,True,True,True,1.6383,0.0,1.6383,5140.56,2024-03-01 14:30:00,0.0892,5110.242,2024-03-01 11:35:00,True,2024-03-01 11:08:00,0.0892,0.0892,True,5110.242,2024-03-01 11:35:00,0.0892
ES,2024-03-04,Monday,ADR,5134.087,5132.461,1.6260000000002037,5134.467,5132.461,2.0059999999994034,True,SHORT,2024-03-03 21:05:00,5131.982,False,True,True,0.2319,1.0744,1.0744,5130.714,2024-03-04 01:10:00,1.2319,5134.464,2024-03-03 21:46:00,True,2024-03-03 21:10:00,1.2319,1.2319,True,5132.473,2024-03-03 21:12:00,0.0074
ES,2024-03-04,Monday,ODR,5134.927,5133.177,1.75,5135.623,5132.87,2.7529999999997017,True,SHORT,2024-03-04 04:55:00,5131.626,True,False,,0.9657,3.6023,3.6023,5126.873,2024-03-04 06:10:00,0.0,5133.126,2024-03-04 05:36:00,True,2024-03-04 05:00:00,0.0,0.0,False,,,
ES,2024-03-04,Monday,RDR,5133.079,5127.749,5.329999999999927,5134.082,5127.611,6.471000000000458,True,LONG,2024-03-04 10:30:00,5134.543,True,True,False,3.0953,0.0,3.0953,5149.577,2024-03-04 15:14:00,0.7126,5129.281,2024-03-04 11:35:00,True,2024-03-04 10:37:00,0.7126,0.7126,True,5132.25,2024-03-04 10:53:00,0.1555
ES,2024-03-05,Tuesday,ADR,5124.682,5121.212,3.469999999999345,5125.682,5120.836,4.845999999999549,True,SHORT,2024-03-05 00:25:00,5120.379,True,False,,0.0,1.3778,1.3778,5116.431,2024-03-05 01:37:00,0.0,5120.677,2024-03-05 00:30:00,True,2024-03-05 00:35:00,0.0,0.0,False,,,
ES,2024-03-05,Tuesday,ODR,5120.444,5114.077,6.367000000000189,5121.747,5113.384,8.363000000000284,True,SHORT,2024-03-05 04:45:00,5113.066,True,True,True,0.0,0.5461,0.5461,5110.6,2024-03-05 05:11:00,0.9212,5119.942,2024-03-05 07:27:00,True,2024-03-05 05:11:00,0.0,0.9212,True,5114.089,2024-03-05 05:20:00,0.0019
ES,2024-03-05,Tuesday,RDR,5112.182,5089.367,22.8149999999996,5114.412,5088.322,26.090000000000146,True,SHORT,2024-03-05 10:30:00,5086.963,True,True,True,0.0,1.4553,1.4553,5056.164,2024-03-05 15:32:00,0.1297,5092.327,2024-03-05 12:27:00,True,2024-03-05 11:43:00,0.1297,0.1297,True,5089.827,2024-03-05 10:47:00,0.0202
ES,2024-03-06,Wednesday,ADR,5080.66,5076.912,3.7479999999995925,5081.416,5076.41,5.006000000000313,True,LONG,2024-03-05 21:20:00,5081.722,True,True,True,1.0982,0.0,1.0982,5084.776,2024-03-05 22:55:00,0.1201,5080.21,2024-03-05 21:25:00,True,2024-03-05 22:26:00,0.1201,0.0,True,5080.21,2024-03-05 21:25:00,0.1201
ES,2024-03-06,Wednesday,ODR,5094.197,5085.147,9.050000000000182,5094.944,5085.017,9.92700000000059,True,LONG,2024-03-06 04:00:00,5095.972,True,True,True,1.4387,0.0,1.4387,5107.217,2024-03-06 08:25:00,0.0575,5093.677,2024-03-06 06:55:00,True,2024-03-06 04:17:00,0.0575,0.0575,True,5093.677,2024-03-06 06:55:00,0.0575
ES,2024-03-06,Wednesday,RDR,5112.946,5095.547,17.399000000000342,5115.497,5091.551,23.945999999999913,True,LONG,2024-03-06 11:05:00,5115.786,False,True,False,0.8469,0.1796,0.8469,5127.682,2024-03-06 12:32:00,1.1796,5092.422,2024-03-06 14:15:00,True,2024-03-06 11:50:00,0.0507,1.1796,True,5112.839,2024-03-06 11:33:00,0.0061
ES,2024-03-07,Thursday,ADR,5099.169,5092.91,6.2590000000000146,5099.597,5090.281,9.315999999999804,True,SHORT,2024-03-06 21:20:00,5087.043,False,True,False,0.1791,1.0163,1.0163,5086.549,2024-03-06 21:25:00,1.1791,5100.29,2024-03-07 01:31:00,True,2024-03-06 21:25:00,0.0,1.1791,True,5093.046,2024-03-06 22:44:00,0.0217
ES,2024-03-07,Thursday,ODR,5094.281,5086.284,7.997000000000298,5094.847,5081.79,13.056999999999789,True,LONG,2024-03-07 04:00:00,5097.037,True,False,,3.9416,0.0,3.9416,5125.802,2024-03-07 08:19:00,0.0,5096.281,2024-03-07 04:10:00,True,2024-03-07 04:10:00,0.0,0.0,False,,,
ES,2024-03-07,Thursday,RDR,5148.537,5134.16,14.377000000000407,5148.537,5128.537,20.0,True,LONG,2024-03-07 10:35:00,5149.309,True,True,True,1.1821,0.0,1.1821,5165.532,2024-03-07 13:57:00,0.2923,5144.334,2024-03-07 11:35:00,True,2024-03-07 12:18:00,0.2923,0.0962,True,5148.31,2024-03-07 10:55:00,0.0158
ES,2024-03-08,Friday,ADR,5156.149,5153.286,2.8630000000002838,5157.134,5152.91,4.22400000000016,True,LONG,2024-03-07 22:45:00,5157.256,True,False,,2.1334,0.19,2.1334,5162.257,2024-03-07 23:21:00,0.0,5157.281,2024-03-08 00:02:00,True,2024-03-07 22:50:00,0.0,0.0,False,,,
ES,2024-03-08,Friday,ODR,5168.432,5159.413,9.019000000000233,5168.929,5158.907,10.021999999999935,True,SHORT,2024-03-08 06:35:00,5158.049,True,False,,0.0,1.4782,1.4782,5146.081,2024-03-08 07:53:00,0.0,5158.296,2024-03-08 06:40:00,True,2024-03-08 06:48:00,0.0,0.0,False,,,
ES,2024-03-08,Friday,RDR,5187.547,5160.601,26.945999999999913,5188.987,5159.11,29.877000000000407,True,SHORT,2024-03-08 11:20:00,5158.943,True,True,True,0.0011,1.6052,1.6052,5117.346,2024-03-08 13:42:00,0.0629,5162.296,2024-03-08 11:25:00,True,2024-03-08 11:32:00,0.0629,0.0,True,5162.296,2024-03-08 11:25:00,0.0629
ES,2024-03-11,Monday,ADR,5124.47,5119.482,4.988000000000284,5124.729,5118.717,6.012000000000626,True,LONG,2024-03-10 20:30:00,5125.211,False,True,False,0.7632,1.5804,0.7632,5128.277,2024-03-10 20:42:00,2.5804,5111.599,2024-03-10 23:06:00,True,2024-03-10 20:42:00,0.0,2.5804,True,5124.467,2024-03-10 20:48:00,0.0006
ES,2024-03-11,Monday,ODR,5118.49,5107.177,11.313000000000102,5121.626,5102.873,18.75300000000061,True,LONG,2024-03-11 05:45:00,5122.002,False,True,False,0.348,0.6909,0.348,5122.427,2024-03-11 05:50:00,1.6909,5099.361,2024-03-11 07:47:00,False,,0.0,,True,5118.132,2024-03-11 06:00:00,0.0316
ES,2024-03-11,Monday,RDR,5112.927,5095.817,17.109999999999673,5114.882,5095.317,19.5649999999996,True,LONG,2024-03-11 11:50:00,5116.953,True,True,True,0.6885,0.0,0.6885,5124.707,2024-03-11 13:50:00,0.2718,5108.277,2024-03-11 12:13:00,True,2024-03-11 12:32:00,0.2718,0.2195,True,5111.202,2024-03-11 12:07:00,0.1008
ES,2024-03-12,Tuesday,ADR,5133.937,5129.961,3.975999999999658,5135.119,5129.85,5.268999999999323,True,LONG,2024-03-11 23:40:00,5135.147,True,False,,1.8385,0.0412,1.8385,5141.247,2024-03-12 01:00:00,0.0,5134.906,2024-03-11 23:45:00,True,2024-03-11 23:53:00,0.0,0.0,False,,,
ES,2024-03-12,Tuesday,ODR,5140.914,5129.049,11.864999999999782,5142.28,5128.922,13.358000000000175,True,SHORT,2024-03-12 04:55:00,5128.451,False,True,False,1.1756,1.5029,1.5029,5111.217,2024-03-12 07:30:00,2.1756,5154.863,2024-03-12 07:45:00,True,2024-03-12 07:30:00,0.5748,2.1756,True,5129.497,2024-03-12 05:01:00,0.0378
ES,2024-03-12,Tuesday,RDR,5170.657,5156.757,13.900000000000546,5171.936,5156.754,15.181999999999789,True,SHORT,2024-03-12 11:35:00,5151.93,False,True,False,0.6817,1.0869,1.0869,5141.649,2024-03-12 11:45:00,1.6817,5180.132,2024-03-12 14:55:00,True,2024-03-12 11:41:00,0.0,1.6817,True,5158.233,2024-03-12 12:20:00,0.1062
ES,2024-03-13,Wednesday,ADR,5175.871,5171.714,4.157000000000153,5175.88,5171.48,4.400000000000546,True,SHORT,2024-03-12 21:35:00,5170.784,False,True,False,0.5218,0.7354,0.7354,5168.657,2024-03-12 22:15:00,1.5218,5178.04,2024-03-13 00:57:00,True,2024-03-12 22:06:00,0.0,1.5218,True,5171.877,2024-03-12 22:50:00,0.0392
ES,2024-03-13,Wednesday,ODR,5179.064,5172.236,6.828000000000429,5180.579,5170.77,9.808999999999287,True,SHORT,2024-03-13 07:30:00,5170.172,True,True,False,0.2406,0.3401,0.3401,5169.914,2024-03-13 07:36:00,0.8182,5177.823,2024-03-13 08:29:00,False,,0.0,,True,5172.873,2024-03-13 07:43:00,0.0933
ES,2024-03-13,Wednesday,RDR,5173.35,5166.139,7.21100000000024,5173.464,5164.147,9.317000000000007,True,LONG,2024-03-13 12:05:00,5175.963,False,True,False,0.7493,2.1315,0.7493,5178.753,2024-03-13 12:30:00,3.1315,5150.769,2024-03-13 14:29:00,True,2024-03-13 12:10:00,0.1581,3.1315,True,5172.951,2024-03-13 12:16:00,0.0553
ES,2024-03-14,Thursday,ADR,5171.664,5168.673,2.9909999999999854,5171.727,5168.423,3.3040000000000873,True,LONG,2024-03-13 20:35:00,5172.411,True,True,True,1.5931,0.0,1.5931,5176.429,2024-03-14 01:59:00,0.7482,5169.426,2024-03-13 23:17:00,True,2024-03-13 20:45:00,0.7482,0.7482,True,5171.543,2024-03-13 21:06:00,0.0405
ES,2024-03-14,Thursday,ODR,5183.477,5177.79,5.686999999999898,5184.227,5177.411,6.8159999999998035,True,LONG,2024-03-14 04:40:00,5184.426,False,True,False,0.6075,1.4273,0.6075,5186.932,2024-03-14 06:22:00,2.4273,5169.673,2024-03-14 08:23:00,True,2024-03-14 06:20:00,0.4512,2.4273,True,5183.179,2024-03-14 04:46:00,0.0524
ES,2024-03-14,Thursday,RDR,5159.834,5147.579,12.25500000000011,5160.82,5145.551,15.268999999999323,True,SHORT,2024-03-14 11:05:00,5143.971,True,True,False,0.0,2.0032,2.0032,5123.03,2024-03-14 14:37:00,0.7709,5157.026,2024-03-14 13:12:00,True,2024-03-14 12:05:00,0.7709,0.7709,True,5147.972,2024-03-14 11:21:00,0.0321
ES,2024-03-15,Friday,ADR,5152.24,5150.007,2.2330000000001746,5153.027,5149.3,3.7269999999998618,True,SHORT,2024-03-14 21:00:00,5148.849,True,True,True,0.3999,2.5884,2.5884,5144.227,2024-03-15 00:44:00,0.6113,5151.372,2024-03-14 22:48:00,True,2024-03-14 21:05:00,0.6113,0.6113,True,5150.606,2024-03-14 22:22:00,0.2682
ES,2024-03-15,Friday,ODR,5152.877,5145.402,7.475000000000364,5153.187,5145.402,7.7849999999998545,True,LONG,2024-03-15 04:00:00,5153.504,False,True,False,1.529,3.354,1.529,5164.306,2024-03-15 06:35:00,4.354,5120.331,2024-03-15 08:29:00,True,2024-03-15 04:31:00,0.0,4.354,True,5152.771,2024-03-15 07:40:00,0.0142
ES,2024-03-15,Friday,RDR,5136.137,5122.783,13.35399999999936,5137.076,5122.034,15.042000000000371,True,SHORT,2024-03-15 10:40:00,5120.401,True,True,True,0.0,1.3713,1.3713,5104.471,2024-03-15 11:55:00,0.2534,5126.167,2024-03-15 13:42:00,True,2024-03-15 11:06:00,0.0,0.2534,True,5124.453,2024-03-15 13:41:00,0.1251
ES,2024-03-18,Monday,ADR,5123.023,5119.011,4.011999999999716,5123.577,5118.273,5.304000000000087,True,LONG,2024-03-17 20:45:00,5124.276,True,False,,2.8425,0.0,2.8425,5134.427,2024-03-18 01:50:00,0.0,5123.517,2024-03-17 20:51:00,True,2024-03-17 20:55:00,0.0,0.0,False,,,
ES,2024-03-18,Monday,ODR,5137.911,5128.923,8.988000000000284,5138.161,5128.161,10.0,True,LONG,2024-03-18 04:00:00,5138.911,True,True,True,2.7537,0.0,2.7537,5162.661,2024-03-18 08:29:00,0.5003,5133.414,2024-03-18 04:20:00,True,2024-03-18 06:12:00,0.5003,0.0,True,5137.911,2024-03-18 04:07:00,0.0
ES,2024-03-18,Monday,RDR,5172.954,5165.532,7.421999999999571,5173.579,5163.297,10.282000000000153,True,SHORT,2024-03-18 10:30:00,5162.437,True,True,True,0.0,2.6555,2.6555,5145.823,2024-03-18 14:58:00,0.0734,5166.077,2024-03-18 10:43:00,True,2024-03-18 10:35:00,0.0734,0.0734,True,5165.796,2024-03-18 10:39:00,0.0356
ES,2024-03-19,Tuesday,ADR,5143.979,5139.342,4.637000000000626,5144.472,5139.077,5.394999999999527,True,SHORT,2024-03-18 20:30:00,5138.843,False,True,False,1.0822,0.2556,0.2556,5138.157,2024-03-18 20:35:00,2.0822,5148.997,2024-03-18 22:42:00,False,,0.0,,True,5139.577,2024-03-18 20:36:00,0.0507
ES,2024-03-19,Tuesday,ODR,5153.874,5140.99,12.884000000000015,5154.629,5140.253,14.376000000000204,True,SHORT,2024-03-19 04:45:00,5139.111,True,True,False,0.0,1.444,1.444,5122.386,2024-03-19 07:29:00,0.212,5143.722,2024-03-19 05:44:00,True,2024-03-19 06:01:00,0.212,0.0817,True,5141.837,2024-03-19 05:06:00,0.0657
ES,2024-03-19,Tuesday,RDR,5147.431,5134.716,12.714999999999236,5148.247,5133.964,14.283000000000357,True,LONG,2024-03-19 10:30:00,5151.617,True,False,,2.6037,0.0,2.6037,5180.537,2024-03-19 14:56:00,0.0,5149.259,2024-03-19 10:55:00,True,2024-03-19 10:37:00,0.0,0.0,False,,,
ES,2024-03-20,Wednesday,ADR,5173.617,5171.632,1.985000000000582,5173.617,5171.111,2.506000000000313,True,SHORT,2024-03-19 20:30:00,5170.646,True,True,False,0.1708,1.4872,1.4872,5168.68,2024-03-19 20:46:00,1.1708,5173.956,2024-03-20 01:24:00,True,2024-03-19 20:36:00,0.0,1.1708,True,5171.653,2024-03-19 21:18:00,0.0106
ES,2024-03-20,Wednesday,ODR,5174.839,5170.414,4.425000000000182,5175.867,5169.19,6.677000000000589,True,LONG,2024-03-20 05:55:00,5176.274,True,True,True,1.5939,0.1656,1.5939,5181.892,2024-03-20 06:53:00,0.7358,5171.583,2024-03-20 07:41:00,True,2024-03-20 06:02:00,0.0,0.7358,True,5174.791,2024-03-20 07:20:00,0.0108
ES,2024-03-20,Wednesday,RDR,5184.124,5176.957,7.166999999999462,5184.851,5175.966,8.884999999999309,True,SHORT,2024-03-20 11:10:00,5175.437,False,True,False,6.7243,0.8596,0.8596,5170.796,2024-03-20 12:41:00,7.7243,5232.317,2024-03-20 15:13:00,True,2024-03-20 12:15:00,0.6195,7.7243,True,5177.099,2024-03-20 11:19:00,0.0198
ES,2024-03-21,Thursday,ADR,5240.523,5238.261,2.2619999999997162,5241.282,5238.261,3.020999999999731,True,SHORT,2024-03-20 20:40:00,5238.02,False,True,False,3.7816,0.3316,0.2184,5237.767,2024-03-20 20:45:00,4.7816,5249.077,2024-03-21 01:29:00,False,,0.0,,True,5238.264,2024-03-20 20:46:00,0.0013
ES,2024-03-21,Thursday,ODR,5254.014,5247.396,6.618000000000393,5254.261,5246.761,7.5,True,SHORT,2024-03-21 04:00:00,5245.023,True,True,False,0.3427,1.0403,1.0403,5240.511,2024-03-21 05:42:00,1.3427,5256.282,2024-03-21 08:26:00,True,2024-03-21 04:05:00,0.0,1.3427,True,5248.026,2024-03-21 06:38:00,0.0952
ES,2024-03-21,Thursday,RDR,5259.95,5251.823,8.126999999999498,5260.007,5250.611,9.39599999999973,True,LONG,2024-03-21 11:25:00,5260.514,False,True,False,0.19,1.5926,0.19,5261.494,2024-03-21 11:30:00,2.5926,5238.88,2024-03-21 14:59:00,False,,0.0,,True,5259.036,2024-03-21 11:31:00,0.1125
ES,2024-03-22,Friday,ADR,5248.767,5246.613,2.1539999999995416,5248.821,5245.87,2.951000000000022,True,LONG,2024-03-21 20:30:00,5248.847,False,True,False,0.0441,4.0608,0.0,5248.606,2024-03-21 20:35:00,5.0608,5237.866,2024-03-21 21:40:00,False,,0.4225,,True,5247.857,2024-03-21 20:35:00,0.4225
ES,2024-03-22,Friday,ODR,5247.981,5240.453,7.527999999999338,5248.876,5239.713,9.163000000000466,True,LONG,2024-03-22 04:10:00,5249.617,False,True,False,0.3842,1.1385,0.3842,5250.873,2024-03-22 05:48:00,2.1385,5231.882,2024-03-22 07:03:00,False,,0.2808,,True,5247.617,2024-03-22 04:20:00,0.0484
ES,2024-03-22,Friday,RDR,5238.127,5229.923,8.204000000000633,5238.127,5229.67,8.457000000000335,True,LONG,2024-03-22 12:00:00,5238.716,True,True,False,0.9386,0.0763,0.9386,5245.827,2024-03-22 13:03:00,1.0137,5229.811,2024-03-22 15:14:00,True,2024-03-22 12:33:00,0.0524,1.0137,True,5237.697,2024-03-22 12:10:00,0.0524
ES,2024-03-25,Monday,ADR,5234.177,5231.382,2.7950000000000728,5234.481,5231.12,3.3609999999998763,True,LONG,2024-03-24 20:35:00,5235.367,False,True,False,0.5163,2.9581,0.5163,5235.62,2024-03-24 20:41:00,3.9581,5223.114,2024-03-25 01:22:00,True,2024-03-24 20:41:00,0.0,3.9581,True,5234.132,2024-03-24 20:44:00,0.0161
ES,2024-03-25,Monday,ODR,5233.237,5226.632,6.605000000000473,5233.481,5226.632,6.84900000000016,True,SHORT,2024-03-25 04:35:00,5226.361,True,True,True,0.0,1.9714,1.9714,5213.611,2024-03-25 06:50:00,0.1108,5227.364,2024-03-25 04:49:00,True,2024-03-25 04:55:00,0.1108,0.0,True,5227.126,2024-03-25 04:40:00,0.0748
ES,2024-03-25,Monday,RDR,5227.067,5222.887,4.180000000000291,5227.867,5221.144,6.722999999999956,True,LONG,2024-03-25 13:15:00,5227.947,False,True,False,0.4967,1.4911,0.4967,5229.143,2024-03-25 13:40:00,2.4911,5216.654,2024-03-25 14:57:00,False,,0.0868,,True,5226.962,2024-03-25 13:27:00,0.0251
ES,2024-03-26,Tuesday,ADR,5227.859,5225.597,2.2620000000006257,5227.907,5225.357,2.550000000000182,True,SHORT,2024-03-25 22:35:00,5224.971,False,True,False,1.9231,1.3643,1.3643,5222.511,2024-03-25 22:45:00,2.9231,5232.209,2024-03-26 01:58:00,True,2024-03-25 22:40:00,0.0,2.9231,True,5225.741,2024-03-25 23:31:00,0.0637
ES,2024-03-26,Tuesday,ODR,5235.623,5228.626,6.996999999999389,5236.873,5228.123,8.75,True,LONG,2024-03-26 04:15:00,5237.677,False,True,False,0.8652,0.3233,0.8652,5241.677,2024-03-26 05:57:00,1.3233,5226.364,2024-03-26 08:22:00,True,2024-03-26 04:25:00,0.0,1.3233,True,5235.114,2024-03-26 07:34:00,0.0727
ES,2024-03-26,Tuesday,RDR,5232.891,5229.099,3.7919999999994616,5233.656,5226.207,7.448999999999614,True,LONG,2024-03-26 10:50:00,5233.774,False,True,False,0.384,6.5657,0.384,5234.347,2024-03-26 10:56:00,7.5657,5204.202,2024-03-26 14:57:00,False,,0.0,,True,5232.857,2024-03-26 10:57:00,0.009
ES,2024-03-27,Wednesday,ADR,5220.364,5218.07,2.293999999999869,5220.677,5218.07,2.606999999999971,True,LONG,2024-03-26 20:55:00,5221.177,True,True,True,3.9507,0.0,3.9507,5229.427,2024-03-27 00:46:00,0.2127,5219.876,2024-03-26 21:22:00,True,2024-03-26 22:06:00,0.2127,0.0,True,5220.364,2024-03-26 21:02:00,0.0
ES,2024-03-27,Wednesday,ODR,5226.861,5220.993,5.867999999999483,5227.373,5220.984,6.388999999999214,True,LONG,2024-03-27 04:05:00,5227.62,True,True,True,1.8432,0.0,1.8432,5237.677,2024-03-27 08:29:00,0.5087,5223.876,2024-03-27 04:38:00,True,2024-03-27 05:20:00,0.5087,0.3408,True,5226.677,2024-03-27 04:14:00,0.0314
ES,2024-03-27,Wednesday,RDR,5221.129,5215.682,5.447000000000116,5222.927,5215.17,7.756999999999607,True,SHORT,2024-03-27 10:55:00,5214.682,False,True,False,6.1854,0.3224,0.3224,5213.926,2024-03-27 11:00:00,7.1854,5254.821,2024-03-27 15:04:00,False,,0.0,,True,5216.227,2024-03-27 11:01:00,0.1001
ES,2024-03-28,Thursday,ADR,5248.221,5246.152,2.0689999999995052,5248.609,5245.887,2.722000000000662,True,SHORT,2024-03-27 20:35:00,5245.717,False,True,True,0.4775,0.9512,0.9512,5244.184,2024-03-28 01:36:00,1.4775,5249.209,2024-03-28 00:51:00,True,2024-03-27 20:56:00,1.4775,1.4775,True,5246.239,2024-03-27 22:24:00,0.042
ES,2024-03-28,Thursday,ODR,5249.209,5246.242,2.9669999999996435,5249.453,5245.721,3.7320000000008804,True,SHORT,2024-03-28 04:20:00,5244.534,False,True,False,1.9727,0.8217,0.8217,5243.804,2024-03-28 04:34:00,2.9727,5255.062,2024-03-28 07:30:00,True,2024-03-28 04:25:00,0.0,2.9727,True,5246.539,2024-03-28 04:57:00,0.1001
ES,2024-03-28,Thursday,RDR,5254.782,5250.77,4.011999999999716,5255.113,5249.206,5.907000000000153,True,SHORT,2024-03-28 12:30:00,5248.994,False,True,True,2.0783,1.6084,1.6084,5244.317,2024-03-28 15:01:00,3.0783,5263.12,2024-03-28 14:31:00,True,2024-03-28 12:35:00,3.0783,3.0783,True,5251.003,2024-03-28 12:38:00,0.0581
ES,2024-04-01,Monday,ODR,5274.361,5271.364,2.9970000000002983,5274.677,5271.364,3.313000000000102,True,SHORT,2024-04-01 04:05:00,5270.861,True,True,True,0.0,4.8362,4.8362,5256.87,2024-04-01 08:21:00,0.7568,5273.632,2024-04-01 05:00:00,True,2024-04-01 04:10:00,0.7568,0.7568,True,5271.373,2024-04-01 04:14:00,0.003
ES,2024-04-01,Monday,RDR,5259.823,5247.876,11.947000000000116,5261.082,5246.87,14.212000000000444,True,SHORT,2024-04-01 10:35:00,5241.623,True,False,,0.0,1.6955,1.6955,5227.62,2024-04-01 12:00:00,0.0,5245.87,2024-04-01 15:55:00,True,2024-04-01 10:40:00,0.0,0.0,False,,,
ES,2024-04-02,Tuesday,ADR,5235.379,5231.626,3.7529999999997017,5235.873,5231.626,4.246999999999389,True,LONG,2024-04-01 21:25:00,5236.373,False,True,False,0.5979,0.2369,0.5979,5237.623,2024-04-01 22:56:00,1.2369,5230.737,2024-04-02 01:19:00,True,2024-04-01 22:55:00,0.5353,1.2369,True,5234.876,2024-04-01 21:32:00,0.134
ES,2024-04-02,Tuesday,ODR,5239.997,5232.803,7.194000000000415,5240.187,5232.294,7.893000000000029,True,LONG,2024-04-02 04:00:00,5240.464,False,True,False,0.4103,1.8347,0.4103,5242.949,2024-04-02 04:19:00,2.8347,5219.604,2024-04-02 08:19:00,False,,0.2428,,True,5239.48,2024-04-02 04:05:00,0.0719
ES,2024-04-02,Tuesday,RDR,5201.261,5184.307,16.954000000000633,5203.292,5183.48,19.812000000000808,True,LONG,2024-04-02 15:30:00,5204.903,True,False,,0.4375,0.0,0.4375,5208.679,2024-04-02 15:59:00,0.0,5203.949,2024-04-02 15:45:00,False,,0.0,,False,,,
ES,2024-04-03,Wednesday,ADR,5207.02,5201.481,5.539000000000669,5207.02,5199.881,7.139000000000124,True,SHORT,2024-04-02 21:55:00,5198.711,True,True,True,0.0,1.043,1.043,5195.704,2024-04-03 01:53:00,0.1832,5202.496,2024-04-02 23:58:00,True,2024-04-02 22:00:00,0.1832,0.1832,True,5201.996,2024-04-02 23:42:00,0.093
ES,2024-04-03,Wednesday,ODR,5201.787,5195.602,6.1850000000004,5202.337,5195.581,6.756000000000313,True,LONG,2024-04-03 04:45:00,5203.273,False,True,False,1.1242,0.1049,1.1242,5208.74,2024-04-03 08:10:00,1.1049,5194.953,2024-04-03 06:41:00,True,2024-04-03 07:31:00,1.1049,0.9567,True,5201.17,2024-04-03 04:55:00,0.0998
ES,2024-04-03,Wednesday,RDR,5223.177,5195.677,27.5,5224.879,5195.177,29.702000000000226,True,LONG,2024-04-03 10:50:00,5225.367,True,True,False,0.1842,0.0,0.1842,5228.243,2024-04-03 11:11:00,0.9803,5196.219,2024-04-03 15:15:00,False,,0.0,,True,5222.111,2024-04-03 11:51:00,0.0388
ES,2024-04-04,Thursday,ADR,5227.044,5222.303,4.7409999999999854,5233.107,5222.291,10.815999999999804,False,,,,,,,0.7916,0.0,,,,,,,False,,,,False,,,
ES,2024-04-04,Thursday,ODR,5230.07,5224.07,6.0,5230.57,5223.877,6.6929999999993015,True,LONG,2024-04-04 04:05:00,5232.332,True,True,True,0.7515,0.0,0.7515,5234.579,2024-04-04 07:00:00,0.23,5228.69,2024-04-04 05:09:00,True,2024-04-04 04:31:00,0.23,0.23,True,5229.811,2024-04-04 04:15:00,0.0432
ES,2024-04-04,Thursday,RDR,5254.687,5244.376,10.310999999999694,5255.823,5242.87,12.95300000000043,True,SHORT,2024-04-04 11:10:00,5242.62,False,True,True,0.2368,9.4372,9.4372,5147.069,2024-04-04 15:42:00,1.2368,5257.129,2024-04-04 12:09:00,True,2024-04-04 13:58:00,1.2368,0.0,True,5244.867,2024-04-04 11:24:00,0.0476
ES,2024-04-05,Friday,ADR,5155.05,5151.343,3.7070000000003347,5155.79,5149.851,5.939000000000306,True,SHORT,2024-04-04 20:35:00,5147.426,False,True,False,0.7947,2.2579,1.5892,5145.452,2024-04-04 20:45:00,1.7947,5157.996,2024-04-05 01:10:00,True,2024-04-04 20:40:00,0.0,1.7947,True,5151.632,2024-04-04 20:52:00,0.078
ES,2024-04-05,Friday,ODR,5162.032,5158.261,3.770999999999731,5163.327,5157.761,5.5659999999998035,True,LONG,2024-04-05 04:00:00,5163.526,True,True,True,2.2525,0.0,2.2525,5170.526,2024-04-05 07:42:00,0.7292,5159.282,2024-04-05 04:18:00,True,2024-04-05 04:05:00,0.7292,0.7292,True,5161.761,2024-04-05 04:07:00,0.0719
ES,2024-04-05,Friday,RDR,5179.881,5159.523,20.358000000000175,5182.323,5157.279,25.04399999999987,True,LONG,2024-04-05 10:45:00,5187.927,True,False,,2.1159,0.0,2.1159,5222.957,2024-04-05 13:00:00,0.0,5182.274,2024-04-05 11:16:00,True,2024-04-05 10:50:00,0.0,0.0,False,,,
ES,2024-04-08,Monday,ADR,5209.126,5200.882,8.244000000000597,5209.629,5200.573,9.055999999999585,True,SHORT,2024-04-07 20:30:00,5200.373,True,True,True,0.0,0.8199,0.8199,5194.123,2024-04-07 23:36:00,0.8791,5208.129,2024-04-07 21:45:00,True,2024-04-07 23:35:00,0.8791,0.0,True,5200.882,2024-04-07 20:38:00,0.0
ES,2024-04-08,Monday,ODR,5208.402,5194.126,14.27599999999984,5209.267,5193.111,16.15599999999995,True,SHORT,2024-04-08 04:20:00,5189.273,False,True,False,0.0648,0.5144,0.5144,5186.782,2024-04-08 04:25:00,1.0648,5209.327,2024-04-08 08:19:00,True,2024-04-08 04:25:00,0.0,1.0648,True,5194.577,2024-04-08 04:32:00,0.0316
ES,2024-04-08,Monday,RDR,5213.284,5199.387,13.896999999999935,5213.771,5196.532,17.238999999999578,True,LONG,2024-04-08 10:30:00,5216.017,False,True,False,0.4708,0.1967,0.4708,5219.827,2024-04-08 10:55:00,1.1967,5196.653,2024-04-08 12:23:00,False,,0.0,,True,5211.344,2024-04-08 11:02:00,0.1396
ES,2024-04-09,Tuesday,ADR,5207.213,5204.024,3.188999999999396,5207.451,5203.78,3.6710000000002765,True,SHORT,2024-04-08 20:50:00,5203.562,False,True,False,0.6817,0.6773,0.6773,5201.864,2024-04-08 22:06:00,1.6817,5209.387,2024-04-09 01:17:00,True,2024-04-08 21:59:00,0.5717,1.6817,True,5204.04,2024-04-08 20:55:00,0.005
ES,2024-04-09,Tuesday,ODR,5206.402,5199.607,6.795000000000073,5207.883,5199.113,8.769999999999527,True,LONG,2024-04-09 05:45:00,5207.906,False,True,True,1.7508,0.4218,1.7508,5218.299,2024-04-09 08:13:00,1.4218,5196.741,2024-04-09 06:46:00,True,2024-04-09 07:15:00,1.4218,0.0684,True,5206.177,2024-04-09 05:59:00,0.0331
ES,2024-04-09,Tuesday,RDR,5222.536,5192.802,29.73400000000038,5224.327,5191.073,33.253999999999905,True,SHORT,2024-04-09 10:30:00,5183.71,True,True,False,0.0,1.0906,1.0906,5160.374,2024-04-09 10:53:00,0.6327,5211.614,2024-04-09 15:59:00,True,2024-04-09 10:36:00,0.0,0.6327,True,5193.132,2024-04-09 12:12:00,0.0111
ES,2024-04-10,Wednesday,ADR,5214.75,5212.389,2.3609999999998763,5215.417,5211.881,3.536000000000058,True,LONG,2024-04-09 22:30:00,5215.443,False,True,False,1.0788,0.0826,1.0788,5217.297,2024-04-10 01:31:00,1.0347,5212.307,2024-04-10 01:59:00,True,2024-04-10 00:24:00,0.2258,1.0347,True,5214.7,2024-04-09 22:37:00,0.0212
ES,2024-04-10,Wednesday,ODR,5216.336,5212.87,3.4660000000003492,5217.576,5212.864,4.712000000000444,True,LONG,2024-04-10 04:50:00,5217.62,False,True,True,4.7435,1.3904,4.7435,5232.777,2024-04-10 08:29:00,2.3904,5208.051,2024-04-10 06:00:00,True,2024-04-10 04:55:00,2.3904,2.3904,True,5214.916,2024-04-10 05:04:00,0.4097
ES,2024-04-10,Wednesday,RDR,5165.849,5144.107,21.74200000000019,5168.407,5143.364,25.043000000000575,True,LONG,2024-04-10 10:30:00,5169.683,False,True,False,0.5969,0.2639,0.5969,5178.827,2024-04-10 10:38:00,1.2639,5138.37,2024-04-10 13:08:00,True,2024-04-10 10:38:00,0.0,1.2639,True,5165.59,2024-04-10 10:49:00,0.0119
ES,2024-04-11,Thursday,ADR,5156.523,5148.896,7.6270000000004075,5156.523,5148.767,7.756000000000313,True,LONG,2024-04-10 21:45:00,5156.526,True,True,True,0.9249,0.0,0.9249,5163.577,2024-04-11 01:26:00,0.0336,5156.267,2024-04-10 21:59:00,True,2024-04-10 23:31:00,0.0336,0.0,True,5156.267,2024-04-10 21:59:00,0.0336
ES,2024-04-11,Thursday,ODR,5162.767,5158.023,4.743999999999687,5163.532,5157.267,6.265000000000327,True,SHORT,2024-04-11 04:45:00,5154.961,True,False,,0.0653,5.2363,5.2363,5133.182,2024-04-11 08:28:00,0.0,5155.72,2024-04-11 04:50:00,True,2024-04-11 04:50:00,0.0,0.0,False,,,
ES,2024-04-11,Thursday,RDR,5172.89,5138.267,34.6230000000005,5175.577,5136.514,39.0630000000001,True,LONG,2024-04-11 13:00:00,5178.282,True,False,,1.1318,0.0,1.1318,5212.077,2024-04-11 14:38:00,0.0,5177.267,2024-04-11 13:05:00,True,2024-04-11 13:19:00,0.0,0.0,False,,,
ES,2024-04-12,Friday,ADR,5199.686,5196.382,3.3040000000000873,5199.822,5195.111,4.71100000000024,True,LONG,2024-04-11 20:30:00,5200.09,True,True,False,0.8272,0.0,0.8272,5202.419,2024-04-11 23:27:00,0.5454,5197.884,2024-04-11 21:11:00,True,2024-04-11 21:31:00,0.5454,0.5439,True,5199.667,2024-04-11 20:55:00,0.0058
ES,2024-04-12,Friday,ODR,5203.12,5198.481,4.639000000000124,5203.364,5197.37,5.993999999999687,True,SHORT,2024-04-12 04:40:00,5195.611,True,False,,0.0,6.2233,6.2233,5169.611,2024-04-12 06:52:00,0.0,5198.427,2024-04-12 04:50:00,True,2024-04-12 04:45:00,0.0,0.0,False,,,
ES,2024-04-12,Friday,RDR,5169.901,5154.587,15.313999999999396,5173.177,5152.116,21.060999999999694,True,SHORT,2024-04-12 10:35:00,5146.436,True,True,True,0.0,3.098,3.098,5107.144,2024-04-12 15:17:00,0.1437,5156.787,2024-04-12 11:35:00,True,2024-04-12 10:40:00,0.1437,0.1437,True,5156.787,2024-04-12 11:35:00,0.1437
ES,2024-04-15,Monday,ADR,5142.367,5130.126,12.240999999999985,5144.493,5128.114,16.379000000000815,True,LONG,2024-04-15 01:00:00,5144.927,True,True,True,0.3469,0.0829,0.3469,5146.614,2024-04-15 01:58:00,0.0005,5142.361,2024-04-15 01:38:00,False,,0.0005,,True,5142.361,2024-04-15 01:38:00,0.0005
ES,2024-04-15,Monday,ODR,5152.623,5145.879,6.743999999999687,5153.752,5142.864,10.88800000000083,True,LONG,2024-04-15 07:40:00,5153.797,True,True,True,0.5199,0.3551,0.5199,5156.129,2024-04-15 08:25:00,0.419,5149.797,2024-04-15 08:01:00,True,2024-04-15 08:25:00,0.419,0.0,True,5151.999,2024-04-15 07:46:00,0.0925
ES,2024-04-15,Monday,RDR,5168.427,5141.252,27.174999999999272,5169.882,5135.99,33.891999999999825,True,SHORT,2024-04-15 10:35:00,5133.306,True,True,True,0.0,3.2941,3.2941,5051.734,2024-04-15 15:19:00,0.0263,5141.967,2024-04-15 12:10:00,True,2024-04-15 10:59:00,0.0263,0.0263,True,5141.649,2024-04-15 11:54:00,0.0146
ES,2024-04-16,Tuesday,ADR,5063.646,5059.182,4.463999999999942,5065.012,5057.927,7.085000000000036,True,SHORT,2024-04-15 21:05:00,5056.266,True,True,True,0.1136,4.4064,4.4064,5039.512,2024-04-15 22:38:00,0.1837,5060.002,2024-04-15 21:46:00,True,2024-04-15 21:10:00,0.1837,0.1837,True,5060.002,2024-04-15 21:46:00,0.1837
ES,2024-04-16,Tuesday,ODR,5058.861,5050.111,8.75,5059.376,5047.87,11.506000000000313,True,LONG,2024-04-16 04:00:00,5059.614,False,True,True,2.2014,0.4843,2.2014,5078.123,2024-04-16 07:58:00,1.4843,5045.873,2024-04-16 06:25:00,True,2024-04-16 07:03:00,1.4843,0.0,True,5056.993,2024-04-16 04:05:00,0.2135
ES,2024-04-16,Tuesday,RDR,5066.237,5047.407,18.829999999999927,5067.612,5044.876,22.735999999999876,True,SHORT,2024-04-16 10:35:00,5043.96,False,True,False,0.7703,0.4865,0.4865,5038.247,2024-04-16 13:32:00,1.7703,5080.741,2024-04-16 14:12:00,False,,1.1737,,True,5049.427,2024-04-16 10:44:00,0.1073
ES,2024-04-17,Wednesday,ADR,5065.137,5058.044,7.092999999999847,5065.462,5057.809,7.653000000000247,True,SHORT,2024-04-16 20:30:00,5053.847,True,True,True,0.0,1.5397,1.5397,5047.123,2024-04-17 01:57:00,0.8854,5064.324,2024-04-16 23:17:00,True,2024-04-16 20:35:00,0.8854,0.8854,True,5059.062,2024-04-16 20:53:00,0.1435
ES,2024-04-17,Wednesday,ODR,5058.132,5044.493,13.638999999999214,5059.629,5043.632,15.997000000000298,True,LONG,2024-04-17 04:10:00,5061.623,True,False,,1.3008,0.0,1.3008,5075.873,2024-04-17 06:43:00,0.0,5059.427,2024-04-17 04:19:00,True,2024-04-17 04:31:00,0.0,0.0,False,,,
ES,2024-04-17,Wednesday,RDR,5076.117,5055.934,20.182999999999993,5077.427,5050.499,26.927999999999884,True,SHORT,2024-04-17 10:50:00,5040.657,True,False,,0.0,2.4397,2.4397,5006.694,2024-04-17 12:46:00,0.0,5055.931,2024-04-17 14:46:00,True,2024-04-17 10:55:00,0.0,0.0,False,,,
ES,2024-04-18,Thursday,ADR,5029.02,5025.417,3.6030000000000655,5029.782,5024.92,4.86200000000008,True,LONG,2024-04-17 21:10:00,5030.177,True,True,True,3.6392,0.0,3.6392,5042.132,2024-04-18 01:33:00,0.32,5027.867,2024-04-17 21:33:00,True,2024-04-17 21:57:00,0.32,0.0,True,5028.626,2024-04-17 21:21:00,0.1094
ES,2024-04-18,Thursday,ODR,5043.676,5039.661,4.015000000000327,5044.182,5037.92,6.261999999999716,True,SHORT,2024-04-18 04:10:00,5036.977,True,True,True,0.0,3.6107,3.6107,5025.164,2024-04-18 05:31:00,0.208,5040.496,2024-04-18 07:48:00,True,2024-04-18 04:15:00,0.0,0.208,True,5040.364,2024-04-18 07:45:00,0.1751
ES,2024-04-18,Thursday,RDR,5035.53,5013.367,22.162999999999556,5037.503,5012.114,25.389000000000124,True,LONG,2024-04-18 10:30:00,5039.867,False,True,False,0.9637,0.5595,0.9637,5056.889,2024-04-18 11:22:00,1.5595,5000.966,2024-04-18 14:34:00,True,2024-04-18 10:45:00,0.0,1.5595,True,5030.837,2024-04-18 12:34:00,0.2117
ES,2024-04-19,Friday,ADR,5007.126,4991.656,15.470000000000255,5007.487,4989.717,17.770000000000437,True,SHORT,2024-04-18 20:50:00,4988.862,True,False,,0.0,4.2032,4.2032,4926.633,2024-04-18 22:18:00,0.0,4990.213,2024-04-18 20:56:00,True,2024-04-18 20:57:00,0.0,0.0,False,,,
ES,2024-04-19,Friday,ODR,4989.411,4983.014,6.3969999999999345,4991.267,4982.02,9.246999999999389,True,LONG,2024-04-19 05:25:00,4992.57,True,True,True,3.7971,0.3711,3.7971,5013.701,2024-04-19 08:28:00,0.816,4984.191,2024-04-19 06:44:00,True,2024-04-19 05:30:00,0.816,0.816,True,4988.913,2024-04-19 06:20:00,0.0778
ES,2024-04-19,Friday,RDR,5014.937,4993.666,21.27099999999973,5019.192,4990.94,28.252000000000407,True,SHORT,2024-04-19 11:30:00,4990.679,True,True,True,0.0,1.8877,1.8877,4953.513,2024-04-19 15:46:00,0.2643,4999.287,2024-04-19 13:55:00,True,2024-04-19 12:07:00,0.2643,0.2643,True,4994.631,2024-04-19 11:37:00,0.0454
ES,2024-04-22,Monday,ADR,4985.252,4979.87,5.382000000000517,4985.731,4979.427,6.304000000000087,True,SHORT,2024-04-21 20:35:00,4977.129,False,True,False,0.0242,1.5334,1.5334,4971.617,2024-04-21 21:05:00,1.0242,4985.382,2024-04-22 01:59:00,True,2024-04-21 20:40:00,0.0,1.0242,True,4980.427,2024-04-21 21:10:00,0.1035
ES,2024-04-22,Monday,ODR,4991.297,4979.911,11.385999999999513,4992.376,4979.664,12.712000000000444,True,SHORT,2024-04-22 04:05:00,4978.531,False,True,False,0.6086,0.1307,0.1098,4978.661,2024-04-22 04:11:00,1.6086,4998.227,2024-04-22 07:44:00,False,,0.0121,,True,4980.049,2024-04-22 04:11:00,0.0121
ES,2024-04-22,Monday,RDR,4994.673,4979.111,15.561999999999898,4996.926,4977.037,19.889000000000124,True,SHORT,2024-04-22 10:50:00,4975.704,False,True,False,2.8355,0.6459,0.6459,4969.06,2024-04-22 11:16:00,3.8355,5038.799,2024-04-22 14:36:00,True,2024-04-22 11:14:00,0.0,3.8355,True,4981.603,2024-04-22 11:30:00,0.1601
ES,2024-04-23,Tuesday,ADR,5010.694,5007.23,3.4640000000008513,5011.949,5007.23,4.719000000000051,True,SHORT,2024-04-22 21:40:00,5006.771,False,True,False,0.5424,1.4163,1.4163,5002.324,2024-04-22 21:54:00,1.5424,5012.573,2024-04-23 00:15:00,True,2024-04-22 21:45:00,0.0,1.5424,True,5007.287,2024-04-22 22:08:00,0.0165
ES,2024-04-23,Tuesday,ODR,5016.657,5013.152,3.505000000000109,5017.1,5011.653,5.447000000000116,True,LONG,2024-04-23 04:00:00,5018.097,True,True,True,3.6134,0.0,3.6134,5029.322,2024-04-23 07:13:00,0.9946,5013.171,2024-04-23 05:45:00,True,2024-04-23 04:13:00,0.9946,0.9946,True,5015.601,2024-04-23 04:07:00,0.3013
ES,2024-04-23,Tuesday,RDR,5059.047,5028.406,30.64099999999962,5059.742,5027.157,32.585000000000036,True,LONG,2024-04-23 10:30:00,5065.913,True,True,True,0.5664,0.0,0.5664,5076.402,2024-04-23 14:22:00,0.0938,5056.173,2024-04-23 11:09:00,True,2024-04-23 13:43:00,0.0938,0.0,True,5058.931,2024-04-23 10:45:00,0.0038
ES,2024-04-24,Wednesday,ADR,5082.507,5078.142,4.364999999999782,5083.184,5077.494,5.690000000000509,True,LONG,2024-04-23 20:50:00,5083.451,True,True,True,2.2213,0.0,2.2213,5092.203,2024-04-24 01:54:00,0.1872,5081.69,2024-04-23 21:41:00,True,2024-04-23 21:19:00,0.1872,0.1872,True,5082.353,2024-04-23 21:01:00,0.0353
ES,2024-04-24,Wednesday,ODR,5085.306,5080.657,4.6489999999994325,5086.053,5079.624,6.429000000000087,True,SHORT,2024-04-24 04:50:00,5077.939,True,True,False,0.0854,2.1783,2.1783,5070.53,2024-04-24 05:54:00,1.0854,5085.703,2024-04-24 08:23:00,True,2024-04-24 04:55:00,0.0,1.0854,True,5080.732,2024-04-24 07:27:00,0.0161
ES,2024-04-24,Wednesday,RDR,5086.277,5076.617,9.659999999999854,5089.307,5074.17,15.136999999999716,True,SHORT,2024-04-24 10:35:00,5072.48,True,True,True,0.0,3.1198,3.1198,5046.48,2024-04-24 12:46:00,0.4109,5080.586,2024-04-24 13:58:00,True,2024-04-24 10:41:00,0.0,0.4109,True,5076.923,2024-04-24 13:45:00,0.0317
ES,2024-04-25,Thursday,ADR,5045.117,5038.427,6.690000000000509,5045.427,5037.614,7.813000000000102,True,LONG,2024-04-24 20:30:00,5046.382,False,True,False,0.3827,0.7994,0.3827,5047.677,2024-04-24 20:58:00,1.7994,5033.079,2024-04-25 01:56:00,False,,0.0,,True,5044.873,2024-04-24 21:08:00,0.0365
ES,2024-04-25,Thursday,ODR,5042.379,5036.123,6.256000000000313,5043.427,5035.367,8.05999999999949,True,LONG,2024-04-25 04:10:00,5045.87,False,True,False,0.9995,0.3611,0.9995,5048.632,2024-04-25 05:46:00,1.3611,5033.864,2024-04-25 08:17:00,True,2024-04-25 04:15:00,0.0005,1.3611,True,5042.376,2024-04-25 04:28:00,0.0005
ES,2024-04-25,Thursday,RDR,5011.083,4992.411,18.67199999999957,5012.467,4988.411,24.055999999999585,True,LONG,2024-04-25 11:55:00,5017.653,True,False,,2.4969,0.0,2.4969,5057.706,2024-04-25 15:21:00,0.0,5014.331,2024-04-25 12:11:00,True,2024-04-25 12:07:00,0.0,0.0,False,,,
ES,2024-04-26,Friday,ADR,5088.389,5085.217,3.17200000000048,5088.677,5084.549,4.127999999999702,True,LONG,2024-04-25 21:15:00,5089.0,True,True,True,2.3156,0.0,2.3156,5095.734,2024-04-26 01:54:00,0.3811,5087.18,2024-04-25 22:47:00,True,2024-04-25 21:32:00,0.3811,0.3811,True,5088.361,2024-04-25 21:25:00,0.0088
ES,2024-04-26,Friday,ODR,5093.172,5087.439,5.732999999999265,5093.937,5086.911,7.02599999999984,True,SHORT,2024-04-26 04:50:00,5085.493,True,True,True,0.0,1.2458,1.2458,5080.297,2024-04-26 05:19:00,0.5083,5090.353,2024-04-26 07:13:00,True,2024-04-26 04:59:00,0.0,0.5083,True,5087.613,2024-04-26 07:06:00,0.0304
ES,2024-04-26,Friday,RDR,5104.514,5078.58,25.934000000000196,5105.413,5072.157,33.2559999999994,True,LONG,2024-04-26 11:00:00,5106.611,True,True,False,0.3819,0.0,0.3819,5114.417,2024-04-26 13:36:00,0.4508,5092.824,2024-04-26 11:12:00,False,,0.4508,,True,5103.404,2024-04-26 11:06:00,0.0428
ES,2024-04-29,Monday,ADR,5110.632,5105.743,4.888999999999214,5111.177,5105.364,5.813000000000102,True,LONG,2024-04-28 21:05:00,5111.617,True,True,True,0.8926,0.0,0.8926,5114.996,2024-04-28 21:58:00,0.0037,5110.614,2024-04-28 21:20:00,True,2024-04-28 21:58:00,0.0037,0.0,True,5110.626,2024-04-28 21:14:00,0.0012
ES,2024-04-29,Monday,ODR,5112.487,5108.981,3.506000000000313,5112.677,5107.614,5.063000000000102,True,SHORT,2024-04-29 05:15:00,5107.117,False,True,False,0.482,1.6349,1.6349,5103.249,2024-04-29 06:00:00,1.482,5114.177,2024-04-29 08:09:00,True,2024-04-29 05:20:00,0.0,1.482,True,5109.297,2024-04-29 06:43:00,0.0901
ES,2024-04-29,Monday,RDR,5122.177,5107.427,14.75,5122.379,5105.117,17.261999999999716,True,SHORT,2024-04-29 14:30:00,5104.96,True,True,False,0.0,1.3422,1.3422,5087.63,2024-04-29 15:07:00,0.6558,5117.1,2024-04-29 15:59:00,True,2024-04-29 15:01:00,0.298,0.6558,True,5108.546,2024-04-29 14:42:00,0.0759
ES,2024-04-30,Tuesday,ADR,5113.599,5110.87,2.729000000000269,5113.846,5110.374,3.4719999999997526,True,SHORT,2024-04-29 23:05:00,5110.253,True,True,True,0.0,2.3738,2.3738,5104.392,2024-04-30 01:40:00,0.4251,5112.03,2024-04-30 00:04:00,True,2024-04-30 01:05:00,0.4251,0.0,True,5111.0,2024-04-29 23:24:00,0.0476
ES,2024-04-30,Tuesday,ODR,5112.377,5108.644,3.7330000000001746,5112.927,5108.394,4.532999999999447,True,SHORT,2024-04-30 04:40:00,5108.209,False,True,False,0.5063,1.1822,1.1822,5104.231,2024-04-30 05:00:00,1.5063,5114.267,2024-04-30 07:12:00,True,2024-04-30 04:51:00,0.0,1.5063,True,5109.447,2024-04-30 05:24:00,0.2151
ES,2024-04-30,Tuesday,RDR,5109.313,5098.337,10.975999999999658,5110.737,5096.221,14.516000000000531,True,SHORT,2024-04-30 11:05:00,5088.667,True,False,,0.0,5.7276,5.7276,5035.471,2024-04-30 15:59:00,0.0,5089.484,2024-04-30 11:11:00,True,2024-04-30 11:10:00,0.0,0.0,False,,,
ES,2024-05-01,Wednesday,ADR,5029.697,5023.381,6.3159999999998035,5030.197,5022.957,7.239999999999782,True,LONG,2024-04-30 21:25:00,5030.443,True,True,True,0.9218,0.0,0.9218,5035.519,2024-05-01 00:50:00,0.3129,5027.721,2024-04-30 22:09:00,True,2024-04-30 23:03:00,0.3129,0.0,True,5029.229,2024-04-30 21:34:00,0.0741
ES,2024-05-01,Wednesday,ODR,5028.937,5019.739,9.19800000000032,5029.187,5018.854,10.332999999999629,True,SHORT,2024-05-01 05:05:00,5014.823,True,True,True,0.0,1.2131,1.2131,5008.581,2024-05-01 06:32:00,0.1248,5020.887,2024-05-01 07:23:00,True,2024-05-01 05:10:00,0.0,0.1248,True,5020.842,2024-05-01 07:22:00,0.1199
ES,2024-05-01,Wednesday,RDR,5031.686,5017.931,13.75500000000011,5032.977,5015.364,17.613000000000284,True,SHORT,2024-05-01 13:15:00,5014.979,False,True,True,4.5897,0.368,0.2111,5015.027,2024-05-01 13:20:00,5.5897,5094.817,2024-05-01 15:02:00,False,,0.0,,True,5018.939,2024-05-01 13:21:00,0.0733
ES,2024-05-02,Thursday,ADR,5040.629,5033.111,7.518000000000029,5041.427,5033.111,8.315999999999804,True,LONG,2024-05-01 20:35:00,5042.367,True,True,True,1.0865,0.0,1.0865,5048.797,2024-05-01 22:45:00,0.1334,5039.626,2024-05-01 21:01:00,True,2024-05-01 20:54:00,0.1334,0.1334,True,5040.614,2024-05-01 21:00:00,0.002
ES,2024-05-02,Thursday,ODR,5049.677,5040.123,9.554000000000087,5051.12,5037.864,13.256000000000313,True,LONG,2024-05-02 04:10:00,5051.62,True,True,True,0.7803,0.0,0.7803,5057.132,2024-05-02 07:10:00,0.6066,5043.882,2024-05-02 04:59:00,True,2024-05-02 06:51:00,0.6066,0.1623,True,5049.364,2024-05-02 04:29:00,0.0328
ES,2024-05-02,Thursday,RDR,5054.927,5012.102,42.82499999999982,5060.379,5009.844,50.534999999999854,True,LONG,2024-05-02 14:30:00,5062.879,True,True,True,0.4345,0.0,0.4345,5073.534,2024-05-02 15:10:00,0.0328,5053.521,2024-05-02 15:45:00,False,,0.0,,True,5053.521,2024-05-02 15:45:00,0.0328
ES,2024-05-03,Friday,ADR,5080.931,5076.851,4.079999999999927,5080.997,5076.731,4.266000000000531,True,LONG,2024-05-02 20:35:00,5081.71,False,True,False,1.0608,0.1007,1.0608,5085.259,2024-05-02 21:36:00,1.1007,5076.44,2024-05-03 01:19:00,True,2024-05-02 20:47:00,0.0,1.1007,True,5080.793,2024-05-02 22:01:00,0.0338
ES,2024-05-03,Friday,ODR,5077.276,5072.894,4.381999999999607,5077.979,5072.406,5.57300000000032,True,LONG,2024-05-03 04:00:00,5079.077,True,True,True,2.5034,0.0,2.5034,5088.246,2024-05-03 08:29:00,0.0301,5077.144,2024-05-03 04:17:00,True,2024-05-03 04:11:00,0.0301,0.0301,True,5077.217,2024-05-03 04:15:00,0.0135
ES,2024-05-03,Friday,RDR,5138.577,5110.192,28.38500000000022,5138.761,5101.482,37.27900000000045,False,,,,,,,0.0,0.3415,,,,,,,False,,,,False,,,
ES,2024-05-06,Monday,ADR,5136.311,5129.814,6.496999999999389,5136.576,5129.332,7.243999999999687,True,SHORT,2024-05-06 01:25:00,5129.214,True,True,False,0.0,0.1299,0.1299,5128.97,2024-05-06 01:30:00,0.2948,5131.729,2024-05-06 01:50:00,False,,0.0,,True,5130.47,2024-05-06 01:31:00,0.101
ES,2024-05-06,Monday,ODR,5136.34,5132.723,3.617000000000189,5136.967,5132.711,4.255999999999403,True,LONG,2024-05-06 04:25:00,5137.482,True,False,,3.9505,0.209,3.9505,5150.629,2024-05-06 08:29:00,0.0,5136.587,2024-05-06 04:44:00,True,2024-05-06 04:33:00,0.0,0.0,False,,,
ES,2024-05-06,Monday,RDR,5160.132,5151.123,9.009000000000015,5160.629,5147.867,12.761999999999716,True,LONG,2024-05-06 12:55:00,5161.126,True,True,True,2.2267,0.0,2.2267,5180.192,2024-05-06 15:59:00,0.3631,5156.861,2024-05-06 13:17:00,True,2024-05-06 13:55:00,0.3631,0.0,True,5159.727,2024-05-06 13:09:00,0.045
ES,2024-05-07,Tuesday,ADR,5180.027,5177.48,2.54700000000048,5180.287,5177.354,2.9329999999999927,True,LONG,2024-05-06 22:45:00,5180.592,True,True,False,0.9596,0.2709,0.9596,5182.471,2024-05-07 00:00:00,0.3663,5179.094,2024-05-06 23:02:00,True,2024-05-06 23:25:00,0.3663,0.1594,True,5179.596,2024-05-06 22:51:00,0.1692
ES,2024-05-07,Tuesday,ODR,5183.444,5177.544,5.900000000000546,5183.507,5177.04,6.4669999999996435,True,SHORT,2024-05-07 04:05:00,5176.566,False,True,False,0.6081,0.2097,0.1856,5176.449,2024-05-07 04:10:00,1.6081,5187.032,2024-05-07 05:14:00,False,,0.0,,True,5178.809,2024-05-07 04:16:00,0.2144
ES,2024-05-07,Tuesday,RDR,5192.612,5186.306,6.306000000000495,5194.102,5184.119,9.983000000000175,True,LONG,2024-05-07 10:55:00,5195.671,False,True,False,1.1892,1.1659,1.1892,5200.111,2024-05-07 13:32:00,2.1659,5178.954,2024-05-07 14:36:00,True,2024-05-07 11:00:00,0.3815,2.1659,True,5191.946,2024-05-07 11:33:00,0.1056
ES,2024-05-08,Wednesday,ADR,5188.634,5186.983,1.65099999999984,5189.347,5186.351,2.9960000000000946,True,SHORT,2024-05-07 21:50:00,5186.223,True,True,True,0.321,1.9073,1.9073,5183.834,2024-05-08 01:25:00,0.6057,5187.983,2024-05-07 23:44:00,True,2024-05-07 21:57:00,0.6057,0.6057,True,5187.087,2024-05-07 22:01:00,0.063
ES,2024-05-08,Wednesday,ODR,5191.639,5187.392,4.247000000000298,5192.134,5186.884,5.25,True,SHORT,2024-05-08 04:40:00,5186.447,True,True,True,0.0,4.6296,4.6296,5167.73,2024-05-08 08:26:00,0.5463,5189.712,2024-05-08 05:49:00,True,2024-05-08 06:35:00,0.5463,0.033,True,5187.507,2024-05-08 04:46:00,0.0271
ES,2024-05-08,Wednesday,RDR,5183.544,5167.276,16.26800000000003,5186.02,5166.033,19.98700000000008,True,LONG,2024-05-08 10:40:00,5186.061,True,True,True,0.5217,0.0,0.5217,5192.031,2024-05-08 10:49:00,0.4742,5175.83,2024-05-08 13:01:00,True,2024-05-08 10:49:00,0.0,0.4742,True,5182.701,2024-05-08 11:15:00,0.0518
ES,2024-05-09,Thursday,ODR,5181.433,5176.433,5.0,5181.692,5175.424,6.268000000000029,True,SHORT,2024-05-09 04:55:00,5175.189,False,True,False,0.3018,1.2018,1.2018,5170.424,2024-05-09 05:19:00,1.3018,5182.942,2024-05-09 07:50:00,True,2024-05-09 05:18:00,0.0488,1.3018,True,5176.671,2024-05-09 05:07:00,0.0476
ES,2024-05-09,Thursday,RDR,5195.621,5182.189,13.431999999999789,5196.737,5179.683,17.054000000000087,True,LONG,2024-05-09 10:30:00,5197.419,True,False,,1.4771,0.0,1.4771,5215.462,2024-05-09 15:52:00,0.0,5196.78,2024-05-09 11:58:00,True,2024-05-09 10:38:00,0.0,0.0,False,,,
ES,2024-05-10,Friday,ADR,5220.253,5217.897,2.355999999999767,5220.547,5217.413,3.1340000000000146,True,SHORT,2024-05-09 21:45:00,5217.233,True,True,False,0.1469,0.9915,0.9915,5215.561,2024-05-09 23:53:00,1.1469,5220.599,2024-05-10 01:18:00,True,2024-05-09 21:53:00,0.0,1.1469,True,5218.314,2024-05-10 00:31:00,0.177
ES,2024-05-10,Friday,ODR,5225.947,5223.13,2.8170000000000073,5226.866,5222.893,3.9729999999999563,True,SHORT,2024-05-10 04:00:00,5222.69,False,True,False,3.4647,0.7725,0.7725,5220.954,2024-05-10 04:08:00,4.4647,5235.707,2024-05-10 05:50:00,True,2024-05-10 04:05:00,0.0,4.4647,True,5223.247,2024-05-10 04:10:00,0.0415
ES,2024-05-10,Friday,RDR,5238.192,5220.49,17.702000000000226,5239.659,5218.827,20.831999999999425,True,SHORT,2024-05-10 10:50:00,5213.584,True,True,False,0.0,0.6677,0.6677,5208.67,2024-05-10 11:44:00,0.3259,5226.259,2024-05-10 15:59:00,True,2024-05-10 11:44:00,0.0,0.3259,True,5220.973,2024-05-10 13:58:00,0.0273
ES,2024-05-13,Monday,ADR,5221.982,5219.461,2.520999999999731,5221.982,5218.714,3.268000000000029,True,LONG,2024-05-12 20:55:00,5222.464,True,True,True,2.9929,0.0,2.9929,5229.527,2024-05-13 01:52:00,0.497,5220.729,2024-05-12 23:08:00,True,2024-05-12 23:21:00,0.497,0.0,True,5221.97,2024-05-12 21:01:00,0.0048
ES,2024-05-13,Monday,ODR,5228.379,5225.864,2.5150000000003274,5228.617,5225.129,3.4880000000002838,True,LONG,2024-05-13 04:00:00,5228.629,False,True,True,2.9833,0.297,2.9833,5235.882,2024-05-13 08:08:00,1.297,5225.117,2024-05-13 04:42:00,True,2024-05-13 06:33:00,1.297,0.0,True,5228.12,2024-05-13 04:05:00,0.103
ES,2024-05-13,Monday,RDR,5238.743,5225.114,13.629000000000815,5239.111,5223.37,15.740999999999985,True,SHORT,2024-05-13 11:25:00,5222.071,True,True,True,0.0,1.1006,1.1006,5210.114,2024-05-13 13:10:00,0.0985,5226.457,2024-05-13 12:07:00,True,2024-05-13 11:30:00,0.0985,0.0985,True,5225.19,2024-05-13 12:05:00,0.0056
ES,2024-05-14,Tuesday,ADR,5221.291,5219.539,1.7520000000004075,5221.607,5219.539,2.068000000000211,True,SHORT,2024-05-13 20:45:00,5218.574,True,True,False,0.1084,1.6313,1.6313,5216.681,2024-05-13 23:35:00,1.1084,5221.481,2024-05-14 01:59:00,True,2024-05-13 20:50:00,0.1672,1.1084,True,5219.567,2024-05-13 20:55:00,0.016
ES,2024-05-14,Tuesday,ODR,5222.112,5220.076,2.036000000000058,5222.596,5219.544,3.05199999999968,True,LONG,2024-05-14 04:20:00,5223.116,True,True,True,2.0255,0.0,2.0255,5226.236,2024-05-14 08:22:00,0.4597,5221.176,2024-05-14 05:37:00,True,2024-05-14 04:25:00,0.4597,0.4597,True,5221.66,2024-05-14 05:34:00,0.222
ES,2024-05-14,Tuesday,RDR,5234.214,5222.557,11.657000000000153,5235.997,5220.823,15.173999999999978,True,SHORT,2024-05-14 12:20:00,5220.631,False,True,False,1.3582,0.4198,0.4198,5217.663,2024-05-14 13:15:00,2.3582,5250.047,2024-05-14 15:23:00,False,,0.0,,True,5222.677,2024-05-14 13:29:00,0.0103
ES,2024-05-15,Wednesday,ADR,5248.473,5246.466,2.006999999999607,5248.482,5246.441,2.0410000000001673,True,SHORT,2024-05-14 20:35:00,5244.526,False,True,False,2.1525,1.0972,1.0972,5244.264,2024-05-14 20:41:00,3.1525,5252.793,2024-05-14 22:42:00,True,2024-05-14 20:40:00,0.0,3.1525,True,5246.51,2024-05-14 20:48:00,0.0219
ES,2024-05-15,Wednesday,ODR,5248.807,5244.073,4.733999999999469,5249.003,5243.826,5.17699999999968,True,SHORT,2024-05-15 08:15:00,5243.367,True,True,False,0.0598,0.4244,0.4244,5242.064,2024-05-15 08:21:00,0.8107,5247.911,2024-05-15 08:29:00,False,,0.0,,True,5245.312,2024-05-15 08:24:00,0.2617
ES,2024-05-15,Wednesday,RDR,5276.693,5265.087,11.605999999999767,5279.093,5263.341,15.751999999999498,True,LONG,2024-05-15 10:35:00,5280.897,True,False,,3.0834,0.0,3.0834,5312.479,2024-05-15 15:58:00,0.0,5279.844,2024-05-15 10:40:00,True,2024-05-15 10:41:00,0.0,0.0,False,,,
ES,2024-05-16,Thursday,ADR,5316.611,5314.231,2.380000000000109,5317.132,5314.126,3.0059999999994034,True,LONG,2024-05-15 21:25:00,5317.632,True,True,False,1.3731,0.1038,1.3731,5319.879,2024-05-15 23:38:00,0.8403,5314.611,2024-05-15 22:17:00,True,2024-05-15 21:30:00,0.8403,0.8403,True,5316.611,2024-05-15 21:36:00,0.0
ES,2024-05-16,Thursday,ODR,5316.126,5312.879,3.2470000000002983,5316.364,5312.367,3.996999999999389,True,SHORT,2024-05-16 05:30:00,5312.364,False,True,False,0.0761,0.6206,0.6206,5310.864,2024-05-16 06:38:00,1.0761,5316.373,2024-05-16 07:30:00,True,2024-05-16 06:27:00,0.4629,1.0761,True,5312.927,2024-05-16 05:36:00,0.0148
ES,2024-05-16,Thursday,RDR,5317.849,5309.114,8.735000000000582,5318.377,5305.944,12.432999999999993,True,LONG,2024-05-16 10:40:00,5319.616,False,True,False,0.9002,1.5467,0.9002,5325.712,2024-05-16 11:01:00,2.5467,5295.604,2024-05-16 15:59:00,True,2024-05-16 10:55:00,0.0,2.5467,True,5317.189,2024-05-16 11:13:00,0.0756
ES,2024-05-17,Friday,ADR,5297.542,5295.79,1.7520000000004075,5297.776,5295.301,2.4749999999994543,True,LONG,2024-05-16 20:50:00,5298.09,False,True,True,1.3288,0.4543,1.3288,5299.87,2024-05-16 21:47:00,1.4543,5294.994,2024-05-17 00:05:00,True,2024-05-16 21:06:00,0.0,1.4543,True,5297.414,2024-05-16 22:26:00,0.0731
ES,2024-05-17,Friday,ODR,5300.317,5297.366,2.951000000000022,5300.583,5296.854,3.7289999999993597,True,SHORT,2024-05-17 04:00:00,5296.249,False,True,False,0.6347,2.1854,2.1854,5290.917,2024-05-17 04:31:00,1.6347,5302.19,2024-05-17 08:22:00,True,2024-05-17 04:05:00,0.0,1.6347,True,5297.64,2024-05-17 05:11:00,0.0928
ES,2024-05-17,Friday,RDR,5301.852,5295.549,6.302999999999884,5302.287,5293.59,8.697000000000116,True,LONG,2024-05-17 10:30:00,5302.776,False,True,True,0.5992,1.984,0.5992,5305.629,2024-05-17 15:59:00,2.984,5283.044,2024-05-17 14:23:00,True,2024-05-17 15:59:00,2.984,0.1548,True,5301.282,2024-05-17 10:37:00,0.0904
ES,2024-05-20,Monday,ADR,5312.876,5309.87,3.006000000000313,5313.111,5309.382,3.729000000000269,False,,,,,,,0.1833,0.0852,,,,,,,False,,,,False,,,
ES,2024-05-20,Monday,ODR,5310.177,5307.873,2.3040000000000873,5310.177,5307.623,2.5540000000000873,True,SHORT,2024-05-20 04:40:00,5307.611,False,True,False,1.7127,0.2222,0.2222,5307.361,2024-05-20 04:45:00,2.7127,5314.123,2024-05-20 08:15:00,False,,0.0,,True,5307.873,2024-05-20 04:46:00,0.0
ES,2024-05-20,Monday,RDR,5322.721,5305.002,17.71899999999914,5323.502,5303.864,19.63800000000083,True,LONG,2024-05-20 10:45:00,5323.989,True,True,False,0.1478,0.2138,0.1478,5325.34,2024-05-20 11:33:00,1.2138,5301.213,2024-05-20 14:08:00,False,,0.1942,,True,5322.497,2024-05-20 10:53:00,0.0126
ES,2024-05-21,Tuesday,ADR,5309.48,5307.331,2.1489999999994325,5309.72,5307.204,2.516000000000531,True,LONG,2024-05-20 20:30:00,5309.749,True,True,True,0.9116,0.0,0.9116,5311.439,2024-05-21 01:07:00,0.9,5307.546,2024-05-20 21:32:00,True,2024-05-20 20:39:00,0.9,0.9,True,5309.022,2024-05-20 21:01:00,0.2131
ES,2024-05-21,Tuesday,ODR,5312.521,5309.767,2.7539999999999054,5312.789,5309.273,3.5159999999996217,True,SHORT,2024-05-21 04:20:00,5308.836,True,True,True,0.0,1.1311,1.1311,5306.652,2024-05-21 05:42:00,0.7226,5311.757,2024-05-21 07:38:00,True,2024-05-21 04:31:00,0.1452,0.7226,True,5310.167,2024-05-21 05:11:00,0.1452
ES,2024-05-21,Tuesday,RDR,5309.513,5301.843,7.670000000000073,5309.754,5300.353,9.40099999999984,True,LONG,2024-05-21 10:30:00,5311.277,True,True,True,1.9327,0.0,1.9327,5324.337,2024-05-21 15:35:00,0.5162,5305.554,2024-05-21 13:11:00,True,2024-05-21 10:36:00,0.5162,0.5162,True,5307.841,2024-05-21 11:52:00,0.218
ES,2024-05-22,Wednesday,ADR,5324.452,5322.933,1.5190000000002328,5324.939,5322.924,2.0150000000003274,True,SHORT,2024-05-21 21:25:00,5322.724,False,True,False,1.1784,0.4668,0.4668,5322.224,2024-05-21 21:30:00,2.1784,5326.242,2024-05-21 22:05:00,False,,0.0,,True,5323.094,2024-05-21 21:32:00,0.106
ES,2024-05-22,Wednesday,ODR,5320.62,5316.629,3.9909999999999854,5320.632,5315.677,4.954999999999927,True,SHORT,2024-05-22 05:25:00,5315.111,True,True,True,0.0143,1.1932,1.1932,5311.867,2024-05-22 08:00:00,0.5004,5318.626,2024-05-22 07:07:00,True,2024-05-22 05:36:00,0.5004,0.5004,True,5317.373,2024-05-22 07:02:00,0.1864
ES,2024-05-22,Wednesday,RDR,5321.271,5315.632,5.639000000000124,5322.042,5314.876,7.166000000000167,True,LONG,2024-05-22 11:05:00,5322.121,False,True,False,0.3415,5.3637,0.2837,5322.871,2024-05-22 11:12:00,6.3637,5285.386,2024-05-22 14:42:00,False,,0.0,,True,5320.392,2024-05-22 11:16:00,0.1559
ES,2024-05-23,Thursday,ADR,5322.426,5320.914,1.5120000000006257,5322.92,5320.661,2.2590000000000146,True,SHORT,2024-05-22 20:40:00,5320.043,False,True,False,14.4848,0.8247,0.8247,5319.667,2024-05-22 21:04:00,15.4848,5344.327,2024-05-23 00:28:00,True,2024-05-22 20:49:00,0.207,15.4848,True,5320.923,2024-05-22 20:46:00,0.006
ES,2024-05-23,Thursday,ODR,5338.773,5335.261,3.5119999999997162,5339.017,5335.152,3.8649999999997817,True,SHORT,2024-05-23 04:15:00,5335.032,False,True,False,3.0051,0.922,0.922,5332.023,2024-05-23 04:52:00,4.0051,5349.327,2024-05-23 08:27:00,True,2024-05-23 04:45:00,0.4459,4.0051,True,5335.526,2024-05-23 04:20:00,0.0755
ES,2024-05-23,Thursday,RDR,5338.761,5306.279,32.48199999999997,5339.779,5304.264,35.51500000000033,True,SHORT,2024-05-23 10:55:00,5300.26,True,True,True,0.0,1.5337,1.5337,5256.461,2024-05-23 15:12:00,0.5559,5324.337,2024-05-23 11:56:00,True,2024-05-23 13:38:00,0.5559,0.0,True,5307.189,2024-05-23 11:02:00,0.028
ES,2024-05-24,Friday,ADR,5273.504,5270.057,3.4470000000001164,5273.504,5269.291,4.212999999999738,True,LONG,2024-05-23 20:35:00,5274.079,True,True,True,1.4842,0.0,1.4842,5278.62,2024-05-23 22:52:00,0.0067,5273.481,2024-05-24 01:37:00,True,2024-05-23 20:45:00,0.0,0.0067,True,5273.481,2024-05-24 01:37:00,0.0067
ES,2024-05-24,Friday,ODR,5275.832,5269.836,5.996000000000095,5276.082,5269.08,7.0020000000004075,True,LONG,2024-05-24 04:05:00,5276.327,True,False,,1.5986,0.0,1.5986,5285.417,2024-05-24 07:59:00,0.0,5275.834,2024-05-24 04:27:00,True,2024-05-24 04:33:00,0.0,0.0,False,,,
ES,2024-05-24,Friday,RDR,5295.331,5278.369,16.962000000000444,5296.622,5277.857,18.765000000000327,True,LONG,2024-05-24 10:50:00,5296.864,True,True,True,0.9896,0.0,0.9896,5312.116,2024-05-24 11:15:00,0.1887,5292.13,2024-05-24 15:02:00,True,2024-05-24 11:03:00,0.0,0.1887,True,5292.13,2024-05-24 15:02:00,0.1887
ES,2024-05-27,Monday,ADR,5300.177,5298.177,2.0,5300.876,5297.677,3.199000000000524,True,LONG,2024-05-26 21:45:00,5301.37,False,True,True,1.625,1.399,1.625,5303.427,2024-05-27 01:13:00,2.399,5295.379,2024-05-26 22:32:00,True,2024-05-26 21:50:00,2.399,2.399,True,5299.927,2024-05-26 22:08:00,0.125
ES,2024-05-27,Monday,ODR,5304.861,5301.611,3.25,5305.373,5301.361,4.011999999999716,True,SHORT,2024-05-27 04:10:00,5300.611,False,True,False,0.0825,0.5375,0.5375,5299.864,2024-05-27 04:15:00,1.0825,5305.129,2024-05-27 08:04:00,True,2024-05-27 04:15:00,0.0,1.0825,True,5301.632,2024-05-27 04:16:00,0.0065
ES,2024-05-27,Monday,RDR,5307.376,5301.867,5.5090000000000146,5307.882,5301.361,6.520999999999731,True,LONG,2024-05-27 10:55:00,5309.382,True,False,,1.8163,0.0,1.8163,5317.382,2024-05-27 12:49:00,0.0,5309.111,2024-05-27 11:00:00,True,2024-05-27 11:00:00,0.0,0.0,False,,,
ES,2024-05-28,Tuesday,ADR,5311.047,5306.617,4.4299999999993815,5311.132,5305.861,5.270999999999731,True,LONG,2024-05-27 23:10:00,5311.629,True,True,True,0.5372,0.1095,0.5372,5313.427,2024-05-28 00:31:00,0.3221,5309.62,2024-05-28 01:36:00,True,2024-05-28 00:30:00,0.0,0.3221,True,5310.879,2024-05-28 00:58:00,0.0379
ES,2024-05-28,Tuesday,ODR,5315.252,5309.882,5.3700000000008,5316.126,5308.867,7.2590000000000146,True,LONG,2024-05-28 04:10:00,5318.623,False,True,False,1.1965,0.4695,1.1965,5321.677,2024-05-28 04:48:00,1.4695,5307.361,2024-05-28 06:30:00,True,2024-05-28 04:15:00,0.0,1.4695,True,5312.62,2024-05-28 06:21:00,0.4901
ES,2024-05-28,Tuesday,RDR,5312.376,5302.746,9.63000000000011,5313.927,5299.614,14.313000000000102,True,SHORT,2024-05-28 13:50:00,5296.661,True,True,False,0.0,2.341,2.341,5280.202,2024-05-28 14:39:00,0.5936,5308.462,2024-05-28 15:59:00,True,2024-05-28 13:55:00,0.0069,0.5936,True,5302.812,2024-05-28 14:12:00,0.0069
ES,2024-05-29,Wednesday,ADR,5304.733,5301.402,3.331000000000131,5304.907,5300.391,4.516000000000531,True,SHORT,2024-05-28 20:35:00,5299.161,True,False,,0.0,5.4386,5.4386,5283.286,2024-05-29 01:58:00,0.0,5299.189,2024-05-28 20:50:00,True,2024-05-28 20:40:00,0.0,0.0,False,,,
ES,2024-05-29,Wednesday,ODR,5289.924,5279.762,10.162000000000262,5290.177,5279.256,10.920999999999367,True,SHORT,2024-05-29 04:05:00,5279.254,True,True,True,0.0,0.8441,0.8441,5271.184,2024-05-29 07:28:00,0.1786,5281.577,2024-05-29 04:28:00,True,2024-05-29 05:22:00,0.1786,0.0168,True,5280.001,2024-05-29 04:10:00,0.0235
ES,2024-05-29,Wednesday,RDR,5276.382,5263.231,13.15099999999984,5278.879,5262.494,16.38500000000022,True,LONG,2024-05-29 10:35:00,5281.342,True,True,False,0.4355,0.0,0.4045,5281.702,2024-05-29 12:54:00,0.8885,5264.697,2024-05-29 15:59:00,False,,0.5603,,True,5275.85,2024-05-29 10:57:00,0.0405
ES,2024-05-30,Thursday,ADR,5252.217,5248.482,3.7349999999996726,5252.232,5247.732,4.5,True,SHORT,2024-05-29 22:20:00,5247.479,True,True,True,0.0,3.5122,3.5122,5235.364,2024-05-30 01:45:00,0.1459,5249.027,2024-05-29 22:29:00,True,2024-05-29 22:36:00,0.1459,0.0,True,5248.97,2024-05-29 22:28:00,0.1307
ES,2024-05-30,Thursday,ODR,5244.117,5235.749,8.368000000000393,5244.879,5235.749,9.13000000000011,True,LONG,2024-05-30 04:30:00,5245.632,True,True,True,0.8138,0.0,0.8138,5250.927,2024-05-30 08:21:00,0.1184,5243.126,2024-05-30 06:15:00,True,2024-05-30 04:57:00,0.1184,0.1184,True,5244.111,2024-05-30 06:10:00,0.0007
ES,2024-05-30,Thursday,RDR,5255.184,5244.494,10.69000000000051,5258.927,5241.816,17.110999999999876,True,SHORT,2024-05-30 11:00:00,5239.177,False,True,True,0.4611,2.1384,2.1384,5221.634,2024-05-30 15:50:00,1.4611,5260.113,2024-05-30 13:42:00,True,2024-05-30 11:05:00,1.4611,1.4611,True,5245.477,2024-05-30 11:17:00,0.092
ES,2024-05-31,Friday,ADR,5230.379,5222.177,8.202000000000226,5231.129,5220.367,10.761999999999716,True,SHORT,2024-05-30 20:45:00,5219.611,False,True,False,0.2497,0.343,0.343,5219.364,2024-05-30 20:50:00,1.2497,5232.427,2024-05-31 01:16:00,False,,0.0,,True,5222.243,2024-05-30 20:55:00,0.008
ES,2024-05-31,Friday,ODR,5231.679,5225.37,6.3090000000001965,5231.932,5224.117,7.8149999999996,True,LONG,2024-05-31 04:15:00,5232.49,False,True,True,0.7435,1.6261,0.7435,5236.37,2024-05-31 08:26:00,2.6261,5215.111,2024-05-31 06:53:00,True,2024-05-31 08:26:00,2.6261,0.0,True,5231.626,2024-05-31 04:22:00,0.0084
ES,2024-05-31,Friday,RDR,5253.111,5217.097,36.014000000000124,5254.927,5216.097,38.82999999999993,True,SHORT,2024-05-31 10:30:00,5213.223,False,True,False,0.8678,0.7221,0.7221,5191.093,2024-05-31 12:23:00,1.8678,5284.364,2024-05-31 15:59:00,True,2024-05-31 12:12:00,0.0458,1.8678,True,5217.706,2024-05-31 10:56:00,0.0169
ES,2024-06-03,Monday,ADR,5296.481,5285.376,11.104999999999563,5296.626,5284.864,11.762000000000626,False,,,,,,,0.0128,0.0,,,,,,,False,,,,False,,,
ES,2024-06-03,Monday,ODR,5295.632,5283.111,12.52099999999973,5296.879,5282.861,14.018000000000029,False,,,,,,,0.0036,0.178,,,,,,,False,,,,False,,,
ES,2024-06-03,Monday,RDR,5297.882,5283.864,14.018000000000029,5298.927,5281.87,17.05699999999979,True,SHORT,2024-06-03 10:40:00,5281.614,True,True,False,0.0,3.6289,3.6289,5232.994,2024-06-03 13:11:00,0.1258,5285.627,2024-06-03 15:59:00,True,2024-06-03 10:47:00,0.0,0.1258,True,5285.627,2024-06-03 15:59:00,0.1258
ES,2024-06-04,Tuesday,ADR,5287.972,5282.732,5.239999999999782,5288.706,5282.464,6.242000000000189,True,LONG,2024-06-03 20:30:00,5289.017,False,True,False,0.2857,0.1206,0.2857,5289.469,2024-06-03 20:43:00,1.1206,5282.1,2024-06-03 23:27:00,False,,0.0,,True,5287.723,2024-06-03 20:45:00,0.0475
ES,2024-06-04,Tuesday,ODR,5278.59,5269.602,8.988000000000284,5279.339,5268.584,10.75500000000011,True,SHORT,2024-06-04 04:10:00,5268.152,True,True,True,0.0,2.3496,2.3496,5248.484,2024-06-04 05:05:00,0.3382,5272.642,2024-06-04 04:23:00,True,2024-06-04 04:34:00,0.3382,0.0,True,5270.437,2024-06-04 04:15:00,0.0929
ES,2024-06-04,Tuesday,RDR,5277.416,5265.4,12.016000000000531,5284.69,5264.891,19.798999999999978,True,SHORT,2024-06-04 11:30:00,5261.406,False,True,False,1.7782,0.7151,0.7151,5256.807,2024-06-04 12:08:00,2.7782,5298.783,2024-06-04 14:45:00,True,2024-06-04 11:36:00,0.0081,2.7782,True,5265.497,2024-06-04 11:45:00,0.0081
ES,2024-06-05,Wednesday,ADR,5298.416,5295.937,2.479000000000269,5298.707,5295.889,2.818000000000211,True,SHORT,2024-06-04 21:20:00,5294.466,False,True,False,1.2892,0.7003,0.6991,5294.204,2024-06-04 21:25:00,2.2892,5301.612,2024-06-05 01:13:00,True,2024-06-04 21:25:00,0.0,2.2892,True,5296.017,2024-06-04 21:31:00,0.0323
ES,2024-06-05,Wednesday,ODR,5298.223,5293.456,4.766999999999825,5298.969,5293.203,5.765999999999622,True,LONG,2024-06-05 04:50:00,5299.016,True,True,True,2.4441,0.0,2.4441,5309.874,2024-06-05 08:05:00,0.0963,5297.764,2024-06-05 05:00:00,True,2024-06-05 05:09:00,0.0963,0.0,True,5297.766,2024-06-05 04:57:00,0.0959
ES,2024-06-05,Wednesday,RDR,5314.957,5298.214,16.743000000000393,5315.459,5298.211,17.247999999999593,True,LONG,2024-06-05 10:30:00,5317.163,True,True,True,2.3587,0.0,2.3587,5354.449,2024-06-05 15:59:00,0.1175,5312.99,2024-06-05 10:45:00,True,2024-06-05 11:05:00,0.1175,0.0,True,5313.937,2024-06-05 10:39:00,0.0609
ES,2024-06-06,Thursday,ADR,5357.522,5353.667,3.8549999999995634,5358.004,5353.534,4.470000000000255,True,SHORT,2024-06-05 20:35:00,5352.564,False,True,False,0.7497,0.3995,0.2822,5352.579,2024-06-05 20:40:00,1.7497,5360.412,2024-06-05 23:22:00,False,,0.0,,True,5354.061,2024-06-05 20:42:00,0.1022
ES,2024-06-06,Thursday,ODR,5356.397,5351.854,4.542999999999665,5356.397,5351.607,4.789999999999964,True,LONG,2024-06-06 04:15:00,5357.177,False,True,False,0.5311,0.2505,0.5311,5358.81,2024-06-06 08:15:00,1.2505,5350.716,2024-06-06 05:48:00,True,2024-06-06 08:15:00,1.2505,0.8974,True,5356.386,2024-06-06 04:20:00,0.0024
ES,2024-06-06,Thursday,RDR,5361.649,5351.036,10.613000000000284,5361.697,5350.78,10.917000000000371,True,SHORT,2024-06-06 11:30:00,5350.332,True,True,False,0.0,1.5784,1.5784,5334.284,2024-06-06 14:10:00,0.3075,5354.299,2024-06-06 15:59:00,True,2024-06-06 12:15:00,0.1166,0.3075,True,5351.313,2024-06-06 11:36:00,0.0261
ES,2024-06-07,Friday,ADR,5354.861,5353.123,1.7380000000002838,5355.132,5352.873,2.2590000000000146,True,LONG,2024-06-06 21:25:00,5355.861,True,False,,3.9217,0.0069,3.9217,5361.677,2024-06-07 01:36:00,0.0,5355.373,2024-06-06 21:31:00,True,2024-06-06 21:30:00,0.0,0.0,False,,,
ES,2024-06-07,Friday,ODR,5360.493,5355.361,5.132000000000517,5361.427,5355.117,6.309999999999491,True,SHORT,2024-06-07 04:50:00,5352.12,True,True,False,0.0,1.6035,1.6035,5347.132,2024-06-07 07:27:00,0.4895,5357.873,2024-06-07 08:13:00,True,2024-06-07 04:55:00,0.0,0.4895,True,5355.427,2024-06-07 07:41:00,0.0129
ES,2024-06-07,Friday,RDR,5353.27,5331.382,21.88800000000083,5354.523,5331.123,23.400000000000546,True,LONG,2024-06-07 10:35:00,5361.767,True,True,False,1.0166,0.0,1.0166,5375.522,2024-06-07 13:24:00,0.5334,5341.596,2024-06-07 14:15:00,True,2024-06-07 10:40:00,0.3235,0.5334,True,5352.361,2024-06-07 11:04:00,0.0415
ES,2024-06-10,Monday,ADR,5345.64,5342.149,3.4909999999999854,5346.529,5341.327,5.2020000000002256,True,LONG,2024-06-09 23:10:00,5348.032,True,True,True,0.8284,0.1094,0.8284,5348.532,2024-06-09 23:27:00,0.2466,5344.779,2024-06-10 00:15:00,True,2024-06-09 23:15:00,0.0,0.2466,True,5345.529,2024-06-09 23:48:00,0.0318
ES,2024-06-10,Monday,ODR,5340.261,5335.514,4.747000000000298,5341.029,5333.279,7.75,True,SHORT,2024-06-10 05:00:00,5333.264,False,True,False,0.8997,1.5254,1.5254,5328.273,2024-06-10 05:25:00,1.8997,5344.532,2024-06-10 08:20:00,True,2024-06-10 05:05:00,0.0,1.8997,True,5335.532,2024-06-10 06:21:00,0.0038
ES,2024-06-10,Monday,RDR,5341.781,5333.123,8.658000000000357,5342.337,5331.032,11.305000000000291,True,LONG,2024-06-10 10:45:00,5343.047,True,False,,2.8073,0.0,2.8073,5366.087,2024-06-10 15:15:00,0.0,5342.561,2024-06-10 10:55:00,True,2024-06-10 11:08:00,0.0,0.0,False,,,
ES,2024-06-11,Tuesday,ADR,5357.397,5354.857,2.5399999999999636,5357.84,5354.857,2.9830000000001746,True,SHORT,2024-06-10 20:35:00,5354.76,False,True,False,1.1732,0.278,0.278,5354.151,2024-06-10 21:17:00,2.1732,5360.377,2024-06-11 01:59:00,False,,0.4142,,True,5355.136,2024-06-10 20:40:00,0.1098
ES,2024-06-11,Tuesday,ODR,5361.431,5357.444,3.9869999999991705,5361.987,5356.953,5.033999999999651,True,SHORT,2024-06-11 04:30:00,5356.261,True,False,,0.0,4.076,4.076,5341.193,2024-06-11 07:09:00,0.0,5357.327,2024-06-11 04:36:00,True,2024-06-11 04:39:00,0.0,0.0,False,,,
ES,2024-06-11,Tuesday,RDR,5346.529,5327.146,19.38300000000072,5346.827,5326.21,20.61700000000019,True,LONG,2024-06-11 10:40:00,5348.981,True,True,True,1.542,0.0,1.542,5376.417,2024-06-11 15:59:00,0.2661,5341.371,2024-06-11 12:24:00,True,2024-06-11 13:54:00,0.2661,0.0,True,5346.061,2024-06-11 11:17:00,0.0241
ES,2024-06-12,Wednesday,ADR,5378.4,5374.706,3.6939999999995052,5378.4,5374.456,3.9439999999995052,True,SHORT,2024-06-11 20:30:00,5373.986,False,True,False,0.7618,0.533,0.533,5372.737,2024-06-11 20:53:00,1.7618,5381.214,2024-06-12 01:59:00,True,2024-06-11 20:52:00,0.0097,1.7618,True,5374.724,2024-06-11 20:37:00,0.0049
ES,2024-06-12,Wednesday,ODR,5378.822,5377.286,1.5360000000000582,5379.303,5376.771,2.532000000000153,True,LONG,2024-06-12 04:05:00,5379.586,True,True,True,4.4661,0.0,4.4661,5385.682,2024-06-12 08:29:00,0.9642,5377.341,2024-06-12 04:28:00,True,2024-06-12 04:10:00,0.9642,0.9642,True,5378.609,2024-06-12 04:24:00,0.1387
ES,2024-06-12,Wednesday,RDR,5446.052,5418.922,27.13000000000011,5446.052,5417.922,28.13000000000011,True,SHORT,2024-06-12 15:25:00,5416.164,True,True,True,0.0445,0.3596,0.3596,5409.167,2024-06-12 15:42:00,0.4137,5430.147,2024-06-12 15:58:00,False,,0.2118,,True,5419.457,2024-06-12 15:30:00,0.0197
ES,2024-06-13,Thursday,ADR,5430.567,5427.483,3.0839999999998327,5431.019,5426.98,4.039000000000669,True,LONG,2024-06-12 20:30:00,5431.101,True,True,False,1.1446,0.0,1.1446,5434.097,2024-06-13 00:48:00,0.6012,5428.713,2024-06-12 22:37:00,True,2024-06-12 21:31:00,0.6012,0.6012,True,5430.361,2024-06-12 20:36:00,0.0668
ES,2024-06-13,Thursday,ODR,5435.901,5430.449,5.4520000000002256,5436.669,5429.934,6.734999999999673,True,SHORT,2024-06-13 04:15:00,5429.229,True,True,False,0.0,2.0835,2.0835,5419.09,2024-06-13 06:19:00,0.8678,5435.18,2024-06-13 08:28:00,True,2024-06-13 04:45:00,0.2381,0.8678,True,5430.486,2024-06-13 04:36:00,0.0068
ES,2024-06-13,Thursday,RDR,5437.487,5413.447,24.039999999999964,5438.002,5410.667,27.335000000000036,True,SHORT,2024-06-13 11:00:00,5409.04,True,True,False,0.0779,0.4666,0.4666,5402.229,2024-06-13 12:30:00,1.0779,5439.359,2024-06-13 15:59:00,False,,0.3869,,True,5414.016,2024-06-13 11:06:00,0.0237
ES,2024-06-14,Friday,ADR,5433.746,5431.37,2.3760000000002037,5433.927,5431.37,2.556999999999789,True,LONG,2024-06-13 21:50:00,5434.427,True,True,True,1.5884,0.0,1.5884,5437.52,2024-06-14 01:59:00,0.162,5433.361,2024-06-13 22:25:00,True,2024-06-13 22:35:00,0.162,0.0,True,5433.74,2024-06-13 22:01:00,0.0025
ES,2024-06-14,Friday,ODR,5432.282,5425.014,7.268000000000029,5432.827,5424.27,8.556999999999789,True,SHORT,2024-06-14 04:45:00,5423.761,True,True,True,0.0,4.4016,4.4016,5393.023,2024-06-14 07:08:00,0.0008,5425.02,2024-06-14 04:50:00,True,2024-06-14 05:06:00,0.0008,0.0,True,5425.02,2024-06-14 04:50:00,0.0008
ES,2024-06-14,Friday,RDR,5420.166,5406.519,13.646999999999935,5420.587,5404.78,15.807000000000698,True,SHORT,2024-06-14 10:35:00,5404.614,False,True,False,0.9395,0.1915,0.176,5404.117,2024-06-14 10:40:00,1.9395,5432.987,2024-06-14 15:59:00,False,,0.0,,True,5407.082,2024-06-14 10:41:00,0.0413
ES,2024-06-17,Monday,ADR,5432.731,5430.873,1.8580000000001746,5433.123,5430.361,2.7619999999997162,True,SHORT,2024-06-16 21:00:00,5428.611,True,True,False,0.3471,1.8886,1.8886,5427.364,2024-06-16 21:16:00,1.0797,5432.879,2024-06-17 01:46:00,True,2024-06-16 21:05:00,0.0,1.0797,True,5431.632,2024-06-16 22:02:00,0.4085
ES,2024-06-17,Monday,ODR,5438.111,5433.249,4.86200000000008,5438.677,5432.114,6.563000000000102,True,SHORT,2024-06-17 04:30:00,5428.629,True,False,,0.065,2.1366,2.1366,5422.861,2024-06-17 06:21:00,0.0,5432.677,2024-06-17 08:09:00,True,2024-06-17 04:35:00,0.0,0.0,False,,,
ES,2024-06-17,Monday,RDR,5432.526,5421.12,11.405999999999949,5433.589,5420.37,13.219000000000051,True,LONG,2024-06-17 10:55:00,5433.767,True,False,,4.9396,0.0,4.9396,5488.867,2024-06-17 14:11:00,0.0,5433.824,2024-06-17 11:00:00,True,2024-06-17 11:05:00,0.0,0.0,False,,,
ES,2024-06-18,Tuesday,ADR,5480.537,5476.864,3.673000000000684,5480.862,5476.61,4.2520000000004075,True,SHORT,2024-06-17 20:30:00,5476.127,True,True,True,0.0,1.9148,1.9148,5469.831,2024-06-17 21:59:00,0.1789,5477.521,2024-06-17 20:44:00,True,2024-06-17 20:36:00,0.1789,0.1789,True,5477.172,2024-06-17 20:42:00,0.0839
ES,2024-06-18,Tuesday,ODR,5476.483,5471.947,4.536000000000058,5477.373,5471.47,5.902999999999338,True,SHORT,2024-06-18 04:20:00,5470.269,False,True,False,0.5844,0.4843,0.4802,5469.769,2024-06-18 04:25:00,1.5844,5479.134,2024-06-18 05:15:00,False,,0.0,,True,5472.719,2024-06-18 04:32:00,0.1702
ES,2024-06-18,Tuesday,RDR,5483.531,5476.017,7.514000000000124,5486.797,5475.764,11.032999999999447,True,SHORT,2024-06-18 10:55:00,5475.537,False,True,False,0.9005,0.5838,0.5838,5471.63,2024-06-18 11:13:00,1.9005,5490.297,2024-06-18 13:50:00,True,2024-06-18 11:05:00,0.262,1.9005,True,5476.021,2024-06-18 11:00:00,0.0005
ES,2024-06-19,Wednesday,ADR,5492.752,5488.333,4.4190000000007785,5492.752,5488.071,4.681000000000495,True,SHORT,2024-06-19 00:40:00,5488.019,True,True,False,0.0,0.1838,0.1838,5487.521,2024-06-19 00:55:00,0.7194,5491.512,2024-06-19 01:55:00,False,,0.0,,True,5488.507,2024-06-19 00:57:00,0.0394
ES,2024-06-19,Wednesday,ODR,5493.282,5490.099,3.1829999999999927,5493.282,5488.601,4.681000000000495,True,LONG,2024-06-19 06:50:00,5493.682,True,True,False,0.3666,0.142,0.3666,5494.449,2024-06-19 07:45:00,0.525,5491.611,2024-06-19 08:23:00,False,,0.4182,,True,5493.174,2024-06-19 06:55:00,0.0339
ES,2024-06-19,Wednesday,RDR,5493.882,5490.0,3.881999999999607,5494.614,5490.0,4.613999999999578,True,SHORT,2024-06-19 10:30:00,5488.623,True,True,True,0.0,0.4843,0.4843,5488.12,2024-06-19 10:35:00,0.4825,5491.873,2024-06-19 10:47:00,False,,0.0,,True,5490.12,2024-06-19 10:37:00,0.0309
ES,2024-06-20,Thursday,ADR,5492.626,5490.129,2.4970000000002983,5492.677,5490.114,2.563000000000102,True,LONG,2024-06-19 20:35:00,5493.177,True,True,True,5.6272,0.0,5.6272,5506.677,2024-06-20 01:05:00,0.205,5492.114,2024-06-19 20:44:00,True,2024-06-19 20:49:00,0.205,0.0,True,5492.623,2024-06-19 20:42:00,0.0012
ES,2024-06-20,Thursday,ODR,5512.72,5503.882,8.838000000000648,5516.277,5503.111,13.166000000000167,False,,,,,,,0.001,0.0,,,,,,,False,,,,False,,,
ES,2024-06-20,Thursday,RDR,5504.232,5488.374,15.858000000000175,5504.973,5487.464,17.509000000000015,True,SHORT,2024-06-20 11:45:00,5487.43,True,True,True,0.0,2.0646,2.0646,5455.633,2024-06-20 13:36:00,0.2273,5491.979,2024-06-20 11:52:00,True,2024-06-20 12:23:00,0.2273,0.0,True,5490.003,2024-06-20 11:50:00,0.1027
ES,2024-06-21,Friday,ADR,5478.332,5474.823,3.5090000000000146,5478.69,5474.579,4.110999999999876,True,SHORT,2024-06-20 20:35:00,5474.064,False,True,False,0.7538,0.927,0.927,5471.57,2024-06-20 21:15:00,1.7538,5480.977,2024-06-21 01:59:00,True,2024-06-20 20:42:00,0.0,1.7538,True,5474.829,2024-06-20 22:30:00,0.0017
ES,2024-06-21,Friday,ODR,5478.54,5467.911,10.628999999999905,5478.926,5465.787,13.139000000000124,True,SHORT,2024-06-21 04:15:00,5464.423,True,True,True,0.0,0.8929,0.8929,5458.42,2024-06-21 04:40:00,0.6829,5475.17,2024-06-21 07:06:00,True,2024-06-21 04:21:00,0.0,0.6829,True,5468.037,2024-06-21 05:29:00,0.0119
ES,2024-06-21,Friday,RDR,5467.477,5453.451,14.02599999999984,5469.42,5451.034,18.386000000000422,True,LONG,2024-06-21 10:55:00,5469.46,True,True,False,0.7781,0.0,0.7781,5478.39,2024-06-21 12:05:00,0.7609,5456.804,2024-06-21 13:35:00,True,2024-06-21 11:50:00,0.428,0.7609,True,5467.076,2024-06-21 11:26:00,0.0286
ES,2024-06-24,Monday,ADR,5470.677,5467.677,3.0,5470.734,5467.364,3.3700000000008004,True,SHORT,2024-06-23 21:05:00,5465.49,True,False,,0.0,5.271,5.271,5451.864,2024-06-23 21:21:00,0.0,5466.177,2024-06-24 01:57:00,True,2024-06-23 21:10:00,0.0,0.0,False,,,
ES,2024-06-24,Monday,ODR,5475.249,5468.129,7.119999999999891,5476.427,5466.614,9.813000000000102,True,LONG,2024-06-24 04:05:00,5476.62,False,True,False,0.4747,0.459,0.4747,5478.629,2024-06-24 04:29:00,1.459,5464.861,2024-06-24 08:05:00,False,,0.0,,True,5474.927,2024-06-24 04:52:00,0.0452
ES,2024-06-24,Monday,RDR,5490.314,5460.607,29.707000000000335,5490.557,5459.217,31.340000000000146,True,SHORT,2024-06-24 13:30:00,5457.371,True,True,True,0.0,0.4578,0.4578,5447.007,2024-06-24 15:59:00,0.2075,5466.771,2024-06-24 15:10:00,False,,0.2075,,True,5462.053,2024-06-24 13:36:00,0.0487
ES,2024-06-25,Tuesday,ADR,5452.141,5449.702,2.438999999999396,5452.207,5449.34,2.867000000000189,True,SHORT,2024-06-24 20:55:00,5448.731,False,True,False,2.533,1.3952,1.3952,5446.299,2024-06-24 21:17:00,3.533,5458.319,2024-06-25 01:46:00,True,2024-06-24 21:08:00,0.0,3.533,True,5449.743,2024-06-24 21:34:00,0.0168
ES,2024-06-25,Tuesday,ODR,5455.027,5446.69,8.337000000000444,5455.511,5446.439,9.072000000000116,True,LONG,2024-06-25 04:30:00,5456.971,True,True,True,0.971,0.1761,0.971,5463.122,2024-06-25 07:19:00,0.1456,5453.813,2024-06-25 04:51:00,True,2024-06-25 05:08:00,0.1456,0.0,True,5455.02,2024-06-25 04:40:00,0.0008
ES,2024-06-25,Tuesday,RDR,5462.127,5452.734,9.393000000000029,5462.867,5451.76,11.106999999999971,True,LONG,2024-06-25 11:15:00,5464.211,False,True,True,1.2277,0.7007,1.2277,5473.659,2024-06-25 15:59:00,1.7007,5446.152,2024-06-25 13:04:00,True,2024-06-25 14:27:00,1.7007,0.2785,True,5461.791,2024-06-25 11:23:00,0.0358
ES,2024-06-26,Wednesday,ADR,5470.357,5467.844,2.51299999999992,5471.05,5467.344,3.706000000000131,True,LONG,2024-06-25 20:50:00,5471.539,True,False,,2.9924,0.0,2.9924,5477.877,2024-06-26 01:59:00,0.0,5471.284,2024-06-25 20:55:00,True,2024-06-25 20:55:00,0.0,0.0,False,,,
ES,2024-06-26,Wednesday,ODR,5485.202,5475.124,10.07800000000043,5485.202,5474.384,10.818000000000211,True,SHORT,2024-06-26 06:20:00,5474.154,True,True,True,0.0982,1.0152,1.0152,5464.893,2024-06-26 08:29:00,0.0062,5475.186,2024-06-26 06:35:00,True,2024-06-26 07:09:00,0.0062,0.0,True,5475.163,2024-06-26 06:34:00,0.0039
ES,2024-06-26,Wednesday,RDR,5468.167,5456.423,11.744000000000597,5469.616,5453.097,16.519000000000233,True,LONG,2024-06-26 11:50:00,5475.331,True,True,True,1.3002,0.4535,1.3002,5483.437,2024-06-26 15:56:00,0.6185,5460.903,2024-06-26 13:20:00,True,2024-06-26 11:55:00,0.6185,0.6185,True,5466.227,2024-06-26 12:44:00,0.1652
ES,2024-06-27,Thursday,ADR,5460.489,5458.11,2.3789999999999054,5460.777,5457.617,3.1599999999998545,True,SHORT,2024-06-26 20:35:00,5454.069,False,True,False,2.7881,2.9462,2.9462,5451.101,2024-06-26 20:46:00,3.7881,5467.122,2024-06-27 01:57:00,True,2024-06-26 20:40:00,0.0,3.7881,True,5458.526,2024-06-26 21:28:00,0.1749
ES,2024-06-27,Thursday,ODR,5470.913,5467.767,3.145999999999731,5471.277,5467.704,3.57300000000032,True,SHORT,2024-06-27 04:15:00,5467.234,False,True,False,1.0744,1.2661,1.2661,5463.784,2024-06-27 04:26:00,2.0744,5474.293,2024-06-27 06:45:00,True,2024-06-27 04:22:00,0.0,2.0744,True,5467.772,2024-06-27 04:38:00,0.0016
ES,2024-06-27,Thursday,RDR,5489.99,5474.384,15.605999999999767,5490.727,5472.879,17.847999999999956,True,SHORT,2024-06-27 11:30:00,5469.239,True,True,False,0.0,0.4505,0.4505,5467.354,2024-06-27 14:30:00,0.6984,5485.284,2024-06-27 13:41:00,False,,0.6984,,True,5475.027,2024-06-27 12:04:00,0.0412
ES,2024-06-28,Friday,ADR,5495.082,5492.687,2.3950000000004366,5495.202,5492.317,2.8850000000002183,True,SHORT,2024-06-27 20:55:00,5491.073,False,True,False,3.1094,0.8601,0.8601,5490.627,2024-06-27 21:01:00,4.1094,5502.529,2024-06-27 22:25:00,True,2024-06-27 21:00:00,0.0,4.1094,True,5492.826,2024-06-27 21:05:00,0.058
ES,2024-06-28,Friday,ODR,5501.777,5497.711,4.0659999999998035,5502.482,5497.711,4.770999999999731,True,SHORT,2024-06-28 04:05:00,5496.761,False,True,False,1.319,0.4019,0.4019,5496.077,2024-06-28 04:10:00,2.319,5507.14,2024-06-28 08:20:00,False,,0.0,,True,5497.773,2024-06-28 04:13:00,0.0152
ES,2024-06-28,Friday,RDR,5523.356,5491.776,31.579999999999927,5523.897,5487.032,36.86499999999978,True,SHORT,2024-06-28 12:15:00,5485.363,True,True,True,0.0,1.3124,1.3124,5450.331,2024-06-28 15:34:00,0.0117,5492.146,2024-06-28 12:30:00,True,2024-06-28 12:40:00,0.0117,0.0,True,5492.146,2024-06-28 12:30:00,0.0117
ES,2024-07-01,Monday,ADR,5472.464,5467.473,4.9909999999999854,5472.729,5465.027,7.7020000000002256,True,LONG,2024-06-30 20:30:00,5473.217,True,True,True,1.0513,0.0,1.0513,5477.711,2024-07-01 01:59:00,0.1509,5471.711,2024-07-01 00:51:00,True,2024-06-30 21:09:00,0.1509,0.1509,True,5472.277,2024-06-30 20:46:00,0.0375
ES,2024-07-01,Monday,ODR,5479.623,5467.37,12.252999999999702,5480.129,5464.617,15.511999999999716,True,SHORT,2024-07-01 04:55:00,5464.373,True,True,False,0.0,0.5917,0.5917,5460.12,2024-07-01 05:13:00,0.7557,5476.629,2024-07-01 08:05:00,True,2024-07-01 05:11:00,0.0,0.7557,True,5467.427,2024-07-01 05:37:00,0.0047
ES,2024-07-01,Monday,RDR,5476.249,5447.677,28.572000000000116,5478.379,5446.134,32.24499999999989,False,,,,,,,0.0934,0.0883,,,,,,,False,,,,False,,,
ES,2024-07-02,Tuesday,ADR,5469.514,5464.126,5.38799999999992,5470.011,5462.861,7.150000000000546,True,SHORT,2024-07-01 20:30:00,5462.697,True,True,False,0.0,0.8474,0.8474,5459.56,2024-07-01 23:20:00,0.6841,5467.812,2024-07-02 01:51:00,True,2024-07-01 20:42:00,0.4772,0.6841,True,5464.134,2024-07-01 20:47:00,0.0015
ES,2024-07-02,Tuesday,ODR,5461.563,5450.932,10.631000000000313,5461.563,5449.807,11.756000000000313,True,SHORT,2024-07-02 07:10:00,5449.556,True,True,False,0.0,0.6369,0.6369,5444.161,2024-07-02 07:53:00,0.2338,5453.417,2024-07-02 08:17:00,True,2024-07-02 07:53:00,0.0,0.2338,True,5451.88,2024-07-02 08:07:00,0.0892
ES,2024-07-02,Tuesday,RDR,5474.657,5457.306,17.351000000000568,5476.684,5456.181,20.50300000000061,True,LONG,2024-07-02 10:35:00,5476.821,True,True,True,2.0745,0.0,2.0745,5510.652,2024-07-02 15:59:00,0.2011,5471.167,2024-07-02 10:45:00,True,2024-07-02 11:31:00,0.2011,0.1798,True,5474.354,2024-07-02 10:42:00,0.0175
ES,2024-07-03,Wednesday,ADR,5506.907,5502.229,4.677999999999884,5507.412,5502.214,5.19800000000032,True,SHORT,2024-07-02 23:20:00,5502.077,True,True,False,0.1032,0.1913,0.1913,5501.334,2024-07-02 23:29:00,0.7418,5505.699,2024-07-03 00:40:00,False,,0.0222,,True,5502.324,2024-07-02 23:26:00,0.0203
ES,2024-07-03,Wednesday,ODR,5510.373,5505.329,5.043999999999869,5510.427,5505.32,5.106999999999971,True,LONG,2024-07-03 04:35:00,5511.376,False,True,False,0.7446,0.3406,0.7446,5514.129,2024-07-03 04:50:00,1.3406,5503.611,2024-07-03 08:27:00,True,2024-07-03 04:44:00,0.0,1.3406,True,5510.111,2024-07-03 07:15:00,0.0519
ES,2024-07-03,Wednesday,RDR,5520.24,5506.367,13.872999999999593,5520.24,5505.873,14.36700000000019,True,LONG,2024-07-03 11:10:00,5522.373,True,True,True,1.3244,0.0,1.3244,5538.614,2024-07-03 12:58:00,0.0625,5519.373,2024-07-03 11:30:00,True,2024-07-03 12:08:00,0.0625,0.0,True,5519.373,2024-07-03 11:30:00,0.0625
ES,2024-07-04,Thursday,ODR,5536.887,5533.523,3.363999999999578,5537.077,5533.27,3.806999999999789,True,LONG,2024-07-04 05:10:00,5537.611,True,True,True,0.5321,0.0,0.5321,5538.677,2024-07-04 06:54:00,0.3766,5535.62,2024-07-04 06:33:00,True,2024-07-04 06:53:00,0.3766,0.0,True,5536.632,2024-07-04 05:25:00,0.0758
ES,2024-07-04,Thursday,RDR,5538.632,5528.367,10.264999999999418,5538.632,5528.361,10.27099999999973,False,,,,,,,0.0,0.0006,,,,,,,False,,,,False,,,
ES,2024-07-05,Friday,ADR,5533.77,5531.779,1.9909999999999854,5534.264,5531.779,2.4849999999996726,True,LONG,2024-07-04 20:35:00,5534.267,True,False,,3.1703,0.0,3.1703,5540.082,2024-07-05 01:58:00,0.0,5534.261,2024-07-04 20:56:00,True,2024-07-04 20:40:00,0.0,0.0,False,,,
ES,2024-07-05,Friday,ODR,5542.929,5538.664,4.265000000000327,5543.182,5537.914,5.268000000000029,True,SHORT,2024-07-05 04:45:00,5537.611,True,True,True,0.0,1.1834,1.1834,5533.617,2024-07-05 08:15:00,0.4607,5540.629,2024-07-05 05:36:00,True,2024-07-05 06:47:00,0.4607,0.0792,True,5539.427,2024-07-05 05:01:00,0.1789
ES,2024-07-05,Friday,RDR,5545.762,5535.277,10.484999999999673,5548.204,5531.343,16.860999999999876,True,LONG,2024-07-05 11:10:00,5550.236,True,False,,2.3233,0.0,2.3233,5570.122,2024-07-05 15:51:00,0.0,5545.914,2024-07-05 11:21:00,True,2024-07-05 11:17:00,0.0,0.0,False,,,
ES,2024-07-08,Monday,ADR,5559.864,5556.617,3.246999999999389,5559.864,5555.864,4.0,True,SHORT,2024-07-08 01:15:00,5555.617,True,True,True,0.0,0.3859,0.3089,5555.614,2024-07-08 01:54:00,0.4657,5558.129,2024-07-08 01:39:00,False,,0.4657,,True,5556.626,2024-07-08 01:20:00,0.0028
ES,2024-07-08,Monday,ODR,5563.376,5556.879,6.497000000000298,5563.427,5556.861,6.5659999999998035,True,LONG,2024-07-08 04:00:00,5563.611,True,True,True,1.0468,0.0,1.0468,5570.177,2024-07-08 08:27:00,0.1177,5562.611,2024-07-08 04:20:00,True,2024-07-08 07:14:00,0.1177,0.0,True,5562.867,2024-07-08 04:05:00,0.0783
ES,2024-07-08,Monday,RDR,5580.373,5574.0,6.3729999999995925,5582.382,5571.487,10.894999999999527,True,SHORT,2024-07-08 10:40:00,5570.464,True,True,True,0.0,1.9361,1.9361,5561.661,2024-07-08 14:46:00,0.1575,5575.004,2024-07-08 11:22:00,True,2024-07-08 10:45:00,0.1575,0.1575,True,5574.687,2024-07-08 11:03:00,0.1078
ES,2024-07-09,Tuesday,ADR,5584.534,5580.881,3.652999999999338,5585.223,5580.251,4.971999999999753,True,SHORT,2024-07-08 21:55:00,5579.707,False,True,False,0.2636,0.6762,0.6762,5578.411,2024-07-08 22:08:00,1.2636,5585.497,2024-07-09 01:05:00,True,2024-07-08 22:05:00,0.0,1.2636,True,5580.901,2024-07-08 22:47:00,0.0055
ES,2024-07-09,Tuesday,ODR,5583.817,5579.527,4.289999999999964,5584.322,5579.35,4.971999999999753,True,LONG,2024-07-09 04:40:00,5584.584,True,True,False,0.4186,0.0718,0.4186,5585.613,2024-07-09 05:32:00,1.0718,5579.219,2024-07-09 08:26:00,False,,0.0014,,True,5583.811,2024-07-09 04:49:00,0.0014
ES,2024-07-09,Tuesday,RDR,5586.384,5579.717,6.667000000000371,5588.151,5576.961,11.1899999999996,True,LONG,2024-07-09 13:00:00,5589.901,False,True,False,0.6753,0.7876,0.6042,5590.412,2024-07-09 13:10:00,1.7876,5574.466,2024-07-09 15:22:00,True,2024-07-09 13:05:00,0.0,1.7876,True,5585.209,2024-07-09 13:16:00,0.1762
ES,2024-07-10,Wednesday,ADR,5580.967,5578.966,2.0009999999992942,5581.267,5578.966,2.300999999999476,True,LONG,2024-07-09 21:05:00,5581.49,False,True,False,0.5142,1.0955,0.5142,5581.996,2024-07-09 21:11:00,2.0955,5576.774,2024-07-10 01:59:00,True,2024-07-09 21:11:00,0.0,2.0955,True,5580.757,2024-07-09 21:22:00,0.1049
ES,2024-07-10,Wednesday,ODR,5581.404,5578.953,2.451000000000022,5581.827,5578.444,3.382999999999811,True,LONG,2024-07-10 04:00:00,5581.847,True,True,True,4.5381,0.0,4.5381,5592.527,2024-07-10 08:10:00,0.0453,5581.293,2024-07-10 04:10:00,True,2024-07-10 04:27:00,0.0453,0.0,True,5581.296,2024-07-10 04:09:00,0.0441
ES,2024-07-10,Wednesday,RDR,5596.25,5588.31,7.9399999999996,5596.701,5586.751,9.949999999999818,True,LONG,2024-07-10 11:30:00,5596.967,True,True,True,4.9678,0.1945,4.9678,5635.694,2024-07-10 15:59:00,0.0639,5595.743,2024-07-10 11:35:00,True,2024-07-10 12:05:00,0.0639,0.0,True,5595.743,2024-07-10 11:35:00,0.0639
ES,2024-07-11,Thursday,ADR,5629.512,5627.02,2.4919999999992797,5629.537,5626.774,2.76299999999992,True,SHORT,2024-07-10 20:30:00,5626.293,False,True,False,0.9968,0.882,0.882,5624.822,2024-07-10 21:10:00,1.9968,5631.996,2024-07-11 01:32:00,True,2024-07-10 21:01:00,0.3058,1.9968,True,5627.277,2024-07-10 20:37:00,0.1031
ES,2024-07-11,Thursday,ODR,5631.17,5628.451,2.719000000000051,5631.422,5628.204,3.217999999999847,True,LONG,2024-07-11 04:05:00,5631.449,False,True,False,0.3693,1.6885,0.3693,5632.174,2024-07-11 04:32:00,2.6885,5623.86,2024-07-11 08:20:00,False,,0.3579,,True,5630.706,2024-07-11 04:13:00,0.1707
ES,2024-07-11,Thursday,RDR,5641.781,5611.877,29.90399999999954,5642.079,5611.639,30.4399999999996,True,SHORT,2024-07-11 10:40:00,5610.15,True,True,True,0.0,1.182,1.182,5576.53,2024-07-11 14:04:00,0.099,5614.837,2024-07-11 10:52:00,True,2024-07-11 11:23:00,0.099,0.0,True,5612.612,2024-07-11 10:45:00,0.0246
ES,2024-07-12,Friday,ADR,5591.987,5585.37,6.617000000000189,5592.126,5583.632,8.494000000000597,True,SHORT,2024-07-12 01:10:00,5583.617,True,True,False,0.0565,0.416,0.416,5582.617,2024-07-12 01:15:00,0.6996,5589.999,2024-07-12 01:58:00,False,,0.0,,True,5585.62,2024-07-12 01:18:00,0.0378
ES,2024-07-12,Friday,ODR,5591.123,5586.111,5.011999999999716,5591.382,5585.614,5.768000000000029,True,LONG,2024-07-12 04:20:00,5591.927,True,True,False,0.6496,0.0986,0.6496,5594.379,2024-07-12 05:12:00,1.0986,5585.617,2024-07-12 07:09:00,True,2024-07-12 05:04:00,0.0,1.0986,True,5591.114,2024-07-12 05:23:00,0.0018
ES,2024-07-12,Friday,RDR,5617.239,5593.864,23.375,5617.552,5591.111,26.440999999999804,True,LONG,2024-07-12 10:30:00,5622.407,True,True,True,1.6418,0.0,1.6418,5655.616,2024-07-12 13:56:00,0.3767,5608.433,2024-07-12 15:59:00,True,2024-07-12 10:44:00,0.0,0.3767,True,5610.577,2024-07-12 15:50:00,0.285
ES,2024-07-15,Monday,ADR,5620.114,5617.117,2.996999999999389,5620.629,5616.376,4.252999999999702,True,LONG,2024-07-14 20:30:00,5621.111,True,False,,2.5909,0.0,2.5909,5627.879,2024-07-15 01:54:00,0.0,5620.614,2024-07-14 22:18:00,True,2024-07-14 20:35:00,0.0,0.0,False,,,
ES,2024-07-15,Monday,ODR,5631.632,5627.867,3.764999999999418,5631.927,5627.861,4.0659999999998035,True,LONG,2024-07-15 04:00:00,5632.861,True,False,,2.9208,0.0,2.9208,5642.629,2024-07-15 07:32:00,0.0,5631.927,2024-07-15 08:02:00,True,2024-07-15 04:08:00,0.0,0.0,False,,,
ES,2024-07-15,Monday,RDR,5645.913,5636.617,9.295999999999367,5646.419,5631.867,14.55199999999968,True,LONG,2024-07-15 10:30:00,5649.29,False,True,False,2.2611,2.3694,2.2611,5666.932,2024-07-15 11:24:00,3.3694,5614.591,2024-07-15 15:53:00,True,2024-07-15 10:35:00,0.0,3.3694,True,5644.949,2024-07-15 12:11:00,0.1037
ES,2024-07-16,Tuesday,ADR,5642.206,5639.753,2.4530000000004293,5642.257,5639.491,2.7659999999996217,True,SHORT,2024-07-15 20:35:00,5638.034,False,True,False,0.4036,0.8912,0.8912,5637.567,2024-07-15 21:16:00,1.4036,5643.196,2024-07-16 01:48:00,True,2024-07-15 20:40:00,0.34,1.4036,True,5639.777,2024-07-15 20:50:00,0.0098
ES,2024-07-16,Tuesday,ODR,5636.626,5629.267,7.359000000000378,5636.879,5628.717,8.162000000000262,True,SHORT,2024-07-16 04:00:00,5624.607,False,True,False,0.6327,1.0105,1.0105,5621.831,2024-07-16 04:11:00,1.6327,5641.282,2024-07-16 08:01:00,True,2024-07-16 04:05:00,0.0,1.6327,True,5629.514,2024-07-16 04:50:00,0.0336
ES,2024-07-16,Tuesday,RDR,5653.124,5640.343,12.780999999999949,5654.267,5639.074,15.193000000000211,True,LONG,2024-07-16 11:00:00,5654.893,True,True,True,1.3065,0.0,1.3065,5669.822,2024-07-16 15:55:00,0.9901,5640.47,2024-07-16 12:17:00,True,2024-07-16 11:08:00,0.9901,0.9901,True,5652.547,2024-07-16 11:29:00,0.0451
ES,2024-07-17,Wednesday,ADR,5662.386,5659.567,2.8190000000004147,5662.389,5659.326,3.063000000000102,True,LONG,2024-07-16 20:40:00,5662.547,False,True,False,0.1511,2.3707,0.0,5662.357,2024-07-16 20:45:00,3.3707,5652.884,2024-07-17 01:55:00,False,,0.2909,,True,5661.566,2024-07-16 20:45:00,0.2909
ES,2024-07-17,Wednesday,ODR,5641.091,5628.401,12.69000000000051,5641.721,5626.671,15.049999999999272,True,SHORT,2024-07-17 04:10:00,5622.04,True,False,,0.0,1.8408,1.8408,5605.041,2024-07-17 07:34:00,0.0,5628.262,2024-07-17 06:41:00,True,2024-07-17 04:15:00,0.0,0.0,False,,,
ES,2024-07-17,Wednesday,RDR,5621.243,5598.633,22.610000000000582,5622.527,5596.657,25.86999999999989,True,SHORT,2024-07-17 12:10:00,5591.467,True,True,True,0.0,0.6551,0.6551,5583.821,2024-07-17 13:16:00,0.1128,5601.183,2024-07-17 14:32:00,True,2024-07-17 13:09:00,0.0,0.1128,True,5598.977,2024-07-17 14:20:00,0.0152
ES,2024-07-18,Thursday,ADR,5601.957,5598.717,3.240000000000691,5602.697,5598.227,4.470000000000255,True,LONG,2024-07-17 20:30:00,5602.947,False,True,False,0.817,0.5997,0.817,5604.604,2024-07-17 21:09:00,1.5997,5596.774,2024-07-17 23:34:00,True,2024-07-17 20:44:00,0.4778,1.5997,True,5601.401,2024-07-17 20:35:00,0.1716
ES,2024-07-18,Thursday,ODR,5612.351,5594.581,17.769999999999527,5612.869,5591.139,21.729999999999563,False,,,,,,,0.0,0.2745,,,,,,,False,,,,False,,,
ES,2024-07-18,Thursday,RDR,5613.39,5596.756,16.634000000000015,5614.297,5595.064,19.232999999999265,True,SHORT,2024-07-18 10:30:00,5589.979,True,False,,0.0,4.4814,4.4814,5522.213,2024-07-18 15:14:00,0.0,5594.721,2024-07-18 10:55:00,True,2024-07-18 10:35:00,0.0,0.0,False,,,
ES,2024-07-19,Friday,ADR,5558.782,5553.327,5.454999999999927,5559.032,5553.011,6.020999999999731,False,,,,,,,0.0458,0.0,,,,,,,False,,,,False,,,
ES,2024-07-19,Friday,ODR,5547.032,5526.761,20.27099999999973,5548.776,5523.276,25.5,True,LONG,2024-07-19 07:10:00,5549.011,True,True,True,0.4432,0.0,0.4432,5556.017,2024-07-19 08:04:00,0.0134,5546.761,2024-07-19 08:28:00,False,,0.0,,True,5547.02,2024-07-19 08:26:00,0.0006
ES,2024-07-19,Friday,RDR,5549.523,5528.501,21.021999999999935,5557.779,5527.659,30.1200000000008,True,SHORT,2024-07-19 10:40:00,5524.084,True,True,True,0.0,1.5297,1.5297,5496.344,2024-07-19 13:23:00,0.4227,5537.387,2024-07-19 11:01:00,True,2024-07-19 11:28:00,0.4227,0.1781,True,5529.029,2024-07-19 10:45:00,0.0251
ES,2024-07-22,Monday,ADR,5526.243,5520.927,5.316000000000713,5526.617,5518.249,8.368000000000393,True,SHORT,2024-07-21 21:15:00,5517.177,True,True,True,0.0,2.595,2.595,5507.132,2024-07-21 22:19:00,0.047,5521.177,2024-07-22 01:01:00,True,2024-07-21 21:20:00,0.0,0.047,True,5521.111,2024-07-21 23:23:00,0.0346
ES,2024-07-22,Monday,ODR,5526.873,5517.864,9.009000000000015,5526.927,5515.879,11.047999999999774,True,LONG,2024-07-22 04:10:00,5527.62,True,True,True,2.1378,0.0,2.1378,5546.132,2024-07-22 08:29:00,0.1956,5525.111,2024-07-22 05:00:00,True,2024-07-22 05:56:00,0.1956,0.0,True,5526.867,2024-07-22 04:15:00,0.0007
ES,2024-07-22,Monday,RDR,5561.126,5532.817,28.309000000000196,5562.12,5531.3,30.81999999999971,True,SHORT,2024-07-22 11:45:00,5530.24,False,True,False,0.3208,0.1892,0.1433,5528.761,2024-07-22 11:50:00,1.3208,5570.207,2024-07-22 14:40:00,False,,0.0,,True,5534.777,2024-07-22 11:52:00,0.0692
ES,2024-07-23,Tuesday,ADR,5563.213,5558.453,4.759999999999309,5563.362,5557.683,5.679000000000087,True,SHORT,2024-07-22 20:40:00,5555.016,True,True,True,0.0,1.5901,1.5901,5550.884,2024-07-22 23:16:00,0.5975,5561.297,2024-07-22 21:24:00,True,2024-07-22 20:45:00,0.5975,0.5975,True,5558.516,2024-07-22 21:14:00,0.0132
ES,2024-07-23,Tuesday,ODR,5555.229,5544.91,10.319000000000415,5555.726,5543.932,11.793999999999869,True,LONG,2024-07-23 05:00:00,5556.619,True,True,True,1.7017,0.1889,1.7017,5572.789,2024-07-23 07:36:00,0.0092,5555.134,2024-07-23 05:11:00,True,2024-07-23 05:21:00,0.0092,0.0,True,5555.134,2024-07-23 05:11:00,0.0092
ES,2024-07-23,Tuesday,RDR,5579.577,5562.727,16.850000000000364,5582.111,5558.511,23.599999999999454,True,LONG,2024-07-23 11:15:00,5583.377,False,True,False,0.3306,0.7306,0.2745,5584.202,2024-07-23 11:35:00,1.7306,5550.417,2024-07-23 15:56:00,False,,0.0,,True,5578.572,2024-07-23 11:51:00,0.0596
ES,2024-07-24,Wednesday,ADR,5535.431,5530.95,4.480999999999767,5536.436,5530.947,5.488999999999578,True,LONG,2024-07-23 20:35:00,5536.439,False,True,False,0.8516,3.2156,0.8516,5539.247,2024-07-23 21:30:00,4.2156,5516.541,2024-07-24 00:22:00,True,2024-07-23 20:44:00,0.0,4.2156,True,5535.231,2024-07-23 21:55:00,0.0446
ES,2024-07-24,Wednesday,ODR,5522.9,5515.497,7.402999999999338,5524.149,5514.814,9.335000000000036,True,SHORT,2024-07-24 04:10:00,5513.106,True,True,True,0.0,1.3867,1.3867,5505.231,2024-07-24 08:26:00,0.9206,5522.312,2024-07-24 06:26:00,True,2024-07-24 04:17:00,0.9206,0.9206,True,5515.551,2024-07-24 04:40:00,0.0073
ES,2024-07-24,Wednesday,RDR,5505.123,5473.309,31.813999999999396,5508.862,5471.207,37.654999999999745,True,SHORT,2024-07-24 10:50:00,5470.456,True,True,True,0.0,1.6767,1.6767,5419.967,2024-07-24 15:55:00,0.0497,5474.889,2024-07-24 10:56:00,True,2024-07-24 12:06:00,0.0497,0.0,True,5474.889,2024-07-24 10:56:00,0.0497
ES,2024-07-25,Thursday,ADR,5447.084,5439.919,7.164999999999964,5447.103,5439.401,7.7020000000002256,True,SHORT,2024-07-24 21:55:00,5439.041,True,True,True,0.0,1.2579,1.2579,5430.906,2024-07-24 22:48:00,0.6571,5444.627,2024-07-24 23:31:00,True,2024-07-24 22:33:00,0.4031,0.6571,True,5440.597,2024-07-24 22:00:00,0.0946
ES,2024-07-25,Thursday,ODR,5437.77,5422.854,14.916000000000167,5440.797,5421.111,19.685999999999694,True,SHORT,2024-07-25 04:00:00,5417.487,False,True,True,0.1236,0.8563,0.8563,5410.081,2024-07-25 04:15:00,1.1236,5439.613,2024-07-25 05:07:00,True,2024-07-25 04:06:00,0.0,1.1236,True,5422.959,2024-07-25 04:27:00,0.007
ES,2024-07-25,Thursday,RDR,5430.277,5396.42,33.85699999999997,5432.213,5390.794,41.41899999999987,True,LONG,2024-07-25 10:45:00,5434.03,True,True,False,1.8227,0.0,1.8227,5491.987,2024-07-25 13:10:00,0.9504,5398.1,2024-07-25 15:59:00,True,2024-07-25 11:11:00,0.0,0.9504,True,5429.316,2024-07-25 14:47:00,0.0284
ES,2024-07-26,Friday,ADR,5418.004,5409.257,8.747000000000298,5419.067,5409.022,10.045000000000073,True,LONG,2024-07-25 21:30:00,5420.007,True,False,,1.2648,0.0,1.2648,5429.067,2024-07-26 01:29:00,0.0,5418.769,2024-07-25 23:11:00,True,2024-07-25 21:38:00,0.0,0.0,False,,,
ES,2024-07-26,Friday,ODR,5436.016,5424.016,12.0,5436.067,5422.754,13.313000000000102,True,LONG,2024-07-26 04:05:00,5438.067,True,False,,1.1669,0.0,1.1669,5450.019,2024-07-26 08:07:00,0.0,5436.817,2024-07-26 04:13:00,True,2024-07-26 04:17:00,0.0,0.0,False,,,
ES,2024-07-26,Friday,RDR,5453.519,5436.383,17.136000000000422,5463.013,5431.51,31.5029999999997,True,LONG,2024-07-26 11:55:00,5465.084,True,True,True,2.0447,0.1692,2.0447,5488.557,2024-07-26 13:29:00,0.5452,5444.177,2024-07-26 15:55:00,True,2024-07-26 12:00:00,0.0,0.5452,True,5450.671,2024-07-26 14:42:00,0.1662
ES,2024-07-29,Monday,ADR,5482.861,5473.364,9.497000000000298,5483.927,5472.746,11.180999999999585,True,LONG,2024-07-28 20:40:00,5485.114,True,True,True,0.902,0.0,0.902,5491.427,2024-07-28 20:52:00,0.0508,5482.379,2024-07-28 21:53:00,True,2024-07-28 20:50:00,0.0,0.0508,True,5482.487,2024-07-28 21:48:00,0.0394
ES,2024-07-29,Monday,ODR,5487.74,5469.129,18.610999999999876,5488.132,5467.927,20.204999999999927,False,,,,,,,0.0075,0.095,,,,,,,False,,,,False,,,
ES,2024-07-29,Monday,RDR,5486.373,5465.37,21.0029999999997,5487.403,5463.111,24.29200000000037,True,SHORT,2024-07-29 10:30:00,5462.461,True,True,True,0.0511,1.0237,1.0237,5443.87,2024-07-29 11:34:00,1.0511,5487.447,2024-07-29 13:13:00,True,2024-07-29 11:08:00,0.3814,1.0511,True,5467.427,2024-07-29 10:38:00,0.0979
ES,2024-07-30,Tuesday,ADR,5457.187,5448.296,8.890999999999622,5457.196,5447.787,9.40899999999965,True,SHORT,2024-07-29 21:35:00,5447.109,False,True,False,1.0306,0.7437,0.7437,5441.684,2024-07-29 22:35:00,2.0306,5466.35,2024-07-30 01:57:00,True,2024-07-29 21:52:00,0.1468,2.0306,True,5448.851,2024-07-29 22:15:00,0.0624
ES,2024-07-30,Tuesday,ODR,5477.057,5466.271,10.786000000000058,5477.812,5466.271,11.541000000000167,True,LONG,2024-07-30 07:40:00,5477.994,True,True,False,0.0927,0.0,0.0927,5478.057,2024-07-30 07:45:00,0.441,5472.3,2024-07-30 08:23:00,False,,0.0,,True,5476.766,2024-07-30 07:48:00,0.027
ES,2024-07-30,Tuesday,RDR,5484.676,5465.789,18.887000000000626,5490.114,5464.05,26.063999999999396,True,SHORT,2024-07-30 10:30:00,5462.094,True,False,,0.0,3.4182,3.4182,5401.23,2024-07-30 13:02:00,0.0,5465.177,2024-07-30 10:47:00,True,2024-07-30 10:36:00,0.0,0.0,False,,,
ES,2024-07-31,Wednesday,ADR,5442.99,5438.306,4.6840000000001965,5444.277,5437.556,6.721000000000458,True,LONG,2024-07-30 20:35:00,5445.517,True,False,,7.1825,0.0,7.1825,5476.633,2024-07-31 01:58:00,0.0,5443.311,2024-07-30 21:42:00,True,2024-07-30 20:40:00,0.0,0.0,False,,,
ES,2024-07-31,Wednesday,ODR,5484.751,5476.789,7.962000000000444,5485.013,5474.311,10.702000000000226,True,LONG,2024-07-31 04:25:00,5485.05,True,True,True,1.7516,0.0,1.7516,5498.697,2024-07-31 08:27:00,0.2467,5482.787,2024-07-31 05:49:00,True,2024-07-31 04:33:00,0.2467,0.2467,True,5484.521,2024-07-31 05:02:00,0.0289
ES,2024-07-31,Wednesday,RDR,5521.77,5494.306,27.46400000000085,5522.28,5492.669,29.610999999999876,True,LONG,2024-07-31 10:30:00,5528.231,True,True,False,1.0933,0.0,1.0933,5551.797,2024-07-31 14:51:00,0.6718,5503.319,2024-07-31 13:42:00,True,2024-07-31 14:32:00,0.6718,0.4433,True,5521.749,2024-07-31 10:48:00,0.0008
ES,2024-08-01,Thursday,ADR,5557.053,5550.639,6.41399999999976,5557.847,5549.651,8.195999999999913,True,SHORT,2024-07-31 20:35:00,5549.464,False,True,False,0.4333,1.3059,1.3059,5542.263,2024-07-31 21:11:00,1.4333,5559.832,2024-08-01 01:59:00,True,2024-07-31 20:58:00,0.4573,1.4333,True,5551.086,2024-07-31 20:40:00,0.0697
ES,2024-08-01,Thursday,ODR,5549.874,5538.287,11.586999999999534,5550.187,5536.494,13.693000000000211,True,SHORT,2024-08-01 04:05:00,5531.109,False,True,False,0.2604,1.3701,1.3701,5522.412,2024-08-01 04:41:00,1.2604,5552.891,2024-08-01 08:29:00,True,2024-08-01 04:10:00,0.0,1.2604,True,5538.53,2024-08-01 05:38:00,0.021
ES,2024-08-01,Thursday,RDR,5562.473,5514.296,48.17699999999968,5565.107,5514.296,50.810999999999694,True,SHORT,2024-08-01 10:35:00,5508.139,True,False,,0.0,2.1686,2.1686,5409.821,2024-08-01 14:49:00,0.0,5510.341,2024-08-01 10:40:00,True,2024-08-01 10:48:00,0.0,0.0,False,,,
ES,2024-08-02,Friday,ADR,5434.561,5418.82,15.740999999999985,5435.326,5416.829,18.4970000000003,True,SHORT,2024-08-01 22:15:00,5408.564,True,False,,0.0,1.9214,1.9214,5388.576,2024-08-01 22:24:00,0.0,5412.32,2024-08-02 01:18:00,True,2024-08-01 22:20:00,0.0,0.0,False,,,
ES,2024-08-02,Friday,ODR,5398.946,5380.811,18.13500000000022,5400.449,5379.814,20.63499999999931,True,SHORT,2024-08-02 06:05:00,5377.561,True,True,False,0.0927,0.2344,0.214,5376.931,2024-08-02 06:34:00,0.6691,5392.946,2024-08-02 06:56:00,False,,0.4973,,True,5381.311,2024-08-02 06:10:00,0.0276
ES,2024-08-02,Friday,RDR,5378.317,5312.32,65.9970000000003,5384.579,5309.582,74.99699999999939,True,SHORT,2024-08-02 10:35:00,5306.311,True,True,False,0.0,0.1933,0.1933,5299.564,2024-08-02 11:22:00,0.5532,5348.832,2024-08-02 12:41:00,False,,0.2509,,True,5315.076,2024-08-02 10:42:00,0.0418
ES,2024-08-05,Monday,ADR,5296.861,5274.376,22.484999999999673,5297.62,5267.629,29.990999999999985,True,SHORT,2024-08-04 21:00:00,5262.117,True,True,True,0.0,4.4363,4.4363,5174.626,2024-08-05 01:55:00,0.4025,5283.427,2024-08-04 22:27:00,True,2024-08-04 21:05:00,0.4025,0.4025,True,5274.864,2024-08-04 22:20:00,0.0217
ES,2024-08-05,Monday,ODR,5224.984,5187.126,37.858000000000175,5227.999,5186.617,41.38199999999961,True,LONG,2024-08-05 04:05:00,5238.373,False,True,False,0.5845,2.3628,0.5845,5247.111,2024-08-05 04:20:00,3.3628,5097.677,2024-08-05 08:25:00,True,2024-08-05 04:19:00,0.0,3.3628,True,5224.677,2024-08-05 04:33:00,0.0081
ES,2024-08-05,Monday,RDR,5207.114,5129.297,77.81700000000001,5216.132,5127.496,88.63599999999951,True,LONG,2024-08-05 11:20:00,5223.211,True,True,False,0.56,0.0,0.56,5250.689,2024-08-05 12:29:00,0.5519,5164.166,2024-08-05 15:48:00,True,2024-08-05 12:27:00,0.0095,0.5519,True,5206.377,2024-08-05 11:51:00,0.0095
ES,2024-08-06,Tuesday,ADR,5244.986,5231.609,13.376999999999498,5245.359,5228.544,16.81500000000051,True,LONG,2024-08-05 20:45:00,5252.699,True,True,True,2.3134,0.0,2.3134,5275.932,2024-08-05 21:14:00,0.3032,5240.93,2024-08-06 01:06:00,True,2024-08-05 20:50:00,0.0,0.3032,True,5240.93,2024-08-06 01:06:00,0.3032
ES,2024-08-06,Tuesday,ODR,5250.733,5233.822,16.911000000000058,5254.339,5232.767,21.572000000000116,True,SHORT,2024-08-06 04:05:00,5229.377,True,True,True,0.0,2.036,2.036,5199.392,2024-08-06 05:41:00,0.7791,5246.997,2024-08-06 07:30:00,True,2024-08-06 04:14:00,0.3379,0.7791,True,5235.531,2024-08-06 04:27:00,0.1011
ES,2024-08-06,Tuesday,RDR,5254.953,5200.034,54.91900000000078,5258.202,5193.589,64.61300000000028,True,LONG,2024-08-06 10:40:00,5264.049,True,True,False,1.0465,0.0,1.0465,5312.423,2024-08-06 14:54:00,0.3626,5235.04,2024-08-06 15:59:00,True,2024-08-06 12:15:00,0.293,0.3626,True,5252.957,2024-08-06 11:15:00,0.0363
ES,2024-08-07,Wednesday,ADR,5233.807,5213.604,20.20299999999952,5233.999,5212.614,21.38500000000022,True,LONG,2024-08-06 20:30:00,5237.717,True,True,True,2.8157,0.0,2.8157,5290.692,2024-08-07 00:41:00,0.1293,5231.194,2024-08-06 21:07:00,True,2024-08-06 21:34:00,0.1293,0.0,True,5232.646,2024-08-06 20:56:00,0.0575
ES,2024-08-07,Wednesday,ODR,5272.421,5254.199,18.222000000000662,5275.25,5251.951,23.298999999999978,True,LONG,2024-08-07 04:10:00,5279.806,True,False,,1.8116,0.0,1.8116,5305.432,2024-08-07 07:19:00,0.0,5276.012,2024-08-07 04:36:00,True,2024-08-07 04:16:00,0.0,0.0,False,,,
ES,2024-08-07,Wednesday,RDR,5325.952,5299.647,26.30500000000029,5331.037,5295.453,35.58399999999983,True,SHORT,2024-08-07 11:45:00,5290.902,True,False,,0.0065,3.9763,3.9763,5195.05,2024-08-07 15:58:00,0.0,5297.661,2024-08-07 11:58:00,True,2024-08-07 12:02:00,0.0,0.0,False,,,
ES,2024-08-08,Thursday,ADR,5191.537,5156.877,34.659999999999854,5193.662,5155.574,38.08800000000065,True,LONG,2024-08-07 21:15:00,5195.036,True,True,False,0.5984,0.0,0.5984,5212.277,2024-08-07 23:47:00,0.1484,5186.394,2024-08-08 01:40:00,True,2024-08-07 23:23:00,0.1256,0.1484,True,5191.459,2024-08-07 21:21:00,0.0023
ES,2024-08-08,Thursday,ODR,5208.224,5176.751,31.472999999999956,5208.353,5175.791,32.5619999999999,False,,,,,,,0.0105,0.002,,,,,,,False,,,,False,,,
ES,2024-08-08,Thursday,RDR,5293.713,5237.857,55.85599999999977,5295.007,5233.187,61.81999999999971,True,LONG,2024-08-08 10:45:00,5298.623,True,True,True,0.621,0.0,0.621,5328.397,2024-08-08 14:20:00,0.2574,5279.334,2024-08-08 11:17:00,True,2024-08-08 14:03:00,0.2574,0.0,True,5293.687,2024-08-08 10:51:00,0.0005
ES,2024-08-09,Friday,ADR,5334.077,5317.761,16.315999999999804,5334.077,5317.511,16.565999999999804,True,SHORT,2024-08-08 20:30:00,5316.646,True,True,False,0.0,0.9101,0.9101,5302.911,2024-08-09 00:58:00,0.9446,5333.173,2024-08-08 22:52:00,True,2024-08-09 00:57:00,0.9446,0.3623,True,5317.827,2024-08-08 20:35:00,0.004
ES,2024-08-09,Friday,ODR,5326.847,5318.92,7.92699999999968,5328.597,5316.661,11.935999999999694,True,LONG,2024-08-09 04:00:00,5332.549,False,True,False,2.4448,1.4203,2.4448,5346.227,2024-08-09 04:55:00,2.4203,5307.661,2024-08-09 08:23:00,True,2024-08-09 04:05:00,0.0,2.4203,True,5326.679,2024-08-09 06:19:00,0.0212
ES,2024-08-09,Friday,RDR,5328.763,5300.727,28.036000000000058,5332.243,5299.667,32.57600000000002,True,LONG,2024-08-09 11:00:00,5336.544,True,True,True,1.0914,0.0,1.0914,5359.362,2024-08-09 13:31:00,0.5684,5312.827,2024-08-09 12:24:00,True,2024-08-09 13:15:00,0.5684,0.0,True,5327.971,2024-08-09 11:21:00,0.0282
ES,2024-08-12,Monday,ADR,5344.677,5338.111,6.5659999999998035,5346.499,5335.611,10.88799999999992,True,LONG,2024-08-11 22:50:00,5349.114,True,True,True,0.9817,0.629,0.7546,5349.632,2024-08-11 23:13:00,0.9519,5338.427,2024-08-11 23:36:00,True,2024-08-11 22:55:00,0.0,0.9519,True,5344.117,2024-08-11 23:30:00,0.0853
ES,2024-08-12,Monday,ODR,5355.827,5341.779,14.047999999999774,5356.526,5340.387,16.139000000000124,True,LONG,2024-08-12 04:05:00,5357.282,True,True,True,0.5307,0.0,0.5307,5363.282,2024-08-12 08:29:00,0.7691,5345.023,2024-08-12 04:59:00,True,2024-08-12 08:29:00,0.7691,0.0,True,5354.893,2024-08-12 04:10:00,0.0665
ES,2024-08-12,Monday,RDR,5356.777,5326.577,30.199999999999818,5361.763,5322.146,39.61700000000019,True,LONG,2024-08-12 10:35:00,5362.824,True,True,False,0.4813,0.0,0.4813,5371.311,2024-08-12 11:04:00,0.8378,5331.474,2024-08-12 15:53:00,False,,0.0,,True,5353.146,2024-08-12 11:22:00,0.1202
ES,2024-08-13,Tuesday,ADR,5348.647,5343.16,5.48700000000008,5350.586,5342.664,7.92200000000048,True,LONG,2024-08-12 20:55:00,5350.624,True,True,True,1.708,0.0,1.708,5358.019,2024-08-13 01:27:00,0.9278,5343.556,2024-08-12 21:10:00,True,2024-08-12 22:53:00,0.9278,0.0,True,5346.401,2024-08-12 21:05:00,0.4093
ES,2024-08-13,Tuesday,ODR,5374.739,5363.552,11.186999999999898,5376.839,5362.559,14.279999999999745,True,SHORT,2024-08-13 06:05:00,5361.41,True,True,False,0.0,1.5412,1.5412,5346.311,2024-08-13 06:38:00,0.532,5369.504,2024-08-13 08:17:00,True,2024-08-13 06:23:00,0.0,0.532,True,5364.346,2024-08-13 08:03:00,0.071
ES,2024-08-13,Tuesday,RDR,5395.53,5379.753,15.777000000000044,5399.272,5377.769,21.5029999999997,True,LONG,2024-08-13 11:00:00,5400.736,True,False,,2.585,0.1225,2.585,5436.313,2024-08-13 15:59:00,0.0,5395.774,2024-08-13 11:10:00,True,2024-08-13 11:23:00,0.0,0.0,False,,,
ES,2024-08-14,Wednesday,ADR,5433.637,5429.114,4.523000000000138,5434.112,5428.883,5.229000000000269,True,LONG,2024-08-13 21:30:00,5436.872,False,True,True,0.8784,0.3752,0.8784,5437.61,2024-08-13 21:44:00,1.3752,5427.417,2024-08-13 22:16:00,True,2024-08-13 21:35:00,0.0,1.3752,True,5433.627,2024-08-13 22:05:00,0.0022
ES,2024-08-14,Wednesday,ODR,5436.343,5432.611,3.731999999999971,5437.612,5432.124,5.488000000000284,True,SHORT,2024-08-14 04:05:00,5431.159,False,True,False,0.9711,0.9247,0.9247,5429.16,2024-08-14 04:16:00,1.9711,5439.967,2024-08-14 08:29:00,True,2024-08-14 04:10:00,0.0067,1.9711,True,5432.636,2024-08-14 04:14:00,0.0067
ES,2024-08-14,Wednesday,RDR,5442.041,5425.623,16.418000000000575,5445.697,5422.344,23.353000000000065,True,SHORT,2024-08-14 10:30:00,5416.107,False,True,False,1.3154,0.6293,0.6293,5415.291,2024-08-14 10:35:00,2.3154,5463.637,2024-08-14 12:07:00,True,2024-08-14 10:35:00,0.0,2.3154,True,5428.677,2024-08-14 10:40:00,0.186
ES,2024-08-15,Thursday,ADR,5455.779,5448.602,7.177000000000589,5456.516,5447.122,9.393999999999323,True,LONG,2024-08-14 20:35:00,5456.913,True,True,True,1.4613,0.0,1.4613,5466.267,2024-08-15 00:35:00,0.0332,5455.541,2024-08-14 20:45:00,True,2024-08-14 21:07:00,0.0332,0.0286,True,5455.553,2024-08-14 20:44:00,0.0315
ES,2024-08-15,Thursday,ODR,5466.147,5459.864,6.2830000000003565,5466.581,5458.363,8.217999999999847,True,SHORT,2024-08-15 04:25:00,5458.132,False,True,False,0.1822,2.0676,2.0676,5446.873,2024-08-15 07:00:00,1.1822,5467.292,2024-08-15 08:22:00,True,2024-08-15 04:30:00,0.3976,1.1822,True,5460.197,2024-08-15 05:20:00,0.053
ES,2024-08-15,Thursday,RDR,5517.051,5504.202,12.84900000000016,5519.769,5501.97,17.798999999999978,True,LONG,2024-08-15 10:35:00,5520.25,True,False,,2.2677,0.0,2.2677,5546.189,2024-08-15 15:35:00,0.0,5519.26,2024-08-15 10:40:00,True,2024-08-15 10:47:00,0.0,0.0,False,,,
ES,2024-08-16,Friday,ADR,5553.89,5545.764,8.126000000000204,5554.026,5545.39,8.635999999999513,True,SHORT,2024-08-15 20:35:00,5544.146,False,True,False,0.4537,0.3681,0.3054,5543.282,2024-08-15 20:44:00,1.4537,5557.577,2024-08-16 01:51:00,False,,0.0,,True,5545.764,2024-08-15 20:47:00,0.0
ES,2024-08-16,Friday,ODR,5557.393,5549.149,8.243999999999687,5557.577,5548.773,8.804000000000087,True,SHORT,2024-08-16 04:30:00,5548.327,True,True,True,0.0,2.8359,2.8359,5525.77,2024-08-16 08:27:00,0.4104,5552.532,2024-08-16 05:24:00,True,2024-08-16 06:02:00,0.4104,0.0,True,5549.327,2024-08-16 04:36:00,0.0216
ES,2024-08-16,Friday,RDR,5546.856,5525.27,21.58599999999933,5548.594,5524.032,24.561999999999898,True,LONG,2024-08-16 12:10:00,5551.729,True,False,,0.7269,0.0,0.7269,5562.546,2024-08-16 12:58:00,0.0,5547.751,2024-08-16 15:47:00,True,2024-08-16 12:57:00,0.0,0.0,False,,,
ES,2024-08-19,Monday,ADR,5566.354,5561.153,5.201000000000022,5566.872,5558.654,8.217999999999847,True,LONG,2024-08-18 23:30:00,5567.549,False,True,False,0.5134,1.7972,0.3253,5568.046,2024-08-18 23:35:00,2.7972,5551.806,2024-08-19 01:34:00,False,,0.0,,True,5565.18,2024-08-18 23:36:00,0.2257
ES,2024-08-19,Monday,ODR,5555.62,5549.132,6.488000000000284,5556.126,5548.427,7.699000000000524,True,SHORT,2024-08-19 04:05:00,5546.864,False,True,False,1.0106,1.0023,0.35,5546.861,2024-08-19 04:14:00,2.0106,5562.177,2024-08-19 08:23:00,False,,0.0,,True,5550.252,2024-08-19 04:15:00,0.1726
ES,2024-08-19,Monday,RDR,5566.746,5552.037,14.708999999999833,5568.72,5550.501,18.21900000000005,True,LONG,2024-08-19 10:45:00,5570.137,True,False,,2.7582,0.0,2.7582,5607.317,2024-08-19 15:59:00,0.0,5569.574,2024-08-19 11:58:00,True,2024-08-19 10:51:00,0.0,0.0,False,,,
ES,2024-08-20,Tuesday,ADR,5606.327,5605.094,1.2330000000001746,5606.589,5604.357,2.231999999999971,True,SHORT,2024-08-19 21:05:00,5603.677,False,True,False,5.365,2.1427,1.1468,5603.68,2024-08-19 21:10:00,6.365,5612.942,2024-08-19 22:59:00,True,2024-08-19 21:10:00,0.0,6.365,True,5605.192,2024-08-19 21:12:00,0.0795
ES,2024-08-20,Tuesday,ODR,5616.406,5611.87,4.536000000000058,5617.754,5610.374,7.380000000000109,True,SHORT,2024-08-20 04:25:00,5609.954,True,True,True,0.0,1.733,1.733,5604.009,2024-08-20 04:40:00,0.4738,5614.019,2024-08-20 07:04:00,True,2024-08-20 04:34:00,0.0,0.4738,True,5611.972,2024-08-20 05:04:00,0.0225
ES,2024-08-20,Tuesday,RDR,5619.603,5601.403,18.199999999999818,5620.343,5599.551,20.79199999999946,True,SHORT,2024-08-20 10:35:00,5593.422,True,True,True,0.0,0.9276,0.9276,5584.52,2024-08-20 13:00:00,0.3859,5608.427,2024-08-20 14:24:00,True,2024-08-20 10:42:00,0.2215,0.3859,True,5601.677,2024-08-20 11:57:00,0.0151
ES,2024-08-21,Wednesday,ADR,5602.34,5596.032,6.307999999999993,5602.34,5595.851,6.4890000000004875,True,LONG,2024-08-20 20:45:00,5602.591,True,True,True,0.8608,0.0,0.8608,5607.77,2024-08-21 01:03:00,0.6176,5598.444,2024-08-20 22:05:00,True,2024-08-20 23:33:00,0.6176,0.0395,True,5601.613,2024-08-20 21:02:00,0.1153
ES,2024-08-21,Wednesday,ODR,5603.017,5599.891,3.1260000000002037,5603.023,5598.877,4.145999999999731,True,SHORT,2024-08-21 04:20:00,5598.674,False,True,False,2.356,1.1004,1.1004,5596.451,2024-08-21 05:04:00,3.356,5610.382,2024-08-21 08:29:00,True,2024-08-21 04:25:00,0.1107,3.356,True,5599.952,2024-08-21 04:44:00,0.0195
ES,2024-08-21,Wednesday,RDR,5615.993,5606.034,9.959000000000742,5620.074,5602.399,17.674999999999272,True,LONG,2024-08-21 10:35:00,5624.507,False,True,True,1.7049,1.4446,1.7049,5632.972,2024-08-21 10:44:00,2.4446,5591.647,2024-08-21 12:03:00,True,2024-08-21 10:40:00,0.0,2.4446,True,5607.679,2024-08-21 10:50:00,0.8348
ES,2024-08-22,Thursday,ADR,5623.721,5620.153,3.5679999999993015,5624.527,5620.153,4.373999999999796,True,SHORT,2024-08-21 22:00:00,5619.823,True,False,,0.0,3.0774,3.0774,5609.173,2024-08-21 23:07:00,0.0,5619.811,2024-08-21 22:05:00,True,2024-08-21 22:10:00,0.0,0.0,False,,,
ES,2024-08-22,Thursday,ODR,5622.6,5618.904,3.6959999999999127,5623.091,5618.173,4.918000000000575,True,LONG,2024-08-22 04:30:00,5623.362,True,True,True,3.0584,0.0,3.0584,5633.904,2024-08-22 08:06:00,0.3293,5621.383,2024-08-22 06:01:00,True,2024-08-22 04:43:00,0.3293,0.3293,True,5622.362,2024-08-22 04:37:00,0.0644
ES,2024-08-22,Thursday,RDR,5641.74,5618.889,22.850999999999658,5642.067,5616.387,25.68000000000029,True,SHORT,2024-08-22 10:45:00,5614.14,True,True,True,0.0,2.5519,2.5519,5560.576,2024-08-22 15:57:00,0.1993,5623.443,2024-08-22 11:07:00,True,2024-08-22 11:19:00,0.1993,0.0,True,5619.347,2024-08-22 10:54:00,0.02
ES,2024-08-23,Friday,ADR,5586.296,5582.031,4.265000000000327,5586.597,5581.217,5.380000000000109,True,LONG,2024-08-22 20:40:00,5586.784,True,True,True,2.0729,0.0,2.0729,5595.137,2024-08-23 01:40:00,0.7852,5582.947,2024-08-22 20:58:00,True,2024-08-22 22:45:00,0.7852,0.0,True,5585.552,2024-08-22 20:45:00,0.1744
ES,2024-08-23,Friday,ODR,5594.902,5591.14,3.7619999999997162,5596.387,5591.14,5.246999999999389,True,LONG,2024-08-23 04:45:00,5597.399,True,True,True,3.4011,0.1994,3.4011,5607.697,2024-08-23 06:45:00,0.004,5594.887,2024-08-23 05:23:00,True,2024-08-23 04:50:00,0.004,0.004,True,5594.89,2024-08-23 05:22:00,0.0032
ES,2024-08-23,Friday,RDR,5638.794,5602.519,36.274999999999636,5641.762,5599.131,42.6309999999994,True,SHORT,2024-08-23 12:10:00,5598.042,True,True,False,0.0215,0.503,0.503,5584.272,2024-08-23 12:46:00,0.9745,5637.87,2024-08-23 15:55:00,True,2024-08-23 12:46:00,0.1055,0.9745,True,5604.032,2024-08-23 12:19:00,0.0417
ES,2024-08-26,Monday,ADR,5630.614,5623.611,7.002999999999702,5631.611,5623.111,8.5,True,LONG,2024-08-25 20:35:00,5632.493,True,True,True,1.4297,0.0,1.4297,5640.626,2024-08-25 21:19:00,0.659,5625.999,2024-08-25 23:50:00,True,2024-08-25 20:41:00,0.0,0.659,True,5629.632,2024-08-25 23:35:00,0.1402
ES,2024-08-26,Monday,ODR,5638.932,5631.37,7.561999999999898,5639.477,5630.987,8.489999999999782,True,LONG,2024-08-26 04:00:00,5641.179,True,True,True,0.793,0.0,0.793,5644.929,2024-08-26 04:18:00,0.7624,5633.167,2024-08-26 07:46:00,True,2024-08-26 04:08:00,0.0,0.7624,True,5638.167,2024-08-26 07:40:00,0.1012
ES,2024-08-26,Monday,RDR,5648.482,5628.486,19.996000000000095,5649.979,5626.503,23.476000000000568,True,SHORT,2024-08-26 10:30:00,5621.969,True,False,,0.0,1.3615,1.3615,5601.261,2024-08-26 14:09:00,0.0,5627.637,2024-08-26 13:04:00,True,2024-08-26 10:37:00,0.0,0.0,False,,,
ES,2024-08-27,Tuesday,ADR,5614.78,5611.021,3.7590000000000146,5615.773,5610.793,4.980000000000473,True,SHORT,2024-08-26 20:50:00,5609.81,False,True,False,1.2628,1.1,1.1,5606.886,2024-08-26 21:40:00,2.2628,5619.527,2024-08-27 01:58:00,True,2024-08-26 20:56:00,0.3168,2.2628,True,5611.32,2024-08-26 21:16:00,0.0795
ES,2024-08-27,Tuesday,ODR,5620.832,5614.826,6.006000000000313,5620.877,5614.452,6.425000000000182,True,LONG,2024-08-27 04:00:00,5623.544,False,True,False,0.9925,1.1792,0.9925,5626.793,2024-08-27 04:15:00,2.1792,5607.744,2024-08-27 07:02:00,True,2024-08-27 04:05:00,0.0,2.1792,True,5619.64,2024-08-27 06:05:00,0.1985
ES,2024-08-27,Tuesday,RDR,5621.187,5596.804,24.38299999999981,5621.633,5593.58,28.052999999999884,True,LONG,2024-08-27 10:35:00,5623.519,True,True,True,0.4155,0.0,0.4155,5631.319,2024-08-27 11:00:00,0.5317,5608.223,2024-08-27 11:33:00,False,,0.0128,,True,5620.876,2024-08-27 10:47:00,0.0128
ES,2024-08-28,Wednesday,ADR,5620.186,5615.607,4.5789999999997235,5620.607,5614.689,5.917999999999665,True,LONG,2024-08-27 21:05:00,5620.714,True,True,True,1.5573,0.0,1.5573,5627.317,2024-08-28 00:31:00,0.5886,5617.491,2024-08-27 21:38:00,True,2024-08-27 22:11:00,0.5886,0.0,True,5619.971,2024-08-27 21:13:00,0.047
ES,2024-08-28,Wednesday,ODR,5628.046,5624.986,3.0600000000004,5628.407,5623.984,4.4229999999997744,True,LONG,2024-08-28 04:30:00,5629.52,False,True,False,1.5592,2.0497,1.5592,5632.817,2024-08-28 05:01:00,3.0497,5618.714,2024-08-28 08:10:00,True,2024-08-28 04:35:00,0.0,3.0497,True,5627.772,2024-08-28 07:02:00,0.0895
ES,2024-08-28,Wednesday,RDR,5622.49,5617.523,4.9669999999996435,5627.017,5614.323,12.693999999999505,True,SHORT,2024-08-28 10:40:00,5612.899,True,False,,0.1907,11.4508,11.4508,5560.647,2024-08-28 14:01:00,0.0,5613.589,2024-08-28 10:46:00,True,2024-08-28 10:45:00,0.0,0.0,False,,,
ES,2024-08-29,Thursday,ADR,5563.561,5551.501,12.05999999999949,5563.959,5551.019,12.9399999999996,True,LONG,2024-08-28 20:40:00,5566.77,True,True,True,1.4321,0.0,1.4321,5580.832,2024-08-29 01:39:00,0.276,5560.232,2024-08-28 21:31:00,True,2024-08-28 22:47:00,0.276,0.0,True,5563.184,2024-08-28 21:14:00,0.0313
ES,2024-08-29,Thursday,ODR,5593.412,5584.467,8.945000000000618,5593.412,5584.157,9.25500000000011,True,LONG,2024-08-29 04:10:00,5596.196,True,True,True,2.0883,0.0,2.0883,5612.092,2024-08-29 06:09:00,0.5771,5588.25,2024-08-29 04:28:00,True,2024-08-29 04:16:00,0.5771,0.5771,True,5590.961,2024-08-29 04:21:00,0.274
ES,2024-08-29,Thursday,RDR,5627.786,5607.663,20.123000000000502,5630.251,5604.784,25.467000000000553,True,LONG,2024-08-29 10:35:00,5632.23,False,True,False,0.9668,1.2447,0.9668,5647.241,2024-08-29 12:48:00,2.2447,5582.616,2024-08-29 14:48:00,True,2024-08-29 10:50:00,0.1003,2.2447,True,5626.767,2024-08-29 10:41:00,0.0506
ES,2024-08-30,Friday,ADR,5602.127,5593.57,8.557000000000698,5602.181,5593.19,8.990999999999985,True,LONG,2024-08-29 20:30:00,5602.434,True,True,True,0.8473,0.0,0.8473,5609.377,2024-08-30 01:45:00,0.3266,5599.332,2024-08-29 21:29:00,True,2024-08-29 22:25:00,0.3266,0.1531,True,5602.082,2024-08-29 20:38:00,0.0053
ES,2024-08-30,Friday,ODR,5620.129,5606.82,13.309000000000196,5620.427,5606.314,14.112999999999374,True,LONG,2024-08-30 06:55:00,5622.367,True,True,True,0.3379,0.0,0.3379,5624.626,2024-08-30 08:20:00,0.4144,5614.614,2024-08-30 07:46:00,False,,0.4144,,True,5619.876,2024-08-30 07:07:00,0.019
ES,2024-08-30,Friday,RDR,5629.237,5617.123,12.114000000000487,5631.74,5613.37,18.36999999999989,True,SHORT,2024-08-30 10:55:00,5609.397,False,True,False,1.8037,2.9808,2.9808,5581.014,2024-08-30 12:37:00,2.8037,5651.087,2024-08-30 15:59:00,True,2024-08-30 11:00:00,0.0,2.8037,True,5618.452,2024-08-30 14:51:00,0.1097
ES,2024-09-02,Monday,ADR,5641.373,5638.864,2.5090000000000146,5641.927,5638.126,3.800999999999476,True,LONG,2024-09-01 20:45:00,5642.614,False,True,False,1.9952,1.5943,1.9952,5646.379,2024-09-01 21:31:00,2.5943,5634.864,2024-09-02 00:14:00,True,2024-09-01 20:50:00,0.0,2.5943,True,5641.111,2024-09-01 22:12:00,0.1044
ES,2024-09-02,Monday,ODR,5636.126,5625.987,10.139000000000124,5636.623,5624.361,12.261999999999716,True,LONG,2024-09-02 04:30:00,5637.861,True,True,True,0.789,0.0,0.789,5644.126,2024-09-02 08:20:00,0.0378,5635.743,2024-09-02 05:13:00,True,2024-09-02 07:53:00,0.0378,0.0,True,5635.927,2024-09-02 05:12:00,0.0196
ES,2024-09-02,Monday,RDR,5646.996,5639.632,7.3640000000004875,5647.373,5639.114,8.259000000000015,True,LONG,2024-09-02 10:35:00,5651.367,True,True,True,0.9326,0.0,0.9326,5653.864,2024-09-02 11:12:00,0.1014,5646.249,2024-09-02 12:52:00,True,2024-09-02 10:40:00,0.0,0.1014,True,5646.861,2024-09-02 12:51:00,0.0183
ES,2024-09-03,Tuesday,ADR,5643.582,5638.314,5.268000000000029,5644.377,5636.061,8.316000000000713,True,LONG,2024-09-02 21:10:00,5645.567,False,True,False,0.6621,1.4214,0.6621,5647.07,2024-09-02 21:19:00,2.4214,5630.826,2024-09-02 23:11:00,True,2024-09-02 21:15:00,0.0,2.4214,True,5643.561,2024-09-02 22:01:00,0.004
ES,2024-09-03,Tuesday,ODR,5652.073,5641.452,10.621000000000095,5652.377,5641.452,10.925000000000182,True,SHORT,2024-09-03 04:30:00,5637.323,True,False,,0.0,2.6952,2.6952,5612.826,2024-09-03 06:01:00,0.0,5638.949,2024-09-03 04:44:00,True,2024-09-03 04:35:00,0.0,0.0,False,,,
ES,2024-09-03,Tuesday,RDR,5613.126,5574.282,38.84400000000005,5616.677,5572.302,44.375,True,SHORT,2024-09-03 10:30:00,5571.776,True,True,True,0.0,1.8175,1.8175,5503.682,2024-09-03 15:47:00,0.1334,5579.462,2024-09-03 11:36:00,True,2024-09-03 13:43:00,0.1334,0.0,True,5576.056,2024-09-03 11:08:00,0.0457
ES,2024-09-04,Wednesday,ADR,5524.454,5515.977,8.476999999999862,5525.333,5514.489,10.844000000000051,True,SHORT,2024-09-03 20:35:00,5509.117,True,False,,0.0,2.5198,2.5198,5494.617,2024-09-03 21:19:00,0.0,5514.06,2024-09-03 21:47:00,True,2024-09-03 20:40:00,0.0,0.0,False,,,
ES,2024-09-04,Wednesday,ODR,5512.552,5495.429,17.122999999999593,5512.802,5494.057,18.74499999999989,True,LONG,2024-09-04 04:30:00,5514.807,True,True,False,0.281,0.0,0.281,5517.363,2024-09-04 05:46:00,0.5599,5502.964,2024-09-04 07:05:00,False,,0.2752,,True,5511.811,2024-09-04 04:36:00,0.0433
ES,2024-09-04,Wednesday,RDR,5533.166,5510.076,23.090000000000146,5536.017,5508.336,27.680999999999585,True,LONG,2024-09-04 10:30:00,5538.687,False,True,False,0.8395,0.3053,0.8395,5552.549,2024-09-04 11:06:00,1.3053,5503.026,2024-09-04 15:10:00,True,2024-09-04 10:55:00,0.0,1.3053,True,5533.119,2024-09-04 11:26:00,0.002
ES,2024-09-05,Thursday,ADR,5521.247,5506.041,15.206000000000131,5522.243,5503.291,18.952000000000226,True,LONG,2024-09-04 20:45:00,5523.987,True,True,False,0.2999,0.0,0.2999,5525.807,2024-09-04 21:38:00,0.9235,5507.204,2024-09-05 01:07:00,False,,0.1138,,True,5520.763,2024-09-04 21:11:00,0.0318
ES,2024-09-05,Thursday,ODR,5528.253,5508.227,20.02599999999984,5528.297,5505.684,22.612999999999374,True,SHORT,2024-09-05 08:15:00,5505.359,True,False,,0.0,0.367,0.367,5500.877,2024-09-05 08:25:00,0.0,5506.857,2024-09-05 08:29:00,False,,0.0,,False,,,
ES,2024-09-05,Thursday,RDR,5543.149,5515.176,27.972999999999956,5546.422,5514.727,31.69499999999971,True,SHORT,2024-09-05 10:55:00,5512.282,True,True,True,0.0393,1.28,1.28,5479.371,2024-09-05 12:17:00,0.1609,5519.677,2024-09-05 14:51:00,True,2024-09-05 11:01:00,0.0,0.1609,True,5517.139,2024-09-05 14:00:00,0.0702
ES,2024-09-06,Friday,ADR,5500.134,5492.896,7.238000000000284,5501.011,5491.767,9.244000000000597,True,SHORT,2024-09-05 20:30:00,5489.634,False,True,False,0.1241,1.9512,1.9512,5478.773,2024-09-05 21:09:00,1.1241,5501.032,2024-09-05 23:15:00,True,2024-09-05 20:35:00,0.0,1.1241,True,5493.77,2024-09-05 21:37:00,0.1208
ES,2024-09-06,Friday,ODR,5487.39,5462.832,24.557999999999993,5487.577,5456.817,30.76000000000022,False,,,,,,,0.0,0.1327,,,,,,,False,,,,False,,,
ES,2024-09-06,Friday,RDR,5518.049,5454.237,63.8119999999999,5522.926,5453.677,69.2490000000007,True,SHORT,2024-09-06 10:30:00,5448.302,True,True,True,0.0,0.8151,0.8151,5402.227,2024-09-06 14:26:00,0.1255,5462.247,2024-09-06 11:01:00,True,2024-09-06 11:17:00,0.1255,0.0,True,5456.106,2024-09-06 11:00:00,0.0293
ES,2024-09-09,Monday,ADR,5417.632,5407.367,10.264999999999418,5417.927,5406.12,11.806999999999789,True,LONG,2024-09-08 21:00:00,5419.361,True,False,,1.7515,0.0,1.7515,5435.611,2024-09-09 00:52:00,0.0,5417.927,2024-09-08 21:19:00,True,2024-09-08 21:42:00,0.0,0.0,False,,,
ES,2024-09-09,Monday,ODR,5444.749,5433.984,10.764999999999418,5445.117,5433.117,12.0,True,LONG,2024-09-09 05:05:00,5445.864,True,True,False,0.9645,0.0,0.9645,5455.132,2024-09-09 07:29:00,0.6163,5438.114,2024-09-09 08:29:00,True,2024-09-09 06:01:00,0.0114,0.6163,True,5444.626,2024-09-09 05:17:00,0.0114
ES,2024-09-09,Monday,RDR,5467.659,5453.12,14.53899999999976,5470.64,5447.87,22.770000000000437,True,SHORT,2024-09-09 10:35:00,5447.747,False,True,False,1.1184,1.3583,1.3583,5433.371,2024-09-09 11:15:00,2.1184,5483.919,2024-09-09 13:08:00,True,2024-09-09 10:43:00,0.0,2.1184,True,5453.477,2024-09-09 11:31:00,0.0246
ES,2024-09-10,Tuesday,ADR,5479.956,5466.256,13.699999999999818,5480.446,5465.25,15.195999999999913,True,SHORT,2024-09-10 00:35:00,5462.441,True,True,True,0.0,0.4206,0.4206,5460.494,2024-09-10 01:47:00,0.0154,5466.467,2024-09-10 01:18:00,False,,0.0154,,True,5466.467,2024-09-10 01:18:00,0.0154
ES,2024-09-10,Tuesday,ODR,5476.93,5460.192,16.738000000000284,5477.367,5459.797,17.57000000000062,True,SHORT,2024-09-10 05:05:00,5455.916,False,True,False,0.4982,0.3448,0.3448,5454.42,2024-09-10 05:15:00,1.4982,5485.269,2024-09-10 08:29:00,False,,0.0,,True,5460.407,2024-09-10 05:27:00,0.0128
ES,2024-09-10,Tuesday,RDR,5491.727,5465.186,26.541000000000167,5493.097,5462.147,30.949999999999818,True,SHORT,2024-09-10 11:50:00,5457.706,False,True,False,0.2423,0.9229,0.9229,5440.692,2024-09-10 12:03:00,1.2423,5498.159,2024-09-10 15:59:00,True,2024-09-10 11:58:00,0.0,1.2423,True,5465.602,2024-09-10 13:09:00,0.0157
ES,2024-09-11,Wednesday,ADR,5493.642,5484.561,9.081000000000131,5494.016,5483.073,10.942999999999302,True,SHORT,2024-09-10 21:30:00,5476.447,True,True,True,0.0,2.2795,2.2795,5463.861,2024-09-11 01:29:00,0.0625,5485.129,2024-09-10 21:45:00,True,2024-09-10 21:35:00,0.0625,0.0625,True,5484.762,2024-09-10 21:44:00,0.0221
ES,2024-09-11,Wednesday,ODR,5484.952,5479.292,5.6599999999998545,5487.9,5478.901,8.998999999999796,True,SHORT,2024-09-11 04:35:00,5477.742,False,True,False,1.1753,1.3171,1.3171,5471.837,2024-09-11 05:25:00,2.1753,5491.604,2024-09-11 08:29:00,True,2024-09-11 04:41:00,0.1272,2.1753,True,5480.009,2024-09-11 05:12:00,0.1267
ES,2024-09-11,Wednesday,RDR,5492.797,5419.883,72.91399999999976,5492.797,5418.636,74.16099999999915,True,SHORT,2024-09-11 10:30:00,5413.633,False,True,False,0.9325,0.1833,0.1833,5406.517,2024-09-11 10:47:00,1.9325,5560.792,2024-09-11 15:59:00,False,,0.0163,,True,5421.07,2024-09-11 10:36:00,0.0163
ES,2024-09-12,Thursday,ADR,5554.77,5549.013,5.757000000000517,5554.782,5548.76,6.0219999999999345,True,LONG,2024-09-11 20:30:00,5556.26,True,True,True,1.9666,0.1251,1.9666,5566.092,2024-09-12 01:28:00,1.1251,5548.293,2024-09-11 21:02:00,True,2024-09-11 22:28:00,1.1251,0.1117,True,5554.517,2024-09-11 20:38:00,0.0439
ES,2024-09-12,Thursday,ODR,5569.792,5560.552,9.240000000000691,5571.261,5559.057,12.204000000000633,True,SHORT,2024-09-12 04:00:00,5558.317,True,True,False,0.0354,0.5118,0.3758,5557.08,2024-09-12 04:07:00,1.0354,5570.119,2024-09-12 05:23:00,False,,0.0,,True,5561.127,2024-09-12 04:11:00,0.0622
ES,2024-09-12,Thursday,RDR,5566.127,5539.924,26.20300000000043,5567.333,5535.164,32.16899999999987,True,LONG,2024-09-12 10:30:00,5568.993,True,True,True,1.3362,0.0,1.3362,5601.139,2024-09-12 14:37:00,0.6752,5548.434,2024-09-12 11:00:00,True,2024-09-12 12:59:00,0.6752,0.0,True,5551.031,2024-09-12 10:35:00,0.5761
ES,2024-09-13,Friday,ADR,5604.123,5600.734,3.388999999999214,5604.427,5599.864,4.563000000000102,True,SHORT,2024-09-12 21:10:00,5599.37,False,True,True,1.3243,1.5854,1.5854,5595.361,2024-09-12 22:43:00,2.3243,5608.611,2024-09-13 01:42:00,True,2024-09-12 21:18:00,0.0,2.3243,True,5601.114,2024-09-12 23:25:00,0.1121
ES,2024-09-13,Friday,ODR,5608.626,5599.49,9.136000000000422,5609.927,5599.367,10.55999999999949,True,SHORT,2024-09-13 04:00:00,5598.617,False,True,False,0.4658,0.1226,0.1223,5598.373,2024-09-13 04:05:00,1.4658,5612.882,2024-09-13 05:49:00,False,,0.0,,True,5600.379,2024-09-13 04:06:00,0.0973
ES,2024-09-13,Friday,RDR,5628.919,5602.481,26.438000000000102,5629.654,5600.361,29.293000000000575,True,LONG,2024-09-13 10:40:00,5630.293,True,True,False,0.2839,0.0,0.2839,5636.424,2024-09-13 13:39:00,0.4621,5616.702,2024-09-13 15:02:00,False,,0.3584,,True,5628.689,2024-09-13 10:45:00,0.0087
ES,2024-09-16,Monday,ADR,5628.026,5624.902,3.1239999999997963,5628.577,5624.517,4.0600000000004,True,SHORT,2024-09-15 20:50:00,5623.52,True,True,False,0.0,1.4856,1.4856,5620.261,2024-09-15 21:17:00,0.9363,5627.827,2024-09-16 00:19:00,True,2024-09-15 21:11:00,0.056,0.9363,True,5625.029,2024-09-15 20:57:00,0.0407
ES,2024-09-16,Monday,ODR,5627.126,5620.117,7.0090000000000146,5627.379,5619.873,7.506000000000313,True,LONG,2024-09-16 04:00:00,5630.367,False,True,False,0.7495,0.1435,0.7495,5632.379,2024-09-16 05:15:00,1.1435,5619.111,2024-09-16 08:22:00,True,2024-09-16 04:05:00,0.0,1.1435,True,5626.361,2024-09-16 06:01:00,0.1091
ES,2024-09-16,Monday,RDR,5632.62,5614.617,18.0029999999997,5633.873,5613.114,20.759000000000015,True,SHORT,2024-09-16 10:30:00,5606.466,False,True,False,0.185,0.5896,0.5364,5604.96,2024-09-16 10:35:00,1.185,5635.951,2024-09-16 15:57:00,True,2024-09-16 10:35:00,0.0,1.185,True,5615.677,2024-09-16 10:37:00,0.0589
ES,2024-09-17,Tuesday,ADR,5631.597,5628.103,3.493999999999687,5632.337,5627.832,4.505000000000109,True,SHORT,2024-09-16 20:35:00,5627.351,False,True,False,0.5524,1.1425,1.1425,5624.111,2024-09-16 21:27:00,1.5524,5633.527,2024-09-17 01:54:00,True,2024-09-16 20:41:00,0.0,1.5524,True,5628.157,2024-09-16 21:42:00,0.0155
ES,2024-09-17,Tuesday,ODR,5646.232,5635.501,10.730999999999767,5646.787,5634.88,11.907000000000153,True,LONG,2024-09-17 04:50:00,5647.017,True,True,True,1.2293,0.0,1.2293,5659.424,2024-09-17 07:58:00,0.0671,5645.512,2024-09-17 07:35:00,True,2024-09-17 05:42:00,0.0671,0.0671,True,5646.203,2024-09-17 04:59:00,0.0027
ES,2024-09-17,Tuesday,RDR,5666.383,5647.966,18.41699999999946,5667.917,5646.113,21.804000000000087,True,LONG,2024-09-17 10:45:00,5669.682,False,True,False,0.257,1.8662,0.1924,5669.926,2024-09-17 10:50:00,2.8662,5613.597,2024-09-17 13:45:00,False,,0.0,,True,5665.52,2024-09-17 10:52:00,0.0469
ES,2024-09-18,Wednesday,ADR,5640.862,5637.367,3.494999999999891,5641.362,5636.892,4.470000000000255,True,LONG,2024-09-17 21:55:00,5641.736,True,True,False,0.6126,0.2936,0.6126,5643.003,2024-09-17 22:05:00,1.2936,5636.341,2024-09-18 01:32:00,True,2024-09-17 22:05:00,0.0,1.2936,True,5640.564,2024-09-17 23:11:00,0.0853
ES,2024-09-18,Wednesday,ODR,5644.612,5637.456,7.155999999999949,5644.897,5636.731,8.166000000000167,True,SHORT,2024-09-18 04:00:00,5636.304,True,True,False,0.0038,0.5594,0.5594,5633.453,2024-09-18 04:30:00,1.0038,5644.639,2024-09-18 07:21:00,True,2024-09-18 04:13:00,0.0,1.0038,True,5637.929,2024-09-18 04:54:00,0.0661
ES,2024-09-18,Wednesday,RDR,5641.969,5630.147,11.822000000000116,5643.936,5626.656,17.279999999999745,True,SHORT,2024-09-18 11:40:00,5626.202,False,True,True,4.211,1.3647,1.3647,5614.013,2024-09-18 15:48:00,5.211,5691.752,2024-09-18 14:01:00,True,2024-09-18 11:46:00,5.211,5.211,True,5630.57,2024-09-18 12:16:00,0.0358
ES,2024-09-19,Thursday,ADR,5658.322,5631.694,26.6279999999997,5666.034,5630.211,35.82299999999941,True,LONG,2024-09-18 22:40:00,5667.959,True,False,,0.6807,0.0,0.6807,5676.447,2024-09-19 01:58:00,0.0,5662.254,2024-09-18 23:18:00,True,2024-09-18 23:35:00,0.0,0.0,False,,,
ES,2024-09-19,Thursday,ODR,5689.451,5677.111,12.340000000000146,5689.584,5673.794,15.789999999999964,True,LONG,2024-09-19 04:10:00,5692.023,True,True,True,2.1725,0.0,2.1725,5716.26,2024-09-19 07:43:00,0.286,5685.922,2024-09-19 04:27:00,True,2024-09-19 05:01:00,0.286,0.0,True,5688.314,2024-09-19 04:16:00,0.0921
ES,2024-09-19,Thursday,RDR,5719.046,5692.316,26.730000000000473,5719.293,5685.901,33.391999999999825,True,LONG,2024-09-19 10:30:00,5721.489,True,True,False,0.5502,0.0,0.5502,5733.752,2024-09-19 13:54:00,0.7398,5699.272,2024-09-19 11:08:00,True,2024-09-19 13:46:00,0.7398,0.3902,True,5717.417,2024-09-19 10:36:00,0.0609
ES,2024-09-20,Friday,ADR,5713.379,5704.867,8.511999999999716,5713.873,5703.629,10.243999999999687,False,,,,,,,0.0,0.0591,,,,,,,False,,,,False,,,
ES,2024-09-20,Friday,ODR,5711.379,5705.117,6.261999999999716,5712.237,5704.861,7.376000000000204,True,SHORT,2024-09-20 04:25:00,5703.117,True,True,False,0.0,1.0789,1.0789,5698.361,2024-09-20 07:35:00,0.76,5709.876,2024-09-20 08:29:00,True,2024-09-20 06:51:00,0.518,0.76,True,5705.252,2024-09-20 04:41:00,0.0216
ES,2024-09-20,Friday,RDR,5704.677,5688.622,16.05499999999938,5706.373,5686.747,19.625999999999294,True,SHORT,2024-09-20 10:55:00,5686.63,False,True,False,0.6459,0.8746,0.8746,5674.581,2024-09-20 11:16:00,1.6459,5715.047,2024-09-20 15:38:00,True,2024-09-20 11:13:00,0.0,1.6459,True,5689.066,2024-09-20 11:34:00,0.0277
ES,2024-09-23,Monday,ADR,5710.87,5702.382,8.488000000000284,5710.873,5702.114,8.759000000000015,True,LONG,2024-09-22 20:30:00,5713.12,True,False,,1.3268,0.0,1.3268,5722.132,2024-09-22 23:15:00,0.0,5712.611,2024-09-22 20:36:00,True,2024-09-22 20:48:00,0.0,0.0,False,,,
ES,2024-09-23,Monday,ODR,5710.481,5687.614,22.86700000000019,5710.927,5685.62,25.30699999999979,True,LONG,2024-09-23 05:45:00,5711.114,True,True,True,0.1485,0.0,0.1485,5713.876,2024-09-23 06:02:00,0.2776,5704.132,2024-09-23 07:26:00,False,,0.0,,True,5710.123,2024-09-23 06:13:00,0.0157
ES,2024-09-23,Monday,RDR,5721.989,5705.99,15.998999999999796,5725.927,5704.364,21.563000000000102,False,,,,,,,0.1214,0.1681,,,,,,,False,,,,False,,,
ES,2024-09-24,Tuesday,ADR,5715.797,5713.157,2.639999999999418,5716.912,5712.9,4.012000000000626,True,SHORT,2024-09-23 20:35:00,5711.987,False,True,False,2.4773,2.4746,2.4746,5706.624,2024-09-23 22:25:00,3.4773,5722.337,2024-09-24 01:54:00,True,2024-09-23 20:40:00,2.553,3.4773,True,5713.217,2024-09-23 20:46:00,0.0227
ES,2024-09-24,Tuesday,ODR,5731.429,5721.577,9.851999999999862,5731.799,5720.852,10.947000000000116,True,LONG,2024-09-24 04:10:00,5732.446,False,True,False,0.4718,0.9466,0.4718,5736.077,2024-09-24 04:24:00,1.9466,5712.251,2024-09-24 07:10:00,False,,0.0,,True,5731.114,2024-09-24 05:18:00,0.032
ES,2024-09-24,Tuesday,RDR,5727.343,5704.362,22.980999999999767,5727.963,5699.726,28.23700000000008,True,SHORT,2024-09-24 10:35:00,5699.494,False,True,False,0.3832,0.2537,0.2537,5698.532,2024-09-24 10:40:00,1.3832,5736.149,2024-09-24 15:59:00,False,,0.0,,True,5704.91,2024-09-24 10:43:00,0.0238
ES,2024-09-25,Wednesday,ADR,5735.803,5729.09,6.712999999999738,5735.932,5728.1,7.831999999999425,True,SHORT,2024-09-24 20:50:00,5727.857,True,True,True,0.0,1.4762,1.4762,5719.18,2024-09-25 01:49:00,0.1102,5729.83,2024-09-24 21:11:00,True,2024-09-24 21:15:00,0.1102,0.0,True,5729.109,2024-09-24 21:06:00,0.0028
ES,2024-09-25,Wednesday,ODR,5726.447,5717.364,9.083000000000538,5727.152,5717.256,9.89599999999973,True,LONG,2024-09-25 05:30:00,5727.813,True,True,True,0.9772,0.0,0.9772,5735.323,2024-09-25 07:00:00,0.1427,5725.151,2024-09-25 05:55:00,True,2024-09-25 06:02:00,0.1427,0.0,True,5726.349,2024-09-25 05:40:00,0.0108
ES,2024-09-25,Wednesday,RDR,5739.621,5733.551,6.069999999999709,5741.037,5731.062,9.975000000000364,True,SHORT,2024-09-25 10:45:00,5730.442,True,True,True,0.0,3.6066,3.6066,5711.659,2024-09-25 13:35:00,0.4458,5736.257,2024-09-25 11:03:00,True,2024-09-25 10:50:00,0.4458,0.4458,True,5733.569,2024-09-25 10:50:00,0.003
ES,2024-09-26,Thursday,ADR,5736.73,5727.646,9.083999999999833,5736.73,5727.39,9.339999999999236,True,LONG,2024-09-25 20:30:00,5738.213,True,True,True,2.427,0.0,2.427,5758.777,2024-09-26 01:53:00,0.1336,5735.516,2024-09-25 20:55:00,True,2024-09-25 21:55:00,0.1336,0.0,True,5736.73,2024-09-25 20:43:00,0.0
ES,2024-09-26,Thursday,ODR,5768.642,5763.18,5.461999999999534,5769.197,5761.276,7.9210000000002765,True,LONG,2024-09-26 06:40:00,5769.46,True,True,True,0.4616,0.1025,0.4616,5771.163,2024-09-26 06:59:00,1.1025,5762.62,2024-09-26 08:09:00,False,,0.0,,True,5768.577,2024-09-26 07:00:00,0.0119
ES,2024-09-26,Thursday,RDR,5766.837,5747.886,18.951000000000022,5769.87,5746.161,23.708999999999833,True,SHORT,2024-09-26 10:50:00,5741.872,True,True,True,0.0,1.424,1.424,5720.9,2024-09-26 13:19:00,0.1051,5749.877,2024-09-26 15:59:00,True,2024-09-26 10:55:00,0.0,0.1051,True,5748.713,2024-09-26 14:16:00,0.0436
ES,2024-09-27,Friday,ADR,5750.69,5745.823,4.86699999999928,5750.877,5743.064,7.813000000000102,True,SHORT,2024-09-26 21:40:00,5741.061,False,True,False,0.4494,1.1301,1.1301,5740.323,2024-09-26 23:14:00,1.4494,5752.877,2024-09-27 01:09:00,True,2024-09-26 21:45:00,0.0,1.4494,True,5745.877,2024-09-26 23:42:00,0.0111
ES,2024-09-27,Friday,ODR,5743.681,5735.079,8.601999999999862,5746.323,5734.817,11.506000000000313,True,LONG,2024-09-27 05:15:00,5747.067,True,True,True,1.0053,0.0301,1.0053,5752.329,2024-09-27 08:28:00,0.4769,5739.579,2024-09-27 05:31:00,True,2024-09-27 07:55:00,0.4769,0.0,True,5743.311,2024-09-27 05:23:00,0.043
ES,2024-09-27,Friday,RDR,5760.09,5751.561,8.529000000000451,5763.802,5749.064,14.737999999999374,True,SHORT,2024-09-27 11:50:00,5748.689,True,False,,0.1093,3.0094,3.0094,5725.894,2024-09-27 14:31:00,0.0,5749.173,2024-09-27 11:55:00,True,2024-09-27 11:56:00,0.0,0.0,False,,,
ES,2024-09-30,Monday,ADR,5744.667,5737.477,7.190000000000509,5745.914,5736.914,9.0,True,SHORT,2024-09-29 21:10:00,5735.661,True,True,True,0.0,1.1962,1.1962,5728.876,2024-09-29 22:34:00,0.265,5739.382,2024-09-30 00:05:00,True,2024-09-29 21:46:00,0.2019,0.265,True,5737.477,2024-09-29 21:27:00,0.0
ES,2024-09-30,Monday,ODR,5739.996,5731.499,8.497000000000298,5740.879,5729.861,11.018000000000029,True,SHORT,2024-09-30 05:15:00,5729.177,True,True,True,0.0,1.4579,1.4579,5719.111,2024-09-30 07:51:00,0.5137,5735.864,2024-09-30 05:31:00,True,2024-09-30 07:05:00,0.5137,0.0,True,5731.864,2024-09-30 05:23:00,0.043
ES,2024-09-30,Monday,RDR,5732.879,5724.984,7.894999999999527,5735.632,5723.964,11.667999999999665,True,LONG,2024-09-30 10:45:00,5735.652,False,True,True,4.0621,2.9364,4.0621,5764.949,2024-09-30 15:57:00,3.9364,5701.801,2024-09-30 14:24:00,True,2024-09-30 11:04:00,3.9364,3.9364,True,5732.556,2024-09-30 11:09:00,0.0409
ES,2024-10-01,Tuesday,ADR,5755.239,5749.521,5.717999999999847,5755.537,5749.024,6.51299999999992,True,LONG,2024-09-30 20:45:00,5758.974,True,True,True,2.0686,0.0,2.0686,5767.067,2024-09-30 22:00:00,0.4988,5752.387,2024-10-01 01:40:00,True,2024-09-30 20:50:00,0.0,0.4988,True,5754.997,2024-10-01 01:05:00,0.0423
ES,2024-10-01,Tuesday,ODR,5758.872,5746.877,11.99499999999989,5759.037,5746.567,12.470000000000255,True,LONG,2024-10-01 06:35:00,5759.493,True,True,False,0.4816,0.0,0.4816,5764.649,2024-10-01 07:05:00,0.3997,5754.077,2024-10-01 07:40:00,False,,0.0096,,True,5758.757,2024-10-01 06:51:00,0.0096
ES,2024-10-01,Tuesday,RDR,5754.487,5693.221,61.26600000000053,5755.059,5688.611,66.44800000000032,True,SHORT,2024-10-01 11:05:00,5683.862,True,True,False,0.0,0.1983,0.1983,5681.074,2024-10-01 11:17:00,0.6067,5730.392,2024-10-01 14:32:00,False,,0.0,,True,5695.757,2024-10-01 11:27:00,0.0414
ES,2024-10-02,Wednesday,ADR,5704.032,5693.057,10.975000000000364,5704.53,5692.314,12.21599999999944,True,LONG,2024-10-01 20:40:00,5705.887,False,True,False,0.6173,0.5679,0.6173,5710.807,2024-10-01 22:05:00,1.5679,5686.824,2024-10-02 01:54:00,True,2024-10-01 21:34:00,0.3561,1.5679,True,5702.844,2024-10-01 20:51:00,0.1082
ES,2024-10-02,Wednesday,ODR,5702.796,5692.847,9.949000000000524,5704.797,5690.37,14.42699999999968,True,SHORT,2024-10-02 05:20:00,5690.233,True,True,True,0.1725,0.9023,0.9023,5683.87,2024-10-02 06:12:00,0.8867,5701.669,2024-10-02 06:53:00,True,2024-10-02 05:50:00,0.2332,0.8867,True,5694.556,2024-10-02 05:30:00,0.1718
ES,2024-10-02,Wednesday,RDR,5706.179,5673.627,32.55199999999968,5710.111,5673.082,37.02899999999954,True,LONG,2024-10-02 10:45:00,5717.309,True,True,True,0.4473,0.0,0.4473,5720.741,2024-10-02 11:45:00,0.2693,5697.413,2024-10-02 13:35:00,False,,0.1012,,True,5704.653,2024-10-02 10:52:00,0.0469
ES,2024-10-03,Thursday,ADR,5718.214,5707.356,10.858000000000175,5718.327,5704.62,13.707000000000335,True,SHORT,2024-10-02 21:05:00,5704.247,True,True,True,0.0,1.0217,1.0217,5696.262,2024-10-03 01:47:00,0.0288,5707.669,2024-10-02 21:15:00,True,2024-10-02 21:31:00,0.0288,0.0,True,5707.669,2024-10-02 21:15:00,0.0288
ES,2024-10-03,Thursday,ODR,5700.877,5678.113,22.764000000000124,5701.797,5676.119,25.677999999999884,True,LONG,2024-10-03 07:55:00,5704.127,True,True,True,0.1724,0.0,0.1724,5704.802,2024-10-03 08:01:00,0.0457,5699.837,2024-10-03 08:08:00,False,,0.0,,True,5699.837,2024-10-03 08:08:00,0.0457
ES,2024-10-03,Thursday,RDR,5717.129,5691.813,25.315999999999804,5719.147,5689.022,30.125,True,SHORT,2024-10-03 10:55:00,5687.897,True,True,False,0.0,0.6484,0.6484,5675.397,2024-10-03 13:01:00,0.8084,5712.279,2024-10-03 12:22:00,True,2024-10-03 12:54:00,0.8084,0.4665,True,5695.097,2024-10-03 11:06:00,0.1297
ES,2024-10-04,Friday,ADR,5700.329,5695.187,5.141999999999825,5701.082,5694.064,7.018000000000029,True,SHORT,2024-10-03 20:40:00,5693.814,False,True,False,2.6348,0.5325,0.29,5693.696,2024-10-03 20:45:00,3.6348,5713.877,2024-10-03 22:39:00,False,,0.0,,True,5695.747,2024-10-03 20:46:00,0.1089
ES,2024-10-04,Friday,ODR,5708.817,5695.582,13.234999999999673,5708.817,5693.814,15.002999999999702,True,LONG,2024-10-04 06:00:00,5709.823,True,False,,0.7847,0.0,0.7847,5719.202,2024-10-04 08:29:00,0.0,5709.067,2024-10-04 06:05:00,True,2024-10-04 06:37:00,0.0,0.0,False,,,
ES,2024-10-04,Friday,RDR,5744.561,5707.924,36.636999999999716,5747.826,5703.116,44.710000000000036,True,LONG,2024-10-04 15:50:00,5749.582,True,False,,0.2872,0.1749,0.2872,5755.082,2024-10-04 15:57:00,0.0,5748.684,2024-10-04 15:55:00,False,,0.0,,False,,,
ES,2024-10-07,Monday,ADR,5755.082,5746.32,8.762000000000626,5755.127,5746.079,9.048000000000684,True,LONG,2024-10-06 21:35:00,5755.323,False,True,False,0.1141,0.6281,0.1141,5756.082,2024-10-06 21:41:00,1.6281,5740.817,2024-10-07 01:34:00,False,,0.0588,,True,5754.567,2024-10-06 21:40:00,0.0588
ES,2024-10-07,Monday,ODR,5744.079,5727.567,16.511999999999716,5744.181,5726.576,17.604999999999563,True,SHORT,2024-10-07 04:55:00,5724.076,True,True,False,0.0,0.8559,0.8559,5713.434,2024-10-07 05:26:00,0.0912,5729.073,2024-10-07 08:28:00,True,2024-10-07 05:04:00,0.0,0.0912,True,5727.57,2024-10-07 08:12:00,0.0002
ES,2024-10-07,Monday,RDR,5738.464,5727.329,11.135000000000218,5739.921,5724.57,15.351000000000568,True,SHORT,2024-10-07 13:25:00,5724.081,True,False,,0.0,3.698,3.698,5686.152,2024-10-07 14:59:00,0.0,5725.647,2024-10-07 13:36:00,True,2024-10-07 13:30:00,0.0,0.0,False,,,
ES,2024-10-08,Tuesday,ADR,5704.4,5693.984,10.415999999999258,5705.143,5692.997,12.14599999999973,True,SHORT,2024-10-07 21:30:00,5692.807,True,True,False,0.1502,0.2297,0.2297,5691.591,2024-10-07 22:35:00,0.655,5700.807,2024-10-07 22:55:00,False,,0.566,,True,5694.372,2024-10-07 21:35:00,0.0373
ES,2024-10-08,Tuesday,ODR,5703.373,5689.826,13.54699999999957,5705.103,5688.354,16.748999999999796,True,LONG,2024-10-08 05:00:00,5710.733,True,False,,1.3604,0.0,1.3604,5721.802,2024-10-08 07:35:00,0.0,5708.98,2024-10-08 05:11:00,True,2024-10-08 05:05:00,0.0,0.0,False,,,
ES,2024-10-08,Tuesday,RDR,5732.616,5716.797,15.819000000000415,5733.359,5715.317,18.04200000000037,True,LONG,2024-10-08 10:40:00,5738.96,True,True,True,1.5586,0.0,1.5586,5757.272,2024-10-08 15:53:00,0.4328,5725.77,2024-10-08 13:09:00,True,2024-10-08 10:46:00,0.4328,0.4328,True,5730.967,2024-10-08 13:05:00,0.1042
ES,2024-10-09,Wednesday,ADR,5747.312,5745.349,1.962999999999738,5747.559,5744.574,2.985000000000582,True,LONG,2024-10-08 21:40:00,5747.674,False,True,False,0.4707,3.5283,0.4432,5748.182,2024-10-08 21:45:00,4.5283,5738.423,2024-10-09 01:31:00,False,,1.4376,,True,5744.49,2024-10-08 21:45:00,1.0
ES,2024-10-09,Wednesday,ODR,5737.792,5733.372,4.420000000000073,5739.337,5732.124,7.213000000000648,True,LONG,2024-10-09 04:00:00,5740.019,True,True,True,3.2113,0.0715,3.2113,5751.986,2024-10-09 06:50:00,1.0715,5733.056,2024-10-09 04:28:00,True,2024-10-09 04:05:00,1.0715,1.0715,True,5737.79,2024-10-09 04:09:00,0.0005
ES,2024-10-09,Wednesday,RDR,5760.787,5748.889,11.898000000000138,5764.194,5744.93,19.264000000000124,True,LONG,2024-10-09 10:50:00,5764.627,True,False,,3.041,0.0,3.041,5796.969,2024-10-09 15:52:00,0.0,5764.077,2024-10-09 10:55:00,True,2024-10-09 10:57:00,0.0,0.0,False,,,
ES,2024-10-10,Thursday,ODR,5787.591,5780.41,7.181000000000495,5788.854,5779.491,9.363000000000284,True,SHORT,2024-10-10 05:00:00,5779.386,False,True,False,0.1805,0.297,0.297,5778.277,2024-10-10 07:15:00,1.1805,5788.887,2024-10-10 08:10:00,False,,0.6109,,True,5780.803,2024-10-10 05:11:00,0.0547
ES,2024-10-10,Thursday,RDR,5781.602,5766.037,15.5649999999996,5785.934,5764.711,21.222999999999956,True,LONG,2024-10-10 11:55:00,5788.813,True,True,True,0.859,0.1422,0.859,5794.972,2024-10-10 12:17:00,1.1422,5763.823,2024-10-10 14:43:00,True,2024-10-10 12:00:00,0.0,1.1422,True,5778.644,2024-10-10 12:44:00,0.19
ES,2024-10-11,Friday,ADR,5791.246,5787.861,3.3850000000002183,5791.246,5787.361,3.8850000000002183,True,SHORT,2024-10-10 22:30:00,5786.876,True,True,True,0.0,2.1223,2.1223,5780.677,2024-10-11 01:27:00,0.3888,5789.177,2024-10-10 23:11:00,True,2024-10-10 22:41:00,0.3888,0.3888,True,5788.252,2024-10-10 23:09:00,0.1155
ES,2024-10-11,Friday,ODR,5780.62,5772.629,7.9909999999999854,5781.129,5771.861,9.268000000000029,True,SHORT,2024-10-11 04:45:00,5770.611,False,True,False,0.5077,0.3147,0.3147,5770.114,2024-10-11 04:51:00,1.5077,5784.677,2024-10-11 08:10:00,False,,0.0,,True,5772.752,2024-10-11 05:01:00,0.0154
ES,2024-10-11,Friday,RDR,5816.907,5778.617,38.289999999999964,5820.12,5777.367,42.7529999999997,True,LONG,2024-10-11 15:10:00,5820.883,True,True,False,0.1439,0.0,0.1439,5822.417,2024-10-11 15:15:00,0.0859,5813.617,2024-10-11 15:59:00,False,,0.0,,True,5816.897,2024-10-11 15:46:00,0.0003
ES,2024-10-14,Monday,ADR,5812.867,5808.873,3.9940000000005966,5813.623,5808.237,5.3859999999995125,True,SHORT,2024-10-13 21:00:00,5807.876,True,True,False,0.015,1.0626,1.0626,5804.629,2024-10-13 22:06:00,1.015,5812.927,2024-10-14 01:17:00,True,2024-10-13 22:01:00,0.7021,1.015,True,5808.876,2024-10-13 21:09:00,0.0008
ES,2024-10-14,Monday,ODR,5818.882,5811.864,7.018000000000029,5819.123,5810.623,8.5,True,LONG,2024-10-14 04:15:00,5819.923,True,True,True,1.5026,0.0,1.5026,5829.427,2024-10-14 06:17:00,0.2791,5816.923,2024-10-14 04:57:00,True,2024-10-14 05:36:00,0.2791,0.0,True,5818.727,2024-10-14 04:30:00,0.0221
ES,2024-10-14,Monday,RDR,5853.8,5831.297,22.50300000000061,5855.497,5827.876,27.621000000000095,True,LONG,2024-10-14 10:30:00,5856.387,True,True,True,0.8212,0.0,0.8212,5872.279,2024-10-14 15:49:00,0.4794,5843.011,2024-10-14 11:01:00,True,2024-10-14 14:42:00,0.4794,0.0,True,5852.946,2024-10-14 10:48:00,0.038
ES,2024-10-15,Tuesday,ADR,5866.491,5863.587,2.9039999999995416,5867.069,5863.524,3.5450000000000728,True,SHORT,2024-10-14 20:45:00,5863.161,False,True,True,0.7734,1.2469,0.9115,5860.94,2024-10-14 20:51:00,1.7734,5868.737,2024-10-14 22:03:00,True,2024-10-14 20:51:00,0.0,1.7734,True,5863.716,2024-10-14 21:03:00,0.0444
ES,2024-10-15,Tuesday,ODR,5864.602,5861.847,2.755000000000109,5864.897,5860.682,4.2150000000001455,True,SHORT,2024-10-15 04:15:00,5858.762,True,True,False,0.0,2.2468,2.2468,5855.657,2024-10-15 06:20:00,0.9074,5864.347,2024-10-15 08:21:00,True,2024-10-15 04:20:00,0.0,0.9074,True,5862.302,2024-10-15 06:33:00,0.1652
ES,2024-10-15,Tuesday,RDR,5866.077,5850.734,15.342999999999847,5867.481,5850.317,17.16399999999976,True,SHORT,2024-10-15 10:30:00,5843.254,True,False,,0.0,3.0227,3.0227,5804.356,2024-10-15 15:36:00,0.0,5846.756,2024-10-15 11:17:00,True,2024-10-15 10:35:00,0.0,0.0,False,,,
ES,2024-10-16,Wednesday,ADR,5819.186,5816.106,3.0799999999999272,5819.433,5815.369,4.064000000000306,True,LONG,2024-10-15 20:35:00,5819.936,False,True,True,1.1659,0.437,1.1659,5822.777,2024-10-16 00:11:00,1.437,5814.76,2024-10-15 21:10:00,True,2024-10-15 21:47:00,1.437,0.2166,True,5818.931,2024-10-15 20:41:00,0.0828
ES,2024-10-16,Wednesday,ODR,5819.877,5810.886,8.990999999999985,5820.304,5810.129,10.175000000000182,True,LONG,2024-10-16 07:05:00,5820.987,True,True,True,0.3786,0.0,0.3786,5823.281,2024-10-16 07:58:00,0.1182,5818.814,2024-10-16 08:21:00,False,,0.0371,,True,5819.814,2024-10-16 07:41:00,0.007
ES,2024-10-16,Wednesday,RDR,5827.01,5809.477,17.533000000000357,5830.221,5808.159,22.061999999999898,True,LONG,2024-10-16 12:50:00,5830.471,True,False,,1.1209,0.0,1.1209,5846.662,2024-10-16 14:31:00,0.0,5827.681,2024-10-16 13:20:00,True,2024-10-16 14:01:00,0.0,0.0,False,,,
ES,2024-10-17,Thursday,ADR,5835.456,5829.776,5.680000000000291,5835.691,5827.754,7.936999999999898,True,LONG,2024-10-17 01:35:00,5835.842,True,True,False,0.1613,0.6486,0.1613,5836.372,2024-10-17 01:58:00,0.1926,5834.362,2024-10-17 01:41:00,False,,0.1926,,True,5834.831,2024-10-17 01:40:00,0.11
ES,2024-10-17,Thursday,ODR,5854.224,5846.041,8.182999999999993,5854.239,5845.8,8.438999999999396,True,LONG,2024-10-17 04:00:00,5854.992,True,True,True,2.2129,0.0,2.2129,5872.332,2024-10-17 08:16:00,0.2718,5852.0,2024-10-17 04:07:00,True,2024-10-17 04:28:00,0.2718,0.0,True,5853.851,2024-10-17 04:06:00,0.0456
ES,2024-10-17,Thursday,RDR,5878.384,5850.343,28.041000000000167,5879.629,5847.611,32.01800000000003,True,SHORT,2024-10-17 11:00:00,5842.991,True,True,True,0.0,0.3592,0.3592,5840.271,2024-10-17 15:52:00,0.6613,5868.886,2024-10-17 12:02:00,False,,0.6613,,True,5851.662,2024-10-17 11:08:00,0.047
ES,2024-10-18,Friday,ADR,5849.632,5836.879,12.752999999999702,5849.632,5834.629,15.002999999999702,False,,,,,,,0.0,0.2511,,,,,,,False,,,,False,,,
ES,2024-10-18,Friday,ODR,5854.427,5846.927,7.5,5854.427,5846.111,8.315999999999804,True,LONG,2024-10-18 04:00:00,5854.879,True,True,True,0.508,0.0,0.508,5858.237,2024-10-18 07:51:00,0.6755,5849.361,2024-10-18 06:10:00,True,2024-10-18 07:51:00,0.6755,0.1084,True,5854.364,2024-10-18 04:25:00,0.0084
ES,2024-10-18,Friday,RDR,5858.62,5843.864,14.756000000000313,5860.376,5843.864,16.512000000000626,True,LONG,2024-10-18 11:25:00,5861.174,True,True,True,0.9306,0.0,0.9306,5872.352,2024-10-18 14:26:00,0.2085,5855.543,2024-10-18 12:02:00,True,2024-10-18 12:50:00,0.2085,0.1338,True,5857.997,2024-10-18 11:35:00,0.0422
ES,2024-10-21,Monday,ODR,5863.623,5858.49,5.132999999999811,5864.002,5857.626,6.376000000000204,True,SHORT,2024-10-21 05:20:00,5856.811,True,False,,0.0,3.4442,3.4442,5840.811,2024-10-21 07:30:00,0.0,5858.431,2024-10-21 05:46:00,True,2024-10-21 05:28:00,0.0,0.0,False,,,
ES,2024-10-21,Monday,RDR,5864.377,5856.579,7.798000000000684,5866.07,5855.073,10.996999999999389,True,SHORT,2024-10-21 10:30:00,5853.564,True,False,,0.0,4.2899,4.2899,5823.126,2024-10-21 11:30:00,0.0,5855.62,2024-10-21 15:59:00,True,2024-10-21 10:36:00,0.0,0.0,False,,,
ES,2024-10-22,Tuesday,ADR,5854.502,5848.734,5.768000000000029,5854.677,5847.361,7.3159999999998035,True,SHORT,2024-10-21 20:55:00,5846.12,True,False,,0.0,1.5368,1.5368,5839.87,2024-10-22 01:02:00,0.0,5848.382,2024-10-21 22:20:00,True,2024-10-21 21:03:00,0.0,0.0,False,,,
ES,2024-10-22,Tuesday,ODR,5846.129,5841.12,5.0090000000000146,5846.382,5839.614,6.768000000000029,True,SHORT,2024-10-22 04:30:00,5835.677,True,False,,0.0,3.6934,3.6934,5822.62,2024-10-22 05:48:00,0.0,5840.614,2024-10-22 04:49:00,True,2024-10-22 04:35:00,0.0,0.0,False,,,
ES,2024-10-22,Tuesday,RDR,5838.917,5826.484,12.432999999999993,5840.364,5821.382,18.98199999999997,True,LONG,2024-10-22 11:30:00,5841.186,True,True,True,1.9681,0.0,1.9681,5863.387,2024-10-22 14:03:00,0.4062,5833.867,2024-10-22 12:26:00,True,2024-10-22 13:02:00,0.4062,0.0,True,5838.627,2024-10-22 11:48:00,0.0233
ES,2024-10-23,Wednesday,ADR,5849.441,5845.356,4.085000000000036,5849.832,5845.109,4.722999999999956,True,SHORT,2024-10-22 20:40:00,5844.372,True,True,False,0.0,0.8494,0.8494,5841.886,2024-10-22 21:01:00,0.9016,5849.039,2024-10-22 23:04:00,True,2024-10-22 20:55:00,0.0578,0.9016,True,5845.592,2024-10-22 20:50:00,0.0578
ES,2024-10-23,Wednesday,ODR,5851.537,5844.993,6.543999999999869,5853.029,5844.014,9.015000000000327,True,SHORT,2024-10-23 04:45:00,5842.594,True,True,True,0.0,1.4707,1.4707,5835.369,2024-10-23 06:54:00,0.0546,5845.35,2024-10-23 05:17:00,True,2024-10-23 05:15:00,0.0546,0.0546,True,5845.341,2024-10-23 05:16:00,0.0532
ES,2024-10-23,Wednesday,RDR,5833.192,5820.25,12.942000000000007,5834.367,5818.807,15.5600000000004,True,SHORT,2024-10-23 11:10:00,5811.04,True,False,,0.1143,4.5121,4.5121,5761.854,2024-10-23 14:19:00,0.0,5816.65,2024-10-23 11:59:00,True,2024-10-23 11:15:00,0.0,0.0,False,,,
ES,2024-10-24,Thursday,ADR,5803.069,5800.063,3.006000000000313,5803.822,5799.586,4.235999999999876,True,LONG,2024-10-23 20:30:00,5804.329,True,False,,3.7824,0.0,3.7824,5814.439,2024-10-23 23:28:00,0.0,5804.32,2024-10-23 20:35:00,True,2024-10-23 20:36:00,0.0,0.0,False,,,
ES,2024-10-24,Thursday,ODR,5822.98,5810.619,12.360999999999876,5823.94,5809.727,14.212999999999738,True,LONG,2024-10-24 04:05:00,5823.997,True,True,True,0.5183,0.0,0.5183,5829.387,2024-10-24 07:57:00,0.3211,5819.011,2024-10-24 04:54:00,True,2024-10-24 07:10:00,0.3211,0.0,True,5822.502,2024-10-24 04:46:00,0.0387
ES,2024-10-24,Thursday,RDR,5817.927,5805.649,12.277999999999338,5818.677,5804.197,14.479999999999563,True,SHORT,2024-10-24 11:35:00,5800.463,True,True,False,0.0,1.7573,1.7573,5784.073,2024-10-24 12:13:00,0.9079,5816.796,2024-10-24 15:32:00,True,2024-10-24 11:40:00,0.0,0.9079,True,5807.697,2024-10-24 12:49:00,0.1668
ES,2024-10-25,Friday,ADR,5813.861,5810.62,3.2409999999999854,5814.677,5809.879,4.7979999999997744,True,LONG,2024-10-24 20:50:00,5815.129,False,True,False,1.316,1.0818,1.316,5818.126,2024-10-24 21:19:00,2.0818,5807.114,2024-10-25 01:11:00,True,2024-10-24 20:56:00,0.0,2.0818,True,5813.623,2024-10-24 22:00:00,0.0734
ES,2024-10-25,Friday,ODR,5823.364,5812.237,11.126999999999498,5823.382,5811.364,12.018000000000029,True,LONG,2024-10-25 05:10:00,5825.114,True,True,True,0.7412,0.0,0.7412,5831.611,2024-10-25 08:09:00,0.2231,5820.882,2024-10-25 07:06:00,True,2024-10-25 07:45:00,0.2231,0.0,True,5822.626,2024-10-25 07:01:00,0.0663
ES,2024-10-25,Friday,RDR,5862.677,5833.177,29.5,5863.427,5833.177,30.25,True,SHORT,2024-10-25 13:10:00,5831.522,True,False,,0.0,1.1558,1.1558,5799.081,2024-10-25 14:10:00,0.0,5831.504,2024-10-25 13:15:00,True,2024-10-25 13:34:00,0.0,0.0,False,,,
ES,2024-10-28,Monday,ADR,5842.879,5837.882,4.997000000000298,5844.677,5837.361,7.3159999999998035,True,SHORT,2024-10-27 21:25:00,5837.123,True,True,True,0.0096,1.1803,1.1803,5831.984,2024-10-28 01:09:00,1.0096,5842.927,2024-10-28 00:00:00,True,2024-10-27 22:38:00,1.0096,1.0096,True,5838.367,2024-10-27 21:33:00,0.0971
ES,2024-10-28,Monday,ODR,5845.373,5834.614,10.759000000000015,5846.382,5834.114,12.268000000000029,True,LONG,2024-10-28 05:00:00,5846.87,False,True,False,0.2324,0.626,0.1618,5847.114,2024-10-28 05:05:00,1.626,5827.879,2024-10-28 07:07:00,False,,0.0,,True,5844.361,2024-10-28 05:06:00,0.0941
ES,2024-10-28,Monday,RDR,5841.436,5833.05,8.385999999999513,5842.912,5830.071,12.84100000000035,True,SHORT,2024-10-28 10:30:00,5829.771,True,True,True,0.0,1.1717,1.1717,5823.224,2024-10-28 14:55:00,0.3574,5836.047,2024-10-28 13:09:00,True,2024-10-28 10:35:00,0.3574,0.3574,True,5834.499,2024-10-28 11:21:00,0.1728
ES,2024-10-29,Tuesday,ADR,5825.753,5821.599,4.153999999999542,5826.766,5820.59,6.175999999999476,True,SHORT,2024-10-28 22:45:00,5820.44,False,True,False,1.2865,1.7128,1.7128,5814.484,2024-10-28 22:58:00,2.2865,5831.097,2024-10-29 01:52:00,True,2024-10-28 22:52:00,0.0,2.2865,True,5821.762,2024-10-29 00:01:00,0.0392
ES,2024-10-29,Tuesday,ODR,5832.499,5820.853,11.64599999999973,5833.48,5818.844,14.635999999999513,True,SHORT,2024-10-29 06:15:00,5818.807,True,True,True,0.0,0.7519,0.7519,5812.096,2024-10-29 07:11:00,0.2479,5823.74,2024-10-29 06:46:00,True,2024-10-29 07:10:00,0.2479,0.0,True,5821.762,2024-10-29 06:41:00,0.0781
ES,2024-10-29,Tuesday,RDR,5833.207,5822.932,10.275000000000546,5834.216,5822.294,11.92200000000048,True,LONG,2024-10-29 11:10:00,5835.632,True,True,True,1.4079,0.0,1.4079,5847.673,2024-10-29 15:14:00,0.676,5826.261,2024-10-29 11:36:00,True,2024-10-29 11:52:00,0.676,0.1388,True,5833.153,2024-10-29 11:21:00,0.0053
ES,2024-10-30,Wednesday,ADR,5854.737,5852.497,2.2399999999997817,5855.823,5851.772,4.051000000000386,True,LONG,2024-10-29 20:35:00,5856.571,False,True,False,1.0714,5.6754,1.0714,5857.137,2024-10-29 20:57:00,6.6754,5839.784,2024-10-30 00:50:00,True,2024-10-29 20:40:00,0.0,6.6754,True,5854.593,2024-10-29 21:03:00,0.0643
ES,2024-10-30,Wednesday,ODR,5850.822,5845.05,5.7719999999999345,5851.297,5843.319,7.977999999999156,True,SHORT,2024-10-30 05:45:00,5841.016,True,False,,0.0,3.2514,3.2514,5826.283,2024-10-30 08:07:00,0.0,5844.416,2024-10-30 06:18:00,True,2024-10-30 05:50:00,0.0,0.0,False,,,
ES,2024-10-30,Wednesday,RDR,5846.32,5835.122,11.19799999999941,5847.474,5833.86,13.614000000000487,True,LONG,2024-10-30 10:40:00,5849.144,False,True,False,0.4348,2.6031,0.4348,5851.189,2024-10-30 10:51:00,3.6031,5805.972,2024-10-30 15:00:00,False,,0.0,,True,5845.994,2024-10-30 11:09:00,0.0291
ES,2024-10-31,Thursday,ADR,5802.573,5796.827,5.746000000000095,5803.102,5795.86,7.242000000000189,True,SHORT,2024-10-30 21:20:00,5794.919,True,True,True,0.0,2.9666,2.9666,5779.781,2024-10-31 01:58:00,0.1532,5797.707,2024-10-30 21:34:00,True,2024-10-30 22:07:00,0.1532,0.0,True,5797.269,2024-10-30 21:31:00,0.0769
ES,2024-10-31,Thursday,ODR,5773.217,5768.49,4.726999999999862,5774.206,5766.754,7.4520000000002256,True,LONG,2024-10-31 05:50:00,5774.281,True,True,False,2.5773,0.2706,2.5773,5785.4,2024-10-31 07:29:00,0.4536,5771.073,2024-10-31 08:29:00,True,2024-10-31 06:00:00,0.0,0.4536,True,5771.073,2024-10-31 08:29:00,0.4536
ES,2024-10-31,Thursday,RDR,5737.777,5720.322,17.454999999999927,5742.327,5719.294,23.033000000000357,True,SHORT,2024-10-31 10:50:00,5718.297,True,True,True,0.0,1.0831,1.0831,5701.417,2024-10-31 14:59:00,0.9398,5736.727,2024-10-31 12:10:00,True,2024-10-31 14:59:00,0.9398,0.0109,True,5722.49,2024-10-31 10:56:00,0.1242
ES,2024-11-01,Friday,ADR,5713.277,5711.461,1.8159999999998035,5714.226,5710.211,4.014999999999418,True,SHORT,2024-10-31 20:30:00,5709.232,False,True,False,5.3442,5.8833,5.8833,5700.777,2024-10-31 21:14:00,6.3442,5722.982,2024-11-01 00:46:00,True,2024-10-31 20:35:00,0.0116,6.3442,True,5711.482,2024-10-31 20:39:00,0.0116
ES,2024-11-01,Friday,ODR,5724.867,5718.617,6.25,5726.002,5717.632,8.3700000000008,True,LONG,2024-11-01 05:00:00,5726.382,True,True,True,2.2096,0.0,2.2096,5738.677,2024-11-01 07:42:00,0.0998,5724.243,2024-11-01 07:30:00,True,2024-11-01 05:26:00,0.0998,0.0998,True,5724.243,2024-11-01 07:30:00,0.0998
ES,2024-11-01,Friday,RDR,5772.477,5751.631,20.84599999999955,5772.989,5745.753,27.235999999999876,True,SHORT,2024-11-01 12:05:00,5741.626,True,True,True,0.0,1.3465,1.3465,5723.561,2024-11-01 14:54:00,0.209,5755.987,2024-11-01 12:24:00,True,2024-11-01 12:10:00,0.209,0.209,True,5752.482,2024-11-01 12:21:00,0.0408
ES,2024-11-04,Monday,ADR,5724.876,5716.87,8.006000000000313,5725.927,5716.367,9.55999999999949,True,LONG,2024-11-03 20:30:00,5727.12,True,False,,2.8104,0.0,2.8104,5747.376,2024-11-04 01:46:00,0.0,5725.611,2024-11-03 20:39:00,True,2024-11-03 20:49:00,0.0,0.0,False,,,
ES,2024-11-04,Monday,ODR,5739.111,5730.623,8.488000000000284,5741.379,5728.861,12.518000000000029,True,LONG,2024-11-04 05:30:00,5743.37,False,True,False,0.7385,0.4709,0.7385,5745.379,2024-11-04 05:39:00,1.4709,5726.626,2024-11-04 07:42:00,True,2024-11-04 05:35:00,0.0,1.4709,True,5738.864,2024-11-04 06:22:00,0.0291
ES,2024-11-04,Monday,RDR,5740.526,5715.129,25.396999999999935,5741.754,5709.617,32.136999999999716,True,SHORT,2024-11-04 11:45:00,5705.447,True,True,True,0.0,0.772,0.772,5695.523,2024-11-04 12:09:00,0.5409,5728.866,2024-11-04 13:46:00,True,2024-11-04 11:57:00,0.0,0.5409,True,5716.237,2024-11-04 12:26:00,0.0436
ES,2024-11-05,Tuesday,ADR,5712.794,5706.716,6.07799999999952,5714.043,5705.847,8.195999999999913,True,LONG,2024-11-04 20:45:00,5717.023,True,False,,1.4687,0.143,1.4687,5721.721,2024-11-05 01:44:00,0.0,5712.856,2024-11-04 21:14:00,True,2024-11-04 20:50:00,0.0,0.0,False,,,
ES,2024-11-05,Tuesday,ODR,5725.047,5715.721,9.326000000000022,5725.176,5714.724,10.452000000000226,True,LONG,2024-11-05 04:05:00,5727.291,True,True,True,0.5265,0.0,0.5265,5729.957,2024-11-05 06:48:00,0.763,5717.931,2024-11-05 05:18:00,True,2024-11-05 06:47:00,0.763,0.553,True,5724.202,2024-11-05 04:31:00,0.0906
ES,2024-11-05,Tuesday,RDR,5764.602,5724.594,40.00799999999981,5764.84,5722.496,42.34400000000005,True,LONG,2024-11-05 10:40:00,5765.762,True,True,True,0.4845,0.0,0.4845,5783.987,2024-11-05 15:59:00,0.3057,5752.371,2024-11-05 11:01:00,False,,0.3057,,True,5762.857,2024-11-05 10:45:00,0.0436
ES,2024-11-06,Wednesday,ADR,5819.182,5807.426,11.755999999999403,5820.432,5806.667,13.764999999999418,True,LONG,2024-11-05 21:05:00,5824.923,True,False,,5.1668,0.0643,5.1668,5879.923,2024-11-06 01:55:00,0.0,5824.031,2024-11-05 21:10:00,True,2024-11-05 21:10:00,0.0,0.0,False,,,
ES,2024-11-06,Wednesday,ODR,5918.914,5886.664,32.25,5924.227,5885.42,38.80699999999979,False,,,,,,,0.1072,0.0,,,,,,,False,,,,False,,,
ES,2024-11-06,Wednesday,RDR,5910.132,5875.352,34.779999999999745,5912.126,5869.962,42.16399999999976,True,LONG,2024-11-06 13:00:00,5912.313,True,False,,0.7507,0.0,0.7507,5936.242,2024-11-06 15:49:00,0.0,5910.583,2024-11-06 13:06:00,True,2024-11-06 15:11:00,0.0,0.0,False,,,
ES,2024-11-07,Thursday,ADR,5925.351,5921.36,3.9909999999999854,5925.843,5920.851,4.992000000000189,True,LONG,2024-11-06 20:30:00,5928.346,True,False,,4.006,0.0,4.006,5941.339,2024-11-07 01:27:00,0.0,5927.174,2024-11-06 21:13:00,True,2024-11-06 20:35:00,0.0,0.0,False,,,
ES,2024-11-07,Thursday,ODR,5942.401,5931.637,10.764000000000124,5942.717,5931.197,11.519999999999527,True,LONG,2024-11-07 07:00:00,5943.177,True,True,True,0.4442,0.0,0.4442,5947.182,2024-11-07 08:15:00,0.297,5939.204,2024-11-07 07:51:00,False,,0.297,,True,5941.81,2024-11-07 07:08:00,0.0549
ES,2024-11-07,Thursday,RDR,5960.804,5947.714,13.090000000000146,5961.727,5946.481,15.246000000000095,True,LONG,2024-11-07 10:40:00,5963.541,True,True,True,1.7681,0.0,1.7681,5983.949,2024-11-07 15:21:00,0.3021,5956.85,2024-11-07 14:42:00,True,2024-11-07 10:49:00,0.3021,0.3021,True,5960.287,2024-11-07 11:05:00,0.0395
ES,2024-11-08,Friday,ADR,5977.12,5973.999,3.1210000000000946,5977.379,5973.367,4.011999999999716,True,SHORT,2024-11-07 21:40:00,5973.364,False,True,False,1.1234,0.5181,0.5181,5972.382,2024-11-07 21:57:00,2.1234,5980.626,2024-11-08 00:49:00,True,2024-11-07 21:57:00,0.2019,2.1234,True,5974.126,2024-11-07 21:46:00,0.0407
ES,2024-11-08,Friday,ODR,5981.126,5975.867,5.2590000000000146,5981.132,5973.611,7.520999999999731,True,SHORT,2024-11-08 05:25:00,5973.37,True,False,,0.0,2.7091,2.7091,5961.62,2024-11-08 06:07:00,0.0,5975.427,2024-11-08 08:23:00,True,2024-11-08 05:30:00,0.0,0.0,False,,,
ES,2024-11-08,Friday,RDR,5989.526,5975.99,13.536000000000058,5991.962,5975.99,15.972000000000662,True,LONG,2024-11-08 10:30:00,5992.52,True,True,True,1.7454,0.0,1.7454,6013.152,2024-11-08 14:40:00,0.072,5988.551,2024-11-08 10:40:00,True,2024-11-08 11:13:00,0.072,0.0,True,5988.657,2024-11-08 10:38:00,0.0642
ES,2024-11-11,Monday,ADR,6008.234,6003.873,4.361000000000786,6008.861,6003.617,5.243999999999687,True,LONG,2024-11-11 00:00:00,6009.114,True,True,True,0.7219,0.0,0.7219,6011.382,2024-11-11 01:55:00,0.0282,6008.111,2024-11-11 01:09:00,True,2024-11-11 00:13:00,0.0282,0.0282,True,6008.12,2024-11-11 01:06:00,0.0261
ES,2024-11-11,Monday,ODR,6017.623,6012.382,5.2409999999999854,6018.126,6012.111,6.015000000000327,True,LONG,2024-11-11 07:10:00,6019.364,True,False,,1.7649,0.0511,1.7649,6026.873,2024-11-11 07:47:00,0.0,6019.361,2024-11-11 07:16:00,True,2024-11-11 07:23:00,0.0,0.0,False,,,
ES,2024-11-11,Monday,RDR,6016.611,6005.512,11.09900000000016,6018.873,6001.719,17.15399999999954,True,SHORT,2024-11-11 12:45:00,6000.421,True,True,True,0.0,1.7308,1.7308,5986.302,2024-11-11 13:22:00,0.0236,6005.774,2024-11-11 15:59:00,True,2024-11-11 12:50:00,0.0,0.0236,True,6005.774,2024-11-11 15:59:00,0.0236
ES,2024-11-12,Tuesday,ADR,6002.414,5994.969,7.444999999999709,6002.692,5994.219,8.472999999999956,True,LONG,2024-11-11 20:35:00,6002.706,False,True,False,0.2051,0.157,0.2051,6003.941,2024-11-11 20:46:00,1.157,5993.8,2024-11-11 21:53:00,False,,0.1612,,True,6002.232,2024-11-11 20:40:00,0.0244
ES,2024-11-12,Tuesday,ODR,6001.842,5994.794,7.0479999999997744,6003.317,5994.791,8.52599999999984,True,SHORT,2024-11-12 04:45:00,5993.517,True,True,False,0.0,1.5106,1.5106,5984.147,2024-11-12 05:26:00,0.7797,6000.289,2024-11-12 08:23:00,True,2024-11-12 05:03:00,0.0685,0.7797,True,5995.277,2024-11-12 04:53:00,0.0685
ES,2024-11-12,Tuesday,RDR,6006.313,5995.736,10.577000000000226,6008.507,5994.361,14.14599999999973,True,SHORT,2024-11-12 10:40:00,5991.343,True,True,True,0.0,3.3965,3.3965,5959.811,2024-11-12 13:01:00,0.4151,6000.126,2024-11-12 14:43:00,True,2024-11-12 10:54:00,0.0,0.4151,True,5995.857,2024-11-12 14:21:00,0.0114
ES,2024-11-13,Wednesday,ADR,5979.949,5976.8,3.1489999999994325,5980.117,5976.311,3.8060000000004948,True,SHORT,2024-11-12 21:30:00,5975.892,False,True,True,0.4662,3.4071,3.4071,5966.071,2024-11-13 01:35:00,1.4662,5981.417,2024-11-12 22:30:00,True,2024-11-12 23:12:00,1.4662,0.2023,True,5976.927,2024-11-12 21:37:00,0.0403
ES,2024-11-13,Wednesday,ODR,5979.51,5969.232,10.278000000000247,5980.019,5969.027,10.99200000000019,True,LONG,2024-11-13 04:20:00,5980.116,True,True,False,0.3499,0.0443,0.3499,5983.106,2024-11-13 05:00:00,1.0443,5968.777,2024-11-13 07:01:00,False,,0.0155,,True,5979.351,2024-11-13 04:28:00,0.0155
ES,2024-11-13,Wednesday,RDR,5993.003,5975.623,17.38000000000011,5993.262,5965.383,27.878999999999905,True,LONG,2024-11-13 11:25:00,5995.001,True,True,False,0.8472,0.0,0.8472,6007.727,2024-11-13 13:03:00,0.715,5980.576,2024-11-13 15:56:00,True,2024-11-13 12:09:00,0.3099,0.715,True,5992.834,2024-11-13 11:33:00,0.0097
ES,2024-11-14,Thursday,ADR,5989.626,5985.147,4.479000000000269,5990.537,5985.131,5.405999999999949,True,SHORT,2024-11-13 20:55:00,5984.647,True,True,True,0.0,1.7223,1.7223,5977.433,2024-11-14 01:59:00,0.4153,5987.007,2024-11-13 23:20:00,True,2024-11-13 21:12:00,0.4153,0.4153,True,5985.204,2024-11-13 23:14:00,0.0127
ES,2024-11-14,Thursday,ODR,5992.989,5985.597,7.391999999999825,5994.953,5984.721,10.23200000000088,True,LONG,2024-11-14 04:00:00,5995.714,True,True,True,0.5143,0.0,0.5143,5996.791,2024-11-14 07:00:00,0.5689,5988.784,2024-11-14 05:00:00,True,2024-11-14 07:00:00,0.5689,0.3406,True,5992.731,2024-11-14 04:15:00,0.0349
ES,2024-11-14,Thursday,RDR,5990.617,5967.107,23.51000000000022,5992.863,5967.107,25.756000000000313,True,SHORT,2024-11-14 12:10:00,5966.811,True,True,True,0.0,1.0903,1.0903,5941.473,2024-11-14 15:49:00,0.2322,5972.567,2024-11-14 14:53:00,True,2024-11-14 12:32:00,0.2322,0.2322,True,5967.127,2024-11-14 12:15:00,0.0009
ES,2024-11-15,Friday,ADR,5938.534,5930.423,8.110999999999876,5939.426,5929.161,10.265000000000327,True,SHORT,2024-11-15 01:00:00,5928.664,True,False,,0.0,1.7268,1.7268,5916.417,2024-11-15 01:29:00,0.0,5928.932,2024-11-15 01:05:00,True,2024-11-15 01:07:00,0.0,0.0,False,,,
ES,2024-11-15,Friday,ODR,5917.664,5905.281,12.38299999999981,5918.682,5905.034,13.648000000000138,True,LONG,2024-11-15 06:10:00,5919.167,True,False,,0.6872,0.0,0.6872,5926.173,2024-11-15 07:59:00,0.0,5918.417,2024-11-15 06:23:00,True,2024-11-15 07:52:00,0.0,0.0,False,,,
ES,2024-11-15,Friday,RDR,5914.332,5881.691,32.64100000000053,5916.082,5880.419,35.663000000000466,True,SHORT,2024-11-15 10:50:00,5879.089,True,True,True,0.0,0.9094,0.9094,5852.006,2024-11-15 13:58:00,0.1791,5887.537,2024-11-15 11:30:00,True,2024-11-15 12:31:00,0.1791,0.0,True,5885.683,2024-11-15 11:11:00,0.1223
ES,2024-11-18,Monday,ADR,5886.873,5880.882,5.9909999999999854,5887.376,5880.623,6.753000000000611,True,LONG,2024-11-17 23:45:00,5887.882,True,True,True,0.3903,0.0,0.3903,5889.211,2024-11-18 01:54:00,0.5445,5883.611,2024-11-18 01:08:00,False,,0.5445,,True,5886.797,2024-11-18 00:06:00,0.0127
ES,2024-11-18,Monday,ODR,5881.732,5874.346,7.386000000000422,5882.229,5872.47,9.759000000000015,True,SHORT,2024-11-18 04:15:00,5871.47,True,True,True,0.0,1.9133,1.9133,5860.214,2024-11-18 08:24:00,0.4907,5877.97,2024-11-18 05:59:00,True,2024-11-18 04:20:00,0.4907,0.4907,True,5874.647,2024-11-18 05:39:00,0.0408
ES,2024-11-18,Monday,RDR,5886.456,5866.777,19.679000000000087,5886.962,5864.961,22.001000000000204,True,LONG,2024-11-18 10:30:00,5893.28,True,True,True,1.1022,0.0,1.1022,5908.147,2024-11-18 11:44:00,0.1597,5883.314,2024-11-18 13:47:00,True,2024-11-18 10:49:00,0.0,0.1597,True,5885.747,2024-11-18 13:44:00,0.036
ES,2024-11-19,Tuesday,ADR,5896.214,5890.386,5.82799999999952,5896.352,5889.167,7.184999999999491,True,LONG,2024-11-18 21:30:00,5896.942,True,False,,2.1874,0.2069,2.1874,5908.962,2024-11-18 23:30:00,0.0,5896.43,2024-11-18 21:35:00,True,2024-11-18 21:51:00,0.0,0.0,False,,,
ES,2024-11-19,Tuesday,ODR,5905.753,5881.771,23.98199999999997,5906.427,5880.031,26.39599999999973,True,SHORT,2024-11-19 04:25:00,5865.141,True,True,True,0.0,0.9933,0.9933,5857.95,2024-11-19 04:33:00,0.0797,5883.682,2024-11-19 07:13:00,True,2024-11-19 04:30:00,0.0,0.0797,True,5882.682,2024-11-19 07:09:00,0.038
ES,2024-11-19,Tuesday,RDR,5876.979,5860.012,16.967000000000553,5877.211,5852.246,24.965000000000146,True,LONG,2024-11-19 10:30:00,5880.881,True,False,,2.7461,0.0,2.7461,5923.572,2024-11-19 13:57:00,0.0,5880.381,2024-11-19 10:35:00,True,2024-11-19 10:37:00,0.0,0.0,False,,,
ES,2024-11-20,Wednesday,ADR,5929.907,5925.399,4.507999999999811,5930.35,5924.457,5.893000000000029,True,SHORT,2024-11-19 20:30:00,5924.163,False,True,False,0.4862,1.4681,1.4681,5918.781,2024-11-19 22:50:00,1.4862,5932.099,2024-11-20 01:53:00,True,2024-11-19 20:47:00,0.5124,1.4862,True,5925.912,2024-11-19 20:35:00,0.1138
ES,2024-11-20,Wednesday,ODR,5933.159,5927.463,5.695999999999913,5934.409,5926.939,7.469999999999345,True,SHORT,2024-11-20 04:00:00,5926.701,True,True,False,0.0915,1.9989,1.9989,5916.077,2024-11-20 05:31:00,1.0915,5933.68,2024-11-20 04:13:00,True,2024-11-20 04:50:00,1.0915,0.6424,True,5927.463,2024-11-20 04:05:00,0.0
ES,2024-11-20,Wednesday,RDR,5916.009,5866.461,49.547999999999774,5917.743,5858.791,58.952000000000226,False,,,,,,,0.0903,0.0,,,,,,,False,,,,False,,,
ES,2024-11-21,Thursday,ADR,5905.52,5894.606,10.91400000000067,5906.894,5893.113,13.780999999999949,True,SHORT,2024-11-20 20:50:00,5891.207,False,True,False,0.183,0.4753,0.4753,5889.419,2024-11-20 20:58:00,1.183,5907.517,2024-11-21 00:25:00,False,,0.0,,True,5894.887,2024-11-20 21:09:00,0.0257
ES,2024-11-21,Thursday,ODR,5905.616,5892.817,12.798999999999978,5908.723,5892.067,16.65599999999995,True,SHORT,2024-11-21 04:05:00,5891.223,False,True,False,2.6585,0.7438,0.7438,5883.297,2024-11-21 04:28:00,3.6585,5939.642,2024-11-21 08:20:00,True,2024-11-21 04:24:00,0.234,3.6585,True,5893.147,2024-11-21 04:10:00,0.0258
ES,2024-11-21,Thursday,RDR,5946.144,5889.617,56.527000000000044,5947.384,5887.583,59.801000000000386,True,LONG,2024-11-21 12:40:00,5949.352,True,False,,0.2958,0.0514,0.2958,5962.862,2024-11-21 15:12:00,0.0,5947.05,2024-11-21 14:19:00,False,,0.0,,False,,,
ES,2024-11-22,Friday,ADR,5950.377,5941.937,8.44000000000051,5951.127,5941.811,9.316000000000713,True,LONG,2024-11-21 21:35:00,5951.561,False,True,False,0.7547,0.2515,0.7547,5956.747,2024-11-21 22:17:00,1.2515,5939.814,2024-11-21 22:43:00,True,2024-11-21 22:11:00,0.0945,1.2515,True,5950.329,2024-11-21 21:41:00,0.0057
ES,2024-11-22,Friday,ODR,5954.567,5946.82,7.747000000000298,5955.317,5946.073,9.243999999999687,True,SHORT,2024-11-22 04:05:00,5942.82,True,True,False,0.0,3.3554,3.3554,5920.826,2024-11-22 05:10:00,0.5237,5950.877,2024-11-22 08:22:00,True,2024-11-22 04:10:00,0.0,0.5237,True,5947.326,2024-11-22 07:55:00,0.0653
ES,2024-11-22,Friday,RDR,5970.681,5948.573,22.107999999999265,5972.573,5943.34,29.233000000000175,False,,,,,,,0.1129,0.0343,,,,,,,False,,,,False,,,
ES,2024-11-25,Monday,ADR,5994.632,5991.427,3.2049999999999272,5994.927,5991.111,3.8159999999998035,True,LONG,2024-11-24 20:35:00,5995.379,True,True,False,0.2331,0.0,0.2321,5995.376,2024-11-24 22:18:00,0.8637,5991.864,2024-11-25 01:48:00,False,,0.4718,,True,5994.611,2024-11-24 20:41:00,0.0066
ES,2024-11-25,Monday,ODR,5994.427,5992.12,2.306999999999789,5994.677,5990.861,3.8159999999998035,True,LONG,2024-11-25 04:15:00,5995.62,True,True,True,2.8609,0.111,2.8609,6001.027,2024-11-25 06:32:00,0.7642,5992.664,2024-11-25 07:27:00,True,2024-11-25 04:20:00,0.1292,0.7642,True,5994.376,2024-11-25 04:24:00,0.0221
ES,2024-11-25,Monday,RDR,6018.917,5992.007,26.910000000000764,6020.682,5987.117,33.5649999999996,True,SHORT,2024-11-25 11:35:00,5986.057,True,False,,0.0,1.0526,1.0526,5963.681,2024-11-25 12:46:00,0.0,5989.466,2024-11-25 15:56:00,True,2024-11-25 12:12:00,0.0,0.0,False,,,
ES,2024-11-26,Tuesday,ADR,5971.196,5959.412,11.78399999999965,5971.527,5956.787,14.739999999999782,True,LONG,2024-11-25 20:30:00,5972.993,True,False,,1.8025,0.0,1.8025,5992.437,2024-11-26 01:43:00,0.0,5971.984,2024-11-25 20:39:00,True,2024-11-25 20:52:00,0.0,0.0,False,,,
ES,2024-11-26,Tuesday,ODR,5984.851,5979.654,5.196999999999207,5985.502,5977.789,7.713000000000648,True,LONG,2024-11-26 04:00:00,5985.519,True,True,True,3.675,0.0,3.675,6003.95,2024-11-26 08:01:00,0.481,5982.351,2024-11-26 05:35:00,True,2024-11-26 04:05:00,0.481,0.481,True,5984.014,2024-11-26 04:08:00,0.1611
ES,2024-11-26,Tuesday,RDR,6004.967,5993.734,11.232999999999265,6007.747,5992.287,15.460000000000036,True,LONG,2024-11-26 11:35:00,6009.691,True,True,True,1.7376,0.0047,1.7376,6024.486,2024-11-26 15:50:00,0.2595,6002.052,2024-11-26 12:25:00,True,2024-11-26 12:50:00,0.2595,0.1203,True,6004.517,2024-11-26 12:04:00,0.0401
ES,2024-11-27,Wednesday,ADR,6021.957,6018.72,3.23700000000008,6022.287,6017.967,4.3200000000006185,True,LONG,2024-11-26 20:40:00,6022.747,False,True,False,1.7424,0.9765,1.7424,6027.597,2024-11-26 21:50:00,1.9765,6015.559,2024-11-26 23:50:00,True,2024-11-26 20:58:00,0.1399,1.9765,True,6021.769,2024-11-26 20:46:00,0.0581
ES,2024-11-27,Wednesday,ODR,6020.129,6009.731,10.398000000000138,6020.367,6008.632,11.735000000000582,True,SHORT,2024-11-27 04:30:00,6008.132,True,True,False,0.0,0.3481,0.3481,6006.111,2024-11-27 06:23:00,0.9145,6019.24,2024-11-27 08:21:00,False,,0.3734,,True,6009.797,2024-11-27 04:37:00,0.0063
ES,2024-11-27,Wednesday,RDR,6016.752,6004.523,12.22900000000027,6018.927,6003.347,15.579999999999927,True,SHORT,2024-11-27 10:35:00,5997.759,True,True,True,0.0,1.7136,1.7136,5983.567,2024-11-27 12:09:00,0.1999,6006.967,2024-11-27 10:44:00,True,2024-11-27 10:40:00,0.1999,0.1999,True,6004.682,2024-11-27 10:41:00,0.013
ES,2024-11-28,Thursday,ADR,6006.129,6004.677,1.4520000000002256,6006.129,6004.361,1.768000000000029,True,LONG,2024-11-27 20:40:00,6006.361,True,True,False,0.8939,0.2156,0.8939,6007.427,2024-11-27 23:39:00,1.2114,6004.37,2024-11-27 20:57:00,True,2024-11-27 21:22:00,1.2114,0.6928,True,6006.111,2024-11-27 20:45:00,0.0124
ES,2024-11-28,Thursday,ODR,6005.864,6004.126,1.7379999999993743,6005.882,6003.611,2.270999999999731,True,LONG,2024-11-28 04:05:00,6005.927,True,True,True,1.7624,0.0,1.7624,6008.927,2024-11-28 08:00:00,0.4281,6005.12,2024-11-28 06:36:00,True,2024-11-28 04:26:00,0.4281,0.4281,True,6005.367,2024-11-28 04:10:00,0.286
ES,2024-11-28,Thursday,RDR,6013.87,6008.749,5.121000000000095,6014.376,6008.749,5.6270000000004075,True,LONG,2024-11-28 10:45:00,6014.737,True,True,False,0.4505,0.0,0.4505,6016.177,2024-11-28 11:20:00,0.3435,6012.111,2024-11-28 11:42:00,False,,0.0018,,True,6013.861,2024-11-28 10:58:00,0.0018
ES,2024-11-29,Friday,ADR,6012.479,6003.464,9.015000000000327,6012.602,6003.461,9.140999999999622,True,LONG,2024-11-28 20:55:00,6014.211,True,False,,0.9151,0.0,0.9151,6020.729,2024-11-29 00:00:00,0.0,6013.961,2024-11-29 01:53:00,True,2024-11-28 21:05:00,0.0,0.0,False,,,
ES,2024-11-29,Friday,ODR,6018.093,6012.777,5.3159999999998035,6018.527,6012.464,6.063000000000102,True,LONG,2024-11-29 04:20:00,6018.961,False,True,False,0.4494,0.3382,0.4494,6020.482,2024-11-29 05:23:00,1.3382,6010.979,2024-11-29 08:29:00,False,,0.0952,,True,6017.587,2024-11-29 04:33:00,0.0952
ES,2024-11-29,Friday,RDR,6027.277,6006.729,20.547999999999774,6028.723,6004.464,24.259000000000015,True,LONG,2024-11-29 10:35:00,6028.873,True,True,True,0.8201,0.0,0.8201,6044.129,2024-11-29 12:37:00,0.0913,6025.4,2024-11-29 10:50:00,True,2024-11-29 11:49:00,0.0913,0.0,True,6026.73,2024-11-29 10:45:00,0.0266
ES,2024-12-02,Monday,ADR,6030.917,6026.182,4.735000000000582,6030.977,6025.461,5.515999999999622,True,SHORT,2024-12-01 21:00:00,6025.164,True,True,True,0.0,1.4294,1.4294,6019.414,2024-12-02 01:37:00,0.0762,6026.543,2024-12-01 21:19:00,True,2024-12-01 22:51:00,0.0762,0.0623,True,6026.227,2024-12-01 21:18:00,0.0095
ES,2024-12-02,Monday,ODR,6025.764,6022.881,2.882999999999811,6025.764,6022.52,3.243999999999687,True,SHORT,2024-12-02 05:05:00,6022.511,False,True,False,3.924,0.47,0.47,6021.526,2024-12-02 05:10:00,4.924,6037.077,2024-12-02 08:18:00,False,,0.0,,True,6024.577,2024-12-02 05:14:00,0.5883
ES,2024-12-02,Monday,RDR,6043.387,6036.773,6.613999999999578,6045.77,6033.827,11.943000000000211,True,LONG,2024-12-02 11:40:00,6046.4,True,True,True,1.4847,0.221,1.4847,6053.207,2024-12-02 15:29:00,0.3477,6041.087,2024-12-02 14:23:00,True,2024-12-02 11:45:00,0.3477,0.3477,True,6042.083,2024-12-02 14:13:00,0.1972
ES,2024-12-03,Tuesday,ADR,6048.134,6045.67,2.463999999999942,6048.192,6045.661,2.530999999999949,True,LONG,2024-12-02 22:05:00,6048.504,True,True,True,1.7971,0.1822,1.7971,6052.562,2024-12-02 23:25:00,0.054,6048.001,2024-12-02 22:12:00,True,2024-12-02 22:14:00,0.054,0.0,True,6048.01,2024-12-02 22:11:00,0.0503
ES,2024-12-03,Tuesday,ODR,6051.711,6047.359,4.351999999999862,6051.979,6046.724,5.255000000000109,True,SHORT,2024-12-03 05:50:00,6046.616,True,True,False,0.0,0.9701,0.9701,6043.137,2024-12-03 06:14:00,0.9943,6051.686,2024-12-03 07:43:00,True,2024-12-03 06:03:00,0.0591,0.9943,True,6047.616,2024-12-03 05:57:00,0.0591
ES,2024-12-03,Tuesday,RDR,6045.536,6035.197,10.338999999999942,6047.526,6035.03,12.496000000000095,True,SHORT,2024-12-03 11:40:00,6034.01,False,True,False,0.5897,0.1712,0.1383,6033.767,2024-12-03 11:45:00,1.5897,6051.633,2024-12-03 14:58:00,False,,0.059,,True,6035.807,2024-12-03 11:45:00,0.059
ES,2024-12-04,Wednesday,ADR,6053.326,6050.8,2.52599999999984,6053.829,6050.784,3.0450000000000728,True,LONG,2024-12-03 21:15:00,6053.927,True,True,True,2.4707,0.0,2.4707,6059.567,2024-12-04 00:45:00,0.0618,6053.17,2024-12-03 22:30:00,True,2024-12-03 21:56:00,0.0618,0.0618,True,6053.17,2024-12-03 22:30:00,0.0618
ES,2024-12-04,Wednesday,ODR,6062.406,6057.63,4.77599999999984,6062.662,6057.371,5.291000000000167,True,LONG,2024-12-04 04:10:00,6064.903,True,True,True,1.335,0.0,1.335,6068.782,2024-12-04 07:07:00,0.2887,6061.027,2024-12-04 05:26:00,True,2024-12-04 04:15:00,0.2887,0.2887,True,6062.182,2024-12-04 04:31:00,0.0469
ES,2024-12-04,Wednesday,RDR,6070.831,6064.899,5.931999999999789,6071.981,6059.962,12.018999999999323,True,LONG,2024-12-04 10:55:00,6072.837,False,True,True,3.075,0.4349,3.075,6089.072,2024-12-04 15:50:00,1.4349,6062.319,2024-12-04 13:33:00,True,2024-12-04 11:00:00,1.4349,1.4349,True,6070.702,2024-12-04 12:21:00,0.0217
ES,2024-12-05,Thursday,ADR,6081.002,6078.242,2.7600000000002183,6081.047,6077.986,3.0609999999996944,True,LONG,2024-12-04 20:30:00,6081.484,True,True,True,1.0815,0.0,1.0815,6083.987,2024-12-05 01:01:00,0.5873,6079.381,2024-12-04 23:40:00,True,2024-12-04 20:36:00,0.5873,0.5873,True,6080.772,2024-12-04 21:02:00,0.0833
ES,2024-12-05,Thursday,ODR,6084.347,6081.533,2.813999999999396,6084.847,6080.274,4.572999999999411,True,LONG,2024-12-05 07:55:00,6085.246,True,True,False,0.4104,0.4733,0.4104,6085.502,2024-12-05 08:00:00,0.8326,6082.004,2024-12-05 08:09:00,False,,0.0323,,True,6084.256,2024-12-05 08:00:00,0.0323
ES,2024-12-05,Thursday,RDR,6090.777,6080.607,10.170000000000073,6092.042,6080.604,11.438000000000102,True,SHORT,2024-12-05 10:35:00,6078.602,False,True,True,0.3707,0.7844,0.7844,6072.63,2024-12-05 15:57:00,1.3707,6094.547,2024-12-05 12:53:00,True,2024-12-05 15:55:00,1.3707,0.0,True,6081.809,2024-12-05 10:44:00,0.1182
ES,2024-12-06,Friday,ADR,6072.764,6070.827,1.9369999999998981,6073.077,6070.523,2.5540000000000873,True,LONG,2024-12-05 20:35:00,6073.327,False,True,True,1.5565,0.5395,1.5565,6075.779,2024-12-05 21:43:00,1.5395,6069.782,2024-12-05 23:28:00,True,2024-12-05 21:27:00,1.0341,1.5395,True,6072.761,2024-12-05 20:42:00,0.0015
ES,2024-12-06,Friday,ODR,6077.276,6074.134,3.1419999999998254,6078.029,6073.273,4.756000000000313,True,SHORT,2024-12-06 04:15:00,6073.011,True,True,True,0.0,2.105,2.105,6067.52,2024-12-06 06:23:00,0.6031,6076.029,2024-12-06 04:48:00,True,2024-12-06 05:08:00,0.6031,0.4593,True,6074.532,2024-12-06 04:22:00,0.1267
ES,2024-12-06,Friday,RDR,6099.279,6083.032,16.2470000000003,6099.637,6082.773,16.863999999999578,True,SHORT,2024-12-06 12:40:00,6081.791,True,True,False,0.0,0.2115,0.2115,6079.596,2024-12-06 14:30:00,0.6275,6093.227,2024-12-06 13:21:00,False,,0.6275,,True,6083.494,2024-12-06 12:47:00,0.0284
ES,2024-12-09,Monday,ADR,6087.476,6083.22,4.255999999999403,6087.717,6082.711,5.005999999999403,True,SHORT,2024-12-08 23:30:00,6082.461,True,True,False,0.0014,0.2371,0.2371,6082.211,2024-12-08 23:42:00,0.5902,6085.732,2024-12-09 01:54:00,False,,0.0,,True,6083.277,2024-12-08 23:48:00,0.0134
ES,2024-12-09,Monday,ODR,6092.331,6090.102,2.229000000000269,6094.232,6089.47,4.761999999999716,True,SHORT,2024-12-09 04:05:00,6088.714,True,False,,0.0,5.7537,5.7537,6077.277,2024-12-09 06:39:00,0.0,6089.979,2024-12-09 04:14:00,True,2024-12-09 04:10:00,0.0,0.0,False,,,
ES,2024-12-09,Monday,RDR,6084.717,6072.337,12.3799999999992,6086.232,6070.343,15.889000000000124,True,SHORT,2024-12-09 10:35:00,6068.777,True,True,True,0.0,1.8891,1.8891,6048.95,2024-12-09 15:55:00,0.0535,6072.999,2024-12-09 10:42:00,True,2024-12-09 10:46:00,0.0535,0.0149,True,6072.999,2024-12-09 10:42:00,0.0535
ES,2024-12-10,Tuesday,ADR,6052.129,6049.144,2.9849999999996726,6052.129,6049.141,2.9880000000002838,True,SHORT,2024-12-09 20:35:00,6048.664,False,True,False,0.1675,0.2456,0.2456,6048.411,2024-12-09 20:41:00,1.1675,6052.629,2024-12-10 00:29:00,False,,0.0,,True,6049.182,2024-12-09 20:44:00,0.0127
ES,2024-12-10,Tuesday,ODR,6052.029,6049.282,2.7470000000002983,6052.409,6048.409,4.0,True,SHORT,2024-12-10 04:00:00,6048.306,False,True,False,3.2475,0.8831,0.8831,6046.856,2024-12-10 04:44:00,4.2475,6060.95,2024-12-10 07:31:00,True,2024-12-10 04:06:00,0.2002,4.2475,True,6049.307,2024-12-10 04:14:00,0.0091
ES,2024-12-10,Tuesday,RDR,6063.107,6051.08,12.027000000000044,6063.177,6050.571,12.605999999999767,True,LONG,2024-12-10 10:30:00,6063.937,False,True,False,0.1596,1.8391,0.1596,6065.027,2024-12-10 10:45:00,2.8391,6028.961,2024-12-10 15:32:00,False,,0.1808,,True,6060.933,2024-12-10 10:35:00,0.1808
ES,2024-12-11,Wednesday,ADR,6040.994,6037.852,3.1419999999998254,6041.427,6037.581,3.845999999999549,True,SHORT,2024-12-10 23:35:00,6037.569,False,True,False,0.3956,0.4141,0.4141,6036.551,2024-12-10 23:43:00,1.3956,6042.237,2024-12-11 01:59:00,False,,0.0,,True,6038.377,2024-12-10 23:53:00,0.1671
ES,2024-12-11,Wednesday,ODR,6041.54,6037.5,4.039999999999964,6042.087,6036.994,5.093000000000757,True,LONG,2024-12-11 04:05:00,6042.541,True,True,True,1.0203,0.0,1.0203,6045.662,2024-12-11 08:29:00,0.6616,6038.867,2024-12-11 05:25:00,True,2024-12-11 06:30:00,0.6616,0.4502,True,6041.303,2024-12-11 04:10:00,0.0587
ES,2024-12-11,Wednesday,RDR,6080.58,6065.369,15.21100000000024,6081.054,6062.61,18.444000000000415,True,LONG,2024-12-11 11:25:00,6083.226,True,False,,0.817,0.0,0.817,6093.007,2024-12-11 13:02:00,0.0,6081.327,2024-12-11 15:59:00,True,2024-12-11 12:03:00,0.0,0.0,False,,,
ES,2024-12-12,Thursday,ADR,6076.832,6073.812,3.0200000000004366,6077.082,6073.059,4.023000000000138,True,LONG,2024-12-12 00:45:00,6077.559,True,True,False,0.653,0.0,0.653,6078.804,2024-12-12 01:02:00,0.649,6074.872,2024-12-12 01:48:00,True,2024-12-12 01:02:00,0.0,0.649,True,6076.83,2024-12-12 01:27:00,0.0007
ES,2024-12-12,Thursday,ODR,6077.187,6073.826,3.3609999999998763,6077.196,6073.203,3.9929999999994834,True,SHORT,2024-12-12 06:10:00,6071.827,True,True,False,0.0,1.4237,1.4237,6069.041,2024-12-12 08:03:00,0.4972,6075.497,2024-12-12 08:23:00,True,2024-12-12 06:15:00,0.4627,0.4972,True,6074.084,2024-12-12 06:31:00,0.0768
ES,2024-12-12,Thursday,RDR,6074.057,6062.746,11.310999999999694,6074.72,6060.021,14.699000000000524,True,LONG,2024-12-12 10:35:00,6076.722,False,True,False,0.5017,1.002,0.5017,6079.732,2024-12-12 11:11:00,2.002,6051.412,2024-12-12 15:59:00,True,2024-12-12 11:11:00,0.2472,2.002,True,6073.981,2024-12-12 10:41:00,0.0067
ES,2024-12-13,Friday,ADR,6061.703,6057.13,4.57300000000032,6062.137,6056.994,5.143000000000029,True,SHORT,2024-12-12 20:50:00,6056.656,True,True,False,0.0,1.082,1.082,6052.182,2024-12-12 21:11:00,0.8959,6061.227,2024-12-13 01:57:00,True,2024-12-12 21:03:00,0.0715,0.8959,True,6057.159,2024-12-12 20:55:00,0.0063
ES,2024-12-13,Friday,ODR,6067.499,6061.622,5.876999999999498,6067.873,6060.989,6.8840000000000146,True,LONG,2024-12-13 04:20:00,6068.281,True,True,True,1.6195,0.0,1.6195,6077.017,2024-12-13 08:01:00,0.162,6066.547,2024-12-13 04:35:00,True,2024-12-13 04:53:00,0.162,0.0,True,6066.794,2024-12-13 04:30:00,0.12
ES,2024-12-13,Friday,RDR,6075.19,6057.59,17.599999999999454,6077.819,6056.617,21.202000000000226,True,SHORT,2024-12-13 10:35:00,6055.767,True,False,,0.0,1.2686,1.2686,6035.263,2024-12-13 13:00:00,0.0,6055.839,2024-12-13 10:40:00,True,2024-12-13 10:40:00,0.0,0.0,False,,,
ES,2024-12-16,Monday,ADR,6053.281,6050.534,2.7470000000002983,6053.537,6050.411,3.1260000000002037,True,LONG,2024-12-15 20:55:00,6053.932,False,True,False,0.8904,0.5897,0.8904,6055.727,2024-12-15 21:54:00,1.5897,6048.914,2024-12-16 00:44:00,True,2024-12-15 21:11:00,0.1281,1.5897,True,6052.929,2024-12-15 21:01:00,0.1281
ES,2024-12-16,Monday,ODR,6055.927,6053.49,2.436999999999898,6056.379,6052.617,3.7619999999997162,True,LONG,2024-12-16 04:10:00,6056.382,True,True,True,5.6237,0.4633,5.6237,6069.632,2024-12-16 08:26:00,0.1793,6055.49,2024-12-16 04:24:00,True,2024-12-16 04:35:00,0.1793,0.0,True,6055.502,2024-12-16 04:15:00,0.1744
ES,2024-12-16,Monday,RDR,6074.096,6064.749,9.346999999999753,6074.177,6059.051,15.125999999999294,True,LONG,2024-12-16 10:30:00,6076.256,True,True,True,1.1208,0.0,1.1208,6084.572,2024-12-16 15:15:00,0.7218,6067.349,2024-12-16 15:53:00,True,2024-12-16 12:40:00,0.3812,0.7218,True,6073.804,2024-12-16 10:41:00,0.0312
ES,2024-12-17,Tuesday,ADR,6070.114,6065.647,4.4669999999996435,6070.132,6064.437,5.694999999999709,True,LONG,2024-12-16 20:30:00,6070.382,False,True,False,0.7459,0.8746,0.7459,6073.446,2024-12-16 23:28:00,1.8746,6061.74,2024-12-17 01:51:00,True,2024-12-16 21:03:00,0.1104,1.8746,True,6070.009,2024-12-16 20:37:00,0.0235
ES,2024-12-17,Tuesday,ODR,6057.142,6054.194,2.9479999999994106,6058.379,6053.911,4.467999999999847,True,LONG,2024-12-17 04:50:00,6059.644,False,True,False,2.3931,2.5261,2.3931,6064.197,2024-12-17 06:23:00,3.5261,6046.747,2024-12-17 08:07:00,True,2024-12-17 04:55:00,0.3524,3.5261,True,6056.527,2024-12-17 05:18:00,0.2086
ES,2024-12-17,Tuesday,RDR,6054.682,6037.661,17.02099999999973,6055.247,6037.193,18.054000000000087,True,LONG,2024-12-17 11:05:00,6056.252,False,True,False,0.1648,0.1718,0.1648,6057.487,2024-12-17 11:50:00,1.1718,6034.737,2024-12-17 15:24:00,False,,0.4252,,True,6054.504,2024-12-17 11:11:00,0.0105
ES,2024-12-18,Wednesday,ADR,6049.707,6045.911,3.7960000000002765,6049.957,6045.682,4.275000000000546,True,LONG,2024-12-17 20:30:00,6050.017,True,False,,2.3116,0.0,2.3116,6058.482,2024-12-18 01:18:00,0.0,6049.981,2024-12-17 22:33:00,True,2024-12-17 20:36:00,0.0,0.0,False,,,
ES,2024-12-18,Wednesday,ODR,6060.017,6053.904,6.112999999999374,6060.172,6053.657,6.514999999999418,True,LONG,2024-12-18 04:55:00,6060.35,True,False,,1.2923,0.0699,1.2923,6067.917,2024-12-18 07:56:00,0.0,6060.369,2024-12-18 05:00:00,True,2024-12-18 05:09:00,0.0,0.0,False,,,
ES,2024-12-18,Wednesday,RDR,6060.187,6042.987,17.199999999999818,6060.466,6039.897,20.569000000000415,True,LONG,2024-12-18 10:30:00,6063.117,False,True,False,0.613,10.4163,0.613,6070.73,2024-12-18 10:49:00,11.4163,5863.827,2024-12-18 15:59:00,True,2024-12-18 10:47:00,0.0,11.4163,True,6060.071,2024-12-18 11:13:00,0.0067
ES,2024-12-19,Thursday,ADR,5885.852,5875.267,10.585000000000036,5885.897,5874.657,11.239999999999782,True,SHORT,2024-12-18 20:30:00,5874.227,True,True,True,0.0,0.9245,0.9245,5865.481,2024-12-19 00:59:00,0.5286,5880.862,2024-12-18 21:24:00,True,2024-12-18 22:09:00,0.5286,0.3878,True,5876.019,2024-12-18 20:35:00,0.071
ES,2024-12-19,Thursday,ODR,5894.3,5884.687,9.613000000000284,5895.052,5882.931,12.121000000000095,True,LONG,2024-12-19 04:50:00,5895.082,True,True,True,2.8078,0.0,2.8078,5921.291,2024-12-19 08:03:00,0.5787,5888.737,2024-12-19 06:35:00,True,2024-12-19 05:28:00,0.5787,0.5787,True,5893.104,2024-12-19 04:56:00,0.1244
ES,2024-12-19,Thursday,RDR,5931.462,5892.327,39.13500000000022,5933.923,5892.327,41.59599999999955,True,SHORT,2024-12-19 10:30:00,5885.996,True,True,True,0.0,0.7041,0.7041,5864.773,2024-12-19 15:59:00,0.688,5919.252,2024-12-19 11:37:00,True,2024-12-19 15:36:00,0.688,0.1418,True,5892.657,2024-12-19 10:37:00,0.0084
ES,2024-12-20,Friday,ADR,5859.661,5849.67,9.990999999999985,5860.432,5847.661,12.77099999999973,True,SHORT,2024-12-19 21:00:00,5846.923,False,True,False,0.1761,1.3018,1.3018,5836.664,2024-12-19 22:47:00,1.1761,5861.42,2024-12-20 01:56:00,True,2024-12-19 21:07:00,0.0,1.1761,True,5849.929,2024-12-20 00:08:00,0.0259
ES,2024-12-20,Friday,ODR,5856.414,5827.414,29.0,5857.679,5826.179,31.5,True,SHORT,2024-12-20 04:05:00,5824.727,True,True,True,0.0,0.9134,0.9134,5800.926,2024-12-20 07:26:00,0.061,5829.182,2024-12-20 04:20:00,True,2024-12-20 07:02:00,0.061,0.0,True,5828.432,2024-12-20 04:10:00,0.0351
ES,2024-12-20,Friday,RDR,5895.017,5840.926,54.09099999999944,5896.017,5833.296,62.72099999999955,True,LONG,2024-12-20 10:30:00,5905.89,True,False,,1.6278,0.0,1.6278,5983.066,2024-12-20 12:28:00,0.0,5899.812,2024-12-20 10:35:00,True,2024-12-20 11:03:00,0.0,0.0,False,,,
ES,2024-12-23,Monday,ADR,5954.032,5946.514,7.518000000000029,5954.276,5945.773,8.502999999999702,True,LONG,2024-12-22 20:30:00,5954.282,True,True,True,1.7019,0.0,1.7019,5966.827,2024-12-23 01:20:00,0.0509,5953.649,2024-12-22 20:38:00,True,2024-12-22 20:56:00,0.0509,0.0028,True,5953.649,2024-12-22 20:38:00,0.0509
ES,2024-12-23,Monday,ODR,5960.893,5949.761,11.131999999999607,5962.27,5949.261,13.009000000000015,True,SHORT,2024-12-23 05:20:00,5947.367,True,False,,0.0,2.0339,2.0339,5927.12,2024-12-23 06:48:00,0.0,5949.177,2024-12-23 05:28:00,True,2024-12-23 05:32:00,0.0,0.0,False,,,
ES,2024-12-23,Monday,RDR,5937.62,5907.822,29.797999999999774,5943.126,5901.917,41.20899999999983,True,LONG,2024-12-23 11:45:00,5943.266,True,False,,1.3501,0.0,1.3501,5977.851,2024-12-23 15:55:00,0.0,5938.367,2024-12-23 12:18:00,True,2024-12-23 12:01:00,0.0,0.0,False,,,
ES,2024-12-24,Tuesday,ADR,5971.366,5967.65,3.7160000000003492,5971.632,5967.391,4.2409999999999854,True,LONG,2024-12-23 22:00:00,5973.402,True,True,True,0.6601,0.0,0.6601,5973.819,2024-12-24 01:47:00,0.9674,5967.771,2024-12-23 23:21:00,True,2024-12-23 22:05:00,0.9674,0.9674,True,5970.681,2024-12-23 22:08:00,0.1843
ES,2024-12-24,Tuesday,ODR,5975.187,5969.557,5.630000000000109,5975.977,5969.403,6.573999999999614,True,LONG,2024-12-24 04:00:00,5976.757,True,True,True,1.1385,0.0,1.1385,5981.597,2024-12-24 04:58:00,0.3384,5973.282,2024-12-24 06:46:00,True,2024-12-24 04:10:00,0.0,0.3384,True,5974.993,2024-12-24 06:45:00,0.0345
ES,2024-12-24,Tuesday,RDR,6007.537,5983.873,23.66400000000067,6009.204,5977.957,31.24699999999939,True,LONG,2024-12-24 10:30:00,6011.987,True,False,,1.2926,0.0,1.2926,6038.126,2024-12-24 13:00:00,0.0,6010.513,2024-12-24 10:35:00,True,2024-12-24 10:46:00,0.0,0.0,False,,,
ES,2024-12-26,Thursday,ADR,6037.361,6033.499,3.86200000000008,6037.487,6033.114,4.373000000000502,True,LONG,2024-12-25 20:35:00,6037.867,True,True,True,1.506,0.0,1.506,6043.177,2024-12-25 22:31:00,0.3884,6035.861,2024-12-25 21:08:00,True,2024-12-25 22:19:00,0.3884,0.0,True,6037.117,2024-12-25 21:03:00,0.0632
ES,2024-12-26,Thursday,ODR,6039.499,6022.99,16.509000000000015,6039.629,6021.249,18.38000000000011,True,SHORT,2024-12-26 04:00:00,6019.867,True,True,True,0.0,1.0374,1.0374,6005.864,2024-12-26 06:15:00,0.0113,6023.177,2024-12-26 04:08:00,True,2024-12-26 04:53:00,0.0113,0.0,True,6023.047,2024-12-26 04:07:00,0.0035
ES,2024-12-26,Thursday,RDR,6027.856,6004.487,23.368999999999687,6028.0,6001.367,26.63299999999981,True,LONG,2024-12-26 10:30:00,6028.603,True,True,True,0.9539,0.0,0.9539,6050.147,2024-12-26 12:18:00,0.1986,6023.214,2024-12-26 10:42:00,True,2024-12-26 11:40:00,0.1986,0.0,True,6026.767,2024-12-26 10:35:00,0.0466
ES,2024-12-27,Friday,ADR,6033.364,6029.632,3.731999999999971,6033.752,6028.427,5.325000000000728,True,SHORT,2024-12-26 22:20:00,6028.132,True,True,True,0.0,1.9435,1.9435,6022.379,2024-12-27 01:29:00,0.414,6031.177,2024-12-27 00:19:00,True,2024-12-26 22:37:00,0.414,0.414,True,6030.12,2024-12-26 22:50:00,0.1308
ES,2024-12-27,Friday,ODR,6021.927,6015.927,6.0,6023.382,6015.361,8.02099999999973,True,SHORT,2024-12-27 08:20:00,6014.499,True,False,,0.1175,0.4583,0.4583,6013.177,2024-12-27 08:25:00,0.0,6015.427,2024-12-27 08:29:00,False,,0.0,,False,,,
ES,2024-12-27,Friday,RDR,5996.973,5953.564,43.40899999999965,5999.126,5951.546,47.57999999999993,True,SHORT,2024-12-27 10:30:00,5950.434,True,True,False,0.0,0.5029,0.5029,5931.733,2024-12-27 12:38:00,0.6063,5979.882,2024-12-27 14:57:00,True,2024-12-27 12:38:00,0.4045,0.6063,True,5953.912,2024-12-27 10:35:00,0.008
ES,2024-12-30,Monday,ADR,5973.123,5965.367,7.755999999999403,5973.24,5965.231,8.009000000000015,True,SHORT,2024-12-29 22:00:00,5964.132,True,True,True,0.0,1.0311,1.0311,5957.37,2024-12-30 00:34:00,0.1619,5966.623,2024-12-29 22:42:00,True,2024-12-29 23:18:00,0.1619,0.1289,True,5965.376,2024-12-29 22:07:00,0.0012
ES,2024-12-30,Monday,ODR,5959.864,5952.927,6.936999999999898,5960.876,5950.364,10.512000000000626,True,LONG,2024-12-30 06:20:00,5961.547,False,True,False,0.3334,6.3502,0.3334,5962.177,2024-12-30 06:29:00,7.3502,5908.876,2024-12-30 07:49:00,False,,0.0,,True,5958.731,2024-12-30 06:57:00,0.1633
ES,2024-12-30,Monday,RDR,5901.523,5868.45,33.07300000000032,5901.649,5867.949,33.70000000000073,True,LONG,2024-12-30 11:15:00,5906.234,True,True,True,1.1824,0.0,1.1824,5940.63,2024-12-30 13:16:00,0.0775,5898.959,2024-12-30 11:25:00,True,2024-12-30 11:42:00,0.0775,0.0,True,5900.299,2024-12-30 11:23:00,0.037
ES,2024-12-31,Tuesday,ADR,5902.859,5895.724,7.135000000000218,5903.713,5895.113,8.599999999999454,True,LONG,2024-12-30 20:30:00,5904.724,True,True,False,1.5246,0.0,1.5246,5913.737,2024-12-30 21:33:00,0.8855,5896.541,2024-12-31 01:44:00,True,2024-12-30 20:37:00,0.0,0.8855,True,5900.98,2024-12-30 22:42:00,0.2633
ES,2024-12-31,Tuesday,ODR,5904.623,5899.002,5.620999999999185,5905.002,5897.75,7.2520000000004075,True,LONG,2024-12-31 04:05:00,5907.78,True,False,,4.7952,0.0,4.7952,5931.577,2024-12-31 07:09:00,0.0,5907.78,2024-12-31 04:10:00,True,2024-12-31 04:10:00,0.0,0.0,False,,,
ES,2024-12-31,Tuesday,RDR,5925.623,5907.349,18.273999999999432,5929.737,5905.227,24.51000000000022,True,SHORT,2024-12-31 11:00:00,5900.432,True,False,,0.0,2.1554,2.1554,5867.961,2024-12-31 14:42:00,0.0,5904.629,2024-12-31 11:10:00,True,2024-12-31 11:05:00,0.0,0.0,False,,,
GC,2024-01-02,Tuesday,ADR,2069.215,2063.345,5.870000000000346,2069.825,2062.935,6.889999999999873,True,LONG,2024-01-01 23:10:00,2070.278,True,True,True,1.2692,0.0,1.2692,2076.665,2024-01-02 01:22:00,0.075,2068.775,2024-01-01 23:56:00,True,2024-01-02 00:36:00,0.075,0.0,True,2069.178,2024-01-01 23:17:00,0.0063
GC,2024-01-02,Tuesday,ODR,2074.095,2072.545,1.5499999999997272,2074.465,2071.745,2.7200000000002547,True,LONG,2024-01-02 04:05:00,2074.855,False,True,False,3.0516,5.0,3.0516,2078.825,2024-01-02 04:48:00,6.0,2064.795,2024-01-02 08:14:00,True,2024-01-02 04:10:00,0.1548,6.0,True,2073.935,2024-01-02 04:23:00,0.1032
GC,2024-01-02,Tuesday,RDR,2070.295,2064.715,5.579999999999927,2070.595,2062.095,8.5,True,SHORT,2024-01-02 10:35:00,2057.425,True,True,True,0.0,1.5944,1.3871,2056.975,2024-01-02 10:40:00,0.5018,2067.515,2024-01-02 11:11:00,True,2024-01-02 10:40:00,0.0,0.5018,True,2064.925,2024-01-02 11:08:00,0.0376
GC,2024-01-03,Wednesday,ADR,2062.075,2060.085,1.9899999999997817,2062.135,2059.475,2.6600000000003092,True,LONG,2024-01-02 20:50:00,2062.255,True,True,True,1.8894,0.0,1.8894,2065.835,2024-01-03 00:37:00,0.3015,2061.475,2024-01-02 21:01:00,True,2024-01-02 21:05:00,0.3015,0.0,True,2062.035,2024-01-02 20:55:00,0.0201
GC,2024-01-03,Wednesday,ODR,2063.675,2059.795,3.880000000000109,2064.228,2058.805,5.423000000000229,True,SHORT,2024-01-03 04:10:00,2058.195,True,False,,0.0,4.7629,4.7629,2041.315,2024-01-03 08:27:00,0.0,2059.078,2024-01-03 04:29:00,True,2024-01-03 04:16:00,0.0,0.0,False,,,
GC,2024-01-03,Wednesday,RDR,2046.668,2034.735,11.932999999999993,2048.698,2031.665,17.0329999999999,True,SHORT,2024-01-03 12:05:00,2031.645,True,True,False,0.0,0.3536,0.3536,2030.515,2024-01-03 12:41:00,0.626,2042.205,2024-01-03 14:32:00,False,,0.0,,True,2035.015,2024-01-03 13:01:00,0.0235
GC,2024-01-04,Thursday,ADR,2043.025,2041.035,1.990000000000009,2043.215,2040.645,2.5699999999999363,True,SHORT,2024-01-03 20:35:00,2040.295,False,True,False,2.794,0.4925,0.4422,2040.155,2024-01-03 20:40:00,3.794,2048.585,2024-01-04 01:26:00,False,,0.0,,True,2041.515,2024-01-03 20:45:00,0.2412
GC,2024-01-04,Thursday,ODR,2047.675,2045.505,2.1699999999998454,2048.545,2045.345,3.2000000000000455,True,LONG,2024-01-04 04:30:00,2048.955,False,True,False,1.4654,1.4424,1.4654,2050.855,2024-01-04 04:40:00,2.4424,2042.375,2024-01-04 08:22:00,True,2024-01-04 04:35:00,0.0,2.4424,True,2047.658,2024-01-04 04:58:00,0.0078
GC,2024-01-04,Thursday,RDR,2046.825,2036.455,10.370000000000118,2047.115,2036.155,10.960000000000036,False,,,,,,,0.0771,0.0,,,,,,,False,,,,False,,,
GC,2024-01-05,Friday,ADR,2047.555,2043.905,3.650000000000091,2048.155,2043.495,4.660000000000309,True,SHORT,2024-01-05 01:20:00,2042.985,True,False,,0.0685,0.8493,0.8493,2040.805,2024-01-05 01:40:00,0.0,2043.265,2024-01-05 01:25:00,True,2024-01-05 01:29:00,0.0,0.0,False,,,
GC,2024-01-05,Friday,ODR,2044.165,2042.025,2.1399999999998727,2044.238,2041.255,2.9829999999999472,True,SHORT,2024-01-05 04:40:00,2041.145,True,False,,0.0,2.3318,2.3318,2037.035,2024-01-05 06:28:00,0.0,2041.685,2024-01-05 08:21:00,True,2024-01-05 04:46:00,0.0,0.0,False,,,
GC,2024-01-05,Friday,RDR,2063.125,2043.095,20.029999999999973,2063.838,2041.638,22.200000000000273,True,SHORT,2024-01-05 12:25:00,2041.445,True,True,False,0.0,0.1378,0.1378,2040.335,2024-01-05 12:34:00,0.3545,2050.195,2024-01-05 14:13:00,False,,0.0,,True,2043.205,2024-01-05 12:43:00,0.0055
GC,2024-01-08,Monday,ADR,2046.245,2044.715,1.5299999999999727,2046.525,2044.465,2.060000000000173,True,SHORT,2024-01-07 20:40:00,2043.645,True,False,,0.0,11.6275,11.6275,2026.925,2024-01-08 00:39:00,0.0,2044.415,2024-01-07 20:46:00,True,2024-01-07 20:45:00,0.0,0.0,False,,,
GC,2024-01-08,Monday,ODR,2031.305,2027.395,3.910000000000082,2031.645,2027.145,4.5,True,SHORT,2024-01-08 04:15:00,2027.065,True,True,True,0.0972,2.7598,2.7598,2016.604,2024-01-08 06:18:00,1.0972,2031.685,2024-01-08 04:48:00,True,2024-01-08 06:05:00,1.0972,0.0,True,2027.515,2024-01-08 04:20:00,0.0307
GC,2024-01-08,Monday,RDR,2030.255,2020.155,10.100000000000136,2030.445,2019.155,11.289999999999964,True,LONG,2024-01-08 10:30:00,2031.305,True,True,False,0.6458,0.0,0.6458,2036.778,2024-01-08 11:14:00,0.4235,2025.978,2024-01-08 15:54:00,True,2024-01-08 11:00:00,0.0218,0.4235,True,2030.035,2024-01-08 10:39:00,0.0218
GC,2024-01-09,Tuesday,ADR,2035.385,2032.475,2.910000000000082,2035.478,2032.035,3.4429999999999836,True,SHORT,2024-01-08 20:30:00,2031.985,False,True,False,0.134,0.7663,0.7663,2030.245,2024-01-09 00:42:00,1.134,2035.775,2024-01-08 21:24:00,True,2024-01-09 00:41:00,1.134,0.9003,True,2032.545,2024-01-08 20:37:00,0.0241
GC,2024-01-09,Tuesday,ODR,2035.955,2031.645,4.309999999999945,2038.078,2031.145,6.932999999999993,True,LONG,2024-01-09 05:30:00,2038.315,True,True,False,0.5738,0.0255,0.5708,2038.415,2024-01-09 05:35:00,1.0255,2031.535,2024-01-09 08:27:00,True,2024-01-09 05:35:00,0.0,1.0255,True,2035.895,2024-01-09 05:50:00,0.0139
GC,2024-01-09,Tuesday,RDR,2036.375,2032.995,3.380000000000109,2037.425,2032.838,4.586999999999989,True,SHORT,2024-01-09 10:40:00,2032.635,True,True,True,0.0,2.0651,2.0651,2026.015,2024-01-09 11:09:00,0.0385,2033.125,2024-01-09 10:47:00,True,2024-01-09 10:56:00,0.0385,0.0,True,2033.125,2024-01-09 10:47:00,0.0385
GC,2024-01-10,Wednesday,ADR,2031.025,2027.735,3.290000000000191,2031.065,2027.145,3.9200000000000728,True,LONG,2024-01-09 20:45:00,2031.815,False,True,False,0.535,1.1976,0.535,2032.785,2024-01-09 21:21:00,2.1976,2023.795,2024-01-10 01:57:00,True,2024-01-09 21:20:00,0.0608,2.1976,True,2030.825,2024-01-09 21:10:00,0.0608
GC,2024-01-10,Wednesday,ODR,2035.195,2030.925,4.269999999999982,2035.845,2030.165,5.680000000000064,True,LONG,2024-01-10 05:00:00,2038.975,True,True,False,1.1569,0.2014,1.0281,2039.585,2024-01-10 05:05:00,1.2014,2030.065,2024-01-10 08:03:00,True,2024-01-10 05:05:00,0.0,1.2014,True,2035.145,2024-01-10 05:56:00,0.0117
GC,2024-01-10,Wednesday,RDR,2031.545,2024.875,6.670000000000073,2033.475,2024.685,8.789999999999964,True,SHORT,2024-01-10 12:50:00,2023.015,True,True,True,0.0,0.6717,0.6717,2020.395,2024-01-10 14:17:00,0.0124,2024.958,2024-01-10 15:04:00,True,2024-01-10 13:25:00,0.0,0.0124,True,2024.958,2024-01-10 15:04:00,0.0124
GC,2024-01-11,Thursday,ADR,2028.138,2027.184,0.9539999999999509,2028.658,2026.955,1.7029999999999745,True,LONG,2024-01-10 20:50:00,2029.858,True,False,,7.24,0.2683,7.24,2035.045,2024-01-11 01:37:00,0.0,2028.645,2024-01-10 22:18:00,True,2024-01-10 20:55:00,0.0,0.0,False,,,
GC,2024-01-11,Thursday,ODR,2033.795,2030.718,3.076999999999998,2033.925,2030.295,3.6299999999998818,True,LONG,2024-01-11 06:55:00,2034.235,True,True,True,1.8492,0.1927,1.8492,2039.485,2024-01-11 08:24:00,0.714,2031.598,2024-01-11 07:58:00,True,2024-01-11 08:23:00,0.714,0.0552,True,2033.678,2024-01-11 07:10:00,0.038
GC,2024-01-11,Thursday,RDR,2031.845,2025.745,6.100000000000136,2034.805,2025.085,9.720000000000027,True,SHORT,2024-01-11 11:20:00,2019.155,True,True,False,0.1687,2.0525,2.0525,2013.225,2024-01-11 12:57:00,0.4475,2028.475,2024-01-11 15:53:00,True,2024-01-11 11:25:00,0.0,0.4475,True,2026.028,2024-01-11 14:50:00,0.0464
GC,2024-01-12,Friday,ADR,2032.695,2030.324,2.370999999999867,2032.955,2029.975,2.980000000000018,True,LONG,2024-01-11 20:35:00,2033.128,True,False,,1.8642,0.0,1.8642,2037.115,2024-01-12 00:57:00,0.0,2032.698,2024-01-11 23:23:00,True,2024-01-11 20:52:00,0.0,0.0,False,,,
GC,2024-01-12,Friday,ODR,2039.525,2037.275,2.25,2039.765,2036.945,2.8200000000001637,True,LONG,2024-01-12 04:25:00,2039.915,True,True,True,6.2667,0.0,6.2667,2053.625,2024-01-12 07:09:00,0.7867,2037.755,2024-01-12 04:57:00,True,2024-01-12 05:37:00,0.7867,0.0,True,2039.305,2024-01-12 04:30:00,0.0978
GC,2024-01-12,Friday,RDR,2060.945,2055.755,5.190000000000055,2062.145,2054.988,7.157000000000153,True,SHORT,2024-01-12 10:35:00,2054.035,True,False,,0.0,2.7803,2.7803,2041.325,2024-01-12 12:46:00,0.0,2055.455,2024-01-12 11:26:00,True,2024-01-12 10:42:00,0.0,0.0,False,,,
GC,2024-01-15,Monday,ADR,2049.045,2047.615,1.4300000000000637,2049.325,2047.175,2.1499999999998636,True,LONG,2024-01-14 20:35:00,2050.158,True,False,,6.2517,0.0,6.2517,2057.985,2024-01-14 22:45:00,0.0,2049.528,2024-01-14 20:40:00,True,2024-01-14 20:40:00,0.0,0.0,False,,,
GC,2024-01-15,Monday,ODR,2058.285,2054.215,4.069999999999709,2058.505,2053.785,4.720000000000255,True,SHORT,2024-01-15 04:45:00,2053.778,True,True,True,0.0,0.7248,0.7248,2051.265,2024-01-15 07:34:00,0.2211,2055.115,2024-01-15 04:59:00,True,2024-01-15 05:29:00,0.2211,0.0,True,2054.295,2024-01-15 04:54:00,0.0197
GC,2024-01-15,Monday,RDR,2052.755,2049.825,2.930000000000291,2053.155,2049.29,3.8650000000002365,True,LONG,2024-01-15 10:50:00,2053.575,True,False,,1.1819,0.0,1.1819,2056.218,2024-01-15 12:36:00,0.0,2053.078,2024-01-15 11:01:00,True,2024-01-15 11:06:00,0.0,0.0,False,,,
GC,2024-01-16,Tuesday,ADR,2052.375,2050.065,2.3099999999999454,2052.735,2049.845,2.8900000000003274,True,SHORT,2024-01-15 22:35:00,2049.345,True,True,False,0.3736,1.2035,1.2035,2047.285,2024-01-16 01:05:00,0.1861,2050.495,2024-01-16 01:56:00,True,2024-01-15 22:41:00,0.0,0.1861,True,2050.225,2024-01-16 01:53:00,0.0693
GC,2024-01-16,Tuesday,ODR,2049.295,2042.895,6.400000000000091,2050.035,2042.025,8.009999999999764,True,SHORT,2024-01-16 04:05:00,2041.565,True,False,,0.0,1.8156,1.8156,2031.275,2024-01-16 08:14:00,0.0,2042.275,2024-01-16 05:10:00,True,2024-01-16 04:11:00,0.0,0.0,False,,,
GC,2024-01-16,Tuesday,RDR,2041.185,2037.645,3.5399999999999636,2042.425,2036.815,5.6099999999999,True,SHORT,2024-01-16 11:00:00,2035.995,True,True,True,0.2062,3.8079,3.8079,2024.165,2024-01-16 13:53:00,0.7636,2040.348,2024-01-16 11:23:00,True,2024-01-16 11:05:00,0.7636,0.7636,True,2038.478,2024-01-16 11:05:00,0.2353
GC,2024-01-17,Wednesday,ADR,2028.955,2027.085,1.8699999999998909,2029.015,2026.635,2.380000000000109,True,LONG,2024-01-16 20:40:00,2030.195,False,True,False,2.0642,5.0733,2.0642,2032.815,2024-01-16 21:13:00,6.0733,2017.598,2024-01-17 01:29:00,True,2024-01-16 20:45:00,0.0,6.0733,True,2028.375,2024-01-16 21:34:00,0.3102
GC,2024-01-17,Wednesday,ODR,2025.695,2021.365,4.329999999999927,2026.498,2021.145,5.3530000000000655,True,SHORT,2024-01-17 04:00:00,2020.705,False,True,False,0.7397,0.5658,0.5658,2018.915,2024-01-17 04:13:00,1.7397,2028.898,2024-01-17 07:59:00,True,2024-01-17 04:13:00,0.0,1.7397,True,2021.615,2024-01-17 04:35:00,0.0577
GC,2024-01-17,Wednesday,RDR,2021.445,2008.765,12.679999999999836,2022.705,2008.485,14.220000000000027,True,SHORT,2024-01-17 10:30:00,2006.295,True,True,True,0.0,0.5528,0.5528,2001.755,2024-01-17 13:35:00,0.261,2012.075,2024-01-17 10:41:00,True,2024-01-17 13:20:00,0.261,0.0,True,2009.005,2024-01-17 10:37:00,0.0189
GC,2024-01-18,Thursday,ADR,2010.995,2008.425,2.5699999999999363,2011.105,2008.175,2.9300000000000637,True,LONG,2024-01-17 20:50:00,2011.565,False,True,True,0.7626,1.0584,0.7626,2012.955,2024-01-18 01:58:00,2.0584,2005.705,2024-01-18 00:15:00,True,2024-01-18 01:22:00,2.0584,0.0,True,2010.955,2024-01-17 21:08:00,0.0156
GC,2024-01-18,Thursday,ODR,2012.218,2009.595,2.6230000000000473,2012.218,2009.525,2.6929999999999836,True,SHORT,2024-01-18 04:00:00,2008.865,False,True,False,1.8822,0.5795,0.4842,2008.325,2024-01-18 04:11:00,2.8822,2017.155,2024-01-18 07:30:00,False,,0.0,,True,2009.775,2024-01-18 04:14:00,0.0686
GC,2024-01-18,Thursday,RDR,2013.775,2011.285,2.490000000000009,2014.588,2010.735,3.8530000000000655,True,LONG,2024-01-18 10:35:00,2014.675,True,True,True,3.5301,0.0,3.5301,2022.565,2024-01-18 15:54:00,0.3173,2012.985,2024-01-18 11:01:00,True,2024-01-18 11:13:00,0.3173,0.245,True,2013.665,2024-01-18 10:42:00,0.0442
GC,2024-01-19,Friday,ADR,2023.755,2022.378,1.37700000000018,2024.385,2021.915,2.4700000000000273,True,LONG,2024-01-18 20:40:00,2024.965,False,True,False,1.2491,1.4909,0.9005,2024.995,2024-01-18 20:45:00,2.4909,2020.325,2024-01-19 00:41:00,True,2024-01-18 20:45:00,0.0,2.4909,True,2023.428,2024-01-18 20:51:00,0.2375
GC,2024-01-19,Friday,ODR,2029.728,2026.355,3.3730000000000473,2030.115,2026.105,4.009999999999991,True,LONG,2024-01-19 04:05:00,2030.215,True,True,True,2.4272,0.0,2.4272,2037.915,2024-01-19 08:25:00,0.6531,2027.525,2024-01-19 04:41:00,True,2024-01-19 06:07:00,0.6531,0.3143,True,2029.665,2024-01-19 04:10:00,0.0187
GC,2024-01-19,Friday,RDR,2031.725,2023.935,7.789999999999964,2032.104,2023.035,9.06899999999996,False,,,,,,,0.0,0.0976,,,,,,,False,,,,False,,,
GC,2024-01-22,Monday,ADR,2030.995,2026.045,4.949999999999818,2032.005,2025.975,6.0300000000002,True,SHORT,2024-01-21 23:30:00,2025.955,True,True,True,0.0,1.2343,1.2343,2019.935,2024-01-22 01:16:00,0.0289,2026.188,2024-01-21 23:40:00,True,2024-01-22 00:15:00,0.0289,0.0,True,2026.165,2024-01-21 23:36:00,0.0242
GC,2024-01-22,Monday,ODR,2025.085,2020.905,4.180000000000064,2026.165,2020.335,5.829999999999927,True,LONG,2024-01-22 07:10:00,2026.175,True,True,True,1.1825,0.0981,1.1825,2030.028,2024-01-22 07:53:00,0.2218,2024.158,2024-01-22 08:20:00,True,2024-01-22 07:16:00,0.0,0.2218,True,2025.065,2024-01-22 08:16:00,0.0048
GC,2024-01-22,Monday,RDR,2026.125,2018.135,7.990000000000009,2026.378,2016.448,9.929999999999836,False,,,,,,,0.0392,0.0,,,,,,,False,,,,False,,,
GC,2024-01-23,Tuesday,ADR,2022.665,2019.915,2.75,2023.025,2019.515,3.509999999999991,True,LONG,2024-01-22 21:35:00,2023.885,True,True,True,4.7855,0.1153,4.7855,2035.825,2024-01-23 01:58:00,0.3745,2021.635,2024-01-22 22:09:00,True,2024-01-22 21:40:00,0.3745,0.3745,True,2022.405,2024-01-22 21:57:00,0.0945
GC,2024-01-23,Tuesday,ODR,2031.635,2028.855,2.7799999999999727,2031.655,2027.635,4.019999999999982,True,SHORT,2024-01-23 04:45:00,2027.515,True,True,True,0.0,2.3586,2.3586,2022.298,2024-01-23 06:27:00,0.5072,2030.265,2024-01-23 08:28:00,True,2024-01-23 04:50:00,0.0,0.5072,True,2028.855,2024-01-23 04:59:00,0.0
GC,2024-01-23,Tuesday,RDR,2025.498,2022.595,2.90300000000002,2026.448,2021.325,5.123000000000047,True,LONG,2024-01-23 11:05:00,2026.545,True,True,True,1.743,0.0103,1.743,2030.558,2024-01-23 14:39:00,1.0103,2022.565,2024-01-23 12:40:00,True,2024-01-23 11:11:00,1.0103,1.0103,True,2025.405,2024-01-23 11:16:00,0.032
GC,2024-01-24,Wednesday,ADR,2027.905,2027.125,0.7799999999999727,2028.925,2026.675,2.25,True,SHORT,2024-01-23 21:10:00,2025.295,True,True,True,1.2179,5.641,5.641,2022.725,2024-01-24 00:20:00,0.9359,2027.855,2024-01-24 01:44:00,True,2024-01-23 21:15:00,0.0,0.9359,True,2027.325,2024-01-24 01:38:00,0.2564
GC,2024-01-24,Wednesday,ODR,2031.745,2028.815,2.9299999999998363,2032.175,2028.105,4.069999999999936,True,LONG,2024-01-24 04:05:00,2032.598,True,True,True,1.4959,0.0,1.4959,2036.128,2024-01-24 08:29:00,0.8805,2029.165,2024-01-24 05:42:00,True,2024-01-24 04:11:00,0.8805,0.8805,True,2031.605,2024-01-24 04:19:00,0.0478
GC,2024-01-24,Wednesday,RDR,2032.885,2020.015,12.86999999999989,2033.175,2019.055,14.11999999999989,True,SHORT,2024-01-24 10:30:00,2018.215,True,False,,0.0,0.6923,0.6923,2011.105,2024-01-24 14:42:00,0.0,2019.715,2024-01-24 12:59:00,True,2024-01-24 11:06:00,0.0,0.0,False,,,
GC,2024-01-25,Thursday,ADR,2016.335,2014.715,1.6200000000001182,2016.635,2014.435,2.2000000000000455,True,LONG,2024-01-24 20:40:00,2016.895,True,True,False,0.5185,0.2407,0.5185,2017.175,2024-01-24 20:45:00,1.2407,2014.325,2024-01-25 01:17:00,True,2024-01-24 20:45:00,0.0,1.2407,True,2016.178,2024-01-24 20:46:00,0.0969
GC,2024-01-25,Thursday,ODR,2015.625,2012.914,2.7110000000000127,2015.858,2012.555,3.3029999999998836,True,LONG,2024-01-25 04:35:00,2016.795,True,True,True,1.4091,0.0734,1.4091,2019.445,2024-01-25 06:00:00,0.8742,2013.255,2024-01-25 07:50:00,True,2024-01-25 04:45:00,0.0,0.8742,True,2015.555,2024-01-25 07:16:00,0.0258
GC,2024-01-25,Thursday,RDR,2024.235,2019.705,4.529999999999973,2025.175,2019.315,5.8599999999999,True,SHORT,2024-01-25 10:30:00,2018.255,True,True,False,0.0,1.6093,1.6093,2012.415,2024-01-25 12:05:00,0.3974,2021.505,2024-01-25 11:05:00,True,2024-01-25 10:35:00,0.3974,0.3974,True,2019.895,2024-01-25 10:41:00,0.0419
GC,2024-01-26,Friday,ADR,2023.445,2019.398,4.0470000000000255,2024.125,2019.245,4.880000000000109,False,,,,,,,0.0964,0.0,,,,,,,False,,,,False,,,
GC,2024-01-26,Friday,ODR,2021.748,2020.305,1.4429999999999836,2022.035,2020.145,1.8900000000001,True,SHORT,2024-01-26 04:00:00,2019.935,False,True,False,1.9383,1.5246,1.5246,2018.105,2024-01-26 04:09:00,2.9383,2024.545,2024-01-26 06:33:00,True,2024-01-26 04:05:00,0.0,2.9383,True,2020.545,2024-01-26 04:31:00,0.1663
GC,2024-01-26,Friday,RDR,2021.975,2017.395,4.579999999999927,2022.535,2016.055,6.480000000000018,False,,,,,,,0.0,0.3384,,,,,,,False,,,,False,,,
GC,2024-01-29,Monday,ADR,2024.805,2019.515,5.289999999999964,2025.405,2019.195,6.210000000000036,True,LONG,2024-01-28 22:00:00,2025.865,True,True,True,0.7807,0.0,0.7807,2028.935,2024-01-29 01:59:00,0.1342,2024.095,2024-01-28 22:21:00,True,2024-01-29 01:21:00,0.1342,0.0,True,2024.725,2024-01-28 22:17:00,0.0151
GC,2024-01-29,Monday,ODR,2033.285,2031.225,2.060000000000173,2033.525,2030.875,2.650000000000091,True,SHORT,2024-01-29 04:05:00,2030.865,True,True,False,0.0,2.8481,2.8481,2025.358,2024-01-29 06:24:00,0.0388,2031.305,2024-01-29 08:29:00,True,2024-01-29 04:12:00,0.0,0.0388,True,2031.305,2024-01-29 08:29:00,0.0388
GC,2024-01-29,Monday,RDR,2032.865,2021.485,11.38000000000011,2032.865,2020.485,12.38000000000011,True,LONG,2024-01-29 15:15:00,2034.065,True,True,False,0.2004,0.0009,0.2004,2035.145,2024-01-29 15:21:00,0.1696,2030.935,2024-01-29 15:40:00,False,,0.0,,True,2032.305,2024-01-29 15:22:00,0.0492
GC,2024-01-30,Tuesday,ADR,2033.605,2030.905,2.7000000000000455,2034.025,2030.435,3.5900000000001455,True,SHORT,2024-01-29 21:00:00,2030.425,False,True,False,0.8519,0.4296,0.4296,2029.745,2024-01-29 21:28:00,1.8519,2035.905,2024-01-30 01:28:00,False,,0.0037,,True,2030.915,2024-01-29 21:25:00,0.0037
GC,2024-01-30,Tuesday,ODR,2038.928,2037.198,1.7300000000000182,2039.328,2036.888,2.4400000000000546,True,SHORT,2024-01-30 04:25:00,2036.775,True,True,True,0.0,3.4104,3.4104,2031.298,2024-01-30 06:27:00,0.5301,2038.115,2024-01-30 04:37:00,True,2024-01-30 04:49:00,0.5301,0.0272,True,2037.315,2024-01-30 04:32:00,0.0676
GC,2024-01-30,Tuesday,RDR,2047.298,2030.795,16.50299999999993,2048.135,2028.935,19.200000000000273,False,,,,,,,0.0,0.0436,,,,,,,False,,,,False,,,
GC,2024-01-31,Wednesday,ADR,2037.248,2035.795,1.4529999999999745,2037.605,2035.605,2.0,True,SHORT,2024-01-30 20:30:00,2035.285,True,False,,0.0,2.106,2.106,2032.735,2024-01-30 21:48:00,0.0,2035.745,2024-01-31 01:03:00,True,2024-01-30 20:37:00,0.0,0.0,False,,,
GC,2024-01-31,Wednesday,ODR,2039.878,2036.075,3.8029999999998836,2040.305,2036.055,4.25,False,,,,,,,0.0,0.0316,,,,,,,False,,,,False,,,
GC,2024-01-31,Wednesday,RDR,2054.735,2044.245,10.490000000000236,2055.878,2044.075,11.803000000000111,True,SHORT,2024-01-31 14:15:00,2043.825,True,True,True,0.0,1.2626,1.2626,2031.0,2024-01-31 15:07:00,0.6215,2050.765,2024-01-31 14:47:00,True,2024-01-31 15:02:00,0.6215,0.0,True,2046.005,2024-01-31 14:31:00,0.1678
GC,2024-02-01,Thursday,ADR,2041.875,2040.015,1.8599999999999,2042.575,2039.908,2.6670000000001437,True,LONG,2024-01-31 21:05:00,2044.445,True,False,,4.086,0.0054,4.086,2049.475,2024-01-31 21:15:00,0.0,2042.265,2024-02-01 01:20:00,True,2024-01-31 21:10:00,0.0,0.0,False,,,
GC,2024-02-01,Thursday,ODR,2042.745,2039.835,2.9099999999998545,2042.745,2038.885,3.8599999999999,True,SHORT,2024-02-01 05:10:00,2038.505,True,False,,0.0,3.4124,3.4124,2029.905,2024-02-01 06:10:00,0.0,2039.585,2024-02-01 05:22:00,True,2024-02-01 05:15:00,0.0,0.0,False,,,
GC,2024-02-01,Thursday,RDR,2049.178,2045.815,3.362999999999829,2050.715,2038.755,11.960000000000036,True,LONG,2024-02-01 10:40:00,2051.275,True,False,,4.8082,0.0,4.8082,2065.348,2024-02-01 11:47:00,0.0,2049.585,2024-02-01 10:50:00,True,2024-02-01 10:45:00,0.0,0.0,False,,,
GC,2024-02-02,Friday,ADR,2056.605,2052.915,3.6900000000000546,2056.845,2052.778,4.067000000000007,True,SHORT,2024-02-01 21:20:00,2052.155,True,True,False,0.0388,0.3089,0.3089,2051.775,2024-02-01 21:25:00,1.0388,2056.748,2024-02-02 01:09:00,False,,0.0,,True,2053.035,2024-02-01 21:31:00,0.0325
GC,2024-02-02,Friday,ODR,2056.595,2053.945,2.649999999999636,2056.715,2053.595,3.1200000000003456,True,SHORT,2024-02-02 04:00:00,2053.425,True,True,True,0.3585,0.897,0.897,2051.568,2024-02-02 08:29:00,1.3585,2057.545,2024-02-02 08:16:00,True,2024-02-02 04:59:00,1.3585,1.3585,True,2054.075,2024-02-02 04:09:00,0.0491
GC,2024-02-02,Friday,RDR,2035.225,2028.398,6.826999999999998,2035.955,2027.745,8.210000000000036,True,LONG,2024-02-02 11:45:00,2037.045,True,True,True,0.5039,0.0,0.5039,2038.665,2024-02-02 13:40:00,0.2032,2033.838,2024-02-02 12:15:00,True,2024-02-02 13:40:00,0.2032,0.0,True,2035.155,2024-02-02 12:12:00,0.0103
GC,2024-02-05,Monday,ADR,2036.305,2034.355,1.9500000000000455,2036.805,2033.545,3.259999999999991,True,LONG,2024-02-04 20:40:00,2037.335,False,True,False,1.2,3.9077,1.2,2038.645,2024-02-04 21:03:00,4.9077,2026.735,2024-02-05 01:36:00,True,2024-02-04 20:45:00,0.0,4.9077,True,2036.085,2024-02-04 21:20:00,0.1128
GC,2024-02-05,Monday,ODR,2027.495,2022.705,4.789999999999964,2027.585,2021.385,6.2000000000000455,True,SHORT,2024-02-05 04:30:00,2020.915,False,True,True,0.1593,1.3319,1.3319,2016.325,2024-02-05 08:28:00,1.1593,2028.258,2024-02-05 06:48:00,True,2024-02-05 08:21:00,1.1593,0.0,True,2022.855,2024-02-05 04:56:00,0.0313
GC,2024-02-05,Monday,RDR,2023.495,2017.265,6.229999999999791,2023.558,2016.735,6.823000000000093,True,SHORT,2024-02-05 10:45:00,2016.525,False,True,False,0.6372,0.2953,0.2953,2015.425,2024-02-05 10:53:00,1.6372,2027.465,2024-02-05 14:08:00,False,,0.0658,,True,2017.675,2024-02-05 10:51:00,0.0658
GC,2024-02-06,Tuesday,ADR,2028.235,2026.215,2.019999999999982,2028.505,2026.045,2.4600000000000364,True,SHORT,2024-02-05 21:05:00,2025.945,False,True,False,0.7327,1.396,1.396,2023.395,2024-02-05 22:52:00,1.7327,2029.715,2024-02-06 00:59:00,True,2024-02-05 21:14:00,0.1683,1.7327,True,2026.355,2024-02-05 21:39:00,0.0693
GC,2024-02-06,Tuesday,ODR,2026.265,2023.735,2.5300000000002,2026.595,2023.285,3.3099999999999454,True,SHORT,2024-02-06 06:00:00,2023.175,False,True,False,1.8024,0.3715,0.249,2023.105,2024-02-06 06:05:00,2.8024,2030.825,2024-02-06 08:06:00,False,,0.1186,,True,2024.035,2024-02-06 06:05:00,0.1186
GC,2024-02-06,Tuesday,RDR,2036.335,2028.245,8.090000000000146,2037.645,2026.835,10.809999999999945,True,LONG,2024-02-06 11:40:00,2037.985,True,True,False,0.3028,0.0,0.3028,2038.785,2024-02-06 11:49:00,0.5352,2032.005,2024-02-06 12:26:00,False,,0.0,,True,2035.655,2024-02-06 12:00:00,0.0841
GC,2024-02-07,Wednesday,ADR,2035.675,2034.995,0.6800000000000637,2036.055,2034.325,1.7300000000000182,True,SHORT,2024-02-06 21:45:00,2034.205,True,True,True,0.0,3.9662,3.9662,2032.298,2024-02-07 01:43:00,0.5882,2035.395,2024-02-07 00:02:00,True,2024-02-06 21:50:00,0.5882,0.5882,True,2035.135,2024-02-06 22:11:00,0.2059
GC,2024-02-07,Wednesday,ODR,2035.115,2031.905,3.2100000000000364,2035.205,2031.138,4.067000000000007,True,LONG,2024-02-07 06:30:00,2035.415,False,True,False,0.1838,0.4361,0.1838,2035.705,2024-02-07 06:35:00,1.4361,2030.505,2024-02-07 07:36:00,False,,0.0,,True,2035.085,2024-02-07 06:36:00,0.0093
GC,2024-02-07,Wednesday,RDR,2044.085,2033.795,10.289999999999964,2044.465,2032.575,11.889999999999873,False,,,,,,,0.0,0.0,,,,,,,False,,,,False,,,
GC,2024-02-08,Thursday,ADR,2037.835,2036.898,0.9370000000001255,2038.045,2036.785,1.259999999999991,True,LONG,2024-02-07 21:05:00,2038.074,False,True,False,0.8538,6.2796,0.8538,2038.635,2024-02-07 21:13:00,7.2796,2031.014,2024-02-08 00:03:00,True,2024-02-07 21:13:00,0.0,7.2796,True,2037.828,2024-02-07 21:18:00,0.0075
GC,2024-02-08,Thursday,ODR,2032.795,2029.245,3.550000000000182,2033.208,2028.835,4.373000000000047,True,LONG,2024-02-08 04:45:00,2033.585,False,True,False,1.5662,1.7408,1.5662,2038.355,2024-02-08 05:30:00,2.7408,2023.065,2024-02-08 08:02:00,True,2024-02-08 04:56:00,0.0,2.7408,True,2032.445,2024-02-08 06:13:00,0.0986
GC,2024-02-08,Thursday,RDR,2031.135,2028.078,3.0570000000000164,2033.935,2027.518,6.416999999999916,False,,,,,,,1.3216,0.1636,,,,,,,False,,,,False,,,
GC,2024-02-09,Friday,ADR,2034.498,2031.975,2.5230000000001382,2034.698,2031.785,2.913000000000011,True,LONG,2024-02-08 21:15:00,2034.765,True,True,False,0.1902,0.0,0.1902,2034.978,2024-02-08 21:28:00,0.975,2032.038,2024-02-09 00:53:00,False,,0.0452,,True,2034.408,2024-02-08 21:22:00,0.0357
GC,2024-02-09,Friday,ODR,2033.435,2031.165,2.269999999999982,2033.965,2030.425,3.5399999999999636,True,SHORT,2024-02-09 07:30:00,2030.398,True,False,,0.0264,2.5066,2.5066,2025.475,2024-02-09 08:16:00,0.0,2030.435,2024-02-09 07:35:00,True,2024-02-09 07:35:00,0.0,0.0,False,,,
GC,2024-02-09,Friday,RDR,2026.255,2022.815,3.4400000000000546,2027.115,2022.175,4.940000000000055,True,SHORT,2024-02-09 11:00:00,2021.285,True,True,False,0.0,0.7616,0.7616,2020.195,2024-02-09 11:07:00,0.9971,2026.245,2024-02-09 13:09:00,True,2024-02-09 11:05:00,0.0,0.9971,True,2023.125,2024-02-09 11:18:00,0.0901
GC,2024-02-12,Monday,ADR,2026.095,2024.115,1.9800000000000182,2026.505,2023.575,2.9300000000000637,True,SHORT,2024-02-11 20:50:00,2023.435,True,True,False,0.0,1.1919,1.1919,2021.755,2024-02-11 22:24:00,0.2778,2024.665,2024-02-12 01:34:00,True,2024-02-11 21:05:00,0.0,0.2778,True,2024.335,2024-02-12 01:27:00,0.1111
GC,2024-02-12,Monday,ODR,2026.438,2023.605,2.8330000000000837,2027.158,2023.485,3.673000000000002,True,SHORT,2024-02-12 04:05:00,2022.705,False,True,True,0.3766,1.3025,1.3025,2019.915,2024-02-12 05:20:00,1.3766,2027.505,2024-02-12 08:20:00,True,2024-02-12 04:17:00,0.0,1.3766,True,2023.645,2024-02-12 08:06:00,0.0141
GC,2024-02-12,Monday,RDR,2017.365,2013.874,3.4909999999999854,2018.525,2013.135,5.3900000000001,True,SHORT,2024-02-12 10:50:00,2012.415,False,True,False,1.1696,0.5955,0.5955,2011.795,2024-02-12 11:02:00,2.1696,2021.448,2024-02-12 13:59:00,True,2024-02-12 10:55:00,0.0,2.1696,True,2013.955,2024-02-12 11:10:00,0.0232
GC,2024-02-13,Tuesday,ADR,2020.975,2018.665,2.3099999999999454,2021.125,2018.585,2.5399999999999636,True,SHORT,2024-02-12 22:00:00,2018.338,False,True,False,1.3074,0.8139,0.8139,2016.785,2024-02-12 22:20:00,2.3074,2023.995,2024-02-13 01:55:00,True,2024-02-12 22:10:00,0.0,2.3074,True,2018.735,2024-02-12 22:51:00,0.0303
GC,2024-02-13,Tuesday,ODR,2026.075,2024.545,1.5299999999999727,2026.195,2024.405,1.7899999999999636,True,LONG,2024-02-13 04:45:00,2026.345,True,True,True,2.4314,0.0,2.4314,2029.795,2024-02-13 08:27:00,0.0588,2025.985,2024-02-13 05:27:00,True,2024-02-13 05:00:00,0.0588,0.0588,True,2026.035,2024-02-13 04:52:00,0.0261
GC,2024-02-13,Tuesday,RDR,2001.165,1990.895,10.269999999999982,2001.165,1989.985,11.180000000000064,False,,,,,,,0.0,0.0175,,,,,,,False,,,,False,,,
GC,2024-02-14,Wednesday,ADR,1993.005,1989.365,3.6400000000001,1993.155,1988.735,4.420000000000073,True,LONG,2024-02-13 21:05:00,1993.198,True,True,False,0.1401,0.0,0.1401,1993.515,2024-02-13 21:10:00,0.5797,1990.895,2024-02-14 01:48:00,False,,0.0192,,True,1992.935,2024-02-13 21:10:00,0.0192
GC,2024-02-14,Wednesday,ODR,1989.705,1987.255,2.449999999999818,1990.555,1985.945,4.610000000000127,True,LONG,2024-02-14 04:45:00,1990.645,True,True,True,1.4735,0.0,1.4735,1993.315,2024-02-14 05:59:00,0.2163,1989.175,2024-02-14 08:20:00,True,2024-02-14 04:50:00,0.0,0.2163,True,1989.535,2024-02-14 07:33:00,0.0694
GC,2024-02-14,Wednesday,RDR,1991.595,1985.625,5.970000000000027,1992.185,1984.088,8.09699999999998,True,LONG,2024-02-14 11:50:00,1993.425,True,True,False,0.742,0.0285,0.742,1996.025,2024-02-14 13:04:00,0.3451,1989.535,2024-02-14 15:31:00,True,2024-02-14 12:46:00,0.1524,0.3451,True,1991.505,2024-02-14 12:01:00,0.0151
GC,2024-02-15,Thursday,ADR,1993.845,1992.845,1.0,1994.195,1992.485,1.7100000000000364,True,SHORT,2024-02-14 20:35:00,1992.435,True,True,False,0.0,2.67,2.67,1990.175,2024-02-14 22:58:00,0.61,1993.455,2024-02-14 21:46:00,True,2024-02-14 20:41:00,0.61,0.61,True,1992.885,2024-02-14 20:49:00,0.04
GC,2024-02-15,Thursday,ODR,1995.475,1993.765,1.709999999999809,1995.935,1993.465,2.4700000000000273,True,LONG,2024-02-15 04:45:00,1996.045,True,False,,2.7719,0.0,2.7719,2000.215,2024-02-15 08:22:00,0.0,1995.615,2024-02-15 05:57:00,True,2024-02-15 04:56:00,0.0,0.0,False,,,
GC,2024-02-15,Thursday,RDR,2007.455,2002.735,4.720000000000027,2008.175,2001.965,6.210000000000036,True,SHORT,2024-02-15 10:40:00,2001.365,True,True,False,0.0,0.9258,0.9258,1998.365,2024-02-15 11:52:00,0.7712,2006.375,2024-02-15 14:11:00,True,2024-02-15 10:50:00,0.0,0.7712,True,2002.925,2024-02-15 12:35:00,0.0403
GC,2024-02-16,Friday,ADR,2003.795,2002.428,1.3669999999999618,2003.815,2002.228,1.586999999999989,True,LONG,2024-02-15 20:30:00,2003.958,True,True,False,1.2875,0.0,1.2875,2005.555,2024-02-15 20:59:00,0.8559,2002.625,2024-02-16 01:22:00,True,2024-02-15 20:36:00,0.2465,0.8559,True,2003.714,2024-02-15 20:37:00,0.0593
GC,2024-02-16,Friday,ODR,2005.465,2004.055,1.4099999999998545,2005.585,2003.755,1.8299999999999272,True,LONG,2024-02-16 04:25:00,2006.035,True,True,True,1.8298,0.0,1.8298,2008.045,2024-02-16 07:20:00,0.5957,2004.625,2024-02-16 05:02:00,True,2024-02-16 04:30:00,0.5957,0.5957,True,2005.255,2024-02-16 04:41:00,0.1489
GC,2024-02-16,Friday,RDR,2006.215,1995.915,10.299999999999955,2006.635,1995.195,11.440000000000055,True,LONG,2024-02-16 10:35:00,2007.398,True,False,,0.8621,0.0,0.8621,2015.095,2024-02-16 14:17:00,0.0,2006.845,2024-02-16 10:55:00,True,2024-02-16 12:39:00,0.0,0.0,False,,,
GC,2024-02-19,Monday,ADR,2019.975,2016.245,3.730000000000018,2020.685,2016.175,4.509999999999991,True,LONG,2024-02-18 21:35:00,2021.625,True,True,True,0.7534,0.0,0.7534,2022.785,2024-02-18 21:58:00,0.4799,2018.185,2024-02-18 23:51:00,True,2024-02-18 21:40:00,0.0,0.4799,True,2019.955,2024-02-18 22:47:00,0.0054
GC,2024-02-19,Monday,ODR,2021.085,2019.155,1.9300000000000637,2021.145,2018.895,2.25,True,SHORT,2024-02-19 05:35:00,2018.575,True,True,True,0.0,1.6839,1.6839,2015.905,2024-02-19 07:52:00,0.171,2019.485,2024-02-19 06:29:00,True,2024-02-19 05:40:00,0.171,0.171,True,2019.238,2024-02-19 06:25:00,0.043
GC,2024-02-19,Monday,RDR,2017.365,2015.985,1.3800000000001091,2017.555,2015.835,1.7200000000000273,True,SHORT,2024-02-19 10:45:00,2015.515,False,True,False,0.7754,2.029,2.029,2013.185,2024-02-19 11:03:00,1.7754,2018.435,2024-02-19 12:33:00,True,2024-02-19 10:50:00,0.0,1.7754,True,2016.045,2024-02-19 11:29:00,0.0435
GC,2024-02-20,Tuesday,ADR,2018.365,2015.085,3.2799999999999727,2018.415,2014.985,3.4300000000000637,True,LONG,2024-02-19 20:30:00,2018.695,True,True,True,0.7409,0.0,0.7409,2020.795,2024-02-20 01:54:00,0.5457,2016.575,2024-02-19 20:58:00,True,2024-02-20 01:44:00,0.5457,0.0,True,2018.265,2024-02-19 20:38:00,0.0305
GC,2024-02-20,Tuesday,ODR,2022.735,2020.835,1.8999999999998636,2022.885,2020.705,2.1800000000000637,True,LONG,2024-02-20 04:05:00,2023.358,True,False,,2.9263,0.0,2.9263,2028.295,2024-02-20 08:29:00,0.0,2022.788,2024-02-20 04:15:00,True,2024-02-20 04:27:00,0.0,0.0,False,,,
GC,2024-02-20,Tuesday,RDR,2029.385,2025.874,3.5109999999999673,2029.735,2025.315,4.419999999999845,True,SHORT,2024-02-20 14:50:00,2025.265,True,False,,0.1595,0.6861,0.6861,2023.465,2024-02-20 15:09:00,0.0,2025.455,2024-02-20 14:55:00,True,2024-02-20 15:02:00,0.0,0.0,False,,,
GC,2024-02-21,Wednesday,ADR,2025.285,2023.385,1.900000000000091,2025.475,2023.215,2.259999999999991,True,LONG,2024-02-20 20:35:00,2025.485,True,True,True,3.6368,0.0,3.6368,2032.195,2024-02-21 00:47:00,0.0263,2025.235,2024-02-20 20:56:00,True,2024-02-20 21:04:00,0.0263,0.0,True,2025.265,2024-02-20 20:55:00,0.0105
GC,2024-02-21,Wednesday,ODR,2029.035,2026.455,2.5800000000001546,2029.165,2026.105,3.0599999999999454,True,LONG,2024-02-21 05:35:00,2029.415,True,True,False,0.9457,0.2364,0.9457,2031.475,2024-02-21 08:15:00,0.6744,2027.295,2024-02-21 06:18:00,True,2024-02-21 08:05:00,0.6744,0.5659,True,2028.668,2024-02-21 05:40:00,0.1422
GC,2024-02-21,Wednesday,RDR,2029.875,2027.425,2.4500000000000455,2030.168,2026.555,3.612999999999829,True,SHORT,2024-02-21 10:50:00,2026.245,True,False,,0.0,3.0653,3.0653,2019.915,2024-02-21 14:01:00,0.0,2026.895,2024-02-21 15:08:00,True,2024-02-21 10:55:00,0.0,0.0,False,,,
GC,2024-02-22,Thursday,ADR,2027.225,2025.585,1.6399999999998727,2027.785,2025.555,2.230000000000018,True,LONG,2024-02-21 20:35:00,2027.898,True,True,True,2.0061,0.0835,2.0061,2030.515,2024-02-22 01:37:00,1.0835,2025.448,2024-02-21 23:07:00,True,2024-02-21 20:40:00,1.0835,1.0835,True,2027.108,2024-02-21 20:42:00,0.0713
GC,2024-02-22,Thursday,ODR,2033.965,2031.385,2.5799999999999272,2034.708,2031.198,3.509999999999991,True,SHORT,2024-02-22 04:20:00,2030.398,True,False,,0.0,2.531,2.531,2024.855,2024-02-22 08:24:00,0.0,2031.145,2024-02-22 05:29:00,True,2024-02-22 04:26:00,0.0,0.0,False,,,
GC,2024-02-22,Thursday,RDR,2025.225,2020.795,4.429999999999836,2026.005,2020.088,5.917000000000144,False,,,,,,,0.0,0.2799,,,,,,,False,,,,False,,,
GC,2024-02-23,Friday,ADR,2026.725,2023.375,3.349999999999909,2026.835,2022.685,4.150000000000091,True,LONG,2024-02-22 21:00:00,2027.055,False,True,False,0.1701,1.597,0.1701,2027.295,2024-02-22 21:11:00,2.597,2018.025,2024-02-23 01:34:00,False,,0.009,,True,2026.695,2024-02-22 21:08:00,0.009
GC,2024-02-23,Friday,ODR,2022.175,2018.655,3.519999999999982,2022.545,2018.315,4.230000000000018,True,SHORT,2024-02-23 04:15:00,2017.908,False,True,False,1.9744,0.767,0.767,2015.955,2024-02-23 04:53:00,2.9744,2029.125,2024-02-23 08:16:00,True,2024-02-23 04:24:00,0.0,2.9744,True,2018.655,2024-02-23 05:13:00,0.0
GC,2024-02-23,Friday,RDR,2027.735,2024.465,3.269999999999982,2028.558,2024.065,4.492999999999938,True,LONG,2024-02-23 10:50:00,2028.895,True,False,,4.1437,0.0,4.1437,2041.285,2024-02-23 13:56:00,0.0,2028.875,2024-02-23 10:55:00,True,2024-02-23 10:55:00,0.0,0.0,False,,,
GC,2024-02-26,Monday,ADR,2032.525,2030.035,2.490000000000009,2032.865,2029.775,3.089999999999918,True,LONG,2024-02-25 20:30:00,2033.145,True,True,True,0.6438,0.0,0.6438,2034.128,2024-02-26 00:50:00,0.7992,2030.535,2024-02-25 21:22:00,True,2024-02-25 20:41:00,0.7992,0.7992,True,2032.518,2024-02-25 20:50:00,0.0028
GC,2024-02-26,Monday,ODR,2036.195,2033.965,2.230000000000018,2036.965,2033.555,3.4099999999998545,True,SHORT,2024-02-26 04:10:00,2033.205,True,True,True,0.0,1.4888,1.4888,2030.645,2024-02-26 07:00:00,0.6099,2035.325,2024-02-26 05:15:00,True,2024-02-26 04:31:00,0.6099,0.6099,True,2033.985,2024-02-26 04:20:00,0.009
GC,2024-02-26,Monday,RDR,2028.365,2025.545,2.8199999999999363,2029.005,2025.425,3.5800000000001546,True,SHORT,2024-02-26 10:30:00,2025.395,False,True,False,1.8404,0.2021,0.2021,2024.975,2024-02-26 10:35:00,2.8404,2033.555,2024-02-26 15:44:00,False,,0.1028,,True,2025.835,2024-02-26 10:35:00,0.1028
GC,2024-02-27,Tuesday,ADR,2032.878,2030.998,1.8799999999998818,2032.998,2030.908,2.0900000000001455,True,LONG,2024-02-26 20:30:00,2033.335,True,True,True,1.0782,0.0,1.0782,2034.905,2024-02-27 01:39:00,0.3617,2032.198,2024-02-26 22:14:00,True,2024-02-26 21:36:00,0.3617,0.3617,True,2032.828,2024-02-26 20:35:00,0.0266
GC,2024-02-27,Tuesday,ODR,2038.985,2034.895,4.089999999999918,2039.375,2034.555,4.819999999999936,False,,,,,,,0.0,0.0905,,,,,,,False,,,,False,,,
GC,2024-02-27,Tuesday,RDR,2036.325,2034.045,2.2799999999999727,2036.835,2033.485,3.3500000000001364,True,SHORT,2024-02-27 10:40:00,2033.315,True,True,True,0.0,2.3333,2.3333,2028.725,2024-02-27 15:29:00,0.8421,2035.965,2024-02-27 13:20:00,True,2024-02-27 11:03:00,0.8421,0.8421,True,2034.285,2024-02-27 10:46:00,0.1053
GC,2024-02-28,Wednesday,ADR,2032.075,2029.955,2.1200000000001182,2032.305,2029.608,2.6970000000001164,True,LONG,2024-02-27 20:35:00,2032.445,False,True,False,0.7311,0.6745,0.7311,2033.625,2024-02-27 20:58:00,1.6745,2028.525,2024-02-28 01:53:00,True,2024-02-27 20:44:00,0.0,1.6745,True,2031.978,2024-02-27 21:17:00,0.0458
GC,2024-02-28,Wednesday,ODR,2029.035,2026.695,2.3400000000001455,2029.165,2026.575,2.589999999999918,True,SHORT,2024-02-28 04:00:00,2026.175,False,True,False,2.1624,1.0,1.0,2024.355,2024-02-28 05:00:00,3.1624,2034.095,2024-02-28 08:23:00,True,2024-02-28 04:09:00,0.0,3.1624,True,2026.875,2024-02-28 05:43:00,0.0769
GC,2024-02-28,Wednesday,RDR,2033.815,2031.115,2.7000000000000455,2033.935,2030.345,3.589999999999918,True,LONG,2024-02-28 12:00:00,2034.075,False,True,False,0.6159,0.1396,0.6159,2035.478,2024-02-28 12:13:00,1.1396,2030.738,2024-02-28 14:06:00,True,2024-02-28 12:11:00,0.0,1.1396,True,2033.775,2024-02-28 12:23:00,0.0148
GC,2024-02-29,Thursday,ADR,2035.008,2034.095,0.9130000000000109,2035.335,2033.855,1.4800000000000182,True,LONG,2024-02-28 20:35:00,2035.665,True,True,True,2.1982,0.0,2.1982,2037.015,2024-02-28 21:27:00,0.7152,2034.355,2024-02-29 00:32:00,True,2024-02-28 20:40:00,0.0,0.7152,True,2034.895,2024-02-29 00:11:00,0.1238
GC,2024-02-29,Thursday,ODR,2037.225,2035.615,1.6099999999999,2037.385,2035.455,1.9300000000000637,True,SHORT,2024-02-29 04:15:00,2035.425,True,True,True,0.0994,4.7205,4.7205,2028.015,2024-02-29 07:22:00,0.2298,2035.985,2024-02-29 04:26:00,True,2024-02-29 04:39:00,0.2298,0.0,True,2035.705,2024-02-29 04:25:00,0.0559
GC,2024-02-29,Thursday,RDR,2049.795,2046.445,3.3500000000001364,2050.605,2045.805,4.7999999999999545,True,SHORT,2024-02-29 11:10:00,2045.575,True,True,True,0.0099,0.9872,0.9872,2043.138,2024-02-29 12:32:00,0.1015,2046.785,2024-02-29 14:02:00,True,2024-02-29 11:22:00,0.0,0.1015,True,2046.458,2024-02-29 13:12:00,0.0039
GC,2024-03-01,Friday,ADR,2043.965,2042.895,1.0699999999999363,2044.048,2042.785,1.26299999999992,True,LONG,2024-02-29 20:35:00,2044.158,True,True,True,3.7664,0.0,3.7664,2047.995,2024-03-01 01:28:00,0.6075,2043.315,2024-03-01 00:24:00,True,2024-02-29 21:12:00,0.6075,0.6075,True,2043.958,2024-02-29 20:41:00,0.0065
GC,2024-03-01,Friday,ODR,2045.365,2039.315,6.0499999999999545,2045.595,2038.915,6.680000000000064,True,LONG,2024-03-01 04:35:00,2046.005,True,False,,1.9884,0.0,1.9884,2057.395,2024-03-01 06:42:00,0.0,2045.715,2024-03-01 04:46:00,True,2024-03-01 05:13:00,0.0,0.0,False,,,
GC,2024-03-01,Friday,RDR,2063.548,2045.985,17.562999999999874,2063.608,2045.495,18.113000000000284,True,LONG,2024-03-01 10:30:00,2063.985,True,True,True,1.4045,0.0,1.4045,2088.215,2024-03-01 13:44:00,0.0241,2063.125,2024-03-01 10:38:00,True,2024-03-01 11:07:00,0.0241,0.0,True,2063.125,2024-03-01 10:38:00,0.0241
GC,2024-03-04,Monday,ADR,2083.535,2080.795,2.7399999999997817,2084.305,2080.395,3.9099999999998545,True,SHORT,2024-03-03 20:30:00,2080.175,False,True,False,0.0839,0.5427,0.5427,2079.308,2024-03-03 20:56:00,1.0839,2083.765,2024-03-04 01:54:00,True,2024-03-03 20:52:00,0.2299,1.0839,True,2080.835,2024-03-03 20:36:00,0.0146
GC,2024-03-04,Monday,ODR,2087.295,2083.578,3.7170000000000982,2087.435,2083.375,4.059999999999945,True,SHORT,2024-03-04 05:30:00,2083.035,True,True,True,0.0,0.6887,0.6887,2081.018,2024-03-04 08:21:00,0.2494,2084.505,2024-03-04 06:16:00,True,2024-03-04 08:03:00,0.2494,0.1902,True,2083.585,2024-03-04 05:42:00,0.0019
GC,2024-03-04,Monday,RDR,2101.465,2095.958,5.507000000000062,2102.835,2093.415,9.420000000000073,True,LONG,2024-03-04 10:45:00,2103.485,True,False,,3.3303,0.0,3.3303,2119.805,2024-03-04 11:51:00,0.0,2103.205,2024-03-04 10:50:00,True,2024-03-04 10:50:00,0.0,0.0,False,,,
GC,2024-03-05,Tuesday,ADR,2115.845,2112.178,3.6669999999999163,2116.725,2111.885,4.839999999999691,True,SHORT,2024-03-04 20:30:00,2110.665,False,True,False,1.0363,0.4917,0.4917,2110.375,2024-03-04 20:35:00,2.0363,2119.645,2024-03-05 00:58:00,False,,0.0,,True,2112.675,2024-03-04 20:40:00,0.1355
GC,2024-03-05,Tuesday,ODR,2121.815,2114.435,7.380000000000109,2123.275,2114.355,8.920000000000073,True,LONG,2024-03-05 04:20:00,2123.835,True,True,True,1.3554,0.0,1.3554,2131.818,2024-03-05 08:29:00,0.0962,2121.105,2024-03-05 07:32:00,True,2024-03-05 05:10:00,0.0962,0.0962,True,2121.535,2024-03-05 07:28:00,0.0379
GC,2024-03-05,Tuesday,RDR,2135.065,2128.034,7.030999999999949,2139.388,2124.945,14.442999999999756,True,SHORT,2024-03-05 11:40:00,2124.568,True,True,False,0.0,0.6356,0.6356,2123.565,2024-03-05 11:45:00,0.9417,2134.655,2024-03-05 14:17:00,True,2024-03-05 11:45:00,0.0,0.9417,True,2128.225,2024-03-05 11:59:00,0.0272
GC,2024-03-06,Wednesday,ADR,2127.598,2125.465,2.132999999999811,2127.918,2125.395,2.5230000000001382,True,SHORT,2024-03-05 20:45:00,2125.178,True,True,False,0.1219,0.8673,0.8673,2123.615,2024-03-05 22:54:00,1.1219,2127.858,2024-03-06 00:32:00,True,2024-03-05 21:29:00,0.6001,1.1219,True,2125.538,2024-03-05 20:51:00,0.0342
GC,2024-03-06,Wednesday,ODR,2128.475,2124.335,4.139999999999873,2129.125,2124.255,4.869999999999891,True,LONG,2024-03-06 06:35:00,2129.785,True,False,,2.256,0.0,2.256,2137.815,2024-03-06 08:23:00,0.0,2129.635,2024-03-06 06:40:00,True,2024-03-06 06:42:00,0.0,0.0,False,,,
GC,2024-03-06,Wednesday,RDR,2146.315,2135.185,11.13000000000011,2149.115,2131.818,17.29699999999957,True,LONG,2024-03-06 12:00:00,2149.375,True,True,True,0.5184,0.0,0.5184,2152.085,2024-03-06 13:32:00,0.6262,2139.345,2024-03-06 14:30:00,True,2024-03-06 13:32:00,0.4025,0.6262,True,2145.975,2024-03-06 12:07:00,0.0305
GC,2024-03-07,Thursday,ADR,2148.855,2144.698,4.157000000000153,2149.015,2144.048,4.967000000000098,True,LONG,2024-03-06 21:30:00,2150.745,True,False,,3.0262,0.0,3.0262,2161.435,2024-03-06 23:06:00,0.0,2149.595,2024-03-06 22:25:00,True,2024-03-06 21:35:00,0.0,0.0,False,,,
GC,2024-03-07,Thursday,ODR,2158.825,2155.035,3.7899999999999636,2159.735,2154.355,5.380000000000109,True,SHORT,2024-03-07 06:15:00,2153.655,False,True,False,1.533,0.5032,0.5032,2153.128,2024-03-07 06:21:00,2.533,2164.635,2024-03-07 08:06:00,True,2024-03-07 06:21:00,0.0,2.533,True,2155.065,2024-03-07 06:34:00,0.0079
GC,2024-03-07,Thursday,RDR,2157.095,2148.505,8.58999999999969,2157.585,2147.825,9.760000000000218,True,LONG,2024-03-07 11:25:00,2157.735,True,True,True,0.4296,0.0,0.4296,2160.785,2024-03-07 14:54:00,0.2224,2155.185,2024-03-07 12:46:00,False,,0.2224,,True,2156.605,2024-03-07 11:30:00,0.057
GC,2024-03-08,Friday,ADR,2163.075,2158.985,4.089999999999691,2163.475,2158.755,4.7199999999998,True,SHORT,2024-03-07 20:40:00,2158.365,True,True,False,0.0,1.2445,1.2445,2153.895,2024-03-07 22:02:00,0.7188,2161.925,2024-03-08 01:36:00,True,2024-03-07 21:05:00,0.0,0.7188,True,2159.175,2024-03-07 23:16:00,0.0465
GC,2024-03-08,Friday,ODR,2165.915,2161.235,4.679999999999836,2168.615,2161.015,7.599999999999909,True,LONG,2024-03-08 04:50:00,2168.798,True,True,False,1.0855,0.0,1.0855,2170.995,2024-03-08 04:57:00,0.8291,2162.035,2024-03-08 08:29:00,True,2024-03-08 04:55:00,0.0,0.8291,True,2165.905,2024-03-08 07:59:00,0.0021
GC,2024-03-08,Friday,RDR,2172.415,2166.155,6.2599999999997635,2173.278,2164.495,8.782999999999902,True,LONG,2024-03-08 10:30:00,2173.625,True,True,True,3.6214,0.0,3.6214,2195.085,2024-03-08 12:30:00,0.6709,2168.215,2024-03-08 14:11:00,True,2024-03-08 10:37:00,0.0447,0.6709,True,2172.365,2024-03-08 11:12:00,0.008
GC,2024-03-11,Monday,ADR,2188.355,2180.625,7.730000000000018,2188.925,2180.305,8.620000000000346,True,SHORT,2024-03-10 20:45:00,2179.915,True,True,True,0.0,0.5006,0.5006,2176.755,2024-03-10 21:59:00,0.1203,2181.555,2024-03-11 00:10:00,True,2024-03-10 21:59:00,0.0,0.1203,True,2180.775,2024-03-10 23:04:00,0.0194
GC,2024-03-11,Monday,ODR,2182.425,2177.335,5.0900000000001455,2182.958,2176.625,6.333000000000084,True,SHORT,2024-03-11 08:05:00,2176.145,True,True,False,0.0,0.5187,0.5187,2174.695,2024-03-11 08:10:00,0.3654,2179.195,2024-03-11 08:27:00,True,2024-03-11 08:10:00,0.0,0.3654,True,2177.685,2024-03-11 08:12:00,0.0688
GC,2024-03-11,Monday,RDR,2183.995,2180.505,3.4899999999997817,2184.608,2179.615,4.993000000000393,True,LONG,2024-03-11 10:35:00,2185.055,False,True,False,0.4585,0.9914,0.4585,2185.595,2024-03-11 10:47:00,1.9914,2177.045,2024-03-11 13:33:00,False,,0.0,,True,2183.948,2024-03-11 10:52:00,0.0135
GC,2024-03-12,Tuesday,ADR,2182.755,2180.335,2.4200000000000728,2182.805,2180.165,2.6399999999998727,True,LONG,2024-03-11 20:50:00,2182.945,False,True,False,0.1033,2.8306,0.0702,2182.925,2024-03-11 20:55:00,3.8306,2173.485,2024-03-12 01:50:00,False,,0.0579,,True,2182.615,2024-03-11 20:55:00,0.0579
GC,2024-03-12,Tuesday,ODR,2177.715,2176.155,1.5599999999999454,2178.455,2175.865,2.5900000000001455,True,LONG,2024-03-12 04:00:00,2178.775,False,True,False,2.6622,11.2353,2.6622,2181.868,2024-03-12 07:41:00,12.2353,2158.628,2024-03-12 08:05:00,True,2024-03-12 04:05:00,10.7737,12.2353,True,2176.565,2024-03-12 04:14:00,0.7372
GC,2024-03-12,Tuesday,RDR,2164.325,2159.175,5.149999999999636,2166.275,2157.455,8.820000000000164,True,SHORT,2024-03-12 12:45:00,2157.335,True,False,,0.4045,1.6932,1.6932,2150.455,2024-03-12 14:03:00,0.0,2158.885,2024-03-12 15:54:00,True,2024-03-12 12:54:00,0.0,0.0,False,,,
GC,2024-03-13,Wednesday,ADR,2159.915,2157.635,2.2799999999997453,2160.395,2157.315,3.0799999999999272,True,LONG,2024-03-12 21:45:00,2160.805,False,True,False,0.693,0.1917,0.693,2161.495,2024-03-12 21:51:00,1.1917,2157.198,2024-03-12 23:31:00,True,2024-03-12 21:50:00,0.0,1.1917,True,2159.715,2024-03-12 22:01:00,0.0877
GC,2024-03-13,Wednesday,ODR,2160.785,2158.115,2.6700000000000728,2160.995,2157.835,3.1599999999998545,True,LONG,2024-03-13 05:35:00,2162.215,True,False,,2.0225,0.2697,2.0225,2166.185,2024-03-13 07:24:00,0.0,2161.345,2024-03-13 08:17:00,True,2024-03-13 05:40:00,0.0,0.0,False,,,
GC,2024-03-13,Wednesday,RDR,2173.765,2166.775,6.989999999999782,2174.468,2165.908,8.559999999999945,True,LONG,2024-03-13 12:00:00,2175.265,True,True,True,0.8555,0.0,0.8555,2179.745,2024-03-13 12:16:00,0.3004,2171.665,2024-03-13 14:56:00,True,2024-03-13 12:11:00,0.0,0.3004,True,2173.595,2024-03-13 14:16:00,0.0243
GC,2024-03-14,Thursday,ADR,2176.695,2174.145,2.550000000000182,2176.848,2173.895,2.9529999999999745,True,SHORT,2024-03-13 20:40:00,2173.605,True,True,True,0.0,2.6745,2.6745,2167.325,2024-03-14 01:51:00,0.4863,2175.385,2024-03-13 21:13:00,True,2024-03-13 21:52:00,0.4863,0.0,True,2174.375,2024-03-13 20:56:00,0.0902
GC,2024-03-14,Thursday,ODR,2169.715,2168.365,1.3500000000003638,2169.975,2168.045,1.9299999999998363,True,LONG,2024-03-14 04:30:00,2171.405,False,True,False,1.6444,5.9407,1.6444,2171.935,2024-03-14 04:51:00,6.9407,2160.345,2024-03-14 07:58:00,True,2024-03-14 04:35:00,0.0,6.9407,True,2169.228,2024-03-14 04:55:00,0.3607
GC,2024-03-14,Thursday,RDR,2162.615,2157.105,5.5099999999997635,2163.345,2156.985,6.359999999999673,True,SHORT,2024-03-14 10:35:00,2156.268,False,True,False,0.4156,0.8058,0.8058,2152.665,2024-03-14 10:41:00,1.4156,2164.905,2024-03-14 12:15:00,True,2024-03-14 10:41:00,0.0,1.4156,True,2157.358,2024-03-14 10:53:00,0.0459
GC,2024-03-15,Friday,ADR,2165.515,2161.185,4.329999999999927,2165.875,2161.125,4.75,True,LONG,2024-03-15 00:40:00,2166.795,True,False,,1.03,0.0,1.03,2169.975,2024-03-15 01:20:00,0.0,2166.615,2024-03-15 00:45:00,True,2024-03-15 00:48:00,0.0,0.0,False,,,
GC,2024-03-15,Friday,ODR,2169.195,2165.978,3.2170000000000982,2169.288,2165.205,4.083000000000084,True,LONG,2024-03-15 04:30:00,2169.558,False,True,False,1.0631,2.6431,1.0631,2172.615,2024-03-15 04:58:00,3.6431,2157.475,2024-03-15 07:48:00,True,2024-03-15 04:56:00,0.5626,3.6431,True,2168.935,2024-03-15 04:35:00,0.0808
GC,2024-03-15,Friday,RDR,2165.855,2160.325,5.5300000000002,2166.615,2159.765,6.849999999999909,True,SHORT,2024-03-15 10:45:00,2158.275,True,True,True,0.0,0.9421,0.9421,2155.115,2024-03-15 12:57:00,0.5515,2163.375,2024-03-15 11:37:00,True,2024-03-15 12:24:00,0.5515,0.0,True,2160.415,2024-03-15 10:55:00,0.0163
GC,2024-03-18,Monday,ADR,2157.025,2151.025,6.0,2157.435,2150.115,7.320000000000164,True,SHORT,2024-03-17 21:40:00,2149.835,True,False,,0.0,0.84,0.84,2145.985,2024-03-17 22:16:00,0.0,2149.965,2024-03-17 21:45:00,True,2024-03-17 21:46:00,0.0,0.0,False,,,
GC,2024-03-18,Monday,ODR,2153.655,2150.215,3.4400000000000546,2154.385,2150.055,4.330000000000382,True,LONG,2024-03-18 04:05:00,2154.745,True,True,True,2.8488,0.0,2.8488,2163.455,2024-03-18 07:37:00,0.0378,2153.525,2024-03-18 04:25:00,True,2024-03-18 04:15:00,0.0378,0.0378,True,2153.645,2024-03-18 04:24:00,0.0029
GC,2024-03-18,Monday,RDR,2160.885,2157.395,3.4900000000002365,2161.178,2156.925,4.252999999999702,True,SHORT,2024-03-18 11:00:00,2154.665,True,True,False,0.0573,0.8395,0.8395,2154.465,2024-03-18 11:05:00,1.0467,2161.048,2024-03-18 12:30:00,True,2024-03-18 11:05:00,0.0,1.0467,True,2157.435,2024-03-18 11:21:00,0.0115
GC,2024-03-19,Tuesday,ADR,2162.185,2160.295,1.8899999999998727,2162.595,2160.055,2.5399999999999636,True,SHORT,2024-03-18 20:30:00,2158.758,False,True,True,0.2593,3.3704,3.3704,2153.925,2024-03-19 01:12:00,1.2593,2162.675,2024-03-18 21:14:00,True,2024-03-18 20:35:00,1.2593,1.2593,True,2160.478,2024-03-18 20:58:00,0.0968
GC,2024-03-19,Tuesday,ODR,2155.655,2148.465,7.190000000000055,2155.825,2147.045,8.779999999999745,True,LONG,2024-03-19 06:50:00,2155.835,True,True,True,0.4117,0.0,0.4117,2158.615,2024-03-19 08:04:00,0.6968,2150.645,2024-03-19 07:32:00,False,,0.6968,,True,2155.625,2024-03-19 06:58:00,0.0042
GC,2024-03-19,Tuesday,RDR,2154.765,2150.655,4.109999999999673,2155.558,2150.625,4.932999999999993,True,LONG,2024-03-19 12:05:00,2155.575,True,True,True,0.8735,0.0,0.8735,2158.355,2024-03-19 15:14:00,0.1265,2154.245,2024-03-19 12:22:00,True,2024-03-19 12:33:00,0.1265,0.0,True,2154.598,2024-03-19 12:17:00,0.0406
GC,2024-03-20,Wednesday,ADR,2159.605,2155.135,4.4699999999998,2159.925,2155.125,4.800000000000182,False,,,,,,,0.1186,0.0,,,,,,,False,,,,False,,,
GC,2024-03-20,Wednesday,ODR,2158.045,2154.905,3.1399999999998727,2158.275,2154.375,3.900000000000091,True,SHORT,2024-03-20 04:50:00,2154.015,True,True,True,0.0,1.7293,1.7293,2149.475,2024-03-20 07:45:00,0.2898,2155.815,2024-03-20 08:13:00,True,2024-03-20 04:56:00,0.0828,0.2898,True,2154.955,2024-03-20 06:39:00,0.0159
GC,2024-03-20,Wednesday,RDR,2160.865,2156.285,4.579999999999927,2160.905,2155.535,5.370000000000346,True,SHORT,2024-03-20 10:35:00,2155.255,False,True,False,6.0852,0.3755,0.3755,2154.565,2024-03-20 10:40:00,7.0852,2188.735,2024-03-20 14:29:00,False,,0.0,,True,2156.335,2024-03-20 10:49:00,0.0109
GC,2024-03-21,Thursday,ADR,2208.935,2193.735,15.199999999999818,2212.275,2192.365,19.91000000000031,False,,,,,,,0.0336,0.0,,,,,,,False,,,,False,,,
GC,2024-03-21,Thursday,ODR,2206.415,2197.855,8.559999999999945,2206.535,2196.735,9.799999999999727,True,LONG,2024-03-21 05:05:00,2207.515,True,True,False,0.6157,0.0,0.6157,2211.685,2024-03-21 05:21:00,0.722,2200.235,2024-03-21 08:26:00,True,2024-03-21 05:20:00,0.0,0.722,True,2206.155,2024-03-21 06:05:00,0.0304
GC,2024-03-21,Thursday,RDR,2180.045,2167.665,12.38000000000011,2181.465,2166.264,15.201000000000022,True,LONG,2024-03-21 12:10:00,2182.645,True,True,True,0.3094,0.0444,0.3094,2183.875,2024-03-21 13:46:00,0.0549,2179.365,2024-03-21 12:54:00,False,,0.0549,,True,2179.775,2024-03-21 12:42:00,0.0218
GC,2024-03-22,Friday,ADR,2185.485,2183.745,1.7400000000002365,2185.965,2183.305,2.6600000000003092,True,SHORT,2024-03-21 20:30:00,2183.165,True,False,,0.0,8.023,8.023,2169.785,2024-03-22 01:59:00,0.0,2183.205,2024-03-21 20:35:00,True,2024-03-21 20:35:00,0.0,0.0,False,,,
GC,2024-03-22,Friday,ODR,2168.298,2165.685,2.612999999999829,2169.175,2164.825,4.350000000000364,True,LONG,2024-03-22 04:05:00,2169.525,False,True,True,2.9889,0.2334,2.9889,2176.108,2024-03-22 07:44:00,1.2334,2165.075,2024-03-22 06:46:00,True,2024-03-22 04:10:00,1.2334,1.2334,True,2168.065,2024-03-22 04:13:00,0.0892
GC,2024-03-22,Friday,RDR,2174.715,2167.935,6.7800000000002,2175.855,2166.735,9.11999999999989,True,SHORT,2024-03-22 10:50:00,2166.705,True,False,,0.0,1.6077,1.6077,2157.035,2024-03-22 12:28:00,0.0,2167.395,2024-03-22 11:02:00,True,2024-03-22 11:35:00,0.0,0.0,False,,,
GC,2024-03-25,Monday,ADR,2173.255,2164.095,9.16000000000031,2173.765,2163.885,9.879999999999654,True,LONG,2024-03-24 20:35:00,2176.405,True,True,False,0.5448,0.0,0.5448,2178.245,2024-03-24 21:39:00,0.988,2164.205,2024-03-25 01:42:00,True,2024-03-24 21:39:00,0.0,0.988,True,2172.965,2024-03-24 22:05:00,0.0317
GC,2024-03-25,Monday,ODR,2168.355,2164.005,4.349999999999909,2168.905,2163.705,5.200000000000273,True,LONG,2024-03-25 05:05:00,2169.055,True,True,True,1.9724,0.0,1.9724,2176.935,2024-03-25 07:32:00,0.1839,2167.555,2024-03-25 05:35:00,True,2024-03-25 05:18:00,0.1839,0.1839,True,2168.225,2024-03-25 05:31:00,0.0299
GC,2024-03-25,Monday,RDR,2178.298,2175.265,3.0329999999999018,2179.078,2174.875,4.2029999999999745,True,SHORT,2024-03-25 12:45:00,2174.385,True,False,,0.0,1.5331,1.5331,2170.615,2024-03-25 15:04:00,0.0,2175.185,2024-03-25 12:56:00,True,2024-03-25 13:02:00,0.0,0.0,False,,,
GC,2024-03-26,Tuesday,ADR,2174.155,2171.245,2.9100000000003092,2174.295,2170.595,3.700000000000273,True,SHORT,2024-03-25 20:40:00,2169.278,True,True,False,0.0,1.3014,1.3014,2167.458,2024-03-25 20:51:00,0.9392,2173.978,2024-03-26 01:10:00,True,2024-03-25 20:45:00,0.0,0.9392,True,2171.245,2024-03-25 21:23:00,0.0
GC,2024-03-26,Tuesday,ODR,2178.648,2171.518,7.130000000000109,2179.145,2171.445,7.699999999999818,True,LONG,2024-03-26 04:00:00,2179.595,True,False,,2.994,0.0,2.994,2199.995,2024-03-26 05:56:00,0.0,2179.225,2024-03-26 04:08:00,True,2024-03-26 04:13:00,0.0,0.0,False,,,
GC,2024-03-26,Tuesday,RDR,2183.295,2176.905,6.389999999999873,2183.535,2174.615,8.920000000000073,True,SHORT,2024-03-26 10:35:00,2173.215,True,True,False,0.0,0.831,0.831,2171.595,2024-03-26 10:40:00,0.3427,2179.095,2024-03-26 12:33:00,True,2024-03-26 10:40:00,0.0,0.3427,True,2176.925,2024-03-26 11:22:00,0.0031
GC,2024-03-27,Wednesday,ADR,2179.705,2176.898,2.806999999999789,2180.305,2176.625,3.6799999999998363,True,SHORT,2024-03-26 20:35:00,2176.425,False,True,False,0.6804,1.2907,1.2907,2173.275,2024-03-26 20:42:00,1.6804,2181.615,2024-03-26 22:16:00,True,2024-03-26 20:42:00,0.0,1.6804,True,2177.455,2024-03-26 21:05:00,0.1984
GC,2024-03-27,Wednesday,ODR,2181.975,2177.125,4.849999999999909,2182.585,2176.445,6.139999999999873,True,LONG,2024-03-27 04:40:00,2188.895,True,False,,3.2021,0.1299,3.2021,2197.505,2024-03-27 06:35:00,0.0,2183.435,2024-03-27 08:03:00,True,2024-03-27 04:45:00,0.0,0.0,False,,,
GC,2024-03-27,Wednesday,RDR,2195.055,2189.455,5.599999999999909,2195.125,2189.385,5.739999999999782,True,SHORT,2024-03-27 10:30:00,2189.318,True,True,False,0.0018,0.2071,0.1393,2188.675,2024-03-27 10:35:00,1.0018,2195.065,2024-03-27 15:39:00,False,,0.0625,,True,2189.805,2024-03-27 10:35:00,0.0625
GC,2024-03-28,Thursday,ADR,2190.258,2187.895,2.362999999999829,2190.395,2187.378,3.0169999999998254,True,LONG,2024-03-27 21:10:00,2191.105,True,False,,4.3534,0.0,4.3534,2200.545,2024-03-28 00:50:00,0.0,2190.998,2024-03-27 21:15:00,True,2024-03-27 21:15:00,0.0,0.0,False,,,
GC,2024-03-28,Thursday,ODR,2196.125,2191.745,4.380000000000109,2197.308,2190.725,6.583000000000084,True,LONG,2024-03-28 04:45:00,2197.815,True,False,,4.7603,0.0,4.7603,2216.975,2024-03-28 08:01:00,0.0,2196.304,2024-03-28 04:56:00,True,2024-03-28 05:14:00,0.0,0.0,False,,,
GC,2024-03-28,Thursday,RDR,2215.678,2206.365,9.313000000000102,2216.868,2206.365,10.503000000000156,True,LONG,2024-03-28 11:20:00,2217.425,True,False,,2.1837,0.0,2.1837,2236.015,2024-03-28 15:49:00,0.0,2216.608,2024-03-28 12:29:00,True,2024-03-28 11:32:00,0.0,0.0,False,,,
GC,2024-04-01,Monday,ODR,2262.595,2257.358,5.236999999999625,2262.975,2256.785,6.190000000000055,True,SHORT,2024-04-01 04:45:00,2256.075,True,True,True,0.0,2.6433,2.6433,2243.515,2024-04-01 08:23:00,0.1751,2258.275,2024-04-01 05:10:00,True,2024-04-01 05:26:00,0.1751,0.0,True,2257.415,2024-04-01 04:56:00,0.0109
GC,2024-04-01,Monday,RDR,2254.078,2231.865,22.213000000000193,2254.384,2230.685,23.69900000000007,True,SHORT,2024-04-01 10:35:00,2230.275,True,True,False,0.0,0.1562,0.1562,2228.395,2024-04-01 10:41:00,0.5755,2244.648,2024-04-01 15:59:00,False,,0.0,,True,2233.105,2024-04-01 10:46:00,0.0558
GC,2024-04-02,Tuesday,ADR,2251.045,2248.825,2.2200000000002547,2251.945,2247.725,4.220000000000255,True,LONG,2024-04-01 20:30:00,2252.005,False,True,True,3.9428,1.009,3.9428,2259.798,2024-04-02 00:46:00,2.009,2246.585,2024-04-01 21:21:00,True,2024-04-01 20:35:00,2.009,2.009,True,2250.805,2024-04-01 20:52:00,0.1081
GC,2024-04-02,Tuesday,ODR,2256.985,2253.715,3.269999999999982,2257.535,2253.085,4.449999999999818,True,LONG,2024-04-02 04:00:00,2257.835,True,True,False,2.9694,0.0,2.9694,2266.695,2024-04-02 05:31:00,0.8829,2254.098,2024-04-02 08:19:00,True,2024-04-02 04:05:00,0.0,0.8829,True,2256.305,2024-04-02 06:10:00,0.208
GC,2024-04-02,Tuesday,RDR,2275.085,2257.865,17.220000000000255,2276.858,2257.645,19.213000000000193,True,SHORT,2024-04-02 11:00:00,2257.035,False,True,False,0.2462,0.4111,0.4111,2250.785,2024-04-02 11:34:00,1.2462,2279.325,2024-04-02 15:54:00,False,,0.1678,,True,2258.805,2024-04-02 11:05:00,0.0546
GC,2024-04-03,Wednesday,ADR,2284.995,2278.555,6.440000000000055,2285.415,2277.685,7.730000000000018,True,LONG,2024-04-02 23:15:00,2287.695,True,True,True,0.4488,0.3092,0.4193,2287.695,2024-04-02 23:20:00,0.6508,2280.804,2024-04-03 01:07:00,False,,0.0,,True,2284.908,2024-04-02 23:25:00,0.0135
GC,2024-04-03,Wednesday,ODR,2281.825,2271.075,10.75,2281.868,2270.338,11.529999999999745,True,SHORT,2024-04-03 04:00:00,2270.165,True,True,True,0.0,0.5274,0.5274,2265.405,2024-04-03 08:26:00,0.4577,2275.995,2024-04-03 04:48:00,True,2024-04-03 08:26:00,0.4577,0.0,True,2271.735,2024-04-03 04:38:00,0.0614
GC,2024-04-03,Wednesday,RDR,2279.215,2274.025,5.190000000000055,2285.208,2271.535,13.67300000000023,True,LONG,2024-04-03 11:25:00,2286.615,True,False,,3.763,0.0,3.763,2298.745,2024-04-03 15:04:00,0.0,2280.605,2024-04-03 12:11:00,True,2024-04-03 11:30:00,0.0,0.0,False,,,
GC,2024-04-04,Thursday,ADR,2300.685,2296.815,3.869999999999891,2300.825,2296.245,4.579999999999927,True,LONG,2024-04-03 20:55:00,2302.175,False,True,False,1.062,0.491,1.062,2304.795,2024-04-03 21:00:00,1.491,2294.915,2024-04-04 01:57:00,True,2024-04-03 21:00:00,0.0,1.491,True,2300.435,2024-04-03 21:03:00,0.0646
GC,2024-04-04,Thursday,ODR,2297.275,2292.515,4.760000000000218,2298.028,2291.755,6.2729999999996835,True,SHORT,2024-04-04 04:25:00,2291.715,True,True,True,0.0,1.8655,1.8655,2283.635,2024-04-04 08:24:00,0.5315,2295.045,2024-04-04 07:12:00,True,2024-04-04 07:57:00,0.5315,0.0,True,2292.755,2024-04-04 04:30:00,0.0504
GC,2024-04-04,Thursday,RDR,2297.345,2286.194,11.15099999999984,2297.448,2284.655,12.792999999999665,True,LONG,2024-04-04 10:30:00,2298.905,False,True,False,0.7246,0.5834,0.7246,2305.425,2024-04-04 14:57:00,1.5834,2279.688,2024-04-04 15:50:00,True,2024-04-04 14:45:00,0.9945,1.5834,True,2296.725,2024-04-04 10:36:00,0.0556
GC,2024-04-05,Friday,ADR,2290.505,2283.865,6.640000000000327,2291.015,2283.755,7.2599999999997635,True,SHORT,2024-04-04 20:55:00,2283.035,True,True,True,0.0,2.4488,2.4488,2267.605,2024-04-04 21:31:00,0.0271,2284.045,2024-04-04 21:01:00,True,2024-04-04 21:06:00,0.0271,0.0,True,2283.905,2024-04-04 21:00:00,0.006
GC,2024-04-05,Friday,ODR,2289.075,2279.035,10.039999999999964,2290.495,2278.965,11.529999999999745,True,LONG,2024-04-05 04:10:00,2290.805,True,True,True,0.6882,0.0,0.6882,2295.985,2024-04-05 06:13:00,0.429,2284.768,2024-04-05 04:44:00,True,2024-04-05 06:08:00,0.429,0.0,True,2289.045,2024-04-05 04:17:00,0.003
GC,2024-04-05,Friday,RDR,2311.265,2294.588,16.67699999999968,2311.458,2292.155,19.302999999999884,True,LONG,2024-04-05 10:30:00,2317.035,True,False,,1.1441,0.0,1.1441,2330.345,2024-04-05 13:11:00,0.0,2315.124,2024-04-05 11:01:00,True,2024-04-05 10:36:00,0.0,0.0,False,,,
GC,2024-04-08,Monday,ADR,2312.165,2307.425,4.739999999999782,2313.315,2306.258,7.057000000000244,True,SHORT,2024-04-07 20:55:00,2306.085,False,True,False,8.7911,0.9852,0.9852,2302.755,2024-04-07 21:04:00,9.7911,2353.835,2024-04-07 22:39:00,True,2024-04-07 21:00:00,0.0,9.7911,True,2307.455,2024-04-07 21:08:00,0.0063
GC,2024-04-08,Monday,ODR,2338.205,2334.854,3.3510000000001128,2338.835,2333.645,5.190000000000055,True,LONG,2024-04-08 04:00:00,2338.935,False,True,False,1.5607,3.6702,1.5607,2343.435,2024-04-08 06:40:00,4.6702,2322.555,2024-04-08 08:27:00,True,2024-04-08 04:14:00,1.4891,4.6702,True,2338.115,2024-04-08 04:10:00,0.0269
GC,2024-04-08,Monday,RDR,2335.368,2319.445,15.922999999999774,2335.565,2318.575,16.990000000000236,True,LONG,2024-04-08 13:30:00,2337.875,True,False,,0.4105,0.0,0.4105,2341.905,2024-04-08 14:30:00,0.0,2335.585,2024-04-08 13:37:00,False,,0.0,,False,,,
GC,2024-04-09,Tuesday,ADR,2341.365,2338.245,3.119999999999891,2341.558,2337.555,4.003000000000156,True,LONG,2024-04-08 21:10:00,2343.145,True,True,True,2.2372,0.1667,2.2372,2348.345,2024-04-08 21:34:00,0.9798,2338.308,2024-04-08 22:01:00,True,2024-04-08 21:15:00,0.1346,0.9798,True,2340.945,2024-04-08 21:18:00,0.1346
GC,2024-04-09,Tuesday,ODR,2355.395,2344.388,11.007000000000062,2356.805,2344.255,12.549999999999727,True,LONG,2024-04-09 04:30:00,2357.685,True,True,False,0.8894,0.0,0.8894,2365.185,2024-04-09 05:28:00,0.8873,2345.628,2024-04-09 08:27:00,True,2024-04-09 05:15:00,0.0,0.8873,True,2354.758,2024-04-09 07:01:00,0.0579
GC,2024-04-09,Tuesday,RDR,2362.154,2352.685,9.469000000000051,2363.315,2352.685,10.63000000000011,True,SHORT,2024-04-09 10:35:00,2352.265,True,True,True,0.2092,1.5376,1.5376,2338.125,2024-04-09 11:56:00,0.0993,2353.625,2024-04-09 10:40:00,True,2024-04-09 10:41:00,0.0993,0.094,True,2353.625,2024-04-09 10:40:00,0.0993
GC,2024-04-10,Wednesday,ADR,2354.775,2352.095,2.680000000000291,2355.465,2352.045,3.4200000000000728,True,SHORT,2024-04-09 20:30:00,2352.015,False,True,False,1.9739,2.7724,2.7724,2344.665,2024-04-09 21:13:00,2.9739,2360.065,2024-04-10 01:35:00,True,2024-04-09 21:00:00,0.3918,2.9739,True,2352.505,2024-04-09 20:35:00,0.153
GC,2024-04-10,Wednesday,ODR,2356.905,2352.805,4.100000000000364,2357.655,2352.465,5.190000000000055,True,SHORT,2024-04-10 05:20:00,2351.328,True,False,,0.0,1.9732,1.9732,2344.715,2024-04-10 07:17:00,0.0,2351.465,2024-04-10 05:25:00,True,2024-04-10 05:25:00,0.0,0.0,False,,,
GC,2024-04-10,Wednesday,RDR,2351.375,2326.335,25.039999999999964,2352.285,2319.265,33.01999999999998,False,,,,,,,0.0308,0.0248,,,,,,,False,,,,False,,,
GC,2024-04-11,Thursday,ADR,2336.925,2333.305,3.6200000000003456,2337.175,2333.195,3.980000000000018,True,LONG,2024-04-10 21:05:00,2339.515,True,False,,2.7182,0.0,2.7182,2346.765,2024-04-10 23:09:00,0.0,2337.935,2024-04-10 21:14:00,True,2024-04-10 21:10:00,0.0,0.0,False,,,
GC,2024-04-11,Thursday,ODR,2339.975,2335.695,4.279999999999745,2340.645,2335.105,5.539999999999964,True,SHORT,2024-04-11 04:05:00,2334.985,True,True,True,0.0,2.3458,2.3458,2325.655,2024-04-11 04:51:00,0.8886,2339.498,2024-04-11 07:54:00,True,2024-04-11 04:12:00,0.0,0.8886,True,2336.935,2024-04-11 06:18:00,0.2897
GC,2024-04-11,Thursday,RDR,2346.275,2336.415,9.860000000000127,2347.345,2334.675,12.669999999999618,True,SHORT,2024-04-11 10:35:00,2333.295,False,True,False,2.8631,0.428,0.3621,2332.845,2024-04-11 10:40:00,3.8631,2374.505,2024-04-11 15:59:00,False,,0.0,,True,2336.505,2024-04-11 10:46:00,0.0091
GC,2024-04-12,Friday,ADR,2376.965,2375.215,1.75,2377.025,2374.385,2.6399999999998727,True,LONG,2024-04-11 20:50:00,2377.475,True,True,True,10.4571,0.1086,10.4571,2395.265,2024-04-11 22:07:00,0.2514,2376.525,2024-04-11 20:56:00,True,2024-04-11 20:56:00,0.2514,0.2514,True,2376.585,2024-04-11 20:55:00,0.2171
GC,2024-04-12,Friday,ODR,2399.865,2393.505,6.359999999999673,2400.215,2392.695,7.519999999999982,True,SHORT,2024-04-12 07:30:00,2391.625,True,True,False,0.1116,0.5016,0.4843,2390.425,2024-04-12 07:35:00,0.6179,2397.435,2024-04-12 08:28:00,False,,0.0,,True,2393.825,2024-04-12 07:39:00,0.0503
GC,2024-04-12,Friday,RDR,2415.955,2395.845,20.110000000000127,2420.078,2393.315,26.76299999999992,True,LONG,2024-04-12 10:50:00,2422.245,False,True,False,0.7673,3.0875,0.7673,2431.385,2024-04-12 11:04:00,4.0875,2333.755,2024-04-12 15:03:00,True,2024-04-12 10:56:00,0.0,4.0875,True,2410.485,2024-04-12 11:12:00,0.272
GC,2024-04-15,Monday,ADR,2365.275,2358.265,7.010000000000218,2365.755,2357.995,7.760000000000218,True,SHORT,2024-04-14 20:30:00,2356.935,True,True,False,0.0,1.428,1.428,2348.255,2024-04-14 21:13:00,0.9073,2364.625,2024-04-14 22:15:00,True,2024-04-14 20:50:00,0.1983,0.9073,True,2359.655,2024-04-14 21:06:00,0.1983
GC,2024-04-15,Monday,ODR,2355.605,2352.405,3.199999999999818,2356.325,2349.865,6.460000000000036,True,SHORT,2024-04-15 04:25:00,2349.615,False,True,False,1.7094,2.4344,2.4344,2344.615,2024-04-15 04:37:00,2.7094,2361.075,2024-04-15 07:11:00,True,2024-04-15 04:30:00,0.0,2.7094,True,2353.395,2024-04-15 05:01:00,0.3094
GC,2024-04-15,Monday,RDR,2354.225,2326.625,27.59999999999991,2355.505,2323.858,31.646999999999935,True,LONG,2024-04-15 12:40:00,2356.018,True,True,True,1.2037,0.0,1.2037,2387.448,2024-04-15 15:27:00,0.0086,2353.988,2024-04-15 13:10:00,True,2024-04-15 13:37:00,0.0086,0.0,True,2354.005,2024-04-15 13:09:00,0.008
GC,2024-04-16,Tuesday,ADR,2384.785,2380.535,4.25,2384.945,2380.045,4.900000000000091,True,LONG,2024-04-15 20:30:00,2385.705,True,True,True,1.0384,0.3176,1.0384,2389.198,2024-04-15 23:29:00,1.3176,2379.185,2024-04-15 21:16:00,True,2024-04-15 20:40:00,1.3176,1.3176,True,2384.688,2024-04-15 20:52:00,0.0228
GC,2024-04-16,Tuesday,ODR,2374.324,2365.338,8.985999999999876,2375.138,2362.844,12.293999999999869,False,,,,,,,0.1028,0.0337,,,,,,,False,,,,False,,,
GC,2024-04-16,Tuesday,RDR,2378.455,2366.205,12.25,2378.455,2363.435,15.019999999999982,True,LONG,2024-04-16 10:50:00,2381.095,True,True,True,1.606,0.003,1.606,2398.128,2024-04-16 12:57:00,0.0522,2377.815,2024-04-16 11:26:00,True,2024-04-16 11:01:00,0.0522,0.0522,True,2377.845,2024-04-16 11:25:00,0.0498
GC,2024-04-17,Wednesday,ADR,2384.245,2381.165,3.0799999999999272,2385.145,2380.985,4.1599999999998545,True,SHORT,2024-04-17 01:05:00,2380.955,True,True,True,0.6039,2.3117,2.3117,2374.045,2024-04-17 01:37:00,0.0594,2381.348,2024-04-17 01:10:00,True,2024-04-17 01:20:00,0.0594,0.0,True,2381.348,2024-04-17 01:10:00,0.0594
GC,2024-04-17,Wednesday,ODR,2382.625,2378.195,4.429999999999836,2383.185,2377.778,5.407000000000153,True,LONG,2024-04-17 04:00:00,2384.765,True,False,,2.605,0.0,2.605,2394.165,2024-04-17 05:14:00,0.0,2382.685,2024-04-17 04:10:00,True,2024-04-17 04:05:00,0.0,0.0,False,,,
GC,2024-04-17,Wednesday,RDR,2393.945,2387.845,6.100000000000364,2395.035,2385.995,9.039999999999964,True,SHORT,2024-04-17 11:15:00,2384.125,True,True,True,0.2464,4.4082,4.4082,2360.955,2024-04-17 12:46:00,0.0311,2388.035,2024-04-17 11:22:00,True,2024-04-17 11:20:00,0.0311,0.0311,True,2388.035,2024-04-17 11:22:00,0.0311
GC,2024-04-18,Thursday,ADR,2368.665,2365.935,2.730000000000018,2369.765,2365.185,4.579999999999927,True,LONG,2024-04-17 21:00:00,2371.675,False,True,True,3.0623,0.7216,3.0623,2377.025,2024-04-18 01:53:00,1.7216,2363.965,2024-04-17 21:32:00,True,2024-04-17 21:05:00,1.7216,1.7216,True,2368.498,2024-04-17 21:17:00,0.0612
GC,2024-04-18,Thursday,ODR,2380.715,2375.455,5.260000000000218,2380.855,2374.825,6.0300000000002,True,LONG,2024-04-18 06:25:00,2381.595,True,True,True,1.261,0.0,1.261,2387.348,2024-04-18 08:08:00,0.3511,2378.868,2024-04-18 07:16:00,True,2024-04-18 06:36:00,0.3511,0.3511,True,2380.158,2024-04-18 07:13:00,0.1059
GC,2024-04-18,Thursday,RDR,2390.715,2376.545,14.170000000000073,2392.624,2375.295,17.328999999999724,True,SHORT,2024-04-18 10:30:00,2374.365,True,True,False,0.0,0.4994,0.4994,2369.468,2024-04-18 10:38:00,0.8951,2389.228,2024-04-18 13:12:00,False,,0.0,,True,2377.545,2024-04-18 10:45:00,0.0706
GC,2024-04-19,Friday,ADR,2381.055,2374.085,6.9699999999998,2381.375,2373.685,7.690000000000055,True,LONG,2024-04-18 21:00:00,2383.855,True,True,True,5.264,0.0,5.264,2417.745,2024-04-18 21:46:00,0.2669,2379.195,2024-04-19 00:44:00,True,2024-04-18 21:05:00,0.0,0.2669,True,2379.195,2024-04-19 00:44:00,0.2669
GC,2024-04-19,Friday,ODR,2391.868,2385.255,6.612999999999829,2393.795,2384.525,9.269999999999982,True,SHORT,2024-04-19 04:00:00,2383.675,True,True,True,0.0,1.8827,1.8827,2372.805,2024-04-19 07:12:00,0.1441,2386.208,2024-04-19 04:49:00,True,2024-04-19 04:07:00,0.1441,0.1441,True,2385.518,2024-04-19 04:48:00,0.0398
GC,2024-04-19,Friday,RDR,2388.875,2378.605,10.269999999999982,2391.515,2377.555,13.960000000000036,True,LONG,2024-04-19 11:00:00,2393.595,True,True,False,1.2629,0.0,1.2629,2401.845,2024-04-19 13:01:00,0.2249,2386.565,2024-04-19 15:55:00,True,2024-04-19 11:08:00,0.0,0.2249,True,2387.855,2024-04-19 15:47:00,0.0993
GC,2024-04-22,Monday,ADR,2386.825,2383.305,3.519999999999982,2387.745,2382.605,5.139999999999873,True,SHORT,2024-04-21 20:45:00,2382.485,True,True,True,0.0,6.4062,6.4062,2360.755,2024-04-22 01:44:00,0.2472,2384.175,2024-04-21 21:11:00,True,2024-04-21 20:52:00,0.2472,0.2472,True,2383.325,2024-04-21 21:06:00,0.0057
GC,2024-04-22,Monday,ODR,2360.865,2355.715,5.149999999999636,2360.955,2354.965,5.989999999999782,True,LONG,2024-04-22 04:00:00,2362.155,False,True,False,0.5243,3.5847,0.5243,2363.565,2024-04-22 05:23:00,4.5847,2337.254,2024-04-22 08:02:00,True,2024-04-22 05:23:00,0.6058,4.5847,True,2360.635,2024-04-22 04:10:00,0.0447
GC,2024-04-22,Monday,RDR,2340.295,2333.215,7.079999999999927,2340.405,2330.965,9.440000000000055,True,LONG,2024-04-22 10:35:00,2342.325,False,True,False,0.4788,1.2232,0.4788,2343.685,2024-04-22 10:50:00,2.2232,2324.555,2024-04-22 14:29:00,False,,0.0095,,True,2340.228,2024-04-22 10:46:00,0.0095
GC,2024-04-23,Tuesday,ADR,2333.665,2330.745,2.9200000000000728,2333.815,2330.478,3.336999999999989,True,LONG,2024-04-22 21:05:00,2333.855,False,True,False,0.2192,12.1017,0.2192,2334.305,2024-04-22 21:18:00,13.1017,2295.408,2024-04-22 21:53:00,False,,0.2329,,True,2333.325,2024-04-22 21:10:00,0.1164
GC,2024-04-23,Tuesday,ODR,2310.265,2301.825,8.440000000000055,2311.095,2301.095,10.0,True,SHORT,2024-04-23 05:05:00,2300.715,True,True,False,0.0,1.2512,1.2512,2291.265,2024-04-23 05:19:00,0.9941,2310.215,2024-04-23 08:27:00,True,2024-04-23 05:13:00,0.0,0.9941,True,2302.064,2024-04-23 06:37:00,0.0283
GC,2024-04-23,Tuesday,RDR,2329.475,2311.718,17.757000000000062,2332.045,2310.505,21.539999999999964,False,,,,,,,0.0979,0.0,,,,,,,False,,,,False,,,
GC,2024-04-24,Wednesday,ADR,2323.825,2322.108,1.7169999999996435,2324.165,2321.635,2.5299999999997453,True,SHORT,2024-04-23 20:35:00,2320.805,False,True,False,3.5818,3.7175,3.7175,2315.725,2024-04-23 22:05:00,4.5818,2329.975,2024-04-24 00:03:00,True,2024-04-23 20:40:00,0.5282,4.5818,True,2322.175,2024-04-23 20:45:00,0.039
GC,2024-04-24,Wednesday,ODR,2326.705,2320.575,6.130000000000109,2326.705,2320.575,6.130000000000109,True,SHORT,2024-04-24 04:00:00,2319.868,True,False,,0.0,1.4584,1.4584,2311.635,2024-04-24 05:31:00,0.0,2320.148,2024-04-24 04:06:00,True,2024-04-24 04:13:00,0.0,0.0,False,,,
GC,2024-04-24,Wednesday,RDR,2323.015,2317.525,5.489999999999782,2325.885,2315.725,10.16000000000031,True,LONG,2024-04-24 10:35:00,2326.098,True,True,False,2.5707,0.0,2.5707,2337.128,2024-04-24 11:04:00,0.9745,2317.665,2024-04-24 15:50:00,True,2024-04-24 10:40:00,0.0,0.9745,True,2322.458,2024-04-24 11:59:00,0.1015
GC,2024-04-25,Thursday,ADR,2318.095,2315.735,2.3599999999996726,2318.445,2315.278,3.167000000000371,True,LONG,2024-04-24 20:40:00,2318.865,False,True,True,1.6483,4.5919,1.6483,2321.985,2024-04-24 22:34:00,5.5919,2304.898,2024-04-24 23:14:00,True,2024-04-24 20:59:00,0.911,5.5919,True,2318.085,2024-04-24 20:54:00,0.0042
GC,2024-04-25,Thursday,ODR,2325.555,2320.645,4.9099999999998545,2326.075,2320.145,5.929999999999836,True,LONG,2024-04-25 04:00:00,2327.755,True,True,True,1.0026,0.0,1.0026,2330.478,2024-04-25 07:44:00,0.3177,2323.995,2024-04-25 05:56:00,True,2024-04-25 04:05:00,0.3177,0.3177,True,2325.478,2024-04-25 04:21:00,0.0157
GC,2024-04-25,Thursday,RDR,2325.225,2316.515,8.710000000000036,2326.315,2315.425,10.889999999999873,True,LONG,2024-04-25 10:30:00,2333.245,True,True,True,2.2369,0.0,2.2369,2344.708,2024-04-25 10:40:00,0.2721,2322.855,2024-04-25 12:21:00,True,2024-04-25 10:35:00,0.0,0.2721,True,2323.355,2024-04-25 12:20:00,0.2147
GC,2024-04-26,Friday,ADR,2331.295,2329.285,2.0100000000002183,2331.485,2329.145,2.3400000000001455,True,SHORT,2024-04-25 20:35:00,2329.095,False,True,False,3.5672,1.5522,1.5522,2326.165,2024-04-25 21:13:00,4.5672,2338.465,2024-04-26 01:53:00,True,2024-04-25 21:02:00,0.4925,4.5672,True,2329.365,2024-04-25 20:46:00,0.0398
GC,2024-04-26,Friday,ODR,2345.685,2338.575,7.110000000000127,2347.088,2338.025,9.063000000000102,True,LONG,2024-04-26 04:30:00,2347.315,True,True,False,0.947,0.0,0.947,2352.418,2024-04-26 05:12:00,0.519,2341.995,2024-04-26 08:17:00,True,2024-04-26 04:49:00,0.0,0.519,True,2345.605,2024-04-26 06:31:00,0.0113
GC,2024-04-26,Friday,RDR,2344.315,2339.025,5.289999999999964,2345.155,2336.815,8.340000000000146,True,SHORT,2024-04-26 10:35:00,2332.015,True,True,False,0.0,1.9698,1.9698,2328.605,2024-04-26 10:54:00,0.4253,2341.275,2024-04-26 14:30:00,True,2024-04-26 10:40:00,0.0,0.4253,True,2339.045,2024-04-26 13:45:00,0.0038
GC,2024-04-29,Monday,ADR,2336.515,2334.115,2.400000000000091,2336.725,2333.985,2.7399999999997817,True,SHORT,2024-04-28 20:35:00,2333.325,True,True,True,0.0,5.9946,5.9946,2319.728,2024-04-28 21:35:00,0.9625,2336.425,2024-04-29 01:06:00,True,2024-04-28 20:41:00,0.0,0.9625,True,2334.775,2024-04-29 01:02:00,0.275
GC,2024-04-29,Monday,ODR,2337.165,2329.145,8.019999999999982,2337.805,2328.985,8.819999999999709,True,LONG,2024-04-29 04:20:00,2338.165,True,True,False,0.8878,0.0,0.8878,2344.285,2024-04-29 05:54:00,0.4934,2333.208,2024-04-29 08:26:00,True,2024-04-29 05:47:00,0.0748,0.4934,True,2336.565,2024-04-29 05:04:00,0.0748
GC,2024-04-29,Monday,RDR,2338.718,2330.725,7.992999999999938,2339.165,2325.455,13.710000000000036,True,LONG,2024-04-29 12:00:00,2339.625,True,True,False,0.9842,0.0,0.9842,2346.585,2024-04-29 12:23:00,0.7285,2332.895,2024-04-29 15:43:00,True,2024-04-29 12:13:00,0.0,0.7285,True,2338.218,2024-04-29 14:27:00,0.0626
GC,2024-04-30,Tuesday,ADR,2333.725,2332.065,1.6599999999998545,2334.265,2331.635,2.6299999999996544,True,LONG,2024-04-29 20:40:00,2334.275,False,True,False,1.4036,6.2771,1.4036,2336.055,2024-04-29 21:51:00,7.2771,2321.645,2024-04-30 01:32:00,True,2024-04-29 20:53:00,0.8494,7.2771,True,2333.574,2024-04-29 20:48:00,0.091
GC,2024-04-30,Tuesday,ODR,2322.305,2316.165,6.139999999999873,2322.545,2315.215,7.329999999999927,True,SHORT,2024-04-30 04:15:00,2315.085,True,True,True,0.0,1.3225,1.3225,2308.045,2024-04-30 08:24:00,0.2818,2317.895,2024-04-30 06:28:00,True,2024-04-30 04:28:00,0.2818,0.2818,True,2316.285,2024-04-30 05:22:00,0.0195
GC,2024-04-30,Tuesday,RDR,2312.795,2300.735,12.059999999999945,2313.245,2298.645,14.599999999999909,True,SHORT,2024-04-30 10:35:00,2298.165,True,True,True,0.0,0.9561,0.9561,2289.205,2024-04-30 15:59:00,0.1368,2302.385,2024-04-30 10:49:00,True,2024-04-30 10:59:00,0.1368,0.0,True,2301.065,2024-04-30 10:48:00,0.0274
GC,2024-05-01,Wednesday,ADR,2292.765,2288.255,4.5099999999997635,2293.175,2288.038,5.137000000000171,True,SHORT,2024-04-30 20:40:00,2287.805,True,True,True,0.0,1.4945,1.4945,2281.515,2024-05-01 00:20:00,0.235,2289.315,2024-04-30 21:56:00,True,2024-04-30 20:51:00,0.235,0.235,True,2288.345,2024-04-30 20:45:00,0.02
GC,2024-05-01,Wednesday,ODR,2287.605,2283.875,3.730000000000018,2287.825,2283.365,4.460000000000036,True,LONG,2024-05-01 05:05:00,2288.355,True,True,True,2.9544,0.0483,2.9544,2298.625,2024-05-01 08:15:00,0.4416,2285.958,2024-05-01 05:21:00,True,2024-05-01 05:36:00,0.4416,0.0,True,2287.395,2024-05-01 05:15:00,0.0563
GC,2024-05-01,Wednesday,RDR,2309.728,2300.325,9.403000000000247,2310.278,2299.368,10.909999999999854,True,SHORT,2024-05-01 13:45:00,2298.845,False,True,False,1.9671,0.519,0.519,2295.445,2024-05-01 14:00:00,2.9671,2328.225,2024-05-01 14:55:00,True,2024-05-01 14:00:00,0.3722,2.9671,True,2303.825,2024-05-01 14:00:00,0.3722
GC,2024-05-02,Thursday,ADR,2324.735,2320.855,3.880000000000109,2325.435,2320.855,4.579999999999927,True,LONG,2024-05-01 21:05:00,2326.138,False,True,False,0.4098,2.0559,0.4098,2326.325,2024-05-01 21:10:00,3.0559,2312.878,2024-05-02 01:25:00,False,,0.0,,True,2324.358,2024-05-01 21:19:00,0.0972
GC,2024-05-02,Thursday,ODR,2314.545,2309.115,5.430000000000291,2314.995,2308.025,6.9699999999998,True,SHORT,2024-05-02 04:10:00,2307.475,True,False,,0.0,2.5875,2.5875,2295.065,2024-05-02 06:29:00,0.0,2307.975,2024-05-02 04:23:00,True,2024-05-02 04:18:00,0.0,0.0,False,,,
GC,2024-05-02,Thursday,RDR,2298.105,2288.168,9.936999999999898,2299.355,2285.358,13.996999999999844,True,LONG,2024-05-02 10:30:00,2299.725,True,True,True,1.1301,0.0,1.1301,2309.335,2024-05-02 14:10:00,0.0946,2297.165,2024-05-02 11:54:00,True,2024-05-02 10:57:00,0.0946,0.0946,True,2297.715,2024-05-02 10:36:00,0.0392
GC,2024-05-03,Friday,ADR,2304.115,2301.185,2.9299999999998363,2304.735,2300.148,4.586999999999989,True,LONG,2024-05-02 21:05:00,2305.555,False,True,True,1.5358,0.4983,1.5358,2308.615,2024-05-03 01:06:00,1.4983,2299.725,2024-05-02 22:26:00,True,2024-05-02 21:10:00,1.4983,1.4983,True,2303.935,2024-05-02 21:12:00,0.0614
GC,2024-05-03,Friday,ODR,2301.065,2297.675,3.3899999999998727,2301.325,2297.675,3.649999999999636,True,LONG,2024-05-03 04:05:00,2302.005,False,True,False,0.587,0.944,0.587,2303.055,2024-05-03 05:39:00,1.944,2294.475,2024-05-03 08:24:00,True,2024-05-03 05:39:00,0.7404,1.944,True,2300.645,2024-05-03 04:13:00,0.1239
GC,2024-05-03,Friday,RDR,2300.845,2281.995,18.84999999999991,2304.325,2277.165,27.159999999999854,False,,,,,,,0.1135,0.0,,,,,,,False,,,,False,,,
GC,2024-05-06,Monday,ADR,2300.705,2292.145,8.559999999999945,2300.785,2291.645,9.139999999999873,True,LONG,2024-05-05 21:00:00,2305.515,True,False,,1.6951,0.0,1.6951,2315.215,2024-05-05 22:06:00,0.0,2303.025,2024-05-05 21:06:00,True,2024-05-05 21:05:00,0.0,0.0,False,,,
GC,2024-05-06,Monday,ODR,2323.005,2313.185,9.820000000000164,2324.045,2312.258,11.787000000000262,False,,,,,,,0.0,0.0,,,,,,,False,,,,False,,,
GC,2024-05-06,Monday,RDR,2330.095,2324.375,5.7199999999998,2331.988,2322.275,9.712999999999738,True,SHORT,2024-05-06 10:40:00,2321.185,True,True,False,0.0,1.1906,1.1906,2317.565,2024-05-06 12:32:00,0.5075,2327.278,2024-05-06 12:23:00,True,2024-05-06 10:45:00,0.5075,0.5075,True,2324.755,2024-05-06 11:40:00,0.0664
GC,2024-05-07,Tuesday,ADR,2328.045,2324.665,3.380000000000109,2328.215,2324.225,3.9900000000002365,True,LONG,2024-05-06 20:50:00,2328.515,False,True,False,0.5157,1.508,0.5157,2329.788,2024-05-06 21:12:00,2.508,2319.568,2024-05-06 22:16:00,True,2024-05-06 21:12:00,0.5,2.508,True,2328.005,2024-05-06 21:00:00,0.0118
GC,2024-05-07,Tuesday,ODR,2321.525,2318.245,3.2800000000002,2321.855,2317.635,4.2199999999998,True,SHORT,2024-05-07 04:10:00,2313.915,True,False,,0.0,2.5692,2.5692,2309.818,2024-05-07 08:00:00,0.0,2317.135,2024-05-07 05:03:00,True,2024-05-07 04:15:00,0.0,0.0,False,,,
GC,2024-05-07,Tuesday,RDR,2321.818,2317.925,3.893000000000029,2322.308,2316.578,5.730000000000018,True,SHORT,2024-05-07 10:55:00,2314.065,True,True,True,0.0,1.7904,1.7904,2310.955,2024-05-07 13:07:00,0.2774,2319.005,2024-05-07 11:11:00,True,2024-05-07 11:00:00,0.2774,0.2774,True,2317.935,2024-05-07 11:08:00,0.0026
GC,2024-05-08,Wednesday,ADR,2315.945,2314.895,1.050000000000182,2316.205,2314.335,1.8699999999998909,True,SHORT,2024-05-07 20:40:00,2313.765,False,True,False,5.1429,7.6381,7.6381,2306.875,2024-05-07 21:35:00,6.1429,2321.345,2024-05-08 01:31:00,True,2024-05-07 20:45:00,0.0,6.1429,True,2315.115,2024-05-07 22:53:00,0.2095
GC,2024-05-08,Wednesday,ODR,2314.585,2305.505,9.079999999999927,2314.825,2305.115,9.710000000000036,True,SHORT,2024-05-08 04:25:00,2304.208,False,True,False,0.4783,0.2148,0.1509,2304.135,2024-05-08 04:30:00,1.4783,2318.928,2024-05-08 08:03:00,False,,0.0,,True,2305.995,2024-05-08 04:32:00,0.054
GC,2024-05-08,Wednesday,RDR,2316.715,2308.104,8.611000000000331,2317.155,2307.055,10.100000000000364,True,LONG,2024-05-08 11:25:00,2317.285,False,True,False,0.4912,0.0289,0.4912,2320.945,2024-05-08 12:10:00,1.0289,2307.855,2024-05-08 15:59:00,False,,0.0221,,True,2316.525,2024-05-08 11:30:00,0.0221
GC,2024-05-09,Thursday,ADR,2309.415,2307.828,1.586999999999989,2309.415,2307.738,1.6770000000001346,True,LONG,2024-05-08 20:45:00,2310.145,True,True,True,6.4417,0.0523,6.4417,2319.638,2024-05-09 01:35:00,1.0523,2307.745,2024-05-08 22:09:00,True,2024-05-08 20:50:00,1.0523,1.0523,True,2308.995,2024-05-08 20:56:00,0.2647
GC,2024-05-09,Thursday,ODR,2314.195,2308.725,5.470000000000255,2314.885,2307.555,7.330000000000382,True,SHORT,2024-05-09 05:45:00,2307.455,False,True,False,0.947,0.3857,0.2907,2307.135,2024-05-09 05:51:00,1.947,2319.375,2024-05-09 08:26:00,False,,0.0,,True,2309.135,2024-05-09 06:05:00,0.075
GC,2024-05-09,Thursday,RDR,2335.925,2317.415,18.51000000000022,2338.665,2317.265,21.40000000000009,True,LONG,2024-05-09 15:35:00,2341.275,True,False,,0.4349,0.0,0.4349,2343.975,2024-05-09 15:55:00,0.0,2339.868,2024-05-09 15:44:00,False,,0.0,,False,,,
GC,2024-05-10,Friday,ADR,2348.358,2346.078,2.2800000000002,2348.418,2345.764,2.6539999999999964,True,LONG,2024-05-09 21:00:00,2351.845,True,True,True,4.5162,0.0,4.5162,2358.655,2024-05-10 01:49:00,0.5452,2347.115,2024-05-09 22:37:00,True,2024-05-09 21:05:00,0.5452,0.5452,True,2348.035,2024-05-09 21:53:00,0.1417
GC,2024-05-10,Friday,ODR,2369.305,2364.844,4.460999999999785,2370.225,2364.725,5.5,True,LONG,2024-05-10 05:00:00,2370.535,True,True,False,2.0309,0.0,2.0309,2378.365,2024-05-10 06:42:00,0.8467,2365.528,2024-05-10 08:28:00,True,2024-05-10 05:06:00,0.0,0.8467,True,2366.655,2024-05-10 08:22:00,0.594
GC,2024-05-10,Friday,RDR,2371.245,2360.525,10.7199999999998,2372.874,2360.335,12.53899999999976,True,SHORT,2024-05-10 11:00:00,2356.595,True,True,False,0.0,0.3759,0.3675,2356.585,2024-05-10 11:05:00,0.9599,2370.815,2024-05-10 14:00:00,False,,0.0,,True,2360.965,2024-05-10 11:12:00,0.041
GC,2024-05-13,Monday,ADR,2362.348,2359.985,2.362999999999829,2362.848,2359.625,3.2229999999999563,True,LONG,2024-05-12 20:30:00,2363.368,False,True,False,0.8493,3.7694,0.8493,2364.355,2024-05-12 20:58:00,4.7694,2351.078,2024-05-13 01:38:00,True,2024-05-12 20:35:00,0.0,4.7694,True,2361.368,2024-05-12 21:01:00,0.4147
GC,2024-05-13,Monday,ODR,2350.265,2346.755,3.5099999999997635,2351.205,2346.395,4.809999999999945,True,SHORT,2024-05-13 04:25:00,2343.348,True,True,True,0.0,2.4017,2.4017,2338.325,2024-05-13 07:11:00,0.8328,2349.678,2024-05-13 08:21:00,True,2024-05-13 04:30:00,0.0,0.8328,True,2346.858,2024-05-13 08:12:00,0.0293
GC,2024-05-13,Monday,RDR,2347.765,2340.945,6.819999999999709,2348.075,2340.235,7.839999999999691,True,SHORT,2024-05-13 11:00:00,2337.035,True,False,,0.0,1.3138,1.3138,2331.985,2024-05-13 11:32:00,0.0,2339.575,2024-05-13 11:07:00,True,2024-05-13 11:05:00,0.0,0.0,False,,,
GC,2024-05-14,Tuesday,ADR,2338.885,2337.495,1.3900000000003274,2339.605,2337.335,2.269999999999982,True,SHORT,2024-05-13 20:35:00,2336.395,False,True,False,4.9734,2.0144,2.0144,2334.695,2024-05-13 20:45:00,5.9734,2345.798,2024-05-14 01:42:00,True,2024-05-13 20:40:00,0.0,5.9734,True,2337.955,2024-05-13 21:01:00,0.3309
GC,2024-05-14,Tuesday,ODR,2339.615,2336.215,3.399999999999636,2339.668,2335.985,3.6829999999999927,True,LONG,2024-05-14 04:40:00,2340.948,True,False,,2.5332,0.0,2.5332,2348.228,2024-05-14 08:20:00,0.0,2340.075,2024-05-14 04:48:00,True,2024-05-14 04:45:00,0.0,0.0,False,,,
GC,2024-05-14,Tuesday,RDR,2354.835,2345.868,8.967000000000098,2356.935,2344.824,12.110999999999876,True,LONG,2024-05-14 14:00:00,2357.288,True,False,,0.5267,0.0,0.5267,2359.558,2024-05-14 14:42:00,0.0,2354.945,2024-05-14 15:20:00,True,2024-05-14 14:26:00,0.0,0.0,False,,,
GC,2024-05-15,Wednesday,ADR,2357.105,2355.565,1.5399999999999636,2357.228,2354.975,2.2530000000001564,True,SHORT,2024-05-14 20:35:00,2354.895,False,True,False,2.461,0.5136,0.5136,2354.774,2024-05-14 20:40:00,3.461,2360.895,2024-05-14 23:52:00,True,2024-05-14 20:40:00,0.0,3.461,True,2355.595,2024-05-14 20:42:00,0.0195
GC,2024-05-15,Wednesday,ODR,2364.018,2358.625,5.393000000000029,2364.838,2358.325,6.513000000000375,True,LONG,2024-05-15 04:15:00,2365.165,True,True,False,1.8834,0.0078,1.8834,2374.175,2024-05-15 04:49:00,1.0078,2358.583,2024-05-15 08:28:00,True,2024-05-15 04:25:00,0.0,1.0078,True,2363.835,2024-05-15 07:12:00,0.0339
GC,2024-05-15,Wednesday,RDR,2368.035,2353.365,14.670000000000073,2370.265,2351.735,18.529999999999745,True,LONG,2024-05-15 10:40:00,2370.295,True,True,True,1.5101,0.0,1.5101,2390.188,2024-05-15 13:35:00,0.088,2366.744,2024-05-15 10:46:00,True,2024-05-15 11:01:00,0.088,0.0,True,2366.744,2024-05-15 10:46:00,0.088
GC,2024-05-16,Thursday,ADR,2393.888,2390.415,3.4729999999999563,2394.168,2389.755,4.413000000000011,True,LONG,2024-05-15 20:50:00,2394.488,False,True,False,0.9752,1.1517,0.9752,2397.275,2024-05-15 21:02:00,2.1517,2386.415,2024-05-15 22:58:00,True,2024-05-15 21:00:00,0.0,2.1517,True,2392.628,2024-05-15 21:06:00,0.3628
GC,2024-05-16,Thursday,ODR,2390.145,2385.855,4.289999999999964,2391.045,2384.545,6.5,True,SHORT,2024-05-16 05:25:00,2384.225,True,True,True,0.2587,1.1772,1.1772,2380.805,2024-05-16 06:34:00,0.1772,2386.615,2024-05-16 05:46:00,True,2024-05-16 05:30:00,0.1772,0.1772,True,2386.615,2024-05-16 05:46:00,0.1772
GC,2024-05-16,Thursday,RDR,2379.055,2373.065,5.989999999999782,2379.055,2371.565,7.489999999999782,True,LONG,2024-05-16 11:20:00,2380.305,True,True,False,0.7663,0.3706,0.7663,2383.645,2024-05-16 12:45:00,0.2255,2377.704,2024-05-16 15:59:00,True,2024-05-16 11:34:00,0.0083,0.2255,True,2379.005,2024-05-16 12:07:00,0.0083
GC,2024-05-17,Friday,ADR,2378.865,2377.705,1.1599999999998545,2379.525,2377.645,1.8800000000001091,True,SHORT,2024-05-16 21:00:00,2377.405,False,True,False,2.9138,3.3767,3.3767,2373.788,2024-05-16 22:56:00,3.9138,2382.245,2024-05-17 01:32:00,True,2024-05-16 21:10:00,2.9224,3.9138,True,2378.235,2024-05-16 21:05:00,0.4569
GC,2024-05-17,Friday,ODR,2387.225,2383.215,4.0099999999997635,2387.668,2382.765,4.903000000000247,True,SHORT,2024-05-17 04:10:00,2382.445,False,True,False,0.7781,0.5062,0.5062,2381.185,2024-05-17 04:42:00,1.7781,2390.345,2024-05-17 08:04:00,True,2024-05-17 04:42:00,0.32,1.7781,True,2383.328,2024-05-17 04:17:00,0.0282
GC,2024-05-17,Friday,RDR,2405.745,2396.905,8.83999999999969,2407.788,2395.785,12.003000000000156,True,LONG,2024-05-17 10:40:00,2408.855,True,True,True,1.5057,0.0,1.5057,2419.055,2024-05-17 14:44:00,0.2429,2403.598,2024-05-17 11:25:00,True,2024-05-17 10:46:00,0.2429,0.2429,True,2403.598,2024-05-17 11:25:00,0.2429
GC,2024-05-20,Monday,ADR,2421.565,2416.708,4.856999999999971,2421.705,2416.415,5.289999999999964,True,LONG,2024-05-19 20:30:00,2424.745,True,False,,5.8513,0.0,5.8513,2449.985,2024-05-20 01:53:00,0.0,2422.525,2024-05-19 20:36:00,True,2024-05-19 20:35:00,0.0,0.0,False,,,
GC,2024-05-20,Monday,ODR,2442.108,2437.475,4.633000000000266,2443.625,2435.465,8.159999999999854,True,LONG,2024-05-20 05:05:00,2445.385,False,True,False,1.0591,4.8694,1.0591,2447.015,2024-05-20 05:16:00,5.8694,2414.915,2024-05-20 08:26:00,True,2024-05-20 05:10:00,0.0,5.8694,True,2441.848,2024-05-20 05:40:00,0.0561
GC,2024-05-20,Monday,RDR,2420.085,2412.605,7.480000000000018,2421.595,2410.235,11.359999999999673,True,LONG,2024-05-20 10:55:00,2422.875,True,True,True,2.2888,0.0,2.2888,2437.205,2024-05-20 14:28:00,0.1012,2419.328,2024-05-20 11:37:00,True,2024-05-20 11:10:00,0.1012,0.1012,True,2419.328,2024-05-20 11:37:00,0.1012
GC,2024-05-21,Tuesday,ADR,2426.935,2425.785,1.150000000000091,2427.545,2424.885,2.6599999999998545,True,LONG,2024-05-20 20:45:00,2427.925,False,True,False,5.2348,17.067,5.2348,2432.955,2024-05-20 21:26:00,18.067,2406.158,2024-05-20 23:27:00,True,2024-05-20 20:50:00,0.4696,18.067,True,2426.395,2024-05-20 21:09:00,0.4696
GC,2024-05-21,Tuesday,ODR,2421.705,2410.485,11.2199999999998,2422.075,2408.484,13.590999999999894,True,LONG,2024-05-21 07:50:00,2422.378,True,False,,0.5784,0.0,0.5784,2428.195,2024-05-21 08:27:00,0.0,2422.285,2024-05-21 08:02:00,True,2024-05-21 08:25:00,0.0,0.0,False,,,
GC,2024-05-21,Tuesday,RDR,2430.585,2425.375,5.210000000000036,2430.815,2424.635,6.179999999999836,True,LONG,2024-05-21 11:00:00,2432.925,False,True,False,0.6244,1.5618,0.6244,2433.838,2024-05-21 11:07:00,2.5618,2417.238,2024-05-21 14:02:00,True,2024-05-21 11:05:00,0.0,2.5618,True,2429.465,2024-05-21 11:10:00,0.215
GC,2024-05-22,Wednesday,ADR,2422.524,2421.214,1.3099999999999454,2422.954,2421.024,1.930000000000291,True,SHORT,2024-05-21 20:50:00,2420.824,False,True,True,2.916,7.6336,7.6336,2411.214,2024-05-22 01:17:00,3.916,2426.344,2024-05-21 22:12:00,True,2024-05-21 20:55:00,3.916,3.916,True,2421.544,2024-05-21 21:00:00,0.2519
GC,2024-05-22,Wednesday,ODR,2417.404,2412.734,4.670000000000073,2418.314,2412.074,6.239999999999782,True,SHORT,2024-05-22 04:25:00,2410.514,False,True,False,0.3835,1.7315,1.7315,2404.648,2024-05-22 07:57:00,1.3835,2419.195,2024-05-22 06:05:00,True,2024-05-22 04:30:00,1.3835,1.3835,True,2412.745,2024-05-22 04:34:00,0.0024
GC,2024-05-22,Wednesday,RDR,2411.445,2386.165,25.2800000000002,2412.565,2383.915,28.65000000000009,True,SHORT,2024-05-22 14:20:00,2383.685,True,False,,0.0,0.4474,0.4474,2374.855,2024-05-22 14:52:00,0.0,2383.685,2024-05-22 14:25:00,False,,0.0,,False,,,
GC,2024-05-23,Thursday,ADR,2383.005,2381.138,1.8670000000001892,2383.605,2380.928,2.6770000000001346,True,SHORT,2024-05-22 20:45:00,2380.255,True,True,True,0.0482,12.2941,12.2941,2358.185,2024-05-23 01:58:00,0.3519,2381.795,2024-05-22 21:03:00,True,2024-05-22 20:52:00,0.3519,0.3519,True,2381.205,2024-05-22 21:00:00,0.0359
GC,2024-05-23,Thursday,ODR,2364.144,2355.675,8.468999999999596,2364.695,2355.008,9.687000000000353,True,LONG,2024-05-23 06:10:00,2366.564,True,True,True,0.6106,0.0791,0.6106,2369.315,2024-05-23 07:31:00,0.0247,2363.935,2024-05-23 06:41:00,True,2024-05-23 07:08:00,0.0247,0.0,True,2364.055,2024-05-23 06:40:00,0.0105
GC,2024-05-23,Thursday,RDR,2367.155,2347.175,19.980000000000018,2369.445,2346.565,22.88000000000011,True,SHORT,2024-05-23 10:30:00,2343.095,True,True,True,0.0,0.8173,0.8173,2330.845,2024-05-23 15:55:00,0.1441,2350.055,2024-05-23 12:05:00,True,2024-05-23 13:28:00,0.1441,0.0,True,2347.425,2024-05-23 10:35:00,0.0125
GC,2024-05-24,Friday,ADR,2333.115,2328.825,4.289999999999964,2333.515,2327.948,5.567000000000007,True,LONG,2024-05-23 21:25:00,2333.735,False,True,True,1.4172,0.8298,1.4172,2339.195,2024-05-24 01:52:00,1.8298,2325.265,2024-05-23 22:32:00,True,2024-05-24 01:30:00,1.8298,0.0,True,2332.955,2024-05-23 21:30:00,0.0373
GC,2024-05-24,Friday,ODR,2340.015,2337.155,2.8599999999996726,2340.495,2336.905,3.5899999999996908,True,SHORT,2024-05-24 04:00:00,2336.815,False,True,False,1.3007,0.4126,0.4126,2335.975,2024-05-24 04:06:00,2.3007,2343.735,2024-05-24 06:29:00,False,,0.0,,True,2337.565,2024-05-24 04:09:00,0.1434
GC,2024-05-24,Friday,RDR,2344.715,2336.675,8.039999999999964,2347.325,2335.398,11.92699999999968,True,SHORT,2024-05-24 11:25:00,2334.845,True,True,True,0.0,0.6107,0.6107,2331.765,2024-05-24 15:35:00,0.024,2336.868,2024-05-24 12:28:00,True,2024-05-24 11:35:00,0.024,0.024,True,2336.718,2024-05-24 12:27:00,0.0053
GC,2024-05-27,Monday,ADR,2338.524,2336.144,2.380000000000109,2338.524,2335.378,3.145999999999731,True,SHORT,2024-05-26 20:40:00,2334.945,False,True,False,3.7651,0.763,0.7013,2334.475,2024-05-26 21:03:00,4.7651,2347.485,2024-05-26 23:29:00,True,2024-05-26 20:45:00,0.4038,4.7651,True,2336.178,2024-05-26 20:53:00,0.0143
GC,2024-05-27,Monday,ODR,2341.258,2338.458,2.799999999999727,2341.405,2337.975,3.430000000000291,True,LONG,2024-05-27 04:15:00,2341.628,True,True,True,3.0271,0.1439,3.0271,2349.734,2024-05-27 08:20:00,0.0286,2341.178,2024-05-27 04:20:00,True,2024-05-27 04:25:00,0.0286,0.0,True,2341.178,2024-05-27 04:20:00,0.0286
GC,2024-05-27,Monday,RDR,2357.365,2350.308,7.056999999999789,2358.388,2348.688,9.699999999999818,False,,,,,,,0.068,0.0,,,,,,,False,,,,False,,,
GC,2024-05-28,Tuesday,ADR,2352.665,2351.125,1.5399999999999636,2353.525,2350.945,2.5799999999999272,True,SHORT,2024-05-27 21:10:00,2349.965,False,True,True,2.3136,1.3701,1.3701,2349.015,2024-05-27 21:15:00,3.3136,2356.228,2024-05-27 21:52:00,True,2024-05-27 21:15:00,0.0,3.3136,True,2351.785,2024-05-27 21:17:00,0.4286
GC,2024-05-28,Tuesday,ODR,2344.635,2341.675,2.9600000000000364,2344.855,2341.605,3.25,True,SHORT,2024-05-28 04:10:00,2340.645,False,True,False,3.9223,0.5135,0.5135,2340.155,2024-05-28 04:19:00,4.9223,2356.245,2024-05-28 08:27:00,True,2024-05-28 04:19:00,0.098,4.9223,True,2341.965,2024-05-28 04:15:00,0.098
GC,2024-05-28,Tuesday,RDR,2360.725,2349.875,10.849999999999909,2362.595,2347.805,14.789999999999964,False,,,,,,,0.1272,0.0,,,,,,,False,,,,False,,,
GC,2024-05-29,Wednesday,ADR,2360.528,2358.878,1.6499999999996362,2360.915,2358.568,2.3469999999997526,True,SHORT,2024-05-28 20:30:00,2358.348,True,True,True,0.4527,2.7818,2.7818,2354.288,2024-05-28 22:56:00,1.4527,2361.275,2024-05-29 01:42:00,True,2024-05-28 20:35:00,1.1333,1.4527,True,2358.935,2024-05-28 21:01:00,0.0345
GC,2024-05-29,Wednesday,ODR,2355.695,2350.425,5.269999999999982,2356.058,2349.925,6.132999999999811,True,SHORT,2024-05-29 04:05:00,2349.068,True,True,True,0.0,2.2751,2.2751,2338.435,2024-05-29 07:53:00,0.2201,2351.585,2024-05-29 04:13:00,True,2024-05-29 04:24:00,0.2201,0.0,True,2350.775,2024-05-29 04:11:00,0.0664
GC,2024-05-29,Wednesday,RDR,2346.635,2340.535,6.100000000000364,2347.065,2339.815,7.25,True,SHORT,2024-05-29 11:25:00,2339.555,True,True,True,0.0,0.7607,0.7607,2335.895,2024-05-29 12:17:00,0.6005,2344.198,2024-05-29 14:01:00,True,2024-05-29 11:34:00,0.1475,0.6005,True,2340.625,2024-05-29 11:45:00,0.0148
GC,2024-05-30,Thursday,ADR,2338.525,2336.265,2.2600000000002183,2338.905,2335.505,3.400000000000091,True,SHORT,2024-05-29 20:35:00,2334.965,False,True,True,0.5456,6.1093,6.1093,2322.458,2024-05-30 01:52:00,1.5456,2339.758,2024-05-29 21:21:00,True,2024-05-29 20:40:00,1.5456,1.5456,True,2336.735,2024-05-29 20:50:00,0.208
GC,2024-05-30,Thursday,ODR,2337.108,2332.735,4.373000000000047,2337.588,2332.155,5.432999999999993,True,SHORT,2024-05-30 05:45:00,2331.975,False,True,False,0.9941,0.5214,0.5214,2330.455,2024-05-30 06:16:00,1.9941,2341.455,2024-05-30 08:25:00,True,2024-05-30 06:16:00,0.1418,1.9941,True,2333.255,2024-05-30 05:52:00,0.1189
GC,2024-05-30,Thursday,RDR,2350.785,2342.885,7.899999999999636,2351.698,2342.435,9.26299999999992,True,SHORT,2024-05-30 12:00:00,2341.625,True,True,True,0.0,0.3911,0.3911,2339.795,2024-05-30 15:50:00,0.743,2348.755,2024-05-30 13:00:00,False,,0.743,,True,2343.208,2024-05-30 12:19:00,0.0409
GC,2024-05-31,Friday,ADR,2343.995,2342.488,1.5070000000000618,2344.425,2342.378,2.0470000000000255,True,LONG,2024-05-30 20:40:00,2345.015,False,True,False,2.3975,3.7445,2.3975,2347.608,2024-05-30 22:09:00,4.7445,2336.845,2024-05-30 23:17:00,True,2024-05-30 20:45:00,0.6702,4.7445,True,2343.595,2024-05-30 21:15:00,0.2654
GC,2024-05-31,Friday,ODR,2345.685,2340.295,5.389999999999873,2345.705,2339.825,5.880000000000109,False,,,,,,,0.0,0.1262,,,,,,,False,,,,False,,,
GC,2024-05-31,Friday,RDR,2355.035,2337.905,17.129999999999654,2355.975,2337.375,18.59999999999991,True,SHORT,2024-05-31 10:40:00,2335.985,True,True,True,0.0,1.0222,1.0222,2320.395,2024-05-31 15:17:00,0.0105,2338.085,2024-05-31 10:45:00,True,2024-05-31 11:20:00,0.0105,0.0,True,2338.085,2024-05-31 10:45:00,0.0105
GC,2024-06-03,Monday,ADR,2326.065,2324.395,1.6700000000000728,2326.168,2323.915,2.2530000000001564,True,LONG,2024-06-02 20:45:00,2326.985,False,True,False,2.9581,5.497,2.9581,2331.005,2024-06-02 21:22:00,6.497,2315.215,2024-06-03 01:45:00,True,2024-06-02 20:50:00,0.0102,6.497,True,2326.048,2024-06-02 21:06:00,0.0102
GC,2024-06-03,Monday,ODR,2328.475,2322.285,6.190000000000055,2328.755,2322.095,6.660000000000309,True,LONG,2024-06-03 06:40:00,2330.264,True,True,True,0.7517,0.0,0.6257,2332.348,2024-06-03 08:28:00,0.475,2325.535,2024-06-03 08:13:00,True,2024-06-03 06:49:00,0.475,0.475,True,2328.005,2024-06-03 08:00:00,0.0759
GC,2024-06-03,Monday,RDR,2339.998,2331.825,8.17300000000023,2342.475,2329.685,12.789999999999964,True,LONG,2024-06-03 10:35:00,2344.434,True,True,True,1.7823,0.0,1.7823,2354.565,2024-06-03 13:07:00,0.5677,2335.358,2024-06-03 11:05:00,True,2024-06-03 10:40:00,0.5677,0.5677,True,2338.825,2024-06-03 11:02:00,0.1435
GC,2024-06-04,Tuesday,ADR,2351.725,2350.065,1.6599999999998545,2351.905,2349.655,2.25,True,LONG,2024-06-03 20:30:00,2352.025,False,True,False,0.5542,4.2151,0.4157,2352.415,2024-06-03 20:35:00,5.2151,2343.068,2024-06-03 21:43:00,False,,0.0,,True,2351.688,2024-06-03 20:43:00,0.0223
GC,2024-06-04,Tuesday,ODR,2344.525,2339.585,4.940000000000055,2345.015,2339.008,6.007000000000062,True,SHORT,2024-06-04 04:00:00,2336.665,True,False,,0.0,2.8715,2.8715,2325.4,2024-06-04 07:29:00,0.0,2337.835,2024-06-04 04:07:00,True,2024-06-04 04:05:00,0.0,0.0,False,,,
GC,2024-06-04,Tuesday,RDR,2337.175,2317.135,20.039999999999964,2337.175,2315.508,21.66700000000037,False,,,,,,,0.0,0.0439,,,,,,,False,,,,False,,,
GC,2024-06-05,Wednesday,ADR,2328.955,2327.505,1.449999999999818,2329.155,2327.415,1.7400000000002365,True,LONG,2024-06-04 20:30:00,2329.188,False,True,True,8.6759,1.1862,8.6759,2341.535,2024-06-05 01:11:00,2.1862,2325.785,2024-06-04 21:05:00,True,2024-06-04 21:45:00,2.1862,0.3221,True,2328.758,2024-06-04 20:36:00,0.1359
GC,2024-06-05,Wednesday,ODR,2332.895,2329.085,3.8099999999999454,2333.615,2329.015,4.599999999999909,True,LONG,2024-06-05 04:10:00,2334.285,True,True,True,1.3199,0.0,1.3199,2337.924,2024-06-05 08:15:00,0.931,2329.348,2024-06-05 06:10:00,True,2024-06-05 04:44:00,0.931,0.931,True,2332.405,2024-06-05 04:17:00,0.1286
GC,2024-06-05,Wednesday,RDR,2345.818,2336.155,9.663000000000011,2346.548,2333.945,12.60299999999961,True,LONG,2024-06-05 10:30:00,2347.025,True,True,True,1.186,0.0,1.186,2357.278,2024-06-05 11:44:00,0.0283,2345.545,2024-06-05 10:51:00,True,2024-06-05 11:00:00,0.0283,0.0,True,2345.545,2024-06-05 10:51:00,0.0283
GC,2024-06-06,Thursday,ADR,2355.745,2354.665,1.0799999999999272,2355.878,2354.508,1.3700000000003456,True,LONG,2024-06-05 21:00:00,2358.155,True,False,,17.6481,0.238,17.6481,2374.805,2024-06-05 23:00:00,0.0,2357.565,2024-06-05 21:05:00,True,2024-06-05 21:05:00,0.0,0.0,False,,,
GC,2024-06-06,Thursday,ODR,2367.438,2362.735,4.7029999999999745,2368.208,2362.045,6.163000000000011,True,SHORT,2024-06-06 04:15:00,2361.275,True,True,True,0.0,1.2715,1.2715,2356.755,2024-06-06 08:13:00,0.2218,2363.778,2024-06-06 05:06:00,True,2024-06-06 04:33:00,0.2218,0.2218,True,2362.805,2024-06-06 04:26:00,0.0149
GC,2024-06-06,Thursday,RDR,2366.145,2360.365,5.7800000000002,2366.898,2358.378,8.519999999999982,True,LONG,2024-06-06 11:05:00,2367.565,True,False,,2.1216,0.0,2.1216,2378.408,2024-06-06 11:47:00,0.0,2367.518,2024-06-06 11:10:00,True,2024-06-06 11:11:00,0.0,0.0,False,,,
GC,2024-06-07,Friday,ADR,2377.755,2376.325,1.430000000000291,2378.148,2375.908,2.2400000000002365,True,LONG,2024-06-06 20:50:00,2378.315,False,True,False,6.8811,4.928,6.8811,2387.595,2024-06-07 01:04:00,5.928,2369.278,2024-06-06 22:04:00,True,2024-06-06 20:55:00,5.928,5.928,True,2377.595,2024-06-06 21:04:00,0.1119
GC,2024-06-07,Friday,ODR,2379.005,2373.0,6.005000000000109,2379.235,2372.738,6.497000000000298,True,SHORT,2024-06-07 04:00:00,2358.185,True,False,,0.0,7.1199,7.1199,2330.245,2024-06-07 08:27:00,0.0,2362.695,2024-06-07 04:05:00,True,2024-06-07 04:05:00,0.0,0.0,False,,,
GC,2024-06-07,Friday,RDR,2325.218,2308.028,17.190000000000055,2326.295,2304.875,21.420000000000073,True,SHORT,2024-06-07 12:00:00,2304.615,True,True,True,0.0,1.1926,1.1926,2287.528,2024-06-07 15:59:00,0.3733,2314.445,2024-06-07 12:51:00,True,2024-06-07 15:09:00,0.3733,0.0,True,2308.695,2024-06-07 12:10:00,0.0388
GC,2024-06-10,Monday,ADR,2299.835,2294.335,5.5,2300.038,2294.035,6.003000000000156,True,SHORT,2024-06-09 21:05:00,2293.935,True,True,False,0.2351,0.42,0.42,2292.025,2024-06-10 01:16:00,1.2351,2301.128,2024-06-09 22:05:00,False,,1.2351,,True,2295.025,2024-06-09 21:10:00,0.1255
GC,2024-06-10,Monday,ODR,2296.895,2291.085,5.809999999999945,2297.115,2290.395,6.7199999999998,True,LONG,2024-06-10 04:35:00,2297.198,True,True,True,2.0155,0.0,2.0155,2308.605,2024-06-10 08:20:00,0.8933,2291.705,2024-06-10 05:03:00,True,2024-06-10 07:01:00,0.8933,0.0,True,2296.345,2024-06-10 04:40:00,0.0947
GC,2024-06-10,Monday,RDR,2305.705,2301.865,3.8400000000001455,2306.515,2300.235,6.279999999999745,True,LONG,2024-06-10 11:40:00,2308.438,True,True,True,2.0703,0.1719,2.0703,2313.655,2024-06-10 12:35:00,0.026,2305.605,2024-06-10 11:52:00,True,2024-06-10 11:45:00,0.026,0.026,True,2305.605,2024-06-10 11:52:00,0.026
GC,2024-06-11,Tuesday,ADR,2310.225,2309.078,1.1469999999999345,2310.478,2308.675,1.8029999999998836,True,LONG,2024-06-10 20:40:00,2310.578,False,True,False,1.4037,10.0113,1.4037,2311.835,2024-06-10 20:57:00,11.0113,2297.595,2024-06-11 01:42:00,True,2024-06-10 20:46:00,0.0,11.0113,True,2308.795,2024-06-10 21:00:00,1.0
GC,2024-06-11,Tuesday,ODR,2305.055,2301.975,3.0799999999999272,2305.325,2301.565,3.7599999999997635,True,LONG,2024-06-11 04:05:00,2305.365,True,True,True,3.3614,0.1786,3.3614,2315.408,2024-06-11 08:27:00,1.1786,2301.425,2024-06-11 05:30:00,True,2024-06-11 04:26:00,1.1786,1.1786,True,2304.815,2024-06-11 04:17:00,0.0779
GC,2024-06-11,Tuesday,RDR,2315.985,2310.665,5.320000000000164,2317.075,2309.138,7.936999999999898,True,SHORT,2024-06-11 12:15:00,2308.895,True,True,False,0.3195,0.9154,0.9154,2305.795,2024-06-11 12:33:00,0.9286,2315.605,2024-06-11 14:27:00,True,2024-06-11 12:21:00,0.0,0.9286,True,2310.805,2024-06-11 13:02:00,0.0263
GC,2024-06-12,Wednesday,ADR,2316.005,2314.145,1.8600000000001273,2316.035,2313.835,2.199999999999818,True,SHORT,2024-06-11 20:55:00,2313.628,True,True,False,0.3333,1.9145,1.9145,2310.584,2024-06-11 22:37:00,1.3333,2316.625,2024-06-11 23:23:00,True,2024-06-11 21:00:00,0.6774,1.3333,True,2314.665,2024-06-11 21:54:00,0.2796
GC,2024-06-12,Wednesday,ODR,2314.705,2311.725,2.980000000000018,2315.368,2311.025,4.342999999999847,True,LONG,2024-06-12 04:00:00,2315.408,False,True,True,0.453,0.3557,0.453,2316.055,2024-06-12 08:20:00,1.3557,2310.665,2024-06-12 04:45:00,False,,1.3557,,True,2313.824,2024-06-12 04:06:00,0.2956
GC,2024-06-12,Wednesday,RDR,2340.405,2322.925,17.480000000000018,2340.878,2319.955,20.92300000000023,True,SHORT,2024-06-12 15:20:00,2316.785,True,False,,0.0,0.4102,0.4102,2315.755,2024-06-12 15:32:00,0.0,2321.265,2024-06-12 15:59:00,False,,0.0,,False,,,
GC,2024-06-13,Thursday,ADR,2321.835,2318.315,3.519999999999982,2322.205,2317.494,4.710999999999785,True,LONG,2024-06-12 20:30:00,2322.648,False,True,False,0.2784,2.9347,0.2642,2322.765,2024-06-12 20:35:00,3.9347,2307.985,2024-06-12 21:37:00,False,,0.0077,,True,2321.808,2024-06-12 20:35:00,0.0077
GC,2024-06-13,Thursday,ODR,2317.715,2314.025,3.6900000000000546,2318.525,2313.165,5.360000000000127,True,LONG,2024-06-13 06:20:00,2319.095,False,True,False,0.5799,2.7588,0.5799,2319.855,2024-06-13 06:34:00,3.7588,2303.845,2024-06-13 07:49:00,True,2024-06-13 06:27:00,0.0,3.7588,True,2317.568,2024-06-13 06:52:00,0.0398
GC,2024-06-13,Thursday,RDR,2323.065,2306.144,16.921000000000276,2324.675,2305.565,19.110000000000127,True,SHORT,2024-06-13 11:45:00,2302.625,True,False,,0.0,0.6352,0.6352,2295.395,2024-06-13 12:24:00,0.0,2304.865,2024-06-13 15:41:00,True,2024-06-13 11:57:00,0.0,0.0,False,,,
GC,2024-06-14,Friday,ADR,2303.348,2301.518,1.8299999999999272,2303.678,2301.415,2.26299999999992,True,LONG,2024-06-13 20:30:00,2304.195,True,True,True,4.4355,0.0,4.4355,2311.465,2024-06-14 01:50:00,0.2186,2302.948,2024-06-13 21:35:00,True,2024-06-13 20:35:00,0.2186,0.2186,True,2303.335,2024-06-13 21:28:00,0.0071
GC,2024-06-14,Friday,ODR,2316.368,2309.595,6.773000000000138,2316.548,2309.265,7.282999999999902,True,LONG,2024-06-14 04:00:00,2317.985,True,True,True,2.9835,0.0,2.9835,2336.575,2024-06-14 07:47:00,0.1865,2315.105,2024-06-14 05:24:00,True,2024-06-14 04:09:00,0.1865,0.1865,True,2316.295,2024-06-14 04:44:00,0.0108
GC,2024-06-14,Friday,RDR,2333.118,2327.425,5.692999999999756,2335.358,2324.088,11.269999999999982,False,,,,,,,0.4105,0.6113,,,,,,,False,,,,False,,,
GC,2024-06-17,Monday,ADR,2329.155,2325.668,3.48700000000008,2329.484,2325.095,4.389000000000124,True,SHORT,2024-06-16 21:00:00,2324.705,True,True,True,0.0,2.2894,2.2894,2317.685,2024-06-17 01:59:00,0.9025,2328.815,2024-06-16 21:20:00,True,2024-06-16 21:07:00,0.9025,0.9025,True,2326.205,2024-06-16 21:15:00,0.154
GC,2024-06-17,Monday,ODR,2319.685,2316.025,3.6599999999998545,2320.015,2315.485,4.529999999999745,True,LONG,2024-06-17 04:15:00,2320.545,True,True,False,0.7787,0.0,0.7787,2322.535,2024-06-17 05:14:00,0.6366,2317.355,2024-06-17 08:27:00,True,2024-06-17 04:52:00,0.3762,0.6366,True,2319.335,2024-06-17 04:30:00,0.0956
GC,2024-06-17,Monday,RDR,2325.995,2319.595,6.400000000000091,2326.495,2318.215,8.279999999999745,True,SHORT,2024-06-17 11:30:00,2314.278,True,True,False,0.2344,1.5156,1.5156,2309.895,2024-06-17 11:50:00,0.1375,2320.475,2024-06-17 15:58:00,True,2024-06-17 11:35:00,0.0,0.1375,True,2319.928,2024-06-17 15:15:00,0.052
GC,2024-06-18,Tuesday,ADR,2322.085,2319.715,2.369999999999891,2323.095,2319.555,3.5399999999999636,True,LONG,2024-06-17 20:30:00,2324.485,True,True,False,1.4557,0.2561,1.4557,2325.535,2024-06-17 22:48:00,1.2561,2319.108,2024-06-17 21:21:00,True,2024-06-17 20:35:00,1.2561,1.2561,True,2321.808,2024-06-17 21:05:00,0.1169
GC,2024-06-18,Tuesday,ODR,2319.955,2315.255,4.699999999999818,2320.025,2314.865,5.160000000000309,True,SHORT,2024-06-18 04:00:00,2314.125,True,True,True,0.0,1.8702,1.8702,2306.465,2024-06-18 06:46:00,0.0149,2315.325,2024-06-18 08:20:00,True,2024-06-18 04:15:00,0.0,0.0149,True,2315.325,2024-06-18 08:20:00,0.0149
GC,2024-06-18,Tuesday,RDR,2326.635,2316.705,9.930000000000291,2327.625,2313.645,13.980000000000018,True,LONG,2024-06-18 11:40:00,2328.695,True,True,True,0.6418,0.0,0.6418,2333.008,2024-06-18 13:37:00,0.0423,2326.215,2024-06-18 11:51:00,True,2024-06-18 13:27:00,0.0423,0.0,True,2326.385,2024-06-18 11:50:00,0.0252
GC,2024-06-19,Wednesday,ADR,2329.398,2328.028,1.3700000000003456,2329.675,2327.898,1.7770000000000437,True,SHORT,2024-06-18 21:05:00,2327.338,False,True,False,1.6328,1.2263,1.2263,2326.348,2024-06-18 21:11:00,2.6328,2331.635,2024-06-18 23:14:00,True,2024-06-18 21:10:00,0.0,2.6328,True,2328.395,2024-06-18 21:27:00,0.2679
GC,2024-06-19,Wednesday,ODR,2331.725,2330.025,1.699999999999818,2332.555,2329.705,2.849999999999909,True,LONG,2024-06-19 04:00:00,2332.865,False,True,False,1.8488,2.5353,1.8488,2334.868,2024-06-19 04:15:00,3.5353,2325.715,2024-06-19 07:06:00,True,2024-06-19 04:05:00,0.0,3.5353,True,2331.565,2024-06-19 05:02:00,0.0941
GC,2024-06-19,Wednesday,RDR,2329.655,2324.285,5.370000000000346,2330.295,2323.984,6.311000000000149,True,LONG,2024-06-19 12:00:00,2330.298,True,True,False,0.3022,0.0,0.3022,2331.278,2024-06-19 12:22:00,0.4153,2327.425,2024-06-19 14:29:00,False,,0.0,,True,2329.535,2024-06-19 12:51:00,0.0223
GC,2024-06-20,Thursday,ADR,2329.505,2328.065,1.4400000000000546,2329.635,2327.628,2.007000000000062,True,LONG,2024-06-19 21:00:00,2333.615,True,False,,10.5785,0.2688,10.5785,2344.738,2024-06-20 01:37:00,0.0,2330.788,2024-06-19 21:21:00,True,2024-06-19 21:05:00,0.0,0.0,False,,,
GC,2024-06-20,Thursday,ODR,2344.175,2338.498,5.677000000000135,2344.875,2338.405,6.4699999999998,True,SHORT,2024-06-20 04:00:00,2336.175,True,True,False,0.0,1.2371,1.2371,2331.475,2024-06-20 05:14:00,0.576,2341.768,2024-06-20 08:26:00,True,2024-06-20 04:06:00,0.0,0.576,True,2338.568,2024-06-20 06:42:00,0.0123
GC,2024-06-20,Thursday,RDR,2355.535,2339.125,16.409999999999854,2358.975,2337.345,21.63000000000011,True,LONG,2024-06-20 10:40:00,2360.235,True,True,True,0.5996,0.0,0.5996,2365.375,2024-06-20 11:08:00,0.2612,2351.248,2024-06-20 11:30:00,True,2024-06-20 10:58:00,0.0,0.2612,True,2354.838,2024-06-20 11:20:00,0.0425
GC,2024-06-21,Friday,ADR,2362.935,2359.215,3.7199999999998,2363.008,2358.945,4.062999999999647,True,LONG,2024-06-20 20:30:00,2363.615,False,True,True,0.6855,0.596,0.6855,2365.485,2024-06-21 01:51:00,1.596,2356.998,2024-06-20 21:34:00,True,2024-06-21 01:51:00,1.596,0.0,True,2362.735,2024-06-20 20:36:00,0.0538
GC,2024-06-21,Friday,ODR,2363.715,2355.568,8.146999999999935,2364.345,2354.995,9.349999999999909,True,LONG,2024-06-21 04:10:00,2364.658,True,True,True,0.5945,0.0,0.5945,2368.558,2024-06-21 07:39:00,0.3114,2361.178,2024-06-21 06:12:00,True,2024-06-21 04:29:00,0.3114,0.3114,True,2363.545,2024-06-21 04:17:00,0.0209
GC,2024-06-21,Friday,RDR,2355.165,2330.951,24.213999999999942,2355.915,2328.495,27.420000000000073,True,SHORT,2024-06-21 11:15:00,2325.005,True,False,,0.0,0.5932,0.5932,2316.588,2024-06-21 13:50:00,0.0,2330.688,2024-06-21 11:54:00,True,2024-06-21 13:27:00,0.0,0.0,False,,,
GC,2024-06-24,Monday,ADR,2320.705,2317.655,3.049999999999727,2320.805,2317.575,3.230000000000018,True,LONG,2024-06-23 20:40:00,2320.958,True,True,True,2.1049,0.0,2.1049,2327.125,2024-06-24 01:30:00,0.5957,2318.888,2024-06-23 21:01:00,True,2024-06-23 21:06:00,0.5957,0.3967,True,2320.628,2024-06-23 20:47:00,0.0252
GC,2024-06-24,Monday,ODR,2331.455,2322.045,9.409999999999854,2331.688,2321.585,10.103000000000065,True,LONG,2024-06-24 04:00:00,2331.788,True,True,False,0.131,0.1509,0.131,2332.688,2024-06-24 04:05:00,1.1509,2320.625,2024-06-24 05:33:00,False,,0.0,,True,2331.225,2024-06-24 04:07:00,0.0244
GC,2024-06-24,Monday,RDR,2332.345,2327.794,4.550999999999931,2333.765,2326.815,6.949999999999818,True,LONG,2024-06-24 14:20:00,2333.808,True,True,False,0.4929,0.2276,0.4929,2334.588,2024-06-24 14:46:00,0.3355,2330.818,2024-06-24 15:20:00,False,,0.0,,True,2332.245,2024-06-24 15:02:00,0.022
GC,2024-06-25,Tuesday,ADR,2331.025,2328.975,2.050000000000182,2331.315,2328.848,2.4670000000000982,True,SHORT,2024-06-24 20:30:00,2328.828,True,True,True,0.0,3.1059,3.1059,2322.608,2024-06-25 00:06:00,0.8698,2330.758,2024-06-24 21:03:00,True,2024-06-24 21:21:00,0.8698,0.5088,True,2329.028,2024-06-24 20:35:00,0.0259
GC,2024-06-25,Tuesday,ODR,2327.245,2324.445,2.799999999999727,2327.565,2323.915,3.650000000000091,True,SHORT,2024-06-25 04:00:00,2323.395,False,True,False,3.4904,0.5929,0.5071,2323.025,2024-06-25 04:05:00,4.4904,2337.018,2024-06-25 06:26:00,True,2024-06-25 04:05:00,0.0,4.4904,True,2324.765,2024-06-25 04:07:00,0.1143
GC,2024-06-25,Tuesday,RDR,2325.925,2321.005,4.920000000000073,2328.085,2319.375,8.710000000000036,True,SHORT,2024-06-25 11:30:00,2317.805,True,True,True,0.3441,1.1382,1.1382,2315.405,2024-06-25 12:55:00,0.7988,2324.935,2024-06-25 12:00:00,True,2024-06-25 11:35:00,0.7988,0.7988,True,2321.165,2024-06-25 11:45:00,0.0325
GC,2024-06-26,Wednesday,ADR,2321.508,2318.948,2.5599999999999454,2323.738,2318.635,5.102999999999611,True,SHORT,2024-06-25 20:55:00,2318.295,True,True,True,0.0039,3.3176,3.3176,2310.455,2024-06-25 21:50:00,1.0039,2321.518,2024-06-25 22:39:00,True,2024-06-25 21:00:00,0.6602,1.0039,True,2319.408,2024-06-25 21:12:00,0.1797
GC,2024-06-26,Wednesday,ODR,2316.998,2313.175,3.8229999999998654,2317.235,2312.875,4.360000000000127,True,LONG,2024-06-26 05:15:00,2317.315,False,True,False,0.3366,2.3306,0.3366,2318.285,2024-06-26 05:43:00,3.3306,2304.265,2024-06-26 07:29:00,False,,0.2728,,True,2316.768,2024-06-26 05:20:00,0.0602
GC,2024-06-26,Wednesday,RDR,2300.835,2295.018,5.817000000000007,2301.195,2293.464,7.731000000000222,True,LONG,2024-06-26 11:10:00,2301.535,True,True,False,0.5501,0.0,0.5501,2304.035,2024-06-26 11:20:00,0.6876,2296.835,2024-06-26 15:12:00,True,2024-06-26 11:20:00,0.0,0.6876,True,2300.828,2024-06-26 11:29:00,0.0012
GC,2024-06-27,Thursday,ADR,2299.928,2297.505,2.4229999999997744,2300.018,2296.615,3.4030000000002474,True,LONG,2024-06-27 00:05:00,2300.678,False,True,False,0.4499,0.3591,0.4499,2301.018,2024-06-27 00:12:00,1.3248,2296.718,2024-06-27 01:59:00,False,,0.0,,True,2299.675,2024-06-27 00:17:00,0.1044
GC,2024-06-27,Thursday,ODR,2302.215,2300.395,1.8200000000001637,2302.448,2299.865,2.5830000000000837,True,LONG,2024-06-27 04:00:00,2303.435,True,False,,9.8901,0.0,9.8901,2320.215,2024-06-27 08:10:00,0.0,2302.965,2024-06-27 04:30:00,True,2024-06-27 04:05:00,0.0,0.0,False,,,
GC,2024-06-27,Thursday,RDR,2328.795,2320.718,8.077000000000226,2330.735,2319.398,11.336999999999989,False,,,,,,,0.2513,0.0,,,,,,,False,,,,False,,,
GC,2024-06-28,Friday,ADR,2327.768,2325.068,2.699999999999818,2328.185,2324.018,4.166999999999916,True,SHORT,2024-06-27 20:45:00,2323.908,True,True,False,0.0,2.2826,2.2826,2318.905,2024-06-27 21:41:00,0.6815,2326.908,2024-06-28 01:52:00,True,2024-06-27 20:50:00,0.0,0.6815,True,2325.138,2024-06-28 01:46:00,0.0259
GC,2024-06-28,Friday,ODR,2328.455,2325.195,3.2599999999997635,2328.748,2324.685,4.063000000000102,True,LONG,2024-06-28 04:20:00,2329.975,True,True,True,2.642,0.0,2.642,2337.068,2024-06-28 07:03:00,0.4049,2327.135,2024-06-28 05:37:00,True,2024-06-28 04:25:00,0.4049,0.4049,True,2328.215,2024-06-28 04:52:00,0.0736
GC,2024-06-28,Friday,RDR,2332.325,2327.665,4.6599999999998545,2333.575,2326.618,6.95699999999988,True,SHORT,2024-06-28 10:35:00,2324.685,True,True,True,0.0629,1.0558,1.0558,2322.745,2024-06-28 10:43:00,1.0629,2332.618,2024-06-28 13:11:00,True,2024-06-28 10:40:00,0.0,1.0629,True,2328.065,2024-06-28 11:26:00,0.0858
GC,2024-07-01,Monday,ADR,2325.645,2322.405,3.2399999999997817,2326.035,2322.065,3.9699999999998,True,LONG,2024-06-30 21:25:00,2327.595,False,True,False,0.858,1.2377,0.858,2328.425,2024-06-30 21:35:00,2.2377,2318.395,2024-07-01 01:44:00,True,2024-06-30 21:30:00,0.0,2.2377,True,2325.645,2024-06-30 22:28:00,0.0
GC,2024-07-01,Monday,ODR,2326.408,2323.638,2.769999999999982,2326.835,2323.548,3.287000000000262,True,SHORT,2024-07-01 04:00:00,2322.648,False,True,False,4.3249,0.6726,0.6726,2321.775,2024-07-01 04:10:00,5.3249,2338.388,2024-07-01 08:00:00,True,2024-07-01 04:05:00,0.0,5.3249,True,2323.995,2024-07-01 04:11:00,0.1289
GC,2024-07-01,Monday,RDR,2332.695,2321.555,11.140000000000327,2334.155,2320.848,13.307000000000244,False,,,,,,,0.0,0.2181,,,,,,,False,,,,False,,,
GC,2024-07-02,Tuesday,ADR,2333.338,2332.005,1.3330000000000837,2333.778,2331.564,2.213999999999942,True,LONG,2024-07-01 21:55:00,2334.001,False,True,False,0.6527,5.4164,0.6527,2334.208,2024-07-01 22:00:00,6.4164,2324.785,2024-07-02 00:14:00,True,2024-07-01 22:00:00,0.0,6.4164,True,2333.215,2024-07-01 22:10:00,0.0923
GC,2024-07-02,Tuesday,ODR,2330.688,2324.165,6.523000000000138,2330.835,2323.198,7.637000000000171,True,LONG,2024-07-02 04:10:00,2331.188,False,True,False,0.251,0.8002,0.251,2332.325,2024-07-02 04:53:00,1.8002,2318.945,2024-07-02 08:06:00,False,,0.3653,,True,2330.525,2024-07-02 04:22:00,0.025
GC,2024-07-02,Tuesday,RDR,2334.785,2324.375,10.409999999999854,2336.668,2323.635,13.032999999999902,True,SHORT,2024-07-02 10:40:00,2323.295,True,True,False,0.0,0.3417,0.3417,2320.818,2024-07-02 12:11:00,0.667,2331.318,2024-07-02 15:52:00,False,,0.5709,,True,2324.995,2024-07-02 10:45:00,0.0596
GC,2024-07-03,Wednesday,ADR,2331.665,2329.808,1.856999999999971,2332.015,2329.548,2.4670000000000982,True,SHORT,2024-07-02 21:30:00,2329.175,False,True,False,2.1486,1.6817,1.6817,2326.685,2024-07-02 22:51:00,3.1486,2335.655,2024-07-03 01:25:00,True,2024-07-02 21:36:00,0.6193,3.1486,True,2329.868,2024-07-02 21:51:00,0.0323
GC,2024-07-03,Wednesday,ODR,2345.275,2339.375,5.900000000000091,2347.074,2339.0,8.07400000000007,True,LONG,2024-07-03 06:00:00,2347.258,True,True,True,0.7339,0.0,0.7339,2349.605,2024-07-03 08:21:00,0.4983,2342.335,2024-07-03 07:25:00,True,2024-07-03 06:05:00,0.4983,0.4983,True,2345.135,2024-07-03 06:14:00,0.0237
GC,2024-07-03,Wednesday,RDR,2362.734,2349.785,12.94900000000007,2364.148,2349.555,14.593000000000302,True,LONG,2024-07-03 10:45:00,2364.425,True,True,False,0.1592,0.0,0.1592,2364.795,2024-07-03 10:55:00,0.7065,2353.585,2024-07-03 15:50:00,False,,0.0,,True,2361.954,2024-07-03 10:58:00,0.0602
GC,2024-07-04,Thursday,ADR,2359.135,2356.675,2.4600000000000364,2359.455,2356.365,3.0900000000001455,True,LONG,2024-07-03 21:00:00,2359.515,False,True,False,1.3211,0.5163,1.3211,2362.385,2024-07-03 21:29:00,1.5163,2355.405,2024-07-04 01:28:00,True,2024-07-03 21:06:00,0.3821,1.5163,True,2358.958,2024-07-03 21:11:00,0.072
GC,2024-07-04,Thursday,ODR,2357.445,2353.798,3.6470000000003893,2357.645,2353.475,4.170000000000073,True,LONG,2024-07-04 04:00:00,2357.795,True,True,True,0.785,0.0,0.785,2360.308,2024-07-04 08:11:00,0.5566,2355.415,2024-07-04 04:36:00,True,2024-07-04 04:56:00,0.5566,0.5128,True,2357.295,2024-07-04 04:05:00,0.0411
GC,2024-07-04,Thursday,RDR,2361.248,2357.305,3.943000000000211,2361.758,2357.225,4.532999999999902,True,SHORT,2024-07-04 12:40:00,2357.138,True,True,True,0.0,0.4945,0.3221,2356.035,2024-07-04 14:04:00,0.2029,2358.105,2024-07-04 12:58:00,False,,0.2029,,True,2357.378,2024-07-04 12:45:00,0.0185
GC,2024-07-05,Friday,ADR,2357.038,2355.965,1.0729999999998654,2357.605,2355.908,1.6970000000001164,True,LONG,2024-07-04 20:30:00,2358.208,True,True,True,7.3411,0.0,7.3411,2364.915,2024-07-05 01:58:00,0.2451,2356.775,2024-07-04 21:50:00,True,2024-07-04 20:35:00,0.2451,0.2451,True,2357.015,2024-07-04 21:35:00,0.0214
GC,2024-07-05,Friday,ODR,2366.775,2362.345,4.430000000000291,2367.345,2362.248,5.096999999999753,True,LONG,2024-07-05 08:00:00,2367.558,True,True,False,0.3747,0.1422,0.3747,2368.435,2024-07-05 08:16:00,0.198,2365.898,2024-07-05 08:07:00,False,,0.198,,True,2366.328,2024-07-05 08:06:00,0.1009
GC,2024-07-05,Friday,RDR,2383.825,2374.204,9.62099999999964,2385.025,2374.085,10.940000000000055,True,LONG,2024-07-05 11:15:00,2385.338,True,True,True,0.9344,0.0,0.9344,2392.815,2024-07-05 15:03:00,0.1421,2382.458,2024-07-05 11:53:00,True,2024-07-05 13:11:00,0.1421,0.0,True,2383.648,2024-07-05 11:26:00,0.0184
GC,2024-07-08,Monday,ADR,2386.545,2384.485,2.0599999999999454,2386.818,2384.428,2.3900000000003274,True,LONG,2024-07-07 20:35:00,2387.098,False,True,False,2.1311,1.9175,2.1311,2390.935,2024-07-07 21:15:00,2.9175,2380.535,2024-07-07 23:48:00,True,2024-07-07 20:41:00,1.1782,2.9175,True,2386.315,2024-07-07 20:51:00,0.1117
GC,2024-07-08,Monday,ODR,2380.855,2376.815,4.039999999999964,2380.985,2376.538,4.447000000000116,True,SHORT,2024-07-08 04:30:00,2374.828,True,True,True,0.0,2.1386,2.1386,2368.175,2024-07-08 05:53:00,0.1295,2377.338,2024-07-08 08:24:00,True,2024-07-08 04:35:00,0.0,0.1295,True,2377.055,2024-07-08 08:20:00,0.0594
GC,2024-07-08,Monday,RDR,2379.168,2370.618,8.550000000000182,2379.405,2370.208,9.197000000000116,True,SHORT,2024-07-08 11:25:00,2369.388,True,False,,0.0,2.3044,2.3044,2350.915,2024-07-08 12:06:00,0.0,2369.505,2024-07-08 11:30:00,True,2024-07-08 11:33:00,0.0,0.0,False,,,
GC,2024-07-09,Tuesday,ADR,2363.265,2360.665,2.599999999999909,2363.514,2360.535,2.979000000000269,True,LONG,2024-07-08 21:10:00,2364.055,False,True,True,2.0742,0.1104,2.0742,2368.658,2024-07-09 00:18:00,1.1104,2360.378,2024-07-08 22:14:00,True,2024-07-08 21:42:00,1.1104,1.1104,True,2362.815,2024-07-08 21:15:00,0.1731
GC,2024-07-09,Tuesday,ODR,2364.045,2358.465,5.579999999999927,2364.425,2358.265,6.160000000000309,True,LONG,2024-07-09 05:15:00,2364.665,False,True,False,0.2634,0.4104,0.2634,2365.515,2024-07-09 06:00:00,1.4104,2356.175,2024-07-09 08:26:00,False,,0.4032,,True,2363.875,2024-07-09 05:21:00,0.0305
GC,2024-07-09,Tuesday,RDR,2367.705,2360.545,7.1599999999998545,2371.358,2356.545,14.813000000000102,True,SHORT,2024-07-09 10:55:00,2354.848,True,True,False,0.0,1.5489,1.5489,2349.455,2024-07-09 11:22:00,0.6969,2365.535,2024-07-09 15:13:00,True,2024-07-09 11:00:00,0.0,0.6969,True,2361.075,2024-07-09 11:57:00,0.074
GC,2024-07-10,Wednesday,ADR,2366.028,2364.798,1.2300000000000182,2366.435,2364.758,1.6770000000001346,True,SHORT,2024-07-09 20:55:00,2364.588,False,True,False,3.4122,1.3252,1.3252,2363.168,2024-07-09 21:11:00,4.4122,2370.225,2024-07-10 01:39:00,True,2024-07-09 21:00:00,0.2415,4.4122,True,2365.095,2024-07-09 21:02:00,0.2415
GC,2024-07-10,Wednesday,ODR,2374.815,2371.805,3.0100000000002183,2374.885,2371.295,3.5900000000001455,True,LONG,2024-07-10 06:35:00,2375.124,True,True,True,2.2169,0.1485,2.2169,2381.488,2024-07-10 08:24:00,1.0532,2371.645,2024-07-10 06:52:00,True,2024-07-10 07:41:00,1.0532,0.0,True,2374.545,2024-07-10 06:41:00,0.0897
GC,2024-07-10,Wednesday,RDR,2384.985,2378.975,6.010000000000218,2386.548,2377.665,8.88299999999981,True,SHORT,2024-07-10 10:35:00,2376.785,True,True,True,0.0,1.5291,1.5291,2369.785,2024-07-10 14:25:00,0.3765,2381.238,2024-07-10 12:13:00,True,2024-07-10 10:40:00,0.3765,0.3765,True,2379.208,2024-07-10 11:29:00,0.0388
GC,2024-07-11,Thursday,ADR,2372.708,2371.785,0.9230000000002292,2372.885,2371.375,1.5100000000002183,True,LONG,2024-07-10 20:40:00,2373.115,True,False,,10.9967,0.0,10.9967,2382.858,2024-07-11 01:58:00,0.0,2372.775,2024-07-10 20:45:00,True,2024-07-10 20:45:00,0.0,0.0,False,,,
GC,2024-07-11,Thursday,ODR,2381.645,2378.905,2.7399999999997817,2381.895,2378.665,3.230000000000018,True,LONG,2024-07-11 04:05:00,2382.945,False,True,False,1.0292,0.3821,1.0292,2384.465,2024-07-11 05:15:00,1.3821,2377.858,2024-07-11 08:29:00,True,2024-07-11 04:10:00,0.6642,1.3821,True,2381.435,2024-07-11 04:18:00,0.0766
GC,2024-07-11,Thursday,RDR,2411.318,2398.955,12.363000000000284,2411.778,2395.695,16.08299999999963,True,LONG,2024-07-11 10:45:00,2411.875,True,True,True,1.0578,0.0,1.0578,2424.395,2024-07-11 11:34:00,0.1175,2409.865,2024-07-11 13:02:00,True,2024-07-11 10:57:00,0.0,0.1175,True,2411.165,2024-07-11 13:00:00,0.0124
GC,2024-07-12,Friday,ADR,2415.875,2411.095,4.7800000000002,2416.165,2411.095,5.070000000000164,True,SHORT,2024-07-11 21:15:00,2409.988,True,True,True,0.0,1.2092,1.2092,2405.315,2024-07-12 01:38:00,0.1282,2411.708,2024-07-11 21:24:00,True,2024-07-11 21:28:00,0.1282,0.0,True,2411.428,2024-07-11 21:23:00,0.0697
GC,2024-07-12,Friday,ODR,2404.685,2401.025,3.6599999999998545,2405.435,2400.165,5.269999999999982,True,LONG,2024-07-12 04:05:00,2405.595,False,True,False,0.9462,0.7732,0.9462,2408.148,2024-07-12 05:17:00,1.7732,2398.195,2024-07-12 07:06:00,True,2024-07-12 04:21:00,0.1967,1.7732,True,2404.365,2024-07-12 04:11:00,0.0874
GC,2024-07-12,Friday,RDR,2409.565,2401.225,8.340000000000146,2410.788,2399.328,11.460000000000036,True,LONG,2024-07-12 11:05:00,2411.765,True,True,True,1.0267,0.0,1.0267,2418.128,2024-07-12 13:54:00,0.0444,2409.195,2024-07-12 11:36:00,True,2024-07-12 12:10:00,0.0444,0.0,True,2409.195,2024-07-12 11:36:00,0.0444
GC,2024-07-15,Monday,ADR,2408.575,2406.155,2.419999999999618,2408.675,2405.525,3.150000000000091,True,SHORT,2024-07-14 21:10:00,2405.115,False,True,False,2.1653,0.5537,0.5,2404.945,2024-07-14 21:16:00,3.1653,2413.815,2024-07-15 01:29:00,True,2024-07-14 21:16:00,0.0,3.1653,True,2406.215,2024-07-14 21:17:00,0.0248
GC,2024-07-15,Monday,ODR,2407.825,2401.725,6.099999999999909,2407.845,2401.225,6.619999999999891,True,LONG,2024-07-15 04:20:00,2408.855,True,True,True,2.1148,0.0,2.1148,2420.725,2024-07-15 08:14:00,0.0393,2407.585,2024-07-15 05:37:00,True,2024-07-15 04:38:00,0.0393,0.0393,True,2407.795,2024-07-15 05:35:00,0.0049
GC,2024-07-15,Monday,RDR,2423.305,2413.965,9.33999999999969,2423.585,2411.798,11.787000000000262,True,LONG,2024-07-15 10:45:00,2424.475,True,True,False,1.7476,0.0,1.7476,2439.628,2024-07-15 12:42:00,0.3897,2419.665,2024-07-15 14:04:00,True,2024-07-15 10:52:00,0.0,0.3897,True,2423.305,2024-07-15 13:26:00,0.0
GC,2024-07-16,Tuesday,ADR,2422.435,2420.595,1.8400000000001455,2422.718,2420.385,2.332999999999629,True,SHORT,2024-07-15 20:40:00,2420.098,False,True,False,5.5505,0.413,0.413,2419.835,2024-07-15 20:45:00,6.5505,2432.648,2024-07-16 01:42:00,False,,0.0,,True,2420.868,2024-07-15 20:47:00,0.1484
GC,2024-07-16,Tuesday,ODR,2437.795,2432.995,4.800000000000182,2439.205,2432.445,6.7599999999997635,True,LONG,2024-07-16 05:30:00,2440.125,True,False,,1.275,0.0,1.275,2443.915,2024-07-16 08:26:00,0.0,2438.044,2024-07-16 07:50:00,True,2024-07-16 05:35:00,0.0,0.0,False,,,
GC,2024-07-16,Tuesday,RDR,2447.048,2436.958,10.08999999999969,2447.865,2436.415,11.449999999999818,True,LONG,2024-07-16 10:30:00,2448.005,True,True,True,2.1348,0.0,2.1348,2468.588,2024-07-16 15:59:00,0.1189,2445.848,2024-07-16 10:47:00,True,2024-07-16 10:57:00,0.1189,0.0,True,2446.895,2024-07-16 10:36:00,0.0152
GC,2024-07-17,Wednesday,ADR,2468.555,2466.515,2.0399999999999636,2469.015,2466.058,2.95699999999988,True,LONG,2024-07-16 20:35:00,2469.465,False,True,False,6.75,1.2926,6.75,2482.325,2024-07-16 22:10:00,2.2926,2463.878,2024-07-16 23:31:00,True,2024-07-16 20:40:00,0.0917,2.2926,True,2468.544,2024-07-16 20:59:00,0.0054
GC,2024-07-17,Wednesday,ODR,2474.115,2465.065,9.049999999999727,2474.275,2464.035,10.240000000000236,True,LONG,2024-07-17 04:00:00,2475.125,True,True,True,0.5127,0.0,0.5127,2478.755,2024-07-17 04:16:00,0.8328,2466.578,2024-07-17 06:54:00,True,2024-07-17 04:16:00,0.0,0.8328,True,2473.758,2024-07-17 04:25:00,0.0394
GC,2024-07-17,Wednesday,RDR,2482.845,2467.468,15.376999999999953,2483.548,2463.755,19.792999999999665,True,SHORT,2024-07-17 10:55:00,2463.598,True,False,,0.0,1.0433,1.0433,2451.425,2024-07-17 14:04:00,0.0,2465.858,2024-07-17 11:30:00,True,2024-07-17 11:09:00,0.0,0.0,False,,,
GC,2024-07-18,Thursday,ADR,2461.415,2458.224,3.1909999999998035,2461.728,2457.525,4.2029999999999745,True,LONG,2024-07-17 21:10:00,2462.515,True,True,True,2.6365,0.3131,2.6365,2469.828,2024-07-18 01:21:00,0.676,2459.258,2024-07-17 21:40:00,True,2024-07-17 21:16:00,0.676,0.676,True,2461.358,2024-07-17 21:33:00,0.0179
GC,2024-07-18,Thursday,ODR,2474.378,2471.325,3.0530000000003383,2474.805,2470.668,4.136999999999716,True,SHORT,2024-07-18 04:25:00,2469.895,True,False,,0.0,3.246,3.246,2461.415,2024-07-18 06:27:00,0.0,2469.955,2024-07-18 04:32:00,True,2024-07-18 04:30:00,0.0,0.0,False,,,
GC,2024-07-18,Thursday,RDR,2464.905,2458.705,6.200000000000273,2466.395,2457.495,8.900000000000091,True,LONG,2024-07-18 10:40:00,2466.708,False,True,False,0.7855,2.9855,0.7855,2469.775,2024-07-18 10:55:00,3.9855,2440.195,2024-07-18 15:33:00,True,2024-07-18 10:52:00,0.0302,3.9855,True,2464.718,2024-07-18 10:49:00,0.0302
GC,2024-07-19,Friday,ADR,2444.905,2427.928,16.977000000000317,2444.925,2426.074,18.851000000000113,True,SHORT,2024-07-18 21:10:00,2425.885,True,True,True,0.0,0.4484,0.4484,2420.315,2024-07-18 21:29:00,0.0858,2429.385,2024-07-18 23:57:00,False,,0.0,,True,2428.345,2024-07-18 22:08:00,0.0246
GC,2024-07-19,Friday,ODR,2421.665,2415.435,6.230000000000018,2422.095,2412.748,9.346999999999753,True,SHORT,2024-07-19 06:05:00,2412.045,True,False,,0.0,1.6212,1.6212,2405.335,2024-07-19 08:08:00,0.0,2415.325,2024-07-19 06:33:00,True,2024-07-19 06:10:00,0.0,0.0,False,,,
GC,2024-07-19,Friday,RDR,2403.945,2396.045,7.900000000000091,2406.555,2394.405,12.149999999999636,True,LONG,2024-07-19 11:10:00,2407.008,False,True,False,0.5481,0.0671,0.4459,2407.468,2024-07-19 11:15:00,1.0671,2395.515,2024-07-19 13:34:00,False,,0.0,,True,2403.925,2024-07-19 11:25:00,0.0025
GC,2024-07-22,Monday,ADR,2411.675,2407.585,4.0900000000001455,2411.815,2406.765,5.050000000000182,True,SHORT,2024-07-21 21:00:00,2406.605,False,True,True,0.088,1.1729,1.1729,2402.788,2024-07-22 01:59:00,1.088,2412.035,2024-07-21 21:33:00,True,2024-07-21 22:00:00,1.088,0.4352,True,2407.675,2024-07-21 21:06:00,0.022
GC,2024-07-22,Monday,ODR,2403.925,2399.985,3.9400000000000546,2404.435,2399.565,4.869999999999891,True,LONG,2024-07-22 05:45:00,2404.915,False,True,False,1.1023,1.6294,1.1023,2408.268,2024-07-22 06:47:00,2.6294,2393.565,2024-07-22 08:15:00,True,2024-07-22 06:33:00,0.0964,2.6294,True,2403.705,2024-07-22 06:03:00,0.0558
GC,2024-07-22,Monday,RDR,2398.755,2386.488,12.26700000000028,2398.835,2386.415,12.420000000000073,True,SHORT,2024-07-22 10:30:00,2384.335,False,True,False,0.1013,0.2261,0.2261,2383.715,2024-07-22 10:36:00,1.1013,2399.998,2024-07-22 15:54:00,False,,0.0055,,True,2386.555,2024-07-22 10:36:00,0.0055
GC,2024-07-23,Tuesday,ADR,2397.165,2394.875,2.2899999999999636,2397.365,2394.675,2.6899999999996,True,LONG,2024-07-22 20:30:00,2398.335,False,True,False,2.9301,1.8603,2.9301,2403.875,2024-07-22 21:34:00,2.8603,2390.615,2024-07-23 01:49:00,True,2024-07-22 20:35:00,0.0,2.8603,True,2396.485,2024-07-22 23:06:00,0.2969
GC,2024-07-23,Tuesday,ODR,2398.685,2390.235,8.449999999999818,2399.035,2389.855,9.179999999999836,True,LONG,2024-07-23 04:30:00,2399.745,True,False,,1.5649,0.0,1.5649,2411.908,2024-07-23 07:25:00,0.0,2399.675,2024-07-23 04:35:00,True,2024-07-23 04:41:00,0.0,0.0,False,,,
GC,2024-07-23,Tuesday,RDR,2404.385,2399.605,4.7800000000002,2405.365,2399.425,5.9399999999996,True,LONG,2024-07-23 10:30:00,2406.458,True,True,True,0.954,0.0,0.954,2408.945,2024-07-23 15:25:00,0.5084,2401.955,2024-07-23 11:04:00,True,2024-07-23 10:37:00,0.5084,0.5084,True,2404.135,2024-07-23 10:41:00,0.0523
GC,2024-07-24,Wednesday,ADR,2409.845,2408.408,1.4369999999998981,2410.085,2408.228,1.856999999999971,True,SHORT,2024-07-23 20:55:00,2408.198,False,True,False,5.8337,2.5143,2.5143,2404.795,2024-07-23 21:30:00,6.8337,2418.228,2024-07-23 23:27:00,True,2024-07-23 21:01:00,2.531,6.8337,True,2408.835,2024-07-23 21:00:00,0.2971
GC,2024-07-24,Wednesday,ODR,2417.405,2411.895,5.510000000000218,2417.758,2411.505,6.252999999999702,True,SHORT,2024-07-24 05:15:00,2410.645,False,True,False,0.369,0.4047,0.4047,2409.665,2024-07-24 05:22:00,1.369,2419.438,2024-07-24 08:19:00,False,,0.0,,True,2411.985,2024-07-24 05:24:00,0.0163
GC,2024-07-24,Wednesday,RDR,2426.148,2416.695,9.452999999999975,2428.338,2416.675,11.663000000000011,True,LONG,2024-07-24 10:50:00,2431.634,False,True,False,0.6132,1.9493,0.6132,2431.945,2024-07-24 10:55:00,2.9493,2398.268,2024-07-24 15:59:00,True,2024-07-24 10:55:00,0.0,2.9493,True,2425.525,2024-07-24 11:11:00,0.0659
GC,2024-07-25,Thursday,ADR,2400.685,2396.345,4.3400000000001455,2401.045,2395.895,5.150000000000091,True,SHORT,2024-07-24 21:15:00,2392.265,True,False,,0.0,6.8479,6.8479,2366.625,2024-07-24 23:22:00,0.0,2394.015,2024-07-24 21:22:00,True,2024-07-24 21:20:00,0.0,0.0,False,,,
GC,2024-07-25,Thursday,ODR,2376.448,2366.815,9.63299999999981,2377.345,2365.725,11.61999999999989,True,LONG,2024-07-25 04:45:00,2377.435,False,True,False,0.6267,0.4263,0.6267,2382.485,2024-07-25 06:57:00,1.4263,2362.708,2024-07-25 08:12:00,True,2024-07-25 06:56:00,0.6325,1.4263,True,2375.648,2024-07-25 04:50:00,0.083
GC,2024-07-25,Thursday,RDR,2370.225,2360.935,9.289999999999964,2371.925,2357.918,14.007000000000062,True,SHORT,2024-07-25 13:25:00,2354.455,True,True,False,0.0,0.8536,0.8428,2353.105,2024-07-25 13:46:00,0.3014,2363.735,2024-07-25 15:43:00,True,2024-07-25 13:30:00,0.0,0.3014,True,2361.128,2024-07-25 15:26:00,0.0208
GC,2024-07-26,Friday,ADR,2365.145,2362.055,3.0900000000001455,2365.245,2361.905,3.3399999999996908,True,SHORT,2024-07-25 21:00:00,2360.575,False,True,False,4.5696,2.0476,2.0476,2355.728,2024-07-25 21:09:00,5.5696,2379.265,2024-07-25 22:50:00,True,2024-07-25 21:05:00,0.0,5.5696,True,2362.125,2024-07-25 21:16:00,0.0227
GC,2024-07-26,Friday,ODR,2371.375,2368.738,2.637000000000171,2371.865,2367.488,4.376999999999953,True,LONG,2024-07-26 04:00:00,2373.105,True,True,True,1.9223,0.0,1.9223,2376.444,2024-07-26 08:08:00,0.8115,2369.235,2024-07-26 04:21:00,True,2024-07-26 04:05:00,0.8115,0.8115,True,2371.185,2024-07-26 04:11:00,0.0721
GC,2024-07-26,Friday,RDR,2389.095,2378.935,10.159999999999854,2390.655,2376.375,14.2800000000002,False,,,,,,,0.1115,0.0,,,,,,,False,,,,False,,,
GC,2024-07-29,Monday,ADR,2398.995,2395.458,3.536999999999807,2399.105,2394.865,4.2400000000002365,True,LONG,2024-07-28 20:35:00,2399.815,False,True,False,0.9613,1.9593,0.9613,2402.395,2024-07-28 21:01:00,2.9593,2388.528,2024-07-28 21:52:00,True,2024-07-28 20:55:00,0.3732,2.9593,True,2398.615,2024-07-28 20:46:00,0.1074
GC,2024-07-29,Monday,ODR,2393.305,2389.805,3.5,2394.235,2389.355,4.880000000000109,True,SHORT,2024-07-29 04:20:00,2389.275,False,True,False,0.5629,1.2743,1.2743,2385.345,2024-07-29 08:04:00,1.5629,2395.275,2024-07-29 06:29:00,True,2024-07-29 04:27:00,1.5629,1.5629,True,2389.825,2024-07-29 04:25:00,0.0057
GC,2024-07-29,Monday,RDR,2394.878,2389.395,5.483000000000175,2396.315,2388.195,8.11999999999989,True,SHORT,2024-07-29 10:35:00,2386.125,True,False,,0.0,3.6252,3.6252,2369.518,2024-07-29 11:19:00,0.0,2386.805,2024-07-29 10:40:00,True,2024-07-29 10:40:00,0.0,0.0,False,,,
GC,2024-07-30,Tuesday,ADR,2382.775,2380.248,2.5270000000000437,2383.045,2380.124,2.9210000000002765,True,SHORT,2024-07-29 21:10:00,2379.735,False,True,False,2.7396,1.5394,1.5394,2376.358,2024-07-29 21:31:00,3.7396,2389.698,2024-07-30 01:43:00,True,2024-07-29 21:16:00,0.2798,3.7396,True,2380.335,2024-07-29 21:18:00,0.0344
GC,2024-07-30,Tuesday,ODR,2391.295,2389.445,1.849999999999909,2391.915,2388.715,3.199999999999818,True,SHORT,2024-07-30 05:05:00,2388.475,False,True,True,0.5405,1.9243,1.9243,2385.885,2024-07-30 08:14:00,1.5405,2392.295,2024-07-30 06:57:00,True,2024-07-30 05:10:00,1.5405,1.5405,True,2389.618,2024-07-30 05:20:00,0.0935
GC,2024-07-30,Tuesday,RDR,2396.295,2389.145,7.150000000000091,2397.648,2387.498,10.150000000000091,True,SHORT,2024-07-30 11:20:00,2387.128,False,True,False,2.0284,0.8224,0.8224,2383.265,2024-07-30 11:50:00,3.0284,2410.798,2024-07-30 13:02:00,True,2024-07-30 11:27:00,0.0,3.0284,True,2389.215,2024-07-30 12:10:00,0.0098
GC,2024-07-31,Wednesday,ADR,2409.805,2408.315,1.4899999999997817,2410.065,2407.765,2.300000000000182,True,SHORT,2024-07-30 21:00:00,2405.565,False,True,False,8.1879,3.0537,3.0537,2403.765,2024-07-30 21:08:00,9.1879,2422.005,2024-07-31 01:32:00,True,2024-07-30 21:05:00,0.0,9.1879,True,2408.325,2024-07-30 21:28:00,0.0067
GC,2024-07-31,Wednesday,ODR,2421.205,2416.565,4.639999999999873,2421.795,2415.845,5.950000000000273,True,LONG,2024-07-31 07:35:00,2422.838,True,True,False,0.4123,0.2694,0.4123,2423.118,2024-07-31 07:40:00,0.8578,2417.225,2024-07-31 08:07:00,False,,0.0,,True,2421.195,2024-07-31 07:42:00,0.0022
GC,2024-07-31,Wednesday,RDR,2428.345,2419.735,8.609999999999673,2428.918,2419.735,9.182999999999993,True,LONG,2024-07-31 14:40:00,2432.155,True,False,,2.6016,0.0778,2.6016,2450.745,2024-07-31 15:40:00,0.0,2430.055,2024-07-31 14:47:00,True,2024-07-31 14:49:00,0.0,0.0,False,,,
GC,2024-08-01,Thursday,ADR,2446.545,2444.894,1.6510000000002947,2446.888,2444.688,2.199999999999818,True,LONG,2024-07-31 20:40:00,2447.675,False,True,True,7.1169,4.6493,7.1169,2458.295,2024-07-31 21:29:00,5.6493,2437.218,2024-07-31 22:54:00,True,2024-07-31 20:45:00,0.3737,5.6493,True,2445.928,2024-07-31 21:00:00,0.3737
GC,2024-08-01,Thursday,ODR,2444.628,2440.185,4.443000000000211,2444.735,2439.828,4.907000000000153,True,SHORT,2024-08-01 04:15:00,2439.805,False,True,False,0.2829,2.2755,2.2755,2430.075,2024-08-01 05:52:00,1.2829,2445.885,2024-08-01 08:26:00,True,2024-08-01 04:28:00,0.1688,1.2829,True,2440.935,2024-08-01 04:20:00,0.1688
GC,2024-08-01,Thursday,RDR,2459.835,2443.985,15.849999999999909,2462.125,2443.128,18.996999999999844,True,SHORT,2024-08-01 13:00:00,2436.848,True,True,True,0.0,0.5777,0.5777,2434.828,2024-08-01 14:29:00,0.0027,2444.028,2024-08-01 15:32:00,True,2024-08-01 13:44:00,0.0,0.0027,True,2444.028,2024-08-01 15:32:00,0.0027
GC,2024-08-02,Friday,ADR,2449.315,2444.565,4.75,2449.365,2443.745,5.619999999999891,True,LONG,2024-08-01 20:30:00,2451.365,False,True,True,3.6779,2.0526,3.6779,2466.785,2024-08-02 01:59:00,3.0526,2434.815,2024-08-01 21:16:00,True,2024-08-01 22:17:00,3.0526,0.2653,True,2448.688,2024-08-01 20:40:00,0.132
GC,2024-08-02,Friday,ODR,2465.435,2461.195,4.239999999999782,2466.615,2460.085,6.529999999999745,True,SHORT,2024-08-02 07:30:00,2459.515,True,False,,0.0,1.2783,1.2783,2455.775,2024-08-02 08:29:00,0.0,2460.945,2024-08-02 07:51:00,True,2024-08-02 07:35:00,0.0,0.0,False,,,
GC,2024-08-02,Friday,RDR,2473.245,2463.105,10.139999999999873,2474.265,2462.504,11.760999999999967,True,SHORT,2024-08-02 10:30:00,2451.134,True,False,,0.0,5.1717,5.1717,2410.664,2024-08-02 11:15:00,0.0,2453.805,2024-08-02 10:35:00,True,2024-08-02 10:35:00,0.0,0.0,False,,,
GC,2024-08-05,Monday,ADR,2443.705,2422.505,21.199999999999818,2443.945,2413.908,30.037000000000262,True,LONG,2024-08-04 22:50:00,2444.908,True,True,False,0.7052,0.156,0.7052,2458.655,2024-08-05 00:26:00,0.5395,2432.268,2024-08-05 01:55:00,True,2024-08-05 00:10:00,0.0566,0.5395,True,2443.415,2024-08-04 22:55:00,0.0137
GC,2024-08-05,Monday,ODR,2443.585,2427.095,16.490000000000236,2445.375,2424.515,20.860000000000127,True,SHORT,2024-08-05 05:10:00,2424.185,True,True,True,0.0,3.661,3.661,2366.725,2024-08-05 08:24:00,0.0934,2428.635,2024-08-05 05:37:00,True,2024-08-05 06:24:00,0.0934,0.0,True,2428.635,2024-08-05 05:37:00,0.0934
GC,2024-08-05,Monday,RDR,2395.895,2383.305,12.590000000000146,2396.848,2382.315,14.532999999999902,True,LONG,2024-08-05 11:00:00,2400.675,True,False,,1.3582,0.0,1.3582,2412.995,2024-08-05 15:52:00,0.0,2398.845,2024-08-05 11:06:00,True,2024-08-05 11:08:00,0.0,0.0,False,,,
GC,2024-08-06,Tuesday,ADR,2412.364,2404.675,7.688999999999851,2412.785,2404.285,8.5,True,LONG,2024-08-05 20:40:00,2415.375,False,True,False,0.761,0.8632,0.761,2418.215,2024-08-05 20:49:00,1.8632,2398.038,2024-08-06 01:59:00,True,2024-08-05 20:47:00,0.0,1.8632,True,2411.835,2024-08-05 21:20:00,0.0688
GC,2024-08-06,Tuesday,ODR,2409.688,2401.485,8.202999999999975,2410.515,2401.374,9.141000000000076,True,LONG,2024-08-06 04:05:00,2412.445,True,True,False,0.7932,0.0,0.7932,2416.195,2024-08-06 06:10:00,0.9119,2402.208,2024-08-06 08:29:00,True,2024-08-06 04:10:00,0.2027,0.9119,True,2409.648,2024-08-06 04:27:00,0.0049
GC,2024-08-06,Tuesday,RDR,2402.758,2390.295,12.462999999999738,2403.005,2390.035,12.970000000000255,True,SHORT,2024-08-06 10:35:00,2388.265,True,True,True,0.0,0.7045,0.7045,2381.515,2024-08-06 11:16:00,0.4485,2395.885,2024-08-06 14:48:00,True,2024-08-06 11:08:00,0.2455,0.4485,True,2392.045,2024-08-06 10:41:00,0.1404
GC,2024-08-07,Wednesday,ADR,2386.195,2381.995,4.200000000000273,2386.405,2380.988,5.417000000000371,True,LONG,2024-08-06 21:10:00,2387.105,False,True,True,2.3436,0.7445,2.3436,2396.038,2024-08-07 01:34:00,1.7445,2378.868,2024-08-06 21:24:00,True,2024-08-06 22:32:00,1.7445,0.85,True,2385.495,2024-08-06 21:15:00,0.1667
GC,2024-08-07,Wednesday,ODR,2394.655,2388.225,6.430000000000291,2394.785,2388.038,6.746999999999844,True,LONG,2024-08-07 05:00:00,2395.068,True,True,True,1.4448,0.0047,1.4448,2403.945,2024-08-07 08:18:00,0.3593,2392.345,2024-08-07 05:30:00,True,2024-08-07 06:52:00,0.3593,0.084,True,2393.988,2024-08-07 05:05:00,0.1037
GC,2024-08-07,Wednesday,RDR,2403.625,2398.575,5.050000000000182,2404.675,2396.915,7.760000000000218,True,SHORT,2024-08-07 11:30:00,2395.395,True,True,True,0.0,2.9426,2.9426,2383.715,2024-08-07 14:48:00,0.2099,2399.635,2024-08-07 12:54:00,True,2024-08-07 11:35:00,0.2099,0.2099,True,2398.595,2024-08-07 12:52:00,0.004
GC,2024-08-08,Thursday,ADR,2386.455,2383.568,2.8869999999997162,2386.935,2383.085,3.849999999999909,True,LONG,2024-08-07 20:30:00,2387.195,True,True,True,3.398,0.0,3.398,2396.265,2024-08-08 00:40:00,0.6651,2384.535,2024-08-07 20:50:00,True,2024-08-07 20:36:00,0.6651,0.6651,True,2386.355,2024-08-07 20:43:00,0.0346
GC,2024-08-08,Thursday,ODR,2398.635,2395.575,3.0600000000004,2400.195,2394.615,5.580000000000382,True,SHORT,2024-08-08 04:25:00,2394.535,False,True,False,5.4739,0.9248,0.9248,2392.745,2024-08-08 04:52:00,6.4739,2415.385,2024-08-08 08:22:00,True,2024-08-08 04:30:00,0.0,6.4739,True,2396.035,2024-08-08 05:01:00,0.1503
GC,2024-08-08,Thursday,RDR,2423.675,2409.785,13.890000000000327,2423.955,2407.635,16.31999999999971,True,LONG,2024-08-08 14:05:00,2424.054,True,True,False,0.1802,0.0,0.1802,2426.178,2024-08-08 14:14:00,0.1613,2421.434,2024-08-08 15:36:00,False,,0.0,,True,2423.465,2024-08-08 14:21:00,0.0151
GC,2024-08-09,Friday,ADR,2424.908,2423.105,1.8029999999998836,2425.205,2422.785,2.4200000000000728,True,SHORT,2024-08-08 21:00:00,2421.945,False,True,True,2.1836,3.3927,3.3927,2416.988,2024-08-09 01:59:00,3.1836,2428.845,2024-08-08 22:00:00,True,2024-08-08 21:05:00,3.1836,3.1836,True,2423.195,2024-08-08 21:08:00,0.0499
GC,2024-08-09,Friday,ODR,2426.345,2420.555,5.789999999999964,2426.915,2420.195,6.7199999999998,True,LONG,2024-08-09 06:30:00,2427.025,True,True,True,1.0639,0.0,1.0639,2432.505,2024-08-09 07:04:00,0.4577,2423.695,2024-08-09 08:24:00,True,2024-08-09 06:43:00,0.0,0.4577,True,2426.068,2024-08-09 07:41:00,0.0478
GC,2024-08-09,Friday,RDR,2431.945,2422.375,9.570000000000164,2433.008,2420.965,12.042999999999665,True,LONG,2024-08-09 10:30:00,2434.388,True,True,False,0.5161,0.0,0.5161,2436.884,2024-08-09 13:03:00,0.6886,2425.355,2024-08-09 10:53:00,True,2024-08-09 13:03:00,0.6886,0.5044,True,2431.344,2024-08-09 10:40:00,0.0628
GC,2024-08-12,Monday,ADR,2428.735,2426.818,1.9169999999999163,2429.405,2426.765,2.6400000000003274,True,SHORT,2024-08-11 21:45:00,2425.298,False,True,False,3.2603,1.6291,1.6291,2423.695,2024-08-11 22:04:00,4.2603,2434.985,2024-08-12 01:59:00,True,2024-08-11 21:50:00,0.0,4.2603,True,2426.925,2024-08-11 22:20:00,0.0558
GC,2024-08-12,Monday,ODR,2441.515,2435.855,5.6599999999998545,2442.745,2435.445,7.299999999999727,True,LONG,2024-08-12 04:50:00,2442.995,True,True,True,0.6184,0.0,0.6184,2445.015,2024-08-12 05:21:00,0.3481,2439.545,2024-08-12 07:40:00,True,2024-08-12 05:21:00,0.1761,0.3481,True,2440.898,2024-08-12 05:08:00,0.109
GC,2024-08-12,Monday,RDR,2456.475,2445.855,10.61999999999989,2457.364,2444.395,12.969000000000051,True,LONG,2024-08-12 11:10:00,2458.845,True,True,True,1.468,0.0,1.468,2472.065,2024-08-12 15:37:00,0.1862,2454.498,2024-08-12 11:40:00,True,2024-08-12 12:04:00,0.1862,0.0,True,2456.188,2024-08-12 11:20:00,0.027
GC,2024-08-13,Tuesday,ADR,2476.178,2474.015,2.163000000000011,2476.845,2473.708,3.1369999999997162,True,SHORT,2024-08-12 20:30:00,2472.578,True,False,,0.0,7.2353,7.2353,2458.365,2024-08-13 01:14:00,0.0,2473.535,2024-08-12 21:02:00,True,2024-08-12 20:35:00,0.0,0.0,False,,,
GC,2024-08-13,Tuesday,ODR,2465.705,2461.368,4.336999999999989,2466.065,2460.718,5.347000000000207,True,SHORT,2024-08-13 04:35:00,2459.425,False,True,False,0.392,0.5979,0.5979,2458.775,2024-08-13 05:05:00,1.392,2467.405,2024-08-13 08:23:00,True,2024-08-13 04:43:00,0.0477,1.392,True,2461.485,2024-08-13 04:54:00,0.027
GC,2024-08-13,Tuesday,RDR,2474.205,2467.208,6.996999999999844,2475.505,2466.724,8.780999999999949,True,SHORT,2024-08-13 10:30:00,2464.665,True,True,True,0.0,0.7293,0.7293,2462.105,2024-08-13 15:37:00,0.8118,2472.888,2024-08-13 11:22:00,True,2024-08-13 15:30:00,0.8118,0.0353,True,2467.558,2024-08-13 10:38:00,0.05
GC,2024-08-14,Wednesday,ADR,2466.275,2463.435,2.8400000000001455,2466.475,2462.808,3.6669999999999163,True,LONG,2024-08-13 20:45:00,2466.515,False,True,False,2.162,2.8908,2.162,2472.415,2024-08-13 21:26:00,3.8908,2455.225,2024-08-13 22:32:00,True,2024-08-13 21:12:00,0.4261,3.8908,True,2466.058,2024-08-13 20:55:00,0.0764
GC,2024-08-14,Wednesday,ODR,2471.285,2466.825,4.460000000000036,2471.815,2466.245,5.570000000000164,True,LONG,2024-08-14 04:30:00,2472.185,True,True,False,1.6435,0.0,1.6435,2478.615,2024-08-14 04:44:00,0.2018,2470.385,2024-08-14 06:21:00,True,2024-08-14 04:38:00,0.0,0.2018,True,2470.955,2024-08-14 05:30:00,0.074
GC,2024-08-14,Wednesday,RDR,2458.365,2450.795,7.569999999999709,2460.925,2449.228,11.697000000000116,True,SHORT,2024-08-14 10:40:00,2448.985,True,True,True,0.0,1.6902,1.6902,2438.0,2024-08-14 12:34:00,0.1651,2452.045,2024-08-14 11:03:00,True,2024-08-14 11:31:00,0.1651,0.0,True,2450.955,2024-08-14 10:47:00,0.0211
GC,2024-08-15,Thursday,ADR,2449.965,2447.705,2.2600000000002183,2450.418,2447.545,2.8730000000000473,True,LONG,2024-08-14 20:30:00,2451.108,True,True,True,2.3642,0.0,2.3642,2455.308,2024-08-15 00:12:00,0.8363,2448.075,2024-08-14 21:52:00,True,2024-08-14 20:35:00,0.8363,0.8363,True,2449.285,2024-08-14 21:00:00,0.3009
GC,2024-08-15,Thursday,ODR,2455.955,2454.908,1.0470000000000255,2456.515,2454.295,2.2199999999998,True,SHORT,2024-08-15 04:15:00,2454.075,False,True,False,13.362,1.3591,0.9389,2453.925,2024-08-15 04:20:00,14.362,2469.945,2024-08-15 08:27:00,True,2024-08-15 04:20:00,0.0,14.362,True,2455.175,2024-08-15 04:22:00,0.255
GC,2024-08-15,Thursday,RDR,2452.165,2437.345,14.820000000000164,2453.458,2436.0,17.458000000000084,True,LONG,2024-08-15 10:30:00,2454.065,True,True,True,0.6338,0.0,0.6338,2461.558,2024-08-15 15:21:00,0.1159,2450.448,2024-08-15 11:02:00,True,2024-08-15 12:01:00,0.1159,0.0,True,2451.888,2024-08-15 10:57:00,0.0187
GC,2024-08-16,Friday,ADR,2458.585,2456.085,2.5,2458.875,2455.995,2.880000000000109,True,LONG,2024-08-15 20:30:00,2459.065,False,True,False,0.5292,2.208,0.5292,2459.908,2024-08-15 21:23:00,3.208,2450.565,2024-08-15 23:21:00,True,2024-08-15 21:23:00,1.056,3.208,True,2457.625,2024-08-15 20:37:00,0.384
GC,2024-08-16,Friday,ODR,2461.885,2451.525,10.360000000000127,2464.405,2451.025,13.38000000000011,True,LONG,2024-08-16 06:10:00,2464.998,True,False,,1.2268,0.0,1.2268,2474.595,2024-08-16 08:06:00,0.0,2463.535,2024-08-16 06:54:00,True,2024-08-16 06:21:00,0.0,0.0,False,,,
GC,2024-08-16,Friday,RDR,2497.268,2481.358,15.909999999999854,2500.045,2477.315,22.730000000000018,True,LONG,2024-08-16 14:35:00,2503.085,True,False,,0.7295,0.1567,0.7295,2508.875,2024-08-16 15:57:00,0.0,2501.594,2024-08-16 15:00:00,True,2024-08-16 14:49:00,0.0,0.0,False,,,
GC,2024-08-19,Monday,ADR,2506.385,2502.585,3.800000000000182,2506.705,2502.525,4.179999999999836,True,SHORT,2024-08-18 20:30:00,2501.685,True,True,True,0.0,2.0368,2.0368,2494.845,2024-08-18 21:27:00,0.8787,2505.924,2024-08-18 21:02:00,True,2024-08-18 20:41:00,0.8787,0.8787,True,2502.825,2024-08-18 20:35:00,0.0632
GC,2024-08-19,Monday,ODR,2504.365,2500.125,4.239999999999782,2504.825,2499.625,5.199999999999818,True,LONG,2024-08-19 04:15:00,2505.018,False,True,False,0.6368,3.2335,0.6368,2507.065,2024-08-19 04:35:00,4.2335,2486.415,2024-08-19 07:22:00,True,2024-08-19 04:27:00,0.0,4.2335,True,2503.845,2024-08-19 04:41:00,0.1226
GC,2024-08-19,Monday,RDR,2498.975,2486.768,12.20699999999988,2499.555,2485.515,14.039999999999964,True,LONG,2024-08-19 10:30:00,2502.264,True,False,,0.6857,0.0,0.6857,2507.345,2024-08-19 12:41:00,0.0,2499.818,2024-08-19 11:01:00,True,2024-08-19 11:26:00,0.0,0.0,False,,,
GC,2024-08-20,Tuesday,ADR,2504.465,2502.715,1.75,2504.665,2502.385,2.2799999999997453,True,LONG,2024-08-19 20:30:00,2505.108,False,True,False,2.0571,2.3754,2.0571,2508.065,2024-08-19 21:06:00,3.3754,2498.558,2024-08-19 22:13:00,True,2024-08-19 20:37:00,0.0,3.3754,True,2504.115,2024-08-19 21:08:00,0.2
GC,2024-08-20,Tuesday,ODR,2514.825,2501.468,13.356999999999971,2515.005,2501.075,13.930000000000291,True,LONG,2024-08-20 04:00:00,2517.025,True,True,True,1.0267,0.0,1.0267,2528.538,2024-08-20 08:26:00,0.0106,2514.684,2024-08-20 04:28:00,True,2024-08-20 04:48:00,0.0106,0.0,True,2514.684,2024-08-20 04:28:00,0.0106
GC,2024-08-20,Tuesday,RDR,2529.808,2522.924,6.8840000000000146,2531.558,2519.744,11.81399999999985,True,SHORT,2024-08-20 11:00:00,2513.555,True,False,,0.0,3.2305,3.2305,2500.685,2024-08-20 12:04:00,0.0,2515.304,2024-08-20 14:39:00,True,2024-08-20 11:05:00,0.0,0.0,False,,,
GC,2024-08-21,Wednesday,ADR,2515.805,2512.795,3.0099999999997635,2515.945,2512.408,3.537000000000262,True,SHORT,2024-08-20 21:25:00,2512.335,False,True,False,1.3256,0.6877,0.6877,2510.725,2024-08-20 21:34:00,2.3256,2519.795,2024-08-20 22:15:00,True,2024-08-20 21:32:00,0.0,2.3256,True,2513.025,2024-08-20 21:39:00,0.0764
GC,2024-08-21,Wednesday,ODR,2516.825,2508.955,7.869999999999891,2516.915,2508.005,8.909999999999854,True,SHORT,2024-08-21 04:55:00,2507.148,True,True,False,0.0,0.5858,0.5858,2504.345,2024-08-21 06:01:00,0.5883,2513.585,2024-08-21 08:19:00,True,2024-08-21 05:51:00,0.0229,0.5883,True,2509.135,2024-08-21 05:25:00,0.0229
GC,2024-08-21,Wednesday,RDR,2506.365,2497.655,8.709999999999582,2507.685,2493.698,13.98700000000008,True,LONG,2024-08-21 11:30:00,2508.785,True,True,True,1.4501,0.3905,1.4501,2518.995,2024-08-21 14:29:00,0.3789,2503.065,2024-08-21 12:12:00,True,2024-08-21 11:49:00,0.3789,0.3789,True,2505.575,2024-08-21 12:09:00,0.0907
GC,2024-08-22,Thursday,ADR,2513.345,2511.368,1.9769999999998618,2513.525,2511.018,2.507000000000062,True,LONG,2024-08-21 20:45:00,2513.875,False,True,False,0.607,6.1528,0.607,2514.545,2024-08-21 20:52:00,7.1528,2499.204,2024-08-22 00:38:00,True,2024-08-21 20:52:00,0.0,7.1528,True,2513.255,2024-08-21 20:58:00,0.0455
GC,2024-08-22,Thursday,ODR,2508.944,2505.085,3.8589999999999236,2509.658,2504.325,5.333000000000084,True,SHORT,2024-08-22 04:15:00,2503.275,True,True,True,0.0166,2.34,2.34,2496.055,2024-08-22 08:11:00,1.0166,2509.008,2024-08-22 06:36:00,True,2024-08-22 04:20:00,1.0166,1.0166,True,2505.195,2024-08-22 05:20:00,0.0285
GC,2024-08-22,Thursday,RDR,2492.794,2475.065,17.728999999999814,2492.794,2470.705,22.088999999999942,False,,,,,,,0.0,0.2019,,,,,,,False,,,,False,,,
GC,2024-08-23,Friday,ADR,2488.308,2485.575,2.7330000000001746,2488.355,2485.524,2.831000000000131,True,LONG,2024-08-22 20:35:00,2490.465,True,True,True,2.6919,0.0,2.6919,2495.665,2024-08-23 01:32:00,0.6378,2486.565,2024-08-22 22:32:00,True,2024-08-22 20:40:00,0.6378,0.6378,True,2487.945,2024-08-22 21:15:00,0.1328
GC,2024-08-23,Friday,ODR,2493.545,2491.755,1.7899999999999636,2493.995,2491.555,2.4400000000000546,True,LONG,2024-08-23 04:05:00,2495.695,True,False,,4.9218,0.0,4.9218,2502.355,2024-08-23 07:56:00,0.0,2494.755,2024-08-23 04:16:00,True,2024-08-23 04:10:00,0.0,0.0,False,,,
GC,2024-08-23,Friday,RDR,2516.915,2495.094,21.820999999999913,2517.735,2494.315,23.420000000000073,False,,,,,,,0.0587,0.0,,,,,,,False,,,,False,,,
GC,2024-08-26,Monday,ADR,2515.928,2514.045,1.8829999999998108,2516.248,2513.675,2.5729999999998654,True,LONG,2024-08-25 20:30:00,2516.315,False,True,False,0.487,2.8996,0.2815,2516.458,2024-08-25 20:35:00,3.8996,2508.585,2024-08-26 01:02:00,False,,0.0,,True,2515.928,2024-08-25 20:36:00,0.0
GC,2024-08-26,Monday,ODR,2521.305,2514.955,6.349999999999909,2521.715,2514.098,7.617000000000189,True,LONG,2024-08-26 04:00:00,2524.125,True,True,True,0.8509,0.0,0.8509,2526.708,2024-08-26 07:55:00,0.0803,2520.795,2024-08-26 07:34:00,True,2024-08-26 04:05:00,0.0803,0.0803,True,2521.155,2024-08-26 07:26:00,0.0236
GC,2024-08-26,Monday,RDR,2525.425,2514.555,10.870000000000346,2526.235,2510.548,15.687000000000353,False,,,,,,,0.0,0.3027,,,,,,,False,,,,False,,,
GC,2024-08-27,Tuesday,ADR,2517.255,2514.705,2.550000000000182,2517.345,2514.615,2.730000000000018,True,SHORT,2024-08-26 20:40:00,2513.965,True,False,,0.0,3.5322,3.5322,2505.698,2024-08-26 22:08:00,0.0,2514.225,2024-08-26 20:46:00,True,2024-08-26 20:52:00,0.0,0.0,False,,,
GC,2024-08-27,Tuesday,ODR,2517.105,2504.858,12.246999999999844,2517.395,2504.458,12.936999999999898,False,,,,,,,0.0,0.1178,,,,,,,False,,,,False,,,
GC,2024-08-27,Tuesday,RDR,2517.485,2506.575,10.91000000000031,2518.035,2505.685,12.349999999999909,True,LONG,2024-08-27 13:30:00,2518.158,True,False,,0.7638,0.0,0.7638,2525.818,2024-08-27 14:56:00,0.0,2517.958,2024-08-27 13:35:00,True,2024-08-27 14:23:00,0.0,0.0,False,,,
GC,2024-08-28,Wednesday,ADR,2526.715,2524.075,2.6400000000003274,2527.115,2523.898,3.2169999999996435,True,SHORT,2024-08-27 21:00:00,2521.598,True,False,,0.0,7.0985,7.0985,2505.335,2024-08-28 01:50:00,0.0,2522.145,2024-08-27 21:10:00,True,2024-08-27 21:05:00,0.0,0.0,False,,,
GC,2024-08-28,Wednesday,ODR,2510.715,2507.675,3.0399999999999636,2511.225,2507.415,3.8099999999999454,True,SHORT,2024-08-28 04:05:00,2506.395,False,True,True,0.1842,3.8421,3.8421,2495.995,2024-08-28 08:29:00,1.1842,2511.275,2024-08-28 05:42:00,True,2024-08-28 04:11:00,1.1842,1.1842,True,2507.725,2024-08-28 04:15:00,0.0164
GC,2024-08-28,Wednesday,RDR,2510.065,2502.965,7.099999999999909,2510.348,2499.335,11.01299999999992,True,SHORT,2024-08-28 12:20:00,2497.465,True,True,False,0.0103,0.9394,0.9394,2496.295,2024-08-28 12:25:00,0.9155,2509.465,2024-08-28 15:25:00,True,2024-08-28 12:25:00,0.0,0.9155,True,2503.775,2024-08-28 12:40:00,0.1141
GC,2024-08-29,Thursday,ADR,2514.235,2507.035,7.200000000000273,2515.155,2506.265,8.890000000000327,True,LONG,2024-08-28 23:35:00,2515.935,True,True,True,0.7726,0.0,0.7726,2519.798,2024-08-29 01:55:00,0.0833,2513.635,2024-08-29 01:08:00,True,2024-08-29 00:11:00,0.0833,0.0833,True,2514.145,2024-08-29 01:06:00,0.0125
GC,2024-08-29,Thursday,ODR,2519.025,2515.495,3.5300000000002,2519.025,2515.085,3.9400000000000546,True,LONG,2024-08-29 05:45:00,2519.305,False,True,False,1.4929,0.2776,1.4929,2524.295,2024-08-29 05:53:00,1.2776,2514.515,2024-08-29 08:28:00,True,2024-08-29 05:51:00,0.0,1.2776,True,2518.945,2024-08-29 07:55:00,0.0227
GC,2024-08-29,Thursday,RDR,2519.945,2510.435,9.510000000000218,2520.798,2510.055,10.742999999999938,True,LONG,2024-08-29 10:50:00,2521.705,True,True,True,0.9057,0.0,0.9057,2528.558,2024-08-29 13:27:00,0.2776,2517.305,2024-08-29 12:10:00,True,2024-08-29 11:09:00,0.2776,0.2776,True,2519.655,2024-08-29 11:21:00,0.0305
GC,2024-08-30,Friday,ADR,2519.785,2518.275,1.5099999999997635,2519.945,2518.025,1.9200000000000728,True,SHORT,2024-08-29 20:40:00,2517.695,True,True,True,0.1212,4.1325,4.1325,2512.035,2024-08-30 00:04:00,1.1212,2519.968,2024-08-29 21:40:00,True,2024-08-29 20:46:00,1.1212,1.1212,True,2518.305,2024-08-29 21:23:00,0.0199
GC,2024-08-30,Friday,ODR,2520.885,2517.665,3.2200000000002547,2521.305,2517.405,3.899999999999636,True,LONG,2024-08-30 04:05:00,2522.025,False,True,True,1.8137,0.8634,1.8137,2526.725,2024-08-30 05:14:00,1.8634,2514.885,2024-08-30 07:00:00,True,2024-08-30 04:10:00,0.0,1.8634,True,2520.735,2024-08-30 06:16:00,0.0466
GC,2024-08-30,Friday,RDR,2518.055,2509.905,8.149999999999636,2518.968,2509.248,9.7199999999998,True,SHORT,2024-08-30 10:55:00,2509.028,True,False,,0.0,1.9456,1.9456,2494.048,2024-08-30 13:29:00,0.0,2509.445,2024-08-30 11:01:00,True,2024-08-30 11:05:00,0.0,0.0,False,,,
GC,2024-09-02,Monday,ADR,2503.058,2502.185,0.8730000000000473,2503.595,2501.915,1.6799999999998363,True,LONG,2024-09-01 20:35:00,2503.675,False,True,False,2.0241,14.055,2.0241,2504.825,2024-09-01 20:45:00,15.055,2489.915,2024-09-01 22:45:00,True,2024-09-01 20:40:00,0.0,15.055,True,2502.938,2024-09-01 20:54:00,0.1375
GC,2024-09-02,Monday,ODR,2498.185,2497.055,1.1300000000001091,2499.425,2496.065,3.3600000000001273,True,LONG,2024-09-02 04:00:00,2500.135,True,True,True,7.9115,0.0531,7.9115,2507.125,2024-09-02 04:55:00,1.0531,2496.995,2024-09-02 07:11:00,True,2024-09-02 04:05:00,0.9115,1.0531,True,2497.825,2024-09-02 04:17:00,0.3186
GC,2024-09-02,Monday,RDR,2501.318,2498.365,2.9530000000004293,2502.005,2497.565,4.440000000000055,True,LONG,2024-09-02 10:50:00,2502.015,True,True,False,0.3546,0.0,0.3546,2502.365,2024-09-02 10:57:00,0.9492,2498.515,2024-09-02 12:53:00,False,,0.0,,True,2501.255,2024-09-02 11:04:00,0.0213
GC,2024-09-03,Tuesday,ADR,2498.305,2496.345,1.9600000000000364,2498.335,2495.975,2.3600000000001273,True,SHORT,2024-09-02 20:40:00,2495.805,True,True,True,0.0,3.475,3.475,2489.534,2024-09-02 21:27:00,0.2566,2496.848,2024-09-03 00:34:00,True,2024-09-02 20:46:00,0.0,0.2566,True,2496.685,2024-09-03 00:28:00,0.1735
GC,2024-09-03,Tuesday,ODR,2500.835,2496.775,4.059999999999945,2501.938,2496.475,5.463000000000193,True,LONG,2024-09-03 04:00:00,2502.295,False,True,False,1.3128,3.0049,1.3128,2506.165,2024-09-03 04:31:00,4.0049,2484.575,2024-09-03 07:57:00,True,2024-09-03 04:14:00,0.0,4.0049,True,2500.788,2024-09-03 05:59:00,0.0116
GC,2024-09-03,Tuesday,RDR,2492.774,2475.195,17.578999999999724,2493.795,2473.245,20.550000000000182,True,LONG,2024-09-03 15:25:00,2493.818,True,True,False,0.0865,0.0,0.0865,2494.295,2024-09-03 15:32:00,0.097,2491.068,2024-09-03 15:40:00,False,,0.0,,True,2492.695,2024-09-03 15:34:00,0.0045
GC,2024-09-04,Wednesday,ADR,2494.238,2493.025,1.212999999999738,2494.915,2492.475,2.4400000000000546,True,SHORT,2024-09-03 20:55:00,2492.238,False,True,True,2.141,1.5416,1.5416,2491.155,2024-09-03 21:24:00,3.141,2496.835,2024-09-03 22:38:00,True,2024-09-03 21:00:00,0.5688,3.141,True,2493.048,2024-09-03 21:15:00,0.019
GC,2024-09-04,Wednesday,ODR,2487.665,2482.045,5.619999999999891,2488.115,2481.885,6.229999999999563,True,SHORT,2024-09-04 04:10:00,2480.255,False,True,False,0.6085,1.8375,1.8375,2471.718,2024-09-04 05:00:00,1.6085,2491.085,2024-09-04 07:13:00,True,2024-09-04 04:21:00,0.0,1.6085,True,2482.465,2024-09-04 05:52:00,0.0747
GC,2024-09-04,Wednesday,RDR,2493.005,2482.025,10.980000000000018,2499.274,2481.915,17.358999999999924,True,LONG,2024-09-04 10:45:00,2499.575,True,True,True,0.6503,0.0,0.6503,2500.145,2024-09-04 10:50:00,0.1448,2491.415,2024-09-04 15:42:00,True,2024-09-04 10:50:00,0.0,0.1448,True,2492.678,2024-09-04 11:41:00,0.0298
GC,2024-09-05,Thursday,ADR,2496.395,2495.045,1.349999999999909,2496.785,2494.628,2.156999999999698,True,SHORT,2024-09-04 20:30:00,2494.615,False,True,False,4.2741,1.0222,1.0222,2493.665,2024-09-05 00:52:00,5.2741,2502.165,2024-09-05 01:51:00,True,2024-09-04 20:52:00,3.0585,5.2741,True,2495.244,2024-09-04 20:38:00,0.1474
GC,2024-09-05,Thursday,ODR,2506.325,2503.415,2.9099999999998545,2507.445,2502.875,4.570000000000164,True,LONG,2024-09-05 04:10:00,2508.088,True,False,,4.9381,0.0,4.9381,2520.695,2024-09-05 08:21:00,0.0,2508.088,2024-09-05 04:15:00,True,2024-09-05 04:15:00,0.0,0.0,False,,,
GC,2024-09-05,Thursday,RDR,2519.535,2509.865,9.670000000000073,2520.448,2507.535,12.913000000000011,True,SHORT,2024-09-05 11:05:00,2505.465,True,True,False,0.0,0.6267,0.6267,2503.805,2024-09-05 11:11:00,0.7149,2516.778,2024-09-05 14:35:00,True,2024-09-05 11:10:00,0.0,0.7149,True,2510.485,2024-09-05 11:38:00,0.0641
GC,2024-09-06,Friday,ADR,2517.505,2516.035,1.4700000000002547,2517.828,2515.935,1.893000000000029,True,SHORT,2024-09-05 20:30:00,2515.815,False,True,False,2.832,2.1361,2.1361,2512.895,2024-09-05 22:01:00,3.832,2521.668,2024-09-06 01:49:00,True,2024-09-05 21:08:00,0.3537,3.832,True,2516.228,2024-09-05 20:39:00,0.1313
GC,2024-09-06,Friday,ODR,2519.315,2516.408,2.907000000000153,2519.755,2516.175,3.5799999999999272,True,LONG,2024-09-06 07:15:00,2519.775,False,True,False,0.3062,1.4837,0.3062,2520.205,2024-09-06 07:25:00,2.4837,2512.095,2024-09-06 08:16:00,False,,0.0,,True,2519.085,2024-09-06 07:28:00,0.0791
GC,2024-09-06,Friday,RDR,2511.155,2504.805,6.350000000000364,2511.665,2501.905,9.759999999999764,True,LONG,2024-09-06 10:40:00,2513.415,False,True,False,1.1339,3.1165,1.1339,2518.355,2024-09-06 11:01:00,4.1165,2485.015,2024-09-06 12:47:00,True,2024-09-06 10:45:00,0.8661,4.1165,True,2510.555,2024-09-06 10:51:00,0.0945
GC,2024-09-09,Monday,ADR,2497.775,2495.705,2.0700000000001637,2498.165,2495.415,2.75,True,LONG,2024-09-08 22:00:00,2498.275,False,True,False,1.2512,4.058,1.2512,2500.365,2024-09-08 23:49:00,5.058,2487.305,2024-09-09 01:56:00,True,2024-09-08 22:11:00,0.5589,5.058,True,2497.425,2024-09-08 22:08:00,0.1691
GC,2024-09-09,Monday,ODR,2496.198,2489.185,7.01299999999992,2496.625,2488.725,7.900000000000091,True,LONG,2024-09-09 06:00:00,2497.265,True,True,True,0.8623,0.0,0.8623,2502.245,2024-09-09 08:29:00,0.4567,2492.995,2024-09-09 06:36:00,True,2024-09-09 08:21:00,0.4567,0.0,True,2495.968,2024-09-09 06:15:00,0.0328
GC,2024-09-09,Monday,RDR,2502.845,2497.185,5.6599999999998545,2503.685,2495.745,7.940000000000055,True,SHORT,2024-09-09 10:40:00,2494.195,False,True,False,0.629,0.7191,0.7191,2493.115,2024-09-09 10:45:00,1.629,2506.405,2024-09-09 13:35:00,True,2024-09-09 10:45:00,0.0,1.629,True,2497.225,2024-09-09 10:55:00,0.0071
GC,2024-09-10,Tuesday,ADR,2507.455,2504.915,2.5399999999999636,2507.515,2504.645,2.869999999999891,True,SHORT,2024-09-09 21:15:00,2504.485,True,True,True,0.0,1.6917,1.6917,2500.618,2024-09-10 01:05:00,0.2992,2505.675,2024-09-09 21:26:00,True,2024-09-09 21:31:00,0.2992,0.0,True,2504.935,2024-09-09 21:20:00,0.0079
GC,2024-09-10,Tuesday,ODR,2506.705,2502.595,4.110000000000127,2507.595,2502.005,5.589999999999691,True,SHORT,2024-09-10 04:00:00,2501.685,False,True,False,0.6934,0.6255,0.6255,2500.024,2024-09-10 04:32:00,1.6934,2509.555,2024-09-10 06:20:00,True,2024-09-10 04:32:00,0.1029,1.6934,True,2502.865,2024-09-10 04:22:00,0.0657
GC,2024-09-10,Tuesday,RDR,2514.748,2501.615,13.133000000000266,2514.985,2501.185,13.800000000000182,True,LONG,2024-09-10 11:40:00,2516.145,True,True,True,0.2708,0.048,0.1985,2517.355,2024-09-10 15:59:00,0.317,2510.585,2024-09-10 12:05:00,False,,0.317,,True,2514.478,2024-09-10 11:51:00,0.0206
GC,2024-09-11,Wednesday,ADR,2518.645,2517.195,1.449999999999818,2518.915,2516.405,2.5099999999997635,True,SHORT,2024-09-10 21:00:00,2515.318,False,True,False,2.6,1.6207,1.6207,2514.845,2024-09-10 21:05:00,3.6,2522.415,2024-09-10 21:49:00,True,2024-09-10 21:05:00,0.0,3.6,True,2517.205,2024-09-10 21:15:00,0.0069
GC,2024-09-11,Wednesday,ODR,2527.615,2521.338,6.276999999999589,2527.675,2520.615,7.0600000000004,True,SHORT,2024-09-11 06:15:00,2520.405,True,True,True,0.0,0.7349,0.7349,2516.725,2024-09-11 08:23:00,0.4349,2524.068,2024-09-11 07:51:00,True,2024-09-11 08:19:00,0.4349,0.0,True,2521.365,2024-09-11 06:33:00,0.0043
GC,2024-09-11,Wednesday,RDR,2509.515,2504.228,5.286999999999807,2510.615,2500.825,9.789999999999964,True,LONG,2024-09-11 11:05:00,2511.935,True,False,,1.9726,0.1197,1.9726,2519.944,2024-09-11 12:46:00,0.0,2509.675,2024-09-11 15:06:00,True,2024-09-11 11:12:00,0.0,0.0,False,,,
GC,2024-09-12,Thursday,ADR,2512.505,2511.074,1.43100000000004,2512.805,2510.935,1.8699999999998909,True,LONG,2024-09-11 21:00:00,2512.945,True,True,True,5.0384,0.1321,5.0384,2519.715,2024-09-12 01:58:00,1.1321,2510.885,2024-09-11 22:49:00,True,2024-09-11 21:06:00,1.1321,1.1321,True,2512.295,2024-09-11 21:05:00,0.1468
GC,2024-09-12,Thursday,ODR,2517.075,2514.675,2.399999999999636,2517.605,2514.385,3.2199999999998,True,LONG,2024-09-12 04:20:00,2518.345,False,True,True,2.6292,0.7375,2.6292,2523.385,2024-09-12 08:20:00,1.7375,2512.905,2024-09-12 07:00:00,True,2024-09-12 04:25:00,1.7375,1.7375,True,2516.975,2024-09-12 04:41:00,0.0417
GC,2024-09-12,Thursday,RDR,2548.038,2537.535,10.503000000000156,2551.534,2537.255,14.278999999999996,True,LONG,2024-09-12 10:45:00,2553.475,True,True,True,1.0423,0.0,1.0423,2558.985,2024-09-12 15:50:00,0.318,2544.698,2024-09-12 12:27:00,True,2024-09-12 10:50:00,0.318,0.318,True,2547.198,2024-09-12 12:12:00,0.08
GC,2024-09-13,Friday,ADR,2558.858,2556.788,2.0700000000001637,2559.105,2556.538,2.5670000000000073,True,LONG,2024-09-12 20:30:00,2559.545,True,True,True,5.4478,0.0,5.4478,2570.135,2024-09-13 01:28:00,0.4845,2557.855,2024-09-12 20:54:00,True,2024-09-12 20:42:00,0.4845,0.4845,True,2558.375,2024-09-12 20:49:00,0.2333
GC,2024-09-13,Friday,ODR,2570.215,2564.945,5.269999999999982,2570.888,2563.775,7.112999999999829,True,LONG,2024-09-13 05:30:00,2570.935,False,True,False,0.4953,0.2583,0.4953,2572.825,2024-09-13 05:41:00,1.2583,2563.584,2024-09-13 07:42:00,False,,0.0,,True,2570.165,2024-09-13 05:52:00,0.0095
GC,2024-09-13,Friday,RDR,2582.708,2575.315,7.393000000000029,2583.258,2572.978,10.279999999999745,True,LONG,2024-09-13 12:05:00,2583.548,True,True,False,0.4406,0.2381,0.4406,2585.965,2024-09-13 13:05:00,0.5672,2578.515,2024-09-13 15:17:00,False,,0.3737,,True,2582.444,2024-09-13 12:11:00,0.0357
GC,2024-09-16,Monday,ADR,2582.095,2578.905,3.1899999999996,2582.228,2578.145,4.083000000000084,True,LONG,2024-09-15 21:35:00,2582.295,True,True,True,2.2571,0.0,2.2571,2589.295,2024-09-16 01:49:00,0.4643,2580.614,2024-09-15 21:48:00,True,2024-09-15 22:18:00,0.4643,0.0,True,2581.425,2024-09-15 21:40:00,0.21
GC,2024-09-16,Monday,ODR,2585.165,2580.205,4.960000000000036,2585.465,2579.325,6.140000000000327,True,LONG,2024-09-16 04:15:00,2585.695,False,True,False,0.6472,1.0262,0.6472,2588.375,2024-09-16 04:38:00,2.0262,2575.115,2024-09-16 06:53:00,True,2024-09-16 04:31:00,0.0,2.0262,True,2584.898,2024-09-16 05:41:00,0.0538
GC,2024-09-16,Monday,RDR,2588.555,2578.965,9.58999999999969,2589.205,2577.575,11.63000000000011,True,SHORT,2024-09-16 10:30:00,2576.925,True,True,False,0.0,0.3149,0.2252,2576.805,2024-09-16 10:35:00,0.5245,2583.995,2024-09-16 13:01:00,False,,0.0,,True,2579.565,2024-09-16 10:38:00,0.0626
GC,2024-09-17,Tuesday,ADR,2584.035,2582.235,1.7999999999997272,2584.265,2581.805,2.4600000000000364,True,SHORT,2024-09-16 20:45:00,2581.505,False,True,True,1.1833,4.3556,4.3556,2574.395,2024-09-17 01:18:00,2.1833,2586.165,2024-09-16 22:30:00,True,2024-09-16 20:50:00,2.1833,2.1833,True,2582.354,2024-09-16 21:46:00,0.0661
GC,2024-09-17,Tuesday,ODR,2585.324,2583.304,2.019999999999982,2585.594,2582.624,2.9700000000002547,True,SHORT,2024-09-17 04:00:00,2582.344,True,True,True,0.0,6.7619,6.7619,2569.645,2024-09-17 06:41:00,0.3861,2584.084,2024-09-17 04:20:00,True,2024-09-17 04:05:00,0.3861,0.3861,True,2583.394,2024-09-17 04:06:00,0.0446
GC,2024-09-17,Tuesday,RDR,2581.085,2573.575,7.510000000000218,2582.115,2572.955,9.159999999999854,True,SHORT,2024-09-17 10:40:00,2572.295,True,True,True,0.0,1.6766,1.6766,2560.984,2024-09-17 13:08:00,0.4491,2576.948,2024-09-17 11:00:00,True,2024-09-17 11:29:00,0.4491,0.0,True,2573.748,2024-09-17 10:45:00,0.023
GC,2024-09-18,Wednesday,ADR,2574.108,2571.628,2.480000000000018,2574.705,2571.448,3.257000000000062,True,LONG,2024-09-17 21:20:00,2574.725,False,True,False,0.8895,2.3843,0.8819,2576.295,2024-09-18 00:05:00,3.3843,2565.715,2024-09-18 01:27:00,True,2024-09-17 23:28:00,1.7149,3.3843,True,2573.615,2024-09-17 21:26:00,0.1988
GC,2024-09-18,Wednesday,ODR,2571.505,2568.995,2.5100000000002183,2571.865,2568.585,3.2799999999997453,True,SHORT,2024-09-18 04:35:00,2568.365,False,True,False,3.6135,0.4661,0.4661,2567.825,2024-09-18 05:04:00,4.6135,2580.575,2024-09-18 07:47:00,False,,0.6972,,True,2569.124,2024-09-18 04:41:00,0.0514
GC,2024-09-18,Wednesday,RDR,2577.415,2568.825,8.590000000000146,2578.455,2567.895,10.559999999999945,True,SHORT,2024-09-18 13:55:00,2567.308,False,True,True,2.6286,2.5821,2.5821,2546.645,2024-09-18 15:50:00,3.6286,2599.995,2024-09-18 14:34:00,True,2024-09-18 15:05:00,3.6286,0.3062,True,2587.835,2024-09-18 14:00:00,1.0
GC,2024-09-19,Thursday,ADR,2559.185,2556.475,2.7100000000000364,2559.445,2556.155,3.2899999999999636,True,SHORT,2024-09-18 21:00:00,2554.395,False,True,False,5.6236,2.0185,2.0185,2551.005,2024-09-18 21:40:00,6.6236,2574.425,2024-09-19 01:59:00,True,2024-09-18 21:05:00,0.1989,6.6236,True,2556.695,2024-09-18 21:22:00,0.0812
GC,2024-09-19,Thursday,ODR,2584.324,2575.708,8.615999999999985,2584.574,2574.915,9.659000000000106,True,LONG,2024-09-19 04:55:00,2584.815,True,True,True,1.213,0.0,1.213,2594.775,2024-09-19 05:33:00,0.0498,2583.895,2024-09-19 05:01:00,True,2024-09-19 05:20:00,0.0498,0.0092,True,2584.105,2024-09-19 05:00:00,0.0254
GC,2024-09-19,Thursday,RDR,2580.055,2572.644,7.411000000000058,2581.195,2569.625,11.570000000000164,True,LONG,2024-09-19 10:30:00,2583.375,True,True,True,1.684,0.0,1.684,2592.535,2024-09-19 13:02:00,0.0054,2580.015,2024-09-19 10:50:00,True,2024-09-19 10:38:00,0.0054,0.0054,True,2580.015,2024-09-19 10:50:00,0.0054
GC,2024-09-20,Friday,ADR,2587.235,2586.405,0.8299999999999272,2587.475,2585.965,1.5099999999997635,True,LONG,2024-09-19 20:35:00,2587.495,False,True,True,9.3855,2.1096,9.3855,2595.025,2024-09-20 01:57:00,3.1096,2584.654,2024-09-19 21:22:00,True,2024-09-19 20:40:00,3.1096,3.1096,True,2587.035,2024-09-19 21:04:00,0.241
GC,2024-09-20,Friday,ODR,2607.895,2604.655,3.2399999999997817,2609.615,2604.625,4.989999999999782,True,LONG,2024-09-20 04:30:00,2610.115,False,True,True,3.4784,0.7006,3.4784,2619.165,2024-09-20 08:28:00,1.7006,2602.385,2024-09-20 05:56:00,True,2024-09-20 04:35:00,1.7006,1.7006,True,2607.505,2024-09-20 05:22:00,0.1204
GC,2024-09-20,Friday,RDR,2613.335,2604.045,9.289999999999964,2613.438,2602.445,10.992999999999938,True,LONG,2024-09-20 10:30:00,2613.834,True,True,True,1.3174,0.0,1.3174,2625.574,2024-09-20 12:55:00,0.2443,2611.065,2024-09-20 11:16:00,True,2024-09-20 11:07:00,0.2443,0.2443,True,2612.978,2024-09-20 10:36:00,0.0384
GC,2024-09-23,Monday,ADR,2620.815,2618.805,2.0100000000002183,2621.115,2618.735,2.3799999999996544,True,SHORT,2024-09-22 20:40:00,2618.485,False,True,False,5.1692,1.4229,1.4229,2615.945,2024-09-22 21:02:00,6.1692,2631.205,2024-09-23 01:45:00,True,2024-09-22 21:00:00,0.1209,6.1692,True,2618.848,2024-09-22 20:48:00,0.0214
GC,2024-09-23,Monday,ODR,2624.304,2614.724,9.579999999999927,2624.885,2613.685,11.200000000000273,True,LONG,2024-09-23 07:30:00,2625.325,True,True,False,0.1445,0.0236,0.1445,2625.688,2024-09-23 07:35:00,0.4603,2619.894,2024-09-23 08:25:00,False,,0.0,,True,2624.075,2024-09-23 07:37:00,0.0239
GC,2024-09-23,Monday,RDR,2634.445,2626.794,7.651000000000295,2634.715,2625.945,8.769999999999982,True,SHORT,2024-09-23 15:45:00,2625.838,True,False,,0.0305,0.1593,0.1593,2625.575,2024-09-23 15:57:00,0.0,2626.708,2024-09-23 15:51:00,False,,0.0,,False,,,
GC,2024-09-24,Tuesday,ADR,2626.304,2624.974,1.3299999999999272,2626.448,2624.408,2.0399999999999636,True,SHORT,2024-09-23 20:50:00,2624.345,False,True,False,10.2564,0.9692,0.4654,2624.355,2024-09-23 20:55:00,11.2564,2639.945,2024-09-24 01:17:00,False,,0.0977,,True,2625.104,2024-09-23 20:55:00,0.0977
GC,2024-09-24,Tuesday,ODR,2629.525,2624.065,5.460000000000036,2630.135,2622.475,7.660000000000309,True,LONG,2024-09-24 05:50:00,2630.145,True,True,False,1.1941,0.1502,1.1941,2636.045,2024-09-24 06:43:00,1.1502,2623.245,2024-09-24 07:45:00,True,2024-09-24 06:06:00,0.0,1.1502,True,2629.158,2024-09-24 07:08:00,0.0672
GC,2024-09-24,Tuesday,RDR,2638.555,2633.015,5.539999999999964,2639.475,2631.545,7.929999999999836,True,LONG,2024-09-24 10:40:00,2640.218,True,False,,4.6298,0.0,4.6298,2664.204,2024-09-24 15:43:00,0.0,2639.058,2024-09-24 10:45:00,True,2024-09-24 10:46:00,0.0,0.0,False,,,
GC,2024-09-25,Wednesday,ADR,2658.525,2657.318,1.20699999999988,2659.055,2656.495,2.5599999999999454,True,LONG,2024-09-24 20:40:00,2659.405,False,True,False,9.7954,2.4548,9.7954,2670.348,2024-09-24 22:59:00,3.4548,2654.355,2024-09-25 01:51:00,True,2024-09-24 20:45:00,2.6346,3.4548,True,2658.385,2024-09-24 20:46:00,0.116
GC,2024-09-25,Wednesday,ODR,2656.788,2652.525,4.26299999999992,2657.535,2651.215,6.319999999999709,True,LONG,2024-09-25 06:25:00,2657.708,True,True,True,0.8883,0.0,0.8883,2660.575,2024-09-25 08:06:00,0.699,2653.808,2024-09-25 07:33:00,True,2024-09-25 08:03:00,0.699,0.0,True,2656.605,2024-09-25 06:35:00,0.0429
GC,2024-09-25,Wednesday,RDR,2665.835,2662.085,3.75,2667.215,2660.048,7.167000000000371,True,SHORT,2024-09-25 10:50:00,2658.335,True,True,True,0.4027,3.2987,3.2987,2649.715,2024-09-25 12:46:00,0.2053,2662.855,2024-09-25 13:36:00,True,2024-09-25 10:55:00,0.0,0.2053,True,2662.215,2024-09-25 13:34:00,0.0347
GC,2024-09-26,Thursday,ADR,2659.165,2655.385,3.7799999999997453,2659.185,2655.268,3.9169999999999163,True,LONG,2024-09-25 21:00:00,2659.608,True,True,True,1.1085,0.0,1.1085,2663.355,2024-09-26 01:30:00,0.6032,2656.885,2024-09-25 22:49:00,True,2024-09-25 21:57:00,0.6032,0.6032,True,2658.868,2024-09-25 21:05:00,0.0786
GC,2024-09-26,Thursday,ODR,2665.865,2660.198,5.666999999999916,2666.795,2659.338,7.45699999999988,True,LONG,2024-09-26 04:15:00,2667.735,True,False,,3.448,0.0,3.448,2685.405,2024-09-26 07:40:00,0.0,2666.385,2024-09-26 04:25:00,True,2024-09-26 04:21:00,0.0,0.0,False,,,
GC,2024-09-26,Thursday,RDR,2667.955,2658.565,9.389999999999873,2669.315,2654.685,14.63000000000011,True,LONG,2024-09-26 11:20:00,2669.648,True,True,True,1.0387,0.0,1.0387,2677.708,2024-09-26 15:11:00,0.555,2662.744,2024-09-26 12:14:00,True,2024-09-26 11:34:00,0.555,0.555,True,2667.294,2024-09-26 12:05:00,0.0704
GC,2024-09-27,Friday,ADR,2672.935,2670.205,2.730000000000018,2673.035,2669.705,3.3299999999999272,True,SHORT,2024-09-26 20:55:00,2669.638,False,True,True,0.337,2.9341,2.9341,2662.195,2024-09-27 01:39:00,1.337,2673.855,2024-09-26 23:58:00,True,2024-09-26 21:00:00,1.337,1.337,True,2670.565,2024-09-26 21:06:00,0.1319
GC,2024-09-27,Friday,ODR,2668.055,2661.735,6.319999999999709,2668.165,2660.825,7.3400000000001455,True,SHORT,2024-09-27 05:10:00,2660.545,False,True,False,0.1555,0.5597,0.5597,2658.198,2024-09-27 05:20:00,1.1555,2669.038,2024-09-27 07:46:00,True,2024-09-27 05:20:00,0.0,1.1555,True,2662.585,2024-09-27 05:37:00,0.1345
GC,2024-09-27,Friday,RDR,2669.034,2659.625,9.409000000000106,2670.524,2657.598,12.92599999999993,True,SHORT,2024-09-27 10:45:00,2653.894,True,False,,0.0,1.7551,1.7551,2643.111,2024-09-27 13:40:00,0.0,2657.175,2024-09-27 10:54:00,True,2024-09-27 10:50:00,0.0,0.0,False,,,
GC,2024-09-30,Monday,ADR,2665.095,2662.968,2.1269999999999527,2665.858,2662.605,3.2530000000001564,True,SHORT,2024-09-29 20:35:00,2661.985,True,True,True,0.0,7.3733,7.3733,2647.285,2024-09-29 21:49:00,0.5957,2664.235,2024-09-29 21:00:00,True,2024-09-29 20:54:00,0.5957,0.5957,True,2663.248,2024-09-29 20:40:00,0.1316
GC,2024-09-30,Monday,ODR,2659.745,2650.818,8.92699999999968,2660.495,2650.588,9.906999999999698,True,SHORT,2024-09-30 05:00:00,2650.315,True,True,True,0.0,1.8498,1.8498,2634.305,2024-09-30 07:02:00,0.0781,2651.515,2024-09-30 05:34:00,True,2024-09-30 06:18:00,0.0781,0.0,True,2650.995,2024-09-30 05:05:00,0.0198
GC,2024-09-30,Monday,RDR,2640.595,2629.824,10.77099999999973,2641.065,2628.614,12.451000000000022,True,LONG,2024-09-30 13:05:00,2641.258,False,True,False,0.1005,0.4908,0.1005,2641.678,2024-09-30 13:12:00,1.4908,2624.538,2024-09-30 14:26:00,False,,0.0,,True,2640.278,2024-09-30 13:14:00,0.0294
GC,2024-10-01,Tuesday,ADR,2636.365,2634.805,1.5599999999999454,2636.508,2634.625,1.8829999999998108,True,SHORT,2024-09-30 20:35:00,2634.535,False,True,False,5.0128,0.6346,0.6346,2633.815,2024-09-30 20:41:00,6.0128,2644.185,2024-10-01 01:52:00,True,2024-09-30 20:40:00,0.0,6.0128,True,2634.995,2024-09-30 20:43:00,0.1218
GC,2024-10-01,Tuesday,ODR,2645.665,2642.005,3.6599999999998545,2647.318,2641.605,5.713000000000193,True,LONG,2024-10-01 05:15:00,2647.695,True,False,,2.9754,0.0,2.9754,2656.555,2024-10-01 08:25:00,0.0,2645.945,2024-10-01 05:46:00,True,2024-10-01 05:20:00,0.0,0.0,False,,,
GC,2024-10-01,Tuesday,RDR,2670.065,2653.895,16.170000000000073,2671.735,2652.395,19.340000000000146,False,,,,,,,0.1758,0.0072,,,,,,,False,,,,False,,,
GC,2024-10-02,Wednesday,ADR,2661.075,2657.965,3.1099999999996726,2661.325,2657.955,3.369999999999891,True,SHORT,2024-10-01 20:45:00,2657.865,False,True,True,0.2582,4.3633,4.3633,2644.395,2024-10-02 01:52:00,1.2582,2661.878,2024-10-01 21:54:00,True,2024-10-01 21:15:00,1.2582,1.2582,True,2657.975,2024-10-01 20:50:00,0.0032
GC,2024-10-02,Wednesday,ODR,2655.315,2649.555,5.760000000000218,2655.435,2649.355,6.079999999999927,True,SHORT,2024-10-02 04:10:00,2648.665,True,True,True,0.0694,1.0255,1.0255,2643.648,2024-10-02 08:29:00,1.0174,2655.415,2024-10-02 05:33:00,True,2024-10-02 08:16:00,1.0174,0.1806,True,2650.875,2024-10-02 04:16:00,0.2292
GC,2024-10-02,Wednesday,RDR,2661.278,2654.255,7.0229999999996835,2663.194,2653.258,9.93600000000015,True,SHORT,2024-10-02 10:45:00,2652.838,True,True,False,0.0,1.8939,1.8939,2640.954,2024-10-02 11:15:00,0.6526,2658.838,2024-10-02 15:59:00,True,2024-10-02 10:54:00,0.0,0.6526,True,2654.498,2024-10-02 14:44:00,0.0346
GC,2024-10-03,Thursday,ADR,2662.108,2658.365,3.743000000000393,2662.775,2657.985,4.789999999999964,True,SHORT,2024-10-02 20:45:00,2657.855,True,True,True,0.0,1.7633,1.7633,2651.765,2024-10-03 01:39:00,0.1095,2658.775,2024-10-02 21:18:00,True,2024-10-02 21:30:00,0.1095,0.0454,True,2658.445,2024-10-02 21:16:00,0.0214
GC,2024-10-03,Thursday,ODR,2655.745,2645.145,10.599999999999909,2656.055,2643.304,12.750999999999749,True,SHORT,2024-10-03 04:20:00,2642.735,True,True,False,0.0,0.4009,0.4009,2640.895,2024-10-03 05:10:00,0.5842,2651.338,2024-10-03 08:25:00,False,,0.0774,,True,2645.435,2024-10-03 04:37:00,0.0274
GC,2024-10-03,Thursday,RDR,2651.235,2644.595,6.640000000000327,2654.348,2636.255,18.092999999999847,True,LONG,2024-10-03 12:30:00,2654.445,True,False,,1.6224,0.0,1.6224,2662.008,2024-10-03 13:19:00,0.0,2654.535,2024-10-03 12:35:00,True,2024-10-03 12:35:00,0.0,0.0,False,,,
GC,2024-10-04,Friday,ADR,2656.804,2654.398,2.405999999999949,2657.005,2654.178,2.8270000000002256,True,LONG,2024-10-03 20:55:00,2657.098,True,True,True,4.5183,0.0,4.5183,2667.675,2024-10-04 01:57:00,0.0661,2656.645,2024-10-03 21:17:00,True,2024-10-03 21:24:00,0.0661,0.0578,True,2656.785,2024-10-03 21:03:00,0.0079
GC,2024-10-04,Friday,ODR,2662.355,2658.985,3.369999999999891,2663.035,2658.605,4.429999999999836,True,SHORT,2024-10-04 05:10:00,2657.755,True,True,True,0.0297,0.9347,0.9347,2655.835,2024-10-04 08:25:00,1.0297,2662.455,2024-10-04 07:56:00,True,2024-10-04 05:30:00,1.0297,1.0297,True,2659.485,2024-10-04 05:40:00,0.1484
GC,2024-10-04,Friday,RDR,2654.778,2648.605,6.1729999999997744,2655.014,2646.378,8.635999999999967,True,LONG,2024-10-04 10:40:00,2655.565,False,True,False,2.4764,1.1097,2.4764,2670.065,2024-10-04 11:13:00,2.1097,2641.755,2024-10-04 12:45:00,True,2024-10-04 10:52:00,0.2825,2.1097,True,2654.355,2024-10-04 10:47:00,0.0685
GC,2024-10-07,Monday,ADR,2651.208,2649.185,2.0230000000001382,2651.535,2648.335,3.199999999999818,True,SHORT,2024-10-06 20:45:00,2648.175,True,True,True,0.2818,4.612,4.612,2639.855,2024-10-07 01:52:00,1.2818,2651.778,2024-10-06 21:07:00,True,2024-10-06 20:50:00,1.2818,1.2818,True,2649.274,2024-10-06 20:55:00,0.044
GC,2024-10-07,Monday,ODR,2651.925,2643.045,8.88000000000011,2652.695,2641.925,10.769999999999982,True,LONG,2024-10-07 04:05:00,2654.885,True,True,False,0.8491,0.0,0.8491,2659.465,2024-10-07 07:56:00,0.3941,2648.425,2024-10-07 08:26:00,True,2024-10-07 05:56:00,0.1532,0.3941,True,2651.515,2024-10-07 04:16:00,0.0462
GC,2024-10-07,Monday,RDR,2646.995,2641.965,5.029999999999745,2648.635,2640.275,8.360000000000127,True,LONG,2024-10-07 11:30:00,2648.785,False,True,False,0.6004,0.5905,0.6004,2650.015,2024-10-07 11:46:00,1.4891,2639.505,2024-10-07 14:51:00,True,2024-10-07 11:35:00,0.0,1.4891,True,2646.775,2024-10-07 11:52:00,0.0437
GC,2024-10-08,Tuesday,ADR,2643.735,2642.425,1.3099999999999454,2644.385,2642.245,2.1400000000003274,True,LONG,2024-10-07 20:40:00,2644.685,False,True,True,3.3282,6.687,3.3282,2648.095,2024-10-07 22:02:00,7.687,2633.665,2024-10-07 22:46:00,True,2024-10-07 20:45:00,4.5626,7.687,True,2643.645,2024-10-07 20:53:00,0.0687
GC,2024-10-08,Tuesday,ODR,2637.985,2631.995,5.9900000000002365,2638.345,2631.025,7.319999999999709,True,SHORT,2024-10-08 04:15:00,2630.068,False,True,False,2.4875,0.596,0.596,2628.425,2024-10-08 04:22:00,3.4875,2652.885,2024-10-08 08:25:00,True,2024-10-08 04:22:00,0.0,3.4875,True,2632.425,2024-10-08 04:24:00,0.0718
GC,2024-10-08,Tuesday,RDR,2640.775,2627.515,13.260000000000218,2641.625,2626.018,15.606999999999971,True,SHORT,2024-10-08 10:30:00,2624.285,True,False,,0.0,1.73,1.73,2604.575,2024-10-08 11:35:00,0.0,2626.565,2024-10-08 10:43:00,True,2024-10-08 10:36:00,0.0,0.0,False,,,
GC,2024-10-09,Wednesday,ADR,2623.015,2621.835,1.1799999999998363,2623.135,2621.395,1.7400000000002365,True,SHORT,2024-10-08 20:45:00,2621.225,False,True,True,0.9746,6.0169,6.0169,2614.735,2024-10-08 23:39:00,1.9746,2624.165,2024-10-09 01:35:00,True,2024-10-08 20:50:00,1.9068,1.9746,True,2621.855,2024-10-08 20:51:00,0.0169
GC,2024-10-09,Wednesday,ODR,2614.875,2610.374,4.501000000000204,2615.505,2608.974,6.530999999999949,True,LONG,2024-10-09 04:30:00,2616.465,True,True,True,1.6403,0.0064,1.6403,2622.258,2024-10-09 07:27:00,0.2037,2613.958,2024-10-09 04:52:00,True,2024-10-09 04:42:00,0.2037,0.2037,True,2614.575,2024-10-09 04:45:00,0.0667
GC,2024-10-09,Wednesday,RDR,2611.165,2607.758,3.407000000000153,2613.055,2606.815,6.239999999999782,True,LONG,2024-10-09 11:00:00,2614.475,False,True,False,1.9343,0.7963,1.9343,2617.755,2024-10-09 11:16:00,1.7963,2605.045,2024-10-09 14:23:00,True,2024-10-09 11:05:00,0.0,1.7963,True,2611.028,2024-10-09 12:28:00,0.0402
GC,2024-10-10,Thursday,ODR,2616.605,2610.765,5.8400000000001455,2616.915,2610.125,6.789999999999964,True,LONG,2024-10-10 05:30:00,2617.475,True,True,False,0.3721,0.0,0.3721,2618.778,2024-10-10 07:01:00,0.9366,2611.135,2024-10-10 07:39:00,False,,0.1558,,True,2616.305,2024-10-10 05:44:00,0.0514
GC,2024-10-10,Thursday,RDR,2626.818,2617.105,9.713000000000193,2629.564,2615.628,13.935999999999694,True,LONG,2024-10-10 15:10:00,2629.768,True,False,,0.4623,0.0762,0.4623,2631.308,2024-10-10 15:31:00,0.0,2628.158,2024-10-10 15:52:00,False,,0.0,,False,,,
GC,2024-10-11,Friday,ADR,2633.995,2632.225,1.7699999999999818,2635.855,2631.995,3.8600000000001273,True,LONG,2024-10-10 21:50:00,2636.505,True,False,,6.7588,0.1412,6.7588,2645.958,2024-10-10 23:57:00,0.0,2635.095,2024-10-10 22:11:00,True,2024-10-10 21:55:00,0.0,0.0,False,,,
GC,2024-10-11,Friday,ODR,2645.245,2638.518,6.726999999999862,2645.445,2638.195,7.25,True,LONG,2024-10-11 04:00:00,2645.525,False,True,True,0.4266,0.3706,0.4266,2648.115,2024-10-11 08:20:00,1.3706,2636.025,2024-10-11 05:22:00,False,,1.3706,,True,2645.085,2024-10-11 04:05:00,0.0238
GC,2024-10-11,Friday,RDR,2652.685,2646.835,5.849999999999909,2653.338,2646.015,7.32300000000032,True,LONG,2024-10-11 10:30:00,2654.115,True,True,True,1.4655,0.0,1.4655,2661.258,2024-10-11 12:29:00,0.2889,2650.995,2024-10-11 10:47:00,True,2024-10-11 11:04:00,0.2889,0.0,True,2652.545,2024-10-11 10:36:00,0.0239
GC,2024-10-14,Monday,ADR,2649.465,2645.305,4.160000000000309,2650.048,2644.975,5.072999999999865,True,SHORT,2024-10-13 21:00:00,2643.598,False,True,False,2.6707,0.5401,0.5401,2643.058,2024-10-13 22:07:00,3.6707,2660.575,2024-10-14 01:20:00,True,2024-10-13 22:05:00,0.738,3.6707,True,2645.305,2024-10-13 21:07:00,0.0
GC,2024-10-14,Monday,ODR,2663.975,2660.248,3.7269999999998618,2665.055,2659.005,6.049999999999727,True,SHORT,2024-10-14 04:45:00,2658.578,True,True,True,0.0,2.6831,2.6831,2650.248,2024-10-14 08:20:00,0.7075,2662.885,2024-10-14 05:08:00,True,2024-10-14 05:30:00,0.7075,0.1422,True,2660.745,2024-10-14 05:05:00,0.1334
GC,2024-10-14,Monday,RDR,2659.925,2647.645,12.2800000000002,2661.065,2646.145,14.920000000000073,True,SHORT,2024-10-14 10:55:00,2645.495,True,True,False,0.0,0.3103,0.3103,2643.835,2024-10-14 11:56:00,0.3952,2652.498,2024-10-14 15:59:00,False,,0.1091,,True,2648.155,2024-10-14 11:06:00,0.0415
GC,2024-10-15,Tuesday,ADR,2650.335,2648.125,2.2100000000000364,2650.545,2647.785,2.7600000000002183,True,LONG,2024-10-14 22:20:00,2651.795,False,True,False,1.0285,4.6018,1.0285,2652.608,2024-10-14 22:29:00,5.6018,2637.955,2024-10-15 01:30:00,True,2024-10-14 22:25:00,0.0,5.6018,True,2649.945,2024-10-14 22:43:00,0.1765
GC,2024-10-15,Tuesday,ODR,2651.955,2648.368,3.586999999999989,2653.765,2647.755,6.0099999999997635,True,LONG,2024-10-15 04:10:00,2654.395,False,True,True,1.3075,0.7982,1.3075,2656.645,2024-10-15 06:28:00,1.7982,2645.505,2024-10-15 07:55:00,True,2024-10-15 04:15:00,0.2707,1.7982,True,2651.804,2024-10-15 05:12:00,0.0421
GC,2024-10-15,Tuesday,RDR,2659.445,2648.475,10.970000000000255,2661.815,2646.858,14.95699999999988,True,LONG,2024-10-15 10:45:00,2663.215,True,True,True,0.8532,0.0,0.8532,2668.805,2024-10-15 12:19:00,0.2115,2657.125,2024-10-15 11:06:00,True,2024-10-15 11:46:00,0.2115,0.052,True,2659.225,2024-10-15 10:58:00,0.0201
GC,2024-10-16,Wednesday,ADR,2662.225,2659.595,2.630000000000109,2662.425,2658.635,3.7899999999999636,True,SHORT,2024-10-15 20:45:00,2658.625,False,True,False,3.1179,0.3943,0.3688,2658.625,2024-10-15 20:50:00,4.1179,2670.425,2024-10-16 01:53:00,False,,0.0,,True,2659.665,2024-10-15 20:58:00,0.0266
GC,2024-10-16,Wednesday,ODR,2677.155,2673.834,3.3210000000003674,2677.425,2673.205,4.220000000000255,True,LONG,2024-10-16 04:50:00,2678.548,False,True,True,1.654,0.2511,1.654,2682.648,2024-10-16 05:50:00,1.2511,2673.0,2024-10-16 07:04:00,True,2024-10-16 04:56:00,0.0,1.2511,True,2676.815,2024-10-16 06:10:00,0.1024
GC,2024-10-16,Wednesday,RDR,2684.015,2674.905,9.109999999999673,2685.298,2672.314,12.983999999999924,True,SHORT,2024-10-16 10:45:00,2670.435,True,True,True,0.0,0.9067,0.9067,2666.645,2024-10-16 12:04:00,0.1777,2676.524,2024-10-16 14:22:00,True,2024-10-16 10:50:00,0.0761,0.1777,True,2675.035,2024-10-16 11:26:00,0.0143
GC,2024-10-17,Thursday,ADR,2675.785,2673.825,1.9600000000000364,2675.785,2673.825,1.9600000000000364,True,LONG,2024-10-16 20:30:00,2676.935,True,True,True,4.5765,0.0,4.5765,2684.755,2024-10-16 22:08:00,0.699,2674.415,2024-10-16 23:46:00,True,2024-10-16 20:35:00,0.0,0.699,True,2675.765,2024-10-16 23:40:00,0.0102
GC,2024-10-17,Thursday,ODR,2682.195,2679.985,2.2100000000000364,2683.548,2678.815,4.73299999999972,True,SHORT,2024-10-17 05:15:00,2678.365,False,True,True,2.929,1.4439,1.4439,2676.794,2024-10-17 05:26:00,3.929,2688.668,2024-10-17 06:53:00,True,2024-10-17 05:20:00,0.0,3.929,True,2680.425,2024-10-17 05:40:00,0.1991
GC,2024-10-17,Thursday,RDR,2690.145,2682.745,7.400000000000091,2691.605,2681.145,10.460000000000036,True,LONG,2024-10-17 10:35:00,2694.655,True,True,True,0.873,0.0,0.873,2696.605,2024-10-17 11:05:00,0.8581,2683.795,2024-10-17 12:32:00,True,2024-10-17 10:40:00,0.0,0.8581,True,2689.225,2024-10-17 11:20:00,0.1243
GC,2024-10-18,Friday,ADR,2694.728,2692.265,2.463000000000193,2694.915,2692.255,2.6599999999998545,True,LONG,2024-10-17 20:30:00,2695.218,True,True,True,7.7791,0.0,7.7791,2713.888,2024-10-18 01:46:00,0.8051,2692.745,2024-10-17 20:58:00,True,2024-10-17 21:05:00,0.8051,0.0,True,2694.285,2024-10-17 20:37:00,0.1799
GC,2024-10-18,Friday,ODR,2709.045,2702.188,6.856999999999971,2709.045,2702.158,6.887000000000171,True,LONG,2024-10-18 05:10:00,2709.275,True,True,True,0.769,0.0836,0.769,2714.318,2024-10-18 08:29:00,0.176,2707.838,2024-10-18 06:38:00,True,2024-10-18 05:34:00,0.176,0.176,True,2708.885,2024-10-18 05:17:00,0.0233
GC,2024-10-18,Friday,RDR,2717.535,2706.515,11.019999999999982,2718.894,2705.184,13.709999999999582,True,LONG,2024-10-18 14:35:00,2719.204,True,False,,0.3306,0.0,0.3306,2721.178,2024-10-18 14:55:00,0.0,2717.945,2024-10-18 15:00:00,False,,0.0,,False,,,
GC,2024-10-21,Monday,ADR,2724.325,2722.325,2.0,2724.915,2721.645,3.269999999999982,True,SHORT,2024-10-20 20:55:00,2721.518,False,True,False,4.175,0.7085,0.7085,2720.908,2024-10-20 21:00:00,5.175,2732.675,2024-10-20 23:38:00,True,2024-10-20 21:00:00,0.52,5.175,True,2723.365,2024-10-20 21:00:00,0.52
GC,2024-10-21,Monday,ODR,2731.655,2726.125,5.5300000000002,2732.348,2725.205,7.143000000000029,True,LONG,2024-10-21 04:25:00,2732.525,True,True,True,1.2459,0.0,1.2459,2738.545,2024-10-21 08:28:00,0.7282,2727.628,2024-10-21 06:33:00,True,2024-10-21 05:16:00,0.7282,0.7282,True,2731.515,2024-10-21 04:33:00,0.0253
GC,2024-10-21,Monday,RDR,2739.688,2733.085,6.6030000000000655,2740.418,2732.505,7.913000000000011,True,SHORT,2024-10-21 10:30:00,2731.725,True,False,,0.0,2.8654,2.8654,2714.165,2024-10-21 15:10:00,0.0,2732.675,2024-10-21 10:35:00,True,2024-10-21 10:37:00,0.0,0.0,False,,,
GC,2024-10-22,Tuesday,ADR,2723.708,2720.695,3.01299999999992,2724.215,2720.505,3.7100000000000364,True,LONG,2024-10-21 20:30:00,2724.258,True,True,True,4.0192,0.0,4.0192,2735.818,2024-10-22 00:44:00,0.147,2723.265,2024-10-21 20:45:00,True,2024-10-21 21:00:00,0.147,0.0,True,2723.655,2024-10-21 20:43:00,0.0176
GC,2024-10-22,Tuesday,ODR,2735.365,2732.565,2.799999999999727,2736.155,2732.395,3.7600000000002183,True,LONG,2024-10-22 04:20:00,2736.525,False,True,True,1.3832,1.1168,1.3832,2739.238,2024-10-22 06:47:00,2.1168,2729.438,2024-10-22 07:52:00,True,2024-10-22 04:25:00,2.0321,2.1168,True,2735.325,2024-10-22 04:34:00,0.0143
GC,2024-10-22,Tuesday,RDR,2740.445,2734.508,5.937000000000353,2741.958,2733.585,8.373000000000047,True,LONG,2024-10-22 10:50:00,2742.535,True,True,True,1.3985,0.0,1.3985,2748.748,2024-10-22 15:59:00,0.6283,2736.715,2024-10-22 11:58:00,True,2024-10-22 11:02:00,0.6283,0.6283,True,2739.838,2024-10-22 11:38:00,0.1022
GC,2024-10-23,Wednesday,ADR,2747.285,2744.945,2.3399999999996908,2747.895,2744.785,3.1100000000001273,True,SHORT,2024-10-22 21:15:00,2744.475,False,True,False,2.45,3.0684,3.0684,2737.765,2024-10-22 22:13:00,3.45,2753.018,2024-10-23 01:47:00,True,2024-10-22 21:23:00,0.1325,3.45,True,2745.255,2024-10-22 21:20:00,0.1325
GC,2024-10-23,Wednesday,ODR,2754.855,2750.325,4.5300000000002,2755.485,2749.165,6.320000000000164,True,LONG,2024-10-23 04:15:00,2756.115,False,True,False,0.7689,1.6755,0.7689,2758.338,2024-10-23 04:44:00,2.6755,2742.735,2024-10-23 08:28:00,True,2024-10-23 04:30:00,0.0,2.6755,True,2754.765,2024-10-23 05:07:00,0.0199
GC,2024-10-23,Wednesday,RDR,2739.285,2724.925,14.359999999999673,2740.575,2723.605,16.9699999999998,True,SHORT,2024-10-23 10:35:00,2718.865,True,False,,0.0,1.1344,1.1344,2708.635,2024-10-23 11:14:00,0.0,2723.135,2024-10-23 12:40:00,True,2024-10-23 10:40:00,0.0,0.0,False,,,
GC,2024-10-24,Thursday,ADR,2721.265,2718.325,2.9400000000000546,2721.755,2717.704,4.050999999999931,True,LONG,2024-10-23 21:00:00,2722.025,True,True,True,2.8401,0.0,2.8401,2729.615,2024-10-24 01:58:00,0.3844,2720.135,2024-10-23 22:37:00,True,2024-10-23 21:07:00,0.3844,0.3844,True,2721.245,2024-10-23 22:19:00,0.0068
GC,2024-10-24,Thursday,ODR,2736.438,2732.905,3.5329999999999018,2736.948,2732.065,4.882999999999811,True,LONG,2024-10-24 04:35:00,2737.395,True,True,True,0.8596,0.1557,0.8596,2739.475,2024-10-24 07:49:00,0.3999,2735.025,2024-10-24 07:25:00,True,2024-10-24 05:07:00,0.3999,0.3999,True,2736.225,2024-10-24 04:45:00,0.0603
GC,2024-10-24,Thursday,RDR,2742.505,2725.685,16.820000000000164,2743.175,2724.985,18.190000000000055,True,SHORT,2024-10-24 10:30:00,2723.275,True,True,False,0.0,0.1962,0.1962,2722.385,2024-10-24 10:35:00,0.7106,2737.638,2024-10-24 14:28:00,False,,0.0,,True,2726.725,2024-10-24 10:41:00,0.0618
GC,2024-10-25,Friday,ADR,2735.128,2732.615,2.5130000000003747,2735.238,2732.035,3.2029999999999745,True,SHORT,2024-10-24 20:45:00,2731.185,True,True,True,0.0,3.5058,3.5058,2723.805,2024-10-25 00:32:00,0.9522,2735.008,2024-10-24 21:14:00,True,2024-10-24 20:50:00,0.9522,0.9522,True,2732.815,2024-10-24 21:04:00,0.0796
GC,2024-10-25,Friday,ODR,2732.095,2726.325,5.769999999999982,2732.095,2725.788,6.306999999999789,True,SHORT,2024-10-25 04:05:00,2724.465,True,True,True,0.0,1.636,1.636,2716.885,2024-10-25 05:39:00,0.5061,2729.245,2024-10-25 07:41:00,True,2024-10-25 04:16:00,0.0,0.5061,True,2726.535,2024-10-25 07:32:00,0.0364
GC,2024-10-25,Friday,RDR,2737.605,2726.195,11.409999999999854,2738.405,2725.725,12.680000000000291,True,LONG,2024-10-25 10:40:00,2738.585,True,True,True,0.6398,0.0,0.6398,2744.905,2024-10-25 13:54:00,0.3313,2733.825,2024-10-25 12:20:00,True,2024-10-25 13:53:00,0.3313,0.0,True,2737.048,2024-10-25 10:54:00,0.0488
GC,2024-10-28,Monday,ADR,2735.055,2725.525,9.529999999999745,2736.135,2724.545,11.590000000000146,True,LONG,2024-10-28 00:45:00,2736.545,True,False,,0.9853,0.0,0.9853,2744.445,2024-10-28 01:44:00,0.0,2736.545,2024-10-28 00:50:00,True,2024-10-28 01:10:00,0.0,0.0,False,,,
GC,2024-10-28,Monday,ODR,2739.565,2731.845,7.720000000000255,2740.705,2731.288,9.416999999999916,True,SHORT,2024-10-28 04:20:00,2730.508,True,True,False,0.0,0.535,0.535,2727.715,2024-10-28 05:21:00,0.9793,2739.405,2024-10-28 08:28:00,True,2024-10-28 05:19:00,0.0716,0.9793,True,2732.085,2024-10-28 04:38:00,0.0311
GC,2024-10-28,Monday,RDR,2744.955,2741.115,3.8400000000001455,2745.788,2740.445,5.342999999999847,True,SHORT,2024-10-28 13:25:00,2740.248,True,True,False,0.0,0.4062,0.2422,2740.185,2024-10-28 14:10:00,0.5971,2743.408,2024-10-28 14:25:00,False,,0.4141,,True,2741.295,2024-10-28 13:40:00,0.0469
GC,2024-10-29,Tuesday,ADR,2749.875,2744.375,5.5,2749.975,2744.115,5.860000000000127,True,LONG,2024-10-28 20:35:00,2750.485,True,True,True,1.4073,0.0,1.4073,2757.615,2024-10-28 21:14:00,0.2564,2748.465,2024-10-28 22:30:00,True,2024-10-28 21:00:00,0.0104,0.2564,True,2749.818,2024-10-28 20:50:00,0.0104
GC,2024-10-29,Tuesday,ODR,2754.575,2747.898,6.67699999999968,2754.955,2746.225,8.730000000000018,True,LONG,2024-10-29 04:00:00,2754.975,False,True,True,0.3954,0.2176,0.3954,2757.215,2024-10-29 08:17:00,1.2176,2746.445,2024-10-29 06:26:00,False,,1.2176,,True,2753.955,2024-10-29 04:05:00,0.0929
GC,2024-10-29,Tuesday,RDR,2769.738,2760.865,8.873000000000047,2770.685,2760.775,9.909999999999854,True,LONG,2024-10-29 12:00:00,2771.294,True,True,True,0.5609,0.0135,0.5609,2774.715,2024-10-29 15:59:00,0.3982,2766.205,2024-10-29 12:22:00,True,2024-10-29 14:03:00,0.3982,0.0,True,2769.465,2024-10-29 12:17:00,0.0308
GC,2024-10-30,Wednesday,ADR,2779.105,2777.105,2.0,2779.665,2776.735,2.9299999999998363,True,LONG,2024-10-29 20:35:00,2780.075,False,True,True,5.2815,0.595,5.2815,2789.668,2024-10-30 01:46:00,1.595,2775.915,2024-10-29 21:34:00,True,2024-10-29 20:40:00,1.595,1.595,True,2778.555,2024-10-29 21:15:00,0.275
GC,2024-10-30,Wednesday,ODR,2783.875,2779.995,3.880000000000109,2784.485,2779.475,5.010000000000218,True,LONG,2024-10-30 04:50:00,2784.505,False,True,False,0.8995,1.7706,0.8995,2787.365,2024-10-30 08:15:00,2.7706,2773.125,2024-10-30 07:15:00,True,2024-10-30 05:14:00,2.7706,2.7706,True,2783.845,2024-10-30 04:58:00,0.0077
GC,2024-10-30,Wednesday,RDR,2780.425,2774.075,6.350000000000364,2781.635,2771.825,9.8100000000004,True,LONG,2024-10-30 10:35:00,2783.825,True,False,,1.4961,0.0,1.4961,2789.925,2024-10-30 13:07:00,0.0,2782.655,2024-10-30 10:46:00,True,2024-10-30 10:40:00,0.0,0.0,False,,,
GC,2024-10-31,Thursday,ADR,2789.095,2786.065,3.0299999999997453,2790.005,2785.985,4.019999999999982,True,SHORT,2024-10-30 20:40:00,2785.925,True,True,True,0.0627,2.132,2.132,2779.605,2024-10-31 01:59:00,0.9238,2788.864,2024-10-30 21:40:00,True,2024-10-30 20:51:00,0.9238,0.9238,True,2786.455,2024-10-30 20:45:00,0.1287
GC,2024-10-31,Thursday,ODR,2781.925,2777.495,4.430000000000291,2782.938,2776.875,6.063000000000102,True,SHORT,2024-10-31 05:05:00,2776.045,False,True,True,0.1219,2.7059,2.7059,2765.508,2024-10-31 08:25:00,1.1219,2782.465,2024-10-31 06:04:00,True,2024-10-31 05:12:00,1.1219,1.1219,True,2777.575,2024-10-31 05:29:00,0.0181
GC,2024-10-31,Thursday,RDR,2749.655,2733.435,16.220000000000255,2752.315,2731.415,20.90000000000009,False,,,,,,,0.0,0.0,,,,,,,False,,,,False,,,
GC,2024-11-01,Friday,ADR,2747.018,2744.865,2.1530000000002474,2747.675,2744.695,2.980000000000018,True,LONG,2024-10-31 20:45:00,2748.495,True,True,True,4.8848,0.0,4.8848,2757.535,2024-11-01 01:12:00,0.647,2745.625,2024-10-31 21:36:00,True,2024-10-31 20:50:00,0.647,0.647,True,2746.365,2024-10-31 21:14:00,0.3033
GC,2024-11-01,Friday,ODR,2754.655,2749.535,5.120000000000346,2754.948,2748.455,6.492999999999938,True,LONG,2024-11-01 04:10:00,2754.985,False,True,False,1.4439,0.9473,1.4439,2762.048,2024-11-01 08:15:00,1.9473,2744.685,2024-11-01 05:38:00,True,2024-11-01 07:30:00,1.9473,1.3027,True,2754.435,2024-11-01 04:15:00,0.043
GC,2024-11-01,Friday,RDR,2751.655,2739.718,11.937000000000353,2752.625,2739.575,13.050000000000182,True,SHORT,2024-11-01 12:30:00,2737.085,True,False,,0.0,0.5548,0.5548,2733.095,2024-11-01 14:28:00,0.0,2737.915,2024-11-01 13:28:00,True,2024-11-01 13:19:00,0.0,0.0,False,,,
GC,2024-11-04,Monday,ADR,2740.235,2736.545,3.6900000000000546,2741.198,2735.185,6.01299999999992,True,LONG,2024-11-03 22:10:00,2741.855,False,True,True,0.9079,0.2469,0.9079,2743.585,2024-11-04 00:16:00,1.2469,2735.634,2024-11-04 01:24:00,True,2024-11-03 22:15:00,0.1762,1.2469,True,2740.115,2024-11-03 22:21:00,0.0325
GC,2024-11-04,Monday,ODR,2737.925,2733.225,4.700000000000273,2738.388,2731.765,6.623000000000047,True,LONG,2024-11-04 04:20:00,2739.135,True,True,True,1.5277,0.1681,1.5277,2745.105,2024-11-04 05:13:00,0.3364,2736.344,2024-11-04 06:16:00,True,2024-11-04 04:25:00,0.0,0.3364,True,2737.178,2024-11-04 05:53:00,0.1589
GC,2024-11-04,Monday,RDR,2745.308,2739.198,6.110000000000127,2745.498,2737.765,7.733000000000175,True,SHORT,2024-11-04 11:00:00,2736.348,True,True,True,0.0,1.2373,1.2373,2731.638,2024-11-04 12:11:00,0.0589,2739.558,2024-11-04 14:41:00,True,2024-11-04 11:05:00,0.0,0.0589,True,2739.265,2024-11-04 14:08:00,0.011
GC,2024-11-05,Tuesday,ADR,2736.295,2733.575,2.7200000000002547,2736.515,2732.845,3.6700000000000728,True,SHORT,2024-11-04 21:30:00,2730.435,False,True,False,0.886,3.2647,3.2647,2724.695,2024-11-04 21:47:00,1.886,2738.705,2024-11-05 01:53:00,True,2024-11-04 21:35:00,0.0,1.886,True,2733.845,2024-11-04 22:42:00,0.0993
GC,2024-11-05,Tuesday,ODR,2742.415,2732.275,10.139999999999873,2743.135,2731.958,11.177000000000135,True,LONG,2024-11-05 04:10:00,2744.545,True,True,False,0.2485,0.0,0.2485,2744.935,2024-11-05 04:17:00,0.6824,2735.495,2024-11-05 05:27:00,False,,0.0,,True,2742.315,2024-11-05 04:28:00,0.0099
GC,2024-11-05,Tuesday,RDR,2749.465,2733.895,15.570000000000164,2749.875,2733.345,16.5300000000002,False,,,,,,,0.0,0.0634,,,,,,,False,,,,False,,,
GC,2024-11-06,Wednesday,ADR,2740.975,2735.095,5.880000000000109,2742.615,2732.615,10.0,True,LONG,2024-11-05 20:35:00,2743.755,False,True,False,1.4677,5.7568,1.4677,2749.605,2024-11-05 20:55:00,6.7568,2701.245,2024-11-06 01:38:00,True,2024-11-05 20:40:00,0.0,6.7568,True,2740.425,2024-11-05 21:36:00,0.0935
GC,2024-11-06,Wednesday,ODR,2731.865,2724.325,7.539999999999964,2733.598,2722.655,10.942999999999756,True,SHORT,2024-11-06 04:00:00,2722.255,True,True,True,0.0,6.4469,6.4469,2675.715,2024-11-06 08:29:00,0.5464,2728.445,2024-11-06 04:12:00,True,2024-11-06 04:24:00,0.5464,0.3687,True,2725.405,2024-11-06 04:06:00,0.1432
GC,2024-11-06,Wednesday,RDR,2668.185,2653.185,15.0,2668.595,2652.295,16.299999999999727,True,LONG,2024-11-06 10:30:00,2670.245,True,True,False,0.6607,0.0,0.6607,2678.095,2024-11-06 11:03:00,0.596,2659.245,2024-11-06 15:46:00,True,2024-11-06 10:59:00,0.0,0.596,True,2667.855,2024-11-06 11:13:00,0.022
GC,2024-11-07,Thursday,ADR,2663.685,2649.465,14.2199999999998,2664.075,2643.134,20.940999999999804,False,,,,,,,0.0,0.2532,,,,,,,False,,,,False,,,
GC,2024-11-07,Thursday,ODR,2665.948,2657.475,8.472999999999956,2666.585,2657.265,9.320000000000164,True,LONG,2024-11-07 05:20:00,2667.565,True,True,True,2.0158,0.0165,2.0158,2683.028,2024-11-07 08:24:00,0.2612,2663.735,2024-11-07 06:48:00,True,2024-11-07 07:43:00,0.2612,0.0,True,2665.825,2024-11-07 05:27:00,0.0145
GC,2024-11-07,Thursday,RDR,2698.775,2689.965,8.809999999999945,2699.785,2687.975,11.809999999999945,True,LONG,2024-11-07 15:05:00,2700.854,True,False,,1.3018,0.2906,1.3018,2710.244,2024-11-07 15:24:00,0.0,2700.834,2024-11-07 15:10:00,True,2024-11-07 15:10:00,0.0,0.0,False,,,
GC,2024-11-08,Friday,ADR,2709.055,2699.555,9.5,2709.945,2699.385,10.559999999999945,True,SHORT,2024-11-07 20:30:00,2699.135,True,True,True,0.0,1.4432,1.4432,2685.845,2024-11-08 01:38:00,0.3305,2702.695,2024-11-07 20:51:00,True,2024-11-07 22:33:00,0.3305,0.0,True,2700.915,2024-11-07 20:35:00,0.1432
GC,2024-11-08,Friday,ODR,2691.215,2682.585,8.63000000000011,2691.705,2681.865,9.840000000000146,True,LONG,2024-11-08 06:35:00,2692.385,True,True,True,0.4902,0.0678,0.4902,2695.445,2024-11-08 08:27:00,0.5944,2686.085,2024-11-08 07:27:00,False,,0.5944,,True,2691.025,2024-11-08 06:57:00,0.022
GC,2024-11-08,Friday,RDR,2696.565,2685.225,11.340000000000146,2699.675,2683.275,16.40000000000009,True,SHORT,2024-11-08 11:55:00,2683.155,True,True,True,0.0,0.2152,0.1825,2683.155,2024-11-08 12:00:00,0.3027,2688.658,2024-11-08 13:22:00,False,,0.0317,,True,2685.585,2024-11-08 12:00:00,0.0317
GC,2024-11-11,Monday,ADR,2684.765,2674.265,10.5,2685.215,2672.655,12.559999999999945,True,SHORT,2024-11-10 21:30:00,2669.365,True,False,,0.0,0.7514,0.7514,2666.375,2024-11-10 21:36:00,0.0,2674.115,2024-11-11 00:04:00,True,2024-11-10 21:35:00,0.0,0.0,False,,,
GC,2024-11-11,Monday,ODR,2670.875,2667.745,3.130000000000109,2671.595,2667.465,4.129999999999654,True,SHORT,2024-11-11 04:15:00,2667.185,False,True,True,1.3898,5.2834,5.2834,2651.208,2024-11-11 08:29:00,2.3898,2675.225,2024-11-11 05:20:00,True,2024-11-11 04:20:00,2.3898,2.3898,True,2667.798,2024-11-11 04:47:00,0.0169
GC,2024-11-11,Monday,RDR,2627.985,2619.885,8.099999999999909,2628.025,2617.625,10.400000000000091,True,SHORT,2024-11-11 10:30:00,2616.445,True,True,False,0.0,1.1568,1.1568,2610.515,2024-11-11 13:22:00,0.7642,2626.075,2024-11-11 15:47:00,True,2024-11-11 10:37:00,0.0,0.7642,True,2620.248,2024-11-11 14:02:00,0.0448
GC,2024-11-12,Tuesday,ADR,2624.225,2619.205,5.019999999999982,2625.585,2619.008,6.5770000000002256,True,LONG,2024-11-11 20:45:00,2626.565,False,True,False,0.5558,3.1693,0.4641,2626.555,2024-11-11 20:50:00,4.1693,2603.295,2024-11-12 01:23:00,False,,0.0,,True,2623.465,2024-11-11 20:51:00,0.1514
GC,2024-11-12,Tuesday,ODR,2604.215,2598.125,6.0900000000001455,2606.345,2598.085,8.259999999999764,True,SHORT,2024-11-12 04:05:00,2591.425,False,True,False,1.9721,1.4149,1.4149,2589.508,2024-11-12 05:25:00,2.9721,2616.225,2024-11-12 08:26:00,True,2024-11-12 04:10:00,0.0,2.9721,True,2598.485,2024-11-12 05:48:00,0.0591
GC,2024-11-12,Tuesday,RDR,2614.648,2603.255,11.393000000000029,2616.885,2602.935,13.950000000000273,True,SHORT,2024-11-12 10:30:00,2601.815,True,True,True,0.0,0.9611,0.9611,2592.305,2024-11-12 12:18:00,0.0643,2603.988,2024-11-12 11:11:00,True,2024-11-12 10:41:00,0.0643,0.0643,True,2603.754,2024-11-12 10:43:00,0.0438
GC,2024-11-13,Wednesday,ADR,2608.135,2598.774,9.361000000000331,2608.505,2598.575,9.930000000000291,True,LONG,2024-11-12 20:35:00,2608.965,True,True,False,0.5323,0.0,0.5323,2613.118,2024-11-12 22:02:00,0.505,2603.408,2024-11-13 00:33:00,True,2024-11-12 22:01:00,0.3322,0.505,True,2608.115,2024-11-12 20:52:00,0.0021
GC,2024-11-13,Wednesday,ODR,2609.635,2601.645,7.9900000000002365,2610.645,2600.894,9.751000000000204,True,LONG,2024-11-13 06:05:00,2611.088,True,True,False,0.3692,0.0,0.3692,2612.585,2024-11-13 07:03:00,0.4919,2605.705,2024-11-13 06:40:00,False,,0.4919,,True,2609.115,2024-11-13 06:13:00,0.0651
GC,2024-11-13,Wednesday,RDR,2613.105,2596.255,16.84999999999991,2615.185,2593.565,21.61999999999989,True,SHORT,2024-11-13 11:30:00,2588.825,True,False,,0.0,1.3875,1.3875,2572.875,2024-11-13 15:56:00,0.0,2592.775,2024-11-13 11:46:00,True,2024-11-13 11:35:00,0.0,0.0,False,,,
GC,2024-11-14,Thursday,ADR,2573.565,2566.895,6.670000000000073,2573.845,2564.648,9.196999999999662,True,SHORT,2024-11-13 20:55:00,2562.455,True,False,,0.0,2.2684,2.2684,2551.765,2024-11-14 01:51:00,0.0,2565.115,2024-11-13 23:58:00,True,2024-11-13 21:00:00,0.0,0.0,False,,,
GC,2024-11-14,Thursday,ODR,2558.605,2555.575,3.0300000000002,2559.664,2554.388,5.276000000000295,True,SHORT,2024-11-14 04:15:00,2551.785,True,True,True,0.0,6.2413,6.2413,2536.664,2024-11-14 04:52:00,0.4455,2556.925,2024-11-14 08:22:00,True,2024-11-14 04:20:00,0.0,0.4455,True,2555.605,2024-11-14 07:21:00,0.0099
GC,2024-11-14,Thursday,RDR,2570.385,2557.775,12.610000000000127,2572.645,2557.535,15.110000000000127,True,LONG,2024-11-14 11:15:00,2574.105,True,True,False,0.5496,0.0,0.5496,2577.315,2024-11-14 11:35:00,0.5271,2563.738,2024-11-14 15:11:00,True,2024-11-14 11:31:00,0.0,0.5271,True,2570.295,2024-11-14 12:16:00,0.0071
GC,2024-11-15,Friday,ADR,2570.475,2566.135,4.339999999999691,2571.585,2565.808,5.777000000000044,True,SHORT,2024-11-14 20:40:00,2564.564,True,True,True,0.1336,2.7189,2.7189,2554.335,2024-11-15 01:20:00,1.1336,2571.055,2024-11-14 22:12:00,True,2024-11-14 20:45:00,1.1336,1.1336,True,2566.375,2024-11-14 21:00:00,0.0553
GC,2024-11-15,Friday,ODR,2567.675,2562.815,4.860000000000127,2568.828,2560.715,8.112999999999829,True,LONG,2024-11-15 05:25:00,2569.045,True,True,True,1.6296,0.0,1.6296,2575.595,2024-11-15 08:13:00,0.4891,2565.298,2024-11-15 07:22:00,True,2024-11-15 05:50:00,0.4891,0.4891,True,2567.374,2024-11-15 05:30:00,0.0619
GC,2024-11-15,Friday,RDR,2574.924,2568.064,6.860000000000127,2575.908,2567.035,8.873000000000047,True,SHORT,2024-11-15 10:30:00,2566.655,True,True,True,0.0,1.2618,1.2618,2559.408,2024-11-15 13:06:00,0.7436,2573.165,2024-11-15 11:12:00,True,2024-11-15 11:31:00,0.7436,0.0,True,2568.385,2024-11-15 10:38:00,0.0468
GC,2024-11-18,Monday,ADR,2593.765,2571.065,22.699999999999818,2593.805,2570.775,23.029999999999745,True,LONG,2024-11-17 20:30:00,2596.335,True,True,False,0.1493,0.0,0.1436,2597.025,2024-11-17 20:37:00,0.5939,2580.284,2024-11-18 01:06:00,False,,0.0,,True,2593.424,2024-11-17 20:38:00,0.015
GC,2024-11-18,Monday,ODR,2589.158,2582.625,6.532999999999902,2589.878,2581.925,7.9529999999999745,True,LONG,2024-11-18 04:25:00,2591.605,True,False,,1.5853,0.0,1.5853,2599.515,2024-11-18 08:27:00,0.0,2589.428,2024-11-18 05:32:00,True,2024-11-18 04:30:00,0.0,0.0,False,,,
GC,2024-11-18,Monday,RDR,2611.375,2604.285,7.0900000000001455,2611.728,2603.965,7.76299999999992,True,LONG,2024-11-18 10:30:00,2612.015,True,True,False,0.5049,0.0,0.5049,2614.955,2024-11-18 11:10:00,0.5867,2607.215,2024-11-18 12:35:00,True,2024-11-18 11:10:00,0.2906,0.5867,True,2610.495,2024-11-18 10:35:00,0.1241
GC,2024-11-19,Tuesday,ADR,2617.645,2611.935,5.710000000000036,2617.765,2611.905,5.859999999999673,True,LONG,2024-11-18 21:10:00,2618.215,True,True,True,1.5534,0.0683,1.5534,2626.515,2024-11-19 01:54:00,0.0315,2617.465,2024-11-18 21:16:00,True,2024-11-18 21:32:00,0.0315,0.0,True,2617.465,2024-11-18 21:16:00,0.0315
GC,2024-11-19,Tuesday,ODR,2626.525,2618.915,7.610000000000127,2626.908,2618.564,8.344000000000051,True,LONG,2024-11-19 04:00:00,2627.075,True,True,True,1.682,0.0,1.682,2639.325,2024-11-19 08:00:00,0.1761,2625.185,2024-11-19 04:16:00,True,2024-11-19 04:23:00,0.1761,0.0,True,2625.575,2024-11-19 04:05:00,0.1248
GC,2024-11-19,Tuesday,RDR,2629.775,2623.285,6.4900000000002365,2630.875,2622.215,8.659999999999854,True,LONG,2024-11-19 12:20:00,2632.185,True,True,True,0.7288,0.3621,0.7288,2634.505,2024-11-19 15:51:00,0.5547,2626.175,2024-11-19 13:00:00,True,2024-11-19 15:48:00,0.5547,0.0,True,2629.644,2024-11-19 12:41:00,0.0202
GC,2024-11-20,Wednesday,ADR,2639.915,2636.548,3.367000000000189,2641.365,2635.795,5.569999999999709,True,SHORT,2024-11-20 00:00:00,2635.715,True,True,True,0.5198,2.4007,2.4007,2628.465,2024-11-20 01:21:00,0.5367,2638.355,2024-11-20 00:41:00,True,2024-11-20 00:12:00,0.5367,0.5367,True,2637.198,2024-11-20 00:27:00,0.1931
GC,2024-11-20,Wednesday,ODR,2624.095,2620.965,3.1299999999996544,2624.395,2618.705,5.690000000000055,True,LONG,2024-11-20 04:00:00,2624.608,True,True,True,5.2141,0.061,5.2141,2640.415,2024-11-20 08:26:00,1.061,2620.774,2024-11-20 05:01:00,True,2024-11-20 05:25:00,1.061,0.885,True,2624.055,2024-11-20 04:18:00,0.0128
GC,2024-11-20,Wednesday,RDR,2647.135,2639.065,8.070000000000164,2648.698,2636.715,11.98299999999972,True,LONG,2024-11-20 10:55:00,2648.708,True,True,True,1.0087,0.0,1.0087,2655.275,2024-11-20 12:13:00,0.228,2645.295,2024-11-20 13:25:00,True,2024-11-20 12:00:00,0.1425,0.228,True,2646.834,2024-11-20 11:11:00,0.0373
GC,2024-11-21,Thursday,ADR,2658.385,2653.545,4.8400000000001455,2660.285,2652.915,7.369999999999891,True,SHORT,2024-11-20 22:00:00,2652.435,False,True,False,0.7645,0.6738,0.489,2651.178,2024-11-20 22:10:00,1.7645,2662.085,2024-11-21 01:44:00,False,,0.0,,True,2653.705,2024-11-20 22:24:00,0.0331
GC,2024-11-21,Thursday,ODR,2668.968,2662.625,6.342999999999847,2670.118,2661.885,8.23299999999972,True,LONG,2024-11-21 04:00:00,2671.015,True,True,False,0.6964,0.3642,0.6964,2673.385,2024-11-21 06:23:00,1.3642,2660.315,2024-11-21 08:00:00,True,2024-11-21 06:16:00,0.8898,1.3642,True,2667.715,2024-11-21 04:14:00,0.1975
GC,2024-11-21,Thursday,RDR,2669.315,2662.995,6.320000000000164,2670.885,2661.258,9.627000000000407,True,LONG,2024-11-21 12:50:00,2671.315,True,True,True,0.6318,0.2907,0.6318,2673.308,2024-11-21 14:09:00,0.2595,2667.675,2024-11-21 14:50:00,True,2024-11-21 12:56:00,0.057,0.2595,True,2668.955,2024-11-21 13:06:00,0.057
GC,2024-11-22,Friday,ADR,2677.725,2671.705,6.019999999999982,2678.345,2671.355,6.989999999999782,True,LONG,2024-11-21 20:50:00,2678.915,True,True,True,2.5565,0.0,2.5565,2693.115,2024-11-22 01:56:00,0.0932,2677.164,2024-11-21 21:01:00,True,2024-11-21 21:20:00,0.0932,0.0,True,2677.705,2024-11-21 20:57:00,0.0033
GC,2024-11-22,Friday,ODR,2699.805,2694.945,4.859999999999673,2700.315,2694.604,5.71100000000024,True,LONG,2024-11-22 04:30:00,2700.865,False,True,False,2.1049,0.8457,2.1049,2710.035,2024-11-22 06:06:00,1.8457,2690.835,2024-11-22 08:29:00,True,2024-11-22 04:36:00,0.0,1.8457,True,2699.575,2024-11-22 06:31:00,0.0473
GC,2024-11-22,Friday,RDR,2699.208,2687.515,11.693000000000211,2699.775,2684.325,15.450000000000273,True,LONG,2024-11-22 10:30:00,2700.695,True,True,True,1.0397,0.0,1.0397,2711.365,2024-11-22 14:24:00,0.008,2699.115,2024-11-22 10:36:00,True,2024-11-22 11:12:00,0.008,0.0,True,2699.115,2024-11-22 10:36:00,0.008
GC,2024-11-25,Monday,ADR,2716.415,2700.625,15.789999999999964,2716.635,2699.815,16.820000000000164,True,SHORT,2024-11-24 20:30:00,2696.855,True,True,True,0.0,2.6954,2.6954,2658.064,2024-11-25 00:54:00,0.2312,2704.275,2024-11-24 21:11:00,True,2024-11-24 21:50:00,0.2312,0.0,True,2700.635,2024-11-24 20:55:00,0.0006
GC,2024-11-25,Monday,ODR,2672.805,2667.705,5.099999999999909,2673.425,2667.015,6.410000000000309,True,LONG,2024-11-25 04:00:00,2673.505,True,True,True,3.0961,0.0,3.0961,2688.595,2024-11-25 06:58:00,0.8131,2668.658,2024-11-25 05:29:00,True,2024-11-25 05:54:00,0.8131,0.0,True,2672.685,2024-11-25 04:06:00,0.0235
GC,2024-11-25,Monday,RDR,2645.255,2631.665,13.590000000000146,2646.565,2629.815,16.75,True,SHORT,2024-11-25 10:55:00,2628.205,True,True,True,0.0,1.1928,1.1928,2615.455,2024-11-25 13:23:00,0.5592,2639.265,2024-11-25 11:38:00,True,2024-11-25 12:20:00,0.5592,0.0,True,2632.525,2024-11-25 11:01:00,0.0633
GC,2024-11-26,Tuesday,ADR,2628.335,2619.675,8.659999999999854,2629.215,2617.928,11.287000000000262,True,LONG,2024-11-25 20:30:00,2631.405,False,True,False,0.433,0.2217,0.3707,2631.545,2024-11-25 20:35:00,1.2217,2617.755,2024-11-26 00:34:00,False,,0.0,,True,2627.315,2024-11-25 20:40:00,0.1178
GC,2024-11-26,Tuesday,ODR,2617.425,2613.225,4.200000000000273,2618.215,2612.375,5.8400000000001455,True,LONG,2024-11-26 04:05:00,2618.575,True,False,,5.7974,0.1238,5.7974,2641.774,2024-11-26 08:14:00,0.0,2618.005,2024-11-26 04:10:00,True,2024-11-26 04:12:00,0.0,0.0,False,,,
GC,2024-11-26,Tuesday,RDR,2628.975,2620.785,8.190000000000055,2628.975,2616.568,12.406999999999698,True,LONG,2024-11-26 10:35:00,2629.925,False,True,True,0.4603,0.1674,0.4603,2632.745,2024-11-26 10:45:00,1.1674,2619.414,2024-11-26 13:41:00,False,,0.0916,,True,2628.225,2024-11-26 10:40:00,0.0916
GC,2024-11-27,Wednesday,ADR,2631.745,2627.535,4.210000000000036,2632.508,2626.935,5.572999999999865,True,LONG,2024-11-26 21:05:00,2633.115,True,False,,3.829,0.0,3.829,2647.865,2024-11-27 01:59:00,0.0,2633.145,2024-11-26 21:10:00,True,2024-11-26 21:10:00,0.0,0.0,False,,,
GC,2024-11-27,Wednesday,ODR,2653.315,2645.834,7.481000000000222,2653.495,2645.0,8.49499999999989,True,LONG,2024-11-27 07:10:00,2653.775,True,True,False,0.2085,0.3689,0.2085,2654.875,2024-11-27 07:38:00,0.9778,2646.0,2024-11-27 08:23:00,False,,0.2068,,True,2652.624,2024-11-27 07:16:00,0.0924
GC,2024-11-27,Wednesday,RDR,2654.455,2639.445,15.009999999999764,2654.974,2635.364,19.610000000000127,True,SHORT,2024-11-27 14:30:00,2635.085,True,False,,0.0,0.3696,0.3696,2633.898,2024-11-27 14:40:00,0.0,2638.905,2024-11-27 15:39:00,False,,0.0,,False,,,
GC,2024-11-28,Thursday,ADR,2637.935,2622.805,15.13000000000011,2638.315,2620.985,17.329999999999927,False,,,,,,,0.1007,0.1315,,,,,,,False,,,,False,,,
GC,2024-11-28,Thursday,ODR,2643.935,2636.435,7.5,2646.255,2635.585,10.670000000000073,True,LONG,2024-11-28 04:40:00,2646.595,True,True,True,0.7444,0.0,0.7444,2649.518,2024-11-28 05:39:00,0.1747,2642.625,2024-11-28 08:09:00,True,2024-11-28 05:38:00,0.0,0.1747,True,2643.798,2024-11-28 07:25:00,0.0183
GC,2024-11-28,Thursday,RDR,2646.675,2638.278,8.39700000000039,2646.675,2638.175,8.5,True,SHORT,2024-11-28 10:30:00,2636.678,True,True,True,0.0,0.2516,0.2418,2636.248,2024-11-28 10:39:00,0.4843,2642.345,2024-11-28 11:45:00,False,,0.0,,True,2638.285,2024-11-28 10:41:00,0.0008
GC,2024-11-29,Friday,ADR,2644.805,2635.965,8.83999999999969,2645.025,2633.925,11.099999999999909,True,LONG,2024-11-28 20:35:00,2646.265,True,True,True,2.4197,0.0,2.4197,2666.195,2024-11-29 01:14:00,0.0396,2644.455,2024-11-28 20:57:00,True,2024-11-28 21:08:00,0.0396,0.0,True,2644.775,2024-11-28 20:51:00,0.0034
GC,2024-11-29,Friday,ODR,2661.345,2655.475,5.869999999999891,2662.455,2654.378,8.07699999999977,True,LONG,2024-11-29 04:50:00,2662.655,True,True,True,0.7547,0.0,0.7547,2665.775,2024-11-29 05:34:00,0.8756,2656.205,2024-11-29 08:17:00,True,2024-11-29 04:59:00,0.0375,0.8756,True,2661.248,2024-11-29 05:20:00,0.0165
GC,2024-11-29,Friday,RDR,2658.525,2652.475,6.050000000000182,2659.258,2650.495,8.76299999999992,True,LONG,2024-11-29 11:00:00,2659.685,False,True,False,0.5983,0.6529,0.5983,2662.145,2024-11-29 12:00:00,1.6529,2648.525,2024-11-29 14:38:00,True,2024-11-29 11:23:00,0.1041,1.6529,True,2658.385,2024-11-29 11:09:00,0.0231
GC,2024-12-02,Monday,ADR,2643.965,2625.995,17.970000000000255,2644.355,2622.765,21.590000000000146,False,,,,,,,0.0,0.2223,,,,,,,False,,,,False,,,
GC,2024-12-02,Monday,ODR,2632.495,2627.055,5.440000000000055,2632.685,2626.458,6.226999999999862,True,LONG,2024-12-02 04:10:00,2634.005,True,True,True,2.6623,0.0,2.6623,2646.978,2024-12-02 08:24:00,0.0,2632.495,2024-12-02 04:47:00,True,2024-12-02 04:17:00,0.0,0.0,True,2632.495,2024-12-02 04:47:00,0.0
GC,2024-12-02,Monday,RDR,2648.775,2643.605,5.170000000000073,2649.225,2641.265,7.960000000000036,True,SHORT,2024-12-02 10:45:00,2641.155,True,True,True,0.0,1.9691,1.9691,2633.425,2024-12-02 13:24:00,0.1277,2644.265,2024-12-02 11:22:00,True,2024-12-02 10:50:00,0.1277,0.1277,True,2643.895,2024-12-02 11:21:00,0.0561
GC,2024-12-03,Tuesday,ADR,2644.075,2637.855,6.2199999999998,2645.125,2637.735,7.389999999999873,True,SHORT,2024-12-02 20:45:00,2634.565,False,True,False,0.9404,0.6254,0.6254,2633.965,2024-12-02 20:51:00,1.9404,2649.924,2024-12-03 01:24:00,True,2024-12-02 20:50:00,0.0,1.9404,True,2638.055,2024-12-02 21:06:00,0.0322
GC,2024-12-03,Tuesday,ODR,2645.015,2639.615,5.400000000000091,2645.285,2639.115,6.170000000000073,True,LONG,2024-12-03 04:00:00,2646.805,False,True,True,0.5444,0.3704,0.5407,2647.935,2024-12-03 04:28:00,1.3704,2637.615,2024-12-03 08:01:00,True,2024-12-03 04:08:00,0.1056,1.3704,True,2644.975,2024-12-03 04:09:00,0.0074
GC,2024-12-03,Tuesday,RDR,2652.925,2637.785,15.140000000000327,2655.528,2635.115,20.41300000000001,False,,,,,,,0.0,0.1083,,,,,,,False,,,,False,,,
GC,2024-12-04,Wednesday,ADR,2642.438,2638.845,3.593000000000302,2642.565,2637.575,4.9900000000002365,True,LONG,2024-12-03 21:00:00,2646.365,True,False,,2.4623,0.0,2.4623,2651.285,2024-12-04 01:48:00,0.0,2642.745,2024-12-03 21:46:00,True,2024-12-03 21:05:00,0.0,0.0,False,,,
GC,2024-12-04,Wednesday,ODR,2641.845,2638.085,3.7599999999997635,2642.075,2636.515,5.559999999999945,True,LONG,2024-12-04 04:25:00,2642.465,False,True,True,1.5266,1.5346,1.5266,2647.585,2024-12-04 06:36:00,2.5346,2632.315,2024-12-04 08:04:00,True,2024-12-04 05:53:00,0.7473,2.5346,True,2641.765,2024-12-04 04:30:00,0.0213
GC,2024-12-04,Wednesday,RDR,2653.748,2648.928,4.820000000000164,2655.848,2648.574,7.273999999999887,True,SHORT,2024-12-04 11:45:00,2647.885,True,True,False,0.6743,0.4633,0.4633,2646.695,2024-12-04 14:02:00,1.3249,2655.314,2024-12-04 14:16:00,False,,0.823,,True,2649.115,2024-12-04 11:50:00,0.0388
GC,2024-12-05,Thursday,ADR,2649.975,2647.655,2.319999999999709,2650.548,2647.295,3.2529999999997017,True,SHORT,2024-12-04 20:45:00,2646.465,False,True,True,2.3578,1.319,1.319,2644.595,2024-12-04 22:03:00,3.3578,2655.445,2024-12-05 00:53:00,True,2024-12-04 20:55:00,0.8405,3.3578,True,2647.795,2024-12-04 21:35:00,0.0603
GC,2024-12-05,Thursday,ODR,2649.455,2642.975,6.480000000000018,2650.075,2641.895,8.179999999999836,True,LONG,2024-12-05 06:45:00,2650.505,True,True,False,0.7659,0.1883,0.7659,2654.418,2024-12-05 08:01:00,0.5201,2646.085,2024-12-05 08:25:00,True,2024-12-05 07:59:00,0.3164,0.5201,True,2649.235,2024-12-05 07:21:00,0.034
GC,2024-12-05,Thursday,RDR,2647.045,2634.055,12.990000000000236,2647.745,2633.124,14.621000000000095,True,SHORT,2024-12-05 12:10:00,2627.595,True,False,,0.0,0.8214,0.8214,2623.385,2024-12-05 13:27:00,0.0,2631.745,2024-12-05 15:06:00,True,2024-12-05 12:15:00,0.0,0.0,False,,,
GC,2024-12-06,Friday,ADR,2632.445,2615.555,16.890000000000327,2632.865,2612.585,20.279999999999745,True,LONG,2024-12-05 22:20:00,2633.905,True,False,,0.7081,0.0,0.7081,2644.405,2024-12-05 23:27:00,0.0,2633.965,2024-12-05 22:25:00,True,2024-12-05 22:50:00,0.0,0.0,False,,,
GC,2024-12-06,Friday,ODR,2644.034,2638.425,5.608999999999924,2645.065,2637.625,7.440000000000055,True,SHORT,2024-12-06 05:25:00,2637.285,True,True,True,0.2676,1.0929,1.0929,2632.295,2024-12-06 06:01:00,0.5265,2641.378,2024-12-06 07:44:00,True,2024-12-06 05:40:00,0.0,0.5265,True,2638.905,2024-12-06 06:31:00,0.0856
GC,2024-12-06,Friday,RDR,2638.325,2629.145,9.179999999999836,2640.405,2625.745,14.66000000000031,False,,,,,,,0.3453,0.0,,,,,,,False,,,,False,,,
GC,2024-12-09,Monday,ADR,2648.975,2628.125,20.84999999999991,2650.515,2627.455,23.059999999999945,False,,,,,,,0.0187,0.0,,,,,,,False,,,,False,,,
GC,2024-12-09,Monday,ODR,2650.465,2646.905,3.5599999999999454,2651.005,2645.915,5.0900000000001455,True,LONG,2024-12-09 04:10:00,2652.105,True,False,,2.7753,0.0,2.7753,2660.345,2024-12-09 06:26:00,0.0,2651.165,2024-12-09 04:15:00,True,2024-12-09 04:18:00,0.0,0.0,False,,,
GC,2024-12-09,Monday,RDR,2675.884,2668.075,7.8090000000001965,2676.255,2666.195,10.059999999999945,True,SHORT,2024-12-09 11:50:00,2665.965,True,True,True,0.0,1.4599,1.4599,2656.675,2024-12-09 15:27:00,0.1511,2669.255,2024-12-09 12:02:00,True,2024-12-09 12:47:00,0.1511,0.0,True,2668.135,2024-12-09 12:00:00,0.0077
GC,2024-12-10,Tuesday,ADR,2664.865,2659.975,4.889999999999873,2666.548,2659.905,6.642999999999574,True,LONG,2024-12-09 20:55:00,2667.305,True,False,,1.7914,0.0,1.7914,2673.625,2024-12-09 23:08:00,0.0,2665.304,2024-12-09 22:19:00,True,2024-12-09 21:00:00,0.0,0.0,False,,,
GC,2024-12-10,Tuesday,ODR,2665.098,2661.655,3.4429999999997563,2665.475,2661.064,4.411000000000058,True,LONG,2024-12-10 04:45:00,2665.485,True,True,True,4.1409,0.0407,4.1409,2679.355,2024-12-10 07:09:00,0.6573,2662.835,2024-12-10 04:57:00,True,2024-12-10 04:51:00,0.6573,0.6573,True,2664.128,2024-12-10 04:53:00,0.2817
GC,2024-12-10,Tuesday,RDR,2690.935,2684.945,5.989999999999782,2691.634,2684.545,7.088999999999942,True,LONG,2024-12-10 11:55:00,2692.215,True,True,True,0.7417,0.0935,0.7417,2695.378,2024-12-10 12:55:00,0.0953,2690.364,2024-12-10 12:30:00,True,2024-12-10 12:44:00,0.0953,0.0301,True,2690.748,2024-12-10 12:27:00,0.0312
GC,2024-12-11,Wednesday,ADR,2700.905,2697.535,3.3700000000003456,2703.475,2696.515,6.960000000000036,True,SHORT,2024-12-10 22:40:00,2693.744,True,True,True,0.9475,6.8813,6.8813,2674.345,2024-12-11 00:20:00,0.1958,2698.195,2024-12-10 22:50:00,True,2024-12-10 22:45:00,0.1958,0.1958,True,2698.115,2024-12-10 22:48:00,0.1721
GC,2024-12-11,Wednesday,ODR,2694.784,2689.534,5.25,2695.854,2687.325,8.528999999999996,True,SHORT,2024-12-11 04:05:00,2687.314,False,True,False,0.9145,0.7257,0.7257,2685.724,2024-12-11 04:11:00,1.9145,2699.585,2024-12-11 05:28:00,True,2024-12-11 04:10:00,0.0,1.9145,True,2689.554,2024-12-11 04:12:00,0.0038
GC,2024-12-11,Wednesday,RDR,2712.354,2699.444,12.909999999999854,2713.364,2696.384,16.980000000000018,True,LONG,2024-12-11 10:30:00,2713.504,True,True,True,0.6701,0.0,0.6701,2721.005,2024-12-11 13:24:00,0.1123,2710.904,2024-12-11 11:08:00,True,2024-12-11 12:05:00,0.1123,0.0,True,2711.204,2024-12-11 10:35:00,0.0891
GC,2024-12-12,Thursday,ADR,2724.915,2714.085,10.829999999999927,2725.675,2713.365,12.3100000000004,True,SHORT,2024-12-11 20:30:00,2710.715,True,True,False,0.0,1.4958,0.9844,2703.424,2024-12-11 21:54:00,0.3973,2718.388,2024-12-12 01:59:00,True,2024-12-11 20:51:00,0.0,0.3973,True,2714.855,2024-12-11 23:30:00,0.0711
GC,2024-12-12,Thursday,ODR,2718.115,2715.414,2.700999999999567,2719.325,2714.734,4.5909999999998945,True,SHORT,2024-12-12 04:55:00,2714.315,True,True,True,0.1629,5.3462,5.3462,2700.974,2024-12-12 08:16:00,0.0163,2715.458,2024-12-12 05:39:00,True,2024-12-12 05:00:00,0.0163,0.0163,True,2715.425,2024-12-12 05:38:00,0.0041
GC,2024-12-12,Thursday,RDR,2687.715,2681.625,6.0900000000001455,2689.755,2680.725,9.0300000000002,True,SHORT,2024-12-12 10:40:00,2676.255,True,True,True,0.0,1.0788,1.0788,2675.055,2024-12-12 10:51:00,0.8588,2686.855,2024-12-12 13:01:00,True,2024-12-12 10:45:00,0.0,0.8588,True,2682.565,2024-12-12 11:02:00,0.1544
GC,2024-12-13,Friday,ADR,2691.975,2680.635,11.33999999999969,2692.595,2680.635,11.959999999999582,False,,,,,,,0.0,0.0,,,,,,,False,,,,False,,,
GC,2024-12-13,Friday,ODR,2683.825,2674.865,8.960000000000036,2684.615,2674.495,10.11999999999989,True,SHORT,2024-12-13 04:00:00,2672.225,True,True,True,0.0,1.346,1.346,2662.805,2024-12-13 07:01:00,0.0625,2675.425,2024-12-13 04:08:00,True,2024-12-13 04:42:00,0.0625,0.0,True,2675.175,2024-12-13 04:06:00,0.0346
GC,2024-12-13,Friday,RDR,2661.644,2654.835,6.808999999999742,2662.405,2654.525,7.880000000000109,True,LONG,2024-12-13 11:05:00,2663.435,False,True,False,0.407,1.2586,0.407,2664.415,2024-12-13 11:42:00,2.2586,2646.265,2024-12-13 15:59:00,False,,0.4391,,True,2661.445,2024-12-13 11:15:00,0.0292
GC,2024-12-16,Monday,ADR,2653.785,2644.575,9.210000000000036,2655.448,2643.374,12.07400000000007,False,,,,,,,0.1806,0.0,,,,,,,False,,,,False,,,
GC,2024-12-16,Monday,ODR,2660.345,2652.245,8.099999999999909,2661.838,2652.028,9.8100000000004,True,LONG,2024-12-16 06:25:00,2662.425,True,True,True,0.4819,0.0,0.4819,2664.248,2024-12-16 07:09:00,0.3964,2657.134,2024-12-16 07:38:00,False,,0.0,,True,2659.918,2024-12-16 07:33:00,0.0527
GC,2024-12-16,Monday,RDR,2659.905,2651.195,8.710000000000036,2659.925,2650.695,9.230000000000018,True,SHORT,2024-12-16 11:25:00,2649.855,True,True,False,0.0,0.3123,0.3123,2648.475,2024-12-16 11:38:00,0.5051,2655.594,2024-12-16 14:01:00,False,,0.0367,,True,2651.285,2024-12-16 11:31:00,0.0103
GC,2024-12-17,Tuesday,ADR,2657.145,2651.315,5.829999999999927,2657.175,2651.025,6.150000000000091,True,LONG,2024-12-16 20:50:00,2657.675,False,True,False,0.2264,0.8612,0.2264,2658.465,2024-12-16 20:56:00,1.8612,2646.294,2024-12-17 01:48:00,False,,0.0,,True,2656.845,2024-12-16 21:01:00,0.0515
GC,2024-12-17,Tuesday,ODR,2653.565,2644.085,9.480000000000018,2653.565,2641.365,12.200000000000273,True,SHORT,2024-12-17 04:35:00,2639.555,True,True,True,0.0,0.8535,0.8535,2635.994,2024-12-17 06:02:00,0.2809,2646.748,2024-12-17 08:07:00,True,2024-12-17 04:40:00,0.0,0.2809,True,2644.085,2024-12-17 07:36:00,0.0
GC,2024-12-17,Tuesday,RDR,2641.798,2635.698,6.099999999999909,2642.798,2634.798,8.0,True,LONG,2024-12-17 12:40:00,2643.514,True,False,,1.1585,0.0,1.1585,2648.865,2024-12-17 13:45:00,0.0,2642.874,2024-12-17 15:57:00,True,2024-12-17 12:50:00,0.0,0.0,False,,,
GC,2024-12-18,Wednesday,ADR,2650.085,2646.975,3.1100000000001273,2651.385,2646.975,4.410000000000309,True,SHORT,2024-12-17 22:00:00,2646.485,True,True,True,0.463,1.4212,1.4212,2642.555,2024-12-17 23:13:00,0.763,2649.348,2024-12-18 00:47:00,True,2024-12-17 22:22:00,0.5788,0.763,True,2647.195,2024-12-17 22:07:00,0.0707
GC,2024-12-18,Wednesday,ODR,2648.635,2642.365,6.270000000000437,2649.535,2641.945,7.589999999999691,False,,,,,,,0.1137,0.2217,,,,,,,False,,,,False,,,
GC,2024-12-18,Wednesday,RDR,2639.545,2634.655,4.889999999999873,2639.785,2634.0,5.7849999999998545,True,SHORT,2024-12-18 11:45:00,2633.995,False,True,True,0.0716,9.7458,9.7458,2586.998,2024-12-18 15:41:00,1.0716,2639.895,2024-12-18 12:29:00,True,2024-12-18 14:00:00,1.0716,0.2297,True,2634.875,2024-12-18 11:51:00,0.045
GC,2024-12-19,Thursday,ADR,2604.135,2593.275,10.860000000000127,2605.415,2592.645,12.769999999999982,True,LONG,2024-12-18 20:30:00,2607.185,True,True,True,1.2719,0.0,1.2719,2617.948,2024-12-18 20:47:00,0.0866,2603.195,2024-12-19 01:09:00,True,2024-12-18 20:36:00,0.0,0.0866,True,2603.284,2024-12-19 01:06:00,0.0784
GC,2024-12-19,Thursday,ODR,2618.264,2613.855,4.4090000000001055,2618.998,2613.035,5.963000000000193,True,LONG,2024-12-19 04:00:00,2619.725,False,True,False,1.8283,3.044,1.8283,2626.325,2024-12-19 05:49:00,4.044,2600.434,2024-12-19 08:20:00,True,2024-12-19 04:10:00,0.2531,4.044,True,2617.914,2024-12-19 05:02:00,0.0794
GC,2024-12-19,Thursday,RDR,2599.225,2590.205,9.019999999999982,2600.705,2589.995,10.710000000000036,True,SHORT,2024-12-19 10:30:00,2589.055,False,True,False,0.1885,0.3758,0.3758,2586.815,2024-12-19 10:40:00,1.1885,2600.925,2024-12-19 14:43:00,False,,0.0,,True,2590.595,2024-12-19 10:45:00,0.0432
GC,2024-12-20,Friday,ADR,2598.875,2590.655,8.2199999999998,2599.305,2589.475,9.829999999999927,True,LONG,2024-12-19 20:30:00,2599.515,True,True,True,0.7692,0.0,0.7692,2605.198,2024-12-20 01:40:00,0.4185,2595.435,2024-12-19 21:28:00,True,2024-12-19 20:46:00,0.4185,0.4185,True,2598.585,2024-12-19 20:50:00,0.0353
GC,2024-12-20,Friday,ODR,2606.778,2605.304,1.4739999999997053,2607.598,2604.195,3.4029999999997926,True,SHORT,2024-12-20 04:25:00,2604.185,True,True,True,0.0658,3.6635,3.6635,2599.904,2024-12-20 06:22:00,1.0658,2606.875,2024-12-20 05:17:00,True,2024-12-20 04:30:00,1.0658,1.0658,True,2605.435,2024-12-20 04:38:00,0.0889
GC,2024-12-20,Friday,RDR,2624.805,2613.895,10.909999999999854,2625.975,2612.565,13.409999999999854,True,LONG,2024-12-20 10:30:00,2627.348,True,True,False,0.6318,0.0,0.6318,2631.698,2024-12-20 11:00:00,0.2576,2621.995,2024-12-20 15:57:00,True,2024-12-20 10:55:00,0.0,0.2576,True,2624.644,2024-12-20 11:17:00,0.0148
GC,2024-12-23,Monday,ADR,2622.455,2618.185,4.269999999999982,2624.005,2617.285,6.720000000000255,True,LONG,2024-12-22 21:10:00,2625.405,True,True,True,2.4215,0.0,2.4215,2632.795,2024-12-23 01:45:00,0.0656,2622.175,2024-12-22 22:33:00,True,2024-12-22 21:15:00,0.0656,0.0656,True,2622.228,2024-12-22 22:32:00,0.0532
GC,2024-12-23,Monday,ODR,2631.215,2627.795,3.4200000000000728,2631.955,2625.905,6.049999999999727,True,SHORT,2024-12-23 05:00:00,2625.465,True,False,,0.0,4.3529,4.3529,2612.908,2024-12-23 06:47:00,0.0,2626.815,2024-12-23 05:08:00,True,2024-12-23 05:05:00,0.0,0.0,False,,,
GC,2024-12-23,Monday,RDR,2617.815,2610.805,7.010000000000218,2618.628,2609.808,8.820000000000164,True,SHORT,2024-12-23 10:55:00,2609.605,True,True,True,0.0,0.3923,0.3923,2608.055,2024-12-23 11:11:00,0.7973,2616.394,2024-12-23 12:02:00,False,,0.1298,,True,2611.285,2024-12-23 11:01:00,0.0685
GC,2024-12-24,Tuesday,ADR,2616.975,2613.645,3.3299999999999272,2617.825,2613.365,4.460000000000036,True,LONG,2024-12-23 21:05:00,2618.095,True,True,True,1.2673,0.0,1.2673,2621.195,2024-12-24 00:14:00,0.4294,2615.545,2024-12-23 22:07:00,True,2024-12-23 21:11:00,0.4294,0.4294,True,2616.915,2024-12-23 21:49:00,0.018
GC,2024-12-24,Tuesday,ODR,2619.198,2617.045,2.1529999999997926,2619.655,2616.698,2.9570000000003347,True,SHORT,2024-12-24 04:10:00,2615.745,True,True,True,0.0,2.2712,2.2712,2612.155,2024-12-24 06:32:00,0.3298,2617.755,2024-12-24 05:23:00,True,2024-12-24 04:15:00,0.3298,0.3298,True,2617.498,2024-12-24 05:16:00,0.2104
GC,2024-12-24,Tuesday,RDR,2616.404,2610.555,5.84900000000016,2616.885,2609.935,6.950000000000273,True,LONG,2024-12-24 11:30:00,2617.095,True,True,False,0.4857,0.0684,0.4857,2619.245,2024-12-24 12:29:00,0.3144,2614.565,2024-12-24 13:27:00,False,,0.2101,,True,2616.105,2024-12-24 11:38:00,0.0511
GC,2024-12-26,Thursday,ADR,2625.655,2620.005,5.650000000000091,2626.105,2619.825,6.2800000000002,True,LONG,2024-12-25 20:30:00,2627.025,True,True,True,0.6035,0.0,0.6035,2629.065,2024-12-25 23:43:00,0.2018,2624.515,2024-12-26 01:05:00,True,2024-12-25 22:00:00,0.0159,0.2018,True,2625.635,2024-12-25 21:30:00,0.0035
GC,2024-12-26,Thursday,ODR,2628.348,2625.298,3.050000000000182,2628.895,2624.934,3.9609999999997854,True,LONG,2024-12-26 06:05:00,2629.458,False,True,False,0.8525,0.2764,0.8525,2630.948,2024-12-26 08:11:00,1.2764,2624.455,2024-12-26 07:23:00,True,2024-12-26 08:02:00,1.2764,0.5357,True,2627.864,2024-12-26 06:12:00,0.1587
GC,2024-12-26,Thursday,RDR,2635.115,2625.385,9.729999999999563,2635.684,2624.384,11.300000000000182,True,LONG,2024-12-26 10:40:00,2636.075,True,True,False,0.3967,0.0,0.3967,2638.975,2024-12-26 10:52:00,0.7499,2627.818,2024-12-26 12:52:00,False,,0.0,,True,2635.028,2024-12-26 11:01:00,0.0089
GC,2024-12-27,Friday,ADR,2633.035,2631.135,1.8999999999996362,2633.815,2630.685,3.130000000000109,True,SHORT,2024-12-26 21:05:00,2630.025,False,True,False,1.9947,1.2474,1.2474,2628.765,2024-12-26 21:37:00,2.9947,2636.825,2024-12-27 01:24:00,True,2024-12-26 21:10:00,0.0368,2.9947,True,2631.205,2024-12-26 21:11:00,0.0368
GC,2024-12-27,Friday,ODR,2633.384,2626.048,7.33600000000024,2633.384,2626.0,7.3840000000000146,True,SHORT,2024-12-27 04:00:00,2625.855,True,True,True,0.0,0.852,0.852,2619.798,2024-12-27 08:29:00,0.7289,2631.395,2024-12-27 07:21:00,True,2024-12-27 08:07:00,0.7289,0.1523,True,2626.348,2024-12-27 04:05:00,0.0409
GC,2024-12-27,Friday,RDR,2617.395,2613.648,3.7469999999998436,2618.385,2611.285,7.100000000000364,True,LONG,2024-12-27 10:45:00,2619.205,False,True,False,1.0246,0.3203,1.0246,2621.234,2024-12-27 14:57:00,1.3203,2612.448,2024-12-27 15:31:00,True,2024-12-27 10:50:00,0.945,1.3203,True,2617.364,2024-12-27 11:04:00,0.0083
GC,2024-12-30,Monday,ADR,2625.335,2622.305,3.0300000000002,2626.048,2621.225,4.822999999999865,True,LONG,2024-12-29 22:20:00,2626.595,False,True,False,0.8746,1.3851,0.8746,2627.985,2024-12-29 22:27:00,2.3851,2618.108,2024-12-30 01:47:00,True,2024-12-29 22:25:00,0.0,2.3851,True,2625.324,2024-12-29 22:56:00,0.0036
GC,2024-12-30,Monday,ODR,2616.755,2611.398,5.356999999999971,2617.225,2609.125,8.099999999999909,True,LONG,2024-12-30 06:40:00,2618.175,True,True,True,1.0584,0.4523,1.0584,2622.425,2024-12-30 08:29:00,0.2651,2615.335,2024-12-30 07:21:00,True,2024-12-30 07:42:00,0.2651,0.0,True,2616.555,2024-12-30 06:54:00,0.0373
GC,2024-12-30,Monday,RDR,2612.245,2602.744,9.500999999999749,2612.245,2600.715,11.529999999999745,True,SHORT,2024-12-30 11:10:00,2600.155,True,True,False,0.0,0.7198,0.7198,2595.905,2024-12-30 11:23:00,0.6969,2609.365,2024-12-30 15:19:00,True,2024-12-30 11:20:00,0.0,0.6969,True,2603.425,2024-12-30 12:11:00,0.0717
GC,2024-12-31,Tuesday,ADR,2610.015,2606.465,3.549999999999727,2610.055,2606.345,3.7100000000000364,True,LONG,2024-12-30 20:30:00,2610.855,False,True,False,0.3831,1.1239,0.3831,2611.375,2024-12-30 20:36:00,2.1239,2602.475,2024-12-31 00:55:00,False,,0.0,,True,2609.995,2024-12-30 20:38:00,0.0056
GC,2024-12-31,Tuesday,ODR,2616.448,2612.944,3.5039999999999054,2617.595,2612.635,4.959999999999582,True,SHORT,2024-12-31 05:35:00,2611.855,True,True,False,0.0571,2.2115,2.2115,2605.195,2024-12-31 08:20:00,0.5596,2614.905,2024-12-31 08:28:00,True,2024-12-31 05:53:00,0.3142,0.5596,True,2612.965,2024-12-31 05:49:00,0.006
GC,2024-12-31,Tuesday,RDR,2618.655,2611.898,6.757000000000062,2619.415,2611.565,7.849999999999909,True,LONG,2024-12-31 10:30:00,2621.685,True,False,,1.2889,0.0,1.2889,2627.364,2024-12-31 12:20:00,0.0,2621.148,2024-12-31 10:50:00,True,2024-12-31 10:35:00,0.0,0.0,False,,,
NQ,2024-01-02,Tuesday,ADR,16847.439,16831.739,15.69999999999709,16850.489,16830.419,20.06999999999971,True,SHORT,2024-01-01 20:40:00,16826.679,True,True,True,0.0,1.2006,1.2006,16812.889,2024-01-01 21:53:00,0.1573,16834.209,2024-01-01 20:45:00,True,2024-01-01 21:24:00,0.1573,0.0,True,16834.209,2024-01-01 20:45:00,0.1573
NQ,2024-01-02,Tuesday,ODR,16847.799,16829.269,18.529999999998836,16848.589,16827.819,20.770000000000437,True,SHORT,2024-01-02 04:00:00,16827.369,True,False,,0.0,10.809,10.809,16628.979,2024-01-02 08:22:00,0.0,16828.679,2024-01-02 04:05:00,True,2024-01-02 04:10:00,0.0,0.0,False,,,
NQ,2024-01-02,Tuesday,RDR,16674.229,16547.239,126.98999999999796,16685.939,16535.949,149.98999999999796,True,SHORT,2024-01-02 10:30:00,16529.359,True,True,True,0.0,0.7834,0.7834,16447.759,2024-01-02 15:14:00,0.5076,16611.699,2024-01-02 12:08:00,True,2024-01-02 14:59:00,0.5076,0.0255,True,16556.689,2024-01-02 11:04:00,0.0744
NQ,2024-01-03,Wednesday,ADR,16549.929,16534.379,15.549999999999272,16550.799,16531.989,18.80999999999767,True,SHORT,2024-01-02 21:15:00,16529.979,True,True,False,0.0,1.3974,1.3974,16512.649,2024-01-03 00:03:00,0.3891,16540.429,2024-01-03 01:46:00,True,2024-01-02 21:26:00,0.0,0.3891,True,16535.549,2024-01-03 01:26:00,0.0752
NQ,2024-01-03,Wednesday,ODR,16547.679,16497.529,50.150000000001455,16552.889,16495.959,56.93000000000029,True,SHORT,2024-01-03 04:05:00,16488.409,True,True,True,0.0,1.5147,1.5147,16421.569,2024-01-03 08:02:00,0.1097,16503.029,2024-01-03 04:26:00,True,2024-01-03 04:48:00,0.1097,0.0,True,16497.529,2024-01-03 04:22:00,0.0
NQ,2024-01-03,Wednesday,RDR,16462.349,16393.889,68.45999999999913,16477.389,16381.599,95.78999999999905,True,SHORT,2024-01-03 10:35:00,16372.579,True,True,True,0.0,0.6418,0.6418,16349.949,2024-01-03 15:50:00,0.8913,16454.909,2024-01-03 14:30:00,True,2024-01-03 14:06:00,0.8913,0.8913,True,16399.909,2024-01-03 10:43:00,0.0879
NQ,2024-01-04,Thursday,ADR,16395.109,16385.499,9.610000000000582,16396.369,16384.169,12.19999999999709,True,SHORT,2024-01-03 21:15:00,16381.599,False,True,False,0.8835,1.2674,1.2674,16373.319,2024-01-04 01:10:00,1.8835,16403.599,2024-01-04 01:59:00,True,2024-01-03 21:20:00,0.5817,1.8835,True,16385.599,2024-01-03 21:28:00,0.0104
NQ,2024-01-04,Thursday,ODR,16415.479,16382.589,32.88999999999942,16417.199,16379.089,38.11000000000058,True,SHORT,2024-01-04 06:50:00,16377.439,True,False,,0.0,1.9322,1.9322,16319.039,2024-01-04 08:22:00,0.0,16379.359,2024-01-04 06:55:00,True,2024-01-04 06:57:00,0.0,0.0,False,,,
NQ,2024-01-04,Thursday,RDR,16359.959,16286.519,73.44000000000051,16370.039,16277.609,92.43000000000029,True,LONG,2024-01-04 10:45:00,16372.799,False,True,False,0.8295,0.1766,0.8295,16420.879,2024-01-04 11:26:00,1.1766,16273.549,2024-01-04 15:55:00,True,2024-01-04 11:12:00,0.0626,1.1766,True,16357.669,2024-01-04 10:58:00,0.0312
NQ,2024-01-05,Friday,ADR,16306.879,16294.469,12.410000000001673,16307.699,16289.839,17.860000000000582,True,SHORT,2024-01-04 21:45:00,16289.509,True,True,True,0.0,4.3908,4.3908,16239.979,2024-01-05 01:43:00,0.0435,16295.009,2024-01-04 23:27:00,True,2024-01-04 22:37:00,0.0435,0.0435,True,16295.009,2024-01-04 23:27:00,0.0435
NQ,2024-01-05,Friday,ODR,16267.459,16239.469,27.9900000000016,16277.189,16236.889,40.30000000000109,True,SHORT,2024-01-05 04:40:00,16232.539,True,True,False,0.0,1.1947,1.1947,16206.029,2024-01-05 06:38:00,0.5891,16255.959,2024-01-05 08:19:00,True,2024-01-05 05:25:00,0.1186,0.5891,True,16240.099,2024-01-05 04:49:00,0.0225
NQ,2024-01-05,Friday,RDR,16388.419,16288.199,100.22000000000116,16394.619,16276.949,117.66999999999825,True,LONG,2024-01-05 10:30:00,16398.419,False,True,False,0.2779,0.4412,0.2779,16416.269,2024-01-05 11:12:00,1.4412,16243.979,2024-01-05 15:28:00,False,,0.0762,,True,16386.019,2024-01-05 10:40:00,0.0239
NQ,2024-01-08,Monday,ADR,16340.149,16331.269,8.8799999999992,16340.599,16328.919,11.680000000000291,True,SHORT,2024-01-07 20:45:00,16326.889,True,False,,0.0,6.6273,6.6273,16272.419,2024-01-08 01:44:00,0.0,16326.879,2024-01-07 20:50:00,True,2024-01-07 20:50:00,0.0,0.0,False,,,
NQ,2024-01-08,Monday,ODR,16293.829,16265.209,28.61999999999898,16295.149,16263.619,31.529999999998836,True,SHORT,2024-01-08 04:20:00,16247.989,False,True,False,1.5398,1.6233,1.6233,16218.749,2024-01-08 04:35:00,2.5398,16337.899,2024-01-08 08:25:00,True,2024-01-08 04:25:00,0.0,2.5398,True,16265.879,2024-01-08 04:55:00,0.0234
NQ,2024-01-08,Monday,RDR,16484.929,16352.689,132.23999999999978,16487.389,16346.929,140.45999999999913,True,LONG,2024-01-08 10:30:00,16497.599,True,True,True,1.2723,0.0,1.2723,16653.179,2024-01-08 15:59:00,0.0083,16483.829,2024-01-08 10:38:00,True,2024-01-08 12:41:00,0.0083,0.0,True,16484.819,2024-01-08 10:37:00,0.0008
NQ,2024-01-09,Tuesday,ADR,16633.489,16627.739,5.75,16634.759,16625.869,8.889999999999418,True,LONG,2024-01-08 21:15:00,16635.679,False,True,False,0.9583,2.1426,0.9583,16638.999,2024-01-08 21:38:00,3.1426,16615.419,2024-01-09 01:06:00,True,2024-01-08 21:20:00,0.0,3.1426,True,16632.989,2024-01-08 22:13:00,0.087
NQ,2024-01-09,Tuesday,ODR,16609.939,16582.219,27.719999999997526,16610.159,16579.889,30.270000000000437,True,SHORT,2024-01-09 04:05:00,16576.719,True,True,True,0.0,1.8929,1.8929,16529.749,2024-01-09 06:55:00,0.3045,16590.659,2024-01-09 04:52:00,True,2024-01-09 04:10:00,0.3045,0.3045,True,16582.489,2024-01-09 04:44:00,0.0097
NQ,2024-01-09,Tuesday,RDR,16590.479,16512.419,78.05999999999767,16593.629,16505.929,87.70000000000073,True,LONG,2024-01-09 10:35:00,16594.199,True,True,True,1.6161,0.0,1.6161,16716.629,2024-01-09 13:05:00,0.1787,16576.529,2024-01-09 10:58:00,True,2024-01-09 11:16:00,0.1787,0.0,True,16587.179,2024-01-09 10:40:00,0.0423
NQ,2024-01-10,Wednesday,ADR,16697.599,16673.409,24.18999999999869,16698.599,16672.709,25.889999999999418,True,SHORT,2024-01-10 00:25:00,16671.299,True,True,True,0.0,0.7106,0.7106,16656.219,2024-01-10 01:52:00,0.3778,16682.549,2024-01-10 01:11:00,True,2024-01-10 01:51:00,0.3778,0.0,True,16674.209,2024-01-10 00:32:00,0.0331
NQ,2024-01-10,Wednesday,ODR,16712.249,16694.219,18.029999999998836,16713.889,16690.089,23.799999999999272,True,LONG,2024-01-10 04:05:00,16731.689,False,True,False,2.3755,0.8003,2.3755,16755.079,2024-01-10 04:34:00,1.8003,16679.789,2024-01-10 08:01:00,True,2024-01-10 04:10:00,0.0,1.8003,True,16712.219,2024-01-10 06:26:00,0.0017
NQ,2024-01-10,Wednesday,RDR,16714.909,16664.799,50.11000000000058,16723.789,16653.059,70.72999999999956,True,LONG,2024-01-10 10:40:00,16734.149,True,True,True,2.3089,0.0,2.3089,16830.609,2024-01-10 15:00:00,0.2237,16703.699,2024-01-10 11:13:00,True,2024-01-10 10:50:00,0.2237,0.2237,True,16703.699,2024-01-10 11:13:00,0.2237
NQ,2024-01-11,Thursday,ADR,16841.169,16814.709,26.460000000002765,16842.229,16814.709,27.520000000000437,True,LONG,2024-01-10 21:10:00,16843.829,True,True,True,0.9252,0.0,0.9252,16865.649,2024-01-11 01:37:00,0.048,16839.899,2024-01-10 21:46:00,True,2024-01-10 22:32:00,0.048,0.0,True,16840.889,2024-01-10 21:40:00,0.0106
NQ,2024-01-11,Thursday,ODR,16894.509,16861.539,32.969999999997526,16899.629,16857.699,41.93000000000029,True,SHORT,2024-01-11 04:30:00,16857.399,True,True,False,0.0,0.5135,0.5135,16844.609,2024-01-11 05:14:00,0.6994,16884.599,2024-01-11 08:29:00,True,2024-01-11 05:14:00,0.0,0.6994,True,16862.389,2024-01-11 06:03:00,0.0258
NQ,2024-01-11,Thursday,RDR,16868.809,16696.099,172.71000000000276,16897.699,16683.819,213.88000000000102,True,SHORT,2024-01-11 11:10:00,16647.309,True,True,False,0.0,0.4847,0.4847,16612.389,2024-01-11 11:46:00,0.8495,16842.819,2024-01-11 14:58:00,False,,0.0,,True,16697.539,2024-01-11 12:49:00,0.0083
NQ,2024-01-12,Friday,ADR,16814.079,16785.119,28.960000000002765,16814.809,16782.089,32.720000000001164,True,LONG,2024-01-11 21:40:00,16817.259,True,True,True,0.3322,0.1115,0.3322,16823.699,2024-01-11 21:48:00,0.5711,16797.539,2024-01-11 23:29:00,False,,0.0,,True,16813.529,2024-01-11 22:03:00,0.019
NQ,2024-01-12,Friday,ODR,16832.609,16780.999,51.61000000000058,16834.899,16777.069,57.830000000001746,True,SHORT,2024-01-12 06:15:00,16772.809,True,True,True,0.0988,1.0457,1.0457,16727.029,2024-01-12 06:48:00,0.1529,16788.889,2024-01-12 08:04:00,True,2024-01-12 06:45:00,0.026,0.1529,True,16781.889,2024-01-12 06:28:00,0.0172
NQ,2024-01-12,Friday,RDR,16897.259,16801.739,95.5199999999968,16903.819,16796.849,106.97000000000116,True,SHORT,2024-01-12 10:45:00,16793.059,True,True,False,0.0,0.2936,0.2936,16773.699,2024-01-12 10:54:00,0.5607,16855.299,2024-01-12 11:18:00,False,,0.0007,,True,16801.809,2024-01-12 10:50:00,0.0007
NQ,2024-01-15,Monday,ADR,16820.519,16809.679,10.840000000000146,16822.699,16806.729,15.970000000001164,True,LONG,2024-01-14 21:15:00,16829.029,True,False,,4.9613,0.1531,4.9613,16874.299,2024-01-15 01:38:00,0.0,16828.759,2024-01-14 21:20:00,True,2024-01-14 21:20:00,0.0,0.0,False,,,
NQ,2024-01-15,Monday,ODR,16878.329,16829.329,49.0,16883.099,16829.169,53.92999999999665,True,SHORT,2024-01-15 04:00:00,16824.089,True,True,True,0.0,0.432,0.432,16808.159,2024-01-15 06:32:00,0.3318,16845.589,2024-01-15 04:32:00,False,,0.3318,,True,16830.189,2024-01-15 04:07:00,0.0176
NQ,2024-01-15,Monday,RDR,16824.079,16802.809,21.270000000000437,16828.579,16798.709,29.87000000000262,True,LONG,2024-01-15 10:45:00,16831.029,True,True,True,0.8048,0.0,0.8048,16841.198,2024-01-15 11:37:00,0.3752,16816.098,2024-01-15 12:00:00,True,2024-01-15 10:55:00,0.0,0.3752,True,16823.919,2024-01-15 11:54:00,0.0075
NQ,2024-01-16,Tuesday,ADR,16782.298,16747.865,34.432999999997264,16783.799,16743.72,40.078999999997905,True,SHORT,2024-01-16 00:55:00,16739.353,True,False,,0.0,0.5821,0.5821,16727.821,2024-01-16 01:03:00,0.0,16744.654,2024-01-16 01:52:00,True,2024-01-16 01:01:00,0.0,0.0,False,,,
NQ,2024-01-16,Tuesday,ODR,16741.289,16683.819,57.470000000001164,16741.289,16674.187,67.10199999999895,True,LONG,2024-01-16 06:50:00,16748.198,True,True,True,0.6457,0.0,0.6457,16778.399,2024-01-16 07:50:00,0.124,16734.164,2024-01-16 08:25:00,True,2024-01-16 07:40:00,0.1168,0.124,True,16740.02,2024-01-16 06:58:00,0.0221
NQ,2024-01-16,Tuesday,RDR,16864.543,16737.489,127.05400000000009,16868.297,16718.376,149.92099999999846,True,LONG,2024-01-16 10:40:00,16874.865,False,True,False,0.2662,0.0967,0.2662,16898.364,2024-01-16 10:54:00,1.0967,16725.197,2024-01-16 14:19:00,False,,0.0,,True,16822.032,2024-01-16 11:00:00,0.3346
NQ,2024-01-17,Wednesday,ADR,16828.708,16817.275,11.432999999997264,16829.399,16814.289,15.110000000000582,True,SHORT,2024-01-16 20:40:00,16810.553,True,True,True,0.0,10.3656,10.3656,16698.765,2024-01-17 01:40:00,0.0672,16818.043,2024-01-16 21:11:00,True,2024-01-16 20:45:00,0.0672,0.0672,True,16818.043,2024-01-16 21:11:00,0.0672
NQ,2024-01-17,Wednesday,ODR,16724.808,16695.51,29.298000000002503,16725.775,16691.554,34.22100000000137,True,SHORT,2024-01-17 04:10:00,16686.799,False,True,False,1.588,0.4552,0.3747,16684.531,2024-01-17 04:16:00,2.588,16771.332,2024-01-17 07:25:00,False,,0.0,,True,16700.709,2024-01-17 04:18:00,0.1775
NQ,2024-01-17,Wednesday,RDR,16688.631,16575.764,112.86700000000201,16707.242,16559.731,147.5109999999986,True,LONG,2024-01-17 14:40:00,16709.719,True,True,True,0.5909,0.0,0.5909,16755.321,2024-01-17 15:56:00,0.182,16668.087,2024-01-17 15:27:00,True,2024-01-17 15:52:00,0.182,0.0,True,16687.108,2024-01-17 15:01:00,0.0135
NQ,2024-01-18,Thursday,ADR,16745.231,16726.709,18.522000000000844,16747.797,16724.031,23.76599999999962,True,SHORT,2024-01-17 20:35:00,16723.797,False,True,False,1.3791,0.6473,0.6473,16714.72,2024-01-17 23:44:00,2.3791,16770.775,2024-01-18 01:54:00,True,2024-01-17 23:44:00,0.886,2.3791,True,16727.299,2024-01-17 20:48:00,0.0319
NQ,2024-01-18,Thursday,ODR,16787.597,16761.253,26.34400000000096,16792.021,16759.219,32.80199999999968,True,LONG,2024-01-18 04:20:00,16795.042,True,True,True,4.2788,0.0,4.2788,16900.319,2024-01-18 07:47:00,0.1522,16783.587,2024-01-18 05:11:00,True,2024-01-18 04:36:00,0.1522,0.1522,True,16787.02,2024-01-18 04:55:00,0.0219
NQ,2024-01-18,Thursday,RDR,16909.521,16865.297,44.22400000000198,16928.154,16859.589,68.56499999999869,True,LONG,2024-01-18 10:35:00,16930.797,False,True,True,1.9821,1.159,1.9821,16997.176,2024-01-18 15:52:00,2.159,16814.042,2024-01-18 13:22:00,True,2024-01-18 10:40:00,2.159,2.159,True,16906.289,2024-01-18 11:00:00,0.0731
NQ,2024-01-19,Friday,ADR,17030.031,17008.775,21.255999999997584,17031.899,17004.298,27.601000000002387,True,LONG,2024-01-18 21:10:00,17032.553,True,True,True,0.9733,0.024,0.9733,17050.72,2024-01-18 22:04:00,0.46,17020.254,2024-01-19 00:58:00,True,2024-01-18 21:48:00,0.2954,0.46,True,17027.832,2024-01-18 21:17:00,0.1035
NQ,2024-01-19,Friday,ODR,17082.286,17045.775,36.5109999999986,17082.897,17040.764,42.13300000000163,True,LONG,2024-01-19 04:05:00,17083.764,True,True,True,1.2347,0.0,1.2347,17127.365,2024-01-19 08:18:00,0.22,17074.254,2024-01-19 04:45:00,True,2024-01-19 04:14:00,0.22,0.22,True,17078.698,2024-01-19 04:11:00,0.0983
NQ,2024-01-19,Friday,RDR,17090.398,17046.887,43.51100000000224,17105.342,17039.775,65.5669999999991,True,LONG,2024-01-19 11:05:00,17118.989,True,False,,5.2654,0.0,5.2654,17319.499,2024-01-19 15:08:00,0.0,17100.654,2024-01-19 11:39:00,True,2024-01-19 11:10:00,0.0,0.0,False,,,
NQ,2024-01-22,Monday,ADR,17438.054,17369.753,68.30099999999948,17441.186,17368.52,72.66600000000108,False,,,,,,,0.0124,0.0,,,,,,,False,,,,False,,,
NQ,2024-01-22,Monday,ODR,17410.186,17389.586,20.600000000002183,17411.299,17387.81,23.48899999999776,True,LONG,2024-01-22 04:05:00,17411.565,True,True,True,2.0179,0.0,2.0179,17451.754,2024-01-22 07:32:00,0.856,17392.553,2024-01-22 04:40:00,True,2024-01-22 06:38:00,0.856,0.323,True,17407.62,2024-01-22 04:10:00,0.1246
NQ,2024-01-22,Monday,RDR,17443.232,17357.331,85.90100000000166,17452.609,17353.71,98.89900000000125,True,SHORT,2024-01-22 10:30:00,17341.02,True,True,True,0.0,0.6202,0.6202,17304.054,2024-01-22 13:29:00,0.2976,17382.899,2024-01-22 11:57:00,True,2024-01-22 10:48:00,0.2976,0.2976,True,17359.265,2024-01-22 10:39:00,0.0225
NQ,2024-01-23,Tuesday,ADR,17344.164,17328.876,15.288000000000466,17345.319,17328.176,17.14300000000003,True,SHORT,2024-01-22 20:40:00,17328.119,False,True,False,0.8933,0.2783,0.2035,17325.765,2024-01-22 20:47:00,1.8933,17357.821,2024-01-22 21:06:00,False,,0.0015,,True,17328.899,2024-01-22 20:45:00,0.0015
NQ,2024-01-23,Tuesday,ODR,17352.408,17304.797,47.611000000000786,17354.554,17294.131,60.422999999998865,True,LONG,2024-01-23 08:00:00,17360.889,True,False,,0.5814,0.0,0.5814,17380.089,2024-01-23 08:29:00,0.0,17354.731,2024-01-23 08:14:00,True,2024-01-23 08:24:00,0.0,0.0,False,,,
NQ,2024-01-23,Tuesday,RDR,17359.642,17293.721,65.92099999999846,17360.343,17283.62,76.72300000000178,True,LONG,2024-01-23 12:55:00,17364.254,True,True,True,0.8229,0.0,0.8229,17413.889,2024-01-23 15:56:00,0.373,17335.054,2024-01-23 13:39:00,True,2024-01-23 15:12:00,0.373,0.0,True,17358.865,2024-01-23 13:00:00,0.0118
NQ,2024-01-24,Wednesday,ADR,17461.021,17446.664,14.356999999999971,17464.108,17444.71,19.398000000001048,True,LONG,2024-01-23 22:10:00,17467.71,True,False,,3.1955,0.0,3.1955,17506.899,2024-01-24 01:53:00,0.0,17463.798,2024-01-23 22:55:00,True,2024-01-23 22:15:00,0.0,0.0,False,,,
NQ,2024-01-24,Wednesday,ODR,17525.109,17508.265,16.84400000000096,17529.02,17503.731,25.28900000000067,True,LONG,2024-01-24 04:05:00,17529.499,True,True,True,2.4341,0.0,2.4341,17566.109,2024-01-24 08:29:00,0.4684,17517.22,2024-01-24 07:00:00,True,2024-01-24 04:24:00,0.4684,0.4684,True,17523.875,2024-01-24 04:12:00,0.0733
NQ,2024-01-24,Wednesday,RDR,17592.064,17515.108,76.95599999999831,17594.608,17514.31,80.29799999999886,True,LONG,2024-01-24 10:30:00,17597.221,False,True,False,0.9857,0.4586,0.9857,17667.919,2024-01-24 12:54:00,1.4586,17479.819,2024-01-24 15:54:00,True,2024-01-24 10:43:00,0.3488,1.4586,True,17575.786,2024-01-24 11:07:00,0.2115
NQ,2024-01-25,Thursday,ADR,17508.342,17487.489,20.852999999999156,17515.898,17483.765,32.13300000000163,True,SHORT,2024-01-24 20:45:00,17477.089,True,True,False,0.1087,0.8596,0.8596,17469.564,2024-01-24 21:45:00,1.1087,17510.609,2024-01-25 01:42:00,True,2024-01-24 20:50:00,0.4975,1.1087,True,17488.22,2024-01-24 20:59:00,0.0351
NQ,2024-01-25,Thursday,ODR,17527.175,17490.32,36.85499999999956,17535.521,17483.521,52.0,True,LONG,2024-01-25 07:00:00,17535.543,True,True,True,0.4495,0.0,0.4495,17543.743,2024-01-25 07:08:00,0.334,17514.864,2024-01-25 07:59:00,False,,0.0,,True,17526.21,2024-01-25 07:16:00,0.0262
NQ,2024-01-25,Thursday,RDR,17609.332,17549.698,59.633999999998196,17614.153,17529.098,85.05499999999665,True,LONG,2024-01-25 11:45:00,17615.521,False,True,False,0.3784,2.1314,0.3784,17631.897,2024-01-25 11:53:00,3.1314,17422.597,2024-01-25 14:08:00,False,,0.0,,True,17602.554,2024-01-25 11:55:00,0.1137
NQ,2024-01-26,Friday,ADR,17425.376,17394.108,31.26800000000003,17428.332,17392.565,35.766999999999825,True,SHORT,2024-01-25 23:10:00,17389.098,True,True,True,0.0,1.0099,1.0099,17362.531,2024-01-26 01:15:00,0.3557,17405.231,2024-01-26 00:46:00,True,2024-01-25 23:26:00,0.3557,0.3557,True,17398.119,2024-01-25 23:16:00,0.1283
NQ,2024-01-26,Friday,ODR,17377.143,17353.796,23.34700000000157,17379.489,17348.831,30.658000000003085,True,LONG,2024-01-26 04:20:00,17379.764,True,False,,4.0971,0.1061,4.0971,17472.799,2024-01-26 07:39:00,0.0,17379.319,2024-01-26 04:34:00,True,2024-01-26 04:29:00,0.0,0.0,False,,,
NQ,2024-01-26,Friday,RDR,17466.297,17413.543,52.75399999999718,17468.299,17391.098,77.2009999999973,True,LONG,2024-01-26 10:30:00,17481.642,False,True,False,0.9674,0.4419,0.9674,17517.331,2024-01-26 12:07:00,1.4419,17390.232,2024-01-26 13:54:00,True,2024-01-26 10:38:00,0.0489,1.4419,True,17463.719,2024-01-26 11:41:00,0.0489
NQ,2024-01-29,Monday,ADR,17413.732,17367.575,46.15699999999924,17419.808,17366.62,53.18800000000192,True,LONG,2024-01-28 20:40:00,17419.989,True,True,True,0.5714,0.0,0.5714,17440.108,2024-01-29 01:48:00,0.0477,17411.531,2024-01-28 22:41:00,True,2024-01-29 01:46:00,0.0477,0.0,True,17412.609,2024-01-28 21:20:00,0.0243
NQ,2024-01-29,Monday,ODR,17469.754,17430.587,39.16700000000128,17471.687,17428.754,42.9330000000009,True,LONG,2024-01-29 04:00:00,17476.499,True,True,False,0.2042,0.0687,0.2042,17477.753,2024-01-29 04:10:00,1.0687,17427.898,2024-01-29 04:42:00,False,,0.0059,,True,17469.553,2024-01-29 04:07:00,0.0051
NQ,2024-01-29,Monday,RDR,17462.854,17421.653,41.20100000000093,17471.489,17416.708,54.78100000000268,True,LONG,2024-01-29 12:10:00,17473.499,True,False,,3.4401,0.2899,3.4401,17604.589,2024-01-29 15:26:00,0.0,17465.731,2024-01-29 12:20:00,True,2024-01-29 12:24:00,0.0,0.0,False,,,
NQ,2024-01-30,Tuesday,ADR,17621.243,17601.389,19.85399999999936,17623.489,17593.987,29.502000000000407,True,SHORT,2024-01-30 01:30:00,17593.689,True,False,,0.0,0.6387,0.4612,17592.232,2024-01-30 01:58:00,0.0,17600.319,2024-01-30 01:43:00,False,,0.0,,False,,,
NQ,2024-01-30,Tuesday,ODR,17605.276,17561.086,44.19000000000233,17608.519,17553.508,55.0109999999986,True,SHORT,2024-01-30 08:10:00,17552.142,True,False,,0.0837,0.4486,0.4486,17541.264,2024-01-30 08:21:00,0.0,17559.132,2024-01-30 08:29:00,False,,0.0,,False,,,
NQ,2024-01-30,Tuesday,RDR,17569.597,17535.665,33.9320000000007,17573.487,17509.71,63.77700000000186,True,SHORT,2024-01-30 12:15:00,17505.299,True,False,,0.0,2.8315,2.8315,17439.586,2024-01-30 14:11:00,0.0,17509.376,2024-01-30 12:22:00,True,2024-01-30 12:20:00,0.0,0.0,False,,,
NQ,2024-01-31,Wednesday,ADR,17346.542,17333.476,13.066000000002532,17348.92,17332.742,16.177999999999884,True,SHORT,2024-01-30 20:40:00,17329.364,True,True,True,0.0289,1.313,1.313,17316.32,2024-01-30 21:11:00,1.0289,17346.919,2024-01-31 00:32:00,True,2024-01-30 20:51:00,0.0,1.0289,True,17333.599,2024-01-30 21:42:00,0.0094
NQ,2024-01-31,Wednesday,ODR,17359.989,17338.565,21.424000000002707,17360.454,17333.721,26.733000000000175,True,SHORT,2024-01-31 04:00:00,17327.753,True,False,,0.0,5.2657,5.2657,17225.753,2024-01-31 06:03:00,0.0,17335.497,2024-01-31 08:20:00,True,2024-01-31 04:05:00,0.0,0.0,False,,,
NQ,2024-01-31,Wednesday,RDR,17307.942,17220.965,86.97699999999895,17318.964,17215.986,102.97799999999916,True,SHORT,2024-01-31 10:30:00,17206.254,False,True,True,0.8429,1.0661,1.0661,17128.242,2024-01-31 15:54:00,1.8429,17381.254,2024-01-31 14:45:00,True,2024-01-31 15:04:00,1.8429,0.0636,True,17223.253,2024-01-31 11:02:00,0.0263
NQ,2024-02-01,Thursday,ADR,17213.542,17197.108,16.434000000001106,17217.719,17194.454,23.264999999999418,True,LONG,2024-01-31 21:25:00,17218.999,False,True,False,0.8304,1.7456,0.8304,17227.189,2024-01-31 23:29:00,2.7456,17168.421,2024-02-01 01:57:00,True,2024-01-31 21:34:00,1.4677,2.7456,True,17212.92,2024-01-31 22:26:00,0.0378
NQ,2024-02-01,Thursday,ODR,17252.62,17216.609,36.0109999999986,17254.475,17214.797,39.677999999999884,True,LONG,2024-02-01 05:50:00,17254.699,False,True,False,0.3357,0.357,0.3357,17264.708,2024-02-01 07:46:00,1.357,17203.753,2024-02-01 08:17:00,False,,0.713,,True,17250.431,2024-02-01 05:56:00,0.0608
NQ,2024-02-01,Thursday,RDR,17274.154,17207.565,66.58899999999994,17274.799,17176.189,98.61000000000058,True,LONG,2024-02-01 12:05:00,17289.643,True,True,True,1.2425,0.564,1.2425,17356.889,2024-02-01 15:40:00,0.6117,17233.42,2024-02-01 13:07:00,True,2024-02-01 12:54:00,0.6117,0.6117,True,17273.475,2024-02-01 12:17:00,0.0102
NQ,2024-02-02,Friday,ADR,17520.653,17494.92,25.733000000000175,17524.032,17493.554,30.477999999999156,True,LONG,2024-02-01 20:30:00,17529.797,True,True,False,0.5764,0.0,0.5764,17535.486,2024-02-01 20:37:00,0.8217,17499.509,2024-02-02 01:23:00,True,2024-02-01 20:35:00,0.0,0.8217,True,17520.21,2024-02-01 20:47:00,0.0172
NQ,2024-02-02,Friday,ODR,17526.954,17486.953,40.001000000000204,17532.199,17484.031,48.168000000001484,True,LONG,2024-02-02 04:00:00,17535.698,True,True,False,0.5236,0.0,0.5236,17547.899,2024-02-02 07:28:00,0.5806,17503.731,2024-02-02 05:07:00,True,2024-02-02 07:28:00,0.5806,0.4547,True,17526.621,2024-02-02 04:06:00,0.0083
NQ,2024-02-02,Friday,RDR,17523.699,17412.186,111.51299999999901,17530.154,17371.432,158.72199999999793,True,LONG,2024-02-02 10:40:00,17561.653,True,True,True,1.4376,0.0,1.4376,17684.009,2024-02-02 14:42:00,0.0766,17515.154,2024-02-02 11:04:00,True,2024-02-02 11:29:00,0.0766,0.0,True,17517.42,2024-02-02 11:02:00,0.0563
NQ,2024-02-05,Monday,ADR,17606.875,17584.419,22.455999999998312,17609.597,17573.721,35.876000000000204,True,LONG,2024-02-05 01:20:00,17609.764,True,True,False,0.2945,0.2667,0.244,17612.354,2024-02-05 01:25:00,0.3988,17597.92,2024-02-05 01:42:00,False,,0.0,,True,17606.531,2024-02-05 01:26:00,0.0153
NQ,2024-02-05,Monday,ODR,17632.787,17604.543,28.243999999998778,17635.086,17597.286,37.79999999999927,True,SHORT,2024-02-05 04:50:00,17587.375,False,True,False,0.55,0.7152,0.7152,17584.342,2024-02-05 04:55:00,1.55,17648.321,2024-02-05 08:01:00,True,2024-02-05 04:55:00,0.0,1.55,True,17604.798,2024-02-05 05:02:00,0.009
NQ,2024-02-05,Monday,RDR,17643.453,17525.753,117.70000000000073,17647.576,17511.41,136.16600000000108,True,SHORT,2024-02-05 10:35:00,17511.232,False,True,False,0.0985,0.5142,0.5142,17465.231,2024-02-05 10:45:00,1.0985,17655.042,2024-02-05 14:47:00,True,2024-02-05 10:42:00,0.0,1.0985,True,17526.02,2024-02-05 11:07:00,0.0023
NQ,2024-02-06,Tuesday,ADR,17627.087,17612.608,14.47899999999936,17630.399,17611.61,18.78900000000067,True,LONG,2024-02-05 21:00:00,17630.776,True,False,,2.4318,0.0,2.4318,17662.297,2024-02-06 00:04:00,0.0,17628.31,2024-02-05 21:05:00,True,2024-02-05 21:09:00,0.0,0.0,False,,,
NQ,2024-02-06,Tuesday,ODR,17674.842,17655.254,19.587999999999738,17678.989,17652.054,26.93500000000131,True,SHORT,2024-02-06 04:40:00,17651.821,True,True,True,0.0,3.7381,3.7381,17582.032,2024-02-06 07:27:00,0.0414,17656.064,2024-02-06 04:46:00,True,2024-02-06 04:47:00,0.0414,0.0,True,17656.064,2024-02-06 04:46:00,0.0414
NQ,2024-02-06,Tuesday,RDR,17651.765,17529.587,122.17799999999988,17679.165,17510.665,168.5,True,SHORT,2024-02-06 11:45:00,17506.119,True,True,False,0.0,0.4622,0.4622,17473.12,2024-02-06 12:21:00,0.3729,17575.153,2024-02-06 15:59:00,False,,0.0,,True,17533.687,2024-02-06 13:32:00,0.0336
NQ,2024-02-07,Wednesday,ADR,17623.52,17567.287,56.233000000000175,17624.089,17563.897,60.1919999999991,True,SHORT,2024-02-07 01:25:00,17553.021,True,False,,0.0124,0.4369,0.4369,17542.719,2024-02-07 01:31:00,0.0,17562.598,2024-02-07 01:51:00,False,,0.0,,False,,,
NQ,2024-02-07,Wednesday,ODR,17568.787,17550.82,17.967000000000553,17570.032,17549.364,20.667999999997846,True,LONG,2024-02-07 04:15:00,17572.254,True,True,True,4.5362,0.0,4.5362,17650.289,2024-02-07 08:29:00,0.1676,17565.776,2024-02-07 05:52:00,True,2024-02-07 04:22:00,0.1676,0.1676,True,17566.742,2024-02-07 05:51:00,0.1138
NQ,2024-02-07,Wednesday,RDR,17776.389,17642.02,134.36899999999878,17778.086,17632.989,145.09699999999793,False,,,,,,,0.0656,0.0,,,,,,,False,,,,False,,,
NQ,2024-02-08,Thursday,ADR,17757.999,17753.097,4.901999999998225,17761.087,17751.931,9.15599999999904,True,LONG,2024-02-07 20:50:00,17763.899,True,True,True,2.9967,0.0157,2.9967,17772.689,2024-02-07 21:06:00,0.0749,17757.632,2024-02-08 00:51:00,True,2024-02-07 20:55:00,0.0,0.0749,True,17757.819,2024-02-08 00:50:00,0.0367
NQ,2024-02-08,Thursday,ODR,17764.889,17742.91,21.97899999999936,17767.899,17738.165,29.73400000000038,True,SHORT,2024-02-08 06:20:00,17730.91,True,False,,0.1547,1.5607,1.5607,17708.608,2024-02-08 08:23:00,0.0,17736.299,2024-02-08 07:14:00,True,2024-02-08 06:25:00,0.0,0.0,False,,,
NQ,2024-02-08,Thursday,RDR,17776.953,17735.219,41.73400000000038,17784.764,17723.809,60.95499999999811,True,LONG,2024-02-08 10:45:00,17797.476,True,True,True,0.9249,0.0,0.9249,17815.553,2024-02-08 12:28:00,0.726,17746.654,2024-02-08 14:38:00,True,2024-02-08 10:50:00,0.0,0.726,True,17773.931,2024-02-08 12:46:00,0.0724
NQ,2024-02-09,Friday,ADR,17791.899,17776.132,15.766999999999825,17791.999,17774.175,17.824000000000524,True,SHORT,2024-02-08 20:45:00,17773.965,True,True,False,0.0,0.3862,0.3862,17770.042,2024-02-08 20:57:00,0.8161,17788.999,2024-02-09 00:28:00,False,,0.0049,,True,17776.209,2024-02-08 20:50:00,0.0049
NQ,2024-02-09,Friday,ODR,17840.42,17804.051,36.36899999999878,17844.299,17803.219,41.07999999999811,True,LONG,2024-02-09 07:00:00,17845.508,True,True,False,0.4473,0.0433,0.4473,17856.687,2024-02-09 07:24:00,0.4231,17825.031,2024-02-09 08:15:00,False,,0.0403,,True,17838.954,2024-02-09 07:07:00,0.0403
NQ,2024-02-09,Friday,RDR,17889.687,17807.643,82.04400000000169,17889.889,17794.221,95.66799999999785,True,LONG,2024-02-09 10:30:00,17897.653,True,True,True,1.2044,0.0,1.2044,17988.499,2024-02-09 14:46:00,0.0278,17887.41,2024-02-09 11:35:00,True,2024-02-09 12:45:00,0.0278,0.0,True,17887.41,2024-02-09 11:35:00,0.0278
NQ,2024-02-12,Monday,ADR,17956.91,17950.343,6.566999999999098,17958.619,17948.942,9.67699999999968,True,SHORT,2024-02-11 22:30:00,17946.398,True,True,True,0.1384,2.5549,2.5549,17933.565,2024-02-12 00:51:00,0.1911,17951.598,2024-02-11 23:12:00,True,2024-02-11 22:35:00,0.1911,0.1911,True,17951.598,2024-02-11 23:12:00,0.1911
NQ,2024-02-12,Monday,ODR,17971.789,17955.497,16.29200000000128,17973.199,17953.253,19.945999999999913,True,LONG,2024-02-12 04:05:00,17975.597,False,True,False,0.3367,0.3382,0.3367,17977.275,2024-02-12 04:12:00,1.3382,17949.987,2024-02-12 07:39:00,False,,0.0519,,True,17970.943,2024-02-12 04:11:00,0.0519
NQ,2024-02-12,Monday,RDR,17964.689,17938.71,25.97899999999936,17969.464,17926.41,43.05400000000009,True,LONG,2024-02-12 10:35:00,17972.476,False,True,False,3.0268,3.0897,3.0268,18043.321,2024-02-12 11:38:00,4.0897,17858.443,2024-02-12 14:20:00,True,2024-02-12 10:42:00,0.0,4.0897,True,17962.986,2024-02-12 13:31:00,0.0656
NQ,2024-02-13,Tuesday,ADR,17852.331,17846.465,5.8659999999981665,17855.065,17843.276,11.788999999997031,True,LONG,2024-02-12 21:30:00,17856.22,True,True,True,5.194,0.3392,5.194,17882.799,2024-02-13 01:29:00,1.0435,17846.21,2024-02-12 23:40:00,True,2024-02-12 21:35:00,1.0435,1.0435,True,17852.232,2024-02-12 22:30:00,0.0169
NQ,2024-02-13,Tuesday,ODR,17877.265,17813.31,63.95499999999811,17885.908,17811.943,73.96500000000015,True,SHORT,2024-02-13 04:10:00,17808.689,True,True,True,0.0,1.3018,1.3018,17730.054,2024-02-13 07:03:00,0.1701,17824.189,2024-02-13 04:25:00,True,2024-02-13 05:06:00,0.1701,0.0,True,17813.554,2024-02-13 04:15:00,0.0038
NQ,2024-02-13,Tuesday,RDR,17669.71,17549.776,119.93399999999747,17669.71,17511.065,158.64500000000044,True,LONG,2024-02-13 10:30:00,17676.319,False,True,False,0.4178,0.6256,0.4178,17719.819,2024-02-13 10:44:00,1.6256,17474.742,2024-02-13 15:22:00,False,,0.0,,True,17663.719,2024-02-13 10:57:00,0.05
NQ,2024-02-14,Wednesday,ADR,17614.31,17600.632,13.677999999999884,17619.82,17596.376,23.443999999999505,True,LONG,2024-02-14 01:10:00,17624.589,True,False,,1.2362,0.3713,1.2362,17631.219,2024-02-14 01:45:00,0.0,17619.075,2024-02-14 01:17:00,True,2024-02-14 01:15:00,0.0,0.0,False,,,
NQ,2024-02-14,Wednesday,ODR,17678.587,17660.52,18.066999999999098,17682.076,17656.854,25.22200000000157,True,LONG,2024-02-14 04:00:00,17683.865,True,False,,3.2668,0.0,3.2668,17737.609,2024-02-14 07:09:00,0.0,17682.608,2024-02-14 04:06:00,True,2024-02-14 04:06:00,0.0,0.0,False,,,
NQ,2024-02-14,Wednesday,RDR,17771.799,17679.443,92.35599999999977,17774.698,17670.421,104.27700000000186,True,SHORT,2024-02-14 11:00:00,17651.11,False,True,False,0.4567,0.6559,0.6559,17618.864,2024-02-14 12:06:00,1.4567,17813.976,2024-02-14 15:59:00,True,2024-02-14 11:16:00,0.1794,1.4567,True,17684.387,2024-02-14 11:24:00,0.0535
NQ,2024-02-15,Thursday,ADR,17805.154,17780.609,24.544999999998254,17805.719,17774.153,31.566000000002532,True,LONG,2024-02-14 22:00:00,17807.998,True,True,True,1.0363,0.187,1.0363,17830.589,2024-02-15 01:49:00,0.3562,17796.41,2024-02-14 23:08:00,True,2024-02-15 01:42:00,0.3562,0.0,True,17805.153,2024-02-14 22:05:00,0.0
NQ,2024-02-15,Thursday,ODR,17854.098,17841.831,12.267000000003463,17858.008,17837.342,20.666000000001077,True,SHORT,2024-02-15 04:05:00,17833.053,True,True,True,0.0,2.3486,2.3486,17813.021,2024-02-15 04:52:00,0.6992,17850.408,2024-02-15 07:14:00,True,2024-02-15 04:10:00,0.0,0.6992,True,17842.389,2024-02-15 07:06:00,0.0455
NQ,2024-02-15,Thursday,RDR,17819.042,17742.065,76.97700000000259,17835.331,17732.453,102.87799999999697,True,SHORT,2024-02-15 11:05:00,17721.821,False,True,False,0.6314,0.34,0.3359,17716.209,2024-02-15 11:10:00,1.6314,17867.642,2024-02-15 13:30:00,False,,0.0,,True,17744.61,2024-02-15 11:13:00,0.0331
NQ,2024-02-16,Friday,ADR,17872.732,17858.497,14.235000000000582,17873.643,17855.753,17.889999999999418,True,SHORT,2024-02-15 20:35:00,17852.886,False,True,False,1.0865,0.9562,0.9562,17844.886,2024-02-15 20:41:00,2.0865,17888.199,2024-02-16 01:59:00,True,2024-02-15 20:40:00,0.0,2.0865,True,17859.589,2024-02-15 20:49:00,0.0767
NQ,2024-02-16,Friday,ODR,17944.442,17898.685,45.75699999999779,17945.999,17897.843,48.15599999999904,True,LONG,2024-02-16 04:25:00,17950.375,True,True,False,0.3266,0.0,0.3266,17959.387,2024-02-16 05:45:00,0.5077,17921.21,2024-02-16 08:29:00,False,,0.1928,,True,17943.342,2024-02-16 04:35:00,0.024
NQ,2024-02-16,Friday,RDR,17860.008,17686.119,173.88900000000285,17864.187,17652.442,211.74500000000262,False,,,,,,,0.0,0.1425,,,,,,,False,,,,False,,,
NQ,2024-02-19,Monday,ADR,17738.676,17717.898,20.77799999999843,17742.989,17712.976,30.01300000000265,True,SHORT,2024-02-18 20:30:00,17705.665,True,True,False,0.0,1.5022,1.5022,17686.686,2024-02-18 20:41:00,0.4568,17727.389,2024-02-19 00:44:00,True,2024-02-18 20:35:00,0.0,0.4568,True,17722.599,2024-02-18 23:45:00,0.2262
NQ,2024-02-19,Monday,ODR,17719.453,17683.865,35.58799999999974,17720.686,17678.398,42.288000000000466,True,LONG,2024-02-19 04:55:00,17721.443,True,True,False,0.2089,0.0,0.147,17724.686,2024-02-19 05:13:00,0.6978,17694.62,2024-02-19 08:05:00,False,,0.0019,,True,17719.398,2024-02-19 05:10:00,0.0015
NQ,2024-02-19,Monday,RDR,17741.498,17720.819,20.679000000000087,17747.419,17716.919,30.5,True,SHORT,2024-02-19 10:45:00,17716.175,True,True,False,0.0,0.3799,0.3799,17712.964,2024-02-19 11:10:00,0.777,17736.887,2024-02-19 12:49:00,False,,0.2091,,True,17725.142,2024-02-19 11:03:00,0.2091
NQ,2024-02-20,Tuesday,ADR,17693.331,17670.954,22.37699999999677,17693.499,17665.71,27.78900000000067,True,SHORT,2024-02-19 20:45:00,17650.008,True,False,,0.0159,2.7777,2.7777,17608.798,2024-02-19 21:00:00,0.0,17653.499,2024-02-20 01:31:00,True,2024-02-19 20:50:00,0.0,0.0,False,,,
NQ,2024-02-20,Tuesday,ODR,17655.908,17587.643,68.26499999999942,17660.642,17578.499,82.14300000000003,True,SHORT,2024-02-20 05:05:00,17569.742,True,True,False,0.0016,0.4689,0.4689,17555.631,2024-02-20 06:03:00,0.5724,17626.719,2024-02-20 07:37:00,False,,0.0,,True,17590.399,2024-02-20 06:40:00,0.0404
NQ,2024-02-20,Tuesday,RDR,17626.875,17450.864,176.0109999999986,17665.665,17446.12,219.5450000000019,True,SHORT,2024-02-20 12:00:00,17434.921,True,True,False,0.0,0.3283,0.3283,17393.086,2024-02-20 12:39:00,0.5894,17554.608,2024-02-20 15:59:00,False,,0.0,,True,17451.819,2024-02-20 12:53:00,0.0054
NQ,2024-02-21,Wednesday,ADR,17516.999,17488.309,28.68999999999869,17517.689,17483.097,34.591999999996915,False,,,,,,,0.0,0.3327,,,,,,,False,,,,False,,,
NQ,2024-02-21,Wednesday,ODR,17516.42,17458.289,58.130999999997584,17519.199,17454.275,64.92399999999907,True,SHORT,2024-02-21 07:05:00,17448.332,True,True,True,0.0,0.5855,0.5855,17424.254,2024-02-21 07:59:00,0.3438,17478.275,2024-02-21 07:17:00,True,2024-02-21 07:51:00,0.3438,0.0,True,17459.319,2024-02-21 07:10:00,0.0177
NQ,2024-02-21,Wednesday,RDR,17463.254,17403.251,60.00300000000061,17466.408,17389.975,76.4330000000009,True,SHORT,2024-02-21 12:10:00,17388.097,False,True,False,0.322,1.4914,1.4914,17313.765,2024-02-21 14:43:00,1.322,17482.576,2024-02-21 15:59:00,True,2024-02-21 13:02:00,0.3924,1.322,True,17404.02,2024-02-21 12:46:00,0.0128
NQ,2024-02-22,Thursday,ADR,17729.599,17683.598,46.000999999996566,17733.31,17680.243,53.067000000002736,True,LONG,2024-02-21 20:30:00,17738.553,True,True,True,0.963,0.0,0.963,17773.897,2024-02-22 01:53:00,0.5713,17703.32,2024-02-21 21:13:00,True,2024-02-22 00:47:00,0.5713,0.0377,True,17726.597,2024-02-21 20:37:00,0.0653
NQ,2024-02-22,Thursday,ODR,17835.297,17784.786,50.5109999999986,17841.087,17784.786,56.300999999999476,True,LONG,2024-02-22 06:15:00,17857.489,True,True,False,0.6883,0.0,0.6883,17870.064,2024-02-22 06:21:00,0.1905,17825.675,2024-02-22 07:17:00,True,2024-02-22 06:20:00,0.0,0.1905,True,17834.542,2024-02-22 07:12:00,0.0149
NQ,2024-02-22,Thursday,RDR,17905.61,17815.52,90.09000000000015,17915.398,17809.775,105.62299999999959,True,LONG,2024-02-22 10:30:00,17916.619,True,True,True,1.4381,0.0,1.4381,18035.164,2024-02-22 14:30:00,0.6776,17844.564,2024-02-22 10:49:00,True,2024-02-22 12:52:00,0.6776,0.0,True,17901.886,2024-02-22 10:35:00,0.0413
NQ,2024-02-23,Friday,ADR,17984.386,17973.864,10.521999999997206,17984.609,17964.897,19.711999999999534,True,LONG,2024-02-22 20:30:00,17989.031,True,False,,1.8522,0.0,1.8522,18003.875,2024-02-23 01:04:00,0.0,17985.0,2024-02-23 01:42:00,True,2024-02-22 20:35:00,0.0,0.0,False,,,
NQ,2024-02-23,Friday,ODR,17994.399,17971.32,23.079000000001543,17994.499,17962.754,31.74499999999898,True,SHORT,2024-02-23 04:25:00,17954.789,False,True,False,0.8612,0.9826,0.8709,17951.22,2024-02-23 04:33:00,1.8612,18014.275,2024-02-23 08:25:00,True,2024-02-23 04:30:00,0.0,1.8612,True,17971.575,2024-02-23 05:40:00,0.011
NQ,2024-02-23,Friday,RDR,18090.499,17998.742,91.75700000000143,18094.575,17994.797,99.77800000000207,True,SHORT,2024-02-23 10:40:00,17977.765,True,True,True,0.0,1.1139,1.1139,17896.531,2024-02-23 11:14:00,0.1652,18013.899,2024-02-23 12:12:00,True,2024-02-23 11:02:00,0.0714,0.1652,True,18004.231,2024-02-23 10:51:00,0.0598
NQ,2024-02-26,Monday,ADR,17913.01,17880.854,32.15599999999904,17914.608,17873.375,41.233000000000175,True,LONG,2024-02-25 21:40:00,17915.264,True,True,False,0.093,0.0,0.093,17915.999,2024-02-25 21:45:00,0.9886,17881.219,2024-02-26 01:49:00,False,,0.0142,,True,17912.553,2024-02-25 21:45:00,0.0142
NQ,2024-02-26,Monday,ODR,17922.287,17894.532,27.75500000000102,17922.919,17893.489,29.43000000000029,True,LONG,2024-02-26 04:30:00,17924.086,True,True,True,1.4776,0.0,1.4776,17963.299,2024-02-26 08:25:00,0.002,17922.231,2024-02-26 04:35:00,True,2024-02-26 04:50:00,0.002,0.0,True,17922.231,2024-02-26 04:35:00,0.002
NQ,2024-02-26,Monday,RDR,17981.053,17937.208,43.845000000001164,18002.598,17918.742,83.8560000000034,True,LONG,2024-02-26 11:50:00,18012.064,False,True,False,0.7699,0.205,0.7534,18014.087,2024-02-26 12:32:00,1.205,17928.221,2024-02-26 15:59:00,True,2024-02-26 11:55:00,0.1442,1.205,True,17977.297,2024-02-26 12:01:00,0.0857
NQ,2024-02-27,Tuesday,ADR,17920.209,17908.31,11.898999999997613,17921.999,17907.821,14.177999999999884,True,SHORT,2024-02-26 21:20:00,17905.876,True,True,True,0.2419,2.1188,2.1188,17883.098,2024-02-27 00:43:00,0.4929,17914.175,2024-02-26 22:57:00,True,2024-02-26 21:28:00,0.4929,0.4929,True,17908.819,2024-02-26 22:30:00,0.0428
NQ,2024-02-27,Tuesday,ODR,17944.197,17909.054,35.14300000000003,17944.843,17907.853,36.9900000000016,True,LONG,2024-02-27 04:00:00,17948.708,True,True,True,1.4607,0.0,1.4607,17995.531,2024-02-27 07:33:00,0.0531,17942.332,2024-02-27 08:18:00,True,2024-02-27 04:27:00,0.0,0.0531,True,17942.332,2024-02-27 08:18:00,0.0531
NQ,2024-02-27,Tuesday,RDR,17984.332,17912.086,72.24599999999919,17988.632,17897.231,91.40100000000166,True,SHORT,2024-02-27 12:50:00,17895.342,True,True,False,0.0274,0.6532,0.6532,17864.897,2024-02-27 13:00:00,1.0274,17986.31,2024-02-27 15:28:00,True,2024-02-27 13:00:00,0.0,1.0274,True,17913.053,2024-02-27 13:15:00,0.0134
NQ,2024-02-28,Wednesday,ADR,17966.553,17955.721,10.831999999998516,17968.719,17948.01,20.70900000000256,True,LONG,2024-02-27 21:25:00,17968.776,False,True,False,0.4658,1.7233,0.4658,17971.599,2024-02-27 22:59:00,2.7233,17937.054,2024-02-28 01:24:00,False,,0.5734,,True,17966.264,2024-02-27 21:34:00,0.0267
NQ,2024-02-28,Wednesday,ODR,17938.643,17900.31,38.33299999999872,17941.021,17893.343,47.677999999999884,True,SHORT,2024-02-28 04:25:00,17882.864,True,True,True,0.0,1.3827,1.3827,17847.308,2024-02-28 04:49:00,0.3147,17912.375,2024-02-28 06:41:00,True,2024-02-28 04:30:00,0.0,0.3147,True,17901.399,2024-02-28 05:41:00,0.0284
NQ,2024-02-28,Wednesday,RDR,17892.576,17842.399,50.17699999999968,17901.853,17832.387,69.46600000000035,True,LONG,2024-02-28 11:00:00,17909.065,True,True,False,0.7917,0.0038,0.7917,17932.299,2024-02-28 11:47:00,1.0038,17842.209,2024-02-28 14:51:00,True,2024-02-28 11:19:00,0.0,1.0038,True,17890.742,2024-02-28 12:21:00,0.0366
NQ,2024-02-29,Thursday,ADR,17862.919,17847.964,14.955000000001746,17863.52,17847.765,15.755000000001019,True,LONG,2024-02-28 21:15:00,17864.743,True,True,False,1.726,0.0,1.726,17888.732,2024-02-29 00:03:00,0.5021,17855.41,2024-02-28 21:39:00,True,2024-02-28 21:56:00,0.5021,0.3759,True,17862.586,2024-02-28 21:20:00,0.0223
NQ,2024-02-29,Thursday,ODR,17851.331,17805.486,45.844999999997526,17855.798,17785.32,70.47799999999916,False,,,,,,,0.0,0.0,,,,,,,False,,,,False,,,
NQ,2024-02-29,Thursday,RDR,18025.019,17946.432,78.58699999999953,18031.689,17940.742,90.94700000000012,True,SHORT,2024-02-29 11:25:00,17938.987,False,True,False,0.5506,1.1246,1.1246,17858.053,2024-02-29 11:41:00,1.5506,18068.289,2024-02-29 15:57:00,True,2024-02-29 11:38:00,0.0,1.5506,True,17947.309,2024-02-29 11:59:00,0.0112
NQ,2024-03-01,Friday,ADR,18042.743,18027.764,14.97899999999936,18046.031,18025.931,20.099999999998545,True,LONG,2024-02-29 20:35:00,18058.776,True,False,,3.9893,0.0,3.9893,18102.499,2024-03-01 01:17:00,0.0,18054.864,2024-02-29 20:44:00,True,2024-02-29 20:40:00,0.0,0.0,False,,,
NQ,2024-03-01,Friday,ODR,18114.552,18081.42,33.132000000001426,18116.364,18076.598,39.76599999999962,True,SHORT,2024-03-01 05:10:00,18048.619,True,False,,0.0,2.7352,2.7352,17990.798,2024-03-01 05:25:00,0.0,18070.189,2024-03-01 08:18:00,True,2024-03-01 05:15:00,0.0,0.0,False,,,
NQ,2024-03-01,Friday,RDR,18147.897,18056.254,91.64300000000003,18158.942,18055.431,103.5109999999986,True,LONG,2024-03-01 11:00:00,18179.975,True,False,,2.0461,0.0,2.0461,18335.41,2024-03-01 14:30:00,0.0,18171.354,2024-03-01 11:05:00,True,2024-03-01 11:08:00,0.0,0.0,False,,,
NQ,2024-03-04,Monday,ADR,18308.299,18301.564,6.735000000000582,18309.899,18298.543,11.355999999999767,True,LONG,2024-03-03 20:35:00,18310.065,True,True,True,2.3558,0.0,2.3558,18324.165,2024-03-03 21:50:00,0.5805,18304.389,2024-03-03 20:53:00,True,2024-03-03 20:50:00,0.5805,0.5805,True,18307.819,2024-03-03 20:44:00,0.0713
NQ,2024-03-04,Monday,ODR,18330.709,18319.276,11.432999999997264,18333.799,18315.708,18.09100000000035,True,SHORT,2024-03-04 04:20:00,18313.143,True,False,,0.8067,3.9622,3.9622,18273.976,2024-03-04 06:15:00,0.0,18315.199,2024-03-04 07:44:00,True,2024-03-04 04:25:00,0.0,0.0,False,,,
NQ,2024-03-04,Monday,RDR,18291.742,18253.999,37.742999999998574,18297.942,18244.254,53.68799999999828,True,SHORT,2024-03-04 13:20:00,18239.186,False,True,True,0.5261,0.9196,0.9196,18219.289,2024-03-04 15:51:00,1.5261,18311.597,2024-03-04 15:14:00,True,2024-03-04 15:47:00,1.5261,0.0,True,18255.964,2024-03-04 13:28:00,0.0521
NQ,2024-03-05,Tuesday,ADR,18194.508,18174.099,20.40900000000329,18195.886,18171.61,24.27599999999802,True,SHORT,2024-03-04 20:30:00,18170.009,True,True,True,0.0,1.9409,1.9409,18134.487,2024-03-05 01:32:00,0.4993,18184.289,2024-03-04 23:02:00,True,2024-03-04 20:50:00,0.4993,0.4993,True,18174.931,2024-03-04 21:00:00,0.0408
NQ,2024-03-05,Tuesday,ODR,18150.064,18112.987,37.0769999999975,18157.197,18102.932,54.26499999999942,True,SHORT,2024-03-05 04:45:00,18097.064,True,True,True,0.0,1.0522,1.0522,18073.975,2024-03-05 05:11:00,0.9698,18148.943,2024-03-05 07:16:00,True,2024-03-05 04:50:00,0.0,0.9698,True,18114.354,2024-03-05 06:04:00,0.0369
NQ,2024-03-05,Tuesday,RDR,18100.108,17927.531,172.57700000000114,18100.908,17921.898,179.0099999999984,True,SHORT,2024-03-05 10:30:00,17915.342,True,True,True,0.0,0.7269,0.7269,17802.089,2024-03-05 15:32:00,0.1154,17947.454,2024-03-05 12:30:00,True,2024-03-05 14:38:00,0.1154,0.0,True,17930.464,2024-03-05 11:21:00,0.017
NQ,2024-03-06,Wednesday,ADR,17933.353,17915.609,17.743999999998778,17936.099,17912.82,23.278999999998632,True,LONG,2024-03-05 21:20:00,17940.953,True,False,,1.3557,0.0,1.3557,17957.408,2024-03-05 22:55:00,0.0,17933.41,2024-03-05 22:20:00,True,2024-03-05 21:25:00,0.0,0.0,False,,,
NQ,2024-03-06,Wednesday,ODR,18004.098,17973.399,30.699000000000524,18008.619,17972.131,36.487999999997555,True,LONG,2024-03-06 04:00:00,18011.664,True,False,,1.97,0.0,1.97,18064.576,2024-03-06 08:21:00,0.0,18004.464,2024-03-06 07:02:00,True,2024-03-06 04:15:00,0.0,0.0,False,,,
NQ,2024-03-06,Wednesday,RDR,18075.943,17959.109,116.83399999999892,18096.686,17937.187,159.4989999999998,True,LONG,2024-03-06 12:00:00,18104.642,True,True,False,0.6118,0.0103,0.6118,18147.419,2024-03-06 12:32:00,1.0103,17957.909,2024-03-06 15:36:00,True,2024-03-06 12:12:00,0.0,1.0103,True,18037.076,2024-03-06 13:33:00,0.3327
NQ,2024-03-07,Thursday,ADR,17973.086,17942.943,30.14300000000003,17973.089,17928.142,44.947000000000116,True,SHORT,2024-03-06 21:20:00,17912.686,True,True,True,0.0,1.1445,1.1445,17908.443,2024-03-06 21:25:00,0.8279,17967.897,2024-03-07 01:31:00,True,2024-03-06 21:25:00,0.0,0.8279,True,17943.643,2024-03-06 22:50:00,0.0232
NQ,2024-03-07,Thursday,ODR,17954.065,17906.986,47.078999999997905,17959.054,17892.053,67.0010000000002,True,LONG,2024-03-07 04:00:00,17972.399,True,False,,3.6086,0.0,3.6086,18123.954,2024-03-07 08:16:00,0.0,17971.521,2024-03-07 04:05:00,True,2024-03-07 04:10:00,0.0,0.0,False,,,
NQ,2024-03-07,Thursday,RDR,18215.543,18134.52,81.02300000000105,18216.61,18096.342,120.26800000000003,True,LONG,2024-03-07 10:35:00,18230.042,True,True,True,1.4989,0.0,1.4989,18336.989,2024-03-07 13:57:00,0.0296,18213.142,2024-03-07 10:55:00,True,2024-03-07 10:48:00,0.0296,0.0296,True,18213.142,2024-03-07 10:55:00,0.0296
NQ,2024-03-08,Friday,ADR,18251.454,18237.108,14.346000000001368,18256.609,18235.721,20.88799999999901,True,LONG,2024-03-07 22:25:00,18261.598,True,False,,2.5666,0.0,2.5666,18288.275,2024-03-07 23:21:00,0.0,18255.053,2024-03-08 00:16:00,True,2024-03-07 22:30:00,0.0,0.0,False,,,
NQ,2024-03-08,Friday,ODR,18327.676,18275.509,52.16700000000128,18332.297,18267.731,64.5659999999989,True,SHORT,2024-03-08 06:45:00,18256.442,True,True,True,0.0,0.8705,0.8705,18230.097,2024-03-08 07:52:00,0.0758,18279.464,2024-03-08 07:13:00,True,2024-03-08 07:20:00,0.0758,0.0648,True,18279.131,2024-03-08 07:12:00,0.0694
NQ,2024-03-08,Friday,RDR,18409.443,18281.632,127.81099999999788,18416.289,18267.498,148.79100000000108,True,SHORT,2024-03-08 11:05:00,18249.199,True,False,,0.0676,2.2425,2.2425,17995.021,2024-03-08 13:37:00,0.0,18275.229,2024-03-08 11:14:00,True,2024-03-08 11:18:00,0.0,0.0,False,,,
NQ,2024-03-11,Monday,ADR,18022.065,17997.019,25.045999999998457,18023.819,17994.297,29.522000000000844,True,LONG,2024-03-10 20:30:00,18024.521,False,True,False,0.6401,1.5957,0.6401,18038.098,2024-03-10 20:43:00,2.5957,17957.053,2024-03-10 23:06:00,True,2024-03-10 20:42:00,0.0,2.5957,True,18021.542,2024-03-10 20:48:00,0.0209
NQ,2024-03-11,Monday,ODR,18007.253,17947.785,59.46800000000076,18024.664,17923.521,101.14300000000003,True,LONG,2024-03-11 05:45:00,18029.564,False,True,False,0.4675,0.7158,0.3976,18030.899,2024-03-11 05:50:00,1.7158,17905.22,2024-03-11 07:11:00,False,,0.0,,True,18006.253,2024-03-11 06:00:00,0.0168
NQ,2024-03-11,Monday,RDR,17991.196,17912.709,78.48700000000099,18005.987,17909.298,96.68900000000212,False,,,,,,,0.1903,0.1682,,,,,,,False,,,,False,,,
NQ,2024-03-12,Tuesday,ADR,18042.999,18022.809,20.18999999999869,18048.476,18021.354,27.12199999999939,True,SHORT,2024-03-11 20:30:00,18020.808,False,True,False,1.7142,0.2025,0.1007,18020.775,2024-03-11 20:35:00,2.7142,18077.609,2024-03-12 00:59:00,False,,0.0633,,True,18024.087,2024-03-11 20:35:00,0.0633
NQ,2024-03-12,Tuesday,ODR,18071.876,18016.832,55.04400000000169,18079.72,18013.253,66.46700000000055,True,LONG,2024-03-12 07:35:00,18080.597,False,True,False,0.8195,1.3438,0.8195,18116.986,2024-03-12 07:45:00,1.1437,18008.92,2024-03-12 08:19:00,True,2024-03-12 07:41:00,0.0325,1.1437,True,18070.087,2024-03-12 07:40:00,0.0325
NQ,2024-03-12,Tuesday,RDR,18194.609,18104.276,90.33299999999872,18196.431,18104.276,92.15499999999884,True,SHORT,2024-03-12 11:35:00,18099.997,False,True,False,0.3739,0.4594,0.4594,18062.776,2024-03-12 11:45:00,1.3739,18228.389,2024-03-12 14:56:00,False,,0.0,,True,18108.819,2024-03-12 12:01:00,0.0503
NQ,2024-03-13,Wednesday,ADR,18217.197,18197.132,20.06499999999869,18217.253,18195.365,21.88799999999901,True,SHORT,2024-03-12 21:35:00,18194.399,False,True,False,0.3584,0.6723,0.6723,18183.642,2024-03-12 22:15:00,1.3584,18224.389,2024-03-13 00:57:00,True,2024-03-12 22:07:00,0.0033,1.3584,True,18197.198,2024-03-12 21:42:00,0.0033
NQ,2024-03-13,Wednesday,ODR,18237.197,18187.331,49.866000000001804,18245.475,18176.099,69.3760000000002,True,SHORT,2024-03-13 07:25:00,18169.589,True,False,,0.0,0.7161,0.7161,18151.621,2024-03-13 07:41:00,0.0,18180.287,2024-03-13 08:15:00,True,2024-03-13 07:33:00,0.0,0.0,False,,,
NQ,2024-03-13,Wednesday,RDR,18124.698,18065.665,59.03299999999945,18126.819,18059.432,67.3869999999988,True,SHORT,2024-03-13 10:40:00,18043.589,False,True,False,0.3975,0.6605,0.538,18033.908,2024-03-13 14:29:00,1.3975,18148.165,2024-03-13 13:52:00,True,2024-03-13 10:45:00,1.3975,1.3975,True,18067.998,2024-03-13 10:54:00,0.0395
NQ,2024-03-14,Thursday,ADR,18116.71,18102.199,14.510999999998603,18117.698,18101.72,15.977999999999156,True,LONG,2024-03-13 20:35:00,18119.719,True,True,True,1.598,0.0,1.598,18139.899,2024-03-14 01:23:00,0.51,18109.31,2024-03-13 22:39:00,True,2024-03-13 20:45:00,0.51,0.51,True,18116.71,2024-03-13 20:41:00,0.0
NQ,2024-03-14,Thursday,ODR,18171.143,18143.796,27.34700000000157,18173.842,18140.853,32.9890000000014,True,SHORT,2024-03-14 06:45:00,18140.798,True,True,True,0.0,2.005,2.005,18088.965,2024-03-14 08:22:00,0.5466,18158.743,2024-03-14 07:29:00,True,2024-03-14 07:30:00,0.5466,0.4726,True,18145.899,2024-03-14 07:01:00,0.0769
NQ,2024-03-14,Thursday,RDR,18085.932,18024.209,61.723000000001775,18090.809,18013.821,76.9880000000012,True,SHORT,2024-03-14 11:05:00,18000.189,True,True,True,0.0,1.834,1.834,17911.008,2024-03-14 14:36:00,0.9183,18080.889,2024-03-14 13:12:00,True,2024-03-14 11:10:00,0.9183,0.9183,True,18024.398,2024-03-14 11:23:00,0.0031
NQ,2024-03-15,Friday,ADR,18015.653,17997.697,17.955999999998312,18019.489,17997.697,21.79200000000128,True,SHORT,2024-03-14 20:55:00,17996.221,True,True,True,0.0304,2.3118,2.3118,17956.187,2024-03-15 00:45:00,0.0007,17997.71,2024-03-14 22:48:00,True,2024-03-14 21:07:00,0.0007,0.0007,True,17997.699,2024-03-14 22:45:00,0.0001
NQ,2024-03-15,Friday,ODR,18009.421,17961.14,48.28099999999904,18014.889,17960.208,54.681000000000495,True,LONG,2024-03-15 04:05:00,18022.842,False,True,False,1.3189,1.653,1.3189,18073.099,2024-03-15 05:41:00,2.653,17881.332,2024-03-15 08:29:00,True,2024-03-15 04:38:00,0.0992,2.653,True,18004.632,2024-03-15 04:27:00,0.0992
NQ,2024-03-15,Friday,RDR,17915.642,17841.876,73.76599999999962,17923.754,17833.375,90.37900000000081,True,SHORT,2024-03-15 10:35:00,17826.832,True,True,True,0.0,1.1205,1.1205,17759.221,2024-03-15 11:59:00,0.2253,17858.498,2024-03-15 14:28:00,True,2024-03-15 10:50:00,0.0,0.2253,True,17843.899,2024-03-15 13:01:00,0.0274
NQ,2024-03-18,Monday,ADR,17853.099,17829.198,23.90099999999802,17856.742,17825.71,31.031999999999243,True,LONG,2024-03-17 20:50:00,17859.198,True,False,,2.7949,0.0,2.7949,17919.899,2024-03-18 01:15:00,0.0,17858.897,2024-03-17 20:55:00,True,2024-03-17 20:56:00,0.0,0.0,False,,,
NQ,2024-03-18,Monday,ODR,17941.664,17900.14,41.52400000000125,17942.364,17893.186,49.177999999999884,True,LONG,2024-03-18 04:00:00,17946.354,True,True,True,2.6004,0.0,2.6004,18049.642,2024-03-18 08:17:00,0.4857,17921.497,2024-03-18 04:35:00,True,2024-03-18 06:12:00,0.4857,0.0,True,17941.331,2024-03-18 04:08:00,0.008
NQ,2024-03-18,Monday,RDR,18127.398,18071.12,56.278000000002066,18134.465,18052.864,81.60099999999875,True,SHORT,2024-03-18 10:30:00,18050.208,True,False,,0.0,1.9283,1.9283,17962.598,2024-03-18 15:01:00,0.0,18069.208,2024-03-18 10:45:00,True,2024-03-18 10:52:00,0.0,0.0,False,,,
NQ,2024-03-19,Tuesday,ADR,17932.999,17908.032,24.967000000000553,17936.719,17904.876,31.843000000000757,True,LONG,2024-03-18 21:10:00,17942.31,True,True,True,1.1361,0.2199,1.1361,17961.364,2024-03-18 22:42:00,1.0125,17907.721,2024-03-18 22:50:00,True,2024-03-18 21:22:00,0.2364,1.0125,True,17932.165,2024-03-18 22:33:00,0.0334
NQ,2024-03-19,Tuesday,ODR,18001.31,17915.743,85.56700000000274,18003.687,17910.82,92.86700000000201,True,SHORT,2024-03-19 06:00:00,17902.876,True,False,,0.0,1.011,1.011,17829.232,2024-03-19 07:29:00,0.0,17908.389,2024-03-19 06:09:00,True,2024-03-19 06:32:00,0.0,0.0,False,,,
NQ,2024-03-19,Tuesday,RDR,17893.789,17825.831,67.95800000000236,17898.565,17820.22,78.34499999999753,True,LONG,2024-03-19 10:30:00,17904.586,True,True,True,2.1668,0.0,2.1668,18041.043,2024-03-19 13:33:00,0.1263,17885.209,2024-03-19 10:55:00,True,2024-03-19 11:17:00,0.1263,0.0,True,17891.065,2024-03-19 10:46:00,0.0401
NQ,2024-03-20,Wednesday,ADR,18007.121,17994.221,12.899999999997817,18007.999,17989.454,18.544999999998254,True,SHORT,2024-03-19 20:30:00,17987.932,True,True,False,0.1843,1.3213,1.3213,17977.176,2024-03-19 20:46:00,1.1843,18009.498,2024-03-20 01:24:00,True,2024-03-19 20:36:00,0.0,1.1843,True,17994.454,2024-03-19 21:18:00,0.0181
NQ,2024-03-20,Wednesday,ODR,18019.687,17992.242,27.445000000003347,18028.399,17984.01,44.38900000000285,True,LONG,2024-03-20 05:30:00,18035.521,True,False,,2.2214,0.2307,2.2214,18080.654,2024-03-20 06:53:00,0.0,18025.521,2024-03-20 05:38:00,True,2024-03-20 05:35:00,0.0,0.0,False,,,
NQ,2024-03-20,Wednesday,RDR,18047.219,18008.587,38.632000000001426,18053.597,18005.021,48.57600000000093,True,LONG,2024-03-20 13:00:00,18116.72,True,True,True,6.3264,0.2131,6.3264,18291.619,2024-03-20 15:12:00,0.1202,18042.576,2024-03-20 13:35:00,True,2024-03-20 13:05:00,0.1202,0.1202,True,18042.576,2024-03-20 13:35:00,0.1202
NQ,2024-03-21,Thursday,ADR,18328.054,18316.998,11.056000000000495,18330.199,18315.32,14.879000000000815,True,LONG,2024-03-20 21:10:00,18333.81,True,False,,5.477,0.2161,5.477,18388.608,2024-03-21 01:59:00,0.0,18331.443,2024-03-20 21:18:00,True,2024-03-20 21:15:00,0.0,0.0,False,,,
NQ,2024-03-21,Thursday,ODR,18415.965,18368.519,47.44599999999991,18415.965,18364.376,51.58899999999994,True,SHORT,2024-03-21 04:05:00,18352.065,False,True,False,0.7536,0.4873,0.4873,18345.398,2024-03-21 04:25:00,1.7536,18451.72,2024-03-21 08:29:00,False,,0.0,,True,18370.489,2024-03-21 06:01:00,0.0415
NQ,2024-03-21,Thursday,RDR,18425.909,18381.331,44.57800000000134,18425.975,18375.331,50.64400000000023,True,LONG,2024-03-21 10:35:00,18434.454,False,True,False,0.8948,1.5693,0.8948,18465.799,2024-03-21 11:30:00,2.5693,18311.375,2024-03-21 14:59:00,True,2024-03-21 10:50:00,0.0,2.5693,True,18421.809,2024-03-21 12:02:00,0.092
NQ,2024-03-22,Friday,ADR,18353.299,18342.054,11.244999999998981,18354.608,18337.065,17.543000000001484,True,SHORT,2024-03-21 20:35:00,18333.832,True,True,True,0.088,4.5077,4.5077,18291.365,2024-03-21 21:40:00,0.4475,18347.086,2024-03-22 01:13:00,True,2024-03-21 20:40:00,0.0,0.4475,True,18343.275,2024-03-22 00:17:00,0.1086
NQ,2024-03-22,Friday,ODR,18352.321,18322.775,29.545999999998457,18357.089,18317.232,39.85699999999997,True,LONG,2024-03-22 04:05:00,18357.898,False,True,False,0.4291,2.3823,0.4291,18364.999,2024-03-22 04:12:00,3.3823,18252.387,2024-03-22 07:35:00,False,,0.0,,True,18351.643,2024-03-22 04:19:00,0.0229
NQ,2024-03-22,Friday,RDR,18318.787,18272.298,46.4890000000014,18322.265,18268.631,53.633999999998196,True,LONG,2024-03-22 10:30:00,18324.164,True,True,True,1.5543,0.0,1.5543,18391.043,2024-03-22 12:56:00,0.5263,18294.319,2024-03-22 11:36:00,True,2024-03-22 11:52:00,0.5263,0.1327,True,18311.864,2024-03-22 10:36:00,0.1489
NQ,2024-03-25,Monday,ADR,18354.989,18342.986,12.003000000000611,18355.999,18341.242,14.757000000001426,True,LONG,2024-03-24 20:35:00,18361.619,False,True,False,0.7959,3.9545,0.7959,18364.542,2024-03-24 20:41:00,4.9545,18295.52,2024-03-25 01:23:00,True,2024-03-24 20:40:00,0.0,4.9545,True,18353.786,2024-03-24 20:48:00,0.1002
NQ,2024-03-25,Monday,ODR,18325.32,18305.785,19.534999999999854,18328.31,18301.786,26.52400000000125,True,SHORT,2024-03-25 04:35:00,18300.519,True,False,,0.0,4.371,4.371,18220.397,2024-03-25 06:21:00,0.0,18302.819,2024-03-25 04:40:00,True,2024-03-25 04:55:00,0.0,0.0,False,,,
NQ,2024-03-25,Monday,RDR,18302.41,18275.475,26.93500000000131,18310.789,18268.332,42.457000000002154,True,LONG,2024-03-25 10:45:00,18318.286,True,True,False,1.4252,0.0008,1.4252,18340.798,2024-03-25 13:57:00,1.0008,18275.454,2024-03-25 14:58:00,True,2024-03-25 10:50:00,0.8193,1.0008,True,18300.819,2024-03-25 11:00:00,0.0591
NQ,2024-03-26,Tuesday,ADR,18324.331,18312.265,12.065999999998894,18324.999,18310.31,14.688999999998487,True,SHORT,2024-03-25 21:00:00,18309.043,False,True,False,1.9284,2.1723,2.1723,18286.054,2024-03-25 22:45:00,2.9284,18347.599,2024-03-26 01:58:00,True,2024-03-25 21:57:00,0.3351,2.9284,True,18312.821,2024-03-25 21:30:00,0.0461
NQ,2024-03-26,Tuesday,ODR,18363.242,18339.019,24.222999999998137,18369.854,18334.454,35.39999999999782,True,LONG,2024-03-26 04:15:00,18374.886,False,True,False,1.0137,0.6908,1.0137,18387.798,2024-03-26 06:05:00,1.6908,18322.286,2024-03-26 08:17:00,True,2024-03-26 04:20:00,0.0,1.6908,True,18362.021,2024-03-26 06:29:00,0.0504
NQ,2024-03-26,Tuesday,RDR,18342.689,18310.41,32.27899999999863,18350.775,18305.054,45.72100000000137,True,LONG,2024-03-26 10:55:00,18351.798,False,True,False,0.5221,3.087,0.5221,18359.543,2024-03-26 11:01:00,4.087,18210.765,2024-03-26 14:57:00,True,2024-03-26 11:01:00,0.0,4.087,True,18341.731,2024-03-26 11:13:00,0.0297
NQ,2024-03-27,Wednesday,ADR,18263.608,18255.097,8.510999999998603,18266.499,18254.543,11.955999999998312,True,SHORT,2024-03-26 20:35:00,18254.076,False,True,False,3.6346,0.2792,0.1604,18253.732,2024-03-26 20:41:00,4.6346,18294.542,2024-03-27 00:46:00,False,,0.0942,,True,18255.899,2024-03-26 20:40:00,0.0942
NQ,2024-03-27,Wednesday,ODR,18296.22,18257.232,38.98800000000119,18300.565,18257.232,43.33299999999872,True,LONG,2024-03-27 04:05:00,18301.243,True,True,True,1.4125,0.0,1.4125,18351.289,2024-03-27 08:29:00,0.4007,18280.598,2024-03-27 04:38:00,True,2024-03-27 05:31:00,0.4007,0.1308,True,18295.697,2024-03-27 04:14:00,0.0134
NQ,2024-03-27,Wednesday,RDR,18214.742,18180.042,34.69999999999709,18220.765,18179.276,41.48899999999776,True,SHORT,2024-03-27 10:55:00,18175.532,False,True,False,2.6084,0.293,0.2504,18171.353,2024-03-27 11:00:00,3.6084,18305.254,2024-03-27 15:12:00,False,,0.1435,,True,18185.02,2024-03-27 11:00:00,0.1435
NQ,2024-03-28,Thursday,ADR,18286.454,18275.264,11.190000000002328,18288.998,18274.02,14.977999999999156,True,SHORT,2024-03-27 20:35:00,18270.421,False,True,False,0.6006,0.5769,0.5769,18268.808,2024-03-27 21:00:00,1.6006,18293.175,2024-03-28 00:05:00,True,2024-03-27 20:42:00,0.1282,1.6006,True,18276.699,2024-03-27 20:49:00,0.1282
NQ,2024-03-28,Thursday,ODR,18284.632,18260.209,24.423000000002503,18293.999,18256.819,37.18000000000029,True,SHORT,2024-03-28 04:15:00,18251.308,False,True,False,0.8648,0.9089,0.9089,18238.01,2024-03-28 04:34:00,1.8648,18305.754,2024-03-28 07:30:00,True,2024-03-28 04:20:00,0.0,1.8648,True,18260.719,2024-03-28 05:00:00,0.0209
NQ,2024-03-28,Thursday,RDR,18286.675,18262.621,24.054000000000087,18290.286,18257.165,33.120999999999185,True,SHORT,2024-03-28 11:15:00,18253.242,True,True,True,0.1885,1.5086,1.5086,18226.332,2024-03-28 13:01:00,1.1654,18290.653,2024-03-28 14:01:00,True,2024-03-28 11:22:00,0.0891,1.1654,True,18264.142,2024-03-28 11:29:00,0.0632
NQ,2024-04-01,Monday,ODR,18383.099,18350.61,32.48899999999776,18383.776,18350.586,33.19000000000233,True,SHORT,2024-04-01 04:05:00,18346.664,True,True,True,0.0,2.2343,2.2343,18278.02,2024-04-01 08:21:00,0.4289,18364.543,2024-04-01 06:32:00,True,2024-04-01 07:19:00,0.4289,0.0,True,18353.132,2024-04-01 04:20:00,0.0776
NQ,2024-04-01,Monday,RDR,18378.864,18281.31,97.55400000000009,18391.11,18264.708,126.40200000000186,True,SHORT,2024-04-01 10:50:00,18262.109,True,True,False,0.0,0.8105,0.8105,18202.243,2024-04-01 12:00:00,0.2344,18304.175,2024-04-01 15:55:00,True,2024-04-01 11:16:00,0.0,0.2344,True,18290.054,2024-04-01 15:54:00,0.0896
NQ,2024-04-02,Tuesday,ADR,18267.687,18249.921,17.76600000000326,18270.021,18247.653,22.368000000002212,True,LONG,2024-04-01 22:30:00,18270.809,False,True,False,0.6643,0.2459,0.6643,18279.489,2024-04-01 23:37:00,1.2459,18245.553,2024-04-02 01:19:00,True,2024-04-01 22:56:00,0.1551,1.2459,True,18266.553,2024-04-01 22:37:00,0.0638
NQ,2024-04-02,Tuesday,ODR,18288.889,18242.086,46.802999999999884,18290.799,18238.054,52.74499999999898,True,LONG,2024-04-02 04:15:00,18297.975,False,True,False,0.2606,1.2266,0.2606,18301.086,2024-04-02 04:20:00,2.2266,18184.676,2024-04-02 08:15:00,False,,0.0,,True,18287.62,2024-04-02 04:30:00,0.0271
NQ,2024-04-02,Tuesday,RDR,18078.964,18004.954,74.0099999999984,18083.943,17996.165,87.77799999999843,True,LONG,2024-04-02 12:55:00,18085.489,True,True,True,0.8287,0.0326,0.8287,18140.299,2024-04-02 15:51:00,0.2073,18063.619,2024-04-02 14:46:00,True,2024-04-02 15:33:00,0.2073,0.0,True,18075.253,2024-04-02 13:13:00,0.0501
NQ,2024-04-03,Wednesday,ADR,18126.954,18102.542,24.412000000000262,18127.499,18094.943,32.556000000000495,True,SHORT,2024-04-02 21:10:00,18094.575,True,True,True,0.0,1.4697,1.4697,18066.664,2024-04-03 01:52:00,0.1734,18106.775,2024-04-02 23:58:00,True,2024-04-02 21:18:00,0.1734,0.1734,True,18103.209,2024-04-02 21:26:00,0.0273
NQ,2024-04-03,Wednesday,ODR,18091.676,18063.009,28.66700000000128,18094.175,18058.076,36.09899999999834,True,LONG,2024-04-03 04:45:00,18097.742,False,True,False,0.7961,0.5334,0.7961,18114.498,2024-04-03 08:10:00,1.5334,18047.719,2024-04-03 06:40:00,True,2024-04-03 08:03:00,1.5334,1.2764,True,18088.764,2024-04-03 04:55:00,0.1016
NQ,2024-04-03,Wednesday,RDR,18203.153,18035.389,167.7639999999992,18212.499,18034.698,177.80099999999948,True,LONG,2024-04-03 10:55:00,18219.686,True,True,False,0.2234,0.0,0.2234,18240.632,2024-04-03 11:30:00,0.6416,18095.52,2024-04-03 15:15:00,False,,0.0,,True,18200.965,2024-04-03 11:51:00,0.013
NQ,2024-04-04,Thursday,ADR,18242.92,18212.842,30.0779999999977,18280.31,18212.842,67.46800000000076,False,,,,,,,0.488,0.0,,,,,,,False,,,,False,,,
NQ,2024-04-04,Thursday,ODR,18238.165,18209.086,29.079000000001543,18242.419,18207.021,35.39800000000105,True,LONG,2024-04-04 04:05:00,18246.476,True,True,True,0.7374,0.0,0.7374,18259.609,2024-04-04 06:58:00,0.0695,18236.143,2024-04-04 06:37:00,True,2024-04-04 04:30:00,0.0695,0.0695,True,18237.31,2024-04-04 04:15:00,0.0294
NQ,2024-04-04,Thursday,RDR,18347.065,18293.289,53.77599999999802,18364.899,18282.353,82.5460000000021,True,SHORT,2024-04-04 11:10:00,18280.064,False,True,True,0.2794,7.7728,7.7728,17875.297,2024-04-04 15:58:00,1.2794,18362.089,2024-04-04 12:52:00,True,2024-04-04 14:06:00,1.2794,0.0,True,18297.965,2024-04-04 11:29:00,0.087
NQ,2024-04-05,Friday,ADR,17910.386,17897.686,12.69999999999709,17916.289,17890.542,25.74699999999939,True,SHORT,2024-04-04 20:35:00,17884.532,False,True,False,1.6676,2.8258,2.286,17868.654,2024-04-04 21:53:00,2.6676,17931.564,2024-04-05 01:10:00,True,2024-04-04 20:40:00,0.5443,2.6676,True,17903.219,2024-04-04 20:52:00,0.4357
NQ,2024-04-05,Friday,ODR,17942.608,17918.297,24.311000000001513,17945.809,17915.62,30.189000000002125,True,LONG,2024-04-05 04:00:00,17950.709,True,True,True,1.2359,0.0,1.2359,17972.654,2024-04-05 07:42:00,0.6526,17926.743,2024-04-05 04:56:00,True,2024-04-05 07:36:00,0.6526,0.0,True,17941.032,2024-04-05 04:07:00,0.0648
NQ,2024-04-05,Friday,RDR,18047.553,17913.386,134.16700000000128,18060.12,17910.232,149.887999999999,True,LONG,2024-04-05 10:45:00,18076.619,True,True,True,1.2161,0.0,1.2161,18210.709,2024-04-05 13:00:00,0.059,18039.631,2024-04-05 11:16:00,True,2024-04-05 10:57:00,0.059,0.059,True,18039.631,2024-04-05 11:16:00,0.059
NQ,2024-04-08,Monday,ADR,18125.854,18087.754,38.099999999998545,18127.789,18087.754,40.034999999999854,True,LONG,2024-04-07 21:40:00,18133.897,False,True,False,0.2703,0.3803,0.2703,18136.154,2024-04-07 21:45:00,1.3803,18073.264,2024-04-07 23:36:00,False,,0.0,,True,18123.254,2024-04-07 21:49:00,0.0682
NQ,2024-04-08,Monday,ODR,18140.886,18086.562,54.323999999996886,18146.532,18079.121,67.41100000000006,True,SHORT,2024-04-08 04:20:00,18060.287,True,True,False,0.0,0.6706,0.6706,18050.131,2024-04-08 04:25:00,0.8106,18130.597,2024-04-08 08:19:00,True,2024-04-08 04:25:00,0.0,0.8106,True,18090.789,2024-04-08 04:34:00,0.0778
NQ,2024-04-08,Monday,RDR,18147.054,18050.609,96.44499999999971,18148.564,18044.286,104.27799999999843,True,LONG,2024-04-08 10:30:00,18165.22,True,True,False,0.3646,0.0,0.3646,18182.219,2024-04-08 10:55:00,0.91,18059.287,2024-04-08 12:23:00,False,,0.0,,True,18133.32,2024-04-08 11:02:00,0.1424
NQ,2024-04-09,Tuesday,ADR,18119.832,18101.775,18.05699999999706,18120.31,18100.065,20.24500000000262,True,SHORT,2024-04-08 21:55:00,18094.032,False,True,False,0.6442,0.5162,0.5162,18092.454,2024-04-08 22:06:00,1.6442,18131.464,2024-04-09 01:17:00,True,2024-04-08 22:06:00,0.0,1.6442,True,18102.499,2024-04-08 22:18:00,0.0401
NQ,2024-04-09,Tuesday,ODR,18135.119,18083.042,52.0769999999975,18141.499,18073.32,68.17900000000009,True,SHORT,2024-04-09 06:35:00,18067.932,False,True,False,0.7811,0.4246,0.4246,18060.931,2024-04-09 06:40:00,1.7811,18175.797,2024-04-09 08:15:00,False,,0.0,,True,18083.199,2024-04-09 06:47:00,0.003
NQ,2024-04-09,Tuesday,RDR,18198.954,18091.575,107.37900000000081,18211.943,18080.287,131.65599999999904,True,SHORT,2024-04-09 10:30:00,18049.965,True,True,False,0.0,1.1323,1.1323,17969.987,2024-04-09 10:53:00,0.7668,18173.908,2024-04-09 15:59:00,True,2024-04-09 10:36:00,0.0,0.7668,True,18103.109,2024-04-09 12:12:00,0.1074
NQ,2024-04-10,Wednesday,ADR,18187.921,18178.231,9.68999999999869,18190.431,18176.842,13.588999999999942,True,LONG,2024-04-09 20:50:00,18191.253,True,True,False,1.3816,0.039,1.3816,18201.309,2024-04-10 01:31:00,1.039,18177.853,2024-04-09 21:37:00,True,2024-04-09 21:16:00,1.039,1.039,True,18187.32,2024-04-09 21:12:00,0.062
NQ,2024-04-10,Wednesday,ODR,18203.786,18182.208,21.57800000000134,18212.089,18181.876,30.212999999999738,True,LONG,2024-04-10 04:55:00,18213.554,False,True,True,3.482,1.4355,3.482,18278.921,2024-04-10 08:29:00,2.4355,18151.232,2024-04-10 06:00:00,True,2024-04-10 05:00:00,2.4355,2.4355,True,18197.975,2024-04-10 05:04:00,0.2693
NQ,2024-04-10,Wednesday,RDR,18012.43,17943.464,68.96600000000035,18026.519,17924.753,101.76599999999962,True,LONG,2024-04-10 10:35:00,18037.22,False,True,False,0.5233,0.1872,0.4158,18041.108,2024-04-10 15:47:00,1.1872,17930.553,2024-04-10 13:40:00,False,,1.1872,,True,18012.42,2024-04-10 10:44:00,0.0001
NQ,2024-04-11,Thursday,ADR,17996.399,17970.42,25.979000000002998,17996.853,17969.71,27.14300000000003,True,LONG,2024-04-10 21:10:00,17997.875,True,True,True,1.4251,0.0,1.4251,18033.421,2024-04-11 01:06:00,0.7502,17976.909,2024-04-10 21:26:00,True,2024-04-10 22:15:00,0.7502,0.0,True,17996.176,2024-04-10 21:15:00,0.0086
NQ,2024-04-11,Thursday,ODR,18032.819,18013.742,19.077000000001135,18037.743,18009.508,28.234999999996944,True,SHORT,2024-04-11 04:45:00,18001.831,True,False,,0.0,4.1941,4.1941,17933.731,2024-04-11 07:52:00,0.0,18004.242,2024-04-11 04:50:00,True,2024-04-11 04:50:00,0.0,0.0,False,,,
NQ,2024-04-11,Thursday,RDR,18090.499,18009.319,81.18000000000029,18098.675,17994.276,104.39899999999761,True,LONG,2024-04-11 11:50:00,18102.142,True,False,,3.0176,0.0,3.0176,18335.465,2024-04-11 15:45:00,0.0,18100.953,2024-04-11 11:55:00,True,2024-04-11 11:58:00,0.0,0.0,False,,,
NQ,2024-04-12,Friday,ADR,18312.708,18299.775,12.932999999997264,18314.632,18292.319,22.31300000000192,True,LONG,2024-04-11 20:40:00,18315.81,True,True,False,0.4434,0.0,0.4434,18318.443,2024-04-11 23:26:00,0.8487,18301.732,2024-04-11 21:11:00,False,,0.8487,,True,18311.809,2024-04-11 20:53:00,0.0695
NQ,2024-04-12,Friday,ODR,18318.442,18288.089,30.352999999999156,18319.42,18285.11,34.30999999999767,True,SHORT,2024-04-12 04:05:00,18283.753,True,True,True,0.0,3.5816,3.5816,18179.376,2024-04-12 06:52:00,0.4128,18300.62,2024-04-12 04:27:00,True,2024-04-12 04:54:00,0.4128,0.0,True,18293.199,2024-04-12 04:18:00,0.1684
NQ,2024-04-12,Friday,RDR,18163.143,18102.653,60.4900000000016,18167.254,18086.919,80.33499999999913,True,SHORT,2024-04-12 10:35:00,18060.354,True,True,True,0.0,2.5343,2.5343,17949.354,2024-04-12 15:00:00,0.2761,18119.354,2024-04-12 11:35:00,True,2024-04-12 10:40:00,0.2761,0.2761,True,18108.387,2024-04-12 11:34:00,0.0948
NQ,2024-04-15,Monday,ADR,18078.176,18028.375,49.800999999999476,18084.689,18022.643,62.04599999999846,True,LONG,2024-04-15 01:00:00,18088.11,True,True,True,0.2856,0.0732,0.2856,18092.399,2024-04-15 01:58:00,0.1006,18073.165,2024-04-15 01:39:00,False,,0.1006,,True,18075.819,2024-04-15 01:37:00,0.0473
NQ,2024-04-15,Monday,ODR,18109.865,18082.953,26.912000000000262,18118.697,18072.231,46.46600000000035,True,LONG,2024-04-15 05:00:00,18119.742,True,True,True,1.0528,0.0,1.0528,18138.197,2024-04-15 08:27:00,0.7708,18089.121,2024-04-15 05:34:00,True,2024-04-15 05:09:00,0.7708,0.7708,True,18108.687,2024-04-15 05:12:00,0.0438
NQ,2024-04-15,Monday,RDR,18163.599,18053.308,110.29099999999744,18169.798,18019.699,150.09899999999834,True,SHORT,2024-04-15 10:50:00,18007.908,True,True,True,0.0,3.4771,3.4771,17669.819,2024-04-15 15:19:00,0.0059,18053.964,2024-04-15 12:10:00,True,2024-04-15 11:00:00,0.0059,0.0059,True,18053.964,2024-04-15 12:10:00,0.0059
NQ,2024-04-16,Tuesday,ADR,17718.175,17697.953,20.221999999997934,17722.454,17692.232,30.22200000000157,True,SHORT,2024-04-15 21:10:00,17691.519,True,True,True,0.194,3.5703,3.5703,17625.754,2024-04-15 22:38:00,0.6836,17711.776,2024-04-15 21:50:00,True,2024-04-15 21:15:00,0.6836,0.6836,True,17698.497,2024-04-15 21:20:00,0.0269
NQ,2024-04-16,Tuesday,ODR,17703.175,17673.831,29.34400000000096,17703.91,17669.132,34.77799999999843,True,LONG,2024-04-16 04:00:00,17707.254,False,True,True,1.4813,1.7657,1.4813,17746.643,2024-04-16 07:51:00,2.7657,17622.019,2024-04-16 06:25:00,True,2024-04-16 07:14:00,2.7657,0.3983,True,17695.21,2024-04-16 04:05:00,0.2714
NQ,2024-04-16,Tuesday,RDR,17746.709,17682.34,64.36899999999878,17764.398,17652.342,112.0560000000005,True,LONG,2024-04-16 11:50:00,17766.698,True,True,False,1.1439,0.4655,1.1439,17820.343,2024-04-16 14:12:00,1.4655,17652.376,2024-04-16 13:32:00,True,2024-04-16 14:08:00,1.4655,1.0385,True,17743.164,2024-04-16 11:57:00,0.0551
NQ,2024-04-17,Wednesday,ADR,17770.932,17743.698,27.23400000000038,17774.786,17738.753,36.03299999999945,True,SHORT,2024-04-16 20:30:00,17732.099,True,True,True,0.0575,2.4377,2.4377,17677.31,2024-04-17 01:57:00,1.0575,17772.499,2024-04-16 23:17:00,True,2024-04-16 20:36:00,1.0575,1.0575,True,17743.999,2024-04-16 20:48:00,0.0111
NQ,2024-04-17,Wednesday,ODR,17715.673,17659.009,56.66400000000067,17719.897,17655.642,64.25500000000102,True,LONG,2024-04-17 04:20:00,17728.176,True,False,,1.0927,0.0,1.0927,17777.589,2024-04-17 06:49:00,0.0,17717.831,2024-04-17 05:01:00,True,2024-04-17 04:34:00,0.0,0.0,False,,,
NQ,2024-04-17,Wednesday,RDR,17791.876,17669.219,122.65699999999924,17794.941,17645.932,149.0089999999982,True,SHORT,2024-04-17 10:50:00,17611.908,True,True,True,0.0,1.7355,1.7355,17456.353,2024-04-17 12:46:00,0.1465,17687.186,2024-04-17 11:04:00,True,2024-04-17 11:29:00,0.1465,0.0,True,17683.408,2024-04-17 11:01:00,0.1157
NQ,2024-04-18,Thursday,ADR,17538.965,17523.132,15.83299999999872,17541.708,17522.465,19.242999999998574,True,LONG,2024-04-17 21:10:00,17544.386,True,True,True,3.8085,0.0,3.8085,17599.265,2024-04-18 01:33:00,0.1642,17536.365,2024-04-17 21:33:00,True,2024-04-17 21:58:00,0.1642,0.0,True,17537.91,2024-04-17 21:23:00,0.0666
NQ,2024-04-18,Thursday,ODR,17607.731,17582.486,25.24499999999898,17608.489,17574.165,34.324000000000524,True,SHORT,2024-04-18 04:10:00,17573.976,True,False,,0.0,2.5043,2.5043,17519.264,2024-04-18 05:31:00,0.0,17578.275,2024-04-18 04:31:00,True,2024-04-18 04:17:00,0.0,0.0,False,,,
NQ,2024-04-18,Thursday,RDR,17517.409,17408.219,109.18999999999869,17523.899,17397.41,126.4890000000014,True,LONG,2024-04-18 10:35:00,17530.865,False,True,False,0.6987,0.317,0.6987,17593.698,2024-04-18 11:22:00,1.317,17373.609,2024-04-18 14:12:00,True,2024-04-18 10:56:00,0.0,1.317,True,17490.676,2024-04-18 12:34:00,0.2448
NQ,2024-04-19,Friday,ADR,17366.689,17299.197,67.49199999999837,17368.721,17289.264,79.45700000000215,True,SHORT,2024-04-18 21:00:00,17260.031,True,False,,0.0,3.9336,3.9336,17033.708,2024-04-18 22:19:00,0.0,17277.689,2024-04-18 21:06:00,True,2024-04-18 21:05:00,0.0,0.0,False,,,
NQ,2024-04-19,Friday,ODR,17300.499,17272.462,28.037000000000262,17311.086,17265.497,45.58899999999994,True,SHORT,2024-04-19 04:10:00,17253.176,False,True,False,3.1382,1.1155,0.8904,17247.497,2024-04-19 04:41:00,4.1382,17388.486,2024-04-19 08:23:00,True,2024-04-19 04:15:00,0.954,4.1382,True,17285.299,2024-04-19 04:18:00,0.4579
NQ,2024-04-19,Friday,RDR,17344.421,17214.475,129.9459999999999,17368.62,17194.142,174.47799999999916,True,SHORT,2024-04-19 11:15:00,17192.987,True,False,,0.0,1.8844,1.8844,16969.61,2024-04-19 15:46:00,0.0,17203.076,2024-04-19 11:48:00,True,2024-04-19 11:57:00,0.0,0.0,False,,,
NQ,2024-04-22,Monday,ADR,17126.586,17106.942,19.644000000000233,17128.689,17105.532,23.156999999999243,True,SHORT,2024-04-21 20:35:00,17087.643,False,True,False,0.6035,2.5538,2.5538,17056.775,2024-04-21 20:40:00,1.6035,17138.442,2024-04-22 01:59:00,True,2024-04-21 20:40:00,0.0,1.6035,True,17110.564,2024-04-21 21:10:00,0.1844
NQ,2024-04-22,Monday,ODR,17155.942,17109.975,45.96700000000055,17157.764,17105.097,52.66699999999764,True,SHORT,2024-04-22 04:00:00,17100.276,False,True,False,0.3101,0.4298,0.4298,17090.22,2024-04-22 04:09:00,1.3101,17170.197,2024-04-22 06:12:00,False,,0.0,,True,17113.519,2024-04-22 04:13:00,0.0771
NQ,2024-04-22,Monday,RDR,17184.609,17050.465,134.14400000000023,17187.665,17041.02,146.64500000000044,True,SHORT,2024-04-22 10:50:00,17031.487,False,True,False,0.8976,0.3321,0.3321,17005.92,2024-04-22 11:15:00,1.8976,17305.02,2024-04-22 14:36:00,False,,0.0,,True,17050.487,2024-04-22 11:25:00,0.0002
NQ,2024-04-23,Tuesday,ADR,17189.71,17174.308,15.401999999998225,17195.965,17174.132,21.83299999999872,True,SHORT,2024-04-22 21:45:00,17168.765,False,True,False,0.6781,1.5921,1.5921,17149.787,2024-04-22 21:54:00,1.6781,17200.154,2024-04-23 00:15:00,True,2024-04-22 21:51:00,0.0,1.6781,True,17174.689,2024-04-22 22:10:00,0.0247
NQ,2024-04-23,Tuesday,ODR,17225.319,17208.654,16.665000000000873,17227.798,17201.453,26.344999999997526,True,LONG,2024-04-23 04:00:00,17238.742,True,True,True,3.7312,0.0,3.7312,17287.499,2024-04-23 07:13:00,0.3993,17218.664,2024-04-23 08:17:00,True,2024-04-23 04:05:00,0.0112,0.3993,True,17225.132,2024-04-23 05:57:00,0.0112
NQ,2024-04-23,Tuesday,RDR,17426.921,17285.587,141.33399999999892,17431.743,17272.775,158.96799999999712,True,LONG,2024-04-23 10:30:00,17457.287,True,True,True,0.6344,0.0,0.6344,17516.589,2024-04-23 14:44:00,0.1693,17402.997,2024-04-23 11:03:00,True,2024-04-23 13:55:00,0.1693,0.0,True,17421.72,2024-04-23 10:45:00,0.0368
NQ,2024-04-24,Wednesday,ADR,17573.208,17544.365,28.84299999999712,17578.689,17542.509,36.18000000000029,True,LONG,2024-04-23 21:15:00,17583.464,True,True,True,1.2128,0.0,1.2128,17608.189,2024-04-24 01:55:00,0.1178,17569.81,2024-04-23 21:31:00,True,2024-04-23 21:48:00,0.1178,0.0,True,17569.81,2024-04-23 21:31:00,0.1178
NQ,2024-04-24,Wednesday,ODR,17595.932,17577.132,18.799999999999272,17600.31,17571.465,28.845000000001164,True,SHORT,2024-04-24 04:45:00,17570.154,False,True,False,0.2387,2.594,2.594,17528.365,2024-04-24 05:51:00,1.2387,17600.42,2024-04-24 08:25:00,True,2024-04-24 04:50:00,0.0,1.2387,True,17577.799,2024-04-24 07:29:00,0.0355
NQ,2024-04-24,Wednesday,RDR,17649.875,17583.032,66.84300000000076,17658.376,17574.976,83.40000000000146,True,SHORT,2024-04-24 10:35:00,17573.053,True,False,,0.0,2.2983,2.2983,17429.408,2024-04-24 12:34:00,0.0,17580.832,2024-04-24 10:40:00,True,2024-04-24 10:55:00,0.0,0.0,False,,,
NQ,2024-04-25,Thursday,ADR,17346.532,17318.732,27.799999999999272,17350.008,17314.009,35.999000000003434,True,LONG,2024-04-24 20:40:00,17351.199,False,True,False,0.5272,1.3322,0.5272,17361.189,2024-04-24 20:52:00,2.3322,17281.698,2024-04-25 01:56:00,True,2024-04-24 20:52:00,0.0168,2.3322,True,17346.064,2024-04-24 20:45:00,0.0168
NQ,2024-04-25,Thursday,ODR,17330.02,17306.12,23.900000000001455,17330.999,17300.476,30.523000000001048,True,LONG,2024-04-25 04:00:00,17336.264,True,True,True,2.57,0.0,2.57,17391.443,2024-04-25 05:47:00,0.2534,17323.964,2024-04-25 08:17:00,True,2024-04-25 04:06:00,0.0,0.2534,True,17328.131,2024-04-25 07:02:00,0.079
NQ,2024-04-25,Thursday,RDR,17310.943,17181.642,129.30099999999948,17319.965,17176.143,143.82200000000012,True,LONG,2024-04-25 12:20:00,17327.399,True,False,,1.2859,0.0,1.2859,17477.209,2024-04-25 15:24:00,0.0,17317.931,2024-04-25 12:30:00,True,2024-04-25 12:55:00,0.0,0.0,False,,,
NQ,2024-04-26,Friday,ADR,17636.743,17618.998,17.74499999999898,17638.589,17613.753,24.83599999999933,True,LONG,2024-04-25 21:30:00,17641.332,True,True,True,1.1634,0.0,1.1634,17657.387,2024-04-25 23:32:00,0.8052,17622.454,2024-04-25 22:45:00,True,2024-04-25 21:35:00,0.8052,0.8052,True,17634.242,2024-04-25 22:43:00,0.1409
NQ,2024-04-26,Friday,ODR,17644.421,17612.419,32.00199999999677,17644.476,17606.298,38.177999999999884,True,SHORT,2024-04-26 04:50:00,17602.931,True,True,True,0.0,1.0672,1.0672,17578.265,2024-04-26 08:29:00,0.6966,17634.71,2024-04-26 07:22:00,True,2024-04-26 05:04:00,0.6966,0.6966,True,17612.989,2024-04-26 06:20:00,0.0178
NQ,2024-04-26,Friday,RDR,17702.297,17568.01,134.28700000000026,17710.31,17540.442,169.8680000000022,True,LONG,2024-04-26 10:45:00,17718.476,True,True,True,0.5249,0.0,0.5249,17772.789,2024-04-26 13:34:00,0.1225,17685.843,2024-04-26 11:12:00,True,2024-04-26 13:26:00,0.1225,0.0,True,17698.442,2024-04-26 10:50:00,0.0287
NQ,2024-04-29,Monday,ADR,17764.143,17736.72,27.422999999998865,17765.999,17734.121,31.87800000000061,True,LONG,2024-04-28 21:35:00,17766.187,True,True,True,1.0523,0.0,1.0523,17792.999,2024-04-29 01:59:00,0.1273,17760.653,2024-04-28 21:43:00,True,2024-04-28 21:58:00,0.1273,0.0,True,17763.843,2024-04-28 21:40:00,0.0109
NQ,2024-04-29,Monday,ODR,17779.376,17762.61,16.76599999999962,17780.02,17753.842,26.177999999999884,True,LONG,2024-04-29 04:10:00,17780.675,False,True,True,1.1146,1.4785,1.1146,17798.064,2024-04-29 08:23:00,2.4785,17737.821,2024-04-29 06:00:00,True,2024-04-29 07:47:00,2.4785,0.1995,True,17779.286,2024-04-29 04:15:00,0.0054
NQ,2024-04-29,Monday,RDR,17808.72,17706.098,102.62199999999939,17821.298,17702.743,118.55500000000029,True,SHORT,2024-04-29 15:00:00,17689.754,True,True,False,0.0,0.3949,0.3949,17665.575,2024-04-29 15:07:00,0.7659,17784.698,2024-04-29 15:59:00,False,,0.0,,True,17708.575,2024-04-29 15:10:00,0.0241
NQ,2024-04-30,Tuesday,ADR,17786.576,17774.309,12.266999999999825,17788.21,17772.775,15.434999999997672,True,LONG,2024-04-29 21:25:00,17789.243,False,True,False,0.7019,2.1965,0.7019,17795.186,2024-04-29 22:36:00,3.1965,17747.364,2024-04-30 01:40:00,True,2024-04-29 22:36:00,0.1894,3.1965,True,17786.554,2024-04-29 21:32:00,0.0018
NQ,2024-04-30,Tuesday,ODR,17780.799,17758.873,21.925999999999476,17782.821,17755.32,27.501000000000204,True,SHORT,2024-04-30 04:50:00,17747.898,True,True,True,0.0,0.8608,0.8608,17740.0,2024-04-30 05:00:00,0.5474,17770.875,2024-04-30 06:51:00,True,2024-04-30 04:55:00,0.0,0.5474,True,17759.897,2024-04-30 05:24:00,0.0467
NQ,2024-04-30,Tuesday,RDR,17759.076,17703.553,55.52300000000105,17772.52,17700.731,71.78900000000067,True,SHORT,2024-04-30 11:00:00,17694.298,True,False,,0.0,4.6829,4.6829,17443.543,2024-04-30 15:59:00,0.0,17701.989,2024-04-30 11:06:00,True,2024-04-30 11:08:00,0.0,0.0,False,,,
NQ,2024-05-01,Wednesday,ADR,17394.609,17362.219,32.38999999999942,17396.154,17360.531,35.62299999999959,True,LONG,2024-04-30 22:35:00,17398.675,True,True,False,0.4257,0.0,0.4257,17408.399,2024-05-01 00:00:00,0.2954,17385.042,2024-05-01 01:42:00,False,,0.0305,,True,17393.709,2024-04-30 22:54:00,0.0278
NQ,2024-05-01,Wednesday,ODR,17375.609,17337.864,37.74499999999898,17377.731,17334.589,43.141999999999825,True,SHORT,2024-05-01 05:05:00,17311.176,True,True,False,0.0,1.2278,1.2278,17291.52,2024-05-01 06:32:00,0.69,17363.908,2024-05-01 08:22:00,True,2024-05-01 05:10:00,0.0,0.69,True,17340.119,2024-05-01 06:59:00,0.0597
NQ,2024-05-01,Wednesday,RDR,17381.01,17330.819,50.190999999998894,17397.253,17311.031,86.22200000000157,True,SHORT,2024-05-01 11:15:00,17305.109,False,True,True,5.8797,0.9461,0.9461,17283.331,2024-05-01 12:01:00,6.8797,17676.119,2024-05-01 15:02:00,True,2024-05-01 11:20:00,0.7131,6.8797,True,17331.489,2024-05-01 11:23:00,0.0133
NQ,2024-05-02,Thursday,ADR,17422.719,17387.208,35.51100000000224,17427.043,17386.042,41.001000000000204,True,LONG,2024-05-01 20:50:00,17428.554,True,True,True,0.7031,0.0,0.7031,17447.686,2024-05-01 22:45:00,0.2731,17413.02,2024-05-01 21:40:00,True,2024-05-01 22:40:00,0.2731,0.0,True,17416.353,2024-05-01 21:00:00,0.1793
NQ,2024-05-02,Thursday,ODR,17465.02,17425.075,39.94499999999971,17474.799,17407.075,67.72399999999834,True,LONG,2024-05-02 04:20:00,17478.087,True,True,True,0.8974,0.0,0.8974,17500.865,2024-05-02 07:10:00,0.4631,17446.521,2024-05-02 04:59:00,True,2024-05-02 04:26:00,0.4631,0.4631,True,17461.21,2024-05-02 04:46:00,0.0954
NQ,2024-05-02,Thursday,RDR,17470.264,17297.832,172.4320000000007,17488.71,17283.131,205.5789999999979,True,LONG,2024-05-02 13:25:00,17498.554,True,True,True,0.6296,0.0,0.6296,17578.819,2024-05-02 15:10:00,0.0042,17469.543,2024-05-02 13:36:00,True,2024-05-02 14:53:00,0.0042,0.0,True,17469.543,2024-05-02 13:36:00,0.0042
NQ,2024-05-03,Friday,ADR,17649.099,17633.665,15.433999999997468,17650.299,17631.086,19.212999999999738,True,LONG,2024-05-02 20:35:00,17654.143,True,True,True,1.9955,0.0,1.9955,17679.897,2024-05-02 21:52:00,0.6508,17639.054,2024-05-03 01:12:00,True,2024-05-02 20:45:00,0.0,0.6508,True,17647.142,2024-05-03 00:34:00,0.1268
NQ,2024-05-03,Friday,ODR,17639.132,17614.921,24.21100000000297,17639.198,17612.454,26.743999999998778,True,LONG,2024-05-03 04:00:00,17645.476,True,True,True,1.7856,0.0,1.7856,17682.362,2024-05-03 08:29:00,0.2354,17633.432,2024-05-03 07:52:00,True,2024-05-03 04:29:00,0.2354,0.2354,True,17635.665,2024-05-03 04:13:00,0.1432
NQ,2024-05-03,Friday,RDR,17901.064,17817.686,83.37799999999697,17941.01,17784.021,156.98899999999776,False,,,,,,,0.1787,0.3839,,,,,,,False,,,,False,,,
NQ,2024-05-06,Monday,ADR,17914.52,17889.075,25.44499999999971,17915.319,17886.232,29.086999999999534,True,SHORT,2024-05-06 00:45:00,17884.653,True,True,True,0.0,0.5899,0.5899,17874.064,2024-05-06 01:30:00,0.032,17889.889,2024-05-06 01:49:00,True,2024-05-06 01:25:00,0.0,0.032,True,17889.889,2024-05-06 01:49:00,0.032
NQ,2024-05-06,Monday,ODR,17915.743,17890.776,24.966999999996915,17918.999,17890.676,28.32300000000032,True,LONG,2024-05-06 04:25:00,17920.989,True,True,True,1.6845,0.0049,1.6845,17957.799,2024-05-06 08:28:00,0.0525,17914.431,2024-05-06 04:56:00,True,2024-05-06 05:26:00,0.0525,0.0,True,17914.931,2024-05-06 04:53:00,0.0325
NQ,2024-05-06,Monday,RDR,18001.421,17959.975,41.44599999999991,18007.632,17934.176,73.45600000000195,True,LONG,2024-05-06 11:45:00,18008.189,True,True,True,2.175,0.0,2.175,18091.564,2024-05-06 15:59:00,0.9611,17961.589,2024-05-06 12:21:00,True,2024-05-06 13:44:00,0.9611,0.0,True,17996.031,2024-05-06 12:00:00,0.13
NQ,2024-05-07,Tuesday,ADR,18080.064,18073.231,6.832999999998719,18081.399,18070.786,10.613000000001193,True,SHORT,2024-05-06 20:30:00,18069.531,False,True,False,0.5285,1.5626,1.5626,18062.554,2024-05-06 21:05:00,1.5285,18083.675,2024-05-07 00:00:00,True,2024-05-06 20:35:00,0.0,1.5285,True,18075.598,2024-05-06 21:40:00,0.3464
NQ,2024-05-07,Tuesday,ODR,18088.098,18057.621,30.47700000000259,18089.653,18056.708,32.94499999999971,True,SHORT,2024-05-07 04:05:00,18053.709,False,True,True,0.1316,0.4291,0.4291,18044.543,2024-05-07 07:43:00,1.1316,18092.109,2024-05-07 05:11:00,False,,1.1316,,True,18057.642,2024-05-07 04:10:00,0.0007
NQ,2024-05-07,Tuesday,RDR,18120.799,18081.308,39.49099999999817,18130.276,18076.797,53.479000000003,True,LONG,2024-05-07 10:55:00,18143.165,False,True,False,0.9122,0.5698,0.9122,18156.821,2024-05-07 13:32:00,1.5698,18058.808,2024-05-07 14:36:00,True,2024-05-07 11:00:00,0.0,1.5698,True,18118.753,2024-05-07 13:47:00,0.0518
NQ,2024-05-08,Wednesday,ADR,18102.387,18094.243,8.144000000000233,18105.199,18090.497,14.702000000001135,True,SHORT,2024-05-07 23:20:00,18088.198,True,True,True,0.7001,2.4531,2.4531,18074.265,2024-05-08 01:25:00,0.18,18095.709,2024-05-07 23:43:00,True,2024-05-07 23:25:00,0.18,0.18,True,18095.709,2024-05-07 23:43:00,0.18
NQ,2024-05-08,Wednesday,ODR,18102.699,18087.91,14.78900000000067,18106.21,18087.91,18.299999999999272,True,SHORT,2024-05-08 04:55:00,18085.419,True,True,True,0.4461,6.698,6.698,17988.853,2024-05-08 08:26:00,0.5267,18095.699,2024-05-08 05:49:00,True,2024-05-08 06:00:00,0.5267,0.3298,True,18088.164,2024-05-08 05:03:00,0.0172
NQ,2024-05-08,Wednesday,RDR,18097.91,17978.798,119.11200000000099,18104.786,17972.919,131.86699999999837,True,LONG,2024-05-08 10:40:00,18115.074,True,True,False,0.3399,0.0,0.3399,18138.398,2024-05-08 10:49:00,0.5278,18035.042,2024-05-08 13:24:00,False,,0.0,,True,18096.92,2024-05-08 11:08:00,0.0083
NQ,2024-05-09,Thursday,ADR,18068.086,18056.986,11.099999999998545,18069.198,18053.565,15.63300000000163,True,LONG,2024-05-08 20:50:00,18069.243,False,True,False,0.7307,1.1581,0.7307,18076.197,2024-05-08 21:57:00,2.1581,18044.131,2024-05-09 01:30:00,True,2024-05-08 21:55:00,1.0691,2.1581,True,18067.92,2024-05-08 20:55:00,0.015
NQ,2024-05-09,Thursday,ODR,18056.743,18025.519,31.22399999999834,18061.497,18019.775,41.721999999997934,True,SHORT,2024-05-09 05:15:00,18006.819,False,True,False,0.2259,0.6882,0.6184,18006.21,2024-05-09 05:20:00,1.2259,18063.798,2024-05-09 07:50:00,True,2024-05-09 05:20:00,0.0,1.2259,True,18026.689,2024-05-09 05:32:00,0.0375
NQ,2024-05-09,Thursday,RDR,18086.465,18017.787,68.67799999999988,18104.208,18011.887,92.32099999999991,True,LONG,2024-05-09 10:35:00,18107.365,True,True,True,0.7796,0.0,0.7796,18140.008,2024-05-09 14:59:00,0.2154,18071.675,2024-05-09 12:02:00,True,2024-05-09 10:54:00,0.2154,0.2154,True,18081.242,2024-05-09 11:55:00,0.0761
NQ,2024-05-10,Friday,ADR,18138.231,18130.297,7.934000000001106,18143.176,18128.531,14.645000000000437,True,SHORT,2024-05-09 20:30:00,18125.642,True,True,True,0.0,1.959,1.959,18114.754,2024-05-09 23:53:00,0.839,18136.954,2024-05-10 01:50:00,True,2024-05-09 20:35:00,0.6696,0.839,True,18131.008,2024-05-09 20:44:00,0.0896
NQ,2024-05-10,Friday,ODR,18174.021,18146.199,27.822000000000116,18178.953,18144.21,34.74300000000221,True,SHORT,2024-05-10 04:00:00,18143.508,False,True,False,1.1602,0.4925,0.4925,18132.497,2024-05-10 04:07:00,2.1602,18206.299,2024-05-10 05:42:00,False,,0.0,,True,18149.008,2024-05-10 04:11:00,0.101
NQ,2024-05-10,Friday,RDR,18244.642,18134.032,110.61000000000058,18250.053,18128.008,122.04499999999825,True,SHORT,2024-05-10 10:50:00,18097.919,True,True,False,0.0,0.3855,0.3855,18091.389,2024-05-10 10:55:00,0.3498,18172.721,2024-05-10 15:59:00,False,,0.0,,True,18134.286,2024-05-10 11:04:00,0.0023
NQ,2024-05-13,Monday,ADR,18157.12,18146.221,10.898999999997613,18157.799,18141.708,16.09100000000035,True,LONG,2024-05-12 20:55:00,18161.798,True,True,True,4.0484,0.098,4.0484,18201.243,2024-05-13 01:59:00,0.1213,18155.798,2024-05-12 23:08:00,True,2024-05-12 21:00:00,0.1213,0.1213,True,18156.598,2024-05-12 21:18:00,0.0479
NQ,2024-05-13,Monday,ODR,18200.119,18184.187,15.93199999999706,18201.043,18182.089,18.954000000001543,True,SHORT,2024-05-13 04:15:00,18177.899,False,True,False,1.5992,0.4373,0.4316,18177.31,2024-05-13 04:20:00,2.5992,18225.598,2024-05-13 08:07:00,False,,0.0,,True,18184.399,2024-05-13 04:22:00,0.0133
NQ,2024-05-13,Monday,RDR,18237.086,18165.499,71.58699999999953,18238.731,18156.809,81.92199999999866,False,,,,,,,0.0,0.3586,,,,,,,False,,,,False,,,
NQ,2024-05-14,Tuesday,ADR,18194.276,18189.064,5.212000000003172,18195.299,18187.853,7.445999999999913,True,SHORT,2024-05-13 20:40:00,18184.631,True,False,,0.0,3.929,3.929,18168.586,2024-05-13 23:54:00,0.0,18189.042,2024-05-14 01:59:00,True,2024-05-13 20:45:00,0.0,0.0,False,,,
NQ,2024-05-14,Tuesday,ODR,18201.364,18192.21,9.15400000000227,18202.999,18188.731,14.268000000000029,True,LONG,2024-05-14 04:20:00,18205.52,False,True,True,1.3487,0.7467,1.3487,18213.71,2024-05-14 05:11:00,1.7467,18185.375,2024-05-14 07:30:00,True,2024-05-14 04:25:00,0.0,1.7467,True,18201.154,2024-05-14 05:29:00,0.0229
NQ,2024-05-14,Tuesday,RDR,18269.543,18177.863,91.68000000000029,18276.209,18172.065,104.14400000000023,True,LONG,2024-05-14 14:10:00,18280.02,True,False,,0.7258,0.0,0.7258,18336.087,2024-05-14 15:55:00,0.0,18274.921,2024-05-14 14:30:00,True,2024-05-14 14:41:00,0.0,0.0,False,,,
NQ,2024-05-15,Wednesday,ADR,18324.21,18317.308,6.901999999998225,18327.787,18316.776,11.010999999998603,True,SHORT,2024-05-14 20:35:00,18303.564,False,True,True,2.2615,2.2698,2.2505,18301.775,2024-05-14 20:41:00,3.2615,18339.819,2024-05-14 22:42:00,True,2024-05-14 20:40:00,0.0,3.2615,True,18318.789,2024-05-14 21:25:00,0.2146
NQ,2024-05-15,Wednesday,ODR,18319.299,18296.164,23.1349999999984,18320.399,18294.731,25.668000000001484,True,LONG,2024-05-15 05:40:00,18321.343,True,True,False,0.1488,0.0413,0.1488,18322.742,2024-05-15 05:47:00,1.0413,18295.208,2024-05-15 08:22:00,False,,0.0,,True,18318.864,2024-05-15 05:48:00,0.0188
NQ,2024-05-15,Wednesday,RDR,18440.308,18370.697,69.61100000000079,18446.389,18352.086,94.30299999999988,True,LONG,2024-05-15 10:30:00,18451.065,True,False,,2.4074,0.0,2.4074,18607.889,2024-05-15 15:23:00,0.0,18445.342,2024-05-15 10:35:00,True,2024-05-15 10:48:00,0.0,0.0,False,,,
NQ,2024-05-16,Thursday,ADR,18634.299,18623.264,11.034999999999854,18638.887,18622.354,16.532999999999447,True,LONG,2024-05-15 23:30:00,18638.953,True,True,False,0.8609,0.3202,0.8609,18643.799,2024-05-15 23:38:00,0.8862,18624.52,2024-05-16 01:14:00,True,2024-05-15 23:35:00,0.0,0.8862,True,18634.042,2024-05-16 00:02:00,0.0233
NQ,2024-05-16,Thursday,ODR,18634.589,18621.075,13.513999999999214,18637.108,18616.619,20.489000000001397,True,SHORT,2024-05-16 08:05:00,18616.386,True,True,False,0.059,0.5994,0.5994,18612.975,2024-05-16 08:13:00,0.5352,18628.308,2024-05-16 08:26:00,True,2024-05-16 08:12:00,0.0,0.5352,True,18623.975,2024-05-16 08:20:00,0.2146
NQ,2024-05-16,Thursday,RDR,18628.289,18583.842,44.447000000000116,18632.799,18578.754,54.044999999998254,True,LONG,2024-05-16 10:40:00,18634.932,False,True,False,0.9369,0.768,0.9369,18669.932,2024-05-16 11:09:00,1.768,18549.708,2024-05-16 15:59:00,True,2024-05-16 10:55:00,0.0,1.768,True,18620.831,2024-05-16 12:01:00,0.1678
NQ,2024-05-17,Friday,ADR,18562.264,18554.475,7.789000000000669,18563.319,18551.853,11.46600000000035,True,LONG,2024-05-16 21:05:00,18564.987,False,True,True,1.4321,0.4422,1.4321,18573.419,2024-05-16 21:50:00,1.4422,18551.031,2024-05-16 23:12:00,True,2024-05-16 21:11:00,0.0055,1.4422,True,18562.221,2024-05-16 21:17:00,0.0055
NQ,2024-05-17,Friday,ODR,18567.887,18553.943,13.943999999999505,18569.919,18550.721,19.19800000000032,True,SHORT,2024-05-17 04:00:00,18550.32,False,True,False,1.3953,2.1611,2.1611,18523.809,2024-05-17 04:22:00,2.3953,18587.343,2024-05-17 08:22:00,True,2024-05-17 04:07:00,0.0,2.3953,True,18555.189,2024-05-17 05:10:00,0.0894
NQ,2024-05-17,Friday,RDR,18577.764,18545.054,32.70999999999913,18578.031,18535.087,42.943999999999505,True,LONG,2024-05-17 10:30:00,18587.421,False,True,False,0.357,2.7056,0.357,18589.442,2024-05-17 10:49:00,3.7056,18456.554,2024-05-17 14:23:00,False,,0.2249,,True,18575.132,2024-05-17 10:37:00,0.0805
NQ,2024-05-20,Monday,ADR,18582.586,18573.821,8.764999999999418,18583.598,18570.954,12.644000000000233,True,LONG,2024-05-19 20:40:00,18583.799,True,True,True,1.0054,0.2169,1.0054,18591.398,2024-05-20 01:40:00,1.2169,18571.92,2024-05-19 22:06:00,True,2024-05-19 22:41:00,1.2169,0.2648,True,18582.421,2024-05-19 20:45:00,0.0188
NQ,2024-05-20,Monday,ODR,18580.808,18570.331,10.47700000000259,18580.989,18567.408,13.58100000000195,True,LONG,2024-05-20 04:00:00,18581.054,False,True,True,2.0224,0.3829,2.0224,18601.997,2024-05-20 07:40:00,1.3829,18566.319,2024-05-20 05:11:00,True,2024-05-20 06:01:00,1.3829,0.2947,True,18580.22,2024-05-20 04:05:00,0.0561
NQ,2024-05-20,Monday,RDR,18666.019,18554.71,111.3090000000011,18671.742,18549.009,122.73300000000017,True,LONG,2024-05-20 10:45:00,18678.82,True,True,True,0.377,0.0,0.377,18707.986,2024-05-20 12:59:00,0.4176,18619.531,2024-05-20 14:08:00,False,,0.2046,,True,18663.898,2024-05-20 10:55:00,0.0191
NQ,2024-05-21,Tuesday,ADR,18666.199,18658.631,7.5679999999993015,18668.319,18658.11,10.208999999998923,True,LONG,2024-05-20 20:40:00,18669.676,False,True,False,0.7047,0.6592,0.4757,18669.799,2024-05-20 20:45:00,1.6592,18653.642,2024-05-20 21:32:00,False,,0.0,,True,18664.454,2024-05-20 21:01:00,0.2306
NQ,2024-05-21,Tuesday,ODR,18673.708,18657.143,16.56499999999869,18675.608,18654.164,21.443999999999505,True,SHORT,2024-05-21 04:20:00,18653.743,True,True,True,0.0,0.937,0.937,18641.621,2024-05-21 05:42:00,0.9101,18672.219,2024-05-21 07:08:00,True,2024-05-21 04:47:00,0.0637,0.9101,True,18658.198,2024-05-21 05:11:00,0.0637
NQ,2024-05-21,Tuesday,RDR,18645.442,18597.987,47.45499999999811,18646.076,18591.643,54.4330000000009,True,LONG,2024-05-21 10:30:00,18657.476,True,False,,1.6111,0.0,1.6111,18721.897,2024-05-21 15:58:00,0.0,18646.242,2024-05-21 11:52:00,True,2024-05-21 10:36:00,0.0,0.0,False,,,
NQ,2024-05-22,Wednesday,ADR,18729.276,18723.219,6.0570000000006985,18730.899,18722.209,8.690000000002328,True,LONG,2024-05-21 22:00:00,18736.197,False,True,True,1.3408,0.4748,1.3408,18737.397,2024-05-21 22:05:00,1.3061,18721.365,2024-05-21 23:27:00,True,2024-05-21 22:05:00,0.0,1.3061,True,18729.11,2024-05-21 22:19:00,0.0274
NQ,2024-05-22,Wednesday,ODR,18720.908,18704.998,15.909999999999854,18722.187,18702.81,19.377000000000407,True,SHORT,2024-05-22 05:15:00,18700.443,False,True,False,0.2382,2.2635,2.2635,18668.986,2024-05-22 06:34:00,1.2382,18724.697,2024-05-22 07:09:00,True,2024-05-22 05:26:00,0.0287,1.2382,True,18705.454,2024-05-22 05:21:00,0.0287
NQ,2024-05-22,Wednesday,RDR,18742.298,18722.643,19.654999999998836,18747.489,18704.12,43.369000000002416,True,LONG,2024-05-22 11:05:00,18747.899,False,True,False,0.6868,6.1286,0.6818,18755.699,2024-05-22 11:20:00,7.1286,18602.186,2024-05-22 14:42:00,True,2024-05-22 11:11:00,0.0,7.1286,True,18741.831,2024-05-22 11:48:00,0.0238
NQ,2024-05-23,Thursday,ADR,18797.689,18786.719,10.969999999997526,18798.089,18784.554,13.534999999999854,True,SHORT,2024-05-22 20:40:00,18783.81,False,True,False,8.5352,0.32,0.32,18783.209,2024-05-22 20:45:00,9.5352,18891.32,2024-05-23 00:27:00,False,,0.0,,True,18787.119,2024-05-22 20:46:00,0.0365
NQ,2024-05-23,Thursday,ODR,18871.099,18853.454,17.6449999999968,18875.675,18850.342,25.33299999999872,True,LONG,2024-05-23 05:40:00,18877.853,True,True,True,3.3374,0.0642,3.3374,18929.987,2024-05-23 08:28:00,0.2865,18866.043,2024-05-23 06:06:00,True,2024-05-23 06:37:00,0.2865,0.0,True,18870.01,2024-05-23 05:57:00,0.0617
NQ,2024-05-23,Thursday,RDR,18905.831,18777.176,128.65499999999884,18907.064,18764.91,142.15399999999863,True,SHORT,2024-05-23 10:50:00,18761.289,True,True,True,0.0,1.7708,1.7708,18549.354,2024-05-23 15:06:00,0.6479,18860.531,2024-05-23 12:01:00,True,2024-05-23 13:38:00,0.6479,0.0,True,18778.299,2024-05-23 11:04:00,0.0087
NQ,2024-05-24,Friday,ADR,18643.51,18626.643,16.86699999999837,18643.889,18622.576,21.312999999998283,True,LONG,2024-05-23 20:35:00,18645.343,True,True,False,0.9598,0.0,0.9598,18659.699,2024-05-23 21:55:00,0.6785,18632.065,2024-05-24 01:42:00,True,2024-05-23 20:52:00,0.029,0.6785,True,18643.021,2024-05-23 21:08:00,0.029
NQ,2024-05-24,Friday,ODR,18635.289,18617.976,17.31300000000192,18637.321,18611.664,25.656999999999243,True,LONG,2024-05-24 04:05:00,18640.532,True,False,,3.1825,0.0,3.1825,18690.387,2024-05-24 07:59:00,0.0,18640.653,2024-05-24 04:10:00,True,2024-05-24 04:10:00,0.0,0.0,False,,,
NQ,2024-05-24,Friday,RDR,18764.586,18665.789,98.79699999999866,18769.065,18662.321,106.74399999999878,True,LONG,2024-05-24 10:45:00,18771.553,True,True,True,0.9048,0.0,0.9048,18853.975,2024-05-24 14:18:00,0.0127,18763.331,2024-05-24 10:51:00,True,2024-05-24 11:04:00,0.0127,0.0,True,18763.331,2024-05-24 10:51:00,0.0127
NQ,2024-05-27,Monday,ADR,18777.897,18765.897,12.0,18779.154,18763.197,15.956999999998516,True,LONG,2024-05-26 21:40:00,18779.886,True,True,True,1.6788,0.0072,1.6788,18798.043,2024-05-27 01:13:00,1.0072,18765.81,2024-05-26 22:32:00,True,2024-05-26 23:18:00,1.0072,0.0416,True,18777.532,2024-05-26 22:08:00,0.0304
NQ,2024-05-27,Monday,ODR,18814.021,18799.884,14.137000000002445,18815.953,18797.554,18.39900000000125,True,SHORT,2024-05-27 04:10:00,18794.31,True,True,False,0.0,0.5469,0.5469,18792.153,2024-05-27 04:15:00,0.989,18813.865,2024-05-27 05:12:00,True,2024-05-27 04:15:00,0.0,0.989,True,18800.497,2024-05-27 04:18:00,0.0434
NQ,2024-05-27,Monday,RDR,18836.576,18808.889,27.687000000001717,18840.698,18806.387,34.31100000000151,True,LONG,2024-05-27 11:00:00,18843.887,True,False,,1.7919,0.027,1.7919,18886.189,2024-05-27 12:53:00,0.0,18841.865,2024-05-27 11:11:00,True,2024-05-27 11:14:00,0.0,0.0,False,,,
NQ,2024-05-28,Tuesday,ADR,18846.675,18822.021,24.653999999998632,18847.909,18816.464,31.44499999999971,True,LONG,2024-05-27 23:05:00,18849.187,True,True,True,0.6594,0.0,0.6594,18862.932,2024-05-28 00:30:00,0.0032,18846.597,2024-05-28 01:37:00,True,2024-05-27 23:44:00,0.0,0.0032,True,18846.597,2024-05-28 01:37:00,0.0032
NQ,2024-05-28,Tuesday,ODR,18869.851,18847.442,22.40899999999965,18873.919,18843.331,30.588000000003376,True,LONG,2024-05-28 04:05:00,18874.332,False,True,False,1.8525,0.2727,1.8525,18911.364,2024-05-28 05:00:00,1.2727,18841.332,2024-05-28 07:33:00,True,2024-05-28 04:13:00,0.0,1.2727,True,18866.332,2024-05-28 06:21:00,0.157
NQ,2024-05-28,Tuesday,RDR,18851.299,18779.542,71.75699999999779,18867.654,18771.921,95.73300000000017,True,LONG,2024-05-28 12:50:00,18868.897,False,True,True,0.3543,0.391,0.3543,18876.719,2024-05-28 15:59:00,1.391,18751.487,2024-05-28 14:39:00,False,,1.391,,True,18850.653,2024-05-28 12:58:00,0.009
NQ,2024-05-29,Wednesday,ADR,18879.189,18858.854,20.334999999999127,18880.165,18852.364,27.800999999999476,True,SHORT,2024-05-28 20:35:00,18847.81,True,False,,0.0,3.4194,3.4194,18789.32,2024-05-29 01:58:00,0.0,18850.208,2024-05-28 21:28:00,True,2024-05-28 20:40:00,0.0,0.0,False,,,
NQ,2024-05-29,Wednesday,ODR,18817.897,18779.419,38.477999999999156,18820.389,18777.665,42.72399999999834,True,SHORT,2024-05-29 04:05:00,18772.589,True,False,,0.0,1.3393,1.3393,18727.887,2024-05-29 07:27:00,0.0,18774.089,2024-05-29 04:10:00,True,2024-05-29 04:11:00,0.0,0.0,False,,,
NQ,2024-05-29,Wednesday,RDR,18792.389,18697.643,94.74599999999919,18802.986,18694.709,108.27700000000186,True,LONG,2024-05-29 10:30:00,18803.475,True,True,False,0.2376,0.0,0.2376,18814.899,2024-05-29 10:52:00,0.7765,18718.82,2024-05-29 15:55:00,False,,0.0217,,True,18790.331,2024-05-29 10:46:00,0.0217
NQ,2024-05-30,Thursday,ADR,18668.698,18646.32,22.37800000000061,18669.132,18642.675,26.457000000002154,True,SHORT,2024-05-29 22:20:00,18636.719,True,False,,0.0,2.2145,2.2145,18596.765,2024-05-30 01:45:00,0.0,18644.599,2024-05-29 22:33:00,True,2024-05-29 22:36:00,0.0,0.0,False,,,
NQ,2024-05-30,Thursday,ODR,18638.389,18596.676,41.71299999999974,18639.987,18596.676,43.31100000000151,True,LONG,2024-05-30 04:00:00,18643.409,True,True,True,1.4386,0.0,1.4386,18698.399,2024-05-30 07:47:00,0.0424,18636.621,2024-05-30 04:11:00,True,2024-05-30 04:37:00,0.0424,0.0,True,18637.664,2024-05-30 04:08:00,0.0174
NQ,2024-05-30,Thursday,RDR,18701.175,18643.286,57.888999999999214,18707.221,18620.697,86.52400000000125,True,SHORT,2024-05-30 10:35:00,18604.331,True,True,True,0.0,2.7365,2.7365,18484.875,2024-05-30 15:50:00,0.3726,18664.853,2024-05-30 13:42:00,True,2024-05-30 10:40:00,0.3726,0.3726,True,18648.399,2024-05-30 13:01:00,0.0883
NQ,2024-05-31,Friday,ADR,18510.676,18453.209,57.46700000000055,18514.989,18449.787,65.20200000000114,True,SHORT,2024-05-30 20:30:00,18449.086,True,True,False,0.0,0.2425,0.2425,18439.275,2024-05-30 20:50:00,0.8786,18503.698,2024-05-30 23:31:00,False,,0.0,,True,18455.065,2024-05-30 20:57:00,0.0323
NQ,2024-05-31,Friday,ODR,18490.686,18454.842,35.84400000000096,18493.299,18450.02,43.27899999999863,True,LONG,2024-05-31 04:15:00,18500.054,False,True,True,0.7427,0.9228,0.7427,18517.308,2024-05-31 08:28:00,1.9228,18421.764,2024-05-31 06:53:00,True,2024-05-31 04:33:00,1.9228,1.9228,True,18488.62,2024-05-31 04:51:00,0.0576
NQ,2024-05-31,Friday,RDR,18555.596,18362.908,192.68800000000192,18568.154,18360.51,207.64400000000023,True,SHORT,2024-05-31 10:30:00,18325.798,True,True,False,0.0,0.9069,0.9069,18188.154,2024-05-31 12:23:00,0.9517,18546.297,2024-05-31 15:59:00,True,2024-05-31 11:30:00,0.0,0.9517,True,18367.754,2024-05-31 15:24:00,0.0251
NQ,2024-06-03,Monday,ADR,18590.686,18529.743,60.94300000000294,18592.299,18527.553,64.74599999999919,True,LONG,2024-06-02 22:40:00,18593.775,True,True,True,0.2192,0.0,0.2192,18604.043,2024-06-03 01:20:00,0.1154,18583.654,2024-06-02 23:32:00,False,,0.1154,,True,18590.52,2024-06-02 23:01:00,0.0027
NQ,2024-06-03,Monday,ODR,18613.232,18573.342,39.88999999999942,18620.275,18570.209,50.06600000000253,True,LONG,2024-06-03 05:05:00,18621.154,True,True,True,0.9144,0.025,0.9144,18649.708,2024-06-03 08:17:00,0.388,18597.753,2024-06-03 05:49:00,True,2024-06-03 07:31:00,0.388,0.0,True,18612.543,2024-06-03 05:11:00,0.0173
NQ,2024-06-03,Monday,RDR,18680.253,18602.621,77.63200000000143,18703.164,18596.208,106.95600000000195,True,SHORT,2024-06-03 10:45:00,18558.71,True,True,False,0.0,2.7497,2.7497,18389.154,2024-06-03 13:11:00,0.019,18604.098,2024-06-03 15:59:00,True,2024-06-03 10:50:00,0.0,0.019,True,18604.098,2024-06-03 15:59:00,0.019
NQ,2024-06-04,Tuesday,ADR,18622.509,18603.21,19.29899999999907,18624.976,18601.909,23.066999999999098,True,LONG,2024-06-03 20:30:00,18626.665,False,True,False,0.3702,0.6696,0.3702,18629.654,2024-06-03 20:38:00,1.6696,18590.287,2024-06-04 01:38:00,False,,0.0,,True,18621.398,2024-06-03 20:45:00,0.0576
NQ,2024-06-04,Tuesday,ODR,18582.389,18532.665,49.72399999999834,18585.653,18519.854,65.79899999999907,True,SHORT,2024-06-04 04:30:00,18514.854,True,True,False,0.0,1.3647,1.3647,18464.809,2024-06-04 05:04:00,0.4123,18553.165,2024-06-04 08:01:00,True,2024-06-04 04:50:00,0.0,0.4123,True,18535.508,2024-06-04 07:21:00,0.0572
NQ,2024-06-04,Tuesday,RDR,18592.431,18531.409,61.022000000000844,18617.489,18521.787,95.70200000000114,True,LONG,2024-06-04 14:15:00,18639.989,True,True,True,1.779,0.1619,1.779,18700.989,2024-06-04 14:48:00,0.1957,18580.487,2024-06-04 15:07:00,True,2024-06-04 14:20:00,0.0,0.1957,True,18591.631,2024-06-04 15:04:00,0.0131
NQ,2024-06-05,Wednesday,ADR,18691.932,18677.432,14.5,18695.176,18677.364,17.81199999999808,True,SHORT,2024-06-04 21:20:00,18669.953,False,True,False,1.6927,0.7034,0.7034,18667.232,2024-06-04 21:28:00,2.6927,18716.476,2024-06-04 22:32:00,True,2024-06-04 21:25:00,0.0,2.6927,True,18677.698,2024-06-04 21:40:00,0.0183
NQ,2024-06-05,Wednesday,ODR,18689.589,18661.932,27.656999999999243,18691.243,18654.654,36.58899999999994,True,LONG,2024-06-05 04:00:00,18693.819,True,True,True,2.8133,0.0,2.8133,18767.397,2024-06-05 08:15:00,0.1737,18684.786,2024-06-05 04:22:00,True,2024-06-05 04:45:00,0.1737,0.0,True,18688.21,2024-06-05 04:06:00,0.0499
NQ,2024-06-05,Wednesday,RDR,18844.786,18773.621,71.16500000000087,18846.697,18756.342,90.35499999999956,True,LONG,2024-06-05 10:30:00,18882.621,True,False,,2.6404,0.0,2.6404,19032.689,2024-06-05 15:56:00,0.0,18857.643,2024-06-05 10:51:00,True,2024-06-05 10:35:00,0.0,0.0,False,,,
NQ,2024-06-06,Thursday,ADR,19049.11,19026.61,22.5,19050.721,19024.653,26.06800000000294,True,SHORT,2024-06-05 20:35:00,19023.409,False,True,False,0.6973,0.2144,0.1428,19023.398,2024-06-05 20:40:00,1.6973,19064.799,2024-06-05 23:35:00,False,,0.0,,True,19028.909,2024-06-05 20:41:00,0.1022
NQ,2024-06-06,Thursday,ODR,19056.989,19040.621,16.368000000002212,19057.176,19033.654,23.522000000000844,True,LONG,2024-06-06 04:15:00,19058.62,False,True,False,1.1871,0.8534,1.1871,19076.419,2024-06-06 08:15:00,1.8534,19026.653,2024-06-06 05:43:00,True,2024-06-06 08:13:00,1.8534,0.9151,True,19055.842,2024-06-06 04:20:00,0.0701
NQ,2024-06-06,Thursday,RDR,19067.409,18986.875,80.53399999999965,19070.176,18986.064,84.11200000000099,True,SHORT,2024-06-06 14:05:00,18982.221,True,True,False,0.0,0.1573,0.1573,18974.21,2024-06-06 14:10:00,0.5727,19032.999,2024-06-06 14:53:00,False,,0.0264,,True,18988.999,2024-06-06 14:10:00,0.0264
NQ,2024-06-07,Friday,ADR,19042.132,19034.009,8.12300000000323,19042.489,19031.32,11.169000000001688,True,LONG,2024-06-06 20:40:00,19042.689,True,True,True,2.7412,0.0,2.7412,19064.399,2024-06-07 01:36:00,0.546,19037.697,2024-06-06 21:21:00,True,2024-06-06 21:31:00,0.546,0.0,True,19041.376,2024-06-06 20:45:00,0.0931
NQ,2024-06-07,Friday,ODR,19060.876,19039.919,20.956999999998516,19066.465,19036.764,29.70100000000093,True,SHORT,2024-06-07 05:15:00,19036.176,True,True,False,0.1167,1.125,1.125,19016.343,2024-06-07 07:27:00,1.1167,19063.321,2024-06-07 08:13:00,True,2024-06-07 06:45:00,0.3802,1.1167,True,19040.499,2024-06-07 05:21:00,0.0277
NQ,2024-06-07,Friday,RDR,19020.853,18957.175,63.677999999999884,19028.697,18954.898,73.79899999999907,True,LONG,2024-06-07 10:35:00,19037.187,True,True,False,1.5203,0.0,1.5203,19117.665,2024-06-07 13:24:00,0.9736,18958.854,2024-06-07 14:15:00,True,2024-06-07 10:40:00,0.6538,0.9736,True,19014.464,2024-06-07 11:00:00,0.1003
NQ,2024-06-10,Monday,ADR,18998.785,18981.21,17.575000000000728,19002.621,18978.199,24.42199999999866,True,LONG,2024-06-09 23:00:00,19002.686,True,False,,0.8725,0.014,0.8725,19014.12,2024-06-10 01:21:00,0.0,18999.742,2024-06-10 00:16:00,True,2024-06-09 23:10:00,0.0,0.0,False,,,
NQ,2024-06-10,Monday,ODR,18983.42,18967.251,16.16899999999805,18990.199,18955.61,34.58899999999994,True,SHORT,2024-06-10 05:20:00,18943.91,False,True,False,1.1724,1.8539,1.8539,18937.275,2024-06-10 05:25:00,2.1724,19002.376,2024-06-10 07:35:00,True,2024-06-10 05:25:00,0.0,2.1724,True,18969.832,2024-06-10 05:42:00,0.1596
NQ,2024-06-10,Monday,RDR,18998.986,18951.997,46.9890000000014,19001.354,18942.131,59.22299999999814,True,LONG,2024-06-10 10:35:00,19002.787,True,True,True,2.0161,0.0,2.0161,19093.721,2024-06-10 15:15:00,0.1419,18992.319,2024-06-10 10:44:00,True,2024-06-10 10:55:00,0.1419,0.0118,True,18997.897,2024-06-10 10:42:00,0.0232
NQ,2024-06-11,Tuesday,ADR,19051.786,19042.486,9.299999999999272,19053.799,19041.142,12.656999999999243,True,LONG,2024-06-10 21:35:00,19055.742,True,True,True,2.0991,0.0,2.0991,19071.308,2024-06-11 01:59:00,0.829,19044.076,2024-06-10 23:39:00,True,2024-06-10 21:41:00,0.829,0.829,True,19049.454,2024-06-10 22:31:00,0.2508
NQ,2024-06-11,Tuesday,ODR,19064.899,19049.686,15.212999999999738,19068.575,19047.631,20.943999999999505,True,SHORT,2024-06-11 04:35:00,19046.289,True,False,,0.1715,3.6168,3.6168,18994.664,2024-06-11 07:09:00,0.0,19049.531,2024-06-11 04:41:00,True,2024-06-11 04:46:00,0.0,0.0,False,,,
NQ,2024-06-11,Tuesday,RDR,19056.486,18965.22,91.26599999999962,19060.697,18964.554,96.14300000000003,True,LONG,2024-06-11 10:35:00,19061.708,True,True,True,1.7217,0.0,1.7217,19213.62,2024-06-11 15:59:00,0.2505,19033.621,2024-06-11 11:51:00,True,2024-06-11 10:53:00,0.2505,0.2505,True,19046.497,2024-06-11 11:43:00,0.1094
NQ,2024-06-12,Wednesday,ADR,19232.953,19216.997,15.95600000000195,19233.689,19216.108,17.580999999998312,True,SHORT,2024-06-11 20:30:00,19213.076,False,True,False,0.126,0.6984,0.6984,19205.854,2024-06-11 20:52:00,1.126,19234.964,2024-06-12 00:00:00,True,2024-06-11 20:49:00,0.0064,1.126,True,19217.099,2024-06-11 20:37:00,0.0064
NQ,2024-06-12,Wednesday,ODR,19223.186,19212.131,11.055000000000291,19225.321,19208.531,16.790000000000873,True,LONG,2024-06-12 04:10:00,19227.62,True,True,True,4.5692,0.0,4.5692,19273.698,2024-06-12 08:29:00,0.9578,19212.598,2024-06-12 04:29:00,True,2024-06-12 04:15:00,0.9578,0.9578,True,19220.643,2024-06-12 04:17:00,0.23
NQ,2024-06-12,Wednesday,RDR,19511.997,19370.808,141.1889999999985,19513.008,19343.898,169.11000000000058,True,LONG,2024-06-12 15:10:00,19524.508,True,True,False,0.3194,0.0,0.3194,19557.099,2024-06-12 15:22:00,0.7782,19402.119,2024-06-12 15:42:00,False,,0.0,,True,19499.32,2024-06-12 15:23:00,0.0898
NQ,2024-06-13,Thursday,ADR,19588.21,19565.021,23.188999999998487,19591.343,19563.52,27.82300000000032,True,LONG,2024-06-12 20:30:00,19592.653,True,True,True,0.9415,0.0,0.9415,19610.042,2024-06-13 00:54:00,0.31,19581.021,2024-06-12 22:38:00,True,2024-06-12 23:27:00,0.31,0.0,True,19586.543,2024-06-12 20:39:00,0.0719
NQ,2024-06-13,Thursday,ODR,19638.599,19609.686,28.912999999996828,19641.499,19605.676,35.82300000000032,True,SHORT,2024-06-13 04:45:00,19601.687,True,True,True,0.0,1.9387,1.9387,19553.632,2024-06-13 05:51:00,0.2491,19616.887,2024-06-13 05:06:00,True,2024-06-13 05:25:00,0.2491,0.1246,True,19610.889,2024-06-13 04:59:00,0.0416
NQ,2024-06-13,Thursday,RDR,19629.308,19513.131,116.17699999999968,19633.799,19508.364,125.43499999999767,True,SHORT,2024-06-13 12:20:00,19500.243,True,True,False,0.0,0.3439,0.3439,19473.176,2024-06-13 12:30:00,0.7926,19605.209,2024-06-13 15:59:00,False,,0.0,,True,19514.489,2024-06-13 12:34:00,0.0117
NQ,2024-06-14,Friday,ADR,19600.389,19588.876,11.51299999999901,19600.889,19587.219,13.669999999998254,True,LONG,2024-06-13 21:50:00,19602.889,True,False,,1.9812,0.0222,1.9812,19623.199,2024-06-14 01:59:00,0.0,19600.61,2024-06-13 22:06:00,True,2024-06-13 21:57:00,0.0,0.0,False,,,
NQ,2024-06-14,Friday,ODR,19630.796,19587.42,43.376000000000204,19634.432,19584.653,49.77900000000227,True,SHORT,2024-06-14 05:05:00,19581.342,True,True,True,0.0,2.517,2.517,19478.242,2024-06-14 07:08:00,0.1053,19591.989,2024-06-14 05:24:00,True,2024-06-14 05:34:00,0.1053,0.0,True,19591.697,2024-06-14 05:23:00,0.0986
NQ,2024-06-14,Friday,RDR,19627.421,19554.285,73.1359999999986,19628.776,19534.675,94.10100000000239,True,LONG,2024-06-14 13:10:00,19631.265,True,True,True,0.5808,0.1416,0.5808,19669.899,2024-06-14 15:59:00,0.2586,19608.51,2024-06-14 14:17:00,True,2024-06-14 15:59:00,0.2586,0.0,True,19626.12,2024-06-14 13:18:00,0.0178
NQ,2024-06-17,Monday,ADR,19697.231,19690.208,7.023000000001048,19699.198,19686.298,12.900000000001455,True,SHORT,2024-06-16 20:35:00,19684.409,True,False,,0.0,3.5011,3.5011,19665.62,2024-06-16 21:17:00,0.0,19687.875,2024-06-17 01:38:00,True,2024-06-16 20:40:00,0.0,0.0,False,,,
NQ,2024-06-17,Monday,ODR,19704.609,19685.586,19.023000000001048,19714.12,19681.01,33.11000000000058,True,LONG,2024-06-17 04:05:00,19715.242,False,True,False,1.2974,0.6792,1.2974,19729.289,2024-06-17 04:17:00,1.6792,19672.665,2024-06-17 06:30:00,True,2024-06-17 04:10:00,0.0,1.6792,True,19700.02,2024-06-17 04:30:00,0.2412
NQ,2024-06-17,Monday,RDR,19693.075,19628.265,64.81000000000131,19703.597,19624.032,79.56500000000233,True,LONG,2024-06-17 11:00:00,19712.709,True,False,,4.5866,0.0,4.5866,19990.332,2024-06-17 14:11:00,0.0,19712.576,2024-06-17 11:05:00,True,2024-06-17 11:06:00,0.0,0.0,False,,,
NQ,2024-06-18,Tuesday,ADR,19917.842,19894.787,23.05500000000029,19919.876,19894.71,25.166000000001077,True,SHORT,2024-06-17 20:30:00,19891.721,True,True,False,0.0,1.1075,1.1075,19869.254,2024-06-17 21:59:00,0.4862,19905.997,2024-06-17 23:26:00,True,2024-06-17 20:37:00,0.2468,0.4862,True,19894.799,2024-06-17 20:43:00,0.0005
NQ,2024-06-18,Tuesday,ODR,19923.886,19903.342,20.54399999999805,19926.289,19901.342,24.947000000000116,True,LONG,2024-06-18 04:05:00,19935.753,True,True,True,1.8946,0.0,1.8946,19962.809,2024-06-18 05:15:00,0.1887,19920.01,2024-06-18 04:22:00,True,2024-06-18 04:10:00,0.1887,0.1887,True,19922.586,2024-06-18 04:21:00,0.0633
NQ,2024-06-18,Tuesday,RDR,19922.032,19887.752,34.279999999998836,19931.099,19876.864,54.234999999996944,True,SHORT,2024-06-18 10:55:00,19875.597,False,True,False,0.537,1.4102,1.4102,19839.41,2024-06-18 11:14:00,1.537,19940.442,2024-06-18 13:50:00,True,2024-06-18 11:04:00,0.1313,1.537,True,19889.531,2024-06-18 11:01:00,0.0519
NQ,2024-06-19,Wednesday,ADR,19934.965,19920.931,14.03399999999965,19935.976,19920.021,15.954999999998108,True,LONG,2024-06-18 23:10:00,19936.309,True,True,False,0.2082,0.1014,0.0943,19936.289,2024-06-18 23:15:00,0.7586,19924.319,2024-06-19 00:55:00,False,,0.2138,,True,19931.964,2024-06-18 23:15:00,0.2138
NQ,2024-06-19,Wednesday,ODR,19946.453,19939.308,7.145000000000437,19948.842,19935.743,13.099000000001979,True,SHORT,2024-06-19 04:35:00,19934.797,False,True,False,1.3766,0.7633,0.6826,19934.431,2024-06-19 04:40:00,2.3766,19956.289,2024-06-19 07:03:00,True,2024-06-19 04:40:00,0.0,2.3766,True,19940.089,2024-06-19 04:53:00,0.1093
NQ,2024-06-19,Wednesday,RDR,19958.299,19946.886,11.413000000000466,19963.408,19946.81,16.597999999998137,True,SHORT,2024-06-19 10:30:00,19937.542,True,True,True,0.0962,1.0378,1.032,19935.108,2024-06-19 10:35:00,1.0962,19959.397,2024-06-19 11:37:00,True,2024-06-19 10:35:00,0.0,1.0962,True,19948.765,2024-06-19 10:42:00,0.1646
NQ,2024-06-20,Thursday,ADR,19956.497,19945.119,11.378000000000611,19956.853,19944.754,12.098999999998341,True,LONG,2024-06-19 20:30:00,19957.521,True,False,,7.8641,0.0,7.8641,20045.975,2024-06-20 01:04:00,0.0,19957.42,2024-06-19 20:37:00,True,2024-06-19 20:48:00,0.0,0.0,False,,,
NQ,2024-06-20,Thursday,ODR,20064.376,20024.453,39.922999999998865,20083.989,20021.943,62.046000000002095,True,SHORT,2024-06-20 07:35:00,20017.754,True,True,True,0.0,0.7575,0.7575,19994.21,2024-06-20 08:10:00,0.0392,20026.019,2024-06-20 07:43:00,True,2024-06-20 07:53:00,0.0392,0.0,True,20026.019,2024-06-20 07:43:00,0.0392
NQ,2024-06-20,Thursday,RDR,19974.854,19840.019,134.83499999999913,19976.989,19836.108,140.88100000000122,True,SHORT,2024-06-20 12:20:00,19807.487,True,False,,0.0,1.1969,1.1969,19678.632,2024-06-20 13:39:00,0.0,19834.721,2024-06-20 12:25:00,True,2024-06-20 12:30:00,0.0,0.0,False,,,
NQ,2024-06-21,Friday,ADR,19801.586,19778.999,22.586999999999534,19802.531,19777.242,25.28900000000067,True,SHORT,2024-06-20 20:35:00,19773.231,False,True,False,0.1638,0.7871,0.7871,19761.22,2024-06-20 21:08:00,1.1638,19805.286,2024-06-21 01:37:00,True,2024-06-20 20:50:00,0.0314,1.1638,True,19779.553,2024-06-20 20:46:00,0.0245
NQ,2024-06-21,Friday,ODR,19797.776,19739.176,58.60000000000218,19799.719,19733.01,66.70900000000256,True,SHORT,2024-06-21 04:10:00,19722.719,True,True,True,0.0,1.0681,1.0681,19676.587,2024-06-21 04:40:00,0.5553,19771.719,2024-06-21 07:06:00,True,2024-06-21 04:17:00,0.0,0.5553,True,19743.108,2024-06-21 05:40:00,0.0671
NQ,2024-06-21,Friday,RDR,19749.787,19647.553,102.23400000000038,19756.631,19641.897,114.73400000000038,True,LONG,2024-06-21 11:15:00,19761.22,True,True,False,0.5204,0.0,0.5204,19802.989,2024-06-21 12:05:00,0.7012,19678.098,2024-06-21 13:35:00,True,2024-06-21 12:05:00,0.4504,0.7012,True,19739.32,2024-06-21 11:22:00,0.1024
NQ,2024-06-24,Monday,ADR,19748.608,19728.676,19.9320000000007,19748.699,19724.631,24.0679999999993,True,SHORT,2024-06-23 21:05:00,19714.889,True,False,,0.0,4.2979,4.2979,19643.01,2024-06-23 21:21:00,0.0,19721.099,2024-06-24 01:58:00,True,2024-06-23 21:10:00,0.0,0.0,False,,,
NQ,2024-06-24,Monday,ODR,19744.642,19717.332,27.31000000000131,19752.899,19706.42,46.479000000003,True,SHORT,2024-06-24 05:30:00,19697.699,True,False,,0.3389,2.4505,2.4505,19650.41,2024-06-24 08:05:00,0.0,19707.887,2024-06-24 07:05:00,True,2024-06-24 05:35:00,0.0,0.0,False,,,
NQ,2024-06-24,Monday,RDR,19719.054,19595.031,124.02300000000105,19721.889,19591.931,129.95799999999872,True,SHORT,2024-06-24 10:40:00,19588.419,True,True,True,0.0,1.0005,1.0005,19470.943,2024-06-24 15:57:00,0.5191,19659.408,2024-06-24 11:20:00,True,2024-06-24 13:12:00,0.5191,0.0,True,19607.554,2024-06-24 10:45:00,0.101
NQ,2024-06-25,Tuesday,ADR,19504.475,19491.932,12.542999999997846,19507.089,19490.119,16.970000000001164,True,SHORT,2024-06-24 20:55:00,19484.498,False,True,False,2.9942,1.3572,1.3572,19474.909,2024-06-24 21:18:00,3.9942,19542.031,2024-06-25 01:38:00,True,2024-06-24 21:00:00,0.0,3.9942,True,19492.409,2024-06-24 21:33:00,0.038
NQ,2024-06-25,Tuesday,ODR,19513.709,19470.421,43.288000000000466,19516.709,19463.486,53.22299999999814,True,LONG,2024-06-25 04:20:00,19520.053,True,False,,1.5878,0.2721,1.5878,19582.443,2024-06-25 07:19:00,0.0,19516.365,2024-06-25 04:25:00,True,2024-06-25 04:34:00,0.0,0.0,False,,,
NQ,2024-06-25,Tuesday,RDR,19626.054,19537.876,88.17799999999988,19629.708,19525.398,104.30999999999767,True,LONG,2024-06-25 11:10:00,19654.589,True,True,True,1.0165,0.0,1.0165,19715.689,2024-06-25 15:29:00,0.6169,19571.653,2024-06-25 13:06:00,True,2024-06-25 11:17:00,0.6169,0.6169,True,19625.375,2024-06-25 12:44:00,0.0077
NQ,2024-06-26,Wednesday,ADR,19716.064,19701.875,14.188999999998487,19720.119,19700.22,19.898999999997613,True,LONG,2024-06-25 20:50:00,19723.386,True,False,,2.5857,0.0,2.5857,19752.753,2024-06-26 01:58:00,0.0,19717.932,2024-06-25 23:37:00,True,2024-06-25 20:55:00,0.0,0.0,False,,,
NQ,2024-06-26,Wednesday,ODR,19804.476,19730.454,74.0219999999972,19805.397,19727.575,77.82200000000012,True,SHORT,2024-06-26 07:30:00,19720.076,True,True,True,0.0315,0.373,0.373,19702.843,2024-06-26 08:29:00,0.0914,19737.221,2024-06-26 07:58:00,False,,0.0914,,True,19730.575,2024-06-26 07:36:00,0.0016
NQ,2024-06-26,Wednesday,RDR,19750.243,19659.319,90.92399999999907,19763.242,19657.275,105.96699999999691,False,,,,,,,0.1668,0.0964,,,,,,,False,,,,False,,,
NQ,2024-06-27,Thursday,ADR,19658.698,19647.61,11.087999999999738,19660.609,19647.02,13.588999999999942,True,SHORT,2024-06-26 20:35:00,19627.909,False,True,False,3.5124,2.9552,2.9552,19614.843,2024-06-26 20:46:00,4.5124,19697.643,2024-06-27 01:44:00,True,2024-06-26 20:40:00,0.0,4.5124,True,19649.787,2024-06-26 21:26:00,0.1963
NQ,2024-06-27,Thursday,ODR,19709.662,19687.386,22.27600000000166,19713.154,19686.353,26.800999999999476,True,SHORT,2024-06-27 04:20:00,19678.808,False,True,False,1.0067,0.609,0.609,19673.82,2024-06-27 04:26:00,2.0067,19732.087,2024-06-27 06:34:00,True,2024-06-27 04:25:00,0.0,2.0067,True,19688.407,2024-06-27 04:31:00,0.0458
NQ,2024-06-27,Thursday,RDR,19851.787,19730.51,121.27700000000186,19857.087,19730.197,126.88999999999942,True,SHORT,2024-06-27 11:30:00,19706.598,True,True,False,0.0,0.3027,0.3027,19693.797,2024-06-27 11:36:00,0.6168,19805.319,2024-06-27 13:41:00,False,,0.0,,True,19731.564,2024-06-27 11:58:00,0.0087
NQ,2024-06-28,Friday,ADR,19850.265,19840.62,9.645000000000437,19850.589,19838.343,12.245999999999185,True,SHORT,2024-06-27 20:50:00,19834.153,False,True,False,3.8314,1.0357,1.0357,19830.631,2024-06-27 21:01:00,4.8314,19887.219,2024-06-27 22:31:00,True,2024-06-27 20:55:00,0.0068,4.8314,True,19840.686,2024-06-27 20:57:00,0.0068
NQ,2024-06-28,Friday,ODR,19866.12,19852.897,13.222999999998137,19870.798,19852.554,18.243999999998778,True,SHORT,2024-06-28 04:05:00,19842.131,False,True,False,2.6813,0.9923,0.9923,19839.776,2024-06-28 04:10:00,3.6813,19901.575,2024-06-28 08:28:00,True,2024-06-28 04:10:00,0.0,3.6813,True,19854.252,2024-06-28 04:21:00,0.1025
NQ,2024-06-28,Friday,RDR,20013.289,19790.898,222.39099999999962,20021.743,19788.698,233.04499999999825,True,SHORT,2024-06-28 12:35:00,19755.775,True,True,True,0.0,0.5851,0.5851,19660.787,2024-06-28 15:34:00,0.1568,19825.776,2024-06-28 14:15:00,True,2024-06-28 15:33:00,0.1568,0.0,True,19792.299,2024-06-28 12:59:00,0.0063
NQ,2024-07-01,Monday,ADR,19729.843,19701.597,28.245999999999185,19732.331,19687.698,44.63299999999799,True,LONG,2024-06-30 20:30:00,19732.908,True,True,True,1.2155,0.0,1.2155,19764.176,2024-07-01 01:58:00,0.1125,19726.665,2024-06-30 20:52:00,True,2024-06-30 21:09:00,0.1125,0.0,True,19729.164,2024-06-30 20:35:00,0.024
NQ,2024-07-01,Monday,ODR,19766.084,19701.153,64.9310000000005,19771.397,19687.121,84.27600000000166,True,SHORT,2024-07-01 04:40:00,19679.219,True,True,False,0.0,0.6757,0.6757,19657.276,2024-07-01 05:13:00,0.6816,19745.408,2024-07-01 08:25:00,True,2024-07-01 05:07:00,0.056,0.6816,True,19703.865,2024-07-01 04:47:00,0.0418
NQ,2024-07-01,Monday,RDR,19727.31,19579.232,148.07800000000134,19742.387,19571.098,171.28899999999703,True,LONG,2024-07-01 12:05:00,19763.532,True,False,,0.7008,0.0,0.7008,19831.089,2024-07-01 15:56:00,0.0,19737.042,2024-07-01 13:23:00,True,2024-07-01 14:16:00,0.0,0.0,False,,,
NQ,2024-07-02,Tuesday,ADR,19782.086,19745.165,36.92099999999846,19784.597,19740.119,44.478000000002794,True,SHORT,2024-07-01 20:30:00,19738.043,True,True,False,0.0,0.6599,0.6599,19720.799,2024-07-01 22:49:00,0.7376,19772.399,2024-07-02 01:45:00,True,2024-07-01 22:49:00,0.3467,0.7376,True,19746.92,2024-07-01 20:49:00,0.0475
NQ,2024-07-02,Tuesday,ODR,19747.886,19700.719,47.16699999999764,19747.897,19694.698,53.199000000000524,True,SHORT,2024-07-02 07:10:00,19694.41,True,True,False,0.0,0.6636,0.6636,19669.421,2024-07-02 07:53:00,0.3326,19716.409,2024-07-02 08:25:00,True,2024-07-02 07:50:00,0.0,0.3326,True,19701.289,2024-07-02 08:07:00,0.0121
NQ,2024-07-02,Tuesday,RDR,19833.842,19740.587,93.25500000000102,19858.11,19736.719,121.39099999999962,True,LONG,2024-07-02 10:50:00,19873.064,True,True,True,1.9352,0.0,1.9352,20014.31,2024-07-02 15:59:00,0.1045,19824.098,2024-07-02 12:10:00,True,2024-07-02 10:57:00,0.1045,0.1045,True,19824.098,2024-07-02 12:10:00,0.1045
NQ,2024-07-03,Wednesday,ADR,20007.397,19991.275,16.12199999999939,20009.399,19991.11,18.28900000000067,True,SHORT,2024-07-02 23:25:00,19990.62,True,True,False,0.1812,0.113,0.0337,19990.731,2024-07-02 23:30:00,0.9691,20006.899,2024-07-03 01:24:00,False,,0.1683,,True,19993.989,2024-07-02 23:30:00,0.1683
NQ,2024-07-03,Wednesday,ODR,20012.265,19995.61,16.654999999998836,20013.319,19992.153,21.166000000001077,True,LONG,2024-07-03 04:20:00,20013.621,False,True,False,1.6151,0.8487,1.6151,20039.164,2024-07-03 04:50:00,1.8487,19981.475,2024-07-03 08:28:00,True,2024-07-03 04:39:00,0.0,1.8487,True,20010.832,2024-07-03 07:00:00,0.086
NQ,2024-07-03,Wednesday,RDR,20048.399,19977.089,71.31000000000131,20058.497,19976.429,82.0679999999993,True,LONG,2024-07-03 10:40:00,20064.365,True,False,,2.0893,0.0,2.0893,20197.389,2024-07-03 13:05:00,0.0,20056.121,2024-07-03 10:52:00,True,2024-07-03 10:58:00,0.0,0.0,False,,,
NQ,2024-07-04,Thursday,ADR,20171.643,20160.687,10.955999999998312,20172.764,20160.176,12.587999999999738,True,LONG,2024-07-03 21:40:00,20176.697,False,True,False,0.6378,0.1896,0.6378,20178.631,2024-07-03 21:45:00,1.1623,20158.909,2024-07-04 00:37:00,True,2024-07-03 21:45:00,0.0,1.1623,True,20170.976,2024-07-03 21:51:00,0.0609
NQ,2024-07-04,Thursday,ODR,20169.732,20160.697,9.034999999999854,20171.198,20159.631,11.566999999999098,True,SHORT,2024-07-04 05:00:00,20158.989,True,True,False,0.0,0.3333,0.2607,20158.342,2024-07-04 05:07:00,0.8339,20168.231,2024-07-04 06:53:00,False,,0.0012,,True,20160.708,2024-07-04 05:06:00,0.0012
NQ,2024-07-04,Thursday,RDR,20166.753,20137.886,28.867000000002008,20168.699,20134.632,34.0669999999991,True,SHORT,2024-07-04 10:45:00,20132.719,True,True,False,0.0,0.1982,0.1982,20132.164,2024-07-04 10:51:00,0.6243,20155.908,2024-07-04 11:36:00,False,,0.0,,True,20138.189,2024-07-04 10:54:00,0.0105
NQ,2024-07-05,Friday,ADR,20164.131,20157.509,6.622000000003027,20167.408,20156.509,10.899000000001251,True,LONG,2024-07-04 20:40:00,20173.398,True,False,,5.1309,0.0,5.1309,20198.108,2024-07-05 01:58:00,0.0,20168.353,2024-07-04 22:05:00,True,2024-07-04 20:45:00,0.0,0.0,False,,,
NQ,2024-07-05,Friday,ODR,20219.097,20196.189,22.908000000003085,20222.108,20193.654,28.454000000001543,True,LONG,2024-07-05 04:10:00,20222.465,False,True,False,0.2528,0.2523,0.2528,20224.889,2024-07-05 04:15:00,1.2523,20190.41,2024-07-05 08:15:00,False,,0.0,,True,20213.52,2024-07-05 04:16:00,0.2435
NQ,2024-07-05,Friday,RDR,20300.232,20209.308,90.92399999999907,20314.489,20196.564,117.92500000000291,True,LONG,2024-07-05 11:10:00,20333.319,True,False,,1.1536,0.0,1.1536,20405.119,2024-07-05 15:54:00,0.0,20311.776,2024-07-05 11:21:00,True,2024-07-05 11:40:00,0.0,0.0,False,,,
NQ,2024-07-08,Monday,ADR,20367.875,20354.921,12.954000000001543,20369.11,20351.243,17.867000000002008,True,SHORT,2024-07-07 21:00:00,20350.621,True,True,True,0.1158,0.6554,0.6554,20346.431,2024-07-07 21:05:00,1.1158,20369.375,2024-07-07 22:23:00,True,2024-07-07 21:05:00,0.0,1.1158,True,20357.989,2024-07-07 21:15:00,0.2368
NQ,2024-07-08,Monday,ODR,20373.364,20356.332,17.03200000000288,20374.899,20356.186,18.712999999999738,True,LONG,2024-07-08 04:20:00,20375.164,True,True,True,1.7529,0.0,1.7529,20403.219,2024-07-08 08:26:00,0.3072,20368.132,2024-07-08 05:00:00,True,2024-07-08 04:34:00,0.3072,0.3072,True,20373.12,2024-07-08 04:25:00,0.0143
NQ,2024-07-08,Monday,RDR,20409.397,20380.81,28.586999999999534,20421.186,20368.509,52.67700000000332,True,LONG,2024-07-08 11:20:00,20430.843,True,True,True,1.7783,0.6635,1.7783,20460.232,2024-07-08 15:55:00,0.9787,20381.42,2024-07-08 12:26:00,True,2024-07-08 11:25:00,0.9787,0.9787,True,20408.165,2024-07-08 11:38:00,0.0431
NQ,2024-07-09,Tuesday,ADR,20521.687,20494.91,26.777000000001863,20522.398,20492.365,30.032999999999447,True,SHORT,2024-07-08 21:55:00,20484.754,True,True,False,0.0,0.627,0.627,20478.121,2024-07-08 22:10:00,0.7909,20516.089,2024-07-09 01:18:00,True,2024-07-08 22:06:00,0.0,0.7909,True,20494.999,2024-07-08 22:47:00,0.0033
NQ,2024-07-09,Tuesday,ODR,20513.019,20489.62,23.39900000000125,20513.497,20486.71,26.787000000000262,True,LONG,2024-07-09 05:25:00,20516.176,False,True,False,0.3619,0.2426,0.3619,20521.487,2024-07-09 05:54:00,1.2426,20483.943,2024-07-09 08:27:00,False,,0.0,,True,20510.631,2024-07-09 06:00:00,0.1021
NQ,2024-07-09,Tuesday,RDR,20537.984,20479.165,58.818999999999505,20546.399,20468.843,77.5560000000005,True,SHORT,2024-07-09 11:20:00,20458.021,True,True,True,0.0,1.5231,1.5231,20389.576,2024-07-09 13:25:00,0.1914,20490.421,2024-07-09 12:13:00,True,2024-07-09 11:25:00,0.1914,0.1914,True,20479.565,2024-07-09 11:49:00,0.0068
NQ,2024-07-10,Wednesday,ADR,20481.832,20470.12,11.711999999999534,20482.799,20469.642,13.156999999999243,True,LONG,2024-07-09 20:55:00,20484.064,True,True,False,0.8462,0.0,0.8462,20491.743,2024-07-10 00:59:00,0.9032,20471.254,2024-07-10 01:55:00,True,2024-07-09 23:03:00,0.4868,0.9032,True,20481.521,2024-07-09 21:03:00,0.0266
NQ,2024-07-10,Wednesday,ODR,20490.289,20476.064,14.225000000002183,20493.376,20472.609,20.766999999999825,True,LONG,2024-07-10 04:00:00,20495.132,True,False,,3.4446,0.0,3.4446,20539.289,2024-07-10 08:10:00,0.0,20492.586,2024-07-10 04:20:00,True,2024-07-10 04:05:00,0.0,0.0,False,,,
NQ,2024-07-10,Wednesday,RDR,20568.097,20511.575,56.522000000000844,20570.807,20497.276,73.53099999999904,True,SHORT,2024-07-10 11:00:00,20495.108,False,True,False,2.1445,0.6013,0.4159,20488.065,2024-07-10 11:06:00,3.1445,20689.309,2024-07-10 15:54:00,False,,0.0,,True,20512.132,2024-07-10 11:12:00,0.0099
NQ,2024-07-11,Thursday,ODR,20659.31,20649.575,9.735000000000582,20661.343,20647.565,13.778000000002066,True,SHORT,2024-07-11 08:15:00,20644.52,False,True,False,0.6778,0.9723,0.9723,20640.11,2024-07-11 08:22:00,1.2785,20662.021,2024-07-11 08:29:00,True,2024-07-11 08:20:00,0.0,1.2785,True,20654.064,2024-07-11 08:25:00,0.4611
NQ,2024-07-11,Thursday,RDR,20670.796,20445.076,225.71999999999753,20677.489,20434.542,242.94700000000012,True,SHORT,2024-07-11 10:40:00,20428.121,True,True,True,0.0,1.251,1.251,20162.698,2024-07-11 14:07:00,0.0586,20458.309,2024-07-11 10:52:00,True,2024-07-11 11:24:00,0.0586,0.0,True,20458.309,2024-07-11 10:52:00,0.0586
NQ,2024-07-12,Friday,ADR,20245.389,20206.062,39.3269999999975,20246.197,20194.798,51.39900000000125,True,SHORT,2024-07-12 00:50:00,20183.708,True,True,False,0.0,1.0775,1.0775,20163.686,2024-07-12 01:15:00,0.1738,20212.897,2024-07-12 01:40:00,True,2024-07-12 00:55:00,0.0,0.1738,True,20210.608,2024-07-12 01:30:00,0.1156
NQ,2024-07-12,Friday,ODR,20220.22,20177.52,42.70000000000073,20222.489,20172.197,50.29200000000128,True,LONG,2024-07-12 04:25:00,20222.521,True,True,False,0.44,0.0,0.44,20239.01,2024-07-12 05:07:00,0.5743,20195.697,2024-07-12 07:09:00,False,,0.0692,,True,20218.643,2024-07-12 04:34:00,0.0369
NQ,2024-07-12,Friday,RDR,20361.286,20232.221,129.0649999999987,20378.619,20218.764,159.85499999999956,True,LONG,2024-07-12 10:30:00,20390.086,True,True,False,1.2969,0.0,1.2969,20528.676,2024-07-12 13:57:00,0.469,20300.753,2024-07-12 15:50:00,True,2024-07-12 10:41:00,0.1259,0.469,True,20353.276,2024-07-12 12:09:00,0.0621
NQ,2024-07-15,Monday,ADR,20352.854,20336.532,16.322000000000116,20356.309,20332.742,23.567000000002736,True,LONG,2024-07-14 20:30:00,20359.619,True,True,True,3.1641,0.0,3.1641,20404.499,2024-07-15 01:55:00,0.0776,20351.587,2024-07-14 22:18:00,True,2024-07-14 20:35:00,0.0776,0.0776,True,20351.587,2024-07-14 22:18:00,0.0776
NQ,2024-07-15,Monday,ODR,20422.187,20407.11,15.077000000001135,20423.665,20403.087,20.57800000000134,True,LONG,2024-07-15 07:00:00,20424.131,False,True,False,1.4069,1.0988,1.4069,20443.399,2024-07-15 07:32:00,2.0988,20390.543,2024-07-15 08:02:00,True,2024-07-15 07:06:00,0.034,2.0988,True,20421.675,2024-07-15 07:07:00,0.034
NQ,2024-07-15,Monday,RDR,20477.799,20393.299,84.5,20482.299,20376.676,105.62299999999959,True,LONG,2024-07-15 10:30:00,20491.653,False,True,False,1.2906,1.0839,1.2906,20586.853,2024-07-15 11:24:00,2.0839,20301.71,2024-07-15 15:52:00,True,2024-07-15 10:50:00,0.0,2.0839,True,20461.397,2024-07-15 11:45:00,0.1941
NQ,2024-07-16,Tuesday,ADR,20439.306,20426.789,12.516999999999825,20440.098,20425.043,15.055000000000291,True,SHORT,2024-07-15 20:35:00,20417.675,False,True,False,0.9981,0.8719,0.8719,20415.875,2024-07-15 20:45:00,1.9981,20451.799,2024-07-15 22:58:00,True,2024-07-15 20:40:00,0.0,1.9981,True,20427.064,2024-07-15 20:50:00,0.022
NQ,2024-07-16,Tuesday,ODR,20416.884,20363.298,53.58599999999933,20416.884,20360.353,56.53099999999904,True,SHORT,2024-07-16 04:00:00,20357.231,False,True,False,0.3208,0.461,0.461,20338.597,2024-07-16 04:12:00,1.3208,20434.076,2024-07-16 07:04:00,False,,0.0,,True,20366.797,2024-07-16 04:21:00,0.0653
NQ,2024-07-16,Tuesday,RDR,20477.854,20297.52,180.33399999999892,20481.489,20283.764,197.72500000000218,True,SHORT,2024-07-16 12:30:00,20272.953,True,True,False,0.0,0.1954,0.1703,20266.808,2024-07-16 12:44:00,0.6287,20410.897,2024-07-16 15:55:00,False,,0.0969,,True,20311.91,2024-07-16 12:37:00,0.0798
NQ,2024-07-17,Wednesday,ADR,20368.576,20357.253,11.32300000000032,20369.599,20355.854,13.744999999998981,True,LONG,2024-07-16 20:40:00,20375.243,False,True,False,0.743,4.5472,0.6614,20376.065,2024-07-16 20:45:00,5.5472,20305.765,2024-07-17 01:13:00,True,2024-07-16 20:45:00,0.0,5.5472,True,20367.464,2024-07-16 20:47:00,0.0982
NQ,2024-07-17,Wednesday,ODR,20252.842,20160.92,91.9220000000023,20256.276,20145.21,111.06600000000253,True,SHORT,2024-07-17 04:10:00,20136.243,True,True,True,0.0,1.121,1.121,20057.876,2024-07-17 07:34:00,0.0507,20165.576,2024-07-17 06:41:00,True,2024-07-17 04:24:00,0.0507,0.0507,True,20162.432,2024-07-17 06:40:00,0.0164
NQ,2024-07-17,Wednesday,RDR,20057.743,19916.232,141.5109999999986,20080.265,19899.931,180.33399999999892,True,SHORT,2024-07-17 11:40:00,19884.999,True,False,,0.0,0.869,0.869,19793.264,2024-07-17 15:59:00,0.0,19893.098,2024-07-17 11:45:00,True,2024-07-17 12:13:00,0.0,0.0,False,,,
NQ,2024-07-18,Thursday,ADR,19872.186,19862.921,9.265000000003056,19873.789,19859.565,14.224000000001979,True,LONG,2024-07-17 20:30:00,19874.789,False,True,True,1.5243,3.3339,1.5243,19886.309,2024-07-17 21:09:00,4.3339,19832.032,2024-07-17 23:34:00,True,2024-07-17 20:41:00,1.4258,4.3339,True,19866.986,2024-07-17 20:35:00,0.5613
NQ,2024-07-18,Thursday,ODR,19948.576,19871.108,77.46800000000076,19950.063,19842.665,107.39799999999741,True,SHORT,2024-07-18 06:05:00,19834.575,True,True,False,0.0,0.5949,0.5949,19825.02,2024-07-18 06:13:00,0.6261,19919.608,2024-07-18 08:26:00,True,2024-07-18 06:12:00,0.0,0.6261,True,19874.076,2024-07-18 06:37:00,0.0383
NQ,2024-07-18,Thursday,RDR,19946.984,19830.954,116.02999999999884,19955.942,19827.42,128.52200000000084,True,SHORT,2024-07-18 10:30:00,19770.497,True,True,True,0.0,2.2508,2.2508,19569.789,2024-07-18 15:14:00,0.0,19830.954,2024-07-18 10:55:00,True,2024-07-18 10:35:00,0.0,0.0,True,19830.954,2024-07-18 10:55:00,0.0
NQ,2024-07-19,Friday,ADR,19780.786,19755.176,25.610000000000582,19781.276,19752.71,28.566000000002532,False,,,,,,,0.0555,0.0742,,,,,,,False,,,,False,,,
NQ,2024-07-19,Friday,RDR,19745.373,19622.858,122.51499999999942,19792.492,19621.792,170.6999999999971,True,SHORT,2024-07-19 10:30:00,19607.975,True,True,True,0.0,1.1988,1.1988,19475.992,2024-07-19 13:22:00,0.588,19694.899,2024-07-19 11:06:00,True,2024-07-19 11:31:00,0.588,0.1888,True,19626.889,2024-07-19 10:35:00,0.0329
NQ,2024-07-22,Monday,ADR,19655.143,19603.721,51.42199999999866,19658.12,19589.199,68.92099999999846,True,SHORT,2024-07-21 21:45:00,19585.532,True,True,False,0.0,1.2161,1.2161,19541.187,2024-07-21 22:19:00,0.5056,19629.719,2024-07-22 01:03:00,True,2024-07-21 21:51:00,0.0,0.5056,True,19608.586,2024-07-21 23:07:00,0.0946
NQ,2024-07-22,Monday,ODR,19657.065,19598.208,58.85699999999997,19659.499,19579.965,79.53399999999965,True,LONG,2024-07-22 05:35:00,19660.199,True,True,True,1.5437,0.0,1.5437,19747.92,2024-07-22 08:29:00,0.0604,19653.51,2024-07-22 05:44:00,True,2024-07-22 06:21:00,0.0604,0.0,True,19653.819,2024-07-22 05:43:00,0.0552
NQ,2024-07-22,Monday,RDR,19844.299,19726.464,117.83499999999913,19849.143,19705.989,143.15399999999863,True,SHORT,2024-07-22 11:15:00,19697.619,False,True,False,0.1394,0.8489,0.8489,19626.431,2024-07-22 11:33:00,1.1394,19860.72,2024-07-22 14:26:00,True,2024-07-22 11:24:00,0.0,1.1394,True,19728.475,2024-07-22 12:36:00,0.0171
NQ,2024-07-23,Tuesday,ADR,19797.887,19774.089,23.797999999998865,19799.499,19770.632,28.86699999999837,True,SHORT,2024-07-22 20:40:00,19751.409,True,True,True,0.0,1.6389,1.6389,19735.087,2024-07-22 23:16:00,0.7246,19791.332,2024-07-22 21:24:00,True,2024-07-22 20:45:00,0.7246,0.7246,True,19777.298,2024-07-22 21:13:00,0.1348
NQ,2024-07-23,Tuesday,ODR,19760.087,19703.397,56.68999999999869,19762.308,19691.198,71.11000000000058,True,LONG,2024-07-23 05:15:00,19775.754,True,False,,1.3796,0.077,1.3796,19838.299,2024-07-23 07:36:00,0.0,19761.232,2024-07-23 08:26:00,True,2024-07-23 05:21:00,0.0,0.0,False,,,
NQ,2024-07-23,Tuesday,RDR,19855.989,19779.842,76.14700000000084,19873.309,19757.264,116.04500000000189,True,LONG,2024-07-23 11:10:00,19877.01,False,True,False,0.6936,0.6236,0.6936,19908.808,2024-07-23 11:19:00,1.6236,19732.353,2024-07-23 15:55:00,True,2024-07-23 11:17:00,0.0,1.6236,True,19855.043,2024-07-23 11:52:00,0.0124
NQ,2024-07-24,Wednesday,ADR,19646.342,19620.264,26.07800000000134,19655.865,19619.843,36.022000000000844,True,LONG,2024-07-23 20:40:00,19660.875,False,True,False,0.7418,2.7111,0.7418,19665.686,2024-07-23 20:45:00,3.7111,19549.564,2024-07-24 00:59:00,True,2024-07-23 20:45:00,0.0,3.7111,True,19645.564,2024-07-23 21:46:00,0.0298
NQ,2024-07-24,Wednesday,ODR,19579.989,19544.887,35.10200000000259,19580.664,19536.264,44.400000000001455,True,SHORT,2024-07-24 04:15:00,19536.098,True,True,True,0.0177,2.2006,2.2006,19467.643,2024-07-24 08:29:00,1.0177,19580.609,2024-07-24 04:54:00,True,2024-07-24 04:23:00,1.0177,1.0177,True,19549.565,2024-07-24 04:39:00,0.1333
NQ,2024-07-24,Wednesday,RDR,19467.721,19312.275,155.4459999999999,19482.31,19304.265,178.0450000000019,True,SHORT,2024-07-24 10:35:00,19291.999,True,False,,0.0,1.9717,1.9717,19005.786,2024-07-24 15:55:00,0.0,19302.721,2024-07-24 10:42:00,True,2024-07-24 11:16:00,0.0,0.0,False,,,
NQ,2024-07-25,Thursday,ADR,19135.732,19098.697,37.034999999999854,19139.399,19095.31,44.08899999999994,True,SHORT,2024-07-24 21:55:00,19093.719,True,True,True,0.1122,1.2232,1.2232,19053.397,2024-07-24 22:48:00,0.6048,19121.097,2024-07-24 23:31:00,True,2024-07-24 22:33:00,0.3753,0.6048,True,19102.375,2024-07-24 22:00:00,0.0993
NQ,2024-07-25,Thursday,ODR,19081.51,19007.51,74.0,19097.664,19000.865,96.79899999999907,True,SHORT,2024-07-25 04:00:00,18978.231,True,True,True,0.0,1.4565,1.4565,18899.732,2024-07-25 04:19:00,0.8782,19072.499,2024-07-25 05:07:00,True,2024-07-25 04:06:00,0.0,0.8782,True,19007.597,2024-07-25 04:34:00,0.0012
NQ,2024-07-25,Thursday,RDR,19055.52,18764.798,290.7220000000016,19064.242,18721.21,343.03199999999924,True,LONG,2024-07-25 11:10:00,19084.621,True,True,False,0.595,0.0,0.595,19228.489,2024-07-25 13:10:00,0.8048,18821.553,2024-07-25 15:59:00,True,2024-07-25 13:02:00,0.2542,0.8048,True,19040.821,2024-07-25 11:21:00,0.0506
NQ,2024-07-26,Friday,ADR,18903.775,18863.02,40.75500000000102,18908.598,18860.898,47.70000000000073,True,LONG,2024-07-25 21:15:00,18911.521,True,True,True,1.3994,0.0,1.3994,18960.809,2024-07-26 01:30:00,0.0259,18902.721,2024-07-25 23:11:00,True,2024-07-25 21:38:00,0.0259,0.0259,True,18902.721,2024-07-25 23:11:00,0.0259
NQ,2024-07-26,Friday,ODR,18992.442,18933.921,58.52100000000064,18998.499,18929.464,69.03499999999985,True,LONG,2024-07-26 04:05:00,18999.742,True,True,True,1.2858,0.0,1.2858,19067.689,2024-07-26 08:07:00,0.0028,18992.276,2024-07-26 04:13:00,True,2024-07-26 04:42:00,0.0028,0.0,True,18992.276,2024-07-26 04:13:00,0.0028
NQ,2024-07-26,Friday,RDR,19008.342,18909.109,99.23300000000017,19041.589,18894.564,147.02500000000146,True,LONG,2024-07-26 12:00:00,19061.497,True,True,True,1.3992,0.1864,1.3992,19147.189,2024-07-26 13:29:00,0.5576,18953.01,2024-07-26 15:55:00,True,2024-07-26 12:05:00,0.0,0.5576,True,19007.808,2024-07-26 13:38:00,0.0054
NQ,2024-07-29,Monday,ADR,19135.664,19087.498,48.16600000000108,19141.942,19085.41,56.53199999999924,True,LONG,2024-07-28 20:40:00,19144.231,True,True,True,0.8985,0.0,0.8985,19178.942,2024-07-28 20:56:00,0.1246,19129.664,2024-07-28 21:22:00,True,2024-07-28 20:50:00,0.0,0.1246,True,19133.808,2024-07-28 21:09:00,0.0385
NQ,2024-07-29,Monday,ODR,19172.12,19082.508,89.61199999999735,19172.12,19069.187,102.93299999999726,True,LONG,2024-07-29 08:25:00,19173.998,True,,,0.0562,0.0643,,,,,,,False,,,,False,,,
NQ,2024-07-29,Monday,RDR,19208.487,19104.764,103.72300000000178,19227.275,19073.753,153.52200000000084,True,SHORT,2024-07-29 11:00:00,19061.308,True,True,True,0.0,1.32,1.32,18967.854,2024-07-29 11:34:00,0.9481,19203.099,2024-07-29 13:13:00,True,2024-07-29 11:08:00,0.0,0.9481,True,19107.376,2024-07-29 11:56:00,0.0252
NQ,2024-07-30,Tuesday,ADR,19021.853,18978.453,43.39999999999782,19024.699,18974.654,50.04500000000189,True,SHORT,2024-07-29 21:35:00,18965.589,False,True,False,0.86,1.1641,1.1641,18927.931,2024-07-29 22:35:00,1.86,19059.175,2024-07-30 01:57:00,True,2024-07-29 21:46:00,0.0,1.86,True,18979.364,2024-07-29 23:14:00,0.021
NQ,2024-07-30,Tuesday,ODR,19097.331,19060.643,36.68799999999828,19102.819,19060.643,42.175999999999476,True,LONG,2024-07-30 04:00:00,19105.443,True,True,True,0.8985,0.0815,0.8985,19130.297,2024-07-30 07:42:00,1.0815,19057.654,2024-07-30 04:18:00,True,2024-07-30 05:05:00,1.0815,1.0512,True,19096.243,2024-07-30 04:05:00,0.0297
NQ,2024-07-30,Tuesday,RDR,19140.319,19017.61,122.70899999999892,19171.243,19010.62,160.6229999999996,True,SHORT,2024-07-30 10:30:00,19001.343,True,False,,0.0,2.9174,2.9174,18659.621,2024-07-30 13:03:00,0.0,19011.419,2024-07-30 10:47:00,True,2024-07-30 10:59:00,0.0,0.0,False,,,
NQ,2024-07-31,Wednesday,ADR,18918.354,18874.31,44.04399999999805,18930.92,18871.164,59.755999999997584,True,LONG,2024-07-30 20:45:00,18932.431,True,True,True,3.6928,0.0,3.6928,19080.999,2024-07-31 01:58:00,0.1173,18913.187,2024-07-30 21:42:00,True,2024-07-30 21:01:00,0.1173,0.1173,True,18918.354,2024-07-30 21:22:00,0.0
NQ,2024-07-31,Wednesday,ODR,19084.442,19047.208,37.23400000000038,19093.319,19036.31,57.008999999998196,True,SHORT,2024-07-31 04:10:00,19035.331,False,True,False,1.9597,0.3327,0.3291,19034.953,2024-07-31 04:15:00,2.9597,19157.409,2024-07-31 08:27:00,False,,0.0,,True,19049.189,2024-07-31 04:17:00,0.0532
NQ,2024-07-31,Wednesday,RDR,19322.121,19168.286,153.83499999999913,19323.889,19168.286,155.60299999999916,True,LONG,2024-07-31 10:30:00,19326.92,True,True,True,0.6803,0.0,0.6803,19426.775,2024-07-31 15:03:00,0.8025,19198.676,2024-07-31 13:42:00,True,2024-07-31 14:48:00,0.8025,0.3368,True,19309.008,2024-07-31 10:40:00,0.0852
NQ,2024-08-01,Thursday,ADR,19567.575,19529.332,38.24300000000221,19572.586,19524.364,48.221999999997934,True,SHORT,2024-07-31 20:35:00,19521.887,True,True,False,0.0,1.3923,1.3923,19476.087,2024-07-31 21:47:00,0.4785,19547.632,2024-08-01 01:59:00,True,2024-07-31 20:58:00,0.2696,0.4785,True,19529.797,2024-07-31 20:40:00,0.0122
NQ,2024-08-01,Thursday,ODR,19513.521,19450.597,62.92399999999907,19517.831,19445.254,72.5769999999975,True,SHORT,2024-08-01 04:05:00,19414.298,True,True,False,0.0,1.4204,1.4204,19361.221,2024-08-01 04:41:00,0.585,19487.409,2024-08-01 07:43:00,True,2024-08-01 04:10:00,0.0,0.585,True,19451.386,2024-08-01 05:44:00,0.0125
NQ,2024-08-01,Thursday,RDR,19507.109,19306.142,200.96700000000055,19539.298,19305.775,233.5229999999974,True,SHORT,2024-08-01 10:35:00,19296.354,True,True,True,0.0,2.8403,2.8403,18735.332,2024-08-01 14:49:00,0.0031,19306.775,2024-08-01 10:40:00,True,2024-08-01 10:48:00,0.0031,0.0,True,19306.775,2024-08-01 10:40:00,0.0031
NQ,2024-08-02,Friday,ADR,18820.375,18746.62,73.75500000000102,18822.319,18737.52,84.79899999999907,True,SHORT,2024-08-01 22:15:00,18681.599,True,False,,0.0,2.56,2.56,18557.81,2024-08-01 22:24:00,0.0,18687.099,2024-08-01 22:21:00,True,2024-08-01 22:20:00,0.0,0.0,False,,,
NQ,2024-08-02,Friday,ODR,18619.121,18515.01,104.11100000000079,18619.909,18512.809,107.09999999999854,False,,,,,,,0.1249,0.0,,,,,,,False,,,,False,,,
NQ,2024-08-02,Friday,RDR,18591.086,18269.221,321.86499999999796,18632.586,18260.253,372.3329999999987,False,,,,,,,0.0,0.0,,,,,,,False,,,,False,,,
NQ,2024-08-05,Monday,ADR,18170.376,18073.176,97.20000000000073,18175.12,18047.353,127.76699999999983,True,SHORT,2024-08-04 21:00:00,17984.332,True,False,,0.0,8.6253,8.6253,17234.797,2024-08-05 01:55:00,0.0,18054.353,2024-08-04 22:27:00,True,2024-08-04 21:05:00,0.0,0.0,False,,,
NQ,2024-08-05,Monday,ODR,17731.332,17498.186,233.145999999997,17745.831,17494.753,251.0779999999977,True,LONG,2024-08-05 04:05:00,17858.308,False,True,False,0.5853,0.8794,0.5824,17867.119,2024-08-05 04:19:00,1.8794,17293.154,2024-08-05 08:25:00,True,2024-08-05 04:10:00,0.0,1.8794,True,17719.889,2024-08-05 04:53:00,0.0491
NQ,2024-08-05,Monday,RDR,17926.054,17444.387,481.6670000000013,17995.387,17388.799,606.5879999999997,True,LONG,2024-08-05 11:10:00,18032.309,True,True,False,0.517,0.0,0.517,18175.087,2024-08-05 12:29:00,0.3034,17779.909,2024-08-05 14:57:00,True,2024-08-05 12:28:00,0.0,0.3034,True,17918.076,2024-08-05 12:55:00,0.0166
NQ,2024-08-06,Tuesday,ADR,18176.119,18097.321,78.79799999999886,18187.043,18097.321,89.72200000000157,True,LONG,2024-08-05 20:45:00,18207.187,True,True,True,1.831,0.0,1.831,18320.399,2024-08-05 21:15:00,0.7326,18118.389,2024-08-06 01:06:00,True,2024-08-05 20:56:00,0.0,0.7326,True,18157.431,2024-08-06 01:05:00,0.2372
NQ,2024-08-06,Tuesday,ODR,18185.289,18119.421,65.86800000000221,18198.299,18107.664,90.6349999999984,True,SHORT,2024-08-06 04:05:00,18080.986,True,True,True,0.0,3.2732,3.2732,17903.82,2024-08-06 05:41:00,0.291,18138.587,2024-08-06 07:30:00,True,2024-08-06 04:10:00,0.0,0.291,True,18138.587,2024-08-06 07:30:00,0.291
NQ,2024-08-06,Tuesday,RDR,18108.142,17883.208,224.9340000000011,18115.587,17852.854,262.7330000000002,True,LONG,2024-08-06 10:40:00,18142.82,True,True,False,1.1637,0.0,1.1637,18369.899,2024-08-06 14:54:00,0.2416,18053.797,2024-08-06 15:57:00,True,2024-08-06 10:49:00,0.1736,0.2416,True,18102.153,2024-08-06 11:28:00,0.0266
NQ,2024-08-07,Wednesday,ADR,18049.42,17941.61,107.80999999999767,18054.499,17936.431,118.0679999999993,True,LONG,2024-08-06 20:30:00,18064.219,True,True,True,2.5729,0.0,2.5729,18326.799,2024-08-07 00:41:00,0.1593,18032.242,2024-08-06 21:07:00,True,2024-08-06 21:34:00,0.1593,0.0,True,18045.987,2024-08-06 20:51:00,0.0318
NQ,2024-08-07,Wednesday,ODR,18208.176,18126.208,81.96800000000076,18220.497,18110.642,109.85499999999956,True,LONG,2024-08-07 04:10:00,18247.008,True,False,,1.7412,0.0,1.7412,18350.899,2024-08-07 07:19:00,0.0,18230.521,2024-08-07 04:27:00,True,2024-08-07 04:15:00,0.0,0.0,False,,,
NQ,2024-08-07,Wednesday,RDR,18424.109,18324.021,100.08799999999974,18448.086,18298.221,149.86499999999796,True,SHORT,2024-08-07 11:40:00,18279.754,True,False,,0.1399,4.7855,4.7855,17845.053,2024-08-07 15:57:00,0.0,18300.054,2024-08-07 11:58:00,True,2024-08-07 11:45:00,0.0,0.0,False,,,
NQ,2024-08-08,Thursday,ADR,17828.142,17650.864,177.27799999999843,17835.197,17642.309,192.887999999999,True,LONG,2024-08-07 21:15:00,17860.186,True,True,True,0.8126,0.0,0.8126,17972.199,2024-08-07 23:47:00,0.0367,17821.642,2024-08-08 01:40:00,True,2024-08-07 22:08:00,0.0,0.0367,True,17821.642,2024-08-08 01:40:00,0.0367
NQ,2024-08-08,Thursday,ODR,17934.442,17774.354,160.08799999999974,17936.686,17773.464,163.22200000000157,False,,,,,,,0.0,0.0,,,,,,,False,,,,False,,,
NQ,2024-08-08,Thursday,RDR,18273.22,17994.831,278.38900000000285,18281.276,17959.842,321.4340000000011,True,LONG,2024-08-08 10:45:00,18317.287,True,True,True,0.6241,0.0,0.6241,18446.953,2024-08-08 14:16:00,0.2141,18213.61,2024-08-08 11:17:00,True,2024-08-08 13:46:00,0.2141,0.0,True,18267.964,2024-08-08 11:02:00,0.0189
NQ,2024-08-09,Friday,ADR,18506.889,18426.832,80.0570000000007,18506.986,18426.832,80.15400000000227,True,SHORT,2024-08-08 20:30:00,18419.41,True,True,True,0.0,1.2087,1.2087,18330.064,2024-08-09 00:58:00,0.84,18494.076,2024-08-08 22:52:00,True,2024-08-09 00:55:00,0.84,0.0919,True,18427.008,2024-08-08 20:35:00,0.0022
NQ,2024-08-09,Friday,ODR,18450.289,18402.165,48.123999999999796,18459.576,18392.097,67.47899999999936,True,LONG,2024-08-09 04:00:00,18479.186,False,True,False,2.07,1.1374,2.07,18549.908,2024-08-09 04:44:00,2.1374,18347.431,2024-08-09 08:24:00,True,2024-08-09 04:05:00,0.0,2.1374,True,18450.064,2024-08-09 06:19:00,0.0047
NQ,2024-08-09,Friday,RDR,18449.464,18333.508,115.95599999999831,18467.008,18307.521,159.487000000001,True,LONG,2024-08-09 13:10:00,18489.799,True,False,,1.0643,0.0,1.0643,18572.876,2024-08-09 13:30:00,0.0,18462.786,2024-08-09 14:35:00,True,2024-08-09 13:15:00,0.0,0.0,False,,,
NQ,2024-08-12,Monday,ADR,18529.432,18493.51,35.9220000000023,18541.219,18482.865,58.35399999999936,True,LONG,2024-08-11 22:35:00,18542.376,True,True,True,0.9641,0.28,0.9641,18564.065,2024-08-11 22:53:00,0.5027,18511.375,2024-08-11 23:36:00,True,2024-08-11 22:51:00,0.0,0.5027,True,18526.842,2024-08-11 23:32:00,0.0721
NQ,2024-08-12,Monday,ODR,18577.843,18506.51,71.33300000000236,18588.289,18501.52,86.76900000000023,True,LONG,2024-08-12 08:25:00,18590.01,True,,,0.1706,0.0,,,,,,,False,,,,False,,,
NQ,2024-08-12,Monday,RDR,18604.876,18440.443,164.4330000000009,18630.189,18423.62,206.5689999999995,True,LONG,2024-08-12 10:45:00,18636.598,True,True,False,0.3603,0.0,0.3603,18664.121,2024-08-12 11:04:00,0.7811,18476.431,2024-08-12 11:25:00,False,,0.0,,True,18581.186,2024-08-12 11:22:00,0.1441
NQ,2024-08-13,Tuesday,ADR,18560.908,18540.698,20.209999999999127,18570.399,18535.121,35.278000000002066,True,LONG,2024-08-12 20:50:00,18570.453,True,True,True,2.6324,0.0,2.6324,18614.109,2024-08-13 01:35:00,0.9082,18542.553,2024-08-12 21:10:00,True,2024-08-12 20:55:00,0.9082,0.9082,True,18555.975,2024-08-12 21:05:00,0.2441
NQ,2024-08-13,Tuesday,ODR,18704.943,18645.564,59.379000000000815,18719.709,18641.687,78.0219999999972,True,SHORT,2024-08-13 05:05:00,18638.598,True,True,False,0.0,1.5905,1.5905,18551.119,2024-08-13 07:00:00,0.3812,18668.198,2024-08-13 08:17:00,True,2024-08-13 06:13:00,0.3423,0.3812,True,18645.598,2024-08-13 05:11:00,0.0006
NQ,2024-08-13,Tuesday,RDR,18815.131,18725.898,89.23300000000017,18823.875,18720.299,103.57600000000093,True,LONG,2024-08-13 10:45:00,18849.587,True,False,,2.2017,0.0,2.2017,19011.599,2024-08-13 15:59:00,0.0,18832.019,2024-08-13 10:52:00,True,2024-08-13 11:05:00,0.0,0.0,False,,,
NQ,2024-08-14,Wednesday,ADR,19020.642,18995.687,24.95499999999811,19024.299,18993.51,30.78900000000067,True,LONG,2024-08-13 21:30:00,19044.564,False,True,False,1.3443,0.4822,1.3443,19054.189,2024-08-13 21:50:00,1.4822,18983.654,2024-08-13 22:37:00,True,2024-08-13 21:35:00,0.0,1.4822,True,19009.899,2024-08-13 22:11:00,0.4305
NQ,2024-08-14,Wednesday,ODR,19008.831,18993.575,15.255999999997584,19016.219,18987.508,28.71099999999933,True,SHORT,2024-08-14 04:05:00,18977.432,False,True,False,1.0247,1.8702,1.8702,18965.043,2024-08-14 04:15:00,2.0247,19024.464,2024-08-14 08:29:00,True,2024-08-14 04:10:00,0.0,2.0247,True,18995.565,2024-08-14 04:32:00,0.1304
NQ,2024-08-14,Wednesday,RDR,19040.031,18892.489,147.54199999999764,19075.92,18873.376,202.54399999999805,True,SHORT,2024-08-14 10:30:00,18840.886,False,True,False,0.4738,0.3964,0.3964,18834.01,2024-08-14 10:35:00,1.4738,19109.932,2024-08-14 11:58:00,False,,0.0,,True,18908.597,2024-08-14 10:40:00,0.1092
NQ,2024-08-15,Thursday,ADR,19046.032,19008.52,37.51199999999881,19050.165,19002.654,47.51100000000224,True,LONG,2024-08-14 20:35:00,19058.132,True,False,,2.0947,0.0,2.0947,19124.608,2024-08-14 23:40:00,0.0,19047.543,2024-08-14 21:27:00,True,2024-08-14 20:51:00,0.0,0.0,False,,,
NQ,2024-08-15,Thursday,ODR,19097.275,19063.642,33.63300000000163,19099.186,19056.143,43.043000000001484,True,SHORT,2024-08-15 04:25:00,19050.397,True,True,False,0.0773,1.6911,1.6911,19006.765,2024-08-15 07:00:00,0.6244,19084.643,2024-08-15 07:32:00,True,2024-08-15 04:30:00,0.3793,0.6244,True,19064.899,2024-08-15 05:12:00,0.0374
NQ,2024-08-15,Thursday,RDR,19373.353,19254.242,119.11100000000079,19387.087,19237.821,149.26599999999962,True,LONG,2024-08-15 10:35:00,19394.297,True,True,True,1.0767,0.0,1.0767,19501.599,2024-08-15 15:44:00,0.0633,19365.808,2024-08-15 10:57:00,True,2024-08-15 11:42:00,0.0633,0.0,True,19371.321,2024-08-15 10:55:00,0.0171
NQ,2024-08-16,Friday,ADR,19534.554,19496.798,37.75600000000122,19537.075,19494.687,42.38799999999901,True,SHORT,2024-08-15 20:35:00,19484.121,False,True,False,0.8967,0.49,0.4523,19479.721,2024-08-15 20:40:00,1.8967,19568.408,2024-08-16 01:51:00,False,,0.0,,True,19498.854,2024-08-15 20:49:00,0.0545
NQ,2024-08-16,Friday,ODR,19578.71,19535.809,42.90099999999802,19579.399,19531.543,47.85599999999977,True,SHORT,2024-08-16 04:20:00,19525.198,True,True,True,0.0,3.0668,3.0668,19404.242,2024-08-16 08:27:00,0.1981,19544.309,2024-08-16 05:35:00,True,2024-08-16 04:26:00,0.1981,0.1981,True,19537.02,2024-08-16 05:04:00,0.0282
NQ,2024-08-16,Friday,RDR,19492.787,19398.687,94.09999999999854,19500.299,19365.765,134.53399999999965,True,LONG,2024-08-16 12:10:00,19515.319,True,True,True,0.7755,0.0,0.7755,19565.765,2024-08-16 12:58:00,0.1592,19477.81,2024-08-16 15:47:00,True,2024-08-16 12:36:00,0.0,0.1592,True,19491.543,2024-08-16 15:44:00,0.0132
NQ,2024-08-19,Monday,ADR,19573.22,19540.675,32.54500000000189,19578.697,19529.876,48.82099999999991,True,LONG,2024-08-18 23:30:00,19583.542,False,True,False,0.5838,1.7319,0.4138,19586.687,2024-08-18 23:35:00,2.7319,19484.309,2024-08-19 01:33:00,False,,0.0,,True,19568.721,2024-08-18 23:36:00,0.1382
NQ,2024-08-19,Monday,ODR,19510.721,19478.309,32.41200000000026,19512.608,19467.61,44.99799999999959,True,SHORT,2024-08-19 04:00:00,19466.209,False,True,False,0.943,1.4412,1.4412,19431.598,2024-08-19 04:07:00,1.943,19541.286,2024-08-19 08:27:00,True,2024-08-19 04:05:00,0.0,1.943,True,19479.208,2024-08-19 04:57:00,0.0277
NQ,2024-08-19,Monday,RDR,19531.209,19444.521,86.68799999999828,19536.598,19440.731,95.86700000000201,True,LONG,2024-08-19 10:50:00,19563.042,True,True,True,2.7349,0.0,2.7349,19768.289,2024-08-19 15:59:00,0.036,19528.086,2024-08-19 11:58:00,True,2024-08-19 11:03:00,0.036,0.036,True,19528.086,2024-08-19 11:58:00,0.036
NQ,2024-08-20,Tuesday,ADR,19775.164,19766.619,8.545000000001892,19775.389,19764.598,10.790999999997439,True,SHORT,2024-08-19 21:05:00,19758.554,False,True,False,5.2352,1.6969,0.9425,19758.565,2024-08-19 21:10:00,6.2352,19819.899,2024-08-19 22:59:00,True,2024-08-19 21:10:00,0.0,6.2352,True,19767.921,2024-08-19 21:11:00,0.1524
NQ,2024-08-20,Tuesday,ODR,19831.589,19796.909,34.68000000000029,19837.165,19789.875,47.29000000000087,True,SHORT,2024-08-20 04:25:00,19785.289,True,True,True,0.0,1.1704,1.1704,19756.32,2024-08-20 04:40:00,0.2649,19806.097,2024-08-20 05:25:00,True,2024-08-20 04:34:00,0.0,0.2649,True,19799.965,2024-08-20 05:15:00,0.0881
NQ,2024-08-20,Tuesday,RDR,19826.087,19726.797,99.29000000000087,19831.689,19710.965,120.72399999999834,True,SHORT,2024-08-20 10:35:00,19670.031,True,True,True,0.0,0.7652,0.7652,19650.82,2024-08-20 10:43:00,0.4997,19776.409,2024-08-20 14:25:00,True,2024-08-20 10:40:00,0.0,0.4997,True,19731.82,2024-08-20 11:20:00,0.0506
NQ,2024-08-21,Wednesday,ADR,19728.053,19697.976,30.077000000001135,19730.109,19694.976,35.13300000000163,True,LONG,2024-08-20 20:45:00,19732.521,True,True,True,1.1896,0.0,1.1896,19763.832,2024-08-21 01:30:00,0.3945,19716.187,2024-08-20 22:05:00,True,2024-08-20 23:14:00,0.3945,0.0,True,19728.053,2024-08-20 21:02:00,0.0
NQ,2024-08-21,Wednesday,ODR,19739.332,19720.653,18.679000000000087,19742.189,19708.954,33.234999999996944,True,SHORT,2024-08-21 05:00:00,19700.587,False,True,False,1.5668,1.1522,1.1522,19699.131,2024-08-21 05:05:00,2.5668,19768.599,2024-08-21 07:05:00,True,2024-08-21 05:05:00,0.0,2.5668,True,19721.532,2024-08-21 05:44:00,0.0471
NQ,2024-08-21,Wednesday,RDR,19812.642,19730.089,82.55299999999988,19824.876,19723.119,101.75700000000143,True,LONG,2024-08-21 10:35:00,19845.397,False,True,True,0.9918,0.5412,0.9918,19894.519,2024-08-21 10:43:00,1.5412,19685.41,2024-08-21 12:03:00,True,2024-08-21 10:40:00,0.0,1.5412,True,19773.097,2024-08-21 10:50:00,0.479
NQ,2024-08-22,Thursday,ADR,19851.687,19838.032,13.655000000002474,19855.289,19837.42,17.869000000002416,True,SHORT,2024-08-21 21:30:00,19835.731,True,True,True,0.0,4.4111,4.4111,19777.799,2024-08-21 23:14:00,0.2312,19841.189,2024-08-21 21:53:00,True,2024-08-21 21:38:00,0.2312,0.2312,True,19838.189,2024-08-21 21:35:00,0.0115
NQ,2024-08-22,Thursday,ODR,19834.653,19813.932,20.72099999999773,19840.199,19809.765,30.434000000001106,True,LONG,2024-08-22 05:15:00,19846.132,True,True,True,3.4029,0.2751,3.4029,19905.165,2024-08-22 08:05:00,0.5067,19824.154,2024-08-22 05:42:00,True,2024-08-22 05:20:00,0.5067,0.5067,True,19832.508,2024-08-22 05:27:00,0.1035
NQ,2024-08-22,Thursday,RDR,19912.564,19806.889,105.67499999999927,19937.008,19795.72,141.28800000000047,True,SHORT,2024-08-22 10:45:00,19776.653,True,True,True,0.0,3.3056,3.3056,19457.565,2024-08-22 15:57:00,0.1924,19827.221,2024-08-22 11:07:00,True,2024-08-22 11:19:00,0.1924,0.0,True,19810.998,2024-08-22 10:57:00,0.0389
NQ,2024-08-23,Friday,ADR,19577.097,19546.264,30.833000000002357,19580.22,19542.564,37.65600000000268,True,LONG,2024-08-22 21:25:00,19580.443,True,True,True,1.4115,0.0,1.4115,19620.619,2024-08-23 01:40:00,0.4774,19562.376,2024-08-22 21:54:00,True,2024-08-22 23:41:00,0.4774,0.0,True,19574.964,2024-08-22 21:30:00,0.0692
NQ,2024-08-23,Friday,ODR,19626.098,19601.498,24.600000000002183,19629.799,19601.32,28.47899999999936,True,LONG,2024-08-23 04:45:00,19629.943,True,True,True,2.0691,0.2331,2.0691,19676.999,2024-08-23 06:54:00,0.677,19609.443,2024-08-23 05:23:00,True,2024-08-23 05:42:00,0.677,0.0,True,19625.531,2024-08-23 04:51:00,0.023
NQ,2024-08-23,Friday,RDR,19806.108,19637.731,168.3770000000004,19823.419,19629.975,193.44400000000314,True,SHORT,2024-08-23 10:45:00,19599.021,True,True,False,0.0433,0.7167,0.7167,19517.053,2024-08-23 12:46:00,0.5987,19738.542,2024-08-23 11:41:00,True,2024-08-23 10:51:00,0.5987,0.5987,True,19646.221,2024-08-23 10:57:00,0.0504
NQ,2024-08-26,Monday,ADR,19708.386,19658.889,49.49699999999939,19711.954,19657.132,54.822000000000116,True,LONG,2024-08-25 20:35:00,19720.699,True,True,True,0.9886,0.0,0.9886,19757.321,2024-08-25 21:19:00,0.5744,19679.954,2024-08-25 23:47:00,True,2024-08-25 20:43:00,0.0,0.5744,True,19707.708,2024-08-25 22:45:00,0.0137
NQ,2024-08-26,Monday,ODR,19757.975,19714.81,43.164999999997235,19762.121,19707.887,54.23400000000038,True,LONG,2024-08-26 04:05:00,19768.465,False,True,False,0.2986,1.0189,0.2986,19770.865,2024-08-26 04:10:00,2.0189,19670.831,2024-08-26 07:46:00,False,,0.0,,True,19755.964,2024-08-26 04:20:00,0.0466
NQ,2024-08-26,Monday,RDR,19719.586,19544.565,175.02100000000064,19727.831,19535.432,192.3989999999976,True,SHORT,2024-08-26 10:30:00,19481.92,True,True,True,0.0,0.6392,0.6392,19432.697,2024-08-26 10:40:00,0.1404,19569.132,2024-08-26 12:45:00,True,2024-08-26 10:38:00,0.0,0.1404,True,19560.419,2024-08-26 11:23:00,0.0906
NQ,2024-08-27,Tuesday,ADR,19510.854,19492.889,17.965000000000146,19518.342,19490.321,28.02100000000064,True,SHORT,2024-08-26 20:50:00,19489.509,False,True,False,2.1721,1.1592,1.1592,19472.064,2024-08-26 21:40:00,3.1721,19549.875,2024-08-27 01:58:00,True,2024-08-26 20:57:00,0.6016,3.1721,True,19495.799,2024-08-26 21:07:00,0.162
NQ,2024-08-27,Tuesday,ODR,19545.575,19515.697,29.87800000000061,19547.089,19512.421,34.668000000001484,True,LONG,2024-08-27 04:00:00,19559.197,False,True,False,0.9748,1.415,0.9748,19574.699,2024-08-27 05:24:00,2.415,19473.419,2024-08-27 08:20:00,True,2024-08-27 04:05:00,0.0517,2.415,True,19545.397,2024-08-27 04:53:00,0.006
NQ,2024-08-27,Tuesday,RDR,19557.642,19399.898,157.74399999999878,19561.289,19371.354,189.9350000000013,True,LONG,2024-08-27 10:30:00,19566.543,True,True,True,0.4042,0.0,0.4042,19621.397,2024-08-27 11:00:00,0.3323,19505.219,2024-08-27 11:33:00,False,,0.0446,,True,19556.099,2024-08-27 10:35:00,0.0098
NQ,2024-08-28,Wednesday,ADR,19529.619,19505.897,23.721999999997934,19532.189,19499.31,32.87899999999718,True,LONG,2024-08-27 20:45:00,19532.875,True,True,True,1.4882,0.0,1.4882,19564.921,2024-08-28 00:31:00,0.6833,19513.41,2024-08-27 21:38:00,True,2024-08-27 22:11:00,0.6833,0.0,True,19527.01,2024-08-27 20:53:00,0.11
NQ,2024-08-28,Wednesday,ODR,19581.62,19560.143,21.476999999998952,19583.619,19554.043,29.575999999997293,True,LONG,2024-08-28 04:30:00,19592.976,False,True,False,1.773,1.1645,1.773,19619.699,2024-08-28 05:04:00,2.1645,19535.132,2024-08-28 08:10:00,True,2024-08-28 04:35:00,0.0,2.1645,True,19581.175,2024-08-28 07:03:00,0.0207
NQ,2024-08-28,Wednesday,RDR,19559.932,19474.621,85.31100000000151,19586.164,19446.632,139.53199999999924,True,SHORT,2024-08-28 10:40:00,19437.165,True,False,,0.0,3.0689,3.0689,19212.808,2024-08-28 14:01:00,0.0,19438.032,2024-08-28 10:45:00,True,2024-08-28 10:45:00,0.0,0.0,False,,,
NQ,2024-08-29,Thursday,ADR,19176.798,19118.554,58.24399999999878,19177.854,19117.598,60.255999999997584,True,LONG,2024-08-28 20:40:00,19187.632,True,True,True,1.5128,0.0,1.5128,19264.908,2024-08-29 01:55:00,0.4397,19151.187,2024-08-28 21:31:00,True,2024-08-28 23:35:00,0.4397,0.0,True,19176.097,2024-08-28 20:49:00,0.012
NQ,2024-08-29,Thursday,ODR,19327.789,19276.287,51.50200000000041,19328.343,19275.742,52.60100000000239,True,LONG,2024-08-29 04:10:00,19348.619,True,True,True,2.4061,0.0,2.4061,19451.709,2024-08-29 06:09:00,0.2766,19313.543,2024-08-29 04:28:00,True,2024-08-29 04:15:00,0.2766,0.2766,True,19327.586,2024-08-29 04:21:00,0.0039
NQ,2024-08-29,Thursday,RDR,19578.698,19432.121,146.57700000000114,19620.075,19415.376,204.69900000000052,True,SHORT,2024-08-29 14:30:00,19399.219,True,False,,0.3388,1.0795,1.0795,19273.898,2024-08-29 15:12:00,0.0,19413.586,2024-08-29 14:36:00,True,2024-08-29 14:38:00,0.0,0.0,False,,,
NQ,2024-08-30,Friday,ADR,19382.51,19337.809,44.70099999999729,19384.365,19337.698,46.66700000000128,True,LONG,2024-08-29 20:35:00,19386.187,True,True,True,0.9349,0.0,0.9349,19424.299,2024-08-30 01:45:00,0.3423,19367.208,2024-08-29 21:29:00,True,2024-08-29 22:24:00,0.3423,0.137,True,19380.375,2024-08-29 20:46:00,0.0478
NQ,2024-08-30,Friday,ODR,19477.899,19408.21,69.68900000000212,19482.119,19404.01,78.10900000000038,True,LONG,2024-08-30 06:55:00,19488.586,True,True,True,0.4697,0.0,0.4697,19510.632,2024-08-30 08:17:00,0.313,19456.086,2024-08-30 07:45:00,False,,0.313,,True,19475.731,2024-08-30 07:07:00,0.0311
NQ,2024-08-30,Friday,RDR,19553.289,19475.332,77.95700000000215,19575.553,19458.032,117.52100000000064,True,SHORT,2024-08-30 10:55:00,19416.399,False,True,False,0.3415,1.9923,1.9923,19320.02,2024-08-30 12:37:00,1.3415,19579.909,2024-08-30 15:59:00,True,2024-08-30 11:00:00,0.0,1.3415,True,19480.586,2024-08-30 14:51:00,0.0674
NQ,2024-09-02,Monday,ADR,19548.398,19534.875,13.523000000001048,19553.989,19531.387,22.60200000000259,True,LONG,2024-09-01 20:45:00,19557.253,False,True,False,2.041,1.5291,2.041,19575.999,2024-09-01 21:31:00,2.5291,19514.197,2024-09-02 00:14:00,True,2024-09-01 20:50:00,0.0,2.5291,True,19545.275,2024-09-01 22:12:00,0.2309
NQ,2024-09-02,Monday,ODR,19509.521,19467.064,42.457000000002154,19511.542,19460.319,51.223000000001775,True,LONG,2024-09-02 04:20:00,19516.543,True,False,,1.4925,0.0,1.4925,19572.889,2024-09-02 08:20:00,0.0,19512.02,2024-09-02 04:29:00,True,2024-09-02 04:42:00,0.0,0.0,False,,,
NQ,2024-09-02,Monday,RDR,19590.875,19544.575,46.29999999999927,19594.886,19538.187,56.698999999996886,True,LONG,2024-09-02 10:35:00,19600.887,True,True,True,0.612,0.0,0.612,19619.209,2024-09-02 11:12:00,0.2652,19578.598,2024-09-02 12:52:00,True,2024-09-02 10:47:00,0.0,0.2652,True,19581.51,2024-09-02 12:50:00,0.2023
NQ,2024-09-03,Tuesday,ADR,19546.554,19514.22,32.33399999999892,19548.999,19496.82,52.17900000000009,True,LONG,2024-09-02 21:10:00,19552.321,False,True,False,0.3872,1.5206,0.3872,19559.075,2024-09-02 21:16:00,2.5206,19465.053,2024-09-02 23:11:00,False,,0.0,,True,19545.676,2024-09-02 21:26:00,0.0272
NQ,2024-09-03,Tuesday,ODR,19591.789,19521.608,70.1810000000005,19594.889,19521.608,73.28099999999904,True,SHORT,2024-09-03 04:35:00,19517.499,True,True,True,0.0,1.782,1.782,19396.543,2024-09-03 05:31:00,0.0996,19528.599,2024-09-03 04:43:00,True,2024-09-03 04:53:00,0.0996,0.0,True,19523.086,2024-09-03 04:41:00,0.0211
NQ,2024-09-03,Tuesday,RDR,19428.754,19246.187,182.5669999999991,19433.542,19239.031,194.51100000000224,True,SHORT,2024-09-03 10:30:00,19213.065,True,False,,0.0,2.0892,2.0892,18864.775,2024-09-03 15:47:00,0.0,19220.608,2024-09-03 10:37:00,True,2024-09-03 10:47:00,0.0,0.0,False,,,
NQ,2024-09-04,Wednesday,ADR,18929.51,18899.676,29.833999999998923,18935.443,18886.042,49.40099999999802,True,SHORT,2024-09-03 20:35:00,18851.732,True,False,,0.0,4.064,4.064,18778.431,2024-09-03 21:19:00,0.0,18884.789,2024-09-03 20:50:00,True,2024-09-03 20:40:00,0.0,0.0,False,,,
NQ,2024-09-04,Wednesday,ODR,18866.076,18795.92,70.15600000000268,18869.276,18783.598,85.67799999999988,True,LONG,2024-09-04 04:30:00,18873.764,True,True,False,0.3929,0.0,0.3929,18893.643,2024-09-04 05:46:00,0.9756,18797.631,2024-09-04 07:05:00,False,,0.3108,,True,18862.721,2024-09-04 04:36:00,0.0478
NQ,2024-09-04,Wednesday,RDR,18946.421,18830.621,115.79999999999927,18954.664,18791.776,162.887999999999,True,LONG,2024-09-04 10:30:00,18992.553,True,True,False,1.0646,0.0,1.0646,19069.699,2024-09-04 11:06:00,0.7204,18862.997,2024-09-04 15:10:00,True,2024-09-04 10:39:00,0.0,0.7204,True,18934.964,2024-09-04 11:30:00,0.0989
NQ,2024-09-05,Thursday,ADR,18939.387,18859.642,79.74499999999898,18942.289,18846.497,95.79200000000128,True,LONG,2024-09-04 20:45:00,18948.608,False,True,False,0.266,0.258,0.266,18960.599,2024-09-04 21:41:00,1.258,18839.064,2024-09-05 01:09:00,False,,0.1701,,True,18936.643,2024-09-04 21:10:00,0.0344
NQ,2024-09-05,Thursday,ODR,18953.921,18852.897,101.02399999999761,18956.699,18843.208,113.4910000000018,True,SHORT,2024-09-05 08:15:00,18806.431,True,False,,0.0,0.6884,0.6884,18783.353,2024-09-05 08:24:00,0.0,18810.81,2024-09-05 08:29:00,True,2024-09-05 08:20:00,0.0,0.0,False,,,
NQ,2024-09-05,Thursday,RDR,19088.532,18841.487,247.04499999999825,19108.542,18840.887,267.6550000000025,True,SHORT,2024-09-05 11:25:00,18827.676,True,True,False,0.0229,0.1602,0.1602,18801.919,2024-09-05 11:33:00,0.6371,18998.876,2024-09-05 14:51:00,False,,0.0,,True,18852.875,2024-09-05 11:36:00,0.0461
NQ,2024-09-06,Friday,ADR,18875.889,18832.964,42.92499999999927,18879.432,18826.376,53.056000000000495,True,SHORT,2024-09-05 20:30:00,18816.197,True,True,False,0.0,1.7832,1.7832,18756.42,2024-09-05 21:03:00,0.8837,18870.898,2024-09-05 23:15:00,True,2024-09-05 20:35:00,0.0,0.8837,True,18835.81,2024-09-05 21:42:00,0.0663
NQ,2024-09-06,Friday,ODR,18807.887,18701.187,106.69999999999709,18808.965,18672.143,136.82200000000012,False,,,,,,,0.0,0.2905,,,,,,,False,,,,False,,,
NQ,2024-09-06,Friday,RDR,18893.306,18609.643,283.66300000000047,18931.342,18608.443,322.89900000000125,True,SHORT,2024-09-06 10:30:00,18580.421,True,True,True,0.0,0.7436,0.7436,18398.72,2024-09-06 12:56:00,0.0046,18610.954,2024-09-06 11:01:00,True,2024-09-06 11:17:00,0.0046,0.0,True,18610.954,2024-09-06 11:01:00,0.0046
NQ,2024-09-09,Monday,ODR,18587.143,18542.153,44.9900000000016,18588.632,18535.831,52.801000000003114,True,LONG,2024-09-09 05:05:00,18590.599,False,True,False,0.5812,0.1973,0.5812,18613.289,2024-09-09 06:15:00,1.1973,18533.275,2024-09-09 08:29:00,True,2024-09-09 06:09:00,0.2102,1.1973,True,18587.132,2024-09-09 05:10:00,0.0002
NQ,2024-09-09,Monday,RDR,18664.175,18588.254,75.92099999999846,18685.289,18574.289,111.0,True,SHORT,2024-09-09 10:30:00,18549.809,False,True,False,0.4152,1.6362,1.6362,18464.031,2024-09-09 11:13:00,1.4152,18695.698,2024-09-09 13:12:00,True,2024-09-09 10:35:00,0.0,1.4152,True,18589.675,2024-09-09 11:54:00,0.0187
NQ,2024-09-10,Tuesday,ADR,18692.564,18615.231,77.33299999999872,18695.254,18606.775,88.47899999999936,True,SHORT,2024-09-10 00:30:00,18606.021,True,True,True,0.0,0.4371,0.4371,18581.432,2024-09-10 00:38:00,0.0122,18616.175,2024-09-10 01:18:00,False,,0.0,,True,18616.175,2024-09-10 01:18:00,0.0122
NQ,2024-09-10,Tuesday,ODR,18649.597,18584.786,64.81100000000151,18650.975,18582.775,68.19999999999709,True,SHORT,2024-09-10 05:05:00,18557.198,False,True,False,1.065,0.5076,0.5076,18551.889,2024-09-10 05:10:00,2.065,18718.619,2024-09-10 08:29:00,True,2024-09-10 05:10:00,0.0,2.065,True,18592.942,2024-09-10 05:37:00,0.1258
NQ,2024-09-10,Tuesday,RDR,18768.075,18681.91,86.16500000000087,18791.708,18659.42,132.28800000000047,True,SHORT,2024-09-10 11:50:00,18641.789,False,True,False,0.9112,1.3891,1.3891,18562.221,2024-09-10 12:03:00,1.9112,18846.587,2024-09-10 15:32:00,True,2024-09-10 11:55:00,0.0,1.9112,True,18685.009,2024-09-10 12:53:00,0.036
NQ,2024-09-11,Wednesday,ADR,18827.109,18785.653,41.45600000000195,18828.798,18774.942,53.85599999999977,True,SHORT,2024-09-10 21:30:00,18742.732,True,True,True,0.0,2.6059,2.6059,18677.621,2024-09-11 01:29:00,0.0429,18787.432,2024-09-10 21:45:00,True,2024-09-10 21:35:00,0.0429,0.0429,True,18787.297,2024-09-10 21:43:00,0.0397
NQ,2024-09-11,Wednesday,ODR,18793.653,18760.575,33.0779999999977,18797.132,18757.476,39.65600000000268,True,SHORT,2024-09-11 04:35:00,18756.943,False,True,False,1.0994,0.7211,0.7211,18736.721,2024-09-11 04:46:00,2.0994,18830.019,2024-09-11 08:29:00,True,2024-09-11 04:44:00,0.0,2.0994,True,18760.598,2024-09-11 04:50:00,0.0007
NQ,2024-09-11,Wednesday,RDR,18874.489,18632.108,242.38100000000122,18879.121,18619.675,259.4459999999999,True,SHORT,2024-09-11 10:30:00,18589.597,False,True,False,1.61,0.4407,0.4407,18525.286,2024-09-11 10:55:00,2.61,19264.72,2024-09-11 15:59:00,False,,0.0,,True,18633.597,2024-09-11 11:06:00,0.0061
NQ,2024-09-12,Thursday,ADR,19244.808,19209.842,34.96600000000035,19244.999,19206.986,38.01299999999901,True,LONG,2024-09-11 20:30:00,19254.343,True,True,True,1.6382,0.0,1.6382,19302.089,2024-09-12 01:26:00,0.9631,19211.131,2024-09-11 21:02:00,True,2024-09-11 22:28:00,0.9631,0.068,True,19243.997,2024-09-11 20:38:00,0.0232
NQ,2024-09-12,Thursday,ODR,19303.854,19254.489,49.36499999999796,19312.189,19244.998,67.1909999999989,True,SHORT,2024-09-12 04:00:00,19243.631,True,True,False,0.0,0.4358,0.3779,19235.832,2024-09-12 04:07:00,0.9991,19303.808,2024-09-12 05:23:00,False,,0.0,,True,19257.364,2024-09-12 04:11:00,0.0582
NQ,2024-09-12,Thursday,RDR,19314.92,19182.354,132.5659999999989,19326.964,19159.31,167.65399999999863,True,LONG,2024-09-12 10:30:00,19336.41,True,True,True,1.098,0.0,1.098,19460.476,2024-09-12 14:37:00,0.6783,19224.998,2024-09-12 11:46:00,True,2024-09-12 13:18:00,0.6783,0.0,True,19237.665,2024-09-12 10:35:00,0.5828
NQ,2024-09-13,Friday,ADR,19448.787,19431.389,17.398000000001048,19452.12,19426.353,25.766999999999825,True,SHORT,2024-09-12 21:10:00,19423.632,False,True,True,1.2332,1.6574,1.6574,19402.554,2024-09-12 22:43:00,2.2332,19470.243,2024-09-13 01:42:00,True,2024-09-12 21:15:00,0.2707,2.2332,True,19431.499,2024-09-12 21:16:00,0.0063
NQ,2024-09-13,Friday,ODR,19453.809,19417.231,36.57800000000134,19458.089,19415.919,42.169999999998254,True,SHORT,2024-09-13 04:00:00,19410.219,True,True,False,0.1741,0.2621,0.2057,19409.708,2024-09-13 04:05:00,1.1741,19460.176,2024-09-13 05:49:00,False,,0.0,,True,19419.564,2024-09-13 04:06:00,0.0638
NQ,2024-09-13,Friday,RDR,19505.598,19393.397,112.20100000000093,19512.109,19382.119,129.9900000000016,True,LONG,2024-09-13 11:45:00,19513.776,True,True,True,0.4632,0.0,0.4632,19557.565,2024-09-13 13:53:00,0.4006,19460.653,2024-09-13 12:46:00,False,,0.4006,,True,19504.886,2024-09-13 11:50:00,0.0063
NQ,2024-09-16,Monday,ADR,19522.775,19500.645,22.13000000000102,19526.097,19498.536,27.561000000001513,True,SHORT,2024-09-15 20:50:00,19496.481,True,True,True,0.0,1.0973,1.0973,19476.362,2024-09-15 21:17:00,0.5182,19512.112,2024-09-16 00:55:00,True,2024-09-15 21:11:00,0.1424,0.5182,True,19501.601,2024-09-15 20:56:00,0.0432
NQ,2024-09-16,Monday,ODR,19500.297,19472.318,27.97899999999936,19502.286,19468.645,33.64099999999962,True,LONG,2024-09-16 04:00:00,19517.536,False,True,False,0.8648,1.9796,0.8648,19524.492,2024-09-16 04:27:00,2.9796,19416.932,2024-09-16 08:23:00,True,2024-09-16 04:05:00,0.0,2.9796,True,19500.275,2024-09-16 04:48:00,0.0008
NQ,2024-09-16,Monday,RDR,19440.532,19328.297,112.23500000000058,19447.064,19310.765,136.29899999999907,True,SHORT,2024-09-16 10:30:00,19296.309,True,True,False,0.0,0.3965,0.3965,19283.799,2024-09-16 10:35:00,0.9486,19434.764,2024-09-16 15:55:00,False,,0.0,,True,19342.253,2024-09-16 10:37:00,0.1243
NQ,2024-09-17,Tuesday,ADR,19436.754,19417.264,19.4900000000016,19439.798,19415.243,24.55500000000029,True,SHORT,2024-09-16 20:35:00,19411.299,False,True,False,0.2943,1.6356,1.6356,19385.387,2024-09-16 21:28:00,1.2943,19442.489,2024-09-17 01:59:00,True,2024-09-16 20:41:00,0.0,1.2943,True,19418.997,2024-09-17 00:50:00,0.0889
NQ,2024-09-17,Tuesday,ODR,19494.109,19445.942,48.16700000000128,19497.997,19443.976,54.02100000000064,True,LONG,2024-09-17 05:00:00,19502.054,True,True,True,1.2591,0.0,1.2591,19554.754,2024-09-17 07:58:00,0.0212,19493.086,2024-09-17 07:18:00,True,2024-09-17 05:36:00,0.0212,0.0212,True,19493.086,2024-09-17 07:18:00,0.0212
NQ,2024-09-17,Tuesday,RDR,19555.819,19482.519,73.29999999999927,19581.365,19463.031,118.33400000000256,True,LONG,2024-09-17 10:45:00,19592.298,False,True,False,0.6542,2.1352,0.5278,19594.509,2024-09-17 10:50:00,3.1352,19326.008,2024-09-17 13:45:00,True,2024-09-17 10:50:00,0.0,3.1352,True,19548.387,2024-09-17 10:57:00,0.1014
NQ,2024-09-18,Wednesday,ADR,19460.076,19442.897,17.179000000000087,19461.908,19442.043,19.864999999997963,True,LONG,2024-09-17 21:05:00,19462.487,False,True,False,0.5025,1.1389,0.5025,19468.708,2024-09-17 22:05:00,2.1389,19423.332,2024-09-18 01:34:00,True,2024-09-17 22:05:00,0.412,2.1389,True,19459.11,2024-09-17 21:10:00,0.0562
NQ,2024-09-18,Wednesday,ODR,19475.953,19441.586,34.36700000000201,19479.909,19433.419,46.48999999999796,True,SHORT,2024-09-18 04:05:00,19420.154,False,True,False,0.1788,0.8804,0.8804,19411.331,2024-09-18 04:30:00,1.1788,19482.098,2024-09-18 07:21:00,True,2024-09-18 04:10:00,0.0,1.1788,True,19441.831,2024-09-18 05:09:00,0.0071
NQ,2024-09-18,Wednesday,RDR,19478.886,19411.909,66.97699999999895,19490.119,19400.209,89.90999999999985,True,SHORT,2024-09-18 11:20:00,19396.564,False,True,True,2.5861,1.334,1.334,19322.565,2024-09-18 15:50:00,3.5861,19652.097,2024-09-18 14:01:00,True,2024-09-18 11:41:00,3.5861,3.5861,True,19418.876,2024-09-18 11:28:00,0.104
NQ,2024-09-19,Thursday,ADR,19546.019,19408.276,137.74299999999857,19603.476,19401.608,201.86799999999857,True,LONG,2024-09-18 23:30:00,19608.786,True,False,,0.7496,0.0,0.7496,19649.276,2024-09-19 01:58:00,0.0,19597.553,2024-09-18 23:41:00,True,2024-09-18 23:35:00,0.0,0.0,False,,,
NQ,2024-09-19,Thursday,ODR,19701.109,19648.486,52.62299999999959,19701.609,19634.097,67.5119999999988,True,LONG,2024-09-19 05:00:00,19705.854,True,False,,1.4512,0.0,1.4512,19777.476,2024-09-19 07:43:00,0.0,19705.432,2024-09-19 05:05:00,True,2024-09-19 05:12:00,0.0,0.0,False,,,
NQ,2024-09-19,Thursday,RDR,19884.076,19755.009,129.06700000000274,19890.275,19718.865,171.40999999999985,True,LONG,2024-09-19 10:30:00,19902.508,True,True,False,0.5584,0.0,0.5584,19956.143,2024-09-19 13:54:00,0.6249,19803.419,2024-09-19 11:00:00,True,2024-09-19 13:46:00,0.6249,0.5076,True,19875.309,2024-09-19 10:37:00,0.0679
NQ,2024-09-20,Friday,ADR,19824.499,19792.597,31.901999999998225,19826.589,19783.721,42.867999999998574,False,,,,,,,0.1846,0.3709,,,,,,,False,,,,False,,,
NQ,2024-09-20,Friday,ODR,19828.676,19791.264,37.41200000000026,19829.398,19783.597,45.800999999999476,True,SHORT,2024-09-20 04:25:00,19774.119,True,True,False,0.0,1.3252,1.3252,19741.686,2024-09-20 06:56:00,0.5969,19813.597,2024-09-20 08:29:00,True,2024-09-20 04:30:00,0.2628,0.5969,True,19792.899,2024-09-20 05:03:00,0.0437
NQ,2024-09-20,Friday,RDR,19818.721,19754.21,64.51100000000224,19842.886,19737.808,105.0779999999977,True,SHORT,2024-09-20 10:45:00,19736.232,False,True,False,0.5268,2.0019,2.0019,19625.065,2024-09-20 11:16:00,1.5268,19852.708,2024-09-20 15:39:00,True,2024-09-20 10:52:00,0.0,1.5268,True,19755.01,2024-09-20 11:57:00,0.0124
NQ,2024-09-23,Monday,ADR,19853.021,19799.309,53.711999999999534,19853.298,19798.598,54.69999999999709,True,LONG,2024-09-22 20:30:00,19869.887,True,False,,1.4667,0.0,1.4667,19931.799,2024-09-22 23:16:00,0.0,19867.121,2024-09-22 20:36:00,True,2024-09-22 20:48:00,0.0,0.0,False,,,
NQ,2024-09-23,Monday,ODR,19854.62,19739.999,114.62099999999919,19856.587,19724.043,132.54399999999805,False,,,,,,,0.0327,0.0,,,,,,,False,,,,False,,,
NQ,2024-09-23,Monday,RDR,19874.354,19819.853,54.501000000000204,19888.889,19801.286,87.60299999999916,True,LONG,2024-09-23 11:50:00,19891.575,False,True,False,0.4253,0.5362,0.4136,19896.897,2024-09-23 11:57:00,1.5362,19790.632,2024-09-23 13:01:00,False,,0.0,,True,19866.053,2024-09-23 11:59:00,0.1523
NQ,2024-09-24,Tuesday,ADR,19844.665,19825.864,18.800999999999476,19852.654,19825.653,27.001000000000204,True,LONG,2024-09-23 21:10:00,19861.731,False,True,True,2.1292,1.4438,2.1292,19884.697,2024-09-24 01:54:00,2.4438,19798.72,2024-09-23 22:10:00,True,2024-09-23 21:15:00,2.4438,2.4438,True,19840.808,2024-09-23 21:48:00,0.2051
NQ,2024-09-24,Tuesday,ODR,19928.075,19874.72,53.35499999999956,19928.732,19868.82,59.91200000000026,True,LONG,2024-09-24 04:10:00,19932.808,False,True,False,0.49,0.9072,0.49,19954.221,2024-09-24 04:24:00,1.9072,19826.319,2024-09-24 07:10:00,False,,0.0,,True,19927.353,2024-09-24 04:44:00,0.0135
NQ,2024-09-24,Tuesday,RDR,19909.099,19763.808,145.29099999999744,19929.254,19740.609,188.64500000000044,True,LONG,2024-09-24 11:45:00,19942.489,True,True,True,0.5768,0.2346,0.5768,19992.908,2024-09-24 11:55:00,0.1948,19880.797,2024-09-24 14:30:00,True,2024-09-24 11:54:00,0.0,0.1948,True,19908.299,2024-09-24 14:29:00,0.0055
NQ,2024-09-25,Wednesday,ADR,19959.376,19924.164,35.211999999999534,19960.597,19916.775,43.822000000000116,True,SHORT,2024-09-24 20:55:00,19915.389,True,True,True,0.0,1.7977,1.7977,19860.864,2024-09-25 01:49:00,0.1259,19928.597,2024-09-24 21:07:00,True,2024-09-24 21:15:00,0.1259,0.0,True,19924.587,2024-09-24 21:06:00,0.012
NQ,2024-09-25,Wednesday,ODR,19883.754,19845.721,38.03299999999945,19888.389,19837.542,50.846999999997934,True,LONG,2024-09-25 06:00:00,19894.899,True,True,True,0.95,0.0,0.95,19919.887,2024-09-25 08:28:00,0.0502,19881.843,2024-09-25 06:48:00,True,2024-09-25 06:08:00,0.0502,0.0502,True,19882.619,2024-09-25 06:47:00,0.0298
NQ,2024-09-25,Wednesday,RDR,20040.753,19914.808,125.94499999999971,20044.409,19914.808,129.60099999999875,False,,,,,,,0.0,0.0328,,,,,,,False,,,,False,,,
NQ,2024-09-26,Thursday,ADR,20079.599,20027.098,52.500999999996566,20084.289,20024.521,59.76800000000003,True,LONG,2024-09-25 20:30:00,20088.11,True,True,True,2.241,0.0,2.241,20197.253,2024-09-26 01:59:00,0.302,20063.743,2024-09-25 21:27:00,True,2024-09-25 22:48:00,0.302,0.0,True,20076.364,2024-09-25 20:43:00,0.0616
NQ,2024-09-26,Thursday,ODR,20268.219,20234.242,33.97700000000259,20275.832,20228.564,47.26800000000003,False,,,,,,,0.3502,0.209,,,,,,,False,,,,False,,,
NQ,2024-09-26,Thursday,RDR,20280.521,20119.143,161.3780000000006,20294.319,20111.643,182.67599999999948,True,SHORT,2024-09-26 10:30:00,20100.021,True,True,True,0.0,0.9745,0.9745,19961.886,2024-09-26 11:01:00,0.1225,20138.909,2024-09-26 10:38:00,True,2024-09-26 10:52:00,0.1225,0.1083,True,20132.275,2024-09-26 10:37:00,0.0814
NQ,2024-09-27,Friday,ADR,20135.854,20101.597,34.25699999999779,20136.776,20087.242,49.53400000000329,True,SHORT,2024-09-26 21:40:00,20078.287,True,True,True,0.0999,1.1709,1.1709,20061.487,2024-09-26 23:14:00,1.0999,20139.276,2024-09-27 01:09:00,True,2024-09-26 21:45:00,0.0,1.0999,True,20104.608,2024-09-26 23:55:00,0.0879
NQ,2024-09-27,Friday,ODR,20073.999,20028.542,45.456999999998516,20088.943,20017.21,71.73300000000017,True,LONG,2024-09-27 04:30:00,20100.831,True,True,True,1.5998,0.0547,1.5998,20146.721,2024-09-27 08:29:00,0.266,20061.908,2024-09-27 05:31:00,True,2024-09-27 04:35:00,0.266,0.266,True,20064.942,2024-09-27 04:43:00,0.1992
NQ,2024-09-27,Friday,RDR,20158.432,20066.843,91.58899999999994,20165.289,20064.51,100.77900000000227,True,SHORT,2024-09-27 10:30:00,20058.042,True,True,True,0.0,1.2398,1.2398,19953.289,2024-09-27 14:31:00,0.4677,20109.676,2024-09-27 10:47:00,True,2024-09-27 11:31:00,0.4677,0.0813,True,20076.564,2024-09-27 10:35:00,0.1061
NQ,2024-09-30,Monday,ADR,20061.998,20025.954,36.04399999999805,20068.289,20022.987,45.30199999999968,True,SHORT,2024-09-29 21:00:00,20011.132,True,False,,0.0,2.4698,2.4698,19936.932,2024-09-29 22:34:00,0.0,20019.598,2024-09-29 21:05:00,True,2024-09-29 21:10:00,0.0,0.0,False,,,
NQ,2024-09-30,Monday,ODR,20022.62,19969.698,52.92199999999866,20028.609,19965.497,63.11200000000099,True,SHORT,2024-09-30 04:15:00,19958.689,True,True,True,0.0,1.2807,1.2807,19901.921,2024-09-30 07:52:00,0.5665,19999.676,2024-09-30 06:27:00,True,2024-09-30 07:11:00,0.5665,0.0,True,19971.487,2024-09-30 04:22:00,0.0338
NQ,2024-09-30,Monday,RDR,20034.065,19926.098,107.96699999999691,20045.042,19912.498,132.5440000000017,True,SHORT,2024-09-30 14:15:00,19895.109,False,True,False,0.3632,0.7754,0.7754,19842.375,2024-09-30 14:24:00,1.3632,20073.276,2024-09-30 15:57:00,True,2024-09-30 14:21:00,0.0,1.3632,True,19936.909,2024-09-30 14:37:00,0.1001
NQ,2024-10-01,Tuesday,ADR,20040.987,20014.454,26.532999999999447,20044.943,20010.209,34.73400000000038,True,LONG,2024-09-30 20:45:00,20063.064,True,True,False,2.9284,0.0,2.9284,20118.686,2024-09-30 22:00:00,0.7329,20021.542,2024-10-01 01:40:00,True,2024-09-30 20:50:00,0.0,0.7329,True,20040.819,2024-10-01 01:01:00,0.0063
NQ,2024-10-01,Tuesday,ODR,20074.632,20007.131,67.5010000000002,20076.799,20003.62,73.17900000000009,True,LONG,2024-10-01 06:10:00,20078.242,True,True,False,0.5638,0.0,0.5638,20112.689,2024-10-01 07:05:00,0.4418,20044.809,2024-10-01 07:40:00,True,2024-10-01 07:01:00,0.0222,0.4418,True,20073.132,2024-10-01 06:16:00,0.0222
NQ,2024-10-01,Tuesday,RDR,20040.199,19706.22,333.97899999999936,20054.653,19681.221,373.43199999999706,True,SHORT,2024-10-01 11:05:00,19642.554,True,True,False,0.0,0.2584,0.2584,19619.931,2024-10-01 11:17:00,0.5073,19875.641,2024-10-01 14:32:00,False,,0.0,,True,19707.389,2024-10-01 11:31:00,0.0035
NQ,2024-10-02,Wednesday,ADR,19753.631,19698.709,54.9220000000023,19754.899,19693.065,61.83400000000256,True,LONG,2024-10-01 20:40:00,19755.199,False,True,False,0.6257,0.4695,0.6257,19787.998,2024-10-01 22:09:00,1.4695,19672.921,2024-10-02 01:54:00,True,2024-10-01 21:34:00,0.476,1.4695,True,19749.686,2024-10-01 20:45:00,0.0718
NQ,2024-10-02,Wednesday,ODR,19754.543,19706.564,47.979000000003,19764.209,19690.842,73.36699999999837,True,SHORT,2024-10-02 06:00:00,19684.976,False,True,False,0.2688,0.7394,0.7394,19671.089,2024-10-02 06:12:00,1.2688,19767.442,2024-10-02 07:40:00,True,2024-10-02 06:06:00,0.0,1.2688,True,19711.589,2024-10-02 06:19:00,0.1047
NQ,2024-10-02,Wednesday,RDR,19799.875,19629.61,170.26499999999942,19807.376,19627.476,179.90000000000146,True,LONG,2024-10-02 10:45:00,19845.853,True,True,True,0.4827,0.0,0.4827,19882.064,2024-10-02 11:19:00,0.2105,19764.042,2024-10-02 13:35:00,False,,0.1577,,True,19787.464,2024-10-02 10:52:00,0.0729
NQ,2024-10-03,Thursday,ADR,19851.565,19796.576,54.98899999999776,19852.519,19779.208,73.31100000000151,True,SHORT,2024-10-02 21:05:00,19771.719,True,False,,0.0,1.2467,1.2467,19728.02,2024-10-03 01:47:00,0.0,19791.799,2024-10-02 21:16:00,True,2024-10-02 21:27:00,0.0,0.0,False,,,
NQ,2024-10-03,Thursday,ODR,19758.976,19662.842,96.1339999999982,19762.699,19647.942,114.75700000000143,True,LONG,2024-10-03 07:55:00,19773.886,True,True,True,0.2073,0.0,0.2073,19778.908,2024-10-03 08:20:00,0.0575,19753.453,2024-10-03 08:08:00,False,,0.0575,,True,19753.453,2024-10-03 08:08:00,0.0575
NQ,2024-10-03,Thursday,RDR,19906.009,19709.997,196.0119999999988,19911.619,19692.931,218.68799999999828,False,,,,,,,0.0,0.1701,,,,,,,False,,,,False,,,
NQ,2024-10-04,Friday,ADR,19786.719,19765.41,21.309000000001106,19791.165,19758.831,32.33400000000256,True,LONG,2024-10-03 21:20:00,19806.075,True,False,,4.0198,0.6617,4.0198,19872.376,2024-10-03 22:39:00,0.0,19791.154,2024-10-03 21:34:00,True,2024-10-03 21:25:00,0.0,0.0,False,,,
NQ,2024-10-04,Friday,ODR,19841.599,19787.008,54.59099999999671,19842.642,19775.021,67.62099999999919,True,LONG,2024-10-04 06:00:00,19849.954,True,False,,0.8406,0.0,0.8406,19887.487,2024-10-04 07:32:00,0.0,19845.942,2024-10-04 06:05:00,True,2024-10-04 06:16:00,0.0,0.0,False,,,
NQ,2024-10-04,Friday,RDR,20030.12,19840.189,189.9310000000005,20042.421,19814.82,227.60099999999875,False,,,,,,,0.0883,0.0965,,,,,,,False,,,,False,,,
NQ,2024-10-07,Monday,ADR,20049.021,20008.075,40.94599999999991,20051.809,20005.22,46.58899999999994,True,LONG,2024-10-06 21:30:00,20052.499,False,True,False,0.4285,0.5248,0.4285,20066.565,2024-10-06 21:41:00,1.5248,19986.586,2024-10-07 01:33:00,False,,0.0,,True,20046.865,2024-10-06 21:47:00,0.0527
NQ,2024-10-07,Monday,ODR,20013.02,19945.297,67.72300000000178,20015.299,19936.242,79.0570000000007,True,SHORT,2024-10-07 04:45:00,19935.375,True,False,,0.0,1.233,1.233,19861.797,2024-10-07 05:29:00,0.0,19940.689,2024-10-07 04:50:00,True,2024-10-07 05:00:00,0.0,0.0,False,,,
NQ,2024-10-07,Monday,RDR,19987.253,19908.742,78.51100000000224,19987.465,19893.253,94.21199999999953,True,SHORT,2024-10-07 14:30:00,19876.253,True,False,,0.0769,1.9287,1.9287,19757.321,2024-10-07 15:42:00,0.0,19892.508,2024-10-07 14:41:00,True,2024-10-07 14:35:00,0.0,0.0,False,,,
NQ,2024-10-08,Tuesday,ADR,19832.11,19783.189,48.921000000002095,19837.297,19778.21,59.086999999999534,True,SHORT,2024-10-07 21:30:00,19772.621,True,True,False,0.1535,0.3641,0.3562,19765.765,2024-10-07 22:35:00,0.8013,19822.389,2024-10-07 23:09:00,False,,0.4133,,True,19785.989,2024-10-07 21:36:00,0.0572
NQ,2024-10-08,Tuesday,ODR,19831.489,19763.009,68.4800000000032,19836.987,19752.731,84.25600000000122,True,LONG,2024-10-08 05:00:00,19854.689,True,False,,1.1961,0.0,1.1961,19913.397,2024-10-08 08:01:00,0.0,19844.432,2024-10-08 05:10:00,True,2024-10-08 05:16:00,0.0,0.0,False,,,
NQ,2024-10-08,Tuesday,RDR,19997.519,19886.343,111.17599999999948,20009.389,19881.153,128.2360000000008,True,LONG,2024-10-08 10:30:00,20014.719,True,True,True,1.2374,0.0,1.2374,20135.087,2024-10-08 15:53:00,0.2271,19972.275,2024-10-08 13:09:00,True,2024-10-08 10:42:00,0.2271,0.2271,True,19994.387,2024-10-08 13:05:00,0.0282
NQ,2024-10-09,Wednesday,ADR,20087.299,20079.489,7.809999999997672,20088.089,20072.387,15.702000000001135,True,LONG,2024-10-08 21:00:00,20089.187,False,True,False,1.1394,6.2571,1.1394,20096.198,2024-10-08 21:45:00,7.2571,20030.621,2024-10-09 00:50:00,True,2024-10-08 21:05:00,2.3361,7.2571,True,20087.22,2024-10-08 21:08:00,0.0101
NQ,2024-10-09,Wednesday,ODR,20039.531,20009.097,30.433999999997468,20048.654,20003.308,45.34599999999773,True,LONG,2024-10-09 04:00:00,20052.21,True,True,True,1.9601,0.0,1.9601,20099.186,2024-10-09 06:50:00,0.7627,20016.32,2024-10-09 04:28:00,True,2024-10-09 04:47:00,0.7627,0.0058,True,20037.653,2024-10-09 04:09:00,0.0617
NQ,2024-10-09,Wednesday,RDR,20150.999,20059.153,91.84600000000137,20161.789,20048.076,113.71299999999974,True,LONG,2024-10-09 10:55:00,20168.989,True,False,,1.5082,0.0,1.5082,20289.52,2024-10-09 15:52:00,0.0,20162.765,2024-10-09 13:53:00,True,2024-10-09 11:12:00,0.0,0.0,False,,,
NQ,2024-10-10,Thursday,ODR,20255.31,20229.521,25.78900000000067,20262.108,20221.81,40.297999999998865,True,SHORT,2024-10-10 04:45:00,20221.532,False,True,False,0.2245,0.748,0.748,20210.231,2024-10-10 07:14:00,1.2245,20261.099,2024-10-10 08:09:00,True,2024-10-10 06:49:00,0.5467,1.2245,True,20230.299,2024-10-10 04:57:00,0.0302
NQ,2024-10-10,Thursday,RDR,20216.464,20120.865,95.59899999999834,20224.909,20110.954,113.95499999999811,True,LONG,2024-10-10 11:10:00,20234.998,True,True,True,1.0643,0.0,1.0643,20318.21,2024-10-10 12:17:00,0.346,20183.387,2024-10-10 14:43:00,True,2024-10-10 11:55:00,0.0,0.346,True,20214.476,2024-10-10 13:09:00,0.0208
NQ,2024-10-11,Friday,ADR,20276.82,20263.099,13.721000000001368,20279.386,20259.41,19.97599999999875,True,LONG,2024-10-10 23:10:00,20283.408,False,True,False,0.6107,2.3006,0.5662,20284.589,2024-10-10 23:15:00,3.3006,20231.532,2024-10-11 01:27:00,True,2024-10-10 23:15:00,0.0,3.3006,True,20274.386,2024-10-10 23:21:00,0.1774
NQ,2024-10-11,Friday,ODR,20232.909,20194.787,38.12199999999939,20235.243,20189.108,46.1349999999984,True,SHORT,2024-10-11 04:45:00,20174.842,True,True,False,0.0,0.6053,0.6053,20171.71,2024-10-11 04:59:00,0.6165,20218.289,2024-10-11 08:10:00,True,2024-10-11 04:50:00,0.0,0.6165,True,20199.499,2024-10-11 05:07:00,0.1236
NQ,2024-10-11,Friday,RDR,20273.854,20136.789,137.0649999999987,20298.787,20133.199,165.58799999999974,True,LONG,2024-10-11 15:05:00,20299.809,True,True,False,0.3016,0.0,0.3016,20315.199,2024-10-11 15:15:00,0.0422,20268.076,2024-10-11 15:59:00,False,,0.0,,True,20268.199,2024-10-11 15:58:00,0.0413
NQ,2024-10-14,Monday,ADR,20268.089,20239.52,28.568999999999505,20272.721,20235.754,36.96700000000055,True,SHORT,2024-10-13 21:00:00,20228.987,True,True,False,0.0,1.1551,1.1551,20206.52,2024-10-13 22:06:00,0.5772,20256.01,2024-10-14 01:20:00,True,2024-10-13 21:05:00,0.0794,0.5772,True,20240.231,2024-10-13 21:37:00,0.0249
NQ,2024-10-14,Monday,ODR,20287.589,20254.875,32.71399999999994,20288.81,20246.798,42.012000000002445,True,LONG,2024-10-14 04:10:00,20291.565,True,True,True,1.865,0.0,1.865,20348.599,2024-10-14 06:24:00,0.1002,20284.31,2024-10-14 04:55:00,True,2024-10-14 04:22:00,0.1002,0.1002,True,20285.097,2024-10-14 04:16:00,0.0762
NQ,2024-10-14,Monday,RDR,20490.819,20373.408,117.41100000000006,20498.742,20364.408,134.33399999999892,True,SHORT,2024-10-14 11:40:00,20363.886,True,True,False,0.0,0.2473,0.0849,20363.443,2024-10-14 11:45:00,0.9719,20487.52,2024-10-14 15:49:00,False,,0.0455,,True,20378.754,2024-10-14 11:45:00,0.0455
NQ,2024-10-15,Tuesday,ADR,20456.054,20441.375,14.679000000000087,20457.999,20440.876,17.122999999999593,True,SHORT,2024-10-14 20:30:00,20440.864,True,True,True,0.1574,1.8991,1.8991,20413.498,2024-10-14 20:47:00,1.1574,20458.365,2024-10-14 22:03:00,True,2024-10-14 20:46:00,0.3354,1.1574,True,20443.809,2024-10-14 20:35:00,0.1658
NQ,2024-10-15,Tuesday,ODR,20433.689,20412.597,21.091999999996915,20435.909,20410.22,25.688999999998487,True,SHORT,2024-10-15 04:15:00,20409.22,False,True,False,0.8733,1.25,1.25,20386.232,2024-10-15 04:37:00,1.8733,20452.109,2024-10-15 08:19:00,True,2024-10-15 04:22:00,0.0,1.8733,True,20413.331,2024-10-15 05:32:00,0.0348
NQ,2024-10-15,Tuesday,RDR,20467.808,20339.276,128.53199999999924,20482.232,20334.464,147.76800000000003,True,SHORT,2024-10-15 10:30:00,20265.032,True,False,,0.0,2.0296,2.0296,20078.409,2024-10-15 15:36:00,0.0,20272.875,2024-10-15 10:56:00,True,2024-10-15 10:35:00,0.0,0.0,False,,,
NQ,2024-10-16,Wednesday,ADR,20191.81,20171.753,20.0570000000007,20194.589,20169.865,24.72399999999834,True,LONG,2024-10-15 20:35:00,20195.587,False,True,True,1.494,0.2853,1.494,20221.776,2024-10-16 01:52:00,1.2853,20166.031,2024-10-15 21:10:00,True,2024-10-15 22:23:00,1.2853,0.0,True,20190.01,2024-10-15 20:41:00,0.0897
NQ,2024-10-16,Wednesday,ODR,20215.387,20166.986,48.40099999999802,20218.019,20156.387,61.632000000001426,False,,,,,,,0.0331,0.1129,,,,,,,False,,,,False,,,
NQ,2024-10-16,Wednesday,RDR,20178.007,20049.565,128.44200000000274,20183.054,20032.508,150.54599999999846,True,LONG,2024-10-16 14:20:00,20201.765,True,True,False,0.2003,0.0,0.2003,20203.732,2024-10-16 14:25:00,0.1725,20155.854,2024-10-16 15:53:00,False,,0.0,,True,20177.51,2024-10-16 14:39:00,0.0039
NQ,2024-10-17,Thursday,ADR,20148.843,20116.608,32.23500000000058,20150.798,20103.053,47.74499999999898,True,LONG,2024-10-17 01:30:00,20155.543,True,False,,0.7621,0.3426,0.7621,20173.409,2024-10-17 01:58:00,0.0,20154.576,2024-10-17 01:35:00,True,2024-10-17 01:38:00,0.0,0.0,False,,,
NQ,2024-10-17,Thursday,ODR,20281.242,20231.753,49.48899999999776,20281.242,20231.565,49.67699999999968,True,LONG,2024-10-17 04:00:00,20283.353,True,True,True,1.6538,0.0,1.6538,20363.089,2024-10-17 08:16:00,0.3388,20264.475,2024-10-17 04:07:00,True,2024-10-17 04:33:00,0.3388,0.0,True,20276.021,2024-10-17 04:06:00,0.1055
NQ,2024-10-17,Thursday,RDR,20399.398,20204.253,195.14500000000044,20402.564,20194.02,208.54399999999805,True,SHORT,2024-10-17 15:35:00,20191.276,True,True,True,0.0,0.1103,0.0869,20187.286,2024-10-17 15:51:00,0.0601,20215.976,2024-10-17 15:44:00,False,,0.0601,,True,20206.765,2024-10-17 15:41:00,0.0129
NQ,2024-10-18,Friday,ADR,20247.31,20173.254,74.0560000000005,20248.287,20159.908,88.37900000000081,False,,,,,,,0.0,0.2321,,,,,,,False,,,,False,,,
NQ,2024-10-18,Friday,ODR,20289.331,20264.253,25.0779999999977,20290.797,20256.942,33.85499999999956,True,LONG,2024-10-18 04:00:00,20293.042,False,True,True,1.0076,0.4289,1.0076,20314.599,2024-10-18 07:51:00,1.4289,20253.497,2024-10-18 06:10:00,True,2024-10-18 04:18:00,1.4289,1.4289,True,20288.542,2024-10-18 04:11:00,0.0315
NQ,2024-10-18,Friday,RDR,20351.499,20271.398,80.10099999999875,20359.942,20269.497,90.44499999999971,False,,,,,,,0.185,0.0,,,,,,,False,,,,False,,,
NQ,2024-10-21,Monday,ODR,20295.786,20273.31,22.47599999999875,20299.589,20267.22,32.36899999999878,True,SHORT,2024-10-21 05:20:00,20266.875,True,True,True,0.1425,4.0048,4.0048,20183.298,2024-10-21 07:30:00,0.0875,20275.276,2024-10-21 05:56:00,True,2024-10-21 05:25:00,0.0875,0.0875,True,20273.586,2024-10-21 05:55:00,0.0123
NQ,2024-10-21,Monday,RDR,20388.943,20266.864,122.0789999999979,20392.776,20263.089,129.68700000000172,True,SHORT,2024-10-21 10:45:00,20262.875,True,True,False,0.0,0.689,0.689,20182.754,2024-10-21 11:27:00,0.7771,20361.732,2024-10-21 15:59:00,True,2024-10-21 11:08:00,0.0958,0.7771,True,20273.054,2024-10-21 10:50:00,0.0507
NQ,2024-10-22,Tuesday,ADR,20360.376,20331.531,28.845000000001164,20360.599,20323.042,37.55699999999706,True,SHORT,2024-10-21 20:50:00,20322.821,True,False,,0.0,1.7272,1.7272,20281.71,2024-10-22 01:02:00,0.0,20324.609,2024-10-21 20:56:00,True,2024-10-21 20:57:00,0.0,0.0,False,,,
NQ,2024-10-22,Tuesday,ODR,20327.409,20288.808,38.60099999999875,20328.689,20281.231,47.45799999999872,True,SHORT,2024-10-22 04:30:00,20280.554,True,True,True,0.0,1.8724,1.8724,20216.531,2024-10-22 05:48:00,0.2542,20298.619,2024-10-22 04:49:00,True,2024-10-22 05:00:00,0.2542,0.0,True,20289.575,2024-10-22 04:40:00,0.0199
NQ,2024-10-22,Tuesday,RDR,20354.487,20241.042,113.44499999999971,20360.432,20211.297,149.13500000000204,True,LONG,2024-10-22 13:35:00,20378.265,True,False,,0.7916,0.0,0.7916,20444.286,2024-10-22 14:04:00,0.0,20356.475,2024-10-22 14:59:00,True,2024-10-22 13:55:00,0.0,0.0,False,,,
NQ,2024-10-23,Wednesday,ADR,20375.076,20355.586,19.4900000000016,20377.576,20351.32,26.256000000001222,True,SHORT,2024-10-22 20:40:00,20347.799,True,True,True,0.0,1.0758,1.0758,20334.619,2024-10-22 21:01:00,0.8147,20371.465,2024-10-22 23:04:00,True,2024-10-22 20:45:00,0.0,0.8147,True,20357.689,2024-10-22 21:21:00,0.1079
NQ,2024-10-23,Wednesday,ODR,20376.789,20343.309,33.47999999999956,20383.943,20337.753,46.18999999999869,True,SHORT,2024-10-23 04:40:00,20334.087,True,True,True,0.0,1.5568,1.5568,20291.189,2024-10-23 06:54:00,0.1195,20347.309,2024-10-23 05:17:00,True,2024-10-23 04:54:00,0.1195,0.1195,True,20343.589,2024-10-23 05:10:00,0.0084
NQ,2024-10-23,Wednesday,RDR,20285.619,20219.72,65.89899999999761,20304.864,20194.099,110.76500000000306,True,SHORT,2024-10-23 11:10:00,20185.232,True,False,,0.2931,4.3681,4.3681,19931.864,2024-10-23 14:19:00,0.0,20210.82,2024-10-23 11:59:00,True,2024-10-23 11:15:00,0.0,0.0,False,,,
NQ,2024-10-24,Thursday,ADR,20146.897,20131.843,15.054000000000087,20149.389,20129.597,19.791999999997643,True,LONG,2024-10-23 20:30:00,20155.776,True,False,,3.3149,0.0,3.3149,20196.799,2024-10-23 23:28:00,0.0,20155.176,2024-10-23 20:35:00,True,2024-10-23 20:35:00,0.0,0.0,False,,,
NQ,2024-10-24,Thursday,ODR,20239.565,20171.897,67.66799999999785,20241.608,20167.999,73.60900000000038,True,LONG,2024-10-24 04:10:00,20244.819,True,True,True,0.4852,0.0,0.4852,20272.397,2024-10-24 07:59:00,0.4956,20206.031,2024-10-24 04:54:00,False,,0.4956,,True,20238.675,2024-10-24 04:35:00,0.0132
NQ,2024-10-24,Thursday,RDR,20225.086,20156.609,68.47699999999895,20232.608,20151.21,81.39800000000105,True,SHORT,2024-10-24 11:45:00,20120.353,True,True,False,0.0,0.6283,0.6283,20113.586,2024-10-24 11:50:00,0.3812,20182.71,2024-10-24 11:59:00,True,2024-10-24 11:50:00,0.0,0.3812,True,20158.389,2024-10-24 11:54:00,0.026
NQ,2024-10-25,Friday,ODR,20294.087,20242.389,51.69800000000032,20294.386,20238.665,55.72099999999773,True,LONG,2024-10-25 05:20:00,20298.408,True,True,True,0.689,0.0,0.689,20329.709,2024-10-25 08:09:00,0.5492,20265.697,2024-10-25 07:06:00,True,2024-10-25 08:07:00,0.5492,0.0,True,20294.019,2024-10-25 05:29:00,0.0013
NQ,2024-10-25,Friday,RDR,20545.81,20346.654,199.15600000000268,20556.564,20346.11,210.4539999999979,True,SHORT,2024-10-25 13:40:00,20342.387,True,True,False,0.0284,0.1589,0.1589,20315.009,2024-10-25 14:10:00,0.3735,20421.031,2024-10-25 13:51:00,False,,0.3735,,True,20352.897,2024-10-25 13:45:00,0.0313
NQ,2024-10-28,Monday,ADR,20497.919,20471.031,26.88800000000265,20504.419,20468.821,35.598000000001775,True,SHORT,2024-10-27 22:35:00,20463.389,False,True,False,0.6207,0.5235,0.5235,20456.954,2024-10-27 22:49:00,1.6207,20514.609,2024-10-28 00:01:00,True,2024-10-27 22:49:00,0.0,1.6207,True,20477.708,2024-10-27 22:55:00,0.2483
NQ,2024-10-28,Monday,ODR,20519.41,20466.075,53.33499999999913,20523.375,20462.353,61.022000000000844,True,LONG,2024-10-28 04:55:00,20525.853,False,True,False,0.246,0.5414,0.246,20532.532,2024-10-28 05:02:00,1.5414,20437.197,2024-10-28 07:07:00,False,,0.0,,True,20515.32,2024-10-28 05:06:00,0.0767
NQ,2024-10-28,Monday,RDR,20461.031,20409.376,51.654999999998836,20474.087,20389.82,84.26699999999983,True,SHORT,2024-10-28 10:50:00,20389.586,True,True,True,0.0,1.1904,1.1904,20347.887,2024-10-28 15:00:00,0.3489,20427.397,2024-10-28 11:22:00,True,2024-10-28 10:58:00,0.3489,0.3489,True,20410.365,2024-10-28 11:15:00,0.0191
NQ,2024-10-29,Tuesday,ADR,20375.187,20356.131,19.056000000000495,20381.776,20347.565,34.21100000000297,True,SHORT,2024-10-28 22:45:00,20344.487,False,True,False,1.6396,2.4116,2.4116,20310.175,2024-10-28 23:04:00,2.6396,20406.431,2024-10-29 01:52:00,True,2024-10-28 22:50:00,0.0,2.6396,True,20359.621,2024-10-29 00:26:00,0.1831
NQ,2024-10-29,Tuesday,ODR,20400.075,20348.41,51.66500000000087,20405.119,20340.286,64.83299999999872,False,,,,,,,0.0,0.5448,,,,,,,False,,,,False,,,
NQ,2024-10-29,Tuesday,RDR,20458.889,20399.576,59.31299999999828,20466.399,20398.397,68.00200000000041,True,LONG,2024-10-29 10:45:00,20468.01,True,True,True,2.4491,0.0,2.4491,20604.153,2024-10-29 14:29:00,0.2589,20443.532,2024-10-29 11:36:00,True,2024-10-29 11:00:00,0.2589,0.2589,True,20450.642,2024-10-29 10:53:00,0.139
NQ,2024-10-30,Wednesday,ADR,20633.186,20618.221,14.965000000000146,20638.832,20614.131,24.700999999997293,True,LONG,2024-10-29 20:35:00,20643.61,False,True,False,0.9638,3.6783,0.9638,20647.61,2024-10-29 20:56:00,4.6783,20563.175,2024-10-30 00:51:00,True,2024-10-29 20:40:00,0.0,4.6783,True,20633.131,2024-10-29 21:26:00,0.0037
NQ,2024-10-30,Wednesday,ODR,20620.753,20580.71,40.043000000001484,20624.099,20572.353,51.745999999999185,True,SHORT,2024-10-30 07:00:00,20569.586,True,True,True,0.0,2.0273,2.0273,20499.531,2024-10-30 08:07:00,0.1137,20585.264,2024-10-30 07:15:00,True,2024-10-30 07:22:00,0.1137,0.0,True,20585.264,2024-10-30 07:15:00,0.1137
NQ,2024-10-30,Wednesday,RDR,20549.297,20476.365,72.93199999999706,20553.897,20470.131,83.76599999999962,True,SHORT,2024-10-30 12:30:00,20461.799,True,True,True,0.0,1.9446,1.9446,20334.543,2024-10-30 15:12:00,0.1005,20483.698,2024-10-30 13:50:00,True,2024-10-30 12:36:00,0.1005,0.1005,True,20478.576,2024-10-30 12:50:00,0.0303
NQ,2024-10-31,Thursday,ADR,20322.219,20289.842,32.37700000000041,20324.989,20283.932,41.0570000000007,True,SHORT,2024-10-30 22:55:00,20283.264,True,False,,0.0,2.2982,2.2982,20215.432,2024-10-31 01:55:00,0.0,20285.908,2024-10-30 23:01:00,True,2024-10-30 23:10:00,0.0,0.0,False,,,
NQ,2024-10-31,Thursday,ODR,20186.465,20155.143,31.322000000000116,20195.242,20148.421,46.82099999999991,True,LONG,2024-10-31 05:50:00,20197.964,True,False,,2.9056,0.0231,2.9056,20277.475,2024-10-31 07:30:00,0.0,20195.464,2024-10-31 05:55:00,True,2024-10-31 05:55:00,0.0,0.0,False,,,
NQ,2024-10-31,Thursday,RDR,20008.989,19927.009,81.9800000000032,20024.931,19921.942,102.9890000000014,True,SHORT,2024-10-31 10:45:00,19909.899,True,True,True,0.0,0.5999,0.5999,19877.831,2024-10-31 13:37:00,0.8803,19999.175,2024-10-31 14:50:00,True,2024-10-31 13:21:00,0.6854,0.8803,True,19931.676,2024-10-31 10:58:00,0.0569
NQ,2024-11-01,Friday,ADR,19956.887,19945.897,10.989999999997963,19958.232,19939.853,18.379000000000815,True,SHORT,2024-10-31 20:30:00,19936.286,False,True,False,4.0402,4.8923,4.8923,19892.131,2024-10-31 21:14:00,5.0402,20001.289,2024-11-01 00:47:00,True,2024-10-31 20:35:00,0.0324,5.0402,True,19946.253,2024-10-31 20:39:00,0.0324
NQ,2024-11-01,Friday,ODR,19990.632,19964.286,26.346000000001368,19990.632,19956.032,34.60000000000218,True,LONG,2024-11-01 05:50:00,19994.242,False,True,False,1.1277,0.9573,1.1277,20020.343,2024-11-01 07:36:00,1.9573,19939.065,2024-11-01 08:29:00,True,2024-11-01 06:43:00,1.3028,1.9573,True,19988.176,2024-11-01 05:55:00,0.0932
NQ,2024-11-01,Friday,RDR,20160.531,20069.989,90.54199999999764,20165.11,20032.786,132.32400000000052,True,SHORT,2024-11-01 13:05:00,20023.542,True,True,True,0.0452,0.7543,0.7543,20001.697,2024-11-01 14:51:00,0.1193,20080.789,2024-11-01 14:14:00,True,2024-11-01 13:10:00,0.1193,0.1193,True,20074.298,2024-11-01 14:09:00,0.0476
NQ,2024-11-04,Monday,ADR,20031.089,20004.376,26.712999999999738,20036.699,20001.509,35.19000000000233,True,LONG,2024-11-03 20:30:00,20044.442,True,False,,3.6082,0.0,3.6082,20127.475,2024-11-04 01:45:00,0.0,20040.12,2024-11-03 20:40:00,True,2024-11-03 20:35:00,0.0,0.0,False,,,
NQ,2024-11-04,Monday,ODR,20071.821,20024.008,47.81299999999828,20084.553,20015.442,69.11100000000079,True,LONG,2024-11-04 05:35:00,20090.498,False,True,False,0.4241,0.8954,0.4153,20091.676,2024-11-04 05:40:00,1.8954,19981.198,2024-11-04 07:43:00,False,,0.0,,True,20067.398,2024-11-04 06:05:00,0.0925
NQ,2024-11-04,Monday,RDR,20079.021,19921.453,157.5679999999993,20085.376,19894.61,190.76599999999962,True,LONG,2024-11-04 10:45:00,20089.176,False,True,False,0.181,0.0466,0.181,20107.542,2024-11-04 11:13:00,1.0466,19914.109,2024-11-04 12:09:00,False,,0.092,,True,20077.076,2024-11-04 10:50:00,0.0123
NQ,2024-11-05,Tuesday,ADR,19967.108,19939.509,27.59900000000198,19971.486,19932.908,38.57800000000134,True,SHORT,2024-11-04 20:30:00,19929.889,False,True,False,1.4559,0.5306,0.5306,19924.865,2024-11-04 20:39:00,2.4559,20007.289,2024-11-05 01:50:00,True,2024-11-04 20:39:00,0.0,2.4559,True,19942.386,2024-11-04 20:43:00,0.1042
NQ,2024-11-05,Tuesday,ODR,20029.42,19989.042,40.37799999999697,20030.199,19984.81,45.388999999999214,True,LONG,2024-11-05 04:00:00,20032.189,True,True,True,0.5966,0.0,0.5966,20053.508,2024-11-05 06:48:00,0.8294,19995.931,2024-11-05 05:18:00,True,2024-11-05 04:10:00,0.8294,0.8294,True,20027.421,2024-11-05 04:05:00,0.0495
NQ,2024-11-05,Tuesday,RDR,20189.186,20034.842,154.34400000000096,20203.376,20030.686,172.6899999999987,True,LONG,2024-11-05 11:30:00,20209.831,True,True,True,0.4098,0.0,0.4098,20252.442,2024-11-05 12:19:00,0.1822,20161.064,2024-11-05 14:56:00,False,,0.0574,,True,20185.842,2024-11-05 11:42:00,0.0217
NQ,2024-11-06,Wednesday,ADR,20297.162,20252.131,45.03099999999904,20305.42,20249.397,56.02299999999741,True,LONG,2024-11-05 21:05:00,20307.208,True,False,,5.5937,0.0,5.5937,20549.054,2024-11-06 01:56:00,0.0,20305.521,2024-11-05 21:10:00,True,2024-11-05 21:11:00,0.0,0.0,False,,,
NQ,2024-11-06,Wednesday,ODR,20585.564,20537.709,47.85499999999956,20611.432,20533.398,78.03399999999965,True,SHORT,2024-11-06 06:45:00,20518.299,True,True,False,0.5103,1.5733,1.5733,20462.42,2024-11-06 06:53:00,1.1588,20593.164,2024-11-06 08:22:00,True,2024-11-06 06:51:00,0.0,1.1588,True,20539.619,2024-11-06 07:11:00,0.0399
NQ,2024-11-06,Wednesday,RDR,20673.854,20537.087,136.76699999999983,20683.908,20522.909,160.9989999999998,True,LONG,2024-11-06 11:35:00,20683.975,True,True,True,0.9532,0.0,0.9532,20804.22,2024-11-06 15:50:00,0.1575,20652.32,2024-11-06 11:46:00,True,2024-11-06 13:42:00,0.1575,0.0,True,20672.343,2024-11-06 11:40:00,0.011
NQ,2024-11-07,Thursday,ADR,20762.865,20738.21,24.655000000002474,20764.643,20736.943,27.700000000000728,True,LONG,2024-11-06 20:30:00,20780.389,True,False,,3.189,0.0,3.189,20841.489,2024-11-07 01:46:00,0.0,20771.431,2024-11-06 21:14:00,True,2024-11-06 20:35:00,0.0,0.0,False,,,
NQ,2024-11-07,Thursday,ODR,20834.387,20797.187,37.19999999999709,20836.199,20791.687,44.51199999999881,True,LONG,2024-11-07 07:10:00,20839.476,True,True,True,1.081,0.181,1.081,20874.599,2024-11-07 08:16:00,0.1652,20828.243,2024-11-07 07:18:00,True,2024-11-07 08:04:00,0.1652,0.0,True,20829.186,2024-11-07 07:17:00,0.1398
NQ,2024-11-07,Thursday,RDR,20997.431,20882.264,115.16700000000128,21009.854,20880.343,129.5109999999986,True,LONG,2024-11-07 10:45:00,21031.286,True,False,,1.1767,0.0,1.1767,21132.953,2024-11-07 15:18:00,0.0,21005.699,2024-11-07 11:10:00,True,2024-11-07 11:46:00,0.0,0.0,False,,,
NQ,2024-11-08,Friday,ADR,21116.676,21102.853,13.82300000000032,21117.61,21099.598,18.011999999998807,True,LONG,2024-11-07 21:00:00,21119.286,True,True,False,2.1857,0.2201,2.1857,21146.889,2024-11-08 00:50:00,1.0385,21102.321,2024-11-07 21:57:00,True,2024-11-07 21:11:00,1.0385,1.0385,True,21116.143,2024-11-07 21:05:00,0.0386
NQ,2024-11-08,Friday,ODR,21123.832,21105.832,18.0,21134.221,21095.62,38.60100000000239,True,SHORT,2024-11-08 05:10:00,21086.286,True,False,,0.1974,5.5655,5.5655,21005.653,2024-11-08 06:07:00,0.0,21095.999,2024-11-08 05:18:00,True,2024-11-08 05:15:00,0.0,0.0,False,,,
NQ,2024-11-08,Friday,RDR,21104.909,21056.075,48.83399999999892,21116.609,21051.01,65.59900000000198,True,LONG,2024-11-08 13:05:00,21119.786,True,True,True,1.0032,0.0,1.0032,21153.898,2024-11-08 14:40:00,0.129,21098.608,2024-11-08 15:50:00,True,2024-11-08 13:33:00,0.0,0.129,True,21103.289,2024-11-08 15:22:00,0.0332
NQ,2024-11-11,Monday,ADR,21185.854,21154.786,31.0679999999993,21189.165,21149.143,40.022000000000844,False,,,,,,,0.1621,0.0454,,,,,,,False,,,,False,,,
NQ,2024-11-11,Monday,ODR,21213.297,21181.287,32.0099999999984,21214.064,21174.353,39.71099999999933,True,SHORT,2024-11-11 05:25:00,21173.021,False,True,False,0.5505,0.6918,0.6918,21159.142,2024-11-11 06:02:00,1.5505,21230.919,2024-11-11 08:02:00,True,2024-11-11 05:53:00,0.0,1.5505,True,21181.665,2024-11-11 06:38:00,0.0118
NQ,2024-11-11,Monday,RDR,21173.708,21052.364,121.34399999999732,21183.799,21047.531,136.26800000000003,True,SHORT,2024-11-11 13:00:00,21021.52,True,True,False,0.0,0.5245,0.5245,20988.721,2024-11-11 13:22:00,0.5016,21113.231,2024-11-11 15:59:00,True,2024-11-11 13:21:00,0.0,0.5016,True,21056.819,2024-11-11 13:40:00,0.0367
NQ,2024-11-12,Tuesday,ADR,21128.989,21094.01,34.979000000003,21130.876,21089.687,41.18899999999849,True,LONG,2024-11-11 20:35:00,21133.609,False,True,False,0.3519,0.4187,0.3519,21141.297,2024-11-11 20:47:00,1.4187,21079.365,2024-11-12 01:01:00,False,,0.0528,,True,21127.142,2024-11-11 20:41:00,0.0528
NQ,2024-11-12,Tuesday,ODR,21123.789,21088.586,35.20300000000134,21132.253,21088.586,43.66700000000128,True,SHORT,2024-11-12 04:05:00,21085.889,True,True,False,0.0028,1.9159,1.9159,21021.142,2024-11-12 05:28:00,0.7304,21114.299,2024-11-12 04:33:00,True,2024-11-12 05:00:00,0.7304,0.6111,True,21093.297,2024-11-12 04:12:00,0.1338
NQ,2024-11-12,Tuesday,RDR,21128.753,21085.541,43.211999999999534,21143.999,21074.254,69.74499999999898,True,SHORT,2024-11-12 11:05:00,21072.319,True,True,True,0.0224,3.2339,3.2339,20945.797,2024-11-12 13:00:00,0.3191,21099.331,2024-11-12 14:43:00,True,2024-11-12 11:13:00,0.1381,0.3191,True,21088.299,2024-11-12 11:19:00,0.0638
NQ,2024-11-13,Wednesday,ADR,21044.887,21033.443,11.443999999999505,21046.089,21030.064,16.025000000001455,True,SHORT,2024-11-12 21:30:00,21027.476,False,True,True,0.6293,3.6264,3.6264,20991.943,2024-11-13 01:35:00,1.6293,21052.089,2024-11-12 22:30:00,True,2024-11-12 21:35:00,1.6293,1.6293,True,21033.789,2024-11-12 21:47:00,0.0302
NQ,2024-11-13,Wednesday,ODR,21068.899,21013.597,55.30199999999968,21070.097,21010.998,59.09900000000198,False,,,,,,,0.0938,0.1515,,,,,,,False,,,,False,,,
NQ,2024-11-13,Wednesday,RDR,21070.476,20983.089,87.3869999999988,21075.61,20950.187,125.42299999999886,True,LONG,2024-11-13 12:10:00,21086.053,True,True,False,0.9999,0.0686,0.9999,21157.854,2024-11-13 13:56:00,0.6683,21012.076,2024-11-13 15:55:00,True,2024-11-13 12:58:00,0.1189,0.6683,True,21069.31,2024-11-13 12:21:00,0.0133
NQ,2024-11-14,Thursday,ADR,21046.342,21020.708,25.634000000001834,21050.819,21019.31,31.508999999998196,True,SHORT,2024-11-13 21:05:00,21017.353,True,True,True,0.0,1.2513,1.2513,20988.632,2024-11-14 01:59:00,0.7456,21039.821,2024-11-13 23:20:00,True,2024-11-13 21:12:00,0.7456,0.7456,True,21020.799,2024-11-13 21:30:00,0.0035
NQ,2024-11-14,Thursday,ODR,21055.089,21018.34,36.748999999999796,21063.319,21013.121,50.19800000000032,True,LONG,2024-11-14 04:00:00,21073.642,True,True,True,0.6509,0.0,0.6509,21079.01,2024-11-14 04:11:00,0.4696,21037.832,2024-11-14 05:07:00,True,2024-11-14 04:05:00,0.0,0.4696,True,21053.308,2024-11-14 04:16:00,0.0485
NQ,2024-11-14,Thursday,RDR,21052.076,20932.042,120.03399999999965,21064.176,20932.042,132.1339999999982,False,,,,,,,0.0,0.1332,,,,,,,False,,,,False,,,
NQ,2024-11-15,Friday,ADR,20838.389,20789.065,49.324000000000524,20839.732,20780.587,59.14500000000044,True,SHORT,2024-11-15 01:05:00,20767.289,True,False,,0.0,1.287,1.287,20725.586,2024-11-15 01:29:00,0.0,20771.564,2024-11-15 01:16:00,True,2024-11-15 01:10:00,0.0,0.0,False,,,
NQ,2024-11-15,Friday,ODR,20745.11,20689.819,55.29100000000108,20753.565,20688.787,64.77799999999843,True,LONG,2024-11-15 07:05:00,20754.742,True,True,False,0.2837,0.0,0.2837,20760.797,2024-11-15 07:59:00,0.4375,20720.921,2024-11-15 08:25:00,False,,0.2677,,True,20743.542,2024-11-15 07:17:00,0.0284
NQ,2024-11-15,Friday,RDR,20656.743,20493.398,163.34499999999753,20668.621,20485.843,182.77799999999843,True,SHORT,2024-11-15 10:40:00,20483.986,True,True,True,0.0,1.1152,1.1152,20311.231,2024-11-15 13:58:00,0.1067,20510.832,2024-11-15 10:51:00,True,2024-11-15 11:56:00,0.1067,0.0,True,20504.699,2024-11-15 10:45:00,0.0692
NQ,2024-11-18,Monday,ADR,20533.41,20496.02,37.38999999999942,20534.809,20494.131,40.677999999999884,True,LONG,2024-11-17 22:00:00,20544.253,True,True,True,0.7617,0.0,0.7617,20561.889,2024-11-18 00:07:00,0.2318,20524.742,2024-11-17 22:31:00,True,2024-11-17 23:43:00,0.2318,0.05,True,20532.621,2024-11-17 22:15:00,0.0211
NQ,2024-11-18,Monday,ODR,20547.798,20499.032,48.76599999999962,20553.265,20486.086,67.17900000000009,True,SHORT,2024-11-18 04:30:00,20475.587,True,False,,0.0,2.2969,2.2969,20387.021,2024-11-18 08:24:00,0.0,20495.789,2024-11-18 05:59:00,True,2024-11-18 04:35:00,0.0,0.0,False,,,
NQ,2024-11-18,Monday,RDR,20557.92,20421.208,136.71199999999953,20559.465,20407.319,152.14600000000064,True,LONG,2024-11-18 10:30:00,20596.698,True,True,False,0.5287,0.0,0.5287,20630.198,2024-11-18 11:40:00,0.4728,20493.286,2024-11-18 14:30:00,True,2024-11-18 11:38:00,0.0,0.4728,True,20554.809,2024-11-18 11:53:00,0.0228
NQ,2024-11-19,Tuesday,ADR,20548.008,20517.309,30.699000000000524,20548.497,20511.421,37.07600000000093,True,LONG,2024-11-18 21:30:00,20553.753,True,False,,1.7116,0.1401,1.7116,20600.553,2024-11-18 23:30:00,0.0,20550.22,2024-11-18 21:45:00,True,2024-11-18 22:03:00,0.0,0.0,False,,,
NQ,2024-11-19,Tuesday,ODR,20590.297,20471.087,119.20999999999913,20592.308,20467.442,124.8660000000018,True,SHORT,2024-11-19 04:25:00,20426.699,True,True,False,0.0,0.6249,0.6249,20396.597,2024-11-19 04:33:00,0.4715,20527.289,2024-11-19 07:13:00,True,2024-11-19 04:31:00,0.0,0.4715,True,20471.089,2024-11-19 05:08:00,0.0
NQ,2024-11-19,Tuesday,RDR,20512.731,20425.019,87.71199999999953,20513.765,20413.343,100.42199999999866,True,LONG,2024-11-19 10:30:00,20522.843,True,False,,2.1428,0.0,2.1428,20700.676,2024-11-19 13:57:00,0.0,20515.486,2024-11-19 10:40:00,True,2024-11-19 10:52:00,0.0,0.0,False,,,
NQ,2024-11-20,Wednesday,ADR,20738.821,20716.586,22.235000000000582,20742.531,20710.765,31.76599999999962,True,SHORT,2024-11-19 20:45:00,20704.665,False,True,False,0.4676,1.5306,1.5306,20682.554,2024-11-19 22:50:00,1.4676,20749.219,2024-11-20 01:53:00,True,2024-11-19 20:50:00,0.3394,1.4676,True,20718.099,2024-11-19 21:44:00,0.068
NQ,2024-11-20,Wednesday,ODR,20743.521,20705.198,38.32300000000032,20752.832,20704.343,48.48899999999776,True,SHORT,2024-11-20 04:45:00,20699.165,True,True,False,0.0,1.098,1.098,20663.12,2024-11-20 05:31:00,0.8904,20739.319,2024-11-20 08:07:00,True,2024-11-20 05:20:00,0.1487,0.8904,True,20708.087,2024-11-20 04:52:00,0.0754
NQ,2024-11-20,Wednesday,RDR,20661.575,20420.398,241.17699999999968,20666.376,20388.398,277.97799999999916,True,LONG,2024-11-20 15:55:00,20669.786,True,,,0.0794,0.0,,,,,,,False,,,,False,,,
NQ,2024-11-21,Thursday,ADR,20612.865,20552.332,60.533000000003085,20621.631,20543.642,77.9890000000014,False,,,,,,,0.1032,0.2682,,,,,,,False,,,,False,,,
NQ,2024-11-21,Thursday,ODR,20600.497,20553.354,47.14300000000003,20617.289,20551.009,66.28000000000247,True,SHORT,2024-11-21 04:05:00,20544.61,False,True,False,2.957,0.8876,0.8876,20511.508,2024-11-21 04:28:00,3.957,20739.899,2024-11-21 08:26:00,True,2024-11-21 04:20:00,0.1814,3.957,True,20559.198,2024-11-21 04:12:00,0.124
NQ,2024-11-21,Thursday,RDR,20790.953,20448.664,342.28900000000067,20821.208,20441.12,380.08799999999974,False,,,,,,,0.0063,0.049,,,,,,,False,,,,False,,,
NQ,2024-11-22,Friday,ADR,20726.575,20684.597,41.977999999999156,20729.843,20683.109,46.73400000000038,True,LONG,2024-11-21 21:35:00,20739.109,False,True,False,0.8703,0.1239,0.8703,20763.109,2024-11-21 22:26:00,1.1239,20679.398,2024-11-21 22:42:00,True,2024-11-21 22:09:00,0.0,1.1239,True,20725.265,2024-11-21 22:34:00,0.0312
NQ,2024-11-22,Friday,ODR,20747.589,20707.664,39.92499999999927,20749.632,20704.264,45.36800000000221,True,SHORT,2024-11-22 04:05:00,20691.12,True,True,False,0.0,2.3761,2.3761,20612.798,2024-11-22 05:10:00,0.6727,20734.52,2024-11-22 08:22:00,True,2024-11-22 04:10:00,0.0,0.6727,True,20709.289,2024-11-22 07:16:00,0.0407
NQ,2024-11-22,Friday,RDR,20774.719,20665.065,109.65400000000227,20792.397,20645.897,146.5,True,LONG,2024-11-22 13:20:00,20793.097,True,True,False,0.2402,0.0506,0.1829,20794.775,2024-11-22 13:32:00,0.5174,20717.989,2024-11-22 14:16:00,False,,0.0472,,True,20769.82,2024-11-22 13:29:00,0.0447
NQ,2024-11-25,Monday,ADR,20886.965,20868.631,18.333999999998923,20888.699,20866.287,22.412000000000262,True,LONG,2024-11-24 22:15:00,20888.786,True,True,False,0.4491,0.0,0.4491,20895.199,2024-11-25 00:59:00,0.6237,20875.531,2024-11-24 22:44:00,False,,0.6237,,True,20886.71,2024-11-24 22:21:00,0.0139
NQ,2024-11-25,Monday,ODR,20884.064,20867.553,16.510999999998603,20887.265,20854.964,32.300999999999476,True,LONG,2024-11-25 04:40:00,20888.619,True,True,False,1.208,0.0571,1.208,20904.009,2024-11-25 05:58:00,1.0571,20866.61,2024-11-25 08:16:00,True,2024-11-25 04:51:00,0.0,1.0571,True,20883.421,2024-11-25 07:01:00,0.0389
NQ,2024-11-25,Monday,RDR,20985.454,20814.765,170.68900000000212,21004.697,20793.787,210.90999999999985,True,SHORT,2024-11-25 12:10:00,20768.932,True,True,True,0.0,0.6188,0.6188,20709.143,2024-11-25 12:46:00,0.0089,20816.289,2024-11-25 13:16:00,True,2024-11-25 12:44:00,0.0,0.0089,True,20816.289,2024-11-25 13:16:00,0.0089
NQ,2024-11-26,Tuesday,ADR,20751.109,20693.153,57.95600000000195,20751.109,20682.031,69.07800000000134,True,LONG,2024-11-25 20:30:00,20757.72,True,True,True,1.7195,0.0,1.7195,20850.765,2024-11-26 01:44:00,0.0414,20748.71,2024-11-25 20:39:00,True,2024-11-25 21:02:00,0.0414,0.0,True,20748.71,2024-11-25 20:39:00,0.0414
NQ,2024-11-26,Tuesday,ODR,20817.009,20788.476,28.532999999999447,20820.508,20778.509,41.999000000003434,True,LONG,2024-11-26 05:00:00,20822.554,True,True,True,2.2617,0.0012,2.2617,20881.542,2024-11-26 07:18:00,1.0012,20788.443,2024-11-26 05:31:00,True,2024-11-26 06:07:00,1.0012,0.3485,True,20815.219,2024-11-26 05:05:00,0.0627
NQ,2024-11-26,Tuesday,RDR,20943.976,20848.489,95.48699999999735,20952.208,20843.264,108.9439999999995,True,SHORT,2024-11-26 14:20:00,20832.132,True,True,False,0.0,0.2186,0.2186,20827.62,2024-11-26 14:25:00,0.886,20933.089,2024-11-26 15:56:00,False,,0.0,,True,20859.399,2024-11-26 14:33:00,0.1143
NQ,2024-11-27,Wednesday,ADR,20916.219,20900.687,15.531999999999243,20917.875,20897.209,20.666000000001077,True,LONG,2024-11-26 20:40:00,20921.086,False,True,False,1.7656,1.5001,1.7656,20943.643,2024-11-26 21:28:00,2.5001,20877.387,2024-11-27 00:19:00,True,2024-11-26 21:11:00,0.1859,2.5001,True,20916.219,2024-11-26 20:45:00,0.0
NQ,2024-11-27,Wednesday,ODR,20903.519,20852.831,50.68800000000192,20905.898,20847.41,58.48800000000119,True,SHORT,2024-11-27 04:25:00,20843.408,True,True,False,0.0,0.4597,0.4597,20829.532,2024-11-27 04:32:00,0.8501,20895.92,2024-11-27 08:22:00,False,,0.0,,True,20853.676,2024-11-27 05:16:00,0.0167
NQ,2024-11-27,Wednesday,RDR,20861.875,20705.108,156.76699999999983,20864.121,20691.587,172.53399999999965,True,SHORT,2024-11-27 10:35:00,20667.408,True,True,False,0.0,0.5978,0.5978,20611.389,2024-11-27 12:09:00,0.3827,20765.11,2024-11-27 15:05:00,True,2024-11-27 12:02:00,0.0721,0.3827,True,20706.299,2024-11-27 10:43:00,0.0076
NQ,2024-11-28,Thursday,ADR,20787.531,20779.409,8.121999999999389,20788.386,20777.908,10.477999999999156,True,LONG,2024-11-27 20:45:00,20789.932,False,True,True,1.658,1.0699,1.658,20800.997,2024-11-28 01:59:00,2.0246,20771.087,2024-11-27 20:59:00,True,2024-11-27 22:41:00,2.0246,0.0231,True,20785.62,2024-11-27 20:50:00,0.2353
NQ,2024-11-28,Thursday,ODR,20799.676,20782.187,17.48899999999776,20804.289,20780.708,23.58100000000195,True,LONG,2024-11-28 07:55:00,20807.299,True,False,,0.5502,0.0,0.5502,20809.299,2024-11-28 08:00:00,0.0,20801.542,2024-11-28 08:27:00,True,2024-11-28 08:00:00,0.0,0.0,False,,,
NQ,2024-11-28,Thursday,RDR,20834.554,20808.321,26.233000000000175,20837.089,20808.321,28.76800000000003,True,LONG,2024-11-28 10:45:00,20838.621,True,True,False,0.3753,0.0,0.3753,20844.399,2024-11-28 11:13:00,0.8005,20813.554,2024-11-28 11:49:00,False,,0.1783,,True,20834.12,2024-11-28 10:52:00,0.0165
NQ,2024-11-29,Friday,ADR,20814.876,20768.054,46.822000000000116,20815.065,20763.653,51.41200000000026,True,LONG,2024-11-28 20:55:00,20817.589,True,False,,1.3508,0.0,1.3508,20878.121,2024-11-28 23:17:00,0.0,20816.754,2024-11-28 21:00:00,True,2024-11-28 21:29:00,0.0,0.0,False,,,
NQ,2024-11-29,Friday,ODR,20844.897,20822.231,22.666000000001077,20846.099,20820.875,25.22399999999834,True,LONG,2024-11-29 04:20:00,20848.409,False,True,False,0.2486,1.8947,0.2486,20850.532,2024-11-29 04:38:00,2.8947,20779.286,2024-11-29 08:29:00,False,,0.3676,,True,20844.643,2024-11-29 04:28:00,0.0112
NQ,2024-11-29,Friday,RDR,20909.608,20763.543,146.0649999999987,20913.564,20747.765,165.79899999999907,True,LONG,2024-11-29 11:05:00,20914.554,True,True,True,0.3271,0.0,0.3271,20957.389,2024-11-29 12:51:00,0.0198,20906.72,2024-11-29 11:10:00,False,,0.0198,,True,20906.72,2024-11-29 11:10:00,0.0198
NQ,2024-12-02,Monday,ADR,20913.297,20889.71,23.586999999999534,20914.687,20884.12,30.567000000002736,True,SHORT,2024-12-02 01:40:00,20883.375,True,True,False,0.1268,0.3317,0.269,20883.364,2024-12-02 01:45:00,0.2312,20895.164,2024-12-02 01:59:00,False,,0.0,,True,20889.908,2024-12-02 01:53:00,0.0084
NQ,2024-12-02,Monday,ODR,20912.665,20895.775,16.889999999999418,20914.665,20894.143,20.522000000000844,True,SHORT,2024-12-02 05:00:00,20890.021,False,True,False,3.8583,0.8111,0.8111,20882.075,2024-12-02 05:10:00,4.8583,20977.831,2024-12-02 08:17:00,True,2024-12-02 05:06:00,0.0,4.8583,True,20898.021,2024-12-02 05:14:00,0.133
NQ,2024-12-02,Monday,RDR,21131.754,20985.297,146.45700000000215,21136.632,20969.753,166.87900000000081,True,LONG,2024-12-02 10:30:00,21136.753,True,True,True,0.4647,0.0,0.4647,21199.809,2024-12-02 12:24:00,0.3413,21081.775,2024-12-02 10:59:00,False,,0.3413,,True,21128.121,2024-12-02 10:35:00,0.0248
NQ,2024-12-03,Tuesday,ADR,21161.053,21145.997,15.056000000000495,21164.219,21144.697,19.522000000000844,True,LONG,2024-12-02 20:40:00,21164.943,True,True,True,1.2856,0.0,1.2856,21180.409,2024-12-02 23:25:00,0.6767,21150.864,2024-12-02 21:26:00,True,2024-12-02 22:06:00,0.6767,0.0,True,21160.087,2024-12-02 20:48:00,0.0642
NQ,2024-12-03,Tuesday,ODR,21183.199,21155.176,28.023000000001048,21184.419,21152.632,31.787000000000262,True,SHORT,2024-12-03 05:30:00,21147.987,True,True,True,0.0,0.9452,0.9452,21128.689,2024-12-03 07:15:00,0.2621,21162.52,2024-12-03 07:43:00,True,2024-12-03 06:03:00,0.0591,0.2621,True,21155.32,2024-12-03 07:04:00,0.0051
NQ,2024-12-03,Tuesday,RDR,21159.32,21101.387,57.9330000000009,21178.799,21077.119,101.68000000000029,True,LONG,2024-12-03 11:25:00,21195.842,True,True,True,1.289,0.0,1.289,21233.997,2024-12-03 15:59:00,0.4112,21135.497,2024-12-03 12:38:00,True,2024-12-03 11:30:00,0.4112,0.4112,True,21158.175,2024-12-03 11:38:00,0.0198
NQ,2024-12-04,Wednesday,ADR,21279.175,21264.486,14.688999999998487,21281.198,21262.875,18.32300000000032,True,LONG,2024-12-03 21:55:00,21282.654,True,True,True,2.4138,0.0,2.4138,21314.632,2024-12-04 00:45:00,0.4296,21272.864,2024-12-03 22:28:00,True,2024-12-03 22:10:00,0.4296,0.4296,True,21278.91,2024-12-03 22:04:00,0.018
NQ,2024-12-04,Wednesday,ODR,21332.032,21295.042,36.98999999999796,21333.343,21292.075,41.26800000000003,True,LONG,2024-12-04 04:10:00,21344.032,True,True,True,1.2382,0.0,1.2382,21377.832,2024-12-04 08:23:00,0.0634,21329.687,2024-12-04 04:38:00,True,2024-12-04 05:42:00,0.0634,0.0,True,21329.687,2024-12-04 04:38:00,0.0634
NQ,2024-12-04,Wednesday,RDR,21404.532,21336.398,68.1339999999982,21411.789,21336.042,75.74699999999939,True,LONG,2024-12-04 10:30:00,21424.553,True,True,True,1.3545,0.0,1.3545,21496.82,2024-12-04 15:50:00,0.2399,21388.187,2024-12-04 13:36:00,True,2024-12-04 11:01:00,0.2399,0.2399,True,21404.354,2024-12-04 11:32:00,0.0026
NQ,2024-12-05,Thursday,ADR,21459.853,21445.053,14.799999999999272,21461.299,21443.131,18.167999999997846,True,LONG,2024-12-04 20:30:00,21461.642,True,True,False,0.5639,0.0,0.5639,21468.199,2024-12-04 21:41:00,0.6583,21450.11,2024-12-05 01:56:00,True,2024-12-04 21:41:00,0.1546,0.6583,True,21458.81,2024-12-04 20:35:00,0.0705
NQ,2024-12-05,Thursday,ODR,21454.719,21441.643,13.076000000000931,21457.589,21436.831,20.75800000000163,True,LONG,2024-12-05 05:00:00,21458.086,True,True,True,2.3428,0.3067,2.3428,21485.354,2024-12-05 08:00:00,0.525,21447.854,2024-12-05 05:52:00,True,2024-12-05 05:06:00,0.525,0.525,True,21452.142,2024-12-05 05:25:00,0.1971
NQ,2024-12-05,Thursday,RDR,21489.432,21455.064,34.36800000000221,21499.031,21446.486,52.544999999998254,True,LONG,2024-12-05 12:10:00,21507.92,False,True,False,0.7669,1.3397,0.7669,21515.789,2024-12-05 12:52:00,2.3397,21409.02,2024-12-05 15:57:00,True,2024-12-05 12:15:00,0.0,2.3397,True,21487.821,2024-12-05 13:16:00,0.0469
NQ,2024-12-06,Friday,ADR,21414.453,21403.221,11.231999999999971,21414.453,21401.575,12.878000000000611,True,LONG,2024-12-05 20:30:00,21418.743,True,True,True,1.9085,0.0,1.9085,21435.889,2024-12-06 01:24:00,0.641,21407.253,2024-12-05 20:55:00,True,2024-12-05 20:36:00,0.641,0.641,True,21412.642,2024-12-05 20:49:00,0.1612
NQ,2024-12-06,Friday,ODR,21444.675,21428.008,16.666999999997643,21447.309,21424.176,23.13300000000163,True,SHORT,2024-12-06 04:15:00,21419.687,True,True,True,0.0,1.8625,1.8625,21396.965,2024-12-06 06:43:00,0.6394,21438.665,2024-12-06 08:05:00,True,2024-12-06 04:20:00,0.21,0.6394,True,21429.299,2024-12-06 04:23:00,0.0775
NQ,2024-12-06,Friday,RDR,21595.976,21445.031,150.9449999999997,21602.265,21440.264,162.0010000000002,True,LONG,2024-12-06 13:05:00,21605.698,True,True,True,0.1884,0.0,0.1884,21624.41,2024-12-06 13:24:00,0.1839,21568.221,2024-12-06 14:30:00,False,,0.0,,True,21594.21,2024-12-06 14:05:00,0.0117
NQ,2024-12-09,Monday,ADR,21608.965,21585.91,23.05500000000029,21610.52,21584.053,26.467000000000553,True,LONG,2024-12-09 01:40:00,21610.686,True,True,False,0.2062,0.0,0.1095,21611.489,2024-12-09 01:46:00,0.1369,21605.809,2024-12-09 01:59:00,False,,0.0,,True,21608.654,2024-12-09 01:49:00,0.0135
NQ,2024-12-09,Monday,ODR,21660.319,21640.21,20.10900000000038,21662.21,21636.775,25.43499999999767,True,SHORT,2024-12-09 04:05:00,21624.031,True,False,,0.005,4.7945,4.7945,21543.798,2024-12-09 06:39:00,0.0,21629.965,2024-12-09 04:14:00,True,2024-12-09 04:10:00,0.0,0.0,False,,,
NQ,2024-12-09,Monday,RDR,21601.942,21514.621,87.32099999999991,21605.564,21505.632,99.93199999999706,True,SHORT,2024-12-09 10:35:00,21488.986,True,True,True,0.0,1.3299,1.3299,21398.497,2024-12-09 11:12:00,0.1473,21527.487,2024-12-09 10:43:00,True,2024-12-09 10:52:00,0.1473,0.0,True,21517.676,2024-12-09 10:41:00,0.035
NQ,2024-12-10,Tuesday,ADR,21445.343,21427.31,18.032999999999447,21445.343,21426.965,18.37800000000061,True,SHORT,2024-12-09 20:35:00,21425.689,True,True,True,0.0,0.7974,0.7974,21412.931,2024-12-10 00:30:00,0.5588,21437.387,2024-12-09 22:48:00,True,2024-12-10 00:30:00,0.5588,0.4646,True,21428.386,2024-12-09 20:44:00,0.0597
NQ,2024-12-10,Tuesday,ODR,21425.008,21413.386,11.622000000003027,21426.897,21409.453,17.443999999999505,True,LONG,2024-12-10 05:00:00,21430.531,True,False,,6.2716,0.2456,6.2716,21497.897,2024-12-10 08:13:00,0.0,21430.086,2024-12-10 05:05:00,True,2024-12-10 05:05:00,0.0,0.0,False,,,
NQ,2024-12-10,Tuesday,RDR,21563.065,21486.898,76.16699999999764,21569.487,21467.465,102.02200000000084,True,SHORT,2024-12-10 11:05:00,21438.021,True,False,,0.0,2.291,2.291,21312.397,2024-12-10 15:32:00,0.0,21474.386,2024-12-10 11:21:00,True,2024-12-10 11:10:00,0.0,0.0,False,,,
NQ,2024-12-11,Wednesday,ADR,21390.52,21369.531,20.989000000001397,21394.11,21367.643,26.467000000000553,True,LONG,2024-12-10 22:15:00,21395.054,True,True,True,0.7375,0.0,0.7375,21405.999,2024-12-11 01:58:00,0.8407,21372.875,2024-12-10 23:44:00,True,2024-12-11 01:40:00,0.8407,0.0,True,21390.276,2024-12-10 22:21:00,0.0116
NQ,2024-12-11,Wednesday,ODR,21402.109,21378.908,23.20100000000093,21405.619,21376.499,29.11999999999898,True,LONG,2024-12-11 04:05:00,21407.832,True,True,True,1.1303,0.0,1.1303,21428.332,2024-12-11 08:29:00,0.5096,21390.286,2024-12-11 07:35:00,True,2024-12-11 04:15:00,0.5096,0.5096,True,21398.232,2024-12-11 04:11:00,0.1671
NQ,2024-12-11,Wednesday,RDR,21696.664,21548.575,148.08899999999994,21698.22,21532.742,165.4780000000028,True,LONG,2024-12-11 11:10:00,21702.254,True,True,True,0.5588,0.0,0.5588,21779.419,2024-12-11 15:17:00,0.0563,21688.321,2024-12-11 11:19:00,True,2024-12-11 13:38:00,0.0563,0.0,True,21696.387,2024-12-11 11:15:00,0.0019
NQ,2024-12-12,Thursday,ADR,21722.554,21709.721,12.83299999999872,21723.575,21707.608,15.967000000000553,True,LONG,2024-12-11 22:25:00,21726.221,True,True,True,1.1334,0.0,1.1334,21737.099,2024-12-12 01:02:00,0.2372,21719.51,2024-12-11 22:41:00,True,2024-12-12 00:50:00,0.2372,0.1758,True,21722.076,2024-12-11 22:39:00,0.0372
NQ,2024-12-12,Thursday,ODR,21733.909,21712.887,21.022000000000844,21735.276,21707.71,27.566000000002532,True,SHORT,2024-12-12 04:30:00,21704.31,True,True,True,0.0,2.8885,2.8885,21652.164,2024-12-12 08:03:00,0.0334,21713.589,2024-12-12 06:06:00,True,2024-12-12 04:37:00,0.0334,0.0334,True,21713.031,2024-12-12 06:05:00,0.0068
NQ,2024-12-12,Thursday,RDR,21673.397,21615.143,58.254000000000815,21684.609,21590.675,93.9340000000011,True,LONG,2024-12-12 10:55:00,21687.243,True,True,False,0.7172,0.0,0.7172,21715.175,2024-12-12 13:27:00,0.9758,21616.554,2024-12-12 15:59:00,True,2024-12-12 11:04:00,0.5775,0.9758,True,21669.554,2024-12-12 11:36:00,0.066
NQ,2024-12-13,Friday,ADR,21741.464,21714.309,27.154999999998836,21743.387,21713.431,29.955999999998312,True,SHORT,2024-12-12 20:50:00,21708.119,True,True,False,0.0,1.5238,1.5238,21672.931,2024-12-12 23:02:00,0.2681,21721.589,2024-12-13 01:59:00,True,2024-12-12 21:01:00,0.0,0.2681,True,21714.787,2024-12-13 01:26:00,0.0176
NQ,2024-12-13,Friday,ODR,21736.064,21711.019,25.044999999998254,21741.099,21706.51,34.58899999999994,True,LONG,2024-12-13 04:20:00,21747.742,True,True,True,3.2834,0.0,3.2834,21818.298,2024-12-13 08:01:00,0.1694,21731.821,2024-12-13 04:34:00,True,2024-12-13 04:27:00,0.1694,0.1694,True,21735.521,2024-12-13 04:33:00,0.0217
NQ,2024-12-13,Friday,RDR,21864.754,21770.975,93.77900000000227,21883.743,21766.81,116.93299999999726,True,SHORT,2024-12-13 10:40:00,21720.964,True,True,False,0.0,1.3604,1.3604,21643.398,2024-12-13 11:08:00,0.34,21802.864,2024-12-13 15:34:00,True,2024-12-13 10:45:00,0.0,0.34,True,21772.499,2024-12-13 14:22:00,0.0163
NQ,2024-12-16,Monday,ADR,21788.398,21770.454,17.943999999999505,21789.519,21769.42,20.09900000000198,True,LONG,2024-12-15 20:55:00,21793.399,False,True,False,0.7078,0.4167,0.7078,21801.099,2024-12-15 21:53:00,1.3591,21764.01,2024-12-16 00:44:00,True,2024-12-15 21:11:00,0.0397,1.3591,True,21787.686,2024-12-15 21:01:00,0.0397
NQ,2024-12-16,Monday,ODR,21796.865,21780.331,16.53400000000329,21798.698,21774.842,23.855999999999767,True,LONG,2024-12-16 04:05:00,21799.81,True,False,,5.3426,0.0,5.3426,21885.199,2024-12-16 08:29:00,0.0,21800.009,2024-12-16 04:10:00,True,2024-12-16 04:11:00,0.0,0.0,False,,,
NQ,2024-12-16,Monday,RDR,21975.042,21879.197,95.84500000000116,21976.097,21876.889,99.20800000000236,True,LONG,2024-12-16 10:30:00,21996.354,True,True,True,1.645,0.0,1.645,22132.709,2024-12-16 15:22:00,0.0984,21965.608,2024-12-16 10:52:00,True,2024-12-16 11:21:00,0.0984,0.0,True,21973.399,2024-12-16 10:41:00,0.0171
NQ,2024-12-17,Tuesday,ADR,22087.787,22068.131,19.65599999999904,22090.489,22063.22,27.269000000000233,True,LONG,2024-12-16 20:30:00,22092.597,True,True,False,0.9011,0.0537,0.9011,22105.499,2024-12-16 23:22:00,1.0537,22067.076,2024-12-17 01:30:00,True,2024-12-16 20:54:00,0.0729,1.0537,True,22087.521,2024-12-16 20:42:00,0.0135
NQ,2024-12-17,Tuesday,ODR,22044.732,22021.632,23.099999999998545,22052.375,22009.754,42.620999999999185,True,LONG,2024-12-17 04:30:00,22054.321,False,True,False,2.4743,0.6451,2.4743,22101.889,2024-12-17 06:22:00,1.6451,22006.731,2024-12-17 08:11:00,True,2024-12-17 04:38:00,0.0,1.6451,True,22041.164,2024-12-17 07:05:00,0.1545
NQ,2024-12-17,Tuesday,RDR,22038.754,21925.51,113.24400000000242,22044.208,21921.999,122.20899999999892,True,LONG,2024-12-17 11:35:00,22055.286,True,True,False,0.201,0.0064,0.201,22061.521,2024-12-17 11:44:00,0.9625,21929.753,2024-12-17 15:24:00,False,,0.0,,True,22037.221,2024-12-17 11:51:00,0.0135
NQ,2024-12-18,Wednesday,ADR,21982.389,21960.319,22.06999999999971,21984.799,21957.654,27.145000000000437,True,LONG,2024-12-17 20:35:00,21991.076,True,True,True,1.9356,0.0,1.9356,22025.108,2024-12-18 01:14:00,0.2498,21976.875,2024-12-17 22:31:00,True,2024-12-17 20:41:00,0.2498,0.2498,True,21981.386,2024-12-17 22:26:00,0.0454
NQ,2024-12-18,Wednesday,ODR,22033.999,22006.62,27.379000000000815,22036.808,22006.231,30.577000000001135,True,SHORT,2024-12-18 04:00:00,22002.319,False,True,False,1.1237,0.5503,0.5438,21991.732,2024-12-18 04:09:00,2.1237,22064.764,2024-12-18 07:24:00,True,2024-12-18 04:09:00,0.0792,2.1237,True,22008.789,2024-12-18 04:06:00,0.0792
NQ,2024-12-18,Wednesday,RDR,21998.053,21909.343,88.70999999999913,22001.31,21890.389,110.9210000000021,True,LONG,2024-12-18 10:35:00,22001.575,False,True,False,0.4418,8.829,0.4418,22037.243,2024-12-18 10:49:00,9.829,21126.12,2024-12-18 15:45:00,False,,0.0208,,True,21996.209,2024-12-18 10:40:00,0.0208
NQ,2024-12-19,Thursday,ADR,21249.219,21185.72,63.498999999999796,21251.632,21185.489,66.14300000000003,True,SHORT,2024-12-18 20:30:00,21182.564,True,True,False,0.0,0.8635,0.8635,21130.887,2024-12-18 22:09:00,0.395,21210.799,2024-12-19 00:15:00,True,2024-12-18 22:06:00,0.3715,0.395,True,21189.919,2024-12-18 20:35:00,0.0661
NQ,2024-12-19,Thursday,ODR,21289.021,21241.676,47.345000000001164,21290.999,21231.909,59.090000000000146,True,LONG,2024-12-19 04:00:00,21294.209,False,True,True,1.9721,0.0761,1.9721,21382.389,2024-12-19 08:02:00,1.0761,21238.075,2024-12-19 04:29:00,True,2024-12-19 05:28:00,1.0761,0.9019,True,21285.875,2024-12-19 04:05:00,0.0664
NQ,2024-12-19,Thursday,RDR,21376.698,21215.142,161.5560000000005,21400.409,21212.219,188.1899999999987,True,SHORT,2024-12-19 10:30:00,21201.598,True,True,True,0.0,0.8187,0.8187,21082.876,2024-12-19 15:54:00,0.8186,21347.389,2024-12-19 11:39:00,True,2024-12-19 15:35:00,0.8186,0.0411,True,21219.676,2024-12-19 10:35:00,0.0281
NQ,2024-12-20,Friday,ADR,21054.543,20995.097,59.44599999999991,21060.576,20983.021,77.55500000000029,True,SHORT,2024-12-19 21:05:00,20972.632,True,True,False,0.0,1.1002,1.1002,20929.697,2024-12-19 22:47:00,0.4469,21021.665,2024-12-20 01:56:00,True,2024-12-19 21:13:00,0.1335,0.4469,True,21003.031,2024-12-19 22:02:00,0.1335
NQ,2024-12-20,Friday,ODR,21006.176,20881.521,124.65499999999884,21016.165,20876.408,139.75700000000143,True,SHORT,2024-12-20 04:20:00,20868.11,True,False,,0.0,1.1849,1.1849,20733.82,2024-12-20 07:24:00,0.0,20880.197,2024-12-20 04:33:00,True,2024-12-20 06:03:00,0.0,0.0,False,,,
NQ,2024-12-20,Friday,RDR,21199.82,20928.32,271.5,21203.108,20893.121,309.987000000001,True,LONG,2024-12-20 10:30:00,21245.319,True,False,,1.301,0.0,1.301,21553.032,2024-12-20 12:28:00,0.0,21223.121,2024-12-20 10:35:00,True,2024-12-20 11:04:00,0.0,0.0,False,,,
NQ,2024-12-23,Monday,ADR,21390.953,21333.586,57.36700000000201,21391.108,21328.898,62.20999999999913,True,LONG,2024-12-22 20:30:00,21393.92,True,True,True,1.394,0.0,1.394,21470.921,2024-12-23 01:20:00,0.128,21383.608,2024-12-22 21:49:00,True,2024-12-22 20:56:00,0.128,0.128,True,21390.931,2024-12-22 21:47:00,0.0004
NQ,2024-12-23,Monday,ODR,21441.553,21400.153,41.400000000001455,21449.599,21392.199,57.39999999999782,True,SHORT,2024-12-23 04:15:00,21392.097,True,True,True,0.0,2.3618,2.3618,21302.375,2024-12-23 06:48:00,0.4632,21419.331,2024-12-23 04:42:00,True,2024-12-23 05:23:00,0.4632,0.0368,True,21400.799,2024-12-23 04:21:00,0.0156
NQ,2024-12-23,Monday,RDR,21391.773,21254.132,137.64099999999962,21405.71,21217.043,188.66699999999764,True,LONG,2024-12-23 11:40:00,21416.776,True,True,True,0.8726,0.0,0.8726,21511.875,2024-12-23 14:17:00,0.0774,21381.119,2024-12-23 12:18:00,True,2024-12-23 12:02:00,0.0774,0.0774,True,21384.799,2024-12-23 12:17:00,0.0507
NQ,2024-12-24,Tuesday,ADR,21482.075,21455.099,26.976000000002387,21482.389,21454.543,27.84599999999773,True,LONG,2024-12-23 21:10:00,21485.121,True,True,True,1.0459,0.0,1.0459,21510.289,2024-12-24 01:47:00,0.5828,21466.353,2024-12-23 23:21:00,True,2024-12-23 22:03:00,0.5828,0.5828,True,21480.576,2024-12-23 21:15:00,0.0556
NQ,2024-12-24,Tuesday,ODR,21512.763,21486.542,26.22099999999773,21517.789,21478.098,39.690999999998894,True,LONG,2024-12-24 04:00:00,21519.499,True,True,True,1.2586,0.0,1.2586,21545.764,2024-12-24 05:07:00,0.3067,21504.721,2024-12-24 06:47:00,True,2024-12-24 04:07:00,0.0,0.3067,True,21505.108,2024-12-24 06:46:00,0.2919
NQ,2024-12-24,Tuesday,RDR,21678.389,21564.521,113.86799999999857,21690.799,21539.819,150.97999999999956,True,LONG,2024-12-24 10:40:00,21704.619,True,False,,1.0914,0.0,1.0914,21802.665,2024-12-24 13:13:00,0.0,21684.664,2024-12-24 10:54:00,True,2024-12-24 11:44:00,0.0,0.0,False,,,
NQ,2024-12-26,Thursday,ADR,21816.221,21802.797,13.424000000002707,21819.621,21800.631,18.989999999997963,True,LONG,2024-12-25 21:40:00,21824.399,True,False,,3.6575,0.0,3.6575,21865.319,2024-12-25 22:59:00,0.0,21820.92,2024-12-25 21:46:00,True,2024-12-25 21:45:00,0.0,0.0,False,,,
NQ,2024-12-26,Thursday,ODR,21833.108,21738.175,94.9330000000009,21833.108,21712.942,120.16600000000108,True,SHORT,2024-12-26 04:10:00,21709.986,True,False,,0.0,0.9322,0.9322,21649.675,2024-12-26 05:06:00,0.0,21736.999,2024-12-26 04:33:00,True,2024-12-26 04:53:00,0.0,0.0,False,,,
NQ,2024-12-26,Thursday,RDR,21755.576,21644.632,110.9439999999995,21763.52,21632.854,130.66600000000108,True,LONG,2024-12-26 10:35:00,21766.232,True,True,True,0.7702,0.0,0.7702,21841.021,2024-12-26 12:18:00,0.203,21733.053,2024-12-26 10:45:00,True,2024-12-26 12:07:00,0.203,0.1415,True,21740.597,2024-12-26 10:41:00,0.135
NQ,2024-12-27,Friday,ADR,21749.021,21726.308,22.712999999999738,21751.299,21720.332,30.967000000000553,True,SHORT,2024-12-26 22:20:00,21716.71,True,True,True,0.0,1.3277,1.3277,21696.153,2024-12-27 01:09:00,0.408,21735.575,2024-12-27 00:26:00,True,2024-12-26 22:37:00,0.408,0.408,True,21726.71,2024-12-26 22:50:00,0.0177
NQ,2024-12-27,Friday,ODR,21701.709,21674.52,27.188999999998487,21707.564,21672.21,35.35399999999936,True,LONG,2024-12-27 07:00:00,21716.254,True,True,False,0.8602,0.2346,0.8602,21725.097,2024-12-27 07:10:00,0.7736,21680.676,2024-12-27 08:25:00,True,2024-12-27 07:05:00,0.0,0.7736,True,21693.798,2024-12-27 08:01:00,0.291
NQ,2024-12-27,Friday,RDR,21617.865,21300.397,317.46800000000076,21633.52,21283.61,349.90999999999985,False,,,,,,,0.0,0.0692,,,,,,,False,,,,False,,,
NQ,2024-12-30,Monday,ADR,21500.308,21460.465,39.84300000000076,21501.199,21460.086,41.11300000000119,True,SHORT,2024-12-29 22:10:00,21459.889,True,True,True,0.0,0.816,0.816,21427.953,2024-12-30 01:45:00,0.3567,21474.676,2024-12-29 23:46:00,True,2024-12-30 00:32:00,0.3567,0.1952,True,21462.142,2024-12-29 22:15:00,0.0421
NQ,2024-12-30,Monday,ODR,21446.789,21412.762,34.02700000000186,21452.498,21400.231,52.266999999999825,True,SHORT,2024-12-30 07:20:00,21394.531,True,False,,0.0003,5.5726,5.5726,21223.142,2024-12-30 07:49:00,0.0,21403.019,2024-12-30 07:30:00,True,2024-12-30 07:25:00,0.0,0.0,False,,,
NQ,2024-12-30,Monday,RDR,21188.186,21049.92,138.26600000000326,21194.943,21039.053,155.88999999999942,True,LONG,2024-12-30 11:15:00,21195.765,True,True,True,1.194,0.0,1.194,21353.276,2024-12-30 13:16:00,0.2019,21160.276,2024-12-30 11:27:00,True,2024-12-30 12:00:00,0.2019,0.0,True,21178.52,2024-12-30 11:22:00,0.0699
NQ,2024-12-31,Tuesday,ADR,21183.187,21154.487,28.700000000000728,21188.208,21150.132,38.07599999999729,True,LONG,2024-12-30 20:30:00,21192.389,True,True,False,1.9845,0.0,1.9845,21240.143,2024-12-30 21:32:00,0.9694,21155.364,2024-12-31 01:44:00,True,2024-12-30 20:37:00,0.0,0.9694,True,21176.887,2024-12-30 22:42:00,0.2195
NQ,2024-12-31,Tuesday,ODR,21187.786,21154.709,33.077000000001135,21189.489,21145.432,44.0570000000007,True,LONG,2024-12-31 04:05:00,21202.453,True,False,,3.685,0.0,3.685,21309.675,2024-12-31 07:09:00,0.0,21202.398,2024-12-31 04:10:00,True,2024-12-31 04:10:00,0.0,0.0,False,,,
NQ,2024-12-31,Tuesday,RDR,21247.331,21135.786,111.54499999999825,21273.72,21120.232,153.4880000000012,True,SHORT,2024-12-31 11:15:00,21102.786,True,True,True,0.0,1.4466,1.4466,20974.42,2024-12-31 14:43:00,0.1892,21156.886,2024-12-31 11:51:00,True,2024-12-31 12:23:00,0.1892,0.0,True,21140.699,2024-12-31 11:45:00,0.044
