trading_date,range_type,direction,confirmation_time,confirmation_price,dr_high,dr_low,dr_range,extreme_type,extreme_price,extreme_time,first_retracement_occurred,first_retracement_percent,first_retracement_price,first_retracement_time,maximum_retracement_before_extreme,maximum_retracement_price,maximum_retracement_time,retracement_episode_count,confirmation_bucket
2024-01-02,ADR,SHORT,2024-01-01 20:40:00,16826.679,16847.439,16831.739,15.69999999999709,LOD,16349.949,2024-01-03 15:50:00,True,2.71873102068413,16559.439,2024-01-02 18:05:00,20.807414256893036,16373.439,2024-01-03 14:30:00,22,20:30–20:45
2024-01-02,ODR,SHORT,2024-01-02 04:00:00,16827.369,16847.799,16829.269,18.52999999999884,LOD,16349.949,2024-01-03 15:50:00,True,2.7429354094568126,16559.439,2024-01-02 18:05:00,20.915985381414124,16373.439,2024-01-03 14:30:00,22,04:00–04:15
2024-01-02,RDR,SHORT,2024-01-02 10:30:00,16529.359,16674.229,16547.239,126.98999999999796,LOD,16349.949,2024-01-03 15:50:00,True,100.0,16549.099,2024-01-02 18:25:00,100.0,16547.599,2024-01-02 18:25:00,25,10:30–10:45
2024-01-03,ADR,SHORT,2024-01-02 21:15:00,16529.979,16549.929,16534.379,15.549999999999272,LOD,16273.549,2024-01-04 15:55:00,True,3.667497703712324,16387.549,2024-01-03 18:05:00,55.89835250233146,16295.369,2024-01-04 11:25:00,8,21:15–21:30
2024-01-03,ODR,SHORT,2024-01-03 04:05:00,16488.409,16547.679,16497.529,50.150000000001455,LOD,16273.549,2024-01-04 15:55:00,True,4.83689538807513,16387.549,2024-01-03 18:05:00,65.23967167021978,16295.369,2024-01-04 11:25:00,8,04:00–04:15
2024-01-03,RDR,SHORT,2024-01-03 10:35:00,16372.579,16462.349,16393.889,68.45999999999913,LOD,16273.549,2024-01-04 15:55:00,True,46.85666387258208,16387.549,2024-01-03 18:05:00,100.0,16396.369,2024-01-03 19:45:00,26,10:30–10:45
2024-01-04,ADR,SHORT,2024-01-03 21:15:00,16381.599,16395.109,16385.499,9.610000000000582,LOD,16173.219,2024-01-05 08:30:00,True,10.589230931979424,16300.979,2024-01-04 18:05:00,32.18365186382149,16263.789,2024-01-05 08:30:00,15,21:15–21:30
2024-01-04,ODR,SHORT,2024-01-04 06:50:00,16377.439,16415.479,16382.589,32.88999999999942,LOD,16173.219,2024-01-05 08:30:00,True,10.925562104344172,16300.979,2024-01-04 18:05:00,32.71409152695989,16263.789,2024-01-05 08:30:00,15,06:45–07:00
2024-01-04,RDR,LONG,2024-01-04 10:45:00,16372.799,16359.959,16286.519,73.44000000000051,HOD,16416.269,2024-01-05 11:10:00,True,100.0,16355.579,2024-01-05 10:15:00,100.0,16351.299,2024-01-05 10:15:00,3,10:45–11:00
2024-01-08,ADR,SHORT,2024-01-07 20:45:00,16326.889,16340.149,16331.269,8.8799999999992,LOD,16501.839,2024-01-09 08:45:00,False,,,,,,,0,20:45–21:00
2024-01-08,ODR,SHORT,2024-01-08 04:20:00,16247.989,16293.829,16265.209,28.61999999999898,LOD,16501.839,2024-01-09 08:45:00,False,,,,,,,0,04:15–04:30
2024-01-08,RDR,LONG,2024-01-08 10:30:00,16497.599,16484.929,16352.689,132.23999999999978,HOD,16716.629,2024-01-09 13:05:00,True,4.777091674018403,16625.259,2024-01-08 18:05:00,89.02446939702739,16631.679,2024-01-09 08:45:00,4,10:30–10:45
2024-01-09,ADR,LONG,2024-01-08 21:15:00,16635.679,16633.489,16627.739,5.75,HOD,16830.609,2024-01-10 15:00:00,True,8.858858858861238,16694.189,2024-01-09 19:10:00,83.90492639197328,16749.219,2024-01-10 10:05:00,9,21:15–21:30
2024-01-09,ODR,SHORT,2024-01-09 04:05:00,16576.719,16609.939,16582.219,27.71999999999753,LOD,16653.059,2024-01-10 10:05:00,False,,,,,,,0,04:00–04:15
2024-01-09,RDR,LONG,2024-01-09 10:35:00,16594.199,16590.479,16512.419,78.05999999999767,HOD,16830.609,2024-01-10 15:00:00,True,5.382720554695214,16694.189,2024-01-09 19:10:00,61.98055893074064,16749.219,2024-01-10 10:05:00,9,10:30–10:45
2024-01-10,ADR,SHORT,2024-01-10 00:25:00,16671.299,16697.599,16673.409,24.18999999999869,LOD,16612.389,2024-01-11 11:45:00,True,91.51144225652249,16670.219,2024-01-11 11:20:00,91.51144225652249,16652.989,2024-01-11 11:20:00,1,00:15–00:30
2024-01-10,ODR,LONG,2024-01-10 04:05:00,16731.689,16712.249,16694.219,18.02999999999884,HOD,16906.589,2024-01-11 08:30:00,True,8.450704225353082,16799.349,2024-01-10 18:05:00,82.78364820151658,16744.509,2024-01-11 08:30:00,13,04:00–04:15
2024-01-10,RDR,LONG,2024-01-10 10:40:00,16734.149,16714.909,16664.799,50.11000000000058,HOD,16906.589,2024-01-11 08:30:00,True,8.693771626298563,16799.349,2024-01-10 18:05:00,83.97574707665744,16744.509,2024-01-11 08:30:00,13,10:30–10:45
2024-01-11,ADR,LONG,2024-01-10 21:10:00,16843.829,16841.169,16814.709,26.460000000002765,HOD,16903.819,2024-01-12 09:45:00,False,,,,,,,0,21:00–21:15
2024-01-11,ODR,SHORT,2024-01-11 04:30:00,16857.399,16894.509,16861.539,32.969999999997526,LOD,16727.029,2024-01-12 06:45:00,True,23.617838650408647,16815.809,2024-01-11 18:05:00,72.21639267809068,16783.899,2024-01-12 04:10:00,6,04:30–04:45
2024-01-11,RDR,SHORT,2024-01-11 11:10:00,16647.309,16868.809,16696.099,172.71000000000276,LOD,16727.029,2024-01-12 06:45:00,False,,,,,,,0,11:00–11:15
2024-01-15,ADR,LONG,2024-01-14 21:15:00,16829.029,16820.519,16809.679,10.840000000000146,HOD,16898.364,2024-01-16 10:50:00,True,100.0,16813.553,2024-01-15 18:05:00,100.0,16817.354,2024-01-15 18:05:00,3,21:15–21:30
2024-01-15,ODR,SHORT,2024-01-15 04:00:00,16824.089,16878.329,16829.329,49.0,LOD,16674.187,2024-01-16 03:15:00,True,53.473630831646965,16821.989,2024-01-15 18:10:00,62.98174442190967,16818.865,2024-01-15 18:15:00,8,04:00–04:15
2024-01-15,RDR,LONG,2024-01-15 10:45:00,16831.029,16824.079,16802.809,21.27000000000044,HOD,16898.364,2024-01-16 10:50:00,True,100.0,16813.553,2024-01-15 18:05:00,100.0,16817.354,2024-01-15 18:05:00,2,10:45–11:00
2024-01-16,ADR,SHORT,2024-01-16 00:55:00,16739.353,16782.298,16747.865,34.432999999997264,LOD,16559.731,2024-01-17 10:00:00,True,36.62300765638216,16721.542,2024-01-17 01:15:00,100.0,16751.119,2024-01-17 06:30:00,9,00:45–01:00
2024-01-16,ODR,LONG,2024-01-16 06:50:00,16748.198,16741.289,16683.819,57.47000000000117,HOD,16844.589,2024-01-16 19:00:00,True,8.881404528585302,16834.086,2024-01-16 18:05:00,12.32890163194009,16840.765,2024-01-16 18:45:00,1,06:45–07:00
2024-01-16,RDR,LONG,2024-01-16 10:40:00,16874.865,16864.543,16737.489,127.05400000000007,HOD,16844.589,2024-01-16 19:00:00,False,,,,,,,0,10:30–10:45
2024-01-17,ADR,SHORT,2024-01-16 20:40:00,16810.553,16828.708,16817.275,11.432999999997264,LOD,16709.631,2024-01-17 18:05:00,False,,,,,,,0,20:30–20:45
2024-01-17,ODR,SHORT,2024-01-17 04:10:00,16686.799,16724.808,16695.51,29.298000000002503,LOD,16709.631,2024-01-17 18:05:00,False,,,,,,,0,04:00–04:15
2024-01-17,RDR,LONG,2024-01-17 14:40:00,16709.719,16688.631,16575.764,112.867000000002,HOD,16997.176,2024-01-18 15:50:00,True,52.16509874490115,16709.631,2024-01-17 18:05:00,55.98594762295789,16956.253,2024-01-18 13:20:00,23,14:30–14:45
2024-01-18,ADR,SHORT,2024-01-17 20:35:00,16723.797,16745.231,16726.709,18.522000000000844,LOD,16980.154,2024-01-18 18:00:00,False,,,,,,,0,20:30–20:45
2024-01-18,ODR,LONG,2024-01-18 04:20:00,16795.042,16787.597,16761.253,26.34400000000096,HOD,17334.819,2024-01-19 16:05:00,True,3.8182888171273537,16982.087,2024-01-18 18:05:00,25.77935532480991,17119.165,2024-01-19 09:30:00,21,04:15–04:30
2024-01-18,RDR,LONG,2024-01-18 10:35:00,16930.797,16909.521,16865.297,44.22400000000198,HOD,17334.819,2024-01-19 16:05:00,True,9.616749909700626,16982.087,2024-01-18 18:05:00,40.207671544775046,17119.165,2024-01-19 09:30:00,21,10:30–10:45
2024-01-22,ODR,LONG,2024-01-22 04:05:00,17411.565,17410.186,17389.586,20.600000000002183,HOD,17429.187,2024-01-23 16:00:00,False,,,,,,,0,04:00–04:15
2024-01-22,RDR,SHORT,2024-01-22 10:30:00,17341.02,17443.232,17357.331,85.90100000000166,LOD,17283.62,2024-01-23 09:35:00,True,41.28501929206447,17336.331,2024-01-22 18:05:00,100.0,17357.821,2024-01-22 21:05:00,12,10:30–10:45
2024-01-23,ADR,SHORT,2024-01-22 20:40:00,17328.119,17344.164,17328.876,15.288000000000466,LOD,17430.754,2024-01-23 18:00:00,False,,,,,,,0,20:30–20:45
2024-01-23,ODR,LONG,2024-01-23 08:00:00,17360.889,17352.408,17304.797,47.61100000000079,HOD,17667.919,2024-01-24 12:50:00,True,4.628260956412253,17447.898,2024-01-23 18:15:00,26.47863578574972,17611.897,2024-01-24 11:15:00,22,08:00–08:15
2024-01-23,RDR,LONG,2024-01-23 12:55:00,17364.254,17359.642,17293.721,65.92099999999846,HOD,17667.919,2024-01-24 12:50:00,True,4.988696307458526,17447.898,2024-01-23 18:15:00,27.15734421838121,17611.897,2024-01-24 11:15:00,22,12:45–13:00
2024-01-24,ADR,LONG,2024-01-23 22:10:00,17467.71,17461.021,17446.664,14.356999999999973,HOD,17631.897,2024-01-25 11:50:00,True,9.304877502573037,17501.52,2024-01-24 18:05:00,84.43245804253552,17513.787,2024-01-24 21:45:00,11,22:00–22:15
2024-01-24,ODR,LONG,2024-01-24 04:05:00,17529.499,17525.109,17508.265,16.84400000000096,HOD,17631.897,2024-01-25 11:50:00,True,100.0,17506.031,2024-01-25 02:20:00,100.0,17506.364,2024-01-25 02:20:00,11,04:00–04:15
2024-01-24,RDR,LONG,2024-01-24 10:30:00,17597.221,17592.064,17515.108,76.95599999999831,HOD,17631.897,2024-01-25 11:50:00,True,100.0,17582.631,2024-01-25 09:00:00,100.0,17578.531,2024-01-25 09:00:00,7,10:30–10:45
2024-01-25,ADR,SHORT,2024-01-24 20:45:00,17477.089,17508.342,17487.489,20.85299999999916,LOD,17348.831,2024-01-26 03:00:00,True,13.722372674061814,17438.108,2024-01-25 18:10:00,32.52602728305244,17398.642,2024-01-25 21:35:00,12,20:45–21:00
2024-01-25,ODR,LONG,2024-01-25 07:00:00,17535.543,17527.175,17490.32,36.85499999999956,HOD,17517.331,2024-01-26 12:05:00,False,,,,,,,0,07:00–07:15
2024-01-25,RDR,LONG,2024-01-25 11:45:00,17615.521,17609.332,17549.698,59.6339999999982,HOD,17517.331,2024-01-26 12:05:00,False,,,,,,,0,11:45–12:00
2024-01-29,ADR,LONG,2024-01-28 20:40:00,17419.989,17413.732,17367.575,46.15699999999924,HOD,17623.489,2024-01-29 19:30:00,True,5.650829070515162,17603.154,2024-01-29 18:10:00,10.149815100078616,17614.997,2024-01-29 19:10:00,2,20:30–20:45
2024-01-29,ODR,LONG,2024-01-29 04:00:00,17476.499,17469.754,17430.587,39.16700000000128,HOD,17623.489,2024-01-29 19:30:00,True,7.837921862586786,17603.154,2024-01-29 18:10:00,13.946516208726262,17614.997,2024-01-29 19:10:00,2,04:00–04:15
2024-01-29,RDR,LONG,2024-01-29 12:10:00,17473.499,17462.854,17421.653,41.20100000000093,HOD,17623.489,2024-01-29 19:30:00,True,7.48128853572563,17603.154,2024-01-29 18:10:00,13.332269492227804,17614.997,2024-01-29 19:10:00,2,12:00–12:15
2024-01-30,ADR,SHORT,2024-01-30 01:30:00,17593.689,17621.243,17601.389,19.85399999999936,LOD,17118.686,2024-01-31 16:00:00,True,17.161089223484005,17353.699,2024-01-30 18:05:00,47.60661465448743,17283.008,2024-01-31 14:45:00,6,01:30–01:45
2024-01-30,ODR,SHORT,2024-01-30 08:10:00,17552.142,17605.276,17561.086,44.19000000000233,LOD,17118.686,2024-01-31 16:00:00,True,19.83463407280338,17353.699,2024-01-30 18:05:00,52.65772465809355,17283.008,2024-01-31 14:45:00,6,08:00–08:15
2024-01-30,RDR,SHORT,2024-01-30 12:15:00,17505.299,17569.597,17535.665,33.9320000000007,LOD,17118.686,2024-01-31 16:00:00,True,21.996073354538904,17353.699,2024-01-30 18:05:00,56.43448427633929,17283.008,2024-01-31 14:45:00,6,12:15–12:30
2024-01-31,ADR,SHORT,2024-01-30 20:40:00,17329.364,17346.542,17333.476,13.066000000002532,LOD,17164.21,2024-02-01 02:05:00,True,6.104946330141459,17178.121,2024-01-31 18:05:00,35.76116913257824,17180.008,2024-01-31 23:25:00,1,20:30–20:45
2024-01-31,ODR,SHORT,2024-01-31 04:00:00,17327.753,17359.989,17338.565,21.424000000002707,LOD,17164.21,2024-02-01 02:05:00,True,5.922776979682109,17178.121,2024-01-31 18:05:00,34.69406901404243,17180.008,2024-01-31 23:25:00,1,04:00–04:15
2024-01-31,RDR,SHORT,2024-01-31 10:30:00,17206.254,17307.942,17220.965,86.97699999999895,LOD,17164.21,2024-02-01 02:05:00,True,19.07828879025178,17178.121,2024-01-31 18:05:00,100.0,17223.431,2024-01-31 21:30:00,11,10:30–10:45
2024-02-01,ADR,LONG,2024-01-31 21:25:00,17218.999,17213.542,17197.108,16.434000000001106,HOD,17684.009,2024-02-02 14:40:00,True,8.454129811843409,17486.053,2024-02-01 18:05:00,52.77801870455847,17525.143,2024-02-02 09:30:00,10,21:15–21:30
2024-02-01,ODR,LONG,2024-02-01 05:50:00,17254.699,17252.62,17216.609,36.0109999999986,HOD,17684.009,2024-02-02 14:40:00,True,9.731669496015408,17486.053,2024-02-01 18:05:00,59.76280060552873,17525.143,2024-02-02 09:30:00,10,05:45–06:00
2024-02-01,RDR,LONG,2024-02-01 12:05:00,17289.643,17274.154,17207.565,66.58899999999994,HOD,17684.009,2024-02-02 14:40:00,True,10.615653934575256,17486.053,2024-02-01 18:05:00,64.46400847504023,17525.143,2024-02-02 09:30:00,10,12:00–12:15
2024-02-05,ADR,LONG,2024-02-05 01:20:00,17609.764,17606.875,17584.419,22.455999999998312,HOD,17679.165,2024-02-06 09:30:00,True,43.997524752478746,17615.02,2024-02-05 18:05:00,100.0,17605.721,2024-02-05 18:50:00,20,01:15–01:30
2024-02-05,ODR,SHORT,2024-02-05 04:50:00,17587.375,17632.787,17604.543,28.243999999998778,LOD,17473.12,2024-02-06 12:20:00,True,100.0,17611.776,2024-02-05 19:00:00,100.0,17613.708,2024-02-05 19:00:00,10,04:45–05:00
2024-02-05,RDR,SHORT,2024-02-05 10:35:00,17511.232,17643.453,17525.753,117.70000000000071,LOD,17473.12,2024-02-06 12:20:00,True,100.0,17568.799,2024-02-06 10:15:00,100.0,17570.789,2024-02-06 10:15:00,6,10:30–10:45
2024-02-06,ADR,LONG,2024-02-05 21:00:00,17630.776,17627.087,17612.608,14.47899999999936,HOD,17785.198,2024-02-07 10:50:00,True,74.3594574227604,17632.531,2024-02-07 08:20:00,90.87817996352236,17672.086,2024-02-07 09:55:00,5,21:00–21:15
2024-02-06,ODR,SHORT,2024-02-06 04:40:00,17651.821,17674.842,17655.254,19.58799999999973,LOD,17542.719,2024-02-07 01:30:00,True,11.828486423064916,17571.089,2024-02-06 18:05:00,68.02723891744863,17573.298,2024-02-06 20:35:00,2,04:30–04:45
2024-02-06,RDR,SHORT,2024-02-06 11:45:00,17506.119,17651.765,17529.587,122.17799999999988,LOD,17542.719,2024-02-07 01:30:00,False,,,,,,,0,11:45–12:00
2024-02-07,ADR,SHORT,2024-02-07 01:25:00,17553.021,17623.52,17567.287,56.233000000000175,LOD,17708.608,2024-02-08 08:20:00,False,,,,,,,0,01:15–01:30
2024-02-07,ODR,LONG,2024-02-07 04:15:00,17572.254,17568.787,17550.82,17.967000000000553,HOD,17815.553,2024-02-08 12:25:00,True,8.778292800385119,17750.632,2024-02-07 18:05:00,32.908033512153864,17755.986,2024-02-08 08:20:00,7,04:15–04:30
2024-02-08,ADR,LONG,2024-02-07 20:50:00,17763.899,17757.999,17753.097,4.901999999998225,HOD,17988.499,2024-02-09 14:45:00,True,33.207547169806986,17773.221,2024-02-08 18:10:00,72.43378995433702,17876.509,2024-02-09 09:35:00,19,20:45–21:00
2024-02-08,ODR,SHORT,2024-02-08 06:20:00,17730.91,17764.889,17742.91,21.97899999999936,LOD,17770.042,2024-02-08 20:55:00,False,,,,,,,0,06:15–06:30
2024-02-08,RDR,LONG,2024-02-08 10:45:00,17797.476,17776.953,17735.219,41.73400000000038,HOD,17988.499,2024-02-09 14:45:00,True,100.0,17773.221,2024-02-08 18:10:00,100.0,17773.732,2024-02-08 18:10:00,30,10:45–11:00
2024-02-12,ADR,SHORT,2024-02-11 22:30:00,17946.398,17956.91,17950.343,6.566999999999098,LOD,17474.742,2024-02-13 15:20:00,True,9.938671081347696,17854.597,2024-02-12 18:05:00,47.52207030627526,17539.265,2024-02-13 10:40:00,16,22:30–22:45
2024-02-12,ODR,LONG,2024-02-12 04:05:00,17975.597,17971.789,17955.497,16.29200000000128,HOD,17885.908,2024-02-13 03:05:00,False,,,,,,,0,04:00–04:15
2024-02-12,RDR,LONG,2024-02-12 10:35:00,17972.476,17964.689,17938.71,25.97899999999936,HOD,17885.908,2024-02-13 03:05:00,False,,,,,,,0,10:30–10:45
2024-02-13,ADR,LONG,2024-02-12 21:30:00,17856.22,17852.331,17846.465,5.865999999998167,HOD,17813.976,2024-02-14 15:55:00,False,,,,,,,0,21:30–21:45
2024-02-13,ODR,SHORT,2024-02-13 04:10:00,17808.689,17877.265,17813.31,63.95499999999811,LOD,17595.554,2024-02-13 21:40:00,True,4.293922433008845,17620.089,2024-02-13 18:05:00,9.117383196884893,17608.899,2024-02-13 19:50:00,5,04:00–04:15
2024-02-13,RDR,LONG,2024-02-13 10:30:00,17676.319,17669.71,17549.776,119.93399999999748,HOD,17813.976,2024-02-14 15:55:00,True,100.0,17661.709,2024-02-14 03:00:00,100.0,17657.154,2024-02-14 03:00:00,19,10:30–10:45
2024-02-14,ADR,LONG,2024-02-14 01:10:00,17624.589,17614.31,17600.632,13.677999999999884,HOD,17901.309,2024-02-15 16:05:00,True,2.7317371005683238,17799.109,2024-02-14 18:05:00,59.420666181958495,17852.042,2024-02-15 11:05:00,10,01:00–01:15
2024-02-14,ODR,LONG,2024-02-14 04:00:00,17683.865,17678.587,17660.52,18.06699999999909,HOD,17901.309,2024-02-15 16:05:00,True,4.128484154256324,17799.109,2024-02-14 18:05:00,79.95001209384864,17852.042,2024-02-15 11:05:00,10,04:00–04:15
2024-02-14,RDR,SHORT,2024-02-14 11:00:00,17651.11,17771.799,17679.443,92.35599999999975,LOD,17715.889,2024-02-15 11:05:00,False,,,,,,,0,11:00–11:15
2024-02-15,ADR,LONG,2024-02-14 22:00:00,17807.998,17805.154,17780.609,24.544999999998254,HOD,17959.387,2024-02-16 05:45:00,True,14.072189172772088,17880.12,2024-02-15 18:05:00,54.45823733709414,17889.31,2024-02-15 20:40:00,7,22:00–22:15
2024-02-15,ODR,SHORT,2024-02-15 04:05:00,17833.053,17854.098,17841.831,12.267000000003463,LOD,17652.442,2024-02-16 10:00:00,True,100.0,17863.154,2024-02-16 08:50:00,100.0,17876.399,2024-02-16 08:50:00,2,04:00–04:15
2024-02-15,RDR,SHORT,2024-02-15 11:05:00,17721.821,17819.042,17742.065,76.97700000000259,LOD,17652.442,2024-02-16 10:00:00,False,,,,,,,0,11:00–11:15
2024-02-19,ADR,SHORT,2024-02-18 20:30:00,17705.665,17738.676,17717.898,20.77799999999843,LOD,17393.086,2024-02-20 12:35:00,True,52.89567388367614,17706.389,2024-02-19 18:15:00,67.81046053726251,17572.442,2024-02-20 09:30:00,16,20:30–20:45
2024-02-19,ODR,LONG,2024-02-19 04:55:00,17721.443,17719.453,17683.865,35.58799999999974,HOD,17729.686,2024-02-19 18:00:00,False,,,,,,,0,04:45–05:00
2024-02-19,RDR,SHORT,2024-02-19 10:45:00,17716.175,17741.498,17720.819,20.679000000000087,LOD,17393.086,2024-02-20 12:35:00,True,47.247203334062185,17706.389,2024-02-19 18:15:00,66.61137612901712,17572.442,2024-02-20 09:30:00,16,10:45–11:00
2024-02-20,ADR,SHORT,2024-02-19 20:45:00,17650.008,17693.331,17670.954,22.37699999999677,LOD,17313.765,2024-02-21 14:40:00,True,7.998250420687181,17519.509,2024-02-20 18:05:00,27.202388790621395,17401.399,2024-02-21 10:00:00,18,20:45–21:00
2024-02-20,ODR,SHORT,2024-02-20 05:05:00,17569.742,17655.908,17587.643,68.26499999999942,LOD,17313.765,2024-02-21 14:40:00,True,16.19434194341643,17519.509,2024-02-20 18:05:00,43.38158305626473,17496.476,2024-02-21 02:30:00,18,05:00–05:15
2024-02-20,RDR,SHORT,2024-02-20 12:00:00,17434.921,17626.875,17450.864,176.0109999999986,LOD,17313.765,2024-02-21 14:40:00,True,100.0,17468.342,2024-02-21 07:10:00,100.0,17478.275,2024-02-21 07:10:00,14,12:00–12:15
2024-02-21,ODR,SHORT,2024-02-21 07:05:00,17448.332,17516.42,17458.289,58.130999999997584,LOD,17621.11,2024-02-21 18:05:00,False,,,,,,,0,07:00–07:15
2024-02-21,RDR,SHORT,2024-02-21 12:10:00,17388.097,17463.254,17403.251,60.00300000000061,LOD,17621.11,2024-02-21 18:05:00,False,,,,,,,0,12:00–12:15
2024-02-22,ADR,LONG,2024-02-21 20:30:00,17738.553,17729.599,17683.598,46.000999999996566,HOD,18094.575,2024-02-23 09:35:00,True,6.235030821783687,17968.409,2024-02-22 18:05:00,20.13737986553677,17997.521,2024-02-23 04:25:00,7,20:30–20:45
2024-02-22,ODR,LONG,2024-02-22 06:15:00,17857.489,17835.297,17784.786,50.5109999999986,HOD,18094.575,2024-02-23 09:35:00,True,10.658290378007411,17968.409,2024-02-22 18:05:00,32.76346854275145,17997.521,2024-02-23 04:25:00,7,06:15–06:30
2024-02-22,RDR,LONG,2024-02-22 10:30:00,17916.619,17905.61,17815.52,90.09000000000016,HOD,18094.575,2024-02-23 09:35:00,True,20.183276350742894,17968.409,2024-02-22 18:05:00,56.20719483030611,17997.521,2024-02-23 04:25:00,7,10:30–10:45
2024-02-26,ADR,LONG,2024-02-25 21:40:00,17915.264,17913.01,17880.854,32.15599999999904,HOD,17995.531,2024-02-27 07:30:00,True,100.0,17912.076,2024-02-26 18:15:00,100.0,17914.086,2024-02-26 18:15:00,19,21:30–21:45
2024-02-26,ODR,LONG,2024-02-26 04:30:00,17924.086,17922.287,17894.532,27.75500000000102,HOD,17995.531,2024-02-27 07:30:00,True,100.0,17917.864,2024-02-26 18:50:00,100.0,17917.776,2024-02-26 18:50:00,9,04:30–04:45
2024-02-26,RDR,LONG,2024-02-26 11:50:00,18012.064,17981.053,17937.208,43.84500000000117,HOD,17995.531,2024-02-27 07:30:00,True,66.92283061160481,17983.119,2024-02-27 07:20:00,66.92283061160481,17984.275,2024-02-27 07:20:00,1,11:45–12:00
2024-02-27,ADR,SHORT,2024-02-26 21:20:00,17905.876,17920.209,17908.31,11.898999999997612,LOD,17827.132,2024-02-28 16:10:00,True,100.0,17918.299,2024-02-28 03:35:00,100.0,17920.099,2024-02-28 03:35:00,18,21:15–21:30
2024-02-27,ODR,LONG,2024-02-27 04:00:00,17948.708,17944.197,17909.054,35.14300000000003,HOD,17974.031,2024-02-27 18:00:00,False,,,,,,,0,04:00–04:15
2024-02-27,RDR,SHORT,2024-02-27 12:50:00,17895.342,17984.332,17912.086,72.24599999999919,LOD,17827.132,2024-02-28 16:10:00,True,100.0,17918.299,2024-02-28 03:35:00,100.0,17920.099,2024-02-28 03:35:00,19,12:45–13:00
2024-02-28,ADR,LONG,2024-02-27 21:25:00,17968.776,17966.553,17955.721,10.831999999998516,HOD,18068.289,2024-02-29 15:55:00,True,100.0,17962.92,2024-02-29 08:55:00,100.0,17964.798,2024-02-29 08:55:00,12,21:15–21:30
2024-02-28,ODR,SHORT,2024-02-28 04:25:00,17882.864,17938.643,17900.31,38.33299999999872,LOD,17785.32,2024-02-29 03:10:00,True,17.701406229461554,17837.689,2024-02-28 18:05:00,84.78380864765236,17823.387,2024-02-29 00:00:00,1,04:15–04:30
2024-02-28,RDR,LONG,2024-02-28 11:00:00,17909.065,17892.576,17842.399,50.17699999999968,HOD,18068.289,2024-02-29 15:55:00,True,23.372549019610155,17962.92,2024-02-29 08:55:00,100.0,17879.264,2024-02-29 11:35:00,8,11:00–11:15
2024-02-29,ADR,LONG,2024-02-28 21:15:00,17864.743,17862.919,17847.964,14.955000000001746,HOD,18335.41,2024-03-01 14:30:00,True,7.295286465295729,18029.387,2024-02-29 18:10:00,50.64111471360271,18085.109,2024-03-01 05:25:00,19,21:15–21:30
2024-02-29,RDR,SHORT,2024-02-29 11:25:00,17938.987,18025.019,17946.432,78.58699999999953,LOD,17990.798,2024-03-01 05:25:00,False,,,,,,,0,11:15–11:30
2024-03-04,ADR,LONG,2024-03-03 20:35:00,18310.065,18308.299,18301.564,6.735000000000582,HOD,18218.599,2024-03-04 18:00:00,False,,,,,,,0,20:30–20:45
2024-03-04,ODR,SHORT,2024-03-04 04:20:00,18313.143,18330.709,18319.276,11.432999999997264,LOD,17802.089,2024-03-05 15:30:00,True,8.725608715966574,18196.208,2024-03-04 18:15:00,30.56163652003041,18100.908,2024-03-05 07:15:00,22,04:15–04:30
2024-03-04,RDR,SHORT,2024-03-04 13:20:00,18239.186,18291.742,18253.999,37.742999999998574,LOD,17802.089,2024-03-05 15:30:00,True,16.914428661796734,18196.208,2024-03-04 18:15:00,41.64333644402981,18100.908,2024-03-05 07:15:00,22,13:15–13:30
2024-03-05,ADR,SHORT,2024-03-04 20:30:00,18170.009,18194.508,18174.099,20.40900000000329,LOD,17912.82,2024-03-05 19:50:00,True,4.3007382927282665,17938.964,2024-03-05 18:20:00,5.418942808453962,17927.589,2024-03-05 18:45:00,3,20:30–20:45
2024-03-05,ODR,SHORT,2024-03-05 04:45:00,18097.064,18150.064,18112.987,37.0769999999975,LOD,17912.82,2024-03-05 19:50:00,True,5.7245787962506585,17938.964,2024-03-05 18:20:00,7.161499442234673,17927.589,2024-03-05 18:45:00,3,04:45–05:00
2024-03-05,RDR,SHORT,2024-03-05 10:30:00,17915.342,18100.108,17927.531,172.57700000000114,LOD,17912.82,2024-03-05 19:50:00,True,100.0,17935.342,2024-03-05 18:35:00,100.0,17934.864,2024-03-05 18:35:00,3,10:30–10:45
2024-03-06,ADR,LONG,2024-03-05 21:20:00,17940.953,17933.353,17915.609,17.743999999998778,HOD,18336.989,2024-03-07 13:55:00,True,12.234904768335875,18011.32,2024-03-06 18:05:00,100.0,17928.142,2024-03-06 20:05:00,35,21:15–21:30
2024-03-06,ODR,LONG,2024-03-06 04:00:00,18011.664,18004.098,17973.399,30.699000000000524,HOD,18336.989,2024-03-07 13:55:00,True,60.07959758996603,18011.32,2024-03-06 18:05:00,100.0,18002.131,2024-03-06 18:40:00,20,04:00–04:15
2024-03-06,RDR,LONG,2024-03-06 12:00:00,18104.642,18075.943,17959.109,116.83399999999892,HOD,18336.989,2024-03-07 13:55:00,True,54.50945324476351,18083.065,2024-03-07 05:50:00,100.0,18075.008,2024-03-07 06:15:00,15,12:00–12:15
2024-03-07,ADR,SHORT,2024-03-06 21:20:00,17912.686,17973.086,17942.943,30.14300000000003,LOD,17995.021,2024-03-08 13:35:00,False,,,,,,,0,21:15–21:30
2024-03-07,ODR,LONG,2024-03-07 04:00:00,17972.399,17954.065,17906.986,47.07899999999791,HOD,18418.087,2024-03-08 10:30:00,True,9.739320374397508,18236.71,2024-03-07 18:05:00,37.85718818079864,18189.109,2024-03-08 08:30:00,10,04:00–04:15
2024-03-07,RDR,LONG,2024-03-07 10:35:00,18230.042,18215.543,18134.52,81.02300000000105,HOD,18418.087,2024-03-08 10:30:00,True,59.03029129972172,18236.71,2024-03-07 18:05:00,100.0,18189.109,2024-03-08 08:30:00,10,10:30–10:45
2024-03-11,ADR,LONG,2024-03-10 20:30:00,18024.521,18022.065,17997.019,25.045999999998457,HOD,18228.389,2024-03-12 14:55:00,True,100.0,18020.398,2024-03-11 18:25:00,100.0,18020.909,2024-03-11 18:25:00,30,20:30–20:45
2024-03-11,ODR,LONG,2024-03-11 05:45:00,18029.564,18007.253,17947.785,59.46800000000076,HOD,18228.389,2024-03-12 14:55:00,True,52.26915829147668,18013.332,2024-03-11 18:10:00,100.0,17942.865,2024-03-12 07:30:00,19,05:45–06:00
2024-03-12,ADR,SHORT,2024-03-11 20:30:00,18020.808,18042.999,18022.809,20.18999999999869,LOD,18026.675,2024-03-13 10:40:00,False,,,,,,,0,20:30–20:45
2024-03-12,ODR,LONG,2024-03-12 07:35:00,18080.597,18071.876,18016.832,55.04400000000169,HOD,18245.475,2024-03-13 03:00:00,True,2.953516958172465,18213.198,2024-03-12 18:10:00,27.903136329037803,18213.153,2024-03-12 22:15:00,4,07:30–07:45
2024-03-12,RDR,SHORT,2024-03-12 11:35:00,18099.997,18194.609,18104.276,90.33299999999872,LOD,18026.675,2024-03-13 10:40:00,True,81.2288357479479,18098.899,2024-03-13 08:50:00,100.0,18107.931,2024-03-13 09:30:00,5,11:30–11:45
2024-03-13,ADR,SHORT,2024-03-12 21:35:00,18194.399,18217.197,18197.132,20.06499999999869,LOD,17911.008,2024-03-14 14:35:00,True,10.845993888981075,18113.099,2024-03-13 18:10:00,76.0664262005318,18156.721,2024-03-14 03:20:00,9,21:30–21:45
2024-03-13,ODR,SHORT,2024-03-13 07:25:00,18169.589,18237.197,18187.331,49.86600000000181,LOD,17911.008,2024-03-14 14:35:00,True,12.104671126633551,18113.099,2024-03-13 18:10:00,84.58576162724488,18156.721,2024-03-14 03:20:00,9,07:15–07:30
2024-03-13,RDR,SHORT,2024-03-13 10:40:00,18043.589,18124.698,18065.665,59.03299999999945,LOD,17911.008,2024-03-14 14:35:00,True,39.66939324204139,18012.708,2024-03-14 08:55:00,100.0,18088.954,2024-03-14 09:30:00,11,10:30–10:45
2024-03-14,ADR,LONG,2024-03-13 20:35:00,18119.719,18116.71,18102.199,14.510999999998605,HOD,18073.099,2024-03-15 05:40:00,False,,,,,,,0,20:30–20:45
2024-03-14,ODR,SHORT,2024-03-14 06:45:00,18140.798,18171.143,18143.796,27.34700000000157,LOD,17759.221,2024-03-15 11:55:00,True,4.278474754340872,17988.909,2024-03-14 18:20:00,62.31683981045614,17977.164,2024-03-15 05:40:00,10,06:45–07:00
2024-03-14,RDR,SHORT,2024-03-14 11:05:00,18000.189,18085.932,18024.209,61.723000000001775,LOD,17759.221,2024-03-15 11:55:00,True,16.39627691068652,17988.909,2024-03-14 18:20:00,100.0,18025.698,2024-03-15 04:05:00,14,11:00–11:15
2024-03-18,ADR,LONG,2024-03-17 20:50:00,17859.198,17853.099,17829.198,23.90099999999802,HOD,18041.043,2024-03-19 13:30:00,True,10.842018971778074,17929.231,2024-03-18 18:05:00,100.0,17846.776,2024-03-19 07:05:00,16,20:45–21:00
2024-03-18,ODR,LONG,2024-03-18 04:00:00,17946.354,17941.664,17900.14,41.52400000000125,HOD,18041.043,2024-03-19 13:30:00,True,85.20312079636291,17942.764,2024-03-18 18:15:00,100.0,17941.387,2024-03-18 18:20:00,26,04:00–04:15
2024-03-18,RDR,SHORT,2024-03-18 10:30:00,18050.208,18127.398,18071.12,56.27800000000207,LOD,17806.075,2024-03-19 08:40:00,True,5.797854648261047,17935.175,2024-03-18 18:05:00,59.99893224501525,17932.808,2024-03-19 03:50:00,7,10:30–10:45
2024-03-19,ADR,LONG,2024-03-18 21:10:00,17942.31,17932.999,17908.032,24.96700000000056,HOD,18318.499,2024-03-20 17:55:00,True,9.846603214974262,18023.742,2024-03-19 18:10:00,57.65433645710469,18029.232,2024-03-20 08:45:00,11,21:00–21:15
2024-03-19,ODR,SHORT,2024-03-19 06:00:00,17902.876,18001.31,17915.743,85.56700000000274,LOD,17977.176,2024-03-19 20:45:00,False,,,,,,,0,06:00–06:15
2024-03-19,RDR,LONG,2024-03-19 10:30:00,17904.586,17893.789,17825.831,67.95800000000236,HOD,18318.499,2024-03-20 17:55:00,True,7.086169421724116,18023.742,2024-03-19 18:10:00,45.80885859057034,18029.232,2024-03-20 08:45:00,11,10:30–10:45
2024-03-20,ADR,SHORT,2024-03-19 20:30:00,17987.932,18007.121,17994.221,12.899999999997815,LOD,18311.375,2024-03-21 14:55:00,False,,,,,,,0,20:30–20:45
2024-03-20,ODR,LONG,2024-03-20 05:30:00,18035.521,18019.687,17992.242,27.445000000003347,HOD,18465.799,2024-03-21 11:30:00,True,3.385583214444533,18333.908,2024-03-20 18:30:00,20.10405855315522,18451.343,2024-03-21 10:05:00,14,05:30–05:45
2024-03-20,RDR,LONG,2024-03-20 13:00:00,18116.72,18047.219,18008.587,38.63200000000143,HOD,18465.799,2024-03-21 11:30:00,True,3.698689956332621,18333.908,2024-03-20 18:30:00,21.42949506946849,18451.343,2024-03-21 10:05:00,14,13:00–13:15
2024-03-21,ADR,LONG,2024-03-20 21:10:00,18333.81,18328.054,18316.998,11.056000000000497,HOD,18391.043,2024-03-22 12:55:00,True,21.279194762041868,18344.165,2024-03-21 18:05:00,100.0,18318.398,2024-03-21 20:55:00,21,21:00–21:15
2024-03-21,ODR,SHORT,2024-03-21 04:05:00,18352.065,18415.965,18368.519,47.44599999999991,LOD,18252.387,2024-03-22 07:35:00,True,20.028257217054502,18347.576,2024-03-21 18:05:00,95.43769603649778,18299.854,2024-03-22 04:10:00,7,04:00–04:15
2024-03-21,RDR,LONG,2024-03-21 10:35:00,18434.454,18425.909,18381.331,44.57800000000134,HOD,18391.043,2024-03-22 12:55:00,False,,,,,,,0,10:30–10:45
2024-03-25,ADR,LONG,2024-03-24 20:35:00,18361.619,18354.989,18342.986,12.003000000000611,HOD,18387.798,2024-03-26 06:05:00,True,59.80188167179873,18363.876,2024-03-26 02:15:00,100.0,18345.253,2024-03-26 02:45:00,7,20:30–20:45
2024-03-25,ODR,SHORT,2024-03-25 04:35:00,18300.519,18325.32,18305.785,19.53499999999985,LOD,18210.765,2024-03-26 14:55:00,True,58.72594558730586,18303.919,2024-03-25 18:05:00,100.0,18308.387,2024-03-25 18:40:00,14,04:30–04:45
2024-03-25,RDR,LONG,2024-03-25 10:45:00,18318.286,18302.41,18275.475,26.93500000000131,HOD,18387.798,2024-03-26 06:05:00,True,93.37099811677764,18302.586,2024-03-25 18:05:00,100.0,18296.419,2024-03-25 18:10:00,14,10:45–11:00
2024-03-26,ADR,SHORT,2024-03-25 21:00:00,18309.043,18324.331,18312.265,12.065999999998894,LOD,18156.076,2024-03-27 09:10:00,True,7.846055088697954,18249.099,2024-03-26 18:05:00,100.0,18313.586,2024-03-27 05:20:00,10,21:00–21:15
2024-03-26,ODR,LONG,2024-03-26 04:15:00,18374.886,18363.242,18339.019,24.222999999998137,HOD,18352.31,2024-03-27 08:30:00,False,,,,,,,0,04:15–04:30
2024-03-26,RDR,LONG,2024-03-26 10:55:00,18351.798,18342.689,18310.41,32.27899999999863,HOD,18352.31,2024-03-27 08:30:00,False,,,,,,,0,10:45–11:00
2024-03-27,ADR,SHORT,2024-03-26 20:35:00,18254.076,18263.608,18255.097,8.510999999998603,LOD,18226.332,2024-03-28 13:00:00,True,76.0168549189383,18250.999,2024-03-28 04:35:00,100.0,18258.897,2024-03-28 04:55:00,13,20:30–20:45
2024-03-27,ODR,LONG,2024-03-27 04:05:00,18301.243,18296.22,18257.232,38.98800000000119,HOD,18317.354,2024-03-28 09:00:00,True,100.0,18261.842,2024-03-28 07:35:00,100.0,18258.308,2024-03-28 07:35:00,1,04:00–04:15
2024-03-27,RDR,SHORT,2024-03-27 10:55:00,18175.532,18214.742,18180.042,34.69999999999709,LOD,18226.332,2024-03-28 13:00:00,False,,,,,,,0,10:45–11:00
2024-04-01,ODR,SHORT,2024-04-01 04:05:00,18346.664,18383.099,18350.61,32.48899999999776,LOD,17996.165,2024-04-02 10:15:00,True,11.034740670054504,18281.621,2024-04-01 18:10:00,56.00056860584861,18241.299,2024-04-02 04:20:00,17,04:00–04:15
2024-04-01,RDR,SHORT,2024-04-01 10:50:00,18262.109,18378.864,18281.31,97.55400000000007,LOD,17996.165,2024-04-02 10:15:00,True,100.0,18281.621,2024-04-01 18:10:00,100.0,18279.789,2024-04-01 18:10:00,22,10:45–11:00
2024-04-02,ADR,LONG,2024-04-01 22:30:00,18270.809,18267.687,18249.921,17.76600000000326,HOD,18240.632,2024-04-03 11:30:00,False,,,,,,,0,22:30–22:45
2024-04-02,ODR,LONG,2024-04-02 04:15:00,18297.975,18288.889,18242.086,46.80299999999989,HOD,18240.632,2024-04-03 11:30:00,False,,,,,,,0,04:15–04:30
2024-04-02,RDR,LONG,2024-04-02 12:55:00,18085.489,18078.964,18004.954,74.0099999999984,HOD,18240.632,2024-04-03 11:30:00,True,15.108600370113404,18122.543,2024-04-02 18:15:00,100.0,18076.498,2024-04-03 01:35:00,22,12:45–13:00
2024-04-03,ADR,SHORT,2024-04-02 21:10:00,18094.575,18126.954,18102.542,24.412000000000265,LOD,17875.297,2024-04-04 15:55:00,True,100.0,18122.609,2024-04-04 14:35:00,100.0,18107.809,2024-04-04 14:35:00,4,21:00–21:15
2024-04-03,ODR,LONG,2024-04-03 04:45:00,18097.742,18091.676,18063.009,28.66700000000128,HOD,18364.899,2024-04-04 09:35:00,True,11.113904426707458,18176.532,2024-04-03 18:05:00,38.85248682634093,18269.497,2024-04-04 03:05:00,4,04:45–05:00
2024-04-03,RDR,LONG,2024-04-03 10:55:00,18219.686,18203.153,18035.389,167.7639999999992,HOD,18364.899,2024-04-04 09:35:00,True,63.36560519460035,18231.419,2024-04-03 19:35:00,94.98684500433912,18269.497,2024-04-04 03:05:00,3,10:45–11:00
2024-04-04,ODR,LONG,2024-04-04 04:05:00,18246.476,18238.165,18209.086,29.079000000001543,HOD,18210.709,2024-04-05 13:00:00,False,,,,,,,0,04:00–04:15
2024-04-04,RDR,SHORT,2024-04-04 11:10:00,18280.064,18347.065,18293.289,53.77599999999802,LOD,17859.219,2024-04-05 08:30:00,True,4.015193997507484,17915.01,2024-04-04 18:05:00,25.691381743767376,17971.142,2024-04-05 07:40:00,3,11:00–11:15
2024-04-08,ADR,LONG,2024-04-07 21:40:00,18133.897,18125.854,18087.754,38.09999999999855,HOD,18215.843,2024-04-09 16:00:00,True,100.0,18120.22,2024-04-08 18:40:00,100.0,18119.432,2024-04-08 18:40:00,18,21:30–21:45
2024-04-08,ODR,SHORT,2024-04-08 04:20:00,18060.287,18140.886,18086.562,54.323999999996886,LOD,17969.987,2024-04-09 10:50:00,True,100.0,18102.287,2024-04-09 04:00:00,100.0,18101.575,2024-04-09 04:00:00,3,04:15–04:30
2024-04-08,RDR,LONG,2024-04-08 10:30:00,18165.22,18147.054,18050.609,96.44499999999972,HOD,18215.843,2024-04-09 16:00:00,True,100.0,18144.809,2024-04-09 08:05:00,100.0,18144.921,2024-04-09 08:05:00,7,10:30–10:45
2024-04-09,ADR,SHORT,2024-04-08 21:55:00,18094.032,18119.832,18101.775,18.05699999999706,LOD,17865.886,2024-04-10 08:40:00,False,,,,,,,0,21:45–22:00
2024-04-09,ODR,SHORT,2024-04-09 06:35:00,18067.932,18135.119,18083.042,52.0769999999975,LOD,17865.886,2024-04-10 08:40:00,False,,,,,,,0,06:30–06:45
2024-04-09,RDR,SHORT,2024-04-09 10:30:00,18049.965,18198.954,18091.575,107.3790000000008,LOD,17865.886,2024-04-10 08:40:00,False,,,,,,,0,10:30–10:45
2024-04-10,ADR,LONG,2024-04-09 20:50:00,18191.253,18187.921,18178.231,9.68999999999869,HOD,18335.465,2024-04-11 15:45:00,True,41.66162712105263,18220.72,2024-04-11 13:35:00,53.34032940841763,18214.154,2024-04-11 13:40:00,5,20:45–21:00
2024-04-10,ODR,LONG,2024-04-10 04:55:00,18213.554,18203.786,18182.208,21.57800000000134,HOD,18335.465,2024-04-11 15:45:00,True,58.03949748494408,18220.72,2024-04-11 13:35:00,74.30928959040915,18214.154,2024-04-11 13:40:00,5,04:45–05:00
2024-04-10,RDR,LONG,2024-04-10 10:35:00,18037.22,18012.43,17943.464,68.96600000000035,HOD,18335.465,2024-04-11 15:45:00,True,100.0,18010.132,2024-04-10 22:25:00,100.0,18007.409,2024-04-10 22:25:00,25,10:30–10:45
2024-04-11,ADR,LONG,2024-04-10 21:10:00,17997.875,17996.399,17970.42,25.979000000003,HOD,18325.886,2024-04-12 02:45:00,True,2.76797584583084,18309.42,2024-04-11 18:25:00,8.079967198041524,18314.965,2024-04-11 19:45:00,4,21:00–21:15
2024-04-11,ODR,SHORT,2024-04-11 04:45:00,18001.831,18032.819,18013.742,19.07700000000113,LOD,17949.354,2024-04-12 15:00:00,True,68.9940161537105,18002.187,2024-04-12 12:50:00,100.0,18018.308,2024-04-12 13:15:00,5,04:45–05:00
2024-04-11,RDR,LONG,2024-04-11 11:50:00,18102.142,18090.499,18009.319,81.18000000000029,HOD,18325.886,2024-04-12 02:45:00,True,3.911215281435495,18309.42,2024-04-11 18:25:00,11.417184592155175,18314.965,2024-04-11 19:45:00,4,11:45–12:00
2024-04-15,ADR,LONG,2024-04-15 01:00:00,18088.11,18078.176,18028.375,49.80099999999948,HOD,17820.343,2024-04-16 14:10:00,False,,,,,,,0,01:00–01:15
2024-04-15,ODR,LONG,2024-04-15 05:00:00,18119.742,18109.865,18082.953,26.912000000000265,HOD,17820.343,2024-04-16 14:10:00,False,,,,,,,0,05:00–05:15
2024-04-15,RDR,SHORT,2024-04-15 10:50:00,18007.908,18163.599,18053.308,110.29099999999744,LOD,17622.019,2024-04-16 06:25:00,True,3.625854971546248,17717.819,2024-04-15 18:15:00,20.241653685849748,17642.854,2024-04-16 04:10:00,4,10:45–11:00
2024-04-16,ADR,SHORT,2024-04-15 21:10:00,17691.519,17718.175,17697.953,20.221999999997934,LOD,17456.353,2024-04-17 12:45:00,True,53.31821635482961,17658.632,2024-04-17 02:05:00,100.0,17699.008,2024-04-17 03:15:00,11,21:00–21:15
2024-04-16,ODR,LONG,2024-04-16 04:00:00,17707.254,17703.175,17673.831,29.34400000000096,HOD,17802.899,2024-04-17 09:25:00,True,25.50622704058496,17736.432,2024-04-16 18:10:00,100.0,17677.665,2024-04-17 01:50:00,12,04:00–04:15
2024-04-16,RDR,LONG,2024-04-16 11:50:00,17766.698,17746.709,17682.34,64.36899999999878,HOD,17802.899,2024-04-17 09:25:00,True,100.0,17736.432,2024-04-16 18:10:00,100.0,17733.11,2024-04-16 18:10:00,26,11:45–12:00
2024-04-17,ADR,SHORT,2024-04-16 20:30:00,17732.099,17770.932,17743.698,27.23400000000038,LOD,17356.999,2024-04-18 16:00:00,True,4.576041272877145,17529.142,2024-04-17 18:20:00,56.68345423462557,17429.954,2024-04-18 11:20:00,9,20:30–20:45
2024-04-17,ODR,LONG,2024-04-17 04:20:00,17728.176,17715.673,17659.009,56.66400000000067,HOD,17614.389,2024-04-18 02:20:00,False,,,,,,,0,04:15–04:30
2024-04-17,RDR,SHORT,2024-04-17 10:50:00,17611.908,17791.876,17669.219,122.65699999999924,LOD,17356.999,2024-04-18 16:00:00,True,6.842637298325782,17529.142,2024-04-17 18:20:00,72.21541597224508,17429.954,2024-04-18 11:20:00,9,10:45–11:00
2024-04-18,ADR,LONG,2024-04-17 21:10:00,17544.386,17538.965,17523.132,15.83299999999872,HOD,17403.299,2024-04-19 08:30:00,False,,,,,,,0,21:00–21:15
2024-04-18,ODR,SHORT,2024-04-18 04:10:00,17573.976,17607.731,17582.486,25.24499999999898,LOD,16969.61,2024-04-19 15:45:00,True,3.181306447174296,17388.989,2024-04-18 18:20:00,67.34799864426033,17076.975,2024-04-19 08:30:00,10,04:00–04:15
2024-04-18,RDR,LONG,2024-04-18 10:35:00,17530.865,17517.409,17408.219,109.18999999999868,HOD,17403.299,2024-04-19 08:30:00,False,,,,,,,0,10:30–10:45
2024-04-22,ADR,SHORT,2024-04-21 20:35:00,17087.643,17126.586,17106.942,19.64400000000024,LOD,17144.586,2024-04-22 19:10:00,False,,,,,,,0,20:30–20:45
2024-04-22,ODR,SHORT,2024-04-22 04:00:00,17100.276,17155.942,17109.975,45.96700000000055,LOD,17144.586,2024-04-22 19:10:00,False,,,,,,,0,04:00–04:15
2024-04-22,RDR,SHORT,2024-04-22 10:50:00,17031.487,17184.609,17050.465,134.14400000000023,LOD,17144.586,2024-04-22 19:10:00,False,,,,,,,0,10:45–11:00
2024-04-23,ADR,SHORT,2024-04-22 21:45:00,17168.765,17189.71,17174.308,15.401999999998225,LOD,17389.919,2024-04-24 16:05:00,False,,,,,,,0,21:45–22:00
2024-04-23,ODR,LONG,2024-04-23 04:00:00,17238.742,17225.319,17208.654,16.665000000000873,HOD,17658.376,2024-04-24 09:50:00,True,3.9039585348027295,17526.41,2024-04-23 18:10:00,20.84885209078724,17592.087,2024-04-24 05:50:00,14,04:00–04:15
2024-04-23,RDR,LONG,2024-04-23 10:30:00,17457.287,17426.921,17285.587,141.33399999999892,HOD,17658.376,2024-04-24 09:50:00,True,10.948702571584413,17526.41,2024-04-23 18:10:00,44.03645431074259,17592.087,2024-04-24 05:50:00,14,10:30–10:45
2024-04-24,ADR,LONG,2024-04-23 21:15:00,17583.464,17573.208,17544.365,28.84299999999712,HOD,17690.131,2024-04-25 16:05:00,False,,,,,,,0,21:15–21:30
2024-04-24,ODR,SHORT,2024-04-24 04:45:00,17570.154,17595.932,17577.132,18.799999999999272,LOD,17176.143,2024-04-25 09:35:00,True,3.6367744304172223,17338.289,2024-04-24 18:20:00,38.57947103107865,17381.01,2024-04-25 05:45:00,9,04:45–05:00
2024-04-24,RDR,SHORT,2024-04-24 10:35:00,17573.053,17649.875,17583.032,66.84300000000076,LOD,17176.143,2024-04-25 09:35:00,True,3.552217278734889,17338.289,2024-04-24 18:20:00,37.84098577657776,17381.01,2024-04-25 05:45:00,9,10:30–10:45
2024-04-25,ADR,LONG,2024-04-24 20:40:00,17351.199,17346.532,17318.732,27.799999999999272,HOD,17772.789,2024-04-26 13:30:00,True,2.886512687949224,17635.432,2024-04-25 18:15:00,43.29553230438124,17679.119,2024-04-26 09:30:00,9,20:30–20:45
2024-04-25,ODR,LONG,2024-04-25 04:00:00,17336.264,17330.02,17306.12,23.90000000000145,HOD,17772.789,2024-04-26 13:30:00,True,2.7347220851020357,17635.432,2024-04-25 18:15:00,41.30127929747456,17679.119,2024-04-26 09:30:00,9,04:00–04:15
2024-04-25,RDR,LONG,2024-04-25 12:20:00,17327.399,17310.943,17181.642,129.30099999999948,HOD,17772.789,2024-04-26 13:30:00,True,2.578090285700414,17635.432,2024-04-25 18:15:00,39.21441909125833,17679.119,2024-04-26 09:30:00,9,12:15–12:30
2024-04-29,ADR,LONG,2024-04-28 21:35:00,17766.187,17764.143,17736.72,27.422999999998865,HOD,17795.186,2024-04-29 22:35:00,True,23.256492559094657,17782.553,2024-04-29 18:15:00,66.08784473952657,17786.32,2024-04-29 20:10:00,3,21:30–21:45
2024-04-29,ODR,LONG,2024-04-29 04:10:00,17780.675,17779.376,17762.61,16.76599999999962,HOD,17795.186,2024-04-29 22:35:00,True,63.71630881682005,17782.553,2024-04-29 18:15:00,100.0,17772.819,2024-04-29 20:00:00,8,04:00–04:15
2024-04-29,RDR,SHORT,2024-04-29 15:00:00,17689.754,17808.72,17706.098,102.6219999999994,LOD,17392.743,2024-04-30 16:00:00,True,96.28315931457992,17704.61,2024-04-30 08:35:00,100.0,17719.065,2024-04-30 08:50:00,12,15:00–15:15
2024-04-30,ADR,LONG,2024-04-29 21:25:00,17789.243,17786.576,17774.309,12.266999999999824,HOD,17676.119,2024-05-01 15:00:00,False,,,,,,,0,21:15–21:30
2024-04-30,ODR,SHORT,2024-04-30 04:50:00,17747.898,17780.799,17758.873,21.92599999999948,LOD,17283.331,2024-05-01 12:00:00,True,5.860099490265804,17375.653,2024-04-30 18:15:00,22.68092854865598,17314.042,2024-05-01 09:20:00,8,04:45–05:00
2024-04-30,RDR,SHORT,2024-04-30 11:00:00,17694.298,17759.076,17703.553,55.52300000000105,LOD,17283.331,2024-05-01 12:00:00,True,6.781708859859702,17375.653,2024-04-30 18:15:00,25.72609475454639,17314.042,2024-05-01 09:20:00,8,11:00–11:15
2024-05-01,ADR,LONG,2024-04-30 22:35:00,17398.675,17394.609,17362.219,32.38999999999942,HOD,17578.819,2024-05-02 15:10:00,True,100.0,17379.619,2024-05-01 18:10:00,100.0,17380.021,2024-05-01 18:10:00,27,22:30–22:45
2024-05-01,ODR,SHORT,2024-05-01 05:05:00,17311.176,17375.609,17337.864,37.74499999999898,LOD,17283.131,2024-05-02 10:05:00,False,,,,,,,0,05:00–05:15
2024-05-01,RDR,SHORT,2024-05-01 11:15:00,17305.109,17381.01,17330.819,50.190999999998894,LOD,17283.131,2024-05-02 10:05:00,False,,,,,,,0,11:15–11:30
2024-05-02,ADR,LONG,2024-05-01 20:50:00,17428.554,17422.719,17387.208,35.51100000000224,HOD,17941.01,2024-05-03 10:00:00,True,16.746141139465827,17654.054,2024-05-02 18:20:00,31.717332392834813,17642.686,2024-05-03 03:20:00,3,20:45–21:00
2024-05-02,ODR,LONG,2024-05-02 04:20:00,17478.087,17465.02,17425.075,39.94499999999971,HOD,17941.01,2024-05-03 10:00:00,True,19.753275090632545,17654.054,2024-05-02 18:20:00,37.41286942937359,17642.686,2024-05-03 03:20:00,3,04:15–04:30
2024-05-02,RDR,LONG,2024-05-02 13:25:00,17498.554,17470.264,17297.832,172.4320000000007,HOD,17941.01,2024-05-03 10:00:00,True,20.203020119658227,17654.054,2024-05-02 18:20:00,38.26469030313984,17642.686,2024-05-03 03:20:00,3,13:15–13:30
2024-05-06,ADR,SHORT,2024-05-06 00:45:00,17884.653,17914.52,17889.075,25.44499999999971,LOD,18044.543,2024-05-07 07:40:00,False,,,,,,,0,00:45–01:00
2024-05-06,ODR,LONG,2024-05-06 04:25:00,17920.989,17915.743,17890.776,24.966999999996915,HOD,18156.821,2024-05-07 13:30:00,True,3.0281613569635915,18076.276,2024-05-06 18:25:00,26.97005091684248,18085.076,2024-05-07 07:40:00,9,04:15–04:30
2024-05-06,RDR,LONG,2024-05-06 11:45:00,18008.189,18001.421,17959.975,41.44599999999991,HOD,18156.821,2024-05-07 13:30:00,True,6.276606400559513,18076.276,2024-05-06 18:25:00,52.45015878616564,18085.076,2024-05-07 07:40:00,9,11:45–12:00
2024-05-07,ADR,SHORT,2024-05-06 20:30:00,18069.531,18080.064,18073.231,6.832999999998719,LOD,17965.743,2024-05-08 08:35:00,True,100.0,18084.643,2024-05-08 06:40:00,100.0,18086.687,2024-05-08 06:40:00,4,20:30–20:45
2024-05-07,ODR,SHORT,2024-05-07 04:05:00,18053.709,18088.098,18057.621,30.47700000000259,LOD,17965.743,2024-05-08 08:35:00,True,100.0,18060.508,2024-05-08 07:20:00,100.0,18056.942,2024-05-08 07:20:00,3,04:00–04:15
2024-05-07,RDR,LONG,2024-05-07 10:55:00,18143.165,18120.799,18081.308,39.49099999999817,HOD,18138.398,2024-05-08 10:45:00,False,,,,,,,0,10:45–11:00
2024-05-08,ADR,SHORT,2024-05-07 23:20:00,18088.198,18102.387,18094.243,8.144000000000233,LOD,18004.032,2024-05-09 05:15:00,True,13.274280490494524,18066.731,2024-05-08 18:10:00,55.63695363587563,18056.653,2024-05-08 21:55:00,14,23:15–23:30
2024-05-08,ODR,SHORT,2024-05-08 04:55:00,18085.419,18102.699,18087.91,14.78900000000067,LOD,18004.032,2024-05-09 05:15:00,True,16.585269791254145,18066.731,2024-05-08 18:10:00,65.89605473868295,18056.653,2024-05-08 21:55:00,14,04:45–05:00
2024-05-08,RDR,LONG,2024-05-08 10:40:00,18115.074,18097.91,17978.798,119.112000000001,HOD,18141.719,2024-05-09 16:10:00,True,100.0,18076.553,2024-05-09 08:45:00,100.0,18077.721,2024-05-09 08:45:00,17,10:30–10:45
2024-05-09,ADR,LONG,2024-05-08 20:50:00,18069.243,18068.086,18056.986,11.099999999998545,HOD,18250.053,2024-05-10 09:45:00,True,5.7144585784974185,18130.421,2024-05-09 18:20:00,41.90245970397062,18175.92,2024-05-10 04:05:00,9,20:45–21:00
2024-05-09,ODR,SHORT,2024-05-09 05:15:00,18006.819,18056.743,18025.519,31.22399999999834,LOD,18091.389,2024-05-10 10:55:00,False,,,,,,,0,05:15–05:30
2024-05-09,RDR,LONG,2024-05-09 10:35:00,18107.365,18086.465,18017.787,68.67799999999988,HOD,18250.053,2024-05-10 09:45:00,True,7.914693928860009,18130.421,2024-05-09 18:20:00,50.229218925699925,18175.92,2024-05-10 04:05:00,9,10:30–10:45
2024-05-13,ADR,LONG,2024-05-12 20:55:00,18161.798,18157.12,18146.221,10.898999999997612,HOD,18336.087,2024-05-14 15:55:00,True,32.781700700666825,18181.775,2024-05-13 18:20:00,100.0,18075.898,2024-05-14 08:30:00,15,20:45–21:00
2024-05-13,ODR,SHORT,2024-05-13 04:15:00,18177.899,18200.119,18184.187,15.93199999999706,LOD,18075.898,2024-05-14 08:30:00,True,100.0,18186.608,2024-05-13 18:35:00,100.0,18187.164,2024-05-13 18:35:00,9,04:15–04:30
2024-05-14,ADR,SHORT,2024-05-13 20:40:00,18184.631,18194.276,18189.064,5.212000000003172,LOD,18294.731,2024-05-15 03:45:00,False,,,,,,,0,20:30–20:45
2024-05-14,ODR,LONG,2024-05-14 04:20:00,18205.52,18201.364,18192.21,9.15400000000227,HOD,18607.889,2024-05-15 15:20:00,True,1.6035451971618313,18321.265,2024-05-14 18:30:00,38.81968038253512,18431.62,2024-05-15 09:50:00,13,04:15–04:30
2024-05-14,RDR,LONG,2024-05-14 14:10:00,18280.02,18269.543,18177.863,91.68000000000028,HOD,18607.889,2024-05-15 15:20:00,True,3.640360682617113,18321.265,2024-05-14 18:30:00,64.15846092549519,18306.72,2024-05-15 03:45:00,13,14:00–14:15
2024-05-15,ADR,SHORT,2024-05-14 20:35:00,18303.564,18324.21,18317.308,6.901999999998225,LOD,18542.753,2024-05-16 16:10:00,False,,,,,,,0,20:30–20:45
2024-05-15,ODR,LONG,2024-05-15 05:40:00,18321.343,18319.299,18296.164,23.1349999999984,HOD,18669.932,2024-05-16 11:05:00,True,1.48507460095286,18603.021,2024-05-15 18:20:00,20.04468412942936,18637.521,2024-05-16 09:30:00,6,05:30–05:45
2024-05-15,RDR,LONG,2024-05-15 10:30:00,18451.065,18440.308,18370.697,69.61100000000079,HOD,18669.932,2024-05-16 11:05:00,True,2.561231211448756,18603.021,2024-05-15 18:20:00,31.964558629127996,18637.521,2024-05-16 09:30:00,6,10:30–10:45
2024-05-16,ADR,LONG,2024-05-15 23:30:00,18638.953,18634.299,18623.264,11.034999999999854,HOD,18592.809,2024-05-17 08:55:00,False,,,,,,,0,23:30–23:45
2024-05-16,ODR,SHORT,2024-05-16 08:05:00,18616.386,18634.589,18621.075,13.513999999999214,LOD,18456.554,2024-05-17 14:20:00,True,9.567858999975206,18554.989,2024-05-16 18:10:00,70.93948553451388,18539.099,2024-05-17 08:55:00,4,08:00–08:15
2024-05-16,RDR,LONG,2024-05-16 10:40:00,18634.932,18628.289,18583.842,44.44700000000012,HOD,18592.809,2024-05-17 08:55:00,False,,,,,,,0,10:30–10:45
2024-05-20,ADR,LONG,2024-05-19 20:40:00,18583.799,18582.586,18573.821,8.764999999999418,HOD,18721.897,2024-05-21 15:55:00,True,6.754542301110322,18660.542,2024-05-20 18:10:00,90.26359355851238,18665.954,2024-05-21 09:30:00,11,20:30–20:45
2024-05-20,ODR,LONG,2024-05-20 04:00:00,18581.054,18580.808,18570.331,10.47700000000259,HOD,18721.897,2024-05-21 15:55:00,True,6.61388365092628,18660.542,2024-05-20 18:10:00,88.57067510548606,18665.954,2024-05-21 09:30:00,11,04:00–04:15
2024-05-20,RDR,LONG,2024-05-20 10:45:00,18678.82,18666.019,18554.71,111.3090000000011,HOD,18721.897,2024-05-21 15:55:00,True,100.0,18660.542,2024-05-20 18:10:00,100.0,18660.631,2024-05-20 18:10:00,29,10:45–11:00
2024-05-21,ADR,LONG,2024-05-20 20:40:00,18669.676,18666.199,18658.631,7.567999999999301,HOD,18755.797,2024-05-22 11:05:00,True,3.369477911646402,18714.321,2024-05-21 18:10:00,96.08556420124124,18720.865,2024-05-22 06:30:00,9,20:30–20:45
2024-05-21,ODR,SHORT,2024-05-21 04:20:00,18653.743,18673.708,18657.143,16.56499999999869,LOD,18602.186,2024-05-22 14:40:00,True,100.0,18676.389,2024-05-22 14:05:00,100.0,18676.899,2024-05-22 14:05:00,2,04:15–04:30
2024-05-21,RDR,LONG,2024-05-21 10:30:00,18657.476,18645.442,18597.987,47.45499999999811,HOD,18755.797,2024-05-22 11:05:00,True,2.378219028586628,18714.321,2024-05-21 18:10:00,74.39617204067072,18720.865,2024-05-22 06:30:00,9,10:30–10:45
2024-05-22,ADR,LONG,2024-05-21 22:00:00,18736.197,18729.276,18723.219,6.0570000000006985,HOD,18945.643,2024-05-23 08:45:00,True,30.57563905022121,18764.42,2024-05-22 18:20:00,30.57563905022121,18776.932,2024-05-22 18:20:00,12,22:00–22:15
2024-05-22,ODR,SHORT,2024-05-22 05:15:00,18700.443,18720.908,18704.998,15.909999999999854,LOD,18549.354,2024-05-23 15:05:00,True,36.22068479083735,18643.509,2024-05-23 14:10:00,45.13064133016477,18652.099,2024-05-23 14:15:00,3,05:15–05:30
2024-05-22,RDR,LONG,2024-05-22 11:05:00,18747.899,18742.298,18722.643,19.65499999999884,HOD,18945.643,2024-05-23 08:45:00,True,41.16489361702632,18764.42,2024-05-22 18:20:00,41.16489361702632,18776.932,2024-05-22 18:20:00,12,11:00–11:15
2024-05-23,ADR,SHORT,2024-05-22 20:40:00,18783.81,18797.689,18786.719,10.969999999997526,LOD,18610.61,2024-05-23 18:10:00,False,,,,,,,0,20:30–20:45
2024-05-23,ODR,LONG,2024-05-23 05:40:00,18877.853,18871.099,18853.454,17.6449999999968,HOD,18853.975,2024-05-24 14:15:00,False,,,,,,,0,05:30–05:45
2024-05-23,RDR,SHORT,2024-05-23 10:50:00,18761.289,18905.831,18777.176,128.65499999999884,LOD,18610.61,2024-05-23 18:10:00,False,,,,,,,0,10:45–11:00
2024-05-27,ADR,LONG,2024-05-26 21:40:00,18779.886,18777.897,18765.897,12.0,HOD,18911.364,2024-05-28 05:00:00,True,12.23791891700744,18852.321,2024-05-27 18:10:00,54.52111978491162,18857.853,2024-05-27 20:10:00,6,21:30–21:45
2024-05-27,ODR,SHORT,2024-05-27 04:10:00,18794.31,18814.021,18799.884,14.137000000002445,LOD,18751.487,2024-05-28 14:35:00,True,93.61656474627232,18798.099,2024-05-28 09:50:00,100.0,18801.089,2024-05-28 09:55:00,2,04:00–04:15
2024-05-27,RDR,LONG,2024-05-27 11:00:00,18843.887,18836.576,18808.889,27.68700000000172,HOD,18911.364,2024-05-28 05:00:00,True,39.72744324924692,18852.321,2024-05-27 18:10:00,100.0,18836.142,2024-05-27 18:35:00,17,11:00–11:15
2024-05-28,ADR,LONG,2024-05-27 23:05:00,18849.187,18846.675,18822.021,24.653999999998632,HOD,18880.199,2024-05-28 19:25:00,True,9.759512724461498,18872.454,2024-05-28 18:15:00,17.926278573176557,18873.131,2024-05-28 18:25:00,1,23:00–23:15
2024-05-28,ODR,LONG,2024-05-28 04:05:00,18874.332,18869.851,18847.442,22.40899999999965,HOD,18880.199,2024-05-28 19:25:00,True,51.71582266735343,18872.454,2024-05-28 18:15:00,94.99165275458252,18873.131,2024-05-28 18:25:00,1,04:00–04:15
2024-05-28,RDR,LONG,2024-05-28 12:50:00,18868.897,18851.299,18779.542,71.75699999999779,HOD,18880.199,2024-05-28 19:25:00,True,11.644321931240484,18872.454,2024-05-28 18:15:00,21.388297205861143,18873.131,2024-05-28 18:25:00,1,12:45–13:00
2024-05-29,ADR,SHORT,2024-05-28 20:35:00,18847.81,18879.189,18858.854,20.334999999999127,LOD,18484.875,2024-05-30 15:50:00,True,5.213936566748312,18688.986,2024-05-29 18:10:00,48.607318612947736,18610.132,2024-05-30 08:45:00,17,20:30–20:45
2024-05-29,ODR,SHORT,2024-05-29 04:05:00,18772.589,18817.897,18779.419,38.47799999999916,LOD,18484.875,2024-05-30 15:50:00,True,9.364883690630894,18688.986,2024-05-29 18:10:00,69.64759605691209,18610.132,2024-05-30 08:45:00,17,04:00–04:15
2024-05-29,RDR,LONG,2024-05-29 10:30:00,18803.475,18792.389,18697.643,94.7459999999992,HOD,18723.719,2024-05-30 08:45:00,False,,,,,,,0,10:30–10:45
2024-05-30,ADR,SHORT,2024-05-29 22:20:00,18636.719,18668.698,18646.32,22.37800000000061,LOD,18188.154,2024-05-31 12:20:00,True,6.017589043689919,18507.289,2024-05-30 18:10:00,81.21270418069516,18442.853,2024-05-31 08:50:00,11,22:15–22:30
2024-05-30,ODR,LONG,2024-05-30 04:00:00,18643.409,18638.389,18596.676,41.71299999999974,HOD,18604.132,2024-05-31 08:50:00,False,,,,,,,0,04:00–04:15
2024-05-30,RDR,SHORT,2024-05-30 10:35:00,18604.331,18701.175,18643.286,57.888999999999214,LOD,18188.154,2024-05-31 12:20:00,True,6.143589672807808,18507.289,2024-05-30 18:10:00,82.32500609420353,18442.853,2024-05-31 08:50:00,11,10:30–10:45
2024-06-03,ADR,LONG,2024-06-02 22:40:00,18593.775,18590.686,18529.743,60.94300000000294,HOD,18700.989,2024-06-04 14:45:00,True,23.83972984072969,18607.375,2024-06-03 18:15:00,100.0,18590.287,2024-06-04 01:35:00,13,22:30–22:45
2024-06-03,ODR,LONG,2024-06-03 05:05:00,18621.154,18613.232,18573.342,39.88999999999942,HOD,18700.989,2024-06-04 14:45:00,True,100.0,18611.11,2024-06-03 18:40:00,100.0,18609.943,2024-06-03 18:40:00,12,05:00–05:15
2024-06-03,RDR,SHORT,2024-06-03 10:45:00,18558.71,18680.253,18602.621,77.63200000000143,LOD,18464.809,2024-06-04 05:00:00,True,100.0,18613.775,2024-06-03 20:00:00,100.0,18613.898,2024-06-03 20:00:00,11,10:45–11:00
2024-06-04,ADR,LONG,2024-06-03 20:30:00,18626.665,18622.509,18603.21,19.29899999999907,HOD,19032.689,2024-06-05 15:55:00,True,25.028080422330163,18649.208,2024-06-04 18:10:00,65.79118201070561,18712.754,2024-06-05 03:10:00,29,20:30–20:45
2024-06-04,ODR,SHORT,2024-06-04 04:30:00,18514.854,18582.389,18532.665,49.72399999999834,LOD,18647.398,2024-06-04 18:05:00,False,,,,,,,0,04:30–04:45
2024-06-04,RDR,LONG,2024-06-04 14:15:00,18639.989,18592.431,18531.409,61.02200000000085,HOD,19032.689,2024-06-05 15:55:00,True,13.568275232151992,18649.208,2024-06-04 18:10:00,49.838365109436886,18712.754,2024-06-05 03:10:00,29,14:15–14:30
2024-06-05,ADR,SHORT,2024-06-04 21:20:00,18669.953,18691.932,18677.432,14.5,LOD,18974.21,2024-06-06 14:10:00,False,,,,,,,0,21:15–21:30
2024-06-05,ODR,LONG,2024-06-05 04:00:00,18693.819,18689.589,18661.932,27.656999999999243,HOD,19076.419,2024-06-06 08:15:00,True,1.7051358438318625,19031.086,2024-06-05 18:10:00,10.578551105392272,19051.231,2024-06-05 20:35:00,9,04:00–04:15
2024-06-05,RDR,LONG,2024-06-05 10:30:00,18882.621,18844.786,18773.621,71.16500000000087,HOD,19076.419,2024-06-06 08:15:00,True,3.0818212085895205,19031.086,2024-06-05 18:10:00,18.168747110494312,19051.231,2024-06-05 20:35:00,9,10:30–10:45
2024-06-06,ADR,SHORT,2024-06-05 20:35:00,19023.409,19049.11,19026.61,22.5,LOD,18901.254,2024-06-07 08:40:00,True,100.0,19033.889,2024-06-06 18:15:00,100.0,19034.899,2024-06-06 18:15:00,4,20:30–20:45
2024-06-06,ODR,LONG,2024-06-06 04:15:00,19058.62,19056.989,19040.621,16.368000000002212,HOD,19117.665,2024-06-07 13:20:00,True,100.0,19046.62,2024-06-07 00:35:00,100.0,19048.62,2024-06-07 00:35:00,17,04:15–04:30
2024-06-06,RDR,SHORT,2024-06-06 14:05:00,18982.221,19067.409,18986.875,80.53399999999965,LOD,18901.254,2024-06-07 08:40:00,True,93.85346374503816,18984.443,2024-06-07 08:35:00,93.85346374503816,18964.764,2024-06-07 08:35:00,1,14:00–14:15
2024-06-10,ADR,LONG,2024-06-09 23:00:00,19002.686,18998.785,18981.21,17.575000000000728,HOD,19224.089,2024-06-11 16:10:00,True,12.01040612805005,19059.665,2024-06-10 18:15:00,100.0,18994.664,2024-06-11 07:05:00,13,23:00–23:15
2024-06-10,ODR,SHORT,2024-06-10 05:20:00,18943.91,18983.42,18967.251,16.16899999999805,LOD,18964.554,2024-06-11 09:55:00,False,,,,,,,0,05:15–05:30
2024-06-10,RDR,LONG,2024-06-10 10:35:00,19002.787,18998.986,18951.997,46.9890000000014,HOD,19224.089,2024-06-11 16:10:00,True,12.045398541793537,19059.665,2024-06-10 18:15:00,100.0,18994.664,2024-06-11 07:05:00,13,10:30–10:45
2024-06-11,ADR,LONG,2024-06-10 21:35:00,19055.742,19051.786,19042.486,9.299999999999272,HOD,19557.099,2024-06-12 15:20:00,True,2.619653055267976,19215.31,2024-06-11 18:40:00,21.536225889026948,19410.976,2024-06-12 09:30:00,8,21:30–21:45
2024-06-11,ODR,SHORT,2024-06-11 04:35:00,19046.289,19064.899,19049.686,15.212999999999738,LOD,19201.12,2024-06-11 18:05:00,False,,,,,,,0,04:30–04:45
2024-06-11,RDR,LONG,2024-06-11 10:35:00,19061.708,19056.486,18965.22,91.26599999999962,HOD,19557.099,2024-06-12 15:20:00,True,2.69508586412311,19215.31,2024-06-11 18:40:00,21.811588486053637,19410.976,2024-06-12 09:30:00,8,10:30–10:45
2024-06-12,ADR,SHORT,2024-06-11 20:30:00,19213.076,19232.953,19216.997,15.95600000000195,LOD,19473.176,2024-06-13 12:30:00,False,,,,,,,0,20:30–20:45
2024-06-12,ODR,LONG,2024-06-12 04:10:00,19227.62,19223.186,19212.131,11.055000000000293,HOD,19656.153,2024-06-13 08:30:00,True,3.1746031746031744,19558.686,2024-06-12 18:15:00,21.005084709296323,19586.598,2024-06-13 05:50:00,13,04:00–04:15
2024-06-12,RDR,LONG,2024-06-12 15:10:00,19524.508,19511.997,19370.808,141.1889999999985,HOD,19656.153,2024-06-13 08:30:00,True,19.067759884899367,19558.686,2024-06-12 18:15:00,67.84991737579196,19586.598,2024-06-13 05:50:00,13,15:00–15:15
2024-06-13,ADR,LONG,2024-06-12 20:30:00,19592.653,19588.21,19565.021,23.188999999998487,HOD,19670.099,2024-06-14 16:05:00,True,100.0,19583.653,2024-06-13 18:30:00,100.0,19586.786,2024-06-13 18:30:00,30,20:30–20:45
2024-06-13,ODR,SHORT,2024-06-13 04:45:00,19601.687,19638.599,19609.686,28.912999999996828,LOD,19478.242,2024-06-14 07:05:00,True,26.80967414590597,19583.721,2024-06-13 18:15:00,100.0,19609.898,2024-06-13 22:30:00,14,04:45–05:00
2024-06-13,RDR,SHORT,2024-06-13 12:20:00,19500.243,19629.308,19513.131,116.17699999999968,LOD,19478.242,2024-06-14 07:05:00,True,100.0,19530.186,2024-06-14 06:10:00,100.0,19527.286,2024-06-14 06:10:00,2,12:15–12:30
2024-06-17,ADR,SHORT,2024-06-16 20:35:00,19684.409,19697.231,19690.208,7.023000000001048,LOD,19839.41,2024-06-18 11:10:00,False,,,,,,,0,20:30–20:45
2024-06-17,ODR,LONG,2024-06-17 04:05:00,19715.242,19704.609,19685.586,19.023000000001048,HOD,19979.898,2024-06-18 08:30:00,True,5.716485805596172,19916.432,2024-06-17 18:30:00,26.71565790996428,19925.365,2024-06-17 21:55:00,3,04:00–04:15
2024-06-17,RDR,LONG,2024-06-17 11:00:00,19712.709,19693.075,19628.265,64.81000000000131,HOD,19979.898,2024-06-18 08:30:00,True,5.437341236240778,19916.432,2024-06-17 18:30:00,25.41109229466573,19925.365,2024-06-17 21:55:00,3,11:00–11:15
2024-06-18,ADR,SHORT,2024-06-17 20:30:00,19891.721,19917.842,19894.787,23.05500000000029,LOD,19919.508,2024-06-18 20:40:00,False,,,,,,,0,20:30–20:45
2024-06-18,ODR,LONG,2024-06-18 04:05:00,19935.753,19923.886,19903.342,20.54399999999805,HOD,19963.408,2024-06-19 09:30:00,True,62.39990977780753,19927.22,2024-06-18 18:25:00,100.0,19920.764,2024-06-18 20:20:00,14,04:00–04:15
2024-06-18,RDR,SHORT,2024-06-18 10:55:00,19875.597,19922.032,19887.752,34.27999999999884,LOD,19919.508,2024-06-18 20:40:00,False,,,,,,,0,10:45–11:00
2024-06-19,ADR,LONG,2024-06-18 23:10:00,19936.309,19934.965,19920.931,14.03399999999965,HOD,20083.989,2024-06-20 03:30:00,True,34.37190900097804,19944.254,2024-06-19 18:10:00,62.49145824790164,19946.376,2024-06-19 18:55:00,13,23:00–23:15
2024-06-19,ODR,SHORT,2024-06-19 04:35:00,19934.797,19946.453,19939.308,7.145000000000437,LOD,19678.632,2024-06-20 13:35:00,True,100.0,19950.343,2024-06-20 09:35:00,100.0,19975.475,2024-06-20 09:35:00,7,04:30–04:45
2024-06-19,RDR,SHORT,2024-06-19 10:30:00,19937.542,19958.299,19946.886,11.413000000000466,LOD,19678.632,2024-06-20 13:35:00,True,100.0,19949.599,2024-06-19 18:15:00,100.0,19948.989,2024-06-19 18:15:00,10,10:30–10:45
2024-06-20,ADR,LONG,2024-06-19 20:30:00,19957.521,19956.497,19945.119,11.378000000000611,HOD,19814.086,2024-06-21 02:10:00,False,,,,,,,0,20:30–20:45
2024-06-20,ODR,SHORT,2024-06-20 07:35:00,20017.754,20064.376,20024.453,39.92299999999887,LOD,19641.897,2024-06-21 09:50:00,True,2.5724281906776056,19788.31,2024-06-20 18:10:00,27.692272311752703,19691.075,2024-06-21 09:25:00,9,07:30–07:45
2024-06-20,RDR,SHORT,2024-06-20 12:20:00,19807.487,19974.854,19840.019,134.83499999999913,LOD,19641.897,2024-06-21 09:50:00,True,10.760389341434204,19788.31,2024-06-20 18:10:00,67.08968387923552,19775.542,2024-06-21 02:10:00,9,12:15–12:30
2024-06-24,ADR,SHORT,2024-06-23 21:05:00,19714.889,19748.608,19728.676,19.9320000000007,LOD,19458.642,2024-06-25 04:00:00,True,4.514660738858884,19494.143,2024-06-24 18:15:00,26.450247668136296,19497.619,2024-06-25 01:35:00,5,21:00–21:15
2024-06-24,ODR,SHORT,2024-06-24 05:30:00,19697.699,19744.642,19717.332,27.31000000000131,LOD,19458.642,2024-06-25 04:00:00,True,4.733265607526108,19494.143,2024-06-24 18:15:00,27.687966900830247,19497.619,2024-06-25 01:35:00,5,05:30–05:45
2024-06-24,RDR,SHORT,2024-06-24 10:40:00,19588.419,19719.054,19595.031,124.02300000000103,LOD,19458.642,2024-06-25 04:00:00,True,9.902926493833595,19494.143,2024-06-24 18:15:00,55.87819050631835,19497.619,2024-06-25 01:35:00,5,10:30–10:45
2024-06-25,ADR,SHORT,2024-06-24 20:55:00,19484.498,19504.475,19491.932,12.542999999997846,LOD,19637.854,2024-06-26 09:05:00,False,,,,,,,0,20:45–21:00
2024-06-25,ODR,LONG,2024-06-25 04:20:00,19520.053,19513.709,19470.421,43.28800000000047,HOD,19806.808,2024-06-26 04:00:00,True,2.214560844547636,19719.342,2024-06-25 18:20:00,13.093690062090785,19749.876,2024-06-26 03:05:00,10,04:15–04:30
2024-06-25,RDR,LONG,2024-06-25 11:10:00,19654.589,19626.054,19537.876,88.17799999999988,HOD,19806.808,2024-06-26 04:00:00,True,4.754709275613107,19719.342,2024-06-25 18:20:00,24.27791107253939,19718.731,2024-06-25 19:50:00,10,11:00–11:15
2024-06-26,ADR,LONG,2024-06-25 20:50:00,19723.386,19716.064,19701.875,14.188999999998488,HOD,19857.087,2024-06-27 10:15:00,True,100.0,19708.287,2024-06-27 05:40:00,100.0,19710.642,2024-06-27 05:40:00,10,20:45–21:00
2024-06-26,ODR,SHORT,2024-06-26 07:30:00,19720.076,19804.476,19730.454,74.0219999999972,LOD,19614.843,2024-06-26 20:45:00,True,15.488287845761898,19675.398,2024-06-26 18:45:00,16.674620028153626,19652.82,2024-06-26 19:50:00,3,07:30–07:45
2024-06-27,ADR,SHORT,2024-06-26 20:35:00,19627.909,19658.698,19647.61,11.087999999999738,LOD,19660.787,2024-06-28 15:30:00,False,,,,,,,0,20:30–20:45
2024-06-27,ODR,SHORT,2024-06-27 04:20:00,19678.808,19709.662,19687.386,22.27600000000166,LOD,19660.787,2024-06-28 15:30:00,False,,,,,,,0,04:15–04:30
2024-06-27,RDR,SHORT,2024-06-27 11:30:00,19706.598,19851.787,19730.51,121.27700000000186,LOD,19660.787,2024-06-28 15:30:00,False,,,,,,,0,11:30–11:45
2024-07-01,ADR,LONG,2024-06-30 20:30:00,19732.908,19729.843,19701.597,28.245999999999185,HOD,20014.31,2024-07-02 15:55:00,True,4.70551495846582,19806.131,2024-07-01 18:10:00,100.0,19728.475,2024-07-01 20:40:00,27,20:30–20:45
2024-07-01,ODR,SHORT,2024-07-01 04:40:00,19679.219,19766.084,19701.153,64.9310000000005,LOD,19669.421,2024-07-02 07:50:00,True,100.0,19720.453,2024-07-02 03:50:00,100.0,19726.131,2024-07-02 03:50:00,5,04:30–04:45
2024-07-01,RDR,LONG,2024-07-01 12:05:00,19763.532,19727.31,19579.232,148.07800000000134,HOD,20014.31,2024-07-02 15:55:00,True,4.561195331040632,19806.131,2024-07-01 18:10:00,100.0,19720.799,2024-07-01 22:45:00,23,12:00–12:15
2024-07-02,ADR,SHORT,2024-07-01 20:30:00,19738.043,19782.086,19745.165,36.92099999999846,LOD,19963.187,2024-07-03 08:40:00,False,,,,,,,0,20:30–20:45
2024-07-02,ODR,SHORT,2024-07-02 07:10:00,19694.41,19747.886,19700.719,47.16699999999764,LOD,19963.187,2024-07-03 08:40:00,False,,,,,,,0,07:00–07:15
2024-07-02,RDR,LONG,2024-07-02 10:50:00,19873.064,19833.842,19740.587,93.25500000000102,HOD,20197.389,2024-07-03 13:05:00,True,3.4142533950438243,19992.232,2024-07-02 18:10:00,37.00382813337046,20025.853,2024-07-03 08:40:00,11,10:45–11:00
2024-07-03,ADR,SHORT,2024-07-02 23:25:00,19990.62,20007.397,19991.275,16.12199999999939,LOD,20132.164,2024-07-04 10:50:00,False,,,,,,,0,23:15–23:30
2024-07-03,ODR,LONG,2024-07-03 04:20:00,20013.621,20012.265,19995.61,16.654999999998836,HOD,20178.631,2024-07-03 21:45:00,True,12.67164838446851,20152.62,2024-07-03 18:05:00,12.67164838446851,20169.82,2024-07-03 18:05:00,2,04:15–04:30
2024-07-03,RDR,LONG,2024-07-03 10:40:00,20064.365,20048.399,19977.089,71.31000000000131,HOD,20178.631,2024-07-03 21:45:00,True,16.34680985977821,20152.62,2024-07-03 18:05:00,16.34680985977821,20169.82,2024-07-03 18:05:00,2,10:30–10:45
2024-07-04,ADR,LONG,2024-07-03 21:40:00,20176.697,20171.643,20160.687,10.955999999998312,HOD,20405.119,2024-07-05 15:50:00,True,99.1849886277204,20171.686,2024-07-04 20:50:00,100.0,20169.442,2024-07-04 20:55:00,20,21:30–21:45
2024-07-04,ODR,SHORT,2024-07-04 05:00:00,20158.989,20169.732,20160.697,9.034999999999854,LOD,20142.676,2024-07-04 18:00:00,False,,,,,,,0,05:00–05:15
2024-07-04,RDR,SHORT,2024-07-04 10:45:00,20132.719,20166.753,20137.886,28.867000000002008,LOD,20142.676,2024-07-04 18:00:00,False,,,,,,,0,10:45–11:00
2024-07-08,ADR,SHORT,2024-07-07 21:00:00,20350.621,20367.875,20354.921,12.954000000001544,LOD,20389.576,2024-07-09 13:25:00,False,,,,,,,0,21:00–21:15
2024-07-08,ODR,LONG,2024-07-08 04:20:00,20375.164,20373.364,20356.332,17.03200000000288,HOD,20546.399,2024-07-09 10:10:00,True,2.791399084923153,20468.121,2024-07-08 18:20:00,30.777112137027824,20500.321,2024-07-09 10:05:00,7,04:15–04:30
2024-07-08,RDR,LONG,2024-07-08 11:20:00,20430.843,20409.397,20380.81,28.58699999999953,HOD,20546.399,2024-07-09 10:10:00,True,4.428350557411312,20468.121,2024-07-08 18:20:00,39.8430102388483,20495.964,2024-07-09 08:35:00,7,11:15–11:30
2024-07-09,ADR,SHORT,2024-07-08 21:55:00,20484.754,20521.687,20494.91,26.777000000001863,LOD,20463.308,2024-07-09 18:05:00,False,,,,,,,0,21:45–22:00
2024-07-09,ODR,LONG,2024-07-09 05:25:00,20516.176,20513.019,20489.62,23.39900000000125,HOD,20689.309,2024-07-10 15:50:00,True,100.0,20511.087,2024-07-10 06:35:00,100.0,20512.31,2024-07-10 06:35:00,19,05:15–05:30
2024-07-09,RDR,SHORT,2024-07-09 11:20:00,20458.021,20537.984,20479.165,58.81899999999951,LOD,20463.308,2024-07-09 18:05:00,False,,,,,,,0,11:15–11:30
2024-07-10,ADR,LONG,2024-07-09 20:55:00,20484.064,20481.832,20470.12,11.711999999999534,HOD,20757.354,2024-07-11 08:30:00,True,3.585586527901087,20666.186,2024-07-10 18:10:00,23.638408033052595,20661.643,2024-07-10 21:10:00,1,20:45–21:00
2024-07-10,ODR,LONG,2024-07-10 04:00:00,20495.132,20490.289,20476.064,14.225000000002185,HOD,20757.354,2024-07-11 08:30:00,True,3.751511603092559,20666.186,2024-07-10 18:10:00,24.73228893643353,20661.643,2024-07-10 21:10:00,1,04:00–04:15
2024-07-10,RDR,SHORT,2024-07-10 11:00:00,20495.108,20568.097,20511.575,56.52200000000085,LOD,20162.698,2024-07-11 14:05:00,True,71.71861410045017,20489.789,2024-07-11 10:25:00,88.70613892747161,20465.799,2024-07-11 10:30:00,6,11:00–11:15
2024-07-11,ODR,SHORT,2024-07-11 08:15:00,20644.52,20659.31,20649.575,9.735000000000582,LOD,20128.52,2024-07-12 08:30:00,True,3.324258193473004,20228.789,2024-07-11 18:05:00,15.502306082252735,20235.32,2024-07-12 05:05:00,5,08:15–08:30
2024-07-11,RDR,SHORT,2024-07-11 10:40:00,20428.121,20670.796,20445.076,225.71999999999755,LOD,20128.52,2024-07-12 08:30:00,True,6.270259494878089,20228.789,2024-07-11 18:05:00,26.768541881373555,20235.32,2024-07-12 05:05:00,5,10:30–10:45
2024-07-15,ADR,LONG,2024-07-14 20:30:00,20359.619,20352.854,20336.532,16.322000000000116,HOD,20481.489,2024-07-16 09:35:00,True,4.839755131435818,20432.132,2024-07-15 18:10:00,100.0,20352.398,2024-07-16 04:00:00,11,20:30–20:45
2024-07-15,ODR,LONG,2024-07-15 07:00:00,20424.131,20422.187,20407.11,15.077000000001137,HOD,20481.489,2024-07-16 09:35:00,True,28.84739214423371,20432.132,2024-07-15 18:10:00,100.0,20416.387,2024-07-15 20:35:00,19,07:00–07:15
2024-07-15,RDR,LONG,2024-07-15 10:30:00,20491.653,20477.799,20393.299,84.5,HOD,20481.489,2024-07-16 09:35:00,False,,,,,,,0,10:30–10:45
2024-07-16,ADR,SHORT,2024-07-15 20:35:00,20417.675,20439.306,20426.789,12.516999999999824,LOD,19770.653,2024-07-17 16:00:00,True,14.436198228389175,20387.475,2024-07-16 18:05:00,29.794882639038057,20362.599,2024-07-16 20:40:00,29,20:30–20:45
2024-07-16,ODR,SHORT,2024-07-16 04:00:00,20357.231,20416.884,20363.298,53.58599999999933,LOD,19770.653,2024-07-17 16:00:00,True,100.0,20366.854,2024-07-16 19:25:00,100.0,20369.287,2024-07-16 19:25:00,31,04:00–04:15
2024-07-16,RDR,SHORT,2024-07-16 12:30:00,20272.953,20477.854,20297.52,180.33399999999887,LOD,19770.653,2024-07-17 16:00:00,True,53.81033022861015,20292.065,2024-07-17 02:10:00,53.81033022861015,20290.098,2024-07-17 02:10:00,16,12:30–12:45
2024-07-17,ADR,LONG,2024-07-16 20:40:00,20375.243,20368.576,20357.253,11.32300000000032,HOD,19968.689,2024-07-18 09:05:00,False,,,,,,,0,20:30–20:45
2024-07-17,ODR,SHORT,2024-07-17 04:10:00,20136.243,20252.842,20160.92,91.9220000000023,LOD,19569.789,2024-07-18 15:10:00,True,6.130684801282562,19858.765,2024-07-17 18:05:00,42.77136052396517,19855.154,2024-07-18 09:05:00,7,04:00–04:15
2024-07-17,RDR,SHORT,2024-07-17 11:40:00,19884.999,20057.743,19916.232,141.5109999999986,LOD,19569.789,2024-07-18 15:10:00,True,25.56184505382073,19858.765,2024-07-17 18:05:00,100.0,19935.22,2024-07-18 02:15:00,14,11:30–11:45
2024-07-18,ADR,LONG,2024-07-17 20:30:00,19874.789,19872.186,19862.921,9.265000000003056,HOD,19793.699,2024-07-18 18:15:00,False,,,,,,,0,20:30–20:45
2024-07-18,ODR,SHORT,2024-07-18 06:05:00,19834.575,19948.576,19871.108,77.46800000000076,LOD,19475.992,2024-07-19 13:20:00,True,14.18259423155458,19789.076,2024-07-18 18:05:00,69.8495854202933,19650.6,2024-07-19 09:40:00,10,06:00–06:15
2024-07-18,RDR,SHORT,2024-07-18 10:30:00,19770.497,19946.984,19830.954,116.02999999999884,LOD,19475.992,2024-07-19 13:20:00,True,24.455668801299502,19789.076,2024-07-18 18:05:00,82.56419090447383,19650.6,2024-07-19 09:40:00,10,10:30–10:45
2024-07-22,ADR,SHORT,2024-07-21 21:45:00,19585.532,19655.143,19603.721,51.42199999999866,LOD,19691.198,2024-07-23 03:25:00,False,,,,,,,0,21:45–22:00
2024-07-22,ODR,LONG,2024-07-22 05:35:00,19660.199,19657.065,19598.208,58.85699999999997,HOD,19908.808,2024-07-23 11:15:00,True,2.5117604431507434,19815.809,2024-07-22 18:40:00,79.0381615633092,19796.031,2024-07-23 03:25:00,5,05:30–05:45
2024-07-22,RDR,SHORT,2024-07-22 11:15:00,19697.619,19844.299,19726.464,117.83499999999913,LOD,19691.198,2024-07-23 03:25:00,True,100.0,19740.131,2024-07-23 02:15:00,100.0,19741.889,2024-07-23 02:15:00,1,11:15–11:30
2024-07-23,ADR,SHORT,2024-07-22 20:40:00,19751.409,19797.887,19774.089,23.797999999998865,LOD,19005.786,2024-07-24 15:55:00,True,25.30769663518409,19654.597,2024-07-23 18:30:00,32.23923139912185,19626.299,2024-07-23 20:45:00,21,20:30–20:45
2024-07-23,ODR,LONG,2024-07-23 05:15:00,19775.754,19760.087,19703.397,56.68999999999869,HOD,19674.543,2024-07-23 18:10:00,False,,,,,,,0,05:15–05:30
2024-07-23,RDR,LONG,2024-07-23 11:10:00,19877.01,19855.989,19779.842,76.14700000000084,HOD,19674.543,2024-07-23 18:10:00,False,,,,,,,0,11:00–11:15
2024-07-24,ADR,LONG,2024-07-23 20:40:00,19660.875,19646.342,19620.264,26.07800000000134,HOD,19228.489,2024-07-25 13:10:00,False,,,,,,,0,20:30–20:45
2024-07-24,ODR,SHORT,2024-07-24 04:15:00,19536.098,19579.989,19544.887,35.10200000000259,LOD,18721.21,2024-07-25 10:10:00,True,4.947383903619798,19118.365,2024-07-24 18:05:00,28.220660151436388,18939.308,2024-07-25 09:20:00,7,04:15–04:30
2024-07-24,RDR,SHORT,2024-07-24 10:35:00,19291.999,19467.721,19312.275,155.4459999999999,LOD,18721.21,2024-07-25 10:10:00,True,10.272546388413616,19118.365,2024-07-24 18:05:00,44.13285402976137,18939.308,2024-07-25 09:20:00,7,10:30–10:45
2024-07-25,ADR,SHORT,2024-07-24 21:55:00,19093.719,19135.732,19098.697,37.034999999999854,LOD,18840.843,2024-07-25 19:00:00,True,11.871631630369052,18874.999,2024-07-25 18:05:00,13.456144221374467,18858.232,2024-07-25 18:15:00,1,21:45–22:00
2024-07-25,ODR,SHORT,2024-07-25 04:00:00,18978.231,19081.51,19007.51,74.0,LOD,18840.843,2024-07-25 19:00:00,True,18.52746779796415,18874.999,2024-07-25 18:05:00,21.0003381597957,18858.232,2024-07-25 18:15:00,1,04:00–04:15
2024-07-25,RDR,LONG,2024-07-25 11:10:00,19084.621,19055.52,18764.798,290.7220000000016,HOD,19147.189,2024-07-26 13:25:00,True,100.0,19038.02,2024-07-26 05:00:00,100.0,19032.564,2024-07-26 05:00:00,9,11:00–11:15
2024-07-29,ADR,LONG,2024-07-28 20:40:00,19144.231,19135.664,19087.498,48.16600000000108,HOD,19171.243,2024-07-30 09:40:00,False,,,,,,,0,20:30–20:45
2024-07-29,ODR,LONG,2024-07-29 08:25:00,19173.998,19172.12,19082.508,89.61199999999735,HOD,19171.243,2024-07-30 09:40:00,False,,,,,,,0,08:15–08:30
2024-07-29,RDR,SHORT,2024-07-29 11:00:00,19061.308,19208.487,19104.764,103.72300000000178,LOD,18583.953,2024-07-30 16:00:00,True,39.7973136009044,19082.309,2024-07-29 18:05:00,100.0,19106.154,2024-07-30 04:00:00,20,11:00–11:15
2024-07-30,ADR,SHORT,2024-07-29 21:35:00,18965.589,19021.853,18978.453,43.39999999999782,LOD,18728.89,2024-07-30 18:00:00,False,,,,,,,0,21:30–21:45
2024-07-30,ODR,LONG,2024-07-30 04:00:00,19105.443,19097.331,19060.643,36.68799999999828,HOD,19499.742,2024-07-31 16:05:00,True,100.0,19082.664,2024-07-31 04:40:00,100.0,19086.697,2024-07-31 04:40:00,16,04:00–04:15
2024-07-30,RDR,SHORT,2024-07-30 10:30:00,19001.343,19140.319,19017.61,122.70899999999892,LOD,18728.89,2024-07-30 18:00:00,False,,,,,,,0,10:30–10:45
2024-07-31,ADR,LONG,2024-07-30 20:45:00,18932.431,18918.354,18874.31,44.04399999999805,HOD,19572.586,2024-07-31 20:10:00,True,3.089011000354702,19481.653,2024-07-31 18:10:00,6.961672521823521,19494.032,2024-07-31 18:35:00,3,20:45–21:00
2024-07-31,ODR,SHORT,2024-07-31 04:10:00,19035.331,19084.442,19047.208,37.23400000000038,LOD,18735.332,2024-08-01 14:45:00,True,100.0,19071.597,2024-08-01 11:50:00,100.0,19069.387,2024-08-01 11:50:00,8,04:00–04:15
2024-07-31,RDR,LONG,2024-07-31 10:30:00,19326.92,19322.121,19168.286,153.83499999999913,HOD,19572.586,2024-07-31 20:10:00,True,10.116233865016392,19481.653,2024-07-31 18:10:00,22.79885287373155,19494.032,2024-07-31 18:35:00,3,10:30–10:45
2024-08-01,ADR,SHORT,2024-07-31 20:35:00,19521.887,19567.575,19529.332,38.24300000000221,LOD,18260.253,2024-08-02 10:10:00,True,3.0606798433426023,18808.308,2024-08-01 18:10:00,21.99502262089193,18420.843,2024-08-02 09:40:00,7,20:30–20:45
2024-08-01,ODR,SHORT,2024-08-01 04:05:00,19414.298,19513.521,19450.597,62.92399999999907,LOD,18260.253,2024-08-02 10:10:00,True,3.423030310320577,18808.308,2024-08-01 18:10:00,23.612197978084943,18420.843,2024-08-02 09:40:00,7,04:00–04:15
2024-08-01,RDR,SHORT,2024-08-01 10:35:00,19296.354,19507.109,19306.142,200.96700000000047,LOD,18260.253,2024-08-02 10:10:00,True,4.3728474315162895,18808.308,2024-08-01 18:10:00,27.2940411976973,18420.843,2024-08-02 09:40:00,7,10:30–10:45
2024-08-05,ADR,SHORT,2024-08-04 21:00:00,17984.332,18170.376,18073.176,97.20000000000071,LOD,17852.854,2024-08-06 09:45:00,True,100.0,18113.597,2024-08-05 18:05:00,100.0,18129.689,2024-08-05 18:05:00,12,21:00–21:15
2024-08-05,ODR,LONG,2024-08-05 04:05:00,17858.308,17731.332,17498.186,233.145999999997,HOD,18369.899,2024-08-06 14:50:00,True,7.34165585140946,18100.443,2024-08-05 18:15:00,79.37042815163635,18304.108,2024-08-06 09:45:00,8,04:00–04:15
2024-08-05,RDR,LONG,2024-08-05 11:10:00,18032.309,17926.054,17444.387,481.6670000000013,HOD,18369.899,2024-08-06 14:50:00,True,14.361971173913822,18100.443,2024-08-05 18:15:00,100.0,17906.032,2024-08-06 05:35:00,20,11:00–11:15
2024-08-06,ADR,LONG,2024-08-05 20:45:00,18207.187,18176.119,18097.321,78.79799999999886,HOD,18448.086,2024-08-07 09:50:00,True,100.0,18142.008,2024-08-06 22:00:00,100.0,18154.097,2024-08-06 22:00:00,16,20:45–21:00
2024-08-06,ODR,SHORT,2024-08-06 04:05:00,18080.986,18185.289,18119.421,65.86800000000221,LOD,17845.053,2024-08-07 15:55:00,True,36.4751258483298,17994.742,2024-08-06 18:05:00,100.0,18133.299,2024-08-06 21:35:00,7,04:00–04:15
2024-08-06,RDR,LONG,2024-08-06 10:40:00,18142.82,18108.142,17883.208,224.9340000000011,HOD,18448.086,2024-08-07 09:50:00,True,65.28166487262172,18142.008,2024-08-06 22:00:00,98.8566567729366,18308.208,2024-08-07 03:20:00,9,10:30–10:45
2024-08-07,ADR,LONG,2024-08-06 20:30:00,18064.219,18049.42,17941.61,107.80999999999769,HOD,18464.775,2024-08-08 16:00:00,True,100.0,18032.976,2024-08-08 08:45:00,100.0,18038.432,2024-08-08 08:45:00,13,20:30–20:45
2024-08-07,ODR,LONG,2024-08-07 04:10:00,18247.008,18208.176,18126.208,81.96800000000076,HOD,18464.775,2024-08-08 16:00:00,True,100.0,18191.321,2024-08-08 10:20:00,100.0,18207.221,2024-08-08 10:20:00,8,04:00–04:15
2024-08-07,RDR,SHORT,2024-08-07 11:40:00,18279.754,18424.109,18324.021,100.08799999999974,LOD,17642.309,2024-08-07 19:35:00,True,6.276301847806479,17792.408,2024-08-07 18:15:00,11.334542755542886,17768.41,2024-08-07 18:35:00,1,11:30–11:45
2024-08-08,ADR,LONG,2024-08-07 21:15:00,17860.186,17828.142,17650.864,177.27799999999843,HOD,18572.876,2024-08-09 13:30:00,True,4.543267085654897,18427.175,2024-08-08 18:10:00,37.021555462573616,18511.232,2024-08-09 08:35:00,4,21:15–21:30
2024-08-08,RDR,LONG,2024-08-08 10:45:00,18317.287,18273.22,17994.831,278.38900000000285,HOD,18572.876,2024-08-09 13:30:00,True,15.625376782525066,18427.175,2024-08-08 18:10:00,96.57411958595983,18511.232,2024-08-09 08:35:00,4,10:45–11:00
2024-08-12,ADR,LONG,2024-08-11 22:35:00,18542.376,18529.432,18493.51,35.9220000000023,HOD,19020.409,2024-08-13 16:05:00,True,48.59837706817656,18539.187,2024-08-12 18:05:00,90.75083449529428,18547.854,2024-08-12 18:40:00,26,22:30–22:45
2024-08-12,ODR,LONG,2024-08-12 08:25:00,18590.01,18577.843,18506.51,71.33300000000236,HOD,19020.409,2024-08-13 16:05:00,True,100.0,18569.965,2024-08-12 21:00:00,100.0,18551.209,2024-08-12 21:00:00,29,08:15–08:30
2024-08-12,RDR,LONG,2024-08-12 10:45:00,18636.598,18604.876,18440.443,164.4330000000009,HOD,19020.409,2024-08-13 16:05:00,True,100.0,18602.41,2024-08-13 01:20:00,100.0,18607.042,2024-08-13 01:20:00,21,10:45–11:00
2024-08-13,ADR,LONG,2024-08-12 20:50:00,18570.453,18560.908,18540.698,20.209999999999127,HOD,19109.932,2024-08-14 11:55:00,True,7.44722899581189,18989.419,2024-08-13 18:15:00,46.971721047276645,19049.81,2024-08-14 10:35:00,6,20:45–21:00
2024-08-13,ODR,SHORT,2024-08-13 05:05:00,18638.598,18704.943,18645.564,59.379000000000815,LOD,18834.01,2024-08-14 10:35:00,False,,,,,,,0,05:00–05:15
2024-08-13,RDR,LONG,2024-08-13 10:45:00,18849.587,18815.131,18725.898,89.23300000000017,HOD,19109.932,2024-08-14 11:55:00,True,16.515941140404447,18989.419,2024-08-13 18:15:00,92.76081429815008,19049.81,2024-08-14 10:35:00,6,10:45–11:00
2024-08-14,ADR,LONG,2024-08-13 21:30:00,19044.564,19020.642,18995.687,24.95499999999811,HOD,19501.599,2024-08-15 15:40:00,True,38.81437659549216,19035.742,2024-08-14 18:05:00,100.0,19013.409,2024-08-14 19:30:00,21,21:30–21:45
2024-08-14,ODR,SHORT,2024-08-14 04:05:00,18977.432,19008.831,18993.575,15.255999999997584,LOD,19002.654,2024-08-14 19:45:00,False,,,,,,,0,04:00–04:15
2024-08-14,RDR,SHORT,2024-08-14 10:30:00,18840.886,19040.031,18892.489,147.54199999999764,LOD,19002.654,2024-08-14 19:45:00,False,,,,,,,0,10:30–10:45
2024-08-15,ADR,LONG,2024-08-14 20:35:00,19058.132,19046.032,19008.52,37.51199999999881,HOD,19584.332,2024-08-16 02:50:00,True,1.599421457536385,19489.61,2024-08-15 18:30:00,12.730330432184484,19519.02,2024-08-15 20:35:00,8,20:30–20:45
2024-08-15,ODR,SHORT,2024-08-15 04:25:00,19050.397,19097.275,19063.642,33.63300000000163,LOD,19350.886,2024-08-16 08:35:00,False,,,,,,,0,04:15–04:30
2024-08-15,RDR,LONG,2024-08-15 10:35:00,19394.297,19373.353,19254.242,119.1110000000008,HOD,19584.332,2024-08-16 02:50:00,True,5.839617063668101,19489.61,2024-08-15 18:30:00,37.53333333333363,19519.02,2024-08-15 20:35:00,8,10:30–10:45
2024-08-19,ADR,LONG,2024-08-18 23:30:00,19583.542,19573.22,19540.675,32.54500000000189,HOD,19837.165,2024-08-20 03:35:00,True,2.9113655230994526,19774.376,2024-08-19 18:10:00,17.828027517544168,19809.954,2024-08-19 23:35:00,7,23:30–23:45
2024-08-19,ODR,SHORT,2024-08-19 04:00:00,19466.209,19510.721,19478.309,32.41200000000026,LOD,19650.82,2024-08-20 10:40:00,False,,,,,,,0,04:00–04:15
2024-08-19,RDR,LONG,2024-08-19 10:50:00,19563.042,19531.209,19444.521,86.68799999999828,HOD,19837.165,2024-08-20 03:35:00,True,2.420555459692548,19774.376,2024-08-19 18:10:00,15.233641622502487,19809.954,2024-08-19 23:35:00,7,10:45–11:00
2024-08-20,ADR,SHORT,2024-08-19 21:05:00,19758.554,19775.164,19766.619,8.545000000001892,LOD,19685.41,2024-08-21 12:00:00,True,26.23827877811508,19715.331,2024-08-20 18:20:00,100.0,19767.199,2024-08-21 07:00:00,11,21:00–21:15
2024-08-20,ODR,SHORT,2024-08-20 04:25:00,19785.289,19831.589,19796.909,34.68000000000029,LOD,19685.41,2024-08-21 12:00:00,True,18.27653222736346,19715.331,2024-08-20 18:20:00,100.0,19799.175,2024-08-21 09:55:00,7,04:15–04:30
2024-08-20,RDR,SHORT,2024-08-20 10:35:00,19670.031,19826.087,19726.797,99.29000000000087,LOD,19685.41,2024-08-21 12:00:00,True,61.40693369235717,19715.331,2024-08-20 18:20:00,100.0,19730.109,2024-08-20 20:15:00,17,10:30–10:45
2024-08-21,ADR,LONG,2024-08-20 20:45:00,19732.521,19728.053,19697.976,30.07700000000113,HOD,19937.008,2024-08-22 09:30:00,True,5.359346583530062,19844.62,2024-08-21 18:25:00,60.90257474299815,19848.465,2024-08-21 23:10:00,8,20:45–21:00
2024-08-21,ODR,SHORT,2024-08-21 05:00:00,19700.587,19739.332,19720.653,18.679000000000087,LOD,19457.565,2024-08-22 15:55:00,True,47.344898434687856,19646.076,2024-08-22 11:55:00,100.0,19736.089,2024-08-22 12:25:00,6,05:00–05:15
2024-08-21,RDR,LONG,2024-08-21 10:35:00,19845.397,19812.642,19730.089,82.55299999999988,HOD,19937.008,2024-08-22 09:30:00,True,17.110345006356106,19844.62,2024-08-21 18:25:00,100.0,19799.91,2024-08-21 22:15:00,20,10:30–10:45
2024-08-22,ADR,SHORT,2024-08-21 21:30:00,19835.731,19851.687,19838.032,13.655000000002474,LOD,19517.053,2024-08-23 12:45:00,True,2.654626356047681,19548.375,2024-08-22 18:15:00,95.0889916519924,19602.389,2024-08-23 10:25:00,1,21:30–21:45
2024-08-22,ODR,LONG,2024-08-22 05:15:00,19846.132,19834.653,19813.932,20.72099999999773,HOD,19823.419,2024-08-23 10:25:00,False,,,,,,,0,05:15–05:30
2024-08-22,RDR,SHORT,2024-08-22 10:45:00,19776.653,19912.564,19806.889,105.67499999999929,LOD,19517.053,2024-08-23 12:45:00,True,2.96494540431632,19548.375,2024-08-22 18:15:00,100.0,19817.243,2024-08-23 10:10:00,3,10:45–11:00
2024-08-26,ADR,LONG,2024-08-25 20:35:00,19720.699,19708.386,19658.889,49.49699999999939,HOD,19621.397,2024-08-27 11:00:00,False,,,,,,,0,20:30–20:45
2024-08-26,ODR,LONG,2024-08-26 04:05:00,19768.465,19757.975,19714.81,43.16499999999724,HOD,19621.397,2024-08-27 11:00:00,False,,,,,,,0,04:00–04:15
2024-08-26,RDR,SHORT,2024-08-26 10:30:00,19481.92,19719.586,19544.565,175.02100000000064,LOD,19371.354,2024-08-27 09:45:00,True,19.417344672287985,19478.899,2024-08-26 18:10:00,100.0,19545.51,2024-08-27 01:10:00,18,10:30–10:45
2024-08-27,ADR,SHORT,2024-08-26 20:50:00,19489.509,19510.854,19492.889,17.965000000000146,LOD,19212.808,2024-08-28 14:00:00,True,100.0,19514.875,2024-08-27 19:30:00,100.0,19517.099,2024-08-27 19:30:00,7,20:45–21:00
2024-08-27,ODR,LONG,2024-08-27 04:00:00,19559.197,19545.575,19515.697,29.87800000000061,HOD,19619.699,2024-08-28 05:00:00,True,100.0,19530.342,2024-08-27 18:10:00,100.0,19514.065,2024-08-27 18:10:00,12,04:00–04:15
2024-08-27,RDR,LONG,2024-08-27 10:30:00,19566.543,19557.642,19399.898,157.74399999999878,HOD,19619.699,2024-08-28 05:00:00,True,100.0,19530.342,2024-08-27 18:10:00,100.0,19514.065,2024-08-27 18:10:00,12,10:30–10:45
2024-08-28,ADR,LONG,2024-08-27 20:45:00,19532.875,19529.619,19505.897,23.721999999997934,HOD,19628.354,2024-08-29 10:50:00,True,100.0,19469.721,2024-08-29 09:40:00,100.0,19474.565,2024-08-29 09:40:00,5,20:45–21:00
2024-08-28,ODR,LONG,2024-08-28 04:30:00,19592.976,19581.62,19560.143,21.476999999998952,HOD,19628.354,2024-08-29 10:50:00,True,100.0,19515.853,2024-08-29 10:05:00,100.0,19518.798,2024-08-29 10:05:00,1,04:30–04:45
2024-08-28,RDR,SHORT,2024-08-28 10:40:00,19437.165,19559.932,19474.621,85.31100000000151,LOD,19076.886,2024-08-28 18:45:00,True,18.410056720186287,19199.299,2024-08-28 18:05:00,18.410056720186287,19151.599,2024-08-28 18:05:00,1,10:30–10:45
2024-08-29,ADR,LONG,2024-08-28 20:40:00,19187.632,19176.798,19118.554,58.24399999999878,HOD,19579.909,2024-08-30 15:55:00,True,9.456280504322692,19367.321,2024-08-29 18:25:00,64.08270742686581,19534.143,2024-08-30 12:35:00,17,20:30–20:45
2024-08-29,ODR,LONG,2024-08-29 04:10:00,19348.619,19327.789,19276.287,51.50200000000041,HOD,19579.909,2024-08-30 15:55:00,True,33.481406696956,19367.321,2024-08-29 18:25:00,100.0,19320.02,2024-08-30 12:35:00,21,04:00–04:15
2024-08-29,RDR,SHORT,2024-08-29 14:30:00,19399.219,19578.698,19432.121,146.57700000000114,LOD,19320.02,2024-08-30 12:35:00,True,32.056790123457226,19377.087,2024-08-29 18:10:00,100.0,19433.775,2024-08-30 03:15:00,7,14:30–14:45
2024-09-02,ADR,LONG,2024-09-01 20:45:00,19557.253,19548.398,19534.875,13.523000000001048,HOD,19633.575,2024-09-02 18:10:00,True,10.41749743217867,19622.532,2024-09-02 18:05:00,10.41749743217867,19623.908,2024-09-02 18:05:00,1,20:45–21:00
2024-09-02,ODR,LONG,2024-09-02 04:20:00,19516.543,19509.521,19467.064,42.45700000000216,HOD,19633.575,2024-09-02 18:10:00,True,7.0877729544851205,19622.532,2024-09-02 18:05:00,7.0877729544851205,19623.908,2024-09-02 18:05:00,1,04:15–04:30
2024-09-02,RDR,LONG,2024-09-02 10:35:00,19600.887,19590.875,19544.575,46.29999999999927,HOD,19633.575,2024-09-02 18:10:00,True,21.403743979342373,19622.532,2024-09-02 18:05:00,21.403743979342373,19623.908,2024-09-02 18:05:00,1,10:30–10:45
2024-09-03,ADR,LONG,2024-09-02 21:10:00,19552.321,19546.554,19514.22,32.33399999999892,HOD,19069.699,2024-09-04 11:05:00,False,,,,,,,0,21:00–21:15
2024-09-03,ODR,SHORT,2024-09-03 04:35:00,19517.499,19591.789,19521.608,70.1810000000005,LOD,18778.431,2024-09-03 21:15:00,True,5.615217667196502,18934.075,2024-09-03 18:10:00,8.708292417193997,18851.02,2024-09-03 20:50:00,4,04:30–04:45
2024-09-03,RDR,SHORT,2024-09-03 10:30:00,19213.065,19428.754,19246.187,182.5669999999991,LOD,18778.431,2024-09-03 21:15:00,True,10.071283271770003,18934.075,2024-09-03 18:10:00,14.84501506918006,18923.298,2024-09-03 18:25:00,4,10:30–10:45
2024-09-04,ADR,SHORT,2024-09-03 20:35:00,18851.732,18929.51,18899.676,29.833999999998923,LOD,18783.353,2024-09-05 08:20:00,True,100.0,18904.331,2024-09-04 19:30:00,100.0,18897.919,2024-09-04 19:30:00,17,20:30–20:45
2024-09-04,ODR,LONG,2024-09-04 04:30:00,18873.764,18866.076,18795.92,70.15600000000268,HOD,19108.542,2024-09-05 10:25:00,True,26.58207794452169,18917.053,2024-09-04 18:15:00,100.0,18846.497,2024-09-04 19:40:00,28,04:30–04:45
2024-09-04,RDR,LONG,2024-09-04 10:30:00,18992.553,18946.421,18830.621,115.79999999999929,HOD,19108.542,2024-09-05 10:25:00,True,100.0,18939.92,2024-09-04 20:55:00,100.0,18942.331,2024-09-04 20:55:00,8,10:30–10:45
2024-09-05,ADR,LONG,2024-09-04 20:45:00,18948.608,18939.387,18859.642,79.74499999999898,HOD,18936.243,2024-09-06 09:20:00,False,,,,,,,0,20:45–21:00
2024-09-05,ODR,SHORT,2024-09-05 08:15:00,18806.431,18953.921,18852.897,101.0239999999976,LOD,18396.819,2024-09-06 16:10:00,True,71.09837487273975,18845.232,2024-09-05 20:25:00,100.0,18854.099,2024-09-05 22:05:00,26,08:15–08:30
2024-09-05,RDR,SHORT,2024-09-05 11:25:00,18827.676,19088.532,18841.487,247.04499999999825,LOD,18396.819,2024-09-06 16:10:00,True,100.0,18845.232,2024-09-05 20:25:00,100.0,18846.899,2024-09-05 20:25:00,24,11:15–11:30
2024-09-09,ODR,LONG,2024-09-09 05:05:00,18590.599,18587.143,18542.153,44.9900000000016,HOD,18846.587,2024-09-10 15:30:00,True,21.366553737720192,18679.52,2024-09-09 18:10:00,100.0,18581.432,2024-09-10 00:35:00,24,05:00–05:15
2024-09-09,RDR,SHORT,2024-09-09 10:30:00,18549.809,18664.175,18588.254,75.92099999999846,LOD,18551.889,2024-09-10 05:10:00,True,100.0,18592.765,2024-09-10 00:40:00,100.0,18595.789,2024-09-10 00:40:00,6,10:30–10:45
2024-09-10,ADR,SHORT,2024-09-10 00:30:00,18606.021,18692.564,18615.231,77.33299999999872,LOD,18525.286,2024-09-11 10:55:00,False,,,,,,,0,00:30–00:45
2024-09-10,ODR,SHORT,2024-09-10 05:05:00,18557.198,18649.597,18584.786,64.81100000000151,LOD,18525.286,2024-09-11 10:55:00,False,,,,,,,0,05:00–05:15
2024-09-10,RDR,SHORT,2024-09-10 11:50:00,18641.789,18768.075,18681.91,86.16500000000087,LOD,18525.286,2024-09-11 10:55:00,True,100.0,18704.421,2024-09-11 01:30:00,100.0,18705.019,2024-09-11 01:30:00,2,11:45–12:00
2024-09-11,ADR,SHORT,2024-09-10 21:30:00,18742.732,18827.109,18785.653,41.45600000000195,LOD,19159.31,2024-09-12 09:50:00,False,,,,,,,0,21:30–21:45
2024-09-11,ODR,SHORT,2024-09-11 04:35:00,18756.943,18793.653,18760.575,33.0779999999977,LOD,19159.31,2024-09-12 09:50:00,False,,,,,,,0,04:30–04:45
2024-09-11,RDR,SHORT,2024-09-11 10:30:00,18589.597,18874.489,18632.108,242.3810000000012,LOD,19159.31,2024-09-12 09:50:00,False,,,,,,,0,10:30–10:45
2024-09-12,ADR,LONG,2024-09-11 20:30:00,19254.343,19244.808,19209.842,34.96600000000035,HOD,19557.565,2024-09-13 13:50:00,True,5.478707609906793,19413.52,2024-09-12 18:35:00,42.7611568980287,19496.865,2024-09-13 10:30:00,15,20:30–20:45
2024-09-12,ODR,SHORT,2024-09-12 04:00:00,19243.631,19303.854,19254.489,49.36499999999796,LOD,19382.119,2024-09-13 09:30:00,False,,,,,,,0,04:00–04:15
2024-09-12,RDR,LONG,2024-09-12 10:30:00,19336.41,19314.92,19182.354,132.5659999999989,HOD,19557.565,2024-09-13 13:50:00,True,9.022965703686657,19413.52,2024-09-12 18:35:00,57.96520089862936,19496.865,2024-09-13 10:30:00,15,10:30–10:45
2024-09-16,ADR,SHORT,2024-09-15 20:50:00,19496.481,19522.775,19500.645,22.13000000000102,LOD,19326.008,2024-09-17 13:45:00,True,16.36492125454275,19426.086,2024-09-16 18:05:00,100.0,19503.419,2024-09-17 04:10:00,14,20:45–21:00
2024-09-16,ODR,LONG,2024-09-16 04:00:00,19517.536,19500.297,19472.318,27.97899999999936,HOD,19603.775,2024-09-17 10:45:00,True,100.0,19486.953,2024-09-17 04:15:00,100.0,19488.508,2024-09-17 04:15:00,9,04:00–04:15
2024-09-16,RDR,SHORT,2024-09-16 10:30:00,19296.309,19440.532,19328.297,112.23500000000058,LOD,19326.008,2024-09-17 13:45:00,False,,,,,,,0,10:30–10:45
2024-09-17,ADR,SHORT,2024-09-16 20:35:00,19411.299,19436.754,19417.264,19.4900000000016,LOD,19322.565,2024-09-18 15:50:00,True,100.0,19435.686,2024-09-18 04:20:00,100.0,19425.142,2024-09-18 04:20:00,11,20:30–20:45
2024-09-17,ODR,LONG,2024-09-17 05:00:00,19502.054,19494.109,19445.942,48.16700000000128,HOD,19652.097,2024-09-18 14:00:00,False,,,,,,,0,05:00–05:15
2024-09-17,RDR,LONG,2024-09-17 10:45:00,19592.298,19555.819,19482.519,73.29999999999927,HOD,19652.097,2024-09-18 14:00:00,False,,,,,,,0,10:45–11:00
2024-09-18,ADR,LONG,2024-09-17 21:05:00,19462.487,19460.076,19442.897,17.179000000000087,HOD,19956.143,2024-09-19 13:50:00,True,57.5237099023703,19520.987,2024-09-18 20:05:00,100.0,19437.264,2024-09-18 21:10:00,21,21:00–21:15
2024-09-18,ODR,SHORT,2024-09-18 04:05:00,19420.154,19475.953,19441.586,34.36700000000201,LOD,19401.608,2024-09-18 19:30:00,True,83.5437638628218,19435.799,2024-09-18 18:15:00,100.0,19443.731,2024-09-18 18:25:00,4,04:00–04:15
2024-09-18,RDR,SHORT,2024-09-18 11:20:00,19396.564,19478.886,19411.909,66.97699999999895,LOD,19401.608,2024-09-18 19:30:00,True,100.0,19435.799,2024-09-18 18:15:00,100.0,19437.076,2024-09-18 18:15:00,2,11:15–11:30
2024-09-19,ADR,LONG,2024-09-18 23:30:00,19608.786,19546.019,19408.276,137.74299999999857,HOD,19852.708,2024-09-20 15:35:00,True,6.68092356909377,19814.386,2024-09-19 18:15:00,73.37326142683462,19808.721,2024-09-20 11:15:00,3,23:30–23:45
2024-09-19,ODR,LONG,2024-09-19 05:00:00,19705.854,19701.109,19648.486,52.62299999999959,HOD,19852.708,2024-09-20 15:35:00,True,14.501471809193172,19814.386,2024-09-19 18:15:00,100.0,19699.543,2024-09-20 10:50:00,9,05:00–05:15
2024-09-19,RDR,LONG,2024-09-19 10:30:00,19902.508,19884.076,19755.009,129.06700000000274,HOD,19852.708,2024-09-20 15:35:00,False,,,,,,,0,10:30–10:45
2024-09-23,ADR,LONG,2024-09-22 20:30:00,19869.887,19853.021,19799.309,53.711999999999534,HOD,19992.908,2024-09-24 11:55:00,True,81.70357751278917,19856.243,2024-09-23 21:20:00,100.0,19848.643,2024-09-23 21:25:00,14,20:30–20:45
2024-09-23,RDR,LONG,2024-09-23 11:50:00,19891.575,19874.354,19819.853,54.50100000000021,HOD,19992.908,2024-09-24 11:55:00,True,100.0,19867.031,2024-09-24 01:15:00,100.0,19862.72,2024-09-24 01:15:00,13,11:45–12:00
2024-09-24,ADR,LONG,2024-09-23 21:10:00,19861.731,19844.665,19825.864,18.80099999999948,HOD,20044.409,2024-09-25 10:15:00,True,4.935614869319308,19954.221,2024-09-24 18:15:00,100.0,19843.776,2024-09-25 02:30:00,12,21:00–21:15
2024-09-24,ODR,LONG,2024-09-24 04:10:00,19932.808,19928.075,19874.72,53.35499999999956,HOD,20044.409,2024-09-25 10:15:00,True,17.8676886347882,19954.221,2024-09-24 18:15:00,100.0,19926.219,2024-09-24 20:10:00,8,04:00–04:15
2024-09-24,RDR,LONG,2024-09-24 11:45:00,19942.489,19909.099,19763.808,145.29099999999744,HOD,20044.409,2024-09-25 10:15:00,True,11.194646723082338,19954.221,2024-09-24 18:15:00,100.0,19894.321,2024-09-24 21:15:00,14,11:45–12:00
2024-09-25,ADR,SHORT,2024-09-24 20:55:00,19915.389,19959.376,19924.164,35.211999999999534,LOD,19961.886,2024-09-26 11:00:00,False,,,,,,,0,20:45–21:00
2024-09-25,ODR,LONG,2024-09-25 06:00:00,19894.899,19883.754,19845.721,38.03299999999945,HOD,20313.799,2024-09-26 09:10:00,True,4.349582850089343,20011.586,2024-09-25 18:10:00,13.485543992886504,20086.087,2024-09-25 21:25:00,19,06:00–06:15
2024-09-26,ADR,LONG,2024-09-25 20:30:00,20088.11,20079.599,20027.098,52.500999999996566,HOD,20176.099,2024-09-27 08:45:00,True,11.195324737921313,20153.298,2024-09-26 18:20:00,100.0,20078.287,2024-09-26 21:40:00,26,20:30–20:45
2024-09-26,RDR,SHORT,2024-09-26 10:30:00,20100.021,20280.521,20119.143,161.3780000000006,LOD,19953.289,2024-09-27 14:30:00,True,100.0,20121.02,2024-09-26 19:50:00,100.0,20126.354,2024-09-26 19:50:00,23,10:30–10:45
2024-09-30,ADR,SHORT,2024-09-29 21:00:00,20011.132,20061.998,20025.954,36.04399999999805,LOD,19619.931,2024-10-01 11:15:00,True,39.80866491986731,20016.076,2024-09-30 18:10:00,100.0,20026.231,2024-09-30 18:25:00,13,21:00–21:15
2024-09-30,ODR,SHORT,2024-09-30 04:15:00,19958.689,20022.62,19969.698,52.92199999999866,LOD,19619.931,2024-10-01 11:15:00,True,50.59029889378599,19871.389,2024-10-01 10:00:00,50.59029889378599,19840.509,2024-10-01 10:00:00,3,04:15–04:30
2024-09-30,RDR,SHORT,2024-09-30 14:15:00,19895.109,20034.065,19926.098,107.96699999999691,LOD,19619.931,2024-10-01 11:15:00,True,64.78724568280147,19871.389,2024-10-01 10:00:00,64.78724568280147,19840.509,2024-10-01 10:00:00,3,14:15–14:30
2024-10-01,ADR,LONG,2024-09-30 20:45:00,20063.064,20040.987,20014.454,26.532999999999447,HOD,19882.064,2024-10-02 11:15:00,False,,,,,,,0,20:45–21:00
2024-10-01,ODR,LONG,2024-10-01 06:10:00,20078.242,20074.632,20007.131,67.5010000000002,HOD,19882.064,2024-10-02 11:15:00,False,,,,,,,0,06:00–06:15
2024-10-01,RDR,SHORT,2024-10-01 11:05:00,19642.554,20040.199,19706.22,333.97899999999936,LOD,19627.476,2024-10-02 09:45:00,True,100.0,19717.865,2024-10-01 18:45:00,100.0,19714.442,2024-10-01 18:45:00,17,11:00–11:15
2024-10-02,ADR,LONG,2024-10-01 20:40:00,19755.199,19753.631,19698.709,54.9220000000023,HOD,19911.619,2024-10-03 10:05:00,True,10.64201008678224,19851.965,2024-10-02 18:10:00,100.0,19748.998,2024-10-02 21:40:00,17,20:30–20:45
2024-10-02,ODR,SHORT,2024-10-02 06:00:00,19684.976,19754.543,19706.564,47.979000000003,LOD,19647.942,2024-10-03 03:45:00,True,100.0,19720.299,2024-10-03 03:20:00,100.0,19707.998,2024-10-03 03:20:00,2,06:00–06:15
2024-10-02,RDR,LONG,2024-10-02 10:45:00,19845.853,19799.875,19629.61,170.26499999999942,HOD,19911.619,2024-10-03 10:05:00,True,18.3555116690952,19851.965,2024-10-02 18:10:00,100.0,19779.208,2024-10-02 20:15:00,6,10:45–11:00
2024-10-03,ADR,SHORT,2024-10-02 21:05:00,19771.719,19851.565,19796.576,54.98899999999776,LOD,19744.654,2024-10-03 18:15:00,True,21.89680069965493,19758.175,2024-10-03 18:10:00,21.89680069965493,19754.689,2024-10-03 18:10:00,1,21:00–21:15
2024-10-03,ODR,LONG,2024-10-03 07:55:00,19773.886,19758.976,19662.842,96.1339999999982,HOD,20066.098,2024-10-04 09:15:00,True,100.0,19750.01,2024-10-03 18:10:00,100.0,19744.654,2024-10-03 18:10:00,14,07:45–08:00
2024-10-07,ADR,LONG,2024-10-06 21:30:00,20052.499,20049.021,20008.075,40.94599999999991,HOD,20135.087,2024-10-08 15:50:00,True,100.0,20041.486,2024-10-08 10:50:00,100.0,20037.164,2024-10-08 10:50:00,9,21:30–21:45
2024-10-07,ODR,SHORT,2024-10-07 04:45:00,19935.375,20013.02,19945.297,67.72300000000178,LOD,19713.831,2024-10-07 18:30:00,True,4.66000793755975,19829.989,2024-10-07 18:10:00,4.66000793755975,19829.099,2024-10-07 18:10:00,1,04:45–05:00
2024-10-07,RDR,SHORT,2024-10-07 14:30:00,19876.253,19987.253,19908.742,78.51100000000224,LOD,19713.831,2024-10-07 18:30:00,True,6.678595551555645,19829.989,2024-10-07 18:10:00,6.678595551555645,19829.099,2024-10-07 18:10:00,1,14:30–14:45
2024-10-08,ADR,SHORT,2024-10-07 21:30:00,19772.621,19832.11,19783.189,48.921000000002095,LOD,20003.308,2024-10-09 03:20:00,False,,,,,,,0,21:30–21:45
2024-10-08,ODR,LONG,2024-10-08 05:00:00,19854.689,19831.489,19763.009,68.4800000000032,HOD,20289.52,2024-10-09 15:50:00,True,2.1067935500917465,20090.72,2024-10-08 18:15:00,36.97213581406291,20087.165,2024-10-09 03:20:00,11,05:00–05:15
2024-10-08,RDR,LONG,2024-10-08 10:30:00,20014.719,19997.519,19886.343,111.17599999999948,HOD,20289.52,2024-10-09 15:50:00,True,5.647904434093916,20090.72,2024-10-08 18:15:00,94.56829739721088,20087.165,2024-10-09 03:20:00,11,10:30–10:45
2024-10-09,ADR,LONG,2024-10-08 21:00:00,20089.187,20087.299,20079.489,7.809999999997672,HOD,20318.21,2024-10-10 12:15:00,True,3.0227847214539723,20253.42,2024-10-09 18:25:00,87.88016969299373,20260.319,2024-10-10 09:50:00,9,21:00–21:15
2024-10-09,ODR,LONG,2024-10-09 04:00:00,20052.21,20039.531,20009.097,30.433999999997468,HOD,20318.21,2024-10-10 12:15:00,True,2.3636604326546022,20253.42,2024-10-09 18:25:00,70.60104386195887,20260.319,2024-10-10 09:50:00,9,04:00–04:15
2024-10-09,RDR,LONG,2024-10-09 10:55:00,20168.989,20150.999,20059.153,91.84600000000135,HOD,20318.21,2024-10-10 12:15:00,True,4.812312382088519,20253.42,2024-10-09 18:25:00,100.0,20130.954,2024-10-10 08:40:00,18,10:45–11:00
2024-10-10,ODR,SHORT,2024-10-10 04:45:00,20221.532,20255.31,20229.521,25.78900000000067,LOD,20133.199,2024-10-11 09:40:00,True,100.0,20233.189,2024-10-11 03:05:00,100.0,20232.909,2024-10-11 03:05:00,7,04:45–05:00
2024-10-10,RDR,LONG,2024-10-10 11:10:00,20234.998,20216.464,20120.865,95.59899999999834,HOD,20315.199,2024-10-11 15:15:00,True,11.873544908712708,20245.232,2024-10-10 18:10:00,100.0,20199.32,2024-10-11 03:15:00,16,11:00–11:15
2024-10-14,ADR,SHORT,2024-10-13 21:00:00,20228.987,20268.089,20239.52,28.568999999999505,LOD,20078.409,2024-10-15 15:35:00,True,99.37903004731692,20238.999,2024-10-15 10:45:00,100.0,20270.519,2024-10-15 10:50:00,6,21:00–21:15
2024-10-14,ODR,LONG,2024-10-14 04:10:00,20291.565,20287.589,20254.875,32.71399999999994,HOD,20482.232,2024-10-15 09:35:00,True,9.330869812393592,20447.076,2024-10-14 18:05:00,43.92097782831198,20452.819,2024-10-15 04:35:00,3,04:00–04:15
2024-10-14,RDR,SHORT,2024-10-14 11:40:00,20363.886,20490.819,20373.408,117.41100000000006,LOD,20078.409,2024-10-15 15:35:00,True,38.28476185665978,20238.999,2024-10-15 10:45:00,53.83926644596415,20172.864,2024-10-15 10:55:00,2,11:30–11:45
2024-10-15,ADR,SHORT,2024-10-14 20:30:00,20440.864,20456.054,20441.375,14.679000000000087,LOD,20032.508,2024-10-16 10:00:00,True,2.910372910271873,20150.01,2024-10-15 18:10:00,26.82448125451949,20183.054,2024-10-16 01:50:00,1,20:30–20:45
2024-10-15,ODR,SHORT,2024-10-15 04:15:00,20409.22,20433.689,20412.597,21.091999999996915,LOD,20032.508,2024-10-16 10:00:00,True,3.219065240064994,20150.01,2024-10-15 18:10:00,29.66965328890872,20183.054,2024-10-16 01:50:00,1,04:15–04:30
2024-10-15,RDR,SHORT,2024-10-15 10:30:00,20265.032,20467.808,20339.276,128.53199999999924,LOD,20032.508,2024-10-16 10:00:00,True,4.411111111109465,20150.01,2024-10-15 18:10:00,40.65656565656566,20183.054,2024-10-16 01:50:00,1,10:30–10:45
2024-10-16,ADR,LONG,2024-10-15 20:35:00,20195.587,20191.81,20171.753,20.0570000000007,HOD,20419.921,2024-10-17 09:05:00,True,44.90884424538344,20221.454,2024-10-17 02:25:00,63.42248843008079,20295.089,2024-10-17 03:25:00,8,20:30–20:45
2024-10-16,RDR,LONG,2024-10-16 14:20:00,20201.765,20178.007,20049.565,128.44200000000274,HOD,20419.921,2024-10-17 09:05:00,True,35.74069691770423,20221.454,2024-10-17 02:25:00,56.27561433586565,20295.089,2024-10-17 03:25:00,8,14:15–14:30
2024-10-17,ADR,LONG,2024-10-17 01:30:00,20155.543,20148.843,20116.608,32.23500000000058,HOD,20366.319,2024-10-18 11:30:00,True,3.665560277529874,20242.009,2024-10-17 18:40:00,92.75567326792498,20244.521,2024-10-17 20:30:00,15,01:30–01:45
2024-10-17,ODR,LONG,2024-10-17 04:00:00,20283.353,20281.242,20231.753,49.48899999999776,HOD,20366.319,2024-10-18 11:30:00,True,50.52859853617304,20288.542,2024-10-18 04:10:00,100.0,20270.887,2024-10-18 04:35:00,15,04:00–04:15
2024-10-17,RDR,SHORT,2024-10-17 15:35:00,20191.276,20399.398,20204.253,195.14500000000044,LOD,20156.064,2024-10-17 20:30:00,False,,,,,,,0,15:30–15:45
2024-10-21,ODR,SHORT,2024-10-21 05:20:00,20266.875,20295.786,20273.31,22.47599999999875,LOD,20201.298,2024-10-22 08:45:00,True,100.0,20285.264,2024-10-22 02:45:00,100.0,20289.898,2024-10-22 02:45:00,6,05:15–05:30
2024-10-21,RDR,SHORT,2024-10-21 10:45:00,20262.875,20388.943,20266.864,122.0789999999979,LOD,20201.298,2024-10-22 08:45:00,True,100.0,20274.299,2024-10-22 05:05:00,100.0,20275.253,2024-10-22 05:05:00,4,10:45–11:00
2024-10-22,ADR,SHORT,2024-10-21 20:50:00,20322.821,20360.376,20331.531,28.845000000001164,LOD,19931.864,2024-10-23 14:15:00,True,100.0,20333.519,2024-10-23 04:55:00,100.0,20339.721,2024-10-23 04:55:00,18,20:45–21:00
2024-10-22,ODR,SHORT,2024-10-22 04:30:00,20280.554,20327.409,20288.808,38.60099999999875,LOD,19931.864,2024-10-23 14:15:00,True,100.0,20303.819,2024-10-23 08:45:00,100.0,20299.82,2024-10-23 08:45:00,15,04:30–04:45
2024-10-22,RDR,LONG,2024-10-22 13:35:00,20378.265,20354.487,20241.042,113.44499999999972,HOD,20383.943,2024-10-23 03:20:00,True,100.0,20336.765,2024-10-22 18:15:00,100.0,20332.875,2024-10-22 18:15:00,19,13:30–13:45
2024-10-23,ADR,SHORT,2024-10-22 20:40:00,20347.799,20375.076,20355.586,19.4900000000016,LOD,20113.586,2024-10-24 11:50:00,True,2.8815157158950937,20144.397,2024-10-23 18:10:00,67.70302695905512,20173.654,2024-10-24 08:35:00,4,20:30–20:45
2024-10-23,ODR,SHORT,2024-10-23 04:40:00,20334.087,20376.789,20343.309,33.47999999999956,LOD,20113.586,2024-10-24 11:50:00,True,3.053933657604434,20144.397,2024-10-23 18:10:00,71.45520535206438,20173.654,2024-10-24 08:35:00,4,04:30–04:45
2024-10-23,RDR,SHORT,2024-10-23 11:10:00,20185.232,20285.619,20219.72,65.89899999999761,LOD,20113.586,2024-10-24 11:50:00,True,7.6799568569287855,20144.397,2024-10-23 18:10:00,100.0,20224.608,2024-10-24 03:15:00,15,11:00–11:15
2024-10-24,ADR,LONG,2024-10-23 20:30:00,20155.776,20146.897,20131.843,15.054000000000087,HOD,20556.564,2024-10-25 10:20:00,True,18.661141601531885,20227.965,2024-10-24 20:05:00,39.36151812408942,20255.321,2024-10-25 00:05:00,11,20:30–20:45
2024-10-24,ODR,LONG,2024-10-24 04:10:00,20244.819,20239.565,20171.897,67.66799999999785,HOD,20556.564,2024-10-25 10:20:00,True,100.0,20227.965,2024-10-24 20:05:00,100.0,20231.864,2024-10-24 20:05:00,20,04:00–04:15
2024-10-24,RDR,SHORT,2024-10-24 11:45:00,20120.353,20225.086,20156.609,68.47699999999895,LOD,20220.52,2024-10-25 00:05:00,False,,,,,,,0,11:45–12:00
2024-10-28,ADR,SHORT,2024-10-27 22:35:00,20463.389,20497.919,20471.031,26.88800000000265,LOD,20292.019,2024-10-29 08:35:00,True,14.127327911362457,20354.464,2024-10-28 19:10:00,64.0330481921721,20385.899,2024-10-29 02:30:00,2,22:30–22:45
2024-10-28,ODR,LONG,2024-10-28 04:55:00,20525.853,20519.41,20466.075,53.33499999999913,HOD,20604.153,2024-10-29 14:25:00,True,92.07084600164124,20521.053,2024-10-29 12:05:00,100.0,20515.231,2024-10-29 12:20:00,5,04:45–05:00
2024-10-28,RDR,SHORT,2024-10-28 10:50:00,20389.586,20461.031,20409.376,51.65499999999884,LOD,20292.019,2024-10-29 08:35:00,True,25.883734427512444,20354.464,2024-10-28 19:10:00,100.0,20410.065,2024-10-29 02:00:00,7,10:45–11:00
2024-10-29,ADR,SHORT,2024-10-28 22:45:00,20344.487,20375.187,20356.131,19.05600000000049,LOD,20291.764,2024-10-30 17:25:00,True,100.0,20435.376,2024-10-30 15:05:00,100.0,20407.632,2024-10-30 15:05:00,2,22:45–23:00
2024-10-29,RDR,LONG,2024-10-29 10:45:00,20468.01,20458.889,20399.576,59.31299999999828,HOD,20647.61,2024-10-29 20:55:00,True,16.054545454544378,20588.165,2024-10-29 18:05:00,16.054545454544378,20607.131,2024-10-29 18:05:00,5,10:45–11:00
2024-10-30,ADR,LONG,2024-10-29 20:35:00,20643.61,20633.186,20618.221,14.965000000000146,HOD,20324.989,2024-10-30 20:20:00,False,,,,,,,0,20:30–20:45
2024-10-30,ODR,SHORT,2024-10-30 07:00:00,20569.586,20620.753,20580.71,40.04300000000149,LOD,19877.831,2024-10-31 13:35:00,True,5.678471671437177,20307.187,2024-10-30 18:05:00,29.85363957907786,20230.664,2024-10-31 07:30:00,19,07:00–07:15
2024-10-30,RDR,SHORT,2024-10-30 12:30:00,20461.799,20549.297,20476.365,72.93199999999706,LOD,19877.831,2024-10-31 13:35:00,True,8.870155404131818,20307.187,2024-10-30 18:05:00,39.35245041836376,20230.664,2024-10-31 07:30:00,19,12:30–12:45
2024-10-31,ADR,SHORT,2024-10-30 22:55:00,20283.264,20322.219,20289.842,32.37700000000041,LOD,19892.131,2024-10-31 21:10:00,True,2.6150453881612243,19949.764,2024-10-31 18:10:00,9.437025800816553,19932.798,2024-10-31 19:25:00,2,22:45–23:00
2024-10-31,ODR,LONG,2024-10-31 05:50:00,20197.964,20186.465,20155.143,31.32200000000012,HOD,20165.11,2024-11-01 10:25:00,False,,,,,,,0,05:45–06:00
2024-10-31,RDR,SHORT,2024-10-31 10:45:00,19909.899,20008.989,19927.009,81.9800000000032,LOD,19892.131,2024-10-31 21:10:00,True,100.0,19938.854,2024-10-31 19:05:00,100.0,19944.597,2024-10-31 19:05:00,1,10:45–11:00
2024-11-04,ADR,LONG,2024-11-03 20:30:00,20044.442,20031.089,20004.376,26.71299999999973,HOD,20265.321,2024-11-05 16:10:00,True,50.37096774193285,20040.32,2024-11-05 04:15:00,100.0,20030.11,2024-11-05 04:50:00,10,20:30–20:45
2024-11-04,ODR,LONG,2024-11-04 05:35:00,20090.498,20071.821,20024.008,47.81299999999828,HOD,20265.321,2024-11-05 16:10:00,True,27.905438789859183,20166.665,2024-11-05 10:05:00,68.96127095131418,20178.387,2024-11-05 11:00:00,4,05:30–05:45
2024-11-04,RDR,LONG,2024-11-04 10:45:00,20089.176,20079.021,19921.453,157.5679999999993,HOD,20265.321,2024-11-05 16:10:00,True,29.521129025772552,20166.665,2024-11-05 10:05:00,72.95404286116512,20178.387,2024-11-05 11:00:00,4,10:45–11:00
2024-11-05,ADR,SHORT,2024-11-04 20:30:00,19929.889,19967.108,19939.509,27.59900000000198,LOD,20205.51,2024-11-05 19:10:00,False,,,,,,,0,20:30–20:45
2024-11-05,ODR,LONG,2024-11-05 04:00:00,20032.189,20029.42,19989.042,40.37799999999697,HOD,20804.22,2024-11-06 15:50:00,True,6.615550286779513,20231.475,2024-11-05 18:10:00,35.12543418744685,20501.565,2024-11-06 00:10:00,17,04:00–04:15
2024-11-05,RDR,LONG,2024-11-05 11:30:00,20209.831,20189.186,20034.842,154.34400000000096,HOD,20804.22,2024-11-06 15:50:00,True,25.28841227497189,20231.475,2024-11-05 18:10:00,71.16053919404072,20233.197,2024-11-05 19:10:00,17,11:30–11:45
2024-11-06,ADR,LONG,2024-11-05 21:05:00,20307.208,20297.162,20252.131,45.03099999999904,HOD,21132.953,2024-11-07 15:15:00,True,2.121220038143833,20784.198,2024-11-06 18:05:00,11.617975405503971,20777.132,2024-11-06 19:45:00,19,21:00–21:15
2024-11-06,ODR,SHORT,2024-11-06 06:45:00,20518.299,20585.564,20537.709,47.85499999999956,LOD,20736.943,2024-11-06 19:45:00,False,,,,,,,0,06:45–07:00
2024-11-06,RDR,LONG,2024-11-06 11:35:00,20683.975,20673.854,20537.087,136.76699999999985,HOD,21132.953,2024-11-07 15:15:00,True,8.730427877815517,20784.198,2024-11-06 18:05:00,47.81677267802109,20777.132,2024-11-06 19:45:00,19,11:30–11:45
2024-11-07,ADR,LONG,2024-11-06 20:30:00,20780.389,20762.865,20738.21,24.65500000000248,HOD,21153.898,2024-11-08 14:40:00,True,2.4398579223949226,21111.143,2024-11-07 19:05:00,36.77790971397664,21132.075,2024-11-08 06:05:00,6,20:30–20:45
2024-11-07,ODR,LONG,2024-11-07 07:10:00,20839.476,20834.387,20797.187,37.19999999999709,HOD,21153.898,2024-11-08 14:40:00,True,3.051151450610271,21111.143,2024-11-07 19:05:00,45.19523075052339,21132.075,2024-11-08 06:05:00,6,07:00–07:15
2024-11-07,RDR,LONG,2024-11-07 10:45:00,21031.286,20997.431,20882.264,115.16700000000128,HOD,21153.898,2024-11-08 14:40:00,True,7.114734279785677,21111.143,2024-11-07 19:05:00,94.4987889574342,21132.075,2024-11-08 06:05:00,6,10:45–11:00
2024-11-11,ODR,SHORT,2024-11-11 05:25:00,21173.021,21213.297,21181.287,32.0099999999984,LOD,20945.797,2024-11-12 13:00:00,True,14.816569414755376,21107.565,2024-11-11 18:05:00,76.71610103343822,21035.687,2024-11-12 09:55:00,9,05:15–05:30
2024-11-11,RDR,SHORT,2024-11-11 13:00:00,21021.52,21173.708,21052.364,121.34399999999732,LOD,20945.797,2024-11-12 13:00:00,True,100.0,21070.399,2024-11-12 05:05:00,100.0,21070.332,2024-11-12 05:05:00,7,13:00–13:15
2024-11-12,ADR,LONG,2024-11-11 20:35:00,21133.609,21128.989,21094.01,34.979000000003,HOD,21157.854,2024-11-13 13:55:00,True,100.0,21091.209,2024-11-13 08:45:00,100.0,21080.52,2024-11-13 08:45:00,1,20:30–20:45
2024-11-12,ODR,SHORT,2024-11-12 04:05:00,21085.889,21123.789,21088.586,35.20300000000134,LOD,20950.187,2024-11-13 10:05:00,True,32.87201881088449,21058.61,2024-11-12 18:15:00,100.0,21112.954,2024-11-13 08:30:00,12,04:00–04:15
2024-11-12,RDR,SHORT,2024-11-12 11:05:00,21072.319,21128.753,21085.541,43.211999999999534,LOD,20950.187,2024-11-13 10:05:00,True,35.27757750540707,21058.61,2024-11-12 18:15:00,100.0,21112.954,2024-11-13 08:30:00,12,11:00–11:15
2024-11-13,ADR,SHORT,2024-11-12 21:30:00,21027.476,21044.887,21033.443,11.443999999999503,LOD,20841.131,2024-11-14 16:10:00,True,100.0,21045.897,2024-11-13 19:25:00,100.0,21045.489,2024-11-13 19:25:00,17,21:30–21:45
2024-11-13,RDR,LONG,2024-11-13 12:10:00,21086.053,21070.476,20983.089,87.3869999999988,HOD,21079.01,2024-11-14 04:10:00,False,,,,,,,0,12:00–12:15
2024-11-14,ADR,SHORT,2024-11-13 21:05:00,21017.353,21046.342,21020.708,25.63400000000184,LOD,20311.231,2024-11-15 13:55:00,True,5.645105865559963,20842.231,2024-11-14 18:20:00,21.69492138189471,20698.787,2024-11-15 07:55:00,18,21:00–21:15
2024-11-14,ODR,LONG,2024-11-14 04:00:00,21073.642,21055.089,21018.34,36.7489999999998,HOD,20875.131,2024-11-14 18:00:00,False,,,,,,,0,04:00–04:15
2024-11-18,ADR,LONG,2024-11-17 22:00:00,20544.253,20533.41,20496.02,37.38999999999942,HOD,20700.676,2024-11-19 13:55:00,True,100.0,20509.199,2024-11-18 18:05:00,100.0,20507.875,2024-11-18 18:05:00,17,22:00–22:15
2024-11-18,ODR,SHORT,2024-11-18 04:30:00,20475.587,20547.798,20499.032,48.76599999999962,LOD,20287.119,2024-11-19 09:00:00,True,100.0,20528.721,2024-11-19 03:45:00,100.0,20537.089,2024-11-19 03:45:00,7,04:30–04:45
2024-11-18,RDR,LONG,2024-11-18 10:30:00,20596.698,20557.92,20421.208,136.7119999999995,HOD,20700.676,2024-11-19 13:55:00,True,100.0,20550.309,2024-11-18 21:40:00,100.0,20550.22,2024-11-18 21:40:00,14,10:30–10:45
2024-11-19,ADR,LONG,2024-11-18 21:30:00,20553.753,20548.008,20517.309,30.699000000000524,HOD,20752.832,2024-11-20 03:20:00,True,9.30647296472316,20680.231,2024-11-19 18:30:00,31.43628812393276,20734.521,2024-11-19 22:50:00,5,21:30–21:45
2024-11-19,ODR,SHORT,2024-11-19 04:25:00,20426.699,20590.297,20471.087,119.20999999999913,LOD,20388.398,2024-11-20 10:20:00,False,,,,,,,0,04:15–04:30
2024-11-19,RDR,LONG,2024-11-19 10:30:00,20522.843,20512.731,20425.019,87.71199999999953,HOD,20752.832,2024-11-20 03:20:00,True,7.493317427706361,20680.231,2024-11-19 18:30:00,26.646134973564568,20734.521,2024-11-19 22:50:00,5,10:30–10:45
2024-11-20,ADR,SHORT,2024-11-19 20:45:00,20704.665,20738.821,20716.586,22.235000000000586,LOD,20431.887,2024-11-21 10:30:00,True,21.113620292432344,20647.42,2024-11-20 18:05:00,100.0,20722.419,2024-11-21 07:15:00,12,20:45–21:00
2024-11-20,ODR,SHORT,2024-11-20 04:45:00,20699.165,20743.521,20705.198,38.32300000000032,LOD,20431.887,2024-11-21 10:30:00,True,24.26530344737003,20647.42,2024-11-20 18:05:00,100.0,20722.419,2024-11-21 07:15:00,12,04:45–05:00
2024-11-20,RDR,LONG,2024-11-20 15:55:00,20669.786,20661.575,20420.398,241.17699999999968,HOD,20821.208,2024-11-21 09:30:00,True,80.11027649034749,20664.064,2024-11-20 18:35:00,100.0,20637.442,2024-11-20 19:00:00,6,15:45–16:00
2024-11-21,ODR,SHORT,2024-11-21 04:05:00,20544.61,20600.497,20553.354,47.14300000000003,LOD,20612.798,2024-11-22 05:10:00,False,,,,,,,0,04:00–04:15
2024-11-25,ADR,LONG,2024-11-24 22:15:00,20888.786,20886.965,20868.631,18.333999999998923,HOD,20952.208,2024-11-26 09:50:00,True,100.0,20870.565,2024-11-26 09:20:00,100.0,20851.198,2024-11-26 09:20:00,2,22:15–22:30
2024-11-25,ODR,LONG,2024-11-25 04:40:00,20888.619,20884.064,20867.553,16.510999999998603,HOD,20952.208,2024-11-26 09:50:00,True,100.0,20870.565,2024-11-26 09:20:00,100.0,20851.198,2024-11-26 09:20:00,2,04:30–04:45
2024-11-25,RDR,SHORT,2024-11-25 12:10:00,20768.932,20985.454,20814.765,170.68900000000212,LOD,20682.031,2024-11-25 20:00:00,True,44.10080183276096,20765.965,2024-11-25 18:55:00,44.10080183276096,20741.098,2024-11-25 18:55:00,2,12:00–12:15
2024-11-26,ADR,LONG,2024-11-25 20:30:00,20757.72,20751.109,20693.153,57.95600000000195,HOD,20943.643,2024-11-26 21:25:00,True,6.767782426776575,20911.543,2024-11-26 18:15:00,15.097629009762814,20921.642,2024-11-26 19:45:00,1,20:30–20:45
2024-11-26,ODR,LONG,2024-11-26 05:00:00,20822.554,20817.009,20788.476,28.532999999999447,HOD,20943.643,2024-11-26 21:25:00,True,10.968167263135214,20911.543,2024-11-26 18:15:00,24.46788472405301,20921.642,2024-11-26 19:45:00,1,05:00–05:15
2024-11-26,RDR,SHORT,2024-11-26 14:20:00,20832.132,20943.976,20848.489,95.48699999999737,LOD,20611.389,2024-11-27 12:05:00,True,100.0,20874.875,2024-11-27 04:00:00,100.0,20878.053,2024-11-27 04:00:00,16,14:15–14:30
2024-11-27,ADR,LONG,2024-11-26 20:40:00,20921.086,20916.219,20900.687,15.531999999999243,HOD,20844.399,2024-11-28 11:10:00,False,,,,,,,0,20:30–20:45
2024-11-27,ODR,SHORT,2024-11-27 04:25:00,20843.408,20903.519,20852.831,50.68800000000192,LOD,20746.565,2024-11-27 18:00:00,False,,,,,,,0,04:15–04:30
2024-11-27,RDR,SHORT,2024-11-27 10:35:00,20667.408,20861.875,20705.108,156.76699999999985,LOD,20746.565,2024-11-27 18:00:00,False,,,,,,,0,10:30–10:45
2024-11-28,ADR,LONG,2024-11-27 20:45:00,20789.932,20787.531,20779.409,8.121999999999389,HOD,20957.389,2024-11-29 12:50:00,True,34.5756906575347,20816.565,2024-11-28 18:05:00,100.0,20784.898,2024-11-28 19:45:00,17,20:45–21:00
2024-11-28,ODR,LONG,2024-11-28 07:55:00,20807.299,20799.676,20782.187,17.48899999999776,HOD,20957.389,2024-11-29 12:50:00,True,47.60338783234845,20816.565,2024-11-28 18:05:00,100.0,20797.331,2024-11-28 19:30:00,16,07:45–08:00
2024-11-28,RDR,LONG,2024-11-28 10:45:00,20838.621,20834.554,20808.321,26.23300000000017,HOD,20957.389,2024-11-29 12:50:00,True,100.0,20825.597,2024-11-28 21:15:00,100.0,20826.153,2024-11-28 21:15:00,23,10:45–11:00
2024-12-02,ADR,SHORT,2024-12-02 01:40:00,20883.375,20913.297,20889.71,23.58699999999953,LOD,21077.119,2024-12-03 09:30:00,False,,,,,,,0,01:30–01:45
2024-12-02,ODR,SHORT,2024-12-02 05:00:00,20890.021,20912.665,20895.775,16.889999999999418,LOD,21077.119,2024-12-03 09:30:00,False,,,,,,,0,05:00–05:15
2024-12-02,RDR,LONG,2024-12-02 10:30:00,21136.753,21131.754,20985.297,146.45700000000215,HOD,21257.131,2024-12-03 16:10:00,True,32.82073622304627,21147.175,2024-12-02 18:05:00,100.0,21130.799,2024-12-03 06:00:00,20,10:30–10:45
2024-12-03,ADR,LONG,2024-12-02 20:40:00,21164.943,21161.053,21145.997,15.056000000000497,HOD,21496.82,2024-12-04 15:50:00,True,12.913194740686562,21252.92,2024-12-03 18:05:00,27.704238037396813,21384.865,2024-12-04 09:35:00,23,20:30–20:45
2024-12-03,ODR,SHORT,2024-12-03 05:30:00,21147.987,21183.199,21155.176,28.023000000001048,LOD,21252.92,2024-12-03 18:00:00,False,,,,,,,0,05:30–05:45
2024-12-03,RDR,LONG,2024-12-03 11:25:00,21195.842,21159.32,21101.387,57.9330000000009,HOD,21496.82,2024-12-04 15:50:00,True,12.7044822890851,21252.92,2024-12-03 18:05:00,27.507291440196838,21384.865,2024-12-04 09:35:00,23,11:15–11:30
2024-12-04,ADR,LONG,2024-12-03 21:55:00,21282.654,21279.175,21264.486,14.688999999998488,HOD,21515.789,2024-12-05 12:50:00,True,3.590682086277349,21454.075,2024-12-04 18:05:00,28.392675205588624,21487.986,2024-12-05 10:50:00,8,21:45–22:00
2024-12-04,ODR,LONG,2024-12-04 04:10:00,21344.032,21332.032,21295.042,36.98999999999796,HOD,21515.789,2024-12-05 12:50:00,True,5.0670130759112135,21454.075,2024-12-04 18:05:00,37.379265744105616,21487.986,2024-12-05 10:50:00,8,04:00–04:15
2024-12-04,RDR,LONG,2024-12-04 10:30:00,21424.553,21404.532,21336.398,68.1339999999982,HOD,21515.789,2024-12-05 12:50:00,True,11.62031503647918,21454.075,2024-12-04 18:05:00,66.05678366966741,21487.986,2024-12-05 10:50:00,8,10:30–10:45
2024-12-05,ADR,LONG,2024-12-04 20:30:00,21461.642,21459.853,21445.053,14.799999999999272,HOD,21624.41,2024-12-06 13:20:00,True,100.0,21448.164,2024-12-06 08:40:00,100.0,21445.653,2024-12-06 08:40:00,4,20:30–20:45
2024-12-05,ODR,LONG,2024-12-05 05:00:00,21458.086,21454.719,21441.643,13.076000000000931,HOD,21624.41,2024-12-06 13:20:00,True,100.0,21448.164,2024-12-06 08:40:00,100.0,21445.653,2024-12-06 08:40:00,4,05:00–05:15
2024-12-05,RDR,LONG,2024-12-05 12:10:00,21507.92,21489.432,21455.064,34.36800000000221,HOD,21624.41,2024-12-06 13:20:00,True,32.40227145414881,21550.975,2024-12-06 10:05:00,64.75676442175599,21588.775,2024-12-06 11:10:00,2,12:00–12:15
2024-12-09,ADR,LONG,2024-12-09 01:40:00,21610.686,21608.965,21585.91,23.05500000000029,HOD,21569.487,2024-12-10 10:15:00,False,,,,,,,0,01:30–01:45
2024-12-09,ODR,SHORT,2024-12-09 04:05:00,21624.031,21660.319,21640.21,20.10900000000038,LOD,21312.397,2024-12-10 15:30:00,True,1.9029982108151224,21436.799,2024-12-09 18:05:00,69.35174230900955,21421.464,2024-12-10 10:15:00,12,04:00–04:15
2024-12-09,RDR,SHORT,2024-12-09 10:35:00,21488.986,21601.942,21514.621,87.32099999999991,LOD,21312.397,2024-12-10 15:30:00,True,4.825848742784355,21436.799,2024-12-09 18:05:00,100.0,21537.643,2024-12-10 09:40:00,16,10:30–10:45
2024-12-10,ADR,SHORT,2024-12-09 20:35:00,21425.689,21445.343,21427.31,18.032999999999447,LOD,21364.864,2024-12-11 02:35:00,True,16.260162601623986,21384.565,2024-12-10 18:30:00,68.97615097122053,21379.409,2024-12-11 02:00:00,3,20:30–20:45
2024-12-10,ODR,LONG,2024-12-10 05:00:00,21430.531,21425.008,21413.386,11.622000000003029,HOD,21779.419,2024-12-11 15:15:00,True,27.4815659225726,21475.264,2024-12-11 08:40:00,35.04855629789015,21485.286,2024-12-11 08:50:00,10,05:00–05:15
2024-12-10,RDR,SHORT,2024-12-10 11:05:00,21438.021,21563.065,21486.898,76.16699999999764,LOD,21364.864,2024-12-11 02:35:00,True,7.502282320825748,21384.565,2024-12-10 18:30:00,34.510921973920325,21379.409,2024-12-11 02:00:00,3,11:00–11:15
2024-12-11,ADR,LONG,2024-12-10 22:15:00,21395.054,21390.52,21369.531,20.9890000000014,HOD,21737.099,2024-12-12 01:00:00,True,4.006983440692033,21718.22,2024-12-11 18:20:00,7.11555192322932,21723.276,2024-12-11 19:50:00,1,22:15–22:30
2024-12-11,ODR,LONG,2024-12-11 04:05:00,21407.832,21402.109,21378.908,23.20100000000093,HOD,21737.099,2024-12-12 01:00:00,True,4.147791018526957,21718.22,2024-12-11 18:20:00,7.3655962885475645,21723.276,2024-12-11 19:50:00,1,04:00–04:15
2024-12-11,RDR,LONG,2024-12-11 11:10:00,21702.254,21696.664,21548.575,148.08899999999994,HOD,21737.099,2024-12-12 01:00:00,True,38.82219384135054,21718.22,2024-12-11 18:20:00,68.93997445721776,21723.276,2024-12-11 19:50:00,1,11:00–11:15
2024-12-12,ADR,LONG,2024-12-11 22:25:00,21726.221,21722.554,21709.721,12.83299999999872,HOD,21883.743,2024-12-13 09:45:00,True,100.0,21717.931,2024-12-12 18:40:00,100.0,21715.531,2024-12-12 18:40:00,17,22:15–22:30
2024-12-12,ODR,SHORT,2024-12-12 04:30:00,21704.31,21733.909,21712.887,21.022000000000844,LOD,21643.398,2024-12-13 11:05:00,True,48.4705320925801,21702.089,2024-12-12 18:10:00,100.0,21713.619,2024-12-12 18:30:00,11,04:30–04:45
2024-12-12,RDR,LONG,2024-12-12 10:55:00,21687.243,21673.397,21615.143,58.254000000000815,HOD,21883.743,2024-12-13 09:45:00,True,58.46219353682016,21691.932,2024-12-12 18:05:00,100.0,21672.931,2024-12-12 23:00:00,23,10:45–11:00
2024-12-16,ADR,LONG,2024-12-15 20:55:00,21793.399,21788.398,21770.454,17.943999999999505,HOD,22105.499,2024-12-16 23:20:00,True,8.049378209974954,22070.554,2024-12-16 18:10:00,11.069361524624115,22093.042,2024-12-16 18:15:00,4,20:45–21:00
2024-12-16,ODR,LONG,2024-12-16 04:05:00,21799.81,21796.865,21780.331,16.53400000000329,HOD,22105.499,2024-12-16 23:20:00,True,8.27778503899299,22070.554,2024-12-16 18:10:00,11.383462527104095,22093.042,2024-12-16 18:15:00,4,04:00–04:15
2024-12-16,RDR,LONG,2024-12-16 10:30:00,21996.354,21975.042,21879.197,95.84500000000116,HOD,22105.499,2024-12-16 23:20:00,True,20.54703357401992,22070.554,2024-12-16 18:10:00,28.255914550960544,22093.042,2024-12-16 18:15:00,4,10:30–10:45
2024-12-17,ADR,LONG,2024-12-16 20:30:00,22092.597,22087.787,22068.131,19.65599999999904,HOD,22064.764,2024-12-18 07:20:00,False,,,,,,,0,20:30–20:45
2024-12-17,ODR,LONG,2024-12-17 04:30:00,22054.321,22044.732,22021.632,23.099999999998545,HOD,22064.764,2024-12-18 07:20:00,True,100.0,22040.11,2024-12-18 05:20:00,100.0,22031.832,2024-12-18 05:20:00,3,04:30–04:45
2024-12-17,RDR,LONG,2024-12-17 11:35:00,22055.286,22038.754,21925.51,113.24400000000242,HOD,22064.764,2024-12-18 07:20:00,True,90.52410901467512,22040.11,2024-12-18 05:20:00,100.0,22031.832,2024-12-18 05:30:00,4,11:30–11:45
2024-12-18,ADR,LONG,2024-12-17 20:35:00,21991.076,21982.389,21960.319,22.06999999999971,HOD,21400.409,2024-12-19 09:30:00,False,,,,,,,0,20:30–20:45
2024-12-18,ODR,SHORT,2024-12-18 04:00:00,22002.319,22033.999,22006.62,27.37900000000081,LOD,21072.521,2024-12-19 16:10:00,True,7.9570291632014305,21233.02,2024-12-18 18:05:00,30.77673217750168,21205.286,2024-12-19 09:30:00,7,04:00–04:15
2024-12-18,RDR,LONG,2024-12-18 10:35:00,22001.575,21998.053,21909.343,88.70999999999913,HOD,21400.409,2024-12-19 09:30:00,False,,,,,,,0,10:30–10:45
2024-12-19,ADR,SHORT,2024-12-18 20:30:00,21182.564,21249.219,21185.72,63.4989999999998,LOD,20733.82,2024-12-20 07:20:00,True,14.287473152846443,21123.065,2024-12-19 18:10:00,37.957136663502766,20947.397,2024-12-20 02:00:00,14,20:30–20:45
2024-12-19,ODR,LONG,2024-12-19 04:00:00,21294.209,21289.021,21241.676,47.34500000000117,HOD,21553.032,2024-12-20 12:25:00,True,18.95244077757564,21481.265,2024-12-20 11:45:00,33.9752697102432,21502.332,2024-12-20 11:50:00,2,04:00–04:15
2024-12-19,RDR,SHORT,2024-12-19 10:30:00,21201.598,21376.698,21215.142,161.5560000000005,LOD,20733.82,2024-12-20 07:20:00,True,10.187181162883157,21123.065,2024-12-19 18:10:00,34.044737164777864,20947.397,2024-12-20 02:00:00,14,10:30–10:45
2024-12-23,ADR,LONG,2024-12-22 20:30:00,21393.92,21390.953,21333.586,57.36700000000201,HOD,21802.665,2024-12-24 13:10:00,True,17.571315753991147,21476.542,2024-12-23 18:05:00,46.58685497811483,21495.521,2024-12-23 19:10:00,16,20:30–20:45
2024-12-23,ODR,SHORT,2024-12-23 04:15:00,21392.097,21441.553,21400.153,41.400000000001455,LOD,21449.043,2024-12-23 19:10:00,False,,,,,,,0,04:15–04:30
2024-12-23,RDR,LONG,2024-12-23 11:40:00,21416.776,21391.773,21254.132,137.64099999999962,HOD,21802.665,2024-12-24 13:10:00,True,17.711184887490166,21476.542,2024-12-23 18:05:00,46.94077972131488,21495.521,2024-12-23 19:10:00,16,11:30–11:45
2024-12-26,ADR,LONG,2024-12-25 21:40:00,21824.399,21816.221,21802.797,13.424000000002708,HOD,21777.676,2024-12-26 19:00:00,False,,,,,,,0,21:30–21:45
2024-12-26,ODR,SHORT,2024-12-26 04:10:00,21709.986,21833.108,21738.175,94.9330000000009,LOD,21278.419,2024-12-27 10:30:00,True,100.0,21744.832,2024-12-26 19:25:00,100.0,21745.832,2024-12-26 19:25:00,22,04:00–04:15
2024-12-26,RDR,LONG,2024-12-26 10:35:00,21766.232,21755.576,21644.632,110.9439999999995,HOD,21777.676,2024-12-26 19:00:00,True,100.0,21753.864,2024-12-26 18:05:00,100.0,21745.121,2024-12-26 18:05:00,3,10:30–10:45
2024-12-30,ADR,SHORT,2024-12-29 22:10:00,21459.889,21500.308,21460.465,39.84300000000076,LOD,20974.42,2024-12-31 14:40:00,True,5.66624799322945,21147.276,2024-12-30 18:10:00,54.581462104029576,21177.92,2024-12-31 07:05:00,8,22:00–22:15
2024-12-30,ODR,SHORT,2024-12-30 07:20:00,21394.531,21446.789,21412.762,34.02700000000186,LOD,20974.42,2024-12-31 14:40:00,True,6.617000471337045,21147.276,2024-12-30 18:10:00,63.73980822939313,21177.92,2024-12-31 07:05:00,8,07:15–07:30
2024-12-30,RDR,LONG,2024-12-30 11:15:00,21195.765,21188.186,21049.92,138.26600000000326,HOD,21309.675,2024-12-31 07:05:00,True,100.0,21176.653,2024-12-30 20:25:00,100.0,21177.964,2024-12-30 20:25:00,17,11:15–11:30
