trading_date,range_type,direction,dr_high,dr_low,dr_range,confirmation_time,confirmation_price,hod_price,hod_time,hod_extension_sd,hod_location,hod_after_confirmation,lod_price,lod_time,lod_extension_sd,lod_location,lod_after_confirmation
2024-01-02,ADR,SHORT,16847.439,16831.739,15.69999999999709,2024-01-01 20:40:00,16826.679,16560.139,2024-01-02 18:00:00,17.299363057328186,BELOW_DR,True,16349.949,2024-01-03 15:50:00,30.68726114650256,BELOW_DR,True
2024-01-02,ODR,SHORT,16847.799,16829.269,18.52999999999884,2024-01-02 04:00:00,16827.369,16560.139,2024-01-02 18:00:00,14.524015110632373,BELOW_DR,True,16349.949,2024-01-03 15:50:00,25.867242309769548,BELOW_DR,True
2024-01-02,RDR,SHORT,16674.229,16547.239,126.98999999999796,2024-01-02 10:30:00,16529.359,16560.139,2024-01-02 18:00:00,0.0,INSIDE_DR,True,16349.949,2024-01-03 15:50:00,1.5535868966060637,BELOW_DR,True
2024-01-03,ADR,SHORT,16549.929,16534.379,15.549999999999272,2024-01-02 21:15:00,16529.979,16420.879,2024-01-04 11:26:00,7.299035369775261,BELOW_DR,True,16273.549,2024-01-04 15:55:00,16.77363344051525,BELOW_DR,True
2024-01-03,ODR,SHORT,16547.679,16497.529,50.150000000001455,2024-01-03 04:05:00,16488.409,16420.879,2024-01-04 11:26:00,1.5284147557327137,BELOW_DR,True,16273.549,2024-01-04 15:55:00,4.466201395812388,BELOW_DR,True
2024-01-03,RDR,SHORT,16462.349,16393.889,68.45999999999913,2024-01-03 10:35:00,16372.579,16420.879,2024-01-04 11:26:00,0.0,INSIDE_DR,True,16273.549,2024-01-04 15:55:00,1.7578147823546577,BELOW_DR,True
2024-01-04,ADR,SHORT,16395.109,16385.499,9.610000000000582,2024-01-03 21:15:00,16381.599,16416.269,2024-01-05 11:12:00,2.2018730489072396,ABOVE_DR,True,16173.219,2024-01-05 08:31:00,22.08949011446283,BELOW_DR,True
2024-01-04,ODR,SHORT,16415.479,16382.589,32.88999999999942,2024-01-04 06:50:00,16377.439,16416.269,2024-01-05 11:12:00,0.024019458802094468,ABOVE_DR,True,16173.219,2024-01-05 08:31:00,6.365764670112633,BELOW_DR,True
2024-01-04,RDR,LONG,16359.959,16286.519,73.44000000000051,2024-01-04 10:45:00,16372.799,16416.269,2024-01-05 11:12:00,0.7667483660130596,ABOVE_DR,True,16173.219,2024-01-05 08:31:00,1.5427559912854072,BELOW_DR,True
2024-01-08,ADR,SHORT,16340.149,16331.269,8.8799999999992,2024-01-07 20:45:00,16326.889,16716.629,2024-01-09 13:05:00,42.39639639640038,ABOVE_DR,True,16501.839,2024-01-09 08:45:00,18.20833333333503,ABOVE_DR,True
2024-01-08,ODR,SHORT,16293.829,16265.209,28.61999999999898,2024-01-08 04:20:00,16247.989,16716.629,2024-01-09 13:05:00,14.772886093641375,ABOVE_DR,True,16501.839,2024-01-09 08:45:00,7.26799440950411,ABOVE_DR,True
2024-01-08,RDR,LONG,16484.929,16352.689,132.23999999999978,2024-01-08 10:30:00,16497.599,16716.629,2024-01-09 13:05:00,1.7521173623714543,ABOVE_DR,True,16501.839,2024-01-09 08:45:00,0.1278735632183899,ABOVE_DR,True
2024-01-09,ADR,LONG,16633.489,16627.739,5.75,2024-01-08 21:15:00,16635.679,16830.609,2024-01-10 15:00:00,34.28173913043461,ABOVE_DR,True,16653.059,2024-01-10 10:05:00,3.4034782608695147,ABOVE_DR,True
2024-01-09,ODR,SHORT,16609.939,16582.219,27.71999999999753,2024-01-09 04:05:00,16576.719,16830.609,2024-01-10 15:00:00,7.960678210678989,ABOVE_DR,True,16653.059,2024-01-10 10:05:00,1.5555555555557887,ABOVE_DR,True
2024-01-09,RDR,LONG,16590.479,16512.419,78.05999999999767,2024-01-09 10:35:00,16594.199,16830.609,2024-01-10 15:00:00,3.076223417883784,ABOVE_DR,True,16653.059,2024-01-10 10:05:00,0.8016910069178018,ABOVE_DR,True
2024-01-10,ADR,SHORT,16697.599,16673.409,24.18999999999869,2024-01-10 00:25:00,16671.299,16906.589,2024-01-11 08:30:00,8.639520463001775,ABOVE_DR,True,16612.389,2024-01-11 11:46:00,2.522529971062577,BELOW_DR,True
2024-01-10,ODR,LONG,16712.249,16694.219,18.02999999999884,2024-01-10 04:05:00,16731.689,16906.589,2024-01-11 08:30:00,10.778702163062267,ABOVE_DR,True,16612.389,2024-01-11 11:46:00,4.538546866334277,BELOW_DR,True
2024-01-10,RDR,LONG,16714.909,16664.799,50.11000000000058,2024-01-10 10:40:00,16734.149,16906.589,2024-01-11 08:30:00,3.825184593893396,ABOVE_DR,True,16612.389,2024-01-11 11:46:00,1.045899022151252,BELOW_DR,True
2024-01-11,ADR,LONG,16841.169,16814.709,26.460000000002765,2024-01-10 21:10:00,16843.829,16903.819,2024-01-12 09:45:00,2.367724867724538,ABOVE_DR,True,16727.029,2024-01-12 06:48:00,3.313681027966407,BELOW_DR,True
2024-01-11,ODR,SHORT,16894.509,16861.539,32.969999999997526,2024-01-11 04:30:00,16857.399,16903.819,2024-01-12 09:45:00,0.28237791932065537,ABOVE_DR,True,16727.029,2024-01-12 06:48:00,4.079769487413167,BELOW_DR,True
2024-01-11,RDR,SHORT,16868.809,16696.099,172.71000000000276,2024-01-11 11:10:00,16647.309,16903.819,2024-01-12 09:45:00,0.20270974465866387,ABOVE_DR,True,16727.029,2024-01-12 06:48:00,0.0,INSIDE_DR,True
2024-01-15,ADR,LONG,16820.519,16809.679,10.840000000000146,2024-01-14 21:15:00,16829.029,16898.364,2024-01-16 10:54:00,7.1812730627306385,ABOVE_DR,True,16674.187,2024-01-16 03:15:00,12.499261992619608,BELOW_DR,True
2024-01-15,ODR,SHORT,16878.329,16829.329,49.0,2024-01-15 04:00:00,16824.089,16898.364,2024-01-16 10:54:00,0.4088775510204052,ABOVE_DR,True,16674.187,2024-01-16 03:15:00,3.166163265306119,BELOW_DR,True
2024-01-15,RDR,LONG,16824.079,16802.809,21.27000000000044,2024-01-15 10:45:00,16831.029,16898.364,2024-01-16 10:54:00,3.492477668077025,ABOVE_DR,True,16674.187,2024-01-16 03:15:00,6.047108603666983,BELOW_DR,True
2024-01-16,ADR,SHORT,16782.298,16747.865,34.432999999997264,2024-01-16 00:55:00,16739.353,16844.589,2024-01-16 19:00:00,1.8090494583686005,ABOVE_DR,True,16559.731,2024-01-17 10:00:00,5.463770220428565,BELOW_DR,True
2024-01-16,ODR,LONG,16741.289,16683.819,57.47000000000117,2024-01-16 06:50:00,16748.198,16844.589,2024-01-16 19:00:00,1.797459544109921,ABOVE_DR,True,16559.731,2024-01-17 10:00:00,2.1591787019313937,BELOW_DR,True
2024-01-16,RDR,LONG,16864.543,16737.489,127.05400000000007,2024-01-16 10:40:00,16874.865,16844.589,2024-01-16 19:00:00,0.0,INSIDE_DR,True,16559.731,2024-01-17 10:00:00,1.3990744093062912,BELOW_DR,True
2024-01-17,ADR,SHORT,16828.708,16817.275,11.432999999997264,2024-01-16 20:40:00,16810.553,16997.176,2024-01-18 15:52:00,14.735240094466988,ABOVE_DR,True,16709.631,2024-01-17 18:09:00,9.41520160937864,BELOW_DR,True
2024-01-17,ODR,SHORT,16724.808,16695.51,29.298000000002503,2024-01-17 04:10:00,16686.799,16997.176,2024-01-18 15:52:00,9.296470748855734,ABOVE_DR,True,16709.631,2024-01-17 18:09:00,0.0,INSIDE_DR,True
2024-01-17,RDR,LONG,16688.631,16575.764,112.867000000002,2024-01-17 14:40:00,16709.719,16997.176,2024-01-18 15:52:00,2.7337042713990165,ABOVE_DR,True,16709.631,2024-01-17 18:09:00,0.186059698583285,ABOVE_DR,True
2024-01-18,ADR,SHORT,16745.231,16726.709,18.522000000000844,2024-01-17 20:35:00,16723.797,17334.819,2024-01-19 16:07:00,31.83176762768453,ABOVE_DR,True,16980.154,2024-01-18 18:04:00,12.683457509987482,ABOVE_DR,True
2024-01-18,ODR,LONG,16787.597,16761.253,26.34400000000096,2024-01-18 04:20:00,16795.042,17334.819,2024-01-19 16:07:00,20.772168235650547,ABOVE_DR,True,16980.154,2024-01-18 18:04:00,7.309330397813166,ABOVE_DR,True
2024-01-18,RDR,LONG,16909.521,16865.297,44.22400000000198,2024-01-18 10:35:00,16930.797,17334.819,2024-01-19 16:07:00,9.616904848045854,ABOVE_DR,True,16980.154,2024-01-18 18:04:00,1.597164435600462,ABOVE_DR,True
2024-01-22,ODR,LONG,17410.186,17389.586,20.600000000002183,2024-01-22 04:05:00,17411.565,17429.187,2024-01-23 16:01:00,0.9223786407766111,ABOVE_DR,True,17283.62,2024-01-23 09:35:00,5.143980582523744,BELOW_DR,True
2024-01-22,RDR,SHORT,17443.232,17357.331,85.90100000000166,2024-01-22 10:30:00,17341.02,17429.187,2024-01-23 16:01:00,0.0,INSIDE_DR,True,17283.62,2024-01-23 09:35:00,0.8580924552682496,BELOW_DR,True
2024-01-23,ADR,SHORT,17344.164,17328.876,15.288000000000466,2024-01-22 20:40:00,17328.119,17667.919,2024-01-24 12:54:00,21.177066980637832,ABOVE_DR,True,17430.754,2024-01-23 18:00:00,5.663919413919251,ABOVE_DR,True
2024-01-23,ODR,LONG,17352.408,17304.797,47.61100000000079,2024-01-23 08:00:00,17360.889,17667.919,2024-01-24 12:54:00,6.626850937808427,ABOVE_DR,True,17430.754,2024-01-23 18:00:00,1.6455440969523862,ABOVE_DR,True
2024-01-23,RDR,LONG,17359.642,17293.721,65.92099999999846,2024-01-23 12:55:00,17364.254,17667.919,2024-01-24 12:54:00,4.676461218731649,ABOVE_DR,True,17430.754,2024-01-23 18:00:00,1.07874577145375,ABOVE_DR,True
2024-01-24,ADR,LONG,17461.021,17446.664,14.356999999999973,2024-01-23 22:10:00,17467.71,17631.897,2024-01-25 11:53:00,11.901929372431603,ABOVE_DR,True,17422.597,2024-01-25 14:08:00,1.6763251375634982,BELOW_DR,True
2024-01-24,ODR,LONG,17525.109,17508.265,16.84400000000096,2024-01-24 04:05:00,17529.499,17631.897,2024-01-25 11:53:00,6.339824269769317,ABOVE_DR,True,17422.597,2024-01-25 14:08:00,5.085965328900081,BELOW_DR,True
2024-01-24,RDR,LONG,17592.064,17515.108,76.95599999999831,2024-01-24 10:30:00,17597.221,17631.897,2024-01-25 11:53:00,0.5176074640054477,ABOVE_DR,True,17422.597,2024-01-25 14:08:00,1.2021284890067134,BELOW_DR,True
2024-01-25,ADR,SHORT,17508.342,17487.489,20.85299999999916,2024-01-24 20:45:00,17477.089,17517.331,2024-01-26 12:07:00,0.4310650745695162,ABOVE_DR,True,17348.831,2024-01-26 03:00:00,6.649307054141307,BELOW_DR,True
2024-01-25,ODR,LONG,17527.175,17490.32,36.85499999999956,2024-01-25 07:00:00,17535.543,17517.331,2024-01-26 12:07:00,0.0,INSIDE_DR,True,17348.831,2024-01-26 03:00:00,3.8390720390721222,BELOW_DR,True
2024-01-25,RDR,LONG,17609.332,17549.698,59.6339999999982,2024-01-25 11:45:00,17615.521,17517.331,2024-01-26 12:07:00,0.5427608411309485,BELOW_DR,True,17348.831,2024-01-26 03:00:00,3.3683301472315805,BELOW_DR,True
2024-01-29,ADR,LONG,17413.732,17367.575,46.15699999999924,2024-01-28 20:40:00,17419.989,17623.489,2024-01-29 19:33:00,4.544424464328376,ABOVE_DR,True,17413.042,2024-01-30 16:04:00,0.0,INSIDE_DR,True
2024-01-29,ODR,LONG,17469.754,17430.587,39.16700000000128,2024-01-29 04:00:00,17476.499,17623.489,2024-01-29 19:33:00,3.925115530931538,ABOVE_DR,True,17413.042,2024-01-30 16:04:00,0.4479536344370945,BELOW_DR,True
2024-01-29,RDR,LONG,17462.854,17421.653,41.20100000000093,2024-01-29 12:10:00,17473.499,17623.489,2024-01-29 19:33:00,3.898813135603466,ABOVE_DR,True,17413.042,2024-01-30 16:04:00,0.20899978155862609,BELOW_DR,True
2024-01-30,ADR,SHORT,17621.243,17601.389,19.85399999999936,2024-01-30 01:30:00,17593.689,17381.254,2024-01-31 14:45:00,11.087690138007732,BELOW_DR,True,17118.686,2024-01-31 16:01:00,24.312632215171416,BELOW_DR,True
2024-01-30,ODR,SHORT,17605.276,17561.086,44.19000000000233,2024-01-30 08:10:00,17552.142,17381.254,2024-01-31 14:45:00,4.069517990495339,BELOW_DR,True,17118.686,2024-01-31 16:01:00,10.011314777098315,BELOW_DR,True
2024-01-30,RDR,SHORT,17569.597,17535.665,33.9320000000007,2024-01-30 12:15:00,17505.299,17381.254,2024-01-31 14:45:00,4.550601202404717,BELOW_DR,True,17118.686,2024-01-31 16:01:00,12.2886655664267,BELOW_DR,True
2024-01-31,ADR,SHORT,17346.542,17333.476,13.066000000002532,2024-01-30 20:40:00,17329.364,17457.753,2024-02-01 16:14:00,8.51148017755838,ABOVE_DR,True,17164.21,2024-02-01 02:09:00,12.954691565893679,BELOW_DR,True
2024-01-31,ODR,SHORT,17359.989,17338.565,21.424000000002707,2024-01-31 04:00:00,17327.753,17457.753,2024-02-01 16:14:00,4.563293502613278,ABOVE_DR,True,17164.21,2024-02-01 02:09:00,8.138302837937712,BELOW_DR,True
2024-01-31,RDR,SHORT,17307.942,17220.965,86.97699999999895,2024-01-31 10:30:00,17206.254,17457.753,2024-02-01 16:14:00,1.7224208698851802,ABOVE_DR,True,17164.21,2024-02-01 02:09:00,0.6525288294606816,BELOW_DR,True
2024-02-01,ADR,LONG,17213.542,17197.108,16.434000000001106,2024-01-31 21:25:00,17218.999,17684.009,2024-02-02 14:42:00,28.62766216380463,ABOVE_DR,True,17371.432,2024-02-02 09:33:00,9.60752099306248,ABOVE_DR,True
2024-02-01,ODR,LONG,17252.62,17216.609,36.0109999999986,2024-02-01 05:50:00,17254.699,17684.009,2024-02-02 14:42:00,11.97936741551237,ABOVE_DR,True,17371.432,2024-02-02 09:33:00,3.299325206187174,ABOVE_DR,True
2024-02-01,RDR,LONG,17274.154,17207.565,66.58899999999994,2024-02-01 12:05:00,17289.643,17684.009,2024-02-02 14:42:00,6.154995569838861,ABOVE_DR,True,17371.432,2024-02-02 09:33:00,1.460871915781918,ABOVE_DR,True
2024-02-05,ADR,LONG,17606.875,17584.419,22.455999999998312,2024-02-05 01:20:00,17609.764,17679.165,2024-02-06 09:31:00,3.219184182401421,ABOVE_DR,True,17473.12,2024-02-06 12:21:00,4.95631457071656,BELOW_DR,True
2024-02-05,ODR,SHORT,17632.787,17604.543,28.243999999998778,2024-02-05 04:50:00,17587.375,17679.165,2024-02-06 09:31:00,1.642047868573949,ABOVE_DR,True,17473.12,2024-02-06 12:21:00,4.6531298682909,BELOW_DR,True
2024-02-05,RDR,SHORT,17643.453,17525.753,117.70000000000071,2024-02-05 10:35:00,17511.232,17679.165,2024-02-06 09:31:00,0.3034154630416255,ABOVE_DR,True,17473.12,2024-02-06 12:21:00,0.4471792693288132,BELOW_DR,True
2024-02-06,ADR,LONG,17627.087,17612.608,14.47899999999936,2024-02-05 21:00:00,17630.776,17785.198,2024-02-07 10:52:00,10.92002210097436,ABOVE_DR,True,17542.719,2024-02-07 01:31:00,4.826921748739713,BELOW_DR,True
2024-02-06,ODR,SHORT,17674.842,17655.254,19.587999999999735,2024-02-06 04:40:00,17651.821,17785.198,2024-02-07 10:52:00,5.633857463753383,ABOVE_DR,True,17542.719,2024-02-07 01:31:00,5.745099040228782,BELOW_DR,True
2024-02-06,RDR,SHORT,17651.765,17529.587,122.17799999999988,2024-02-06 11:45:00,17506.119,17785.198,2024-02-07 10:52:00,1.0921196942166431,ABOVE_DR,True,17542.719,2024-02-07 01:31:00,0.0,INSIDE_DR,True
2024-02-07,ADR,SHORT,17623.52,17567.287,56.233000000000175,2024-02-07 01:25:00,17553.021,17815.553,2024-02-08 12:28:00,3.4149520744046886,ABOVE_DR,True,17708.608,2024-02-08 08:23:00,1.5131328579303873,ABOVE_DR,True
2024-02-07,ODR,LONG,17568.787,17550.82,17.967000000000553,2024-02-07 04:15:00,17572.254,17815.553,2024-02-08 12:28:00,13.734401959146881,ABOVE_DR,True,17708.608,2024-02-08 08:23:00,7.782100517615384,ABOVE_DR,True
2024-02-08,ADR,LONG,17757.999,17753.097,4.901999999998225,2024-02-07 20:50:00,17763.899,17988.499,2024-02-09 14:46:00,47.02162382702641,ABOVE_DR,True,17770.042,2024-02-08 20:57:00,2.4567523459824248,ABOVE_DR,True
2024-02-08,ODR,SHORT,17764.889,17742.91,21.97899999999936,2024-02-08 06:20:00,17730.91,17988.499,2024-02-09 14:46:00,10.173802265799495,ABOVE_DR,True,17770.042,2024-02-08 20:57:00,0.23445106692762258,ABOVE_DR,True
2024-02-08,RDR,LONG,17776.953,17735.219,41.73400000000038,2024-02-08 10:45:00,17797.476,17988.499,2024-02-09 14:46:00,5.0689126371782365,ABOVE_DR,True,17770.042,2024-02-08 20:57:00,0.0,INSIDE_DR,True
2024-02-12,ADR,SHORT,17956.91,17950.343,6.566999999999098,2024-02-11 22:30:00,17946.398,17885.908,2024-02-13 03:06:00,9.811938480281736,BELOW_DR,True,17474.742,2024-02-13 15:22:00,72.42287193544506,BELOW_DR,True
2024-02-12,ODR,LONG,17971.789,17955.497,16.29200000000128,2024-02-12 04:05:00,17975.597,17885.908,2024-02-13 03:06:00,4.271360176773538,BELOW_DR,True,17474.742,2024-02-13 15:22:00,29.50865455438026,BELOW_DR,True
2024-02-12,RDR,LONG,17964.689,17938.71,25.97899999999936,2024-02-12 10:35:00,17972.476,17885.908,2024-02-13 03:06:00,2.0324877785904376,BELOW_DR,True,17474.742,2024-02-13 15:22:00,17.859347934870943,BELOW_DR,True
2024-02-13,ADR,LONG,17852.331,17846.465,5.865999999998167,2024-02-12 21:30:00,17856.22,17813.976,2024-02-14 15:59:00,5.5385271053548495,BELOW_DR,True,17595.554,2024-02-13 21:43:00,42.77378111150332,BELOW_DR,True
2024-02-13,ODR,SHORT,17877.265,17813.31,63.95499999999811,2024-02-13 04:10:00,17808.689,17813.976,2024-02-14 15:59:00,0.0,INSIDE_DR,True,17595.554,2024-02-13 21:43:00,3.4048315221641414,BELOW_DR,True
2024-02-13,RDR,LONG,17669.71,17549.776,119.93399999999748,2024-02-13 10:30:00,17676.319,17813.976,2024-02-14 15:59:00,1.202878249704026,ABOVE_DR,True,17595.554,2024-02-13 21:43:00,0.0,INSIDE_DR,True
2024-02-14,ADR,LONG,17614.31,17600.632,13.677999999999884,2024-02-14 01:10:00,17624.589,17901.309,2024-02-15 16:06:00,20.982526685188056,ABOVE_DR,True,17715.889,2024-02-15 11:09:00,7.426451235560664,ABOVE_DR,True
2024-02-14,ODR,LONG,17678.587,17660.52,18.066999999999094,2024-02-14 04:00:00,17683.865,17901.309,2024-02-15 16:06:00,12.327558532131109,ABOVE_DR,True,17715.889,2024-02-15 11:09:00,2.064648253722342,ABOVE_DR,True
2024-02-14,RDR,SHORT,17771.799,17679.443,92.35599999999975,2024-02-14 11:00:00,17651.11,17901.309,2024-02-15 16:06:00,1.4022911343064055,ABOVE_DR,True,17715.889,2024-02-15 11:09:00,0.0,INSIDE_DR,True
2024-02-15,ADR,LONG,17805.154,17780.609,24.544999999998254,2024-02-14 22:00:00,17807.998,17959.387,2024-02-16 05:45:00,6.283683031167698,ABOVE_DR,True,17652.442,2024-02-16 10:01:00,5.221715216948886,BELOW_DR,True
2024-02-15,ODR,SHORT,17854.098,17841.831,12.267000000003463,2024-02-15 04:05:00,17833.053,17959.387,2024-02-16 05:45:00,8.583109154639871,ABOVE_DR,True,17652.442,2024-02-16 10:01:00,15.438901116813055,BELOW_DR,True
2024-02-15,RDR,SHORT,17819.042,17742.065,76.97700000000259,2024-02-15 11:05:00,17721.821,17959.387,2024-02-16 05:45:00,1.8232069319406161,ABOVE_DR,True,17652.442,2024-02-16 10:01:00,1.1642828377307062,BELOW_DR,True
2024-02-19,ADR,SHORT,17738.676,17717.898,20.77799999999843,2024-02-18 20:30:00,17705.665,17729.686,2024-02-19 18:00:00,0.0,INSIDE_DR,True,17393.086,2024-02-20 12:39:00,15.632495909135926,BELOW_DR,True
2024-02-19,ODR,LONG,17719.453,17683.865,35.58799999999974,2024-02-19 04:55:00,17721.443,17729.686,2024-02-19 18:00:00,0.2875407440710422,ABOVE_DR,True,17393.086,2024-02-20 12:39:00,8.170703607957863,BELOW_DR,True
2024-02-19,RDR,SHORT,17741.498,17720.819,20.679000000000087,2024-02-19 10:45:00,17716.175,17729.686,2024-02-19 18:00:00,0.0,INSIDE_DR,True,17393.086,2024-02-20 12:39:00,15.84859035736732,BELOW_DR,True
2024-02-20,ADR,SHORT,17693.331,17670.954,22.37699999999677,2024-02-19 20:45:00,17650.008,17529.998,2024-02-20 18:12:00,6.299146445011498,BELOW_DR,True,17313.765,2024-02-21 14:43:00,15.962327389732927,BELOW_DR,True
2024-02-20,ODR,SHORT,17655.908,17587.643,68.26499999999942,2024-02-20 05:05:00,17569.742,17529.998,2024-02-20 18:12:00,0.8444297956493214,BELOW_DR,True,17313.765,2024-02-21 14:43:00,4.011982714421782,BELOW_DR,True
2024-02-20,RDR,SHORT,17626.875,17450.864,176.0109999999986,2024-02-20 12:00:00,17434.921,17529.998,2024-02-20 18:12:00,0.0,INSIDE_DR,True,17313.765,2024-02-21 14:43:00,0.7789229082273441,BELOW_DR,True
2024-02-21,ODR,SHORT,17516.42,17458.289,58.130999999997584,2024-02-21 07:05:00,17448.332,18035.164,2024-02-22 14:30:00,8.923706800158676,ABOVE_DR,True,17621.11,2024-02-21 18:08:00,1.8009323768730399,ABOVE_DR,True
2024-02-21,RDR,SHORT,17463.254,17403.251,60.00300000000061,2024-02-21 12:10:00,17388.097,18035.164,2024-02-22 14:30:00,9.531356765494959,ABOVE_DR,True,17621.11,2024-02-21 18:08:00,2.6308017932436405,ABOVE_DR,True
2024-02-22,ADR,LONG,17729.599,17683.598,46.000999999996566,2024-02-21 20:30:00,17738.553,18094.575,2024-02-23 09:37:00,7.934088389383484,ABOVE_DR,True,17896.531,2024-02-23 11:14:00,3.6288776330952186,ABOVE_DR,True
2024-02-22,ODR,LONG,17835.297,17784.786,50.5109999999986,2024-02-22 06:15:00,17857.489,18094.575,2024-02-23 09:37:00,5.133099720853067,ABOVE_DR,True,17896.531,2024-02-23 11:14:00,1.2122903921918409,ABOVE_DR,True
2024-02-22,RDR,LONG,17905.61,17815.52,90.09000000000016,2024-02-22 10:30:00,17916.619,18094.575,2024-02-23 09:37:00,2.0975135975135952,ABOVE_DR,True,17896.531,2024-02-23 11:14:00,0.0,INSIDE_DR,True
2024-02-26,ADR,LONG,17913.01,17880.854,32.15599999999904,2024-02-25 21:40:00,17915.264,17995.531,2024-02-27 07:33:00,2.5662706804329862,ABOVE_DR,True,17864.897,2024-02-27 13:00:00,0.4962370941659097,BELOW_DR,True
2024-02-26,ODR,LONG,17922.287,17894.532,27.75500000000102,2024-02-26 04:30:00,17924.086,17995.531,2024-02-27 07:33:00,2.638947937308452,ABOVE_DR,True,17864.897,2024-02-27 13:00:00,1.0677355431452824,BELOW_DR,True
2024-02-26,RDR,LONG,17981.053,17937.208,43.84500000000117,2024-02-26 11:50:00,18012.064,17995.531,2024-02-27 07:33:00,0.3302086897023325,ABOVE_DR,True,17864.897,2024-02-27 13:00:00,1.6492416467099087,BELOW_DR,True
2024-02-27,ADR,SHORT,17920.209,17908.31,11.898999999997612,2024-02-26 21:20:00,17905.876,17974.031,2024-02-27 18:04:00,4.523237246828383,ABOVE_DR,True,17827.132,2024-02-28 16:12:00,6.822253970923286,BELOW_DR,True
2024-02-27,ODR,LONG,17944.197,17909.054,35.14300000000003,2024-02-27 04:00:00,17948.708,17974.031,2024-02-27 18:04:00,0.8489315084084711,ABOVE_DR,True,17827.132,2024-02-28 16:12:00,2.331104345104248,BELOW_DR,True
2024-02-27,RDR,SHORT,17984.332,17912.086,72.24599999999919,2024-02-27 12:50:00,17895.342,17974.031,2024-02-27 18:04:00,0.0,INSIDE_DR,True,17827.132,2024-02-28 16:12:00,1.175899011709975,BELOW_DR,True
2024-02-28,ADR,LONG,17966.553,17955.721,10.831999999998516,2024-02-27 21:25:00,17968.776,18068.289,2024-02-29 15:57:00,9.392171344166796,ABOVE_DR,True,17785.32,2024-02-29 03:11:00,15.731259231907774,BELOW_DR,True
2024-02-28,ODR,SHORT,17938.643,17900.31,38.33299999999872,2024-02-28 04:25:00,17882.864,18068.289,2024-02-29 15:57:00,3.3820989747738235,ABOVE_DR,True,17785.32,2024-02-29 03:11:00,2.9997652153498406,BELOW_DR,True
2024-02-28,RDR,LONG,17892.576,17842.399,50.17699999999968,2024-02-28 11:00:00,17909.065,18068.289,2024-02-29 15:57:00,3.501863403551445,ABOVE_DR,True,17785.32,2024-02-29 03:11:00,1.1375530621599919,BELOW_DR,True
2024-02-29,ADR,LONG,17862.919,17847.964,14.955000000001746,2024-02-28 21:15:00,17864.743,18335.41,2024-03-01 14:30:00,31.594182547639118,ABOVE_DR,True,17990.798,2024-03-01 05:25:00,8.550919424940304,ABOVE_DR,True
2024-02-29,RDR,SHORT,18025.019,17946.432,78.58699999999953,2024-02-29 11:25:00,17938.987,18335.41,2024-03-01 14:30:00,3.949648160637274,ABOVE_DR,True,17990.798,2024-03-01 05:25:00,0.0,INSIDE_DR,True
2024-03-04,ADR,LONG,18308.299,18301.564,6.735000000000582,2024-03-03 20:35:00,18310.065,18218.599,2024-03-04 18:02:00,12.318485523384258,BELOW_DR,True,17802.089,2024-03-05 15:32:00,74.16109873792954,BELOW_DR,True
2024-03-04,ODR,SHORT,18330.709,18319.276,11.432999999997264,2024-03-04 04:20:00,18313.143,18218.599,2024-03-04 18:02:00,8.805825242720845,BELOW_DR,True,17802.089,2024-03-05 15:32:00,45.23633342081042,BELOW_DR,True
2024-03-04,RDR,SHORT,18291.742,18253.999,37.742999999998574,2024-03-04 13:20:00,18239.186,18218.599,2024-03-04 18:02:00,0.937922263731097,BELOW_DR,True,17802.089,2024-03-05 15:32:00,11.973346050923798,BELOW_DR,True
2024-03-05,ADR,SHORT,18194.508,18174.099,20.40900000000329,2024-03-04 20:30:00,18170.009,18147.419,2024-03-06 12:32:00,1.30726640207714,BELOW_DR,True,17912.82,2024-03-05 19:51:00,12.802146112007277,BELOW_DR,True
2024-03-05,ODR,SHORT,18150.064,18112.987,37.0769999999975,2024-03-05 04:45:00,18097.064,18147.419,2024-03-06 12:32:00,0.0,INSIDE_DR,True,17912.82,2024-03-05 19:51:00,5.398683820158449,BELOW_DR,True
2024-03-05,RDR,SHORT,18100.108,17927.531,172.57700000000114,2024-03-05 10:30:00,17915.342,18147.419,2024-03-06 12:32:00,0.2741442950103502,ABOVE_DR,True,17912.82,2024-03-05 19:51:00,0.08524310887313624,BELOW_DR,True
2024-03-06,ADR,LONG,17933.353,17915.609,17.743999999998778,2024-03-05 21:20:00,17940.953,18336.989,2024-03-07 13:57:00,22.747745716863733,ABOVE_DR,True,17892.053,2024-03-07 03:12:00,1.3275473399460165,BELOW_DR,True
2024-03-06,ODR,LONG,18004.098,17973.399,30.699000000000524,2024-03-06 04:00:00,18011.664,18336.989,2024-03-07 13:57:00,10.84370826411264,ABOVE_DR,True,17892.053,2024-03-07 03:12:00,2.6497931528714282,BELOW_DR,True
2024-03-06,RDR,LONG,18075.943,17959.109,116.83399999999892,2024-03-06 12:00:00,18104.642,18336.989,2024-03-07 13:57:00,2.2343324717120403,ABOVE_DR,True,17892.053,2024-03-07 03:12:00,0.5739425167331522,BELOW_DR,True
2024-03-07,ADR,SHORT,17973.086,17942.943,30.14300000000003,2024-03-06 21:20:00,17912.686,18418.087,2024-03-08 10:30:00,14.762996383903387,ABOVE_DR,True,17995.021,2024-03-08 13:37:00,0.7276979729954314,ABOVE_DR,True
2024-03-07,ODR,LONG,17954.065,17906.986,47.07899999999791,2024-03-07 04:00:00,17972.399,18418.087,2024-03-08 10:30:00,9.856241636398849,ABOVE_DR,True,17995.021,2024-03-08 13:37:00,0.8699420123622797,ABOVE_DR,True
2024-03-07,RDR,LONG,18215.543,18134.52,81.02300000000105,2024-03-07 10:35:00,18230.042,18418.087,2024-03-08 10:30:00,2.4998333806449455,ABOVE_DR,True,17995.021,2024-03-08 13:37:00,1.7217209928044874,BELOW_DR,True
2024-03-11,ADR,LONG,18022.065,17997.019,25.045999999998457,2024-03-10 20:30:00,18024.521,18228.389,2024-03-12 14:56:00,8.237802443504481,ABOVE_DR,True,17914.443,2024-03-12 08:46:00,3.296973568633954,BELOW_DR,True
2024-03-11,ODR,LONG,18007.253,17947.785,59.46800000000076,2024-03-11 05:45:00,18029.564,18228.389,2024-03-12 14:56:00,3.7185713324812637,ABOVE_DR,True,17914.443,2024-03-12 08:46:00,0.5606712853971906,BELOW_DR,True
2024-03-12,ADR,SHORT,18042.999,18022.809,20.18999999999869,2024-03-11 20:30:00,18020.808,18245.475,2024-03-13 03:00:00,10.028528974740558,ABOVE_DR,True,18026.675,2024-03-13 10:43:00,0.0,INSIDE_DR,True
2024-03-12,ODR,LONG,18071.876,18016.832,55.04400000000169,2024-03-12 07:35:00,18080.597,18245.475,2024-03-13 03:00:00,3.153822396628025,ABOVE_DR,True,18026.675,2024-03-13 10:43:00,0.0,INSIDE_DR,True
2024-03-12,RDR,SHORT,18194.609,18104.276,90.33299999999872,2024-03-12 11:35:00,18099.997,18245.475,2024-03-13 03:00:00,0.5630943287613485,ABOVE_DR,True,18026.675,2024-03-13 10:43:00,0.8590548304606676,BELOW_DR,True
2024-03-13,ADR,SHORT,18217.197,18197.132,20.06499999999869,2024-03-12 21:35:00,18194.399,18173.842,2024-03-14 03:21:00,1.1607276351857658,BELOW_DR,True,17911.008,2024-03-14 14:36:00,14.25985546972432,BELOW_DR,True
2024-03-13,ODR,SHORT,18237.197,18187.331,49.86600000000181,2024-03-13 07:25:00,18169.589,18173.842,2024-03-14 03:21:00,0.2705049532747216,BELOW_DR,True,17911.008,2024-03-14 14:36:00,5.541310712709795,BELOW_DR,True
2024-03-13,RDR,SHORT,18124.698,18065.665,59.03299999999945,2024-03-13 10:40:00,18043.589,18173.842,2024-03-14 03:21:00,0.8324835261633441,ABOVE_DR,True,17911.008,2024-03-14 14:36:00,2.6198397506479543,BELOW_DR,True
2024-03-14,ADR,LONG,18116.71,18102.199,14.510999999998605,2024-03-13 20:35:00,18119.719,18073.099,2024-03-15 05:41:00,2.0053752325825225,BELOW_DR,True,17759.221,2024-03-15 11:59:00,23.635724622702234,BELOW_DR,True
2024-03-14,ODR,SHORT,18171.143,18143.796,27.34700000000157,2024-03-14 06:45:00,18140.798,18073.099,2024-03-15 05:41:00,2.5851830182468296,BELOW_DR,True,17759.221,2024-03-15 11:59:00,14.062785680329652,BELOW_DR,True
2024-03-14,RDR,SHORT,18085.932,18024.209,61.723000000001775,2024-03-14 11:05:00,18000.189,18073.099,2024-03-15 05:41:00,0.0,INSIDE_DR,True,17759.221,2024-03-15 11:59:00,4.293180824003855,BELOW_DR,True
2024-03-18,ADR,LONG,17853.099,17829.198,23.90099999999802,2024-03-17 20:50:00,17859.198,18041.043,2024-03-19 13:33:00,7.863436676290478,ABOVE_DR,True,17806.075,2024-03-19 08:44:00,0.96744906070882,BELOW_DR,True
2024-03-18,ODR,LONG,17941.664,17900.14,41.52400000000125,2024-03-18 04:00:00,17946.354,18041.043,2024-03-19 13:33:00,2.3932906271071626,ABOVE_DR,True,17806.075,2024-03-19 08:44:00,2.265316443502453,BELOW_DR,True
2024-03-18,RDR,SHORT,18127.398,18071.12,56.27800000000207,2024-03-18 10:30:00,18050.208,18041.043,2024-03-19 13:33:00,0.5344361917622585,BELOW_DR,True,17806.075,2024-03-19 08:44:00,4.709566793418182,BELOW_DR,True
2024-03-19,ADR,LONG,17932.999,17908.032,24.967000000000557,2024-03-18 21:10:00,17942.31,18318.499,2024-03-20 17:55:00,15.440381303320038,ABOVE_DR,True,17977.176,2024-03-19 20:46:00,1.7694156286297391,ABOVE_DR,True
2024-03-19,ODR,SHORT,18001.31,17915.743,85.56700000000274,2024-03-19 06:00:00,17902.876,18318.499,2024-03-20 17:55:00,3.7069080369767358,ABOVE_DR,True,17977.176,2024-03-19 20:46:00,0.0,INSIDE_DR,True
2024-03-19,RDR,LONG,17893.789,17825.831,67.95800000000236,2024-03-19 10:30:00,17904.586,18318.499,2024-03-20 17:55:00,6.249595338296954,ABOVE_DR,True,17977.176,2024-03-19 20:46:00,1.227037287736483,ABOVE_DR,True
2024-03-20,ADR,SHORT,18007.121,17994.221,12.899999999997815,2024-03-19 20:30:00,17987.932,18465.799,2024-03-21 11:30:00,35.556434108533146,ABOVE_DR,True,18311.375,2024-03-21 14:59:00,23.585581395352893,ABOVE_DR,True
2024-03-20,ODR,LONG,18019.687,17992.242,27.445000000003347,2024-03-20 05:30:00,18035.521,18465.799,2024-03-21 11:30:00,16.25476407359967,ABOVE_DR,True,18311.375,2024-03-21 14:59:00,10.628092548732473,ABOVE_DR,True
2024-03-20,RDR,LONG,18047.219,18008.587,38.63200000000143,2024-03-20 13:00:00,18116.72,18465.799,2024-03-21 11:30:00,10.835059018429867,ABOVE_DR,True,18311.375,2024-03-21 14:59:00,6.837751087181332,ABOVE_DR,True
2024-03-21,ADR,LONG,18328.054,18316.998,11.056000000000497,2024-03-20 21:10:00,18333.81,18391.043,2024-03-22 12:56:00,5.697268451519407,ABOVE_DR,True,18252.387,2024-03-22 07:35:00,5.843976121562761,BELOW_DR,True
2024-03-21,ODR,SHORT,18415.965,18368.519,47.44599999999991,2024-03-21 04:05:00,18352.065,18391.043,2024-03-22 12:56:00,0.0,INSIDE_DR,True,18252.387,2024-03-22 07:35:00,2.4476668212283785,BELOW_DR,True
2024-03-21,RDR,LONG,18425.909,18381.331,44.57800000000134,2024-03-21 10:35:00,18434.454,18391.043,2024-03-22 12:56:00,0.0,INSIDE_DR,True,18252.387,2024-03-22 07:35:00,2.8925478935796947,BELOW_DR,True
2024-03-25,ADR,LONG,18354.989,18342.986,12.003000000000611,2024-03-24 20:35:00,18361.619,18387.798,2024-03-26 06:05:00,2.733399983337149,ABOVE_DR,True,18210.765,2024-03-26 14:57:00,11.015662750978475,BELOW_DR,True
2024-03-25,ODR,SHORT,18325.32,18305.785,19.53499999999985,2024-03-25 04:35:00,18300.519,18387.798,2024-03-26 06:05:00,3.198259534169421,ABOVE_DR,True,18210.765,2024-03-26 14:57:00,4.864090094701877,BELOW_DR,True
2024-03-25,RDR,LONG,18302.41,18275.475,26.93500000000131,2024-03-25 10:45:00,18318.286,18387.798,2024-03-26 06:05:00,3.1701503619823597,ABOVE_DR,True,18210.765,2024-03-26 14:57:00,2.4024503434191935,BELOW_DR,True
2024-03-26,ADR,SHORT,18324.331,18312.265,12.065999999998894,2024-03-25 21:00:00,18309.043,18352.31,2024-03-27 08:30:00,2.3188297696009914,ABOVE_DR,True,18156.076,2024-03-27 09:12:00,12.944554947788232,BELOW_DR,True
2024-03-26,ODR,LONG,18363.242,18339.019,24.222999999998137,2024-03-26 04:15:00,18374.886,18352.31,2024-03-27 08:30:00,0.0,INSIDE_DR,True,18156.076,2024-03-27 09:12:00,7.552450150683787,BELOW_DR,True
2024-03-26,RDR,LONG,18342.689,18310.41,32.27899999999863,2024-03-26 10:55:00,18351.798,18352.31,2024-03-27 08:30:00,0.2980575606432427,ABOVE_DR,True,18156.076,2024-03-27 09:12:00,4.781250968121858,BELOW_DR,True
2024-03-27,ADR,SHORT,18263.608,18255.097,8.510999999998603,2024-03-26 20:35:00,18254.076,18317.354,2024-03-28 09:04:00,6.314886617319705,ABOVE_DR,True,18226.332,2024-03-28 13:01:00,3.379743860886826,BELOW_DR,True
2024-03-27,ODR,LONG,18296.22,18257.232,38.98800000000119,2024-03-27 04:05:00,18301.243,18317.354,2024-03-28 09:04:00,0.5420642248896468,ABOVE_DR,True,18226.332,2024-03-28 13:01:00,0.7925515543244206,BELOW_DR,True
2024-03-27,RDR,SHORT,18214.742,18180.042,34.69999999999709,2024-03-27 10:55:00,18175.532,18317.354,2024-03-28 09:04:00,2.957118155619873,ABOVE_DR,True,18226.332,2024-03-28 13:01:00,0.33400576368879303,ABOVE_DR,True
2024-04-01,ODR,SHORT,18383.099,18350.61,32.48899999999776,2024-04-01 04:05:00,18346.664,18301.086,2024-04-02 04:20:00,1.5243313121365591,BELOW_DR,True,17996.165,2024-04-02 10:18:00,10.909692511312265,BELOW_DR,True
2024-04-01,RDR,SHORT,18378.864,18281.31,97.55400000000007,2024-04-01 10:50:00,18262.109,18301.086,2024-04-02 04:20:00,0.0,INSIDE_DR,True,17996.165,2024-04-02 10:18:00,2.922945240584704,BELOW_DR,True
2024-04-02,ADR,LONG,18267.687,18249.921,17.76600000000326,2024-04-01 22:30:00,18270.809,18240.632,2024-04-03 11:30:00,0.5228526398736535,BELOW_DR,True,18027.12,2024-04-03 09:28:00,12.540864572777137,BELOW_DR,True
2024-04-02,ODR,LONG,18288.889,18242.086,46.80299999999989,2024-04-02 04:15:00,18297.975,18240.632,2024-04-03 11:30:00,0.031066384633418966,BELOW_DR,True,18027.12,2024-04-03 09:28:00,4.592996175458857,BELOW_DR,True
2024-04-02,RDR,LONG,18078.964,18004.954,74.0099999999984,2024-04-02 12:55:00,18085.489,18240.632,2024-04-03 11:30:00,2.184407512498378,ABOVE_DR,True,18027.12,2024-04-03 09:28:00,0.0,INSIDE_DR,True
2024-04-03,ADR,SHORT,18126.954,18102.542,24.412000000000265,2024-04-02 21:10:00,18094.575,18364.899,2024-04-04 09:37:00,9.747050630837176,ABOVE_DR,True,17875.297,2024-04-04 15:58:00,9.308741602490585,BELOW_DR,True
2024-04-03,ODR,LONG,18091.676,18063.009,28.66700000000128,2024-04-03 04:45:00,18097.742,18364.899,2024-04-04 09:37:00,9.530924059022206,ABOVE_DR,True,17875.297,2024-04-04 15:58:00,6.548016883524301,BELOW_DR,True
2024-04-03,RDR,LONG,18203.153,18035.389,167.7639999999992,2024-04-03 10:55:00,18219.686,18364.899,2024-04-04 09:37:00,0.96412818006249,ABOVE_DR,True,17875.297,2024-04-04 15:58:00,0.9542690922963288,BELOW_DR,True
2024-04-04,ODR,LONG,18238.165,18209.086,29.079000000001543,2024-04-04 04:05:00,18246.476,18210.709,2024-04-05 13:00:00,0.0,INSIDE_DR,True,17859.219,2024-04-05 08:30:00,12.03160356270779,BELOW_DR,True
2024-04-04,RDR,SHORT,18347.065,18293.289,53.77599999999802,2024-04-04 11:10:00,18280.064,18210.709,2024-04-05 13:00:00,1.5356292770009816,BELOW_DR,True,17859.219,2024-04-05 08:30:00,8.07181642368372,BELOW_DR,True
2024-04-08,ADR,LONG,18125.854,18087.754,38.09999999999855,2024-04-07 21:40:00,18133.897,18215.843,2024-04-09 16:03:00,2.361916010498814,ABOVE_DR,True,17969.987,2024-04-09 10:53:00,3.0909973753281967,BELOW_DR,True
2024-04-08,ODR,SHORT,18140.886,18086.562,54.323999999996886,2024-04-08 04:20:00,18060.287,18215.843,2024-04-09 16:03:00,1.3798137103307277,ABOVE_DR,True,17969.987,2024-04-09 10:53:00,2.145920771666435,BELOW_DR,True
2024-04-08,RDR,LONG,18147.054,18050.609,96.44499999999972,2024-04-08 10:30:00,18165.22,18215.843,2024-04-09 16:03:00,0.7132458914407265,ABOVE_DR,True,17969.987,2024-04-09 10:53:00,0.8359375810047138,BELOW_DR,True
2024-04-09,ADR,SHORT,18119.832,18101.775,18.05699999999706,2024-04-08 21:55:00,18094.032,18278.921,2024-04-10 08:29:00,8.810378246664774,ABOVE_DR,True,17865.886,2024-04-10 08:42:00,13.063576452347636,BELOW_DR,True
2024-04-09,ODR,SHORT,18135.119,18083.042,52.0769999999975,2024-04-09 06:35:00,18067.932,18278.921,2024-04-10 08:29:00,2.7613341782362,ABOVE_DR,True,17865.886,2024-04-10 08:42:00,4.169902260115082,BELOW_DR,True
2024-04-09,RDR,SHORT,18198.954,18091.575,107.3790000000008,2024-04-09 10:30:00,18049.965,18278.921,2024-04-10 08:29:00,0.7447173097160182,ABOVE_DR,True,17865.886,2024-04-10 08:42:00,2.101798303206404,BELOW_DR,True
2024-04-10,ADR,LONG,18187.921,18178.231,9.68999999999869,2024-04-09 20:50:00,18191.253,18335.465,2024-04-11 15:45:00,15.226418988650323,ABOVE_DR,True,17913.008,2024-04-11 08:30:00,27.370794633646437,BELOW_DR,True
2024-04-10,ODR,LONG,18203.786,18182.208,21.57800000000134,2024-04-10 04:55:00,18213.554,18335.465,2024-04-11 15:45:00,6.10246547409361,ABOVE_DR,True,17913.008,2024-04-11 08:30:00,12.475669663545295,BELOW_DR,True
2024-04-10,RDR,LONG,18012.43,17943.464,68.96600000000035,2024-04-10 10:35:00,18037.22,18335.465,2024-04-11 15:45:00,4.683974712176989,ABOVE_DR,True,17913.008,2024-04-11 08:30:00,0.4416089087376121,BELOW_DR,True
2024-04-11,ADR,LONG,17996.399,17970.42,25.979000000003,2024-04-10 21:10:00,17997.875,18325.886,2024-04-12 02:45:00,12.682820739826756,ABOVE_DR,True,17949.354,2024-04-12 15:00:00,0.8108857153853675,BELOW_DR,True
2024-04-11,ODR,SHORT,18032.819,18013.742,19.07700000000113,2024-04-11 04:45:00,18001.831,18325.886,2024-04-12 02:45:00,15.362321119671947,ABOVE_DR,True,17949.354,2024-04-12 15:00:00,3.3751638098230954,BELOW_DR,True
2024-04-11,RDR,LONG,18090.499,18009.319,81.18000000000029,2024-04-11 11:50:00,18102.142,18325.886,2024-04-12 02:45:00,2.8995688593249316,ABOVE_DR,True,17949.354,2024-04-12 15:00:00,0.7386671593988658,BELOW_DR,True
2024-04-15,ADR,LONG,18078.176,18028.375,49.80099999999948,2024-04-15 01:00:00,18088.11,17820.343,2024-04-16 14:12:00,4.177265516756719,BELOW_DR,True,17622.019,2024-04-16 06:25:00,8.159595188851709,BELOW_DR,True
2024-04-15,ODR,LONG,18109.865,18082.953,26.912000000000265,2024-04-15 05:00:00,18119.742,17820.343,2024-04-16 14:12:00,9.758100475624182,BELOW_DR,True,17622.019,2024-04-16 06:25:00,17.12745243757419,BELOW_DR,True
2024-04-15,RDR,SHORT,18163.599,18053.308,110.29099999999744,2024-04-15 10:50:00,18007.908,17820.343,2024-04-16 14:12:00,2.112275706993368,BELOW_DR,True,17622.019,2024-04-16 06:25:00,3.9104641357863352,BELOW_DR,True
2024-04-16,ADR,SHORT,17718.175,17697.953,20.221999999997934,2024-04-15 21:10:00,17691.519,17802.899,2024-04-17 09:27:00,4.189694392246595,ABOVE_DR,True,17456.353,2024-04-17 12:46:00,11.94738403718855,BELOW_DR,True
2024-04-16,ODR,LONG,17703.175,17673.831,29.34400000000096,2024-04-16 04:00:00,17707.254,17802.899,2024-04-17 09:27:00,3.398446019629182,ABOVE_DR,True,17456.353,2024-04-17 12:46:00,7.411327699018267,BELOW_DR,True
2024-04-16,RDR,LONG,17746.709,17682.34,64.36899999999878,2024-04-16 11:50:00,17766.698,17802.899,2024-04-17 09:27:00,0.872935729932163,ABOVE_DR,True,17456.353,2024-04-17 12:46:00,3.510804890552988,BELOW_DR,True
2024-04-17,ADR,SHORT,17770.932,17743.698,27.23400000000038,2024-04-16 20:30:00,17732.099,17614.389,2024-04-18 02:23:00,4.748072262612885,BELOW_DR,True,17356.999,2024-04-18 16:00:00,14.199126092384342,BELOW_DR,True
2024-04-17,ODR,LONG,17715.673,17659.009,56.66400000000067,2024-04-17 04:20:00,17728.176,17614.389,2024-04-18 02:23:00,0.7874488211209667,BELOW_DR,True,17356.999,2024-04-18 16:00:00,5.32983905124938,BELOW_DR,True
2024-04-17,RDR,SHORT,17791.876,17669.219,122.65699999999924,2024-04-17 10:50:00,17611.908,17614.389,2024-04-18 02:23:00,0.44701892268685917,BELOW_DR,True,17356.999,2024-04-18 16:00:00,2.5454723334176044,BELOW_DR,True
2024-04-18,ADR,LONG,17538.965,17523.132,15.83299999999872,2024-04-17 21:10:00,17544.386,17403.299,2024-04-19 08:34:00,7.568559338092089,BELOW_DR,True,16969.61,2024-04-19 15:46:00,34.96002021095469,BELOW_DR,True
2024-04-18,ODR,SHORT,17607.731,17582.486,25.24499999999898,2024-04-18 04:10:00,17573.976,17403.299,2024-04-19 08:34:00,7.097920380273676,BELOW_DR,True,16969.61,2024-04-19 15:46:00,24.277124183007523,BELOW_DR,True
2024-04-18,RDR,LONG,17517.409,17408.219,109.18999999999868,2024-04-18 10:35:00,17530.865,17403.299,2024-04-19 08:34:00,0.0450590713435475,BELOW_DR,True,16969.61,2024-04-19 15:46:00,4.016933785145212,BELOW_DR,True
2024-04-22,ADR,SHORT,17126.586,17106.942,19.644000000000236,2024-04-21 20:35:00,17087.643,17516.589,2024-04-23 14:44:00,19.853543066585008,ABOVE_DR,True,17144.586,2024-04-22 19:14:00,0.9163103237629701,ABOVE_DR,True
2024-04-22,ODR,SHORT,17155.942,17109.975,45.96700000000055,2024-04-22 04:00:00,17100.276,17516.589,2024-04-23 14:44:00,7.8457806687405425,ABOVE_DR,True,17144.586,2024-04-22 19:14:00,0.0,INSIDE_DR,True
2024-04-22,RDR,SHORT,17184.609,17050.465,134.14400000000023,2024-04-22 10:50:00,17031.487,17516.589,2024-04-23 14:44:00,2.474803196564878,ABOVE_DR,True,17144.586,2024-04-22 19:14:00,0.0,INSIDE_DR,True
2024-04-23,ADR,SHORT,17189.71,17174.308,15.401999999998225,2024-04-22 21:45:00,17168.765,17658.376,2024-04-24 09:51:00,30.428905336972804,ABOVE_DR,True,17389.919,2024-04-24 16:07:00,12.998896247242282,ABOVE_DR,True
2024-04-23,ODR,LONG,17225.319,17208.654,16.665000000000873,2024-04-23 04:00:00,17238.742,17658.376,2024-04-24 09:51:00,25.986018601858866,ABOVE_DR,True,17389.919,2024-04-24 16:07:00,9.87698769876949,ABOVE_DR,True
2024-04-23,RDR,LONG,17426.921,17285.587,141.33399999999892,2024-04-23 10:30:00,17457.287,17658.376,2024-04-24 09:51:00,1.6376455771435288,ABOVE_DR,True,17389.919,2024-04-24 16:07:00,0.0,INSIDE_DR,True
2024-04-24,ADR,LONG,17573.208,17544.365,28.84299999999712,2024-04-23 21:15:00,17583.464,17690.131,2024-04-25 16:05:00,4.053773879277959,ABOVE_DR,True,17176.143,2024-04-25 09:35:00,12.766425129148784,BELOW_DR,True
2024-04-24,ODR,SHORT,17595.932,17577.132,18.799999999999272,2024-04-24 04:45:00,17570.154,17690.131,2024-04-25 16:05:00,5.010585106383201,ABOVE_DR,True,17176.143,2024-04-25 09:35:00,21.329202127660473,BELOW_DR,True
2024-04-24,RDR,SHORT,17649.875,17583.032,66.84300000000076,2024-04-24 10:35:00,17573.053,17690.131,2024-04-25 16:05:00,0.6022470565354752,ABOVE_DR,True,17176.143,2024-04-25 09:35:00,6.0872342653680205,BELOW_DR,True
2024-04-25,ADR,LONG,17346.532,17318.732,27.799999999999272,2024-04-24 20:40:00,17351.199,17772.789,2024-04-26 13:34:00,15.332985611511244,ABOVE_DR,True,17540.442,2024-04-26 09:33:00,6.975179856115285,ABOVE_DR,True
2024-04-25,ODR,LONG,17330.02,17306.12,23.90000000000145,2024-04-25 04:00:00,17336.264,17772.789,2024-04-26 13:34:00,18.525899581588842,ABOVE_DR,True,17540.442,2024-04-26 09:33:00,8.804267782426187,ABOVE_DR,True
2024-04-25,RDR,LONG,17310.943,17181.642,129.30099999999948,2024-04-25 12:20:00,17327.399,17772.789,2024-04-26 13:34:00,3.5718671936025492,ABOVE_DR,True,17540.442,2024-04-26 09:33:00,1.7749205342572814,ABOVE_DR,True
2024-04-29,ADR,LONG,17764.143,17736.72,27.422999999998865,2024-04-28 21:35:00,17766.187,17795.186,2024-04-29 22:36:00,1.1320059803815326,ABOVE_DR,True,17392.743,2024-04-30 16:01:00,12.543375998250259,BELOW_DR,True
2024-04-29,ODR,LONG,17779.376,17762.61,16.76599999999962,2024-04-29 04:10:00,17780.675,17795.186,2024-04-29 22:36:00,0.9429798401527894,ABOVE_DR,True,17392.743,2024-04-30 16:01:00,22.060539186449382,BELOW_DR,True
2024-04-29,RDR,SHORT,17808.72,17706.098,102.6219999999994,2024-04-29 15:00:00,17689.754,17795.186,2024-04-29 22:36:00,0.0,INSIDE_DR,True,17392.743,2024-04-30 16:01:00,3.053487556274532,BELOW_DR,True
2024-04-30,ADR,LONG,17786.576,17774.309,12.266999999999824,2024-04-29 21:25:00,17789.243,17676.119,2024-05-01 15:02:00,8.004402054292308,BELOW_DR,True,17283.331,2024-05-01 12:01:00,40.024292818130746,BELOW_DR,True
2024-04-30,ODR,SHORT,17780.799,17758.873,21.92599999999948,2024-04-30 04:50:00,17747.898,17676.119,2024-05-01 15:02:00,3.774240627565574,BELOW_DR,True,17283.331,2024-05-01 12:01:00,21.688497673994917,BELOW_DR,True
2024-04-30,RDR,SHORT,17759.076,17703.553,55.52300000000105,2024-04-30 11:00:00,17694.298,17676.119,2024-05-01 15:02:00,0.49410154350450425,BELOW_DR,True,17283.331,2024-05-01 12:01:00,7.568431100624852,BELOW_DR,True
2024-05-01,ADR,LONG,17394.609,17362.219,32.38999999999942,2024-04-30 22:35:00,17398.675,17578.819,2024-05-02 15:10:00,5.6872491509725975,ABOVE_DR,True,17283.131,2024-05-02 10:09:00,2.4417412781723113,BELOW_DR,True
2024-05-01,ODR,SHORT,17375.609,17337.864,37.74499999999898,2024-05-01 05:05:00,17311.176,17578.819,2024-05-02 15:10:00,5.383759438336326,ABOVE_DR,True,17283.131,2024-05-02 10:09:00,1.4500728573321406,BELOW_DR,True
2024-05-01,RDR,SHORT,17381.01,17330.819,50.190999999998894,2024-05-01 11:15:00,17305.109,17578.819,2024-05-02 15:10:00,3.9411249028711417,ABOVE_DR,True,17283.131,2024-05-02 10:09:00,0.9501305014843165,BELOW_DR,True
2024-05-02,ADR,LONG,17422.719,17387.208,35.51100000000224,2024-05-01 20:50:00,17428.554,17941.01,2024-05-03 10:00:00,14.59522401509292,ABOVE_DR,True,17612.454,2024-05-03 03:20:00,5.342992312240956,ABOVE_DR,True
2024-05-02,ODR,LONG,17465.02,17425.075,39.94499999999971,2024-05-02 04:20:00,17478.087,17941.01,2024-05-03 10:00:00,11.916134685192175,ABOVE_DR,True,17612.454,2024-05-03 03:20:00,3.690925021905174,ABOVE_DR,True
2024-05-02,RDR,LONG,17470.264,17297.832,172.4320000000007,2024-05-02 13:25:00,17498.554,17941.01,2024-05-03 10:00:00,2.7300385079335463,ABOVE_DR,True,17612.454,2024-05-03 03:20:00,0.824614920664388,ABOVE_DR,True
2024-05-06,ADR,SHORT,17914.52,17889.075,25.44499999999971,2024-05-06 00:45:00,17884.653,18156.821,2024-05-07 13:32:00,9.522538809196394,ABOVE_DR,True,18044.543,2024-05-07 07:43:00,5.109962664570742,ABOVE_DR,True
2024-05-06,ODR,LONG,17915.743,17890.776,24.966999999996915,2024-05-06 04:25:00,17920.989,18156.821,2024-05-07 13:32:00,9.655865742781717,ABOVE_DR,True,18044.543,2024-05-07 07:43:00,5.158809628710651,ABOVE_DR,True
2024-05-06,RDR,LONG,18001.421,17959.975,41.44599999999991,2024-05-06 11:45:00,18008.189,18156.821,2024-05-07 13:32:00,3.7494571249336914,ABOVE_DR,True,18044.543,2024-05-07 07:43:00,1.0404381604980726,ABOVE_DR,True
2024-05-07,ADR,SHORT,18080.064,18073.231,6.832999999998719,2024-05-06 20:30:00,18069.531,18138.398,2024-05-08 10:49:00,8.537099370702984,ABOVE_DR,True,17965.743,2024-05-08 08:38:00,15.730718571640763,BELOW_DR,True
2024-05-07,ODR,SHORT,18088.098,18057.621,30.47700000000259,2024-05-07 04:05:00,18053.709,18138.398,2024-05-08 10:49:00,1.6504249105881483,ABOVE_DR,True,17965.743,2024-05-08 08:38:00,3.0146667979129442,BELOW_DR,True
2024-05-07,RDR,LONG,18120.799,18081.308,39.49099999999817,2024-05-07 10:55:00,18143.165,18138.398,2024-05-08 10:49:00,0.445645843356785,ABOVE_DR,True,17965.743,2024-05-08 08:38:00,2.926362968777891,BELOW_DR,True
2024-05-08,ADR,SHORT,18102.387,18094.243,8.144000000000233,2024-05-07 23:20:00,18088.198,18141.719,2024-05-09 16:13:00,4.829567779960834,ABOVE_DR,True,18004.032,2024-05-09 05:19:00,11.07698919449862,BELOW_DR,True
2024-05-08,ODR,SHORT,18102.699,18087.91,14.78900000000067,2024-05-08 04:55:00,18085.419,18141.719,2024-05-09 16:13:00,2.6384474947595287,ABOVE_DR,True,18004.032,2024-05-09 05:19:00,5.671647846372088,BELOW_DR,True
2024-05-08,RDR,LONG,18097.91,17978.798,119.112000000001,2024-05-08 10:40:00,18115.074,18141.719,2024-05-09 16:13:00,0.36779669554705435,ABOVE_DR,True,18004.032,2024-05-09 05:19:00,0.0,INSIDE_DR,True
2024-05-09,ADR,LONG,18068.086,18056.986,11.099999999998545,2024-05-08 20:50:00,18069.243,18250.053,2024-05-10 09:49:00,16.393423423425624,ABOVE_DR,True,18091.389,2024-05-10 10:55:00,2.0993693693696343,ABOVE_DR,True
2024-05-09,ODR,SHORT,18056.743,18025.519,31.22399999999834,2024-05-09 05:15:00,18006.819,18250.053,2024-05-10 09:49:00,6.1910709710482825,ABOVE_DR,True,18091.389,2024-05-10 10:55:00,1.1095951831924955,ABOVE_DR,True
2024-05-09,RDR,LONG,18086.465,18017.787,68.67799999999988,2024-05-09 10:35:00,18107.365,18250.053,2024-05-10 09:49:00,2.381956376132095,ABOVE_DR,True,18091.389,2024-05-10 10:55:00,0.0716969043944069,ABOVE_DR,True
2024-05-13,ADR,LONG,18157.12,18146.221,10.898999999997612,2024-05-12 20:55:00,18161.798,18336.087,2024-05-14 15:55:00,16.420497293333312,ABOVE_DR,True,18075.898,2024-05-14 08:30:00,6.452243325077138,BELOW_DR,True
2024-05-13,ODR,SHORT,18200.119,18184.187,15.93199999999706,2024-05-13 04:15:00,18177.899,18336.087,2024-05-14 15:55:00,8.534270650265242,ABOVE_DR,True,18075.898,2024-05-14 08:30:00,6.796949535527282,BELOW_DR,True
2024-05-14,ADR,SHORT,18194.276,18189.064,5.212000000003172,2024-05-13 20:40:00,18184.631,18607.889,2024-05-15 15:23:00,79.35782808897656,ABOVE_DR,True,18294.731,2024-05-15 03:45:00,19.27379125094723,ABOVE_DR,True
2024-05-14,ODR,LONG,18201.364,18192.21,9.15400000000227,2024-05-14 04:20:00,18205.52,18607.889,2024-05-15 15:23:00,44.409547738682214,ABOVE_DR,True,18294.731,2024-05-15 03:45:00,10.199584880923663,ABOVE_DR,True
2024-05-14,RDR,LONG,18269.543,18177.863,91.68000000000028,2024-05-14 14:10:00,18280.02,18607.889,2024-05-15 15:23:00,3.6905104712041528,ABOVE_DR,True,18294.731,2024-05-15 03:45:00,0.2747382198952684,ABOVE_DR,True
2024-05-15,ADR,SHORT,18324.21,18317.308,6.901999999998225,2024-05-14 20:35:00,18303.564,18669.932,2024-05-16 11:09:00,50.09011880615626,ABOVE_DR,True,18542.753,2024-05-16 16:12:00,31.663720660686423,ABOVE_DR,True
2024-05-15,ODR,LONG,18319.299,18296.164,23.1349999999984,2024-05-15 05:40:00,18321.343,18669.932,2024-05-16 11:09:00,15.155954181976481,ABOVE_DR,True,18542.753,2024-05-16 16:12:00,9.658698940999223,ABOVE_DR,True
2024-05-15,RDR,LONG,18440.308,18370.697,69.61100000000079,2024-05-15 10:30:00,18451.065,18669.932,2024-05-16 11:09:00,3.2986740601341342,ABOVE_DR,True,18542.753,2024-05-16 16:12:00,1.471678326701219,ABOVE_DR,True
2024-05-16,ADR,LONG,18634.299,18623.264,11.034999999999854,2024-05-15 23:30:00,18638.953,18592.809,2024-05-17 08:58:00,2.7598550067964216,BELOW_DR,True,18456.554,2024-05-17 14:23:00,15.107385591300527,BELOW_DR,True
2024-05-16,ODR,SHORT,18634.589,18621.075,13.513999999999214,2024-05-16 08:05:00,18616.386,18592.809,2024-05-17 08:58:00,2.0916087020868184,BELOW_DR,True,18456.554,2024-05-17 14:23:00,12.174115731834409,BELOW_DR,True
2024-05-16,RDR,LONG,18628.289,18583.842,44.44700000000012,2024-05-16 10:40:00,18634.932,18592.809,2024-05-17 08:58:00,0.0,INSIDE_DR,True,18456.554,2024-05-17 14:23:00,2.863815330618492,BELOW_DR,True
2024-05-20,ADR,LONG,18582.586,18573.821,8.764999999999418,2024-05-19 20:40:00,18583.799,18721.897,2024-05-21 15:58:00,15.894010268113037,ABOVE_DR,True,18591.643,2024-05-21 09:31:00,1.0333143183116145,ABOVE_DR,True
2024-05-20,ODR,LONG,18580.808,18570.331,10.47700000000259,2024-05-20 04:00:00,18581.054,18721.897,2024-05-21 15:58:00,13.466545766914676,ABOVE_DR,True,18591.643,2024-05-21 09:31:00,1.0341700868565857,ABOVE_DR,True
2024-05-20,RDR,LONG,18666.019,18554.71,111.3090000000011,2024-05-20 10:45:00,18678.82,18721.897,2024-05-21 15:58:00,0.5020079238875568,ABOVE_DR,True,18591.643,2024-05-21 09:31:00,0.0,INSIDE_DR,True
2024-05-21,ADR,LONG,18666.199,18658.631,7.567999999999301,2024-05-20 20:40:00,18669.676,18755.797,2024-05-22 11:07:00,11.839059196618184,ABOVE_DR,True,18602.186,2024-05-22 14:42:00,7.458377378436169,BELOW_DR,True
2024-05-21,ODR,SHORT,18673.708,18657.143,16.56499999999869,2024-05-21 04:20:00,18653.743,18755.797,2024-05-22 11:07:00,4.955568970721789,ABOVE_DR,True,18602.186,2024-05-22 14:42:00,3.317657712043638,BELOW_DR,True
2024-05-21,RDR,LONG,18645.442,18597.987,47.45499999999811,2024-05-21 10:30:00,18657.476,18755.797,2024-05-22 11:07:00,2.325466231166452,ABOVE_DR,True,18602.186,2024-05-22 14:42:00,0.0,INSIDE_DR,True
2024-05-22,ADR,LONG,18729.276,18723.219,6.0570000000006985,2024-05-21 22:00:00,18736.197,18945.643,2024-05-23 08:47:00,35.72180947663421,ABOVE_DR,True,18549.354,2024-05-23 15:06:00,28.704804358590316,BELOW_DR,True
2024-05-22,ODR,SHORT,18720.908,18704.998,15.909999999999854,2024-05-22 05:15:00,18700.443,18945.643,2024-05-23 08:47:00,14.125392834695326,ABOVE_DR,True,18549.354,2024-05-23 15:06:00,9.782778126964278,BELOW_DR,True
2024-05-22,RDR,LONG,18742.298,18722.643,19.65499999999884,2024-05-22 11:05:00,18747.899,18945.643,2024-05-23 08:47:00,10.345713558891537,ABOVE_DR,True,18549.354,2024-05-23 15:06:00,8.816535232765755,BELOW_DR,True
2024-05-23,ADR,SHORT,18797.689,18786.719,10.969999999997526,2024-05-22 20:40:00,18783.81,18853.975,2024-05-24 14:18:00,5.130902461259138,ABOVE_DR,True,18610.61,2024-05-23 18:10:00,16.053691886968103,BELOW_DR,True
2024-05-23,ODR,LONG,18871.099,18853.454,17.6449999999968,2024-05-23 05:40:00,18877.853,18853.975,2024-05-24 14:18:00,0.0,INSIDE_DR,True,18610.61,2024-05-23 18:10:00,13.76276565599575,BELOW_DR,True
2024-05-23,RDR,SHORT,18905.831,18777.176,128.65499999999884,2024-05-23 10:50:00,18761.289,18853.975,2024-05-24 14:18:00,0.0,INSIDE_DR,True,18610.61,2024-05-23 18:10:00,1.294671796665504,BELOW_DR,True
2024-05-27,ADR,LONG,18777.897,18765.897,12.0,2024-05-26 21:40:00,18779.886,18911.364,2024-05-28 05:00:00,11.122250000000045,ABOVE_DR,True,18751.487,2024-05-28 14:39:00,1.2008333333333212,BELOW_DR,True
2024-05-27,ODR,SHORT,18814.021,18799.884,14.137000000002445,2024-05-27 04:10:00,18794.31,18911.364,2024-05-28 05:00:00,6.885690033244955,ABOVE_DR,True,18751.487,2024-05-28 14:39:00,3.4234278842745165,BELOW_DR,True
2024-05-27,RDR,LONG,18836.576,18808.889,27.68700000000172,2024-05-27 11:00:00,18843.887,18911.364,2024-05-28 05:00:00,2.7011955069164526,ABOVE_DR,True,18751.487,2024-05-28 14:39:00,2.073247372412853,BELOW_DR,True
2024-05-28,ADR,LONG,18846.675,18822.021,24.653999999998632,2024-05-27 23:05:00,18849.187,18880.199,2024-05-28 19:27:00,1.3597793461508523,ABOVE_DR,True,18687.942,2024-05-29 09:28:00,5.4384278413242875,BELOW_DR,True
2024-05-28,ODR,LONG,18869.851,18847.442,22.40899999999965,2024-05-28 04:05:00,18874.332,18880.199,2024-05-28 19:27:00,0.4617787496096183,ABOVE_DR,True,18687.942,2024-05-29 09:28:00,7.117675933776718,BELOW_DR,True
2024-05-28,RDR,LONG,18851.299,18779.542,71.75699999999779,2024-05-28 12:50:00,18868.897,18880.199,2024-05-28 19:27:00,0.4027481639422265,ABOVE_DR,True,18687.942,2024-05-29 09:28:00,1.2765305127026632,BELOW_DR,True
2024-05-29,ADR,SHORT,18879.189,18858.854,20.334999999999127,2024-05-28 20:35:00,18847.81,18723.719,2024-05-30 08:45:00,6.645438898451153,BELOW_DR,True,18484.875,2024-05-30 15:50:00,18.390902385051163,BELOW_DR,True
2024-05-29,ODR,SHORT,18817.897,18779.419,38.47799999999916,2024-05-29 04:05:00,18772.589,18723.719,2024-05-30 08:45:00,1.4475804355736248,BELOW_DR,True,18484.875,2024-05-30 15:50:00,7.654867716617498,BELOW_DR,True
2024-05-29,RDR,LONG,18792.389,18697.643,94.7459999999992,2024-05-29 10:30:00,18803.475,18723.719,2024-05-30 08:45:00,0.0,INSIDE_DR,True,18484.875,2024-05-30 15:50:00,2.2456673632660147,BELOW_DR,True
2024-05-30,ADR,SHORT,18668.698,18646.32,22.37800000000061,2024-05-29 22:20:00,18636.719,18604.132,2024-05-31 08:50:00,1.8852444365000058,BELOW_DR,True,18188.154,2024-05-31 12:23:00,20.47394762713328,BELOW_DR,True
2024-05-30,ODR,LONG,18638.389,18596.676,41.71299999999974,2024-05-30 04:00:00,18643.409,18604.132,2024-05-31 08:50:00,0.0,INSIDE_DR,True,18188.154,2024-05-31 12:23:00,9.79363747512774,BELOW_DR,True
2024-05-30,RDR,SHORT,18701.175,18643.286,57.888999999999214,2024-05-30 10:35:00,18604.331,18604.132,2024-05-31 08:50:00,0.6763633850990545,BELOW_DR,True,18188.154,2024-05-31 12:23:00,7.862149976679639,BELOW_DR,True
2024-06-03,ADR,LONG,18590.686,18529.743,60.94300000000294,2024-06-02 22:40:00,18593.775,18700.989,2024-06-04 14:48:00,1.8099371543900786,ABOVE_DR,True,18464.809,2024-06-04 05:04:00,1.065487422673553,BELOW_DR,True
2024-06-03,ODR,LONG,18613.232,18573.342,39.88999999999942,2024-06-03 05:05:00,18621.154,18700.989,2024-06-04 14:48:00,2.199974931060484,ABOVE_DR,True,18464.809,2024-06-04 05:04:00,2.720807219854626,BELOW_DR,True
2024-06-03,RDR,SHORT,18680.253,18602.621,77.63200000000143,2024-06-03 10:45:00,18558.71,18700.989,2024-06-04 14:48:00,0.2671063478977793,ABOVE_DR,True,18464.809,2024-06-04 05:04:00,1.77519579554817,BELOW_DR,True
2024-06-04,ADR,LONG,18622.509,18603.21,19.29899999999907,2024-06-03 20:30:00,18626.665,19032.689,2024-06-05 15:56:00,21.253950981917203,ABOVE_DR,True,18647.398,2024-06-04 18:08:00,1.2896523135915878,ABOVE_DR,True
2024-06-04,ODR,SHORT,18582.389,18532.665,49.72399999999834,2024-06-04 04:30:00,18514.854,19032.689,2024-06-05 15:56:00,9.05598905960933,ABOVE_DR,True,18647.398,2024-06-04 18:08:00,1.3073968305044648,ABOVE_DR,True
2024-06-04,RDR,LONG,18592.431,18531.409,61.02200000000085,2024-06-04 14:15:00,18639.989,19032.689,2024-06-05 15:56:00,7.214742224115759,ABOVE_DR,True,18647.398,2024-06-04 18:08:00,0.9007734915276423,ABOVE_DR,True
2024-06-05,ADR,SHORT,18691.932,18677.432,14.5,2024-06-04 21:20:00,18669.953,19076.419,2024-06-06 08:15:00,26.516344827586273,ABOVE_DR,True,18974.21,2024-06-06 14:10:00,19.467448275861962,ABOVE_DR,True
2024-06-05,ODR,LONG,18689.589,18661.932,27.656999999999243,2024-06-05 04:00:00,18693.819,19076.419,2024-06-06 08:15:00,13.986694146147896,ABOVE_DR,True,18974.21,2024-06-06 14:10:00,10.291101710236358,ABOVE_DR,True
2024-06-05,RDR,LONG,18844.786,18773.621,71.16500000000087,2024-06-05 10:30:00,18882.621,19076.419,2024-06-06 08:15:00,3.2548724794491504,ABOVE_DR,True,18974.21,2024-06-06 14:10:00,1.8186468067167496,ABOVE_DR,True
2024-06-06,ADR,SHORT,19049.11,19026.61,22.5,2024-06-05 20:35:00,19023.409,19117.665,2024-06-07 13:24:00,3.0468888888889016,ABOVE_DR,True,18901.254,2024-06-07 08:43:00,5.5713777777777675,BELOW_DR,True
2024-06-06,ODR,LONG,19056.989,19040.621,16.368000000002212,2024-06-06 04:15:00,19058.62,19117.665,2024-06-07 13:24:00,3.706989247311295,ABOVE_DR,True,18901.254,2024-06-07 08:43:00,8.514601661777832,BELOW_DR,True
2024-06-06,RDR,SHORT,19067.409,18986.875,80.53399999999965,2024-06-06 14:05:00,18982.221,19117.665,2024-06-07 13:24:00,0.6240345692502725,ABOVE_DR,True,18901.254,2024-06-07 08:43:00,1.0631658678322145,BELOW_DR,True
2024-06-10,ADR,LONG,18998.785,18981.21,17.575000000000728,2024-06-09 23:00:00,19002.686,19224.089,2024-06-11 16:14:00,12.819573257467468,ABOVE_DR,True,18964.554,2024-06-11 09:55:00,0.9477098150781422,BELOW_DR,True
2024-06-10,ODR,SHORT,18983.42,18967.251,16.16899999999805,2024-06-10 05:20:00,18943.91,19224.089,2024-06-11 16:14:00,14.884593976129056,ABOVE_DR,True,18964.554,2024-06-11 09:55:00,0.16680066794486,BELOW_DR,True
2024-06-10,RDR,LONG,18998.986,18951.997,46.9890000000014,2024-06-10 10:35:00,19002.787,19224.089,2024-06-11 16:14:00,4.790546723701131,ABOVE_DR,True,18964.554,2024-06-11 09:55:00,0.0,INSIDE_DR,True
2024-06-11,ADR,LONG,19051.786,19042.486,9.299999999999272,2024-06-10 21:35:00,19055.742,19557.099,2024-06-12 15:22:00,54.334731182799764,ABOVE_DR,True,19201.12,2024-06-11 18:09:00,16.05741935483985,ABOVE_DR,True
2024-06-11,ODR,SHORT,19064.899,19049.686,15.212999999999738,2024-06-11 04:35:00,19046.289,19557.099,2024-06-12 15:22:00,32.35390784197762,ABOVE_DR,True,19201.12,2024-06-11 18:09:00,8.95424965490042,ABOVE_DR,True
2024-06-11,RDR,LONG,19056.486,18965.22,91.26599999999962,2024-06-11 10:35:00,19061.708,19557.099,2024-06-12 15:22:00,5.485208073104986,ABOVE_DR,True,19201.12,2024-06-11 18:09:00,1.5847522626169526,ABOVE_DR,True
2024-06-12,ADR,SHORT,19232.953,19216.997,15.95600000000195,2024-06-11 20:30:00,19213.076,19656.153,2024-06-13 08:30:00,26.522938079715804,ABOVE_DR,True,19473.176,2024-06-13 12:30:00,15.055339684129404,ABOVE_DR,True
2024-06-12,ODR,LONG,19223.186,19212.131,11.055000000000293,2024-06-12 04:10:00,19227.62,19656.153,2024-06-13 08:30:00,39.16481230212442,ABOVE_DR,True,19473.176,2024-06-13 12:30:00,22.6132971506098,ABOVE_DR,True
2024-06-12,RDR,LONG,19511.997,19370.808,141.1889999999985,2024-06-12 15:10:00,19524.508,19656.153,2024-06-13 08:30:00,1.0210143849733377,ABOVE_DR,True,19473.176,2024-06-13 12:30:00,0.0,INSIDE_DR,True
2024-06-13,ADR,LONG,19588.21,19565.021,23.188999999998487,2024-06-12 20:30:00,19592.653,19670.099,2024-06-14 16:07:00,3.5313726335764613,ABOVE_DR,True,19478.242,2024-06-14 07:08:00,3.7422484798830453,BELOW_DR,True
2024-06-13,ODR,SHORT,19638.599,19609.686,28.912999999996828,2024-06-13 04:45:00,19601.687,19670.099,2024-06-14 16:07:00,1.0894753225194016,ABOVE_DR,True,19478.242,2024-06-14 07:08:00,4.5461902950236075,BELOW_DR,True
2024-06-13,RDR,SHORT,19629.308,19513.131,116.17699999999968,2024-06-13 12:20:00,19500.243,19670.099,2024-06-14 16:07:00,0.3511108050646647,ABOVE_DR,True,19478.242,2024-06-14 07:08:00,0.3003090112501007,BELOW_DR,True
2024-06-17,ADR,SHORT,19697.231,19690.208,7.023000000001048,2024-06-16 20:35:00,19684.409,19979.898,2024-06-18 08:30:00,40.24875409368633,ABOVE_DR,True,19839.41,2024-06-18 11:14:00,20.24476719350404,ABOVE_DR,True
2024-06-17,ODR,LONG,19704.609,19685.586,19.023000000001048,2024-06-17 04:05:00,19715.242,19979.898,2024-06-18 08:30:00,14.471376754454372,ABOVE_DR,True,19839.41,2024-06-18 11:14:00,7.086211428270622,ABOVE_DR,True
2024-06-17,RDR,LONG,19693.075,19628.265,64.81000000000131,2024-06-17 11:00:00,19712.709,19979.898,2024-06-18 08:30:00,4.425597901558317,ABOVE_DR,True,19839.41,2024-06-18 11:14:00,2.2579077302884767,ABOVE_DR,True
2024-06-18,ADR,SHORT,19917.842,19894.787,23.05500000000029,2024-06-17 20:30:00,19891.721,19963.408,2024-06-19 09:33:00,1.9764042507047634,ABOVE_DR,True,19919.508,2024-06-18 20:40:00,0.07226198221648475,ABOVE_DR,True
2024-06-18,ODR,LONG,19923.886,19903.342,20.54399999999805,2024-06-18 04:05:00,19935.753,19963.408,2024-06-19 09:33:00,1.923773364486205,ABOVE_DR,True,19919.508,2024-06-18 20:40:00,0.0,INSIDE_DR,True
2024-06-18,RDR,SHORT,19922.032,19887.752,34.27999999999884,2024-06-18 10:55:00,19875.597,19963.408,2024-06-19 09:33:00,1.2070011668611902,ABOVE_DR,True,19919.508,2024-06-18 20:40:00,0.0,INSIDE_DR,True
2024-06-19,ADR,LONG,19934.965,19920.931,14.03399999999965,2024-06-18 23:10:00,19936.309,20083.989,2024-06-20 03:31:00,10.618782955679418,ABOVE_DR,True,19678.632,2024-06-20 13:39:00,17.265141798489747,BELOW_DR,True
2024-06-19,ODR,SHORT,19946.453,19939.308,7.145000000000437,2024-06-19 04:35:00,19934.797,20083.989,2024-06-20 03:31:00,19.2492652204327,ABOVE_DR,True,19678.632,2024-06-20 13:39:00,36.483694891530234,BELOW_DR,True
2024-06-19,RDR,SHORT,19958.299,19946.886,11.413000000000466,2024-06-19 10:30:00,19937.542,20083.989,2024-06-20 03:31:00,11.012880049066608,ABOVE_DR,True,19678.632,2024-06-20 13:39:00,23.50424953999704,BELOW_DR,True
2024-06-20,ADR,LONG,19956.497,19945.119,11.378000000000611,2024-06-19 20:30:00,19957.521,19814.086,2024-06-21 02:14:00,11.516347336965408,BELOW_DR,True,19641.897,2024-06-21 09:52:00,26.649850588854072,BELOW_DR,True
2024-06-20,ODR,SHORT,20064.376,20024.453,39.92299999999887,2024-06-20 07:35:00,20017.754,19814.086,2024-06-21 02:14:00,5.269318437993336,BELOW_DR,True,19641.897,2024-06-21 09:52:00,9.582346016081239,BELOW_DR,True
2024-06-20,RDR,SHORT,19974.854,19840.019,134.83499999999913,2024-06-20 12:20:00,19807.487,19814.086,2024-06-21 02:14:00,0.19233136796826544,BELOW_DR,True,19641.897,2024-06-21 09:52:00,1.4693662624689485,BELOW_DR,True
2024-06-24,ADR,SHORT,19748.608,19728.676,19.9320000000007,2024-06-23 21:05:00,19714.889,19715.689,2024-06-25 15:29:00,0.6515653220951503,BELOW_DR,True,19458.642,2024-06-25 04:02:00,13.54776239213276,BELOW_DR,True
2024-06-24,ODR,SHORT,19744.642,19717.332,27.31000000000131,2024-06-24 05:30:00,19697.699,19715.689,2024-06-25 15:29:00,0.06016111314536618,BELOW_DR,True,19458.642,2024-06-25 04:02:00,9.472354448919308,BELOW_DR,True
2024-06-24,RDR,SHORT,19719.054,19595.031,124.02300000000103,2024-06-24 10:40:00,19588.419,19715.689,2024-06-25 15:29:00,0.0,INSIDE_DR,True,19458.642,2024-06-25 04:02:00,1.0997073123533383,BELOW_DR,True
2024-06-25,ADR,SHORT,19504.475,19491.932,12.542999999997846,2024-06-24 20:55:00,19484.498,19806.808,2024-06-26 04:03:00,24.103723192223093,ABOVE_DR,True,19637.854,2024-06-26 09:08:00,10.633739934626782,ABOVE_DR,True
2024-06-25,ODR,LONG,19513.709,19470.421,43.28800000000047,2024-06-25 04:20:00,19520.053,19806.808,2024-06-26 04:03:00,6.770906486786148,ABOVE_DR,True,19637.854,2024-06-26 09:08:00,2.867884864165567,ABOVE_DR,True
2024-06-25,RDR,LONG,19626.054,19537.876,88.17799999999988,2024-06-25 11:10:00,19654.589,19806.808,2024-06-26 04:03:00,2.049876386400248,ABOVE_DR,True,19637.854,2024-06-26 09:08:00,0.13382022726756435,ABOVE_DR,True
2024-06-26,ADR,LONG,19716.064,19701.875,14.188999999998488,2024-06-25 20:50:00,19723.386,19857.087,2024-06-27 10:15:00,9.93889632814265,ABOVE_DR,True,19614.843,2024-06-26 20:46:00,6.13376559306565,BELOW_DR,True
2024-06-26,ODR,SHORT,19804.476,19730.454,74.0219999999972,2024-06-26 07:30:00,19720.076,19857.087,2024-06-27 10:15:00,0.7107481559536728,ABOVE_DR,True,19614.843,2024-06-26 20:46:00,1.5618464780741557,BELOW_DR,True
2024-06-27,ADR,SHORT,19658.698,19647.61,11.087999999999738,2024-06-26 20:35:00,19627.909,20021.743,2024-06-28 10:15:00,32.742153679654294,ABOVE_DR,True,19660.787,2024-06-28 15:34:00,0.1884018759018751,ABOVE_DR,True
2024-06-27,ODR,SHORT,19709.662,19687.386,22.27600000000166,2024-06-27 04:20:00,19678.808,20021.743,2024-06-28 10:15:00,14.009741425748567,ABOVE_DR,True,19660.787,2024-06-28 15:34:00,1.1940653618242216,BELOW_DR,True
2024-06-27,RDR,SHORT,19851.787,19730.51,121.27700000000186,2024-06-27 11:30:00,19706.598,20021.743,2024-06-28 10:15:00,1.4013869076576408,ABOVE_DR,True,19660.787,2024-06-28 15:34:00,0.5749070310116269,BELOW_DR,True
2024-07-01,ADR,LONG,19729.843,19701.597,28.245999999999185,2024-06-30 20:30:00,19732.908,20014.31,2024-07-02 15:59:00,10.071054308574976,ABOVE_DR,True,19669.421,2024-07-02 07:53:00,1.1391347447427616,BELOW_DR,True
2024-07-01,ODR,SHORT,19766.084,19701.153,64.9310000000005,2024-07-01 04:40:00,19679.219,20014.31,2024-07-02 15:59:00,3.8229197147741525,ABOVE_DR,True,19669.421,2024-07-02 07:53:00,0.4887033928323871,BELOW_DR,True
2024-07-01,RDR,LONG,19727.31,19579.232,148.07800000000134,2024-07-01 12:05:00,19763.532,20014.31,2024-07-02 15:59:00,1.9381677224165468,ABOVE_DR,True,19669.421,2024-07-02 07:53:00,0.0,INSIDE_DR,True
2024-07-02,ADR,SHORT,19782.086,19745.165,36.92099999999846,2024-07-01 20:30:00,19738.043,20197.389,2024-07-03 13:05:00,11.248422307088575,ABOVE_DR,True,19963.187,2024-07-03 08:41:00,4.905094661574983,ABOVE_DR,True
2024-07-02,ODR,SHORT,19747.886,19700.719,47.16699999999764,2024-07-02 07:10:00,19694.41,20197.389,2024-07-03 13:05:00,9.530031589883246,ABOVE_DR,True,19963.187,2024-07-03 08:41:00,4.564653253334193,ABOVE_DR,True
2024-07-02,RDR,LONG,19833.842,19740.587,93.25500000000102,2024-07-02 10:50:00,19873.064,20197.389,2024-07-03 13:05:00,3.898418315371773,ABOVE_DR,True,19963.187,2024-07-03 08:41:00,1.387003377834966,ABOVE_DR,True
2024-07-03,ADR,SHORT,20007.397,19991.275,16.12199999999939,2024-07-02 23:25:00,19990.62,20178.631,2024-07-03 21:45:00,10.62113881652443,ABOVE_DR,True,20132.164,2024-07-04 10:51:00,7.738928172683573,ABOVE_DR,True
2024-07-03,ODR,LONG,20012.265,19995.61,16.654999999998836,2024-07-03 04:20:00,20013.621,20178.631,2024-07-03 21:45:00,9.988952266587416,ABOVE_DR,True,20132.164,2024-07-04 10:51:00,7.198979285500428,ABOVE_DR,True
2024-07-03,RDR,LONG,20048.399,19977.089,71.31000000000131,2024-07-03 10:40:00,20064.365,20178.631,2024-07-03 21:45:00,1.8262796241760983,ABOVE_DR,True,20132.164,2024-07-04 10:51:00,1.1746599354928886,ABOVE_DR,True
2024-07-04,ADR,LONG,20171.643,20160.687,10.955999999998312,2024-07-03 21:40:00,20176.697,20405.119,2024-07-05 15:54:00,21.31033223804625,ABOVE_DR,True,20142.676,2024-07-04 18:00:00,1.6439393939398517,BELOW_DR,True
2024-07-04,ODR,SHORT,20169.732,20160.697,9.034999999999854,2024-07-04 05:00:00,20158.989,20405.119,2024-07-05 15:54:00,26.05279468732735,ABOVE_DR,True,20142.676,2024-07-04 18:00:00,1.9945766463753105,BELOW_DR,True
2024-07-04,RDR,SHORT,20166.753,20137.886,28.867000000002008,2024-07-04 10:45:00,20132.719,20405.119,2024-07-05 15:54:00,8.257387328090262,ABOVE_DR,True,20142.676,2024-07-04 18:00:00,0.0,INSIDE_DR,True
2024-07-08,ADR,SHORT,20367.875,20354.921,12.954000000001544,2024-07-07 21:00:00,20350.621,20546.399,2024-07-09 10:12:00,13.781380268641344,ABOVE_DR,True,20389.576,2024-07-09 13:25:00,1.675235448509985,ABOVE_DR,True
2024-07-08,ODR,LONG,20373.364,20356.332,17.03200000000288,2024-07-08 04:20:00,20375.164,20546.399,2024-07-09 10:12:00,10.159405824328944,ABOVE_DR,True,20389.576,2024-07-09 13:25:00,0.9518553311411926,ABOVE_DR,True
2024-07-08,RDR,LONG,20409.397,20380.81,28.58699999999953,2024-07-08 11:20:00,20430.843,20546.399,2024-07-09 10:12:00,4.792458110329963,ABOVE_DR,True,20389.576,2024-07-09 13:25:00,0.0,INSIDE_DR,True
2024-07-09,ADR,SHORT,20521.687,20494.91,26.777000000001863,2024-07-08 21:55:00,20484.754,20689.309,2024-07-10 15:54:00,6.259924562123753,ABOVE_DR,True,20463.308,2024-07-09 18:06:00,1.1801919557828269,BELOW_DR,True
2024-07-09,ODR,LONG,20513.019,20489.62,23.39900000000125,2024-07-09 05:25:00,20516.176,20689.309,2024-07-10 15:54:00,7.534082653104468,ABOVE_DR,True,20463.308,2024-07-09 18:06:00,1.1244924996793313,BELOW_DR,True
2024-07-09,RDR,SHORT,20537.984,20479.165,58.81899999999951,2024-07-09 11:20:00,20458.021,20689.309,2024-07-10 15:54:00,2.572723099678709,ABOVE_DR,True,20463.308,2024-07-09 18:06:00,0.2695897584113994,BELOW_DR,True
2024-07-10,ADR,LONG,20481.832,20470.12,11.711999999999534,2024-07-09 20:55:00,20484.064,20757.354,2024-07-11 08:33:00,23.524760928962756,ABOVE_DR,True,20162.698,2024-07-11 14:07:00,26.248463114755026,BELOW_DR,True
2024-07-10,ODR,LONG,20490.289,20476.064,14.225000000002185,2024-07-10 04:00:00,20495.132,20757.354,2024-07-11 08:33:00,18.774340949030417,ABOVE_DR,True,20162.698,2024-07-11 14:07:00,22.029244288221445,BELOW_DR,True
2024-07-10,RDR,SHORT,20568.097,20511.575,56.52200000000085,2024-07-10 11:00:00,20495.108,20757.354,2024-07-11 08:33:00,3.3483776228724205,ABOVE_DR,True,20162.698,2024-07-11 14:07:00,6.172410742719563,BELOW_DR,True
2024-07-11,ODR,SHORT,20659.31,20649.575,9.735000000000582,2024-07-11 08:15:00,20644.52,20528.676,2024-07-12 13:57:00,12.419003595274168,BELOW_DR,True,20128.52,2024-07-12 08:30:00,53.52388289676108,BELOW_DR,True
2024-07-11,RDR,SHORT,20670.796,20445.076,225.71999999999755,2024-07-11 10:40:00,20428.121,20528.676,2024-07-12 13:57:00,0.0,INSIDE_DR,True,20128.52,2024-07-12 08:30:00,1.4024277866383303,BELOW_DR,True
2024-07-15,ADR,LONG,20352.854,20336.532,16.322000000000116,2024-07-14 20:30:00,20359.619,20481.489,2024-07-16 09:39:00,7.881080749908168,ABOVE_DR,True,20262.276,2024-07-16 12:31:00,4.549442470285324,BELOW_DR,True
2024-07-15,ODR,LONG,20422.187,20407.11,15.077000000001137,2024-07-15 07:00:00,20424.131,20481.489,2024-07-16 09:39:00,3.9332758506330974,ABOVE_DR,True,20262.276,2024-07-16 12:31:00,9.606287723021026,BELOW_DR,True
2024-07-15,RDR,LONG,20477.799,20393.299,84.5,2024-07-15 10:30:00,20491.653,20481.489,2024-07-16 09:39:00,0.04366863905328199,ABOVE_DR,True,20262.276,2024-07-16 12:31:00,1.5505680473372474,BELOW_DR,True
2024-07-16,ADR,SHORT,20439.306,20426.789,12.516999999999824,2024-07-15 20:35:00,20417.675,20391.689,2024-07-16 18:18:00,2.8041863066232064,BELOW_DR,True,19770.653,2024-07-17 16:01:00,52.419589358473395,BELOW_DR,True
2024-07-16,ODR,SHORT,20416.884,20363.298,53.58599999999933,2024-07-16 04:00:00,20357.231,20391.689,2024-07-16 18:18:00,0.0,INSIDE_DR,True,19770.653,2024-07-17 16:01:00,11.059698428694208,BELOW_DR,True
2024-07-16,RDR,SHORT,20477.854,20297.52,180.33399999999887,2024-07-16 12:30:00,20272.953,20391.689,2024-07-16 18:18:00,0.0,INSIDE_DR,True,19770.653,2024-07-17 16:01:00,2.9216176649994194,BELOW_DR,True
2024-07-17,ADR,LONG,20368.576,20357.253,11.32300000000032,2024-07-16 20:40:00,20375.243,19968.689,2024-07-18 09:06:00,34.31634725779309,BELOW_DR,True,19569.789,2024-07-18 15:14:00,69.5455268038486,BELOW_DR,True
2024-07-17,ODR,SHORT,20252.842,20160.92,91.9220000000023,2024-07-17 04:10:00,20136.243,19968.689,2024-07-18 09:06:00,2.0912403994690605,BELOW_DR,True,19569.789,2024-07-18 15:14:00,6.430789147320367,BELOW_DR,True
2024-07-17,RDR,SHORT,20057.743,19916.232,141.5109999999986,2024-07-17 11:40:00,19884.999,19968.689,2024-07-18 09:06:00,0.0,INSIDE_DR,True,19569.789,2024-07-18 15:14:00,2.4481701069175026,BELOW_DR,True
2024-07-18,ADR,LONG,19872.186,19862.921,9.265000000003056,2024-07-17 20:30:00,19874.789,19793.699,2024-07-18 18:16:00,7.471343766861857,BELOW_DR,True,19475.992,2024-07-19 13:22:00,41.7624392876279,BELOW_DR,True
2024-07-18,ODR,SHORT,19948.576,19871.108,77.46800000000076,2024-07-18 06:05:00,19834.575,19793.699,2024-07-18 18:16:00,0.9992383952083298,BELOW_DR,True,19475.992,2024-07-19 13:22:00,5.100376929829064,BELOW_DR,True
2024-07-18,RDR,SHORT,19946.984,19830.954,116.02999999999884,2024-07-18 10:30:00,19770.497,19793.699,2024-07-18 18:16:00,0.3210807549771731,BELOW_DR,True,19475.992,2024-07-19 13:22:00,3.0592260622253447,BELOW_DR,True
2024-07-22,ADR,SHORT,19655.143,19603.721,51.42199999999866,2024-07-21 21:45:00,19585.532,19908.808,2024-07-23 11:19:00,4.933005328458782,ABOVE_DR,True,19691.198,2024-07-23 03:28:00,0.7011590369880835,ABOVE_DR,True
2024-07-22,ODR,LONG,19657.065,19598.208,58.85699999999997,2024-07-22 05:35:00,19660.199,19908.808,2024-07-23 11:19:00,4.277197274750707,ABOVE_DR,True,19691.198,2024-07-23 03:28:00,0.5799310192500747,ABOVE_DR,True
2024-07-22,RDR,SHORT,19844.299,19726.464,117.83499999999913,2024-07-22 11:15:00,19697.619,19908.808,2024-07-23 11:19:00,0.5474519455170561,ABOVE_DR,True,19691.198,2024-07-23 03:28:00,0.29928289557431903,BELOW_DR,True
2024-07-23,ADR,SHORT,19797.887,19774.089,23.797999999998865,2024-07-22 20:40:00,19751.409,19674.543,2024-07-23 18:10:00,4.182956550970805,BELOW_DR,True,19005.786,2024-07-24 15:55:00,32.28435162618861,BELOW_DR,True
2024-07-23,ODR,LONG,19760.087,19703.397,56.68999999999869,2024-07-23 05:15:00,19775.754,19674.543,2024-07-23 18:10:00,0.5089786558475926,BELOW_DR,True,19005.786,2024-07-24 15:55:00,12.30571529370289,BELOW_DR,True
2024-07-23,RDR,LONG,19855.989,19779.842,76.14700000000084,2024-07-23 11:10:00,19877.01,19674.543,2024-07-23 18:10:00,1.382838457194609,BELOW_DR,True,19005.786,2024-07-24 15:55:00,10.165285566076037,BELOW_DR,True
2024-07-24,ADR,LONG,19646.342,19620.264,26.07800000000134,2024-07-23 20:40:00,19660.875,19228.489,2024-07-25 13:10:00,15.023199631872755,BELOW_DR,True,18721.21,2024-07-25 10:13:00,34.475573280157754,BELOW_DR,True
2024-07-24,ODR,SHORT,19579.989,19544.887,35.10200000000259,2024-07-24 04:15:00,19536.098,19228.489,2024-07-25 13:10:00,9.013674434504418,BELOW_DR,True,18721.21,2024-07-25 10:13:00,23.465244145630987,BELOW_DR,True
2024-07-24,RDR,SHORT,19467.721,19312.275,155.4459999999999,2024-07-24 10:35:00,19291.999,19228.489,2024-07-25 13:10:00,0.539003898459916,BELOW_DR,True,18721.21,2024-07-25 10:13:00,3.8023815344235468,BELOW_DR,True
2024-07-25,ADR,SHORT,19135.732,19098.697,37.034999999999854,2024-07-24 21:55:00,19093.719,19147.189,2024-07-26 13:29:00,0.30935601458076306,ABOVE_DR,True,18840.843,2024-07-25 19:03:00,6.9624409342513935,BELOW_DR,True
2024-07-25,ODR,SHORT,19081.51,19007.51,74.0,2024-07-25 04:00:00,18978.231,19147.189,2024-07-26 13:29:00,0.8875540540540552,ABOVE_DR,True,18840.843,2024-07-25 19:03:00,2.252256756756725,BELOW_DR,True
2024-07-25,RDR,LONG,19055.52,18764.798,290.7220000000016,2024-07-25 11:10:00,19084.621,19147.189,2024-07-26 13:29:00,0.3153149744429302,ABOVE_DR,True,18840.843,2024-07-25 19:03:00,0.0,INSIDE_DR,True
2024-07-29,ADR,LONG,19135.664,19087.498,48.16600000000108,2024-07-28 20:40:00,19144.231,19171.243,2024-07-30 09:42:00,0.7386745837312026,ABOVE_DR,True,18583.953,2024-07-30 16:03:00,10.454366150396275,BELOW_DR,True
2024-07-29,ODR,LONG,19172.12,19082.508,89.61199999999735,2024-07-29 08:25:00,19173.998,19171.243,2024-07-30 09:42:00,0.0,INSIDE_DR,True,18583.953,2024-07-30 16:03:00,5.563484801142872,BELOW_DR,True
2024-07-29,RDR,SHORT,19208.487,19104.764,103.72300000000178,2024-07-29 11:00:00,19061.308,19171.243,2024-07-30 09:42:00,0.0,INSIDE_DR,True,18583.953,2024-07-30 16:03:00,5.021171774823221,BELOW_DR,True
2024-07-30,ADR,SHORT,19021.853,18978.453,43.39999999999782,2024-07-29 21:35:00,18965.589,19499.742,2024-07-31 16:05:00,11.011267281106527,ABOVE_DR,True,18728.89,2024-07-30 18:01:00,5.7502995391708405,BELOW_DR,True
2024-07-30,ODR,LONG,19097.331,19060.643,36.68799999999828,2024-07-30 04:00:00,19105.443,19499.742,2024-07-31 16:05:00,10.96846380287884,ABOVE_DR,True,18728.89,2024-07-30 18:01:00,9.042547972089407,BELOW_DR,True
2024-07-30,RDR,SHORT,19140.319,19017.61,122.70899999999892,2024-07-30 10:30:00,19001.343,19499.742,2024-07-31 16:05:00,2.9290679575255445,ABOVE_DR,True,18728.89,2024-07-30 18:01:00,2.35288365156593,BELOW_DR,True
2024-07-31,ADR,LONG,18918.354,18874.31,44.04399999999805,2024-07-30 20:45:00,18932.431,19572.586,2024-07-31 20:14:00,14.854055035873875,ABOVE_DR,True,18735.332,2024-08-01 14:49:00,3.1554354736174948,BELOW_DR,True
2024-07-31,ODR,SHORT,19084.442,19047.208,37.23400000000038,2024-07-31 04:10:00,19035.331,19572.586,2024-07-31 20:14:00,13.110168125906302,ABOVE_DR,True,18735.332,2024-08-01 14:49:00,8.3761078584089,BELOW_DR,True
2024-07-31,RDR,LONG,19322.121,19168.286,153.83499999999913,2024-07-31 10:30:00,19326.92,19572.586,2024-07-31 20:14:00,1.628140540189174,ABOVE_DR,True,18735.332,2024-08-01 14:49:00,2.8144050443657425,BELOW_DR,True
2024-08-01,ADR,SHORT,19567.575,19529.332,38.24300000000221,2024-07-31 20:35:00,19521.887,18831.842,2024-08-01 18:04:00,18.238370420729485,BELOW_DR,True,18260.253,2024-08-02 10:14:00,33.184608948040804,BELOW_DR,True
2024-08-01,ODR,SHORT,19513.521,19450.597,62.92399999999907,2024-08-01 04:05:00,19414.298,18831.842,2024-08-01 18:04:00,9.833370415104097,BELOW_DR,True,18260.253,2024-08-02 10:14:00,18.917169919267984,BELOW_DR,True
2024-08-01,RDR,SHORT,19507.109,19306.142,200.96700000000052,2024-08-01 10:35:00,19296.354,18831.842,2024-08-01 18:04:00,2.360088969830858,BELOW_DR,True,18260.253,2024-08-02 10:14:00,5.204282295103159,BELOW_DR,True
2024-08-05,ADR,SHORT,18170.376,18073.176,97.20000000000071,2024-08-04 21:00:00,17984.332,18369.899,2024-08-06 14:54:00,2.052705761316868,ABOVE_DR,True,17852.854,2024-08-06 09:45:00,2.2666872427983384,BELOW_DR,True
2024-08-05,ODR,LONG,17731.332,17498.186,233.145999999997,2024-08-05 04:05:00,17858.308,18369.899,2024-08-06 14:54:00,2.738914671493446,ABOVE_DR,True,17852.854,2024-08-06 09:45:00,0.5212270422825286,ABOVE_DR,True
2024-08-05,RDR,LONG,17926.054,17444.387,481.6670000000013,2024-08-05 11:10:00,18032.309,18369.899,2024-08-06 14:54:00,0.9214768709502623,ABOVE_DR,True,17852.854,2024-08-06 09:45:00,0.0,INSIDE_DR,True
2024-08-06,ADR,LONG,18176.119,18097.321,78.79799999999886,2024-08-05 20:45:00,18207.187,18448.086,2024-08-07 09:50:00,3.451445468159147,ABOVE_DR,True,17845.053,2024-08-07 15:57:00,3.201451813497851,BELOW_DR,True
2024-08-06,ODR,SHORT,18185.289,18119.421,65.86800000000221,2024-08-06 04:05:00,18080.986,18448.086,2024-08-07 09:50:00,3.989752231736045,ABOVE_DR,True,17845.053,2024-08-07 15:57:00,4.16542175259594,BELOW_DR,True
2024-08-06,RDR,LONG,18108.142,17883.208,224.9340000000011,2024-08-06 10:40:00,18142.82,18448.086,2024-08-07 09:50:00,1.51130553851351,ABOVE_DR,True,17845.053,2024-08-07 15:57:00,0.16962753518809362,BELOW_DR,True
2024-08-07,ADR,LONG,18049.42,17941.61,107.80999999999769,2024-08-06 20:30:00,18064.219,18464.775,2024-08-08 16:00:00,3.852657452926557,ABOVE_DR,True,17642.309,2024-08-07 19:39:00,2.7761895928022065,BELOW_DR,True
2024-08-07,ODR,LONG,18208.176,18126.208,81.96800000000076,2024-08-07 04:10:00,18247.008,18464.775,2024-08-08 16:00:00,3.1304777474136203,ABOVE_DR,True,17642.309,2024-08-07 19:39:00,5.903511126293104,BELOW_DR,True
2024-08-07,RDR,SHORT,18424.109,18324.021,100.08799999999974,2024-08-07 11:40:00,18279.754,18464.775,2024-08-08 16:00:00,0.40630245384063207,ABOVE_DR,True,17642.309,2024-08-07 19:39:00,6.811126208936149,BELOW_DR,True
2024-08-08,ADR,LONG,17828.142,17650.864,177.27799999999843,2024-08-07 21:15:00,17860.186,18572.876,2024-08-09 13:30:00,4.20093863874822,ABOVE_DR,True,18282.699,2024-08-09 08:36:00,2.5640914270242483,ABOVE_DR,True
2024-08-08,RDR,LONG,18273.22,17994.831,278.38900000000285,2024-08-08 10:45:00,18317.287,18572.876,2024-08-09 13:30:00,1.0763931046125959,ABOVE_DR,True,18282.699,2024-08-09 08:36:00,0.034049477529641124,ABOVE_DR,True
2024-08-12,ADR,LONG,18529.432,18493.51,35.9220000000023,2024-08-11 22:35:00,18542.376,19020.409,2024-08-13 16:08:00,13.667863704692598,ABOVE_DR,True,18531.621,2024-08-12 18:40:00,0.060937586993996616,ABOVE_DR,True
2024-08-12,ODR,LONG,18577.843,18506.51,71.33300000000236,2024-08-12 08:25:00,18590.01,19020.409,2024-08-13 16:08:00,6.204225253388814,ABOVE_DR,True,18531.621,2024-08-12 18:40:00,0.0,INSIDE_DR,True
2024-08-12,RDR,LONG,18604.876,18440.443,164.4330000000009,2024-08-12 10:45:00,18636.598,19020.409,2024-08-13 16:08:00,2.5270657349801873,ABOVE_DR,True,18531.621,2024-08-12 18:40:00,0.0,INSIDE_DR,True
2024-08-13,ADR,LONG,18560.908,18540.698,20.209999999999127,2024-08-12 20:50:00,18570.453,19109.932,2024-08-14 11:58:00,27.165957446809745,ABOVE_DR,True,18834.01,2024-08-14 10:35:00,13.513211281544322,ABOVE_DR,True
2024-08-13,ODR,SHORT,18704.943,18645.564,59.379000000000815,2024-08-13 05:05:00,18638.598,19109.932,2024-08-14 11:58:00,6.820407888310612,ABOVE_DR,True,18834.01,2024-08-14 10:35:00,2.1736135670859618,ABOVE_DR,True
2024-08-13,RDR,LONG,18815.131,18725.898,89.23300000000017,2024-08-13 10:45:00,18849.587,19109.932,2024-08-14 11:58:00,3.3037217173018827,ABOVE_DR,True,18834.01,2024-08-14 10:35:00,0.21156971075719902,ABOVE_DR,True
2024-08-14,ADR,LONG,19020.642,18995.687,24.95499999999811,2024-08-13 21:30:00,19044.564,19501.599,2024-08-15 15:44:00,19.27297134842857,ABOVE_DR,True,19002.654,2024-08-14 19:47:00,0.0,INSIDE_DR,True
2024-08-14,ODR,SHORT,19008.831,18993.575,15.255999999997584,2024-08-14 04:05:00,18977.432,19501.599,2024-08-15 15:44:00,32.29994756162022,ABOVE_DR,True,19002.654,2024-08-14 19:47:00,0.0,INSIDE_DR,True
2024-08-14,RDR,SHORT,19040.031,18892.489,147.54199999999764,2024-08-14 10:30:00,18840.886,19501.599,2024-08-15 15:44:00,3.128383782245101,ABOVE_DR,True,19002.654,2024-08-14 19:47:00,0.0,INSIDE_DR,True
2024-08-15,ADR,LONG,19046.032,19008.52,37.51199999999881,2024-08-14 20:35:00,19058.132,19584.332,2024-08-16 02:52:00,14.350074642781413,ABOVE_DR,True,19350.886,2024-08-16 08:39:00,8.126839411388596,ABOVE_DR,True
2024-08-15,ODR,SHORT,19097.275,19063.642,33.63300000000163,2024-08-15 04:25:00,19050.397,19584.332,2024-08-16 02:52:00,14.481521125084692,ABOVE_DR,True,19350.886,2024-08-16 08:39:00,7.54054054054009,ABOVE_DR,True
2024-08-15,RDR,LONG,19373.353,19254.242,119.1110000000008,2024-08-15 10:35:00,19394.297,19584.332,2024-08-16 02:52:00,1.7712805702243952,ABOVE_DR,True,19350.886,2024-08-16 08:39:00,0.0,INSIDE_DR,True
2024-08-19,ADR,LONG,19573.22,19540.675,32.54500000000189,2024-08-18 23:30:00,19583.542,19837.165,2024-08-20 03:37:00,8.110155169764461,ABOVE_DR,True,19650.82,2024-08-20 10:43:00,2.384390843447351,ABOVE_DR,True
2024-08-19,ODR,SHORT,19510.721,19478.309,32.41200000000026,2024-08-19 04:00:00,19466.209,19837.165,2024-08-20 03:37:00,10.07170183882503,ABOVE_DR,True,19650.82,2024-08-20 10:43:00,4.322442305318932,ABOVE_DR,True
2024-08-19,RDR,LONG,19531.209,19444.521,86.68799999999828,2024-08-19 10:50:00,19563.042,19837.165,2024-08-20 03:37:00,3.5293927648579735,ABOVE_DR,True,19650.82,2024-08-20 10:43:00,1.3797872831303428,ABOVE_DR,True
2024-08-20,ADR,SHORT,19775.164,19766.619,8.545000000001892,2024-08-19 21:05:00,19758.554,19894.519,2024-08-21 10:43:00,13.967817437094574,ABOVE_DR,True,19685.41,2024-08-21 12:03:00,9.50368636629385,BELOW_DR,True
2024-08-20,ODR,SHORT,19831.589,19796.909,34.68000000000029,2024-08-20 04:25:00,19785.289,19894.519,2024-08-21 10:43:00,1.8145905420991857,ABOVE_DR,True,19685.41,2024-08-21 12:03:00,3.215080738177591,BELOW_DR,True
2024-08-20,RDR,SHORT,19826.087,19726.797,99.29000000000087,2024-08-20 10:35:00,19670.031,19894.519,2024-08-21 10:43:00,0.6892134152482636,ABOVE_DR,True,19685.41,2024-08-21 12:03:00,0.41682948937454367,BELOW_DR,True
2024-08-21,ADR,LONG,19728.053,19697.976,30.07700000000113,2024-08-20 20:45:00,19732.521,19937.008,2024-08-22 09:31:00,6.94733517305562,ABOVE_DR,True,19457.565,2024-08-22 15:57:00,7.993184160654022,BELOW_DR,True
2024-08-21,ODR,SHORT,19739.332,19720.653,18.679000000000087,2024-08-21 05:00:00,19700.587,19937.008,2024-08-22 09:31:00,10.582793511430065,ABOVE_DR,True,19457.565,2024-08-22 15:57:00,14.084694041436828,BELOW_DR,True
2024-08-21,RDR,LONG,19812.642,19730.089,82.55299999999988,2024-08-21 10:35:00,19845.397,19937.008,2024-08-22 09:31:00,1.5064988552808738,ABOVE_DR,True,19457.565,2024-08-22 15:57:00,3.3012004409288775,BELOW_DR,True
2024-08-22,ADR,SHORT,19851.687,19838.032,13.655000000002474,2024-08-21 21:30:00,19835.731,19823.419,2024-08-23 10:28:00,1.0701574514826004,BELOW_DR,True,19517.053,2024-08-23 12:46:00,23.50633467593857,BELOW_DR,True
2024-08-22,ODR,LONG,19834.653,19813.932,20.72099999999773,2024-08-22 05:15:00,19846.132,19823.419,2024-08-23 10:28:00,0.0,INSIDE_DR,True,19517.053,2024-08-23 12:46:00,14.327445586604572,BELOW_DR,True
2024-08-22,RDR,SHORT,19912.564,19806.889,105.67499999999929,2024-08-22 10:45:00,19776.653,19823.419,2024-08-23 10:28:00,0.0,INSIDE_DR,True,19517.053,2024-08-23 12:46:00,2.742711142654377,BELOW_DR,True
2024-08-26,ADR,LONG,19708.386,19658.889,49.49699999999939,2024-08-25 20:35:00,19720.699,19621.397,2024-08-27 11:00:00,0.7574600480836987,BELOW_DR,True,19371.354,2024-08-27 09:45:00,5.809139947875698,BELOW_DR,True
2024-08-26,ODR,LONG,19757.975,19714.81,43.16499999999724,2024-08-26 04:05:00,19768.465,19621.397,2024-08-27 11:00:00,2.164091277655657,BELOW_DR,True,19371.354,2024-08-27 09:45:00,7.956816865516597,BELOW_DR,True
2024-08-26,RDR,SHORT,19719.586,19544.565,175.02100000000064,2024-08-26 10:30:00,19481.92,19621.397,2024-08-27 11:00:00,0.0,INSIDE_DR,True,19371.354,2024-08-27 09:45:00,0.9896583838510733,BELOW_DR,True
2024-08-27,ADR,SHORT,19510.854,19492.889,17.965000000000146,2024-08-26 20:50:00,19489.509,19619.699,2024-08-28 05:04:00,6.058725299192891,ABOVE_DR,True,19212.808,2024-08-28 14:01:00,15.590370164207963,BELOW_DR,True
2024-08-27,ODR,LONG,19545.575,19515.697,29.87800000000061,2024-08-27 04:00:00,19559.197,19619.699,2024-08-28 05:04:00,2.4808889483900622,ABOVE_DR,True,19212.808,2024-08-28 14:01:00,10.137525938817626,BELOW_DR,True
2024-08-27,RDR,LONG,19557.642,19399.898,157.74399999999878,2024-08-27 10:30:00,19566.543,19619.699,2024-08-28 05:04:00,0.3934032356222815,ABOVE_DR,True,19212.808,2024-08-28 14:01:00,1.1860356019880414,BELOW_DR,True
2024-08-28,ADR,LONG,19529.619,19505.897,23.721999999997934,2024-08-27 20:45:00,19532.875,19628.354,2024-08-29 10:50:00,4.162170137425562,ABOVE_DR,True,19076.886,2024-08-28 18:46:00,18.084942247704223,BELOW_DR,True
2024-08-28,ODR,LONG,19581.62,19560.143,21.476999999998952,2024-08-28 04:30:00,19592.976,19628.354,2024-08-29 10:50:00,2.176002234949139,ABOVE_DR,True,19076.886,2024-08-28 18:46:00,22.501140755227684,BELOW_DR,True
2024-08-28,RDR,SHORT,19559.932,19474.621,85.31100000000151,2024-08-28 10:40:00,19437.165,19628.354,2024-08-29 10:50:00,0.8020302188463088,ABOVE_DR,True,19076.886,2024-08-28 18:46:00,4.66217721044172,BELOW_DR,True
2024-08-29,ADR,LONG,19176.798,19118.554,58.24399999999878,2024-08-28 20:40:00,19187.632,19579.909,2024-08-30 15:59:00,6.92107341528757,ABOVE_DR,True,19320.02,2024-08-30 12:37:00,2.4590000686766804,ABOVE_DR,True
2024-08-29,ODR,LONG,19327.789,19276.287,51.50200000000041,2024-08-29 04:10:00,19348.619,19579.909,2024-08-30 15:59:00,4.895343870140907,ABOVE_DR,True,19320.02,2024-08-30 12:37:00,0.0,INSIDE_DR,True
2024-08-29,RDR,SHORT,19578.698,19432.121,146.57700000000114,2024-08-29 14:30:00,19399.219,19579.909,2024-08-30 15:59:00,0.008261869188203614,ABOVE_DR,True,19320.02,2024-08-30 12:37:00,0.7647925663644219,BELOW_DR,True
2024-09-02,ADR,LONG,19548.398,19534.875,13.523000000001048,2024-09-01 20:45:00,19557.253,19633.575,2024-09-02 18:14:00,6.298676329216378,ABOVE_DR,True,18864.775,2024-09-03 15:47:00,49.55261406492247,BELOW_DR,True
2024-09-02,ODR,LONG,19509.521,19467.064,42.45700000000216,2024-09-02 04:20:00,19516.543,19633.575,2024-09-02 18:14:00,2.92187389594163,ABOVE_DR,True,18864.775,2024-09-03 15:47:00,14.185858633440102,BELOW_DR,True
2024-09-02,RDR,LONG,19590.875,19544.575,46.29999999999927,2024-09-02 10:35:00,19600.887,19633.575,2024-09-02 18:14:00,0.922246220302406,ABOVE_DR,True,18864.775,2024-09-03 15:47:00,14.68250539956825,BELOW_DR,True
2024-09-03,ADR,LONG,19546.554,19514.22,32.33399999999892,2024-09-02 21:10:00,19552.321,19069.699,2024-09-04 11:06:00,13.747788705387995,BELOW_DR,True,18778.431,2024-09-03 21:19:00,22.755891631101168,BELOW_DR,True
2024-09-03,ODR,SHORT,19591.789,19521.608,70.1810000000005,2024-09-03 04:35:00,19517.499,19069.699,2024-09-04 11:06:00,6.43919294395914,BELOW_DR,True,18778.431,2024-09-03 21:19:00,10.589433037431704,BELOW_DR,True
2024-09-03,RDR,SHORT,19428.754,19246.187,182.5669999999991,2024-09-03 10:30:00,19213.065,19069.699,2024-09-04 11:06:00,0.9667026351969528,BELOW_DR,True,18778.431,2024-09-03 21:19:00,2.562105966576673,BELOW_DR,True
2024-09-04,ADR,SHORT,18929.51,18899.676,29.833999999998923,2024-09-03 20:35:00,18851.732,19108.542,2024-09-05 10:27:00,6.000938526513687,ABOVE_DR,True,18783.353,2024-09-05 08:24:00,3.899007843400299,BELOW_DR,True
2024-09-04,ODR,LONG,18866.076,18795.92,70.15600000000268,2024-09-04 04:30:00,18873.764,19108.542,2024-09-05 10:27:00,3.456097839101304,ABOVE_DR,True,18783.353,2024-09-05 08:24:00,0.17912936883514766,BELOW_DR,True
2024-09-04,RDR,LONG,18946.421,18830.621,115.79999999999929,2024-09-04 10:30:00,18992.553,19108.542,2024-09-05 10:27:00,1.4000086355786168,ABOVE_DR,True,18783.353,2024-09-05 08:24:00,0.4081865284974121,BELOW_DR,True
2024-09-05,ADR,LONG,18939.387,18859.642,79.74499999999898,2024-09-04 20:45:00,18948.608,18936.243,2024-09-06 09:24:00,0.0,INSIDE_DR,True,18396.819,2024-09-06 16:14:00,5.803787071289814,BELOW_DR,True
2024-09-05,ODR,SHORT,18953.921,18852.897,101.0239999999976,2024-09-05 08:15:00,18806.431,18936.243,2024-09-06 09:24:00,0.0,INSIDE_DR,True,18396.819,2024-09-06 16:14:00,4.514550997782826,BELOW_DR,True
2024-09-05,RDR,SHORT,19088.532,18841.487,247.04499999999825,2024-09-05 11:25:00,18827.676,18936.243,2024-09-06 09:24:00,0.0,INSIDE_DR,True,18396.819,2024-09-06 16:14:00,1.799947378008074,BELOW_DR,True
2024-09-09,ODR,LONG,18587.143,18542.153,44.9900000000016,2024-09-09 05:05:00,18590.599,18846.587,2024-09-10 15:32:00,5.76670371193577,ABOVE_DR,True,18551.889,2024-09-10 05:10:00,0.0,INSIDE_DR,True
2024-09-09,RDR,SHORT,18664.175,18588.254,75.92099999999846,2024-09-09 10:30:00,18549.809,18846.587,2024-09-10 15:32:00,2.4026553917888855,ABOVE_DR,True,18551.889,2024-09-10 05:10:00,0.4789847341315623,BELOW_DR,True
2024-09-10,ADR,SHORT,18692.564,18615.231,77.33299999999872,2024-09-10 00:30:00,18606.021,19264.72,2024-09-11 15:59:00,7.39860085603833,ABOVE_DR,True,18525.286,2024-09-11 10:55:00,1.1630869098573855,BELOW_DR,True
2024-09-10,ODR,SHORT,18649.597,18584.786,64.81100000000151,2024-09-10 05:05:00,18557.198,19264.72,2024-09-11 15:59:00,9.491027757633507,ABOVE_DR,True,18525.286,2024-09-11 10:55:00,0.9180540340374105,BELOW_DR,True
2024-09-10,RDR,SHORT,18768.075,18681.91,86.16500000000087,2024-09-10 11:50:00,18641.789,19264.72,2024-09-11 15:59:00,5.763883247258114,ABOVE_DR,True,18525.286,2024-09-11 10:55:00,1.8177218128010004,BELOW_DR,True
2024-09-11,ADR,SHORT,18827.109,18785.653,41.45600000000195,2024-09-10 21:30:00,18742.732,19460.476,2024-09-12 14:37:00,15.278053840215374,ABOVE_DR,True,19159.31,2024-09-12 09:50:00,8.013339444229672,ABOVE_DR,True
2024-09-11,ODR,SHORT,18793.653,18760.575,33.0779999999977,2024-09-11 04:35:00,18756.943,19460.476,2024-09-12 14:37:00,20.159108773204142,ABOVE_DR,True,19159.31,2024-09-12 09:50:00,11.054386601367323,ABOVE_DR,True
2024-09-11,RDR,SHORT,18874.489,18632.108,242.3810000000012,2024-09-11 10:30:00,18589.597,19460.476,2024-09-12 14:37:00,2.4176276193265744,ABOVE_DR,True,19159.31,2024-09-12 09:50:00,1.175096232790518,ABOVE_DR,True
2024-09-12,ADR,LONG,19244.808,19209.842,34.96600000000035,2024-09-11 20:30:00,19254.343,19557.565,2024-09-13 13:53:00,8.944603328947968,ABOVE_DR,True,19382.119,2024-09-13 09:30:00,3.926986215180361,ABOVE_DR,True
2024-09-12,ODR,SHORT,19303.854,19254.489,49.36499999999796,2024-09-12 04:00:00,19243.631,19557.565,2024-09-13 13:53:00,5.139491542591103,ABOVE_DR,True,19382.119,2024-09-13 09:30:00,1.585435024815206,ABOVE_DR,True
2024-09-12,RDR,LONG,19314.92,19182.354,132.5659999999989,2024-09-12 10:30:00,19336.41,19557.565,2024-09-13 13:53:00,1.8303712867552953,ABOVE_DR,True,19382.119,2024-09-13 09:30:00,0.5069097657016209,ABOVE_DR,True
2024-09-16,ADR,SHORT,19522.775,19500.645,22.13000000000102,2024-09-15 20:50:00,19496.481,19603.775,2024-09-17 10:47:00,3.6601897876184486,ABOVE_DR,True,19326.008,2024-09-17 13:45:00,7.891414369633564,BELOW_DR,True
2024-09-16,ODR,LONG,19500.297,19472.318,27.97899999999936,2024-09-16 04:00:00,19517.536,19603.775,2024-09-17 10:47:00,3.6984166696452756,ABOVE_DR,True,19326.008,2024-09-17 13:45:00,5.229279102183817,BELOW_DR,True
2024-09-16,RDR,SHORT,19440.532,19328.297,112.23500000000058,2024-09-16 10:30:00,19296.309,19603.775,2024-09-17 10:47:00,1.4544749855214627,ABOVE_DR,True,19326.008,2024-09-17 13:45:00,0.020394707533274107,BELOW_DR,True
2024-09-17,ADR,SHORT,19436.754,19417.264,19.4900000000016,2024-09-16 20:35:00,19411.299,19652.097,2024-09-18 14:01:00,11.048896870188972,ABOVE_DR,True,19322.565,2024-09-18 15:50:00,4.858850692662532,BELOW_DR,True
2024-09-17,ODR,LONG,19494.109,19445.942,48.16700000000128,2024-09-17 05:00:00,19502.054,19652.097,2024-09-18 14:01:00,3.2800049826644173,ABOVE_DR,True,19322.565,2024-09-18 15:50:00,2.5614424813668513,BELOW_DR,True
2024-09-17,RDR,LONG,19555.819,19482.519,73.29999999999927,2024-09-17 10:45:00,19592.298,19652.097,2024-09-18 14:01:00,1.3134788540245979,ABOVE_DR,True,19322.565,2024-09-18 15:50:00,2.182182810368392,BELOW_DR,True
2024-09-18,ADR,LONG,19460.076,19442.897,17.179000000000087,2024-09-17 21:05:00,19462.487,19956.143,2024-09-19 13:54:00,28.876360672914405,ABOVE_DR,True,19401.608,2024-09-18 19:31:00,2.403457709994788,BELOW_DR,True
2024-09-18,ODR,SHORT,19475.953,19441.586,34.36700000000201,2024-09-18 04:05:00,19420.154,19956.143,2024-09-19 13:54:00,13.972415398491886,ABOVE_DR,True,19401.608,2024-09-18 19:31:00,1.1632670876130247,BELOW_DR,True
2024-09-18,RDR,SHORT,19478.886,19411.909,66.97699999999895,2024-09-18 11:20:00,19396.564,19956.143,2024-09-19 13:54:00,7.125684936620167,ABOVE_DR,True,19401.608,2024-09-18 19:31:00,0.15379906535078663,BELOW_DR,True
2024-09-19,ADR,LONG,19546.019,19408.276,137.74299999999857,2024-09-18 23:30:00,19608.786,19852.708,2024-09-20 15:39:00,2.2265305677965608,ABOVE_DR,True,19625.065,2024-09-20 11:16:00,0.5738658225826305,ABOVE_DR,True
2024-09-19,ODR,LONG,19701.109,19648.486,52.62299999999959,2024-09-19 05:00:00,19705.854,19852.708,2024-09-20 15:39:00,2.88085057864431,ABOVE_DR,True,19625.065,2024-09-20 11:16:00,0.4450715466621492,BELOW_DR,True
2024-09-19,RDR,LONG,19884.076,19755.009,129.06700000000274,2024-09-19 10:30:00,19902.508,19852.708,2024-09-20 15:39:00,0.0,INSIDE_DR,True,19625.065,2024-09-20 11:16:00,1.006794920467639,BELOW_DR,True
2024-09-23,ADR,LONG,19853.021,19799.309,53.711999999999534,2024-09-22 20:30:00,19869.887,19992.908,2024-09-24 11:55:00,2.6043900804289546,ABOVE_DR,True,19729.72,2024-09-24 10:41:00,1.2955950253202366,BELOW_DR,True
2024-09-23,RDR,LONG,19874.354,19819.853,54.50100000000021,2024-09-23 11:50:00,19891.575,19992.908,2024-09-24 11:55:00,2.1752628392139526,ABOVE_DR,True,19729.72,2024-09-24 10:41:00,1.653786169061075,BELOW_DR,True
2024-09-24,ADR,LONG,19844.665,19825.864,18.80099999999948,2024-09-23 21:10:00,19861.731,20044.409,2024-09-25 10:19:00,10.624115738524775,ABOVE_DR,True,19837.542,2024-09-25 03:11:00,0.0,INSIDE_DR,True
2024-09-24,ODR,LONG,19928.075,19874.72,53.35499999999956,2024-09-24 04:10:00,19932.808,20044.409,2024-09-25 10:19:00,2.1803767219567027,ABOVE_DR,True,19837.542,2024-09-25 03:11:00,0.6968044232030772,BELOW_DR,True
2024-09-24,RDR,LONG,19909.099,19763.808,145.29099999999744,2024-09-24 11:45:00,19942.489,20044.409,2024-09-25 10:19:00,0.9313033842426832,ABOVE_DR,True,19837.542,2024-09-25 03:11:00,0.0,INSIDE_DR,True
2024-09-25,ADR,SHORT,19959.376,19924.164,35.211999999999534,2024-09-24 20:55:00,19915.389,20313.799,2024-09-26 09:11:00,10.065403839600236,ABOVE_DR,True,19961.886,2024-09-26 11:01:00,0.07128251732359515,ABOVE_DR,True
2024-09-25,ODR,LONG,19883.754,19845.721,38.03299999999945,2024-09-25 06:00:00,19894.899,20313.799,2024-09-26 09:11:00,11.30715431335957,ABOVE_DR,True,19961.886,2024-09-26 11:01:00,2.05432124733781,ABOVE_DR,True
2024-09-26,ADR,LONG,20079.599,20027.098,52.500999999996566,2024-09-25 20:30:00,20088.11,20176.099,2024-09-27 08:48:00,1.8380602274243598,ABOVE_DR,True,19953.289,2024-09-27 14:31:00,1.4058589360203793,BELOW_DR,True
2024-09-26,RDR,SHORT,20280.521,20119.143,161.3780000000006,2024-09-26 10:30:00,20100.021,20176.099,2024-09-27 08:48:00,0.0,INSIDE_DR,True,19953.289,2024-09-27 14:31:00,1.027736122643723,BELOW_DR,True
2024-09-30,ADR,SHORT,20061.998,20025.954,36.04399999999805,2024-09-29 21:00:00,20011.132,20118.686,2024-09-30 22:00:00,1.5727444234825487,ABOVE_DR,True,19619.931,2024-10-01 11:17:00,11.264648762624098,BELOW_DR,True
2024-09-30,ODR,SHORT,20022.62,19969.698,52.92199999999866,2024-09-30 04:15:00,19958.689,20118.686,2024-09-30 22:00:00,1.8152375193682204,ABOVE_DR,True,19619.931,2024-10-01 11:17:00,6.609103964325019,BELOW_DR,True
2024-09-30,RDR,SHORT,20034.065,19926.098,107.96699999999691,2024-09-30 14:15:00,19895.109,20118.686,2024-09-30 22:00:00,0.7837672622190599,ABOVE_DR,True,19619.931,2024-10-01 11:17:00,2.8357461076070467,BELOW_DR,True
2024-10-01,ADR,LONG,20040.987,20014.454,26.532999999999447,2024-09-30 20:45:00,20063.064,19882.064,2024-10-02 11:19:00,4.989635548185498,BELOW_DR,True,19627.476,2024-10-02 09:45:00,14.58478121584483,BELOW_DR,True
2024-10-01,ODR,LONG,20074.632,20007.131,67.5010000000002,2024-10-01 06:10:00,20078.242,19882.064,2024-10-02 11:19:00,1.8528169953038083,BELOW_DR,True,19627.476,2024-10-02 09:45:00,5.624435193552708,BELOW_DR,True
2024-10-01,RDR,SHORT,20040.199,19706.22,333.97899999999936,2024-10-01 11:05:00,19642.554,19882.064,2024-10-02 11:19:00,0.0,INSIDE_DR,True,19627.476,2024-10-02 09:45:00,0.2357753032376364,BELOW_DR,True
2024-10-02,ADR,LONG,19753.631,19698.709,54.9220000000023,2024-10-01 20:40:00,19755.199,19911.619,2024-10-03 10:07:00,2.8765886165833536,ABOVE_DR,True,19647.942,2024-10-03 03:45:00,0.9243472561086213,BELOW_DR,True
2024-10-02,ODR,SHORT,19754.543,19706.564,47.979000000003,2024-10-02 06:00:00,19684.976,19911.619,2024-10-03 10:07:00,3.273848975593228,ABOVE_DR,True,19647.942,2024-10-03 03:45:00,1.2218262156359183,BELOW_DR,True
2024-10-02,RDR,LONG,19799.875,19629.61,170.26499999999942,2024-10-02 10:45:00,19845.853,19911.619,2024-10-03 10:07:00,0.6562945995947445,ABOVE_DR,True,19647.942,2024-10-03 03:45:00,0.0,INSIDE_DR,True
2024-10-03,ADR,SHORT,19851.565,19796.576,54.98899999999776,2024-10-02 21:05:00,19771.719,20066.098,2024-10-04 09:17:00,3.901380276055426,ABOVE_DR,True,19744.654,2024-10-03 18:17:00,0.9442252086781795,BELOW_DR,True
2024-10-03,ODR,LONG,19758.976,19662.842,96.1339999999982,2024-10-03 07:55:00,19773.886,20066.098,2024-10-04 09:17:00,3.1947281918988994,ABOVE_DR,True,19744.654,2024-10-03 18:17:00,0.0,INSIDE_DR,True
2024-10-07,ADR,LONG,20049.021,20008.075,40.94599999999991,2024-10-06 21:30:00,20052.499,20135.087,2024-10-08 15:53:00,2.101939139354249,ABOVE_DR,True,19713.831,2024-10-07 18:33:00,7.186147609046135,BELOW_DR,True
2024-10-07,ODR,SHORT,20013.02,19945.297,67.72300000000178,2024-10-07 04:45:00,19935.375,20135.087,2024-10-08 15:53:00,1.8024452549354857,ABOVE_DR,True,19713.831,2024-10-07 18:33:00,3.417834413714606,BELOW_DR,True
2024-10-07,RDR,SHORT,19987.253,19908.742,78.51100000000224,2024-10-07 14:30:00,19876.253,20135.087,2024-10-08 15:53:00,1.8829718128669193,ABOVE_DR,True,19713.831,2024-10-07 18:33:00,2.4825947956336627,BELOW_DR,True
2024-10-08,ADR,SHORT,19832.11,19783.189,48.921000000002095,2024-10-07 21:30:00,19772.621,20289.52,2024-10-09 15:52:00,9.349972404488467,ABOVE_DR,True,20003.308,2024-10-09 03:22:00,3.4994787514562864,ABOVE_DR,True
2024-10-08,ODR,LONG,19831.489,19763.009,68.4800000000032,2024-10-08 05:00:00,19854.689,20289.52,2024-10-09 15:52:00,6.688536799065094,ABOVE_DR,True,20003.308,2024-10-09 03:22:00,2.5090391355138943,ABOVE_DR,True
2024-10-08,RDR,LONG,19997.519,19886.343,111.17599999999948,2024-10-08 10:30:00,20014.719,20289.52,2024-10-09 15:52:00,2.626475138519119,ABOVE_DR,True,20003.308,2024-10-09 03:22:00,0.05207059077499367,ABOVE_DR,True
2024-10-09,ADR,LONG,20087.299,20079.489,7.809999999997672,2024-10-08 21:00:00,20089.187,20318.21,2024-10-10 12:17:00,29.566069142134303,ABOVE_DR,True,20110.954,2024-10-10 09:50:00,3.0288092189512836,ABOVE_DR,True
2024-10-09,ODR,LONG,20039.531,20009.097,30.433999999997468,2024-10-09 04:00:00,20052.21,20318.21,2024-10-10 12:17:00,9.156831175659567,ABOVE_DR,True,20110.954,2024-10-10 09:50:00,2.3468160609847026,ABOVE_DR,True
2024-10-09,RDR,LONG,20150.999,20059.153,91.84600000000135,2024-10-09 10:55:00,20168.989,20318.21,2024-10-10 12:17:00,1.8205583258933091,ABOVE_DR,True,20110.954,2024-10-10 09:50:00,0.0,INSIDE_DR,True
2024-10-10,ODR,SHORT,20255.31,20229.521,25.78900000000067,2024-10-10 04:45:00,20221.532,20315.199,2024-10-11 15:15:00,2.3222691845359518,ABOVE_DR,True,20133.199,2024-10-11 09:40:00,3.7350032959788133,BELOW_DR,True
2024-10-10,RDR,LONG,20216.464,20120.865,95.59899999999834,2024-10-10 11:10:00,20234.998,20315.199,2024-10-11 15:15:00,1.0328036904151958,ABOVE_DR,True,20133.199,2024-10-11 09:40:00,0.0,INSIDE_DR,True
2024-10-14,ADR,SHORT,20268.089,20239.52,28.568999999999505,2024-10-13 21:00:00,20228.987,20482.232,2024-10-15 09:35:00,7.495642129581145,ABOVE_DR,True,20078.409,2024-10-15 15:36:00,5.639364345969533,BELOW_DR,True
2024-10-14,ODR,LONG,20287.589,20254.875,32.71399999999994,2024-10-14 04:10:00,20291.565,20482.232,2024-10-15 09:35:00,5.949837989851451,ABOVE_DR,True,20078.409,2024-10-15 15:36:00,5.394204316194921,BELOW_DR,True
2024-10-14,RDR,SHORT,20490.819,20373.408,117.41100000000006,2024-10-14 11:40:00,20363.886,20482.232,2024-10-15 09:35:00,0.0,INSIDE_DR,True,20078.409,2024-10-15 15:36:00,2.512532897258346,BELOW_DR,True
2024-10-15,ADR,SHORT,20456.054,20441.375,14.679000000000087,2024-10-14 20:30:00,20440.864,20221.776,2024-10-16 01:52:00,14.960079024456505,BELOW_DR,True,20032.508,2024-10-16 10:01:00,27.853872879623676,BELOW_DR,True
2024-10-15,ODR,SHORT,20433.689,20412.597,21.091999999996915,2024-10-15 04:15:00,20409.22,20221.776,2024-10-16 01:52:00,9.047079461408488,BELOW_DR,True,20032.508,2024-10-16 10:01:00,18.020529110565878,BELOW_DR,True
2024-10-15,RDR,SHORT,20467.808,20339.276,128.53199999999924,2024-10-15 10:30:00,20265.032,20221.776,2024-10-16 01:52:00,0.9141692341206913,BELOW_DR,True,20032.508,2024-10-16 10:01:00,2.3867052562786064,BELOW_DR,True
2024-10-16,ADR,LONG,20191.81,20171.753,20.0570000000007,2024-10-15 20:35:00,20195.587,20419.921,2024-10-17 09:08:00,11.373136560801177,ABOVE_DR,True,20103.053,2024-10-16 20:17:00,3.425238071496153,BELOW_DR,True
2024-10-16,RDR,LONG,20178.007,20049.565,128.44200000000274,2024-10-16 14:20:00,20201.765,20419.921,2024-10-17 09:08:00,1.883449339001198,ABOVE_DR,True,20103.053,2024-10-16 20:17:00,0.0,INSIDE_DR,True
2024-10-17,ADR,LONG,20148.843,20116.608,32.23500000000058,2024-10-17 01:30:00,20155.543,20366.319,2024-10-18 11:31:00,6.7465798045601,ABOVE_DR,True,20156.064,2024-10-17 20:31:00,0.2240111679850349,ABOVE_DR,True
2024-10-17,ODR,LONG,20281.242,20231.753,49.48899999999776,2024-10-17 04:00:00,20283.353,20366.319,2024-10-18 11:31:00,1.7191092970155992,ABOVE_DR,True,20156.064,2024-10-17 20:31:00,1.5294105760877277,BELOW_DR,True
2024-10-17,RDR,SHORT,20399.398,20204.253,195.14500000000044,2024-10-17 15:35:00,20191.276,20366.319,2024-10-18 11:31:00,0.0,INSIDE_DR,True,20156.064,2024-10-17 20:31:00,0.24693945527685576,BELOW_DR,True
2024-10-21,ODR,SHORT,20295.786,20273.31,22.47599999999875,2024-10-21 05:20:00,20266.875,20444.286,2024-10-22 14:04:00,6.60704751735221,ABOVE_DR,True,20201.298,2024-10-22 08:48:00,3.203950880939956,BELOW_DR,True
2024-10-21,RDR,SHORT,20388.943,20266.864,122.0789999999979,2024-10-21 10:45:00,20262.875,20444.286,2024-10-22 14:04:00,0.4533375928702046,ABOVE_DR,True,20201.298,2024-10-22 08:48:00,0.5370784492009573,BELOW_DR,True
2024-10-22,ADR,SHORT,20360.376,20331.531,28.845000000001164,2024-10-21 20:50:00,20322.821,20383.943,2024-10-23 03:21:00,0.8170220142138377,ABOVE_DR,True,19931.864,2024-10-23 14:19:00,13.855676893741775,BELOW_DR,True
2024-10-22,ODR,SHORT,20327.409,20288.808,38.60099999999875,2024-10-22 04:30:00,20280.554,20383.943,2024-10-23 03:21:00,1.4645734566462394,ABOVE_DR,True,19931.864,2024-10-23 14:19:00,9.247014326054016,BELOW_DR,True
2024-10-22,RDR,LONG,20354.487,20241.042,113.44499999999972,2024-10-22 13:35:00,20378.265,20383.943,2024-10-23 03:21:00,0.2596500506853399,ABOVE_DR,True,19931.864,2024-10-23 14:19:00,2.725355899334485,BELOW_DR,True
2024-10-23,ADR,SHORT,20375.076,20355.586,19.4900000000016,2024-10-22 20:40:00,20347.799,20280.076,2024-10-24 08:37:00,3.8742945100047304,BELOW_DR,True,20113.586,2024-10-24 11:50:00,12.416623909696261,BELOW_DR,True
2024-10-23,ODR,SHORT,20376.789,20343.309,33.47999999999956,2024-10-23 04:40:00,20334.087,20280.076,2024-10-24 08:37:00,1.888679808841129,BELOW_DR,True,20113.586,2024-10-24 11:50:00,6.861499402628578,BELOW_DR,True
2024-10-23,RDR,SHORT,20285.619,20219.72,65.89899999999761,2024-10-23 11:10:00,20185.232,20280.076,2024-10-24 08:37:00,0.0,INSIDE_DR,True,20113.586,2024-10-24 11:50:00,1.6105555471252322,BELOW_DR,True
2024-10-24,ADR,LONG,20146.897,20131.843,15.054000000000087,2024-10-23 20:30:00,20155.776,20556.564,2024-10-25 10:23:00,27.21316593596355,ABOVE_DR,True,20220.52,2024-10-25 00:08:00,4.890593862096397,ABOVE_DR,True
2024-10-24,ODR,LONG,20239.565,20171.897,67.66799999999785,2024-10-24 04:10:00,20244.819,20556.564,2024-10-25 10:23:00,4.684621977892207,ABOVE_DR,True,20220.52,2024-10-25 00:08:00,0.0,INSIDE_DR,True
2024-10-24,RDR,SHORT,20225.086,20156.609,68.47699999999895,2024-10-24 11:45:00,20120.353,20556.564,2024-10-25 10:23:00,4.840720241833086,ABOVE_DR,True,20220.52,2024-10-25 00:08:00,0.0,INSIDE_DR,True
2024-10-28,ADR,SHORT,20497.919,20471.031,26.88800000000265,2024-10-27 22:35:00,20463.389,20604.153,2024-10-29 14:29:00,3.95098185063918,ABOVE_DR,True,20292.019,2024-10-29 08:35:00,6.657691163343543,BELOW_DR,True
2024-10-28,ODR,LONG,20519.41,20466.075,53.33499999999913,2024-10-28 04:55:00,20525.853,20604.153,2024-10-29 14:29:00,1.588881597450079,ABOVE_DR,True,20292.019,2024-10-29 08:35:00,3.2634480172495235,BELOW_DR,True
2024-10-28,RDR,SHORT,20461.031,20409.376,51.65499999999884,2024-10-28 10:50:00,20389.586,20604.153,2024-10-29 14:29:00,2.7707288742619802,ABOVE_DR,True,20292.019,2024-10-29 08:35:00,2.2719388248959946,BELOW_DR,True
2024-10-29,ADR,SHORT,20375.187,20356.131,19.05600000000049,2024-10-28 22:45:00,20344.487,20647.61,2024-10-29 20:56:00,14.29591729638916,ABOVE_DR,True,20291.764,2024-10-30 17:25:00,3.3777812762384736,BELOW_DR,True
2024-10-29,RDR,LONG,20458.889,20399.576,59.31299999999828,2024-10-29 10:45:00,20468.01,20647.61,2024-10-29 20:56:00,3.181781396995715,ABOVE_DR,True,20291.764,2024-10-30 17:25:00,1.8176790922732764,BELOW_DR,True
2024-10-30,ADR,LONG,20633.186,20618.221,14.965000000000146,2024-10-29 20:35:00,20643.61,20324.989,2024-10-30 20:23:00,19.594520547945013,BELOW_DR,True,19877.831,2024-10-31 13:37:00,49.47477447377186,BELOW_DR,True
2024-10-30,ODR,SHORT,20620.753,20580.71,40.04300000000149,2024-10-30 07:00:00,20569.586,20324.989,2024-10-30 20:23:00,6.386159878130715,BELOW_DR,True,19877.831,2024-10-31 13:37:00,17.55310541168181,BELOW_DR,True
2024-10-30,RDR,SHORT,20549.297,20476.365,72.93199999999706,2024-10-30 12:30:00,20461.799,20324.989,2024-10-30 20:23:00,2.0755772500412206,BELOW_DR,True,19877.831,2024-10-31 13:37:00,8.206740525421315,BELOW_DR,True
2024-10-31,ADR,SHORT,20322.219,20289.842,32.37700000000041,2024-10-30 22:55:00,20283.264,20165.11,2024-11-01 10:28:00,3.852487877196726,BELOW_DR,True,19892.131,2024-10-31 21:14:00,12.28375081076055,BELOW_DR,True
2024-10-31,ODR,LONG,20186.465,20155.143,31.32200000000012,2024-10-31 05:50:00,20197.964,20165.11,2024-11-01 10:28:00,0.0,INSIDE_DR,True,19892.131,2024-10-31 21:14:00,8.397037226230694,BELOW_DR,True
2024-10-31,RDR,SHORT,20008.989,19927.009,81.9800000000032,2024-10-31 10:45:00,19909.899,20165.11,2024-11-01 10:28:00,1.9043791168576858,ABOVE_DR,True,19892.131,2024-10-31 21:14:00,0.4254452305439816,BELOW_DR,True
2024-11-04,ADR,LONG,20031.089,20004.376,26.712999999999735,2024-11-03 20:30:00,20044.442,20265.321,2024-11-05 16:13:00,8.76846479242325,ABOVE_DR,True,19924.865,2024-11-04 20:39:00,2.9764908471530487,BELOW_DR,True
2024-11-04,ODR,LONG,20071.821,20024.008,47.81299999999828,2024-11-04 05:35:00,20090.498,20265.321,2024-11-05 16:13:00,4.047016501788362,ABOVE_DR,True,19924.865,2024-11-04 20:39:00,2.0735574007069957,BELOW_DR,True
2024-11-04,RDR,LONG,20079.021,19921.453,157.5679999999993,2024-11-04 10:45:00,20089.176,20265.321,2024-11-05 16:13:00,1.1823466693744928,ABOVE_DR,True,19924.865,2024-11-04 20:39:00,0.0,INSIDE_DR,True
2024-11-05,ADR,SHORT,19967.108,19939.509,27.59900000000198,2024-11-04 20:30:00,19929.889,20804.22,2024-11-06 15:50:00,30.331243885645893,ABOVE_DR,True,20205.51,2024-11-05 19:13:00,8.638066596615136,ABOVE_DR,True
2024-11-05,ODR,LONG,20029.42,19989.042,40.37799999999697,2024-11-05 04:00:00,20032.189,20804.22,2024-11-06 15:50:00,19.188667095944847,ABOVE_DR,True,20205.51,2024-11-05 19:13:00,4.361038189113214,ABOVE_DR,True
2024-11-05,RDR,LONG,20189.186,20034.842,154.34400000000096,2024-11-05 11:30:00,20209.831,20804.22,2024-11-06 15:50:00,3.9848261027315335,ABOVE_DR,True,20205.51,2024-11-05 19:13:00,0.10576374850980139,ABOVE_DR,True
2024-11-06,ADR,LONG,20297.162,20252.131,45.03099999999904,2024-11-05 21:05:00,20307.208,21132.953,2024-11-07 15:18:00,18.56034731629364,ABOVE_DR,True,20736.943,2024-11-06 19:49:00,9.766183295951866,ABOVE_DR,True
2024-11-06,ODR,SHORT,20585.564,20537.709,47.85499999999956,2024-11-06 06:45:00,20518.299,21132.953,2024-11-07 15:18:00,11.438491275728929,ABOVE_DR,True,20736.943,2024-11-06 19:49:00,3.1632849232055626,ABOVE_DR,True
2024-11-06,RDR,LONG,20673.854,20537.087,136.76699999999985,2024-11-06 11:35:00,20683.975,21132.953,2024-11-07 15:18:00,3.3567965956700263,ABOVE_DR,True,20736.943,2024-11-06 19:49:00,0.4612881762413448,ABOVE_DR,True
2024-11-07,ADR,LONG,20762.865,20738.21,24.655000000002477,2024-11-06 20:30:00,20780.389,21153.898,2024-11-08 14:40:00,15.860190630702094,ABOVE_DR,True,21005.653,2024-11-08 06:07:00,9.847414317581523,ABOVE_DR,True
2024-11-07,ODR,LONG,20834.387,20797.187,37.19999999999709,2024-11-07 07:10:00,20839.476,21153.898,2024-11-08 14:40:00,8.589005376344819,ABOVE_DR,True,21005.653,2024-11-08 06:07:00,4.603924731183146,ABOVE_DR,True
2024-11-07,RDR,LONG,20997.431,20882.264,115.16700000000128,2024-11-07 10:45:00,21031.286,21153.898,2024-11-08 14:40:00,1.3586096711731557,ABOVE_DR,True,21005.653,2024-11-08 06:07:00,0.07139197860496359,ABOVE_DR,True
2024-11-11,ODR,SHORT,21213.297,21181.287,32.0099999999984,2024-11-11 05:25:00,21173.021,21143.999,2024-11-12 09:57:00,1.1648859731334686,BELOW_DR,True,20945.797,2024-11-12 13:00:00,7.356763511403105,BELOW_DR,True
2024-11-11,RDR,SHORT,21173.708,21052.364,121.34399999999732,2024-11-11 13:00:00,21021.52,21143.999,2024-11-12 09:57:00,0.0,INSIDE_DR,True,20945.797,2024-11-12 13:00:00,0.8782222441983542,BELOW_DR,True
2024-11-12,ADR,LONG,21128.989,21094.01,34.979000000003,2024-11-11 20:35:00,21133.609,21157.854,2024-11-13 13:56:00,0.8252094113609734,ABOVE_DR,True,20950.187,2024-11-13 10:07:00,4.1116955887813935,BELOW_DR,True
2024-11-12,ODR,SHORT,21123.789,21088.586,35.20300000000134,2024-11-12 04:05:00,21085.889,21157.854,2024-11-13 13:56:00,0.9676732096695564,ABOVE_DR,True,20950.187,2024-11-13 10:07:00,3.9314547055646494,BELOW_DR,True
2024-11-12,RDR,SHORT,21128.753,21085.541,43.211999999999534,2024-11-12 11:05:00,21072.319,21157.854,2024-11-13 13:56:00,0.6734471905951833,ABOVE_DR,True,20950.187,2024-11-13 10:07:00,3.132324354346034,BELOW_DR,True
2024-11-13,ADR,SHORT,21044.887,21033.443,11.443999999999503,2024-11-12 21:30:00,21027.476,21079.01,2024-11-14 04:11:00,2.9817371548410585,ABOVE_DR,True,20841.131,2024-11-14 16:14:00,16.80461377140916,BELOW_DR,True
2024-11-13,RDR,LONG,21070.476,20983.089,87.3869999999988,2024-11-13 12:10:00,21086.053,21079.01,2024-11-14 04:11:00,0.09765754631695524,ABOVE_DR,True,20841.131,2024-11-14 16:14:00,1.6244750363326428,BELOW_DR,True
2024-11-14,ADR,SHORT,21046.342,21020.708,25.634000000001837,2024-11-13 21:05:00,21017.353,20875.131,2024-11-14 18:00:00,5.679059062182533,BELOW_DR,True,20311.231,2024-11-15 13:58:00,27.677186549112434,BELOW_DR,True
2024-11-14,ODR,LONG,21055.089,21018.34,36.7489999999998,2024-11-14 04:00:00,21073.642,20875.131,2024-11-14 18:00:00,3.896949576859226,BELOW_DR,True,20311.231,2024-11-15 13:58:00,19.241584805028822,BELOW_DR,True
2024-11-18,ADR,LONG,20533.41,20496.02,37.38999999999942,2024-11-17 22:00:00,20544.253,20700.676,2024-11-19 13:57:00,4.473549077293454,ABOVE_DR,True,20287.119,2024-11-19 09:01:00,5.58708210751551,BELOW_DR,True
2024-11-18,ODR,SHORT,20547.798,20499.032,48.76599999999962,2024-11-18 04:30:00,20475.587,20700.676,2024-11-19 13:57:00,3.134930074232084,ABOVE_DR,True,20287.119,2024-11-19 09:01:00,4.345507115613381,BELOW_DR,True
2024-11-18,RDR,LONG,20557.92,20421.208,136.7119999999995,2024-11-18 10:30:00,20596.698,20700.676,2024-11-19 13:57:00,1.044209725554463,ABOVE_DR,True,20287.119,2024-11-19 09:01:00,0.9808136813154692,BELOW_DR,True
2024-11-19,ADR,LONG,20548.008,20517.309,30.699000000000524,2024-11-18 21:30:00,20553.753,20752.832,2024-11-20 03:22:00,6.672008860223245,ABOVE_DR,True,20388.398,2024-11-20 10:20:00,4.19919215609622,BELOW_DR,True
2024-11-19,ODR,SHORT,20590.297,20471.087,119.20999999999913,2024-11-19 04:25:00,20426.699,20752.832,2024-11-20 03:22:00,1.3634342756480249,ABOVE_DR,True,20388.398,2024-11-20 10:20:00,0.6936414730307784,BELOW_DR,True
2024-11-19,RDR,LONG,20512.731,20425.019,87.71199999999953,2024-11-19 10:30:00,20522.843,20752.832,2024-11-20 03:22:00,2.7373791499452755,ABOVE_DR,True,20388.398,2024-11-20 10:20:00,0.417514137176206,BELOW_DR,True
2024-11-20,ADR,SHORT,20738.821,20716.586,22.235000000000586,2024-11-19 20:45:00,20704.665,20821.208,2024-11-21 09:32:00,3.7052844614345237,ABOVE_DR,True,20431.887,2024-11-21 10:30:00,12.804092646727817,BELOW_DR,True
2024-11-20,ODR,SHORT,20743.521,20705.198,38.32300000000032,2024-11-20 04:45:00,20699.165,20821.208,2024-11-21 09:32:00,2.0271638441666213,ABOVE_DR,True,20431.887,2024-11-21 10:30:00,7.131774652297556,BELOW_DR,True
2024-11-20,RDR,LONG,20661.575,20420.398,241.17699999999968,2024-11-20 15:55:00,20669.786,20821.208,2024-11-21 09:32:00,0.6618914738967572,ABOVE_DR,True,20431.887,2024-11-21 10:30:00,0.0,INSIDE_DR,True
2024-11-21,ODR,SHORT,20600.497,20553.354,47.14300000000003,2024-11-21 04:05:00,20544.61,20801.053,2024-11-22 13:11:00,4.254205290287007,ABOVE_DR,True,20612.798,2024-11-22 05:10:00,0.26092951233479983,ABOVE_DR,True
2024-11-25,ADR,LONG,20886.965,20868.631,18.333999999998923,2024-11-24 22:15:00,20888.786,20952.208,2024-11-26 09:50:00,3.558579688011476,ABOVE_DR,True,20682.031,2024-11-25 20:03:00,10.177811715938319,BELOW_DR,True
2024-11-25,ODR,LONG,20884.064,20867.553,16.510999999998603,2024-11-25 04:40:00,20888.619,20952.208,2024-11-26 09:50:00,4.127187935316213,ABOVE_DR,True,20682.031,2024-11-25 20:03:00,11.236266731271064,BELOW_DR,True
2024-11-25,RDR,SHORT,20985.454,20814.765,170.68900000000212,2024-11-25 12:10:00,20768.932,20952.208,2024-11-26 09:50:00,0.0,INSIDE_DR,True,20682.031,2024-11-25 20:03:00,0.7776365202209793,BELOW_DR,True
2024-11-26,ADR,LONG,20751.109,20693.153,57.95600000000195,2024-11-25 20:30:00,20757.72,20943.643,2024-11-26 21:28:00,3.3220719166262884,ABOVE_DR,True,20611.389,2024-11-27 12:09:00,1.410794395748438,BELOW_DR,True
2024-11-26,ODR,LONG,20817.009,20788.476,28.532999999999447,2024-11-26 05:00:00,20822.554,20943.643,2024-11-26 21:28:00,4.4381593242913215,ABOVE_DR,True,20611.389,2024-11-27 12:09:00,6.206392598044474,BELOW_DR,True
2024-11-26,RDR,SHORT,20943.976,20848.489,95.48699999999737,2024-11-26 14:20:00,20832.132,20943.643,2024-11-26 21:28:00,0.0,INSIDE_DR,True,20611.389,2024-11-27 12:09:00,2.483060521327602,BELOW_DR,True
2024-11-27,ADR,LONG,20916.219,20900.687,15.531999999999243,2024-11-26 20:40:00,20921.086,20844.399,2024-11-28 11:13:00,3.62400206026289,BELOW_DR,True,20746.565,2024-11-27 18:00:00,9.922868915787442,BELOW_DR,True
2024-11-27,ODR,SHORT,20903.519,20852.831,50.68800000000192,2024-11-27 04:25:00,20843.408,20844.399,2024-11-28 11:13:00,0.1663510101009458,BELOW_DR,True,20746.565,2024-11-27 18:00:00,2.096472537878701,BELOW_DR,True
2024-11-27,RDR,SHORT,20861.875,20705.108,156.76699999999985,2024-11-27 10:35:00,20667.408,20844.399,2024-11-28 11:13:00,0.0,INSIDE_DR,True,20746.565,2024-11-27 18:00:00,0.0,INSIDE_DR,True
2024-11-28,ADR,LONG,20787.531,20779.409,8.121999999999389,2024-11-27 20:45:00,20789.932,20957.389,2024-11-29 12:51:00,20.913321841912456,ABOVE_DR,True,20747.765,2024-11-29 09:32:00,3.8960847082002728,BELOW_DR,True
2024-11-28,ODR,LONG,20799.676,20782.187,17.48899999999776,2024-11-28 07:55:00,20807.299,20957.389,2024-11-29 12:51:00,9.01783978500886,ABOVE_DR,True,20747.765,2024-11-29 09:32:00,1.9682085882558584,BELOW_DR,True
2024-11-28,RDR,LONG,20834.554,20808.321,26.23300000000017,2024-11-28 10:45:00,20838.621,20957.389,2024-11-29 12:51:00,4.682461022376332,ABOVE_DR,True,20747.765,2024-11-29 09:32:00,2.3083901955552206,BELOW_DR,True
2024-12-02,ADR,SHORT,20913.297,20889.71,23.58699999999953,2024-12-02 01:40:00,20883.375,21257.131,2024-12-03 16:14:00,14.577267138678485,ABOVE_DR,True,21077.119,2024-12-03 09:31:00,6.9454360452793225,ABOVE_DR,True
2024-12-02,ODR,SHORT,20912.665,20895.775,16.889999999999418,2024-12-02 05:00:00,20890.021,21257.131,2024-12-03 16:14:00,20.394671403197883,ABOVE_DR,True,21077.119,2024-12-03 09:31:00,9.73676731793982,ABOVE_DR,True
2024-12-02,RDR,LONG,21131.754,20985.297,146.45700000000215,2024-12-02 10:30:00,21136.753,21257.131,2024-12-03 16:14:00,0.856066968461723,ABOVE_DR,True,21077.119,2024-12-03 09:31:00,0.0,INSIDE_DR,True
2024-12-03,ADR,LONG,21161.053,21145.997,15.056000000000497,2024-12-02 20:40:00,21164.943,21496.82,2024-12-04 15:50:00,22.30120882040308,ABOVE_DR,True,21252.92,2024-12-03 18:00:00,6.101687035068766,ABOVE_DR,True
2024-12-03,ODR,SHORT,21183.199,21155.176,28.023000000001048,2024-12-03 05:30:00,21147.987,21496.82,2024-12-04 15:50:00,11.191556935374066,ABOVE_DR,True,21252.92,2024-12-03 18:00:00,2.487992006565861,ABOVE_DR,True
2024-12-03,RDR,LONG,21159.32,21101.387,57.9330000000009,2024-12-03 11:25:00,21195.842,21496.82,2024-12-04 15:50:00,5.825695199627065,ABOVE_DR,True,21252.92,2024-12-03 18:00:00,1.6156594686965475,ABOVE_DR,True
2024-12-04,ADR,LONG,21279.175,21264.486,14.688999999998488,2024-12-03 21:55:00,21282.654,21515.789,2024-12-05 12:52:00,16.1082442644173,ABOVE_DR,True,21398.865,2024-12-05 16:11:00,8.148274218804183,ABOVE_DR,True
2024-12-04,ODR,LONG,21332.032,21295.042,36.98999999999796,2024-12-04 04:10:00,21344.032,21515.789,2024-12-05 12:52:00,4.967748040011126,ABOVE_DR,True,21398.865,2024-12-05 16:11:00,1.8067856177346862,ABOVE_DR,True
2024-12-04,RDR,LONG,21404.532,21336.398,68.1339999999982,2024-12-04 10:30:00,21424.553,21515.789,2024-12-05 12:52:00,1.6329145507383154,ABOVE_DR,True,21398.865,2024-12-05 16:11:00,0.0,INSIDE_DR,True
2024-12-05,ADR,LONG,21459.853,21445.053,14.799999999999272,2024-12-04 20:30:00,21461.642,21624.41,2024-12-06 13:24:00,11.11871621621681,ABOVE_DR,True,21377.132,2024-12-05 18:09:00,4.589256756756878,BELOW_DR,True
2024-12-05,ODR,LONG,21454.719,21441.643,13.076000000000931,2024-12-05 05:00:00,21458.086,21624.41,2024-12-06 13:24:00,12.977286631996543,ABOVE_DR,True,21377.132,2024-12-05 18:09:00,4.933542367696085,BELOW_DR,True
2024-12-05,RDR,LONG,21489.432,21455.064,34.36800000000221,2024-12-05 12:10:00,21507.92,21624.41,2024-12-06 13:24:00,3.9274324953442292,ABOVE_DR,True,21377.132,2024-12-05 18:09:00,2.2675744878954855,BELOW_DR,True
2024-12-09,ADR,LONG,21608.965,21585.91,23.05500000000029,2024-12-09 01:40:00,21610.686,21569.487,2024-12-10 10:16:00,0.7123400563868426,BELOW_DR,True,21312.397,2024-12-10 15:32:00,11.86350032530885,BELOW_DR,True
2024-12-09,ODR,SHORT,21660.319,21640.21,20.10900000000038,2024-12-09 04:05:00,21624.031,21569.487,2024-12-10 10:16:00,3.5169824456709335,BELOW_DR,True,21312.397,2024-12-10 15:32:00,16.301805161867428,BELOW_DR,True
2024-12-09,RDR,SHORT,21601.942,21514.621,87.32099999999991,2024-12-09 10:35:00,21488.986,21569.487,2024-12-10 10:16:00,0.0,INSIDE_DR,True,21312.397,2024-12-10 15:32:00,2.315869034940032,BELOW_DR,True
2024-12-10,ADR,SHORT,21445.343,21427.31,18.032999999999447,2024-12-09 20:35:00,21425.689,21779.419,2024-12-11 15:17:00,18.525813785837695,ABOVE_DR,True,21364.864,2024-12-11 02:37:00,3.462873620584585,BELOW_DR,True
2024-12-10,ODR,LONG,21425.008,21413.386,11.622000000003029,2024-12-10 05:00:00,21430.531,21779.419,2024-12-11 15:17:00,30.49483737737977,ABOVE_DR,True,21364.864,2024-12-11 02:37:00,4.175012906555202,BELOW_DR,True
2024-12-10,RDR,SHORT,21563.065,21486.898,76.16699999999764,2024-12-10 11:05:00,21438.021,21779.419,2024-12-11 15:17:00,2.840521485682903,ABOVE_DR,True,21364.864,2024-12-11 02:37:00,1.6021899247706148,BELOW_DR,True
2024-12-11,ADR,LONG,21390.52,21369.531,20.9890000000014,2024-12-10 22:15:00,21395.054,21737.099,2024-12-12 01:02:00,16.512411263041344,ABOVE_DR,True,21583.043,2024-12-12 16:12:00,9.172566582495032,ABOVE_DR,True
2024-12-11,ODR,LONG,21402.109,21378.908,23.20100000000093,2024-12-11 04:05:00,21407.832,21737.099,2024-12-12 01:02:00,14.438601784405177,ABOVE_DR,True,21583.043,2024-12-12 16:12:00,7.798543166242569,ABOVE_DR,True
2024-12-11,RDR,LONG,21696.664,21548.575,148.08899999999994,2024-12-11 11:10:00,21702.254,21737.099,2024-12-12 01:02:00,0.2730452633213655,ABOVE_DR,True,21583.043,2024-12-12 16:12:00,0.0,INSIDE_DR,True
2024-12-12,ADR,LONG,21722.554,21709.721,12.83299999999872,2024-12-11 22:25:00,21726.221,21883.743,2024-12-13 09:49:00,12.560508065145685,ABOVE_DR,True,21643.398,2024-12-13 11:08:00,5.168160211954098,BELOW_DR,True
2024-12-12,ODR,SHORT,21733.909,21712.887,21.022000000000844,2024-12-12 04:30:00,21704.31,21883.743,2024-12-13 09:49:00,7.127485491389635,ABOVE_DR,True,21643.398,2024-12-13 11:08:00,3.3055370564168474,BELOW_DR,True
2024-12-12,RDR,LONG,21673.397,21615.143,58.254000000000815,2024-12-12 10:55:00,21687.243,21883.743,2024-12-13 09:49:00,3.6108421739278813,ABOVE_DR,True,21643.398,2024-12-13 11:08:00,0.0,INSIDE_DR,True
2024-12-16,ADR,LONG,21788.398,21770.454,17.943999999999505,2024-12-15 20:55:00,21793.399,22105.499,2024-12-16 23:22:00,17.67170084708022,ABOVE_DR,True,21921.999,2024-12-17 10:23:00,7.4454413731610805,ABOVE_DR,True
2024-12-16,ODR,LONG,21796.865,21780.331,16.53400000000329,2024-12-16 04:05:00,21799.81,22105.499,2024-12-16 23:22:00,18.666626345708046,ABOVE_DR,True,21921.999,2024-12-17 10:23:00,7.56828353695254,ABOVE_DR,True
2024-12-16,RDR,LONG,21975.042,21879.197,95.84500000000116,2024-12-16 10:30:00,21996.354,22105.499,2024-12-16 23:22:00,1.3611247326412117,ABOVE_DR,True,21921.999,2024-12-17 10:23:00,0.0,INSIDE_DR,True
2024-12-17,ADR,LONG,22087.787,22068.131,19.65599999999904,2024-12-16 20:30:00,22092.597,22064.764,2024-12-18 07:24:00,0.17129629629640683,BELOW_DR,True,21011.62,2024-12-18 16:04:00,53.75005087505362,BELOW_DR,True
2024-12-17,ODR,LONG,22044.732,22021.632,23.099999999998545,2024-12-17 04:30:00,22054.321,22064.764,2024-12-18 07:24:00,0.867186147186169,ABOVE_DR,True,21011.62,2024-12-18 16:04:00,43.72346320346606,BELOW_DR,True
2024-12-17,RDR,LONG,22038.754,21925.51,113.24400000000242,2024-12-17 11:35:00,22055.286,22064.764,2024-12-18 07:24:00,0.2296810427042302,ABOVE_DR,True,21011.62,2024-12-18 16:04:00,8.0700964289497,BELOW_DR,True
2024-12-18,ADR,LONG,21982.389,21960.319,22.06999999999971,2024-12-17 20:35:00,21991.076,21400.409,2024-12-19 09:32:00,25.369732668781477,BELOW_DR,True,21072.521,2024-12-19 16:14:00,40.226461259628934,BELOW_DR,True
2024-12-18,ODR,SHORT,22033.999,22006.62,27.37900000000081,2024-12-18 04:00:00,22002.319,21400.409,2024-12-19 09:32:00,22.14145878227771,BELOW_DR,True,21072.521,2024-12-19 16:14:00,34.11735271558386,BELOW_DR,True
2024-12-18,RDR,LONG,21998.053,21909.343,88.70999999999913,2024-12-18 10:35:00,22001.575,21400.409,2024-12-19 09:32:00,5.737053319806178,BELOW_DR,True,21072.521,2024-12-19 16:14:00,9.433231879156898,BELOW_DR,True
2024-12-19,ADR,SHORT,21249.219,21185.72,63.4989999999998,2024-12-18 20:30:00,21182.564,21553.032,2024-12-20 12:28:00,4.784532039874631,ABOVE_DR,True,20733.82,2024-12-20 07:24:00,7.116647506259986,BELOW_DR,True
2024-12-19,ODR,LONG,21289.021,21241.676,47.34500000000117,2024-12-19 04:00:00,21294.209,21553.032,2024-12-20 12:28:00,5.576322737353302,ABOVE_DR,True,20733.82,2024-12-20 07:24:00,10.726708205723671,BELOW_DR,True
2024-12-19,RDR,SHORT,21376.698,21215.142,161.5560000000005,2024-12-19 10:30:00,21201.598,21553.032,2024-12-20 12:28:00,1.0914729257966178,ABOVE_DR,True,20733.82,2024-12-20 07:24:00,2.9792889152987114,BELOW_DR,True
2024-12-23,ADR,LONG,21390.953,21333.586,57.36700000000201,2024-12-22 20:30:00,21393.92,21802.665,2024-12-24 13:13:00,7.176808966827359,ABOVE_DR,True,21449.043,2024-12-23 19:14:00,1.0126030644795458,ABOVE_DR,True
2024-12-23,ODR,SHORT,21441.553,21400.153,41.400000000001455,2024-12-23 04:15:00,21392.097,21802.665,2024-12-24 13:13:00,8.722512077294404,ABOVE_DR,True,21449.043,2024-12-23 19:14:00,0.18091787439616758,ABOVE_DR,True
2024-12-23,RDR,LONG,21391.773,21254.132,137.64099999999962,2024-12-23 11:40:00,21416.776,21802.665,2024-12-24 13:13:00,2.985244222288424,ABOVE_DR,True,21449.043,2024-12-23 19:14:00,0.4160824173029882,ABOVE_DR,True
2024-12-26,ADR,LONG,21816.221,21802.797,13.424000000002708,2024-12-25 21:40:00,21824.399,21777.676,2024-12-26 19:03:00,1.8713498212152948,BELOW_DR,True,21278.419,2024-12-27 10:33:00,39.06272348032562,BELOW_DR,True
2024-12-26,ODR,SHORT,21833.108,21738.175,94.9330000000009,2024-12-26 04:10:00,21709.986,21777.676,2024-12-26 19:03:00,0.0,INSIDE_DR,True,21278.419,2024-12-27 10:33:00,4.842952398006944,BELOW_DR,True
2024-12-26,RDR,LONG,21755.576,21644.632,110.9439999999995,2024-12-26 10:35:00,21766.232,21777.676,2024-12-26 19:03:00,0.19919959619266156,ABOVE_DR,True,21278.419,2024-12-27 10:33:00,3.300881525814838,BELOW_DR,True
2024-12-30,ADR,SHORT,21500.308,21460.465,39.84300000000076,2024-12-29 22:10:00,21459.889,21309.675,2024-12-31 07:09:00,3.784604572948774,BELOW_DR,True,20974.42,2024-12-31 14:43:00,12.199006098938149,BELOW_DR,True
2024-12-30,ODR,SHORT,21446.789,21412.762,34.02700000000186,2024-12-30 07:20:00,21394.531,21309.675,2024-12-31 07:09:00,3.029564757398357,BELOW_DR,True,20974.42,2024-12-31 14:43:00,12.882181796807728,BELOW_DR,True
2024-12-30,RDR,LONG,21188.186,21049.92,138.26600000000326,2024-12-30 11:15:00,21195.765,21309.675,2024-12-31 07:09:00,0.8786614207396967,ABOVE_DR,True,20974.42,2024-12-31 14:43:00,0.546048920197288,BELOW_DR,True
